timestamp,HMI_Timestamp,PV_Voltage_V,PV_Current_A,PV_Power_W,Battery_Voltage_V,Battery_Current_A,Battery_Power_W,Avg_Power_to_Battery_W,Daily_Energy_kWh,Daily_Charge_Ah,History_Max_Input_Voltage_V,Lifetime_Energy_Gen_kWh,Lifetime_Charge_Ah,Battery_Temp_C,Air_Temp_C,Humidity_pct,Air_Pressure_inHg,Wind_Speed_ms,Wind_Direction_deg,Solar_Irradiance_Wm2,UV_Index,Est_Efficiency
2026-04-19T00:00:00,04/19/202600:00,20.5,0.0,0.0,51.71,0.0,0.0,0.0,0.7,13.0,198.7,23775.0,44978.0,20.9,8.8,72.0,30.24,1.8,173.0,0.0,0.0,
2026-04-19T00:01:18,04/19/202600:01,20.5,0.0,0.0,51.7,0.0,0.0,0.0,0.0,0.0,198.7,23782.0,44991.0,21.0,8.790000000000001,72.0,30.24,1.844,173.7,0.0,0.0,
2026-04-19T00:02:01,04/19/202600:02,20.5,0.0,0.0,51.7,0.0,0.0,0.0,0.0,0.0,198.7,23782.0,44991.0,21.0,8.780000000000001,72.0,30.24,1.8880000000000003,174.4,0.0,0.0,
2026-04-19T00:03:00,04/19/202600:03,20.5,0.0,0.0,51.7,0.0,0.0,0.0,0.0,0.0,198.7,23782.0,44991.0,20.9,8.77,72.0,30.24,1.932,175.1,0.0,0.0,
2026-04-19T00:04:00,04/19/202600:04,20.5,0.0,0.0,51.69,0.0,0.0,0.0,0.0,0.0,198.7,23782.0,44991.0,21.0,8.76,72.0,30.24,1.9760000000000002,175.8,0.0,0.0,
2026-04-19T00:05:01,04/19/202600:05,20.5,0.0,0.0,51.69,0.0,0.0,0.0,0.0,0.0,198.7,23782.0,44991.0,20.9,8.75,72.0,30.24,2.0200000000000005,176.5,0.0,0.0,
2026-04-19T00:06:00,04/19/202600:06,20.5,0.0,0.0,51.69,0.0,0.0,0.0,0.0,0.0,198.7,23782.0,44991.0,21.0,8.74,72.0,30.24,2.064,177.2,0.0,0.0,
2026-04-19T00:07:01,04/19/202600:07,20.5,0.0,0.0,51.69,0.0,0.0,0.0,0.0,0.0,198.7,23782.0,44991.0,20.9,8.73,72.0,30.24,2.108,177.9,0.0,0.0,
2026-04-19T00:08:00,04/19/202600:08,20.5,0.0,0.0,51.69,0.0,0.0,0.0,0.0,0.0,198.7,23782.0,44991.0,20.9,8.719999999999999,72.0,30.24,2.152,178.6,0.0,0.0,
2026-04-19T00:10:02,04/19/202600:10,20.5,0.0,0.0,51.69,0.0,0.0,0.0,0.0,0.0,198.7,23782.0,44991.0,20.9,8.709999999999999,72.0,30.24,2.196,179.3,0.0,0.0,
2026-04-19T00:11:00,04/19/202600:11,20.5,0.0,0.0,51.69,0.0,0.0,0.0,0.0,0.0,198.7,23782.0,44991.0,20.9,8.7,72.0,30.24,2.24,180.0,0.0,0.0,
2026-04-19T00:12:01,04/19/202600:12,20.5,0.0,0.0,51.69,0.0,0.0,0.0,0.0,0.0,198.7,23782.0,44991.0,20.9,8.7,72.0,30.24,2.24,180.0,0.0,0.0,
2026-04-19T00:13:01,04/19/202600:13,20.5,0.0,0.0,51.69,0.0,0.0,0.0,0.0,0.0,198.7,23782.0,44991.0,21.0,8.7,72.0,30.24,2.24,180.0,0.0,0.0,
2026-04-19T00:14:00,04/19/202600:14,20.5,0.0,0.0,51.69,0.0,0.0,0.0,0.0,0.0,198.7,23782.0,44991.0,21.0,8.7,72.0,30.24,2.24,180.0,0.0,0.0,
2026-04-19T00:15:01,04/19/202600:15,20.5,0.0,0.0,51.69,0.0,0.0,0.0,0.0,0.0,198.7,23782.0,44991.0,20.9,8.7,72.0,30.24,2.24,180.0,0.0,0.0,
2026-04-19T00:16:00,04/19/202600:16,20.5,0.0,0.0,51.69,0.0,0.0,0.0,0.0,0.0,198.7,23782.0,44991.0,20.9,8.7,72.0,30.24,2.24,180.0,0.0,0.0,
2026-04-19T00:17:01,04/19/202600:17,20.5,0.0,0.0,51.7,0.0,0.0,0.0,0.0,0.0,198.7,23782.0,44991.0,20.9,8.69,72.0,30.24,2.2150000000000003,180.0,0.0,0.0,
2026-04-19T00:17:42,04/19/202600:17,20.490000000000002,0.0,0.0,51.69,0.0,0.0,0.0,0.0,0.0,198.7,23782.0,44991.0,20.9,8.68,72.0,30.24,2.1900000000000004,180.0,0.0,0.0,
2026-04-19T00:18:00,04/19/202600:18,20.48,0.0,0.0,51.68000000000001,0.0,0.0,0.0,0.0,0.0,198.7,23782.0,44991.0,20.9,8.669999999999998,72.0,30.24,2.165,180.0,0.0,0.0,
2026-04-19T00:18:42,04/19/202600:18,20.48,0.0,0.0,51.68000000000001,0.0,0.0,0.0,0.0,0.0,198.7,23782.0,44991.0,20.9,8.66,72.0,30.24,2.14,180.0,0.0,0.0,
2026-04-19T00:19:00,04/19/202600:19,20.48,0.0,0.0,51.68000000000001,0.0,0.0,0.0,0.0,0.0,198.7,23782.0,44991.0,20.9,8.65,72.0,30.24,2.115,180.0,0.0,0.0,
2026-04-19T00:21:13,04/19/202600:21,20.48,0.0,0.0,51.68000000000001,0.0,0.0,0.0,0.0,0.0,198.7,23782.0,44991.0,20.9,8.639999999999999,72.0,30.24,2.0900000000000003,180.0,0.0,0.0,
2026-04-19T00:22:00,04/19/202600:22,20.48,0.0,0.0,51.67,0.0,0.0,0.0,0.0,0.0,198.7,23782.0,44991.0,20.9,8.629999999999999,72.0,30.24,2.0650000000000004,180.0,0.0,0.0,
2026-04-19T00:23:01,04/19/202600:23,20.48,0.0,0.0,51.660000000000004,0.0,0.0,0.0,0.0,0.0,198.7,23782.0,44991.0,20.9,8.62,72.0,30.24,2.04,180.0,0.0,0.0,
2026-04-19T00:23:42,04/19/202600:23,20.47,0.0,0.0,51.660000000000004,0.0,0.0,0.0,0.0,0.0,198.7,23782.0,44991.0,20.9,8.61,72.0,30.24,2.0149999999999997,180.0,0.0,0.0,
2026-04-19T00:24:01,04/19/202600:24,20.46,0.0,0.0,51.660000000000004,0.0,0.0,0.0,0.0,0.0,198.7,23782.0,44991.0,20.9,8.6,72.0,30.24,1.9899999999999998,180.0,0.0,0.0,
2026-04-19T00:24:43,04/19/202600:24,20.46,0.0,0.0,51.660000000000004,0.0,0.0,0.0,0.0,0.0,198.7,23782.0,44991.0,20.9,8.6,72.0,30.24,1.9899999999999998,180.0,0.0,0.0,
2026-04-19T00:25:00,04/19/202600:25,20.47,0.0,0.0,51.67,0.0,0.0,0.0,0.0,0.0,198.7,23782.0,44991.0,20.9,8.6,72.0,30.24,1.9899999999999998,180.0,0.0,0.0,
2026-04-19T00:26:01,04/19/202600:26,20.48,0.0,0.0,51.68000000000001,0.0,0.0,0.0,0.0,0.0,198.7,23782.0,44991.0,20.9,8.6,72.0,30.24,1.9899999999999998,180.0,0.0,0.0,
2026-04-19T00:27:00,04/19/202600:27,20.48,0.0,0.0,51.68000000000001,0.0,0.0,0.0,0.0,0.0,198.7,23782.0,44991.0,20.9,8.6,72.0,30.24,1.9899999999999998,180.0,0.0,0.0,
2026-04-19T00:28:01,04/19/202600:28,20.48,0.0,0.0,51.68000000000001,0.0,0.0,0.0,0.0,0.0,198.7,23782.0,44991.0,20.9,8.6,72.0,30.24,1.9899999999999998,180.0,0.0,0.0,
2026-04-19T00:29:00,04/19/202600:29,20.48,0.0,0.0,51.68000000000001,0.0,0.0,0.0,0.0,0.0,198.7,23782.0,44991.0,20.9,8.6,72.0,30.24,1.9899999999999998,180.0,0.0,0.0,
2026-04-19T00:30:00,04/19/202600:30,20.48,0.0,0.0,51.69,0.0,0.0,0.0,0.0,0.0,198.7,23782.0,44991.0,20.9,8.559999999999999,72.0,30.24,1.9899999999999998,180.0,0.0,0.0,
2026-04-19T00:31:01,04/19/202600:31,20.48,0.0,0.0,51.7,0.0,0.0,0.0,0.0,0.0,198.7,23782.0,44991.0,20.9,8.52,72.0,30.24,2.033,176.6,0.0,0.0,
2026-04-19T00:32:26,04/19/202600:32,20.490000000000002,0.0,0.0,51.69,0.0,0.0,0.0,0.0,0.0,198.7,23782.0,44991.0,20.9,8.459999999999999,72.0,30.243000000000002,2.207,174.9,0.0,0.0,
2026-04-19T00:33:00,04/19/202600:33,20.5,0.0,0.0,51.69,0.0,0.0,0.0,0.0,0.0,198.7,23782.0,44991.0,20.9,8.4,72.0,30.246,2.381,173.2,0.0,0.0,
2026-04-19T00:34:01,04/19/202600:34,20.5,0.0,0.0,51.68000000000001,0.0,0.0,0.0,0.0,0.0,198.7,23782.0,44991.0,20.9,8.34,72.0,30.249000000000002,2.555,171.5,0.0,0.0,
2026-04-19T00:35:00,04/19/202600:35,20.5,0.0,0.0,51.68000000000001,0.0,0.0,0.0,0.0,0.0,198.7,23782.0,44991.0,20.9,8.28,72.0,30.249000000000002,2.729,169.8,0.0,0.0,
2026-04-19T00:36:00,04/19/202600:36,20.5,0.0,0.0,51.67,0.0,0.0,0.0,0.0,0.0,198.7,23782.0,44991.0,20.9,8.22,72.2,30.249000000000002,2.903,168.1,0.0,0.0,
2026-04-19T00:37:01,04/19/202600:37,20.5,0.0,0.0,51.660000000000004,0.0,0.0,0.0,0.0,0.0,198.7,23782.0,44991.0,20.9,8.16,72.4,30.249000000000002,3.077,166.4,0.0,0.0,
2026-04-19T00:38:00,04/19/202600:38,20.5,0.0,0.0,51.660000000000004,0.0,0.0,0.0,0.0,0.0,198.7,23782.0,44991.0,20.9,8.1,72.6,30.249000000000002,3.251,164.7,0.0,0.0,
2026-04-19T00:38:46,04/19/202600:38,20.490000000000002,0.0,0.0,51.65,0.0,0.0,0.0,0.0,0.0,198.7,23782.0,44991.0,20.9,8.040000000000001,72.8,30.249000000000002,3.425,163.0,0.0,0.0,
2026-04-19T00:39:01,04/19/202600:39,20.48,0.0,0.0,51.64,0.0,0.0,0.0,0.0,0.0,198.7,23782.0,44991.0,20.9,8.02,73.0,30.249000000000002,3.599,161.3,0.0,0.0,
2026-04-19T00:39:45,04/19/202600:39,20.48,0.0,0.0,51.64,0.0,0.0,0.0,0.0,0.0,198.7,23782.0,44991.0,20.9,8.0,73.2,30.249000000000002,3.7299999999999995,163.0,0.0,0.0,
2026-04-19T00:40:00,04/19/202600:40,20.48,0.0,0.0,51.65,0.0,0.0,0.0,0.0,0.0,198.7,23782.0,44991.0,20.9,8.0,73.4,30.246,3.7299999999999995,163.0,0.0,0.0,
2026-04-19T00:41:00,04/19/202600:41,20.48,0.0,0.0,51.64,0.0,0.0,0.0,0.0,0.0,198.7,23782.0,44991.0,20.9,8.0,73.6,30.243000000000002,3.7299999999999995,163.0,0.0,0.0,
2026-04-19T00:42:01,04/19/202600:42,20.48,0.0,0.0,51.64,0.0,0.0,0.0,0.0,0.0,198.7,23782.0,44991.0,21.0,8.0,73.8,30.24,3.7299999999999995,163.0,0.0,0.0,
2026-04-19T00:43:36,04/19/202600:43,20.48,0.0,0.0,51.64,0.0,0.0,0.0,0.0,0.0,198.7,23782.0,44991.0,20.9,8.0,74.0,30.24,3.7299999999999995,163.0,0.0,0.0,
2026-04-19T00:44:00,04/19/202600:44,20.48,0.0,0.0,51.65,0.0,0.0,0.0,0.0,0.0,198.7,23782.0,44991.0,20.9,8.0,74.0,30.24,3.7299999999999995,163.0,0.0,0.0,
2026-04-19T00:45:01,04/19/202600:45,20.48,0.0,0.0,51.65,0.0,0.0,0.0,0.0,0.0,198.7,23782.0,44991.0,20.9,8.0,74.0,30.24,3.7299999999999995,163.0,0.0,0.0,
2026-04-19T00:46:00,04/19/202600:46,20.48,0.0,0.0,51.64,0.0,0.0,0.0,0.0,0.0,198.7,23782.0,44991.0,20.9,7.9799999999999995,74.1,30.24,3.6060000000000003,164.2,0.0,0.0,
2026-04-19T00:47:01,04/19/202600:47,20.490000000000002,0.0,0.0,51.64,0.0,0.0,0.0,0.0,0.0,198.7,23782.0,44991.0,20.9,7.959999999999999,74.2,30.24,3.482,165.4,0.0,0.0,
2026-04-19T00:48:01,04/19/202600:48,20.5,0.0,0.0,51.64,0.0,0.0,0.0,0.0,0.0,198.7,23782.0,44991.0,20.9,7.94,74.3,30.24,3.3579999999999997,166.6,0.0,0.0,
2026-04-19T00:49:00,04/19/202600:49,20.5,0.0,0.0,51.64,0.0,0.0,0.0,0.0,0.0,198.7,23782.0,44991.0,20.9,7.92,74.4,30.24,3.2340000000000004,167.8,0.0,0.0,
2026-04-19T00:50:01,04/19/202600:50,20.5,0.0,0.0,51.63000000000001,0.0,0.0,0.0,0.0,0.0,198.7,23782.0,44991.0,20.9,7.9,74.5,30.24,3.1100000000000003,169.0,0.0,0.0,
2026-04-19T00:51:00,04/19/202600:51,20.5,0.0,0.0,51.63000000000001,0.0,0.0,0.0,0.0,0.0,198.7,23782.0,44991.0,20.9,7.88,74.6,30.24,2.9859999999999998,170.2,0.0,0.0,
2026-04-19T00:52:01,04/19/202600:52,20.5,0.0,0.0,51.64,0.0,0.0,0.0,0.0,0.0,198.7,23782.0,44991.0,20.9,7.859999999999999,74.7,30.24,2.862,171.4,0.0,0.0,
2026-04-19T00:53:01,04/19/202600:53,20.5,0.0,0.0,51.64,0.0,0.0,0.0,0.0,0.0,198.7,23782.0,44991.0,20.9,7.840000000000001,74.8,30.24,2.7380000000000004,172.6,0.0,0.0,
2026-04-19T00:54:47,04/19/202600:54,20.5,0.0,0.0,51.64,0.0,0.0,0.0,0.0,0.0,198.7,23782.0,44991.0,20.9,7.82,74.9,30.24,2.614,173.8,0.0,0.0,
2026-04-19T00:55:01,04/19/202600:55,20.5,0.0,0.0,51.65,0.0,0.0,0.0,0.0,0.0,198.7,23782.0,44991.0,20.9,7.8,75.0,30.24,2.49,175.0,0.0,0.0,
2026-04-19T00:56:00,04/19/202600:56,20.5,0.0,0.0,51.660000000000004,0.0,0.0,0.0,0.0,0.0,198.7,23782.0,44991.0,20.9,7.8,75.0,30.24,2.49,175.0,0.0,0.0,
2026-04-19T00:57:00,04/19/202600:57,20.5,0.0,0.0,51.660000000000004,0.0,0.0,0.0,0.0,0.0,198.7,23782.0,44991.0,20.9,7.8,75.0,30.24,2.49,175.0,0.0,0.0,
2026-04-19T00:58:00,04/19/202600:58,20.5,0.0,0.0,51.660000000000004,0.0,0.0,0.0,0.0,0.0,198.7,23782.0,44991.0,20.9,7.8,75.0,30.24,2.49,175.0,0.0,0.0,
2026-04-19T00:59:00,04/19/202600:59,20.5,0.0,0.0,51.660000000000004,0.0,0.0,0.0,0.0,0.0,198.7,23782.0,44991.0,20.9,7.8,75.0,30.24,2.49,175.0,0.0,0.0,
2026-04-19T01:00:01,04/19/202601:00,20.5,0.0,0.0,51.660000000000004,0.0,0.0,0.0,0.0,0.0,198.7,23782.0,44991.0,20.9,7.8,75.0,30.24,2.49,175.0,0.0,0.0,
2026-04-19T01:01:00,04/19/202601:01,20.5,0.0,0.0,51.660000000000004,0.0,0.0,0.0,0.0,0.0,198.7,23782.0,44991.0,20.9,7.8,75.0,30.24,2.49,175.0,0.0,0.0,
2026-04-19T01:02:00,04/19/202601:02,20.5,0.0,0.0,51.65,0.0,0.0,0.0,0.0,0.0,198.7,23782.0,44991.0,20.9,7.790000000000001,75.0,30.24,2.508,173.1,0.0,0.0,
2026-04-19T01:03:00,04/19/202601:03,20.5,0.0,0.0,51.64,0.0,0.0,0.0,0.0,0.0,198.7,23782.0,44991.0,20.9,7.779999999999999,75.0,30.24,2.5260000000000002,171.2,0.0,0.0,
2026-04-19T01:04:00,04/19/202601:04,20.5,0.0,0.0,51.63000000000001,0.0,0.0,0.0,0.0,0.0,198.7,23782.0,44991.0,20.9,7.7700000000000005,75.0,30.24,2.544,169.3,0.0,0.0,
2026-04-19T01:08:57,04/19/202601:08,20.5,0.0,0.0,51.620000000000005,0.0,0.0,0.0,0.0,0.0,198.7,23782.0,44991.0,20.9,7.76,75.0,30.24,2.5620000000000003,167.4,0.0,0.0,
2026-04-19T01:09:01,04/19/202601:09,20.5,0.0,0.0,51.61,0.0,0.0,0.0,0.0,0.0,198.7,23782.0,44991.0,20.9,7.75,75.0,30.24,2.58,165.5,0.0,0.0,
2026-04-19T01:10:01,04/19/202601:10,20.5,0.0,0.0,51.61,0.0,0.0,0.0,0.0,0.0,198.7,23782.0,44991.0,20.9,7.74,75.0,30.24,2.598,163.6,0.0,0.0,
2026-04-19T01:11:01,04/19/202601:11,20.5,0.0,0.0,51.61,0.0,0.0,0.0,0.0,0.0,198.7,23782.0,44991.0,20.9,7.7299999999999995,75.0,30.24,2.616,161.7,0.0,0.0,
2026-04-19T01:12:01,04/19/202601:12,20.5,0.0,0.0,51.61,0.0,0.0,0.0,0.0,0.0,198.7,23782.0,44991.0,20.9,7.720000000000001,75.0,30.24,2.634,159.8,0.0,0.0,
2026-04-19T01:13:00,04/19/202601:13,20.5,0.0,0.0,51.61,0.0,0.0,0.0,0.0,0.0,198.7,23782.0,44991.0,20.9,7.709999999999999,75.0,30.24,2.652,157.9,0.0,0.0,
2026-04-19T01:14:01,04/19/202601:14,20.5,0.0,0.0,51.61,0.0,0.0,0.0,0.0,0.0,198.7,23782.0,44991.0,20.9,7.7,75.0,30.24,2.67,156.0,0.0,0.0,
2026-04-19T01:15:01,04/19/202601:15,20.5,0.0,0.0,51.61,0.0,0.0,0.0,0.0,0.0,198.7,23782.0,44991.0,20.9,7.7,75.0,30.24,2.67,156.0,0.0,0.0,
2026-04-19T01:16:01,04/19/202601:16,20.5,0.0,0.0,51.61,0.0,0.0,0.0,0.0,0.0,198.7,23782.0,44991.0,20.8,7.7,75.0,30.24,2.67,156.0,0.0,0.0,
2026-04-19T01:17:01,04/19/202601:17,20.5,0.0,0.0,51.61,0.0,0.0,0.0,0.0,0.0,198.7,23782.0,44991.0,20.9,7.69,75.0,30.24,2.726,155.9,0.0,0.0,
2026-04-19T01:18:00,04/19/202601:18,20.5,0.0,0.0,51.620000000000005,0.0,0.0,0.0,0.0,0.0,198.7,23782.0,44991.0,20.9,7.68,75.0,30.24,2.782,155.8,0.0,0.0,
2026-04-19T01:20:09,04/19/202601:20,20.5,0.0,0.0,51.620000000000005,0.0,0.0,0.0,0.0,0.0,198.7,23782.0,44991.0,20.9,7.67,75.0,30.24,2.838,155.7,0.0,0.0,
2026-04-19T01:21:00,04/19/202601:21,20.5,0.0,0.0,51.620000000000005,0.0,0.0,0.0,0.0,0.0,198.7,23782.0,44991.0,20.9,7.659999999999999,75.0,30.24,2.8939999999999997,155.6,0.0,0.0,
2026-04-19T01:22:01,04/19/202601:22,20.5,0.0,0.0,51.620000000000005,0.0,0.0,0.0,0.0,0.0,198.7,23782.0,44991.0,20.9,7.65,75.0,30.24,2.95,155.5,0.0,0.0,
2026-04-19T01:23:00,04/19/202601:23,20.5,0.0,0.0,51.620000000000005,0.0,0.0,0.0,0.0,0.0,198.7,23782.0,44991.0,20.9,7.640000000000001,75.0,30.24,3.006,155.4,0.0,0.0,
2026-04-19T01:23:03,04/19/202601:23,20.490000000000002,0.0,0.0,51.620000000000005,0.0,0.0,0.0,0.0,0.0,198.7,23782.0,44991.0,20.9,7.63,75.0,30.24,3.0620000000000003,155.3,0.0,0.0,
2026-04-19T01:23:18,04/19/202601:23,20.490000000000002,0.0,0.0,51.620000000000005,0.0,0.0,0.0,0.0,0.0,198.7,23782.0,44991.0,20.8,7.62,75.0,30.24,3.118,155.2,0.0,0.0,
2026-04-19T01:24:00,04/19/202601:24,20.490000000000002,0.0,0.0,51.620000000000005,0.0,0.0,0.0,0.0,0.0,198.7,23782.0,44991.0,20.8,7.609999999999999,75.0,30.24,3.174,155.1,0.0,0.0,
2026-04-19T01:25:01,04/19/202601:25,20.490000000000002,0.0,0.0,51.620000000000005,0.0,0.0,0.0,0.0,0.0,198.7,23782.0,44991.0,20.8,7.6,75.0,30.24,3.2299999999999995,155.0,0.0,0.0,
2026-04-19T01:25:04,04/19/202601:25,20.48,0.0,0.0,51.63000000000001,0.0,0.0,0.0,0.0,0.0,198.7,23782.0,44991.0,20.8,7.6,75.0,30.24,3.2299999999999995,155.0,0.0,0.0,
2026-04-19T01:26:00,04/19/202601:26,20.47,0.0,0.0,51.63000000000001,0.0,0.0,0.0,0.0,0.0,198.7,23782.0,44991.0,20.8,7.6,75.0,30.24,3.2299999999999995,155.0,0.0,0.0,
2026-04-19T01:26:03,04/19/202601:26,20.47,0.0,0.0,51.63000000000001,0.0,0.0,0.0,0.0,0.0,198.7,23782.0,44991.0,20.8,7.6,75.0,30.24,3.2299999999999995,155.0,0.0,0.0,
2026-04-19T01:27:01,04/19/202601:27,20.47,0.0,0.0,51.63000000000001,0.0,0.0,0.0,0.0,0.0,198.7,23782.0,44991.0,20.8,7.6,75.0,30.24,3.2299999999999995,155.0,0.0,0.0,
2026-04-19T01:28:16,04/19/202601:28,20.47,0.0,0.0,51.63000000000001,0.0,0.0,0.0,0.0,0.0,198.7,23782.0,44991.0,20.8,7.6,75.0,30.24,3.2299999999999995,155.0,0.0,0.0,
2026-04-19T01:29:00,04/19/202601:29,20.47,0.0,0.0,51.620000000000005,0.0,0.0,0.0,0.0,0.0,198.7,23782.0,44991.0,20.8,7.6,75.0,30.24,3.2299999999999995,155.0,0.0,0.0,
2026-04-19T01:30:01,04/19/202601:30,20.48,0.0,0.0,51.620000000000005,0.0,0.0,0.0,0.0,0.0,198.7,23782.0,44991.0,20.8,7.6,75.0,30.24,3.2299999999999995,155.0,0.0,0.0,
2026-04-19T01:31:21,04/19/202601:31,20.48,0.0,0.0,51.620000000000005,0.0,0.0,0.0,0.0,0.0,198.7,23782.0,44991.0,20.8,7.539999999999999,74.9,30.24,3.243,157.9,0.0,0.0,
2026-04-19T01:32:00,04/19/202601:32,20.48,0.0,0.0,51.620000000000005,0.0,0.0,0.0,0.0,0.0,198.7,23782.0,44991.0,20.8,7.4799999999999995,74.8,30.24,3.2560000000000002,160.8,0.0,0.0,
2026-04-19T01:33:01,04/19/202601:33,20.48,0.0,0.0,51.620000000000005,0.0,0.0,0.0,0.0,0.0,198.7,23782.0,44991.0,20.8,7.42,74.7,30.24,3.2689999999999997,163.7,0.0,0.0,
2026-04-19T01:34:00,04/19/202601:34,20.490000000000002,0.0,0.0,51.61,0.0,0.0,0.0,0.0,0.0,198.7,23782.0,44991.0,20.8,7.359999999999999,74.6,30.24,3.325,166.5,0.0,0.0,
2026-04-19T01:35:00,04/19/202601:35,20.5,0.0,0.0,51.6,0.0,0.0,0.0,0.0,0.0,198.7,23782.0,44991.0,20.8,7.3,74.5,30.24,3.3810000000000002,169.3,0.0,0.0,
2026-04-19T01:36:01,04/19/202601:36,20.5,0.0,0.0,51.6,0.0,0.0,0.0,0.0,0.0,198.7,23782.0,44991.0,20.8,7.24,74.3,30.24,3.437,172.1,0.0,0.0,
2026-04-19T01:37:00,04/19/202601:37,20.5,0.0,0.0,51.6,0.0,0.0,0.0,0.0,0.0,198.7,23782.0,44991.0,20.8,7.18,74.1,30.24,3.493,174.9,0.0,0.0,
2026-04-19T01:38:01,04/19/202601:38,20.5,0.0,0.0,51.6,0.0,0.0,0.0,0.0,0.0,198.7,23782.0,44991.0,20.8,7.12,73.9,30.24,3.5490000000000004,177.7,0.0,0.0,
2026-04-19T01:39:00,04/19/202601:39,20.5,0.0,0.0,51.6,0.0,0.0,0.0,0.0,0.0,198.7,23782.0,44991.0,20.8,7.06,73.7,30.24,3.6049999999999995,180.5,0.0,0.0,
2026-04-19T01:40:00,04/19/202601:40,20.5,0.0,0.0,51.6,0.0,0.0,0.0,0.0,0.0,198.7,23782.0,44991.0,20.8,7.0,73.5,30.24,3.661,183.3,0.0,0.0,
2026-04-19T01:41:01,04/19/202601:41,20.5,0.0,0.0,51.6,0.0,0.0,0.0,0.0,0.0,198.7,23782.0,44991.0,20.8,7.0,73.4,30.24,3.7039999999999997,183.2,0.0,0.0,
2026-04-19T01:42:32,04/19/202601:42,20.5,0.0,0.0,51.6,0.0,0.0,0.0,0.0,0.0,198.7,23782.0,44991.0,20.8,7.0,73.3,30.24,3.747,183.1,0.0,0.0,
2026-04-19T01:43:00,04/19/202601:43,20.5,0.0,0.0,51.6,0.0,0.0,0.0,0.0,0.0,198.7,23782.0,44991.0,20.8,7.0,73.2,30.24,3.79,183.0,0.0,0.0,
2026-04-19T01:44:00,04/19/202601:44,20.5,0.0,0.0,51.589999999999996,0.0,0.0,0.0,0.0,0.0,198.7,23782.0,44991.0,20.8,7.0,73.1,30.24,3.79,183.0,0.0,0.0,
2026-04-19T01:45:00,04/19/202601:45,20.5,0.0,0.0,51.589999999999996,0.0,0.0,0.0,0.0,0.0,198.7,23782.0,44991.0,20.8,7.0,73.0,30.24,3.79,183.0,0.0,0.0,
2026-04-19T01:46:01,04/19/202601:46,20.5,0.0,0.0,51.589999999999996,0.0,0.0,0.0,0.0,0.0,198.7,23782.0,44991.0,20.8,7.0,73.0,30.24,3.79,183.0,0.0,0.0,
2026-04-19T01:47:00,04/19/202601:47,20.5,0.0,0.0,51.589999999999996,0.0,0.0,0.0,0.0,0.0,198.7,23782.0,44991.0,20.8,6.99,72.9,30.24,3.821,184.9,0.0,0.0,
2026-04-19T01:48:00,04/19/202601:48,20.5,0.0,0.0,51.589999999999996,0.0,0.0,0.0,0.0,0.0,198.7,23782.0,44991.0,20.8,6.9799999999999995,72.8,30.24,3.8519999999999994,186.8,0.0,0.0,
2026-04-19T01:48:08,04/19/202601:48,20.490000000000002,0.0,0.0,51.589999999999996,0.0,0.0,0.0,0.0,0.0,198.7,23782.0,44991.0,20.8,6.970000000000001,72.7,30.24,3.883,188.7,0.0,0.0,
2026-04-19T01:48:17,04/19/202601:48,20.490000000000002,0.0,0.0,51.589999999999996,0.0,0.0,0.0,0.0,0.0,198.7,23782.0,44991.0,20.8,6.959999999999999,72.6,30.24,3.914,190.6,0.0,0.0,
2026-04-19T01:49:00,04/19/202601:49,20.490000000000002,0.0,0.0,51.589999999999996,0.0,0.0,0.0,0.0,0.0,198.7,23782.0,44991.0,20.8,6.95,72.5,30.24,3.9449999999999994,192.5,0.0,0.0,
2026-04-19T01:50:00,04/19/202601:50,20.490000000000002,0.0,0.0,51.58,0.0,0.0,0.0,0.0,0.0,198.7,23782.0,44991.0,20.8,6.94,72.4,30.24,3.976,194.4,0.0,0.0,
2026-04-19T01:51:00,04/19/202601:51,20.490000000000002,0.0,0.0,51.58,0.0,0.0,0.0,0.0,0.0,198.7,23782.0,44991.0,20.8,6.93,72.3,30.24,4.007,196.3,0.0,0.0,
2026-04-19T01:51:18,04/19/202601:51,20.48,0.0,0.0,51.589999999999996,0.0,0.0,0.0,0.0,0.0,198.7,23782.0,44991.0,20.8,6.92,72.2,30.24,4.037999999999999,198.2,0.0,0.0,
2026-04-19T01:52:00,04/19/202601:52,20.47,0.0,0.0,51.589999999999996,0.0,0.0,0.0,0.0,0.0,198.7,23782.0,44991.0,20.8,6.910000000000001,72.1,30.24,4.069,200.1,0.0,0.0,
2026-04-19T01:52:17,04/19/202601:52,20.47,0.0,0.0,51.589999999999996,0.0,0.0,0.0,0.0,0.0,198.7,23782.0,44991.0,20.8,6.9,72.0,30.24,4.1,202.0,0.0,0.0,
2026-04-19T01:54:28,04/19/202601:54,20.47,0.0,0.0,51.589999999999996,0.0,0.0,0.0,0.0,0.0,198.7,23782.0,44991.0,20.8,6.9,72.0,30.24,4.1,202.0,0.0,0.0,
2026-04-19T01:55:01,04/19/202601:55,20.47,0.0,0.0,51.589999999999996,0.0,0.0,0.0,0.0,0.0,198.7,23782.0,44991.0,20.8,6.9,72.0,30.24,4.1,202.0,0.0,0.0,
2026-04-19T01:56:01,04/19/202601:56,20.48,0.0,0.0,51.589999999999996,0.0,0.0,0.0,0.0,0.0,198.7,23782.0,44991.0,20.8,6.9,72.0,30.24,4.1,202.0,0.0,0.0,
2026-04-19T01:57:01,04/19/202601:57,20.48,0.0,0.0,51.589999999999996,0.0,0.0,0.0,0.0,0.0,198.7,23782.0,44991.0,20.8,6.9,72.0,30.24,4.1,202.0,0.0,0.0,
2026-04-19T01:58:01,04/19/202601:58,20.48,0.0,0.0,51.589999999999996,0.0,0.0,0.0,0.0,0.0,198.7,23782.0,44991.0,20.8,6.9,72.0,30.24,4.1,202.0,0.0,0.0,
2026-04-19T01:59:00,04/19/202601:59,20.48,0.0,0.0,51.6,0.0,0.0,0.0,0.0,0.0,198.7,23782.0,44991.0,20.8,6.9,72.0,30.24,4.1,202.0,0.0,0.0,
2026-04-19T02:00:01,04/19/202602:00,20.48,0.0,0.0,51.6,0.0,0.0,0.0,0.0,0.0,198.7,23782.0,44991.0,20.8,6.9,72.0,30.24,4.1,202.0,0.0,0.0,
2026-04-19T02:01:01,04/19/202602:01,20.490000000000002,0.0,0.0,51.6,0.0,0.0,0.0,0.0,0.0,198.7,23782.0,44991.0,20.8,6.9,72.0,30.24,4.1,202.0,0.0,0.0,
2026-04-19T02:02:01,04/19/202602:02,20.5,0.0,0.0,51.6,0.0,0.0,0.0,0.0,0.0,198.7,23782.0,44991.0,20.8,6.890000000000001,72.0,30.24,4.130999999999999,202.2,0.0,0.0,
2026-04-19T02:03:01,04/19/202602:03,20.5,0.0,0.0,51.6,0.0,0.0,0.0,0.0,0.0,198.7,23782.0,44991.0,20.8,6.88,72.0,30.24,4.162,202.4,0.0,0.0,
2026-04-19T02:04:54,04/19/202602:04,20.5,0.0,0.0,51.6,0.0,0.0,0.0,0.0,0.0,198.7,23782.0,44991.0,20.8,6.87,72.0,30.24,4.193,202.6,0.0,0.0,
2026-04-19T02:05:01,04/19/202602:05,20.5,0.0,0.0,51.6,0.0,0.0,0.0,0.0,0.0,198.7,23782.0,44991.0,20.8,6.859999999999999,72.0,30.24,4.223999999999999,202.8,0.0,0.0,
2026-04-19T02:05:28,04/19/202602:05,20.490000000000002,0.0,0.0,51.6,0.0,0.0,0.0,0.0,0.0,198.7,23782.0,44991.0,20.8,6.85,72.0,30.24,4.255,203.0,0.0,0.0,
2026-04-19T02:06:01,04/19/202602:06,20.48,0.0,0.0,51.6,0.0,0.0,0.0,0.0,0.0,198.7,23782.0,44991.0,20.8,6.840000000000001,72.0,30.24,4.286,203.2,0.0,0.0,
2026-04-19T02:07:00,04/19/202602:07,20.47,0.0,0.0,51.589999999999996,0.0,0.0,0.0,0.0,0.0,198.7,23782.0,44991.0,20.8,6.83,72.0,30.24,4.317,203.4,0.0,0.0,
2026-04-19T02:07:05,04/19/202602:07,20.47,0.0,0.0,51.589999999999996,0.0,0.0,0.0,0.0,0.0,198.7,23782.0,44991.0,20.8,6.82,72.0,30.24,4.348000000000001,203.6,0.0,0.0,
2026-04-19T02:08:01,04/19/202602:08,20.47,0.0,0.0,51.589999999999996,0.0,0.0,0.0,0.0,0.0,198.7,23782.0,44991.0,20.8,6.81,72.0,30.24,4.379,203.8,0.0,0.0,
2026-04-19T02:09:01,04/19/202602:09,20.47,0.0,0.0,51.6,0.0,0.0,0.0,0.0,0.0,198.7,23782.0,44991.0,20.8,6.8,72.0,30.24,4.41,204.0,0.0,0.0,
2026-04-19T02:10:28,04/19/202602:10,20.47,0.0,0.0,51.6,0.0,0.0,0.0,0.0,0.0,198.7,23782.0,44991.0,20.8,6.8,72.0,30.24,4.41,204.0,0.0,0.0,
2026-04-19T02:11:01,04/19/202602:11,20.47,0.0,0.0,51.6,0.0,0.0,0.0,0.0,0.0,198.7,23782.0,44991.0,20.8,6.8,72.0,30.24,4.41,204.0,0.0,0.0,
2026-04-19T02:11:28,04/19/202602:11,20.46,0.0,0.0,51.589999999999996,0.0,0.0,0.0,0.0,0.0,198.7,23782.0,44991.0,20.8,6.8,72.0,30.24,4.41,204.0,0.0,0.0,
2026-04-19T02:12:00,04/19/202602:12,20.45,0.0,0.0,51.58,0.0,0.0,0.0,0.0,0.0,198.7,23782.0,44991.0,20.8,6.8,72.0,30.24,4.41,204.0,0.0,0.0,
2026-04-19T02:12:28,04/19/202602:12,20.46,0.0,0.0,51.589999999999996,0.0,0.0,0.0,0.0,0.0,198.7,23782.0,44991.0,20.8,6.8,72.0,30.24,4.41,204.0,0.0,0.0,
2026-04-19T02:13:01,04/19/202602:13,20.47,0.0,0.0,51.6,0.0,0.0,0.0,0.0,0.0,198.7,23782.0,44991.0,20.8,6.8,72.0,30.24,4.41,204.0,0.0,0.0,
2026-04-19T02:14:01,04/19/202602:14,20.48,0.0,0.0,51.61,0.0,0.0,0.0,0.0,0.0,198.7,23782.0,44991.0,20.8,6.8,72.0,30.24,4.41,204.0,0.0,0.0,
2026-04-19T02:16:06,04/19/202602:16,20.48,0.0,0.0,51.61,0.0,0.0,0.0,0.0,0.0,198.7,23782.0,44991.0,20.8,6.8,72.0,30.243000000000002,4.404,203.7,0.0,0.0,
2026-04-19T02:16:28,04/19/202602:16,20.47,0.0,0.0,51.61,0.0,0.0,0.0,0.0,0.0,198.7,23782.0,44991.0,20.8,6.8,72.0,30.246,4.398000000000001,203.4,0.0,0.0,
2026-04-19T02:17:00,04/19/202602:17,20.46,0.0,0.0,51.6,0.0,0.0,0.0,0.0,0.0,198.7,23782.0,44991.0,20.8,6.8,72.0,30.249000000000002,4.392,203.1,0.0,0.0,
2026-04-19T02:18:19,04/19/202602:18,20.46,0.0,0.0,51.6,0.0,0.0,0.0,0.0,0.0,198.7,23782.0,44991.0,20.8,6.8,72.0,30.252,4.386,202.8,0.0,0.0,
2026-04-19T02:19:01,04/19/202602:19,20.46,0.0,0.0,51.6,0.0,0.0,0.0,0.0,0.0,198.7,23782.0,44991.0,20.8,6.8,72.0,30.255000000000003,4.38,202.5,0.0,0.0,
2026-04-19T02:20:00,04/19/202602:20,20.47,0.0,0.0,51.61,0.0,0.0,0.0,0.0,0.0,198.7,23782.0,44991.0,20.8,6.8,72.0,30.258,4.374,202.2,0.0,0.0,
2026-04-19T02:21:01,04/19/202602:21,20.48,0.0,0.0,51.620000000000005,0.0,0.0,0.0,0.0,0.0,198.7,23782.0,44991.0,20.8,6.8,72.0,30.261000000000003,4.368,201.9,0.0,0.0,
2026-04-19T02:22:01,04/19/202602:22,20.48,0.0,0.0,51.6,0.0,0.0,0.0,0.0,0.0,198.7,23782.0,44991.0,20.7,6.779999999999999,72.0,30.264,4.362,201.6,0.0,0.0,
2026-04-19T02:22:20,04/19/202602:22,20.47,0.0,0.0,51.589999999999996,0.0,0.0,0.0,0.0,0.0,198.7,23782.0,44991.0,20.7,6.76,72.0,30.267000000000003,4.356,201.3,0.0,0.0,
2026-04-19T02:23:00,04/19/202602:23,20.46,0.0,0.0,51.589999999999996,0.0,0.0,0.0,0.0,0.0,198.7,23782.0,44991.0,20.7,6.739999999999999,72.0,30.27,4.35,201.0,0.0,0.0,
2026-04-19T02:24:01,04/19/202602:24,20.45,0.0,0.0,51.58,0.0,0.0,0.0,0.0,0.0,198.7,23782.0,44991.0,20.8,6.720000000000001,72.0,30.27,4.406,200.5,0.0,0.0,
2026-04-19T02:24:19,04/19/202602:24,20.46,0.0,0.0,51.58,0.0,0.0,0.0,0.0,0.0,198.7,23782.0,44991.0,20.7,6.7,72.0,30.27,4.462,200.0,0.0,0.0,
2026-04-19T02:25:00,04/19/202602:25,20.47,0.0,0.0,51.58,0.0,0.0,0.0,0.0,0.0,198.7,23782.0,44991.0,20.7,6.68,72.0,30.27,4.518,199.5,0.0,0.0,
2026-04-19T02:26:01,04/19/202602:26,20.47,0.0,0.0,51.58,0.0,0.0,0.0,0.0,0.0,198.7,23782.0,44991.0,20.7,6.659999999999999,72.0,30.27,4.574,199.0,0.0,0.0,
2026-04-19T02:27:17,04/19/202602:27,20.47,0.0,0.0,51.58,0.0,0.0,0.0,0.0,0.0,198.7,23782.0,44991.0,20.8,6.639999999999999,72.0,30.27,4.63,198.5,0.0,0.0,
2026-04-19T02:28:00,04/19/202602:28,20.47,0.0,0.0,51.58,0.0,0.0,0.0,0.0,0.0,198.7,23782.0,44991.0,20.8,6.62,72.0,30.27,4.686,198.0,0.0,0.0,
2026-04-19T02:29:01,04/19/202602:29,20.47,0.0,0.0,51.58,0.0,0.0,0.0,0.0,0.0,198.7,23782.0,44991.0,20.7,6.6,72.0,30.27,4.742,197.5,0.0,0.0,
2026-04-19T02:30:00,04/19/202602:30,20.47,0.0,0.0,51.589999999999996,0.0,0.0,0.0,0.0,0.0,198.7,23782.0,44991.0,20.7,6.6,72.0,30.27,4.798,197.0,0.0,0.0,
2026-04-19T02:30:09,04/19/202602:30,20.47,0.0,0.0,51.589999999999996,0.0,0.0,0.0,0.0,0.0,198.7,23782.0,44991.0,20.7,6.6,72.0,30.27,4.854,196.5,0.0,0.0,
2026-04-19T02:31:00,04/19/202602:31,20.47,0.0,0.0,51.589999999999996,0.0,0.0,0.0,0.0,0.0,198.7,23782.0,44991.0,20.7,6.6,72.0,30.27,4.91,196.0,0.0,0.0,
2026-04-19T02:31:08,04/19/202602:31,20.48,0.0,0.0,51.6,0.0,0.0,0.0,0.0,0.0,198.7,23782.0,44991.0,20.7,6.6,72.0,30.27,4.916,196.2,0.0,0.0,
2026-04-19T02:32:01,04/19/202602:32,20.48,0.0,0.0,51.6,0.0,0.0,0.0,0.0,0.0,198.7,23782.0,44991.0,20.7,6.6,72.0,30.27,4.922,196.4,0.0,0.0,
2026-04-19T02:33:00,04/19/202602:33,20.48,0.0,0.0,51.6,0.0,0.0,0.0,0.0,0.0,198.7,23782.0,44991.0,20.7,6.6,72.0,30.27,4.928,196.6,0.0,0.0,
2026-04-19T02:34:00,04/19/202602:34,20.48,0.0,0.0,51.6,0.0,0.0,0.0,0.0,0.0,198.7,23782.0,44991.0,20.7,6.6,72.0,30.27,4.934,196.8,0.0,0.0,
2026-04-19T02:35:01,04/19/202602:35,20.48,0.0,0.0,51.6,0.0,0.0,0.0,0.0,0.0,198.7,23782.0,44991.0,20.8,6.6,72.0,30.27,4.9399999999999995,197.0,0.0,0.0,
2026-04-19T02:36:00,04/19/202602:36,20.48,0.0,0.0,51.6,0.0,0.0,0.0,0.0,0.0,198.7,23782.0,44991.0,20.7,6.6,72.0,30.27,4.946,197.2,0.0,0.0,
2026-04-19T02:37:01,04/19/202602:37,20.48,0.0,0.0,51.589999999999996,0.0,0.0,0.0,0.0,0.0,198.7,23782.0,44991.0,20.7,6.6,72.0,30.27,4.952,197.4,0.0,0.0,
2026-04-19T02:37:09,04/19/202602:37,20.47,0.0,0.0,51.589999999999996,0.0,0.0,0.0,0.0,0.0,198.7,23782.0,44991.0,20.7,6.6,72.0,30.27,4.958,197.6,0.0,0.0,
2026-04-19T02:38:29,04/19/202602:38,20.48,0.0,0.0,51.589999999999996,0.0,0.0,0.0,0.0,0.0,198.7,23782.0,44991.0,20.7,6.6,72.0,30.27,4.964,197.8,0.0,0.0,
2026-04-19T02:39:00,04/19/202602:39,20.490000000000002,0.0,0.0,51.589999999999996,0.0,0.0,0.0,0.0,0.0,198.7,23782.0,44991.0,20.7,6.6,72.0,30.27,4.97,198.0,0.0,0.0,
2026-04-19T02:39:08,04/19/202602:39,20.48,0.0,0.0,51.589999999999996,0.0,0.0,0.0,0.0,0.0,198.7,23782.0,44991.0,20.8,6.6,72.0,30.27,4.97,198.0,0.0,0.0,
2026-04-19T02:40:01,04/19/202602:40,20.47,0.0,0.0,51.589999999999996,0.0,0.0,0.0,0.0,0.0,198.7,23782.0,44991.0,20.8,6.6,72.0,30.27,4.97,198.0,0.0,0.0,
2026-04-19T02:40:09,04/19/202602:40,20.47,0.0,0.0,51.589999999999996,0.0,0.0,0.0,0.0,0.0,198.7,23782.0,44991.0,20.7,6.6,72.0,30.27,4.97,198.0,0.0,0.0,
2026-04-19T02:40:57,04/19/202602:40,20.46,0.0,0.0,51.58,0.0,0.0,0.0,0.0,0.0,198.7,23782.0,44991.0,20.8,6.6,72.0,30.27,4.97,198.0,0.0,0.0,
2026-04-19T02:41:00,04/19/202602:41,20.45,0.0,0.0,51.57000000000001,0.0,0.0,0.0,0.0,0.0,198.7,23782.0,44991.0,20.8,6.6,72.0,30.27,4.97,198.0,0.0,0.0,
2026-04-19T02:42:01,04/19/202602:42,20.439999999999998,0.0,0.0,51.57000000000001,0.0,0.0,0.0,0.0,0.0,198.7,23782.0,44991.0,20.7,6.6,72.0,30.27,4.97,198.0,0.0,0.0,
2026-04-19T02:42:56,04/19/202602:42,20.439999999999998,0.0,0.0,51.57000000000001,0.0,0.0,0.0,0.0,0.0,198.7,23782.0,44991.0,20.7,6.6,72.0,30.27,4.97,198.0,0.0,0.0,
2026-04-19T02:43:01,04/19/202602:43,20.45,0.0,0.0,51.56,0.0,0.0,0.0,0.0,0.0,198.7,23782.0,44991.0,20.7,6.6,72.0,30.27,4.97,198.0,0.0,0.0,
2026-04-19T02:43:57,04/19/202602:43,20.439999999999998,0.0,0.0,51.55,0.0,0.0,0.0,0.0,0.0,198.7,23782.0,44991.0,20.7,6.6,72.0,30.27,4.97,198.0,0.0,0.0,
2026-04-19T02:44:00,04/19/202602:44,20.43,0.0,0.0,51.54,0.0,0.0,0.0,0.0,0.0,198.7,23782.0,44991.0,20.7,6.6,72.0,30.27,4.97,198.0,0.0,0.0,
2026-04-19T02:44:57,04/19/202602:44,20.439999999999998,0.0,0.0,51.54,0.0,0.0,0.0,0.0,0.0,198.7,23782.0,44991.0,20.7,6.6,72.0,30.27,4.97,198.0,0.0,0.0,
2026-04-19T02:45:01,04/19/202602:45,20.45,0.0,0.0,51.54,0.0,0.0,0.0,0.0,0.0,198.7,23782.0,44991.0,20.7,6.6,72.0,30.27,4.97,198.0,0.0,0.0,
2026-04-19T02:46:00,04/19/202602:46,20.45,0.0,0.0,51.529999999999994,0.0,0.0,0.0,0.0,0.0,198.7,23782.0,44991.0,20.7,6.589999999999999,72.0,30.27,4.914,200.3,0.0,0.0,
2026-04-19T02:46:58,04/19/202602:46,20.45,0.0,0.0,51.529999999999994,0.0,0.0,0.0,0.0,0.0,198.7,23782.0,44991.0,20.7,6.58,72.0,30.27,4.858,202.6,0.0,0.0,
2026-04-19T02:47:01,04/19/202602:47,20.45,0.0,0.0,51.529999999999994,0.0,0.0,0.0,0.0,0.0,198.7,23782.0,44991.0,20.7,6.57,72.0,30.27,4.802,204.9,0.0,0.0,
2026-04-19T02:48:00,04/19/202602:48,20.45,0.0,0.0,51.52,0.0,0.0,0.0,0.0,0.0,198.7,23782.0,44991.0,20.7,6.56,72.0,30.27,4.746,207.2,0.0,0.0,
2026-04-19T02:49:40,04/19/202602:49,20.45,0.0,0.0,51.529999999999994,0.0,0.0,0.0,0.0,0.0,198.7,23782.0,44991.0,20.8,6.55,72.0,30.27,4.6899999999999995,209.5,0.0,0.0,
2026-04-19T02:50:01,04/19/202602:50,20.45,0.0,0.0,51.54,0.0,0.0,0.0,0.0,0.0,198.7,23782.0,44991.0,20.7,6.540000000000001,72.0,30.27,4.634,211.8,0.0,0.0,
2026-04-19T02:50:57,04/19/202602:50,20.45,0.0,0.0,51.54,0.0,0.0,0.0,0.0,0.0,198.7,23782.0,44991.0,20.7,6.529999999999999,72.0,30.27,4.578,214.1,0.0,0.0,
2026-04-19T02:51:00,04/19/202602:51,20.45,0.0,0.0,51.54,0.0,0.0,0.0,0.0,0.0,198.7,23782.0,44991.0,20.7,6.5200000000000005,72.0,30.27,4.522,216.4,0.0,0.0,
2026-04-19T02:52:00,04/19/202602:52,20.439999999999998,0.0,0.0,51.54,0.0,0.0,0.0,0.0,0.0,198.7,23782.0,44991.0,20.7,6.51,72.0,30.27,4.466,218.7,0.0,0.0,
2026-04-19T02:53:00,04/19/202602:53,20.43,0.0,0.0,51.529999999999994,0.0,0.0,0.0,0.0,0.0,198.7,23782.0,44991.0,20.7,6.5,72.0,30.27,4.41,221.0,0.0,0.0,
2026-04-19T02:53:57,04/19/202602:53,20.43,0.0,0.0,51.529999999999994,0.0,0.0,0.0,0.0,0.0,198.7,23782.0,44991.0,20.7,6.5,72.0,30.27,4.41,221.0,0.0,0.0,
2026-04-19T02:54:00,04/19/202602:54,20.439999999999998,0.0,0.0,51.529999999999994,0.0,0.0,0.0,0.0,0.0,198.7,23782.0,44991.0,20.7,6.5,72.0,30.27,4.41,221.0,0.0,0.0,
2026-04-19T02:54:58,04/19/202602:54,20.439999999999998,0.0,0.0,51.54,0.0,0.0,0.0,0.0,0.0,198.7,23782.0,44991.0,20.7,6.5,72.0,30.27,4.41,221.0,0.0,0.0,
2026-04-19T02:55:00,04/19/202602:55,20.439999999999998,0.0,0.0,51.55,0.0,0.0,0.0,0.0,0.0,198.7,23782.0,44991.0,20.7,6.5,72.0,30.27,4.41,221.0,0.0,0.0,
2026-04-19T02:56:00,04/19/202602:56,20.43,0.0,0.0,51.55,0.0,0.0,0.0,0.0,0.0,198.7,23782.0,44991.0,20.7,6.5,72.0,30.27,4.41,221.0,0.0,0.0,
2026-04-19T02:56:57,04/19/202602:56,20.43,0.0,0.0,51.54,0.0,0.0,0.0,0.0,0.0,198.7,23782.0,44991.0,20.7,6.5,72.0,30.27,4.41,221.0,0.0,0.0,
2026-04-19T02:57:00,04/19/202602:57,20.439999999999998,0.0,0.0,51.54,0.0,0.0,0.0,0.0,0.0,198.7,23782.0,44991.0,20.7,6.5,72.0,30.27,4.41,221.0,0.0,0.0,
2026-04-19T02:57:57,04/19/202602:57,20.439999999999998,0.0,0.0,51.529999999999994,0.0,0.0,0.0,0.0,0.0,198.7,23782.0,44991.0,20.7,6.5,72.0,30.27,4.41,221.0,0.0,0.0,
2026-04-19T02:58:00,04/19/202602:58,20.439999999999998,0.0,0.0,51.510000000000005,0.0,0.0,0.0,0.0,0.0,198.7,23782.0,44991.0,20.7,6.5,72.0,30.27,4.41,221.0,0.0,0.0,
2026-04-19T02:59:00,04/19/202602:59,20.439999999999998,0.0,0.0,51.510000000000005,0.0,0.0,0.0,0.0,0.0,198.7,23782.0,44991.0,20.7,6.5,72.0,30.27,4.41,221.0,0.0,0.0,
2026-04-19T03:00:52,04/19/202603:00,20.439999999999998,0.0,0.0,51.510000000000005,0.0,0.0,0.0,0.0,0.0,198.7,23782.0,44991.0,20.7,6.5,72.0,30.27,4.41,221.0,0.0,0.0,
2026-04-19T03:01:01,04/19/202603:01,20.439999999999998,0.0,0.0,51.510000000000005,0.0,0.0,0.0,0.0,0.0,198.7,23782.0,44991.0,20.7,6.4799999999999995,72.2,30.27,4.348000000000001,223.1,0.0,0.0,
2026-04-19T03:01:57,04/19/202603:01,20.439999999999998,0.0,0.0,51.510000000000005,0.0,0.0,0.0,0.0,0.0,198.7,23782.0,44991.0,20.7,6.459999999999999,72.4,30.27,4.286,225.2,0.0,0.0,
2026-04-19T03:02:01,04/19/202603:02,20.439999999999998,0.0,0.0,51.510000000000005,0.0,0.0,0.0,0.0,0.0,198.7,23782.0,44991.0,20.7,6.44,72.6,30.27,4.224,227.3,0.0,0.0,
2026-04-19T03:02:57,04/19/202603:02,20.45,0.0,0.0,51.510000000000005,0.0,0.0,0.0,0.0,0.0,198.7,23782.0,44991.0,20.7,6.42,72.8,30.27,4.162000000000001,229.4,0.0,0.0,
2026-04-19T03:03:00,04/19/202603:03,20.45,0.0,0.0,51.52,0.0,0.0,0.0,0.0,0.0,198.7,23782.0,44991.0,20.7,6.4,73.0,30.27,4.1,231.5,0.0,0.0,
2026-04-19T03:04:01,04/19/202603:04,20.45,0.0,0.0,51.529999999999994,0.0,0.0,0.0,0.0,0.0,198.7,23782.0,44991.0,20.7,6.38,73.2,30.27,4.038,233.6,0.0,0.0,
2026-04-19T03:04:57,04/19/202603:04,20.45,0.0,0.0,51.54,0.0,0.0,0.0,0.0,0.0,198.7,23782.0,44991.0,20.7,6.36,73.4,30.27,3.976,235.7,0.0,0.0,
2026-04-19T03:05:01,04/19/202603:05,20.45,0.0,0.0,51.55,0.0,0.0,0.0,0.0,0.0,198.7,23782.0,44991.0,20.7,6.34,73.6,30.27,3.914,237.8,0.0,0.0,
2026-04-19T03:06:00,04/19/202603:06,20.45,0.0,0.0,51.55,0.0,0.0,0.0,0.0,0.0,198.7,23782.0,44991.0,20.7,6.319999999999999,73.8,30.27,3.8520000000000003,239.9,0.0,0.0,
2026-04-19T03:07:01,04/19/202603:07,20.439999999999998,0.0,0.0,51.56,0.0,0.0,0.0,0.0,0.0,198.7,23782.0,44991.0,20.7,6.3,74.0,30.27,3.79,242.0,0.0,0.0,
2026-04-19T03:07:31,04/19/202603:07,20.439999999999998,0.0,0.0,51.57000000000001,0.0,0.0,0.0,0.0,0.0,198.7,23782.0,44991.0,20.7,6.3,74.0,30.27,3.79,242.0,0.0,0.0,
2026-04-19T03:08:01,04/19/202603:08,20.45,0.0,0.0,51.57000000000001,0.0,0.0,0.0,0.0,0.0,198.7,23782.0,44991.0,20.7,6.3,74.0,30.27,3.79,242.0,0.0,0.0,
2026-04-19T03:08:31,04/19/202603:08,20.45,0.0,0.0,51.56,0.0,0.0,0.0,0.0,0.0,198.7,23782.0,44991.0,20.7,6.3,74.0,30.27,3.79,242.0,0.0,0.0,
2026-04-19T03:09:01,04/19/202603:09,20.439999999999998,0.0,0.0,51.55,0.0,0.0,0.0,0.0,0.0,198.7,23782.0,44991.0,20.7,6.3,74.0,30.27,3.79,242.0,0.0,0.0,
2026-04-19T03:09:30,04/19/202603:09,20.439999999999998,0.0,0.0,51.55,0.0,0.0,0.0,0.0,0.0,198.7,23782.0,44991.0,20.7,6.3,74.0,30.27,3.79,242.0,0.0,0.0,
2026-04-19T03:10:01,04/19/202603:10,20.439999999999998,0.0,0.0,51.55,0.0,0.0,0.0,0.0,0.0,198.7,23782.0,44991.0,20.7,6.3,74.0,30.27,3.79,242.0,0.0,0.0,
2026-04-19T03:10:31,04/19/202603:10,20.439999999999998,0.0,0.0,51.56,0.0,0.0,0.0,0.0,0.0,198.7,23782.0,44991.0,20.7,6.3,74.0,30.27,3.79,242.0,0.0,0.0,
2026-04-19T03:12:03,04/19/202603:12,20.439999999999998,0.0,0.0,51.56,0.0,0.0,0.0,0.0,0.0,198.7,23782.0,44991.0,20.7,6.3,74.0,30.27,3.79,242.0,0.0,0.0,
2026-04-19T03:13:01,04/19/202603:13,20.439999999999998,0.0,0.0,51.56,0.0,0.0,0.0,0.0,0.0,198.7,23782.0,44991.0,20.7,6.3,74.0,30.27,3.79,242.0,0.0,0.0,
2026-04-19T03:14:00,04/19/202603:14,20.439999999999998,0.0,0.0,51.55,0.0,0.0,0.0,0.0,0.0,198.7,23782.0,44991.0,20.7,6.3,74.0,30.27,3.79,242.0,0.0,0.0,
2026-04-19T03:14:50,04/19/202603:14,20.439999999999998,0.0,0.0,51.55,0.0,0.0,0.0,0.0,0.0,198.7,23782.0,44991.0,20.7,6.3,74.0,30.27,3.79,242.0,0.0,0.0,
2026-04-19T03:15:01,04/19/202603:15,20.439999999999998,0.0,0.0,51.55,0.0,0.0,0.0,0.0,0.0,198.7,23782.0,44991.0,20.7,6.3,74.0,30.27,3.79,242.0,0.0,0.0,
2026-04-19T03:15:50,04/19/202603:15,20.439999999999998,0.0,0.0,51.55,0.0,0.0,0.0,0.0,0.0,198.7,23782.0,44991.0,20.7,6.3,74.0,30.27,3.79,242.0,0.0,0.0,
2026-04-19T03:16:00,04/19/202603:16,20.439999999999998,0.0,0.0,51.55,0.0,0.0,0.0,0.0,0.0,198.7,23782.0,44991.0,20.7,6.3,74.0,30.27,3.79,242.0,0.0,0.0,
2026-04-19T03:16:50,04/19/202603:16,20.439999999999998,0.0,0.0,51.54,0.0,0.0,0.0,0.0,0.0,198.7,23782.0,44991.0,20.7,6.29,74.0,30.27,3.771,244.1,0.0,0.0,
2026-04-19T03:17:01,04/19/202603:17,20.439999999999998,0.0,0.0,51.529999999999994,0.0,0.0,0.0,0.0,0.0,198.7,23782.0,44991.0,20.7,6.279999999999999,74.0,30.27,3.7520000000000002,246.2,0.0,0.0,
2026-04-19T03:18:01,04/19/202603:18,20.45,0.0,0.0,51.52,0.0,0.0,0.0,0.0,0.0,198.7,23782.0,44991.0,20.7,6.2700000000000005,74.0,30.27,3.7329999999999997,248.3,0.0,0.0,
2026-04-19T03:18:50,04/19/202603:18,20.45,0.0,0.0,51.52,0.0,0.0,0.0,0.0,0.0,198.7,23782.0,44991.0,20.7,6.26,74.0,30.27,3.714,250.4,0.0,0.0,
2026-04-19T03:19:00,04/19/202603:19,20.45,0.0,0.0,51.52,0.0,0.0,0.0,0.0,0.0,198.7,23782.0,44991.0,20.7,6.25,74.0,30.27,3.6950000000000003,252.5,0.0,0.0,
2026-04-19T03:20:01,04/19/202603:20,20.45,0.0,0.0,51.52,0.0,0.0,0.0,0.0,0.0,198.7,23782.0,44991.0,20.7,6.24,74.0,30.27,3.6759999999999997,254.6,0.0,0.0,
2026-04-19T03:21:01,04/19/202603:21,20.439999999999998,0.0,0.0,51.510000000000005,0.0,0.0,0.0,0.0,0.0,198.7,23782.0,44991.0,20.7,6.2299999999999995,74.0,30.27,3.657,256.7,0.0,0.0,
2026-04-19T03:23:14,04/19/202603:23,20.43,0.0,0.0,51.510000000000005,0.0,0.0,0.0,0.0,0.0,198.7,23782.0,44991.0,20.7,6.220000000000001,74.0,30.27,3.6380000000000003,258.8,0.0,0.0,
2026-04-19T03:24:01,04/19/202603:24,20.43,0.0,0.0,51.510000000000005,0.0,0.0,0.0,0.0,0.0,198.7,23782.0,44991.0,20.7,6.21,74.0,30.27,3.6189999999999998,260.9,0.0,0.0,
2026-04-19T03:25:01,04/19/202603:25,20.43,0.0,0.0,51.510000000000005,0.0,0.0,0.0,0.0,0.0,198.7,23782.0,44991.0,20.7,6.2,74.0,30.27,3.6,263.0,0.0,0.0,
2026-04-19T03:25:51,04/19/202603:25,20.43,0.0,0.0,51.510000000000005,0.0,0.0,0.0,0.0,0.0,198.7,23782.0,44991.0,20.7,6.2,74.0,30.27,3.6,263.0,0.0,0.0,
2026-04-19T03:26:01,04/19/202603:26,20.43,0.0,0.0,51.510000000000005,0.0,0.0,0.0,0.0,0.0,198.7,23782.0,44991.0,20.7,6.2,74.0,30.27,3.6,263.0,0.0,0.0,
2026-04-19T03:26:50,04/19/202603:26,20.419999999999998,0.0,0.0,51.510000000000005,0.0,0.0,0.0,0.0,0.0,198.7,23782.0,44991.0,20.7,6.2,74.0,30.27,3.6,263.0,0.0,0.0,
2026-04-19T03:27:00,04/19/202603:27,20.419999999999998,0.0,0.0,51.510000000000005,0.0,0.0,0.0,0.0,0.0,198.7,23782.0,44991.0,20.7,6.2,74.0,30.27,3.6,263.0,0.0,0.0,
2026-04-19T03:28:01,04/19/202603:28,20.419999999999998,0.0,0.0,51.52,0.0,0.0,0.0,0.0,0.0,198.7,23782.0,44991.0,20.7,6.2,74.0,30.27,3.6,263.0,0.0,0.0,
2026-04-19T03:29:01,04/19/202603:29,20.419999999999998,0.0,0.0,51.529999999999994,0.0,0.0,0.0,0.0,0.0,198.7,23782.0,44991.0,20.7,6.2,74.0,30.27,3.6,263.0,0.0,0.0,
2026-04-19T03:30:01,04/19/202603:30,20.419999999999998,0.0,0.0,51.529999999999994,0.0,0.0,0.0,0.0,0.0,198.7,23782.0,44991.0,20.7,6.2,74.0,30.27,3.6,263.0,0.0,0.0,
2026-04-19T03:31:01,04/19/202603:31,20.419999999999998,0.0,0.0,51.52,0.0,0.0,0.0,0.0,0.0,198.7,23782.0,44991.0,20.7,6.180000000000001,74.0,30.27,3.6,263.0,0.0,0.0,
2026-04-19T03:32:01,04/19/202603:32,20.419999999999998,0.0,0.0,51.52,0.0,0.0,0.0,0.0,0.0,198.7,23782.0,44991.0,20.7,6.15,74.0,30.27,3.6,263.7,0.0,0.0,
2026-04-19T03:33:01,04/19/202603:33,20.419999999999998,0.0,0.0,51.52,0.0,0.0,0.0,0.0,0.0,198.7,23782.0,44991.0,20.7,6.12,74.0,30.27,3.6,264.4,0.0,0.0,
2026-04-19T03:34:26,04/19/202603:34,20.41,0.0,0.0,51.52,0.0,0.0,0.0,0.0,0.0,198.7,23782.0,44991.0,20.7,6.090000000000001,74.0,30.27,3.489,265.6,0.0,0.0,
2026-04-19T03:35:00,04/19/202603:35,20.4,0.0,0.0,51.52,0.0,0.0,0.0,0.0,0.0,198.7,23782.0,44991.0,20.7,6.0600000000000005,74.0,30.27,3.378,266.8,0.0,0.0,
2026-04-19T03:36:01,04/19/202603:36,20.4,0.0,0.0,51.52,0.0,0.0,0.0,0.0,0.0,198.7,23782.0,44991.0,20.7,6.03,74.0,30.27,3.2670000000000003,268.0,0.0,0.0,
2026-04-19T03:37:00,04/19/202603:37,20.4,0.0,0.0,51.52,0.0,0.0,0.0,0.0,0.0,198.7,23782.0,44991.0,20.7,6.0,74.0,30.267000000000003,3.156,269.2,0.0,0.0,
2026-04-19T03:38:01,04/19/202603:38,20.4,0.0,0.0,51.510000000000005,0.0,0.0,0.0,0.0,0.0,198.7,23782.0,44991.0,20.7,5.970000000000001,74.0,30.264,3.0450000000000004,270.4,0.0,0.0,
2026-04-19T03:39:01,04/19/202603:39,20.4,0.0,0.0,51.5,0.0,0.0,0.0,0.0,0.0,198.7,23782.0,44991.0,20.7,5.94,74.0,30.261000000000003,2.934,271.6,0.0,0.0,
2026-04-19T03:40:00,04/19/202603:40,20.4,0.0,0.0,51.5,0.0,0.0,0.0,0.0,0.0,198.7,23782.0,44991.0,20.7,5.91,74.0,30.258,2.823,272.8,0.0,0.0,
2026-04-19T03:41:01,04/19/202603:41,20.4,0.0,0.0,51.5,0.0,0.0,0.0,0.0,0.0,198.7,23782.0,44991.0,20.7,5.9,74.0,30.255000000000003,2.712,274.0,0.0,0.0,
2026-04-19T03:42:01,04/19/202603:42,20.4,0.0,0.0,51.5,0.0,0.0,0.0,0.0,0.0,198.7,23782.0,44991.0,20.7,5.9,74.0,30.252,2.601,274.5,0.0,0.0,
2026-04-19T03:43:00,04/19/202603:43,20.4,0.0,0.0,51.489999999999995,0.0,0.0,0.0,0.0,0.0,198.7,23782.0,44991.0,20.7,5.9,74.0,30.249000000000002,2.49,275.0,0.0,0.0,
2026-04-19T03:44:01,04/19/202603:44,20.4,0.0,0.0,51.489999999999995,0.0,0.0,0.0,0.0,0.0,198.7,23782.0,44991.0,20.7,5.9,74.0,30.246,2.49,275.0,0.0,0.0,
2026-04-19T03:45:38,04/19/202603:45,20.4,0.0,0.0,51.489999999999995,0.0,0.0,0.0,0.0,0.0,198.7,23782.0,44991.0,20.7,5.9,74.0,30.243000000000002,2.49,275.0,0.0,0.0,
2026-04-19T03:46:00,04/19/202603:46,20.4,0.0,0.0,51.489999999999995,0.0,0.0,0.0,0.0,0.0,198.7,23782.0,44991.0,20.7,5.9,74.0,30.24,2.49,275.0,0.0,0.0,
2026-04-19T03:46:49,04/19/202603:46,20.389999999999997,0.0,0.0,51.489999999999995,0.0,0.0,0.0,0.0,0.0,198.7,23782.0,44991.0,20.7,5.890000000000001,73.9,30.243000000000002,2.5330000000000004,277.7,0.0,0.0,
2026-04-19T03:47:01,04/19/202603:47,20.38,0.0,0.0,51.489999999999995,0.0,0.0,0.0,0.0,0.0,198.7,23782.0,44991.0,20.7,5.880000000000001,73.8,30.246,2.576,280.4,0.0,0.0,
2026-04-19T03:47:49,04/19/202603:47,20.38,0.0,0.0,51.489999999999995,0.0,0.0,0.0,0.0,0.0,198.7,23782.0,44991.0,20.7,5.87,73.7,30.249000000000002,2.619,283.1,0.0,0.0,
2026-04-19T03:48:00,04/19/202603:48,20.38,0.0,0.0,51.489999999999995,0.0,0.0,0.0,0.0,0.0,198.7,23782.0,44991.0,20.7,5.86,73.6,30.252,2.662,285.8,0.0,0.0,
2026-04-19T03:49:01,04/19/202603:49,20.38,0.0,0.0,51.489999999999995,0.0,0.0,0.0,0.0,0.0,198.7,23782.0,44991.0,20.7,5.85,73.5,30.255000000000003,2.705,288.5,0.0,0.0,
2026-04-19T03:50:01,04/19/202603:50,20.38,0.0,0.0,51.489999999999995,0.0,0.0,0.0,0.0,0.0,198.7,23782.0,44991.0,20.7,5.84,73.4,30.258,2.748,291.2,0.0,0.0,
2026-04-19T03:51:35,04/19/202603:51,20.38,0.0,0.0,51.5,0.0,0.0,0.0,0.0,0.0,198.7,23782.0,44991.0,20.7,5.83,73.3,30.261000000000003,2.791,293.9,0.0,0.0,
2026-04-19T03:52:01,04/19/202603:52,20.38,0.0,0.0,51.5,0.0,0.0,0.0,0.0,0.0,198.7,23782.0,44991.0,20.7,5.82,73.2,30.264,2.834,296.6,0.0,0.0,
2026-04-19T03:53:00,04/19/202603:53,20.38,0.0,0.0,51.5,0.0,0.0,0.0,0.0,0.0,198.7,23782.0,44991.0,20.7,5.8100000000000005,73.1,30.267000000000003,2.877,299.3,0.0,0.0,
2026-04-19T03:54:01,04/19/202603:54,20.38,0.0,0.0,51.5,0.0,0.0,0.0,0.0,0.0,198.7,23782.0,44991.0,20.7,5.8,73.0,30.27,2.92,302.0,0.0,0.0,
2026-04-19T03:55:01,04/19/202603:55,20.389999999999997,0.0,0.0,51.5,0.0,0.0,0.0,0.0,0.0,198.7,23782.0,44991.0,20.7,5.8,73.0,30.27,2.92,302.0,0.0,0.0,
2026-04-19T03:56:50,04/19/202603:56,20.4,0.0,0.0,51.5,0.0,0.0,0.0,0.0,0.0,198.7,23782.0,44991.0,20.7,5.8,73.0,30.27,2.92,302.0,0.0,0.0,
2026-04-19T03:57:01,04/19/202603:57,20.4,0.0,0.0,51.5,0.0,0.0,0.0,0.0,0.0,198.7,23782.0,44991.0,20.7,5.8,73.0,30.27,2.92,302.0,0.0,0.0,
2026-04-19T03:58:01,04/19/202603:58,20.4,0.0,0.0,51.5,0.0,0.0,0.0,0.0,0.0,198.7,23782.0,44991.0,20.7,5.8,73.0,30.27,2.92,302.0,0.0,0.0,
2026-04-19T03:59:00,04/19/202603:59,20.4,0.0,0.0,51.489999999999995,0.0,0.0,0.0,0.0,0.0,198.7,23782.0,44991.0,20.7,5.8,73.0,30.27,2.92,302.0,0.0,0.0,
2026-04-19T04:00:01,04/19/202604:00,20.4,0.0,0.0,51.48,0.0,0.0,0.0,0.0,0.0,198.7,23782.0,44991.0,20.7,5.8,73.0,30.27,2.92,302.0,0.0,0.0,
2026-04-19T04:01:00,04/19/202604:01,20.4,0.0,0.0,51.48,0.0,0.0,0.0,0.0,0.0,198.7,23782.0,44991.0,20.7,5.779999999999999,73.0,30.27,2.945,303.3,0.0,0.0,
2026-04-19T04:02:34,04/19/202604:02,20.4,0.0,0.0,51.48,0.0,0.0,0.0,0.0,0.0,198.7,23782.0,44991.0,20.7,5.76,73.0,30.27,2.9699999999999998,304.6,0.0,0.0,
2026-04-19T04:03:01,04/19/202604:03,20.4,0.0,0.0,51.48,0.0,0.0,0.0,0.0,0.0,198.7,23782.0,44991.0,20.7,5.74,73.0,30.27,2.995,305.9,0.0,0.0,
2026-04-19T04:04:00,04/19/202604:04,20.4,0.0,0.0,51.470000000000006,0.0,0.0,0.0,0.0,0.0,198.7,23782.0,44991.0,20.7,5.72,73.0,30.27,3.02,307.2,0.0,0.0,
2026-04-19T04:05:01,04/19/202604:05,20.4,0.0,0.0,51.46,0.0,0.0,0.0,0.0,0.0,198.7,23782.0,44991.0,20.7,5.7,73.0,30.27,3.045,308.5,0.0,0.0,
2026-04-19T04:06:01,04/19/202604:06,20.4,0.0,0.0,51.46,0.0,0.0,0.0,0.0,0.0,198.7,23782.0,44991.0,20.7,5.68,73.0,30.27,3.07,309.8,0.0,0.0,
2026-04-19T04:08:02,04/19/202604:08,20.4,0.0,0.0,51.45,0.0,0.0,0.0,0.0,0.0,198.7,23782.0,44991.0,20.7,5.659999999999999,73.0,30.27,3.0949999999999998,311.1,0.0,0.0,
2026-04-19T04:09:00,04/19/202604:09,20.4,0.0,0.0,51.45,0.0,0.0,0.0,0.0,0.0,198.7,23782.0,44991.0,20.7,5.64,73.0,30.27,3.12,312.4,0.0,0.0,
2026-04-19T04:10:01,04/19/202604:10,20.4,0.0,0.0,51.46,0.0,0.0,0.0,0.0,0.0,198.7,23782.0,44991.0,20.7,5.619999999999999,73.0,30.27,3.145,313.7,0.0,0.0,
2026-04-19T04:11:00,04/19/202604:11,20.4,0.0,0.0,51.470000000000006,0.0,0.0,0.0,0.0,0.0,198.7,23782.0,44991.0,20.7,5.6,73.0,30.27,3.17,315.0,0.0,0.0,
2026-04-19T04:12:00,04/19/202604:12,20.4,0.0,0.0,51.470000000000006,0.0,0.0,0.0,0.0,0.0,198.7,23782.0,44991.0,20.7,5.6,73.0,30.27,3.17,315.0,0.0,0.0,
2026-04-19T04:13:01,04/19/202604:13,20.4,0.0,0.0,51.470000000000006,0.0,0.0,0.0,0.0,0.0,198.7,23782.0,44991.0,20.7,5.6,73.0,30.27,3.17,315.0,0.0,0.0,
2026-04-19T04:14:00,04/19/202604:14,20.4,0.0,0.0,51.470000000000006,0.0,0.0,0.0,0.0,0.0,198.7,23782.0,44991.0,20.7,5.6,73.0,30.27,3.17,315.0,0.0,0.0,
2026-04-19T04:14:50,04/19/202604:14,20.389999999999997,0.0,0.0,51.48,0.0,0.0,0.0,0.0,0.0,198.7,23782.0,44991.0,20.7,5.6,73.0,30.27,3.17,315.0,0.0,0.0,
2026-04-19T04:15:01,04/19/202604:15,20.38,0.0,0.0,51.489999999999995,0.0,0.0,0.0,0.0,0.0,198.7,23782.0,44991.0,20.7,5.6,73.0,30.27,3.17,315.0,0.0,0.0,
2026-04-19T04:15:49,04/19/202604:15,20.38,0.0,0.0,51.489999999999995,0.0,0.0,0.0,0.0,0.0,198.7,23782.0,44991.0,20.7,5.6,72.9,30.27,3.164,316.5,0.0,0.0,
2026-04-19T04:16:00,04/19/202604:16,20.38,0.0,0.0,51.5,0.0,0.0,0.0,0.0,0.0,198.7,23782.0,44991.0,20.7,5.6,72.8,30.27,3.158,318.0,0.0,0.0,
2026-04-19T04:17:00,04/19/202604:17,20.38,0.0,0.0,51.489999999999995,0.0,0.0,0.0,0.0,0.0,198.7,23782.0,44991.0,20.7,5.6,72.7,30.27,3.152,319.5,0.0,0.0,
2026-04-19T04:19:13,04/19/202604:19,20.38,0.0,0.0,51.489999999999995,0.0,0.0,0.0,0.0,0.0,198.7,23782.0,44991.0,20.7,5.6,72.6,30.27,3.146,321.0,0.0,0.0,
2026-04-19T04:20:00,04/19/202604:20,20.38,0.0,0.0,51.489999999999995,0.0,0.0,0.0,0.0,0.0,198.7,23782.0,44991.0,20.6,5.6,72.5,30.27,3.1399999999999997,322.5,0.0,0.0,
2026-04-19T04:21:01,04/19/202604:21,20.38,0.0,0.0,51.48,0.0,0.0,0.0,0.0,0.0,198.7,23782.0,44991.0,20.6,5.6,72.4,30.27,3.134,324.0,0.0,0.0,
2026-04-19T04:22:00,04/19/202604:22,20.38,0.0,0.0,51.470000000000006,0.0,0.0,0.0,0.0,0.0,198.7,23782.0,44991.0,20.7,5.6,72.3,30.27,3.1279999999999997,325.5,0.0,0.0,
2026-04-19T04:23:00,04/19/202604:23,20.38,0.0,0.0,51.470000000000006,0.0,0.0,0.0,0.0,0.0,198.7,23782.0,44991.0,20.7,5.6,72.2,30.27,3.122,327.0,0.0,0.0,
2026-04-19T04:24:00,04/19/202604:24,20.389999999999997,0.0,0.0,51.46,0.0,0.0,0.0,0.0,0.0,198.7,23782.0,44991.0,20.7,5.6,72.1,30.27,3.116,328.5,0.0,0.0,
2026-04-19T04:25:00,04/19/202604:25,20.4,0.0,0.0,51.45,0.0,0.0,0.0,0.0,0.0,198.7,23782.0,44991.0,20.6,5.6,72.0,30.27,3.11,330.0,0.0,0.0,
2026-04-19T04:26:01,04/19/202604:26,20.4,0.0,0.0,51.44,0.0,0.0,0.0,0.0,0.0,198.7,23782.0,44991.0,20.7,5.6,72.0,30.27,3.11,330.0,0.0,0.0,
2026-04-19T04:27:00,04/19/202604:27,20.4,0.0,0.0,51.42999999999999,0.0,0.0,0.0,0.0,0.0,198.7,23782.0,44991.0,20.6,5.6,72.0,30.27,3.11,330.0,0.0,0.0,
2026-04-19T04:28:00,04/19/202604:28,20.4,0.0,0.0,51.42999999999999,0.0,0.0,0.0,0.0,0.0,198.7,23782.0,44991.0,20.6,5.6,72.0,30.27,3.11,330.0,0.0,0.0,
2026-04-19T04:29:00,04/19/202604:29,20.4,0.0,0.0,51.42999999999999,0.0,0.0,0.0,0.0,0.0,198.7,23782.0,44991.0,20.6,5.6,72.0,30.27,3.11,330.0,0.0,0.0,
2026-04-19T04:30:25,04/19/202604:30,20.4,0.0,0.0,51.42999999999999,0.0,0.0,0.0,0.0,0.0,198.7,23782.0,44991.0,20.6,5.6,72.0,30.27,3.11,330.0,0.0,0.0,
2026-04-19T04:31:00,04/19/202604:31,20.4,0.0,0.0,51.44,0.0,0.0,0.0,0.0,0.0,198.7,23782.0,44991.0,20.6,5.569999999999999,72.0,30.27,3.029,326.9,0.0,0.0,
2026-04-19T04:32:01,04/19/202604:32,20.4,0.0,0.0,51.44,0.0,0.0,0.0,0.0,0.0,198.7,23782.0,44991.0,20.6,5.54,72.0,30.27,2.9479999999999995,323.8,0.0,0.0,
2026-04-19T04:33:01,04/19/202604:33,20.4,0.0,0.0,51.44,0.0,0.0,0.0,0.0,0.0,198.7,23782.0,44991.0,20.6,5.51,72.0,30.27,2.867,320.7,0.0,0.0,
2026-04-19T04:34:01,04/19/202604:34,20.4,0.0,0.0,51.44,0.0,0.0,0.0,0.0,0.0,198.7,23782.0,44991.0,20.6,5.4799999999999995,72.0,30.27,2.786,317.6,0.0,0.0,
2026-04-19T04:35:01,04/19/202604:35,20.4,0.0,0.0,51.45,0.0,0.0,0.0,0.0,0.0,198.7,23782.0,44991.0,20.6,5.45,72.0,30.27,2.7049999999999996,314.5,0.0,0.0,
2026-04-19T04:36:00,04/19/202604:36,20.4,0.0,0.0,51.45,0.0,0.0,0.0,0.0,0.0,198.7,23782.0,44991.0,20.6,5.42,72.1,30.27,2.6239999999999997,311.4,0.0,0.0,
2026-04-19T04:37:01,04/19/202604:37,20.4,0.0,0.0,51.46,0.0,0.0,0.0,0.0,0.0,198.7,23782.0,44991.0,20.6,5.39,72.2,30.27,2.543,308.3,0.0,0.0,
2026-04-19T04:38:01,04/19/202604:38,20.4,0.0,0.0,51.46,0.0,0.0,0.0,0.0,0.0,198.7,23782.0,44991.0,20.6,5.359999999999999,72.3,30.27,2.4619999999999997,305.2,0.0,0.0,
2026-04-19T04:39:01,04/19/202604:39,20.4,0.0,0.0,51.45,0.0,0.0,0.0,0.0,0.0,198.7,23782.0,44991.0,20.6,5.33,72.4,30.27,2.381,302.1,0.0,0.0,
2026-04-19T04:40:01,04/19/202604:40,20.4,0.0,0.0,51.44,0.0,0.0,0.0,0.0,0.0,198.7,23782.0,44991.0,20.6,5.3,72.5,30.27,2.3,299.0,0.0,0.0,
2026-04-19T04:41:37,04/19/202604:41,20.4,0.0,0.0,51.42999999999999,0.0,0.0,0.0,0.0,0.0,198.7,23782.0,44991.0,20.6,5.3,72.6,30.27,2.3,299.0,0.0,0.0,
2026-04-19T04:42:00,04/19/202604:42,20.4,0.0,0.0,51.42999999999999,0.0,0.0,0.0,0.0,0.0,198.7,23782.0,44991.0,20.6,5.3,72.7,30.27,2.3,299.0,0.0,0.0,
2026-04-19T04:42:43,04/19/202604:42,20.389999999999997,0.0,0.0,51.42,0.0,0.0,0.0,0.0,0.0,198.7,23782.0,44991.0,20.6,5.3,72.8,30.27,2.3,299.0,0.0,0.0,
2026-04-19T04:43:01,04/19/202604:43,20.38,0.0,0.0,51.42,0.0,0.0,0.0,0.0,0.0,198.7,23782.0,44991.0,20.6,5.3,72.9,30.27,2.3,299.0,0.0,0.0,
2026-04-19T04:43:43,04/19/202604:43,20.38,0.0,0.0,51.410000000000004,0.0,0.0,0.0,0.0,0.0,198.7,23782.0,44991.0,20.6,5.3,73.0,30.27,2.3,299.0,0.0,0.0,
2026-04-19T04:44:00,04/19/202604:44,20.38,0.0,0.0,51.410000000000004,0.0,0.0,0.0,0.0,0.0,198.7,23782.0,44991.0,20.6,5.3,73.0,30.27,2.3,299.0,0.0,0.0,
2026-04-19T04:45:01,04/19/202604:45,20.38,0.0,0.0,51.4,0.0,0.0,0.0,0.0,0.0,198.7,23782.0,44991.0,20.6,5.3,73.0,30.27,2.3,299.0,0.0,0.0,
2026-04-19T04:46:01,04/19/202604:46,20.38,0.0,0.0,51.4,0.0,0.0,0.0,0.0,0.0,198.7,23782.0,44991.0,20.6,5.3,73.0,30.27,2.3,299.0,0.0,0.0,
2026-04-19T04:46:43,04/19/202604:46,20.369999999999997,0.0,0.0,51.4,0.0,0.0,0.0,0.0,0.0,198.7,23782.0,44991.0,20.6,5.279999999999999,72.9,30.27,2.2809999999999997,297.9,0.0,0.0,
2026-04-19T04:47:00,04/19/202604:47,20.36,0.0,0.0,51.4,0.0,0.0,0.0,0.0,0.0,198.7,23782.0,44991.0,20.6,5.26,72.8,30.27,2.2619999999999996,296.8,0.0,0.0,
2026-04-19T04:48:01,04/19/202604:48,20.35,0.0,0.0,51.4,0.0,0.0,0.0,0.0,0.0,198.7,23782.0,44991.0,20.6,5.24,72.7,30.27,2.243,295.7,0.0,0.0,
2026-04-19T04:48:43,04/19/202604:48,20.35,0.0,0.0,51.4,0.0,0.0,0.0,0.0,0.0,198.7,23782.0,44991.0,20.6,5.22,72.6,30.27,2.2239999999999998,294.6,0.0,0.0,
2026-04-19T04:49:00,04/19/202604:49,20.36,0.0,0.0,51.4,0.0,0.0,0.0,0.0,0.0,198.7,23782.0,44991.0,20.6,5.2,72.5,30.27,2.2049999999999996,293.5,0.0,0.0,
2026-04-19T04:50:00,04/19/202604:50,20.369999999999997,0.0,0.0,51.4,0.0,0.0,0.0,0.0,0.0,198.7,23782.0,44991.0,20.6,5.18,72.4,30.27,2.186,292.4,0.0,0.0,
2026-04-19T04:51:01,04/19/202604:51,20.369999999999997,0.0,0.0,51.4,0.0,0.0,0.0,0.0,0.0,198.7,23782.0,44991.0,20.6,5.159999999999999,72.3,30.27,2.167,291.3,0.0,0.0,
2026-04-19T04:52:49,04/19/202604:52,20.369999999999997,0.0,0.0,51.4,0.0,0.0,0.0,0.0,0.0,198.7,23782.0,44991.0,20.6,5.14,72.2,30.27,2.1479999999999997,290.2,0.0,0.0,
2026-04-19T04:53:01,04/19/202604:53,20.369999999999997,0.0,0.0,51.4,0.0,0.0,0.0,0.0,0.0,198.7,23782.0,44991.0,20.6,5.119999999999999,72.1,30.27,2.129,289.1,0.0,0.0,
2026-04-19T04:54:00,04/19/202604:54,20.369999999999997,0.0,0.0,51.4,0.0,0.0,0.0,0.0,0.0,198.7,23782.0,44991.0,20.6,5.1,72.0,30.27,2.11,288.0,0.0,0.0,
2026-04-19T04:55:00,04/19/202604:55,20.38,0.0,0.0,51.4,0.0,0.0,0.0,0.0,0.0,198.7,23782.0,44991.0,20.6,5.1,72.0,30.27,2.11,288.0,0.0,0.0,
2026-04-19T04:56:01,04/19/202604:56,20.389999999999997,0.0,0.0,51.4,0.0,0.0,0.0,0.0,0.0,198.7,23782.0,44991.0,20.6,5.1,72.0,30.27,2.11,288.0,0.0,0.0,
2026-04-19T04:57:00,04/19/202604:57,20.4,0.0,0.0,51.4,0.0,0.0,0.0,0.0,0.0,198.7,23782.0,44991.0,20.6,5.1,72.0,30.27,2.11,288.0,0.0,0.0,
2026-04-19T04:58:01,04/19/202604:58,20.4,0.0,0.0,51.4,0.0,0.0,0.0,0.0,0.0,198.7,23782.0,44991.0,20.6,5.1,72.0,30.27,2.11,288.0,0.0,0.0,
2026-04-19T04:59:00,04/19/202604:59,20.4,0.0,0.0,51.4,0.0,0.0,0.0,0.0,0.0,198.7,23782.0,44991.0,20.6,5.1,72.0,30.27,2.11,288.0,0.0,0.0,
2026-04-19T04:59:06,04/19/202604:59,20.389999999999997,0.0,0.0,51.4,0.0,0.0,0.0,0.0,0.0,198.7,23782.0,44991.0,20.6,5.1,72.0,30.27,2.11,288.0,0.0,0.0,
2026-04-19T05:00:00,04/19/202605:00,20.38,0.0,0.0,51.4,0.0,0.0,0.0,0.0,0.0,198.7,23782.0,44991.0,20.6,5.1,72.0,30.27,2.11,288.0,0.0,0.0,
2026-04-19T05:00:06,04/19/202605:00,20.38,0.0,0.0,51.4,0.0,0.0,0.0,0.0,0.0,198.7,23782.0,44991.0,20.6,5.1,72.0,30.27,2.11,288.0,0.0,0.0,
2026-04-19T05:01:01,04/19/202605:01,20.38,0.0,0.0,51.4,0.0,0.0,0.0,0.0,0.0,198.7,23782.0,44991.0,20.6,5.1,72.0,30.27,2.11,288.0,0.0,0.0,
2026-04-19T05:02:00,04/19/202605:02,20.38,0.0,0.0,51.4,0.0,0.0,0.0,0.0,0.0,198.7,23782.0,44991.0,20.6,5.09,72.0,30.27,2.148,286.2,0.0,0.0,
2026-04-19T05:04:00,04/19/202605:03,20.38,0.0,0.0,51.4,0.0,0.0,0.0,0.0,0.0,198.7,23782.0,44991.0,20.6,5.08,72.0,30.27,2.186,284.4,0.0,0.0,
2026-04-19T05:04:01,04/19/202605:04,20.38,0.0,0.0,51.4,0.0,0.0,0.0,0.0,0.0,198.7,23782.0,44991.0,20.6,5.069999999999999,72.0,30.27,2.2239999999999998,282.6,0.0,0.0,
2026-04-19T05:04:31,04/19/202605:04,20.369999999999997,0.0,0.0,51.4,0.0,0.0,0.0,0.0,0.0,198.7,23782.0,44991.0,20.6,5.06,72.0,30.27,2.262,280.8,0.0,0.0,
2026-04-19T05:05:01,04/19/202605:05,20.36,0.0,0.0,51.4,0.0,0.0,0.0,0.0,0.0,198.7,23782.0,44991.0,20.6,5.05,72.0,30.27,2.3,279.0,0.0,0.0,
2026-04-19T05:05:31,04/19/202605:05,20.36,0.0,0.0,51.4,0.0,0.0,0.0,0.0,0.0,198.7,23782.0,44991.0,20.6,5.04,72.0,30.27,2.338,277.2,0.0,0.0,
2026-04-19T05:06:01,04/19/202605:06,20.369999999999997,0.0,0.0,51.4,0.0,0.0,0.0,0.0,0.0,198.7,23782.0,44991.0,20.6,5.029999999999999,72.0,30.27,2.3760000000000003,275.4,0.0,0.0,
2026-04-19T05:06:31,04/19/202605:06,20.369999999999997,0.0,0.0,51.4,0.0,0.0,0.0,0.0,0.0,198.7,23782.0,44991.0,20.6,5.0200000000000005,72.0,30.27,2.414,273.6,0.0,0.0,
2026-04-19T05:07:01,04/19/202605:07,20.36,0.0,0.0,51.4,0.0,0.0,0.0,0.0,0.0,198.7,23782.0,44991.0,20.6,5.01,72.0,30.27,2.4520000000000004,271.8,0.0,0.0,
2026-04-19T05:07:31,04/19/202605:07,20.36,0.0,0.0,51.4,0.0,0.0,0.0,0.0,0.0,198.7,23782.0,44991.0,20.6,5.0,72.0,30.27,2.49,270.0,0.0,0.0,
2026-04-19T05:08:01,04/19/202605:08,20.36,0.0,0.0,51.4,0.0,0.0,0.0,0.0,0.0,198.7,23782.0,44991.0,20.6,5.0,72.0,30.27,2.49,270.0,0.0,0.0,
2026-04-19T05:08:31,04/19/202605:08,20.35,0.0,0.0,51.4,0.0,0.0,0.0,0.0,0.0,198.7,23782.0,44991.0,20.6,5.0,72.0,30.27,2.49,270.0,0.0,0.0,
2026-04-19T05:09:01,04/19/202605:09,20.34,0.0,0.0,51.4,0.0,0.0,0.0,0.0,0.0,198.7,23782.0,44991.0,20.6,5.0,72.0,30.27,2.49,270.0,0.0,0.0,
2026-04-19T05:09:32,04/19/202605:09,20.35,0.0,0.0,51.4,0.0,0.0,0.0,0.0,0.0,198.7,23782.0,44991.0,20.6,5.0,72.0,30.27,2.49,270.0,0.0,0.0,
2026-04-19T05:10:01,04/19/202605:10,20.36,0.0,0.0,51.4,0.0,0.0,0.0,0.0,0.0,198.7,23782.0,44991.0,20.6,5.0,72.0,30.27,2.49,270.0,0.0,0.0,
2026-04-19T05:11:01,04/19/202605:11,20.36,0.0,0.0,51.4,0.0,0.0,0.0,0.0,0.0,198.7,23782.0,44991.0,20.6,5.0,72.0,30.27,2.49,270.0,0.0,0.0,
2026-04-19T05:12:01,04/19/202605:12,20.36,0.0,0.0,51.4,0.0,0.0,0.0,0.0,0.0,198.7,23782.0,44991.0,20.5,5.0,72.0,30.27,2.49,270.0,0.0,0.0,
2026-04-19T05:13:01,04/19/202605:13,20.369999999999997,0.0,0.0,51.4,0.0,0.0,0.0,0.0,0.0,198.7,23782.0,44991.0,20.5,5.0,72.0,30.27,2.49,270.0,0.0,0.0,
2026-04-19T05:15:44,04/19/202605:15,20.369999999999997,0.0,0.0,51.4,0.0,0.0,0.0,0.0,0.0,198.7,23782.0,44991.0,20.6,4.9799999999999995,72.1,30.27,2.4520000000000004,271.8,0.0,0.0,
2026-04-19T05:15:45,04/19/202605:15,20.369999999999997,0.0,0.0,51.39,0.0,0.0,0.0,0.0,0.0,198.7,23782.0,44991.0,20.6,4.96,72.2,30.27,2.414,273.6,0.0,0.0,
2026-04-19T05:16:00,04/19/202605:16,20.369999999999997,0.0,0.0,51.379999999999995,0.0,0.0,0.0,0.0,0.0,198.7,23782.0,44991.0,20.6,4.9399999999999995,72.3,30.27,2.3760000000000003,275.4,0.0,0.0,
2026-04-19T05:16:45,04/19/202605:16,20.369999999999997,0.0,0.0,51.36999999999999,0.0,0.0,0.0,0.0,0.0,198.7,23782.0,44991.0,20.6,4.92,72.4,30.27,2.338,277.2,0.0,0.0,
2026-04-19T05:17:01,04/19/202605:17,20.369999999999997,0.0,0.0,51.36,0.0,0.0,0.0,0.0,0.0,198.7,23782.0,44991.0,20.6,4.9,72.5,30.27,2.3,279.0,0.0,0.0,
2026-04-19T05:17:46,04/19/202605:17,20.369999999999997,0.0,0.0,51.35,0.0,0.0,0.0,0.0,0.0,198.7,23782.0,44991.0,20.5,4.88,72.6,30.27,2.262,280.8,0.0,0.0,
2026-04-19T05:18:01,04/19/202605:18,20.369999999999997,0.0,0.0,51.339999999999996,0.0,0.0,0.0,0.0,0.0,198.7,23782.0,44991.0,20.5,4.86,72.7,30.27,2.2239999999999998,282.6,0.0,0.0,
2026-04-19T05:19:00,04/19/202605:19,20.369999999999997,0.0,0.0,51.339999999999996,0.0,0.0,0.0,0.0,0.0,198.7,23782.0,44991.0,20.5,4.84,72.8,30.27,2.186,284.4,0.0,0.0,
2026-04-19T05:19:59,04/19/202605:19,20.36,0.0,0.0,51.339999999999996,0.0,0.0,0.0,0.0,0.0,198.7,23782.0,44991.0,20.5,4.819999999999999,72.9,30.27,2.148,286.2,0.0,0.0,
2026-04-19T05:20:01,04/19/202605:20,20.35,0.0,0.0,51.339999999999996,0.0,0.0,0.0,0.0,0.0,198.7,23782.0,44991.0,20.5,4.8,73.0,30.27,2.11,288.0,0.0,0.0,
2026-04-19T05:20:59,04/19/202605:20,20.36,0.0,0.0,51.339999999999996,0.0,0.0,0.0,0.0,0.0,198.7,23782.0,44991.0,20.6,4.8,73.0,30.27,2.11,288.0,0.0,0.0,
2026-04-19T05:21:01,04/19/202605:21,20.36,0.0,0.0,51.35,0.0,0.0,0.0,0.0,0.0,198.7,23782.0,44991.0,20.6,4.8,73.0,30.27,2.11,288.0,0.0,0.0,
2026-04-19T05:22:01,04/19/202605:22,20.36,0.0,0.0,51.35,0.0,0.0,0.0,0.0,0.0,198.7,23782.0,44991.0,20.5,4.8,73.0,30.27,2.11,288.0,0.0,0.0,
2026-04-19T05:23:01,04/19/202605:23,20.369999999999997,0.0,0.0,51.36,0.0,0.0,0.0,0.0,0.0,198.7,23782.0,44991.0,20.5,4.8,73.0,30.27,2.11,288.0,0.0,0.0,
2026-04-19T05:24:00,04/19/202605:24,20.38,0.0,0.0,51.36999999999999,0.0,0.0,0.0,0.0,0.0,198.7,23782.0,44991.0,20.5,4.8,73.0,30.27,2.11,288.0,0.0,0.0,
2026-04-19T05:25:01,04/19/202605:25,20.38,0.0,0.0,51.379999999999995,0.0,0.0,0.0,0.0,0.0,198.7,23782.0,44991.0,20.5,4.8,73.0,30.27,2.11,288.0,0.0,0.0,
2026-04-19T05:26:24,04/19/202605:26,20.38,0.0,0.0,51.39,0.0,0.0,0.0,0.0,0.0,198.7,23782.0,44991.0,20.5,4.8,73.0,30.27,2.11,288.0,0.0,0.0,
2026-04-19T05:27:00,04/19/202605:27,20.38,0.0,0.0,51.39,0.0,0.0,0.0,0.0,0.0,198.7,23782.0,44991.0,20.5,4.8,73.0,30.27,2.11,288.0,0.0,0.0,
2026-04-19T05:28:01,04/19/202605:28,20.389999999999997,0.0,0.0,51.39,0.0,0.0,0.0,0.0,0.0,198.7,23782.0,44991.0,20.5,4.8,73.0,30.27,2.11,288.0,0.0,0.0,
2026-04-19T05:29:00,04/19/202605:29,20.4,0.0,0.0,51.39,0.0,0.0,0.0,0.0,0.0,198.7,23782.0,44991.0,20.5,4.8,73.0,30.27,2.11,288.0,0.0,0.0,
2026-04-19T05:30:01,04/19/202605:30,20.4,0.0,0.0,51.379999999999995,0.0,0.0,0.0,0.0,0.0,198.7,23782.0,44991.0,20.5,4.8,73.0,30.27,2.11,288.0,0.0,0.0,
2026-04-19T05:30:17,04/19/202605:30,20.389999999999997,0.0,0.0,51.36999999999999,0.0,0.0,0.0,0.0,0.0,198.7,23782.0,44991.0,20.5,4.8,73.0,30.27,2.11,288.0,0.0,0.0,
2026-04-19T05:31:00,04/19/202605:31,20.38,0.0,0.0,51.36999999999999,0.0,0.0,0.0,0.0,0.0,198.7,23782.0,44991.0,20.5,4.8,73.0,30.27,2.11,288.0,0.0,0.0,
2026-04-19T05:32:12,04/19/202605:32,20.38,0.0,0.0,51.36999999999999,0.0,0.0,0.0,0.0,0.0,198.7,23782.0,44991.0,20.5,4.8,73.0,30.27,2.098,288.9,0.0,0.0,
2026-04-19T05:33:01,04/19/202605:33,20.38,0.0,0.0,51.36999999999999,0.0,0.0,0.0,0.0,0.0,198.7,23782.0,44991.0,20.5,4.8,73.0,30.27,2.086,289.8,0.0,0.0,
2026-04-19T05:33:12,04/19/202605:33,20.369999999999997,0.0,0.0,51.36,0.0,0.0,0.0,0.0,0.0,198.7,23782.0,44991.0,20.5,4.8,73.0,30.27,2.136,290.0,0.0,0.0,
2026-04-19T05:34:00,04/19/202605:34,20.36,0.0,0.0,51.35,0.0,0.0,0.0,0.0,0.0,198.7,23782.0,44991.0,20.5,4.8,73.0,30.27,2.186,290.2,0.0,0.0,
2026-04-19T05:35:00,04/19/202605:35,20.35,0.0,0.0,51.35,0.0,0.0,0.0,0.0,0.0,198.7,23782.0,44991.0,20.5,4.8,73.0,30.27,2.2359999999999998,290.4,0.0,0.0,
2026-04-19T05:35:12,04/19/202605:35,20.35,0.0,0.0,51.339999999999996,0.0,0.0,0.0,0.0,0.0,198.7,23782.0,44991.0,20.5,4.8,73.0,30.27,2.274,288.6,0.0,0.0,
2026-04-19T05:36:01,04/19/202605:36,20.35,0.0,0.0,51.33,0.0,0.0,0.0,0.0,0.0,198.7,23782.0,44991.0,20.5,4.8,73.0,30.27,2.3120000000000003,286.8,0.0,0.0,
2026-04-19T05:36:13,04/19/202605:36,20.34,0.0,0.0,51.33,0.0,0.0,0.0,0.0,0.0,198.7,23782.0,44991.0,20.5,4.8,73.0,30.27,2.35,285.0,0.0,0.0,
2026-04-19T05:37:36,04/19/202605:37,20.34,0.0,0.0,51.339999999999996,0.0,0.0,0.0,0.0,0.0,198.7,23782.0,44991.0,20.5,4.8,73.0,30.27,2.388,283.2,0.0,0.0,
2026-04-19T05:38:00,04/19/202605:38,20.34,0.0,0.0,51.35,0.0,0.0,0.0,0.0,0.0,198.7,23782.0,44991.0,20.5,4.8,73.0,30.27,2.426,281.4,0.0,0.0,
2026-04-19T05:38:12,04/19/202605:38,20.34,0.0,0.0,51.339999999999996,0.0,0.0,0.0,0.0,0.0,198.7,23782.0,44991.0,20.5,4.8,73.0,30.27,2.476,278.7,0.0,0.0,
2026-04-19T05:39:01,04/19/202605:39,20.34,0.0,0.0,51.33,0.0,0.0,0.0,0.0,0.0,198.7,23782.0,44991.0,20.5,4.8,73.0,30.27,2.5260000000000002,276.0,0.0,0.0,
2026-04-19T05:39:12,04/19/202605:39,20.34,0.0,0.0,51.33,0.0,0.0,0.0,0.0,0.0,198.7,23782.0,44991.0,20.5,4.8,73.0,30.27,2.5140000000000002,274.0,0.0,0.0,
2026-04-19T05:40:00,04/19/202605:40,20.34,0.0,0.0,51.33,0.0,0.0,0.0,0.0,0.0,198.7,23782.0,44991.0,20.5,4.8,73.0,30.27,2.5020000000000002,272.0,0.0,0.0,
2026-04-19T05:41:10,04/19/202605:41,20.35,0.0,0.0,51.33,0.0,0.0,0.0,0.0,0.0,198.7,23782.0,44991.0,20.5,4.8,73.0,30.27,2.49,270.0,0.0,0.0,
2026-04-19T05:42:01,04/19/202605:42,20.35,0.0,0.0,51.339999999999996,0.0,0.0,0.0,0.0,0.0,198.7,23782.0,44991.0,20.5,4.8,73.0,30.27,2.49,270.0,0.0,0.0,
2026-04-19T05:42:11,04/19/202605:42,20.34,0.0,0.0,51.35,0.0,0.0,0.0,0.0,0.0,198.7,23782.0,44991.0,20.5,4.8,73.0,30.27,2.49,270.0,0.0,0.0,
2026-04-19T05:42:15,04/19/202605:42,20.35,0.0,0.0,51.35,0.0,0.0,0.0,0.0,0.0,198.7,23782.0,44991.0,20.5,4.8,73.0,30.27,2.49,270.0,0.0,0.0,
2026-04-19T05:43:00,04/19/202605:43,20.36,0.0,0.0,51.339999999999996,0.0,0.0,0.0,0.0,0.0,198.7,23782.0,44991.0,20.5,4.8,73.0,30.27,2.49,270.0,0.0,0.0,
2026-04-19T05:43:15,04/19/202605:43,20.36,0.0,0.0,51.339999999999996,0.0,0.0,0.0,0.0,0.0,198.7,23782.0,44991.0,20.5,4.8,73.0,30.27,2.49,270.0,0.0,0.0,
2026-04-19T05:44:01,04/19/202605:44,20.35,0.0,0.0,51.35,0.0,0.0,0.0,0.0,0.0,198.7,23782.0,44991.0,20.5,4.8,73.0,30.27,2.49,270.0,0.0,0.0,
2026-04-19T05:45:00,04/19/202605:45,20.34,0.0,0.0,51.35,0.0,0.0,0.0,0.0,0.0,198.7,23782.0,44991.0,20.5,4.8,73.0,30.27,2.49,270.0,0.0,0.0,
2026-04-19T05:45:15,04/19/202605:45,20.35,0.0,0.0,51.35,0.0,0.0,0.0,0.0,0.0,198.7,23782.0,44991.0,20.5,4.8,73.0,30.27,2.49,270.0,0.0,0.0,
2026-04-19T05:46:01,04/19/202605:46,20.36,0.0,0.0,51.35,0.0,0.0,0.0,0.0,0.0,198.7,23782.0,44991.0,20.5,4.8,73.0,30.27,2.49,270.0,0.0,0.0,
2026-04-19T05:46:15,04/19/202605:46,20.35,0.0,0.0,51.33,0.0,0.0,0.0,0.0,0.0,198.7,23782.0,44991.0,20.5,4.79,73.0,30.27,2.5330000000000004,272.3,0.0,0.0,
2026-04-19T05:47:00,04/19/202605:47,20.34,0.0,0.0,51.31,0.0,0.0,0.0,0.0,0.0,198.7,23782.0,44991.0,20.5,4.779999999999999,73.0,30.27,2.576,274.6,0.0,0.0,
2026-04-19T05:47:16,04/19/202605:47,20.35,0.0,0.0,51.31,0.0,0.0,0.0,0.0,0.0,198.7,23782.0,44991.0,20.5,4.7700000000000005,73.0,30.27,2.619,276.9,0.0,0.0,
2026-04-19T05:48:48,04/19/202605:48,20.35,0.0,0.0,51.3,0.0,0.0,0.0,0.0,0.0,198.7,23782.0,44991.0,20.5,4.76,73.0,30.27,2.662,279.2,0.0,0.0,
2026-04-19T05:49:01,04/19/202605:49,20.35,0.0,0.0,51.29,0.0,0.0,0.0,0.0,0.0,198.7,23782.0,44991.0,20.5,4.75,73.0,30.27,2.705,281.5,0.0,0.0,
2026-04-19T05:50:00,04/19/202605:50,20.36,0.0,0.0,51.279999999999994,0.0,0.0,0.0,0.0,0.0,198.7,23782.0,44991.0,20.5,4.74,73.0,30.27,2.748,283.8,0.0,0.0,
2026-04-19T05:50:22,04/19/202605:50,20.36,0.0,0.0,51.27,0.0,0.0,0.0,0.0,0.0,198.7,23782.0,44991.0,20.5,4.7299999999999995,73.0,30.27,2.791,286.1,0.0,0.0,
2026-04-19T05:51:00,04/19/202605:51,20.36,0.0,0.0,51.27,0.0,0.0,0.0,0.0,0.0,198.7,23782.0,44991.0,20.5,4.720000000000001,73.0,30.27,2.834,288.4,0.0,0.0,
2026-04-19T05:51:22,04/19/202605:51,20.36,0.0,0.0,51.279999999999994,0.0,0.0,0.0,0.0,0.0,198.7,23782.0,44991.0,20.5,4.71,73.0,30.27,2.877,290.7,0.0,0.0,
2026-04-19T05:52:00,04/19/202605:52,20.36,0.0,0.0,51.29,0.0,0.0,0.0,0.0,0.0,198.7,23782.0,44991.0,20.5,4.7,73.0,30.27,2.92,293.0,0.0,0.0,
2026-04-19T05:52:23,04/19/202605:52,20.36,0.0,0.0,51.3,0.0,0.0,0.0,0.0,0.0,198.7,23782.0,44991.0,20.5,4.7,73.0,30.27,2.92,293.0,0.0,0.0,
2026-04-19T05:53:00,04/19/202605:53,20.36,0.0,0.0,51.31,0.0,0.0,0.0,0.0,0.0,198.7,23782.0,44991.0,20.5,4.7,73.0,30.27,2.92,293.0,0.0,0.0,
2026-04-19T05:53:22,04/19/202605:53,20.36,0.0,0.0,51.3,0.0,0.0,0.0,0.0,0.0,198.7,23782.0,44991.0,20.5,4.7,73.0,30.27,2.92,293.0,0.0,0.0,
2026-04-19T05:54:01,04/19/202605:54,20.36,0.0,0.0,51.31,0.0,0.0,0.0,0.0,0.0,198.7,23782.0,44991.0,20.5,4.7,73.0,30.27,2.92,293.0,0.0,0.0,
2026-04-19T05:54:23,04/19/202605:54,20.35,0.0,0.0,51.31,0.0,0.0,0.0,0.0,0.0,198.7,23782.0,44991.0,20.5,4.7,73.0,30.27,2.92,293.0,0.0,0.0,
2026-04-19T05:55:00,04/19/202605:55,20.34,0.0,0.0,51.3,0.0,0.0,0.0,0.0,0.0,198.7,23782.0,44991.0,20.5,4.7,73.0,30.27,2.92,293.0,0.0,0.0,
2026-04-19T05:56:00,04/19/202605:56,20.34,0.0,0.0,51.3,0.0,0.0,0.0,0.0,0.0,198.7,23782.0,44991.0,20.5,4.7,73.0,30.27,2.92,293.0,0.0,0.0,
2026-04-19T05:57:00,04/19/202605:57,20.34,0.0,0.0,51.3,0.0,0.0,0.0,0.0,0.0,198.7,23782.0,44991.0,20.5,4.7,73.0,30.27,2.92,293.0,0.0,0.0,
2026-04-19T05:57:22,04/19/202605:57,20.34,0.0,0.0,51.29,0.0,0.0,0.0,0.0,0.0,198.7,23782.0,44991.0,20.5,4.7,73.0,30.27,2.92,293.0,0.0,0.0,
2026-04-19T05:58:00,04/19/202605:58,20.34,0.0,0.0,51.279999999999994,0.0,0.0,0.0,0.0,0.0,198.7,23782.0,44991.0,20.5,4.7,73.0,30.27,2.92,293.0,0.0,0.0,
2026-04-19T05:59:59,04/19/202605:59,20.34,0.0,0.0,51.279999999999994,0.0,0.0,0.0,0.0,0.0,198.7,23782.0,44991.0,20.5,4.7,73.0,30.27,2.92,293.0,0.0,0.0,
2026-04-19T06:00:01,04/19/202606:00,20.34,0.0,0.0,51.279999999999994,0.0,0.0,0.0,0.0,0.0,198.7,23782.0,44991.0,20.5,4.7,73.0,30.27,2.92,293.0,0.0,0.0,
2026-04-19T06:01:15,04/19/202606:01,20.330000000000002,0.0,0.0,51.279999999999994,0.0,0.0,0.0,0.0,0.0,198.7,23782.0,44991.0,20.5,4.6899999999999995,73.0,30.27,2.92,293.9,0.0,0.0,
2026-04-19T06:02:01,04/19/202606:02,20.32,0.0,0.0,51.279999999999994,0.0,0.0,0.0,0.0,0.0,198.7,23782.0,44991.0,20.5,4.68,73.0,30.27,2.92,294.8,0.0,0.0,
2026-04-19T06:02:14,04/19/202606:02,20.330000000000002,0.0,0.0,51.29,0.0,0.0,0.0,0.0,0.0,198.7,23782.0,44991.0,20.4,4.67,73.0,30.27,2.92,295.7,0.0,0.0,
2026-04-19T06:03:01,04/19/202606:03,20.34,0.0,0.0,51.3,0.0,0.0,0.0,0.0,0.0,198.7,23782.0,44991.0,20.5,4.66,73.0,30.27,2.92,296.6,0.0,0.0,
2026-04-19T06:04:01,04/19/202606:04,20.35,0.0,0.0,51.3,0.0,0.0,0.0,0.0,0.0,198.7,23782.0,44991.0,20.4,4.65,73.0,30.27,2.92,297.5,0.0,0.0,
2026-04-19T06:04:16,04/19/202606:04,20.35,0.0,0.0,51.29,0.0,0.0,0.0,0.0,0.0,198.7,23782.0,44991.0,20.5,4.64,73.0,30.27,2.92,298.4,0.0,0.0,
2026-04-19T06:05:01,04/19/202606:05,20.34,0.0,0.0,51.279999999999994,0.0,0.0,0.0,0.0,0.0,198.7,23782.0,44991.0,20.5,4.63,73.0,30.27,2.92,299.3,0.0,0.0,
2026-04-19T06:06:01,04/19/202606:06,20.330000000000002,0.0,0.0,51.279999999999994,0.0,0.0,0.0,0.0,0.0,198.7,23782.0,44991.0,20.5,4.619999999999999,73.0,30.27,2.92,300.2,0.0,0.0,
2026-04-19T06:06:16,04/19/202606:06,20.34,0.0,0.0,51.27,0.0,0.0,0.0,0.0,0.0,198.7,23782.0,44991.0,20.4,4.609999999999999,73.0,30.27,2.92,301.1,0.0,0.0,
2026-04-19T06:07:00,04/19/202606:07,20.35,0.0,0.0,51.260000000000005,0.0,0.0,0.0,0.0,0.0,198.7,23782.0,44991.0,20.4,4.6,73.0,30.27,2.92,302.0,0.0,0.0,
2026-04-19T06:08:01,04/19/202606:08,20.36,0.0,0.0,51.260000000000005,0.0,0.0,0.0,0.0,0.0,198.7,23782.0,44991.0,20.4,4.6,73.0,30.27,2.92,302.0,0.0,0.0,
2026-04-19T06:08:24,04/19/202606:08,20.36,0.0,0.0,51.260000000000005,0.0,0.0,0.0,0.0,0.0,198.7,23782.0,44991.0,20.4,4.6,73.0,30.27,2.92,302.0,0.0,0.0,
2026-04-19T06:09:01,04/19/202606:09,20.35,0.0,0.0,51.260000000000005,0.0,0.0,0.0,0.0,0.0,198.7,23782.0,44991.0,20.4,4.6,73.0,30.27,2.92,302.0,0.0,0.0,
2026-04-19T06:09:25,04/19/202606:09,20.35,0.0,0.0,51.260000000000005,0.0,0.0,0.0,0.0,0.0,198.7,23782.0,44991.0,20.4,4.6,73.0,30.27,2.92,302.0,0.0,0.0,
2026-04-19T06:11:11,04/19/202606:11,20.35,0.0,0.0,51.260000000000005,0.0,0.0,0.0,0.0,0.0,198.7,23782.0,44991.0,20.4,4.6,73.0,30.27,2.92,302.0,0.0,0.0,
2026-04-19T06:12:01,04/19/202606:12,20.36,0.0,0.0,51.260000000000005,0.0,0.0,0.0,0.0,0.0,198.7,23782.0,44991.0,20.5,4.6,73.0,30.27,2.92,302.0,0.0,0.0,
2026-04-19T06:12:31,04/19/202606:12,20.38,0.0,0.0,51.260000000000005,0.0,0.0,0.0,0.0,0.0,198.7,23782.0,44991.0,20.4,4.6,73.0,30.27,2.92,302.0,0.0,0.0,
2026-04-19T06:13:00,04/19/202606:13,20.4,0.0,0.0,51.25,0.0,0.0,0.0,0.0,0.0,198.7,23782.0,44991.0,20.4,4.6,73.0,30.27,2.92,302.0,0.0,0.0,
2026-04-19T06:14:01,04/19/202606:14,20.41,0.0,0.0,51.25,0.0,0.0,0.0,0.0,0.0,198.7,23782.0,44991.0,20.4,4.6,73.0,30.27,2.92,302.0,0.0,0.0,
2026-04-19T06:14:30,04/19/202606:14,20.43,0.0,0.0,51.25,0.0,0.0,0.0,0.0,0.0,198.7,23782.0,44991.0,20.4,4.6,73.0,30.27,2.92,302.0,0.0,0.0,
2026-04-19T06:15:00,04/19/202606:15,20.45,0.0,0.0,51.239999999999995,0.0,0.0,0.0,0.0,0.0,198.7,23782.0,44991.0,20.4,4.6,73.0,30.27,2.92,302.0,0.0,0.0,
2026-04-19T06:15:31,04/19/202606:15,20.47,0.0,0.0,51.23,0.0,0.0,0.0,0.0,0.0,198.7,23782.0,44991.0,20.4,4.6,73.0,30.27,2.92,302.0,0.0,0.0,
2026-04-19T06:16:01,04/19/202606:16,20.490000000000002,0.0,0.0,51.220000000000006,0.0,0.0,0.0,0.0,0.0,198.7,23782.0,44991.0,20.4,4.6,73.0,30.27,2.92,302.0,0.0,0.0,
2026-04-19T06:16:30,04/19/202606:16,20.509999999999998,0.0,0.0,51.220000000000006,0.0,0.0,0.0,0.0,0.0,198.7,23782.0,44991.0,20.5,4.6,73.0,30.27,2.8890000000000002,301.9,0.0,0.0,
2026-04-19T06:16:37,04/19/202606:16,20.54,0.0,0.0,51.220000000000006,0.0,0.0,0.0,0.0,0.0,198.7,23782.0,44991.0,20.4,4.6,73.0,30.27,2.8579999999999997,301.8,0.0,0.0,
2026-04-19T06:17:01,04/19/202606:17,20.57,0.0,0.0,51.23,0.0,0.0,0.0,0.0,0.0,198.7,23782.0,44991.0,20.4,4.6,73.0,30.27,2.827,301.7,0.0,0.0,
2026-04-19T06:18:00,04/19/202606:18,20.59,0.0,0.0,51.239999999999995,0.0,0.0,0.0,0.0,0.0,198.7,23782.0,44991.0,20.4,4.6,73.0,30.27,2.7960000000000003,301.6,0.0,0.0,
2026-04-19T06:18:38,04/19/202606:18,20.619999999999997,0.0,0.0,51.239999999999995,0.0,0.0,0.0,0.0,0.0,198.7,23782.0,44991.0,20.4,4.6,73.0,30.27,2.7649999999999997,301.5,0.0,0.0,
2026-04-19T06:19:01,04/19/202606:19,20.65,0.0,0.0,51.239999999999995,0.0,0.0,0.0,0.0,0.0,198.7,23782.0,44991.0,20.4,4.6,73.0,30.27,2.734,301.4,0.0,0.0,
2026-04-19T06:19:38,04/19/202606:19,20.68,0.0,0.0,51.239999999999995,0.0,0.0,0.0,0.0,0.0,198.7,23782.0,44991.0,20.4,4.6,73.0,30.27,2.703,301.3,0.0,0.0,
2026-04-19T06:20:01,04/19/202606:20,20.71,0.0,0.0,51.239999999999995,0.0,0.0,0.0,0.0,0.0,198.7,23782.0,44991.0,20.4,4.6,73.0,30.27,2.6719999999999997,301.2,0.0,0.0,
2026-04-19T06:20:38,04/19/202606:20,20.759999999999998,0.0,0.0,51.25,0.0,0.0,0.0,0.0,0.0,198.7,23782.0,44991.0,20.4,4.6,73.0,30.27,2.641,301.1,0.0,0.0,
2026-04-19T06:21:00,04/19/202606:21,20.81,0.0,0.0,51.260000000000005,0.0,0.0,0.0,0.0,0.0,198.7,23782.0,44991.0,20.4,4.6,73.0,30.27,2.61,301.0,0.0,0.0,
2026-04-19T06:22:22,04/19/202606:22,20.880000000000003,0.0,0.0,51.25,0.0,0.0,0.0,0.0,0.0,198.7,23782.0,44991.0,20.4,4.6,73.0,30.27,2.61,301.0,0.0,0.0,
2026-04-19T06:23:00,04/19/202606:23,20.94,0.0,0.0,51.239999999999995,0.0,0.0,0.0,0.0,0.0,198.7,23782.0,44991.0,20.4,4.6,73.0,30.27,2.61,301.0,0.0,0.0,
2026-04-19T06:23:11,04/19/202606:23,21.02,0.0,0.0,51.23,0.0,0.0,0.0,0.0,0.0,198.7,23782.0,44991.0,20.4,4.6,73.0,30.27,2.61,301.0,0.0,0.0,
2026-04-19T06:23:28,04/19/202606:23,21.11,0.0,0.0,51.23,0.0,0.0,0.0,0.0,0.0,198.7,23782.0,44991.0,20.4,4.6,73.0,30.27,2.61,301.0,0.0,0.0,
2026-04-19T06:24:01,04/19/202606:24,21.19,0.0,0.0,51.239999999999995,0.0,0.0,0.0,0.0,0.0,198.7,23782.0,44991.0,20.4,4.6,73.0,30.27,2.61,301.0,0.0,0.0,
2026-04-19T06:24:28,04/19/202606:24,21.3,0.0,0.0,51.239999999999995,0.0,0.0,0.0,0.0,0.0,198.7,23782.0,44991.0,20.4,4.6,73.0,30.27,2.61,301.0,0.0,0.0,
2026-04-19T06:25:01,04/19/202606:25,21.4,0.0,0.0,51.239999999999995,0.0,0.0,0.0,0.0,0.0,198.7,23782.0,44991.0,20.4,4.6,73.0,30.27,2.61,301.0,0.0,0.0,
2026-04-19T06:25:28,04/19/202606:25,21.54,0.0,0.0,51.25,0.0,0.0,0.0,0.0,0.0,198.7,23782.0,44991.0,20.4,4.6,73.0,30.27,2.61,301.0,0.0,0.0,
2026-04-19T06:26:00,04/19/202606:26,21.669999999999998,0.0,0.0,51.25,0.0,0.0,0.0,0.0,0.0,198.7,23782.0,44991.0,20.4,4.6,73.0,30.27,2.61,301.0,0.0,0.0,
2026-04-19T06:26:29,04/19/202606:26,21.85,0.0,0.0,51.239999999999995,0.0,0.0,0.0,0.0,0.0,198.7,23782.0,44991.0,20.4,4.6,73.0,30.27,2.61,301.0,0.0,0.0,
2026-04-19T06:27:01,04/19/202606:27,22.0,0.0,0.0,51.239999999999995,0.0,0.0,0.0,0.0,0.0,198.7,23782.0,44991.0,20.4,4.6,73.0,30.27,2.61,301.0,0.0,0.0,
2026-04-19T06:27:28,04/19/202606:27,22.22,0.0,0.0,51.239999999999995,0.0,0.0,0.0,0.0,0.0,198.7,23782.0,44991.0,20.4,4.6,73.0,30.27,2.61,301.0,0.0,0.0,
2026-04-19T06:28:01,04/19/202606:28,22.419999999999998,0.0,0.0,51.239999999999995,0.0,0.0,0.0,0.0,0.0,198.7,23782.0,44991.0,20.4,4.6,73.0,30.27,2.61,301.0,0.0,0.0,
2026-04-19T06:28:28,04/19/202606:28,22.7,0.0,0.0,51.23,0.0,0.0,0.0,0.0,0.0,198.7,23782.0,44991.0,20.4,4.6,73.0,30.27,2.61,301.0,0.0,0.0,
2026-04-19T06:29:01,04/19/202606:29,22.98,0.0,0.0,51.220000000000006,0.0,0.0,0.0,0.0,0.0,198.7,23782.0,44991.0,20.4,4.6,73.0,30.27,2.61,301.0,0.0,0.0,
2026-04-19T06:29:28,04/19/202606:29,23.36,0.0,0.0,51.220000000000006,0.0,0.0,0.0,0.0,0.0,198.7,23782.0,44991.0,20.4,4.6,73.0,30.27,2.61,301.0,0.0,0.0,
2026-04-19T06:30:01,04/19/202606:30,23.740000000000002,0.0,0.0,51.220000000000006,0.0,0.0,0.0,0.0,0.0,198.7,23782.0,44991.0,20.4,4.6,73.0,30.27,2.61,301.0,0.0,0.0,
2026-04-19T06:30:28,04/19/202606:30,24.31,0.0,0.0,51.21,0.0,0.0,0.0,0.0,0.0,198.7,23782.0,44991.0,20.4,4.609999999999999,73.0,30.27,2.61,301.0,0.0,0.0,
2026-04-19T06:31:00,04/19/202606:31,24.880000000000003,0.0,0.0,51.2,0.0,0.0,0.0,0.0,0.0,198.7,23782.0,44991.0,20.4,4.619999999999999,73.0,30.27,2.61,301.0,0.0,0.0,
2026-04-19T06:31:29,04/19/202606:31,25.689999999999998,0.0,0.0,51.21,0.0,0.0,0.0,0.0,0.0,198.7,23782.0,44991.0,20.4,4.63,73.1,30.273000000000003,2.566,300.3,0.0,0.0,
2026-04-19T06:32:01,04/19/202606:32,26.5,0.0,0.0,51.220000000000006,0.0,0.0,0.0,0.0,0.0,198.7,23782.0,44991.0,20.4,4.64,73.2,30.276,2.522,299.6,0.0,0.0,
2026-04-19T06:33:33,04/19/202606:33,28.03,0.0,0.0,51.220000000000006,0.0,0.0,0.0,0.0,0.0,198.7,23782.0,44991.0,20.4,4.65,73.3,30.279000000000003,2.522,298.5,0.0,0.0,
2026-04-19T06:34:00,04/19/202606:34,29.559999999999995,0.0,0.0,51.220000000000006,0.0,0.0,0.0,0.0,0.0,198.7,23782.0,44991.0,20.4,4.66,73.4,30.282,2.522,297.4,0.0,0.0,
2026-04-19T06:34:28,04/19/202606:34,31.509999999999998,0.0,0.0,51.220000000000006,0.0,0.0,0.0,0.0,0.0,198.7,23782.0,44991.0,20.5,4.67,73.5,30.285000000000004,2.522,296.3,0.0,0.0,
2026-04-19T06:35:01,04/19/202606:35,33.459999999999994,0.0,0.0,51.220000000000006,0.0,0.0,0.0,0.0,0.0,198.7,23782.0,44991.0,20.5,4.68,73.6,30.288,2.522,295.2,0.0,0.0,
2026-04-19T06:35:28,04/19/202606:35,36.14,0.0,0.0,51.220000000000006,0.0,0.0,0.0,0.0,0.0,198.7,23782.0,44991.0,20.4,4.6899999999999995,73.6,30.288,2.522,294.1,0.0,0.0,
2026-04-19T06:36:00,04/19/202606:36,38.82,0.0,0.0,51.220000000000006,0.0,0.0,0.0,0.0,0.0,198.7,23782.0,44991.0,20.4,4.7,73.6,30.288,2.522,293.0,0.0,0.0,
2026-04-19T06:36:29,04/19/202606:36,41.309999999999995,0.0,0.0,51.220000000000006,0.0,0.0,0.0,0.0,0.0,198.7,23782.0,44991.0,20.4,4.7,73.6,30.288,2.522,291.9,0.0,0.0,
2026-04-19T06:37:01,04/19/202606:37,43.8,0.0,0.0,51.220000000000006,0.0,0.0,0.0,0.0,0.0,198.7,23782.0,44991.0,20.4,4.7,73.6,30.288,2.522,290.8,0.0,0.0,
2026-04-19T06:38:01,04/19/202606:38,46.0,0.0,0.0,51.21,0.0,0.0,0.0,0.0,0.0,198.7,23782.0,44991.0,20.4,4.7,73.5,30.285000000000004,2.566,290.4,0.0,0.0,
2026-04-19T06:39:00,04/19/202606:39,48.2,0.0,0.0,51.2,0.0,0.0,0.0,0.0,0.0,198.7,23782.0,44991.0,20.4,4.7,73.4,30.282,2.61,290.0,0.0,0.0,
2026-04-19T06:40:01,04/19/202606:40,49.61,0.0,0.0,51.2,0.0,0.0,0.0,0.0,0.0,198.7,23782.0,44991.0,20.4,4.7,73.3,30.279000000000003,2.61,290.0,0.0,0.0,
2026-04-19T06:41:00,04/19/202606:41,51.019999999999996,0.0,0.0,51.2,0.0,0.0,0.0,0.0,0.0,198.7,23782.0,44991.0,20.4,4.7,73.2,30.276,2.61,290.0,0.0,0.0,
2026-04-19T06:42:01,04/19/202606:42,51.92,0.0,0.0,51.2,0.0,0.0,0.0,0.0,0.0,198.7,23782.0,44991.0,20.4,4.7,73.1,30.273000000000003,2.61,290.0,0.0,0.0,
2026-04-19T06:42:07,04/19/202606:42,52.83,0.0,0.0,51.21,0.0,0.0,0.0,0.0,0.0,198.7,23782.0,44991.0,20.4,4.7,73.0,30.27,2.61,290.0,0.0,0.0,
2026-04-19T06:43:00,04/19/202606:43,52.879999999999995,0.0,0.0,51.220000000000006,0.0,0.0,0.0,0.0,0.0,198.7,23782.0,44991.0,20.4,4.7,73.0,30.27,2.61,290.0,0.0,0.0,
2026-04-19T06:43:07,04/19/202606:43,52.92,0.0,0.0,51.220000000000006,0.0,0.0,0.0,0.0,0.0,198.7,23782.0,44991.0,20.4,4.7,73.0,30.27,2.61,290.0,0.0,0.0,
2026-04-19T06:44:45,04/19/202606:44,52.92,0.0,0.0,51.21,0.0,0.0,0.0,0.0,0.0,198.7,23782.0,44991.0,20.4,4.7,73.0,30.27,2.61,290.0,0.0,0.0,
2026-04-19T06:45:01,04/19/202606:45,52.92,0.0,0.0,51.2,0.0,0.0,0.0,0.0,0.0,198.7,23782.0,44991.0,20.4,4.7,73.0,30.27,2.61,290.0,0.0,0.0,
2026-04-19T06:46:00,04/19/202606:46,52.92,0.0,0.0,51.2,0.0,0.0,0.0,0.0,0.0,198.7,23782.0,44991.0,20.4,4.7,73.0,30.27,2.61,290.0,0.0,0.0,
2026-04-19T06:46:07,04/19/202606:46,52.92999999999999,0.0,0.0,51.2,0.0,0.0,0.0,0.0,0.0,198.7,23782.0,44991.0,20.4,4.6899999999999995,73.1,30.27,2.697,289.5,0.0,0.0,
2026-04-19T06:47:00,04/19/202606:47,52.94,0.0,0.0,51.2,0.0,0.0,0.0,0.0,0.0,198.7,23782.0,44991.0,20.4,4.68,73.2,30.27,2.784,289.0,0.0,0.0,
2026-04-19T06:47:11,04/19/202606:47,52.96,0.0,0.0,51.2,0.0,0.0,0.0,0.0,0.0,198.7,23782.0,44991.0,20.4,4.67,73.3,30.27,2.871,288.5,0.0,0.0,
2026-04-19T06:48:00,04/19/202606:48,52.98,0.0,0.0,51.2,0.0,0.0,0.0,0.0,0.0,198.7,23782.0,44991.0,20.4,4.66,73.4,30.27,2.9579999999999997,288.0,0.0,0.0,
2026-04-19T06:49:00,04/19/202606:49,52.989999999999995,0.0,0.0,51.190000000000005,0.0,0.0,0.0,0.0,0.0,198.7,23782.0,44991.0,20.4,4.65,73.5,30.27,3.045,287.5,0.0,0.0,
2026-04-19T06:50:01,04/19/202606:50,53.0,0.0,0.0,51.18,0.0,0.0,0.0,0.0,0.0,198.7,23782.0,44991.0,20.4,4.64,73.6,30.27,3.132,287.0,0.0,0.0,
2026-04-19T06:51:00,04/19/202606:51,53.02,0.0,0.0,51.18,0.0,0.0,0.0,0.0,0.0,198.7,23782.0,44991.0,20.4,4.63,73.7,30.27,3.219,286.5,0.0,0.0,
2026-04-19T06:51:11,04/19/202606:51,53.05,0.0,0.0,51.190000000000005,0.0,0.0,0.0,0.0,0.0,198.7,23782.0,44991.0,20.3,4.619999999999999,73.8,30.27,3.306,286.0,0.0,0.0,
2026-04-19T06:52:00,04/19/202606:52,53.08,0.0,0.0,51.2,0.0,0.0,0.0,0.0,0.0,198.7,23782.0,44991.0,20.3,4.609999999999999,73.9,30.27,3.393,285.5,0.0,0.0,
2026-04-19T06:52:11,04/19/202606:52,53.1,0.0,0.0,51.2,0.0,0.0,0.0,0.0,0.0,198.7,23782.0,44991.0,20.3,4.6,74.0,30.27,3.4799999999999995,285.0,0.0,0.0,
2026-04-19T06:53:00,04/19/202606:53,53.11,0.0,0.0,51.2,0.0,0.0,0.0,0.0,0.0,198.7,23782.0,44991.0,20.3,4.6,74.0,30.27,3.4799999999999995,285.0,0.0,0.0,
2026-04-19T06:54:00,04/19/202606:54,53.120000000000005,0.0,0.0,51.2,0.0,0.0,0.0,0.0,0.0,198.7,23782.0,44991.0,20.4,4.6,74.0,30.27,3.4799999999999995,285.0,0.0,0.0,
2026-04-19T06:54:11,04/19/202606:54,53.13000000000001,0.0,0.0,51.2,0.0,0.0,0.0,0.0,0.0,198.7,23782.0,44991.0,20.3,4.6,74.0,30.27,3.4799999999999995,285.0,0.0,0.0,
2026-04-19T06:55:56,04/19/202606:55,52.910000000000004,0.0,0.0,51.2,0.01,0.512,0.5,0.0,0.0,198.7,23782.0,44991.0,20.4,4.6,74.0,30.27,3.4799999999999995,285.0,0.0,0.0,
2026-04-19T06:56:01,04/19/202606:56,52.69,0.0,0.0,51.2,0.02,1.024,1.0,0.0,0.0,198.7,23782.0,44991.0,20.4,4.6,74.0,30.27,3.4799999999999995,285.0,0.0,0.0,
2026-04-19T06:56:11,04/19/202606:56,52.470000000000006,0.0,0.0,51.2,0.04,2.048,2.0,0.0,0.0,198.7,23782.0,44991.0,20.3,4.6,74.0,30.27,3.4799999999999995,285.0,0.0,0.0,
2026-04-19T06:57:01,04/19/202606:57,52.25,0.0,0.0,51.2,0.06000000000000001,3.072000000000001,3.0,0.0,0.0,198.7,23782.0,44991.0,20.3,4.6,74.0,30.27,3.4799999999999995,285.0,0.0,0.0,
2026-04-19T06:57:11,04/19/202606:57,60.14,0.0,0.0,51.190000000000005,0.06000000000000001,3.071400000000001,3.0,0.0,0.0,198.7,23782.0,44991.0,20.3,4.6,74.0,30.27,3.4799999999999995,285.0,0.0,0.0,
2026-04-19T06:58:01,04/19/202606:58,68.03,0.0,0.0,51.18,0.06000000000000001,3.0708000000000006,3.0,0.0,0.0,198.7,23782.0,44991.0,20.3,4.6,74.0,30.27,3.4799999999999995,285.0,0.0,0.0,
2026-04-19T06:58:11,04/19/202606:58,76.0,0.0,0.0,51.18,0.06000000000000001,3.0708000000000006,3.0,0.0,0.0,198.7,23782.0,44991.0,20.4,4.6,74.0,30.27,3.4799999999999995,285.0,0.0,0.0,
2026-04-19T06:59:01,04/19/202606:59,83.97,0.0,0.0,51.18,0.06000000000000001,3.0708000000000006,3.0,0.0,0.0,198.7,23782.0,44991.0,20.4,4.6,74.0,30.27,3.4799999999999995,285.0,0.0,0.0,
2026-04-19T06:59:11,04/19/202606:59,91.99,0.0,0.0,51.18,0.06000000000000001,3.0708000000000006,3.0,0.0,0.0,198.7,23782.0,44991.0,20.4,4.6,74.0,30.27,3.4799999999999995,285.0,0.0,0.0,
2026-04-19T07:00:01,04/19/202607:00,100.0,0.0,0.0,51.18,0.06000000000000001,3.0708000000000006,3.0,0.0,0.0,198.7,23782.0,44991.0,20.4,4.6,74.0,30.27,3.4799999999999995,285.0,0.0,0.0,
2026-04-19T07:00:12,04/19/202607:00,108.3,0.0,0.0,51.18,0.05,2.559,2.5,0.0,0.0,198.7,23782.0,44991.0,20.3,4.6,74.0,30.27,3.4799999999999995,285.0,0.0,0.0,
2026-04-19T07:01:01,04/19/202607:01,116.6,0.0,0.0,51.18,0.04,2.0472,2.0,0.0,0.0,198.7,23782.0,44991.0,20.3,4.6,74.0,30.27,3.4799999999999995,285.0,0.0,0.0,
2026-04-19T07:01:11,04/19/202607:01,124.94000000000001,0.0,0.0,51.18,0.02,1.0236,1.0,0.0,0.0,198.7,23782.0,44991.0,20.3,4.6,74.0,30.27,3.468,283.9,0.0,0.0,
2026-04-19T07:02:01,04/19/202607:02,133.28000000000003,0.0,0.0,51.18,0.0,0.0,0.0,0.0,0.0,198.7,23782.0,44991.0,20.3,4.6,74.0,30.27,3.4560000000000004,282.8,0.0,0.0,
2026-04-19T07:02:12,04/19/202607:02,133.56,0.0,0.0,51.190000000000005,0.0,0.0,0.0,0.0,0.0,198.7,23782.0,44991.0,20.3,4.6,74.0,30.27,3.444,281.7,0.0,0.0,
2026-04-19T07:03:01,04/19/202607:03,133.84,0.0,0.0,51.2,0.0,0.0,0.0,0.0,0.0,198.7,23782.0,44991.0,20.3,4.6,74.0,30.27,3.432,280.6,0.0,0.0,
2026-04-19T07:03:11,04/19/202607:03,134.09,0.0,0.0,51.2,0.0,0.0,0.0,0.0,0.0,198.7,23782.0,44991.0,20.3,4.6,74.0,30.27,3.4200000000000004,279.5,0.0,0.0,
2026-04-19T07:04:01,04/19/202607:04,134.34,0.0,0.0,51.2,0.0,0.0,0.0,0.0,0.0,198.7,23782.0,44991.0,20.3,4.6,74.0,30.27,3.408,278.4,0.0,0.0,
2026-04-19T07:04:11,04/19/202607:04,134.58,0.0,0.0,51.2,0.0,0.0,0.0,0.0,0.0,198.7,23782.0,44991.0,20.3,4.6,74.0,30.27,3.396,277.3,0.0,0.0,
2026-04-19T07:05:01,04/19/202607:05,134.82,0.0,0.0,51.2,0.0,0.0,0.0,0.0,0.0,198.7,23782.0,44991.0,20.3,4.6,74.0,30.27,3.3839999999999995,276.2,0.0,0.0,
2026-04-19T07:05:11,04/19/202607:05,135.03,0.0,0.0,51.190000000000005,0.0,0.0,0.0,0.0,0.0,198.7,23782.0,44991.0,20.3,4.6,74.0,30.27,3.372,275.1,0.0,0.0,
2026-04-19T07:07:07,04/19/202607:07,135.28,0.0,0.0,51.190000000000005,0.0,0.0,0.0,0.0,0.0,198.7,23782.0,44991.0,20.4,4.6,74.0,30.27,3.3600000000000003,274.0,0.0,0.0,
2026-04-19T07:07:11,04/19/202607:07,135.52,0.0,0.0,51.18,0.0,0.0,0.0,0.0,0.0,198.7,23782.0,44991.0,20.3,4.6,74.0,30.27,3.3600000000000003,274.0,0.0,0.0,
2026-04-19T07:08:01,04/19/202607:08,135.76,0.0,0.0,51.18,0.0,0.0,0.0,0.0,0.0,198.7,23782.0,44991.0,20.3,4.6,74.0,30.27,3.3600000000000003,274.0,0.0,0.0,
2026-04-19T07:08:15,04/19/202607:08,135.95999999999998,0.0,0.0,51.18,0.0,0.0,0.0,0.0,0.0,198.7,23782.0,44991.0,20.3,4.6,74.0,30.27,3.3600000000000003,274.0,0.0,0.0,
2026-04-19T07:09:01,04/19/202607:09,136.16,0.0,0.0,51.18,0.0,0.0,0.0,0.0,0.0,198.7,23782.0,44991.0,20.3,4.6,74.0,30.27,3.3600000000000003,274.0,0.0,0.0,
2026-04-19T07:09:15,04/19/202607:09,136.35,0.0,0.0,51.17,0.0,0.0,0.0,0.0,0.0,198.7,23782.0,44991.0,20.3,4.6,74.0,30.27,3.3600000000000003,274.0,0.0,0.0,
2026-04-19T07:10:01,04/19/202607:10,136.54,0.0,0.0,51.160000000000004,0.0,0.0,0.0,0.0,0.0,198.7,23782.0,44991.0,20.3,4.6,74.0,30.27,3.3600000000000003,274.0,0.0,0.0,
2026-04-19T07:10:15,04/19/202607:10,136.72,0.0,0.0,51.160000000000004,0.0,0.0,0.0,0.0,0.0,198.7,23782.0,44991.0,20.3,4.6,74.0,30.27,3.3600000000000003,274.0,0.0,0.0,
2026-04-19T07:11:00,04/19/202607:11,136.9,0.0,0.0,51.160000000000004,0.0,0.0,0.0,0.0,0.0,198.7,23782.0,44991.0,20.3,4.6,74.0,30.27,3.3600000000000003,274.0,0.0,0.0,
2026-04-19T07:11:16,04/19/202607:11,137.07,0.0,0.0,51.17,0.0,0.0,0.0,0.0,0.0,198.7,23782.0,44991.0,20.3,4.6,74.0,30.27,3.3600000000000003,274.0,0.0,0.0,
2026-04-19T07:12:01,04/19/202607:12,137.2,0.0,0.0,51.17,0.0,0.0,0.0,0.0,0.0,198.7,23782.0,44991.0,20.3,4.6,74.0,30.27,3.3600000000000003,274.0,0.0,0.0,
2026-04-19T07:12:15,04/19/202607:12,137.32,0.0,0.0,51.18,0.0,0.0,0.0,0.0,0.0,198.7,23782.0,44991.0,20.3,4.6,74.0,30.27,3.3600000000000003,274.0,0.0,0.0,
2026-04-19T07:13:01,04/19/202607:13,137.44,0.0,0.0,51.18,0.0,0.0,0.0,0.0,0.0,198.7,23782.0,44991.0,20.3,4.6,74.0,30.27,3.3600000000000003,274.0,0.0,0.0,
2026-04-19T07:13:16,04/19/202607:13,137.56,0.0,0.0,51.17,0.0,0.0,0.0,0.0,0.0,198.7,23782.0,44991.0,20.4,4.6,74.0,30.27,3.3600000000000003,274.0,0.0,0.0,
2026-04-19T07:14:01,04/19/202607:14,137.68,0.0,0.0,51.160000000000004,0.0,0.0,0.0,0.0,0.0,198.7,23782.0,44991.0,20.4,4.6,74.0,30.27,3.3600000000000003,274.0,0.0,0.0,
2026-04-19T07:14:15,04/19/202607:14,137.79000000000002,0.0,0.0,51.17,0.0,0.0,0.0,0.0,0.0,198.7,23782.0,44991.0,20.3,4.6,74.0,30.27,3.3600000000000003,274.0,0.0,0.0,
2026-04-19T07:15:01,04/19/202607:15,137.9,0.0,0.0,51.18,0.0,0.0,0.0,0.0,0.0,198.7,23782.0,44991.0,20.3,4.6,74.0,30.27,3.3600000000000003,274.0,0.0,0.0,
2026-04-19T07:15:16,04/19/202607:15,138.0,0.0,0.0,51.18,0.0,0.0,0.0,0.0,0.0,198.7,23782.0,44991.0,20.3,4.6,74.0,30.27,3.3600000000000003,274.0,0.0,0.0,
2026-04-19T07:16:00,04/19/202607:16,138.1,0.0,0.0,51.18,0.0,0.0,0.0,0.0,0.0,198.7,23782.0,44991.0,20.3,4.6,74.0,30.27,3.3600000000000003,274.0,0.0,0.0,
2026-04-19T07:16:16,04/19/202607:16,138.17000000000002,0.0,0.0,51.18,0.0,0.0,0.0,0.0,0.0,198.7,23782.0,44991.0,20.3,4.609999999999999,74.0,30.27,3.2909999999999995,273.1,1.9,0.0,
2026-04-19T07:17:01,04/19/202607:17,138.24,0.0,0.0,51.18,0.0,0.0,0.0,0.0,0.0,198.7,23782.0,44991.0,20.3,4.619999999999999,74.0,30.27,3.222,272.2,3.8,0.0,
2026-04-19T07:18:19,04/19/202607:18,137.76,0.0,0.0,51.18,0.0,0.0,0.0,0.0,0.0,198.7,23782.0,44991.0,20.3,4.63,74.0,30.27,3.1529999999999996,271.3,5.7,0.0,
2026-04-19T07:19:00,04/19/202607:19,137.28,0.0,0.0,51.18,0.0,0.0,0.0,0.0,0.0,198.7,23782.0,44991.0,20.3,4.64,74.0,30.27,3.084,270.4,7.6,0.0,
2026-04-19T07:19:15,04/19/202607:19,137.4,0.0,0.0,51.2,0.0,0.0,0.0,0.0,0.0,198.7,23782.0,44991.0,20.3,4.65,74.0,30.27,3.0149999999999997,269.5,9.5,0.0,
2026-04-19T07:20:01,04/19/202607:20,137.52,0.0,0.0,51.220000000000006,0.0,0.0,0.0,0.0,0.0,198.7,23782.0,44991.0,20.3,4.66,74.0,30.27,2.946,268.6,11.4,0.0,
2026-04-19T07:20:15,04/19/202607:20,137.57999999999998,0.0,0.0,51.23,0.0,0.0,0.0,0.0,0.0,198.7,23782.0,44991.0,20.3,4.67,74.0,30.27,2.877,267.7,13.3,0.0,
2026-04-19T07:21:00,04/19/202607:21,137.64000000000001,0.0,0.0,51.239999999999995,0.0,0.0,0.0,0.0,0.0,198.7,23782.0,44991.0,20.3,4.68,74.0,30.27,2.808,266.8,15.2,0.0,
2026-04-19T07:21:16,04/19/202607:21,137.76,0.0,0.0,51.239999999999995,0.0,0.0,0.0,0.0,0.0,198.7,23782.0,44991.0,20.3,4.6899999999999995,74.0,30.27,2.739,265.9,17.1,0.0,
2026-04-19T07:22:01,04/19/202607:22,137.88,0.0,0.0,51.239999999999995,0.0,0.0,0.0,0.0,0.0,198.7,23782.0,44991.0,20.3,4.7,74.0,30.27,2.67,265.0,19.0,0.0,
2026-04-19T07:22:15,04/19/202607:22,138.02,0.0,0.0,51.239999999999995,0.0,0.0,0.0,0.0,0.0,198.7,23782.0,44991.0,20.3,4.7,74.0,30.27,2.67,265.0,19.0,0.0,
2026-04-19T07:23:01,04/19/202607:23,138.16,0.0,0.0,51.239999999999995,0.0,0.0,0.0,0.0,0.0,198.7,23782.0,44991.0,20.3,4.7,74.0,30.27,2.67,265.0,19.0,0.0,
2026-04-19T07:23:15,04/19/202607:23,138.85,0.0,0.0,51.25,0.0,0.0,0.0,0.0,0.0,198.7,23782.0,44991.0,20.3,4.7,74.0,30.27,2.67,265.0,19.0,0.0,
2026-04-19T07:24:00,04/19/202607:24,139.54000000000002,0.0,0.0,51.260000000000005,0.0,0.0,0.0,0.0,0.0,198.7,23782.0,44991.0,20.3,4.7,74.0,30.27,2.67,265.0,19.0,0.0,
2026-04-19T07:24:15,04/19/202607:24,139.62,0.0,0.0,51.260000000000005,0.0,0.0,0.0,0.0,0.0,198.7,23782.0,44991.0,20.3,4.7,74.0,30.27,2.67,265.0,19.0,0.0,
2026-04-19T07:25:01,04/19/202607:25,139.7,0.0,0.0,51.260000000000005,0.0,0.0,0.0,0.0,0.0,198.7,23782.0,44991.0,20.3,4.7,74.0,30.27,2.67,265.0,19.0,0.0,
2026-04-19T07:25:16,04/19/202607:25,139.84,0.0,0.0,51.260000000000005,0.0,0.0,0.0,0.0,0.0,198.7,23782.0,44991.0,20.3,4.7,74.0,30.27,2.67,265.0,19.0,0.0,
2026-04-19T07:26:00,04/19/202607:26,139.98,0.0,0.0,51.260000000000005,0.0,0.0,0.0,0.0,0.0,198.7,23782.0,44991.0,20.3,4.7,74.0,30.27,2.67,265.0,19.0,0.0,
2026-04-19T07:26:16,04/19/202607:26,140.05,0.0,0.0,51.27,0.0,0.0,0.0,0.0,0.0,198.7,23782.0,44991.0,20.3,4.7,74.0,30.27,2.67,265.0,19.0,0.0,
2026-04-19T07:27:00,04/19/202607:27,140.12,0.0,0.0,51.279999999999994,0.0,0.0,0.0,0.0,0.0,198.7,23782.0,44991.0,20.3,4.7,74.0,30.27,2.67,265.0,19.0,0.0,
2026-04-19T07:27:15,04/19/202607:27,140.2,0.0,0.0,51.29,0.0,0.0,0.0,0.0,0.0,198.7,23782.0,44991.0,20.3,4.7,74.0,30.27,2.67,265.0,19.0,0.0,
2026-04-19T07:28:01,04/19/202607:28,140.28,0.0,0.0,51.3,0.0,0.0,0.0,0.0,0.0,198.7,23782.0,44991.0,20.3,4.7,74.0,30.27,2.67,265.0,19.0,0.0,
2026-04-19T07:28:16,04/19/202607:28,140.35,0.0,0.0,51.3,0.0,0.0,0.0,0.0,0.0,198.7,23782.0,44991.0,20.3,4.7,74.0,30.27,2.67,265.0,19.0,0.0,
2026-04-19T07:29:45,04/19/202607:29,140.43,0.0,0.0,51.3,0.0,0.0,0.0,0.0,0.0,198.7,23782.0,44991.0,20.3,4.7,74.0,30.27,2.67,265.0,19.0,0.0,
2026-04-19T07:30:00,04/19/202607:30,140.5,0.0,0.0,51.3,0.0,0.0,0.0,0.0,0.0,198.7,23782.0,44991.0,20.3,4.7,74.0,30.27,2.67,265.0,19.0,0.0,
2026-04-19T07:30:45,04/19/202607:30,140.03,0.0,0.0,51.3,0.0,0.0,0.0,0.0,0.0,198.7,23782.0,44991.0,20.3,4.74,74.1,30.27,2.6079999999999997,261.4,22.8,0.02,
2026-04-19T07:31:00,04/19/202607:31,139.54000000000002,0.0,0.0,51.3,0.0,0.0,0.0,0.0,0.0,198.7,23782.0,44991.0,20.3,4.779999999999999,74.2,30.27,2.5460000000000003,257.8,26.6,0.04,
2026-04-19T07:31:45,04/19/202607:31,139.60999999999999,0.0,0.0,51.3,0.0,0.0,0.0,0.0,0.0,198.7,23782.0,44991.0,20.3,4.8,74.3,30.27,2.484,254.2,30.4,0.06000000000000001,
2026-04-19T07:32:00,04/19/202607:32,139.67000000000002,0.0,0.0,51.3,0.0,0.0,0.0,0.0,0.0,198.7,23782.0,44991.0,20.3,4.82,74.4,30.27,2.4219999999999997,250.6,34.2,0.08,
2026-04-19T07:32:45,04/19/202607:32,139.2,0.0,0.0,51.31,0.0,0.0,0.0,0.0,0.0,198.7,23782.0,44991.0,20.3,4.84,74.5,30.27,2.36,247.0,38.0,0.1,
2026-04-19T07:33:01,04/19/202607:33,138.70999999999998,0.0,0.0,51.31999999999999,0.0,0.0,0.0,0.0,0.0,198.7,23782.0,44991.0,20.3,4.86,74.6,30.27,2.2979999999999996,243.4,41.8,0.12000000000000002,
2026-04-19T07:33:45,04/19/202607:33,138.77,0.0,0.0,51.33,0.0,0.0,0.0,0.0,0.0,198.7,23782.0,44991.0,20.3,4.880000000000001,74.7,30.27,2.2359999999999998,239.8,45.6,0.14,
2026-04-19T07:34:00,04/19/202607:34,138.82,0.0,0.0,51.339999999999996,0.0,0.0,0.0,0.0,0.0,198.7,23782.0,44991.0,20.3,4.9,74.8,30.27,2.174,236.2,49.4,0.16,
2026-04-19T07:34:45,04/19/202607:34,138.8,0.0,0.0,51.35,0.0,0.0,0.0,0.0,0.0,198.7,23782.0,44991.0,20.3,4.92,74.9,30.27,2.1119999999999997,232.6,53.2,0.18,
2026-04-19T07:35:00,04/19/202607:35,138.78,0.0,0.0,51.36,0.0,0.0,0.0,0.0,0.0,198.7,23782.0,44991.0,20.3,4.94,75.0,30.27,2.05,229.0,57.0,0.2,
2026-04-19T07:35:45,04/19/202607:35,139.38,0.0,0.0,51.36999999999999,0.0,0.0,0.0,0.0,0.0,198.7,23782.0,44991.0,20.3,4.92,75.0,30.27,2.038,228.6,57.0,0.2,
2026-04-19T07:36:01,04/19/202607:36,139.98,0.0,0.0,51.379999999999995,0.0,0.0,0.0,0.0,0.0,198.7,23782.0,44991.0,20.3,4.9,75.0,30.27,2.026,228.2,57.0,0.2,
2026-04-19T07:36:45,04/19/202607:36,140.01,0.0,0.0,51.39,0.0,0.0,0.0,0.0,0.0,198.7,23782.0,44991.0,20.3,4.9,75.0,30.27,1.9829999999999999,228.9,57.0,0.2,
2026-04-19T07:37:00,04/19/202607:37,140.04000000000002,0.0,0.0,51.4,0.0,0.0,0.0,0.0,0.0,198.7,23782.0,44991.0,20.3,4.9,75.0,30.27,1.94,229.6,57.0,0.2,
2026-04-19T07:37:46,04/19/202607:37,140.62,0.0,0.0,51.4,0.0,0.0,0.0,0.0,0.0,198.7,23782.0,44991.0,20.3,4.9,75.0,30.27,1.8969999999999998,230.3,57.0,0.2,
2026-04-19T07:38:00,04/19/202607:38,141.2,0.0,0.0,51.4,0.0,0.0,0.0,0.0,0.0,198.7,23782.0,44991.0,20.3,4.9,75.0,30.27,1.8539999999999999,231.0,57.0,0.2,
2026-04-19T07:38:45,04/19/202607:38,141.26,0.0,0.0,51.4,0.0,0.0,0.0,0.0,0.0,198.7,23782.0,44991.0,20.3,4.9,75.0,30.27,1.811,231.7,57.0,0.2,
2026-04-19T07:39:00,04/19/202607:39,141.32,0.0,0.0,51.4,0.0,0.0,0.0,0.0,0.0,198.7,23782.0,44991.0,20.3,4.9,75.0,30.27,1.768,232.4,57.0,0.2,
2026-04-19T07:40:42,04/19/202607:40,141.44,0.0,0.0,51.4,0.0,0.0,0.0,0.0,0.0,198.7,23782.0,44991.0,20.3,4.9,75.0,30.27,1.725,233.1,57.0,0.2,
2026-04-19T07:40:45,04/19/202607:40,141.57,0.0,0.0,51.4,0.0,0.0,0.0,0.0,0.0,198.7,23782.0,44991.0,20.3,4.9,74.9,30.27,1.682,233.8,57.0,0.2,
2026-04-19T07:41:00,04/19/202607:41,141.62,0.0,0.0,51.4,0.0,0.0,0.0,0.0,0.0,198.7,23782.0,44991.0,20.3,4.9,74.8,30.27,1.6510000000000002,234.9,57.0,0.2,
2026-04-19T07:42:00,04/19/202607:42,141.67000000000002,0.0,0.0,51.4,0.0,0.0,0.0,0.0,0.0,198.7,23782.0,44991.0,20.2,4.9,74.7,30.27,1.6200000000000003,236.0,57.0,0.2,
2026-04-19T07:42:46,04/19/202607:42,141.74,0.0,0.0,51.4,0.0,0.0,0.0,0.0,0.0,198.7,23782.0,44991.0,20.3,4.9,74.6,30.27,1.6200000000000003,236.0,57.0,0.2,
2026-04-19T07:43:00,04/19/202607:43,141.81,0.0,0.0,51.4,0.0,0.0,0.0,0.0,0.0,198.7,23782.0,44991.0,20.3,4.9,74.5,30.27,1.6200000000000003,236.0,57.0,0.2,
2026-04-19T07:43:45,04/19/202607:43,133.98,0.03,4.019399999999999,51.4,0.03,1.5419999999999998,1.5,0.0,0.0,198.7,23782.0,44991.0,20.2,4.9,74.4,30.27,1.6200000000000003,236.0,57.0,0.2,0.3836393491565906
2026-04-19T07:44:59,04/19/202607:44,125.41000000000001,0.06,7.5246,51.410000000000004,0.06,3.0846,3.0,0.0,0.0,198.7,23782.0,44991.0,20.3,4.9,74.3,30.27,1.6200000000000003,236.0,57.0,0.2,0.4099354118491348
2026-04-19T07:45:00,04/19/202607:45,116.81000000000002,0.09,10.512900000000002,51.42,0.09,4.6278,4.5,0.0,0.0,198.7,23782.0,44991.0,20.3,4.9,74.2,30.27,1.6200000000000003,236.0,57.0,0.2,0.44020203749678954
2026-04-19T07:46:00,04/19/202607:45,108.21,0.12,12.985199999999999,51.42999999999999,0.12,6.171599999999999,6.0,0.0,0.0,198.7,23782.0,44991.0,20.2,4.96,74.2,30.27,1.6010000000000002,232.2,61.7,0.21000000000000002,0.4752795490250438
2026-04-19T07:46:01,04/19/202607:46,99.61,0.15,14.9415,51.44,0.15,7.715999999999999,7.5,0.0,0.0,198.7,23782.0,44991.0,20.2,5.0200000000000005,74.2,30.27,1.582,228.4,66.4,0.22000000000000003,0.5164140146571629
2026-04-19T07:46:59,04/19/202607:46,91.66,0.18,16.4988,51.45,0.18,9.261000000000001,9.0,0.0,0.0,198.7,23782.0,44991.0,20.2,5.08,74.3,30.27,1.5630000000000002,224.6,71.1,0.22999999999999998,0.5613135500763693
2026-04-19T07:47:00,04/19/202607:47,83.71000000000001,0.21000000000000002,17.579100000000004,51.46,0.21000000000000002,10.806600000000001,10.5,0.0,0.0,198.7,23782.0,44991.0,20.2,5.140000000000001,74.4,30.27,1.544,220.8,75.8,0.24,0.6147413690120654
2026-04-19T07:48:00,04/19/202607:48,75.76,0.24,18.1824,51.46,0.24,12.3504,12.0,0.0,0.0,198.7,23782.0,44991.0,20.3,5.2,74.5,30.27,1.525,217.0,80.5,0.25,0.6792502639915523
2026-04-19T07:48:59,04/19/202607:48,67.45,0.26999999999999996,18.211499999999997,51.470000000000006,0.26999999999999996,13.8969,13.5,0.0,0.0,198.7,23782.0,44991.0,20.2,5.26,74.6,30.27,1.506,213.2,85.2,0.26,0.7630837657524093
2026-04-19T07:49:00,04/19/202607:49,59.14,0.3,17.742,51.48,0.3,15.443999999999999,15.0,0.0,0.0,198.7,23782.0,44991.0,20.2,5.32,74.7,30.27,1.4869999999999999,209.4,89.9,0.27,0.8704768346296922
2026-04-19T07:49:59,04/19/202607:49,67.05,0.26999999999999996,18.103499999999997,51.5,0.26999999999999996,13.904999999999998,13.5,0.0,0.0,198.7,23782.0,44991.0,20.2,5.38,74.8,30.27,1.468,205.6,94.6,0.27999999999999997,0.7680835197613721
2026-04-19T07:50:00,04/19/202607:50,75.7,0.24,18.168,51.510000000000005,0.24,12.362400000000001,12.0,0.0,0.0,198.7,23782.0,44991.0,20.2,5.4399999999999995,74.9,30.27,1.449,201.8,99.3,0.29,0.6804491413474241
2026-04-19T07:51:54,04/19/202607:51,76.53,0.24,18.3672,51.52,0.25,12.88,12.5,0.0,0.0,198.7,23782.0,44991.0,20.2,5.5,75.0,30.27,1.43,198.0,104.0,0.3,0.70125005444488
2026-04-19T07:51:59,04/19/202607:51,85.19,0.21000000000000002,17.8899,51.529999999999994,0.22000000000000003,11.3366,11.0,0.0,0.0,198.7,23782.0,44991.0,20.2,5.5,75.0,30.27,1.43,198.0,104.0,0.3,0.6336871642658707
2026-04-19T07:52:01,04/19/202607:52,93.85,0.18,16.892999999999997,51.54,0.19,9.7926,9.5,0.0,0.0,198.7,23782.0,44991.0,20.2,5.5,75.0,30.27,1.43,198.0,104.0,0.3,0.5796838927366366
2026-04-19T07:53:00,04/19/202607:52,93.9,0.19,17.841,51.55,0.2,10.31,10.0,0.0,0.0,198.7,23782.0,44991.0,20.2,5.5,75.0,30.27,1.43,198.0,104.0,0.3,0.577882405694748
2026-04-19T07:53:01,04/19/202607:53,93.95,0.2,18.790000000000003,51.56,0.21000000000000002,10.827600000000002,10.5,0.0,0.0,198.7,23782.0,44991.0,20.2,5.5,75.0,30.27,1.43,198.0,104.0,0.3,0.5762426822778074
2026-04-19T07:53:59,04/19/202607:53,101.95,0.16999999999999998,17.3315,51.58,0.18,9.2844,9.0,0.0,0.0,198.7,23782.0,44991.0,20.2,5.5,75.0,30.27,1.43,198.0,104.0,0.3,0.5356951215994
2026-04-19T07:54:01,04/19/202607:54,110.3,0.13999999999999999,15.441999999999998,51.589999999999996,0.15,7.738499999999999,7.5,0.0,0.0,198.7,23782.0,44991.0,20.2,5.5,75.0,30.27,1.43,198.0,104.0,0.3,0.5011332728921124
2026-04-19T07:54:59,04/19/202607:54,110.36000000000001,0.13999999999999999,15.4504,51.61,0.15,7.741499999999999,7.5,0.0,0.0,198.7,23782.0,44991.0,20.2,5.5,75.0,30.27,1.43,198.0,104.0,0.3,0.5010549888676021
2026-04-19T07:55:01,04/19/202607:55,102.08000000000001,0.16999999999999998,17.3536,51.620000000000005,0.18,9.2916,9.0,0.0,0.0,198.7,23782.0,44991.0,20.2,5.5,75.0,30.27,1.43,198.0,104.0,0.3,0.5354278074866311
2026-04-19T07:55:59,04/19/202607:55,94.63,0.2,18.926,51.63000000000001,0.21000000000000002,10.842300000000003,10.5,0.0,0.0,198.7,23782.0,44991.0,20.3,5.5,75.0,30.27,1.43,198.0,104.0,0.3,0.5728785797315864
2026-04-19T07:56:00,04/19/202607:56,95.0,0.2,19.0,51.64,0.2,10.328000000000001,10.0,0.0,0.0,198.7,23782.0,44991.0,20.3,5.5,75.0,30.27,1.43,198.0,104.0,0.3,0.5435789473684212
2026-04-19T07:56:59,04/19/202607:56,86.82000000000001,0.24,20.8368,51.65,0.22999999999999998,11.879499999999998,11.5,0.0,0.0,198.7,23782.0,44991.0,20.2,5.5,75.0,30.27,1.43,198.0,104.0,0.3,0.5701211318436611
2026-04-19T07:57:01,04/19/202607:57,78.64,0.27999999999999997,22.019199999999998,51.660000000000004,0.26,13.431600000000001,13.0,0.0,0.0,198.7,23782.0,44991.0,20.2,5.5,75.0,30.27,1.43,198.0,104.0,0.3,0.6099949135300103
2026-04-19T07:58:00,04/19/202607:57,78.25,0.29,22.6925,51.67,0.25,12.9175,12.5,0.0,0.0,198.7,23782.0,44991.0,20.2,5.5,75.0,30.27,1.43,198.0,104.0,0.3,0.5692409386361132
2026-04-19T07:58:01,04/19/202607:58,77.86,0.3,23.358,51.68000000000001,0.24,12.403200000000002,12.0,0.0,0.0,198.7,23782.0,44991.0,20.2,5.5,75.0,30.27,1.43,198.0,104.0,0.3,0.5310043668122272
2026-04-19T07:59:00,04/19/202607:59,69.52000000000001,0.35,24.332,51.69,0.26999999999999996,13.956299999999997,13.5,0.0,0.0,198.7,23782.0,44991.0,20.2,5.5,75.0,30.27,1.43,198.0,104.0,0.3,0.5735780042742067
2026-04-19T07:59:59,04/19/202607:59,61.81,0.39,24.105900000000002,51.71,0.29,14.995899999999999,14.5,0.0,0.0,198.7,23782.0,44991.0,20.2,5.5,75.0,30.27,1.43,198.0,104.0,0.3,0.6220842200457148
2026-04-19T08:00:01,04/19/202608:00,62.39,0.4,24.956000000000003,51.720000000000006,0.27999999999999997,14.4816,14.0,0.0,0.0,198.7,23782.0,44991.0,20.2,5.5,75.0,30.27,1.43,198.0,104.0,0.3,0.5802853021317518
2026-04-19T08:00:59,04/19/202608:00,62.970000000000006,0.41,25.817700000000002,51.73,0.27,13.9671,13.5,0.0,0.0,198.7,23782.0,44991.0,20.2,5.58,75.0,30.27,1.442,197.0,109.1,0.3,0.5409893212795872
2026-04-19T08:01:00,04/19/202608:01,62.720000000000006,0.42000000000000004,26.342400000000005,51.739999999999995,0.26,13.452399999999999,13.0,0.0,0.0,198.7,23782.0,44991.0,20.2,5.66,75.0,30.27,1.454,196.0,114.2,0.3,0.5106748056365402
2026-04-19T08:03:06,04/19/202608:03,70.19,0.39,27.3741,51.75,0.22999999999999998,11.9025,11.5,0.0,0.0,198.7,23782.0,44991.0,20.2,5.74,75.0,30.27,1.466,195.0,119.3,0.3,0.4348088156322948
2026-04-19T08:04:59,04/19/202608:04,78.39,0.35,27.4365,51.77,0.2,10.354000000000001,10.0,0.0,0.0,198.7,23782.0,44991.0,20.2,5.82,75.0,30.27,1.478,194.0,124.4,0.3,0.3773804967834819
2026-04-19T08:05:01,04/19/202608:05,86.59,0.31,26.8429,51.79,0.16999999999999998,8.8043,8.5,0.0,0.0,198.7,23782.0,44991.0,20.2,5.9,75.0,30.27,1.49,193.0,129.5,0.3,0.3279936221496187
2026-04-19T08:06:00,04/19/202608:05,87.36999999999999,0.3,26.210999999999995,51.81,0.18,9.3258,8.5,0.0,0.0,198.7,23782.0,44991.0,20.2,5.9799999999999995,75.0,30.27,1.502,192.0,134.6,0.3,0.355797184388234
2026-04-19T08:06:01,04/19/202608:06,88.15,0.29000000000000004,25.563500000000005,51.83,0.19,9.8477,8.5,0.0,0.0,198.7,23782.0,44991.0,20.2,6.0600000000000005,75.0,30.27,1.514,191.0,139.7,0.3,0.3852250278717702
2026-04-19T08:06:59,04/19/202608:06,89.22,0.27,24.0894,51.839999999999996,0.19,9.849599999999999,8.5,0.0,0.0,198.7,23782.0,44991.0,20.2,6.14,75.0,30.27,1.526,190.0,144.8,0.3,0.40887693342299924
2026-04-19T08:07:00,04/19/202608:07,89.66,0.26,23.3116,51.839999999999996,0.2,10.368,9.0,0.0,0.0,198.7,23782.0,44991.0,20.2,6.22,75.0,30.27,1.538,189.0,149.9,0.3,0.44475711662863127
2026-04-19T08:07:59,04/19/202608:07,89.5,0.26,23.27,51.85,0.22000000000000003,11.407000000000002,10.0,0.0,0.0,198.7,23782.0,44991.0,20.2,6.3,75.0,30.27,1.55,188.0,155.0,0.3,0.49020197679415567
2026-04-19T08:08:01,04/19/202608:08,89.34,0.26,23.2284,51.86,0.24,12.446399999999999,11.0,0.0,0.0,198.7,23782.0,44991.0,20.2,6.3,75.0,30.27,1.55,188.0,155.0,0.3,0.5358268326703517
2026-04-19T08:08:59,04/19/202608:08,89.28,0.26,23.2128,51.86999999999999,0.26,13.486199999999998,12.0,0.0,0.0,198.7,23782.0,44991.0,20.2,6.3,75.0,30.27,1.55,188.0,155.0,0.3,0.5809811827956988
2026-04-19T08:09:00,04/19/202608:09,81.5,0.3,24.45,51.879999999999995,0.3,15.563999999999998,14.0,0.0,0.0,198.7,23782.0,44991.0,20.2,6.3,75.0,30.27,1.55,188.0,155.0,0.3,0.636564417177914
2026-04-19T08:09:45,04/19/202608:09,73.72,0.34,25.0648,51.879999999999995,0.35,18.157999999999998,16.5,0.0,0.0,198.7,23782.0,44991.0,20.2,6.3,75.0,30.27,1.55,188.0,155.0,0.3,0.7244422456991476
2026-04-19T08:10:01,04/19/202608:10,65.94,0.38,25.057199999999998,51.879999999999995,0.4,20.752,19.0,0.0,0.0,198.7,23782.0,44991.0,20.2,6.3,75.0,30.27,1.55,188.0,155.0,0.3,0.8281851124626854
2026-04-19T08:11:00,04/19/202608:11,65.74,0.38,24.981199999999998,51.89,0.41,21.2749,20.0,0.0,0.0,198.7,23782.0,44991.0,20.2,6.3,75.0,30.27,1.55,188.0,155.0,0.3,0.8516364305958081
2026-04-19T08:11:45,04/19/202608:11,65.53999999999999,0.37,24.249799999999997,51.9,0.42000000000000004,21.798000000000002,21.1,0.0,0.0,198.7,23782.0,44991.0,20.2,6.3,75.0,30.27,1.55,188.0,155.0,0.3,0.8988940114970022
2026-04-19T08:12:01,04/19/202608:12,65.05,0.37,24.0685,51.92,0.44000000000000006,22.844800000000003,22.2,0.0,0.0,198.7,23782.0,44991.0,20.2,6.3,75.0,30.27,1.55,188.0,155.0,0.3,0.9491576126472361
2026-04-19T08:12:45,04/19/202608:12,65.27000000000001,0.38,24.802600000000005,51.94,0.44000000000000006,22.853600000000004,22.2,0.0,0.0,198.7,23782.0,44991.0,20.2,6.3,75.0,30.27,1.55,188.0,155.0,0.3,0.9214195285978083
2026-04-19T08:13:01,04/19/202608:13,66.09,0.38,25.1142,51.95,0.43,22.3385,21.7,0.0,0.0,198.7,23782.0,44991.0,20.2,6.3,75.0,30.27,1.55,188.0,155.0,0.3,0.8894768696593959
2026-04-19T08:14:17,04/19/202608:14,73.97,0.34,25.149800000000003,51.96,0.39,20.264400000000002,19.7,0.0,0.0,198.7,23782.0,44991.0,20.2,6.3,75.0,30.27,1.55,188.0,155.0,0.3,0.8057479582342603
2026-04-19T08:14:45,04/19/202608:14,74.27000000000001,0.33,24.509100000000004,51.98,0.39,20.272199999999998,19.7,0.0,0.0,198.7,23782.0,44991.0,20.2,6.3,75.0,30.27,1.55,188.0,155.0,0.3,0.8271295151596751
2026-04-19T08:15:00,04/19/202608:15,74.57000000000001,0.32,23.862400000000004,52.0,0.39,20.28,19.7,0.0,0.0,198.7,23782.0,44991.0,20.2,6.3,75.0,30.27,1.55,188.0,155.0,0.3,0.8498726029234276
2026-04-19T08:15:45,04/19/202608:15,82.35,0.27999999999999997,23.057999999999996,52.029999999999994,0.33999999999999997,17.690199999999997,17.2,0.0,0.0,198.7,23782.0,44991.0,20.2,6.3,75.0,30.27,1.55,188.0,155.0,0.3,0.7672044409749328
2026-04-19T08:16:00,04/19/202608:16,90.13,0.24,21.6312,52.06,0.29,15.0974,14.7,0.0,0.0,198.7,23782.0,44991.0,20.2,6.3,75.0,30.27,1.55,188.0,155.0,0.3,0.6979455601168683
2026-04-19T08:16:45,04/19/202608:16,90.13,0.22999999999999998,20.729899999999997,52.06,0.27,14.056200000000002,13.7,0.0,0.0,198.7,23782.0,44991.0,20.2,6.43,74.7,30.27,1.8980000000000001,193.0,160.5,0.32999999999999996,0.6780640524073924
2026-04-19T08:17:00,04/19/202608:17,90.13,0.22999999999999998,20.729899999999997,52.06,0.25,13.015,12.6,0.0,0.0,198.7,23782.0,44991.0,20.2,6.56,74.4,30.27,2.246,198.0,166.0,0.36,0.6278370855624004
2026-04-19T08:17:45,04/19/202608:17,97.92,0.2,19.584000000000003,52.07000000000001,0.2,10.414000000000001,10.0,0.0,0.0,198.7,23782.0,44991.0,20.2,6.6899999999999995,74.1,30.27,2.5940000000000003,203.0,171.5,0.39,0.5317606209150326
2026-04-19T08:18:00,04/19/202608:18,105.0,0.16,16.8,52.08,0.16999999999999998,8.853599999999998,8.5,0.0,0.0,198.7,23782.0,44991.0,20.2,6.82,73.8,30.27,2.942,208.0,177.0,0.42000000000000004,0.5269999999999999
2026-04-19T08:18:45,04/19/202608:18,104.58,0.15,15.687,52.089999999999996,0.18,9.376199999999999,9.0,0.0,0.0,198.7,23782.0,44991.0,20.2,6.95,73.5,30.27,3.29,213.0,182.5,0.45,0.5977051061388411
2026-04-19T08:19:00,04/19/202608:19,97.1,0.18,17.477999999999998,52.1,0.22000000000000003,11.462000000000002,11.0,0.0,0.0,198.7,23782.0,44991.0,20.2,7.08,73.2,30.27,3.6380000000000003,218.0,188.0,0.48,0.6557958576496168
2026-04-19T08:19:46,04/19/202608:19,104.6,0.15,15.689999999999998,52.11,0.18,9.3798,9.0,0.0,0.0,198.7,23782.0,44991.0,20.2,7.209999999999999,72.9,30.27,3.9859999999999998,223.0,193.5,0.51,0.5978202676864245
2026-04-19T08:20:00,04/19/202608:20,112.1,0.12,13.451999999999998,52.120000000000005,0.13999999999999999,7.2968,7.0,0.0,0.0,198.7,23782.0,44991.0,20.2,7.339999999999999,72.6,30.27,4.3340000000000005,228.0,199.0,0.5399999999999999,0.5424323520666073
2026-04-19T08:20:45,04/19/202608:20,104.66,0.16,16.7456,52.129999999999995,0.19,9.9047,9.6,0.0,0.0,198.7,23782.0,44991.0,20.1,7.470000000000001,72.3,30.27,4.682,233.0,204.5,0.5700000000000001,0.5914807471813491
2026-04-19T08:21:00,04/19/202608:21,97.22,0.2,19.444000000000003,52.14,0.24,12.5136,12.2,0.0,0.0,198.7,23782.0,44991.0,20.1,7.6,72.0,30.27,5.03,238.0,210.0,0.6,0.6435712816292943
2026-04-19T08:22:00,04/19/202608:22,97.55999999999999,0.21000000000000002,20.4876,52.17,0.26,13.564200000000001,13.3,0.0,0.0,198.7,23782.0,44991.0,20.1,7.6,72.0,30.27,5.03,238.0,210.0,0.6,0.6620687635447784
2026-04-19T08:22:44,04/19/202608:22,97.91,0.22000000000000003,21.540200000000002,52.2,0.27999999999999997,14.616,14.4,0.0,0.0,198.7,23782.0,44991.0,20.1,7.6,72.0,30.27,5.03,238.0,210.0,0.6,0.6785452317062979
2026-04-19T08:23:00,04/19/202608:23,90.47,0.26,23.5222,52.220000000000006,0.32999999999999996,17.2326,17.0,0.0,0.0,198.7,23782.0,44991.0,20.1,7.6,72.0,30.27,5.03,238.0,210.0,0.6,0.732610044978786
2026-04-19T08:23:45,04/19/202608:23,86.25,0.3,25.875,52.239999999999995,0.36,18.806399999999996,18.5,0.0,0.0,198.7,23782.0,44991.0,20.2,7.6,72.0,30.27,5.03,238.0,210.0,0.6,0.7268173913043476
2026-04-19T08:24:00,04/19/202608:24,89.53,0.31,27.7543,52.260000000000005,0.35,18.291,18.0,0.0,0.0,198.7,23782.0,44991.0,20.2,7.6,72.0,30.27,5.03,238.0,210.0,0.6,0.6590330147040279
2026-04-19T08:25:29,04/19/202608:25,97.03,0.28,27.168400000000002,52.29,0.31,16.2099,16.0,0.0,0.0,198.7,23782.0,44991.0,20.1,7.6,72.0,30.27,5.055000000000001,237.6,210.0,0.6,0.5966453674121406
2026-04-19T08:25:45,04/19/202608:25,88.55,0.32,28.336,52.31,0.33999999999999997,17.7854,17.5,0.0,0.0,198.7,23782.0,44991.0,20.1,7.6,72.0,30.27,5.08,237.2,210.0,0.6,0.6276609260304913
2026-04-19T08:27:00,04/19/202608:26,80.39,0.35,28.136499999999998,52.339999999999996,0.38,19.8892,19.5,0.0,0.0,198.7,23782.0,44991.0,20.1,7.6,72.0,30.27,5.105,236.8,210.0,0.6,0.7068825191477263
2026-04-19T08:27:01,04/19/202608:27,79.67999999999999,0.34,27.0912,52.36,0.37,19.3732,18.9,0.0,0.0,198.7,23782.0,44991.0,20.1,7.6,72.0,30.27,5.130000000000001,236.4,210.0,0.6,0.7151104417670683
2026-04-19T08:28:01,04/19/202608:28,78.97,0.33,26.060100000000002,52.379999999999995,0.36,18.856799999999996,18.3,0.0,0.0,198.7,23782.0,44991.0,20.1,7.6,72.0,30.27,5.155,236.0,210.0,0.6,0.723588934808385
2026-04-19T08:28:59,04/19/202608:28,78.27000000000001,0.32,25.046400000000006,52.4,0.36,18.863999999999997,18.3,0.0,0.0,198.7,23782.0,44991.0,20.1,7.6,72.0,30.27,5.180000000000001,235.6,210.0,0.6,0.7531621310847065
2026-04-19T08:29:01,04/19/202608:29,77.56,0.31,24.0436,52.42,0.36,18.871199999999998,18.3,0.0,0.0,198.7,23782.0,44991.0,20.1,7.6,72.0,30.27,5.205,235.2,210.0,0.6,0.7848741453026999
2026-04-19T08:30:53,04/19/202608:30,80.84,0.31,25.0604,52.45,0.35,18.357499999999998,17.8,0.0,0.0,198.7,23782.0,44991.0,20.1,7.7,71.6,30.273000000000003,5.348000000000001,235.0,215.6,0.63,0.73253020701984
2026-04-19T08:31:00,04/19/202608:31,80.9,0.31,25.079,52.48,0.36,18.892799999999998,18.4,0.0,0.0,198.7,23782.0,44991.0,20.1,7.8,71.2,30.276,5.4910000000000005,234.8,221.2,0.6599999999999999,0.7533314725467521
2026-04-19T08:31:53,04/19/202608:31,80.97999999999999,0.31,25.103799999999996,52.510000000000005,0.37,19.428700000000003,19.0,0.0,0.0,198.7,23782.0,44991.0,20.1,7.9,70.8,30.279000000000003,5.634,234.6,226.8,0.6900000000000001,0.773934623443463
2026-04-19T08:32:01,04/19/202608:32,76.84,0.35,26.894,52.529999999999994,0.41000000000000003,21.5373,21.1,0.0,0.0,198.7,23782.0,44991.0,20.1,8.0,70.4,30.282,5.752000000000001,234.8,232.4,0.72,0.8008217446270544
2026-04-19T08:33:01,04/19/202608:33,81.17999999999999,0.35,28.412999999999997,52.56,0.42000000000000004,22.075200000000002,21.7,0.0,0.0,198.7,23782.0,44991.0,20.1,8.1,70.0,30.285000000000004,5.87,235.0,238.0,0.75,0.7769401330376942
2026-04-19T08:33:35,04/19/202608:33,85.07000000000001,0.36,30.625200000000003,52.58,0.42000000000000004,22.0836,21.8,0.0,0.0,198.7,23782.0,44991.0,20.1,8.2,69.6,30.288,5.988,235.2,243.6,0.78,0.7210924336820657
2026-04-19T08:34:00,04/19/202608:34,88.96000000000001,0.37,32.915200000000006,52.6,0.42000000000000004,22.092000000000002,21.9,0.0,0.0,198.7,23782.0,44991.0,20.1,8.3,69.2,30.291000000000004,6.106,235.4,249.2,0.8099999999999999,0.6711792727979777
2026-04-19T08:35:01,04/19/202608:35,92.85,0.38,35.283,52.61,0.42000000000000004,22.096200000000003,22.0,0.0,0.0,198.7,23782.0,44991.0,20.1,8.4,68.8,30.294,6.224,235.6,254.8,0.8400000000000001,0.6262562707252786
2026-04-19T08:36:41,04/19/202608:36,96.1,0.39,37.479,52.63000000000001,0.41000000000000003,21.578300000000006,21.5,0.0,0.0,198.7,23782.0,44991.0,20.1,8.5,68.4,30.297000000000004,6.3420000000000005,235.8,260.4,0.8699999999999999,0.5757437498332402
2026-04-19T08:37:00,04/19/202608:37,99.35,0.4,39.74,52.65,0.4,21.060000000000002,21.0,0.0,0.0,198.7,23782.0,44991.0,20.1,8.6,68.0,30.3,6.459999999999999,236.0,266.0,0.9,0.5299446401610468
2026-04-19T08:37:35,04/19/202608:37,98.62,0.4,39.44800000000001,52.67,0.4,21.068,21.0,0.0,0.0,198.7,23782.0,44991.0,20.1,8.6,68.0,30.3,6.459999999999999,236.0,266.0,0.9,0.5340701683228554
2026-04-19T08:38:01,04/19/202608:38,97.89,0.4,39.156000000000006,52.69,0.4,21.076,21.0,0.0,0.0,198.7,23782.0,44991.0,20.1,8.6,68.0,30.3,6.459999999999999,236.0,266.0,0.9,0.5382572275002553
2026-04-19T08:39:00,04/19/202608:39,97.14,0.4,38.856,52.71,0.4,21.084000000000003,21.0,0.0,0.0,198.7,23782.0,44991.0,20.1,8.6,68.0,30.3,6.459999999999999,236.0,266.0,0.9,0.5426189005558988
2026-04-19T08:39:35,04/19/202608:39,96.65,0.41000000000000003,39.62650000000001,52.73,0.4,21.092,21.0,0.0,0.0,198.7,23782.0,44991.0,20.1,8.6,68.0,30.3,6.459999999999999,236.0,266.0,0.9,0.5322700717953893
2026-04-19T08:40:01,04/19/202608:40,96.16,0.42000000000000004,40.3872,52.739999999999995,0.4,21.096,21.0,0.0,0.0,198.7,23782.0,44991.0,20.1,8.6,68.0,30.3,6.459999999999999,236.0,266.0,0.9,0.5223437128595199
2026-04-19T08:40:35,04/19/202608:40,95.8,0.43,41.193999999999996,52.760000000000005,0.41000000000000003,21.631600000000002,21.5,0.0,0.0,198.7,23782.0,44991.0,20.1,8.6,68.0,30.3,6.459999999999999,236.0,266.0,0.9,0.5251153080545712
2026-04-19T08:41:01,04/19/202608:41,95.44,0.44000000000000006,41.99360000000001,52.779999999999994,0.42000000000000004,22.1676,22.0,0.0,0.0,198.7,23782.0,44991.0,20.1,8.6,68.0,30.3,6.459999999999999,236.0,266.0,0.9,0.5278804389240265
2026-04-19T08:41:35,04/19/202608:41,95.03999999999999,0.45,42.768,52.81,0.43,22.7083,22.5,0.0,0.0,198.7,23782.0,44991.0,20.1,8.6,68.0,30.3,6.459999999999999,236.0,266.0,0.9,0.5309647399925178
2026-04-19T08:42:00,04/19/202608:42,95.27000000000001,0.45999999999999996,43.824200000000005,52.83,0.44000000000000006,23.2452,23.0,0.0,0.0,198.7,23782.0,44991.0,20.1,8.6,68.0,30.3,6.459999999999999,236.0,266.0,0.9,0.5304192660676065
2026-04-19T08:42:34,04/19/202608:42,95.41,0.45999999999999996,43.8886,52.86,0.45,23.787,23.5,0.0,0.0,198.7,23782.0,44991.0,20.1,8.6,68.0,30.3,6.459999999999999,236.0,266.0,0.9,0.5419858459827837
2026-04-19T08:43:01,04/19/202608:43,95.53999999999999,0.45999999999999996,43.94839999999999,52.879999999999995,0.45999999999999996,24.324799999999996,24.0,0.0,0.0,198.7,23782.0,44991.0,20.1,8.6,68.0,30.3,6.459999999999999,236.0,266.0,0.9,0.5534854511199497
2026-04-19T08:44:00,04/19/202608:44,95.67,0.45999999999999996,44.008199999999995,52.89,0.47000000000000003,24.858300000000003,24.5,0.0,0.0,198.7,23782.0,44991.0,20.1,8.6,68.0,30.3,6.459999999999999,236.0,266.0,0.9,0.5648560950004773
2026-04-19T08:44:35,04/19/202608:44,95.81,0.45999999999999996,44.072599999999994,52.910000000000004,0.48,25.396800000000002,25.0,0.0,0.0,198.7,23782.0,44991.0,20.1,8.6,68.0,30.3,6.459999999999999,236.0,266.0,0.9,0.5762491888384167
2026-04-19T08:45:01,04/19/202608:45,95.69,0.45,43.0605,52.92999999999999,0.49000000000000005,25.935699999999997,25.5,0.0,0.0,198.7,23782.0,44991.0,20.1,8.6,68.0,30.3,6.459999999999999,236.0,266.0,0.9,0.6023083800699016
2026-04-19T08:45:34,04/19/202608:45,95.88,0.44000000000000006,42.187200000000004,52.96,0.5,26.48,26.0,0.0,0.0,198.7,23782.0,44991.0,20.1,8.68,67.5,30.3,6.634,235.9,271.7,0.93,0.6276785375658968
2026-04-19T08:46:01,04/19/202608:46,96.07000000000001,0.43,41.310100000000006,52.98,0.5,26.49,26.0,0.0,0.0,198.7,23782.0,44991.0,20.1,8.76,67.0,30.3,6.808,235.8,277.4,0.96,0.6412475399478577
2026-04-19T08:47:53,04/19/202608:47,96.27000000000001,0.42000000000000004,40.433400000000006,53.0,0.5,26.5,26.0,0.0,0.0,198.7,23782.0,44991.0,20.1,8.84,66.5,30.3,6.981999999999999,235.7,283.1,0.99,0.655398754495046
2026-04-19T08:48:01,04/19/202608:48,96.51,0.41000000000000003,39.569100000000006,53.02,0.5,26.51,26.0,0.0,0.0,198.7,23782.0,44991.0,20.1,8.92,66.0,30.3,7.156000000000001,235.6,288.8,1.02,0.669967221897895
2026-04-19T08:48:35,04/19/202608:48,96.87,0.4,38.748000000000005,53.05,0.5,26.525,26.0,0.0,0.0,198.7,23782.0,44991.0,20.1,9.0,65.5,30.3,7.33,235.5,294.5,1.05,0.6845514607205532
2026-04-19T08:49:00,04/19/202608:49,97.32000000000001,0.4,38.928000000000004,53.07000000000001,0.5,26.535000000000004,26.0,0.0,0.0,198.7,23782.0,44991.0,20.1,9.08,65.0,30.3,7.504,235.4,300.2,1.08,0.6816430332922319
2026-04-19T08:50:50,04/19/202608:50,97.72999999999999,0.4,39.092,53.089999999999996,0.5,26.544999999999998,26.0,0.0,0.0,198.7,23782.0,44991.0,20.1,9.16,64.5,30.3,7.678,235.3,305.9,1.1099999999999999,0.679039189604011
2026-04-19T08:51:01,04/19/202608:51,98.14,0.4,39.256,53.120000000000005,0.5,26.560000000000002,26.0,0.0,0.0,198.7,23782.0,44991.0,20.1,9.24,64.0,30.3,7.851999999999999,235.2,311.6,1.1400000000000001,0.6765844711636438
2026-04-19T08:51:50,04/19/202608:51,98.17999999999999,0.4,39.272,53.14,0.5,26.57,26.0,0.0,0.0,198.7,23782.0,44991.0,20.0,9.32,63.5,30.3,8.026,235.1,317.3,1.17,0.6765634548787941
2026-04-19T08:52:00,04/19/202608:52,98.22,0.4,39.288000000000004,53.160000000000004,0.5,26.580000000000002,26.0,0.0,0.0,198.7,23782.0,44991.0,20.0,9.4,63.0,30.3,8.2,235.0,323.0,1.2,0.6765424557116677
2026-04-19T08:53:01,04/19/202608:53,97.95,0.4,39.18000000000001,53.17,0.5,26.585,26.0,0.0,0.0,198.7,23782.0,44991.0,20.0,9.4,63.0,30.3,8.2,235.0,323.0,1.2,0.678534966819806
2026-04-19T08:53:32,04/19/202608:53,97.69,0.4,39.076,53.19,0.5,26.595,26.0,0.0,0.0,198.7,23782.0,44991.0,20.1,9.4,63.0,30.3,8.2,235.0,323.0,1.2,0.6805967857508445
2026-04-19T08:54:00,04/19/202608:54,97.42,0.4,38.968,53.21,0.5,26.605,26.0,0.0,0.0,198.7,23782.0,44991.0,20.1,9.4,63.0,30.3,8.2,235.0,323.0,1.2,0.6827396838431533
2026-04-19T08:54:32,04/19/202608:54,97.7,0.41000000000000003,40.057,53.23,0.5,26.615,26.0,0.0,0.0,198.7,23782.0,44991.0,20.1,9.4,63.0,30.3,8.2,235.0,323.0,1.2,0.6644281898294929
2026-04-19T08:55:00,04/19/202608:55,97.86,0.42000000000000004,41.101200000000006,53.239999999999995,0.5,26.619999999999997,26.0,0.0,0.0,198.7,23782.0,44991.0,20.1,9.4,63.0,30.3,8.2,235.0,323.0,1.2,0.6476696544139829
2026-04-19T08:55:31,04/19/202608:55,98.03999999999999,0.43,42.157199999999996,53.260000000000005,0.5,26.630000000000003,26.0,0.0,0.0,198.7,23782.0,44991.0,20.1,9.4,63.0,30.3,8.2,235.0,323.0,1.2,0.6316833186264743
2026-04-19T08:56:01,04/19/202608:56,98.26,0.44000000000000006,43.23440000000001,53.279999999999994,0.5,26.639999999999997,26.0,0.0,0.0,198.7,23782.0,44991.0,20.1,9.4,63.0,30.3,8.2,235.0,323.0,1.2,0.6161760079936345
2026-04-19T08:56:32,04/19/202608:56,98.47999999999999,0.45,44.315999999999995,53.3,0.51,27.183,26.5,0.0,0.0,198.7,23782.0,44991.0,20.1,9.4,63.0,30.3,8.2,235.0,323.0,1.2,0.61339019767127
2026-04-19T08:57:00,04/19/202608:57,99.06,0.45999999999999996,45.5676,53.32000000000001,0.52,27.726400000000005,27.0,0.0,0.0,198.7,23782.0,44991.0,20.1,9.4,63.0,30.3,8.2,235.0,323.0,1.2,0.6084674198333905
2026-04-19T08:57:31,04/19/202608:57,99.55,0.47000000000000003,46.7885,53.339999999999996,0.52,27.7368,27.0,0.0,0.0,198.7,23782.0,44991.0,20.0,9.4,63.0,30.3,8.2,235.0,323.0,1.2,0.592812336364705
2026-04-19T08:59:04,04/19/202608:59,100.06,0.48,48.0288,53.36,0.53,28.280800000000003,27.6,0.0,0.0,198.7,23782.0,44991.0,20.1,9.4,63.0,30.3,8.2,235.0,323.0,1.2,0.5888300353121462
2026-04-19T09:00:00,04/19/202609:00,100.56,0.49000000000000005,49.27440000000001,53.379999999999995,0.54,28.8252,28.2,0.0,0.0,198.7,23782.0,44991.0,20.1,9.4,63.0,30.3,8.2,235.0,323.0,1.2,0.5849934245774681
2026-04-19T09:00:31,04/19/202609:00,101.48,0.49000000000000005,49.72520000000001,53.4,0.55,29.37,28.8,0.0,0.0,198.7,23782.0,44991.0,20.1,9.4,63.0,30.297000000000004,8.2,235.0,323.0,1.2,0.5906461914683098
2026-04-19T09:01:00,04/19/202609:01,101.85,0.48,48.888,53.42,0.5599999999999999,29.9152,29.4,0.0,0.0,198.7,23782.0,44991.0,20.1,9.4,63.0,30.294,8.2,235.0,323.0,1.2,0.6119129438717068
2026-04-19T09:01:32,04/19/202609:01,102.22,0.47000000000000003,48.043400000000005,53.42999999999999,0.5700000000000001,30.455099999999998,30.0,0.0,0.0,198.7,23782.0,44991.0,20.0,9.49,62.7,30.291000000000004,8.280999999999999,235.0,328.7,1.22,0.633908091433995
2026-04-19T09:02:00,04/19/202609:02,102.57000000000001,0.45999999999999996,47.1822,53.42999999999999,0.58,30.989399999999993,30.6,0.0,0.0,198.7,23782.0,44991.0,20.0,9.580000000000002,62.4,30.288,8.361999999999998,235.0,334.4,1.2399999999999998,0.6568027773185648
2026-04-19T09:02:32,04/19/202609:02,102.92999999999999,0.45,46.3185,53.44,0.59,31.5296,31.2,0.0,0.0,198.7,23782.0,44991.0,20.0,9.67,62.1,30.285000000000004,8.443,235.0,340.1,1.26,0.680712890097909
2026-04-19T09:03:01,04/19/202609:03,103.29,0.44000000000000006,45.44760000000001,53.45,0.59,31.5355,31.3,0.0,0.0,198.7,23782.0,44991.0,20.0,9.760000000000002,61.8,30.282,8.524,235.0,345.8,1.2799999999999998,0.6938870259375631
2026-04-19T09:03:32,04/19/202609:03,103.53,0.44000000000000006,45.553200000000004,53.46,0.58,31.0068,30.8,0.0,0.0,198.7,23782.0,44991.0,20.1,9.85,61.5,30.279000000000003,8.605,235.0,351.5,1.3,0.6806722689075629
2026-04-19T09:04:00,04/19/202609:04,103.85999999999999,0.44000000000000006,45.6984,53.470000000000006,0.58,31.012600000000003,30.8,0.0,0.0,198.7,23782.0,44991.0,20.1,9.940000000000001,61.2,30.276,8.686,235.0,357.2,1.3199999999999998,0.6786364511667805
2026-04-19T09:04:44,04/19/202609:04,104.10999999999999,0.44000000000000006,45.8084,53.489999999999995,0.5700000000000001,30.4893,30.2,0.0,0.0,198.7,23782.0,44991.0,20.1,10.030000000000001,60.9,30.273000000000003,8.767,235.0,362.9,1.3399999999999999,0.6655831681525659
2026-04-19T09:05:00,04/19/202609:05,104.35999999999999,0.44000000000000006,45.9184,53.5,0.5599999999999999,29.959999999999997,29.6,0.0,0.0,198.7,23782.0,44991.0,20.1,10.120000000000001,60.6,30.27,8.847999999999999,235.0,368.6,1.3599999999999999,0.6524617582494163
2026-04-19T09:05:45,04/19/202609:05,104.2,0.45,46.89,53.510000000000005,0.55,29.430500000000006,29.0,0.0,0.0,198.7,23782.0,44991.0,20.1,10.21,60.3,30.27,8.928999999999998,235.0,374.3,1.38,0.6276498187246748
2026-04-19T09:06:00,04/19/202609:06,104.04,0.45999999999999996,47.858399999999996,53.52,0.54,28.900800000000004,28.4,0.0,0.0,198.7,23782.0,44991.0,20.1,10.3,60.0,30.27,9.01,235.0,380.0,1.4,0.6038814502783212
2026-04-19T09:06:20,04/19/202609:06,103.74000000000001,0.45999999999999996,47.7204,53.54,0.53,28.3762,27.8,0.0,0.0,198.7,23782.0,44991.0,20.0,10.3,60.0,30.27,9.01,235.0,380.0,1.4,0.5946345797604379
2026-04-19T09:07:00,04/19/202609:07,103.44000000000001,0.45999999999999996,47.5824,53.56,0.52,27.851200000000002,27.2,0.0,0.0,198.7,23782.0,44991.0,20.0,10.3,60.0,30.27,9.01,235.0,380.0,1.4,0.5853256666330409
2026-04-19T09:08:00,04/19/202609:08,103.13,0.45999999999999996,47.43979999999999,53.57000000000001,0.51,27.320700000000006,26.6,0.0,0.0,198.7,23782.0,44991.0,20.0,10.3,60.0,30.27,9.01,235.0,380.0,1.4,0.5759025122365611
2026-04-19T09:09:00,04/19/202609:09,102.82000000000001,0.45999999999999996,47.2972,53.58,0.5,26.79,26.0,0.0,0.0,198.7,23782.0,44991.0,20.0,10.3,60.0,30.27,9.01,235.0,380.0,1.4,0.5664183080605195
2026-04-19T09:10:15,04/19/202609:10,102.87,0.45999999999999996,47.3202,53.6,0.51,27.336000000000002,26.6,0.0,0.0,198.7,23782.0,44991.0,20.0,10.3,60.0,30.27,9.01,235.0,380.0,1.4,0.5776814130117793
2026-04-19T09:10:20,04/19/202609:10,102.92999999999999,0.47000000000000003,48.3771,53.61,0.52,27.877200000000002,27.2,0.0,0.0,198.7,23782.0,44991.0,20.0,10.3,60.0,30.27,9.01,235.0,380.0,1.4,0.5762478528063899
2026-04-19T09:11:00,04/19/202609:11,103.05,0.48,49.464,53.61,0.53,28.4133,27.8,0.0,0.0,198.7,23782.0,44991.0,20.0,10.3,60.0,30.27,9.01,235.0,380.0,1.4,0.5744238233867055
2026-04-19T09:11:20,04/19/202609:11,103.17,0.48,49.5216,53.620000000000005,0.54,28.954800000000006,28.4,0.0,0.0,198.7,23782.0,44991.0,20.0,10.3,60.0,30.27,9.01,235.0,380.0,1.4,0.5846903169526027
2026-04-19T09:12:00,04/19/202609:12,103.28,0.48,49.5744,53.63000000000001,0.55,29.496500000000008,29.0,0.0,0.0,198.7,23782.0,44991.0,20.0,10.3,60.0,30.27,9.01,235.0,380.0,1.4,0.5949945939839919
2026-04-19T09:12:21,04/19/202609:12,101.44000000000001,0.47000000000000003,47.67680000000001,53.64,0.5599999999999999,30.038399999999996,29.6,0.0,0.0,198.7,23782.0,44991.0,20.0,10.3,60.0,30.27,9.01,235.0,380.0,1.4,0.6300422847170949
2026-04-19T09:13:00,04/19/202609:13,99.74000000000001,0.47000000000000003,46.87780000000001,53.65,0.5700000000000001,30.580500000000004,30.2,0.0,0.0,198.7,23782.0,44991.0,20.0,10.3,60.0,30.27,9.01,235.0,380.0,1.4,0.6523450332566801
2026-04-19T09:13:21,04/19/202609:13,98.04,0.48,47.059200000000004,53.660000000000004,0.58,31.1228,30.8,0.0,0.0,198.7,23782.0,44991.0,20.0,10.3,60.0,30.27,9.01,235.0,380.0,1.4,0.6613542091663266
2026-04-19T09:14:00,04/19/202609:14,96.34,0.49000000000000005,47.20660000000001,53.67,0.59,31.6653,31.4,0.0,0.0,198.7,23782.0,44991.0,20.0,10.3,60.0,30.27,9.01,235.0,380.0,1.4,0.6707812043231242
2026-04-19T09:14:21,04/19/202609:14,94.64000000000001,0.49000000000000005,46.37360000000001,53.68000000000001,0.6,32.208000000000006,32.0,0.0,0.0,198.7,23782.0,44991.0,20.0,10.3,60.0,30.27,9.01,235.0,380.0,1.4,0.6945330964169268
2026-04-19T09:15:00,04/19/202609:15,92.7,0.48,44.496,53.68000000000001,0.6,32.208000000000006,32.0,0.0,0.0,198.7,23782.0,44991.0,20.0,10.3,60.0,30.27,9.01,235.0,380.0,1.4,0.7238403451995686
2026-04-19T09:15:20,04/19/202609:15,91.39000000000001,0.48,43.867200000000004,53.7,0.59,31.683,31.4,0.0,0.0,198.7,23782.0,44991.0,20.0,10.3,60.0,30.27,9.01,235.0,380.0,1.4,0.7222480577743735
2026-04-19T09:16:00,04/19/202609:16,90.08000000000001,0.48,43.238400000000006,53.720000000000006,0.58,31.157600000000002,30.8,0.0,0.0,198.7,23782.0,44991.0,20.0,10.3,60.0,30.27,9.01,235.0,380.0,1.4,0.7206002072232089
2026-04-19T09:16:21,04/19/202609:16,88.78,0.49000000000000005,43.5022,53.720000000000006,0.5700000000000001,30.620400000000007,30.2,0.0,0.0,198.7,23782.0,44991.0,20.0,10.38,59.7,30.27,9.022,235.4,385.6,1.44,0.7038816427674923
2026-04-19T09:17:00,04/19/202609:17,87.48,0.5,43.74,53.73,0.5599999999999999,30.088799999999996,29.6,0.0,0.0,198.7,23782.0,44991.0,20.0,10.46,59.4,30.27,9.034,235.8,391.2,1.48,0.6879012345679011
2026-04-19T09:17:33,04/19/202609:17,88.12,0.52,45.8224,53.739999999999995,0.55,29.557,29.0,0.0,0.0,198.7,23782.0,44991.0,20.0,10.540000000000001,59.1,30.27,9.046000000000001,236.2,396.8,1.52,0.645033869897692
2026-04-19T09:18:00,04/19/202609:18,88.76,0.54,47.930400000000006,53.75,0.54,29.025000000000002,28.4,0.0,0.0,198.7,23782.0,44991.0,20.0,10.620000000000001,58.8,30.27,9.058,236.6,402.4,1.56,0.605565570076611
2026-04-19T09:18:34,04/19/202609:18,90.64,0.54,48.945600000000006,53.760000000000005,0.54,29.030400000000004,28.4,0.0,0.0,198.7,23782.0,44991.0,20.0,10.7,58.5,30.27,9.07,237.0,408.0,1.6,0.5931156222418359
2026-04-19T09:19:00,04/19/202609:19,92.52000000000001,0.54,49.960800000000006,53.77,0.54,29.035800000000002,28.4,0.0,0.0,198.7,23782.0,44991.0,20.0,10.78,58.2,30.27,9.082,237.4,413.6,1.64,0.5811716385646346
2026-04-19T09:19:34,04/19/202609:19,94.41,0.54,50.9814,53.77,0.54,29.035800000000002,28.4,0.0,0.0,198.7,23782.0,44991.0,20.0,10.86,57.9,30.27,9.094,237.8,419.2,1.6800000000000002,0.5695371253045228
2026-04-19T09:20:00,04/19/202609:20,96.3,0.54,52.002,53.77,0.54,29.035800000000002,28.4,0.0,0.0,198.7,23782.0,44991.0,20.0,10.940000000000001,57.6,30.27,9.106,238.2,424.8,1.72,0.5583592938733126
2026-04-19T09:21:27,04/19/202609:21,97.55,0.52,50.726,53.77,0.55,29.573500000000003,29.0,0.0,0.0,198.7,23782.0,44991.0,20.0,11.02,57.3,30.27,9.118,238.6,430.4,1.7600000000000002,0.5830047707290148
2026-04-19T09:21:34,04/19/202609:21,97.72999999999999,0.52,50.819599999999994,53.77,0.5700000000000001,30.648900000000005,30.1,0.0,0.0,198.7,23782.0,44991.0,20.0,11.1,57.0,30.27,9.13,239.0,436.0,1.8,0.6030921140662265
2026-04-19T09:22:00,04/19/202609:22,97.9,0.52,50.908,53.779999999999994,0.59,31.730199999999996,31.2,0.0,0.0,198.7,23782.0,44991.0,20.0,11.1,57.0,30.27,9.13,239.0,436.0,1.8,0.6232851418244676
2026-04-19T09:23:01,04/19/202609:23,98.07,0.52,50.9964,53.779999999999994,0.61,32.8058,32.3,0.0,0.0,198.7,23782.0,44991.0,20.0,11.1,57.0,30.27,9.13,239.0,436.0,1.8,0.6432963895490662
2026-04-19T09:24:00,04/19/202609:24,98.25,0.52,51.09,53.779999999999994,0.63,33.8814,33.4,0.0,0.0,198.7,23782.0,44991.0,20.0,11.1,57.0,30.27,9.13,239.0,436.0,1.8,0.6631708749266001
2026-04-19T09:24:33,04/19/202609:24,99.53999999999999,0.52,51.760799999999996,53.79,0.6399999999999999,34.425599999999996,34.0,0.0,0.0,198.7,23782.0,44991.0,20.0,11.1,57.0,30.27,9.13,239.0,436.0,1.8,0.6650901840775258
2026-04-19T09:25:01,04/19/202609:25,99.59,0.53,52.782700000000006,53.8,0.6399999999999999,34.431999999999995,34.0,0.0,0.0,198.7,23782.0,44991.0,20.0,11.1,57.0,30.27,9.13,239.0,436.0,1.8,0.6523349506561807
2026-04-19T09:25:34,04/19/202609:25,99.64,0.53,52.809200000000004,53.81,0.6399999999999999,34.438399999999994,34.0,0.0,0.0,198.7,23782.0,44991.0,20.0,11.1,57.0,30.27,9.13,239.0,436.0,1.8,0.652128795740136
2026-04-19T09:26:00,04/19/202609:26,99.67999999999999,0.54,53.8272,53.83,0.6399999999999999,34.45119999999999,34.0,0.0,0.0,198.7,23782.0,44991.0,20.0,11.1,57.0,30.27,9.13,239.0,436.0,1.8,0.6400332917186848
2026-04-19T09:26:22,04/19/202609:26,99.66,0.5599999999999999,55.80959999999999,53.85,0.6399999999999999,34.464,34.0,0.0,0.0,198.7,23782.0,44991.0,20.0,11.1,57.0,30.27,9.13,239.0,436.0,1.8,0.6175281671970415
2026-04-19T09:27:00,04/19/202609:27,99.64,0.58,57.791199999999996,53.86,0.6399999999999999,34.47039999999999,34.0,0.0,0.0,198.7,23782.0,44991.0,20.0,11.1,57.0,30.27,9.13,239.0,436.0,1.8,0.5964645136283724
2026-04-19T09:27:23,04/19/202609:27,100.78999999999999,0.5700000000000001,57.4503,53.86999999999999,0.63,33.93809999999999,33.5,0.0,0.0,198.7,23782.0,44991.0,20.0,11.1,57.0,30.27,9.13,239.0,436.0,1.8,0.5907384295643363
2026-04-19T09:28:01,04/19/202609:28,101.94,0.5599999999999999,57.08639999999999,53.879999999999995,0.6199999999999999,33.40559999999999,33.0,0.0,0.0,198.7,23782.0,44991.0,20.0,11.1,57.0,30.27,9.13,239.0,436.0,1.8,0.5851761540401916
2026-04-19T09:28:23,04/19/202609:28,103.09,0.54,55.668600000000005,53.89,0.61,32.8729,32.5,0.0,0.0,198.7,23782.0,44991.0,20.0,11.1,57.0,30.27,9.13,239.0,436.0,1.8,0.5905106289721674
2026-04-19T09:29:00,04/19/202609:29,104.24000000000001,0.52,54.204800000000006,53.9,0.6,32.339999999999996,32.0,0.0,0.0,198.7,23782.0,44991.0,20.0,11.1,57.0,30.27,9.13,239.0,436.0,1.8,0.5966261290513016
2026-04-19T09:30:01,04/19/202609:30,104.28,0.5,52.14,53.9,0.6,32.339999999999996,32.0,0.0,0.0,198.7,23782.0,44991.0,20.0,11.1,57.0,30.27,9.13,239.0,436.0,1.8,0.620253164556962
2026-04-19T09:30:23,04/19/202609:30,104.21,0.5,52.105,53.9,0.6,32.339999999999996,32.0,0.0,0.0,198.7,23782.0,44991.0,20.0,11.1,57.0,30.27,9.13,239.0,436.0,1.8,0.6206698013626331
2026-04-19T09:31:00,04/19/202609:31,104.13999999999999,0.51,53.111399999999996,53.9,0.6,32.339999999999996,32.0,0.0,0.0,198.7,23782.0,44991.0,20.0,11.1,57.0,30.27,9.13,239.0,436.0,1.8,0.6089088218348603
2026-04-19T09:31:22,04/19/202609:31,104.07000000000001,0.52,54.116400000000006,53.910000000000004,0.6,32.346000000000004,32.0,0.0,0.0,198.7,23782.0,44991.0,20.0,11.17,56.8,30.27,9.211000000000002,239.0,441.5,1.85,0.5977115994412046
2026-04-19T09:32:38,04/19/202609:32,104.05999999999999,0.52,54.1112,53.910000000000004,0.6,32.346000000000004,32.0,0.0,0.0,198.7,23782.0,44991.0,20.0,11.24,56.6,30.27,9.218,238.7,447.0,1.9,0.5977690385724214
2026-04-19T09:33:00,04/19/202609:33,104.05,0.52,54.106,53.910000000000004,0.6,32.346000000000004,32.0,0.0,0.0,198.7,23782.0,44991.0,20.0,11.309999999999999,56.4,30.27,9.225,238.4,452.5,1.95,0.5978264887443168
2026-04-19T09:33:30,04/19/202609:33,103.74000000000001,0.53,54.982200000000006,53.92,0.61,32.8912,32.5,0.0,0.0,198.7,23782.0,44991.0,20.0,11.379999999999999,56.2,30.27,9.219,238.2,458.0,2.0,0.5982154224458096
2026-04-19T09:34:01,04/19/202609:34,103.42999999999999,0.54,55.852199999999996,53.92999999999999,0.6199999999999999,33.43659999999999,33.0,0.0,0.0,198.7,23782.0,44991.0,20.0,11.45,56.0,30.27,9.213,238.0,463.5,2.05,0.5986621834054879
2026-04-19T09:34:11,04/19/202609:34,103.13,0.5599999999999999,57.75279999999999,53.94,0.63,33.9822,33.5,0.0,0.0,198.7,23782.0,44991.0,20.0,11.52,55.8,30.27,9.207,237.8,469.0,2.1,0.5884078347716475
2026-04-19T09:36:00,04/19/202609:35,102.82000000000001,0.58,59.635600000000004,53.96,0.65,35.074000000000005,34.6,0.0,0.0,198.7,23782.0,44991.0,20.0,11.59,55.9,30.27,9.201,237.6,474.5,2.15,0.5881386286043907
2026-04-19T09:36:01,04/19/202609:36,102.50999999999999,0.6,61.50599999999999,53.98,0.67,36.1666,35.7,0.0,0.0,198.7,23782.0,44991.0,20.0,11.66,56.0,30.27,9.195,237.4,480.0,2.2,0.5880174291938999
2026-04-19T09:37:00,04/19/202609:36,102.92,0.59,60.7228,53.989999999999995,0.6799999999999999,36.71319999999999,36.2,0.0,0.0,198.7,23782.0,44991.0,20.0,11.73,56.1,30.27,9.189,237.2,485.5,2.25,0.6046032132905597
2026-04-19T09:37:01,04/19/202609:37,103.33,0.58,59.9314,54.0,0.69,37.26,36.7,0.0,0.0,198.7,23782.0,44991.0,20.0,11.8,56.2,30.27,9.183,237.0,491.0,2.3,0.6217108227072954
2026-04-19T09:38:00,04/19/202609:38,103.74000000000001,0.5700000000000001,59.13180000000001,54.0,0.7,37.8,37.2,0.0,0.0,198.7,23782.0,44991.0,20.0,11.8,56.5,30.27,9.096,236.8,491.0,2.3,0.6392499467291709
2026-04-19T09:39:00,04/19/202609:38,104.15,0.5599999999999999,58.324,54.010000000000005,0.7,37.807,37.2,0.0,0.0,198.7,23782.0,44991.0,20.0,11.8,56.8,30.27,9.083,236.9,491.0,2.3,0.6482237157945272
2026-04-19T09:39:01,04/19/202609:39,104.55999999999999,0.55,57.507999999999996,54.02,0.7,37.814,37.2,0.0,0.0,198.7,23782.0,44991.0,20.0,11.8,57.1,30.27,9.07,237.0,491.0,2.3,0.6575432983237115
2026-04-19T09:40:01,04/19/202609:40,104.87,0.55,57.67850000000001,54.02,0.7,37.814,37.2,0.0,0.0,198.7,23782.0,44991.0,20.0,11.8,57.4,30.27,9.07,237.0,491.0,2.3,0.6555995734979237
2026-04-19T09:41:01,04/19/202609:41,105.17999999999999,0.55,57.849000000000004,54.02,0.7,37.814,37.2,0.0,0.0,198.7,23782.0,44991.0,20.0,11.8,57.7,30.27,9.07,237.0,491.0,2.3,0.6536673062628567
2026-04-19T09:42:01,04/19/202609:42,105.47999999999999,0.55,58.013999999999996,54.02,0.7,37.814,37.2,0.0,0.0,198.7,23782.0,44991.0,20.0,11.8,58.0,30.27,9.07,237.0,491.0,2.3,0.6518081842313924
2026-04-19T09:43:49,04/19/202609:43,105.92,0.54,57.1968,54.010000000000005,0.69,37.2669,36.6,0.0,0.0,198.7,23782.0,44991.0,20.0,11.8,58.0,30.27,9.07,237.0,491.0,2.3,0.6515556814367237
2026-04-19T09:44:01,04/19/202609:44,106.35999999999999,0.53,56.370799999999996,54.010000000000005,0.6799999999999999,36.7268,36.0,0.0,0.0,198.7,23782.0,44991.0,20.0,11.8,58.0,30.27,9.07,237.0,491.0,2.3,0.6515217098213969
2026-04-19T09:45:00,04/19/202609:44,106.19000000000001,0.52,55.21880000000001,54.02,0.6799999999999999,36.733599999999996,36.0,0.0,0.0,198.7,23782.0,44991.0,20.0,11.8,58.0,30.27,9.07,237.0,491.0,2.3,0.6652372018225675
2026-04-19T09:45:01,04/19/202609:45,106.02000000000001,0.51,54.07020000000001,54.029999999999994,0.6799999999999999,36.740399999999994,36.0,0.0,0.0,198.7,23782.0,44991.0,20.0,11.8,58.0,30.27,9.07,237.0,491.0,2.3,0.6794944350122616
2026-04-19T09:46:00,04/19/202609:46,105.88,0.51,53.998799999999996,54.04,0.6799999999999999,36.7472,36.0,0.0,0.0,198.7,23782.0,44991.0,20.0,11.860000000000001,57.8,30.27,9.126000000000001,237.2,496.4,2.34,0.6805188263442892
2026-04-19T09:47:01,04/19/202609:47,105.74000000000001,0.51,53.927400000000006,54.05,0.69,37.29449999999999,36.5,0.0,0.0,198.7,23782.0,44991.0,20.0,11.92,57.6,30.27,9.182,237.4,501.8,2.38,0.6915686645378785
2026-04-19T09:48:00,04/19/202609:48,105.6,0.51,53.855999999999995,54.06,0.7,37.842,37.0,0.0,0.0,198.7,23782.0,44991.0,20.0,11.98,57.4,30.27,9.238000000000001,237.6,507.2,2.42,0.7026515151515152
2026-04-19T09:49:00,04/19/202609:49,105.75999999999999,0.5,52.879999999999995,54.07000000000001,0.7,37.849000000000004,37.0,0.0,0.0,198.7,23782.0,44991.0,20.0,12.040000000000001,57.2,30.27,9.294,237.8,512.6,2.46,0.7157526475037823
2026-04-19T09:49:01,04/19/202609:49,106.15,0.5,53.075,54.08,0.7,37.855999999999995,37.0,0.0,0.0,198.7,23782.0,44991.0,20.0,12.1,57.0,30.27,9.35,238.0,518.0,2.5,0.7132548280734807
2026-04-19T09:50:01,04/19/202609:50,106.54,0.5,53.27,54.089999999999996,0.71,38.40389999999999,37.6,0.0,1.0,198.7,23782.0,44991.0,20.0,12.16,56.8,30.27,9.406,238.2,523.4,2.54,0.7209292284587946
2026-04-19T09:51:00,04/19/202609:51,106.8,0.51,54.467999999999996,54.1,0.72,38.952,38.2,0.0,1.0,198.7,23782.0,44991.0,20.0,12.22,56.6,30.27,9.462,238.4,528.8,2.58,0.7151354923992069
2026-04-19T09:52:01,04/19/202609:52,107.19000000000001,0.52,55.738800000000005,54.11,0.73,39.500299999999996,38.8,0.0,1.0,198.7,23782.0,44991.0,20.0,12.280000000000001,56.4,30.27,9.518,238.6,534.2,2.62,0.7086679297006752
2026-04-19T09:53:00,04/19/202609:53,107.52000000000001,0.54,58.06080000000001,54.120000000000005,0.74,40.0488,39.4,0.0,1.0,198.7,23782.0,44991.0,20.0,12.34,56.2,30.27,9.574000000000002,238.8,539.6,2.66,0.6897734788359787
2026-04-19T09:55:01,04/19/202609:55,107.49000000000001,0.5599999999999999,60.1944,54.13000000000001,0.75,40.59750000000001,40.0,0.0,1.0,198.7,23782.0,44991.0,20.0,12.4,56.0,30.27,9.63,239.0,545.0,2.7,0.6744398149994021
2026-04-19T09:56:00,04/19/202609:56,107.42999999999999,0.5700000000000001,61.2351,54.14,0.76,41.1464,40.6,0.0,1.0,198.7,23782.0,44991.0,20.0,12.4,56.0,30.27,9.63,239.0,545.0,2.7,0.6719414192187161
2026-04-19T09:57:01,04/19/202609:57,107.37,0.58,62.2746,54.160000000000004,0.77,41.7032,41.2,0.0,1.0,198.7,23782.0,44991.0,20.0,12.4,56.0,30.27,9.63,239.0,545.0,2.7,0.669666284488379
2026-04-19T09:58:23,04/19/202609:58,106.60999999999999,0.6,63.96599999999999,54.17,0.79,42.7943,42.3,0.0,1.0,198.7,23782.0,44991.0,20.0,12.4,56.0,30.27,9.63,239.0,545.0,2.7,0.6690163524372325
2026-04-19T09:59:00,04/19/202609:59,105.85,0.6199999999999999,65.62699999999998,54.18000000000001,0.8099999999999999,43.8858,43.4,0.0,1.0,198.7,23782.0,44991.0,20.0,12.4,56.0,30.27,9.63,239.0,545.0,2.7,0.6687156200953878
2026-04-19T10:00:00,04/19/202610:00,104.85999999999999,0.63,66.06179999999999,54.2,0.8300000000000001,44.986000000000004,44.5,0.0,1.0,198.7,23782.0,44991.0,20.0,12.4,56.0,30.27,9.63,239.0,545.0,2.7,0.6809684265339426
2026-04-19T10:00:23,04/19/202610:00,104.8,0.6199999999999999,64.97599999999998,54.220000000000006,0.8300000000000001,45.00260000000001,44.5,0.0,1.0,198.7,23782.0,44991.0,20.0,12.48,55.9,30.27,9.612,239.0,550.2,2.73,0.6926034228022657
2026-04-19T10:01:00,04/19/202610:01,104.74000000000001,0.61,63.891400000000004,54.239999999999995,0.8300000000000001,45.0192,44.5,0.0,1.0,198.7,23782.0,44991.0,20.0,12.559999999999999,55.8,30.27,9.594,239.0,555.4,2.7600000000000002,0.7046206531708492
2026-04-19T10:02:01,04/19/202610:02,104.55,0.6,62.73,54.25,0.8300000000000001,45.0275,44.5,0.0,1.0,198.7,23782.0,44991.0,20.0,12.64,55.7,30.27,9.576,239.0,560.6,2.79,0.717798501514427
2026-04-19T10:03:00,04/19/202610:03,104.42,0.59,61.6078,54.260000000000005,0.8300000000000001,45.03580000000001,44.5,0.0,1.0,198.7,23782.0,44991.0,20.0,12.72,55.6,30.27,9.558,239.0,565.8,2.8200000000000003,0.7310080866383803
2026-04-19T10:03:14,04/19/202610:03,103.41,0.58,59.977799999999995,54.27,0.8300000000000001,45.04410000000001,44.5,0.0,1.0,198.7,23782.0,44991.0,20.0,12.8,55.5,30.27,9.540000000000001,239.0,571.0,2.85,0.7510128747636627
2026-04-19T10:04:00,04/19/202610:04,102.4,0.5700000000000001,58.36800000000001,54.279999999999994,0.8300000000000001,45.0524,44.5,0.0,1.0,198.7,23782.0,44991.0,20.0,12.88,55.4,30.27,9.522,239.0,576.2,2.88,0.7718681469298244
2026-04-19T10:06:12,04/19/202610:06,101.39,0.5599999999999999,56.7784,54.279999999999994,0.8300000000000001,45.0524,44.5,0.0,1.0,198.7,23782.0,44991.0,20.0,12.959999999999999,55.3,30.27,9.504,239.0,581.4,2.91,0.7934778014174404
2026-04-19T10:06:14,04/19/202610:06,101.77000000000001,0.54,54.95580000000001,54.29,0.8300000000000001,45.060700000000004,44.5,0.0,1.0,198.7,23782.0,44991.0,20.0,13.040000000000001,55.2,30.27,9.486,239.0,586.6,2.94,0.819944391674764
2026-04-19T10:07:00,04/19/202610:07,102.15,0.52,53.118,54.3,0.8300000000000001,45.069,44.5,0.0,1.0,198.7,23782.0,44991.0,20.0,13.12,55.1,30.27,9.468,239.0,591.8,2.9699999999999998,0.848469445385745
2026-04-19T10:07:15,04/19/202610:07,102.53,0.51,52.2903,54.31,0.8300000000000001,45.07730000000001,44.5,0.0,1.0,198.7,23782.0,44991.0,20.0,13.2,55.0,30.27,9.45,239.0,597.0,3.0,0.8620585462313279
2026-04-19T10:08:00,04/19/202610:08,101.98,0.52,53.0296,54.31999999999999,0.8400000000000001,45.6288,45.0,0.0,1.0,198.7,23782.0,44991.0,20.0,13.2,55.0,30.27,9.45,239.0,597.0,3.0,0.8604402069787439
2026-04-19T10:08:15,04/19/202610:08,101.37,0.53,53.7261,54.33,0.85,46.180499999999995,45.5,0.0,1.0,198.7,23782.0,44991.0,20.0,13.2,55.0,30.27,9.45,239.0,597.0,3.0,0.859554294839938
2026-04-19T10:09:00,04/19/202610:09,100.76,0.54,54.41040000000001,54.339999999999996,0.86,46.7324,46.0,0.0,1.0,198.7,23782.0,44991.0,20.0,13.2,55.0,30.27,9.45,239.0,597.0,3.0,0.8588872715510268
2026-04-19T10:09:01,04/19/202610:09,100.16,0.55,55.088,54.35,0.8700000000000001,47.28450000000001,46.5,0.0,1.0,198.7,23782.0,44991.0,20.0,13.2,55.0,30.27,9.45,239.0,597.0,3.0,0.8583448300900379
2026-04-19T10:10:01,04/19/202610:10,101.55,0.5700000000000001,57.883500000000005,54.36,0.8800000000000001,47.836800000000004,47.0,0.0,1.0,198.7,23782.0,44991.0,20.0,13.2,55.0,30.27,9.45,239.0,597.0,3.0,0.8264324030164036
2026-04-19T10:11:00,04/19/202610:11,102.94000000000001,0.59,60.7346,54.36999999999999,0.89,48.38929999999999,47.5,0.0,1.0,198.7,23782.0,44991.0,20.0,13.2,55.0,30.27,9.45,239.0,597.0,3.0,0.7967336575856265
2026-04-19T10:11:01,04/19/202610:11,104.34,0.61,63.6474,54.379999999999995,0.9,48.942,48.1,0.0,1.0,198.7,23782.0,44991.0,20.0,13.2,55.0,30.27,9.45,239.0,597.0,3.0,0.7689552126245535
2026-04-19T10:12:00,04/19/202610:12,105.05,0.63,66.1815,54.39,0.9,48.951,48.2,0.0,1.0,198.7,23782.0,44991.0,20.0,13.2,55.0,30.27,9.45,239.0,597.0,3.0,0.7396477867682056
2026-04-19T10:12:24,04/19/202610:12,105.00999999999999,0.6399999999999999,67.20639999999999,54.410000000000004,0.89,48.4249,48.3,0.0,1.0,198.7,23782.0,44991.0,20.0,13.2,55.0,30.27,9.45,239.0,597.0,3.0,0.7205400080944674
2026-04-19T10:13:00,04/19/202610:13,104.97,0.6399999999999999,67.18079999999999,54.42,0.8800000000000001,47.88960000000001,48.4,0.0,1.0,198.7,23782.0,44991.0,20.0,13.2,55.0,30.27,9.45,239.0,597.0,3.0,0.7128465275793086
2026-04-19T10:13:24,04/19/202610:13,104.88,0.6399999999999999,67.12319999999998,54.42,0.8800000000000001,47.88960000000001,48.5,0.0,1.0,198.7,23782.0,44991.0,20.0,13.2,55.0,30.27,9.45,239.0,597.0,3.0,0.7134582379862703
2026-04-19T10:14:00,04/19/202610:14,104.85,0.6399999999999999,67.10399999999998,54.42999999999999,0.8800000000000001,47.8984,48.6,0.0,1.0,198.7,23782.0,44991.0,20.0,13.2,55.0,30.27,9.45,239.0,597.0,3.0,0.7137935145445877
2026-04-19T10:15:00,04/19/202610:15,104.82000000000001,0.6399999999999999,67.0848,54.44,0.8800000000000001,47.9072,48.7,0.0,1.0,198.7,23782.0,44991.0,20.0,13.2,55.0,30.27,9.45,239.0,597.0,3.0,0.7141289830185079
2026-04-19T10:15:41,04/19/202610:15,105.71,0.6399999999999999,67.65439999999998,54.45,0.8800000000000001,47.91600000000001,48.7,0.0,1.0,198.7,23782.0,44991.0,20.0,13.2,55.0,30.27,9.45,239.0,597.0,3.0,0.7082466181061398
2026-04-19T10:16:00,04/19/202610:16,105.85,0.63,66.68549999999999,54.46,0.8800000000000001,47.924800000000005,48.7,0.0,1.0,198.7,23782.0,44991.0,20.0,13.2,55.0,30.27,9.45,239.0,597.0,3.0,0.7186689760142762
2026-04-19T10:18:23,04/19/202610:18,106.0,0.63,66.78,54.470000000000006,0.8800000000000001,47.93360000000001,48.8,0.0,1.0,198.7,23782.0,44991.0,20.0,13.290000000000001,54.8,30.27,9.480999999999998,238.9,602.0,3.05,0.7177837675950886
2026-04-19T10:18:24,04/19/202610:18,106.3,0.6199999999999999,65.90599999999999,54.470000000000006,0.8800000000000001,47.93360000000001,48.8,0.0,1.0,198.7,23782.0,44991.0,20.0,13.379999999999999,54.6,30.27,9.511999999999999,238.8,607.0,3.1,0.7273025217734351
2026-04-19T10:19:01,04/19/202610:19,106.6,0.61,65.026,54.470000000000006,0.8800000000000001,47.93360000000001,48.8,0.0,1.0,198.7,23782.0,44991.0,20.0,13.469999999999999,54.4,30.27,9.543,238.7,612.0,3.15,0.7371451419432229
2026-04-19T10:19:23,04/19/202610:19,107.42,0.6199999999999999,66.6004,54.46,0.89,48.4694,48.8,0.0,1.0,198.7,23782.0,44991.0,20.0,13.559999999999999,54.2,30.27,9.574,238.6,617.0,3.2,0.7277643978114247
2026-04-19T10:20:01,04/19/202610:20,108.24000000000001,0.63,68.19120000000001,54.45,0.9,49.005,48.8,0.0,1.0,198.7,23782.0,44991.0,20.0,13.65,54.0,30.27,9.605,238.5,622.0,3.25,0.7186411149825783
2026-04-19T10:20:24,04/19/202610:20,109.10999999999999,0.6399999999999999,69.83039999999998,54.46,0.9099999999999999,49.5586,49.3,0.0,1.0,198.7,23782.0,44991.0,20.0,13.74,53.8,30.27,9.636,238.4,627.0,3.3,0.7096995005040786
2026-04-19T10:21:00,04/19/202610:21,109.97999999999999,0.65,71.487,54.46,0.9199999999999999,50.103199999999994,49.8,0.0,1.0,198.7,23782.0,44991.0,20.0,13.829999999999998,53.6,30.27,9.667,238.3,632.0,3.35,0.7008714871235329
2026-04-19T10:22:01,04/19/202610:22,110.85,0.6599999999999999,73.16099999999999,54.46,0.93,50.647800000000004,50.3,0.0,1.0,198.7,23782.0,44991.0,20.0,13.919999999999998,53.4,30.27,9.697999999999999,238.2,637.0,3.4,0.6922786730635176
2026-04-19T10:22:23,04/19/202610:22,111.13,0.6599999999999999,73.34579999999998,54.46,0.9400000000000001,51.192400000000006,50.9,0.0,1.0,198.7,23782.0,44991.0,20.0,14.01,53.2,30.27,9.729,238.1,642.0,3.45,0.6979595286983034
2026-04-19T10:23:01,04/19/202610:23,111.41,0.6599999999999999,73.53059999999999,54.46,0.95,51.737,51.5,0.0,1.0,198.7,23782.0,44991.0,20.0,14.1,53.0,30.27,9.76,238.0,647.0,3.5,0.7036118296328332
2026-04-19T10:24:01,04/19/202610:24,111.67999999999999,0.65,72.592,54.46,0.96,52.2816,52.0,0.0,1.0,198.7,23782.0,44991.0,20.0,14.1,53.0,30.27,9.76,238.0,647.0,3.5,0.7202115935640291
2026-04-19T10:24:23,04/19/202610:24,111.79,0.6599999999999999,73.78139999999999,54.470000000000006,0.97,52.8359,52.5,0.0,1.0,198.7,23782.0,44991.0,20.0,14.1,53.0,30.27,9.76,238.0,647.0,3.5,0.7161140883745769
2026-04-19T10:25:01,04/19/202610:25,111.9,0.6699999999999999,74.973,54.48,0.9800000000000001,53.3904,53.0,0.0,1.0,198.7,23782.0,44991.0,20.0,14.1,53.0,30.27,9.76,238.0,647.0,3.5,0.7121283662118363
2026-04-19T10:25:23,04/19/202610:25,112.37,0.6699999999999999,75.2879,54.489999999999995,0.99,53.9451,53.5,0.0,1.0,198.7,23782.0,44991.0,20.0,14.1,53.0,30.27,9.76,238.0,647.0,3.5,0.7165175280489959
2026-04-19T10:26:01,04/19/202610:26,112.84,0.6699999999999999,75.60279999999999,54.5,1.0,54.5,54.0,0.0,1.0,198.7,23782.0,44991.0,20.0,14.1,53.0,30.27,9.76,238.0,647.0,3.5,0.7208727719079189
2026-04-19T10:26:24,04/19/202610:26,113.32000000000001,0.6699999999999999,75.92439999999999,54.5,1.0,54.5,54.0,0.0,1.0,198.7,23782.0,44991.0,20.0,14.1,53.0,30.27,9.76,238.0,647.0,3.5,0.7178193044660215
2026-04-19T10:27:01,04/19/202610:27,113.8,0.6699999999999999,76.246,54.5,1.0,54.5,54.0,0.0,1.0,198.7,23782.0,44991.0,20.0,14.1,53.0,30.27,9.76,238.0,647.0,3.5,0.7147915956246885
2026-04-19T10:28:36,04/19/202610:28,114.32000000000001,0.6699999999999999,76.5944,54.5,1.0,54.5,54.0,0.0,1.0,198.7,23782.0,44991.0,20.0,14.1,53.0,30.27,9.76,238.0,647.0,3.5,0.7115402692625049
2026-04-19T10:29:00,04/19/202610:29,114.5,0.6799999999999999,77.86,54.5,1.0,54.5,54.0,0.0,1.0,198.7,23782.0,44991.0,20.0,14.1,53.0,30.27,9.76,238.0,647.0,3.5,0.6999743128692525
2026-04-19T10:30:01,04/19/202610:30,114.67999999999999,0.69,79.12919999999998,54.5,1.0,54.5,54.0,0.0,1.0,198.7,23782.0,44991.0,20.0,14.1,53.0,30.27,9.76,238.0,647.0,3.5,0.6887470112170982
2026-04-19T10:30:20,04/19/202610:30,114.85,0.7,80.395,54.5,1.0,54.5,54.0,0.0,1.0,198.7,23782.0,44991.0,20.0,14.1,53.0,30.27,9.76,238.0,647.0,3.5,0.6779028546551403
2026-04-19T10:31:01,04/19/202610:31,115.02000000000001,0.7,80.514,54.5,1.0,54.5,54.0,0.0,1.0,198.7,23782.0,44991.0,20.0,14.1,53.0,30.27,9.76,238.0,647.0,3.5,0.6769009116426957
2026-04-19T10:31:21,04/19/202610:31,115.42,0.7,80.794,54.5,1.0,54.5,54.0,0.0,1.0,198.7,23782.0,44991.0,20.0,14.16,52.8,30.27,9.847,237.7,651.6,3.55,0.6745550412159319
2026-04-19T10:32:01,04/19/202610:32,115.69000000000001,0.7,80.983,54.5,1.0,54.5,54.0,0.0,1.0,198.7,23782.0,44991.0,20.0,14.219999999999999,52.6,30.27,9.934000000000001,237.4,656.2,3.6,0.6729807490460961
2026-04-19T10:33:01,04/19/202610:33,115.96,0.7,81.172,54.5,1.0,54.5,54.0,0.0,1.0,198.7,23782.0,44991.0,20.0,14.279999999999998,52.4,30.27,10.021,237.1,660.8,3.65,0.6714137880057163
2026-04-19T10:33:42,04/19/202610:33,116.21,0.7,81.347,54.5,1.0,54.5,54.0,0.0,1.0,198.7,23782.0,44991.0,20.0,14.36,52.2,30.27,10.108,236.8,665.3,3.7,0.6699693903893199
2026-04-19T10:34:01,04/19/202610:34,116.46,0.7,81.52199999999999,54.5,1.0,54.5,54.0,0.0,1.0,198.7,23782.0,44991.0,20.0,14.440000000000001,52.0,30.27,10.195,236.5,669.8,3.75,0.6685311940335125
2026-04-19T10:34:42,04/19/202610:34,116.04,0.7,81.228,54.489999999999995,1.0,54.489999999999995,54.0,0.0,1.0,198.7,23782.0,44991.0,20.0,14.52,51.8,30.27,10.282,236.2,674.3,3.8,0.6708277933717437
2026-04-19T10:35:01,04/19/202610:35,115.62,0.7,80.934,54.48,1.0,54.48,54.0,0.0,1.0,198.7,23782.0,44991.0,20.0,14.6,51.6,30.27,10.369,235.9,678.8,3.85,0.6731410779153384
2026-04-19T10:35:42,04/19/202610:35,115.21,0.7,80.64699999999999,54.48,1.01,55.0248,54.5,0.0,1.0,198.7,23782.0,44991.0,20.0,14.680000000000001,51.4,30.27,10.443000000000001,235.3,683.3,3.9,0.6822919637432268
2026-04-19T10:36:01,04/19/202610:36,114.80999999999999,0.7,80.36699999999999,54.48,1.02,55.5696,55.0,0.0,1.0,198.7,23782.0,44991.0,20.0,14.76,51.2,30.27,10.517,234.7,687.8,3.95,0.691447982380828
2026-04-19T10:37:01,04/19/202610:37,114.41,0.7,80.08699999999999,54.48,1.03,56.114399999999996,55.5,0.0,1.0,198.7,23782.0,44991.0,20.0,14.84,51.0,30.27,10.591000000000001,234.1,692.3,4.0,0.7006680235244173
2026-04-19T10:37:42,04/19/202610:37,113.78,0.71,80.7838,54.45,1.04,56.62800000000001,56.0,0.0,1.0,198.7,23782.0,44991.0,20.0,14.86,51.0,30.27,10.578,233.8,692.2,4.0,0.7009821276047922
2026-04-19T10:38:01,04/19/202610:38,113.15,0.72,81.468,54.42,1.05,57.141000000000005,56.5,0.0,1.0,198.7,23782.0,44991.0,20.0,14.88,51.0,30.27,10.565000000000001,233.5,692.1,4.0,0.7013919575784358
2026-04-19T10:39:49,04/19/202610:39,113.15,0.72,81.468,54.379999999999995,1.07,58.1866,57.5,0.0,1.0,198.7,23782.0,44991.0,20.0,14.9,51.0,30.27,10.552000000000001,233.2,692.0,4.0,0.7142264447390386
2026-04-19T10:40:01,04/19/202610:40,113.16,0.72,81.4752,54.339999999999996,1.09,59.2306,58.5,0.0,1.0,198.7,23782.0,44991.0,20.0,14.9,51.0,30.27,10.539,232.9,692.0,4.0,0.7269770433211579
2026-04-19T10:40:42,04/19/202610:40,113.17,0.73,82.6141,54.3,1.1099999999999999,60.27299999999999,59.5,0.0,1.0,198.7,23782.0,44991.0,20.0,14.9,51.0,30.27,10.526,232.6,692.0,4.0,0.7295727968954452
2026-04-19T10:41:00,04/19/202610:41,113.80999999999999,0.74,84.2194,54.27,1.1300000000000001,61.32510000000001,60.5,0.0,1.0,198.7,23782.0,44991.0,20.0,14.9,51.0,30.27,10.513,232.3,692.0,4.0,0.7281588327629979
2026-04-19T10:42:00,04/19/202610:42,114.45,0.75,85.8375,54.239999999999995,1.15,62.37599999999999,61.6,0.0,1.0,198.7,23782.0,44991.0,20.0,14.9,51.0,30.27,10.5,232.0,692.0,4.0,0.7266754041065966
2026-04-19T10:42:43,04/19/202610:42,114.35999999999999,0.76,86.91359999999999,54.2,1.17,63.414,62.7,0.0,1.0,198.7,23782.0,44991.0,20.0,14.9,51.0,30.27,10.5,232.0,692.0,4.0,0.7296211409951954
2026-04-19T10:43:01,04/19/202610:43,114.27000000000001,0.77,87.98790000000001,54.160000000000004,1.19,64.4504,63.8,0.0,1.0,198.7,23782.0,44991.0,20.0,14.9,51.0,30.27,10.5,232.0,692.0,4.0,0.7324916266895788
2026-04-19T10:43:42,04/19/202610:43,114.17999999999999,0.79,90.2022,54.120000000000005,1.21,65.4852,64.9,0.0,1.0,198.7,23782.0,44991.0,20.0,14.9,51.0,30.27,10.5,232.0,692.0,4.0,0.7259822931148021
2026-04-19T10:44:00,04/19/202610:44,114.09,0.8,91.272,54.11,1.23,66.5553,66.0,0.0,1.0,198.7,23782.0,44991.0,20.0,14.9,51.0,30.27,10.5,232.0,692.0,4.0,0.7291973442019458
2026-04-19T10:44:43,04/19/202610:44,114.96,0.8,91.968,54.1,1.24,67.084,66.5,0.0,1.0,198.7,23782.0,44991.0,20.0,14.9,51.0,30.27,10.5,232.0,692.0,4.0,0.7294276270006959
2026-04-19T10:45:01,04/19/202610:45,115.2,0.8099999999999999,93.312,54.1,1.24,67.084,66.5,0.0,1.0,198.7,23782.0,44991.0,20.0,14.9,51.0,30.27,10.5,232.0,692.0,4.0,0.7189214677640604
2026-04-19T10:45:42,04/19/202610:45,115.45,0.8200000000000001,94.66900000000001,54.11,1.25,67.6375,67.1,0.1,1.0,198.7,23782.0,44991.0,20.0,14.9,51.0,30.27,10.5,232.0,692.0,4.0,0.7144630237987092
2026-04-19T10:46:00,04/19/202610:46,115.7,0.8200000000000001,94.87400000000001,54.120000000000005,1.26,68.19120000000001,67.7,0.1,1.0,198.7,23782.0,44991.0,20.0,14.9,51.0,30.27,10.5,232.0,692.0,4.0,0.7187554019014694
2026-04-19T10:46:42,04/19/202610:46,115.95,0.8200000000000001,95.07900000000001,54.120000000000005,1.27,68.73240000000001,68.3,0.1,1.0,198.7,23782.0,44991.0,20.0,14.969999999999999,50.7,30.27,10.587,232.2,696.5,4.04,0.7228978007761967
2026-04-19T10:47:01,04/19/202610:47,116.2,0.8200000000000001,95.284,54.120000000000005,1.28,69.2736,68.8,0.1,1.0,198.7,23782.0,44991.0,20.0,15.040000000000001,50.4,30.27,10.674,232.4,701.0,4.08,0.7270223752151462
2026-04-19T10:48:01,04/19/202610:48,117.17,0.8200000000000001,96.0794,54.120000000000005,1.28,69.2736,68.8,0.1,1.0,198.7,23782.0,44991.0,20.0,15.11,50.1,30.27,10.761,232.6,705.5,4.12,0.7210036698813689
2026-04-19T10:48:26,04/19/202610:48,117.72999999999999,0.8300000000000001,97.7159,54.120000000000005,1.28,69.2736,68.8,0.1,1.0,198.7,23782.0,44991.0,20.0,15.180000000000001,49.8,30.27,10.847999999999999,232.8,710.0,4.16,0.7089286390444134
2026-04-19T10:49:00,04/19/202610:49,118.29,0.8300000000000001,98.18070000000002,54.120000000000005,1.28,69.2736,68.8,0.1,1.0,198.7,23782.0,44991.0,20.0,15.25,49.5,30.27,10.934999999999999,233.0,714.5,4.2,0.7055724801310236
2026-04-19T10:49:25,04/19/202610:49,119.22,0.8300000000000001,98.9526,54.13000000000001,1.29,69.82770000000002,69.3,0.1,1.0,198.7,23782.0,44991.0,20.0,15.319999999999999,49.2,30.27,11.022,233.2,719.0,4.24,0.7056681683957775
2026-04-19T10:51:00,04/19/202610:50,118.67999999999999,0.8400000000000001,99.69120000000001,54.13000000000001,1.3199999999999998,71.4516,71.0,0.1,1.0,198.7,23782.0,44991.0,20.0,15.39,48.9,30.27,11.108999999999998,233.4,723.5,4.28,0.7167292599547401
2026-04-19T10:51:01,04/19/202610:51,118.13999999999999,0.85,100.41899999999998,54.13000000000001,1.35,73.07550000000002,72.7,0.1,1.0,198.7,23782.0,44991.0,20.0,15.459999999999999,48.6,30.27,11.196,233.6,728.0,4.32,0.7277059122277659
2026-04-19T10:52:01,04/19/202610:52,117.58999999999999,0.86,101.1274,54.120000000000005,1.3699999999999999,74.1444,73.8,0.1,2.0,198.7,23782.0,44991.0,20.0,15.530000000000001,48.3,30.27,11.283,233.8,732.5,4.36,0.7331781495420628
2026-04-19T10:53:00,04/19/202610:53,117.03999999999999,0.8700000000000001,101.82480000000001,54.11,1.3900000000000001,75.2129,74.9,0.1,2.0,198.7,23782.0,44991.0,20.0,15.6,48.0,30.27,11.37,234.0,737.0,4.4,0.7386501127426717
2026-04-19T10:53:26,04/19/202610:53,117.12,0.8800000000000001,103.06560000000002,54.11,1.41,76.29509999999999,76.0,0.1,2.0,198.7,23782.0,44991.0,20.0,15.6,48.0,30.27,11.37,234.0,737.0,4.4,0.7402576611400892
2026-04-19T10:54:01,04/19/202610:54,117.2,0.89,104.308,54.11,1.4300000000000002,77.3773,77.1,0.1,2.0,198.7,23782.0,44991.0,20.0,15.6,48.0,30.27,11.37,234.0,737.0,4.4,0.7418155846147947
2026-04-19T10:54:25,04/19/202610:54,117.29,0.9,105.561,54.11,1.45,78.45949999999999,78.2,0.1,2.0,198.7,23782.0,44991.0,20.0,15.6,48.0,30.27,11.37,234.0,737.0,4.4,0.7432621896344292
2026-04-19T10:55:01,04/19/202610:55,117.79,0.9,106.01100000000001,54.11,1.47,79.54169999999999,79.3,0.1,2.0,198.7,23782.0,44991.0,20.0,15.6,48.0,30.27,11.37,234.0,737.0,4.4,0.7503155332937147
2026-04-19T10:55:26,04/19/202610:55,118.28,0.9,106.452,54.11,1.49,80.62389999999999,80.4,0.1,2.0,198.7,23782.0,44991.0,20.0,15.6,48.0,30.27,11.37,234.0,737.0,4.4,0.7573732762183895
2026-04-19T10:56:01,04/19/202610:56,118.4,0.9,106.56,54.1,1.5,81.15,81.0,0.1,2.0,198.7,23782.0,44991.0,20.0,15.6,48.0,30.27,11.37,234.0,737.0,4.4,0.7615427927927928
2026-04-19T10:56:26,04/19/202610:56,118.96,0.9,107.064,54.1,1.5,81.15,81.0,0.1,2.0,198.7,23782.0,44991.0,20.0,15.6,48.0,30.27,11.37,234.0,737.0,4.4,0.7579578569827394
2026-04-19T10:57:01,04/19/202610:57,119.52000000000001,0.9,107.56800000000001,54.1,1.5,81.15,81.0,0.1,2.0,198.7,23782.0,44991.0,20.0,15.6,48.0,30.27,11.37,234.0,737.0,4.4,0.7544065149486836
2026-04-19T10:57:26,04/19/202610:57,120.07000000000001,0.9,108.063,54.1,1.5,81.15,81.0,0.1,2.0,198.7,23782.0,44991.0,20.0,15.6,48.0,30.27,11.37,234.0,737.0,4.4,0.7509508342355848
2026-04-19T10:58:01,04/19/202610:58,120.62,0.9,108.558,54.1,1.5,81.15,81.0,0.1,2.0,198.7,23782.0,44991.0,20.0,15.6,48.0,30.27,11.37,234.0,737.0,4.4,0.7475266677720666
2026-04-19T10:59:01,04/19/202610:59,120.54,0.9,108.486,54.1,1.5,81.15,81.0,0.1,2.0,198.7,23782.0,44991.0,20.0,15.6,48.0,30.27,11.37,234.0,737.0,4.4,0.7480227863503125
2026-04-19T10:59:26,04/19/202610:59,120.82000000000001,0.9099999999999999,109.94619999999999,54.1,1.51,81.691,81.5,0.1,2.0,198.7,23782.0,44991.0,20.0,15.6,48.0,30.27,11.37,234.0,737.0,4.4,0.743008853421037
2026-04-19T11:00:01,04/19/202611:00,121.09,0.9199999999999999,111.4028,54.1,1.52,82.232,82.0,0.1,2.0,198.7,23782.0,44991.0,20.0,15.6,48.0,30.27,11.37,234.0,737.0,4.4,0.7381502080737647
2026-04-19T11:00:26,04/19/202611:00,121.37,0.93,112.87410000000001,54.1,1.53,82.77300000000001,82.5,0.1,2.0,198.7,23782.0,44991.0,20.0,15.6,48.0,30.27,11.37,234.0,737.0,4.4,0.7333214616993624
2026-04-19T11:02:12,04/19/202611:02,121.66,0.9400000000000001,114.3604,54.1,1.54,83.31400000000001,83.0,0.1,2.0,198.7,23782.0,44991.0,20.0,15.66,47.9,30.27,11.395,233.8,741.2,4.430000000000001,0.7285214112577432
2026-04-19T11:02:26,04/19/202611:02,121.91,0.9400000000000001,114.5954,54.1,1.55,83.855,83.5,0.1,2.0,198.7,23782.0,44991.0,20.0,15.719999999999999,47.8,30.27,11.419999999999998,233.6,745.4,4.46,0.7317483947872253
2026-04-19T11:03:01,04/19/202611:03,122.22999999999999,0.9400000000000001,114.8962,54.1,1.56,84.396,84.0,0.1,2.0,198.7,23782.0,44991.0,20.0,15.779999999999998,47.7,30.27,11.444999999999999,233.4,749.6,4.49,0.7345412642019493
2026-04-19T11:03:26,04/19/202611:03,122.55999999999999,0.9400000000000001,115.2064,54.11,1.57,84.95270000000001,84.5,0.1,2.0,198.7,23782.0,44991.0,20.0,15.84,47.6,30.27,11.469999999999999,233.2,753.8,4.5200000000000005,0.7373956655185824
2026-04-19T11:04:01,04/19/202611:04,122.9,0.9400000000000001,115.52600000000001,54.120000000000005,1.58,85.5096,85.0,0.1,2.0,198.7,23782.0,44991.0,20.0,15.9,47.5,30.27,11.495,233.0,758.0,4.55,0.7401762373837923
2026-04-19T11:05:01,04/19/202611:05,123.24000000000001,0.9400000000000001,115.84560000000002,54.11,1.59,86.03490000000001,85.5,0.1,2.0,198.7,23782.0,44991.0,20.0,15.959999999999999,47.4,30.27,11.52,232.8,762.2,4.58,0.7426686900495141
2026-04-19T11:05:26,04/19/202611:05,122.37,0.95,116.2515,54.11,1.6,86.57600000000001,86.0,0.1,2.0,198.7,23782.0,44991.0,20.0,16.02,47.3,30.27,11.544999999999998,232.6,766.4,4.61,0.744730175524617
2026-04-19T11:06:01,04/19/202611:06,121.14000000000001,0.95,115.08300000000001,54.11,1.6,86.57600000000001,86.0,0.1,2.0,198.7,23782.0,44991.0,20.0,16.08,47.2,30.27,11.569999999999999,232.4,770.6,4.640000000000001,0.7522918241616919
2026-04-19T11:06:26,04/19/202611:06,120.46,0.96,115.64159999999998,54.120000000000005,1.61,87.13320000000002,86.5,0.1,2.0,198.7,23782.0,44991.0,20.0,16.14,47.1,30.27,11.594999999999999,232.2,774.8,4.67,0.7534762576788978
2026-04-19T11:07:01,04/19/202611:07,119.77000000000001,0.9700000000000001,116.17690000000002,54.13000000000001,1.6199999999999999,87.6906,87.0,0.1,2.0,198.7,23782.0,44991.0,20.0,16.2,47.0,30.27,11.62,232.0,779.0,4.7,0.7548023746545138
2026-04-19T11:07:26,04/19/202611:07,119.22999999999999,0.96,114.46079999999999,54.13000000000001,1.6199999999999999,87.6906,87.0,0.1,2.0,198.7,23782.0,44991.0,20.0,16.2,47.0,30.27,11.62,232.0,779.0,4.7,0.7661190556068105
2026-04-19T11:08:00,04/19/202611:08,118.72999999999999,0.96,113.98079999999999,54.13000000000001,1.6199999999999999,87.6906,87.0,0.1,2.0,198.7,23782.0,44991.0,20.0,16.2,47.0,30.27,11.62,232.0,779.0,4.7,0.7693453634296303
2026-04-19T11:08:26,04/19/202611:08,118.06000000000002,0.9700000000000001,114.51820000000002,54.13000000000001,1.6300000000000001,88.23190000000002,87.5,0.1,2.0,198.7,23782.0,44991.0,20.0,16.2,47.0,30.27,11.62,232.0,779.0,4.7,0.7704618130567893
2026-04-19T11:09:01,04/19/202611:09,117.38,0.9800000000000001,115.03240000000001,54.120000000000005,1.64,88.7568,88.0,0.1,2.0,198.7,23782.0,44991.0,20.0,16.2,47.0,30.27,11.62,232.0,779.0,4.7,0.7715808763444038
2026-04-19T11:09:26,04/19/202611:09,116.58,1.05,122.409,54.120000000000005,1.78,96.3336,95.6,0.1,2.0,198.7,23782.0,44991.0,20.0,16.2,47.0,30.27,11.62,232.0,779.0,4.7,0.7869813494105825
2026-04-19T11:10:00,04/19/202611:10,115.78,1.12,129.67360000000002,54.14,1.92,103.94879999999999,103.2,0.1,2.0,198.7,23782.0,44991.0,20.0,16.2,47.0,30.27,11.62,232.0,779.0,4.7,0.8016188337487351
2026-04-19T11:10:27,04/19/202611:10,117.62,1.3,152.906,54.2,2.37,128.454,127.9,0.1,2.0,198.7,23782.0,44991.0,20.0,16.2,47.0,30.27,11.62,232.0,779.0,4.7,0.8400847579558683
2026-04-19T11:11:01,04/19/202611:11,119.46000000000001,1.48,176.8008,54.260000000000005,2.82,153.0132,152.6,0.1,2.0,198.7,23782.0,44991.0,20.0,16.2,47.0,30.27,11.62,232.0,779.0,4.7,0.865455359930498
2026-04-19T11:11:26,04/19/202611:11,121.57000000000001,1.56,189.6492,54.35,3.08,167.398,167.1,0.1,2.0,198.7,23782.0,44991.0,20.0,16.2,47.0,30.27,11.62,232.0,779.0,4.7,0.8826717961372892
2026-04-19T11:12:01,04/19/202611:12,123.67999999999999,1.64,202.8352,54.44,3.34,181.82959999999997,181.6,0.1,2.0,198.7,23782.0,44991.0,20.0,16.2,47.0,30.27,11.62,232.0,779.0,4.7,0.8964400656296342
2026-04-19T11:13:24,04/19/202611:13,126.17,1.7100000000000002,215.75070000000002,54.54,3.55,193.617,193.3,0.1,2.0,198.7,23782.0,44991.0,20.0,16.2,47.0,30.27,11.62,232.0,779.0,4.7,0.8974107615873319
2026-04-19T11:13:26,04/19/202611:13,128.84,1.7600000000000002,226.75840000000002,54.64,3.71,202.7144,202.3,0.1,2.0,198.7,23782.0,44991.0,20.0,16.2,47.0,30.27,11.62,232.0,779.0,4.7,0.8939664418164883
2026-04-19T11:14:01,04/19/202611:14,131.68,1.8,237.02400000000003,54.739999999999995,3.8600000000000003,211.2964,210.8,0.1,2.0,198.7,23782.0,44991.0,20.0,16.2,47.0,30.27,11.62,232.0,779.0,4.7,0.891455717564466
2026-04-19T11:14:26,04/19/202611:14,134.49,1.8399999999999999,247.4616,54.839999999999996,4.0,219.35999999999999,218.7,0.1,2.0,198.7,23782.0,44991.0,20.0,16.2,47.0,30.27,11.62,232.0,779.0,4.7,0.8864405628994558
2026-04-19T11:15:01,04/19/202611:15,137.42000000000002,1.8199999999999998,250.1044,54.93000000000001,4.01,220.26930000000002,219.5,0.1,2.0,198.7,23782.0,44991.0,20.0,16.2,47.0,30.27,11.62,232.0,779.0,4.7,0.8807094157479837
2026-04-19T11:15:26,04/19/202611:15,140.35,1.8,252.63,55.02,4.0200000000000005,221.18040000000005,220.3,0.1,2.0,198.7,23782.0,44991.0,20.0,16.259999999999998,46.8,30.27,11.613999999999999,231.7,783.1,4.74,0.8755112219451374
2026-04-19T11:16:00,04/19/202611:16,141.85,1.6599999999999997,235.47099999999995,55.06,3.72,204.8232,204.0,0.1,2.0,198.7,23782.0,44991.0,20.0,16.32,46.6,30.27,11.608,231.4,787.2,4.779999999999999,0.869844694251097
2026-04-19T11:16:26,04/19/202611:16,143.35,1.51,216.4585,55.11,3.4,187.374,186.6,0.1,2.0,198.7,23782.0,44991.0,20.0,16.380000000000003,46.4,30.27,11.602,231.1,791.3,4.82,0.865634752158035
2026-04-19T11:17:01,04/19/202611:17,144.03000000000003,1.45,208.84350000000003,55.120000000000005,3.2600000000000002,179.69120000000004,178.9,0.1,2.0,198.7,23782.0,44991.0,20.0,16.44,46.2,30.27,11.596,230.8,795.4,4.86,0.860410786067079
2026-04-19T11:17:26,04/19/202611:17,144.73000000000002,1.38,199.72740000000002,55.120000000000005,3.1,170.872,170.1,0.1,2.0,198.7,23782.0,44991.0,20.0,16.5,46.0,30.27,11.59,230.5,799.5,4.9,0.8555260820498339
2026-04-19T11:18:00,04/19/202611:18,144.9,1.3399999999999999,194.166,55.120000000000005,3.0,165.36,164.6,0.1,2.0,198.7,23782.0,44991.0,20.0,16.56,45.8,30.27,11.584,230.2,803.6,4.9399999999999995,0.8516424090726492
2026-04-19T11:19:01,04/19/202611:19,144.89000000000001,1.3199999999999998,191.2548,55.120000000000005,2.95,162.604,161.8,0.1,3.0,198.7,23782.0,44991.0,20.0,16.619999999999997,45.6,30.27,11.578,229.9,807.7,4.9799999999999995,0.8501956552201567
2026-04-19T11:19:26,04/19/202611:19,144.86,1.31,189.76660000000004,55.120000000000005,2.9,159.848,159.0,0.1,3.0,198.7,23782.0,44991.0,20.0,16.68,45.4,30.27,11.572,229.6,811.8,5.02,0.8423400113613249
2026-04-19T11:20:00,04/19/202611:20,144.86,1.3,188.318,55.120000000000005,2.8600000000000003,157.64320000000004,156.8,0.1,3.0,198.7,23782.0,44991.0,20.0,16.740000000000002,45.2,30.27,11.565999999999999,229.3,815.9,5.06,0.8371116940494272
2026-04-19T11:20:27,04/19/202611:20,144.84,1.28,185.39520000000002,55.120000000000005,2.8200000000000003,155.43840000000003,154.6,0.1,3.0,198.7,23782.0,44991.0,20.0,16.8,45.0,30.27,11.56,229.0,820.0,5.1,0.8384165285832644
2026-04-19T11:21:01,04/19/202611:21,144.82,1.26,182.4732,55.120000000000005,2.7800000000000002,153.23360000000002,152.4,0.1,3.0,198.7,23782.0,44991.0,20.0,16.8,45.0,30.27,11.56,229.0,820.0,5.1,0.8397594824883875
2026-04-19T11:21:26,04/19/202611:21,144.81,1.24,179.5644,55.120000000000005,2.74,151.02880000000002,150.2,0.1,3.0,198.7,23782.0,44991.0,20.0,16.8,45.0,30.27,11.56,229.0,820.0,5.1,0.8410843129261703
2026-04-19T11:22:00,04/19/202611:22,144.8,1.23,178.104,55.11,2.72,149.8992,149.1,0.1,3.0,198.7,23782.0,44991.0,20.0,16.8,45.0,30.27,11.56,229.0,820.0,5.1,0.8416385931815119
2026-04-19T11:22:27,04/19/202611:22,144.78,1.22,176.6316,55.1,2.7,148.77,148.0,0.1,3.0,198.7,23782.0,44991.0,20.0,16.8,45.0,30.27,11.56,229.0,820.0,5.1,0.842261520588615
2026-04-19T11:23:01,04/19/202611:23,144.74,1.22,176.58280000000002,55.1,2.7,148.77,148.0,0.1,3.0,198.7,23782.0,44991.0,20.0,16.8,45.0,30.27,11.56,229.0,820.0,5.1,0.8424942859666966
2026-04-19T11:24:35,04/19/202611:24,144.69,1.22,176.52179999999998,55.1,2.6900000000000004,148.21900000000002,147.5,0.1,3.0,198.7,23782.0,44991.0,20.0,16.8,45.0,30.27,11.56,229.0,820.0,5.1,0.8396639961749769
2026-04-19T11:25:01,04/19/202611:25,144.64000000000001,1.22,176.4608,55.1,2.68,147.668,147.0,0.1,3.0,198.7,23782.0,44991.0,20.0,16.8,45.0,30.27,11.56,229.0,820.0,5.1,0.8368317496010446
2026-04-19T11:25:27,04/19/202611:25,144.63,1.2,173.55599999999998,55.1,2.65,146.015,145.4,0.1,3.0,198.7,23782.0,44991.0,20.0,16.8,45.0,30.27,11.56,229.0,820.0,5.1,0.8413134665468206
2026-04-19T11:26:01,04/19/202611:26,144.61999999999998,1.1800000000000002,170.6516,55.1,2.62,144.36200000000002,143.8,0.1,3.0,198.7,23782.0,44991.0,20.0,16.8,45.0,30.27,11.56,229.0,820.0,5.1,0.8459457749004405
2026-04-19T11:26:26,04/19/202611:26,144.6,1.19,172.07399999999998,55.1,2.63,144.913,144.4,0.1,3.0,198.7,23782.0,44991.0,20.0,16.8,45.0,30.27,11.56,229.0,820.0,5.1,0.8421551193091346
2026-04-19T11:27:01,04/19/202611:27,144.57999999999998,1.2,173.49599999999998,55.1,2.6399999999999997,145.464,145.0,0.1,3.0,198.7,23782.0,44991.0,20.0,16.8,45.0,30.27,11.56,229.0,820.0,5.1,0.8384285516668973
2026-04-19T11:27:26,04/19/202611:27,144.54000000000002,1.2,173.448,55.1,2.63,144.913,144.5,0.1,3.0,198.7,23782.0,44991.0,20.0,16.8,45.0,30.27,11.56,229.0,820.0,5.1,0.835483833771505
2026-04-19T11:28:01,04/19/202611:28,144.5,1.2,173.4,55.1,2.62,144.36200000000002,144.0,0.1,3.0,198.7,23782.0,44991.0,20.0,16.8,45.0,30.27,11.56,229.0,820.0,5.1,0.8325374855824684
2026-04-19T11:28:26,04/19/202611:28,144.48,1.2,173.37599999999998,55.1,2.58,142.15800000000002,141.8,0.1,3.0,198.7,23782.0,44991.0,20.0,16.8,45.0,30.27,11.56,229.0,820.0,5.1,0.8199404761904764
2026-04-19T11:29:01,04/19/202611:29,144.45999999999998,1.2,173.35199999999998,55.1,2.54,139.954,139.6,0.1,3.0,198.7,23782.0,44991.0,20.0,16.8,45.0,30.27,11.56,229.0,820.0,5.1,0.8073399787715171
2026-04-19T11:29:27,04/19/202611:29,144.42000000000002,1.2,173.304,55.1,2.52,138.852,138.5,0.1,3.0,198.7,23782.0,44991.0,20.0,16.8,45.0,30.27,11.56,229.0,820.0,5.1,0.8012048192771084
2026-04-19T11:30:01,04/19/202611:30,144.38,1.2,173.256,55.1,2.5,137.75,137.4,0.1,3.0,198.7,23782.0,44991.0,20.0,16.8,45.0,30.27,11.56,229.0,820.0,5.1,0.7950662603315325
2026-04-19T11:30:27,04/19/202611:30,144.29000000000002,1.22,176.0338,55.1,2.52,138.852,138.5,0.1,3.0,198.7,23782.0,44991.0,20.0,16.86,44.8,30.27,11.578,228.9,823.0,5.14,0.7887803365035578
2026-04-19T11:31:01,04/19/202611:31,144.2,1.24,178.808,55.1,2.54,139.954,139.6,0.1,3.0,198.7,23782.0,44991.0,20.0,16.919999999999998,44.6,30.27,11.596,228.8,826.0,5.18,0.7827054717909714
2026-04-19T11:31:26,04/19/202611:31,144.15,1.22,175.863,55.1,2.5,137.75,137.4,0.1,3.0,198.7,23782.0,44991.0,20.0,16.98,44.4,30.27,11.614,228.7,829.0,5.22,0.7832801669481357
2026-04-19T11:32:01,04/19/202611:32,144.1,1.2,172.92,55.1,2.46,135.546,135.2,0.1,3.0,198.7,23782.0,44991.0,20.0,17.04,44.2,30.27,11.632000000000001,228.6,832.0,5.26,0.7838653712699515
2026-04-19T11:32:27,04/19/202611:32,144.04000000000002,1.2,172.848,55.1,2.45,134.995,134.6,0.1,3.0,198.7,23782.0,44991.0,20.0,17.1,44.0,30.27,11.65,228.5,835.0,5.3,0.7810041192261409
2026-04-19T11:33:01,04/19/202611:33,143.98,1.2,172.77599999999998,55.1,2.44,134.444,134.0,0.1,3.0,198.7,23782.0,44991.0,20.0,17.16,43.8,30.27,11.668000000000001,228.4,838.0,5.34,0.7781404824744178
2026-04-19T11:33:26,04/19/202611:33,143.9,1.19,171.24099999999999,55.1,2.45,134.995,134.6,0.1,3.0,198.7,23782.0,44991.0,20.0,17.259999999999998,43.6,30.27,11.686,228.3,841.0,5.38,0.7883334014634347
2026-04-19T11:34:01,04/19/202611:34,143.82,1.1800000000000002,169.7076,55.1,2.46,135.546,135.2,0.1,3.0,198.7,23782.0,44991.0,20.0,17.36,43.4,30.27,11.704,228.2,844.0,5.42,0.7987031812364325
2026-04-19T11:34:27,04/19/202611:34,143.75,1.19,171.0625,55.1,2.48,136.648,136.3,0.2,3.0,198.7,23782.0,44991.0,20.0,17.46,43.2,30.27,11.785,227.9,847.0,5.46,0.798819145049324
2026-04-19T11:35:47,04/19/202611:35,143.69,1.1800000000000002,169.5542,55.1,2.46,135.546,135.2,0.2,3.0,198.7,23782.0,44991.0,20.0,17.56,43.0,30.27,11.866,227.6,850.0,5.5,0.7994257883319905
2026-04-19T11:36:01,04/19/202611:36,143.66,1.1600000000000001,166.64560000000003,55.1,2.42,133.342,133.0,0.2,3.0,198.7,23782.0,44991.0,20.0,17.6,43.0,30.27,11.928999999999998,227.4,850.0,5.5,0.8001531393568146
2026-04-19T11:36:27,04/19/202611:36,143.66,1.1400000000000001,163.7724,55.1,2.38,131.138,130.8,0.2,3.0,198.7,23782.0,44991.0,20.0,17.64,43.0,30.27,11.992,227.2,850.0,5.5,0.8007332126780825
2026-04-19T11:37:01,04/19/202611:37,143.65,1.1400000000000001,163.76100000000002,55.1,2.3600000000000003,130.03600000000003,129.7,0.2,3.0,198.7,23782.0,44991.0,20.0,17.68,43.0,30.27,12.055,227.0,850.0,5.5,0.7940596356885951
2026-04-19T11:37:26,04/19/202611:37,143.63,1.15,165.1745,55.1,2.3600000000000003,130.03600000000003,129.7,0.2,3.0,198.7,23782.0,44991.0,20.0,17.72,42.8,30.27,12.117999999999999,226.8,850.0,5.5,0.7872643779760196
2026-04-19T11:38:00,04/19/202611:38,143.63,1.15,165.1745,55.1,2.35,129.485,129.2,0.2,3.0,198.7,23782.0,44991.0,20.0,17.759999999999998,42.6,30.27,12.181000000000001,226.6,850.0,5.5,0.7839285119676465
2026-04-19T11:38:27,04/19/202611:38,143.68,1.1400000000000001,163.79520000000002,55.1,2.33,128.383,128.1,0.2,3.0,198.7,23782.0,44991.0,20.0,17.8,42.4,30.27,12.244,226.4,850.0,5.5,0.7838019673348181
2026-04-19T11:39:01,04/19/202611:39,143.74,1.1400000000000001,163.86360000000002,55.1,2.32,127.832,127.5,0.2,3.0,198.7,23782.0,44991.0,20.0,17.8,42.2,30.27,12.306999999999999,226.2,850.0,5.5,0.7801122396920365
2026-04-19T11:40:01,04/19/202611:40,143.8,1.1400000000000001,163.93200000000004,55.1,2.31,127.281,126.9,0.2,3.0,198.7,23782.0,44991.0,20.0,17.8,42.0,30.27,12.37,226.0,850.0,5.5,0.7764255910987481
2026-04-19T11:40:27,04/19/202611:40,143.87,1.1300000000000001,162.5731,55.11,2.27,125.0997,124.7,0.2,3.0,198.7,23782.0,44991.0,20.0,17.8,41.8,30.27,12.37,226.0,850.0,5.5,0.76949815190828
2026-04-19T11:41:01,04/19/202611:41,143.93,1.1400000000000001,164.08020000000002,55.120000000000005,2.27,125.12240000000001,124.7,0.2,3.0,198.7,23782.0,44991.0,20.0,17.8,41.6,30.27,12.37,226.0,850.0,5.5,0.7625685487950404
2026-04-19T11:41:26,04/19/202611:41,144.0,1.1400000000000001,164.16000000000003,55.120000000000005,2.27,125.12240000000001,124.7,0.2,3.0,198.7,23782.0,44991.0,20.0,17.8,41.4,30.27,12.37,226.0,850.0,5.5,0.7621978557504873
2026-04-19T11:42:01,04/19/202611:42,144.04,1.1400000000000001,164.2056,55.120000000000005,2.27,125.12240000000001,124.7,0.2,3.0,198.7,23782.0,44991.0,20.0,17.8,41.2,30.27,12.37,226.0,850.0,5.5,0.761986192919121
2026-04-19T11:42:27,04/19/202611:42,144.1,1.1400000000000001,164.274,55.120000000000005,2.27,125.12240000000001,124.7,0.2,4.0,198.7,23782.0,44991.0,20.0,17.8,41.0,30.27,12.37,226.0,850.0,5.5,0.761668919001181
2026-04-19T11:43:00,04/19/202611:43,144.17,1.1300000000000001,162.9121,55.120000000000005,2.25,124.02000000000001,123.6,0.2,4.0,198.7,23782.0,44991.0,20.0,17.8,41.0,30.27,12.37,226.0,850.0,5.5,0.7612694207489806
2026-04-19T11:43:27,04/19/202611:43,144.25,1.11,160.1175,55.120000000000005,2.21,121.8152,121.4,0.2,4.0,198.7,23782.0,44991.0,20.0,17.8,41.0,30.27,12.37,226.0,850.0,5.5,0.7607862975627274
2026-04-19T11:44:01,04/19/202611:44,144.28,1.1,158.70800000000003,55.120000000000005,2.18,120.16160000000002,119.8,0.2,4.0,198.7,23782.0,44991.0,20.0,17.8,41.0,30.27,12.37,226.0,850.0,5.5,0.7571237744789172
2026-04-19T11:44:26,04/19/202611:44,144.28,1.09,157.26520000000002,55.13000000000001,2.1700000000000004,119.63210000000004,119.3,0.2,4.0,198.7,23782.0,44991.0,20.0,17.8,41.0,30.27,12.37,226.0,850.0,5.5,0.760702940001984
2026-04-19T11:45:01,04/19/202611:45,144.28,1.08,155.82240000000002,55.14,2.16,119.1024,118.8,0.2,4.0,198.7,23782.0,44991.0,20.0,17.8,41.0,30.27,12.37,226.0,850.0,5.5,0.7643471028555586
2026-04-19T11:45:27,04/19/202611:45,144.28,1.07,154.3796,55.14,2.1700000000000004,119.65380000000002,119.3,0.2,4.0,198.7,23782.0,44991.0,20.0,17.85,40.9,30.267000000000003,12.338,226.1,853.0,5.529999999999999,0.7750622491572722
2026-04-19T11:46:59,04/19/202611:46,144.31,1.05,151.52550000000002,55.13000000000001,2.14,117.97820000000003,117.6,0.2,4.0,198.7,23782.0,44991.0,20.0,17.9,40.8,30.264,12.306000000000001,226.2,856.0,5.5600000000000005,0.7786029414191011
2026-04-19T11:47:01,04/19/202611:47,144.32999999999998,1.04,150.1032,55.13000000000001,2.1100000000000003,116.32430000000004,115.9,0.2,4.0,198.7,23782.0,44991.0,20.0,17.95,40.7,30.261000000000003,12.274,226.3,859.0,5.59,0.7749621593676886
2026-04-19T11:47:58,04/19/202611:47,144.32,1.04,150.0928,55.13000000000001,2.1100000000000003,116.32430000000004,115.9,0.2,4.0,198.7,23782.0,44991.0,20.0,18.0,40.6,30.258,12.242,226.4,862.0,5.62,0.7750158568565583
2026-04-19T11:48:00,04/19/202611:48,144.29000000000002,1.04,150.06160000000003,55.13000000000001,2.1100000000000003,116.32430000000004,115.9,0.2,4.0,198.7,23782.0,44991.0,20.0,18.05,40.5,30.255000000000003,12.209999999999999,226.5,865.0,5.65,0.7751769939811385
2026-04-19T11:48:23,04/19/202611:48,144.29000000000002,1.03,148.61870000000002,55.13000000000001,2.09,115.22170000000001,114.8,0.2,4.0,198.7,23782.0,44991.0,20.0,18.1,40.4,30.252,12.178,226.6,868.0,5.68,0.7752839985816051
2026-04-19T11:49:01,04/19/202611:49,144.28,1.03,148.60840000000002,55.13000000000001,2.09,115.22170000000001,114.8,0.2,4.0,198.7,23782.0,44991.0,20.0,18.15,40.3,30.249000000000002,12.146,226.7,871.0,5.71,0.7753377332640685
2026-04-19T11:49:23,04/19/202611:49,144.26,1.04,150.0304,55.13000000000001,2.1100000000000003,116.32430000000004,115.9,0.2,4.0,198.7,23782.0,44991.0,20.0,18.2,40.2,30.246,12.114,226.8,874.0,5.74,0.7753381981251802
2026-04-19T11:50:00,04/19/202611:50,144.27,1.05,151.48350000000002,55.120000000000005,2.1100000000000003,116.30320000000003,115.9,0.2,4.0,198.7,23782.0,44991.0,20.0,18.25,40.1,30.243000000000002,12.082,226.9,877.0,5.77,0.7677615053784737
2026-04-19T11:50:24,04/19/202611:50,144.28,1.05,151.494,55.11,2.09,115.17989999999999,114.8,0.2,4.0,198.7,23782.0,44991.0,20.0,18.3,40.0,30.24,12.05,227.0,880.0,5.8,0.7602934769693849
2026-04-19T11:51:00,04/19/202611:51,144.3,1.04,150.07200000000003,55.1,2.06,113.506,113.2,0.2,4.0,198.7,23782.0,44991.0,20.0,18.3,40.0,30.24,12.05,227.0,880.0,5.8,0.756343621728237
2026-04-19T11:51:16,04/19/202611:51,144.27,1.04,150.04080000000002,55.1,2.08,114.608,114.3,0.2,4.0,198.7,23782.0,44991.0,20.0,18.3,40.0,30.24,12.05,227.0,880.0,5.8,0.7638455673390171
2026-04-19T11:52:01,04/19/202611:52,144.24,1.04,150.0096,55.1,2.1,115.71000000000001,115.4,0.2,4.0,198.7,23782.0,44991.0,20.0,18.3,40.0,30.24,12.05,227.0,880.0,5.8,0.7713506335594522
2026-04-19T11:52:16,04/19/202611:52,144.23,1.04,149.9992,55.1,2.0900000000000003,115.15900000000002,114.8,0.2,4.0,198.7,23782.0,44991.0,20.0,18.3,40.0,30.24,12.05,227.0,880.0,5.8,0.7677307612307267
2026-04-19T11:53:00,04/19/202611:53,144.22,1.04,149.9888,55.1,2.08,114.608,114.2,0.2,4.0,198.7,23782.0,44991.0,20.0,18.3,40.0,30.24,12.05,227.0,880.0,5.8,0.7641103869088892
2026-04-19T11:53:16,04/19/202611:53,144.17000000000002,1.05,151.37850000000003,55.1,2.0900000000000003,115.15900000000002,114.7,0.2,4.0,198.7,23782.0,44991.0,20.0,18.3,40.0,30.24,12.05,227.0,880.0,5.8,0.7607355073540826
2026-04-19T11:54:01,04/19/202611:54,144.12,1.06,152.7672,55.1,2.1,115.71000000000001,115.2,0.2,4.0,198.7,23782.0,44991.0,20.0,18.3,40.0,30.24,12.05,227.0,880.0,5.8,0.7574269869448416
2026-04-19T11:54:17,04/19/202611:54,144.07,1.05,151.2735,55.1,2.07,114.05699999999999,113.5,0.2,4.0,198.7,23782.0,44991.0,20.0,18.3,40.0,30.24,12.05,227.0,880.0,5.8,0.753978720661583
2026-04-19T11:55:00,04/19/202611:55,144.02,1.04,149.78080000000003,55.1,2.04,112.40400000000001,111.8,0.2,4.0,198.7,23782.0,44991.0,20.0,18.3,40.0,30.24,12.05,227.0,880.0,5.8,0.7504566673432108
2026-04-19T11:55:16,04/19/202611:55,143.97,1.03,148.2891,55.11,2.0300000000000002,111.87330000000001,111.2,0.2,4.0,198.7,23782.0,44991.0,20.0,18.3,40.0,30.24,12.05,227.0,880.0,5.8,0.7544269942969511
2026-04-19T11:56:00,04/19/202611:56,143.92000000000002,1.02,146.79840000000002,55.120000000000005,2.02,111.34240000000001,110.6,0.2,4.0,198.7,23782.0,44991.0,20.0,18.3,40.0,30.24,12.05,227.0,880.0,5.8,0.7584714819780052
2026-04-19T11:56:16,04/19/202611:56,143.86,1.02,146.73720000000003,55.120000000000005,2.02,111.34240000000001,110.6,0.2,4.0,198.7,23782.0,44991.0,20.0,18.3,40.0,30.24,12.05,227.0,880.0,5.8,0.7587878193123488
2026-04-19T11:58:10,04/19/202611:58,143.8,1.02,146.67600000000002,55.120000000000005,2.02,111.34240000000001,110.6,0.2,4.0,198.7,23782.0,44991.0,20.0,18.3,40.0,30.24,12.05,227.0,880.0,5.8,0.7591044206277783
2026-04-19T11:58:16,04/19/202611:58,143.72,1.02,146.5944,55.120000000000005,2.02,111.34240000000001,110.6,0.2,4.0,198.7,23782.0,44991.0,20.0,18.3,40.0,30.24,12.05,227.0,880.0,5.8,0.7595269669237025
2026-04-19T11:59:01,04/19/202611:59,143.64000000000001,1.02,146.51280000000003,55.120000000000005,2.02,111.34240000000001,110.6,0.2,4.0,198.7,23782.0,44991.0,20.0,18.3,40.0,30.24,12.05,227.0,880.0,5.8,0.7599499838921923
2026-04-19T11:59:17,04/19/202611:59,143.57,1.01,145.0057,55.120000000000005,2.0,110.24000000000001,109.5,0.2,4.0,198.7,23782.0,44991.0,20.0,18.3,40.0,30.24,12.05,227.0,880.0,5.8,0.7602459765374742
2026-04-19T12:00:01,04/19/202600:00,143.5,1.0,143.5,55.120000000000005,1.98,109.1376,108.4,0.2,4.0,198.7,23782.0,44991.0,20.0,18.3,40.0,30.24,12.05,227.0,880.0,5.8,0.7605407665505227
2026-04-19T12:00:16,04/19/202600:00,143.42000000000002,1.0,143.42000000000002,55.120000000000005,2.0,110.24000000000001,109.5,0.2,4.0,198.7,23782.0,44991.0,20.0,18.3,40.0,30.24,12.05,227.0,880.0,5.8,0.7686515130386278
2026-04-19T12:01:01,04/19/202600:01,143.34,1.0,143.34,55.120000000000005,2.02,111.34240000000001,110.6,0.2,4.0,198.7,23782.0,44991.0,20.0,18.3,40.0,30.24,12.05,227.0,880.0,5.8,0.7767713129621878
2026-04-19T12:01:16,04/19/202600:01,143.3,1.0,143.3,55.11,2.0100000000000002,110.77110000000002,110.1,0.2,4.0,198.7,23782.0,44991.0,20.0,18.35,39.9,30.24,12.082,226.9,883.0,5.83,0.7730013956734125
2026-04-19T12:02:01,04/19/202600:02,143.26,1.0,143.26,55.1,2.0,110.2,109.6,0.2,4.0,198.7,23782.0,44991.0,20.0,18.4,39.8,30.24,12.114,226.8,886.0,5.859999999999999,0.7692307692307693
2026-04-19T12:02:16,04/19/202600:02,143.26,1.0,143.26,55.1,1.9899999999999998,109.64899999999999,109.1,0.2,4.0,198.7,23782.0,44991.0,20.0,18.45,39.7,30.24,12.146,226.7,889.0,5.89,0.7653846153846153
2026-04-19T12:03:01,04/19/202600:03,143.26,1.0,143.26,55.1,1.98,109.098,108.6,0.2,4.0,198.7,23782.0,44991.0,20.0,18.5,39.6,30.24,12.178,226.6,892.0,5.92,0.7615384615384616
2026-04-19T12:03:16,04/19/202600:03,143.32,0.99,141.8868,55.1,1.9600000000000002,107.99600000000001,107.5,0.2,4.0,198.7,23782.0,44991.0,20.0,18.55,39.5,30.24,12.209999999999999,226.5,895.0,5.95,0.7611419807903202
2026-04-19T12:04:00,04/19/202600:04,143.38,0.9800000000000001,140.5124,55.1,1.94,106.894,106.4,0.2,4.0,198.7,23782.0,44991.0,20.0,18.6,39.4,30.24,12.242,226.4,898.0,5.9799999999999995,0.7607442474827844
2026-04-19T12:05:01,04/19/202600:05,143.44,0.9800000000000001,140.5712,55.1,1.94,106.894,106.4,0.2,4.0,198.7,23782.0,44991.0,20.0,18.65,39.3,30.24,12.274,226.3,901.0,6.01,0.7604260332130621
2026-04-19T12:05:16,04/19/202600:05,143.51000000000002,0.9800000000000001,140.63980000000004,55.1,1.94,106.894,106.4,0.2,4.0,198.7,23782.0,44991.0,20.0,18.7,39.2,30.24,12.306000000000001,226.2,904.0,6.04,0.7600551195323086
2026-04-19T12:06:01,04/19/202600:06,143.6,0.9800000000000001,140.728,55.1,1.92,105.792,105.3,0.2,4.0,198.7,23782.0,44991.0,20.0,18.75,39.1,30.24,12.338,226.1,907.0,6.069999999999999,0.7517480529816383
2026-04-19T12:06:17,04/19/202600:06,143.65,0.99,142.2135,55.1,1.9300000000000002,106.34300000000002,105.9,0.2,4.0,198.7,23782.0,44991.0,20.0,18.8,39.0,30.24,12.37,226.0,910.0,6.1,0.7477700780868203
2026-04-19T12:06:58,04/19/202600:06,143.71,0.99,142.2729,55.1,1.94,106.894,106.4,0.2,4.0,198.7,23782.0,44991.0,20.0,18.8,39.0,30.24,12.37,226.0,910.0,6.1,0.7513307172342731
2026-04-19T12:07:01,04/19/202600:07,143.77,0.99,142.3323,55.1,1.95,107.44500000000001,106.9,0.2,4.0,198.7,23782.0,44991.0,20.0,18.8,39.0,30.24,12.37,226.0,910.0,6.1,0.7548883844355779
2026-04-19T12:07:58,04/19/202600:07,143.81,0.9800000000000001,140.93380000000002,55.1,1.94,106.894,106.3,0.2,4.0,198.7,23782.0,44991.0,20.0,18.8,39.0,30.24,12.37,226.0,910.0,6.1,0.7584695793344108
2026-04-19T12:08:01,04/19/202600:08,143.85,0.97,139.53449999999998,55.1,1.9300000000000002,106.34300000000002,105.7,0.2,4.0,198.7,23782.0,44991.0,20.0,18.8,39.0,30.24,12.37,226.0,910.0,6.1,0.7621269291823888
2026-04-19T12:09:21,04/19/202600:09,143.85,0.97,139.53449999999998,55.1,1.9300000000000002,106.34300000000002,105.7,0.2,4.0,198.7,23782.0,44991.0,20.0,18.8,39.0,30.24,12.37,226.0,910.0,6.1,0.7621269291823888
2026-04-19T12:09:58,04/19/202600:09,143.82999999999998,0.97,139.5151,55.1,1.9300000000000002,106.34300000000002,105.7,0.2,4.0,198.7,23782.0,44991.0,20.0,18.8,39.0,30.24,12.37,226.0,910.0,6.1,0.762232905255417
2026-04-19T12:10:00,04/19/202600:10,143.81,0.97,139.4957,55.1,1.9300000000000002,106.34300000000002,105.7,0.2,4.0,198.7,23782.0,44991.0,20.0,18.8,39.0,30.24,12.37,226.0,910.0,6.1,0.762338910805136
2026-04-19T12:10:57,04/19/202600:10,143.77,0.96,138.0192,55.1,1.92,105.792,105.2,0.2,4.0,198.7,23782.0,44991.0,20.0,18.8,39.0,30.24,12.37,226.0,910.0,6.1,0.7665020518884329
2026-04-19T12:11:00,04/19/202600:11,143.73,0.95,136.5435,55.1,1.9100000000000001,105.24100000000001,104.7,0.2,4.0,198.7,23782.0,44991.0,20.0,18.8,39.0,30.24,12.37,226.0,910.0,6.1,0.7707507131426983
2026-04-19T12:11:58,04/19/202600:11,143.70999999999998,0.9400000000000001,135.0874,55.11,1.89,104.1579,103.6,0.2,5.0,198.7,23782.0,44991.0,20.0,18.8,39.0,30.24,12.37,226.0,910.0,6.1,0.7710408224601258
2026-04-19T12:12:00,04/19/202600:12,143.64000000000001,0.95,136.458,55.120000000000005,1.9,104.72800000000001,104.2,0.2,5.0,198.7,23782.0,44991.0,20.0,18.8,39.0,30.24,12.37,226.0,910.0,6.1,0.7674742411584518
2026-04-19T12:12:58,04/19/202600:12,143.59,0.95,136.41049999999998,55.120000000000005,1.89,104.1768,103.7,0.2,5.0,198.7,23782.0,44991.0,20.0,18.8,39.0,30.24,12.37,226.0,910.0,6.1,0.7637007415118339
2026-04-19T12:13:00,04/19/202600:13,143.55,0.95,136.3725,55.120000000000005,1.8800000000000001,103.62560000000002,103.2,0.2,5.0,198.7,23782.0,44991.0,20.0,18.8,39.0,30.24,12.37,226.0,910.0,6.1,0.7598716750077913
2026-04-19T12:13:58,04/19/202600:13,143.5,0.95,136.325,55.120000000000005,1.8699999999999999,103.0744,102.7,0.2,5.0,198.7,23782.0,44991.0,20.0,18.8,39.0,30.24,12.37,226.0,910.0,6.1,0.7560931597285898
2026-04-19T12:14:00,04/19/202600:14,143.45999999999998,0.9400000000000001,134.8524,55.120000000000005,1.86,102.52320000000002,102.2,0.2,5.0,198.7,23782.0,44991.0,20.0,18.8,39.0,30.24,12.37,226.0,910.0,6.1,0.7602623312599556
2026-04-19T12:14:59,04/19/202600:14,143.39000000000001,0.9400000000000001,134.78660000000002,55.120000000000005,1.86,102.52320000000002,102.2,0.2,5.0,198.7,23782.0,44991.0,20.0,18.8,39.0,30.24,12.37,226.0,910.0,6.1,0.7606334754345017
2026-04-19T12:15:01,04/19/202600:15,143.32,0.9400000000000001,134.7208,55.120000000000005,1.86,102.52320000000002,102.2,0.2,5.0,198.7,23782.0,44991.0,20.0,18.8,39.0,30.24,12.37,226.0,910.0,6.1,0.761004982155688
2026-04-19T12:15:58,04/19/202600:15,143.26000000000002,0.9400000000000001,134.66440000000003,55.120000000000005,1.85,101.97200000000001,101.6,0.2,5.0,198.7,23782.0,44991.0,20.0,18.86,38.8,30.24,12.319999999999999,226.0,912.0,6.119999999999999,0.7572305672471714
2026-04-19T12:16:00,04/19/202600:16,143.2,0.9400000000000001,134.608,55.120000000000005,1.8399999999999999,101.4208,101.0,0.2,5.0,198.7,23782.0,44991.0,20.0,18.919999999999998,38.6,30.24,12.27,226.0,914.0,6.14,0.7534529894211339
2026-04-19T12:16:59,04/19/202600:16,143.14000000000001,0.93,133.1202,55.1,1.81,99.73100000000001,99.3,0.2,5.0,198.7,23782.0,44991.0,20.0,18.98,38.4,30.24,12.219999999999999,226.0,916.0,6.159999999999999,0.749180064332836
2026-04-19T12:17:00,04/19/202600:17,143.07999999999998,0.9199999999999999,131.63359999999997,55.08,1.78,98.0424,97.6,0.2,5.0,198.7,23782.0,44991.0,20.0,19.04,38.2,30.24,12.169999999999998,226.0,918.0,6.18,0.7448128745244377
2026-04-19T12:18:56,04/19/202600:18,143.01,0.9199999999999999,131.5692,55.08,1.77,97.49159999999999,97.0,0.2,5.0,198.7,23782.0,44991.0,20.0,19.1,38.0,30.24,12.12,226.0,920.0,6.2,0.7409910526171778
2026-04-19T12:19:00,04/19/202600:19,142.94,0.9199999999999999,131.5048,55.08,1.7600000000000002,96.94080000000001,96.4,0.2,5.0,198.7,23782.0,44991.0,20.0,19.16,37.8,30.24,12.069999999999999,226.0,922.0,6.22,0.7371654874955136
2026-04-19T12:20:34,04/19/202600:20,142.88,0.9199999999999999,131.44959999999998,55.08,1.75,96.39,95.8,0.2,5.0,198.7,23782.0,44991.0,20.0,19.22,37.6,30.24,12.02,226.0,924.0,6.24,0.7332848483373097
2026-04-19T12:20:56,04/19/202600:20,142.8,0.93,132.80400000000003,55.08,1.75,96.39,95.8,0.2,5.0,198.7,23782.0,44991.0,20.0,19.279999999999998,37.4,30.24,11.969999999999999,226.0,926.0,6.26,0.725806451612903
2026-04-19T12:21:00,04/19/202600:21,142.77,0.93,132.7761,55.08,1.7399999999999998,95.83919999999999,95.3,0.2,5.0,198.7,23782.0,44991.0,20.0,19.339999999999996,37.2,30.24,11.919999999999998,226.0,928.0,6.279999999999999,0.7218106270631536
2026-04-19T12:21:56,04/19/202600:21,142.77,0.9199999999999999,131.3484,55.08,1.72,94.7376,94.2,0.2,5.0,198.7,23782.0,44991.0,20.0,19.4,37.0,30.24,11.87,226.0,930.0,6.3,0.7212695396365696
2026-04-19T12:22:01,04/19/202600:22,142.77,0.9199999999999999,131.3484,55.08,1.72,94.7376,94.2,0.2,5.0,198.7,23782.0,44991.0,20.0,19.4,37.0,30.24,11.87,226.0,930.0,6.3,0.7212695396365696
2026-04-19T12:22:55,04/19/202600:22,142.76,0.93,132.7668,55.07000000000001,1.7399999999999998,95.8218,95.3,0.2,5.0,198.7,23782.0,44991.0,20.0,19.4,37.0,30.24,11.87,226.0,930.0,6.3,0.7217301313280128
2026-04-19T12:23:01,04/19/202600:23,142.77,0.9400000000000001,134.20380000000003,55.07000000000001,1.7600000000000002,96.92320000000002,96.4,0.2,5.0,198.7,23782.0,44991.0,20.0,19.4,37.0,30.24,11.87,226.0,930.0,6.3,0.7222090581637778
2026-04-19T12:23:56,04/19/202600:23,142.8,0.9400000000000001,134.23200000000003,55.08,1.77,97.49159999999999,97.0,0.2,5.0,198.7,23782.0,44991.0,20.0,19.4,37.0,30.24,11.87,226.0,930.0,6.3,0.7262917933130697
2026-04-19T12:24:01,04/19/202600:24,142.82,0.9400000000000001,134.2508,55.08,1.78,98.0424,97.6,0.2,5.0,198.7,23782.0,44991.0,20.0,19.4,37.0,30.24,11.87,226.0,930.0,6.3,0.7302928548656693
2026-04-19T12:24:56,04/19/202600:24,142.87,0.9400000000000001,134.29780000000002,55.08,1.7899999999999998,98.59319999999998,98.7,0.2,5.0,198.7,23782.0,44991.0,20.0,19.4,37.0,30.24,11.87,226.0,930.0,6.3,0.7341386083763097
2026-04-19T12:25:01,04/19/202600:25,142.92000000000002,0.9400000000000001,134.34480000000002,55.08,1.8,99.144,99.8,0.2,5.0,198.7,23782.0,44991.0,20.0,19.4,37.0,30.24,11.87,226.0,930.0,6.3,0.7379816710434642
2026-04-19T12:25:56,04/19/202600:25,143.01000000000002,0.9400000000000001,134.42940000000002,55.08,1.81,99.6948,100.3,0.2,5.0,198.7,23782.0,44991.0,20.0,19.4,37.0,30.24,11.87,226.0,930.0,6.3,0.741614557529826
2026-04-19T12:26:01,04/19/202600:26,143.1,0.9400000000000001,134.514,55.08,1.8199999999999998,100.24559999999998,100.8,0.2,5.0,198.7,23782.0,44991.0,20.0,19.4,37.0,30.24,11.87,226.0,930.0,6.3,0.7452428743476514
2026-04-19T12:26:56,04/19/202600:26,143.14000000000001,0.95,135.983,55.08,1.81,99.6948,100.3,0.2,5.0,198.7,23782.0,44991.0,20.0,19.4,37.0,30.24,11.87,226.0,930.0,6.3,0.7331416427053381
2026-04-19T12:26:59,04/19/202600:26,143.18,0.95,136.021,55.08,1.8,99.144,99.8,0.2,5.0,198.7,23782.0,44991.0,20.0,19.4,37.0,30.24,11.87,226.0,930.0,6.3,0.728887451202388
2026-04-19T12:27:01,04/19/202600:27,143.23000000000002,0.9400000000000001,134.63620000000003,55.089999999999996,1.77,97.5093,98.2,0.2,5.0,198.7,23782.0,44991.0,20.0,19.4,37.0,30.24,11.87,226.0,930.0,6.3,0.7242428113687105
2026-04-19T12:27:58,04/19/202600:27,143.25,0.93,133.2225,55.1,1.75,96.425,97.1,0.2,5.0,198.7,23782.0,44991.0,20.0,19.4,37.0,30.24,11.87,226.0,930.0,6.3,0.7237891497307136
2026-04-19T12:28:00,04/19/202600:28,143.25,0.93,133.2225,55.1,1.7399999999999998,95.874,96.5,0.2,5.0,198.7,23782.0,44991.0,20.0,19.4,37.0,30.24,11.87,226.0,930.0,6.3,0.7196532117322524
2026-04-19T12:28:59,04/19/202600:28,143.24,0.93,133.21320000000003,55.11,1.7399999999999998,95.89139999999999,96.5,0.2,5.0,198.7,23782.0,44991.0,20.0,19.4,37.0,30.24,11.87,226.0,930.0,6.3,0.719834070497518
2026-04-19T12:29:01,04/19/202600:29,143.2,0.93,133.176,55.120000000000005,1.7399999999999998,95.9088,96.0,0.2,5.0,198.7,23782.0,44991.0,20.0,19.4,37.0,30.24,11.87,226.0,930.0,6.3,0.7201657956388539
2026-04-19T12:30:00,04/19/202600:29,143.18,0.93,133.15740000000002,55.120000000000005,1.75,96.46000000000001,96.0,0.3,5.0,198.7,23782.0,44991.0,20.0,19.45,37.0,30.24,11.87,226.0,930.0,6.3,0.7244058535237244
2026-04-19T12:30:01,04/19/202600:30,143.14000000000001,0.9199999999999999,131.68880000000001,55.120000000000005,1.75,96.46000000000001,96.0,0.3,5.0,198.7,23782.0,44991.0,20.0,19.5,37.0,30.24,11.87,226.0,930.0,6.3,0.7324844633712206
2026-04-19T12:31:45,04/19/202600:31,143.12,0.9,128.80800000000002,55.120000000000005,1.72,94.80640000000001,94.4,0.3,5.0,198.7,23782.0,44991.0,20.0,19.619999999999997,36.7,30.24,11.819999999999999,225.9,932.0,6.33,0.7360288180858331
2026-04-19T12:31:59,04/19/202600:31,143.12,0.9,128.80800000000002,55.120000000000005,1.73,95.3576,94.9,0.3,5.0,198.7,23782.0,44991.0,20.0,19.74,36.4,30.24,11.77,225.8,934.0,6.359999999999999,0.7403080554002857
2026-04-19T12:32:01,04/19/202600:32,143.12,0.9099999999999999,130.23919999999998,55.120000000000005,1.7399999999999998,95.9088,95.4,0.3,5.0,198.7,23782.0,44991.0,20.0,19.86,36.1,30.24,11.719999999999999,225.7,936.0,6.39,0.7364050147728181
2026-04-19T12:32:59,04/19/202600:32,143.1,0.9099999999999999,130.22099999999998,55.120000000000005,1.7399999999999998,95.9088,95.4,0.3,5.0,198.7,23782.0,44991.0,20.0,19.98,35.8,30.24,11.669999999999998,225.6,938.0,6.42,0.7365079365079367
2026-04-19T12:33:01,04/19/202600:33,143.10999999999999,0.9099999999999999,130.23009999999996,55.120000000000005,1.73,95.3576,94.9,0.3,5.0,198.7,23782.0,44991.0,20.0,20.1,35.5,30.24,11.62,225.5,940.0,6.45,0.7322239635844557
2026-04-19T12:33:59,04/19/202600:33,143.16,0.9099999999999999,130.2756,55.120000000000005,1.73,95.3576,94.9,0.3,5.0,198.7,23782.0,44991.0,20.0,20.22,35.2,30.24,11.569999999999999,225.4,942.0,6.4799999999999995,0.731968227358001
2026-04-19T12:34:00,04/19/202600:34,143.22,0.9099999999999999,130.3302,55.11,1.72,94.7892,94.3,0.3,5.0,198.7,23782.0,44991.0,20.0,20.34,34.9,30.24,11.52,225.3,944.0,6.51,0.7273003494201651
2026-04-19T12:34:59,04/19/202600:34,143.25,0.9199999999999999,131.79,55.1,1.73,95.32300000000001,94.8,0.3,5.0,198.7,23782.0,44991.0,20.0,20.46,34.3,30.24,11.469999999999999,225.2,946.0,6.539999999999999,0.7232946354048108
2026-04-19T12:35:01,04/19/202600:35,143.26,0.93,133.2318,55.1,1.73,95.32300000000001,94.8,0.3,5.0,198.7,23782.0,44991.0,20.0,20.53,33.7,30.24,11.419999999999998,225.1,948.0,6.57,0.7154673283705543
2026-04-19T12:35:59,04/19/202600:35,143.28,0.9199999999999999,131.8176,55.1,1.7100000000000002,94.22100000000002,93.7,0.3,5.0,198.7,23782.0,44991.0,20.0,20.6,33.1,30.24,11.37,225.0,950.0,6.6,0.7147831549049597
2026-04-19T12:36:01,04/19/202600:36,143.28,0.9199999999999999,131.8176,55.1,1.72,94.772,94.2,0.3,5.0,198.7,23782.0,44991.0,20.0,20.6,32.8,30.24,11.37,225.0,950.0,6.6,0.7189631733546963
2026-04-19T12:36:59,04/19/202600:36,143.26,0.9099999999999999,130.36659999999998,55.1,1.7100000000000002,94.22100000000002,93.7,0.3,5.0,198.7,23782.0,44991.0,20.0,20.6,32.5,30.24,11.37,225.0,950.0,6.6,0.7227387996618768
2026-04-19T12:37:00,04/19/202600:37,143.24,0.9,128.91600000000003,55.1,1.7,93.67,93.2,0.3,5.0,198.7,23782.0,44991.0,20.0,20.6,32.2,30.24,11.37,225.0,950.0,6.6,0.7265971640448042
2026-04-19T12:37:37,04/19/202600:37,143.28,0.9,128.952,55.1,1.7,93.67,93.2,0.3,5.0,198.7,23782.0,44991.0,20.0,20.6,31.9,30.24,11.37,225.0,950.0,6.6,0.7263943172653391
2026-04-19T12:38:01,04/19/202600:38,143.32,0.9,128.988,55.1,1.7,93.67,93.2,0.3,5.0,198.7,23782.0,44991.0,20.0,20.6,31.6,30.24,11.37,225.0,950.0,6.6,0.7261915837132137
2026-04-19T12:38:36,04/19/202600:38,143.35999999999999,0.9,129.024,55.1,1.6800000000000002,92.56800000000001,92.1,0.3,5.0,198.7,23782.0,44991.0,20.0,20.6,31.3,30.24,11.37,225.0,950.0,6.6,0.7174479166666667
2026-04-19T12:39:00,04/19/202600:39,143.4,0.9,129.06,55.1,1.6600000000000001,91.46600000000001,91.0,0.3,5.0,198.7,23782.0,44991.0,20.0,20.6,31.0,30.24,11.37,225.0,950.0,6.6,0.7087091275375794
2026-04-19T12:39:17,04/19/202600:39,143.45,0.89,127.67049999999999,55.1,1.65,90.91499999999999,90.5,0.3,5.0,198.7,23782.0,44991.0,20.0,20.6,31.0,30.24,11.37,225.0,950.0,6.6,0.7121065555472877
2026-04-19T12:40:59,04/19/202600:40,143.5,0.8800000000000001,126.28000000000002,55.1,1.6300000000000001,89.813,89.4,0.3,5.0,198.7,23782.0,44991.0,20.0,20.6,31.0,30.24,11.37,225.0,950.0,6.6,0.7112210959771935
2026-04-19T12:41:01,04/19/202600:41,143.54000000000002,0.89,127.75060000000002,55.1,1.6300000000000001,89.813,89.4,0.3,5.0,198.7,23782.0,44991.0,20.0,20.6,31.0,30.24,11.37,225.0,950.0,6.6,0.7030338800757099
2026-04-19T12:42:56,04/19/202600:42,143.62,0.9,129.258,55.1,1.64,90.36399999999999,90.0,0.3,5.0,198.7,23782.0,44991.0,20.0,20.6,31.0,30.24,11.37,225.0,950.0,6.6,0.6990979281746583
2026-04-19T12:43:01,04/19/202600:43,143.72,0.9,129.348,55.1,1.6600000000000001,91.46600000000001,91.1,0.3,5.0,198.7,23782.0,44991.0,20.0,20.6,31.0,30.24,11.37,225.0,950.0,6.6,0.7071311500757645
2026-04-19T12:43:31,04/19/202600:43,143.89000000000001,0.9099999999999999,130.9399,55.1,1.6800000000000002,92.56800000000001,92.2,0.3,5.0,198.7,23782.0,44991.0,20.0,20.6,31.0,30.24,11.37,225.0,950.0,6.6,0.706950287880165
2026-04-19T12:44:01,04/19/202600:44,144.02,0.9199999999999999,132.4984,55.1,1.7,93.67,93.3,0.3,5.0,198.7,23782.0,44991.0,20.0,20.6,31.0,30.24,11.37,225.0,950.0,6.6,0.706951933004474
2026-04-19T12:44:30,04/19/202600:44,144.16,0.9199999999999999,132.6272,55.1,1.7,93.67,93.3,0.3,5.0,198.7,23782.0,44991.0,20.0,20.6,31.0,30.24,11.37,225.0,950.0,6.609999999999999,0.7062653814602133
2026-04-19T12:45:00,04/19/202600:45,144.26,0.9199999999999999,132.71919999999997,55.1,1.7100000000000002,94.22100000000002,93.9,0.3,5.0,198.7,23782.0,44991.0,20.0,20.6,31.0,30.24,11.37,225.0,950.0,6.62,0.7099274257228798
2026-04-19T12:45:31,04/19/202600:45,144.34,0.9199999999999999,132.7928,55.1,1.73,95.32300000000001,95.0,0.3,5.0,198.7,23782.0,44991.0,20.0,20.6,31.0,30.24,11.37,225.0,950.0,6.63,0.7178325933333736
2026-04-19T12:46:01,04/19/202600:46,144.44,0.9199999999999999,132.88479999999998,55.1,1.72,94.772,94.4,0.3,5.0,198.7,23782.0,44991.0,20.0,20.6,31.0,30.24,11.37,225.0,950.0,6.640000000000001,0.7131891683623711
2026-04-19T12:46:30,04/19/202600:46,144.5,0.9099999999999999,131.49499999999998,55.11,1.7,93.687,93.3,0.3,6.0,198.7,23782.0,44991.0,20.0,20.64,30.8,30.237000000000002,11.401,225.0,952.0,6.67,0.7124757595345832
2026-04-19T12:47:01,04/19/202600:47,144.56,0.9,130.104,55.120000000000005,1.6800000000000002,92.60160000000002,92.2,0.3,6.0,198.7,23782.0,44991.0,20.0,20.68,30.6,30.233999999999998,11.431999999999999,225.0,954.0,6.7,0.7117505995203838
2026-04-19T12:47:30,04/19/202600:47,144.52,0.9,130.068,55.120000000000005,1.67,92.05040000000001,91.6,0.3,6.0,198.7,23782.0,44991.0,20.0,20.720000000000002,30.4,30.231,11.463,225.0,956.0,6.7299999999999995,0.7077098133284129
2026-04-19T12:48:01,04/19/202600:48,144.48,0.9,130.03199999999998,55.120000000000005,1.6600000000000001,91.49920000000002,91.0,0.3,6.0,198.7,23782.0,44991.0,20.0,20.76,30.2,30.227999999999998,11.494,225.0,958.0,6.76,0.7036667897133015
2026-04-19T12:48:30,04/19/202600:48,144.31,0.9,129.87900000000002,55.120000000000005,1.65,90.94800000000001,90.4,0.3,6.0,198.7,23782.0,44991.0,20.0,20.8,30.0,30.225,11.525,225.0,960.0,6.790000000000001,0.7002517728039175
2026-04-19T12:49:01,04/19/202600:49,144.14000000000001,0.9,129.72600000000003,55.120000000000005,1.64,90.3968,89.8,0.3,6.0,198.7,23782.0,44991.0,20.0,20.84,29.8,30.222,11.556000000000001,225.0,962.0,6.82,0.6968287004918057
2026-04-19T12:49:30,04/19/202600:49,143.95999999999998,0.9099999999999999,131.00359999999998,55.120000000000005,1.67,92.05040000000001,91.4,0.3,6.0,198.7,23782.0,44991.0,20.0,20.880000000000003,29.6,30.219,11.587,225.0,964.0,6.840000000000001,0.7026554995435242
2026-04-19T12:50:01,04/19/202600:50,143.78,0.9199999999999999,132.27759999999998,55.120000000000005,1.7,93.70400000000001,93.0,0.3,6.0,198.7,23782.0,44991.0,20.0,20.919999999999998,29.4,30.216,11.617999999999999,225.0,966.0,6.860000000000001,0.7083890242943629
2026-04-19T12:50:31,04/19/202600:50,143.60999999999999,0.9199999999999999,132.1212,55.120000000000005,1.7100000000000002,94.25520000000002,93.6,0.3,6.0,198.7,23782.0,44991.0,20.0,20.96,29.2,30.213,11.649,225.0,968.0,6.88,0.7133995149907814
2026-04-19T12:51:01,04/19/202600:51,143.44,0.9199999999999999,131.9648,55.120000000000005,1.72,94.80640000000001,94.2,0.3,6.0,198.7,23782.0,44991.0,20.0,21.0,29.0,30.21,11.68,225.0,970.0,6.9,0.7184218821988895
2026-04-19T12:51:30,04/19/202600:51,143.34,0.9199999999999999,131.87279999999998,55.11,1.7100000000000002,94.2381,93.7,0.3,6.0,198.7,23782.0,44991.0,20.0,21.0,29.0,30.21,11.68,225.0,970.0,6.9,0.7146136276775803
2026-04-19T12:52:00,04/19/202600:52,143.24,0.9199999999999999,131.7808,55.1,1.7,93.67,93.2,0.3,6.0,198.7,23782.0,44991.0,20.0,21.0,29.0,30.21,11.68,225.0,970.0,6.9,0.7108015735220913
2026-04-19T12:52:31,04/19/202600:52,143.24,0.9099999999999999,130.3484,55.1,1.6800000000000002,92.56800000000001,92.7,0.3,6.0,198.7,23782.0,44991.0,20.0,21.0,29.0,30.21,11.68,225.0,970.0,6.9,0.7101583141795375
2026-04-19T12:54:08,04/19/202600:54,143.26,0.9099999999999999,130.36659999999998,55.1,1.6600000000000001,91.46600000000001,91.6,0.3,6.0,198.7,23782.0,44991.0,20.0,21.0,29.0,30.21,11.68,225.0,970.0,6.9,0.701606086221471
2026-04-19T12:54:30,04/19/202600:54,143.35,0.9,129.015,55.1,1.64,90.36399999999999,90.5,0.3,6.0,198.7,23782.0,44991.0,20.0,21.0,29.0,30.21,11.68,225.0,970.0,6.9,0.700414680463512
2026-04-19T12:55:01,04/19/202600:55,143.44,0.89,127.66159999999999,55.1,1.6199999999999999,89.262,89.4,0.3,6.0,198.7,23782.0,44991.0,20.0,21.0,29.0,30.21,11.68,225.0,970.0,6.9,0.6992079059012264
2026-04-19T12:55:30,04/19/202600:55,143.52,0.8700000000000001,124.86240000000002,55.1,1.59,87.60900000000001,87.8,0.3,6.0,198.7,23782.0,44991.0,20.0,21.0,29.0,30.21,11.68,225.0,970.0,6.9,0.7016443701226309
2026-04-19T12:55:55,04/19/202600:55,143.6,0.86,123.496,55.1,1.56,85.956,86.2,0.3,6.0,198.7,23782.0,44991.0,20.0,21.0,29.0,30.21,11.68,225.0,970.0,6.9,0.6960225432402669
2026-04-19T12:56:00,04/19/202600:56,143.69,0.86,123.57339999999999,55.1,1.54,84.854,85.1,0.3,6.0,198.7,23782.0,44991.0,20.0,21.0,29.0,30.21,11.68,225.0,970.0,6.9,0.6866688138385769
2026-04-19T12:56:55,04/19/202600:56,143.76,0.85,122.19599999999998,55.1,1.52,83.75200000000001,84.0,0.3,6.0,198.7,23782.0,44991.0,20.0,21.0,29.0,30.21,11.68,225.0,970.0,6.9,0.6853906838194378
2026-04-19T12:57:01,04/19/202600:57,143.8,0.85,122.23,55.1,1.54,84.854,85.1,0.3,6.0,198.7,23782.0,44991.0,20.0,21.0,29.0,30.21,11.68,225.0,970.0,6.9,0.694215822629469
2026-04-19T12:57:54,04/19/202600:57,143.84,0.85,122.264,55.1,1.54,84.854,85.1,0.3,6.0,198.7,23782.0,44991.0,20.0,21.0,29.0,30.21,11.68,225.0,970.0,6.9,0.694022770398482
2026-04-19T12:58:00,04/19/202600:58,143.84,0.85,122.264,55.1,1.53,84.303,84.0,0.3,6.0,198.7,23782.0,44991.0,20.0,21.0,29.0,30.21,11.68,225.0,970.0,6.9,0.6895161290322581
2026-04-19T12:58:54,04/19/202600:58,143.79000000000002,0.85,122.22150000000002,55.1,1.54,84.854,84.6,0.3,6.0,198.7,23782.0,44991.0,20.0,21.0,29.0,30.21,11.68,225.0,970.0,6.9,0.6942641024696963
2026-04-19T12:59:01,04/19/202600:59,143.73,0.85,122.17049999999999,55.1,1.55,85.405,85.2,0.3,6.0,198.7,23782.0,44991.0,20.0,21.0,29.0,30.21,11.68,225.0,970.0,6.9,0.699064012998228
2026-04-19T12:59:17,04/19/202600:59,143.66,0.85,122.11099999999999,55.1,1.55,85.405,85.2,0.3,6.0,198.7,23782.0,44991.0,20.0,21.0,29.0,30.21,11.68,225.0,970.0,6.9,0.6994046400406189
2026-04-19T13:00:00,04/19/202601:00,143.6,0.86,123.496,55.1,1.54,84.854,84.6,0.3,6.0,198.7,23782.0,44991.0,20.0,21.0,29.0,30.21,11.68,225.0,970.0,6.9,0.6870991773012891
2026-04-19T13:00:17,04/19/202601:00,143.51,0.85,121.98349999999999,55.1,1.52,83.75200000000001,83.5,0.3,6.0,198.7,23782.0,44991.0,20.0,21.0,29.0,30.21,11.68,225.0,970.0,6.9,0.6865846610402228
2026-04-19T13:01:01,04/19/202601:01,143.42000000000002,0.8400000000000001,120.47280000000002,55.1,1.5,82.65,82.4,0.3,6.0,198.7,23782.0,44991.0,20.0,21.0,29.0,30.21,11.68,225.0,970.0,6.9,0.6860469749188198
2026-04-19T13:01:17,04/19/202601:01,143.32,0.8400000000000001,120.3888,55.1,1.5,82.65,82.4,0.3,6.0,198.7,23782.0,44991.0,20.0,21.05,28.8,30.21,11.68,225.0,971.0,6.92,0.6865256568717356
2026-04-19T13:02:29,04/19/202601:02,143.23,0.85,121.74549999999999,55.1,1.5,82.65,82.4,0.3,6.0,198.7,23782.0,44991.0,20.0,21.1,28.6,30.21,11.68,225.0,972.0,6.94,0.678875194565713
2026-04-19T13:03:00,04/19/202601:03,143.14000000000001,0.86,123.10040000000001,55.1,1.52,83.75200000000001,83.5,0.3,6.0,198.7,23782.0,44991.0,20.0,21.15,28.4,30.21,11.68,225.0,973.0,6.959999999999999,0.6803552222413575
2026-04-19T13:03:29,04/19/202601:03,143.05,0.86,123.02300000000001,55.1,1.53,84.303,84.6,0.3,6.0,198.7,23782.0,44991.0,20.0,21.2,28.2,30.21,11.68,225.0,974.0,6.9799999999999995,0.6852621054599546
2026-04-19T13:04:01,04/19/202601:04,142.99,0.85,121.5415,55.1,1.52,83.75200000000001,84.6,0.3,6.0,198.7,23782.0,44991.0,20.0,21.25,28.0,30.21,11.68,225.0,975.0,7.0,0.6890815071395368
2026-04-19T13:05:20,04/19/202601:05,142.92000000000002,0.85,121.48200000000001,55.1,1.51,83.20100000000001,84.0,0.3,6.0,198.7,23782.0,44991.0,20.0,21.3,27.8,30.21,11.68,225.0,976.0,7.0200000000000005,0.6848833572051827
2026-04-19T13:05:29,04/19/202601:05,142.87,0.85,121.4395,55.1,1.52,83.75200000000001,84.6,0.3,6.0,198.7,23782.0,44991.0,20.0,21.35,27.6,30.21,11.68,225.0,977.0,7.040000000000001,0.6896602835156601
2026-04-19T13:06:00,04/19/202601:06,142.82,0.85,121.39699999999999,55.1,1.53,84.303,85.2,0.3,6.0,198.7,23782.0,44991.0,20.0,21.4,27.4,30.21,11.68,225.0,978.0,7.06,0.6944405545441815
2026-04-19T13:06:29,04/19/202601:06,142.78,0.85,121.363,55.1,1.55,85.405,86.3,0.3,6.0,198.7,23782.0,44991.0,20.0,21.45,27.2,30.21,11.68,225.0,979.0,7.08,0.7037153003798522
2026-04-19T13:07:01,04/19/202601:07,142.74,0.85,121.32900000000001,55.1,1.57,86.507,87.4,0.3,6.0,198.7,23782.0,44991.0,20.0,21.5,27.0,30.21,11.68,225.0,980.0,7.1,0.7129952443356493
2026-04-19T13:07:29,04/19/202601:07,142.76000000000002,0.85,121.34600000000002,55.1,1.55,85.405,86.3,0.3,6.0,198.7,23782.0,44991.0,20.0,21.5,27.0,30.21,11.68,225.0,980.0,7.1,0.7038138875611886
2026-04-19T13:08:01,04/19/202601:08,142.77,0.8400000000000001,119.92680000000001,55.1,1.53,84.303,85.2,0.3,6.0,198.7,23782.0,44991.0,20.0,21.5,27.0,30.21,11.68,225.0,980.0,7.1,0.7029538018191096
2026-04-19T13:08:29,04/19/202601:08,142.77,0.8200000000000001,117.07140000000001,55.1,1.5,82.65,83.5,0.3,6.0,198.7,23782.0,44991.0,20.0,21.5,27.0,30.21,11.68,225.0,980.0,7.1,0.7059794279388476
2026-04-19T13:09:01,04/19/202601:09,142.77,0.8099999999999999,115.6437,55.1,1.48,81.548,81.8,0.3,6.0,198.7,23782.0,44991.0,20.0,21.5,27.0,30.21,11.68,225.0,980.0,7.1,0.7051659537008934
2026-04-19T13:09:29,04/19/202601:09,142.74,0.82,117.0468,55.11,1.5,82.66499999999999,82.3,0.3,6.0,198.7,23782.0,44991.0,20.0,21.5,27.0,30.21,11.68,225.0,980.0,7.1,0.7062559591547996
2026-04-19T13:10:01,04/19/202601:10,142.72,0.82,117.03039999999999,55.120000000000005,1.52,83.78240000000001,83.4,0.3,6.0,198.7,23782.0,44991.0,20.0,21.5,27.0,30.21,11.68,225.0,980.0,7.1,0.7159028765175546
2026-04-19T13:10:29,04/19/202601:10,142.68,0.82,116.9976,55.120000000000005,1.5,82.68,82.3,0.3,6.0,198.7,23782.0,44991.0,20.0,21.5,27.0,30.21,11.68,225.0,980.0,7.1,0.7066811626905167
2026-04-19T13:11:00,04/19/202601:11,142.64000000000001,0.82,116.96480000000001,55.120000000000005,1.48,81.5776,81.2,0.3,6.0,198.7,23782.0,44991.0,20.0,21.5,27.0,30.21,11.68,225.0,980.0,7.1,0.6974542768422636
2026-04-19T13:11:29,04/19/202601:11,142.64000000000001,0.82,116.96480000000001,55.080000000000005,1.45,79.866,79.5,0.3,6.0,198.7,23782.0,44991.0,20.0,21.5,27.0,30.21,11.68,225.0,980.0,7.1,0.6828208144672585
2026-04-19T13:12:01,04/19/202601:12,142.64000000000001,0.82,116.96480000000001,55.04,1.42,78.15679999999999,77.8,0.3,6.0,198.7,23782.0,44991.0,20.0,21.5,27.0,30.21,11.68,225.0,980.0,7.1,0.6682078710860018
2026-04-19T13:12:29,04/19/202601:12,142.60999999999999,0.82,116.94019999999998,55.0,1.42,78.1,77.7,0.3,6.0,198.7,23782.0,44991.0,20.0,21.5,27.0,30.21,11.68,225.0,980.0,7.1,0.6678627195780408
2026-04-19T13:13:00,04/19/202601:13,142.57999999999998,0.82,116.91559999999998,54.96,1.42,78.0432,77.6,0.3,6.0,198.7,23782.0,44991.0,20.0,21.5,27.0,30.21,11.68,225.0,980.0,7.1,0.6675174228246702
2026-04-19T13:13:29,04/19/202601:13,142.59,0.82,116.9238,54.92,1.42,77.9864,77.6,0.3,6.0,198.7,23782.0,44991.0,20.0,21.5,27.0,30.21,11.68,225.0,980.0,7.1,0.6669848225938603
2026-04-19T13:14:01,04/19/202601:14,142.6,0.82,116.93199999999999,54.88000000000001,1.42,77.92960000000001,77.6,0.3,6.0,198.7,23782.0,44991.0,20.0,21.5,27.0,30.21,11.68,225.0,980.0,7.1,0.6664522970615402
2026-04-19T13:14:29,04/19/202601:14,142.60999999999999,0.8,114.088,54.830000000000005,1.3800000000000001,75.66540000000002,75.4,0.3,6.0,198.7,23782.0,44991.0,20.0,21.5,27.0,30.21,11.68,225.0,980.0,7.1,0.6632196199425008
2026-04-19T13:15:00,04/19/202601:15,142.62,0.78,111.2436,54.78000000000001,1.34,73.40520000000002,73.2,0.3,6.0,198.7,23782.0,44991.0,20.0,21.5,27.0,30.21,11.68,225.0,980.0,7.1,0.6598599829563231
2026-04-19T13:16:31,04/19/202601:16,142.65,0.77,109.8405,54.739999999999995,1.33,72.8042,72.6,0.3,6.0,198.7,23782.0,44991.0,20.0,21.54,26.8,30.21,11.68,224.8,981.0,7.109999999999999,0.6628174489373226
2026-04-19T13:16:51,04/19/202601:16,142.69,0.75,107.0175,54.7,1.31,71.65700000000001,71.4,0.3,6.0,198.7,23782.0,44991.0,20.0,21.580000000000002,26.6,30.21,11.68,224.6,982.0,7.12,0.6695820776975729
2026-04-19T13:17:01,04/19/202601:17,142.70999999999998,0.74,105.60539999999999,54.7,1.3,71.11,70.8,0.3,6.0,198.7,23782.0,44991.0,20.0,21.619999999999997,26.4,30.21,11.68,224.4,983.0,7.13,0.673355718552271
2026-04-19T13:17:41,04/19/202601:17,142.70999999999998,0.73,104.17829999999998,54.69,1.3,71.097,70.8,0.3,6.0,198.7,23782.0,44991.0,20.0,21.66,26.2,30.21,11.68,224.2,984.0,7.140000000000001,0.6824549834274509
2026-04-19T13:18:01,04/19/202601:18,142.70999999999998,0.72,102.75119999999998,54.68000000000001,1.29,70.53720000000001,70.3,0.3,6.0,198.7,23782.0,44991.0,20.0,21.7,26.0,30.21,11.68,224.0,985.0,7.15,0.6864854133090419
2026-04-19T13:18:41,04/19/202601:18,142.72,0.71,101.3312,54.67,1.27,69.43090000000001,69.2,0.3,6.0,198.7,23782.0,44991.0,20.0,21.74,25.8,30.21,11.68,223.8,986.0,7.159999999999999,0.6851877802690584
2026-04-19T13:19:01,04/19/202601:19,142.7,0.71,101.317,54.660000000000004,1.26,68.8716,68.6,0.3,6.0,198.7,23782.0,44991.0,20.0,21.779999999999998,25.6,30.21,11.68,223.6,987.0,7.17,0.6797635145138526
2026-04-19T13:19:40,04/19/202601:19,142.7,0.71,101.317,54.660000000000004,1.25,68.325,68.0,0.3,6.0,198.7,23782.0,44991.0,20.0,21.82,25.4,30.21,11.68,223.4,988.0,7.18,0.674368565985965
2026-04-19T13:20:01,04/19/202601:20,142.73,0.71,101.33829999999999,54.660000000000004,1.24,67.7784,67.4,0.3,6.0,198.7,23782.0,44991.0,20.0,21.86,25.2,30.21,11.68,223.2,989.0,7.19,0.6688330078558651
2026-04-19T13:20:41,04/19/202601:20,142.77,0.73,104.22210000000001,54.660000000000004,1.27,69.4182,69.0,0.3,6.0,198.7,23782.0,44991.0,20.0,21.9,25.0,30.21,11.68,223.0,990.0,7.2,0.6660602693670535
2026-04-19T13:21:01,04/19/202601:21,142.8,0.74,105.67200000000001,54.660000000000004,1.3,71.058,70.6,0.3,6.0,198.7,23782.0,44991.0,20.0,21.9,25.0,30.21,11.68,223.0,990.0,7.2,0.6724392459686577
2026-04-19T13:22:13,04/19/202601:22,142.82999999999998,0.75,107.12249999999999,54.660000000000004,1.3199999999999998,72.1512,71.7,0.3,6.0,198.7,23782.0,44991.0,20.0,21.9,25.0,30.21,11.68,223.0,990.0,7.2,0.6735391724427642
2026-04-19T13:23:01,04/19/202601:23,142.85999999999999,0.76,108.57359999999998,54.660000000000004,1.34,73.24440000000001,72.8,0.3,6.0,198.7,23782.0,44991.0,20.0,21.9,25.0,30.21,11.68,223.0,990.0,7.2,0.6746059815645794
2026-04-19T13:23:12,04/19/202601:23,142.94,0.76,108.6344,54.67,1.31,71.6177,71.1,0.3,6.0,198.7,23782.0,44991.0,20.0,21.9,25.0,30.21,11.68,223.0,990.0,7.2,0.6592543430073715
2026-04-19T13:24:01,04/19/202601:24,143.02,0.76,108.69520000000001,54.68000000000001,1.28,69.99040000000001,69.4,0.3,6.0,198.7,23782.0,44991.0,20.0,21.9,25.0,30.21,11.68,223.0,990.0,7.2,0.6439143586837321
2026-04-19T13:24:13,04/19/202601:24,143.1,0.76,108.756,54.68000000000001,1.29,70.53720000000001,70.0,0.3,6.0,198.7,23782.0,44991.0,20.0,21.9,25.0,30.21,11.68,223.0,990.0,7.2,0.6485821471918792
2026-04-19T13:25:01,04/19/202601:25,143.18,0.76,108.8168,54.68000000000001,1.3,71.08400000000002,70.6,0.3,6.0,198.7,23782.0,44991.0,20.0,21.9,25.0,30.21,11.68,223.0,990.0,7.2,0.6532447195653613
2026-04-19T13:25:12,04/19/202601:25,143.20999999999998,0.77,110.27169999999998,54.68000000000001,1.33,72.72440000000002,72.3,0.3,6.0,198.7,23782.0,44991.0,20.0,21.9,25.0,30.21,11.68,223.0,990.0,7.2,0.6595019393008363
2026-04-19T13:26:01,04/19/202601:26,143.24,0.78,111.72720000000001,54.68000000000001,1.3599999999999999,74.3648,74.0,0.3,6.0,198.7,23782.0,44991.0,20.0,21.9,25.0,30.21,11.68,223.0,990.0,7.2,0.6655926220293715
2026-04-19T13:26:13,04/19/202601:26,143.25,0.77,110.30250000000001,54.68000000000001,1.3199999999999998,72.1776,71.8,0.3,6.0,198.7,23782.0,44991.0,20.0,21.9,25.0,30.21,11.68,223.0,990.0,7.2,0.6543605086013462
2026-04-19T13:27:43,04/19/202601:27,143.25,0.74,106.005,54.68000000000001,1.25,68.35000000000001,68.0,0.3,6.0,198.7,23782.0,44991.0,20.0,21.9,25.0,30.21,11.68,223.0,990.0,7.2,0.6447809065610114
2026-04-19T13:27:58,04/19/202601:27,143.23,0.72,103.12559999999999,54.68000000000001,1.22,66.70960000000001,66.4,0.3,7.0,198.7,23782.0,44991.0,20.0,21.9,25.0,30.21,11.68,223.0,990.0,7.2,0.646877206047771
2026-04-19T13:28:01,04/19/202601:28,143.20999999999998,0.7,100.24699999999999,54.68000000000001,1.19,65.06920000000001,64.8,0.3,7.0,198.7,23782.0,44991.0,20.0,21.9,25.0,30.21,11.68,223.0,990.0,7.2,0.6490887507855598
2026-04-19T13:28:59,04/19/202601:28,143.16,0.7,100.21199999999999,54.68000000000001,1.2200000000000002,66.70960000000002,66.5,0.3,7.0,198.7,23782.0,44991.0,20.0,21.9,25.0,30.21,11.68,223.0,990.0,7.2,0.6656847483335332
2026-04-19T13:29:01,04/19/202601:29,143.10999999999999,0.7,100.17699999999998,54.68000000000001,1.25,68.35000000000001,68.2,0.3,7.0,198.7,23782.0,44991.0,20.0,21.9,25.0,30.21,11.68,223.0,990.0,7.2,0.6822923425536802
2026-04-19T13:29:58,04/19/202601:29,143.10999999999999,0.7,100.17699999999998,54.69,1.25,68.3625,68.2,0.3,7.0,198.7,23782.0,44991.0,20.0,21.9,25.0,30.21,11.68,223.0,990.0,7.2,0.6824171216946007
2026-04-19T13:30:00,04/19/202601:30,143.10999999999999,0.7,100.17699999999998,54.7,1.25,68.375,68.2,0.3,7.0,198.7,23782.0,44991.0,20.0,21.9,25.0,30.21,11.68,223.0,990.0,7.2,0.6825419008355212
2026-04-19T13:31:01,04/19/202601:31,143.14000000000001,0.69,98.7666,54.71,1.23,67.2933,67.1,0.3,7.0,198.7,23782.0,44991.0,20.0,21.9,25.0,30.21,11.68,223.0,990.0,7.2,0.6813366056946377
2026-04-19T13:31:08,04/19/202601:31,143.15,0.69,98.7735,54.71,1.2200000000000002,66.74620000000002,66.5,0.3,7.0,198.7,23782.0,44991.0,20.0,21.939999999999998,24.9,30.21,11.668,223.0,990.0,7.209999999999999,0.6757500746657759
2026-04-19T13:32:00,04/19/202601:32,143.17000000000002,0.69,98.7873,54.71,1.24,67.8404,67.6,0.3,7.0,198.7,23782.0,44991.0,20.0,21.979999999999997,24.8,30.21,11.656,223.0,990.0,7.220000000000001,0.6867319989512822
2026-04-19T13:32:08,04/19/202601:32,143.18,0.72,103.0896,54.71,1.29,70.5759,70.3,0.3,7.0,198.7,23782.0,44991.0,20.0,22.0,24.7,30.21,11.644,223.0,990.0,7.2299999999999995,0.6846073706756065
2026-04-19T13:33:01,04/19/202601:33,143.2,0.75,107.39999999999999,54.71,1.3199999999999998,72.21719999999999,71.9,0.3,7.0,198.7,23782.0,44991.0,20.0,22.02,24.6,30.21,11.632,223.0,990.0,7.24,0.672413407821229
2026-04-19T13:33:08,04/19/202601:33,143.20999999999998,0.77,110.27169999999998,54.71,1.34,73.3114,73.0,0.3,7.0,198.7,23782.0,44991.0,20.0,22.04,24.5,30.21,11.620000000000001,223.0,990.0,7.25,0.6648251545954222
2026-04-19T13:34:00,04/19/202601:34,143.22,0.78,111.7116,54.71,1.34,73.3114,73.0,0.3,7.0,198.7,23782.0,44991.0,20.0,22.06,24.4,30.21,11.608,223.0,990.0,7.26,0.6562559304494788
2026-04-19T13:34:09,04/19/202601:34,143.23,0.79,113.15169999999999,54.71,1.35,73.8585,73.5,0.3,7.0,198.7,23782.0,44991.0,20.0,22.080000000000002,24.3,30.21,11.596,223.0,990.0,7.2700000000000005,0.652738756907762
2026-04-19T13:35:01,04/19/202601:35,143.18,0.8,114.54400000000001,54.71,1.3599999999999999,74.40559999999999,74.0,0.3,7.0,198.7,23782.0,44991.0,20.0,22.1,24.2,30.21,11.584,223.0,990.0,7.279999999999999,0.6495809470596451
2026-04-19T13:35:05,04/19/202601:35,143.10999999999999,0.8,114.488,54.71,1.3599999999999999,74.40559999999999,74.0,0.3,7.0,198.7,23782.0,44991.0,20.0,22.12,24.1,30.21,11.572,223.0,990.0,7.290000000000001,0.6498986793375724
2026-04-19T13:36:01,04/19/202601:36,143.04000000000002,0.8,114.43200000000002,54.7,1.3599999999999999,74.392,74.0,0.3,7.0,198.7,23782.0,44991.0,20.0,22.14,24.0,30.21,11.56,223.0,990.0,7.3,0.6500978747203578
2026-04-19T13:36:06,04/19/202601:36,142.95,0.79,112.9305,54.71,1.35,73.8585,73.5,0.3,7.0,198.7,23782.0,44991.0,20.0,22.12,24.0,30.21,11.56,223.0,990.0,7.3,0.6540172938223068
2026-04-19T13:37:01,04/19/202601:37,142.85999999999999,0.78,111.43079999999999,54.720000000000006,1.34,73.32480000000001,73.0,0.3,7.0,198.7,23782.0,44991.0,20.0,22.1,24.0,30.21,11.56,223.0,990.0,7.3,0.6580299163247506
2026-04-19T13:37:05,04/19/202601:37,142.77,0.76,108.5052,54.720000000000006,1.31,71.68320000000001,71.4,0.3,7.0,198.7,23782.0,44991.0,20.0,22.1,24.0,30.21,11.479000000000001,223.0,990.0,7.3,0.6606429922252576
2026-04-19T13:38:55,04/19/202601:38,142.7,0.74,105.59799999999998,54.720000000000006,1.28,70.0416,69.8,0.3,7.0,198.7,23782.0,44991.0,20.0,22.1,24.0,30.21,11.398,223.0,990.0,7.3,0.6632852894941194
2026-04-19T13:39:01,04/19/202601:39,142.64000000000001,0.73,104.1272,54.720000000000006,1.26,68.94720000000001,68.7,0.3,7.0,198.7,23782.0,44991.0,20.0,22.1,24.0,30.21,11.317,223.0,990.0,7.3,0.6621439931161119
2026-04-19T13:39:05,04/19/202601:39,142.60999999999999,0.72,102.67919999999998,54.720000000000006,1.24,67.8528,67.6,0.3,7.0,198.7,23782.0,44991.0,20.0,22.1,24.0,30.21,11.236,223.0,990.0,7.3,0.6608232241778278
2026-04-19T13:40:00,04/19/202601:40,142.57999999999998,0.71,101.23179999999998,54.720000000000006,1.2100000000000002,66.21120000000002,66.0,0.3,7.0,198.7,23782.0,44991.0,20.0,22.1,24.0,30.21,11.155,223.0,990.0,7.3,0.654055346244955
2026-04-19T13:40:05,04/19/202601:40,142.59,0.7,99.813,54.720000000000006,1.1800000000000002,64.56960000000002,64.4,0.3,7.0,198.7,23782.0,44991.0,20.0,22.1,24.1,30.21,11.074000000000002,223.0,990.0,7.3,0.6469057136845904
2026-04-19T13:41:01,04/19/202601:41,142.62,0.7,99.834,54.720000000000006,1.1600000000000001,63.475200000000015,63.3,0.3,7.0,198.7,23782.0,44991.0,20.0,22.1,24.2,30.21,10.993,223.0,990.0,7.3,0.6358074403509828
2026-04-19T13:41:05,04/19/202601:41,142.69,0.7,99.883,54.720000000000006,1.1400000000000001,62.380800000000015,62.2,0.3,7.0,198.7,23782.0,44991.0,20.0,22.1,24.3,30.21,10.912,223.0,990.0,7.3,0.6245387102910407
2026-04-19T13:42:11,04/19/202601:42,142.81,0.7,99.967,54.71,1.12,61.275200000000005,61.1,0.3,7.0,198.7,23782.0,44991.0,20.0,22.1,24.4,30.21,10.831,223.0,990.0,7.3,0.6129542749107206
2026-04-19T13:43:00,04/19/202601:43,142.93,0.7,100.051,54.7,1.1,60.17000000000001,60.0,0.3,7.0,198.7,23782.0,44991.0,20.0,22.1,24.5,30.21,10.75,223.0,990.0,7.3,0.6013932894223947
2026-04-19T13:43:10,04/19/202601:43,143.06,0.7,100.142,54.7,1.09,59.623000000000005,59.4,0.3,7.0,198.7,23782.0,44991.0,20.0,22.1,24.6,30.21,10.75,223.0,990.0,7.3,0.5953845539334146
2026-04-19T13:44:00,04/19/202601:44,143.17000000000002,0.7,100.21900000000001,54.7,1.08,59.07600000000001,58.8,0.3,7.0,198.7,23782.0,44991.0,20.0,22.1,24.7,30.21,10.75,223.0,990.0,7.3,0.5894690627525719
2026-04-19T13:44:10,04/19/202601:44,143.28,0.7,100.29599999999999,54.7,1.11,60.717000000000006,58.8,0.3,7.0,198.7,23782.0,44991.0,20.0,22.1,24.8,30.21,10.75,223.0,990.0,7.3,0.6053780808805935
2026-04-19T13:45:00,04/19/202601:45,143.35999999999999,0.7,100.35199999999999,54.7,1.1400000000000001,62.35800000000001,58.8,0.3,7.0,198.7,23782.0,44991.0,20.0,22.1,24.9,30.21,10.75,223.0,990.0,7.3,0.6213926977040818
2026-04-19T13:45:10,04/19/202601:45,143.43,0.71,101.8353,54.7,1.17,63.999,60.4,0.4,7.0,198.7,23782.0,44991.0,20.0,22.1,25.0,30.21,10.75,223.0,990.0,7.3,0.6284559479866019
2026-04-19T13:46:01,04/19/202601:46,143.45999999999998,0.72,103.29119999999998,54.7,1.2,65.64,62.0,0.4,7.0,198.7,23782.0,44991.0,20.0,22.1,25.0,30.21,10.75,223.0,990.0,7.3,0.6354849203029882
2026-04-19T13:46:11,04/19/202601:46,143.48,0.73,104.7404,54.7,1.23,67.281,63.6,0.4,7.0,198.7,23782.0,44991.0,20.0,22.130000000000003,24.9,30.21,10.769,223.0,990.0,7.31,0.6423595861768717
2026-04-19T13:47:00,04/19/202601:47,143.45999999999998,0.74,106.16039999999998,54.7,1.26,68.922,65.2,0.4,7.0,198.7,23782.0,44991.0,20.0,22.160000000000004,24.8,30.21,10.788,223.0,990.0,7.32,0.6492251347960257
2026-04-19T13:47:10,04/19/202601:47,143.4,0.74,106.116,54.7,1.25,68.375,65.2,0.4,7.0,198.7,23782.0,44991.0,20.0,22.19,24.7,30.21,10.806999999999999,223.0,990.0,7.33,0.6443420407855555
2026-04-19T13:48:01,04/19/202601:48,143.34,0.74,106.0716,54.7,1.2399999999999998,67.82799999999999,65.2,0.4,7.0,198.7,23782.0,44991.0,20.0,22.22,24.6,30.21,10.825999999999999,223.0,990.0,7.340000000000001,0.6394548587934941
2026-04-19T13:48:11,04/19/202601:48,143.3,0.75,107.47500000000001,54.7,1.27,69.46900000000001,66.9,0.4,7.0,198.7,23782.0,44991.0,20.0,22.25,24.5,30.21,10.845,223.0,990.0,7.35,0.6463735752500582
2026-04-19T13:50:06,04/19/202601:50,143.24,0.74,105.9976,54.7,1.27,69.46900000000001,66.9,0.4,7.0,198.7,23782.0,44991.0,20.0,22.28,24.4,30.21,10.864,223.0,990.0,7.359999999999999,0.6553827633833219
2026-04-19T13:50:10,04/19/202601:50,143.15,0.73,104.4995,54.7,1.23,67.281,66.3,0.4,7.0,198.7,23782.0,44991.0,20.0,22.31,24.3,30.21,10.883,223.0,990.0,7.37,0.6438404011502448
2026-04-19T13:51:00,04/19/202601:51,143.06,0.72,103.00319999999999,54.7,1.19,65.093,65.7,0.4,7.0,198.7,23782.0,44991.0,20.0,22.339999999999996,24.2,30.21,10.902,223.0,990.0,7.38,0.6319512403498144
2026-04-19T13:51:10,04/19/202601:51,142.92000000000002,0.71,101.4732,54.7,1.1800000000000002,64.546,65.2,0.4,7.0,198.7,23782.0,44991.0,20.0,22.369999999999997,24.1,30.21,10.921,223.0,990.0,7.390000000000001,0.6360891348651664
2026-04-19T13:52:00,04/19/202601:52,142.78,0.7,99.946,54.7,1.17,63.999,64.7,0.4,7.0,198.7,23782.0,44991.0,20.0,22.4,24.0,30.21,10.94,223.0,990.0,7.4,0.6403357813219138
2026-04-19T13:52:11,04/19/202601:52,142.64000000000001,0.7,99.848,54.7,1.17,63.999,64.7,0.4,7.0,198.7,23782.0,44991.0,20.0,22.4,24.0,30.21,10.94,223.0,990.0,7.4,0.6409642656838395
2026-04-19T13:53:00,04/19/202601:53,142.5,0.7,99.75,54.7,1.17,63.999,64.7,0.4,7.0,198.7,23782.0,44991.0,20.0,22.4,24.0,30.21,10.94,223.0,990.0,7.4,0.641593984962406
2026-04-19T13:53:10,04/19/202601:53,142.44,0.7,99.708,54.7,1.1800000000000002,64.546,64.7,0.4,7.0,198.7,23782.0,44991.0,20.0,22.4,24.0,30.21,10.94,223.0,990.0,7.4,0.6473502627672806
2026-04-19T13:54:00,04/19/202601:54,142.38,0.7,99.666,54.7,1.19,65.093,64.7,0.4,7.0,198.7,23782.0,44991.0,20.0,22.4,24.0,30.21,10.94,223.0,990.0,7.4,0.6531113920494452
2026-04-19T13:54:11,04/19/202601:54,142.34,0.69,98.21459999999999,54.7,1.1800000000000002,64.546,64.1,0.4,7.0,198.7,23782.0,44991.0,20.0,22.4,24.0,30.21,10.94,223.0,990.0,7.4,0.6571935333443298
2026-04-19T13:55:00,04/19/202601:55,142.32,0.7,99.624,54.7,1.2,65.64,65.2,0.4,7.0,198.7,23782.0,44991.0,20.0,22.4,24.0,30.21,10.94,223.0,990.0,7.4,0.6588773789448326
2026-04-19T13:55:10,04/19/202601:55,142.31,0.71,101.0401,54.7,1.23,67.281,66.9,0.4,7.0,198.7,23782.0,44991.0,20.0,22.4,24.0,30.21,10.94,223.0,990.0,7.4,0.6658841390695378
2026-04-19T13:56:00,04/19/202601:56,142.3,0.72,102.456,54.7,1.26,68.922,68.6,0.4,7.0,198.7,23782.0,44991.0,20.0,22.4,24.0,30.21,10.94,223.0,990.0,7.4,0.6726985242445537
2026-04-19T13:56:10,04/19/202601:56,142.34,0.72,102.48479999999999,54.7,1.26,68.922,68.6,0.4,7.0,198.7,23782.0,44991.0,20.0,22.4,24.0,30.21,10.94,223.0,990.0,7.4,0.6725094843332865
2026-04-19T13:57:00,04/19/202601:57,142.38,0.72,102.5136,54.7,1.26,68.922,68.6,0.4,7.0,198.7,23782.0,44991.0,20.0,22.4,24.0,30.21,10.94,223.0,990.0,7.4,0.6723205506391347
2026-04-19T13:57:11,04/19/202601:57,142.44,0.71,101.13239999999999,54.7,1.26,68.922,68.6,0.4,7.0,198.7,23782.0,44991.0,20.0,22.4,24.0,30.21,10.94,223.0,990.0,7.4,0.6815026638347355
2026-04-19T13:58:00,04/19/202601:58,142.5,0.7,99.75,54.7,1.26,68.922,68.6,0.4,7.0,198.7,23782.0,44991.0,20.0,22.4,24.0,30.21,10.94,223.0,990.0,7.4,0.6909473684210526
2026-04-19T13:58:10,04/19/202601:58,142.5,0.7,99.75,54.7,1.25,68.375,68.0,0.4,7.0,198.7,23782.0,44991.0,20.0,22.4,24.0,30.21,10.94,223.0,990.0,7.4,0.6854636591478697
2026-04-19T13:59:00,04/19/202601:59,142.5,0.7,99.75,54.7,1.24,67.828,67.4,0.4,7.0,198.7,23782.0,44991.0,20.0,22.4,24.0,30.21,10.94,223.0,990.0,7.4,0.6799799498746868
2026-04-19T13:59:11,04/19/202601:59,142.45999999999998,0.7,99.72199999999998,54.7,1.23,67.281,66.9,0.4,7.0,198.7,23782.0,44991.0,20.0,22.4,24.0,30.21,10.94,223.0,990.0,7.4,0.6746856260403925
2026-04-19T14:00:00,04/19/202602:00,142.42000000000002,0.7,99.694,54.7,1.22,66.73400000000001,66.4,0.4,7.0,198.7,23782.0,44991.0,20.0,22.4,24.0,30.21,10.94,223.0,990.0,7.4,0.6693883282845507
2026-04-19T14:01:19,04/19/202602:01,142.36,0.7,99.652,54.7,1.22,66.73400000000001,66.4,0.4,7.0,198.7,23782.0,44991.0,20.0,22.439999999999998,23.9,30.207,10.909,222.6,990.0,7.410000000000001,0.6696704531770562
2026-04-19T14:02:00,04/19/202602:02,142.3,0.7,99.61,54.7,1.22,66.73400000000001,66.4,0.4,7.0,198.7,23782.0,44991.0,20.0,22.479999999999997,23.8,30.204,10.878,222.2,990.0,7.42,0.6699528159823311
2026-04-19T14:02:10,04/19/202602:02,142.22,0.71,100.97619999999999,54.7,1.23,67.281,66.9,0.4,7.0,198.7,23782.0,44991.0,20.0,22.52,23.7,30.201,10.847,221.8,990.0,7.43,0.6663055254604552
2026-04-19T14:03:01,04/19/202602:03,142.14000000000001,0.72,102.3408,54.7,1.24,67.828,67.4,0.4,7.0,198.7,23782.0,44991.0,20.0,22.56,23.6,30.198,10.815999999999999,221.4,990.0,7.44,0.6627659740787643
2026-04-19T14:03:11,04/19/202602:03,142.05,0.73,103.6965,54.7,1.22,66.73400000000001,66.3,0.4,7.0,198.7,23782.0,44991.0,20.0,22.6,23.5,30.195,10.785,221.0,990.0,7.45,0.6435511323911608
2026-04-19T14:04:00,04/19/202602:04,141.95999999999998,0.74,105.05039999999998,54.7,1.2,65.64,65.2,0.4,7.0,198.7,23782.0,44991.0,20.0,22.64,23.4,30.192,10.754000000000001,220.6,990.0,7.459999999999999,0.6248429325352404
2026-04-19T14:04:10,04/19/202602:04,141.85999999999999,0.74,104.97639999999998,54.7,1.2,65.64,65.2,0.4,7.0,198.7,23782.0,44991.0,20.0,22.68,23.3,30.189,10.723,220.2,990.0,7.470000000000001,0.6252833970301898
2026-04-19T14:05:01,04/19/202602:05,141.76,0.74,104.90239999999999,54.7,1.2,65.64,65.2,0.4,7.0,198.7,23782.0,44991.0,20.0,22.72,23.2,30.186,10.692,219.8,990.0,7.4799999999999995,0.6257244829479593
2026-04-19T14:05:11,04/19/202602:05,141.67000000000002,0.73,103.41910000000001,54.7,1.2,65.64,65.2,0.4,7.0,198.7,23782.0,44991.0,20.0,22.759999999999998,23.1,30.183,10.661000000000001,219.4,990.0,7.49,0.6346990062764034
2026-04-19T14:06:00,04/19/202602:06,141.57999999999998,0.72,101.93759999999999,54.7,1.2,65.64,65.2,0.4,7.0,198.7,23782.0,44991.0,20.0,22.8,23.0,30.18,10.63,219.0,990.0,7.5,0.6439233413382305
2026-04-19T14:06:11,04/19/202602:06,141.57,0.72,101.93039999999999,54.71,1.19,65.1049,64.6,0.4,7.0,198.7,23782.0,44991.0,20.0,22.8,23.0,30.18,10.63,219.0,990.0,7.5,0.6387191652343168
2026-04-19T14:07:00,04/19/202602:07,141.56,0.72,101.9232,54.720000000000006,1.1800000000000002,64.56960000000002,64.0,0.4,7.0,198.7,23782.0,44991.0,20.0,22.8,23.0,30.18,10.63,219.0,990.0,7.5,0.6335122916077991
2026-04-19T14:07:10,04/19/202602:07,141.62,0.71,100.5502,54.720000000000006,1.15,62.928000000000004,62.4,0.4,7.0,198.7,23782.0,44991.0,20.0,22.8,23.0,30.18,10.63,219.0,990.0,7.5,0.6258366467694744
2026-04-19T14:08:01,04/19/202602:08,141.68,0.7,99.176,54.720000000000006,1.1199999999999999,61.2864,60.8,0.4,7.0,198.7,23782.0,44991.0,20.0,22.8,23.0,30.18,10.63,219.0,990.0,7.5,0.6179559570863918
2026-04-19T14:08:11,04/19/202602:08,141.74,0.69,97.8006,54.720000000000006,1.1199999999999999,61.2864,60.8,0.4,7.0,198.7,23782.0,44991.0,20.0,22.8,23.0,30.18,10.63,219.0,990.0,7.5,0.6266464622916423
2026-04-19T14:09:00,04/19/202602:09,141.8,0.6799999999999999,96.42399999999999,54.720000000000006,1.1199999999999999,61.2864,60.8,0.4,7.0,198.7,23782.0,44991.0,20.0,22.8,23.0,30.18,10.63,219.0,990.0,7.5,0.6355927984734092
2026-04-19T14:09:10,04/19/202602:09,141.9,0.6799999999999999,96.49199999999999,54.720000000000006,1.1300000000000001,61.83360000000001,61.4,0.4,7.0,198.7,23782.0,44991.0,20.0,22.8,23.0,30.18,10.63,219.0,990.0,7.5,0.6408158189279942
2026-04-19T14:10:01,04/19/202602:10,142.0,0.6799999999999999,96.55999999999999,54.720000000000006,1.1400000000000001,62.380800000000015,62.0,0.4,7.0,198.7,23782.0,44991.0,20.0,22.8,23.0,30.18,10.63,219.0,990.0,7.5,0.6460314830157418
2026-04-19T14:10:11,04/19/202602:10,142.06,0.69,98.0214,54.73,1.15,62.93949999999999,62.5,0.4,7.0,198.7,23782.0,44991.0,20.0,22.8,23.0,30.18,10.63,219.0,990.0,7.5,0.642099582336102
2026-04-19T14:11:00,04/19/202602:11,142.12,0.7,99.484,54.739999999999995,1.16,63.49839999999999,63.0,0.4,7.0,198.7,23782.0,44991.0,20.0,22.8,23.0,30.18,10.63,219.0,990.0,7.5,0.6382775119617224
2026-04-19T14:11:10,04/19/202602:11,142.10999999999999,0.7,99.47699999999999,54.73,1.16,63.486799999999995,63.0,0.4,7.0,198.7,23782.0,44991.0,20.0,22.8,23.0,30.18,10.63,219.0,990.0,7.5,0.638205816419876
2026-04-19T14:12:39,04/19/202602:12,142.08999999999997,0.7,99.46299999999998,54.720000000000006,1.17,64.0224,63.6,0.4,7.0,198.7,23782.0,44991.0,20.0,22.8,23.0,30.18,10.63,219.0,990.0,7.5,0.6436805646320745
2026-04-19T14:13:01,04/19/202602:13,142.03,0.7,99.42099999999999,54.720000000000006,1.19,65.1168,64.7,0.4,7.0,198.7,23782.0,44991.0,20.0,22.8,23.0,30.18,10.63,219.0,990.0,7.5,0.6549602196719003
2026-04-19T14:13:10,04/19/202602:13,141.99,0.69,97.9731,54.720000000000006,1.19,65.1168,64.7,0.4,7.0,198.7,23782.0,44991.0,20.0,22.8,23.0,30.18,10.63,219.0,990.0,7.5,0.6646395796397174
2026-04-19T14:14:01,04/19/202602:14,141.95,0.6799999999999999,96.52599999999998,54.720000000000006,1.1800000000000002,64.56960000000002,64.2,0.4,7.0,198.7,23782.0,44991.0,20.0,22.8,23.0,30.18,10.63,219.0,990.0,7.5,0.6689347947703214
2026-04-19T14:14:11,04/19/202602:14,141.92000000000002,0.6799999999999999,96.5056,54.720000000000006,1.16,63.4752,63.1,0.4,7.0,198.7,23782.0,44991.0,20.0,22.8,23.0,30.18,10.63,219.0,990.0,7.5,0.6577359241329
2026-04-19T14:15:01,04/19/202602:15,141.87,0.6799999999999999,96.4716,54.720000000000006,1.15,62.928000000000004,62.5,0.4,7.0,198.7,23782.0,44991.0,20.0,22.8,23.0,30.18,10.63,219.0,990.0,7.5,0.652295597875437
2026-04-19T14:15:11,04/19/202602:15,141.82999999999998,0.6699999999999999,95.02609999999999,54.720000000000006,1.1300000000000001,61.83360000000001,61.4,0.4,7.0,198.7,23782.0,44991.0,20.0,22.8,23.0,30.18,10.63,219.0,990.0,7.5,0.6507012283993557
2026-04-19T14:16:01,04/19/202602:16,141.82999999999998,0.6599999999999999,93.60779999999998,54.71,1.1,60.181000000000004,59.8,0.4,7.0,198.7,23782.0,44991.0,20.0,22.8,23.0,30.18,10.63,219.0,990.0,7.5,0.6429058262238833
2026-04-19T14:16:03,04/19/202602:16,141.79000000000002,0.6599999999999999,93.5814,54.7,1.09,59.623000000000005,59.3,0.4,7.0,198.7,23782.0,44991.0,20.0,22.8,23.0,30.18,10.63,219.0,990.0,7.5,0.6371244713158812
2026-04-19T14:17:01,04/19/202602:17,141.78,0.6599999999999999,93.5748,54.7,1.08,59.07600000000001,58.8,0.4,7.0,198.7,23782.0,44991.0,20.0,22.8,23.0,30.18,10.63,219.0,990.0,7.5,0.6313238179509869
2026-04-19T14:17:03,04/19/202602:17,141.8,0.6599999999999999,93.588,54.7,1.08,59.07600000000001,58.8,0.4,7.0,198.7,23782.0,44991.0,20.0,22.82,22.9,30.18,10.654,218.8,989.0,7.49,0.6312347736889345
2026-04-19T14:18:01,04/19/202602:18,141.82,0.6599999999999999,93.60119999999998,54.7,1.08,59.07600000000001,58.8,0.4,7.0,198.7,23782.0,44991.0,20.0,22.84,22.8,30.18,10.678,218.6,988.0,7.4799999999999995,0.6311457545416087
2026-04-19T14:18:03,04/19/202602:18,141.8,0.6699999999999999,95.006,54.7,1.1,60.17000000000001,59.9,0.4,8.0,198.7,23782.0,44991.0,20.0,22.86,22.7,30.18,10.702000000000002,218.4,987.0,7.470000000000001,0.6333284213628614
2026-04-19T14:19:01,04/19/202602:19,141.78,0.6799999999999999,96.4104,54.7,1.12,61.26400000000001,61.0,0.4,8.0,198.7,23782.0,44991.0,20.0,22.880000000000003,22.6,30.18,10.726,218.2,986.0,7.459999999999999,0.6354501174147189
2026-04-19T14:19:03,04/19/202602:19,141.72,0.7,99.204,54.7,1.1700000000000002,63.99900000000001,63.8,0.4,8.0,198.7,23782.0,44991.0,20.0,22.9,22.5,30.18,10.75,218.0,985.0,7.45,0.6451251965646548
2026-04-19T14:20:01,04/19/202602:20,141.66,0.72,101.9952,54.7,1.2200000000000002,66.73400000000001,66.6,0.4,8.0,198.7,23782.0,44991.0,20.0,22.919999999999998,22.4,30.18,10.774,217.8,984.0,7.44,0.6542856918756962
2026-04-19T14:20:03,04/19/202602:20,141.63,0.73,103.3899,54.71,1.24,67.8404,67.7,0.4,8.0,198.7,23782.0,44991.0,20.0,22.94,22.3,30.18,10.797999999999998,217.6,983.0,7.43,0.6561608048755246
2026-04-19T14:21:01,04/19/202602:21,141.6,0.74,104.78399999999999,54.720000000000006,1.2600000000000002,68.94720000000002,68.8,0.4,8.0,198.7,23782.0,44991.0,20.0,22.96,22.2,30.18,10.822,217.4,982.0,7.42,0.6579935868071464
2026-04-19T14:21:03,04/19/202602:21,141.62,0.73,103.3826,54.720000000000006,1.25,68.4,68.2,0.4,8.0,198.7,23782.0,44991.0,20.0,22.98,22.1,30.18,10.846,217.2,981.0,7.410000000000001,0.6616200405097183
2026-04-19T14:22:00,04/19/202602:22,141.64000000000001,0.72,101.9808,54.720000000000006,1.24,67.8528,67.6,0.4,8.0,198.7,23782.0,44991.0,20.0,23.0,22.0,30.18,10.87,217.0,980.0,7.4,0.6653487715334652
2026-04-19T14:22:04,04/19/202602:22,141.63,0.72,101.97359999999999,54.720000000000006,1.24,67.8528,67.6,0.4,8.0,198.7,23782.0,44991.0,20.0,23.02,22.0,30.18,10.87,217.0,980.0,7.4,0.6653957494881029
2026-04-19T14:23:39,04/19/202602:23,141.62,0.71,100.5502,54.71,1.21,66.1991,65.9,0.4,8.0,198.7,23782.0,44991.0,20.0,23.04,22.0,30.18,10.858,216.9,980.0,7.4,0.6583686556565775
2026-04-19T14:24:00,04/19/202602:24,141.63,0.7,99.14099999999999,54.7,1.1800000000000002,64.546,64.2,0.4,8.0,198.7,23782.0,44991.0,20.0,23.06,22.0,30.18,10.846,216.8,980.0,7.4,0.651052541330025
2026-04-19T14:24:03,04/19/202602:24,141.63,0.7,99.14099999999999,54.7,1.1400000000000001,62.35800000000001,62.0,0.4,8.0,198.7,23782.0,44991.0,20.0,23.080000000000002,22.0,30.18,10.747,217.0,980.0,7.4,0.6289829636578208
2026-04-19T14:25:01,04/19/202602:25,141.66,0.6799999999999999,96.32879999999999,54.7,1.08,59.07600000000001,58.7,0.4,8.0,198.7,23782.0,44991.0,20.0,23.1,22.0,30.18,10.648,217.2,980.0,7.4,0.613274534718589
2026-04-19T14:25:03,04/19/202602:25,141.67000000000002,0.6599999999999999,93.5022,54.7,1.03,56.341,55.9,0.4,8.0,198.7,23782.0,44991.0,20.0,23.119999999999997,22.0,30.18,10.549,217.4,980.0,7.4,0.6025633621454897
2026-04-19T14:26:00,04/19/202602:26,141.64000000000001,0.6599999999999999,93.4824,54.69,1.02,55.7838,55.3,0.4,8.0,198.7,23782.0,44991.0,20.0,23.14,22.0,30.18,10.45,217.6,980.0,7.4,0.5967305075607815
2026-04-19T14:26:03,04/19/202602:26,141.62,0.65,92.05300000000001,54.68000000000001,1.01,55.226800000000004,54.7,0.4,8.0,198.7,23782.0,44991.0,20.0,23.16,22.0,30.18,10.351,217.8,980.0,7.4,0.5999456834649604
2026-04-19T14:27:01,04/19/202602:27,141.59,0.65,92.0335,54.68000000000001,1.01,55.226800000000004,54.7,0.4,8.0,198.7,23782.0,44991.0,20.0,23.18,22.0,30.18,10.252,218.0,980.0,7.4,0.6000727995784144
2026-04-19T14:27:03,04/19/202602:27,141.57,0.6599999999999999,93.43619999999999,54.68000000000001,1.01,55.226800000000004,55.3,0.4,8.0,198.7,23782.0,44991.0,20.0,23.2,22.0,30.18,10.153,218.2,980.0,7.4,0.5910642770146903
2026-04-19T14:28:00,04/19/202602:28,141.56,0.6599999999999999,93.4296,54.68000000000001,0.9800000000000001,53.58640000000001,54.2,0.4,8.0,198.7,23782.0,44991.0,20.0,23.2,22.0,30.18,10.054,218.4,980.0,7.4,0.5735484257665666
2026-04-19T14:28:02,04/19/202602:28,141.51,0.6699999999999999,94.81169999999999,54.69,1.01,55.2369,55.9,0.4,8.0,198.7,23782.0,44991.0,20.0,23.2,22.0,30.18,9.967,218.7,980.0,7.4,0.582595818870456
2026-04-19T14:29:01,04/19/202602:29,141.45999999999998,0.6799999999999999,96.19279999999998,54.7,1.04,56.888000000000005,57.6,0.4,8.0,198.7,23782.0,44991.0,20.0,23.2,22.0,30.18,9.88,219.0,980.0,7.4,0.5913956138089339
2026-04-19T14:29:03,04/19/202602:29,141.42000000000002,0.6699999999999999,94.7514,54.7,1.05,57.435,58.1,0.4,8.0,198.7,23782.0,44991.0,20.0,23.2,22.0,30.18,9.88,219.0,980.0,7.4,0.6061651859497591
2026-04-19T14:30:01,04/19/202602:30,141.38,0.6599999999999999,93.31079999999999,54.7,1.06,57.982000000000006,58.6,0.4,8.0,198.7,23782.0,44991.0,20.0,23.2,22.0,30.18,9.88,219.0,980.0,7.4,0.6213857345559144
2026-04-19T14:30:04,04/19/202602:30,141.37,0.6699999999999999,94.71789999999999,54.7,1.0699999999999998,58.528999999999996,59.2,0.4,8.0,198.7,23782.0,44991.0,20.0,23.2,22.0,30.18,9.88,219.0,980.0,7.4,0.6179296627142283
2026-04-19T14:31:01,04/19/202602:31,141.35999999999999,0.6799999999999999,96.12479999999998,54.7,1.08,59.07600000000001,59.8,0.4,8.0,198.7,23782.0,44991.0,20.0,23.2,22.0,30.18,9.88,219.0,980.0,7.4,0.6145760511335266
2026-04-19T14:31:03,04/19/202602:31,141.32,0.7,98.92399999999999,54.7,1.1099999999999999,60.717,61.5,0.4,8.0,198.7,23782.0,44991.0,20.0,23.229999999999997,22.0,30.18,9.855,218.7,978.0,7.390000000000001,0.6137742105050342
2026-04-19T14:32:01,04/19/202602:32,141.28,0.72,101.7216,54.7,1.1400000000000001,62.35800000000001,63.2,0.4,8.0,198.7,23782.0,44991.0,20.0,23.259999999999998,22.0,30.18,9.830000000000002,218.4,976.0,7.38,0.613026141940355
2026-04-19T14:32:04,04/19/202602:32,141.23999999999998,0.72,101.69279999999998,54.7,1.15,62.905,63.2,0.4,8.0,198.7,23782.0,44991.0,20.0,23.29,22.0,30.18,9.805000000000001,218.1,974.0,7.37,0.6185786997702887
2026-04-19T14:33:01,04/19/202602:33,141.2,0.72,101.66399999999999,54.7,1.1600000000000001,63.45200000000001,63.2,0.4,8.0,198.7,23782.0,44991.0,20.0,23.32,22.0,30.18,9.780000000000001,217.8,972.0,7.359999999999999,0.6241344035253386
2026-04-19T14:33:03,04/19/202602:33,141.26,0.71,100.29459999999999,54.69,1.1400000000000001,62.3466,62.1,0.4,8.0,198.7,23782.0,44991.0,20.0,23.35,22.0,30.18,9.755,217.5,970.0,7.35,0.621634664279034
2026-04-19T14:34:51,04/19/202602:34,141.35999999999999,0.6900000000000001,97.5384,54.68000000000001,1.1,60.14800000000001,59.9,0.4,8.0,198.7,23782.0,44991.0,20.0,23.380000000000003,22.0,30.18,9.73,217.2,968.0,7.340000000000001,0.6166596950534355
2026-04-19T14:35:01,04/19/202602:35,141.45999999999998,0.6799999999999999,96.19279999999998,54.67,1.09,59.590300000000006,59.4,0.4,8.0,198.7,23782.0,44991.0,20.0,23.41,22.0,30.18,9.705000000000002,216.9,966.0,7.33,0.6194881529594732
2026-04-19T14:35:04,04/19/202602:35,141.51,0.7,99.05699999999999,54.67,1.11,60.68370000000001,60.5,0.4,8.0,198.7,23782.0,44991.0,20.0,23.44,22.0,30.18,9.680000000000001,216.6,964.0,7.32,0.612613949544202
2026-04-19T14:36:00,04/19/202602:36,141.55,0.7,99.08500000000001,54.67,1.12,61.23040000000001,61.0,0.4,8.0,198.7,23782.0,44991.0,20.0,23.47,22.0,30.18,9.655000000000001,216.3,962.0,7.31,0.6179583186153303
2026-04-19T14:36:03,04/19/202602:36,141.56,0.6900000000000001,97.67640000000002,54.67,1.1300000000000001,61.77710000000001,61.5,0.4,8.0,198.7,23782.0,44991.0,20.0,23.5,22.0,30.18,9.63,216.0,960.0,7.3,0.6324670032884095
2026-04-19T14:36:04,04/19/202602:36,141.58999999999997,0.6799999999999999,96.28119999999997,54.67,1.1099999999999999,60.683699999999995,60.4,0.4,8.0,198.7,23782.0,44991.0,20.0,23.5,22.0,30.18,9.63,216.0,960.0,7.3,0.6302756924508628
2026-04-19T14:37:01,04/19/202602:37,141.62,0.67,94.8854,54.67,1.09,59.590300000000006,59.3,0.4,8.0,198.7,23782.0,44991.0,20.0,23.5,22.0,30.18,9.63,216.0,960.0,7.3,0.628023910949419
2026-04-19T14:37:04,04/19/202602:37,141.6,0.67,94.872,54.67,1.09,59.590300000000006,59.3,0.4,8.0,198.7,23782.0,44991.0,20.0,23.5,22.0,30.18,9.63,216.0,960.0,7.3,0.6281126148916435
2026-04-19T14:38:00,04/19/202602:38,141.57999999999998,0.67,94.8586,54.67,1.09,59.590300000000006,59.3,0.4,8.0,198.7,23782.0,44991.0,20.0,23.5,22.0,30.18,9.63,216.0,960.0,7.3,0.6282013438950186
2026-04-19T14:38:03,04/19/202602:38,141.45999999999998,0.6799999999999999,96.19279999999998,54.68000000000001,1.1099999999999999,60.6948,60.4,0.4,8.0,198.7,23782.0,44991.0,20.0,23.5,22.0,30.18,9.63,216.0,960.0,7.3,0.6309703013115329
2026-04-19T14:39:00,04/19/202602:39,141.3,0.7,98.91,54.69,1.15,62.893499999999996,62.6,0.4,8.0,198.7,23782.0,44991.0,20.0,23.5,22.0,30.18,9.63,216.0,960.0,7.3,0.6358659387321808
2026-04-19T14:39:04,04/19/202602:39,141.17000000000002,0.71,100.23070000000001,54.7,1.1700000000000002,63.99900000000001,63.7,0.4,8.0,198.7,23782.0,44991.0,20.0,23.5,22.0,30.18,9.63,216.0,960.0,7.3,0.6385169414161529
2026-04-19T14:40:00,04/19/202602:40,141.09,0.69,97.3521,54.7,1.1600000000000001,63.45200000000001,63.2,0.4,8.0,198.7,23782.0,44991.0,20.0,23.5,22.0,30.18,9.63,216.0,960.0,7.3,0.6517784413484662
2026-04-19T14:40:04,04/19/202602:40,141.02,0.6699999999999999,94.4834,54.7,1.12,61.26400000000001,61.0,0.4,8.0,198.7,23782.0,44991.0,20.0,23.5,22.0,30.18,9.63,216.0,960.0,7.3,0.6484101969234808
2026-04-19T14:41:00,04/19/202602:41,140.98,0.6599999999999999,93.04679999999998,54.7,1.08,59.07600000000001,58.8,0.4,8.0,198.7,23782.0,44991.0,20.0,23.5,22.0,30.18,9.63,216.0,960.0,7.3,0.6349063052141506
2026-04-19T14:41:04,04/19/202602:41,140.95,0.6599999999999999,93.02699999999999,54.7,1.08,59.07600000000001,58.8,0.4,8.0,198.7,23782.0,44991.0,20.0,23.5,22.0,30.18,9.63,216.0,960.0,7.3,0.6350414395820569
2026-04-19T14:42:01,04/19/202602:42,140.92000000000002,0.6599999999999999,93.0072,54.7,1.08,59.07600000000001,58.8,0.4,8.0,198.7,23782.0,44991.0,20.0,23.5,22.0,30.18,9.63,216.0,960.0,7.3,0.6351766314865946
2026-04-19T14:42:04,04/19/202602:42,140.95,0.6599999999999999,93.02699999999999,54.7,1.09,59.623000000000005,59.3,0.4,8.0,198.7,23782.0,44991.0,20.0,23.5,22.0,30.18,9.63,216.0,960.0,7.3,0.6409214529115205
2026-04-19T14:43:00,04/19/202602:43,140.98,0.6599999999999999,93.04679999999998,54.7,1.1,60.17000000000001,59.8,0.4,8.0,198.7,23782.0,44991.0,20.0,23.5,22.0,30.18,9.63,216.0,960.0,7.3,0.646663829384783
2026-04-19T14:43:04,04/19/202602:43,141.04000000000002,0.6599999999999999,93.0864,54.7,1.08,59.07600000000001,58.7,0.4,8.0,198.7,23782.0,44991.0,20.0,23.5,22.0,30.18,9.63,216.0,960.0,7.3,0.6346362089413707
2026-04-19T14:44:00,04/19/202602:44,141.1,0.6599999999999999,93.12599999999999,54.7,1.06,57.982000000000006,57.6,0.4,8.0,198.7,23782.0,44991.0,20.0,23.5,22.0,30.18,9.63,216.0,960.0,7.3,0.6226188175160536
2026-04-19T14:44:04,04/19/202602:44,141.13,0.6699999999999999,94.55709999999999,54.7,1.07,58.529,58.1,0.4,8.0,198.7,23782.0,44991.0,20.0,23.5,22.0,30.18,9.63,216.0,960.0,7.3,0.6189804890378408
2026-04-19T14:46:04,04/19/202602:46,141.14000000000001,0.6799999999999999,95.9752,54.7,1.06,57.982000000000006,57.5,0.4,8.0,198.7,23782.0,44991.0,20.0,23.5,21.9,30.18,9.680000000000001,215.9,959.0,7.290000000000001,0.6041352349356918
2026-04-19T14:47:00,04/19/202602:47,141.14000000000001,0.69,97.3866,54.7,1.08,59.07600000000001,58.6,0.4,8.0,198.7,23782.0,44991.0,20.0,23.5,21.8,30.18,9.73,215.8,958.0,7.279999999999999,0.606613230156921
2026-04-19T14:47:04,04/19/202602:47,141.13,0.69,97.37969999999999,54.7,1.1,60.17000000000001,59.7,0.4,8.0,198.7,23782.0,44991.0,20.0,23.5,21.7,30.18,9.780000000000001,215.7,957.0,7.2700000000000005,0.6178905870525379
2026-04-19T14:48:00,04/19/202602:48,141.10999999999999,0.6799999999999999,95.95479999999998,54.7,1.09,59.623000000000005,59.1,0.4,8.0,198.7,23782.0,44991.0,20.0,23.5,21.6,30.18,9.830000000000002,215.6,956.0,7.26,0.6213654762450656
2026-04-19T14:48:03,04/19/202602:48,141.10999999999999,0.6699999999999999,94.54369999999999,54.7,1.08,59.07600000000001,58.5,0.4,8.0,198.7,23782.0,44991.0,20.0,23.5,21.5,30.18,9.88,215.5,955.0,7.25,0.624853903538787
2026-04-19T14:49:00,04/19/202602:49,141.09,0.6599999999999999,93.11939999999998,54.7,1.06,57.982000000000006,57.4,0.4,8.0,198.7,23782.0,44991.0,20.0,23.5,21.4,30.18,9.930000000000001,215.4,954.0,7.24,0.6226629467114265
2026-04-19T14:49:04,04/19/202602:49,141.09,0.6599999999999999,93.11939999999998,54.7,1.06,57.982000000000006,57.4,0.4,8.0,198.7,23782.0,44991.0,20.0,23.5,21.3,30.18,9.98,215.3,953.0,7.2299999999999995,0.6226629467114265
2026-04-19T14:49:16,04/19/202602:49,141.1,0.6599999999999999,93.12599999999999,54.7,1.06,57.982000000000006,57.4,0.4,8.0,198.7,23782.0,44991.0,20.0,23.5,21.2,30.18,10.030000000000001,215.2,952.0,7.220000000000001,0.6226188175160536
2026-04-19T14:50:00,04/19/202602:50,141.10999999999999,0.6599999999999999,93.13259999999998,54.7,1.06,57.982000000000006,57.4,0.4,8.0,198.7,23782.0,44991.0,20.0,23.5,21.1,30.18,10.080000000000002,215.1,951.0,7.209999999999999,0.6225746945752617
2026-04-19T14:50:16,04/19/202602:50,141.10999999999999,0.65,91.72149999999999,54.7,1.03,56.341,55.8,0.4,8.0,198.7,23782.0,44991.0,20.0,23.5,21.0,30.18,10.13,215.0,950.0,7.2,0.6142616507580012
2026-04-19T14:51:00,04/19/202602:51,141.13,0.6399999999999999,90.32319999999999,54.7,1.02,55.794000000000004,55.3,0.4,8.0,198.7,23782.0,44991.0,20.0,23.5,21.0,30.18,10.13,215.0,950.0,7.2,0.6177150499539433
2026-04-19T14:51:16,04/19/202602:51,141.12,0.65,91.72800000000001,54.7,1.04,56.888000000000005,56.4,0.4,8.0,198.7,23782.0,44991.0,20.0,23.5,21.0,30.18,10.13,215.0,950.0,7.2,0.6201814058956916
2026-04-19T14:52:00,04/19/202602:52,141.12,0.67,94.55040000000001,54.7,1.06,57.982000000000006,57.5,0.4,8.0,198.7,23782.0,44991.0,20.0,23.5,21.0,30.18,10.13,215.0,950.0,7.2,0.6132390767252175
2026-04-19T14:52:16,04/19/202602:52,141.16,0.6799999999999999,95.98879999999998,54.7,1.06,57.982000000000006,57.5,0.4,8.0,198.7,23782.0,44991.0,20.0,23.5,21.0,30.18,10.13,215.0,950.0,7.2,0.6040496391245647
2026-04-19T14:53:00,04/19/202602:53,141.18,0.69,97.4142,54.7,1.06,57.982000000000006,57.5,0.4,8.0,198.7,23782.0,44991.0,20.0,23.5,21.0,30.18,10.13,215.0,950.0,7.2,0.5952109651364997
2026-04-19T14:53:16,04/19/202602:53,141.21,0.7,98.847,54.7,1.0699999999999998,58.528999999999996,58.1,0.4,8.0,198.7,23782.0,44991.0,20.0,23.5,21.0,30.18,10.13,215.0,950.0,7.2,0.5921171102815462
2026-04-19T14:54:00,04/19/202602:54,141.22,0.7,98.854,54.7,1.06,57.982000000000006,57.6,0.4,8.0,198.7,23782.0,44991.0,20.0,23.5,21.0,30.18,10.13,215.0,950.0,7.2,0.5865417686689461
2026-04-19T14:54:16,04/19/202602:54,141.24,0.7,98.868,54.7,1.0699999999999998,58.528999999999996,58.1,0.4,8.0,198.7,23782.0,44991.0,20.0,23.5,21.0,30.18,10.13,215.0,950.0,7.2,0.591991341991342
2026-04-19T14:55:00,04/19/202602:55,141.26,0.7,98.88199999999999,54.7,1.08,59.07600000000001,58.6,0.4,8.0,198.7,23782.0,44991.0,20.0,23.5,21.0,30.18,10.13,215.0,950.0,7.2,0.5974393721809835
2026-04-19T14:55:02,04/19/202602:55,141.27,0.7,98.889,54.7,1.1,60.17000000000001,59.7,0.4,8.0,198.7,23782.0,44991.0,20.0,23.5,21.0,30.18,10.13,215.0,950.0,7.2,0.6084599904943928
2026-04-19T14:57:14,04/19/202602:57,141.28000000000003,0.7,98.89600000000002,54.7,1.1,60.17000000000001,59.7,0.4,8.0,198.7,23782.0,44991.0,20.0,23.5,21.0,30.18,10.13,215.0,950.0,7.2,0.6084169228280214
2026-04-19T14:58:00,04/19/202602:58,141.32,0.6799999999999999,96.09759999999999,54.7,1.0699999999999998,58.528999999999996,58.1,0.4,8.0,198.7,23782.0,44991.0,20.0,23.5,21.0,30.18,10.13,215.0,950.0,7.2,0.6090578744942642
2026-04-19T14:58:01,04/19/202602:58,141.37,0.6599999999999999,93.3042,54.71,1.05,57.4455,57.0,0.4,8.0,198.7,23782.0,44991.0,20.0,23.5,21.0,30.18,10.13,215.0,950.0,7.2,0.6156796800144045
2026-04-19T14:59:01,04/19/202602:59,141.38000000000002,0.65,91.89700000000002,54.720000000000006,1.05,57.45600000000001,57.0,0.4,8.0,198.7,23782.0,44991.0,20.0,23.5,21.0,30.18,10.13,215.0,950.0,7.2,0.6252217156163966
2026-04-19T14:59:02,04/19/202602:59,141.37,0.65,91.8905,54.720000000000006,1.0699999999999998,58.550399999999996,58.1,0.4,8.0,198.7,23782.0,44991.0,20.0,23.5,20.9,30.18,10.13,215.0,950.0,7.2,0.6371757689859125
2026-04-19T15:00:00,04/19/202603:00,141.35,0.65,91.8775,54.720000000000006,1.08,59.09760000000001,58.6,0.4,8.0,198.7,23782.0,44991.0,20.0,23.5,20.8,30.18,10.13,215.0,950.0,7.2,0.6432216810426928
2026-04-19T15:00:02,04/19/202603:00,141.35,0.6399999999999999,90.46399999999998,54.71,1.0699999999999998,58.53969999999999,58.0,0.4,8.0,198.7,23782.0,44991.0,20.0,23.5,20.7,30.18,10.13,215.0,950.0,7.2,0.6471049257163071
2026-04-19T15:01:01,04/19/202603:01,141.34,0.63,89.0442,54.7,1.05,57.435,56.9,0.4,8.0,198.7,23782.0,44991.0,20.0,23.5,20.6,30.18,10.13,215.0,950.0,7.2,0.6450167444931842
2026-04-19T15:01:02,04/19/202603:01,141.31,0.63,89.0253,54.69,1.04,56.8776,56.4,0.4,8.0,198.7,23782.0,44991.0,20.0,23.52,20.5,30.18,10.173,214.7,947.0,7.19,0.6388925395365138
2026-04-19T15:02:01,04/19/202603:02,141.3,0.6399999999999999,90.43199999999999,54.67999999999999,1.04,56.8672,56.4,0.4,8.0,198.7,23782.0,44991.0,20.0,23.54,20.4,30.18,10.216000000000001,214.4,944.0,7.18,0.6288393489030433
2026-04-19T15:02:03,04/19/202603:02,141.3,0.65,91.84500000000001,54.67999999999999,1.05,57.413999999999994,56.9,0.4,8.0,198.7,23782.0,44991.0,20.0,23.56,20.3,30.18,10.259,214.1,941.0,7.17,0.6251184060101256
2026-04-19T15:03:01,04/19/202603:03,141.3,0.6599999999999999,93.258,54.67999999999999,1.06,57.96079999999999,57.4,0.4,8.0,198.7,23782.0,44991.0,20.0,23.580000000000002,20.2,30.18,10.302000000000001,213.8,938.0,7.159999999999999,0.6215102189624482
2026-04-19T15:03:02,04/19/202603:03,141.27,0.6599999999999999,93.23819999999999,54.67,1.06,57.9502,57.4,0.4,8.0,198.7,23782.0,44991.0,20.0,23.6,20.1,30.18,10.345,213.5,935.0,7.15,0.6215285151364999
2026-04-19T15:04:01,04/19/202603:04,141.24,0.6599999999999999,93.21839999999999,54.660000000000004,1.06,57.939600000000006,57.4,0.4,8.0,198.7,23782.0,44991.0,20.0,23.619999999999997,20.0,30.18,10.388000000000002,213.2,932.0,7.140000000000001,0.621546819082928
2026-04-19T15:04:03,04/19/202603:04,141.26,0.65,91.819,54.65,1.04,56.836,56.3,0.4,8.0,198.7,23782.0,44991.0,20.0,23.64,20.0,30.18,10.431000000000001,212.9,929.0,7.13,0.6190004247486903
2026-04-19T15:04:52,04/19/202603:04,141.26,0.65,91.819,54.65,1.05,57.3825,56.9,0.4,8.0,198.7,23782.0,44991.0,20.0,23.66,20.0,30.18,10.474,212.6,926.0,7.12,0.6249523519097354
2026-04-19T15:05:01,04/19/202603:05,141.24,0.6599999999999999,93.21839999999999,54.660000000000004,1.08,59.03280000000001,58.6,0.4,8.0,198.7,23782.0,44991.0,20.0,23.68,20.0,30.18,10.517,212.3,923.0,7.109999999999999,0.6332741175561908
2026-04-19T15:05:53,04/19/202603:05,141.2,0.6699999999999999,94.60399999999998,54.68000000000001,1.1,60.14800000000001,59.7,0.4,8.0,198.7,23782.0,44991.0,20.0,23.7,20.0,30.18,10.56,212.0,920.0,7.1,0.6357870703141518
2026-04-19T15:06:01,04/19/202603:06,141.18,0.6699999999999999,94.5906,54.7,1.1099999999999999,60.717,60.2,0.4,8.0,198.7,23782.0,44991.0,20.0,23.7,20.0,30.18,10.56,212.0,920.0,7.1,0.6418925347761829
2026-04-19T15:06:52,04/19/202603:06,141.12,0.6699999999999999,94.5504,54.720000000000006,1.1,60.192000000000014,59.6,0.4,8.0,198.7,23782.0,44991.0,20.0,23.7,20.0,30.18,10.56,212.0,920.0,7.1,0.6366128540968629
2026-04-19T15:07:00,04/19/202603:07,141.05,0.6699999999999999,94.5035,54.73,1.1,60.203,59.6,0.4,8.0,198.7,23782.0,44991.0,20.0,23.7,20.0,30.18,10.56,212.0,920.0,7.1,0.6370451888025311
2026-04-19T15:08:26,04/19/202603:08,141.01,0.6699999999999999,94.47669999999998,54.73,1.1,60.203,59.6,0.4,8.0,198.7,23782.0,44991.0,20.0,23.7,20.0,30.18,10.56,212.0,920.0,7.1,0.6372258980256509
2026-04-19T15:08:52,04/19/202603:08,141.03,0.6799999999999999,95.90039999999999,54.73,1.1099999999999999,60.75029999999999,60.2,0.4,8.0,198.7,23782.0,44991.0,20.0,23.7,20.0,30.18,10.56,212.0,920.0,7.1,0.6334728530850757
2026-04-19T15:09:00,04/19/202603:09,141.05,0.69,97.3245,54.73,1.1199999999999999,61.29759999999999,60.8,0.4,8.0,198.7,23782.0,44991.0,20.0,23.7,20.0,30.18,10.56,212.0,920.0,7.1,0.6298270219728844
2026-04-19T15:09:52,04/19/202603:09,141.07,0.7,98.749,54.739999999999995,1.1400000000000001,62.403600000000004,61.9,0.4,8.0,198.7,23782.0,44991.0,20.0,23.7,20.0,30.18,10.56,212.0,920.0,7.1,0.6319415892819169
2026-04-19T15:10:01,04/19/202603:10,141.10999999999999,0.7,98.77699999999999,54.739999999999995,1.1300000000000001,61.8562,61.3,0.4,8.0,198.7,23782.0,44991.0,20.0,23.7,20.0,30.18,10.56,212.0,920.0,7.1,0.6262206789029836
2026-04-19T15:10:52,04/19/202603:10,141.15,0.7,98.80499999999999,54.739999999999995,1.1400000000000001,62.403600000000004,61.8,0.4,8.0,198.7,23782.0,44991.0,20.0,23.7,20.0,30.18,10.56,212.0,920.0,7.1,0.6315834218916048
2026-04-19T15:11:00,04/19/202603:11,141.20999999999998,0.7,98.84699999999998,54.73,1.16,63.486799999999995,62.9,0.4,8.0,198.7,23782.0,44991.0,20.0,23.7,20.0,30.18,10.56,212.0,920.0,7.1,0.6422734124454966
2026-04-19T15:11:53,04/19/202603:11,141.29000000000002,0.71,100.31590000000001,54.720000000000006,1.15,62.928000000000004,62.4,0.4,9.0,198.7,23782.0,44991.0,20.0,23.7,20.0,30.18,10.56,212.0,920.0,7.1,0.6272983644666498
2026-04-19T15:12:01,04/19/202603:12,141.41,0.72,101.81519999999999,54.71,1.16,63.4636,63.0,0.4,9.0,198.7,23782.0,44991.0,20.0,23.7,20.0,30.18,10.56,212.0,920.0,7.1,0.6233214687001548
2026-04-19T15:12:52,04/19/202603:12,141.48,0.72,101.86559999999999,54.7,1.1800000000000002,64.546,64.1,0.4,9.0,198.7,23782.0,44991.0,20.0,23.7,20.0,30.18,10.56,212.0,920.0,7.1,0.6336388339144914
2026-04-19T15:13:00,04/19/202603:13,141.52,0.72,101.8944,54.7,1.2,65.64,65.2,0.4,9.0,198.7,23782.0,44991.0,20.0,23.7,20.0,30.18,10.56,212.0,920.0,7.1,0.6441963444507255
2026-04-19T15:13:35,04/19/202603:13,141.48,0.72,101.86559999999999,54.7,1.22,66.73400000000001,66.3,0.4,9.0,198.7,23782.0,44991.0,20.0,23.7,20.0,30.18,10.56,212.0,920.0,7.1,0.6551181164200675
2026-04-19T15:14:01,04/19/202603:14,141.44,0.72,101.8368,54.7,1.24,67.828,67.4,0.4,9.0,198.7,23782.0,44991.0,20.0,23.7,20.0,30.18,10.56,212.0,920.0,7.1,0.6660460658622424
2026-04-19T15:14:34,04/19/202603:14,141.37,0.73,103.2001,54.71,1.26,68.9346,68.5,0.4,9.0,198.7,23782.0,44991.0,20.0,23.7,20.0,30.18,10.56,212.0,920.0,7.1,0.667970282974532
2026-04-19T15:15:01,04/19/202603:15,141.3,0.74,104.56200000000001,54.720000000000006,1.28,70.0416,69.6,0.4,9.0,198.7,23782.0,44991.0,20.0,23.7,20.0,30.18,10.56,212.0,920.0,7.1,0.6698571182647616
2026-04-19T15:15:05,04/19/202603:15,141.22,0.74,104.5028,54.720000000000006,1.27,69.49440000000001,69.1,0.4,9.0,198.7,23782.0,44991.0,20.0,23.7,20.0,30.18,10.56,212.0,920.0,7.1,0.6650003636266207
2026-04-19T15:16:01,04/19/202603:16,141.14000000000001,0.74,104.4436,54.720000000000006,1.26,68.94720000000001,68.6,0.4,9.0,198.7,23782.0,44991.0,20.0,23.7,20.0,30.18,10.56,212.0,920.0,7.1,0.660138103244239
2026-04-19T15:16:04,04/19/202603:16,141.05,0.72,101.556,54.720000000000006,1.25,68.4,68.0,0.4,9.0,198.7,23782.0,44991.0,20.0,23.71,20.0,30.177,10.585,211.8,918.0,7.08,0.6735200283587381
2026-04-19T15:17:01,04/19/202603:17,140.96,0.7,98.672,54.720000000000006,1.24,67.8528,67.4,0.4,9.0,198.7,23782.0,44991.0,20.0,23.72,20.0,30.174,10.610000000000001,211.6,916.0,7.06,0.6876601264796498
2026-04-19T15:17:05,04/19/202603:17,140.87,0.7,98.609,54.720000000000006,1.21,66.2112,65.8,0.4,9.0,198.7,23782.0,44991.0,20.0,23.73,20.0,30.171,10.635000000000002,211.4,914.0,7.040000000000001,0.6714518958715737
2026-04-19T15:18:01,04/19/202603:18,140.78000000000003,0.7,98.54600000000002,54.720000000000006,1.1800000000000002,64.56960000000002,64.2,0.4,9.0,198.7,23782.0,44991.0,20.0,23.740000000000002,20.0,30.168,10.66,211.2,912.0,7.0200000000000005,0.6552229415704343
2026-04-19T15:18:04,04/19/202603:18,140.7,0.7,98.48999999999998,54.720000000000006,1.16,63.4752,63.1,0.4,9.0,198.7,23782.0,44991.0,20.0,23.75,20.0,30.165,10.685,211.0,910.0,7.0,0.6444837039293331
2026-04-19T15:19:38,04/19/202603:19,140.59,0.7,98.413,54.720000000000006,1.1400000000000001,62.380800000000015,62.0,0.4,9.0,198.7,23782.0,44991.0,20.0,23.759999999999998,20.0,30.162,10.71,210.8,908.0,6.9799999999999995,0.6338674768577324
2026-04-19T15:20:00,04/19/202603:20,140.48000000000002,0.69,96.9312,54.71,1.1099999999999999,60.72809999999999,60.4,0.4,9.0,198.7,23782.0,44991.0,20.0,23.77,20.0,30.159,10.735000000000001,210.6,906.0,6.959999999999999,0.626507254630088
2026-04-19T15:20:05,04/19/202603:20,140.39000000000001,0.6699999999999999,94.0613,54.7,1.06,57.982000000000006,57.7,0.4,9.0,198.7,23782.0,44991.0,20.0,23.78,20.0,30.156,10.760000000000002,210.4,904.0,6.94,0.6164277976170859
2026-04-19T15:20:46,04/19/202603:20,140.3,0.6699999999999999,94.00099999999999,54.7,1.05,57.435,57.1,0.4,9.0,198.7,23782.0,44991.0,20.0,23.79,20.0,30.153,10.785,210.2,902.0,6.92,0.6110041382538485
2026-04-19T15:21:00,04/19/202603:21,140.21,0.6699999999999999,93.94069999999999,54.7,1.04,56.888000000000005,56.5,0.4,9.0,198.7,23782.0,44991.0,20.0,23.8,20.0,30.15,10.81,210.0,900.0,6.9,0.6055735160585349
2026-04-19T15:21:47,04/19/202603:21,140.1,0.6799999999999999,95.26799999999999,54.7,1.06,57.982000000000006,57.6,0.4,9.0,198.7,23782.0,44991.0,20.1,23.8,20.0,30.15,10.81,210.0,900.0,6.9,0.6086198933534872
2026-04-19T15:22:00,04/19/202603:22,139.99,0.69,96.59309999999999,54.7,1.08,59.07600000000001,58.7,0.4,9.0,198.7,23782.0,44991.0,20.1,23.8,20.0,30.15,10.81,210.0,900.0,6.9,0.6115964804939484
2026-04-19T15:22:46,04/19/202603:22,139.92000000000002,0.7,97.944,54.7,1.1,60.17000000000001,59.8,0.5,9.0,198.7,23782.0,44991.0,20.0,23.8,20.0,30.15,10.81,210.0,900.0,6.9,0.6143306379155437
2026-04-19T15:23:00,04/19/202603:23,139.85,0.71,99.2935,54.7,1.12,61.26400000000001,60.9,0.5,9.0,198.7,23782.0,44991.0,20.0,23.8,20.0,30.15,10.81,210.0,900.0,6.9,0.616999098631834
2026-04-19T15:23:46,04/19/202603:23,139.79000000000002,0.72,100.64880000000001,54.7,1.1400000000000001,62.35800000000001,62.0,0.5,9.0,198.7,23782.0,44991.0,20.0,23.8,20.0,30.15,10.81,210.0,900.0,6.9,0.6195602928201828
2026-04-19T15:24:00,04/19/202603:24,139.76,0.73,102.02479999999998,54.7,1.16,63.452,63.1,0.5,9.0,198.7,23782.0,44991.0,20.0,23.8,20.0,30.15,10.81,210.0,900.0,6.9,0.6219272176960896
2026-04-19T15:24:46,04/19/202603:24,139.81,0.72,100.6632,54.7,1.16,63.452,63.1,0.5,9.0,198.7,23782.0,44991.0,20.0,23.8,20.0,30.15,10.81,210.0,900.0,6.9,0.6303395878533565
2026-04-19T15:25:00,04/19/202603:25,139.84,0.72,100.6848,54.7,1.1800000000000002,64.546,64.2,0.5,9.0,198.7,23782.0,44991.0,20.0,23.8,20.0,30.15,10.81,210.0,900.0,6.9,0.6410699529621156
2026-04-19T15:25:46,04/19/202603:25,139.92000000000002,0.71,99.34320000000001,54.7,1.1700000000000002,63.99900000000001,63.7,0.5,9.0,198.7,23782.0,44991.0,20.0,23.8,20.0,30.15,10.81,210.0,900.0,6.9,0.6442212451380669
2026-04-19T15:26:00,04/19/202603:26,140.0,0.7,98.0,54.7,1.1600000000000001,63.45200000000001,63.2,0.5,9.0,198.7,23782.0,44991.0,20.0,23.8,20.0,30.15,10.81,210.0,900.0,6.9,0.6474693877551022
2026-04-19T15:26:46,04/19/202603:26,140.09,0.7,98.063,54.7,1.1400000000000001,62.35800000000001,62.1,0.5,9.0,198.7,23782.0,44991.0,20.0,23.8,20.0,30.15,10.81,210.0,900.0,6.9,0.6358973313074249
2026-04-19T15:27:01,04/19/202603:27,140.18,0.7,98.126,54.7,1.12,61.26400000000001,61.0,0.5,9.0,198.7,23782.0,44991.0,20.0,23.8,20.0,30.15,10.81,210.0,900.0,6.9,0.624340134113283
2026-04-19T15:27:47,04/19/202603:27,140.29000000000002,0.7,98.203,54.7,1.12,61.26400000000001,61.5,0.5,9.0,198.7,23782.0,44991.0,20.0,23.8,20.0,30.15,10.81,210.0,900.0,6.9,0.6238505951956662
2026-04-19T15:28:00,04/19/202603:28,140.4,0.7,98.28,54.7,1.12,61.26400000000001,62.0,0.5,9.0,198.7,23782.0,44991.0,20.0,23.8,20.0,30.15,10.81,210.0,900.0,6.9,0.6233618233618234
2026-04-19T15:28:46,04/19/202603:28,140.49,0.6900000000000001,96.93810000000002,54.7,1.08,59.07600000000001,59.8,0.5,9.0,198.7,23782.0,44991.0,20.0,23.8,20.0,30.15,10.81,210.0,900.0,6.9,0.6094198256413113
2026-04-19T15:29:00,04/19/202603:29,140.57999999999998,0.6799999999999999,95.59439999999998,54.7,1.04,56.888000000000005,57.6,0.5,9.0,198.7,23782.0,44991.0,20.0,23.8,20.0,30.15,10.81,210.0,900.0,6.9,0.5950976207811338
2026-04-19T15:30:49,04/19/202603:30,140.59,0.6799999999999999,95.60119999999999,54.7,1.03,56.341,57.0,0.5,9.0,198.7,23782.0,44991.0,20.0,23.8,20.0,30.15,10.81,210.0,900.0,6.9,0.5893336066911294
2026-04-19T15:31:01,04/19/202603:31,140.6,0.6799999999999999,95.60799999999999,54.7,1.02,55.794000000000004,56.4,0.5,9.0,198.7,23782.0,44991.0,20.0,23.8,20.0,30.15,10.81,210.0,900.0,6.9,0.5835704125177811
2026-04-19T15:31:46,04/19/202603:31,140.57,0.6799999999999999,95.58759999999998,54.7,1.0,54.7,55.3,0.5,9.0,198.7,23782.0,44991.0,20.1,23.81,20.0,30.15,10.798,209.9,897.0,6.87,0.5722499571074073
2026-04-19T15:32:00,04/19/202603:32,140.54000000000002,0.6799999999999999,95.5672,54.7,0.9800000000000001,53.60600000000001,54.2,0.5,9.0,198.7,23782.0,44991.0,20.1,23.82,20.0,30.15,10.786,209.8,894.0,6.840000000000001,0.5609246687147893
2026-04-19T15:32:47,04/19/202603:32,140.48,0.6900000000000001,96.9312,54.7,0.9800000000000001,53.60600000000001,54.2,0.5,9.0,198.7,23782.0,44991.0,20.0,23.8,20.0,30.15,10.848,210.3,891.0,6.81,0.5530314284771055
2026-04-19T15:33:00,04/19/202603:33,140.42000000000002,0.7,98.29400000000001,54.7,0.9800000000000001,53.60600000000001,54.2,0.5,9.0,198.7,23782.0,44991.0,20.0,23.78,20.0,30.15,10.91,210.8,888.0,6.779999999999999,0.5453639082751746
2026-04-19T15:33:46,04/19/202603:33,140.35999999999999,0.6799999999999999,95.44479999999999,54.7,0.96,52.512,52.6,0.5,9.0,198.7,23782.0,44991.0,20.0,23.759999999999998,20.0,30.15,10.972,211.3,885.0,6.75,0.5501818852362833
2026-04-19T15:34:00,04/19/202603:34,140.3,0.6599999999999999,92.598,54.7,0.9400000000000001,51.418000000000006,51.0,0.5,9.0,198.7,23782.0,44991.0,20.0,23.740000000000002,20.0,30.15,11.034,211.8,882.0,6.720000000000001,0.5552819715328625
2026-04-19T15:34:47,04/19/202603:34,140.35999999999999,0.65,91.234,54.7,0.9400000000000001,51.418000000000006,51.0,0.5,9.0,198.7,23782.0,44991.0,20.0,23.720000000000002,20.0,30.15,11.078,212.3,879.0,6.69,0.5635837516715261
2026-04-19T15:35:00,04/19/202603:35,140.42000000000002,0.64,89.86880000000001,54.7,0.9400000000000001,51.418000000000006,51.0,0.5,9.0,198.7,23782.0,44991.0,20.0,23.7,20.0,30.15,11.122,212.8,876.0,6.659999999999999,0.5721451716279733
2026-04-19T15:35:46,04/19/202603:35,140.45999999999998,0.65,91.29899999999999,54.69,0.96,52.502399999999994,52.1,0.5,9.0,198.7,23782.0,44991.0,20.0,23.68,20.0,30.15,11.166,213.3,873.0,6.63,0.5750599677981139
2026-04-19T15:36:00,04/19/202603:36,140.5,0.6599999999999999,92.72999999999999,54.68000000000001,0.9800000000000001,53.58640000000001,53.2,0.5,9.0,198.7,23782.0,44991.0,20.0,23.660000000000004,20.0,30.15,11.209999999999999,213.8,870.0,6.6,0.5778755526798234
2026-04-19T15:36:47,04/19/202603:36,140.52,0.6599999999999999,92.7432,54.68000000000001,1.0,54.68000000000001,54.3,0.5,9.0,198.7,23782.0,44991.0,20.0,23.630000000000003,20.0,30.15,11.266,214.4,870.0,6.6,0.5895850046148937
2026-04-19T15:37:00,04/19/202603:37,140.54000000000002,0.6599999999999999,92.7564,54.68000000000001,1.02,55.77360000000001,55.4,0.5,9.0,198.7,23782.0,44991.0,20.0,23.6,20.0,30.15,11.322,215.0,870.0,6.6,0.6012911238469799
2026-04-19T15:37:46,04/19/202603:37,140.57999999999998,0.6599999999999999,92.78279999999998,54.68000000000001,1.03,56.32040000000001,56.0,0.5,9.0,198.7,23782.0,44991.0,20.0,23.6,20.0,30.15,11.303999999999998,215.0,870.0,6.6,0.6070133688571591
2026-04-19T15:38:00,04/19/202603:38,140.62,0.6599999999999999,92.80919999999999,54.68000000000001,1.04,56.86720000000001,56.6,0.5,9.0,198.7,23782.0,44991.0,20.0,23.6,20.0,30.15,11.286,215.0,870.0,6.6,0.6127323584299834
2026-04-19T15:38:47,04/19/202603:38,140.64000000000001,0.6799999999999999,95.6352,54.68000000000001,1.07,58.50760000000001,58.2,0.5,9.0,198.7,23782.0,44991.0,20.1,23.6,20.0,30.153,11.268,215.0,870.0,6.6,0.6117789265877001
2026-04-19T15:39:00,04/19/202603:39,140.66,0.7,98.46199999999999,54.68000000000001,1.1,60.14800000000001,59.8,0.5,9.0,198.7,23782.0,44991.0,20.1,23.6,20.0,30.156,11.25,215.0,870.0,6.6,0.6108752615222118
2026-04-19T15:39:46,04/19/202603:39,140.62,0.71,99.8402,54.68000000000001,1.12,61.24160000000001,60.9,0.5,9.0,198.7,23782.0,44991.0,20.0,23.6,20.0,30.159,11.25,215.0,870.0,6.6,0.6133962071390083
2026-04-19T15:40:00,04/19/202603:40,140.57999999999998,0.72,101.21759999999999,54.68000000000001,1.1400000000000001,62.335200000000015,62.0,0.5,9.0,198.7,23782.0,44991.0,20.0,23.6,20.0,30.162,11.25,215.0,870.0,6.6,0.6158533693744963
2026-04-19T15:42:01,04/19/202603:42,140.57,0.71,99.8047,54.69,1.1099999999999999,60.70589999999999,60.4,0.5,9.0,198.7,23782.0,44991.0,20.1,23.6,20.0,30.165,11.25,215.0,870.0,6.6,0.6082469062078238
2026-04-19T15:42:46,04/19/202603:42,140.5,0.72,101.16,54.7,1.09,59.623000000000005,59.3,0.5,9.0,198.7,23782.0,44991.0,20.0,23.6,20.0,30.168,11.25,215.0,870.0,6.6,0.5893930407275604
2026-04-19T15:43:01,04/19/202603:43,140.45,0.74,103.93299999999999,54.7,1.08,59.07600000000001,58.7,0.5,9.0,198.7,23782.0,44991.0,20.0,23.6,20.0,30.171,11.25,215.0,870.0,6.6,0.5684046453003379
2026-04-19T15:43:47,04/19/202603:43,140.35,0.76,106.666,54.7,1.09,59.623000000000005,59.2,0.5,9.0,198.7,23782.0,44991.0,20.0,23.6,20.0,30.174,11.25,215.0,870.0,6.6,0.558969118556991
2026-04-19T15:44:01,04/19/202603:44,140.26,0.76,106.5976,54.7,1.1,60.17000000000001,59.7,0.5,9.0,198.7,23782.0,44991.0,20.0,23.6,20.0,30.177,11.25,215.0,870.0,6.6,0.5644592373561882
2026-04-19T15:44:47,04/19/202603:44,140.15,0.75,105.11250000000001,54.7,1.1099999999999999,60.717,60.2,0.5,9.0,198.7,23782.0,44991.0,20.0,23.6,20.0,30.18,11.25,215.0,870.0,6.6,0.5776382447377809
2026-04-19T15:45:01,04/19/202603:45,140.05,0.74,103.637,54.7,1.1099999999999999,60.717,60.2,0.5,9.0,198.7,23782.0,44991.0,20.0,23.6,20.0,30.18,11.25,215.0,870.0,6.6,0.5858621920742592
2026-04-19T15:45:46,04/19/202603:45,140.03,0.72,100.8216,54.69,1.0699999999999998,58.51829999999999,58.0,0.5,9.0,198.7,23782.0,44991.0,20.1,23.6,20.0,30.18,11.25,215.0,870.0,6.6,0.5804143159799089
2026-04-19T15:46:00,04/19/202603:46,139.98999999999998,0.71,99.39289999999998,54.68000000000001,1.04,56.86720000000001,56.3,0.5,9.0,198.7,23782.0,44991.0,20.1,23.6,20.0,30.18,11.25,215.0,870.0,6.6,0.5721454953019786
2026-04-19T15:46:47,04/19/202603:46,139.98,0.71,99.38579999999999,54.68000000000001,1.05,57.41400000000001,56.8,0.5,9.0,198.7,23782.0,44991.0,20.1,23.6,20.1,30.177,11.256,214.9,867.0,6.57,0.5776881606829146
2026-04-19T15:47:01,04/19/202603:47,139.95999999999998,0.72,100.77119999999998,54.68000000000001,1.08,59.05440000000001,58.4,0.5,9.0,198.7,23782.0,44991.0,20.1,23.6,20.2,30.174,11.262,214.8,864.0,6.539999999999999,0.5860245784509862
2026-04-19T15:47:20,04/19/202603:47,140.03,0.71,99.4213,54.68000000000001,1.08,59.05440000000001,58.4,0.5,9.0,198.7,23782.0,44991.0,20.0,23.6,20.3,30.171,11.268,214.7,861.0,6.51,0.5939813701892854
2026-04-19T15:48:00,04/19/202603:48,140.1,0.7,98.07,54.68000000000001,1.08,59.05440000000001,58.4,0.5,9.0,198.7,23782.0,44991.0,20.0,23.6,20.4,30.168,11.274000000000001,214.6,858.0,6.4799999999999995,0.6021657999388194
2026-04-19T15:48:21,04/19/202603:48,140.27,0.6799999999999999,95.3836,54.68000000000001,1.04,56.86720000000001,56.2,0.5,9.0,198.7,23782.0,44991.0,20.0,23.6,20.5,30.165,11.28,214.5,855.0,6.45,0.5961947336858748
2026-04-19T15:49:01,04/19/202603:49,140.44,0.6599999999999999,92.69039999999998,54.68000000000001,1.0,54.68000000000001,54.0,0.5,9.0,198.7,23782.0,44991.0,20.0,23.6,20.6,30.162,11.286,214.4,852.0,6.42,0.589920854802655
2026-04-19T15:49:20,04/19/202603:49,140.60999999999999,0.6599999999999999,92.80259999999998,54.67,0.9800000000000001,53.576600000000006,52.9,0.5,9.0,198.7,23782.0,44991.0,20.0,23.6,20.7,30.159,11.292,214.3,849.0,6.39,0.5773178768698293
2026-04-19T15:50:00,04/19/202603:50,140.78,0.6599999999999999,92.91479999999999,54.660000000000004,0.96,52.473600000000005,51.8,0.5,9.0,198.7,23782.0,44991.0,20.0,23.6,20.8,30.156,11.298,214.2,846.0,6.359999999999999,0.5647496416071499
2026-04-19T15:50:21,04/19/202603:50,140.85999999999999,0.6599999999999999,92.96759999999998,54.67,0.9800000000000001,53.576600000000006,52.9,0.5,9.0,198.7,23782.0,44991.0,20.0,23.6,20.9,30.153,11.304,214.1,843.0,6.33,0.5762932462492312
2026-04-19T15:51:01,04/19/202603:51,140.94,0.6599999999999999,93.02039999999998,54.68000000000001,1.0,54.68000000000001,54.0,0.5,9.0,198.7,23782.0,44991.0,20.0,23.6,21.0,30.15,11.31,214.0,840.0,6.3,0.5878280463210223
2026-04-19T15:51:20,04/19/202603:51,140.98,0.6599999999999999,93.04679999999998,54.68000000000001,1.0,54.68000000000001,54.0,0.5,9.0,198.7,23782.0,44991.0,20.0,23.6,21.0,30.15,11.31,214.0,840.0,6.3,0.5876612629343515
2026-04-19T15:53:15,04/19/202603:53,141.03,0.6599999999999999,93.07979999999999,54.68000000000001,0.9800000000000001,53.58640000000001,52.9,0.5,9.0,198.7,23782.0,44991.0,20.0,23.6,21.0,30.15,11.31,214.0,840.0,6.3,0.5757038584096659
2026-04-19T15:53:20,04/19/202603:53,141.07999999999998,0.65,91.702,54.67,0.96,52.4832,51.8,0.5,9.0,198.7,23782.0,44991.0,20.1,23.6,21.0,30.15,11.31,214.0,840.0,6.3,0.5723233953457939
2026-04-19T15:53:56,04/19/202603:53,141.13,0.6399999999999999,90.32319999999999,54.67,0.93,50.84310000000001,50.2,0.5,9.0,198.7,23782.0,44991.0,20.0,23.6,21.0,30.15,11.31,214.0,840.0,6.3,0.5629018901013252
2026-04-19T15:54:00,04/19/202603:54,141.13,0.6399999999999999,90.32319999999999,54.67,0.9199999999999999,50.2964,49.7,0.5,9.0,198.7,23782.0,44991.0,20.0,23.6,21.0,30.15,11.31,214.0,840.0,6.3,0.5568491816056119
2026-04-19T15:54:57,04/19/202603:54,141.15,0.6399999999999999,90.33599999999998,54.67,0.93,50.84310000000001,50.3,0.5,9.0,198.7,23782.0,44991.0,20.1,23.6,21.0,30.15,11.31,214.0,840.0,6.3,0.5628221307120087
2026-04-19T15:55:01,04/19/202603:55,141.19,0.63,88.94969999999999,54.68000000000001,0.9199999999999999,50.305600000000005,49.8,0.5,9.0,198.7,23782.0,44991.0,20.1,23.6,21.0,30.15,11.31,214.0,840.0,6.3,0.5655510923589401
2026-04-19T15:55:56,04/19/202603:55,141.25,0.63,88.9875,54.69,0.9400000000000001,51.4086,50.9,0.5,9.0,198.7,23782.0,44991.0,20.0,23.6,21.0,30.15,11.31,214.0,840.0,6.3,0.5777058575642646
2026-04-19T15:56:00,04/19/202603:56,141.32,0.6399999999999999,90.44479999999999,54.69,0.96,52.502399999999994,52.0,0.5,9.0,198.7,23782.0,44991.0,20.0,23.6,21.0,30.15,11.31,214.0,840.0,6.3,0.5804910840645344
2026-04-19T15:56:57,04/19/202603:56,141.35999999999999,0.65,91.884,54.69,0.9800000000000001,53.5962,53.1,0.5,9.0,198.7,23782.0,44991.0,20.1,23.6,21.0,30.15,11.31,214.0,840.0,6.3,0.5833028601279875
2026-04-19T15:57:01,04/19/202603:57,141.41,0.65,91.9165,54.69,0.9800000000000001,53.5962,53.1,0.5,9.0,198.7,23782.0,44991.0,20.1,23.6,21.0,30.15,11.31,214.0,840.0,6.3,0.5830966148624023
2026-04-19T15:57:56,04/19/202603:57,141.45,0.6699999999999999,94.77149999999999,54.68000000000001,1.02,55.77360000000001,55.3,0.5,9.0,198.7,23782.0,44991.0,20.1,23.6,21.0,30.15,11.31,214.0,840.0,6.3,0.5885060382076892
2026-04-19T15:58:00,04/19/202603:58,141.45999999999998,0.7,99.02199999999998,54.68000000000001,1.0799999999999998,59.0544,58.6,0.5,9.0,198.7,23782.0,44991.0,20.1,23.6,21.0,30.15,11.31,214.0,840.0,6.3,0.596376562784028
2026-04-19T15:58:57,04/19/202603:58,141.52,0.71,100.4792,54.68000000000001,1.13,61.7884,61.3,0.5,9.0,198.7,23782.0,44991.0,20.0,23.6,21.0,30.15,11.31,214.0,840.0,6.3,0.6149372208377455
2026-04-19T15:59:01,04/19/202603:59,141.57999999999998,0.72,101.93759999999999,54.68000000000001,1.18,64.5224,64.0,0.5,9.0,198.7,23782.0,44991.0,20.0,23.6,21.0,30.15,11.31,214.0,840.0,6.3,0.6329597714680355
2026-04-19T15:59:56,04/19/202603:59,141.6,0.73,103.368,54.68000000000001,1.22,66.70960000000001,66.2,0.5,9.0,198.7,23782.0,44991.0,20.1,23.6,21.0,30.15,11.31,214.0,840.0,6.3,0.6453602662332638
2026-04-19T16:00:00,04/19/202604:00,141.62,0.74,104.7988,54.68000000000001,1.26,68.89680000000001,68.4,0.5,9.0,198.7,23782.0,44991.0,20.1,23.6,21.0,30.15,11.31,214.0,840.0,6.3,0.6574197414474213
2026-04-19T16:00:56,04/19/202604:00,141.60999999999999,0.73,103.37529999999998,54.68000000000001,1.23,67.25640000000001,66.8,0.5,9.0,198.7,23782.0,44991.0,20.0,23.610000000000003,21.0,30.15,11.347,213.8,836.0,6.279999999999999,0.6506041578597598
2026-04-19T16:01:00,04/19/202604:01,141.6,0.72,101.952,54.68000000000001,1.2,65.616,65.2,0.5,9.0,198.7,23782.0,44991.0,20.0,23.62,21.0,30.15,11.384,213.6,832.0,6.26,0.6435969868173258
2026-04-19T16:01:57,04/19/202604:01,141.56,0.71,100.5076,54.67,1.17,63.963899999999995,63.6,0.5,9.0,198.7,23782.0,44991.0,20.0,23.630000000000003,21.0,30.15,11.421000000000001,213.4,828.0,6.24,0.6364085899971743
2026-04-19T16:02:01,04/19/202604:02,141.52,0.7,99.06400000000001,54.660000000000004,1.1400000000000001,62.31240000000001,62.0,0.5,9.0,198.7,23782.0,44991.0,20.0,23.64,21.0,30.15,11.458,213.2,824.0,6.22,0.6290115480901236
2026-04-19T16:02:56,04/19/202604:02,141.48,0.6799999999999999,96.20639999999999,54.67,1.08,59.043600000000005,58.7,0.5,9.0,198.7,23782.0,44991.0,20.0,23.65,21.0,30.15,11.495000000000001,213.0,820.0,6.2,0.6137180062864842
2026-04-19T16:03:00,04/19/202604:03,141.44,0.6599999999999999,93.3504,54.68000000000001,1.02,55.77360000000001,55.4,0.5,9.0,198.7,23782.0,44991.0,20.0,23.66,21.0,30.15,11.532,212.8,816.0,6.18,0.5974650349650351
2026-04-19T16:04:24,04/19/202604:04,141.32999999999998,0.6599999999999999,93.27779999999998,54.68000000000001,1.01,55.226800000000004,54.9,0.5,9.0,198.7,23782.0,44991.0,20.0,23.669999999999998,21.0,30.15,11.568999999999999,212.6,812.0,6.159999999999999,0.5920679947425863
2026-04-19T16:04:57,04/19/202604:04,141.24,0.65,91.80600000000001,54.68000000000001,0.99,54.13320000000001,53.8,0.5,9.0,198.7,23782.0,44991.0,20.0,23.68,21.0,30.15,11.606,212.4,808.0,6.14,0.589647735442128
2026-04-19T16:05:00,04/19/202604:05,141.17000000000002,0.6399999999999999,90.3488,54.68000000000001,0.96,52.4928,52.1,0.5,9.0,198.7,23782.0,44991.0,20.0,23.69,21.0,30.15,11.642999999999999,212.2,804.0,6.119999999999999,0.5810016292413402
2026-04-19T16:05:12,04/19/202604:05,141.09,0.6399999999999999,90.29759999999999,54.68000000000001,0.9400000000000001,51.39920000000001,51.0,0.5,9.0,198.7,23782.0,44991.0,20.1,23.7,21.0,30.15,11.68,212.0,800.0,6.1,0.569220001417535
2026-04-19T16:06:00,04/19/202604:06,141.02,0.65,91.66300000000001,54.68000000000001,0.96,52.4928,52.1,0.5,9.0,198.7,23782.0,44991.0,20.1,23.7,21.0,30.15,11.68,212.0,800.0,6.1,0.5726716341380927
2026-04-19T16:06:12,04/19/202604:06,140.93,0.65,91.6045,54.68000000000001,0.96,52.4928,52.1,0.5,9.0,198.7,23782.0,44991.0,20.0,23.7,21.0,30.15,11.68,212.0,800.0,6.1,0.5730373507851688
2026-04-19T16:07:00,04/19/202604:07,140.9,0.65,91.58500000000001,54.69,0.96,52.502399999999994,52.1,0.5,9.0,198.7,23782.0,44991.0,20.0,23.7,21.0,30.15,11.68,212.0,800.0,6.1,0.5732641808156357
2026-04-19T16:07:12,04/19/202604:07,140.87,0.6599999999999999,92.9742,54.7,0.9700000000000001,53.059000000000005,52.6,0.5,9.0,198.7,23782.0,44991.0,20.1,23.7,21.0,30.15,11.68,212.0,800.0,6.1,0.5706852008406634
2026-04-19T16:08:00,04/19/202604:08,140.84,0.6599999999999999,92.95439999999999,54.7,0.99,54.153000000000006,53.7,0.5,9.0,198.7,23782.0,44991.0,20.1,23.7,21.0,30.15,11.68,212.0,800.0,6.1,0.5825759727350186
2026-04-19T16:08:13,04/19/202604:08,140.82,0.65,91.533,54.7,0.9800000000000001,53.60600000000001,53.2,0.5,10.0,198.7,23782.0,44991.0,20.0,23.7,21.0,30.15,11.68,212.0,800.0,6.1,0.5856467066522457
2026-04-19T16:09:00,04/19/202604:09,140.82,0.6399999999999999,90.12479999999998,54.7,0.9400000000000001,51.418000000000006,51.0,0.5,10.0,198.7,23782.0,44991.0,20.0,23.7,21.0,30.15,11.68,212.0,800.0,6.1,0.5705199900582306
2026-04-19T16:09:12,04/19/202604:09,140.79000000000002,0.6599999999999999,92.9214,54.7,0.97,53.059000000000005,52.7,0.5,10.0,198.7,23782.0,44991.0,20.0,23.7,21.0,30.15,11.68,212.0,800.0,6.1,0.5710094768266514
2026-04-19T16:10:01,04/19/202604:10,140.76,0.6799999999999999,95.71679999999999,54.7,1.0,54.7,54.4,0.5,10.0,198.7,23782.0,44991.0,20.0,23.7,21.0,30.15,11.68,212.0,800.0,6.1,0.5714775253664979
2026-04-19T16:10:13,04/19/202604:10,140.77,0.6799999999999999,95.7236,54.69,1.01,55.2369,54.9,0.5,10.0,198.7,23782.0,44991.0,20.0,23.7,21.0,30.15,11.68,212.0,800.0,6.1,0.577045785992169
2026-04-19T16:11:00,04/19/202604:11,140.78,0.6799999999999999,95.73039999999999,54.68000000000001,1.02,55.77360000000001,55.4,0.5,10.0,198.7,23782.0,44991.0,20.0,23.7,21.0,30.15,11.68,212.0,800.0,6.1,0.5826111663588579
2026-04-19T16:11:13,04/19/202604:11,140.8,0.69,97.152,54.68000000000001,1.04,56.86720000000001,56.5,0.5,10.0,198.7,23782.0,44991.0,20.0,23.7,21.0,30.15,11.68,212.0,800.0,6.1,0.5853425559947301
2026-04-19T16:12:01,04/19/202604:12,140.82,0.7,98.57399999999998,54.68000000000001,1.06,57.96080000000001,57.6,0.5,10.0,198.7,23782.0,44991.0,20.0,23.7,21.0,30.15,11.68,212.0,800.0,6.1,0.5879927770000205
2026-04-19T16:12:13,04/19/202604:12,140.85999999999999,0.71,100.01059999999998,54.67,1.09,59.590300000000006,59.3,0.5,10.0,198.7,23782.0,44991.0,20.1,23.7,21.0,30.15,11.68,212.0,800.0,6.1,0.5958398409768566
2026-04-19T16:13:00,04/19/202604:13,140.9,0.72,101.448,54.660000000000004,1.1199999999999999,61.2192,61.0,0.5,10.0,198.7,23782.0,44991.0,20.1,23.7,21.0,30.15,11.68,212.0,800.0,6.1,0.6034539862786847
2026-04-19T16:15:37,04/19/202604:15,140.94,0.73,102.8862,54.660000000000004,1.17,63.9522,63.7,0.5,10.0,198.7,23782.0,44991.0,20.1,23.7,21.0,30.15,11.68,212.0,800.0,6.1,0.6215819031123707
2026-04-19T16:15:42,04/19/202604:15,140.97,0.74,104.31779999999999,54.660000000000004,1.23,67.2318,67.0,0.5,10.0,198.7,23782.0,44991.0,20.0,23.7,21.0,30.15,11.748999999999999,212.0,796.0,6.069999999999999,0.6444902020556417
2026-04-19T16:16:00,04/19/202604:16,141.01,0.73,102.9373,54.660000000000004,1.23,67.2318,67.0,0.5,10.0,198.7,23782.0,44991.0,20.0,23.7,21.0,30.15,11.818,212.0,792.0,6.04,0.6531335094275837
2026-04-19T16:16:43,04/19/202604:16,141.09,0.71,100.1739,54.660000000000004,1.19,65.0454,64.8,0.5,10.0,198.7,23782.0,44991.0,20.1,23.7,21.0,30.15,11.886999999999999,212.0,788.0,6.01,0.6493248241308365
2026-04-19T16:17:01,04/19/202604:17,141.14000000000001,0.7,98.798,54.67,1.16,63.4172,63.2,0.5,10.0,198.7,23782.0,44991.0,20.1,23.7,21.0,30.15,11.956,212.0,784.0,5.9799999999999995,0.6418874876009636
2026-04-19T16:17:42,04/19/202604:17,141.18,0.7,98.826,54.67,1.1400000000000001,62.323800000000006,62.1,0.5,10.0,198.7,23782.0,44991.0,20.1,23.7,21.0,30.15,12.025,212.0,780.0,5.95,0.6306417339566511
2026-04-19T16:18:00,04/19/202604:18,141.23,0.7,98.86099999999999,54.660000000000004,1.1300000000000001,61.76580000000001,61.5,0.5,10.0,198.7,23782.0,44991.0,20.1,23.7,21.0,30.15,12.094,212.0,776.0,5.92,0.6247741778861231
2026-04-19T16:18:43,04/19/202604:18,141.24,0.69,97.4556,54.660000000000004,1.1099999999999999,60.672599999999996,60.4,0.5,10.0,198.7,23782.0,44991.0,20.1,23.7,21.0,30.15,12.163,212.0,772.0,5.89,0.6225665841675593
2026-04-19T16:19:01,04/19/202604:19,141.23,0.6699999999999999,94.62409999999998,54.67,1.0699999999999998,58.4969,58.2,0.5,10.0,198.7,23782.0,44991.0,20.1,23.7,21.0,30.15,12.232,212.0,768.0,5.859999999999999,0.6182029736610442
2026-04-19T16:19:42,04/19/202604:19,141.2,0.6599999999999999,93.19199999999998,54.67,1.06,57.9502,57.6,0.5,10.0,198.7,23782.0,44991.0,20.1,23.7,21.0,30.15,12.300999999999998,212.0,764.0,5.83,0.6218366383380549
2026-04-19T16:20:00,04/19/202604:20,141.16,0.6599999999999999,93.16559999999998,54.660000000000004,1.06,57.939600000000006,57.6,0.5,10.0,198.7,23782.0,44991.0,20.1,23.7,21.0,30.15,12.37,212.0,760.0,5.8,0.6218990700430204
2026-04-19T16:21:01,04/19/202604:21,141.13,0.6599999999999999,93.14579999999998,54.65,1.05,57.3825,57.0,0.5,10.0,198.7,23782.0,44991.0,20.1,23.7,21.0,30.15,12.37,212.0,760.0,5.8,0.6160503211094865
2026-04-19T16:21:42,04/19/202604:21,141.15,0.65,91.7475,54.64,1.01,55.1864,54.8,0.5,10.0,198.7,23782.0,44991.0,20.1,23.7,21.0,30.15,12.37,212.0,760.0,5.8,0.6015030382299245
2026-04-19T16:22:00,04/19/202604:22,141.13000000000002,0.65,91.73450000000003,54.63000000000001,1.01,55.17630000000001,54.8,0.5,10.0,198.7,23782.0,44991.0,20.1,23.7,21.0,30.15,12.37,212.0,760.0,5.8,0.6014781788749053
2026-04-19T16:22:43,04/19/202604:22,141.1,0.6599999999999999,93.12599999999999,54.620000000000005,1.01,55.1662,54.8,0.5,10.0,198.7,23782.0,44991.0,20.1,23.7,21.0,30.15,12.37,212.0,760.0,5.8,0.5923823636793163
2026-04-19T16:23:01,04/19/202604:23,141.07999999999998,0.6599999999999999,93.11279999999998,54.620000000000005,1.0,54.620000000000005,54.3,0.5,10.0,198.7,23782.0,44991.0,20.1,23.7,21.0,30.15,12.37,212.0,760.0,5.8,0.5866003385141465
2026-04-19T16:23:42,04/19/202604:23,141.07,0.65,91.6955,54.620000000000005,1.0,54.620000000000005,54.3,0.5,10.0,198.7,23782.0,44991.0,20.1,23.7,21.0,30.15,12.37,212.0,760.0,5.8,0.5956671810503242
2026-04-19T16:24:00,04/19/202604:24,141.1,0.65,91.715,54.61,1.01,55.1561,54.8,0.5,10.0,198.7,23782.0,44991.0,20.1,23.7,21.0,30.15,12.37,212.0,760.0,5.8,0.6013858147522215
2026-04-19T16:24:43,04/19/202604:24,141.11,0.6599999999999999,93.1326,54.6,1.03,56.238,55.9,0.5,10.0,198.7,23782.0,44991.0,20.1,23.7,21.0,30.15,12.37,212.0,760.0,5.8,0.6038487060384871
2026-04-19T16:25:01,04/19/202604:25,141.14000000000001,0.6599999999999999,93.1524,54.6,1.02,55.692,55.4,0.5,10.0,198.7,23782.0,44991.0,20.1,23.7,21.0,30.15,12.37,212.0,760.0,5.8,0.5978589923609053
2026-04-19T16:25:16,04/19/202604:25,141.18,0.65,91.76700000000001,54.6,0.99,54.054,53.8,0.5,10.0,198.7,23782.0,44991.0,20.1,23.7,21.0,30.15,12.37,212.0,760.0,5.8,0.589035274118147
2026-04-19T16:26:48,04/19/202604:26,141.22,0.6399999999999999,90.38079999999998,54.6,0.9800000000000001,53.50800000000001,53.3,0.5,10.0,198.7,23782.0,44991.0,20.1,23.7,21.0,30.15,12.37,212.0,760.0,5.8,0.592028395411415
2026-04-19T16:27:01,04/19/202604:27,141.20999999999998,0.6399999999999999,90.37439999999998,54.6,1.0,54.6,54.4,0.5,10.0,198.7,23782.0,44991.0,20.1,23.7,21.0,30.15,12.37,212.0,760.0,5.8,0.6041533885702147
2026-04-19T16:27:16,04/19/202604:27,141.22,0.65,91.793,54.6,0.99,54.054,53.8,0.5,10.0,198.7,23782.0,44991.0,20.1,23.7,21.0,30.15,12.37,212.0,760.0,5.8,0.5888684322333947
2026-04-19T16:28:01,04/19/202604:28,141.24,0.65,91.80600000000001,54.6,0.9800000000000001,53.50800000000001,53.2,0.5,10.0,198.7,23782.0,44991.0,20.1,23.7,21.0,30.15,12.37,212.0,760.0,5.8,0.582837723024639
2026-04-19T16:28:17,04/19/202604:28,141.26,0.65,91.819,54.6,1.0,54.6,54.3,0.5,10.0,198.7,23782.0,44991.0,20.1,23.7,21.0,30.15,12.37,212.0,760.0,5.8,0.5946481665014867
2026-04-19T16:29:00,04/19/202604:29,141.27,0.6599999999999999,93.23819999999999,54.6,1.0100000000000002,55.146000000000015,54.9,0.5,10.0,198.7,23782.0,44991.0,20.1,23.7,21.0,30.15,12.37,212.0,760.0,5.8,0.5914528594503113
2026-04-19T16:29:06,04/19/202604:29,141.31,0.6599999999999999,93.26459999999999,54.6,1.0,54.6,54.4,0.5,10.0,198.7,23782.0,44991.0,20.1,23.7,21.0,30.15,12.37,212.0,760.0,5.8,0.5854311282094171
2026-04-19T16:30:01,04/19/202604:30,141.37,0.65,91.8905,54.6,0.9800000000000001,53.50800000000001,53.3,0.5,10.0,198.7,23782.0,44991.0,20.1,23.7,21.0,30.15,12.37,212.0,760.0,5.8,0.5823017613355027
2026-04-19T16:30:06,04/19/202604:30,141.41,0.6399999999999999,90.50239999999998,54.6,0.9800000000000001,53.50800000000001,53.3,0.5,10.0,198.7,23782.0,44991.0,20.1,23.7,21.0,30.15,12.37,212.0,760.0,5.8,0.591232939678948
2026-04-19T16:31:00,04/19/202604:31,141.44,0.6399999999999999,90.52159999999998,54.6,1.0,54.6,54.4,0.5,10.0,198.7,23782.0,44991.0,20.1,23.7,21.0,30.15,12.37,212.0,760.0,5.8,0.6031709558823531
2026-04-19T16:31:06,04/19/202604:31,141.45999999999998,0.6399999999999999,90.53439999999998,54.6,1.0,54.6,54.3,0.5,10.0,198.7,23782.0,44991.0,20.1,23.69,21.1,30.15,12.413,212.1,756.0,5.75,0.6030856779301571
2026-04-19T16:32:01,04/19/202604:32,141.48,0.6399999999999999,90.54719999999998,54.6,1.0,54.6,54.2,0.5,10.0,198.7,23782.0,44991.0,20.1,23.68,21.2,30.15,12.456,212.2,752.0,5.7,0.6030004240882105
2026-04-19T16:32:06,04/19/202604:32,141.49,0.6399999999999999,90.55359999999999,54.6,1.0,54.6,54.2,0.5,10.0,198.7,23782.0,44991.0,20.1,23.669999999999998,21.3,30.15,12.462,212.4,748.0,5.65,0.6029578062053856
2026-04-19T16:33:00,04/19/202604:33,141.5,0.6399999999999999,90.55999999999999,54.6,1.0,54.6,54.2,0.5,10.0,198.7,23782.0,44991.0,20.1,23.66,21.4,30.15,12.468,212.6,744.0,5.6,0.6029151943462898
2026-04-19T16:33:05,04/19/202604:33,141.45,0.6399999999999999,90.52799999999998,54.6,1.0100000000000002,55.146000000000015,54.7,0.5,10.0,198.7,23782.0,44991.0,20.1,23.65,21.5,30.15,12.474,212.8,740.0,5.55,0.6091595970307533
2026-04-19T16:34:46,04/19/202604:34,141.4,0.63,89.08200000000001,54.6,1.0,54.6,54.1,0.5,10.0,198.7,23782.0,44991.0,20.1,23.64,21.6,30.15,12.48,213.0,736.0,5.5,0.6129184347006129
2026-04-19T16:35:00,04/19/202604:35,141.32,0.63,89.0316,54.6,1.01,55.146,54.6,0.5,10.0,198.7,23782.0,44991.0,20.1,23.630000000000003,21.7,30.15,12.486,213.2,732.0,5.45,0.619398056420417
2026-04-19T16:35:46,04/19/202604:35,141.23,0.6399999999999999,90.38719999999998,54.6,1.04,56.784000000000006,56.2,0.5,10.0,198.7,23782.0,44991.0,20.1,23.62,21.8,30.147,12.492,213.4,728.0,5.4,0.6282305459180063
2026-04-19T16:37:59,04/19/202604:37,141.26000000000002,0.6399999999999999,90.4064,54.6,1.0,54.6,54.0,0.5,10.0,198.7,23782.0,44991.0,20.1,23.610000000000003,21.9,30.144,12.498000000000001,213.6,724.0,5.35,0.6039395441030724
2026-04-19T16:38:01,04/19/202604:38,141.29000000000002,0.6399999999999999,90.4256,54.6,0.96,52.416,51.8,0.5,10.0,198.7,23782.0,44991.0,20.1,23.6,22.0,30.141,12.504,213.8,720.0,5.3,0.5796588576686248
2026-04-19T16:38:12,04/19/202604:38,141.32,0.65,91.858,54.6,0.9400000000000001,51.324000000000005,50.8,0.5,10.0,198.7,23782.0,44991.0,20.1,23.6,22.0,30.137999999999998,12.467,213.9,720.0,5.3,0.5587319558448911
2026-04-19T16:39:01,04/19/202604:39,141.35,0.6599999999999999,93.29099999999998,54.6,0.9199999999999999,50.232,49.8,0.5,10.0,198.7,23782.0,44991.0,20.1,23.6,22.0,30.135,12.43,214.0,720.0,5.3,0.5384442229153938
2026-04-19T16:39:13,04/19/202604:39,141.34,0.6399999999999999,90.45759999999999,54.6,0.9199999999999999,50.232,49.8,0.5,10.0,198.7,23782.0,44991.0,20.1,23.6,22.0,30.131999999999998,12.43,214.0,720.0,5.3,0.5553098910428754
2026-04-19T16:40:01,04/19/202604:40,141.32999999999998,0.6199999999999999,87.62459999999997,54.6,0.9199999999999999,50.232,49.8,0.5,10.0,198.7,23782.0,44991.0,20.1,23.6,22.0,30.129,12.43,214.0,720.0,5.3,0.573263672530317
2026-04-19T16:40:12,04/19/202604:40,141.35999999999999,0.61,86.22959999999999,54.6,0.89,48.594,48.2,0.5,10.0,198.7,23782.0,44991.0,20.1,23.6,22.0,30.125999999999998,12.43,214.0,720.0,5.3,0.563541985582677
2026-04-19T16:41:01,04/19/202604:41,141.39000000000001,0.61,86.2479,54.6,0.8800000000000001,48.04800000000001,47.7,0.5,10.0,198.7,23782.0,44991.0,20.1,23.6,22.0,30.123,12.43,214.0,720.0,5.3,0.5570918248444311
2026-04-19T16:41:13,04/19/202604:41,141.37,0.6199999999999999,87.64939999999999,54.6,0.8800000000000001,48.04800000000001,47.7,0.5,10.0,198.7,23782.0,44991.0,20.1,23.6,22.0,30.119999999999997,12.43,214.0,720.0,5.3,0.5481840149504733
2026-04-19T16:42:00,04/19/202604:42,141.35999999999999,0.6199999999999999,87.64319999999998,54.6,0.86,46.956,46.6,0.5,10.0,198.7,23782.0,44991.0,20.1,23.6,22.0,30.119999999999997,12.43,214.0,720.0,5.3,0.535763185278493
2026-04-19T16:42:12,04/19/202604:42,141.23,0.63,88.97489999999999,54.61,0.9,49.149,48.8,0.5,10.0,198.7,23782.0,44991.0,20.1,23.6,22.0,30.119999999999997,12.43,214.0,720.0,5.3,0.5523917419407047
2026-04-19T16:43:01,04/19/202604:43,141.1,0.6399999999999999,90.30399999999999,54.620000000000005,0.9400000000000001,51.342800000000004,51.0,0.5,10.0,198.7,23782.0,44991.0,20.1,23.6,22.0,30.119999999999997,12.43,214.0,720.0,5.3,0.5685551027639972
2026-04-19T16:43:12,04/19/202604:43,140.97,0.6399999999999999,90.22079999999998,54.620000000000005,0.96,52.4352,52.1,0.5,10.0,198.7,23782.0,44991.0,20.1,23.6,22.0,30.119999999999997,12.43,214.0,720.0,5.3,0.5811874866992979
2026-04-19T16:44:00,04/19/202604:44,140.84,0.6399999999999999,90.13759999999999,54.620000000000005,0.9800000000000001,53.52760000000001,53.2,0.5,10.0,198.7,23782.0,44991.0,20.1,23.6,22.0,30.119999999999997,12.43,214.0,720.0,5.3,0.5938431908548709
2026-04-19T16:44:13,04/19/202604:44,140.74,0.65,91.48100000000001,54.620000000000005,1.0,54.620000000000005,54.3,0.5,10.0,198.7,23782.0,44991.0,20.1,23.6,22.0,30.119999999999997,12.43,214.0,720.0,5.3,0.5970638711863666
2026-04-19T16:45:01,04/19/202604:45,140.64000000000001,0.6599999999999999,92.8224,54.620000000000005,1.02,55.7124,55.4,0.5,10.0,198.7,23782.0,44991.0,20.1,23.6,22.0,30.119999999999997,12.43,214.0,720.0,5.3,0.6002042610404386
2026-04-19T16:45:13,04/19/202604:45,140.53,0.6699999999999999,94.15509999999999,54.620000000000005,1.04,56.80480000000001,56.5,0.5,10.0,198.7,23782.0,44991.0,20.1,23.6,22.0,30.119999999999997,12.43,214.0,720.0,5.3,0.6033109199607882
2026-04-19T16:46:01,04/19/202604:46,140.42000000000002,0.6799999999999999,95.4856,54.620000000000005,1.06,57.897200000000005,57.6,0.5,10.0,198.7,23782.0,44991.0,20.1,23.6,22.0,30.119999999999997,12.43,214.0,720.0,5.3,0.6063448310530594
2026-04-19T16:46:13,04/19/202604:46,140.37,0.6699999999999999,94.0479,54.620000000000005,1.04,56.80480000000001,56.5,0.5,10.0,198.7,23782.0,44991.0,20.1,23.59,22.0,30.119999999999997,12.461,214.0,715.0,5.26,0.603998600713041
2026-04-19T16:47:01,04/19/202604:47,140.32,0.6599999999999999,92.61119999999998,54.620000000000005,1.02,55.7124,55.4,0.5,10.0,198.7,23782.0,44991.0,20.1,23.580000000000002,22.0,30.119999999999997,12.492,214.0,710.0,5.220000000000001,0.6015730278843165
2026-04-19T16:47:13,04/19/202604:47,140.26,0.6599999999999999,92.57159999999999,54.61,1.0100000000000002,55.15610000000001,54.8,0.5,10.0,198.7,23782.0,44991.0,20.1,23.57,22.0,30.119999999999997,12.523,214.0,705.0,5.18,0.5958209645290782
2026-04-19T16:49:11,04/19/202604:49,140.17000000000002,0.65,91.11050000000002,54.6,0.99,54.054,53.7,0.5,10.0,198.7,23782.0,44991.0,20.1,23.560000000000002,22.0,30.119999999999997,12.553999999999998,214.0,700.0,5.14,0.5932795890704144
2026-04-19T16:50:00,04/19/202604:50,140.09,0.6399999999999999,89.65759999999999,54.6,0.9700000000000001,52.962,52.6,0.5,10.0,198.7,23782.0,44991.0,20.1,23.55,22.0,30.119999999999997,12.584999999999999,214.0,695.0,5.1,0.5907140052823187
2026-04-19T16:50:08,04/19/202604:50,140.01,0.63,88.2063,54.6,0.96,52.416,52.0,0.5,10.0,198.7,23782.0,44991.0,20.1,23.54,22.0,30.119999999999997,12.616,214.0,690.0,5.0600000000000005,0.5942432683379758
2026-04-19T16:51:01,04/19/202604:51,139.93,0.63,88.1559,54.6,0.96,52.416,52.0,0.5,10.0,198.7,23782.0,44991.0,20.1,23.53,22.0,30.119999999999997,12.647,214.0,685.0,5.0200000000000005,0.5945830057886086
2026-04-19T16:51:08,04/19/202604:51,139.85999999999999,0.6399999999999999,89.51039999999998,54.6,0.95,51.87,51.5,0.5,10.0,198.7,23782.0,44991.0,20.1,23.52,22.0,30.119999999999997,12.678,214.0,680.0,4.98,0.5794857357357359
2026-04-19T16:52:00,04/19/202604:52,139.82,0.6399999999999999,89.48479999999998,54.6,0.93,50.778000000000006,50.4,0.5,10.0,198.7,23782.0,44991.0,20.1,23.509999999999998,22.0,30.119999999999997,12.709,214.0,675.0,4.94,0.5674483264196827
2026-04-19T16:52:08,04/19/202604:52,139.82999999999998,0.63,88.09289999999999,54.6,0.9,49.14,48.7,0.5,10.0,198.7,23782.0,44991.0,20.1,23.5,22.0,30.119999999999997,12.74,214.0,670.0,4.9,0.5578202102553101
2026-04-19T16:53:01,04/19/202604:53,139.82999999999998,0.63,88.09289999999999,54.6,0.9,49.14,48.7,0.5,10.0,198.7,23782.0,44991.0,20.1,23.5,22.0,30.119999999999997,12.74,214.0,670.0,4.9,0.5578202102553101
2026-04-19T16:53:08,04/19/202604:53,139.83999999999997,0.63,88.09919999999998,54.6,0.9099999999999999,49.686,49.3,0.5,10.0,198.7,23782.0,44991.0,20.1,23.5,22.0,30.119999999999997,12.74,214.0,670.0,4.9,0.5639778794813121
2026-04-19T16:54:00,04/19/202604:54,139.88,0.6199999999999999,86.72559999999999,54.6,0.9,49.14,48.8,0.5,10.0,198.7,23782.0,44991.0,20.1,23.5,22.0,30.119999999999997,12.74,214.0,670.0,4.9,0.5666147020026383
2026-04-19T16:55:00,04/19/202604:55,139.95,0.6199999999999999,86.76899999999998,54.6,0.9,49.14,48.8,0.5,10.0,198.7,23782.0,44991.0,20.1,23.5,22.0,30.119999999999997,12.74,214.0,670.0,4.9,0.5663312934342912
2026-04-19T16:55:08,04/19/202604:55,140.01,0.6199999999999999,86.80619999999998,54.6,0.9099999999999999,49.686,49.3,0.5,10.0,198.7,23782.0,44991.0,20.1,23.5,22.0,30.119999999999997,12.74,214.0,670.0,4.9,0.572378470662234
2026-04-19T16:56:00,04/19/202604:56,140.07,0.6199999999999999,86.84339999999997,54.6,0.9099999999999999,49.686,49.3,0.5,10.0,198.7,23782.0,44991.0,20.1,23.5,22.0,30.119999999999997,12.74,214.0,670.0,4.9,0.5721332881946125
2026-04-19T16:56:08,04/19/202604:56,140.10999999999999,0.63,88.26929999999999,54.6,0.9099999999999999,49.686,49.3,0.5,10.0,198.7,23782.0,44991.0,20.1,23.5,22.0,30.119999999999997,12.74,214.0,670.0,4.9,0.5628910617847882
2026-04-19T16:57:00,04/19/202604:57,140.14000000000001,0.63,88.2882,54.6,0.9199999999999999,50.232,49.8,0.5,10.0,198.7,23782.0,44991.0,20.1,23.5,22.0,30.119999999999997,12.74,214.0,670.0,4.9,0.5689548546691403
2026-04-19T16:57:08,04/19/202604:57,140.17000000000002,0.63,88.3071,54.6,0.9199999999999999,50.232,49.8,0.5,10.0,198.7,23782.0,44991.0,20.1,23.5,22.0,30.119999999999997,12.74,214.0,670.0,4.9,0.5688330836365365
2026-04-19T16:58:01,04/19/202604:58,140.15,0.6399999999999999,89.69599999999998,54.6,0.93,50.778000000000006,50.4,0.5,10.0,198.7,23782.0,44991.0,20.1,23.5,22.0,30.119999999999997,12.74,214.0,670.0,4.9,0.5661122012129862
2026-04-19T16:58:09,04/19/202604:58,140.19,0.65,91.1235,54.61,0.95,51.8795,51.5,0.5,10.0,198.7,23782.0,44991.0,20.1,23.5,22.0,30.119999999999997,12.74,214.0,670.0,4.9,0.569331731112172
2026-04-19T16:59:00,04/19/202604:59,140.22,0.6599999999999999,92.5452,54.620000000000005,0.96,52.4352,52.0,0.5,10.0,198.7,23782.0,44991.0,20.1,23.5,22.0,30.119999999999997,12.74,214.0,670.0,4.9,0.5665901635092907
2026-04-19T17:00:23,04/19/202605:00,140.29000000000002,0.6599999999999999,92.59140000000001,54.620000000000005,0.97,52.9814,52.5,0.5,10.0,198.7,23782.0,44991.0,20.2,23.5,22.0,30.119999999999997,12.74,214.0,670.0,4.9,0.5722064900195915
2026-04-19T17:01:00,04/19/202605:01,140.35999999999999,0.6599999999999999,92.63759999999998,54.620000000000005,0.9800000000000001,53.52760000000001,53.0,0.5,10.0,198.7,23782.0,44991.0,20.2,23.5,22.0,30.119999999999997,12.74,214.0,670.0,4.9,0.5778172146083234
2026-04-19T17:01:09,04/19/202605:01,140.47,0.6699999999999999,94.11489999999999,54.620000000000005,0.9800000000000001,53.52760000000001,53.0,0.5,10.0,198.7,23782.0,44991.0,20.1,23.5,22.0,30.119999999999997,12.703,214.1,665.2,4.87,0.5687473503132874
2026-04-19T17:02:01,04/19/202605:02,140.57999999999998,0.6799999999999999,95.59439999999998,54.620000000000005,0.9800000000000001,53.52760000000001,53.0,0.5,10.0,198.7,23782.0,44991.0,20.1,23.5,22.0,30.119999999999997,12.666,214.2,660.4,4.840000000000001,0.5599449340128713
2026-04-19T17:02:09,04/19/202605:02,140.75,0.6799999999999999,95.71,54.620000000000005,0.9800000000000001,53.52760000000001,53.0,0.5,10.0,198.7,23782.0,44991.0,20.1,23.5,22.0,30.119999999999997,12.629,214.3,655.6,4.8100000000000005,0.5592686239682375
2026-04-19T17:03:00,04/19/202605:03,140.92000000000002,0.6799999999999999,95.82560000000001,54.620000000000005,0.9800000000000001,53.52760000000001,53.0,0.5,10.0,198.7,23782.0,44991.0,20.1,23.5,22.0,30.119999999999997,12.592,214.4,650.8,4.779999999999999,0.5585939456679635
2026-04-19T17:03:09,04/19/202605:03,141.10999999999999,0.6699999999999999,94.54369999999999,54.620000000000005,0.97,52.9814,52.4,0.5,10.0,198.7,23782.0,44991.0,20.1,23.5,22.0,30.119999999999997,12.555,214.5,646.0,4.75,0.5603905918638683
2026-04-19T17:04:01,04/19/202605:04,141.3,0.6599999999999999,93.258,54.620000000000005,0.96,52.4352,51.8,0.5,10.0,198.7,23782.0,44991.0,20.1,23.5,22.0,30.119999999999997,12.517999999999999,214.6,641.2,4.720000000000001,0.5622595380557165
2026-04-19T17:04:09,04/19/202605:04,141.41,0.6599999999999999,93.33059999999999,54.61,0.97,52.9717,52.4,0.5,10.0,198.7,23782.0,44991.0,20.1,23.5,22.0,30.119999999999997,12.481,214.7,636.4,4.6899999999999995,0.5675705502804012
2026-04-19T17:05:00,04/19/202605:05,141.52,0.6599999999999999,93.4032,54.6,0.9800000000000001,53.50800000000001,53.0,0.5,10.0,198.7,23782.0,44991.0,20.1,23.5,22.0,30.119999999999997,12.443999999999999,214.8,631.6,4.659999999999999,0.5728711650136185
2026-04-19T17:05:08,04/19/202605:05,141.57999999999998,0.6599999999999999,93.44279999999998,54.6,0.9800000000000001,53.50800000000001,53.0,0.5,10.0,198.7,23782.0,44991.0,20.1,23.5,22.0,30.119999999999997,12.407,214.9,626.8,4.63,0.5726283887041058
2026-04-19T17:06:01,04/19/202605:06,141.64000000000001,0.6599999999999999,93.4824,54.6,0.9800000000000001,53.50800000000001,53.0,0.5,10.0,198.7,23782.0,44991.0,20.1,23.5,22.0,30.119999999999997,12.37,215.0,622.0,4.6,0.5723858180791251
2026-04-19T17:06:09,04/19/202605:06,141.65,0.6599999999999999,93.48899999999999,54.6,0.9700000000000001,52.962,52.5,0.5,10.0,198.7,23782.0,44991.0,20.1,23.5,22.0,30.119999999999997,12.37,215.0,622.0,4.6,0.5665051503385427
2026-04-19T17:07:54,04/19/202605:07,141.68,0.6599999999999999,93.5088,54.6,0.99,54.054,53.6,0.5,10.0,198.7,23782.0,44991.0,20.1,23.5,22.0,30.119999999999997,12.37,215.0,622.0,4.6,0.5780632411067195
2026-04-19T17:08:01,04/19/202605:08,141.67000000000002,0.6599999999999999,93.5022,54.6,1.01,55.146,54.7,0.5,10.0,198.7,23782.0,44991.0,20.1,23.5,22.0,30.119999999999997,12.37,215.0,622.0,4.6,0.5897829141988102
2026-04-19T17:08:54,04/19/202605:08,141.65,0.6599999999999999,93.48899999999999,54.6,1.02,55.692,55.3,0.5,11.0,198.7,23782.0,44991.0,20.1,23.5,22.0,30.119999999999997,12.37,215.0,622.0,4.6,0.5957064467477458
2026-04-19T17:09:00,04/19/202605:09,141.60999999999999,0.6699999999999999,94.87869999999998,54.6,1.05,57.330000000000005,57.0,0.5,11.0,198.7,23782.0,44991.0,20.1,23.5,22.0,30.119999999999997,12.37,215.0,622.0,4.6,0.604245209936477
2026-04-19T17:09:54,04/19/202605:09,141.56,0.6699999999999999,94.84519999999999,54.6,1.07,58.422000000000004,58.1,0.5,11.0,198.7,23782.0,44991.0,20.1,23.5,22.0,30.119999999999997,12.37,215.0,622.0,4.6,0.6159721314310056
2026-04-19T17:10:00,04/19/202605:10,141.53,0.6599999999999999,93.40979999999999,54.6,1.06,57.876000000000005,57.5,0.5,11.0,198.7,23782.0,44991.0,20.1,23.5,22.0,30.119999999999997,12.37,215.0,622.0,4.6,0.6195923768169936
2026-04-19T17:11:34,04/19/202605:11,141.48,0.6699999999999999,94.79159999999999,54.6,1.06,57.876000000000005,57.5,0.6,11.0,198.7,23782.0,44991.0,20.1,23.5,22.0,30.119999999999997,12.37,215.0,622.0,4.6,0.6105604294051373
2026-04-19T17:11:54,04/19/202605:11,141.45,0.6799999999999999,96.18599999999998,54.6,1.06,57.876000000000005,57.5,0.6,11.0,198.7,23782.0,44991.0,20.1,23.5,22.0,30.119999999999997,12.37,215.0,622.0,4.6,0.6017091884473834
2026-04-19T17:12:00,04/19/202605:12,141.42000000000002,0.69,97.5798,54.6,1.06,57.876000000000005,57.5,0.6,11.0,198.7,23782.0,44991.0,20.1,23.5,22.0,30.119999999999997,12.37,215.0,622.0,4.6,0.5931145585459285
2026-04-19T17:12:54,04/19/202605:12,141.41,0.6799999999999999,96.15879999999999,54.6,1.0699999999999998,58.42199999999999,58.0,0.6,11.0,198.7,23782.0,44991.0,20.2,23.5,22.0,30.119999999999997,12.37,215.0,622.0,4.6,0.6075574986376702
2026-04-19T17:13:00,04/19/202605:13,141.38,0.6699999999999999,94.72459999999998,54.6,1.05,57.330000000000005,56.9,0.6,11.0,198.7,23782.0,44991.0,20.2,23.5,22.0,30.119999999999997,12.37,215.0,622.0,4.6,0.6052282089341102
2026-04-19T17:13:54,04/19/202605:13,141.32999999999998,0.6599999999999999,93.27779999999998,54.6,1.02,55.692,55.3,0.6,11.0,198.7,23782.0,44991.0,20.1,23.5,22.0,30.119999999999997,12.37,215.0,622.0,4.6,0.5970552478724842
2026-04-19T17:14:01,04/19/202605:14,141.29000000000002,0.65,91.83850000000001,54.6,1.0,54.6,54.2,0.6,11.0,198.7,23782.0,44991.0,20.1,23.5,22.0,30.119999999999997,12.37,215.0,622.0,4.6,0.5945219053011536
2026-04-19T17:14:54,04/19/202605:14,141.22,0.65,91.793,54.6,0.9800000000000001,53.50800000000001,53.6,0.6,11.0,198.7,23782.0,44991.0,20.2,23.5,22.0,30.119999999999997,12.37,215.0,622.0,4.6,0.5829202662512393
2026-04-19T17:15:00,04/19/202605:15,141.16000000000003,0.6599999999999999,93.16560000000001,54.6,0.97,52.962,53.6,0.6,11.0,198.7,23782.0,44991.0,20.2,23.5,22.0,30.119999999999997,12.37,215.0,622.0,4.6,0.5684716247198537
2026-04-19T17:15:55,04/19/202605:15,141.1,0.6599999999999999,93.12599999999999,54.6,0.95,51.87,52.5,0.6,11.0,198.7,23782.0,44991.0,20.2,23.5,22.0,30.119999999999997,12.37,215.0,622.0,4.6,0.5569873075188455
2026-04-19T17:16:00,04/19/202605:16,141.06,0.6399999999999999,90.27839999999999,54.6,0.9199999999999999,50.232,50.8,0.6,11.0,198.7,23782.0,44991.0,20.2,23.5,22.0,30.119999999999997,12.37,215.0,622.0,4.6,0.5564121650361549
2026-04-19T17:16:55,04/19/202605:16,141.01000000000002,0.6399999999999999,90.2464,54.6,0.9199999999999999,50.232,50.8,0.6,11.0,198.7,23782.0,44991.0,20.1,23.490000000000002,22.0,30.119999999999997,12.325999999999999,214.9,617.2,4.56,0.556609460321963
2026-04-19T17:17:00,04/19/202605:17,140.96,0.6399999999999999,90.2144,54.6,0.9199999999999999,50.232,50.8,0.6,11.0,198.7,23782.0,44991.0,20.1,23.48,22.0,30.119999999999997,12.282,214.8,612.4,4.52,0.5568068955732123
2026-04-19T17:17:55,04/19/202605:17,140.89000000000001,0.65,91.57850000000002,54.6,0.9199999999999999,50.232,50.8,0.6,11.0,198.7,23782.0,44991.0,20.1,23.47,22.0,30.119999999999997,12.238,214.7,607.6,4.4799999999999995,0.5485130243452337
2026-04-19T17:18:01,04/19/202605:18,140.82,0.6599999999999999,92.94119999999998,54.6,0.9199999999999999,50.232,50.8,0.6,11.0,198.7,23782.0,44991.0,20.1,23.46,22.0,30.119999999999997,12.193999999999999,214.6,602.8,4.4399999999999995,0.5404707492479117
2026-04-19T17:19:43,04/19/202605:19,140.78,0.6599999999999999,92.91479999999999,54.6,0.9099999999999999,49.686,50.2,0.6,11.0,198.7,23782.0,44991.0,20.1,23.45,22.0,30.119999999999997,12.15,214.5,598.0,4.4,0.5347479626496533
2026-04-19T17:20:00,04/19/202605:20,140.74,0.6599999999999999,92.88839999999999,54.6,0.9,49.14,49.6,0.6,11.0,198.7,23782.0,44991.0,20.1,23.439999999999998,22.0,30.119999999999997,12.106,214.4,593.2,4.36,0.5290219230818919
2026-04-19T17:20:42,04/19/202605:20,140.73,0.6599999999999999,92.88179999999998,54.6,0.9099999999999999,49.686,49.6,0.6,11.0,198.7,23782.0,44991.0,20.1,23.43,22.0,30.119999999999997,12.062,214.3,588.4,4.32,0.534937953398836
2026-04-19T17:21:00,04/19/202605:21,140.72,0.6599999999999999,92.87519999999999,54.6,0.9199999999999999,50.232,49.6,0.6,11.0,198.7,23782.0,44991.0,20.1,23.419999999999998,22.0,30.119999999999997,12.017999999999999,214.2,583.6,4.279999999999999,0.5408548245387359
2026-04-19T17:22:47,04/19/202605:22,140.73,0.6599999999999999,92.88179999999998,54.6,0.93,50.778000000000006,50.2,0.6,11.0,198.7,23782.0,44991.0,20.1,23.41,22.0,30.119999999999997,11.974,214.1,578.8,4.24,0.5466948314955138
2026-04-19T17:23:01,04/19/202605:23,140.74,0.6599999999999999,92.88839999999999,54.6,0.9400000000000001,51.324000000000005,50.8,0.6,11.0,198.7,23782.0,44991.0,20.1,23.4,22.0,30.119999999999997,11.93,214.0,574.0,4.2,0.5525340085521983
2026-04-19T17:23:42,04/19/202605:23,140.74,0.65,91.48100000000001,54.61,0.93,50.7873,50.3,0.6,11.0,198.7,23782.0,44991.0,20.1,23.4,22.0,30.119999999999997,11.93,214.0,574.0,4.2,0.5551677397492375
2026-04-19T17:24:00,04/19/202605:24,140.74,0.6399999999999999,90.0736,54.620000000000005,0.9199999999999999,50.2504,49.8,0.6,11.0,198.7,23782.0,44991.0,20.1,23.4,22.0,30.119999999999997,11.93,214.0,574.0,4.2,0.5578815546397613
2026-04-19T17:24:43,04/19/202605:24,140.7,0.65,91.455,54.620000000000005,0.95,51.889,51.4,0.6,11.0,198.7,23782.0,44991.0,20.1,23.4,22.0,30.119999999999997,11.93,214.0,574.0,4.2,0.567371931551036
2026-04-19T17:25:01,04/19/202605:25,140.66,0.6599999999999999,92.83559999999999,54.620000000000005,0.9800000000000001,53.52760000000001,53.0,0.6,11.0,198.7,23782.0,44991.0,20.1,23.4,22.0,30.119999999999997,11.93,214.0,574.0,4.2,0.576584844607026
2026-04-19T17:25:42,04/19/202605:25,140.66,0.6599999999999999,92.83559999999999,54.620000000000005,0.97,52.9814,52.5,0.6,11.0,198.7,23782.0,44991.0,20.2,23.4,22.0,30.119999999999997,11.93,214.0,574.0,4.2,0.5707013257845052
2026-04-19T17:26:00,04/19/202605:26,140.66,0.6599999999999999,92.83559999999999,54.620000000000005,0.96,52.4352,52.0,0.6,11.0,198.7,23782.0,44991.0,20.2,23.4,22.0,30.119999999999997,11.93,214.0,574.0,4.2,0.5648178069619845
2026-04-19T17:26:43,04/19/202605:26,140.64000000000001,0.6599999999999999,92.8224,54.63000000000001,0.97,52.99110000000001,52.6,0.6,11.0,198.7,23782.0,44991.0,20.1,23.4,22.0,30.119999999999997,11.93,214.0,574.0,4.2,0.5708869841762334
2026-04-19T17:27:00,04/19/202605:27,140.62,0.6599999999999999,92.80919999999999,54.64,0.9800000000000001,53.547200000000004,53.2,0.6,11.0,198.7,23782.0,44991.0,20.1,23.4,22.0,30.119999999999997,11.93,214.0,574.0,4.2,0.5769600427543822
2026-04-19T17:27:42,04/19/202605:27,140.57,0.67,94.1819,54.65,1.0,54.65,54.3,0.6,11.0,198.7,23782.0,44991.0,20.1,23.4,22.0,30.119999999999997,11.93,214.0,574.0,4.2,0.5802601136736464
2026-04-19T17:28:00,04/19/202605:28,140.52,0.6799999999999999,95.5536,54.660000000000004,1.02,55.75320000000001,55.4,0.6,11.0,198.7,23782.0,44991.0,20.1,23.4,22.0,30.119999999999997,11.93,214.0,574.0,4.2,0.5834756618274979
2026-04-19T17:29:00,04/19/202605:29,140.48,0.69,96.93119999999999,54.65,1.04,56.836,56.5,0.6,11.0,198.7,23782.0,44991.0,20.1,23.4,22.0,30.119999999999997,11.93,214.0,574.0,4.2,0.5863540325509228
2026-04-19T17:29:42,04/19/202605:29,140.44,0.7,98.30799999999999,54.64,1.03,56.2792,55.9,0.6,11.0,198.7,23782.0,44991.0,20.2,23.4,22.0,30.119999999999997,11.93,214.0,573.8,4.2,0.5724783334011475
2026-04-19T17:30:01,04/19/202605:30,140.45999999999998,0.69,96.91739999999997,54.64,0.9800000000000001,53.547200000000004,53.2,0.6,11.0,198.7,23782.0,44991.0,20.2,23.4,22.0,30.119999999999997,11.93,214.0,573.6,4.2,0.5525034720287587
2026-04-19T17:30:43,04/19/202605:30,140.54000000000002,0.6699999999999999,94.1618,54.64,0.93,50.815200000000004,50.5,0.6,11.0,198.7,23782.0,44991.0,20.1,23.38,22.0,30.119999999999997,11.955,214.2,568.3,4.15,0.5396583327846325
2026-04-19T17:31:00,04/19/202605:31,140.57,0.6699999999999999,94.18189999999998,54.64,0.9400000000000001,51.3616,51.0,0.6,11.0,198.7,23782.0,44991.0,20.1,23.36,22.0,30.119999999999997,11.98,214.4,563.0,4.1,0.5453446999901256
2026-04-19T17:31:42,04/19/202605:31,140.64000000000001,0.6699999999999999,94.2288,54.63000000000001,0.9700000000000001,52.99110000000002,52.6,0.6,11.0,198.7,23782.0,44991.0,20.1,23.339999999999996,22.0,30.119999999999997,12.004999999999999,214.6,557.7,4.05,0.5623662829198718
2026-04-19T17:32:01,04/19/202605:32,140.73,0.6599999999999999,92.88179999999998,54.61,0.9600000000000002,52.42560000000001,52.0,0.6,11.0,198.7,23782.0,44991.0,20.1,23.32,22.0,30.119999999999997,12.03,214.8,552.4,4.0,0.5644335058106111
2026-04-19T17:33:58,04/19/202605:33,140.86,0.6599999999999999,92.9676,54.6,0.95,51.87,51.4,0.6,11.0,198.7,23782.0,44991.0,20.2,23.3,22.1,30.119999999999997,12.055,215.0,547.1,3.95,0.557936313296245
2026-04-19T17:34:01,04/19/202605:34,141.0,0.6599999999999999,93.05999999999999,54.589999999999996,0.9400000000000001,51.3146,50.8,0.6,11.0,198.7,23782.0,44991.0,20.2,23.279999999999998,22.2,30.119999999999997,12.08,215.2,541.8,3.9,0.5514141414141415
2026-04-19T17:34:43,04/19/202605:34,141.11,0.6699999999999999,94.5437,54.58,0.93,50.7594,50.2,0.6,11.0,198.7,23782.0,44991.0,20.2,23.259999999999998,22.3,30.119999999999997,12.105,215.4,536.5,3.85,0.5368882326373942
2026-04-19T17:35:01,04/19/202605:35,141.22,0.6799999999999999,96.02959999999999,54.58,0.9199999999999999,50.21359999999999,49.6,0.6,11.0,198.7,23782.0,44991.0,20.2,23.24,22.4,30.119999999999997,12.129999999999999,215.6,531.2,3.8,0.5228971067254263
2026-04-19T17:35:43,04/19/202605:35,141.36,0.67,94.71120000000002,54.58,0.93,50.7594,50.2,0.6,11.0,198.7,23782.0,44991.0,20.2,23.22,22.5,30.119999999999997,12.155,215.8,526.1,3.75,0.5359387274155537
2026-04-19T17:36:01,04/19/202605:36,141.5,0.6599999999999999,93.38999999999999,54.58,0.9400000000000001,51.3052,50.8,0.6,11.0,198.7,23782.0,44991.0,20.2,23.2,22.6,30.119999999999997,12.18,216.0,521.0,3.7,0.5493650283756292
2026-04-19T17:36:43,04/19/202605:36,141.59,0.6599999999999999,93.4494,54.58,0.95,51.851,51.4,0.6,11.0,198.7,23782.0,44991.0,20.2,23.2,22.7,30.119999999999997,12.18,216.0,521.0,3.7,0.5548564249743712
2026-04-19T17:37:01,04/19/202605:37,141.68,0.6599999999999999,93.5088,54.58,0.96,52.3968,52.0,0.6,11.0,198.7,23782.0,44991.0,20.2,23.2,22.8,30.119999999999997,12.18,216.0,521.0,3.7,0.5603408449258251
2026-04-19T17:37:43,04/19/202605:37,141.7,0.67,94.939,54.589999999999996,0.97,52.952299999999994,52.6,0.6,11.0,198.7,23782.0,44991.0,20.2,23.2,22.9,30.119999999999997,12.18,216.0,521.0,3.7,0.5577507662815071
2026-04-19T17:38:01,04/19/202605:38,141.72,0.6799999999999999,96.36959999999999,54.6,0.9800000000000001,53.50800000000001,53.2,0.6,11.0,198.7,23782.0,44991.0,20.2,23.2,23.0,30.119999999999997,12.18,216.0,521.0,3.7,0.5552373362554168
2026-04-19T17:38:43,04/19/202605:38,141.7,0.6799999999999999,96.35599999999998,54.6,0.9700000000000001,52.962,52.7,0.6,11.0,198.7,23782.0,44991.0,20.2,23.2,23.0,30.119999999999997,12.18,216.0,521.0,3.7,0.5496492174851594
2026-04-19T17:39:01,04/19/202605:39,141.68,0.6799999999999999,96.3424,54.6,0.96,52.416,52.2,0.6,11.0,198.7,23782.0,44991.0,20.2,23.2,23.0,30.119999999999997,12.18,216.0,521.0,3.7,0.5440595210416183
2026-04-19T17:39:43,04/19/202605:39,141.69,0.6599999999999999,93.51539999999999,54.6,0.93,50.778000000000006,50.6,0.6,11.0,198.7,23782.0,44991.0,20.2,23.2,23.0,30.119999999999997,12.18,216.0,521.0,3.7,0.5429907801281929
2026-04-19T17:40:01,04/19/202605:40,141.7,0.6399999999999999,90.68799999999997,54.6,0.9,49.14,49.0,0.6,11.0,198.7,23782.0,44991.0,20.2,23.2,23.0,30.119999999999997,12.18,216.0,521.0,3.7,0.5418577981651378
2026-04-19T17:40:43,04/19/202605:40,141.63,0.6599999999999999,93.47579999999999,54.6,0.93,50.778000000000006,50.6,0.6,11.0,198.7,23782.0,44991.0,20.2,23.2,23.0,30.119999999999997,12.18,216.0,521.0,3.7,0.5432208122316151
2026-04-19T17:41:01,04/19/202605:41,141.56,0.6799999999999999,96.26079999999999,54.6,0.96,52.416,52.2,0.6,11.0,198.7,23782.0,44991.0,20.2,23.2,23.0,30.119999999999997,12.18,216.0,521.0,3.7,0.5445207187141599
2026-04-19T17:41:42,04/19/202605:41,141.5,0.6799999999999999,96.21999999999998,54.6,0.97,52.962,52.7,0.6,11.0,198.7,23782.0,44991.0,20.2,23.2,23.0,30.119999999999997,12.18,216.0,521.0,3.7,0.5504261068384952
2026-04-19T17:42:00,04/19/202605:42,141.44,0.6799999999999999,96.1792,54.6,0.9800000000000001,53.50800000000001,53.2,0.6,11.0,198.7,23782.0,44991.0,20.2,23.2,23.0,30.119999999999997,12.18,216.0,521.0,3.7,0.5563365051903115
2026-04-19T17:42:43,04/19/202605:42,141.4,0.6799999999999999,96.152,54.6,0.99,54.054,53.7,0.6,11.0,198.7,23782.0,44991.0,20.2,23.2,23.0,30.119999999999997,12.18,216.0,521.0,3.7,0.5621723937099592
2026-04-19T17:43:01,04/19/202605:43,141.35999999999999,0.6799999999999999,96.12479999999998,54.6,1.0,54.6,54.2,0.6,11.0,198.7,23782.0,44991.0,20.2,23.2,23.0,30.119999999999997,12.18,216.0,521.0,3.7,0.5680115849395787
2026-04-19T17:43:42,04/19/202605:43,141.32,0.6799999999999999,96.09759999999999,54.6,1.01,55.146,54.7,0.6,11.0,198.7,23782.0,44991.0,20.2,23.2,23.0,30.119999999999997,12.18,216.0,521.0,3.7,0.5738540816836217
2026-04-19T17:45:10,04/19/202605:45,141.28,0.67,94.6576,54.6,1.01,55.146,54.7,0.6,11.0,198.7,23782.0,44991.0,20.2,23.2,23.0,30.119999999999997,12.18,216.0,521.0,3.7,0.5825839657882727
2026-04-19T17:45:43,04/19/202605:45,141.26,0.67,94.6442,54.6,1.03,56.238,55.8,0.6,11.0,198.7,23782.0,44991.0,20.2,23.19,22.9,30.119999999999997,12.142999999999999,216.1,515.8,3.65,0.5942043992130527
2026-04-19T17:46:00,04/19/202605:46,141.24,0.67,94.63080000000001,54.6,1.05,57.330000000000005,56.9,0.6,11.0,198.7,23782.0,44991.0,20.2,23.18,22.8,30.119999999999997,12.106,216.2,510.6,3.6,0.6058281236130308
2026-04-19T17:46:42,04/19/202605:46,141.24,0.65,91.80600000000001,54.6,1.04,56.784000000000006,56.4,0.6,11.0,198.7,23782.0,44991.0,20.2,23.169999999999998,22.7,30.119999999999997,12.068999999999999,216.3,505.4,3.55,0.6185216652506372
2026-04-19T17:47:01,04/19/202605:47,141.24,0.63,88.9812,54.6,1.03,56.238,55.9,0.6,11.0,198.7,23782.0,44991.0,20.2,23.16,22.6,30.119999999999997,12.032,216.4,500.2,3.5,0.6320211460398376
2026-04-19T17:47:43,04/19/202605:47,141.24,0.63,88.9812,54.6,1.03,56.238,55.9,0.6,11.0,198.7,23782.0,44991.0,20.2,23.15,22.5,30.119999999999997,11.995000000000001,216.5,495.0,3.45,0.6320211460398376
2026-04-19T17:48:00,04/19/202605:48,141.24,0.63,88.9812,54.6,1.03,56.238,55.9,0.6,11.0,198.7,23782.0,44991.0,20.2,23.14,22.4,30.119999999999997,11.958,216.6,489.8,3.4,0.6320211460398376
2026-04-19T17:48:43,04/19/202605:48,141.25,0.63,88.9875,54.589999999999996,0.99,54.04409999999999,53.7,0.6,11.0,198.7,23782.0,44991.0,20.2,23.130000000000003,22.3,30.119999999999997,11.921000000000001,216.7,484.6,3.35,0.6073223767383059
2026-04-19T17:49:00,04/19/202605:49,141.26,0.63,88.9938,54.58,0.95,51.851,51.5,0.6,11.0,198.7,23782.0,44991.0,20.2,23.12,22.2,30.119999999999997,11.884,216.8,479.4,3.3,0.5826360937503512
2026-04-19T17:49:43,04/19/202605:49,141.27,0.63,89.0001,54.58,0.95,51.851,51.5,0.6,11.0,198.7,23782.0,44991.0,20.2,23.110000000000003,22.1,30.119999999999997,11.847,216.9,474.2,3.25,0.5825948510170212
2026-04-19T17:50:00,04/19/202605:50,141.28000000000003,0.6399999999999999,90.4192,54.58,0.96,52.3968,52.0,0.6,11.0,198.7,23782.0,44991.0,20.2,23.1,22.0,30.119999999999997,11.81,217.0,469.0,3.2,0.5794875424688561
2026-04-19T17:50:43,04/19/202605:50,141.26000000000002,0.65,91.81900000000002,54.58,0.9700000000000001,52.942600000000006,52.5,0.6,11.0,198.7,23782.0,44991.0,20.2,23.1,22.0,30.119999999999997,11.81,217.0,469.0,3.2,0.5765974362604689
2026-04-19T17:51:00,04/19/202605:51,141.24,0.6599999999999999,93.21839999999999,54.58,0.9800000000000001,53.488400000000006,53.0,0.6,11.0,198.7,23782.0,44991.0,20.2,23.1,22.0,30.119999999999997,11.81,217.0,469.0,3.2,0.5737965895145166
2026-04-19T17:51:43,04/19/202605:51,141.2,0.6699999999999999,94.60399999999998,54.58,0.9800000000000001,53.488400000000006,53.0,0.6,11.0,198.7,23782.0,44991.0,20.2,23.1,22.0,30.119999999999997,11.81,217.0,469.0,3.2,0.5653925838230943
2026-04-19T17:52:45,04/19/202605:52,141.15,0.6799999999999999,95.982,54.58,0.9800000000000001,53.488400000000006,53.0,0.6,11.0,198.7,23782.0,44991.0,20.2,23.1,22.0,30.119999999999997,11.81,217.0,469.0,3.2,0.557275322456294
2026-04-19T17:53:00,04/19/202605:53,141.07999999999998,0.69,97.34519999999998,54.58,0.99,54.0342,53.6,0.6,11.0,198.7,23782.0,44991.0,20.2,23.1,22.0,30.119999999999997,11.81,217.0,469.0,3.2,0.5550782164914142
2026-04-19T17:53:46,04/19/202605:53,141.03,0.71,100.1313,54.58,0.99,54.0342,53.6,0.6,11.0,198.7,23782.0,44991.0,20.2,23.1,22.0,30.119999999999997,11.81,217.0,469.0,3.2,0.5396334612653586
2026-04-19T17:54:00,04/19/202605:54,140.98,0.72,101.50559999999999,54.589999999999996,1.01,55.1359,54.7,0.6,11.0,198.7,23782.0,44991.0,20.2,23.1,22.0,30.119999999999997,11.81,217.0,469.0,3.2,0.5431808688387636
2026-04-19T17:54:45,04/19/202605:54,140.94,0.72,101.4768,54.6,1.04,56.784000000000006,56.4,0.6,11.0,198.7,23782.0,44991.0,20.2,23.1,22.0,30.119999999999997,11.81,217.0,469.0,3.2,0.559576178988695
2026-04-19T17:56:21,04/19/202605:56,140.9,0.72,101.448,54.6,1.06,57.876000000000005,57.5,0.6,11.0,198.7,23782.0,44991.0,20.2,23.1,22.0,30.119999999999997,11.81,217.0,469.0,3.2,0.5704991719895908
2026-04-19T17:56:40,04/19/202605:56,140.89000000000001,0.72,101.44080000000001,54.6,1.06,57.876000000000005,57.5,0.6,11.0,198.7,23782.0,44991.0,20.2,23.1,22.0,30.119999999999997,11.81,217.0,469.0,3.2,0.5705396645136868
2026-04-19T17:57:01,04/19/202605:57,140.89000000000001,0.72,101.44080000000001,54.6,1.06,57.876000000000005,57.5,0.6,11.0,198.7,23782.0,44991.0,20.2,23.1,22.0,30.119999999999997,11.81,217.0,469.0,3.2,0.5705396645136868
2026-04-19T17:57:41,04/19/202605:57,140.87,0.72,101.4264,54.6,1.07,58.422000000000004,58.1,0.6,11.0,198.7,23782.0,44991.0,20.2,23.1,22.0,30.119999999999997,11.81,217.0,469.0,3.2,0.5760038806464589
2026-04-19T17:58:01,04/19/202605:58,140.9,0.72,101.448,54.6,1.07,58.422000000000004,58.1,0.6,11.0,198.7,23782.0,44991.0,20.2,23.1,22.0,30.119999999999997,11.81,217.0,469.0,3.2,0.5758812396498699
2026-04-19T17:58:41,04/19/202605:58,140.92000000000002,0.72,101.4624,54.589999999999996,1.07,58.4113,58.1,0.6,11.0,198.7,23782.0,44991.0,20.2,23.1,22.0,30.119999999999997,11.81,217.0,469.0,3.2,0.5756940502097329
2026-04-19T17:59:01,04/19/202605:59,140.94,0.72,101.4768,54.58,1.07,58.400600000000004,58.1,0.6,11.0,198.7,23782.0,44991.0,20.2,23.1,22.0,30.119999999999997,11.81,217.0,469.0,3.2,0.5755069138955899
2026-04-19T17:59:41,04/19/202605:59,140.95,0.71,100.07449999999999,54.58,1.09,59.492200000000004,58.7,0.6,11.0,198.7,23782.0,44991.0,20.2,23.1,22.0,30.119999999999997,11.81,217.0,469.0,3.2,0.5944791130607698
2026-04-19T18:00:01,04/19/202606:00,140.95999999999998,0.7,98.67199999999998,54.58,1.1099999999999999,60.58379999999999,59.3,0.6,11.0,198.7,23782.0,44991.0,20.2,23.1,22.0,30.119999999999997,11.81,217.0,469.0,3.2,0.6139918112534457
2026-04-19T18:00:41,04/19/202606:00,140.97,0.7,98.67899999999999,54.58,1.1099999999999999,60.58379999999999,59.3,0.6,11.0,198.7,23782.0,44991.0,20.2,23.09,22.0,30.119999999999997,11.760000000000002,216.7,463.6,3.1700000000000004,0.6139482564679415
2026-04-19T18:01:01,04/19/202606:01,140.98,0.7,98.68599999999999,54.58,1.1,60.038000000000004,58.8,0.6,11.0,198.7,23782.0,44991.0,20.2,23.080000000000002,22.0,30.119999999999997,11.71,216.4,458.2,3.14,0.6083740348175021
2026-04-19T18:01:41,04/19/202606:01,140.97,0.7,98.67899999999999,54.58,1.1,60.038000000000004,58.8,0.6,11.0,198.7,23782.0,44991.0,20.2,23.07,22.0,30.119999999999997,11.66,216.1,452.8,3.1100000000000003,0.6084171910943565
2026-04-19T18:02:01,04/19/202606:02,140.95999999999998,0.7,98.67199999999998,54.58,1.1,60.038000000000004,58.8,0.6,11.0,198.7,23782.0,44991.0,20.2,23.060000000000002,22.0,30.119999999999997,11.610000000000001,215.8,447.4,3.08,0.6084603534944059
2026-04-19T18:02:05,04/19/202606:02,140.95999999999998,0.69,97.26239999999999,54.57000000000001,1.08,58.935600000000015,57.7,0.6,11.0,198.7,23782.0,44991.0,20.2,23.05,22.0,30.119999999999997,11.56,215.5,442.0,3.05,0.6059443320337563
2026-04-19T18:03:01,04/19/202606:03,140.95999999999998,0.6799999999999999,95.85279999999997,54.56,1.06,57.833600000000004,56.6,0.6,11.0,198.7,23782.0,44991.0,20.2,23.04,22.0,30.119999999999997,11.510000000000002,215.2,436.6,3.02,0.603358483007278
2026-04-19T18:03:05,04/19/202606:03,141.01,0.6699999999999999,94.47669999999998,54.57000000000001,1.02,55.66140000000001,54.4,0.6,11.0,198.7,23782.0,44991.0,20.2,23.03,22.0,30.119999999999997,11.46,214.9,431.2,2.9899999999999998,0.5891547863123926
2026-04-19T18:04:01,04/19/202606:04,141.06,0.6599999999999999,93.0996,54.58,0.9800000000000001,53.488400000000006,52.2,0.6,11.0,198.7,23782.0,44991.0,20.2,23.02,22.0,30.119999999999997,11.41,214.6,425.8,2.96,0.5745287842267852
2026-04-19T18:04:05,04/19/202606:04,141.09,0.65,91.7085,54.58,0.95,51.851,51.1,0.6,11.0,198.7,23782.0,44991.0,20.2,23.009999999999998,22.0,30.119999999999997,11.360000000000001,214.3,420.4,2.93,0.5653892496333491
2026-04-19T18:05:01,04/19/202606:05,141.12,0.6399999999999999,90.31679999999999,54.58,0.9199999999999999,50.21359999999999,50.0,0.6,11.0,198.7,23782.0,44991.0,20.2,23.0,22.0,30.119999999999997,11.31,214.0,415.0,2.9,0.5559718679138322
2026-04-19T18:05:05,04/19/202606:05,141.15,0.63,88.92450000000001,54.58,0.9099999999999999,49.66779999999999,49.4,0.6,11.0,198.7,23782.0,44991.0,20.2,23.0,22.0,30.119999999999997,11.31,214.0,415.0,2.9,0.5585389853190065
2026-04-19T18:06:01,04/19/202606:06,141.18,0.6199999999999999,87.53159999999998,54.58,0.9,49.122,48.8,0.6,11.0,198.7,23782.0,44991.0,20.2,23.0,22.0,30.119999999999997,11.31,214.0,415.0,2.9,0.5611916153709061
2026-04-19T18:06:05,04/19/202606:06,141.22,0.6199999999999999,87.55639999999998,54.58,0.9,49.122,48.8,0.6,11.0,198.7,23782.0,44991.0,20.2,23.0,22.0,30.119999999999997,11.31,214.0,415.0,2.9,0.5610326600910956
2026-04-19T18:07:32,04/19/202606:07,141.25,0.6199999999999999,87.57499999999999,54.58,0.89,48.5762,48.3,0.6,11.0,198.7,23782.0,44991.0,20.2,23.0,22.0,30.119999999999997,11.31,214.0,415.0,2.9,0.5546811304596061
2026-04-19T18:08:00,04/19/202606:08,141.29000000000002,0.63,89.01270000000001,54.589999999999996,0.89,48.5851,48.3,0.6,11.0,198.7,23782.0,44991.0,20.2,23.0,22.0,30.119999999999997,11.31,214.0,415.0,2.9,0.5458221130243212
2026-04-19T18:08:05,04/19/202606:08,141.34,0.63,89.0442,54.6,0.89,48.594,48.3,0.6,11.0,198.7,23782.0,44991.0,20.2,23.0,22.0,30.119999999999997,11.31,214.0,415.0,2.9,0.5457289750483467
2026-04-19T18:09:00,04/19/202606:09,141.35999999999999,0.63,89.0568,54.6,0.9099999999999999,49.686,49.4,0.6,11.0,198.7,23782.0,44991.0,20.2,23.0,22.0,30.119999999999997,11.31,214.0,415.0,2.9,0.5579136012073194
2026-04-19T18:09:05,04/19/202606:09,141.38,0.6399999999999999,90.48319999999998,54.6,0.95,51.87,51.6,0.6,11.0,198.7,23782.0,44991.0,20.2,23.0,22.0,30.119999999999997,11.31,214.0,415.0,2.9,0.5732555877776206
2026-04-19T18:10:00,04/19/202606:10,141.41,0.65,91.9165,54.6,0.9700000000000001,52.962,52.7,0.6,11.0,198.7,23782.0,44991.0,20.2,23.0,22.0,30.119999999999997,11.31,214.0,415.0,2.9,0.5761968743370341
2026-04-19T18:10:06,04/19/202606:10,141.45999999999998,0.65,91.94899999999998,54.6,0.9800000000000001,53.50800000000001,53.2,0.6,12.0,198.7,23782.0,44991.0,20.2,23.0,22.0,30.119999999999997,11.31,214.0,415.0,2.9,0.581931287996607
2026-04-19T18:11:00,04/19/202606:11,141.5,0.65,91.97500000000001,54.6,0.9800000000000001,53.50800000000001,53.2,0.6,12.0,198.7,23782.0,44991.0,20.2,23.0,22.0,30.119999999999997,11.31,214.0,415.0,2.9,0.5817667844522969
2026-04-19T18:11:05,04/19/202606:11,141.51,0.6599999999999999,93.39659999999998,54.6,0.99,54.054,53.8,0.6,12.0,198.7,23782.0,44991.0,20.2,23.0,22.0,30.119999999999997,11.31,214.0,415.0,2.9,0.5787576849692603
2026-04-19T18:12:00,04/19/202606:12,141.5,0.6599999999999999,93.38999999999999,54.6,1.0,54.6,54.4,0.6,12.0,198.7,23782.0,44991.0,20.2,23.0,22.0,30.119999999999997,11.31,214.0,415.0,2.9,0.5846450369418569
2026-04-19T18:12:05,04/19/202606:12,141.5,0.6599999999999999,93.38999999999999,54.6,1.0,54.6,54.4,0.6,12.0,198.7,23782.0,44991.0,20.2,23.0,22.0,30.119999999999997,11.31,214.0,415.0,2.9,0.5846450369418569
2026-04-19T18:12:30,04/19/202606:12,141.51,0.65,91.9815,54.6,1.0,54.6,54.4,0.6,12.0,198.7,23782.0,44991.0,20.2,23.0,22.0,30.119999999999997,11.31,214.0,415.0,2.9,0.5935976256094976
2026-04-19T18:13:00,04/19/202606:13,141.51,0.65,91.9815,54.6,1.0,54.6,54.4,0.6,12.0,198.7,23782.0,44991.0,20.2,23.0,22.0,30.119999999999997,11.31,214.0,415.0,2.9,0.5935976256094976
2026-04-19T18:14:02,04/19/202606:14,141.49,0.6599999999999999,93.3834,54.6,1.02,55.692,55.5,0.6,12.0,198.7,23782.0,44991.0,20.2,23.0,22.0,30.119999999999997,11.31,214.0,415.0,2.9,0.596380084683145
2026-04-19T18:15:00,04/19/202606:15,141.47,0.6599999999999999,93.37019999999998,54.6,1.02,55.692,55.5,0.6,12.0,198.7,23782.0,44991.0,20.2,23.0,22.0,30.119999999999997,11.31,214.0,415.0,2.9,0.5964643965633576
2026-04-19T18:15:02,04/19/202606:15,141.5,0.6399999999999999,90.55999999999999,54.6,0.9800000000000001,53.50800000000001,53.3,0.6,12.0,198.7,23782.0,44991.0,20.2,23.0,22.0,30.119999999999997,11.31,214.0,415.0,2.9,0.5908568904593642
2026-04-19T18:16:00,04/19/202606:16,141.51000000000002,0.63,89.1513,54.6,0.95,51.87,51.7,0.6,12.0,198.7,23782.0,44991.0,20.2,23.0,22.0,30.119999999999997,11.31,214.0,415.0,2.9,0.5818198949426424
2026-04-19T18:16:02,04/19/202606:16,141.5,0.63,89.145,54.6,0.93,50.778000000000006,50.6,0.6,12.0,198.7,23782.0,44991.0,20.2,22.990000000000002,22.0,30.119999999999997,11.266,213.8,409.4,2.86,0.5696113074204948
2026-04-19T18:17:01,04/19/202606:17,141.52,0.6199999999999999,87.74239999999999,54.6,0.9,49.14,48.9,0.6,12.0,198.7,23782.0,44991.0,20.2,22.98,22.0,30.119999999999997,11.222,213.6,403.8,2.82,0.5600485056255585
2026-04-19T18:17:03,04/19/202606:17,141.52,0.6199999999999999,87.74239999999999,54.6,0.8800000000000001,48.04800000000001,47.8,0.6,12.0,198.7,23782.0,44991.0,20.2,22.97,22.0,30.119999999999997,11.178,213.4,398.2,2.7800000000000002,0.547602983278324
2026-04-19T18:18:44,04/19/202606:18,141.52,0.61,86.3272,54.6,0.8800000000000001,48.04800000000001,47.8,0.6,12.0,198.7,23782.0,44991.0,20.2,22.96,22.0,30.119999999999997,11.134,213.2,392.6,2.7399999999999998,0.5565800813648538
2026-04-19T18:19:01,04/19/202606:19,141.51000000000002,0.61,86.32110000000002,54.6,0.8800000000000001,48.04800000000001,47.8,0.6,12.0,198.7,23782.0,44991.0,20.2,22.95,22.0,30.119999999999997,11.09,213.0,387.0,2.7,0.5566194128666109
2026-04-19T18:19:03,04/19/202606:19,141.49,0.6199999999999999,87.72379999999998,54.6,0.9,49.14,48.9,0.6,12.0,198.7,23782.0,44991.0,20.2,22.939999999999998,22.0,30.119999999999997,11.046,212.8,381.4,2.66,0.5601672522166163
2026-04-19T18:19:39,04/19/202606:19,141.5,0.61,86.315,54.6,0.89,48.594,48.3,0.6,12.0,198.7,23782.0,44991.0,20.2,22.93,22.0,30.119999999999997,11.001999999999999,212.6,375.8,2.62,0.5629844175404044
2026-04-19T18:20:00,04/19/202606:20,141.51000000000002,0.6,84.906,54.6,0.8800000000000001,48.04800000000001,47.7,0.6,12.0,198.7,23782.0,44991.0,20.2,22.919999999999998,22.0,30.119999999999997,10.958,212.4,370.2,2.58,0.5658964030810544
2026-04-19T18:20:39,04/19/202606:20,141.45,0.6199999999999999,87.69899999999997,54.6,0.9099999999999999,49.686,49.3,0.6,12.0,198.7,23782.0,44991.0,20.2,22.91,22.0,30.119999999999997,10.913999999999998,212.2,364.6,2.54,0.5665515000171042
2026-04-19T18:21:00,04/19/202606:21,141.39000000000001,0.6399999999999999,90.4896,54.6,0.9400000000000001,51.324000000000005,50.9,0.6,12.0,198.7,23782.0,44991.0,20.2,22.9,22.0,30.119999999999997,10.87,212.0,359.0,2.5,0.567181200933588
2026-04-19T18:21:39,04/19/202606:21,141.34,0.6599999999999999,93.28439999999999,54.6,0.9700000000000001,52.962,52.6,0.6,12.0,198.7,23782.0,44991.0,20.2,22.9,22.0,30.119999999999997,10.87,212.0,359.0,2.5,0.5677476619884998
2026-04-19T18:22:00,04/19/202606:22,141.29000000000002,0.6799999999999999,96.0772,54.6,1.0,54.6,54.3,0.6,12.0,198.7,23782.0,44991.0,20.2,22.9,22.0,30.119999999999997,10.87,212.0,359.0,2.5,0.568292997714338
2026-04-19T18:22:39,04/19/202606:22,141.29000000000002,0.67,94.66430000000003,54.6,0.99,54.054,53.7,0.6,12.0,198.7,23782.0,44991.0,20.2,22.9,22.0,30.119999999999997,10.87,212.0,359.0,2.5,0.5710072329273019
2026-04-19T18:23:00,04/19/202606:23,141.29000000000002,0.67,94.66430000000003,54.6,0.9800000000000001,53.50800000000001,53.1,0.6,12.0,198.7,23782.0,44991.0,20.2,22.9,22.0,30.119999999999997,10.87,212.0,359.0,2.5,0.5652394830997535
2026-04-19T18:23:15,04/19/202606:23,141.26,0.6799999999999999,96.05679999999998,54.6,1.0,54.6,54.2,0.6,12.0,198.7,23782.0,44991.0,20.2,22.9,22.0,30.119999999999997,10.87,212.0,359.0,2.5,0.5684136885675977
2026-04-19T18:24:00,04/19/202606:24,141.24,0.6799999999999999,96.0432,54.6,1.0,54.6,54.2,0.6,12.0,198.7,23782.0,44991.0,20.2,22.9,22.0,30.119999999999997,10.87,212.0,359.0,2.5,0.568494177620071
2026-04-19T18:24:14,04/19/202606:24,141.2,0.69,97.42799999999998,54.6,1.0100000000000002,55.146000000000015,54.8,0.6,12.0,198.7,23782.0,44991.0,20.2,22.9,22.0,30.119999999999997,10.87,212.0,359.0,2.5,0.5660179825101616
2026-04-19T18:25:00,04/19/202606:25,141.16,0.7,98.812,54.6,1.02,55.692,55.4,0.6,12.0,198.7,23782.0,44991.0,20.2,22.9,22.0,30.119999999999997,10.87,212.0,359.0,2.5,0.5636157551714367
2026-04-19T18:25:15,04/19/202606:25,141.17000000000002,0.7,98.819,54.61,1.02,55.7022,55.4,0.6,12.0,198.7,23782.0,44991.0,20.2,22.9,22.0,30.119999999999997,10.87,212.0,359.0,2.5,0.5636790495754864
2026-04-19T18:26:00,04/19/202606:26,141.18,0.7,98.826,54.620000000000005,1.02,55.7124,55.4,0.6,12.0,198.7,23782.0,44991.0,20.2,22.9,22.0,30.119999999999997,10.87,212.0,359.0,2.5,0.5637423350130533
2026-04-19T18:27:00,04/19/202606:27,141.2,0.69,97.42799999999998,54.620000000000005,1.0100000000000002,55.16620000000002,54.8,0.6,12.0,198.7,23782.0,44991.0,20.2,22.9,22.0,30.119999999999997,10.87,212.0,359.0,2.5,0.5662253151044877
2026-04-19T18:27:14,04/19/202606:27,141.22,0.6699999999999999,94.61739999999999,54.620000000000005,0.99,54.073800000000006,53.7,0.6,12.0,198.7,23782.0,44991.0,20.2,22.9,22.0,30.119999999999997,10.87,212.0,359.0,2.5,0.5714995339123672
2026-04-19T18:28:00,04/19/202606:28,141.21,0.6699999999999999,94.6107,54.620000000000005,1.0,54.620000000000005,54.3,0.6,12.0,198.7,23782.0,44991.0,20.2,22.9,22.0,30.119999999999997,10.87,212.0,359.0,2.5,0.5773131368862086
2026-04-19T18:28:15,04/19/202606:28,141.22,0.6799999999999999,96.02959999999999,54.620000000000005,1.02,55.7124,55.4,0.6,12.0,198.7,23782.0,44991.0,20.2,22.9,22.0,30.119999999999997,10.87,212.0,359.0,2.5,0.5801586177595243
2026-04-19T18:29:53,04/19/202606:29,141.24,0.6799999999999999,96.0432,54.620000000000005,1.03,56.25860000000001,55.9,0.6,12.0,198.7,23782.0,44991.0,20.2,22.9,22.0,30.119999999999997,10.87,212.0,359.0,2.5,0.5857634897629401
2026-04-19T18:30:01,04/19/202606:30,141.26000000000002,0.6799999999999999,96.05680000000001,54.620000000000005,1.04,56.80480000000001,56.4,0.6,12.0,198.7,23782.0,44991.0,20.2,22.9,22.0,30.119999999999997,10.87,212.0,359.0,2.5,0.5913667746583272
2026-04-19T18:30:14,04/19/202606:30,141.33,0.6699999999999999,94.69109999999999,54.620000000000005,1.0,54.620000000000005,54.2,0.6,12.0,198.7,23782.0,44991.0,20.2,22.869999999999997,22.0,30.119999999999997,10.846,211.8,359.0,2.5,0.5768229537939681
2026-04-19T18:31:01,04/19/202606:31,141.4,0.6599999999999999,93.324,54.620000000000005,0.96,52.4352,52.0,0.6,12.0,198.7,23782.0,44991.0,20.2,22.839999999999996,22.0,30.119999999999997,10.822,211.6,359.0,2.5,0.5618619004757619
2026-04-19T18:31:14,04/19/202606:31,141.41000000000003,0.6599999999999999,93.3306,54.61,0.96,52.425599999999996,52.0,0.6,12.0,198.7,23782.0,44991.0,20.3,22.779999999999998,22.0,30.119999999999997,10.878,211.0,353.4,2.45,0.5617193074940051
2026-04-19T18:32:00,04/19/202606:32,141.42000000000002,0.6599999999999999,93.3372,54.6,0.96,52.416,52.0,0.6,12.0,198.7,23782.0,44991.0,20.3,22.72,22.0,30.119999999999997,10.934000000000001,210.4,347.8,2.4,0.5615767346781347
2026-04-19T18:32:15,04/19/202606:32,141.45999999999998,0.65,91.94899999999998,54.6,0.9400000000000001,51.324000000000005,50.9,0.6,12.0,198.7,23782.0,44991.0,20.3,22.66,22.0,30.119999999999997,10.989999999999998,209.8,342.2,2.35,0.5581789905273578
2026-04-19T18:34:00,04/19/202606:33,141.48,0.65,91.962,54.6,0.95,51.87,51.4,0.6,12.0,198.7,23782.0,44991.0,20.2,22.6,22.1,30.119999999999997,11.046,209.2,336.6,2.3,0.5640373197625106
2026-04-19T18:34:01,04/19/202606:34,141.51,0.65,91.9815,54.6,0.96,52.416,51.9,0.6,12.0,198.7,23782.0,44991.0,20.2,22.54,22.2,30.119999999999997,11.102,208.6,331.0,2.25,0.5698537205851176
2026-04-19T18:35:00,04/19/202606:34,141.51,0.65,91.9815,54.6,0.95,51.87,51.4,0.6,12.0,198.7,23782.0,44991.0,20.2,22.48,22.3,30.119999999999997,11.158,208.0,325.4,2.2,0.5639177443290226
2026-04-19T18:35:01,04/19/202606:35,141.53,0.65,91.9945,54.6,0.9199999999999999,50.232,49.8,0.6,12.0,198.7,23782.0,44991.0,20.2,22.42,22.4,30.119999999999997,11.214,207.4,319.8,2.15,0.5460326432558468
2026-04-19T18:36:00,04/19/202606:35,141.53,0.65,91.9945,54.6,0.9,49.14,48.7,0.6,12.0,198.7,23782.0,44991.0,20.2,22.360000000000003,22.5,30.119999999999997,11.27,206.8,314.2,2.1,0.5341623684024588
2026-04-19T18:36:01,04/19/202606:36,141.49,0.6599999999999999,93.3834,54.6,0.93,50.778000000000006,50.3,0.6,12.0,198.7,23782.0,44991.0,20.2,22.330000000000002,22.6,30.119999999999997,11.35,206.4,308.6,2.05,0.5437583125052206
2026-04-19T18:37:00,04/19/202606:36,141.43,0.6699999999999999,94.7581,54.6,0.96,52.416,51.9,0.6,12.0,198.7,23782.0,44991.0,20.2,22.3,22.7,30.119999999999997,11.43,206.0,303.0,2.0,0.5531558779671606
2026-04-19T18:37:01,04/19/202606:37,141.4,0.6699999999999999,94.738,54.6,0.96,52.416,51.9,0.6,12.0,198.7,23782.0,44991.0,20.2,22.3,22.8,30.119999999999997,11.43,206.0,303.0,2.0,0.5532732377715384
2026-04-19T18:38:00,04/19/202606:37,141.38,0.6599999999999999,93.31079999999999,54.6,0.9400000000000001,51.324000000000005,50.8,0.6,12.0,198.7,23782.0,44991.0,20.3,22.3,22.9,30.119999999999997,11.43,206.0,303.0,2.0,0.5500327936316055
2026-04-19T18:38:01,04/19/202606:38,141.32999999999998,0.6599999999999999,93.27779999999998,54.6,0.9400000000000001,51.324000000000005,50.8,0.6,12.0,198.7,23782.0,44991.0,20.3,22.3,23.0,30.119999999999997,11.43,206.0,303.0,2.0,0.5502273852942502
2026-04-19T18:39:00,04/19/202606:38,141.22,0.6799999999999999,96.02959999999999,54.589999999999996,0.96,52.4064,51.9,0.6,12.0,198.7,23782.0,44991.0,20.2,22.3,23.0,30.119999999999997,11.43,206.0,303.0,2.0,0.545731732715746
2026-04-19T18:39:01,04/19/202606:39,141.1,0.7,98.77,54.58,0.9800000000000001,53.488400000000006,53.0,0.6,12.0,198.7,23782.0,44991.0,20.2,22.3,23.0,30.119999999999997,11.43,206.0,303.0,2.0,0.5415450035435861
2026-04-19T18:41:04,04/19/202606:41,141.03,0.69,97.3107,54.58,0.99,54.0342,53.5,0.6,12.0,198.7,23782.0,44991.0,20.3,22.3,23.0,30.119999999999997,11.43,206.0,303.0,2.0,0.5552750108672531
2026-04-19T18:41:46,04/19/202606:41,140.98,0.6799999999999999,95.86639999999998,54.58,0.99,54.0342,53.5,0.6,12.0,198.7,23782.0,44991.0,20.2,22.3,23.0,30.119999999999997,11.43,206.0,303.0,2.0,0.5636406499044504
2026-04-19T18:41:51,04/19/202606:41,140.94,0.67,94.4298,54.58,0.9800000000000001,53.488400000000006,53.0,0.6,12.0,198.7,23782.0,44991.0,20.2,22.3,23.0,30.119999999999997,11.43,206.0,303.0,2.0,0.5664355955429324
2026-04-19T18:42:00,04/19/202606:42,140.9,0.6599999999999999,92.99399999999999,54.58,0.97,52.9426,52.5,0.6,12.0,198.7,23782.0,44991.0,20.2,22.3,23.0,30.119999999999997,11.43,206.0,303.0,2.0,0.5693119986235672
2026-04-19T18:43:50,04/19/202606:43,140.85999999999999,0.6599999999999999,92.96759999999998,54.58,0.9800000000000001,53.488400000000006,53.1,0.6,12.0,198.7,23782.0,44991.0,20.3,22.3,23.0,30.119999999999997,11.43,206.0,303.0,2.0,0.5753445286314804
2026-04-19T18:44:00,04/19/202606:44,140.82,0.6599999999999999,92.94119999999998,54.58,0.99,54.0342,53.7,0.6,12.0,198.7,23782.0,44991.0,20.3,22.3,23.0,30.119999999999997,11.43,206.0,303.0,2.0,0.5813804857264594
2026-04-19T18:44:50,04/19/202606:44,140.78,0.67,94.32260000000001,54.58,1.01,55.1258,54.8,0.6,12.0,198.7,23782.0,44991.0,20.3,22.3,23.0,30.119999999999997,11.43,206.0,303.0,2.0,0.5844389361616409
2026-04-19T18:45:00,04/19/202606:45,140.74,0.6799999999999999,95.7032,54.58,1.03,56.2174,55.9,0.6,12.0,198.7,23782.0,44991.0,20.3,22.3,23.0,30.119999999999997,11.43,206.0,303.0,2.0,0.5874140049653512
2026-04-19T18:45:49,04/19/202606:45,140.81,0.6599999999999999,92.93459999999999,54.589999999999996,0.99,54.04409999999999,53.7,0.6,12.0,198.7,23782.0,44991.0,20.2,22.3,23.0,30.119999999999997,11.43,206.0,303.0,2.0,0.5815283005468361
2026-04-19T18:45:56,04/19/202606:45,140.87,0.65,91.5655,54.6,0.9700000000000001,52.962,52.6,0.6,12.0,198.7,23782.0,44991.0,20.3,22.3,23.0,30.119999999999997,11.43,206.0,303.0,2.0,0.5784056222048698
2026-04-19T18:46:00,04/19/202606:46,140.89000000000001,0.6599999999999999,92.9874,54.6,0.9700000000000001,52.962,52.6,0.6,12.0,198.7,23782.0,44991.0,20.3,22.3,23.0,30.119999999999997,11.43,206.0,303.0,2.0,0.569561037301828
2026-04-19T18:46:56,04/19/202606:46,140.9,0.6599999999999999,92.99399999999999,54.6,0.9700000000000001,52.962,52.6,0.6,12.0,198.7,23782.0,44991.0,20.2,22.28,23.1,30.123,11.381,206.0,297.4,1.9600000000000002,0.5695206142331765
2026-04-19T18:47:00,04/19/202606:47,140.92000000000002,0.6599999999999999,93.0072,54.6,0.9700000000000001,52.962,52.6,0.6,12.0,198.7,23782.0,44991.0,20.2,22.26,23.2,30.125999999999998,11.331999999999999,206.0,291.8,1.92,0.5694397853069441
2026-04-19T18:47:56,04/19/202606:47,140.93,0.6599999999999999,93.01379999999999,54.6,0.9800000000000001,53.50800000000001,53.1,0.6,12.0,198.7,23782.0,44991.0,20.2,22.240000000000002,23.3,30.129,11.283,206.0,286.2,1.8800000000000001,0.57526947614225
2026-04-19T18:48:01,04/19/202606:48,140.95999999999998,0.65,91.624,54.6,0.97,52.962,52.5,0.6,12.0,198.7,23782.0,44991.0,20.2,22.220000000000002,23.4,30.131999999999998,11.234,206.0,280.6,1.8399999999999999,0.5780363223609535
2026-04-19T18:48:56,04/19/202606:48,140.98,0.65,91.637,54.6,0.95,51.87,51.4,0.6,12.0,198.7,23782.0,44991.0,20.2,22.2,23.5,30.135,11.184999999999999,206.0,275.0,1.8,0.5660377358490566
2026-04-19T18:49:00,04/19/202606:49,140.99,0.65,91.6435,54.6,0.9400000000000001,51.324000000000005,50.9,0.6,12.0,198.7,23782.0,44991.0,20.2,22.18,23.6,30.137999999999998,11.136,206.0,269.4,1.7600000000000002,0.5600397191290163
2026-04-19T18:50:01,04/19/202606:50,141.0,0.65,91.65,54.6,0.93,50.778000000000006,50.4,0.6,12.0,198.7,23782.0,44991.0,20.2,22.160000000000004,23.7,30.141,11.087,206.0,263.8,1.72,0.5540425531914894
2026-04-19T18:52:18,04/19/202606:52,140.98,0.65,91.637,54.61,0.9400000000000001,51.333400000000005,51.0,0.6,12.0,198.7,23782.0,44991.0,20.3,22.14,23.8,30.144,11.038,206.0,258.2,1.6800000000000002,0.5601820225454784
2026-04-19T18:52:56,04/19/202606:52,140.99,0.63,88.8237,54.61,0.9199999999999999,50.24119999999999,49.9,0.6,12.0,198.7,23782.0,44991.0,20.2,22.12,23.9,30.147,10.989,206.0,252.6,1.6400000000000001,0.5656283176674692
2026-04-19T18:53:00,04/19/202606:53,141.0,0.61,86.01,54.61,0.9,49.149,48.8,0.6,12.0,198.7,23782.0,44991.0,20.2,22.1,24.0,30.15,10.94,206.0,247.0,1.6,0.5714335542378793
2026-04-19T18:53:56,04/19/202606:53,140.95,0.6199999999999999,87.38899999999998,54.61,0.9,49.149,48.8,0.6,12.0,198.7,23782.0,44991.0,20.3,22.1,24.0,30.15,10.94,206.0,247.0,1.6,0.562416322420442
2026-04-19T18:54:01,04/19/202606:54,140.9,0.63,88.76700000000001,54.61,0.9,49.149,48.8,0.6,12.0,198.7,23782.0,44991.0,20.3,22.1,24.0,30.15,10.94,206.0,247.0,1.6,0.5536854912298489
2026-04-19T18:54:56,04/19/202606:54,140.88,0.63,88.7544,54.61,0.89,48.6029,48.3,0.6,12.0,198.7,23782.0,44991.0,20.3,22.1,24.0,30.15,10.94,206.0,247.0,1.6,0.547611160686118
2026-04-19T18:55:00,04/19/202606:55,140.85999999999999,0.63,88.7418,54.61,0.8800000000000001,48.0568,47.8,0.6,12.0,198.7,23782.0,44991.0,20.3,22.1,24.0,30.15,10.94,206.0,247.0,1.6,0.5415351052153552
2026-04-19T18:55:56,04/19/202606:55,140.81,0.63,88.7103,54.61,0.9099999999999999,49.6951,49.4,0.6,12.0,198.7,23782.0,44991.0,20.3,22.1,24.0,30.15,10.94,206.0,247.0,1.6,0.5601953775378957
2026-04-19T18:56:01,04/19/202606:56,140.76,0.63,88.6788,54.61,0.9400000000000001,51.333400000000005,51.0,0.6,12.0,198.7,23782.0,44991.0,20.3,22.1,24.0,30.15,10.94,206.0,247.0,1.6,0.5788689066608931
2026-04-19T18:56:56,04/19/202606:56,140.75,0.6199999999999999,87.26499999999999,54.61,0.9400000000000001,51.333400000000005,51.0,0.6,12.0,198.7,23782.0,44991.0,20.3,22.1,24.0,30.15,10.94,206.0,247.0,1.6,0.5882472927290439
2026-04-19T18:57:00,04/19/202606:57,140.74,0.6199999999999999,87.2588,54.6,0.9400000000000001,51.324000000000005,51.0,0.6,12.0,198.7,23782.0,44991.0,20.3,22.1,24.0,30.15,10.94,206.0,247.0,1.6,0.5881813639426626
2026-04-19T18:57:56,04/19/202606:57,140.66000000000003,0.6399999999999999,90.0224,54.6,0.95,51.87,51.6,0.6,12.0,198.7,23782.0,44991.0,20.3,22.1,24.0,30.15,10.94,206.0,247.0,1.6,0.5761899260628465
2026-04-19T18:58:01,04/19/202606:58,140.58,0.6599999999999999,92.7828,54.6,0.96,52.416,52.2,0.6,12.0,198.7,23782.0,44991.0,20.3,22.1,24.0,30.15,10.94,206.0,247.0,1.6,0.5649322934854305
2026-04-19T18:58:56,04/19/202606:58,140.4,0.6599999999999999,92.66399999999999,54.6,0.96,52.416,52.2,0.6,12.0,198.7,23782.0,44991.0,20.3,22.1,24.0,30.15,10.94,206.0,247.0,1.6,0.5656565656565657
2026-04-19T18:59:00,04/19/202606:59,140.22,0.6599999999999999,92.5452,54.6,0.96,52.416,52.2,0.6,12.0,198.7,23782.0,44991.0,20.3,22.1,24.0,30.15,10.94,206.0,247.0,1.6,0.5663826973197962
2026-04-19T18:59:56,04/19/202606:59,139.76000000000002,0.6599999999999999,92.2416,54.6,0.95,51.87,51.6,0.6,12.0,198.7,23782.0,44991.0,20.3,22.1,24.0,30.15,10.94,206.0,247.0,1.6,0.5623276265806316
2026-04-19T19:00:00,04/19/202607:00,139.3,0.6599999999999999,91.938,54.6,0.9400000000000001,51.324000000000005,51.0,0.6,12.0,198.7,23782.0,44991.0,20.3,22.1,24.0,30.15,10.94,206.0,247.0,1.6,0.5582457743261764
2026-04-19T19:01:11,04/19/202607:01,138.42000000000002,0.6599999999999999,91.3572,54.6,0.9099999999999999,49.686,49.4,0.6,12.0,198.7,23782.0,44991.0,20.3,22.07,24.0,30.15,10.870999999999999,205.7,241.5,1.57,0.543865179755947
2026-04-19T19:02:00,04/19/202607:02,137.54000000000002,0.6599999999999999,90.77640000000001,54.6,0.8800000000000001,48.04800000000001,47.8,0.6,12.0,198.7,23782.0,44991.0,20.3,22.04,24.0,30.15,10.802,205.4,236.0,1.54,0.5293005671077505
2026-04-19T19:03:29,04/19/202607:03,136.43,0.6699999999999999,91.40809999999999,54.589999999999996,0.86,46.947399999999995,46.7,0.6,12.0,198.7,23782.0,44991.0,20.3,22.01,24.0,30.15,10.733,205.1,230.5,1.5100000000000002,0.5136021862395127
2026-04-19T19:04:00,04/19/202607:04,135.32,0.6799999999999999,92.01759999999999,54.58,0.8400000000000001,45.8472,45.6,0.6,12.0,198.7,23782.0,44991.0,20.3,21.98,24.0,30.15,10.664,204.8,225.0,1.48,0.49824381422684366
2026-04-19T19:04:11,04/19/202607:04,134.25,0.6799999999999999,91.28999999999999,54.56,0.8300000000000001,45.284800000000004,45.0,0.6,12.0,198.7,23782.0,44991.0,20.3,21.95,24.0,30.15,10.595,204.5,219.5,1.45,0.4960543323474642
2026-04-19T19:05:01,04/19/202607:05,133.18,0.6799999999999999,90.5624,54.54,0.82,44.7228,44.4,0.6,12.0,198.7,23782.0,44991.0,20.3,21.92,24.0,30.15,10.526,204.2,214.0,1.4200000000000002,0.49383408566910775
2026-04-19T19:05:12,04/19/202607:05,132.32999999999998,0.6699999999999999,88.66109999999998,54.52,0.8099999999999999,44.1612,43.8,0.6,12.0,198.7,23782.0,44991.0,20.3,21.89,24.0,30.15,10.456999999999999,203.9,208.5,1.3900000000000001,0.49808991767528277
2026-04-19T19:06:00,04/19/202607:06,131.48,0.6599999999999999,86.77679999999998,54.5,0.8,43.6,43.2,0.6,12.0,198.7,23782.0,44991.0,20.3,21.860000000000003,24.0,30.15,10.388,203.6,203.0,1.36,0.5024384397673112
2026-04-19T19:06:11,04/19/202607:06,130.88,0.6599999999999999,86.3808,54.470000000000006,0.8,43.57600000000001,43.2,0.6,12.0,198.7,23782.0,44991.0,20.3,21.830000000000002,24.0,30.15,10.318999999999999,203.3,197.5,1.33,0.5044639549529526
2026-04-19T19:07:01,04/19/202607:07,130.28,0.6599999999999999,85.98479999999999,54.44,0.8,43.552,43.2,0.6,12.0,198.7,23782.0,44991.0,20.3,21.8,24.0,30.15,10.25,203.0,192.0,1.3,0.5065081270177986
2026-04-19T19:07:12,04/19/202607:07,130.13,0.65,84.5845,54.410000000000004,0.79,42.983900000000006,42.6,0.7,12.0,198.7,23782.0,44991.0,20.3,21.8,24.0,30.15,10.25,203.0,192.0,1.3,0.5081770300705212
2026-04-19T19:08:00,04/19/202607:08,129.98,0.6399999999999999,83.18719999999998,54.379999999999995,0.78,42.416399999999996,42.0,0.7,12.0,198.7,23782.0,44991.0,20.3,21.8,24.0,30.15,10.25,203.0,192.0,1.3,0.5098909447607325
2026-04-19T19:08:11,04/19/202607:08,130.01,0.63,81.9063,54.36,0.79,42.9444,42.5,0.7,12.0,198.7,23782.0,44991.0,20.3,21.8,24.0,30.15,10.25,203.0,192.0,1.3,0.5243113167119013
2026-04-19T19:09:01,04/19/202607:09,130.04000000000002,0.6199999999999999,80.6248,54.339999999999996,0.8,43.472,43.0,0.7,12.0,198.7,23782.0,44991.0,20.3,21.8,24.0,30.15,10.25,203.0,192.0,1.3,0.539188934422163
2026-04-19T19:09:11,04/19/202607:09,129.25,0.6199999999999999,80.13499999999999,54.31999999999999,0.8300000000000001,45.0856,44.6,0.7,12.0,198.7,23782.0,44991.0,20.4,21.8,24.0,30.15,10.25,203.0,192.0,1.3,0.5626205777750047
2026-04-19T19:09:35,04/19/202607:09,126.97999999999999,0.6199999999999999,78.72759999999998,54.29,0.8600000000000001,46.689400000000006,46.2,0.7,12.0,198.7,23782.0,44991.0,20.3,21.8,24.0,30.15,10.25,203.0,192.0,1.3,0.5930499596075585
2026-04-19T19:09:52,04/19/202607:09,124.64000000000001,0.6199999999999999,77.2768,54.27,0.89,48.3003,47.8,0.7,12.0,198.7,23782.0,44991.0,20.3,21.8,24.0,30.15,10.25,203.0,192.0,1.3,0.6250297631371899
2026-04-19T19:10:00,04/19/202607:10,122.3,0.6199999999999999,75.82599999999998,54.25,0.9200000000000002,49.91000000000001,49.4,0.7,12.0,198.7,23782.0,44991.0,20.3,21.8,24.0,30.15,10.25,203.0,192.0,1.3,0.6582174979558466
2026-04-19T19:10:53,04/19/202607:10,119.96,0.6199999999999999,74.37519999999998,54.23,0.95,51.518499999999996,51.0,0.7,12.0,198.7,23782.0,44991.0,20.3,21.8,24.0,30.15,10.25,203.0,192.0,1.3,0.6926838516064496
2026-04-19T19:11:01,04/19/202607:11,117.62,0.6199999999999999,72.92439999999999,54.21,0.9800000000000001,53.125800000000005,52.6,0.7,12.0,198.7,23782.0,44991.0,20.3,21.8,24.0,30.15,10.25,203.0,192.0,1.3,0.7285051368266315
2026-04-19T19:11:52,04/19/202607:11,115.28,0.6199999999999999,71.47359999999999,54.19,1.0100000000000002,54.73190000000001,54.2,0.7,12.0,198.7,23782.0,44991.0,20.3,21.8,24.0,30.15,10.25,203.0,192.0,1.3,0.7657638624611047
2026-04-19T19:12:01,04/19/202607:12,112.94000000000001,0.6199999999999999,70.02279999999999,54.17,1.04,56.336800000000004,55.8,0.7,12.0,198.7,23782.0,44991.0,20.3,21.8,24.0,30.15,10.25,203.0,192.0,1.3,0.804549375346316
2026-04-19T19:12:53,04/19/202607:12,110.34,0.6199999999999999,68.4108,54.15,1.05,56.8575,56.3,0.7,12.0,198.7,23782.0,44991.0,20.3,21.8,24.0,30.15,10.25,203.0,192.0,1.3,0.8311187707204126
2026-04-19T19:13:00,04/19/202607:13,107.74000000000001,0.6199999999999999,66.7988,54.13000000000001,1.06,57.377800000000015,56.8,0.7,12.0,198.7,23782.0,44991.0,20.3,21.8,24.0,30.15,10.25,203.0,192.0,1.3,0.8589645322969875
2026-04-19T19:14:40,04/19/202607:14,105.96,0.61,64.6356,54.120000000000005,1.03,55.74360000000001,55.2,0.7,12.0,198.7,23782.0,44991.0,20.3,21.8,24.0,30.15,10.25,203.0,192.0,1.3,0.862428754432542
2026-04-19T19:14:53,04/19/202607:14,105.67,0.6,63.402,54.120000000000005,1.0,54.120000000000005,53.6,0.7,13.0,198.7,23782.0,44991.0,20.3,21.8,24.0,30.15,10.25,203.0,192.0,1.3,0.8536008327813003
2026-04-19T19:15:01,04/19/202607:15,105.38,0.6,63.227999999999994,54.11,0.9700000000000001,52.486700000000006,52.0,0.7,13.0,198.7,23782.0,44991.0,20.3,21.8,24.0,30.15,10.25,203.0,192.0,1.3,0.830117985702537
2026-04-19T19:15:02,04/19/202607:15,105.08,0.6,63.047999999999995,54.11,0.9400000000000001,50.863400000000006,50.4,0.7,13.0,198.7,23782.0,44991.0,20.3,21.8,24.0,30.15,10.25,203.0,192.0,1.3,0.806740895825403
2026-04-19T19:16:01,04/19/202607:16,104.79,0.6,62.874,54.120000000000005,0.9100000000000001,49.24920000000001,48.8,0.7,13.0,198.7,23782.0,44991.0,20.3,21.8,24.0,30.15,10.25,203.0,192.0,1.3,0.7832999331997329
2026-04-19T19:16:02,04/19/202607:16,104.62,0.61,63.818200000000004,54.120000000000005,0.8700000000000001,47.08440000000001,46.6,0.7,13.0,198.7,23782.0,44991.0,20.3,21.73,24.1,30.15,10.193999999999999,203.0,186.7,1.27,0.7377895333932954
2026-04-19T19:17:00,04/19/202607:17,104.46,0.6199999999999999,64.76519999999998,54.120000000000005,0.8300000000000001,44.91960000000001,44.4,0.7,13.0,198.7,23782.0,44991.0,20.3,21.660000000000004,24.2,30.15,10.138,203.0,181.4,1.24,0.6935761798002635
2026-04-19T19:17:02,04/19/202607:17,104.29,0.6199999999999999,64.65979999999999,54.120000000000005,0.78,42.21360000000001,41.7,0.7,13.0,198.7,23782.0,44991.0,20.3,21.59,24.3,30.15,10.081999999999999,203.0,176.1,1.21,0.6528569528516948
2026-04-19T19:18:01,04/19/202607:18,104.39000000000001,0.6199999999999999,64.7218,54.120000000000005,0.75,40.59,40.1,0.7,13.0,198.7,23782.0,44991.0,20.3,21.520000000000003,24.4,30.15,10.026,203.0,170.8,1.1800000000000002,0.6271457221523505
2026-04-19T19:19:00,04/19/202607:19,104.49000000000001,0.6199999999999999,64.7838,54.120000000000005,0.72,38.9664,38.5,0.7,13.0,198.7,23782.0,44991.0,20.3,21.45,24.5,30.15,9.97,203.0,165.5,1.15,0.6014837042593982
2026-04-19T19:19:02,04/19/202607:19,104.14000000000001,0.61,63.525400000000005,54.120000000000005,0.7,37.884,37.4,0.7,13.0,198.7,23782.0,44991.0,20.4,21.380000000000003,24.6,30.15,9.914,203.0,160.2,1.1199999999999999,0.5963598812443526
2026-04-19T19:20:01,04/19/202607:20,103.78,0.6,62.268,54.120000000000005,0.6799999999999999,36.8016,36.3,0.7,13.0,198.7,23782.0,44991.0,20.4,21.310000000000002,24.7,30.15,9.858,203.0,154.9,1.09,0.5910194642513008
2026-04-19T19:21:11,04/19/202607:21,103.41,0.59,61.0119,54.13000000000001,0.65,35.18450000000001,34.7,0.7,13.0,198.7,23782.0,44991.0,20.3,21.240000000000002,24.8,30.15,9.802,203.0,149.6,1.06,0.5766825815947382
2026-04-19T19:21:21,04/19/202607:21,103.05999999999999,0.58,59.77479999999999,54.120000000000005,0.62,33.5544,33.1,0.7,13.0,198.7,23782.0,44991.0,20.3,21.17,24.9,30.15,9.745999999999999,203.0,144.3,1.03,0.5613469221143359
2026-04-19T19:22:01,04/19/202607:22,102.71,0.5700000000000001,58.544700000000006,54.11,0.59,31.924899999999997,31.5,0.7,13.0,198.7,23782.0,44991.0,20.3,21.1,25.0,30.15,9.69,203.0,139.0,1.0,0.5453081149958919
2026-04-19T19:22:20,04/19/202607:22,101.75,0.53,53.9275,54.11,0.5599999999999999,30.301599999999997,29.9,0.7,13.0,198.7,23782.0,44991.0,20.3,21.1,25.0,30.15,9.69,203.0,139.0,1.0,0.5618951369894766
2026-04-19T19:23:01,04/19/202607:23,100.78999999999999,0.49000000000000005,49.387100000000004,54.11,0.53,28.6783,28.3,0.7,13.0,198.7,23782.0,44991.0,20.3,21.1,25.0,30.15,9.69,203.0,139.0,1.0,0.5806840247757005
2026-04-19T19:23:20,04/19/202607:23,99.83000000000001,0.45999999999999996,45.921800000000005,54.11,0.51,27.5961,27.2,0.7,13.0,198.7,23782.0,44991.0,20.3,21.1,25.0,30.15,9.69,203.0,139.0,1.0,0.6009368099682503
2026-04-19T19:24:01,04/19/202607:24,98.87,0.43,42.5141,54.11,0.49000000000000005,26.513900000000003,26.1,0.7,13.0,198.7,23782.0,44991.0,20.3,21.1,25.0,30.15,9.69,203.0,139.0,1.0,0.623649565673506
2026-04-19T19:24:19,04/19/202607:24,97.91,0.4,39.164,54.11,0.45999999999999996,24.8906,24.5,0.7,13.0,198.7,23782.0,44991.0,20.3,21.1,25.0,30.15,9.69,203.0,139.0,1.0,0.6355479522010009
2026-04-19T19:25:52,04/19/202607:25,95.28,0.39,37.1592,54.11,0.44000000000000006,23.808400000000002,23.4,0.7,13.0,198.7,23782.0,44991.0,20.3,21.1,25.0,30.15,9.69,203.0,139.0,1.0,0.6407134706882819
2026-04-19T19:26:01,04/19/202607:26,92.65,0.38,35.207,54.11,0.42000000000000004,22.726200000000002,22.3,0.7,13.0,198.7,23782.0,44991.0,20.3,21.1,25.0,30.15,9.69,203.0,139.0,1.0,0.6455023148805635
2026-04-19T19:27:01,04/19/202607:27,90.03,0.37,33.3111,54.1,0.41000000000000003,22.181,21.7,0.7,13.0,198.7,23782.0,44991.0,20.3,21.1,25.0,30.15,9.69,203.0,139.0,1.0,0.6658741380500793
2026-04-19T19:28:01,04/19/202607:28,87.4,0.36,31.464000000000002,54.1,0.4,21.64,21.1,0.7,13.0,198.7,23782.0,44991.0,20.3,21.1,25.0,30.15,9.69,203.0,139.0,1.0,0.6877701500127129
2026-04-19T19:28:20,04/19/202607:28,86.72999999999999,0.33999999999999997,29.488199999999996,54.1,0.38,20.558,20.0,0.7,13.0,198.7,23782.0,44991.0,20.3,21.1,25.0,30.15,9.69,203.0,139.0,1.0,0.6971602200202116
2026-04-19T19:29:01,04/19/202607:29,86.55,0.33999999999999997,29.426999999999996,54.1,0.37,20.017,19.5,0.7,13.0,198.7,23782.0,44991.0,20.3,21.1,25.0,30.15,9.69,203.0,139.0,1.0,0.6802256431168655
2026-04-19T19:29:20,04/19/202607:29,86.36,0.33999999999999997,29.362399999999997,54.1,0.36,19.476,19.0,0.7,13.0,198.7,23782.0,44991.0,20.3,21.1,25.0,30.15,9.69,203.0,139.0,1.0,0.6632972781516497
2026-04-19T19:29:53,04/19/202607:29,82.82000000000001,0.33999999999999997,28.1588,54.089999999999996,0.35,18.931499999999996,18.5,0.7,13.0,198.7,23782.0,44991.0,20.3,21.1,25.0,30.15,9.69,203.0,139.0,1.0,0.672312030342202
2026-04-19T19:30:00,04/19/202607:30,79.28,0.33999999999999997,26.955199999999998,54.08,0.33999999999999997,18.387199999999996,18.0,0.7,13.0,198.7,23782.0,44991.0,20.3,21.1,25.0,30.15,9.69,203.0,139.0,1.0,0.6821392532795155
2026-04-19T19:30:07,04/19/202607:30,75.72999999999999,0.33999999999999997,25.748199999999994,54.07000000000001,0.33999999999999997,18.3838,18.0,0.7,13.0,198.7,23782.0,44991.0,20.3,21.1,25.0,30.15,9.69,203.0,139.0,1.0,0.7139838901360097
2026-04-19T19:31:01,04/19/202607:31,74.31,0.32999999999999996,24.522299999999998,54.06,0.32999999999999996,17.8398,17.5,0.7,13.0,198.7,23782.0,44991.0,20.3,21.1,25.0,30.15,9.69,203.0,139.0,1.0,0.7274929350020186
2026-04-19T19:31:08,04/19/202607:31,72.88,0.32,23.3216,54.05,0.32,17.296,17.0,0.7,13.0,198.7,23782.0,44991.0,20.3,21.03,25.2,30.15,9.584999999999999,202.8,134.1,0.97,0.7416300768386388
2026-04-19T19:32:00,04/19/202607:32,71.45,0.31,22.1495,54.04,0.31,16.752399999999998,16.5,0.7,13.0,198.7,23782.0,44991.0,20.3,20.96,25.4,30.15,9.48,202.6,129.2,0.9400000000000001,0.7563331000699789
2026-04-19T19:32:07,04/19/202607:32,70.05,0.3,21.014999999999997,54.029999999999994,0.31,16.749299999999998,16.5,0.7,13.0,198.7,23782.0,44991.0,20.3,20.89,25.6,30.15,9.375,202.4,124.3,0.9099999999999999,0.7970164168451107
2026-04-19T19:33:01,04/19/202607:33,66.69,0.3,20.006999999999998,54.02,0.32,17.2864,17.0,0.7,13.0,198.7,23782.0,44991.0,20.3,20.82,25.8,30.15,9.27,202.2,119.4,0.8800000000000001,0.8640175938421554
2026-04-19T19:34:00,04/19/202607:34,63.33,0.3,18.999,54.0,0.32999999999999996,17.819999999999997,17.5,0.7,13.0,198.7,23782.0,44991.0,20.3,20.75,26.0,30.15,9.165000000000001,202.0,114.5,0.85,0.9379441023211746
2026-04-19T19:35:01,04/19/202607:35,59.98,0.3,17.994,53.98,0.33999999999999997,18.353199999999998,18.0,0.7,13.0,198.7,23782.0,44991.0,20.3,20.68,26.2,30.15,9.059999999999999,201.8,109.6,0.82,1.0199622096254306
2026-04-19T19:35:03,04/19/202607:35,62.739999999999995,0.3,18.822,53.970000000000006,0.33999999999999997,18.349800000000002,18.0,0.7,13.0,198.7,23782.0,44991.0,20.3,20.61,26.4,30.15,8.998000000000001,201.5,104.7,0.7899999999999999,0.9749123366273511
2026-04-19T19:37:03,04/19/202607:37,70.17,0.26999999999999996,18.945899999999998,53.95,0.31,16.7245,16.4,0.7,13.0,198.7,23782.0,44991.0,20.3,20.54,26.5,30.147,8.936,201.2,99.8,0.76,0.8827503575971583
2026-04-19T19:38:01,04/19/202607:38,77.61,0.24,18.6264,53.92999999999999,0.27999999999999997,15.100399999999997,14.8,0.7,13.0,198.7,23782.0,44991.0,20.3,20.47,26.6,30.144,8.874,200.9,94.9,0.73,0.8106987931108532
2026-04-19T19:38:04,04/19/202607:38,85.03999999999999,0.21000000000000002,17.8584,53.910000000000004,0.25,13.477500000000001,13.2,0.7,13.0,198.7,23782.0,44991.0,20.3,20.4,26.7,30.141,8.812000000000001,200.6,90.0,0.7,0.754686870044349
2026-04-19T19:39:01,04/19/202607:39,92.47999999999999,0.18,16.646399999999996,53.89,0.22000000000000003,11.855800000000002,11.6,0.7,13.0,198.7,23782.0,44991.0,20.3,20.4,26.6,30.137999999999998,8.855,200.5,90.0,0.7,0.712214052287582
2026-04-19T19:39:03,04/19/202607:39,99.91,0.15,14.9865,53.86,0.19,10.2334,10.0,0.7,13.0,198.7,23782.0,44991.0,20.3,20.4,26.5,30.135,8.898,200.4,90.0,0.7,0.6828412237680579
2026-04-19T19:40:01,04/19/202607:40,107.30999999999999,0.12,12.877199999999998,53.83,0.15,8.074499999999999,7.9,0.7,13.0,198.7,23782.0,44991.0,20.3,20.4,26.4,30.131999999999998,8.940999999999999,200.3,90.0,0.7,0.6270384866275277
2026-04-19T19:40:03,04/19/202607:40,114.69000000000001,0.09,10.3221,53.8,0.11000000000000001,5.918,5.8,0.7,13.0,198.7,23782.0,44991.0,20.3,20.4,26.3,30.129,8.984,200.2,90.0,0.7,0.5733329458152895
2026-04-19T19:41:01,04/19/202607:41,122.07000000000001,0.06,7.3242,53.779999999999994,0.06999999999999999,3.7645999999999993,3.7,0.7,13.0,198.7,23782.0,44991.0,20.3,20.4,26.2,30.125999999999998,9.027000000000001,200.1,90.0,0.7,0.513994702493105
2026-04-19T19:41:03,04/19/202607:41,129.43,0.03,3.8829000000000002,53.75,0.03,1.6125,1.6,0.7,13.0,198.7,23782.0,44991.0,20.3,20.4,26.1,30.123,9.07,200.0,90.0,0.7,0.4152823920265781
2026-04-19T19:42:01,04/19/202607:42,134.04000000000002,0.0,0.0,53.720000000000006,0.0,0.0,0.0,0.7,13.0,198.7,23782.0,44991.0,20.3,20.4,26.0,30.119999999999997,9.07,200.0,90.0,0.7,
2026-04-19T19:42:03,04/19/202607:42,133.97,0.0,0.0,53.7,0.0,0.0,0.0,0.7,13.0,198.7,23782.0,44991.0,20.3,20.4,26.0,30.119999999999997,9.07,200.0,90.0,0.7,
2026-04-19T19:42:52,04/19/202607:42,133.88,0.0,0.0,53.67999999999999,0.0,0.0,0.0,0.7,13.0,198.7,23782.0,44991.0,20.3,20.4,26.0,30.119999999999997,9.07,200.0,90.0,0.7,
2026-04-19T19:43:00,04/19/202607:43,133.8,0.0,0.0,53.660000000000004,0.0,0.0,0.0,0.7,13.0,198.7,23782.0,44991.0,20.3,20.4,26.0,30.119999999999997,9.07,200.0,90.0,0.7,
2026-04-19T19:43:53,04/19/202607:43,133.7,0.0,0.0,53.63000000000001,0.0,0.0,0.0,0.7,13.0,198.7,23782.0,44991.0,20.3,20.4,26.0,30.119999999999997,9.07,200.0,90.0,0.7,
2026-04-19T19:44:01,04/19/202607:44,133.60999999999999,0.0,0.0,53.61,0.0,0.0,0.0,0.7,13.0,198.7,23782.0,44991.0,20.3,20.4,26.0,30.119999999999997,9.07,200.0,90.0,0.7,
2026-04-19T19:44:52,04/19/202607:44,133.49,0.0,0.0,53.589999999999996,0.0,0.0,0.0,0.7,13.0,198.7,23782.0,44991.0,20.3,20.4,26.0,30.119999999999997,9.07,200.0,90.0,0.7,
2026-04-19T19:45:00,04/19/202607:45,133.39000000000001,0.0,0.0,53.57000000000001,0.0,0.0,0.0,0.7,13.0,198.7,23782.0,44991.0,20.3,20.4,26.0,30.119999999999997,9.07,200.0,90.0,0.7,
2026-04-19T19:45:53,04/19/202607:45,133.27,0.0,0.0,53.54,0.0,0.0,0.0,0.7,13.0,198.7,23782.0,44991.0,20.3,20.32,26.2,30.119999999999997,8.971,199.9,85.5,0.6799999999999999,
2026-04-19T19:46:01,04/19/202607:46,133.17000000000002,0.0,0.0,53.52,0.0,0.0,0.0,0.7,13.0,198.7,23782.0,44991.0,20.3,20.24,26.4,30.119999999999997,8.872,199.8,81.0,0.6599999999999999,
2026-04-19T19:48:16,04/19/202607:48,133.02,0.0,0.0,53.5,0.0,0.0,0.0,0.7,13.0,198.7,23782.0,44991.0,20.3,20.16,26.6,30.119999999999997,8.773,199.7,76.5,0.6399999999999999,
2026-04-19T19:48:52,04/19/202607:48,132.85,0.0,0.0,53.470000000000006,0.0,0.0,0.0,0.7,13.0,198.7,23782.0,44991.0,20.3,20.080000000000002,26.8,30.119999999999997,8.674000000000001,199.6,72.0,0.6199999999999999,
2026-04-19T19:49:00,04/19/202607:49,132.7,0.0,0.0,53.44,0.0,0.0,0.0,0.7,13.0,198.7,23782.0,44991.0,20.3,20.0,27.0,30.119999999999997,8.575,199.5,67.5,0.6,
2026-04-19T19:49:53,04/19/202607:49,132.53,0.0,0.0,53.410000000000004,0.0,0.0,0.0,0.7,13.0,198.7,23782.0,44991.0,20.4,19.919999999999998,27.2,30.119999999999997,8.476,199.4,63.0,0.58,
2026-04-19T19:50:01,04/19/202607:50,132.38,0.0,0.0,53.39,0.0,0.0,0.0,0.7,13.0,198.7,23782.0,44991.0,20.4,19.84,27.4,30.119999999999997,8.376999999999999,199.3,58.5,0.5599999999999999,
2026-04-19T19:50:11,04/19/202607:50,132.20999999999998,0.0,0.0,53.36999999999999,0.0,0.0,0.0,0.7,13.0,198.7,23782.0,44991.0,20.4,19.76,27.6,30.119999999999997,8.278,199.2,54.0,0.54,
2026-04-19T19:51:01,04/19/202607:51,132.07,0.0,0.0,53.35,0.0,0.0,0.0,0.7,13.0,198.7,23782.0,44991.0,20.4,19.68,27.8,30.119999999999997,8.179,199.1,49.5,0.52,
2026-04-19T19:51:11,04/19/202607:51,131.91,0.0,0.0,53.31999999999999,0.0,0.0,0.0,0.7,13.0,198.7,23782.0,44991.0,20.4,19.6,28.0,30.119999999999997,8.08,199.0,45.0,0.5,
2026-04-19T19:52:01,04/19/202607:52,131.77,0.0,0.0,53.3,0.0,0.0,0.0,0.7,13.0,198.7,23782.0,44991.0,20.4,19.6,28.0,30.119999999999997,8.08,199.0,45.0,0.5,
2026-04-19T19:52:11,04/19/202607:52,131.59,0.0,0.0,53.279999999999994,0.0,0.0,0.0,0.7,13.0,198.7,23782.0,44991.0,20.4,19.6,28.0,30.119999999999997,8.08,199.0,45.0,0.5,
2026-04-19T19:53:01,04/19/202607:53,131.45999999999998,0.0,0.0,53.260000000000005,0.0,0.0,0.0,0.7,13.0,198.7,23782.0,44991.0,20.4,19.6,28.0,30.119999999999997,8.08,199.0,45.0,0.5,
2026-04-19T19:53:11,04/19/202607:53,131.32999999999998,0.0,0.0,53.239999999999995,0.0,0.0,0.0,0.7,13.0,198.7,23782.0,44991.0,20.4,19.6,28.0,30.119999999999997,8.08,199.0,45.0,0.5,
2026-04-19T19:54:00,04/19/202607:54,131.2,0.0,0.0,53.220000000000006,0.0,0.0,0.0,0.7,13.0,198.7,23782.0,44991.0,20.4,19.6,28.0,30.119999999999997,8.08,199.0,45.0,0.5,
2026-04-19T19:54:10,04/19/202607:54,131.05,0.0,0.0,53.2,0.0,0.0,0.0,0.7,13.0,198.7,23782.0,44991.0,20.4,19.6,28.0,30.119999999999997,8.08,199.0,45.0,0.5,
2026-04-19T19:55:01,04/19/202607:55,130.9,0.0,0.0,53.17999999999999,0.0,0.0,0.0,0.7,13.0,198.7,23782.0,44991.0,20.4,19.6,28.0,30.119999999999997,8.08,199.0,45.0,0.5,
2026-04-19T19:55:11,04/19/202607:55,130.73,0.0,0.0,53.15,0.0,0.0,0.0,0.7,13.0,198.7,23782.0,44991.0,20.4,19.6,28.0,30.119999999999997,8.08,199.0,45.0,0.5,
2026-04-19T19:56:00,04/19/202607:56,130.56,0.0,0.0,53.120000000000005,0.0,0.0,0.0,0.7,13.0,198.7,23782.0,44991.0,20.4,19.6,28.0,30.119999999999997,8.08,199.0,45.0,0.5,
2026-04-19T19:56:10,04/19/202607:56,130.35999999999999,0.0,0.0,53.1,0.0,0.0,0.0,0.7,13.0,198.7,23782.0,44991.0,20.4,19.6,28.0,30.119999999999997,8.08,199.0,45.0,0.5,
2026-04-19T19:57:01,04/19/202607:57,130.16,0.0,0.0,53.08,0.0,0.0,0.0,0.7,13.0,198.7,23782.0,44991.0,20.4,19.6,28.0,30.119999999999997,8.08,199.0,45.0,0.5,
2026-04-19T19:57:11,04/19/202607:57,129.95999999999998,0.0,0.0,53.06,0.0,0.0,0.0,0.7,13.0,198.7,23782.0,44991.0,20.4,19.6,28.0,30.119999999999997,8.08,199.0,45.0,0.5,
2026-04-19T19:58:00,04/19/202607:58,129.76,0.0,0.0,53.04,0.0,0.0,0.0,0.7,13.0,198.7,23782.0,44991.0,20.4,19.6,28.0,30.119999999999997,8.08,199.0,45.0,0.5,
2026-04-19T19:59:26,04/19/202607:59,129.49,0.0,0.0,53.02,0.0,0.0,0.0,0.7,13.0,198.7,23782.0,44991.0,20.4,19.6,28.0,30.119999999999997,8.08,199.0,45.0,0.5,
2026-04-19T19:59:27,04/19/202607:59,129.2,0.0,0.0,52.989999999999995,0.0,0.0,0.0,0.7,13.0,198.7,23782.0,44991.0,20.4,19.6,28.0,30.119999999999997,8.08,199.0,45.0,0.5,
2026-04-19T20:00:00,04/19/202608:00,128.95,0.0,0.0,52.96,0.0,0.0,0.0,0.7,13.0,198.7,23782.0,44991.0,20.4,19.6,28.0,30.119999999999997,8.08,199.0,45.0,0.5,
2026-04-19T20:00:26,04/19/202608:00,128.64000000000001,0.0,0.0,52.92999999999999,0.0,0.0,0.0,0.7,13.0,198.7,23782.0,44991.0,20.4,19.6,28.0,30.119999999999997,8.08,199.0,45.0,0.5,
2026-04-19T20:01:01,04/19/202608:01,128.37,0.0,0.0,52.910000000000004,0.0,0.0,0.0,0.7,13.0,198.7,23782.0,44991.0,20.4,19.6,28.0,30.119999999999997,8.08,199.0,45.0,0.5,
2026-04-19T20:01:27,04/19/202608:01,128.04000000000002,0.0,0.0,52.89,0.0,0.0,0.0,0.7,13.0,198.7,23782.0,44991.0,20.4,19.520000000000003,28.1,30.119999999999997,8.024,198.1,41.7,0.48,
2026-04-19T20:02:00,04/19/202608:02,127.75999999999999,0.0,0.0,52.86999999999999,0.0,0.0,0.0,0.7,13.0,198.7,23782.0,44991.0,20.4,19.44,28.2,30.119999999999997,7.968000000000001,197.2,38.4,0.45999999999999996,
2026-04-19T20:02:26,04/19/202608:02,127.41,0.0,0.0,52.85,0.0,0.0,0.0,0.7,13.0,198.7,23782.0,44991.0,20.5,19.360000000000003,28.3,30.119999999999997,7.912000000000001,196.3,35.1,0.44000000000000006,
2026-04-19T20:03:01,04/19/202608:03,127.1,0.0,0.0,52.83,0.0,0.0,0.0,0.7,13.0,198.7,23782.0,44991.0,20.5,19.28,28.4,30.119999999999997,7.856,195.4,31.8,0.42000000000000004,
2026-04-19T20:03:27,04/19/202608:03,126.71,0.0,0.0,52.8,0.0,0.0,0.0,0.7,13.0,198.7,23782.0,44991.0,20.4,19.2,28.5,30.119999999999997,7.8,194.5,28.5,0.4,
2026-04-19T20:04:00,04/19/202608:04,126.42,0.0,0.0,52.779999999999994,0.0,0.0,0.0,0.7,13.0,198.7,23782.0,44991.0,20.4,19.12,28.6,30.119999999999997,7.744,193.6,25.2,0.38,
2026-04-19T20:04:26,04/19/202608:04,126.05999999999999,0.0,0.0,52.77,0.0,0.0,0.0,0.7,13.0,198.7,23782.0,44991.0,20.4,19.04,28.7,30.119999999999997,7.688,192.7,21.9,0.36,
2026-04-19T20:05:01,04/19/202608:05,125.7,0.0,0.0,52.760000000000005,0.0,0.0,0.0,0.7,13.0,198.7,23782.0,44991.0,20.4,18.96,28.8,30.119999999999997,7.632,191.8,18.6,0.33999999999999997,
2026-04-19T20:05:26,04/19/202608:05,125.32000000000001,0.0,0.0,52.75,0.0,0.0,0.0,0.7,13.0,198.7,23782.0,44991.0,20.4,18.880000000000003,28.9,30.119999999999997,7.575999999999999,190.9,15.3,0.31999999999999995,
2026-04-19T20:06:00,04/19/202608:06,124.94000000000001,0.0,0.0,52.739999999999995,0.0,0.0,0.0,0.7,13.0,198.7,23782.0,44991.0,20.4,18.8,29.0,30.119999999999997,7.519999999999999,190.0,12.0,0.3,
2026-04-19T20:06:27,04/19/202608:06,124.53,0.0,0.0,52.720000000000006,0.01,0.5272000000000001,0.5,0.7,13.0,198.7,23782.0,44991.0,20.4,18.8,29.0,30.119999999999997,7.519999999999999,190.0,12.0,0.3,
2026-04-19T20:07:00,04/19/202608:07,124.12,0.0,0.0,52.7,0.02,1.054,1.0,0.7,13.0,198.7,23782.0,44991.0,20.4,18.8,29.0,30.119999999999997,7.519999999999999,190.0,12.0,0.3,
2026-04-19T20:07:26,04/19/202608:07,123.67999999999999,0.0,0.0,52.68000000000001,0.02,1.0536,1.0,0.7,13.0,198.7,23782.0,44991.0,20.4,18.8,29.0,30.119999999999997,7.519999999999999,190.0,12.0,0.3,
2026-04-19T20:08:00,04/19/202608:08,123.24000000000001,0.0,0.0,52.660000000000004,0.02,1.0532000000000001,1.0,0.7,13.0,198.7,23782.0,44991.0,20.4,18.8,29.0,30.119999999999997,7.519999999999999,190.0,12.0,0.3,
2026-04-19T20:08:27,04/19/202608:08,120.77000000000001,0.0,0.0,52.64,0.02,1.0528,1.0,0.7,13.0,198.7,23782.0,44991.0,20.4,18.8,29.0,30.119999999999997,7.519999999999999,190.0,12.0,0.3,
2026-04-19T20:09:00,04/19/202608:09,118.3,0.0,0.0,52.620000000000005,0.02,1.0524,1.0,0.7,13.0,198.7,23782.0,44991.0,20.4,18.8,29.0,30.119999999999997,7.519999999999999,190.0,12.0,0.3,
2026-04-19T20:11:22,04/19/202608:11,115.42999999999999,0.0,0.0,52.6,0.02,1.052,1.0,0.7,13.0,198.7,23782.0,44991.0,20.4,18.8,29.0,30.119999999999997,7.519999999999999,190.0,12.0,0.3,
2026-04-19T20:12:00,04/19/202608:12,112.55999999999999,0.0,0.0,52.58,0.02,1.0516,1.0,0.7,13.0,198.7,23782.0,44991.0,20.4,18.8,29.0,30.119999999999997,7.519999999999999,190.0,12.0,0.3,
2026-04-19T20:12:22,04/19/202608:12,111.16,0.0,0.0,52.55,0.02,1.051,1.0,0.7,13.0,198.7,23782.0,44991.0,20.4,18.8,29.0,30.119999999999997,7.519999999999999,190.0,12.0,0.3,
2026-04-19T20:13:00,04/19/202608:13,109.75999999999999,0.0,0.0,52.52,0.02,1.0504,1.0,0.7,13.0,198.7,23782.0,44991.0,20.4,18.8,29.0,30.119999999999997,7.519999999999999,190.0,12.0,0.3,
2026-04-19T20:13:22,04/19/202608:13,105.25999999999999,0.0,0.0,52.510000000000005,0.01,0.5251,0.5,0.7,13.0,198.7,23782.0,44991.0,20.4,18.8,29.0,30.119999999999997,7.519999999999999,190.0,12.0,0.3,
2026-04-19T20:14:00,04/19/202608:14,100.76,0.0,0.0,52.5,0.0,0.0,0.0,0.7,13.0,198.7,23782.0,44991.0,20.4,18.8,29.0,30.119999999999997,7.519999999999999,190.0,12.0,0.3,
2026-04-19T20:14:21,04/19/202608:14,93.93,0.0,0.0,52.48,0.0,0.0,0.0,0.7,13.0,198.7,23782.0,44991.0,20.4,18.8,29.0,30.119999999999997,7.519999999999999,190.0,12.0,0.3,
2026-04-19T20:15:00,04/19/202608:15,87.1,0.0,0.0,52.46,0.0,0.0,0.0,0.7,13.0,198.7,23782.0,44991.0,20.4,18.8,29.0,30.119999999999997,7.519999999999999,190.0,12.0,0.3,
2026-04-19T20:16:00,04/19/202608:16,82.38000000000001,0.0,0.0,52.44,0.0,0.0,0.0,0.7,13.0,198.7,23782.0,44991.0,20.4,18.8,29.0,30.119999999999997,7.519999999999999,190.0,12.0,0.3,
2026-04-19T20:16:30,04/19/202608:16,77.65,0.0,0.0,52.42,0.0,0.0,0.0,0.7,13.0,198.7,23782.0,44991.0,20.4,18.75,29.1,30.119999999999997,7.519999999999999,190.0,10.8,0.27999999999999997,
2026-04-19T20:17:00,04/19/202608:17,73.41,0.0,0.0,52.4,0.0,0.0,0.0,0.7,13.0,198.7,23782.0,44991.0,20.4,18.7,29.2,30.119999999999997,7.519999999999999,190.0,9.6,0.26,
2026-04-19T20:18:00,04/19/202608:18,69.17,0.0,0.0,52.379999999999995,0.0,0.0,0.0,0.7,13.0,198.7,23782.0,44991.0,20.4,18.65,29.3,30.119999999999997,7.519999999999999,190.0,8.4,0.24,
2026-04-19T20:19:00,04/19/202608:19,63.54,0.0,0.0,52.36,0.0,0.0,0.0,0.7,13.0,198.7,23782.0,44991.0,20.4,18.6,29.4,30.119999999999997,7.519999999999999,190.0,7.2,0.22000000000000003,
2026-04-19T20:20:00,04/19/202608:20,57.910000000000004,0.0,0.0,52.35,0.0,0.0,0.0,0.7,13.0,198.7,23782.0,44991.0,20.4,18.55,29.5,30.119999999999997,7.519999999999999,190.0,6.0,0.2,
2026-04-19T20:20:06,04/19/202608:20,55.46,0.0,0.0,52.33,0.0,0.0,0.0,0.7,13.0,198.7,23782.0,44991.0,20.4,18.5,29.6,30.119999999999997,7.519999999999999,190.0,4.8,0.18,
2026-04-19T20:21:49,04/19/202608:21,53.02,0.0,0.0,52.3,0.0,0.0,0.0,0.7,13.0,198.7,23782.0,44991.0,20.4,18.46,29.7,30.119999999999997,7.519999999999999,190.0,3.6,0.16,
2026-04-19T20:22:01,04/19/202608:22,53.010000000000005,0.0,0.0,52.279999999999994,0.0,0.0,0.0,0.7,13.0,198.7,23782.0,44991.0,20.4,18.419999999999998,29.8,30.119999999999997,7.519999999999999,190.0,2.4,0.13999999999999999,
2026-04-19T20:23:01,04/19/202608:23,53.0,0.0,0.0,52.260000000000005,0.0,0.0,0.0,0.7,13.0,198.7,23782.0,44991.0,20.4,18.380000000000003,29.9,30.119999999999997,7.519999999999999,190.0,1.2,0.12,
2026-04-19T20:24:01,04/19/202608:24,52.989999999999995,0.0,0.0,52.25,0.0,0.0,0.0,0.7,13.0,198.7,23782.0,44991.0,20.4,18.34,30.0,30.119999999999997,7.519999999999999,190.0,0.0,0.1,
2026-04-19T20:24:06,04/19/202608:24,52.970000000000006,0.0,0.0,52.239999999999995,0.0,0.0,0.0,0.7,13.0,198.7,23782.0,44991.0,20.4,18.35,30.0,30.119999999999997,7.519999999999999,190.0,0.0,0.1,
2026-04-19T20:25:01,04/19/202608:25,52.95,0.0,0.0,52.23,0.0,0.0,0.0,0.7,13.0,198.7,23782.0,44991.0,20.4,18.36,30.0,30.119999999999997,7.519999999999999,190.0,0.0,0.1,
2026-04-19T20:25:06,04/19/202608:25,52.25,0.0,0.0,52.220000000000006,0.0,0.0,0.0,0.7,13.0,198.7,23782.0,44991.0,20.5,18.369999999999997,30.0,30.119999999999997,7.519999999999999,190.0,0.0,0.1,
2026-04-19T20:26:01,04/19/202608:26,51.55,0.0,0.0,52.220000000000006,0.0,0.0,0.0,0.7,13.0,198.7,23782.0,44991.0,20.5,18.38,30.0,30.119999999999997,7.519999999999999,190.0,0.0,0.1,
2026-04-19T20:26:06,04/19/202608:26,50.28,0.0,0.0,52.21,0.0,0.0,0.0,0.7,13.0,198.7,23782.0,44991.0,20.4,18.389999999999997,30.0,30.119999999999997,7.494999999999999,190.1,0.0,0.1,
2026-04-19T20:27:01,04/19/202608:27,49.019999999999996,0.0,0.0,52.2,0.0,0.0,0.0,0.7,13.0,198.7,23782.0,44991.0,20.4,18.4,30.0,30.119999999999997,7.469999999999999,190.2,0.0,0.1,
2026-04-19T20:27:06,04/19/202608:27,47.269999999999996,0.0,0.0,52.2,0.0,0.0,0.0,0.7,13.0,198.7,23782.0,44991.0,20.4,18.4,30.0,30.119999999999997,7.4449999999999985,190.3,0.0,0.1,
2026-04-19T20:28:00,04/19/202608:28,45.519999999999996,0.0,0.0,52.2,0.0,0.0,0.0,0.7,13.0,198.7,23782.0,44991.0,20.4,18.4,30.0,30.119999999999997,7.419999999999999,190.4,0.0,0.1,
2026-04-19T20:28:06,04/19/202608:28,43.37,0.0,0.0,52.19,0.0,0.0,0.0,0.7,13.0,198.7,23782.0,44991.0,20.4,18.4,30.0,30.119999999999997,7.394999999999999,190.5,0.0,0.1,
2026-04-19T20:29:01,04/19/202608:29,41.22,0.0,0.0,52.18000000000001,0.0,0.0,0.0,0.7,13.0,198.7,23782.0,44991.0,20.4,18.4,30.0,30.119999999999997,7.369999999999999,190.6,0.0,0.1,
2026-04-19T20:29:07,04/19/202608:29,38.769999999999996,0.0,0.0,52.17,0.0,0.0,0.0,0.7,13.0,198.7,23782.0,44991.0,20.4,18.4,30.0,30.119999999999997,7.344999999999999,190.7,0.0,0.1,
2026-04-19T20:30:00,04/19/202608:30,36.32,0.0,0.0,52.160000000000004,0.0,0.0,0.0,0.7,13.0,198.7,23782.0,44991.0,20.4,18.4,30.0,30.119999999999997,7.3199999999999985,190.8,0.0,0.1,
2026-04-19T20:30:06,04/19/202608:30,34.31,0.0,0.0,52.15,0.0,0.0,0.0,0.7,13.0,198.7,23782.0,44991.0,20.5,18.4,30.0,30.119999999999997,7.294999999999999,190.9,0.0,0.1,
2026-04-19T20:31:01,04/19/202608:31,32.3,0.0,0.0,52.14,0.0,0.0,0.0,0.7,13.0,198.7,23782.0,44991.0,20.5,18.4,30.0,30.119999999999997,7.269999999999999,191.0,0.0,0.1,
2026-04-19T20:31:06,04/19/202608:31,30.68,0.0,0.0,52.13000000000001,0.0,0.0,0.0,0.7,13.0,198.7,23782.0,44991.0,20.4,18.35,30.1,30.123,7.275999999999999,192.2,0.0,0.1,
2026-04-19T20:33:01,04/19/202608:33,28.95,0.0,0.0,52.120000000000005,0.0,0.0,0.0,0.7,13.0,198.7,23782.0,44991.0,20.4,18.3,30.2,30.125999999999998,7.281999999999999,193.4,0.0,0.1,
2026-04-19T20:33:06,04/19/202608:33,27.65,0.0,0.0,52.11,0.0,0.0,0.0,0.7,13.0,198.7,23782.0,44991.0,20.4,18.25,30.3,30.129,7.287999999999999,194.6,0.0,0.1,
2026-04-19T20:34:00,04/19/202608:34,26.35,0.0,0.0,52.1,0.0,0.0,0.0,0.7,13.0,198.7,23782.0,44991.0,20.4,18.2,30.4,30.131999999999998,7.294,195.8,0.0,0.1,
2026-04-19T20:34:06,04/19/202608:34,25.41,0.0,0.0,52.089999999999996,0.0,0.0,0.0,0.7,13.0,198.7,23782.0,44991.0,20.5,18.15,30.5,30.135,7.3,197.0,0.0,0.1,
2026-04-19T20:35:01,04/19/202608:35,24.47,0.0,0.0,52.08,0.0,0.0,0.0,0.7,13.0,198.7,23782.0,44991.0,20.5,18.1,30.6,30.137999999999998,7.306,198.2,0.0,0.1,
2026-04-19T20:35:06,04/19/202608:35,23.82,0.0,0.0,52.08,0.0,0.0,0.0,0.7,13.0,198.7,23782.0,44991.0,20.5,18.05,30.7,30.141,7.312,199.4,0.0,0.1,
2026-04-19T20:36:01,04/19/202608:36,23.169999999999998,0.0,0.0,52.08,0.0,0.0,0.0,0.7,13.0,198.7,23782.0,44991.0,20.5,18.0,30.8,30.144,7.3180000000000005,200.6,0.0,0.1,
2026-04-19T20:36:07,04/19/202608:36,22.73,0.0,0.0,52.08,0.0,0.0,0.0,0.7,13.0,198.7,23782.0,44991.0,20.4,17.95,30.9,30.147,7.324,201.8,0.0,0.1,
2026-04-19T20:37:00,04/19/202608:37,22.29,0.0,0.0,52.08,0.0,0.0,0.0,0.7,13.0,198.7,23782.0,44991.0,20.4,17.9,31.0,30.15,7.33,203.0,0.0,0.1,
2026-04-19T20:37:06,04/19/202608:37,22.02,0.0,0.0,52.07000000000001,0.0,0.0,0.0,0.7,13.0,198.7,23782.0,44991.0,20.5,17.9,31.0,30.15,7.33,203.0,0.0,0.1,
2026-04-19T20:38:01,04/19/202608:38,21.86,0.0,0.0,52.06,0.0,0.0,0.0,0.7,13.0,198.7,23782.0,44991.0,20.5,17.9,31.0,30.15,7.33,203.0,0.0,0.1,
2026-04-19T20:38:06,04/19/202608:38,21.73,0.0,0.0,52.05,0.0,0.0,0.0,0.7,13.0,198.7,23782.0,44991.0,20.4,17.9,31.0,30.15,7.33,203.0,0.0,0.1,
2026-04-19T20:39:00,04/19/202608:39,21.6,0.0,0.0,52.04,0.0,0.0,0.0,0.7,13.0,198.7,23782.0,44991.0,20.4,17.9,31.0,30.15,7.33,203.0,0.0,0.1,
2026-04-19T20:39:05,04/19/202608:39,21.5,0.0,0.0,52.04,0.0,0.0,0.0,0.7,13.0,198.7,23782.0,44991.0,20.4,17.9,31.0,30.15,7.33,203.0,0.0,0.1,
2026-04-19T20:40:01,04/19/202608:40,21.4,0.0,0.0,52.04,0.0,0.0,0.0,0.7,13.0,198.7,23782.0,44991.0,20.4,17.9,31.0,30.15,7.33,203.0,0.0,0.1,
2026-04-19T20:40:05,04/19/202608:40,21.31,0.0,0.0,52.04,0.0,0.0,0.0,0.7,13.0,198.7,23782.0,44991.0,20.4,17.9,31.0,30.15,7.33,203.0,0.0,0.1,
2026-04-19T20:41:00,04/19/202608:41,21.22,0.0,0.0,52.04,0.0,0.0,0.0,0.7,13.0,198.7,23782.0,44991.0,20.4,17.9,31.0,30.15,7.33,203.0,0.0,0.1,
2026-04-19T20:42:01,04/19/202608:42,21.16,0.0,0.0,52.029999999999994,0.0,0.0,0.0,0.7,13.0,198.7,23782.0,44991.0,20.4,17.9,31.0,30.15,7.33,203.0,0.0,0.1,
2026-04-19T20:42:05,04/19/202608:42,21.09,0.0,0.0,52.02,0.0,0.0,0.0,0.7,13.0,198.7,23782.0,44991.0,20.5,17.9,31.0,30.15,7.33,203.0,0.0,0.1,
2026-04-19T20:44:12,04/19/202608:44,21.02,0.0,0.0,52.010000000000005,0.0,0.0,0.0,0.7,13.0,198.7,23782.0,44991.0,20.4,17.9,31.0,30.15,7.33,203.0,0.0,0.1,
2026-04-19T20:45:01,04/19/202608:45,20.95,0.0,0.0,52.0,0.0,0.0,0.0,0.7,13.0,198.7,23782.0,44991.0,20.4,17.9,31.0,30.15,7.33,203.0,0.0,0.1,
2026-04-19T20:46:01,04/19/202608:46,20.9,0.0,0.0,51.989999999999995,0.0,0.0,0.0,0.7,13.0,198.7,23782.0,44991.0,20.4,17.9,31.0,30.15,7.33,203.0,0.0,0.1,
2026-04-19T20:47:49,04/19/202608:47,20.84,0.0,0.0,51.989999999999995,0.0,0.0,0.0,0.7,13.0,198.7,23782.0,44991.0,20.5,17.86,31.1,30.15,7.268000000000001,203.7,0.0,0.09,
2026-04-19T20:48:01,04/19/202608:48,20.79,0.0,0.0,51.989999999999995,0.0,0.0,0.0,0.7,13.0,198.7,23782.0,44991.0,20.5,17.82,31.2,30.15,7.206,204.4,0.0,0.08,
2026-04-19T20:49:01,04/19/202608:49,20.740000000000002,0.0,0.0,51.98,0.0,0.0,0.0,0.7,13.0,198.7,23782.0,44991.0,20.4,17.779999999999998,31.3,30.15,7.144,205.1,0.0,0.07,
2026-04-19T20:50:00,04/19/202608:50,20.71,0.0,0.0,51.970000000000006,0.0,0.0,0.0,0.7,13.0,198.7,23782.0,44991.0,20.4,17.74,31.4,30.15,7.081999999999999,205.8,0.0,0.06000000000000001,
2026-04-19T20:51:01,04/19/202608:51,20.68,0.0,0.0,51.95,0.0,0.0,0.0,0.7,13.0,198.7,23782.0,44991.0,20.4,17.7,31.5,30.15,7.0200000000000005,206.5,0.0,0.05,
2026-04-19T20:52:00,04/19/202608:52,20.65,0.0,0.0,51.94,0.0,0.0,0.0,0.7,13.0,198.7,23782.0,44991.0,20.4,17.66,31.6,30.15,6.958,207.2,0.0,0.04,
2026-04-19T20:52:50,04/19/202608:52,20.62,0.0,0.0,51.92999999999999,0.0,0.0,0.0,0.7,13.0,198.7,23782.0,44991.0,20.4,17.619999999999997,31.7,30.15,6.895999999999999,207.9,0.0,0.030000000000000006,
2026-04-19T20:53:01,04/19/202608:53,20.6,0.0,0.0,51.92999999999999,0.0,0.0,0.0,0.7,13.0,198.7,23782.0,44991.0,20.4,17.580000000000002,31.8,30.15,6.8340000000000005,208.6,0.0,0.02,
2026-04-19T20:53:50,04/19/202608:53,20.59,0.0,0.0,51.92999999999999,0.0,0.0,0.0,0.7,13.0,198.7,23782.0,44991.0,20.4,17.54,31.9,30.15,6.772,209.3,0.0,0.01,
2026-04-19T20:55:23,04/19/202608:55,20.580000000000002,0.0,0.0,51.92999999999999,0.0,0.0,0.0,0.7,13.0,198.7,23782.0,44991.0,20.5,17.5,32.0,30.15,6.709999999999999,210.0,0.0,0.0,
2026-04-19T20:56:00,04/19/202608:56,20.580000000000002,0.0,0.0,51.92,0.0,0.0,0.0,0.7,13.0,198.7,23782.0,44991.0,20.5,17.5,32.0,30.15,6.709999999999999,210.0,0.0,0.0,
2026-04-19T20:56:24,04/19/202608:56,20.57,0.0,0.0,51.92,0.0,0.0,0.0,0.7,13.0,198.7,23782.0,44991.0,20.4,17.5,32.0,30.15,6.709999999999999,210.0,0.0,0.0,
2026-04-19T20:57:00,04/19/202608:57,20.560000000000002,0.0,0.0,51.92999999999999,0.0,0.0,0.0,0.7,13.0,198.7,23782.0,44991.0,20.4,17.5,32.0,30.15,6.709999999999999,210.0,0.0,0.0,
2026-04-19T20:58:00,04/19/202608:58,20.55,0.0,0.0,51.92,0.0,0.0,0.0,0.7,13.0,198.7,23782.0,44991.0,20.4,17.5,32.0,30.15,6.709999999999999,210.0,0.0,0.0,
2026-04-19T20:59:00,04/19/202608:59,20.54,0.0,0.0,51.92,0.0,0.0,0.0,0.7,13.0,198.7,23782.0,44991.0,20.5,17.5,32.0,30.15,6.709999999999999,210.0,0.0,0.0,
2026-04-19T20:59:06,04/19/202608:59,20.54,0.0,0.0,51.910000000000004,0.0,0.0,0.0,0.7,13.0,198.7,23782.0,44991.0,20.4,17.5,32.0,30.15,6.709999999999999,210.0,0.0,0.0,
2026-04-19T21:00:00,04/19/202609:00,20.55,0.0,0.0,51.9,0.0,0.0,0.0,0.7,13.0,198.7,23782.0,44991.0,20.4,17.5,32.0,30.15,6.709999999999999,210.0,0.0,0.0,
2026-04-19T21:00:06,04/19/202609:00,20.55,0.0,0.0,51.9,0.0,0.0,0.0,0.7,13.0,198.7,23782.0,44991.0,20.4,17.5,32.0,30.15,6.709999999999999,210.0,0.0,0.0,
2026-04-19T21:01:00,04/19/202609:01,20.54,0.0,0.0,51.9,0.0,0.0,0.0,0.7,13.0,198.7,23782.0,44991.0,20.4,17.5,32.0,30.15,6.709999999999999,210.0,0.0,0.0,
2026-04-19T21:02:00,04/19/202609:02,20.53,0.0,0.0,51.9,0.0,0.0,0.0,0.7,13.0,198.7,23782.0,44991.0,20.4,17.45,32.0,30.15,6.611,210.1,0.0,0.0,
2026-04-19T21:03:01,04/19/202609:03,20.52,0.0,0.0,51.9,0.0,0.0,0.0,0.7,13.0,198.7,23782.0,44991.0,20.5,17.4,32.0,30.15,6.5120000000000005,210.2,0.0,0.0,
2026-04-19T21:04:00,04/19/202609:04,20.52,0.0,0.0,51.879999999999995,0.0,0.0,0.0,0.7,13.0,198.7,23782.0,44991.0,20.4,17.35,32.0,30.15,6.412999999999999,210.3,0.0,0.0,
2026-04-19T21:05:00,04/19/202609:05,20.52,0.0,0.0,51.86999999999999,0.0,0.0,0.0,0.7,13.0,198.7,23782.0,44991.0,20.5,17.3,32.0,30.15,6.314,210.4,0.0,0.0,
2026-04-19T21:06:35,04/19/202609:06,20.52,0.0,0.0,51.86,0.0,0.0,0.0,0.7,13.0,198.7,23782.0,44991.0,20.5,17.25,32.0,30.15,6.215,210.5,0.0,0.0,
2026-04-19T21:07:00,04/19/202609:07,20.52,0.0,0.0,51.85,0.0,0.0,0.0,0.7,13.0,198.7,23782.0,44991.0,20.5,17.2,32.0,30.15,6.116,210.6,0.0,0.0,
2026-04-19T21:08:01,04/19/202609:08,20.509999999999998,0.0,0.0,51.86,0.0,0.0,0.0,0.7,13.0,198.7,23782.0,44991.0,20.5,17.15,32.0,30.15,6.017,210.7,0.0,0.0,
2026-04-19T21:09:00,04/19/202609:09,20.5,0.0,0.0,51.86999999999999,0.0,0.0,0.0,0.7,13.0,198.7,23782.0,44991.0,20.5,17.1,32.0,30.15,5.918,210.8,0.0,0.0,
2026-04-19T21:10:01,04/19/202609:10,20.5,0.0,0.0,51.86999999999999,0.0,0.0,0.0,0.7,13.0,198.7,23782.0,44991.0,20.5,17.05,32.0,30.15,5.819,210.9,0.0,0.0,
2026-04-19T21:11:00,04/19/202609:11,20.5,0.0,0.0,51.86999999999999,0.0,0.0,0.0,0.7,13.0,198.7,23782.0,44991.0,20.5,17.0,32.0,30.15,5.72,211.0,0.0,0.0,
2026-04-19T21:12:01,04/19/202609:12,20.5,0.0,0.0,51.86999999999999,0.0,0.0,0.0,0.7,13.0,198.7,23782.0,44991.0,20.5,17.0,32.0,30.15,5.72,211.0,0.0,0.0,
2026-04-19T21:13:00,04/19/202609:13,20.5,0.0,0.0,51.86,0.0,0.0,0.0,0.7,13.0,198.7,23782.0,44991.0,20.5,17.0,32.0,30.15,5.72,211.0,0.0,0.0,
2026-04-19T21:14:01,04/19/202609:14,20.5,0.0,0.0,51.86999999999999,0.0,0.0,0.0,0.7,13.0,198.7,23782.0,44991.0,20.5,17.0,32.0,30.15,5.72,211.0,0.0,0.0,
2026-04-19T21:15:00,04/19/202609:15,20.5,0.0,0.0,51.86,0.0,0.0,0.0,0.7,13.0,198.7,23782.0,44991.0,20.5,17.0,32.0,30.15,5.72,211.0,0.0,0.0,
2026-04-19T21:16:00,04/19/202609:16,20.5,0.0,0.0,51.86999999999999,0.0,0.0,0.0,0.7,13.0,198.7,23782.0,44991.0,20.4,17.0,32.0,30.15,5.72,211.0,0.0,0.0,
2026-04-19T21:17:47,04/19/202609:17,20.5,0.0,0.0,51.879999999999995,0.0,0.0,0.0,0.7,13.0,198.7,23782.0,44991.0,20.5,16.96,32.1,30.15,5.72,211.0,0.0,0.0,
2026-04-19T21:18:01,04/19/202609:18,20.5,0.0,0.0,51.879999999999995,0.0,0.0,0.0,0.7,13.0,198.7,23782.0,44991.0,20.5,16.919999999999998,32.2,30.15,5.72,211.0,0.0,0.0,
2026-04-19T21:19:00,04/19/202609:19,20.5,0.0,0.0,51.86999999999999,0.0,0.0,0.0,0.7,13.0,198.7,23782.0,44991.0,20.5,16.880000000000003,32.3,30.15,5.72,211.0,0.0,0.0,
2026-04-19T21:20:00,04/19/202609:20,20.5,0.0,0.0,51.86,0.0,0.0,0.0,0.7,13.0,198.7,23782.0,44991.0,20.5,16.84,32.4,30.15,5.72,211.0,0.0,0.0,
2026-04-19T21:21:00,04/19/202609:21,20.5,0.0,0.0,51.86,0.0,0.0,0.0,0.7,13.0,198.7,23782.0,44991.0,20.5,16.8,32.5,30.15,5.72,211.0,0.0,0.0,
2026-04-19T21:22:00,04/19/202609:22,20.5,0.0,0.0,51.85,0.0,0.0,0.0,0.7,13.0,198.7,23782.0,44991.0,20.5,16.76,32.6,30.15,5.72,211.0,0.0,0.0,
2026-04-19T21:23:00,04/19/202609:23,20.5,0.0,0.0,51.85,0.0,0.0,0.0,0.7,13.0,198.7,23782.0,44991.0,20.5,16.720000000000002,32.7,30.15,5.72,211.0,0.0,0.0,
2026-04-19T21:24:00,04/19/202609:24,20.5,0.0,0.0,51.839999999999996,0.0,0.0,0.0,0.7,13.0,198.7,23782.0,44991.0,20.5,16.68,32.8,30.15,5.72,211.0,0.0,0.0,
2026-04-19T21:25:01,04/19/202609:25,20.5,0.0,0.0,51.85,0.0,0.0,0.0,0.7,13.0,198.7,23782.0,44991.0,20.5,16.64,32.9,30.15,5.72,211.0,0.0,0.0,
2026-04-19T21:26:00,04/19/202609:26,20.5,0.0,0.0,51.85,0.0,0.0,0.0,0.7,13.0,198.7,23782.0,44991.0,20.5,16.6,33.0,30.15,5.72,211.0,0.0,0.0,
2026-04-19T21:27:01,04/19/202609:27,20.5,0.0,0.0,51.85,0.0,0.0,0.0,0.7,13.0,198.7,23782.0,44991.0,20.5,16.6,33.0,30.15,5.72,211.0,0.0,0.0,
2026-04-19T21:28:58,04/19/202609:28,20.5,0.0,0.0,51.85,0.0,0.0,0.0,0.7,13.0,198.7,23782.0,44991.0,20.5,16.580000000000002,33.0,30.15,5.72,211.0,0.0,0.0,
2026-04-19T21:29:01,04/19/202609:29,20.5,0.0,0.0,51.85,0.0,0.0,0.0,0.7,13.0,198.7,23782.0,44991.0,20.5,16.560000000000002,33.0,30.15,5.72,211.0,0.0,0.0,
2026-04-19T21:30:01,04/19/202609:30,20.5,0.0,0.0,51.85,0.0,0.0,0.0,0.7,13.0,198.7,23782.0,44991.0,20.5,16.54,33.0,30.15,5.757,210.7,0.0,0.0,
2026-04-19T21:31:01,04/19/202609:31,20.5,0.0,0.0,51.85,0.0,0.0,0.0,0.7,13.0,198.7,23782.0,44991.0,20.5,16.48,33.2,30.15,5.726,210.6,0.0,0.0,
2026-04-19T21:32:01,04/19/202609:32,20.5,0.0,0.0,51.85,0.0,0.0,0.0,0.7,13.0,198.7,23782.0,44991.0,20.5,16.419999999999998,33.6,30.15,5.694999999999999,210.5,0.0,0.0,
2026-04-19T21:33:00,04/19/202609:33,20.5,0.0,0.0,51.85,0.0,0.0,0.0,0.7,13.0,198.7,23782.0,44991.0,20.5,16.36,34.0,30.15,5.664,210.4,0.0,0.0,
2026-04-19T21:34:01,04/19/202609:34,20.5,0.0,0.0,51.86,0.0,0.0,0.0,0.7,13.0,198.7,23782.0,44991.0,20.5,16.3,34.4,30.15,5.633,210.3,0.0,0.0,
2026-04-19T21:35:00,04/19/202609:35,20.5,0.0,0.0,51.85,0.0,0.0,0.0,0.7,13.0,198.7,23782.0,44991.0,20.5,16.240000000000002,34.8,30.15,5.601999999999999,210.2,0.0,0.0,
2026-04-19T21:36:01,04/19/202609:36,20.5,0.0,0.0,51.85,0.0,0.0,0.0,0.7,13.0,198.7,23782.0,44991.0,20.5,16.18,35.2,30.15,5.571,210.1,0.0,0.0,
2026-04-19T21:37:00,04/19/202609:37,20.5,0.0,0.0,51.839999999999996,0.0,0.0,0.0,0.7,13.0,198.7,23782.0,44991.0,20.5,16.119999999999997,35.6,30.15,5.54,210.0,0.0,0.0,
2026-04-19T21:38:01,04/19/202609:38,20.5,0.0,0.0,51.83,0.0,0.0,0.0,0.7,13.0,198.7,23782.0,44991.0,20.5,16.080000000000002,36.0,30.15,5.509,209.9,0.0,0.0,
2026-04-19T21:40:10,04/19/202609:40,20.5,0.0,0.0,51.83,0.0,0.0,0.0,0.7,13.0,198.7,23782.0,44991.0,20.5,16.04,36.4,30.15,5.478,209.8,0.0,0.0,
2026-04-19T21:41:01,04/19/202609:41,20.5,0.0,0.0,51.839999999999996,0.0,0.0,0.0,0.7,13.0,198.7,23782.0,44991.0,20.5,16.0,36.8,30.15,5.41,210.0,0.0,0.0,
2026-04-19T21:42:01,04/19/202609:42,20.5,0.0,0.0,51.83,0.0,0.0,0.0,0.7,13.0,198.7,23782.0,44991.0,20.5,16.0,37.0,30.15,5.41,210.0,0.0,0.0,
2026-04-19T21:43:01,04/19/202609:43,20.5,0.0,0.0,51.83,0.0,0.0,0.0,0.7,13.0,198.7,23782.0,44991.0,20.5,16.0,37.0,30.15,5.41,210.0,0.0,0.0,
2026-04-19T21:44:01,04/19/202609:44,20.5,0.0,0.0,51.83,0.0,0.0,0.0,0.7,13.0,198.7,23782.0,44991.0,20.5,16.0,37.0,30.15,5.41,210.0,0.0,0.0,
2026-04-19T21:45:01,04/19/202609:45,20.5,0.0,0.0,51.81999999999999,0.0,0.0,0.0,0.7,13.0,198.7,23782.0,44991.0,20.5,16.0,37.0,30.15,5.41,210.0,0.0,0.0,
2026-04-19T21:46:00,04/19/202609:46,20.5,0.0,0.0,51.83,0.0,0.0,0.0,0.7,13.0,198.7,23782.0,44991.0,20.5,15.959999999999999,37.2,30.153,5.41,210.0,0.0,0.0,
2026-04-19T21:47:01,04/19/202609:47,20.5,0.0,0.0,51.81999999999999,0.0,0.0,0.0,0.7,13.0,198.7,23782.0,44991.0,20.5,15.919999999999998,37.4,30.156,5.41,210.0,0.0,0.0,
2026-04-19T21:48:01,04/19/202609:48,20.5,0.0,0.0,51.81999999999999,0.0,0.0,0.0,0.7,13.0,198.7,23782.0,44991.0,20.5,15.88,37.6,30.159,5.41,210.0,0.0,0.0,
2026-04-19T21:49:01,04/19/202609:49,20.5,0.0,0.0,51.81999999999999,0.0,0.0,0.0,0.7,13.0,198.7,23782.0,44991.0,20.5,15.84,37.8,30.162,5.41,210.0,0.0,0.0,
2026-04-19T21:51:21,04/19/202609:51,20.5,0.0,0.0,51.81999999999999,0.0,0.0,0.0,0.7,13.0,198.7,23782.0,44991.0,20.5,15.8,38.0,30.165,5.41,210.0,0.0,0.0,
2026-04-19T21:52:01,04/19/202609:52,20.5,0.0,0.0,51.81,0.0,0.0,0.0,0.7,13.0,198.7,23782.0,44991.0,20.5,15.76,38.2,30.168,5.41,210.0,0.0,0.0,
2026-04-19T21:53:01,04/19/202609:53,20.5,0.0,0.0,51.81,0.0,0.0,0.0,0.7,13.0,198.7,23782.0,44991.0,20.5,15.719999999999999,38.4,30.171,5.41,210.0,0.0,0.0,
2026-04-19T21:54:01,04/19/202609:54,20.5,0.0,0.0,51.81,0.0,0.0,0.0,0.7,13.0,198.7,23782.0,44991.0,20.5,15.680000000000001,38.6,30.174,5.41,210.0,0.0,0.0,
2026-04-19T21:55:01,04/19/202609:55,20.5,0.0,0.0,51.81,0.0,0.0,0.0,0.7,13.0,198.7,23782.0,44991.0,20.5,15.64,38.8,30.177,5.41,210.0,0.0,0.0,
2026-04-19T21:56:01,04/19/202609:56,20.5,0.0,0.0,51.81999999999999,0.0,0.0,0.0,0.7,13.0,198.7,23782.0,44991.0,20.5,15.6,39.0,30.18,5.41,210.0,0.0,0.0,
2026-04-19T21:57:01,04/19/202609:57,20.5,0.0,0.0,51.81,0.0,0.0,0.0,0.7,13.0,198.7,23782.0,44991.0,20.5,15.6,39.0,30.18,5.41,210.0,0.0,0.0,
2026-04-19T21:58:01,04/19/202609:58,20.5,0.0,0.0,51.81,0.0,0.0,0.0,0.7,13.0,198.7,23782.0,44991.0,20.5,15.6,39.0,30.18,5.41,210.0,0.0,0.0,
2026-04-19T21:59:00,04/19/202609:59,20.5,0.0,0.0,51.81,0.0,0.0,0.0,0.7,13.0,198.7,23782.0,44991.0,20.5,15.6,39.0,30.18,5.41,210.0,0.0,0.0,
2026-04-19T22:00:01,04/19/202610:00,20.5,0.0,0.0,51.81,0.0,0.0,0.0,0.7,13.0,198.7,23782.0,44991.0,20.4,15.6,39.0,30.18,5.41,210.0,0.0,0.0,
2026-04-19T22:01:01,04/19/202610:01,20.5,0.0,0.0,51.81,0.0,0.0,0.0,0.7,13.0,198.7,23782.0,44991.0,20.5,15.569999999999999,39.1,30.18,5.41,210.0,0.0,0.0,
2026-04-19T22:02:33,04/19/202610:02,20.5,0.0,0.0,51.81,0.0,0.0,0.0,0.7,13.0,198.7,23782.0,44991.0,20.5,15.540000000000001,39.2,30.18,5.41,210.0,0.0,0.0,
2026-04-19T22:03:00,04/19/202610:03,20.5,0.0,0.0,51.81,0.0,0.0,0.0,0.7,13.0,198.7,23782.0,44991.0,20.4,15.51,39.3,30.18,5.41,210.0,0.0,0.0,
2026-04-19T22:04:00,04/19/202610:04,20.5,0.0,0.0,51.81,0.0,0.0,0.0,0.7,13.0,198.7,23782.0,44991.0,20.5,15.48,39.4,30.18,5.41,210.0,0.0,0.0,
2026-04-19T22:05:00,04/19/202610:05,20.5,0.0,0.0,51.81,0.0,0.0,0.0,0.7,13.0,198.7,23782.0,44991.0,20.5,15.45,39.5,30.18,5.41,210.0,0.0,0.0,
2026-04-19T22:06:01,04/19/202610:06,20.5,0.0,0.0,51.8,0.0,0.0,0.0,0.7,13.0,198.7,23782.0,44991.0,20.5,15.419999999999998,39.6,30.18,5.41,210.0,0.0,0.0,
2026-04-19T22:07:00,04/19/202610:07,20.5,0.0,0.0,51.8,0.0,0.0,0.0,0.7,13.0,198.7,23782.0,44991.0,20.5,15.39,39.7,30.18,5.41,210.0,0.0,0.0,
2026-04-19T22:08:00,04/19/202610:08,20.5,0.0,0.0,51.8,0.0,0.0,0.0,0.7,13.0,198.7,23782.0,44991.0,20.5,15.36,39.8,30.18,5.41,210.0,0.0,0.0,
2026-04-19T22:09:01,04/19/202610:09,20.5,0.0,0.0,51.8,0.0,0.0,0.0,0.7,13.0,198.7,23782.0,44991.0,20.4,15.330000000000002,39.9,30.18,5.41,210.0,0.0,0.0,
2026-04-19T22:10:01,04/19/202610:10,20.5,0.0,0.0,51.8,0.0,0.0,0.0,0.7,13.0,198.7,23782.0,44991.0,20.4,15.3,40.0,30.18,5.41,210.0,0.0,0.0,
2026-04-19T22:11:00,04/19/202610:11,20.5,0.0,0.0,51.81,0.0,0.0,0.0,0.7,13.0,198.7,23782.0,44991.0,20.5,15.3,40.0,30.18,5.41,210.0,0.0,0.0,
2026-04-19T22:12:01,04/19/202610:12,20.5,0.0,0.0,51.81,0.0,0.0,0.0,0.7,13.0,198.7,23782.0,44991.0,20.5,15.3,40.0,30.18,5.41,210.0,0.0,0.0,
2026-04-19T22:14:22,04/19/202610:14,20.5,0.0,0.0,51.81,0.0,0.0,0.0,0.7,13.0,198.7,23782.0,44991.0,20.5,15.3,40.0,30.18,5.41,210.0,0.0,0.0,
2026-04-19T22:15:00,04/19/202610:15,20.5,0.0,0.0,51.81,0.0,0.0,0.0,0.7,13.0,198.7,23782.0,44991.0,20.5,15.3,40.0,30.18,5.41,210.0,0.0,0.0,
2026-04-19T22:16:01,04/19/202610:16,20.5,0.0,0.0,51.81,0.0,0.0,0.0,0.7,13.0,198.7,23782.0,44991.0,20.5,15.3,40.0,30.18,5.41,210.0,0.0,0.0,
2026-04-19T22:17:00,04/19/202610:17,20.5,0.0,0.0,51.81,0.0,0.0,0.0,0.7,13.0,198.7,23782.0,44991.0,20.4,15.280000000000001,40.1,30.18,5.441000000000001,210.1,0.0,0.0,
2026-04-19T22:18:00,04/19/202610:18,20.5,0.0,0.0,51.81,0.0,0.0,0.0,0.7,13.0,198.7,23782.0,44991.0,20.5,15.26,40.2,30.18,5.4719999999999995,210.2,0.0,0.0,
2026-04-19T22:19:00,04/19/202610:19,20.5,0.0,0.0,51.81,0.0,0.0,0.0,0.7,13.0,198.7,23782.0,44991.0,20.5,15.24,40.3,30.18,5.503,210.3,0.0,0.0,
2026-04-19T22:20:00,04/19/202610:20,20.5,0.0,0.0,51.81,0.0,0.0,0.0,0.7,13.0,198.7,23782.0,44991.0,20.5,15.219999999999999,40.4,30.18,5.534000000000001,210.4,0.0,0.0,
2026-04-19T22:21:01,04/19/202610:21,20.5,0.0,0.0,51.81,0.0,0.0,0.0,0.7,13.0,198.7,23782.0,44991.0,20.5,15.2,40.5,30.18,5.5649999999999995,210.5,0.0,0.0,
2026-04-19T22:22:00,04/19/202610:22,20.5,0.0,0.0,51.8,0.0,0.0,0.0,0.7,13.0,198.7,23782.0,44991.0,20.4,15.180000000000001,40.6,30.18,5.596,210.6,0.0,0.0,
2026-04-19T22:23:01,04/19/202610:23,20.5,0.0,0.0,51.8,0.0,0.0,0.0,0.7,13.0,198.7,23782.0,44991.0,20.5,15.16,40.7,30.18,5.627,210.7,0.0,0.0,
2026-04-19T22:24:56,04/19/202610:24,20.5,0.0,0.0,51.8,0.0,0.0,0.0,0.7,13.0,198.7,23782.0,44991.0,20.5,15.14,40.8,30.18,5.6579999999999995,210.8,0.0,0.0,
2026-04-19T22:25:01,04/19/202610:25,20.5,0.0,0.0,51.8,0.0,0.0,0.0,0.7,13.0,198.7,23782.0,44991.0,20.5,15.12,40.9,30.18,5.689,210.9,0.0,0.0,
2026-04-19T22:26:01,04/19/202610:26,20.5,0.0,0.0,51.8,0.0,0.0,0.0,0.7,13.0,198.7,23782.0,44991.0,20.4,15.1,41.0,30.18,5.72,211.0,0.0,0.0,
2026-04-19T22:27:00,04/19/202610:27,20.5,0.0,0.0,51.8,0.0,0.0,0.0,0.7,13.0,198.7,23782.0,44991.0,20.5,15.1,41.0,30.18,5.72,211.0,0.0,0.0,
2026-04-19T22:28:01,04/19/202610:28,20.5,0.0,0.0,51.8,0.0,0.0,0.0,0.7,13.0,198.7,23782.0,44991.0,20.5,15.1,41.0,30.18,5.72,211.0,0.0,0.0,
2026-04-19T22:29:00,04/19/202610:29,20.5,0.0,0.0,51.8,0.0,0.0,0.0,0.7,13.0,198.7,23782.0,44991.0,20.5,15.1,41.0,30.18,5.72,211.0,0.0,0.0,
2026-04-19T22:30:01,04/19/202610:30,20.5,0.0,0.0,51.8,0.0,0.0,0.0,0.7,13.0,198.7,23782.0,44991.0,20.5,15.1,41.0,30.18,5.72,211.0,0.0,0.0,
2026-04-19T22:31:01,04/19/202610:31,20.5,0.0,0.0,51.8,0.0,0.0,0.0,0.7,13.0,198.7,23782.0,44991.0,20.4,15.0,41.0,30.18,5.72,211.0,0.0,0.0,
2026-04-19T22:32:01,04/19/202610:32,20.5,0.0,0.0,51.8,0.0,0.0,0.0,0.7,13.0,198.7,23782.0,44991.0,20.5,14.89,41.1,30.18,5.67,209.9,0.0,0.0,
2026-04-19T22:33:01,04/19/202610:33,20.5,0.0,0.0,51.8,0.0,0.0,0.0,0.7,13.0,198.7,23782.0,44991.0,20.5,14.780000000000001,41.2,30.18,5.619999999999999,208.8,0.0,0.0,
2026-04-19T22:34:01,04/19/202610:34,20.5,0.0,0.0,51.8,0.0,0.0,0.0,0.7,13.0,198.7,23782.0,44991.0,20.5,14.669999999999998,41.8,30.18,5.569999999999999,207.7,0.0,0.0,
2026-04-19T22:36:08,04/19/202610:36,20.5,0.0,0.0,51.8,0.0,0.0,0.0,0.7,13.0,198.7,23782.0,44991.0,20.4,14.559999999999999,42.4,30.18,5.52,206.6,0.0,0.0,
2026-04-19T22:37:01,04/19/202610:37,20.5,0.0,0.0,51.8,0.0,0.0,0.0,0.7,13.0,198.7,23782.0,44991.0,20.4,14.45,43.0,30.18,5.47,205.5,0.0,0.0,
2026-04-19T22:38:01,04/19/202610:38,20.5,0.0,0.0,51.8,0.0,0.0,0.0,0.7,13.0,198.7,23782.0,44991.0,20.5,14.34,43.6,30.18,5.42,204.4,0.0,0.0,
2026-04-19T22:39:01,04/19/202610:39,20.5,0.0,0.0,51.8,0.0,0.0,0.0,0.7,13.0,198.7,23782.0,44991.0,20.4,14.23,44.2,30.18,5.369999999999999,203.3,0.0,0.0,
2026-04-19T22:40:00,04/19/202610:40,20.5,0.0,0.0,51.8,0.0,0.0,0.0,0.7,13.0,198.7,23782.0,44991.0,20.4,14.12,44.8,30.18,5.319999999999999,202.2,0.0,0.0,
2026-04-19T22:41:01,04/19/202610:41,20.5,0.0,0.0,51.8,0.0,0.0,0.0,0.7,13.0,198.7,23782.0,44991.0,20.4,14.01,45.4,30.18,5.27,201.1,0.0,0.0,
2026-04-19T22:42:01,04/19/202610:42,20.5,0.0,0.0,51.8,0.0,0.0,0.0,0.7,13.0,198.7,23782.0,44991.0,20.4,14.0,46.0,30.18,5.22,200.0,0.0,0.0,
2026-04-19T22:43:01,04/19/202610:43,20.5,0.0,0.0,51.8,0.0,0.0,0.0,0.7,13.0,198.7,23782.0,44991.0,20.4,14.0,46.5,30.18,5.22,200.0,0.0,0.0,
2026-04-19T22:44:01,04/19/202610:44,20.5,0.0,0.0,51.8,0.0,0.0,0.0,0.7,13.0,198.7,23782.0,44991.0,20.5,14.0,47.0,30.18,5.22,200.0,0.0,0.0,
2026-04-19T22:45:01,04/19/202610:45,20.5,0.0,0.0,51.8,0.0,0.0,0.0,0.7,13.0,198.7,23782.0,44991.0,20.4,14.0,47.0,30.18,5.22,200.0,0.0,0.0,
2026-04-19T22:47:19,04/19/202610:47,20.5,0.0,0.0,51.8,0.0,0.0,0.0,0.7,13.0,198.7,23782.0,44991.0,20.5,13.98,47.1,30.18,5.239,199.7,0.0,0.0,
2026-04-19T22:48:00,04/19/202610:48,20.5,0.0,0.0,51.8,0.0,0.0,0.0,0.7,13.0,198.7,23782.0,44991.0,20.5,13.959999999999999,47.2,30.18,5.258,199.4,0.0,0.0,
2026-04-19T22:49:00,04/19/202610:49,20.5,0.0,0.0,51.79,0.0,0.0,0.0,0.7,13.0,198.7,23782.0,44991.0,20.5,13.940000000000001,47.3,30.18,5.276999999999999,199.1,0.0,0.0,
2026-04-19T22:50:00,04/19/202610:50,20.5,0.0,0.0,51.79,0.0,0.0,0.0,0.7,13.0,198.7,23782.0,44991.0,20.5,13.919999999999998,47.4,30.18,5.296,198.8,0.0,0.0,
2026-04-19T22:51:00,04/19/202610:51,20.5,0.0,0.0,51.79,0.0,0.0,0.0,0.7,13.0,198.7,23782.0,44991.0,20.5,13.9,47.5,30.18,5.3149999999999995,198.5,0.0,0.0,
2026-04-19T22:52:00,04/19/202610:52,20.5,0.0,0.0,51.79,0.0,0.0,0.0,0.7,13.0,198.7,23782.0,44991.0,20.4,13.88,47.6,30.18,5.3340000000000005,198.2,0.0,0.0,
2026-04-19T22:53:01,04/19/202610:53,20.5,0.0,0.0,51.79,0.0,0.0,0.0,0.7,13.0,198.7,23782.0,44991.0,20.4,13.86,47.7,30.18,5.353,197.9,0.0,0.0,
2026-04-19T22:54:00,04/19/202610:54,20.5,0.0,0.0,51.779999999999994,0.0,0.0,0.0,0.7,13.0,198.7,23782.0,44991.0,20.4,13.84,47.8,30.18,5.372,197.6,0.0,0.0,
2026-04-19T22:55:00,04/19/202610:55,20.5,0.0,0.0,51.77,0.0,0.0,0.0,0.7,13.0,198.7,23782.0,44991.0,20.5,13.820000000000002,47.9,30.18,5.391,197.3,0.0,0.0,
2026-04-19T22:56:00,04/19/202610:56,20.5,0.0,0.0,51.77,0.0,0.0,0.0,0.7,13.0,198.7,23782.0,44991.0,20.4,13.8,48.0,30.18,5.41,197.0,0.0,0.0,
2026-04-19T22:57:00,04/19/202610:57,20.5,0.0,0.0,51.760000000000005,0.0,0.0,0.0,0.7,13.0,198.7,23782.0,44991.0,20.4,13.8,48.0,30.18,5.41,197.0,0.0,0.0,
2026-04-19T23:00:56,04/19/202611:00,20.5,0.0,0.0,51.760000000000005,0.0,0.0,0.0,0.7,13.0,198.7,23782.0,44991.0,20.5,13.8,48.0,30.18,5.41,197.0,0.0,0.0,
2026-04-19T23:01:00,04/19/202611:01,20.5,0.0,0.0,51.77,0.0,0.0,0.0,0.7,13.0,198.7,23782.0,44991.0,20.5,13.8,48.0,30.18,5.41,197.0,0.0,0.0,
2026-04-19T23:02:00,04/19/202611:02,20.5,0.0,0.0,51.77,0.0,0.0,0.0,0.7,13.0,198.7,23782.0,44991.0,20.4,13.790000000000001,48.0,30.18,5.465,197.3,0.0,0.0,
2026-04-19T23:03:00,04/19/202611:03,20.5,0.0,0.0,51.77,0.0,0.0,0.0,0.7,13.0,198.7,23782.0,44991.0,20.4,13.780000000000001,48.0,30.18,5.5200000000000005,197.6,0.0,0.0,
2026-04-19T23:04:00,04/19/202611:04,20.5,0.0,0.0,51.77,0.0,0.0,0.0,0.7,13.0,198.7,23782.0,44991.0,20.4,13.77,48.0,30.18,5.575,197.9,0.0,0.0,
2026-04-19T23:04:39,04/19/202611:04,20.490000000000002,0.0,0.0,51.77,0.0,0.0,0.0,0.7,13.0,198.7,23782.0,44991.0,20.4,13.76,48.0,30.18,5.63,198.2,0.0,0.0,
2026-04-19T23:05:00,04/19/202611:05,20.48,0.0,0.0,51.779999999999994,0.0,0.0,0.0,0.7,13.0,198.7,23782.0,44991.0,20.4,13.75,48.0,30.18,5.6850000000000005,198.5,0.0,0.0,
2026-04-19T23:05:39,04/19/202611:05,20.48,0.0,0.0,51.779999999999994,0.0,0.0,0.0,0.7,13.0,198.7,23782.0,44991.0,20.5,13.74,48.0,30.18,5.74,198.8,0.0,0.0,
2026-04-19T23:06:00,04/19/202611:06,20.48,0.0,0.0,51.77,0.0,0.0,0.0,0.7,13.0,198.7,23782.0,44991.0,20.5,13.73,48.0,30.18,5.795,199.1,0.0,0.0,
2026-04-19T23:07:00,04/19/202611:07,20.48,0.0,0.0,51.779999999999994,0.0,0.0,0.0,0.7,13.0,198.7,23782.0,44991.0,20.5,13.719999999999999,48.0,30.18,5.85,199.4,0.0,0.0,
2026-04-19T23:08:00,04/19/202611:08,20.48,0.0,0.0,51.77,0.0,0.0,0.0,0.7,13.0,198.7,23782.0,44991.0,20.4,13.709999999999999,48.0,30.18,5.904999999999999,199.7,0.0,0.0,
2026-04-19T23:09:28,04/19/202611:09,20.48,0.0,0.0,51.760000000000005,0.0,0.0,0.0,0.7,13.0,198.7,23782.0,44991.0,20.5,13.7,48.0,30.18,5.96,200.0,0.0,0.0,
2026-04-19T23:10:00,04/19/202611:10,20.48,0.0,0.0,51.75,0.0,0.0,0.0,0.7,13.0,198.7,23782.0,44991.0,20.5,13.7,48.0,30.18,5.96,200.0,0.0,0.0,
2026-04-19T23:12:08,04/19/202611:12,20.48,0.0,0.0,51.73,0.0,0.0,0.0,0.7,13.0,198.7,23782.0,44991.0,20.4,13.7,48.0,30.18,5.96,200.0,0.0,0.0,
2026-04-19T23:13:00,04/19/202611:13,20.48,0.0,0.0,51.720000000000006,0.0,0.0,0.0,0.7,13.0,198.7,23782.0,44991.0,20.4,13.7,48.0,30.18,5.96,200.0,0.0,0.0,
2026-04-19T23:14:01,04/19/202611:14,20.490000000000002,0.0,0.0,51.71,0.0,0.0,0.0,0.7,13.0,198.7,23782.0,44991.0,20.5,13.7,48.0,30.18,5.96,200.0,0.0,0.0,
2026-04-19T23:15:00,04/19/202611:15,20.5,0.0,0.0,51.69,0.0,0.0,0.0,0.7,13.0,198.7,23782.0,44991.0,20.4,13.7,48.0,30.18,5.96,200.0,0.0,0.0,
2026-04-19T23:16:01,04/19/202611:16,20.5,0.0,0.0,51.7,0.0,0.0,0.0,0.7,13.0,198.7,23782.0,44991.0,20.5,13.690000000000001,48.0,30.18,5.985,199.5,0.0,0.0,
2026-04-19T23:17:01,04/19/202611:17,20.5,0.0,0.0,51.71,0.0,0.0,0.0,0.7,13.0,198.7,23782.0,44991.0,20.5,13.679999999999998,48.0,30.18,6.01,199.0,0.0,0.0,
2026-04-19T23:18:01,04/19/202611:18,20.5,0.0,0.0,51.7,0.0,0.0,0.0,0.7,13.0,198.7,23782.0,44991.0,20.5,13.669999999999998,48.0,30.18,6.035,198.5,0.0,0.0,
2026-04-19T23:19:01,04/19/202611:19,20.5,0.0,0.0,51.71,0.0,0.0,0.0,0.7,13.0,198.7,23782.0,44991.0,20.4,13.66,48.0,30.18,6.0600000000000005,198.0,0.0,0.0,
2026-04-19T23:20:01,04/19/202611:20,20.5,0.0,0.0,51.720000000000006,0.0,0.0,0.0,0.7,13.0,198.7,23782.0,44991.0,20.4,13.65,48.0,30.18,6.085,197.5,0.0,0.0,
2026-04-19T23:21:01,04/19/202611:21,20.5,0.0,0.0,51.720000000000006,0.0,0.0,0.0,0.7,13.0,198.7,23782.0,44991.0,20.4,13.64,48.0,30.18,6.11,197.0,0.0,0.0,
2026-04-19T23:23:19,04/19/202611:23,20.5,0.0,0.0,51.73,0.0,0.0,0.0,0.7,13.0,198.7,23782.0,44991.0,20.4,13.629999999999999,48.0,30.18,6.135,196.5,0.0,0.0,
2026-04-19T23:24:00,04/19/202611:24,20.5,0.0,0.0,51.739999999999995,0.0,0.0,0.0,0.7,13.0,198.7,23782.0,44991.0,20.4,13.62,48.0,30.18,6.16,196.0,0.0,0.0,
2026-04-19T23:25:00,04/19/202611:25,20.5,0.0,0.0,51.739999999999995,0.0,0.0,0.0,0.7,13.0,198.7,23782.0,44991.0,20.5,13.61,48.0,30.18,6.1850000000000005,195.5,0.0,0.0,
2026-04-19T23:26:00,04/19/202611:26,20.5,0.0,0.0,51.75,0.0,0.0,0.0,0.7,13.0,198.7,23782.0,44991.0,20.5,13.6,48.0,30.18,6.21,195.0,0.0,0.0,
2026-04-19T23:27:00,04/19/202611:27,20.5,0.0,0.0,51.75,0.0,0.0,0.0,0.7,13.0,198.7,23782.0,44991.0,20.5,13.6,48.0,30.18,6.21,195.0,0.0,0.0,
2026-04-19T23:28:00,04/19/202611:28,20.5,0.0,0.0,51.739999999999995,0.0,0.0,0.0,0.7,13.0,198.7,23782.0,44991.0,20.4,13.6,48.0,30.18,6.21,195.0,0.0,0.0,
2026-04-19T23:29:30,04/19/202611:29,20.5,0.0,0.0,51.739999999999995,0.0,0.0,0.0,0.7,13.0,198.7,23782.0,44991.0,20.4,13.6,48.0,30.18,6.21,195.0,0.0,0.0,
2026-04-19T23:30:00,04/19/202611:30,20.5,0.0,0.0,51.73,0.0,0.0,0.0,0.7,13.0,198.7,23782.0,44991.0,20.4,13.6,48.0,30.18,6.21,195.0,0.0,0.0,
2026-04-19T23:31:33,04/19/202611:31,20.5,0.0,0.0,51.720000000000006,0.0,0.0,0.0,0.7,13.0,198.7,23782.0,44991.0,20.5,13.52,48.0,30.18,6.179,194.6,0.0,0.0,
2026-04-19T23:32:00,04/19/202611:32,20.5,0.0,0.0,51.73,0.0,0.0,0.0,0.7,13.0,198.7,23782.0,44991.0,20.4,13.440000000000001,48.0,30.18,6.148000000000001,194.2,0.0,0.0,
2026-04-19T23:33:00,04/19/202611:33,20.5,0.0,0.0,51.73,0.0,0.0,0.0,0.7,13.0,198.7,23782.0,44991.0,20.4,13.36,48.0,30.18,6.117,193.8,0.0,0.0,
2026-04-19T23:39:23,04/19/202611:39,20.619999999999997,0.0,0.0,51.720000000000006,0.0,0.0,0.0,0.7,13.0,198.7,23782.0,44991.0,20.4,13.280000000000001,48.4,30.18,6.086,193.4,0.0,0.0,
2026-04-19T23:40:00,04/19/202611:40,20.740000000000002,0.0,0.0,51.720000000000006,0.0,0.0,0.0,0.7,13.0,198.7,23782.0,44991.0,20.4,13.2,48.8,30.18,6.055000000000001,193.0,0.0,0.0,
2026-04-19T23:41:01,04/19/202611:41,20.86,0.0,0.0,51.720000000000006,0.0,0.0,0.0,0.7,13.0,198.7,23782.0,44991.0,20.4,13.12,49.2,30.18,6.024,192.6,0.0,0.0,
2026-04-19T23:41:17,04/19/202611:41,20.990000000000002,0.0,0.0,51.720000000000006,0.0,0.0,0.0,0.7,13.0,198.7,23782.0,44991.0,20.4,13.040000000000001,49.6,30.18,5.993,192.2,0.0,0.0,
2026-04-19T23:42:01,04/19/202611:42,21.119999999999997,0.0,0.0,51.73,0.0,0.0,0.0,0.7,13.0,198.7,23782.0,44991.0,20.4,12.959999999999999,50.0,30.18,5.962000000000001,191.8,0.0,0.0,
2026-04-19T23:43:01,04/19/202611:43,21.25,0.0,0.0,51.73,0.0,0.0,0.0,0.7,13.0,198.7,23782.0,44991.0,20.5,12.88,50.4,30.18,5.931,191.4,0.0,0.0,
2026-04-19T23:44:01,04/19/202611:44,21.380000000000003,0.0,0.0,51.73,0.0,0.0,0.0,0.7,13.0,198.7,23782.0,44991.0,20.4,12.8,50.8,30.18,5.9,191.0,0.0,0.0,
2026-04-19T23:44:17,04/19/202611:44,21.39,0.0,0.0,51.73,0.0,0.0,0.0,0.7,13.0,198.7,23782.0,44991.0,20.4,12.8,51.2,30.18,5.9,191.0,0.0,0.0,
2026-04-19T23:45:00,04/19/202611:45,21.4,0.0,0.0,51.720000000000006,0.0,0.0,0.0,0.7,13.0,198.7,23782.0,44991.0,20.4,12.8,51.6,30.18,5.9,191.0,0.0,0.0,
2026-04-19T23:45:17,04/19/202611:45,21.4,0.0,0.0,51.720000000000006,0.0,0.0,0.0,0.7,13.0,198.7,23782.0,44991.0,20.4,12.8,52.0,30.18,5.9,191.0,0.0,0.0,
2026-04-19T23:46:01,04/19/202611:46,21.28,0.0,0.0,51.720000000000006,0.0,0.0,0.0,0.7,13.0,198.7,23782.0,44991.0,20.4,12.8,52.0,30.18,5.9,191.0,0.0,0.0,
2026-04-19T23:47:01,04/19/202611:47,21.16,0.0,0.0,51.720000000000006,0.0,0.0,0.0,0.7,13.0,198.7,23782.0,44991.0,20.5,12.790000000000001,51.9,30.18,5.987,190.7,0.0,0.0,
2026-04-19T23:48:01,04/19/202611:48,21.04,0.0,0.0,51.720000000000006,0.0,0.0,0.0,0.7,13.0,198.7,23782.0,44991.0,20.5,12.780000000000001,51.8,30.18,6.074,190.4,0.0,0.0,
2026-04-19T23:48:16,04/19/202611:48,20.9,0.0,0.0,51.71,0.0,0.0,0.0,0.7,13.0,198.7,23782.0,44991.0,20.4,12.77,51.7,30.18,6.161,190.1,0.0,0.0,
2026-04-19T23:49:01,04/19/202611:49,20.759999999999998,0.0,0.0,51.7,0.0,0.0,0.0,0.7,13.0,198.7,23782.0,44991.0,20.4,12.76,51.6,30.18,6.248,189.8,0.0,0.0,
2026-04-19T23:53:01,04/19/202611:53,20.630000000000003,0.0,0.0,51.7,0.0,0.0,0.0,0.7,13.0,198.7,23782.0,44991.0,20.4,12.75,51.5,30.18,6.335,189.5,0.0,0.0,
2026-04-19T23:53:42,04/19/202611:53,20.490000000000002,0.0,0.0,51.7,0.0,0.0,0.0,0.7,13.0,198.7,23782.0,44991.0,20.5,12.74,51.4,30.18,6.422,189.2,0.0,0.0,
2026-04-19T23:54:01,04/19/202611:54,20.47,0.0,0.0,51.7,0.0,0.0,0.0,0.7,13.0,198.7,23782.0,44991.0,20.5,12.73,51.3,30.18,6.509,188.9,0.0,0.0,
2026-04-19T23:54:42,04/19/202611:54,20.46,0.0,0.0,51.69,0.0,0.0,0.0,0.7,13.0,198.7,23782.0,44991.0,20.4,12.719999999999999,51.2,30.18,6.595999999999999,188.6,0.0,0.0,
2026-04-19T23:55:01,04/19/202611:55,20.46,0.0,0.0,51.68000000000001,0.0,0.0,0.0,0.7,13.0,198.7,23782.0,44991.0,20.4,12.709999999999999,51.1,30.18,6.683,188.3,0.0,0.0,
2026-04-19T23:56:01,04/19/202611:56,20.46,0.0,0.0,51.68000000000001,0.0,0.0,0.0,0.7,13.0,198.7,23782.0,44991.0,20.4,12.7,51.0,30.18,6.769999999999999,188.0,0.0,0.0,
2026-04-19T23:57:01,04/19/202611:57,20.46,0.0,0.0,51.67,0.0,0.0,0.0,0.7,13.0,198.7,23782.0,44991.0,20.4,12.7,51.0,30.18,6.769999999999999,188.0,0.0,0.0,
2026-04-19T23:58:01,04/19/202611:58,20.46,0.0,0.0,51.67,0.0,0.0,0.0,0.7,13.0,198.7,23782.0,44991.0,20.4,12.7,51.0,30.18,6.769999999999999,188.0,0.0,0.0,
2026-04-19T23:58:42,04/19/202611:58,20.46,0.0,0.0,51.67,0.0,0.0,0.0,0.7,13.0,198.7,23782.0,44991.0,20.4,12.7,51.0,30.18,6.769999999999999,188.0,0.0,0.0,
2026-04-19T23:59:00,04/19/202611:59,20.46,0.0,0.0,51.67,0.0,0.0,0.0,0.7,13.0,198.7,23782.0,44991.0,20.4,12.7,51.0,30.18,6.769999999999999,188.0,0.0,0.0,
2026-04-19T23:59:42,04/19/202611:59,20.46,0.0,0.0,51.67,0.0,0.0,0.0,0.7,13.0,198.7,23782.0,44991.0,20.4,12.7,51.0,30.18,6.769999999999999,188.0,0.0,0.0,
