timestamp,HMI_Timestamp,PV_Voltage_V,PV_Current_A,PV_Power_W,Battery_Voltage_V,Battery_Current_A,Battery_Power_W,Avg_Power_to_Battery_W,Daily_Energy_kWh,Daily_Charge_Ah,History_Max_Input_Voltage_V,Lifetime_Energy_Gen_kWh,Lifetime_Charge_Ah,Battery_Temp_C,Air_Temp_C,Humidity_pct,Air_Pressure_inHg,Wind_Speed_ms,Wind_Direction_deg,Solar_Irradiance_Wm2,UV_Index,Est_Efficiency
2026-04-18T10:01:59,04/18/202610:01,137.74,0.73,100.5502,54.25,0.96,52.08,51.7,0.0,0.0,198.7,23775.0,44978.0,20.9,23.65,69.1,29.676,17.552,169.6,356.5,3.6399999999999997,0.5179502377916702
2026-04-18T10:02:01,04/18/202610:02,134.23,0.7,93.96099999999998,54.2,0.9199999999999999,49.864,49.5,0.0,0.0,198.7,23775.0,44978.0,20.9,22.1,67.2,29.732,17.023999999999997,151.2,383.0,3.5800000000000005,0.5306882642798608
2026-04-18T10:02:25,04/18/202610:02,130.9,0.6799999999999999,89.012,54.15,0.8800000000000001,47.65200000000001,47.3,0.0,0.0,198.7,23775.0,44978.0,20.9,20.55,65.3,29.788,16.496,132.8,409.5,3.5200000000000005,0.5353435491843798
2026-04-18T10:03:00,04/18/202610:03,127.63,0.6599999999999999,84.23579999999998,54.1,0.85,45.985,45.6,0.0,0.0,198.7,23775.0,44978.0,21.0,19.0,63.4,29.844,15.968,114.4,436.0,3.46,0.5459080343511904
2026-04-18T10:03:30,04/18/202610:03,124.37,0.64,79.5968,54.05,0.82,44.321,43.9,0.0,0.0,198.7,23775.0,44978.0,20.9,17.45,61.5,29.9,15.440000000000001,96.0,462.5,3.4,0.5568188670901343
2026-04-18T10:04:01,04/18/202610:04,121.13,0.62,75.1006,54.0,0.82,44.279999999999994,43.8,0.0,0.0,198.7,23775.0,44978.0,20.9,15.9,59.6,29.956,14.912,77.6,489.0,3.34,0.5896091376100856
2026-04-18T10:05:00,04/18/202610:05,117.89000000000001,0.6,70.73400000000001,53.96,0.82,44.2472,43.7,0.0,0.0,198.7,23775.0,44978.0,20.9,14.35,57.7,30.012,14.384,59.2,515.5,3.2800000000000002,0.6255435858285971
2026-04-18T10:05:30,04/18/202610:05,114.45,0.5700000000000001,65.2365,53.910000000000004,0.77,41.51070000000001,41.0,0.0,0.0,198.7,23775.0,44978.0,20.9,12.8,55.8,30.068,13.856,40.8,542.0,3.22,0.6363109608884597
2026-04-18T10:06:01,04/18/202610:06,111.00999999999999,0.54,59.9454,53.86,0.72,38.779199999999996,38.3,0.0,0.0,198.7,23775.0,44978.0,20.9,11.25,53.9,30.124000000000002,13.328,22.4,568.5,3.16,0.6469086869050835
2026-04-18T10:07:00,04/18/202610:07,107.78,0.5,53.89,53.81,0.65,34.9765,34.5,0.0,0.0,198.7,23775.0,44978.0,20.9,9.7,52.0,30.18,12.8,4.0,595.0,3.1,0.6490350714418259
2026-04-18T10:08:01,04/18/202610:08,107.72999999999999,0.5,53.864999999999995,53.81999999999999,0.65,34.983,34.5,0.0,0.0,198.7,23775.0,44978.0,20.9,9.7,52.0,30.18,12.8,4.0,595.0,3.1,0.6494569757727653
2026-04-18T10:08:30,04/18/202610:08,107.02000000000001,0.49000000000000005,52.43980000000001,53.83,0.65,34.9895,33.9,0.0,0.0,198.7,23775.0,44978.0,20.9,9.7,52.0,30.18,12.8,4.0,595.0,3.1,0.6672317590837492
2026-04-18T10:09:00,04/18/202610:09,105.97,0.48,50.8656,53.839999999999996,0.6399999999999999,34.45759999999999,32.8,0.0,0.0,198.7,23775.0,44978.0,20.9,9.7,52.0,30.18,12.8,4.0,595.0,3.1,0.6774244282973166
2026-04-18T10:10:01,04/18/202610:10,104.92,0.47000000000000003,49.312400000000004,53.839999999999996,0.63,33.9192,32.3,0.0,0.0,198.7,23775.0,44978.0,20.9,9.7,52.0,30.18,12.8,4.0,595.0,3.1,0.6878432199609023
2026-04-18T10:11:00,04/18/202610:11,103.85999999999999,0.45999999999999996,47.77559999999999,53.839999999999996,0.6199999999999999,33.380799999999994,31.8,0.0,0.0,198.7,23775.0,44978.0,20.9,9.7,52.0,30.18,12.8,4.0,595.0,3.1,0.6986997546864927
2026-04-18T10:11:30,04/18/202610:11,103.41,0.45,46.5345,53.85,0.61,32.8485,31.3,0.0,0.0,198.7,23775.0,44978.0,20.9,9.7,52.0,30.18,12.8,4.0,595.0,3.1,0.7058956258260001
2026-04-18T10:13:10,04/18/202610:13,102.96,0.44000000000000006,45.302400000000006,53.85,0.6,32.31,30.8,0.0,0.0,198.7,23775.0,44978.0,20.9,9.7,52.0,30.18,12.8,4.0,595.0,3.1,0.7132072472981563
2026-04-18T10:14:00,04/18/202610:14,102.91,0.43,44.2513,53.86,0.6,32.315999999999995,30.8,0.0,0.0,198.7,23775.0,44978.0,21.0,9.7,52.0,30.18,12.8,4.0,595.0,3.1,0.7302836300854437
2026-04-18T10:14:30,04/18/202610:14,103.17,0.44000000000000006,45.394800000000004,53.86999999999999,0.59,31.783299999999993,30.2,0.0,0.0,198.7,23775.0,44978.0,20.9,9.7,52.0,30.18,12.8,4.0,595.0,3.1,0.7001528809467161
2026-04-18T10:15:00,04/18/202610:15,103.42999999999999,0.45,46.543499999999995,53.879999999999995,0.58,31.250399999999996,29.6,0.0,0.0,198.7,23775.0,44978.0,20.9,9.7,52.0,30.18,12.8,4.0,595.0,3.1,0.6714235070417995
2026-04-18T10:16:51,04/18/202610:16,108.4,0.6,65.04,54.0,0.6,32.4,32.0,0.0,1.0,198.7,23775.0,44978.0,20.9,10.0,51.0,30.21,13.42,1.0,645.0,3.5,0.4981549815498154
2026-04-18T10:17:01,04/18/202610:17,108.4,0.6,65.04,54.0,0.6,32.4,32.0,0.0,1.0,198.7,23775.0,44978.0,20.9,10.0,51.0,30.21,13.42,1.0,645.0,3.5,0.4981549815498154
2026-04-18T10:17:29,04/18/202610:17,106.10000000000001,0.5666666666666667,60.123333333333335,53.96666666666667,0.6,32.38,32.0,0.0,1.0,198.7,23775.0,44978.0,20.9,10.0,51.0,30.209999999999997,13.42,1.0,645.0,3.5,0.5385596274324999
2026-04-18T10:18:00,04/18/202610:18,104.95,0.55,57.722500000000004,53.95,0.6,32.37,32.0,0.0,1.0,198.7,23775.0,44978.0,20.9,10.0,51.0,30.21,13.42,1.0,645.0,3.5,0.5607865217202996
2026-04-18T10:18:30,04/18/202610:18,104.25999999999999,0.54,56.300399999999996,53.96,0.6199999999999999,33.4552,33.0,0.0,1.0,198.7,23775.0,44978.0,20.9,10.0,51.0,30.21,13.419999999999998,1.0,645.0,3.5,0.5942266840022451
2026-04-18T10:19:01,04/18/202610:19,103.8,0.5333333333333333,55.36,53.96666666666667,0.6333333333333333,34.17888888888889,33.666666666666664,0.0,1.0,198.7,23775.0,44978.0,20.9,10.0,51.0,30.209999999999997,13.42,1.0,645.0,3.5,0.6173932241490045
2026-04-18T10:19:30,04/18/202610:19,103.47142857142856,0.5428571428571428,56.17020408163264,53.971428571428575,0.6285714285714284,33.92489795918367,33.42857142857143,0.0,1.0,198.7,23775.0,44978.0,20.9,10.0,51.0,30.21,13.42,1.0,645.0,3.5,0.6039660797721212
2026-04-18T10:20:00,04/18/202610:20,103.225,0.55,56.77375,53.975,0.625,33.734375,33.25,0.0,1.0,198.7,23775.0,44978.0,20.9,10.0,51.0,30.21,13.42,1.0,645.0,3.5,0.5941896563112354
2026-04-18T10:20:29,04/18/202610:20,102.34444444444445,0.5333333333333333,54.583703703703705,53.97777777777778,0.6222222222222222,33.586172839506176,33.111111111111114,0.0,1.0,198.7,23775.0,44978.0,20.9,10.0,51.0,30.209999999999997,13.42,1.0,645.0,3.5,0.6153150218941121
2026-04-18T10:21:01,04/18/202610:21,101.64,0.52,52.8528,53.98,0.6199999999999999,33.46759999999999,33.0,0.0,1.0,198.7,23775.0,44978.0,20.9,10.0,51.0,30.21,13.419999999999998,1.0,645.0,3.5,0.6332228377682921
2026-04-18T10:21:30,04/18/202610:21,100.33,0.51,51.1683,53.970000000000006,0.6199999999999999,33.4614,33.0,0.0,1.0,198.7,23775.0,44978.0,20.9,10.0,51.0,30.21,13.419999999999998,1.0,645.0,3.5,0.6539478544333112
2026-04-18T10:22:00,04/18/202610:22,99.02000000000001,0.5,49.510000000000005,53.96,0.6199999999999999,33.4552,33.0,0.0,1.0,198.7,23775.0,44978.0,20.9,10.0,51.0,30.21,13.419999999999998,1.0,645.0,3.5,0.6757261159361744
2026-04-18T10:22:30,04/18/202610:22,98.4,0.49000000000000005,48.21600000000001,53.970000000000006,0.6199999999999999,33.4614,33.0,0.0,1.0,198.7,23775.0,44978.0,20.9,10.0,51.0,30.21,13.419999999999998,1.0,645.0,3.5,0.6939895470383274
2026-04-18T10:23:01,04/18/202610:23,97.78,0.48,46.9344,53.98,0.6199999999999999,33.46759999999999,33.0,0.0,1.0,198.7,23775.0,44978.0,20.9,10.0,51.0,30.21,13.419999999999998,1.0,645.0,3.5,0.7130718620031361
2026-04-18T10:23:30,04/18/202610:23,98.47999999999999,0.48,47.270399999999995,53.98,0.6199999999999999,33.46759999999999,33.0,0.0,1.0,198.7,23775.0,44978.0,20.9,10.0,51.0,30.21,13.419999999999998,1.0,645.0,3.5,0.7080033170863795
2026-04-18T10:24:00,04/18/202610:24,99.17999999999999,0.48,47.606399999999994,53.98,0.6199999999999999,33.46759999999999,33.0,0.0,1.0,198.7,23775.0,44978.0,20.9,10.0,51.0,30.21,13.419999999999998,1.0,645.0,3.5,0.7030063184781877
2026-04-18T10:25:01,04/18/202610:25,99.88,0.47000000000000003,46.9436,53.98,0.63,34.0074,33.5,0.0,1.0,198.7,23775.0,44978.0,20.9,10.0,51.0,30.21,13.419999999999998,1.0,645.0,3.5,0.7244310193508805
2026-04-18T10:25:30,04/18/202610:25,100.59,0.45999999999999996,46.2714,53.98,0.6399999999999999,34.54719999999999,34.0,0.0,1.0,198.7,23775.0,44978.0,20.9,10.0,51.0,30.21,13.419999999999998,1.0,645.0,3.5,0.746621022921286
2026-04-18T10:26:00,04/18/202610:26,101.91999999999999,0.47000000000000003,47.9024,53.98,0.65,35.086999999999996,34.5,0.0,1.0,198.7,23775.0,44978.0,20.9,10.0,51.0,30.21,13.419999999999998,1.0,645.0,3.5,0.7324685193226226
2026-04-18T10:26:30,04/18/202610:26,102.85,0.48,49.367999999999995,53.989999999999995,0.6599999999999999,35.633399999999995,35.0,0.0,1.0,198.7,23775.0,44978.0,20.9,10.0,51.0,30.21,13.419999999999998,1.0,645.0,3.5,0.7217914438502674
2026-04-18T10:30:28,04/18/202610:30,104.22,0.49000000000000005,51.067800000000005,54.010000000000005,0.6699999999999999,36.1867,35.5,0.0,1.0,198.7,23775.0,44978.0,20.9,10.0,51.0,30.21,13.419999999999998,1.0,645.0,3.5,0.7086011145966734
2026-04-18T10:30:30,04/18/202610:30,105.59,0.5,52.795,54.029999999999994,0.6799999999999999,36.740399999999994,36.0,0.0,1.0,198.7,23775.0,44978.0,20.9,10.07,50.9,30.21,13.444999999999999,1.1,650.2,3.55,0.6959068093569466
2026-04-18T10:31:00,04/18/202610:31,106.96,0.52,55.6192,54.04,0.69,37.2876,36.5,0.0,1.0,198.7,23775.0,44978.0,20.9,10.14,50.8,30.21,13.469999999999999,1.2,655.4,3.6,0.6704087797019734
2026-04-18T10:32:00,04/18/202610:32,108.33,0.54,58.498200000000004,54.06,0.7,37.842,37.0,0.0,1.0,198.7,23775.0,44978.0,20.9,10.209999999999999,50.7,30.21,13.607,1.2,660.6,3.65,0.6468916992317711
2026-04-18T10:32:30,04/18/202610:32,108.25999999999999,0.55,59.543,54.07000000000001,0.7,37.849000000000004,37.0,0.0,1.0,198.7,23775.0,44978.0,20.9,10.28,50.6,30.21,13.744,1.2,665.8,3.7,0.6356582637757587
2026-04-18T10:33:00,04/18/202610:33,108.19000000000001,0.5599999999999999,60.5864,54.08,0.7,37.855999999999995,37.0,0.0,1.0,198.7,23775.0,44978.0,20.9,10.35,50.5,30.21,13.881,1.2,671.0,3.75,0.624826693779462
2026-04-18T10:33:29,04/18/202610:33,108.14000000000001,0.5700000000000001,61.639800000000015,54.1,0.7,37.87,37.0,0.0,1.0,198.7,23775.0,44978.0,20.9,10.419999999999998,50.4,30.207,14.018,1.2,676.2,3.8,0.614375776689736
2026-04-18T10:34:00,04/18/202610:34,108.08,0.58,62.68639999999999,54.120000000000005,0.7,37.884,37.0,0.0,1.0,198.7,23775.0,44978.0,20.9,10.489999999999998,50.3,30.204,14.154999999999998,1.2,681.4,3.85,0.604341611577631
2026-04-18T10:34:30,04/18/202610:34,108.0,0.59,63.72,54.17,0.7,37.919,37.1,0.0,1.0,198.7,23775.0,44978.0,20.9,10.559999999999999,49.8,30.201,14.291999999999998,1.2,686.6,3.9,0.5950878844946641
2026-04-18T10:35:00,04/18/202610:35,108.32000000000001,0.6,64.992,54.21,0.7,37.946999999999996,37.2,0.0,1.0,198.7,23775.0,44978.0,20.9,10.629999999999999,49.3,30.198,14.428999999999998,1.2,691.8,3.95,0.5838718611521417
2026-04-18T10:35:30,04/18/202610:35,108.05,0.59,63.7495,54.25,0.7,37.974999999999994,37.3,0.0,1.0,198.7,23775.0,44978.0,20.9,10.7,48.8,30.195,14.565999999999999,1.2,697.0,4.0,0.5956909465956595
2026-04-18T10:36:00,04/18/202610:36,107.78,0.58,62.5124,54.29,0.7,38.003,37.4,0.0,1.0,198.7,23775.0,44978.0,20.9,10.7,48.4,30.192,14.678,1.1,697.0,4.0,0.6079273872063783
2026-04-18T10:37:00,04/18/202610:37,107.50999999999999,0.5700000000000001,61.2807,54.33,0.7,38.031,37.5,0.0,1.0,198.7,23775.0,44978.0,20.9,10.7,48.0,30.189,14.789999999999997,1.0,697.0,4.0,0.6206032241798805
2026-04-18T10:37:30,04/18/202610:37,107.24000000000001,0.5599999999999999,60.0544,54.36,0.71,38.5956,38.1,0.0,1.0,198.7,23775.0,44978.0,20.9,10.7,47.6,30.186,14.789999999999997,1.0,697.0,4.0,0.6426773059093088
2026-04-18T10:38:00,04/18/202610:38,107.09,0.55,58.8995,54.4,0.72,39.168,38.7,0.0,1.0,198.7,23775.0,44978.0,20.9,10.7,47.2,30.183,14.789999999999997,1.0,697.0,4.0,0.6649971561728028
2026-04-18T10:38:30,04/18/202610:38,106.89000000000001,0.55,58.78950000000001,54.42999999999999,0.73,39.73389999999999,39.3,0.0,1.0,198.7,23775.0,44978.0,20.9,10.7,46.8,30.18,14.789999999999997,1.0,697.0,4.0,0.6758672892268175
2026-04-18T10:39:00,04/18/202610:39,106.67,0.55,58.66850000000001,54.45,0.74,40.293,39.9,0.0,1.0,198.7,23775.0,44978.0,20.9,10.7,46.4,30.18,14.789999999999997,1.0,697.0,4.0,0.6867910377800692
2026-04-18T10:40:00,04/18/202610:40,106.45,0.55,58.54750000000001,54.48,0.75,40.86,40.5,0.0,1.0,198.7,23775.0,44978.0,20.9,10.7,46.0,30.18,14.789999999999997,1.0,697.0,4.0,0.6978948716853836
2026-04-18T10:41:48,04/18/202610:41,106.34,0.5599999999999999,59.550399999999996,54.48,0.77,41.9496,41.6,0.0,1.0,198.7,23775.0,44978.0,20.8,10.7,46.0,30.18,14.789999999999997,1.0,697.0,4.0,0.7044385931916494
2026-04-18T10:42:00,04/18/202610:42,106.22999999999999,0.5700000000000001,60.5511,54.48,0.79,43.0392,42.7,0.0,1.0,198.7,23775.0,44978.0,20.8,10.7,46.0,30.18,14.789999999999997,1.0,697.0,4.0,0.7107913811640086
2026-04-18T10:42:47,04/18/202610:42,106.28,0.59,62.7052,54.470000000000006,0.82,44.665400000000005,44.3,0.0,1.0,198.7,23775.0,44978.0,20.9,10.7,46.0,30.18,14.789999999999997,1.0,697.0,4.0,0.7123077511912889
2026-04-18T10:43:00,04/18/202610:43,106.33,0.61,64.8613,54.46,0.85,46.291,45.9,0.0,1.0,198.7,23775.0,44978.0,20.9,10.7,46.0,30.18,14.789999999999997,1.0,697.0,4.0,0.7136921399971939
2026-04-18T10:44:00,04/18/202610:44,106.38,0.63,67.0194,54.46,0.8800000000000001,47.924800000000005,47.5,0.0,1.0,198.7,23775.0,44978.0,20.9,10.7,46.0,30.18,14.789999999999997,1.0,697.0,4.0,0.7150884669215183
2026-04-18T10:44:48,04/18/202610:44,107.25,0.65,69.7125,54.46,0.9,49.014,48.6,0.0,1.0,198.7,23775.0,44978.0,20.9,10.7,46.0,30.18,14.789999999999997,1.0,697.0,4.0,0.70308768154922
2026-04-18T10:45:00,04/18/202610:45,108.12,0.6699999999999999,72.4404,54.46,0.9199999999999999,50.103199999999994,49.7,0.0,1.0,198.7,23775.0,44978.0,20.9,10.7,46.0,30.18,14.789999999999997,1.0,697.0,4.0,0.6916472023898266
2026-04-18T10:45:48,04/18/202610:45,108.97999999999999,0.6799999999999999,74.10639999999998,54.470000000000006,0.95,51.746500000000005,51.3,0.0,1.0,198.7,23775.0,44978.0,20.9,10.73,45.9,30.183,14.789999999999997,1.2,701.5,4.05,0.6982730236524783
2026-04-18T10:46:01,04/18/202610:46,109.84,0.69,75.7896,54.48,0.9800000000000001,53.3904,52.9,0.0,1.0,198.7,23775.0,44978.0,20.9,10.76,45.8,30.186,14.789999999999997,1.4,706.0,4.1,0.704455492574179
2026-04-18T10:47:00,04/18/202610:47,110.7,0.7,77.49,54.48,1.01,55.0248,54.5,0.0,1.0,198.7,23775.0,44978.0,20.9,10.79,45.7,30.189,14.789999999999997,1.6,710.5,4.15,0.7100890437475804
2026-04-18T10:48:00,04/18/202610:48,111.47,0.7,78.029,54.48,1.03,56.114399999999996,55.5,0.0,1.0,198.7,23775.0,44978.0,20.8,10.819999999999999,45.6,30.192,14.789999999999997,1.8,715.0,4.2,0.7191480090735496
2026-04-18T10:48:48,04/18/202610:48,112.22999999999999,0.7,78.56099999999999,54.48,1.05,57.204,56.5,0.0,1.0,198.7,23775.0,44978.0,20.9,10.85,45.5,30.195,14.789999999999997,2.0,719.5,4.25,0.7281475541299118
2026-04-18T10:49:00,04/18/202610:49,112.97999999999999,0.7,79.08599999999998,54.489999999999995,1.06,57.7594,57.0,0.0,1.0,198.7,23775.0,44978.0,20.9,10.879999999999999,45.4,30.198,14.789999999999997,2.2,724.0,4.3,0.7303365956047848
2026-04-18T10:49:48,04/18/202610:49,113.74000000000001,0.7,79.618,54.5,1.07,58.315000000000005,57.5,0.0,1.0,198.7,23775.0,44978.0,20.8,10.91,45.3,30.201,14.789999999999997,2.4,728.5,4.35,0.7324348765354569
2026-04-18T10:50:00,04/18/202610:50,114.5,0.7,80.14999999999999,54.5,1.08,58.86000000000001,58.0,0.0,1.0,198.7,23775.0,44978.0,20.8,10.940000000000001,45.2,30.204,14.789999999999997,2.6,733.0,4.4,0.7343730505302559
2026-04-18T10:50:47,04/18/202610:50,116.0,0.6699999999999999,77.72,54.5,1.08,58.86000000000001,58.0,0.0,1.0,198.7,23775.0,44978.0,20.9,10.97,45.1,30.207,14.789999999999997,2.8,737.5,4.45,0.7573340195573856
2026-04-18T10:51:01,04/18/202610:51,117.5,0.6399999999999999,75.19999999999999,54.5,1.08,58.86000000000001,58.0,0.0,1.0,198.7,23775.0,44978.0,20.9,11.0,45.0,30.21,14.789999999999997,3.0,742.0,4.5,0.782712765957447
2026-04-18T10:52:49,04/18/202610:52,117.83,0.6399999999999999,75.4112,54.5,1.09,59.405,58.6,0.0,1.0,198.7,23775.0,44978.0,20.9,11.0,45.0,30.21,14.789999999999997,3.0,742.0,4.5,0.7877477085631843
2026-04-18T10:53:01,04/18/202610:53,118.16,0.6399999999999999,75.62239999999998,54.5,1.1,59.95,59.2,0.0,1.0,198.7,23775.0,44978.0,20.9,11.0,45.0,30.21,14.789999999999997,3.0,742.0,4.5,0.792754527758971
2026-04-18T10:53:48,04/18/202610:53,118.49000000000001,0.65,77.0185,54.5,1.1099999999999999,60.49499999999999,59.8,0.0,1.0,198.7,23775.0,44978.0,20.8,11.0,45.0,30.21,14.789999999999997,3.0,742.0,4.5,0.7854606360809414
2026-04-18T10:54:00,04/18/202610:54,118.82000000000001,0.6599999999999999,78.4212,54.5,1.1199999999999999,61.03999999999999,60.4,0.0,1.0,198.7,23775.0,44978.0,20.8,11.0,45.0,30.21,14.789999999999997,3.0,742.0,4.5,0.7783609534156579
2026-04-18T10:54:48,04/18/202610:54,119.16,0.6599999999999999,78.64559999999999,54.5,1.1300000000000001,61.58500000000001,61.0,0.0,1.0,198.7,23775.0,44978.0,20.8,11.0,45.0,30.21,14.789999999999997,3.0,742.0,4.5,0.7830698729490273
2026-04-18T10:55:27,04/18/202610:55,117.7,0.7,82.39,54.5,1.2,65.39999999999999,65.0,0.0,1.0,198.7,23775.0,44978.0,20.8,11.0,45.0,30.21,14.79,3.0,742.0,4.5,0.7937856535987377
2026-04-18T10:55:47,04/18/202610:55,115.55000000000001,0.7,80.885,54.5,1.2,65.39999999999999,65.0,0.0,1.0,198.7,23775.0,44978.0,20.9,11.0,45.0,30.21,14.79,3.0,742.0,4.5,0.808555356370155
2026-04-18T10:56:01,04/18/202610:56,114.83333333333333,0.6999999999999998,80.38333333333331,54.5,1.2,65.39999999999999,65.0,0.0,1.0,198.7,23775.0,44978.0,20.9,11.0,45.0,30.209999999999997,14.79,3.0,742.0,4.5,0.813601492846776
2026-04-18T10:57:01,04/18/202610:57,114.47500000000001,0.7,80.13250000000001,54.475,1.2,65.37,65.0,0.0,1.0,198.7,23775.0,44978.0,20.8,11.0,45.0,30.21,14.79,3.0,742.0,4.5,0.8157738745203257
2026-04-18T10:58:01,04/18/202610:58,114.26000000000002,0.7,79.98200000000001,54.46,1.2,65.352,65.0,0.0,1.0,198.7,23775.0,44978.0,20.8,11.0,45.0,30.21,14.789999999999997,3.0,742.0,4.5,0.8170838438648695
2026-04-18T10:58:48,04/18/202610:58,113.56666666666666,0.7333333333333333,83.28222222222222,54.46666666666667,1.2,65.36,65.0,0.0,1.0,198.7,23775.0,44978.0,20.8,11.0,45.0,30.209999999999997,14.79,3.0,742.0,4.5,0.7848013448248259
2026-04-18T10:59:01,04/18/202610:59,113.07142857142857,0.7571428571428571,85.61122448979592,54.471428571428575,1.2,65.36571428571429,65.0,0.0,1.0,198.7,23775.0,44978.0,20.8,11.0,45.0,30.21,14.790000000000001,3.0,742.0,4.5,0.7635180395475513
2026-04-18T11:00:01,04/18/202611:00,112.7,0.775,87.3425,54.475,1.2,65.37,65.0,0.0,1.0,198.7,23775.0,44978.0,20.8,11.0,45.0,30.21,14.79,3.0,742.0,4.5,0.7484328934940035
2026-04-18T11:00:48,04/18/202611:00,112.41111111111111,0.7888888888888889,88.67987654320987,54.47777777777778,1.2,65.37333333333333,65.0,0.0,1.0,198.7,23775.0,44978.0,20.8,11.022222222222222,45.0,30.209999999999997,14.74111111111111,3.111111111111111,746.7777777777778,4.533333333333333,0.7371834048672783
2026-04-18T11:01:01,04/18/202611:01,112.17999999999999,0.8,89.744,54.48,1.2,65.37599999999999,65.0,0.0,1.0,198.7,23775.0,44978.0,20.8,11.040000000000001,45.0,30.21,14.701999999999998,3.2,750.6,4.5600000000000005,0.7284720984132643
2026-04-18T11:01:47,04/18/202611:01,111.25999999999999,0.8,89.008,54.48,1.2,65.37599999999999,65.0,0.0,1.0,198.7,23775.0,44978.0,20.8,11.059999999999999,45.0,30.21,14.657999999999998,3.3,754.9,4.59,0.7344957756606147
2026-04-18T11:02:00,04/18/202611:02,110.77000000000001,0.8,88.61600000000001,54.48,1.2,65.37599999999999,65.0,0.0,1.0,198.7,23775.0,44978.0,20.8,11.08,45.0,30.21,14.613999999999999,3.4,759.2,4.62,0.7377448767716889
2026-04-18T11:03:01,04/18/202611:03,110.28,0.8,88.224,54.48,1.2,65.37599999999999,65.0,0.0,1.0,198.7,23775.0,44978.0,20.9,11.1,45.0,30.21,14.569999999999999,3.5,763.5,4.65,0.7410228509249183
2026-04-18T11:03:48,04/18/202611:03,109.8,0.8,87.84,54.48,1.2,65.37599999999999,65.0,0.0,1.0,198.7,23775.0,44978.0,20.8,11.12,45.0,30.21,14.526,3.6,767.8,4.68,0.7442622950819671
2026-04-18T11:04:00,04/18/202611:04,109.32000000000001,0.8,87.45600000000002,54.48,1.2,65.37599999999999,65.0,0.0,1.0,198.7,23775.0,44978.0,20.8,11.139999999999999,45.0,30.21,14.482,3.7,772.1,4.71,0.7475301866081226
2026-04-18T11:04:48,04/18/202611:04,109.83,0.79,86.76570000000001,54.48,1.21,65.9208,65.5,0.0,1.0,198.7,23775.0,44978.0,20.8,11.16,45.0,30.21,14.437999999999999,3.8,776.4,4.74,0.7597564475362959
2026-04-18T11:05:01,04/18/202611:05,110.34,0.78,86.0652,54.48,1.22,66.4656,66.0,0.0,1.0,198.7,23775.0,44978.0,20.8,11.18,45.0,30.21,14.394,3.9,780.7,4.77,0.7722703252882698
2026-04-18T11:06:39,04/18/202611:06,110.85999999999999,0.77,85.36219999999999,54.48,1.23,67.01039999999999,66.5,0.0,1.0,198.7,23775.0,44978.0,20.8,11.2,45.0,30.21,14.35,4.0,785.0,4.8,0.785012569966566
2026-04-18T11:07:00,04/18/202611:07,111.38,0.76,84.6488,54.470000000000006,1.24,67.54280000000001,67.0,0.0,1.0,198.7,23775.0,44978.0,20.9,11.2,45.0,30.21,14.35,4.0,785.0,4.8,0.797917985842682
2026-04-18T11:07:47,04/18/202611:07,112.15,0.75,84.11250000000001,54.44,1.25,68.05,67.5,0.0,1.0,198.7,23775.0,44978.0,20.8,11.2,45.0,30.21,14.35,4.0,785.0,4.8,0.8090355179075641
2026-04-18T11:08:01,04/18/202611:08,113.08,0.76,85.9408,54.410000000000004,1.26,68.5566,68.0,0.0,1.0,198.7,23775.0,44978.0,20.8,11.2,45.0,30.21,14.35,4.0,785.0,4.8,0.7977188948671644
2026-04-18T11:08:48,04/18/202611:08,114.0,0.78,88.92,54.370000000000005,1.27,69.04990000000001,68.5,0.0,1.0,198.7,23775.0,44978.0,20.8,11.2,45.0,30.21,14.35,4.0,785.0,4.8,0.7765395861448494
2026-04-18T11:09:00,04/18/202611:09,114.92,0.8,91.936,54.33,1.28,69.5424,69.0,0.0,1.0,198.7,23775.0,44978.0,20.8,11.2,45.0,30.21,14.35,4.0,785.0,4.8,0.7564218586843021
2026-04-18T11:09:48,04/18/202611:09,117.79,0.78,91.87620000000001,54.3,1.25,67.875,67.3,0.0,1.0,198.7,23775.0,44978.0,20.8,11.2,45.0,30.21,14.35,4.0,785.0,4.8,0.7387658610173254
2026-04-18T11:10:01,04/18/202611:10,120.66,0.76,91.7016,54.27,1.2200000000000002,66.20940000000002,65.6,0.0,1.0,198.7,23775.0,44978.0,20.8,11.2,45.0,30.21,14.35,4.0,785.0,4.8,0.7220092124892044
2026-04-18T11:10:48,04/18/202611:10,123.27000000000001,0.79,97.3833,54.25,1.3199999999999998,71.60999999999999,71.0,0.1,1.0,198.7,23775.0,44978.0,20.8,11.2,45.0,30.21,14.35,4.0,785.0,4.8,0.7353416858948093
2026-04-18T11:11:00,04/18/202611:11,125.88,0.8200000000000001,103.22160000000001,54.23,1.42,77.00659999999999,76.4,0.1,1.0,198.7,23775.0,44978.0,20.8,11.2,45.0,30.21,14.35,4.0,785.0,4.8,0.7460318382974105
2026-04-18T11:11:48,04/18/202611:11,127.83,0.97,123.9951,54.279999999999994,1.81,98.2468,98.0,0.1,2.0,198.7,23775.0,44978.0,20.8,11.2,45.0,30.21,14.35,4.0,785.0,4.8,0.7923442136019891
2026-04-18T11:12:01,04/18/202611:12,129.78000000000003,1.1199999999999999,145.35360000000003,54.339999999999996,2.2,119.548,119.6,0.1,2.0,198.7,23775.0,44978.0,20.8,11.2,45.0,30.21,14.35,4.0,785.0,4.8,0.8224632895229288
2026-04-18T11:12:48,04/18/202611:12,132.29000000000002,1.22,161.39380000000003,54.42,2.48,134.9616,135.1,0.1,2.0,198.7,23775.0,44978.0,20.8,11.2,45.0,30.21,14.35,4.0,785.0,4.8,0.8362254312123513
2026-04-18T11:13:01,04/18/202611:13,134.8,1.3199999999999998,177.936,54.5,2.76,150.42,150.6,0.1,2.0,198.7,23775.0,44978.0,20.8,11.2,45.0,30.21,14.35,4.0,785.0,4.8,0.8453601294847585
2026-04-18T11:13:47,04/18/202611:13,137.36,1.4,192.304,54.589999999999996,3.0300000000000002,165.4077,165.6,0.1,2.0,198.7,23775.0,44978.0,20.8,11.2,45.0,30.21,14.35,4.0,785.0,4.8,0.8601365546218488
2026-04-18T11:14:00,04/18/202611:14,139.92000000000002,1.48,207.0816,54.67999999999999,3.3,180.44399999999996,180.6,0.1,2.0,198.7,23775.0,44978.0,20.8,11.2,45.0,30.21,14.35,4.0,785.0,4.8,0.8713666496685363
2026-04-18T11:14:48,04/18/202611:14,140.65,1.59,223.63350000000003,54.77,3.5799999999999996,196.07659999999998,196.1,0.1,2.0,198.7,23775.0,44978.0,20.8,11.2,45.0,30.21,14.35,4.0,785.0,4.8,0.876776511569152
2026-04-18T11:15:01,04/18/202611:15,141.38000000000002,1.7,240.34600000000003,54.86,3.8600000000000003,211.7596,211.6,0.1,2.0,198.7,23775.0,44978.0,20.8,11.2,45.0,30.21,14.35,4.0,785.0,4.8,0.8810614697144948
2026-04-18T11:15:48,04/18/202611:15,141.87,1.7399999999999998,246.85379999999998,54.92999999999999,3.9799999999999995,218.62139999999994,218.4,0.1,2.0,198.7,23775.0,44978.0,20.8,11.2,45.0,30.21,14.35,4.0,785.0,4.8,0.8856310901432344
2026-04-18T11:16:01,04/18/202611:16,142.35999999999999,1.78,253.40079999999998,55.0,4.1,225.49999999999997,225.2,0.1,2.0,198.7,23775.0,44978.0,20.8,11.2,45.0,30.21,14.35,4.0,785.0,4.8,0.889894585968158
2026-04-18T11:16:18,04/18/202611:16,143.47,1.7,243.899,55.0,3.9299999999999997,216.14999999999998,215.8,0.1,2.0,198.7,23775.0,44978.0,20.8,11.239999999999998,44.9,30.21,14.375,4.2,789.5,4.84,0.8862274958076908
2026-04-18T11:17:50,04/18/202611:17,144.44,1.6300000000000001,235.43720000000002,55.0,3.78,207.89999999999998,207.5,0.1,2.0,198.7,23775.0,44978.0,20.8,11.28,44.8,30.21,14.4,4.4,794.0,4.88,0.8830380245772544
2026-04-18T11:18:01,04/18/202611:18,144.6,1.61,232.806,55.0,3.7399999999999998,205.7,205.3,0.1,2.0,198.7,23775.0,44978.0,20.8,11.319999999999999,44.7,30.21,14.425,4.6,798.5,4.92,0.8835682929134128
2026-04-18T11:18:18,04/18/202611:18,144.98,1.5699999999999998,227.61859999999996,55.0,3.66,201.3,200.9,0.1,2.0,198.7,23775.0,44978.0,20.8,11.36,44.6,30.21,14.45,4.8,803.0,4.96,0.8843741240830058
2026-04-18T11:19:00,04/18/202611:19,145.32,1.54,223.7928,55.0,3.59,197.45,197.0,0.1,2.0,198.7,23775.0,44978.0,20.8,11.4,44.5,30.21,14.475,5.0,807.5,5.0,0.8822893319177382
2026-04-18T11:19:19,04/18/202611:19,145.56,1.52,221.2512,55.0,3.54,194.7,194.2,0.1,2.0,198.7,23775.0,44978.0,20.8,11.44,44.4,30.21,14.5,5.2,812.0,5.04,0.8799952271445306
2026-04-18T11:20:00,04/18/202611:20,145.67,1.51,219.96169999999998,55.0,3.5200000000000005,193.60000000000002,193.1,0.1,2.0,198.7,23775.0,44978.0,20.8,11.48,44.3,30.21,14.525,5.4,816.5,5.08,0.8801532266753714
2026-04-18T11:20:18,04/18/202611:20,145.82999999999998,1.49,217.28669999999997,55.0,3.4899999999999998,191.95,191.5,0.1,2.0,198.7,23775.0,44978.0,20.8,11.52,44.2,30.21,14.55,5.6,821.0,5.12,0.8833950720407646
2026-04-18T11:21:01,04/18/202611:21,145.82999999999998,1.48,215.8284,55.0,3.4799999999999995,191.39999999999998,191.0,0.1,2.0,198.7,23775.0,44978.0,20.8,11.559999999999999,44.1,30.21,14.575,5.8,825.5,5.16,0.8868156368670665
2026-04-18T11:21:19,04/18/202611:21,145.79,1.48,215.76919999999998,55.0,3.4799999999999995,191.39999999999998,191.0,0.1,2.0,198.7,23775.0,44978.0,20.8,11.6,44.0,30.21,14.6,6.0,830.0,5.2,0.8870589500262317
2026-04-18T11:22:00,04/18/202611:22,145.78,1.48,215.7544,55.0,3.4799999999999995,191.39999999999998,191.0,0.1,2.0,198.7,23775.0,44978.0,20.8,11.6,44.0,30.21,14.6,6.0,830.0,5.2,0.8871197991790665
2026-04-18T11:22:18,04/18/202611:22,146.03,1.46,213.2038,55.0,3.44,189.2,188.8,0.1,2.0,198.7,23775.0,44978.0,20.8,11.6,44.0,30.21,14.6,6.0,830.0,5.2,0.8874138265828282
2026-04-18T11:23:31,04/18/202611:23,146.32,1.43,209.2376,55.010000000000005,3.38,185.93380000000002,185.5,0.1,2.0,198.7,23775.0,44978.0,20.8,11.6,44.0,30.21,14.6,6.0,830.0,5.2,0.8886251801779415
2026-04-18T11:24:00,04/18/202611:24,146.39000000000001,1.42,207.87380000000002,55.02,3.3600000000000003,184.86720000000003,184.4,0.1,2.0,198.7,23775.0,44978.0,20.8,11.6,44.0,30.21,14.6,6.0,830.0,5.2,0.889324195737991
2026-04-18T11:24:31,04/18/202611:24,146.44,1.42,207.9448,55.02,3.35,184.317,183.9,0.1,2.0,198.7,23775.0,44978.0,20.8,11.6,44.0,30.21,14.6,6.0,830.0,5.2,0.8863746532733688
2026-04-18T11:25:01,04/18/202611:25,146.59,1.41,206.6919,55.02,3.3200000000000003,182.66640000000004,182.3,0.1,2.0,198.7,23775.0,44978.0,20.8,11.6,44.0,30.21,14.6,6.0,830.0,5.2,0.8837617729577213
2026-04-18T11:25:30,04/18/202611:25,146.74,1.4,205.436,55.02,3.3,181.566,181.2,0.1,2.0,198.7,23775.0,44978.0,20.8,11.6,44.0,30.21,14.6,6.0,830.0,5.2,0.8838080959520239
2026-04-18T11:26:00,04/18/202611:26,146.84,1.4,205.576,55.02,3.29,181.0158,180.6,0.1,2.0,198.7,23775.0,44978.0,20.8,11.6,44.0,30.21,14.6,6.0,830.0,5.2,0.8805298283846364
2026-04-18T11:26:31,04/18/202611:26,146.95,1.4,205.72999999999996,55.02,3.28,180.4656,180.0,0.1,2.0,198.7,23775.0,44978.0,20.8,11.6,44.0,30.21,14.6,6.0,830.0,5.2,0.8771963252807079
2026-04-18T11:27:00,04/18/202611:27,147.1,1.39,204.46899999999997,55.02,3.2600000000000002,179.36520000000002,178.9,0.1,2.0,198.7,23775.0,44978.0,20.8,11.6,44.0,30.21,14.6,6.0,830.0,5.2,0.877224420327776
2026-04-18T11:27:04,04/18/202611:27,147.26,1.3699999999999999,201.74619999999996,55.02,3.2299999999999995,177.7146,177.3,0.1,2.0,198.7,23775.0,44978.0,20.8,11.6,44.0,30.21,14.6,6.0,830.0,5.2,0.8808820190913139
2026-04-18T11:29:01,04/18/202611:29,147.31,1.3599999999999999,200.34159999999997,55.02,3.21,176.6142,176.2,0.1,2.0,198.7,23775.0,44978.0,20.8,11.6,44.0,30.21,14.6,6.0,830.0,5.2,0.8815652864906741
2026-04-18T11:29:04,04/18/202611:29,147.32,1.3599999999999999,200.35519999999997,55.0,3.2,176.0,175.7,0.1,3.0,198.7,23775.0,44978.0,20.8,11.6,44.0,30.21,14.6,6.0,830.0,5.2,0.878439890754021
2026-04-18T11:30:05,04/18/202611:30,147.29000000000002,1.3599999999999999,200.3144,54.989999999999995,3.2,175.968,175.2,0.1,3.0,198.7,23775.0,44978.0,20.8,11.6,44.0,30.21,14.6,6.0,830.0,5.2,0.8784590623539794
2026-04-18T11:31:00,04/18/202611:31,147.28,1.35,198.828,54.989999999999995,3.19,175.41809999999998,174.1,0.1,3.0,198.7,23775.0,44978.0,20.8,11.6,44.0,30.21,14.6,6.0,830.0,5.2,0.8822605468042729
2026-04-18T11:31:06,04/18/202611:31,147.24,1.34,197.30160000000004,54.989999999999995,3.18,174.8682,173.5,0.1,3.0,198.7,23775.0,44978.0,20.8,11.639999999999999,43.9,30.21,14.644,5.9,833.0,5.24,0.8862989453709447
2026-04-18T11:32:01,04/18/202611:32,147.2,1.33,195.77599999999998,54.989999999999995,3.16,173.76839999999999,172.4,0.1,3.0,198.7,23775.0,44978.0,20.8,11.68,43.8,30.21,14.687999999999999,5.8,836.0,5.279999999999999,0.8875878555083361
2026-04-18T11:32:05,04/18/202611:32,147.14000000000001,1.3199999999999998,194.2248,54.989999999999995,3.13,172.1187,170.8,0.1,3.0,198.7,23775.0,44978.0,20.8,11.72,43.7,30.21,14.732,5.7,839.0,5.32,0.8861829179383889
2026-04-18T11:33:01,04/18/202611:33,147.07,1.31,192.6617,54.989999999999995,3.1,170.469,169.2,0.1,3.0,198.7,23775.0,44978.0,20.8,11.76,43.6,30.21,14.776,5.6,842.0,5.36,0.8848100063479145
2026-04-18T11:34:52,04/18/202611:34,146.99,1.3,191.08700000000002,54.989999999999995,3.08,169.36919999999998,168.1,0.1,3.0,198.7,23775.0,44978.0,20.8,11.82,43.5,30.21,14.758,6.2,845.0,5.4,0.8863460099326483
2026-04-18T11:35:01,04/18/202611:35,146.9,1.3,190.97000000000003,54.989999999999995,3.07,168.81929999999997,167.5,0.1,3.0,198.7,23775.0,44978.0,20.8,11.879999999999999,43.4,30.21,14.74,6.8,848.0,5.4399999999999995,0.8840095302927159
2026-04-18T11:35:52,04/18/202611:35,146.84,1.3,190.89200000000002,54.989999999999995,3.0300000000000002,166.6197,165.3,0.1,3.0,198.7,23775.0,44978.0,20.8,11.94,43.3,30.21,14.722,7.4,851.0,5.4799999999999995,0.8728479978207572
2026-04-18T11:36:01,04/18/202611:36,146.78,1.3,190.81400000000002,55.0,3.0,165.0,163.6,0.1,3.0,198.7,23775.0,44978.0,20.8,12.0,43.2,30.21,14.703999999999999,8.0,854.0,5.52,0.8647164254195184
2026-04-18T11:36:52,04/18/202611:36,146.74,1.31,192.22940000000003,55.0,2.99,164.45000000000002,163.6,0.1,3.0,198.7,23775.0,44978.0,20.8,12.059999999999999,43.2,30.21,14.685999999999998,8.6,857.0,5.56,0.8554882863911555
2026-04-18T11:37:01,04/18/202611:37,146.7,1.3199999999999998,193.64399999999995,55.0,2.98,163.9,163.6,0.1,3.0,198.7,23775.0,44978.0,20.8,12.12,43.2,30.21,14.668000000000001,9.2,860.0,5.6,0.8463985457850491
2026-04-18T11:37:52,04/18/202611:37,146.72,1.31,192.2032,55.0,2.95,162.25,162.0,0.1,3.0,198.7,23775.0,44978.0,20.8,12.139999999999999,43.3,30.21,14.606,9.9,860.0,5.6,0.8441586820614849
2026-04-18T11:38:01,04/18/202611:38,146.74,1.3,190.76200000000003,55.0,2.92,160.6,160.4,0.1,3.0,198.7,23775.0,44978.0,20.8,12.16,43.4,30.21,14.544,10.6,860.0,5.6,0.8418867489332256
2026-04-18T11:38:52,04/18/202611:38,146.8,1.29,189.372,55.0,2.8899999999999997,158.95,158.7,0.1,3.0,198.7,23775.0,44978.0,20.8,12.18,43.5,30.21,14.482,11.3,860.0,5.6,0.8393532306782416
2026-04-18T11:40:12,04/18/202611:40,146.85,1.29,189.4365,55.0,2.88,158.4,158.1,0.1,3.0,198.7,23775.0,44978.0,20.8,12.2,43.6,30.21,14.419999999999998,12.0,860.0,5.6,0.8361640972040764
2026-04-18T11:40:51,04/18/202611:40,146.92000000000002,1.28,188.05760000000004,55.010000000000005,2.84,156.2284,155.9,0.1,3.0,198.7,23775.0,44978.0,20.8,12.2,43.7,30.21,14.419999999999998,12.0,860.0,5.6,0.8307476007350937
2026-04-18T11:41:00,04/18/202611:41,146.98999999999998,1.27,186.67729999999997,55.02,2.8,154.056,153.7,0.1,3.0,198.7,23775.0,44978.0,20.8,12.2,43.8,30.21,14.419999999999998,12.0,860.0,5.6,0.8252529900528882
2026-04-18T11:41:52,04/18/202611:41,147.0,1.26,185.22,55.02,2.82,155.1564,154.8,0.1,3.0,198.7,23775.0,44978.0,20.8,12.2,43.9,30.21,14.419999999999998,12.0,860.0,5.6,0.8376870748299319
2026-04-18T11:42:01,04/18/202611:42,147.01,1.25,183.7625,55.02,2.84,156.2568,155.9,0.1,3.0,198.7,23775.0,44978.0,20.8,12.2,44.0,30.21,14.419999999999998,12.0,860.0,5.6,0.8503192980069384
2026-04-18T11:42:52,04/18/202611:42,147.06,1.23,180.8838,55.02,2.8,154.056,153.7,0.1,3.0,198.7,23775.0,44978.0,20.8,12.2,44.0,30.21,14.419999999999998,12.0,860.0,5.6,0.8516848938379225
2026-04-18T11:43:01,04/18/202611:43,147.10999999999999,1.21,178.0031,55.02,2.7600000000000002,151.85520000000002,151.5,0.1,3.0,198.7,23775.0,44978.0,20.8,12.2,44.0,30.21,14.419999999999998,12.0,860.0,5.6,0.8531042436901382
2026-04-18T11:43:52,04/18/202611:43,147.13,1.21,178.0273,55.02,2.75,151.305,150.9,0.2,3.0,198.7,23775.0,44978.0,20.8,12.2,44.0,30.21,14.419999999999998,12.0,860.0,5.6,0.849897740402736
2026-04-18T11:44:00,04/18/202611:44,147.15,1.21,178.0515,55.02,2.74,150.75480000000002,150.3,0.2,3.0,198.7,23775.0,44978.0,20.8,12.2,44.0,30.21,14.419999999999998,12.0,860.0,5.6,0.8466921087438186
2026-04-18T11:45:01,04/18/202611:45,147.15,1.21,178.0515,55.029999999999994,2.74,150.7822,150.3,0.2,3.0,198.7,23775.0,44978.0,20.8,12.2,44.0,30.21,14.419999999999998,12.0,860.0,5.6,0.8468459968042953
2026-04-18T11:45:52,04/18/202611:45,147.17,1.2,176.60399999999998,55.029999999999994,2.72,149.6816,149.2,0.2,3.0,198.7,23775.0,44978.0,20.8,12.25,43.8,30.21,14.431999999999999,11.8,863.0,5.64,0.8475549817671175
2026-04-18T11:46:00,04/18/202611:46,147.18,1.2,176.616,55.02,2.72,149.6544,149.2,0.2,3.0,198.7,23775.0,44978.0,20.8,12.3,43.6,30.21,14.443999999999999,11.6,866.0,5.68,0.8473433890474249
2026-04-18T11:46:52,04/18/202611:46,147.18,1.2,176.616,55.010000000000005,2.72,149.62720000000002,149.2,0.2,3.0,198.7,23775.0,44978.0,20.8,12.35,43.4,30.21,14.456,11.4,869.0,5.72,0.8471893826153916
2026-04-18T11:47:01,04/18/202611:47,147.2,1.2,176.64,55.010000000000005,2.7,148.52700000000002,148.1,0.2,3.0,198.7,23775.0,44978.0,20.8,12.4,43.2,30.21,14.468,11.2,872.0,5.76,0.8408457880434784
2026-04-18T11:47:51,04/18/202611:47,147.19,1.21,178.0999,55.010000000000005,2.68,147.42680000000001,147.0,0.2,3.0,198.7,23775.0,44978.0,20.8,12.45,43.0,30.21,14.479999999999999,11.0,875.0,5.8,0.8277758718561887
2026-04-18T11:48:01,04/18/202611:48,147.16,1.22,179.5352,55.010000000000005,2.6900000000000004,147.97690000000003,147.5,0.2,3.0,198.7,23775.0,44978.0,20.8,12.5,42.8,30.21,14.491999999999999,10.8,878.0,5.84,0.8242222138054266
2026-04-18T11:48:36,04/18/202611:48,147.10999999999999,1.22,179.47419999999997,55.010000000000005,2.6900000000000004,147.97690000000003,147.5,0.2,3.0,198.7,23775.0,44978.0,20.8,12.55,42.6,30.21,14.504,10.6,881.0,5.88,0.8245023518700741
2026-04-18T11:49:01,04/18/202611:49,147.06,1.22,179.4132,55.010000000000005,2.68,147.42680000000001,147.0,0.2,3.0,198.7,23775.0,44978.0,20.8,12.6,42.4,30.21,14.516,10.4,884.0,5.92,0.8217165738083932
2026-04-18T11:49:36,04/18/202611:49,146.98,1.22,179.3156,55.010000000000005,2.68,147.42680000000001,147.0,0.2,3.0,198.7,23775.0,44978.0,20.8,12.65,42.2,30.21,14.528,10.2,887.0,5.96,0.8221638273524446
2026-04-18T11:50:01,04/18/202611:50,146.9,1.22,179.218,55.0,2.68,147.4,147.0,0.2,3.0,198.7,23775.0,44978.0,20.8,12.7,42.0,30.21,14.539999999999997,10.0,890.0,6.0,0.8224620294836457
2026-04-18T11:51:24,04/18/202611:51,146.78,1.22,179.0716,55.0,2.6900000000000004,147.95000000000002,147.6,0.2,4.0,198.7,23775.0,44978.0,20.8,12.7,42.0,30.21,14.539999999999997,10.0,890.0,6.0,0.8262058305169554
2026-04-18T11:51:36,04/18/202611:51,146.69,1.21,177.4949,55.010000000000005,2.6700000000000004,146.87670000000003,146.5,0.2,4.0,198.7,23775.0,44978.0,20.8,12.7,42.0,30.21,14.539999999999997,10.0,890.0,6.0,0.8274981422001423
2026-04-18T11:52:00,04/18/202611:52,146.60999999999999,1.2,175.932,55.02,2.65,145.803,145.4,0.2,4.0,198.7,23775.0,44978.0,20.8,12.7,42.0,30.21,14.539999999999997,10.0,890.0,6.0,0.8287463338107905
2026-04-18T11:52:35,04/18/202611:52,146.52,1.2,175.824,55.02,2.64,145.2528,144.9,0.2,4.0,198.7,23775.0,44978.0,20.8,12.7,42.0,30.21,14.539999999999997,10.0,890.0,6.0,0.8261261261261261
2026-04-18T11:53:01,04/18/202611:53,146.45999999999998,1.19,174.28739999999996,55.02,2.63,144.7026,144.4,0.2,4.0,198.7,23775.0,44978.0,20.8,12.7,42.0,30.21,14.539999999999997,10.0,890.0,6.0,0.830252789358267
2026-04-18T11:53:36,04/18/202611:53,146.41,1.1800000000000002,172.76380000000003,55.02,2.6,143.05200000000002,142.8,0.2,4.0,198.7,23775.0,44978.0,20.8,12.7,42.0,30.21,14.539999999999997,10.0,890.0,6.0,0.8280206848888482
2026-04-18T11:54:49,04/18/202611:54,146.4,1.1800000000000002,172.75200000000004,55.02,2.59,142.5018,142.2,0.2,4.0,198.7,23775.0,44978.0,20.8,12.7,42.0,30.21,14.539999999999997,10.0,890.0,6.0,0.8248923312031118
2026-04-18T11:55:00,04/18/202611:55,146.39000000000001,1.1800000000000002,172.74020000000004,55.02,2.58,141.9516,141.6,0.2,4.0,198.7,23775.0,44978.0,20.8,12.7,42.0,30.21,14.539999999999997,10.0,890.0,6.0,0.8217635501174595
2026-04-18T11:55:48,04/18/202611:55,146.43,1.17,171.3231,55.02,2.56,140.8512,140.5,0.2,4.0,198.7,23775.0,44978.0,20.8,12.7,42.0,30.21,14.539999999999997,10.0,890.0,6.0,0.8221378202939358
2026-04-18T11:56:00,04/18/202611:56,146.47,1.16,169.90519999999998,55.02,2.54,139.7508,139.4,0.2,4.0,198.7,23775.0,44978.0,20.8,12.7,42.0,30.21,14.539999999999997,10.0,890.0,6.0,0.8225222065010371
2026-04-18T11:56:49,04/18/202611:56,146.56,1.1400000000000001,167.07840000000002,55.02,2.4899999999999998,136.9998,136.6,0.2,4.0,198.7,23775.0,44978.0,20.8,12.7,42.0,30.21,14.539999999999997,10.0,890.0,6.0,0.8199731383589978
2026-04-18T11:57:00,04/18/202611:57,146.62,1.1300000000000001,165.68060000000003,55.010000000000005,2.4699999999999998,135.8747,135.5,0.2,4.0,198.7,23775.0,44978.0,20.8,12.7,42.0,30.21,14.539999999999997,10.0,890.0,6.0,0.8201002410662441
2026-04-18T11:57:48,04/18/202611:57,146.66000000000003,1.1300000000000001,165.72580000000005,55.0,2.48,136.4,136.1,0.2,4.0,198.7,23775.0,44978.0,20.8,12.7,42.0,30.21,14.539999999999997,10.0,890.0,6.0,0.8230462607511925
2026-04-18T11:58:01,04/18/202611:58,146.71,1.1199999999999999,164.3152,55.0,2.48,136.4,136.1,0.2,4.0,198.7,23775.0,44978.0,20.8,12.7,42.0,30.21,14.539999999999997,10.0,890.0,6.0,0.8301118825282141
2026-04-18T11:58:48,04/18/202611:58,146.74,1.1199999999999999,164.34879999999998,55.0,2.48,136.4,136.1,0.2,4.0,198.7,23775.0,44978.0,20.8,12.7,42.0,30.21,14.539999999999997,10.0,890.0,6.0,0.8299421717712574
2026-04-18T11:59:00,04/18/202611:59,146.76,1.1199999999999999,164.37119999999996,55.0,2.5,137.5,137.2,0.2,4.0,198.7,23775.0,44978.0,20.8,12.7,42.0,30.21,14.539999999999997,10.0,890.0,6.0,0.8365212397305613
2026-04-18T11:59:49,04/18/202611:59,146.77,1.1199999999999999,164.3824,55.0,2.4899999999999998,136.95,136.7,0.2,4.0,198.7,23775.0,44978.0,20.8,12.7,42.0,30.21,14.539999999999997,10.0,890.0,6.0,0.8331183873699374
2026-04-18T12:00:01,04/18/202600:00,146.78,1.1199999999999999,164.3936,55.0,2.48,136.4,136.2,0.2,4.0,198.7,23775.0,44978.0,20.8,12.7,42.0,30.21,14.539999999999997,10.0,890.0,6.0,0.8297159986763476
2026-04-18T12:00:48,04/18/202600:00,146.76,1.1199999999999999,164.37119999999996,55.0,2.46,135.3,135.1,0.2,4.0,198.7,23775.0,44978.0,20.8,12.73,41.9,30.213,14.514999999999997,9.9,893.0,6.0200000000000005,0.8231368998948724
2026-04-18T12:01:00,04/18/202600:01,146.74,1.1199999999999999,164.34879999999998,55.0,2.44,134.2,134.0,0.2,4.0,198.7,23775.0,44978.0,20.8,12.76,41.8,30.216,14.489999999999998,9.8,896.0,6.04,0.8165560077104305
2026-04-18T12:02:35,04/18/202600:02,146.70999999999998,1.1300000000000001,165.7823,55.0,2.46,135.3,135.1,0.2,4.0,198.7,23775.0,44978.0,20.8,12.79,41.7,30.219,14.464999999999998,9.7,899.0,6.0600000000000005,0.8161305519346759
2026-04-18T12:02:49,04/18/202600:02,146.70999999999998,1.1400000000000001,167.2494,55.0,2.46,135.3,135.1,0.2,4.0,198.7,23775.0,44978.0,20.8,12.819999999999999,41.6,30.222,14.439999999999998,9.6,902.0,6.08,0.8089715120054243
2026-04-18T12:02:54,04/18/202600:02,146.7,1.15,168.70499999999998,55.010000000000005,2.46,135.3246,135.1,0.2,4.0,198.7,23775.0,44978.0,20.8,12.85,41.5,30.225,14.414999999999997,9.5,905.0,6.1,0.8021374588779231
2026-04-18T12:03:00,04/18/202600:03,146.69,1.16,170.16039999999998,55.02,2.46,135.3492,135.1,0.2,4.0,198.7,23775.0,44978.0,20.8,12.88,41.4,30.227999999999998,14.389999999999997,9.4,908.0,6.12,0.7954212613510547
2026-04-18T12:03:53,04/18/202600:03,146.71999999999997,1.15,168.72799999999995,55.02,2.45,134.799,134.5,0.2,4.0,198.7,23775.0,44978.0,20.8,12.91,41.3,30.231,14.364999999999998,9.3,911.0,6.14,0.7989130434782611
2026-04-18T12:04:00,04/18/202600:04,146.75,1.1400000000000001,167.29500000000002,55.02,2.44,134.24880000000002,133.9,0.2,4.0,198.7,23775.0,44978.0,20.8,12.940000000000001,41.2,30.233999999999998,14.339999999999998,9.2,914.0,6.16,0.8024674975342957
2026-04-18T12:04:54,04/18/202600:04,146.8,1.1300000000000001,165.88400000000004,55.02,2.42,133.1484,132.8,0.2,4.0,198.7,23775.0,44978.0,20.8,12.969999999999999,41.1,30.237000000000002,14.314999999999998,9.1,917.0,6.180000000000001,0.802659689903788
2026-04-18T12:05:00,04/18/202600:05,146.85,1.12,164.472,55.02,2.4,132.048,131.7,0.2,4.0,198.7,23775.0,44978.0,20.8,13.0,41.0,30.24,14.289999999999997,9.0,920.0,6.2,0.8028600612870276
2026-04-18T12:05:53,04/18/202600:05,146.9,1.12,164.52800000000002,55.02,2.41,132.59820000000002,132.3,0.2,4.0,198.7,23775.0,44978.0,20.8,13.0,41.0,30.24,14.289999999999997,9.0,920.0,6.2,0.8059309053778081
2026-04-18T12:06:00,04/18/202600:06,146.95,1.12,164.584,55.02,2.42,133.1484,132.9,0.2,4.0,198.7,23775.0,44978.0,20.8,13.0,41.0,30.24,14.289999999999997,9.0,920.0,6.2,0.8089996597482138
2026-04-18T12:06:53,04/18/202600:06,147.03,1.11,163.2033,55.02,2.3899999999999997,131.49779999999998,131.3,0.2,4.0,198.7,23775.0,44978.0,20.8,13.0,41.0,30.24,14.289999999999997,9.0,920.0,6.2,0.805730031194222
2026-04-18T12:07:00,04/18/202600:07,147.07999999999998,1.1,161.78799999999998,55.02,2.38,130.9476,130.8,0.2,4.0,198.7,23775.0,44978.0,20.8,13.0,41.0,30.24,14.289999999999997,9.0,920.0,6.2,0.8093777041560561
2026-04-18T12:07:53,04/18/202600:07,147.17000000000002,1.08,158.94360000000003,55.010000000000005,2.35,129.2735,129.1,0.2,4.0,198.7,23775.0,44978.0,20.8,13.0,41.0,30.24,14.289999999999997,9.0,920.0,6.2,0.813329382246281
2026-04-18T12:08:00,04/18/202600:08,147.26,1.06,156.0956,55.0,2.32,127.6,127.4,0.2,4.0,198.7,23775.0,44978.0,20.8,13.0,41.0,30.24,14.289999999999997,9.0,920.0,6.2,0.8174477691876004
2026-04-18T12:08:53,04/18/202600:08,147.33999999999997,1.06,156.1804,55.0,2.31,127.05,126.9,0.2,4.0,198.7,23775.0,44978.0,20.8,13.0,41.0,30.24,14.289999999999997,9.0,920.0,6.2,0.8134823575813611
2026-04-18T12:09:00,04/18/202600:09,147.42,1.06,156.2652,55.0,2.3,126.49999999999999,126.4,0.2,4.0,198.7,23775.0,44978.0,20.8,13.0,41.0,30.24,14.289999999999997,9.0,920.0,6.2,0.809521249772822
2026-04-18T12:09:54,04/18/202600:09,147.46999999999997,1.06,156.3182,55.0,2.3,126.49999999999999,126.4,0.2,4.0,198.7,23775.0,44978.0,20.8,13.0,41.0,30.24,14.289999999999997,9.0,920.0,6.2,0.8092467799654807
2026-04-18T12:10:00,04/18/202600:10,147.51999999999998,1.06,156.3712,55.0,2.3,126.49999999999999,126.4,0.2,4.0,198.7,23775.0,44978.0,20.8,13.0,41.0,30.24,14.289999999999997,9.0,920.0,6.2,0.8089724962141366
2026-04-18T12:10:53,04/18/202600:10,147.56,1.06,156.4136,55.0,2.3,126.49999999999999,126.4,0.2,4.0,198.7,23775.0,44978.0,20.8,13.0,41.0,30.24,14.289999999999997,9.0,920.0,6.2,0.8087532030462823
2026-04-18T12:11:00,04/18/202600:11,147.6,1.06,156.456,55.0,2.3,126.49999999999999,126.4,0.2,4.0,198.7,23775.0,44978.0,20.8,13.0,41.0,30.24,14.289999999999997,9.0,920.0,6.2,0.8085340287365137
2026-04-18T12:12:00,04/18/202600:12,147.6,1.07,157.93200000000002,55.010000000000005,2.32,127.6232,127.5,0.2,4.0,198.7,23775.0,44978.0,20.8,13.0,41.0,30.24,14.289999999999997,9.0,920.0,6.2,0.8080895575310892
2026-04-18T12:13:47,04/18/202600:13,147.60999999999999,1.07,157.9427,55.010000000000005,2.32,127.6232,127.5,0.2,4.0,198.7,23775.0,44978.0,20.8,13.0,41.0,30.24,14.289999999999997,9.0,920.0,6.2,0.8080348126250849
2026-04-18T12:14:50,04/18/202600:14,147.64,1.07,157.9748,55.010000000000005,2.29,125.97290000000001,125.9,0.2,4.0,198.7,23775.0,44978.0,20.8,13.0,41.0,30.24,14.289999999999997,9.0,920.0,6.2,0.7974240195271652
2026-04-18T12:15:01,04/18/202600:15,147.67000000000002,1.07,158.00690000000003,55.010000000000005,2.2600000000000002,124.32260000000002,124.3,0.2,4.0,198.7,23775.0,44978.0,20.8,13.0,41.0,30.24,14.289999999999997,9.0,920.0,6.2,0.7868175377151251
2026-04-18T12:15:49,04/18/202600:15,147.67000000000002,1.07,158.00690000000003,55.010000000000005,2.2399999999999998,123.2224,123.2,0.2,4.0,198.7,23775.0,44978.0,20.8,13.040000000000001,40.9,30.24,14.284,8.9,922.0,6.23,0.779854550655699
2026-04-18T12:16:00,04/18/202600:16,147.67000000000002,1.07,158.00690000000003,55.010000000000005,2.2199999999999998,122.12219999999999,122.1,0.2,4.0,198.7,23775.0,44978.0,20.8,13.080000000000002,40.8,30.24,14.278,8.8,924.0,6.26,0.7728915635962731
2026-04-18T12:16:49,04/18/202600:16,147.66,1.06,156.5196,55.010000000000005,2.21,121.5721,121.5,0.2,5.0,198.7,23775.0,44978.0,20.8,13.12,40.7,30.24,14.272,8.7,926.0,6.29,0.7767212540793613
2026-04-18T12:17:01,04/18/202600:17,147.65,1.05,155.0325,55.010000000000005,2.2,121.02200000000002,120.9,0.2,5.0,198.7,23775.0,44978.0,20.8,13.16,40.6,30.24,14.266,8.6,928.0,6.32,0.7806234176704886
2026-04-18T12:17:49,04/18/202600:17,147.67000000000002,1.04,153.57680000000002,55.010000000000005,2.18,119.92180000000002,119.8,0.2,5.0,198.7,23775.0,44978.0,20.8,13.2,40.5,30.24,14.26,8.5,930.0,6.35,0.7808588276354241
2026-04-18T12:18:01,04/18/202600:18,147.69,1.03,152.1207,55.010000000000005,2.16,118.82160000000002,118.7,0.2,5.0,198.7,23775.0,44978.0,20.8,13.24,40.4,30.24,14.254,8.4,932.0,6.38,0.7811007969329619
2026-04-18T12:18:49,04/18/202600:18,147.69,1.02,150.6438,55.0,2.14,117.7,117.6,0.2,5.0,198.7,23775.0,44978.0,20.8,13.280000000000001,40.3,30.24,14.248,8.3,934.0,6.409999999999999,0.7813132701113488
2026-04-18T12:19:00,04/18/202600:19,147.68,1.02,150.6336,55.0,2.14,117.7,117.6,0.2,5.0,198.7,23775.0,44978.0,20.8,13.319999999999999,40.2,30.24,14.242,8.2,936.0,6.44,0.7813661759394982
2026-04-18T12:19:50,04/18/202600:19,147.63,1.02,150.58259999999999,55.0,2.13,117.14999999999999,117.0,0.2,5.0,198.7,23775.0,44978.0,20.8,13.36,40.1,30.24,14.236,8.1,938.0,6.470000000000001,0.7779783321578987
2026-04-18T12:20:01,04/18/202600:20,147.57999999999998,1.02,150.5316,55.0,2.12,116.60000000000001,116.4,0.2,5.0,198.7,23775.0,44978.0,20.8,13.4,40.0,30.24,14.23,8.0,940.0,6.5,0.7745881927781277
2026-04-18T12:20:49,04/18/202600:20,147.54000000000002,1.02,150.49080000000004,55.0,2.1100000000000003,116.05000000000001,115.8,0.2,5.0,198.7,23775.0,44978.0,20.8,13.4,40.0,30.24,14.23,8.0,940.0,6.5,0.7711434851831473
2026-04-18T12:21:00,04/18/202600:21,147.5,1.01,148.975,55.0,2.1,115.5,115.2,0.2,5.0,198.7,23775.0,44978.0,20.8,13.4,40.0,30.24,14.23,8.0,940.0,6.5,0.7752978687699279
2026-04-18T12:22:00,04/18/202600:22,147.44,1.01,148.9144,55.0,2.1100000000000003,116.05000000000001,115.8,0.2,5.0,198.7,23775.0,44978.0,20.8,13.4,40.0,30.24,14.23,8.0,940.0,6.5,0.7793067695266543
2026-04-18T12:22:51,04/18/202600:22,147.35,1.01,148.8235,55.0,2.12,116.60000000000001,116.4,0.2,5.0,198.7,23775.0,44978.0,20.8,13.4,40.0,30.24,14.23,8.0,940.0,6.5,0.7834784157071969
2026-04-18T12:23:01,04/18/202600:23,147.25,1.01,148.7225,55.0,2.12,116.60000000000001,116.4,0.2,5.0,198.7,23775.0,44978.0,20.8,13.4,40.0,30.24,14.23,8.0,940.0,6.5,0.7840104893341627
2026-04-18T12:24:58,04/18/202600:24,147.15,1.01,148.6215,55.010000000000005,2.12,116.62120000000002,116.4,0.2,5.0,198.7,23775.0,44978.0,20.8,13.4,40.0,30.24,14.23,8.0,940.0,6.5,0.7846859303667371
2026-04-18T12:25:01,04/18/202600:25,147.07,1.01,148.5407,55.02,2.12,116.64240000000001,116.4,0.2,5.0,198.7,23775.0,44978.0,20.8,13.4,40.0,30.24,14.23,8.0,940.0,6.5,0.7852554888996754
2026-04-18T12:25:51,04/18/202600:25,146.99,1.01,148.4599,55.02,2.1,115.54200000000002,115.3,0.2,5.0,198.7,23775.0,44978.0,20.8,13.4,40.0,30.24,14.23,8.0,940.0,6.5,0.7782707653716594
2026-04-18T12:26:01,04/18/202600:26,146.92000000000002,1.01,148.38920000000002,55.02,2.1100000000000003,116.09220000000002,115.9,0.2,5.0,198.7,23775.0,44978.0,20.8,13.4,40.0,30.24,14.23,8.0,940.0,6.5,0.7823493893086559
2026-04-18T12:26:51,04/18/202600:26,146.85,1.0,146.85,55.02,2.1,115.54200000000002,115.4,0.2,5.0,198.7,23775.0,44978.0,20.8,13.4,40.0,30.24,14.23,8.0,940.0,6.5,0.7868028600612872
2026-04-18T12:27:00,04/18/202600:27,146.79,0.9800000000000001,143.85420000000002,55.02,2.0700000000000003,113.89140000000002,113.8,0.2,5.0,198.7,23775.0,44978.0,20.8,13.4,40.0,30.24,14.23,8.0,940.0,6.5,0.7917141105369186
2026-04-18T12:27:51,04/18/202600:27,146.73,0.97,142.32809999999998,55.02,2.06,113.34120000000001,113.3,0.2,5.0,198.7,23775.0,44978.0,20.9,13.4,40.0,30.24,14.23,8.0,940.0,6.5,0.7963374765770078
2026-04-18T12:28:01,04/18/202600:28,146.7,0.96,140.832,55.02,2.04,112.24080000000001,112.2,0.2,5.0,198.7,23775.0,44978.0,20.9,13.4,40.0,30.24,14.23,8.0,940.0,6.5,0.7969836400817997
2026-04-18T12:29:20,04/18/202600:29,146.69,0.95,139.35549999999998,55.02,2.02,111.14040000000001,111.1,0.2,5.0,198.7,23775.0,44978.0,20.8,13.45,40.0,30.24,14.23,8.0,941.0,6.5,0.7975314931954608
2026-04-18T12:30:01,04/18/202600:30,146.68,0.9400000000000001,137.87920000000003,55.02,2.0,110.04,110.0,0.2,5.0,198.7,23775.0,44978.0,20.8,13.5,40.0,30.24,14.23,8.0,942.0,6.5,0.79808992219276
2026-04-18T12:30:20,04/18/202600:30,146.66,0.93,136.3938,55.010000000000005,1.9600000000000002,107.81960000000002,107.8,0.2,5.0,198.7,23775.0,44978.0,20.8,13.55,40.0,30.24,14.23,8.0,943.0,6.5,0.7905022075783505
2026-04-18T12:31:01,04/18/202600:31,146.64,0.9199999999999999,134.90879999999999,55.0,1.92,105.6,105.6,0.2,5.0,198.7,23775.0,44978.0,20.8,13.6,40.0,30.24,14.23,8.0,944.0,6.5,0.7827510140183591
2026-04-18T12:31:20,04/18/202600:31,146.56,0.93,136.3008,55.0,1.9300000000000002,106.15,106.1,0.2,5.0,198.7,23775.0,44978.0,20.8,13.690000000000001,39.9,30.24,14.342000000000002,8.0,947.0,6.529999999999999,0.7787922007794524
2026-04-18T12:32:00,04/18/202600:32,146.48,0.9400000000000001,137.6912,55.0,1.94,106.7,106.6,0.2,5.0,198.7,23775.0,44978.0,20.8,13.780000000000001,39.8,30.24,14.453999999999999,8.0,950.0,6.56,0.7749224351302044
2026-04-18T12:32:20,04/18/202600:32,146.42000000000002,0.95,139.09900000000002,55.0,1.97,108.35,108.2,0.3,5.0,198.7,23775.0,44978.0,20.8,13.870000000000001,39.7,30.24,14.565999999999999,8.0,953.0,6.590000000000001,0.7789416171216182
2026-04-18T12:33:01,04/18/202600:33,146.35999999999999,0.96,140.5056,55.0,2.0,110.0,109.8,0.3,5.0,198.7,23775.0,44978.0,20.8,13.959999999999999,39.6,30.24,14.678,8.0,956.0,6.62,0.7828869454313565
2026-04-18T12:33:19,04/18/202600:33,146.32,0.9700000000000001,141.9304,55.0,2.02,111.1,110.9,0.3,5.0,198.7,23775.0,44978.0,20.8,14.05,39.5,30.24,14.790000000000001,8.0,959.0,6.65,0.7827780376860771
2026-04-18T12:34:01,04/18/202600:34,146.28,0.9800000000000001,143.35440000000003,55.0,2.04,112.2,112.0,0.3,5.0,198.7,23775.0,44978.0,20.8,14.14,39.4,30.24,14.902000000000001,8.0,962.0,6.68,0.7826756625537826
2026-04-18T12:34:20,04/18/202600:34,146.25,0.9800000000000001,143.32500000000002,55.0,2.04,112.2,112.0,0.3,5.0,198.7,23775.0,44978.0,20.8,14.180000000000001,38.9,30.237000000000002,15.014,8.0,964.0,6.709999999999999,0.7828362114076399
2026-04-18T12:36:09,04/18/202600:36,146.19,0.99,144.72809999999998,55.0,2.06,113.3,113.1,0.3,5.0,198.7,23775.0,44978.0,20.8,14.220000000000002,38.4,30.233999999999998,15.126,8.0,966.0,6.74,0.7828472839759523
2026-04-18T12:36:18,04/18/202600:36,146.14000000000001,1.0,146.14000000000001,55.0,2.08,114.4,114.2,0.3,5.0,198.7,23775.0,44978.0,20.8,14.26,37.9,30.231,15.238,8.0,968.0,6.7700000000000005,0.7828110031476666
2026-04-18T12:37:01,04/18/202600:37,146.09,1.01,147.5509,55.0,2.1,115.5,115.3,0.3,5.0,198.7,23775.0,44978.0,20.8,14.3,37.4,30.227999999999998,15.35,8.0,970.0,6.8,0.7827807217712667
2026-04-18T12:37:18,04/18/202600:37,146.1,0.99,144.63899999999998,55.0,2.0900000000000003,114.95000000000002,114.8,0.3,5.0,198.7,23775.0,44978.0,20.8,14.3,37.0,30.225,15.35,8.0,970.0,6.8,0.7947372423758463
2026-04-18T12:38:01,04/18/202600:38,146.10999999999999,0.97,141.7267,55.0,2.08,114.4,114.3,0.3,5.0,198.7,23775.0,44978.0,20.8,14.3,36.6,30.222,15.35,8.0,970.0,6.8,0.807187354252939
2026-04-18T12:38:17,04/18/202600:38,146.1,0.97,141.71699999999998,55.0,2.08,114.4,114.3,0.3,5.0,198.7,23775.0,44978.0,20.8,14.3,36.2,30.219,15.35,8.0,970.0,6.8,0.8072426032162692
2026-04-18T12:39:01,04/18/202600:39,146.09,0.97,141.7073,55.0,2.08,114.4,114.3,0.3,5.0,198.7,23775.0,44978.0,20.8,14.3,35.8,30.216,15.35,8.0,970.0,6.8,0.8072978597432877
2026-04-18T12:39:18,04/18/202600:39,146.03,0.97,141.6491,55.0,2.08,114.4,114.3,0.3,5.0,198.7,23775.0,44978.0,20.8,14.3,35.4,30.213,15.35,8.0,970.0,6.8,0.8076295578298768
2026-04-18T12:40:00,04/18/202600:40,145.97,0.97,141.5909,55.0,2.08,114.4,114.3,0.3,5.0,198.7,23775.0,44978.0,20.8,14.3,35.0,30.21,15.35,8.0,970.0,6.8,0.8079615286010612
2026-04-18T12:40:18,04/18/202600:40,145.9,0.97,141.523,55.0,2.0900000000000003,114.95000000000002,114.8,0.3,5.0,198.7,23775.0,44978.0,20.9,14.3,35.0,30.21,15.35,8.0,970.0,6.8,0.8122354670265612
2026-04-18T12:40:58,04/18/202600:40,145.87,0.97,141.4939,55.0,2.05,112.74999999999999,112.6,0.3,5.0,198.7,23775.0,44978.0,20.8,14.3,35.0,30.21,15.35,8.0,970.0,6.8,0.796854140001795
2026-04-18T12:41:01,04/18/202600:41,145.83999999999997,0.97,141.46479999999997,55.0,2.0300000000000002,111.65000000000002,111.5,0.3,5.0,198.7,23775.0,44978.0,20.8,14.3,35.0,30.21,15.35,8.0,970.0,6.8,0.789242270868796
2026-04-18T12:41:59,04/18/202600:41,145.87,0.96,140.0352,54.989999999999995,2.0,109.97999999999999,109.8,0.3,5.0,198.7,23775.0,44978.0,20.8,14.3,35.0,30.21,15.35,8.0,970.0,6.8,0.7853739631178446
2026-04-18T12:42:01,04/18/202600:42,145.9,0.96,140.064,54.98,1.97,108.3106,108.1,0.3,5.0,198.7,23775.0,44978.0,20.8,14.3,35.0,30.21,15.35,8.0,970.0,6.8,0.7732936371944255
2026-04-18T12:42:58,04/18/202600:42,145.94,0.96,140.1024,54.98,1.97,108.3106,108.1,0.3,5.0,198.7,23775.0,44978.0,20.8,14.3,35.0,30.21,15.35,8.0,970.0,6.8,0.7730816888218903
2026-04-18T12:43:01,04/18/202600:43,145.98,0.95,138.68099999999998,54.98,1.9600000000000002,107.7608,107.6,0.3,5.0,198.7,23775.0,44978.0,20.8,14.3,35.0,30.21,15.35,8.0,970.0,6.8,0.7770408347214112
2026-04-18T12:43:59,04/18/202600:43,146.05,0.9400000000000001,137.287,54.98,1.9300000000000002,106.1114,106.0,0.3,5.0,198.7,23775.0,44978.0,20.8,14.3,35.0,30.21,15.35,8.0,970.0,6.8,0.7729165907915535
2026-04-18T12:44:01,04/18/202600:44,146.15,0.93,135.9195,54.98,1.89,103.91219999999998,103.8,0.3,5.0,198.7,23775.0,44978.0,20.8,14.3,35.0,30.21,15.35,8.0,970.0,6.8,0.764512818249037
2026-04-18T12:44:58,04/18/202600:44,146.20999999999998,0.93,135.97529999999998,54.98,1.89,103.91219999999998,103.8,0.3,5.0,198.7,23775.0,44978.0,20.8,14.3,35.0,30.21,15.35,8.0,970.0,6.8,0.7641990861575595
2026-04-18T12:45:00,04/18/202600:45,146.28,0.9400000000000001,137.50320000000002,54.98,1.9,104.46199999999999,104.4,0.3,5.0,198.7,23775.0,44978.0,20.8,14.3,35.0,30.21,15.35,8.0,970.0,6.8,0.7597059559341163
2026-04-18T12:45:59,04/18/202600:45,146.34,0.93,136.0962,54.98,1.9100000000000001,105.01180000000001,104.9,0.3,6.0,198.7,23775.0,44978.0,20.8,14.330000000000002,35.0,30.21,15.362,7.7,971.0,6.82,0.7715997948509951
2026-04-18T12:46:01,04/18/202600:46,146.4,0.9199999999999999,134.688,54.98,1.92,105.56159999999998,105.4,0.3,6.0,198.7,23775.0,44978.0,20.8,14.36,35.0,30.21,15.374,7.4,972.0,6.840000000000001,0.7837491090520313
2026-04-18T12:47:21,04/18/202600:47,146.4,0.9199999999999999,134.688,54.989999999999995,1.9300000000000002,106.1307,106.0,0.3,6.0,198.7,23775.0,44978.0,20.8,14.39,35.0,30.21,15.386000000000001,7.1,973.0,6.859999999999999,0.7879744297933001
2026-04-18T12:48:48,04/18/202600:48,146.45,0.9199999999999999,134.73399999999998,55.0,1.9300000000000002,106.15,106.0,0.3,6.0,198.7,23775.0,44978.0,20.8,14.419999999999998,35.0,30.21,15.398,6.8,974.0,6.88,0.7878486499324596
2026-04-18T12:49:01,04/18/202600:49,146.49,0.9199999999999999,134.7708,55.0,1.9,104.5,104.3,0.3,6.0,198.7,23775.0,44978.0,20.8,14.45,35.0,30.21,15.41,6.5,975.0,6.9,0.7753905148593018
2026-04-18T12:49:28,04/18/202600:49,146.53000000000003,0.9099999999999999,133.34230000000002,55.0,1.86,102.30000000000001,102.1,0.3,6.0,198.7,23775.0,44978.0,20.8,14.48,35.0,30.21,15.422,6.2,976.0,6.92,0.7671984059072027
2026-04-18T12:50:00,04/18/202600:50,146.54000000000002,0.9,131.88600000000002,55.0,1.8399999999999999,101.19999999999999,101.0,0.3,6.0,198.7,23775.0,44978.0,20.8,14.51,35.0,30.21,15.434000000000001,5.9,977.0,6.94,0.7673293602050253
2026-04-18T12:50:28,04/18/202600:50,146.51000000000002,0.9099999999999999,133.32410000000002,55.010000000000005,1.8699999999999999,102.8687,102.6,0.3,6.0,198.7,23775.0,44978.0,20.8,14.540000000000001,35.0,30.21,15.446000000000002,5.6,978.0,6.959999999999999,0.7715686811311683
2026-04-18T12:51:00,04/18/202600:51,146.52,0.9099999999999999,133.3332,55.02,1.86,102.33720000000001,102.0,0.3,6.0,198.7,23775.0,44978.0,20.8,14.569999999999999,35.0,30.21,15.458000000000002,5.3,979.0,6.9799999999999995,0.7675297675297675
2026-04-18T12:51:27,04/18/202600:51,146.54000000000002,0.9099999999999999,133.3514,55.02,1.8399999999999999,101.2368,100.9,0.3,6.0,198.7,23775.0,44978.0,20.8,14.6,35.0,30.21,15.470000000000002,5.0,980.0,7.0,0.7591731320406084
2026-04-18T12:52:01,04/18/202600:52,146.56,0.9199999999999999,134.8352,55.02,1.85,101.787,101.5,0.3,6.0,198.7,23775.0,44978.0,20.8,14.6,35.0,30.21,15.470000000000002,5.0,980.0,7.0,0.7548993141256883
2026-04-18T12:52:28,04/18/202600:52,146.58,0.9199999999999999,134.8536,55.02,1.8399999999999999,101.2368,101.0,0.3,6.0,198.7,23775.0,44978.0,20.8,14.6,35.0,30.21,15.470000000000002,5.0,980.0,7.0,0.7507163323782235
2026-04-18T12:53:00,04/18/202600:53,146.6,0.9199999999999999,134.87199999999999,55.02,1.8399999999999999,101.2368,101.0,0.3,6.0,198.7,23775.0,44978.0,20.8,14.6,35.0,30.21,15.470000000000002,5.0,980.0,7.0,0.7506139154160983
2026-04-18T12:53:28,04/18/202600:53,146.55,0.9199999999999999,134.826,55.02,1.8399999999999999,101.2368,101.0,0.3,6.0,198.7,23775.0,44978.0,20.8,14.6,35.0,30.21,15.470000000000002,5.0,980.0,7.0,0.7508700102354146
2026-04-18T12:54:01,04/18/202600:54,146.5,0.9199999999999999,134.78,55.02,1.8399999999999999,101.2368,101.0,0.3,6.0,198.7,23775.0,44978.0,20.8,14.6,35.0,30.21,15.470000000000002,5.0,980.0,7.0,0.7511262798634812
2026-04-18T12:54:27,04/18/202600:54,146.42000000000002,0.93,136.17060000000004,55.010000000000005,1.8699999999999999,102.8687,102.6,0.3,6.0,198.7,23775.0,44978.0,20.8,14.6,35.0,30.21,15.470000000000002,5.0,980.0,7.0,0.755439867342877
2026-04-18T12:55:00,04/18/202600:55,146.34,0.9400000000000001,137.55960000000002,55.0,1.9,104.5,104.2,0.3,6.0,198.7,23775.0,44978.0,20.8,14.6,35.0,30.21,15.470000000000002,5.0,980.0,7.0,0.7596707172745485
2026-04-18T12:55:28,04/18/202600:55,146.27,0.93,136.0311,54.989999999999995,1.9,104.48099999999998,104.2,0.3,6.0,198.7,23775.0,44978.0,20.8,14.6,35.0,30.21,15.470000000000002,5.0,980.0,7.0,0.7680670082062114
2026-04-18T12:56:00,04/18/202600:56,146.2,0.9199999999999999,134.504,54.98,1.9,104.46199999999999,104.2,0.3,6.0,198.7,23775.0,44978.0,20.8,14.6,35.0,30.21,15.470000000000002,5.0,980.0,7.0,0.7766460477011836
2026-04-18T12:56:27,04/18/202600:56,146.14000000000001,0.9099999999999999,132.9874,54.98,1.86,102.2628,102.0,0.3,6.0,198.7,23775.0,44978.0,20.8,14.6,35.0,30.21,15.470000000000002,5.0,980.0,7.0,0.7689660825010489
2026-04-18T12:57:01,04/18/202600:57,146.07999999999998,0.9,131.47199999999998,54.98,1.8199999999999998,100.06359999999998,99.8,0.3,6.0,198.7,23775.0,44978.0,20.8,14.6,35.0,30.21,15.470000000000002,5.0,980.0,7.0,0.761101983692345
2026-04-18T12:58:33,04/18/202600:58,145.93,0.9099999999999999,132.7963,54.98,1.85,101.713,101.4,0.3,6.0,198.7,23775.0,44978.0,20.8,14.6,35.0,30.21,15.470000000000002,5.0,980.0,7.0,0.7659324845647054
2026-04-18T12:59:00,04/18/202600:59,145.78,0.9199999999999999,134.11759999999998,54.98,1.8800000000000001,103.3624,103.0,0.3,6.0,198.7,23775.0,44978.0,20.8,14.6,35.0,30.21,15.470000000000002,5.0,980.0,7.0,0.7706848318192393
2026-04-18T12:59:28,04/18/202600:59,145.66,0.9099999999999999,132.55059999999997,54.98,1.8800000000000001,103.3624,103.0,0.3,6.0,198.7,23775.0,44978.0,20.8,14.6,35.0,30.21,15.470000000000002,5.0,980.0,7.0,0.7797957911921939
2026-04-18T13:00:01,04/18/202601:00,145.54000000000002,0.9,130.98600000000002,54.98,1.8800000000000001,103.3624,103.0,0.3,6.0,198.7,23775.0,44978.0,20.8,14.6,35.0,30.21,15.470000000000002,5.0,980.0,7.0,0.7891102865955139
2026-04-18T13:00:28,04/18/202601:00,145.43,0.9,130.887,54.989999999999995,1.8800000000000001,103.38119999999999,103.0,0.3,6.0,198.7,23775.0,44978.0,20.8,14.6,35.0,30.21,15.470000000000002,5.0,980.0,7.0,0.7898507873203603
2026-04-18T13:01:00,04/18/202601:01,145.32,0.9,130.788,55.0,1.8800000000000001,103.4,103.0,0.3,6.0,198.7,23775.0,44978.0,20.8,14.6,35.0,30.21,15.470000000000002,5.0,980.0,7.0,0.7905924090895189
2026-04-18T13:01:28,04/18/202601:01,145.23,0.9,130.707,55.0,1.8699999999999999,102.85,102.5,0.3,6.0,198.7,23775.0,44978.0,20.8,14.63,35.0,30.213,15.445000000000002,4.9,982.0,7.0200000000000005,0.7868744596693368
2026-04-18T13:02:01,04/18/202601:02,145.14000000000001,0.9,130.626,55.0,1.86,102.30000000000001,102.0,0.3,6.0,198.7,23775.0,44978.0,20.8,14.66,35.0,30.216,15.420000000000002,4.8,984.0,7.040000000000001,0.7831518993156034
2026-04-18T13:02:27,04/18/202601:02,145.03,0.9,130.52700000000002,55.0,1.8800000000000001,103.4,103.1,0.3,6.0,198.7,23775.0,44978.0,20.8,14.690000000000001,35.0,30.219,15.395000000000001,4.7,986.0,7.06,0.7921732668336818
2026-04-18T13:03:00,04/18/202601:03,144.92000000000002,0.9,130.42800000000003,55.0,1.9,104.5,104.2,0.3,6.0,198.7,23775.0,44978.0,20.8,14.719999999999999,35.0,30.222,15.370000000000001,4.6,988.0,7.08,0.8012083294998005
2026-04-18T13:03:28,04/18/202601:03,144.93,0.89,128.98770000000002,55.0,1.8800000000000001,103.4,103.1,0.3,6.0,198.7,23775.0,44978.0,20.8,14.75,35.0,30.225,15.345000000000002,4.5,990.0,7.1,0.8016268217822319
2026-04-18T13:04:00,04/18/202601:04,144.94,0.8800000000000001,127.54720000000002,55.0,1.86,102.30000000000001,102.0,0.3,6.0,198.7,23775.0,44978.0,20.8,14.780000000000001,35.0,30.227999999999998,15.320000000000002,4.4,992.0,7.12,0.8020560231820063
2026-04-18T13:04:27,04/18/202601:04,144.92000000000002,0.89,128.9788,55.0,1.8800000000000001,103.4,103.1,0.3,6.0,198.7,23775.0,44978.0,20.8,14.809999999999999,35.0,30.231,15.295000000000002,4.3,994.0,7.140000000000001,0.8016821369093216
2026-04-18T13:05:01,04/18/202601:05,144.9,0.9,130.41,55.0,1.9,104.5,104.2,0.3,6.0,198.7,23775.0,44978.0,20.8,14.84,35.0,30.233999999999998,15.270000000000001,4.2,996.0,7.159999999999999,0.8013189172609463
2026-04-18T13:05:28,04/18/202601:05,144.92000000000002,0.89,128.9788,55.0,1.89,103.94999999999999,103.7,0.3,6.0,198.7,23775.0,44978.0,20.8,14.87,35.0,30.237000000000002,15.245000000000001,4.1,998.0,7.18,0.8059464035950092
2026-04-18T13:06:00,04/18/202601:06,144.94,0.8800000000000001,127.54720000000002,55.0,1.8800000000000001,103.4,103.2,0.3,6.0,198.7,23775.0,44978.0,20.8,14.9,35.0,30.24,15.220000000000002,4.0,1000.0,7.2,0.8106802814957913
2026-04-18T13:06:28,04/18/202601:06,144.97,0.8700000000000001,126.12390000000002,55.0,1.85,101.75,101.5,0.3,6.0,198.7,23775.0,44978.0,20.8,14.9,35.0,30.24,15.220000000000002,4.0,1000.0,7.2,0.8067463819307839
2026-04-18T13:07:01,04/18/202601:07,145.0,0.86,124.7,55.0,1.8199999999999998,100.1,99.8,0.3,6.0,198.7,23775.0,44978.0,20.8,14.9,35.0,30.24,15.220000000000002,4.0,1000.0,7.2,0.8027265437048917
2026-04-18T13:07:27,04/18/202601:07,145.06,0.86,124.7516,55.0,1.8,99.0,98.7,0.3,6.0,198.7,23775.0,44978.0,20.8,14.9,35.0,30.24,15.220000000000002,4.0,1000.0,7.2,0.7935769962068623
2026-04-18T13:08:00,04/18/202601:08,145.12,0.86,124.8032,55.0,1.78,97.9,97.6,0.3,6.0,198.7,23775.0,44978.0,20.8,14.9,35.0,30.24,15.220000000000002,4.0,1000.0,7.2,0.7844350144868081
2026-04-18T13:08:28,04/18/202601:08,145.13,0.8700000000000001,126.26310000000001,55.0,1.78,97.9,97.6,0.3,6.0,198.7,23775.0,44978.0,20.8,14.9,35.0,30.24,15.220000000000002,4.0,1000.0,7.2,0.7753650908301792
2026-04-18T13:09:45,04/18/202601:09,145.17000000000002,0.86,124.84620000000001,55.0,1.7399999999999998,95.69999999999999,95.4,0.3,6.0,198.7,23775.0,44978.0,20.8,14.9,35.0,30.24,15.220000000000002,4.0,1000.0,7.2,0.7665431546975398
2026-04-18T13:10:01,04/18/202601:10,145.23,0.85,123.44549999999998,55.0,1.7,93.5,93.2,0.3,6.0,198.7,23775.0,44978.0,20.8,14.9,35.0,30.24,15.220000000000002,4.0,1000.0,7.2,0.757419265991875
2026-04-18T13:10:33,04/18/202601:10,145.28,0.8400000000000001,122.03520000000002,55.0,1.6600000000000001,91.30000000000001,91.0,0.3,6.0,198.7,23775.0,44978.0,20.8,14.9,35.0,30.24,15.220000000000002,4.0,1000.0,7.2,0.7481447975666037
2026-04-18T13:11:00,04/18/202601:11,145.31,0.8400000000000001,122.06040000000002,55.0,1.6300000000000001,89.65,89.3,0.3,6.0,198.7,23775.0,44978.0,20.8,14.9,35.0,30.24,15.220000000000002,4.0,1000.0,7.2,0.7344724415125626
2026-04-18T13:11:33,04/18/202601:11,145.37,0.8,116.296,54.96,1.51,82.9896,82.6,0.3,6.0,198.7,23775.0,44978.0,20.8,14.9,35.0,30.24,15.220000000000002,4.0,1000.0,7.2,0.7136066588704684
2026-04-18T13:12:00,04/18/202601:12,145.43,0.76,110.52680000000001,54.92,1.4,76.88799999999999,76.5,0.3,6.0,198.7,23775.0,44978.0,20.8,14.9,35.0,30.24,15.220000000000002,4.0,1000.0,7.2,0.6956502857225576
2026-04-18T13:12:33,04/18/202601:12,145.42000000000002,0.76,110.51920000000001,54.879999999999995,1.3800000000000001,75.7344,75.9,0.3,6.0,198.7,23775.0,44978.0,20.8,14.9,35.0,30.24,15.220000000000002,4.0,1000.0,7.2,0.685260117699006
2026-04-18T13:13:00,04/18/202601:13,145.38,0.75,109.035,54.839999999999996,1.3699999999999999,75.1308,75.8,0.3,6.0,198.7,23775.0,44978.0,20.8,14.9,35.0,30.24,15.220000000000002,4.0,1000.0,7.2,0.6890521392213509
2026-04-18T13:13:33,04/18/202601:13,145.35,0.7300000000000001,106.1055,54.8,1.3199999999999998,72.33599999999998,73.0,0.3,6.0,198.7,23775.0,44978.0,20.8,14.9,35.0,30.24,15.220000000000002,4.0,1000.0,7.2,0.6817365735046721
2026-04-18T13:14:00,04/18/202601:14,145.34,0.7,101.738,54.760000000000005,1.24,67.9024,68.6,0.3,6.0,198.7,23775.0,44978.0,20.8,14.9,35.0,30.24,15.220000000000002,4.0,1000.0,7.2,0.6674241679608406
2026-04-18T13:14:32,04/18/202601:14,145.32999999999998,0.6900000000000001,100.2777,54.720000000000006,1.21,66.2112,66.9,0.3,6.0,198.7,23775.0,44978.0,20.8,14.9,35.0,30.24,15.220000000000002,4.0,1000.0,7.2,0.6602784068641384
2026-04-18T13:15:01,04/18/202601:15,145.32,0.6799999999999999,98.81759999999998,54.67999999999999,1.1800000000000002,64.5224,65.2,0.3,6.0,198.7,23775.0,44978.0,20.8,14.9,35.0,30.24,15.220000000000002,4.0,1000.0,7.2,0.6529444147601239
2026-04-18T13:15:15,04/18/202601:15,145.32,0.6799999999999999,98.81759999999998,54.64,1.19,65.02159999999999,65.7,0.3,6.0,198.7,23775.0,44978.0,20.9,14.9,35.0,30.24,15.220000000000002,4.0,1000.0,7.2,0.6579961464354528
2026-04-18T13:16:00,04/18/202601:16,145.32,0.6799999999999999,98.81759999999998,54.6,1.2,65.52,66.2,0.3,6.0,198.7,23775.0,44978.0,20.9,14.9,35.0,30.24,15.220000000000002,4.0,1000.0,7.2,0.6630397823869433
2026-04-18T13:16:14,04/18/202601:16,145.34,0.71,103.1914,54.6,1.28,69.888,70.6,0.3,6.0,198.7,23775.0,44978.0,20.8,14.930000000000001,34.9,30.24,15.220000000000002,3.8,1000.0,7.209999999999999,0.6772657411373428
2026-04-18T13:17:00,04/18/202601:17,145.35999999999999,0.74,107.56639999999999,54.6,1.3599999999999999,74.256,75.0,0.3,6.0,198.7,23775.0,44978.0,20.8,14.959999999999999,34.8,30.24,15.220000000000002,3.6,1000.0,7.220000000000001,0.6903270909875203
2026-04-18T13:17:14,04/18/202601:17,145.45999999999998,0.74,107.64039999999999,54.6,1.3699999999999999,74.80199999999999,75.0,0.3,6.0,198.7,23775.0,44978.0,20.8,14.99,34.7,30.24,15.220000000000002,3.4,1000.0,7.2299999999999995,0.694924953827745
2026-04-18T13:17:39,04/18/202601:17,145.57999999999998,0.73,106.27339999999998,54.6,1.34,73.164,72.8,0.3,6.0,198.7,23775.0,44978.0,20.8,15.02,34.6,30.24,15.220000000000002,3.2,1000.0,7.24,0.688450731791775
2026-04-18T13:18:01,04/18/202601:18,145.69,0.73,106.35369999999999,54.6,1.35,73.71000000000001,73.3,0.3,6.0,198.7,23775.0,44978.0,20.8,15.05,34.5,30.24,15.220000000000002,3.0,1000.0,7.25,0.6930647452791959
2026-04-18T13:18:40,04/18/202601:18,145.81,0.73,106.4413,54.6,1.3699999999999999,74.80199999999999,74.3,0.3,6.0,198.7,23775.0,44978.0,20.8,15.080000000000002,34.4,30.24,15.220000000000002,2.8,1000.0,7.26,0.7027535364562439
2026-04-18T13:19:00,04/18/202601:19,145.9,0.73,106.507,54.6,1.3800000000000001,75.34800000000001,74.8,0.3,6.0,198.7,23775.0,44978.0,20.8,15.11,34.3,30.24,15.220000000000002,2.6,1000.0,7.2700000000000005,0.7074464589181932
2026-04-18T13:19:40,04/18/202601:19,145.99,0.73,106.5727,54.6,1.4,76.44,75.9,0.3,6.0,198.7,23775.0,44978.0,20.8,15.14,34.2,30.24,15.220000000000002,2.4,1000.0,7.279999999999999,0.7172568584637529
2026-04-18T13:20:55,04/18/202601:20,146.10999999999999,0.72,105.19919999999999,54.6,1.3900000000000001,75.894,75.3,0.3,6.0,198.7,23775.0,44978.0,20.8,15.169999999999998,34.1,30.24,15.220000000000002,2.2,1000.0,7.290000000000001,0.7214313416832069
2026-04-18T13:21:00,04/18/202601:21,146.23,0.71,103.82329999999999,54.6,1.3800000000000001,75.34800000000001,74.7,0.3,6.0,198.7,23775.0,44978.0,20.8,15.2,34.0,30.24,15.220000000000002,2.0,1000.0,7.3,0.7257330483619767
2026-04-18T13:22:08,04/18/202601:22,146.32,0.71,103.88719999999999,54.6,1.3900000000000001,75.894,75.2,0.3,7.0,198.7,23775.0,44978.0,20.8,15.2,34.0,30.24,15.220000000000002,2.0,1000.0,7.3,0.7305423574800362
2026-04-18T13:22:09,04/18/202601:22,146.38,0.71,103.92979999999999,54.6,1.41,76.986,76.3,0.3,7.0,198.7,23775.0,44978.0,20.8,15.2,34.0,30.24,15.220000000000002,2.0,1000.0,7.3,0.7407500062542217
2026-04-18T13:23:00,04/18/202601:23,146.43,0.7,102.501,54.6,1.41,76.986,76.3,0.3,7.0,198.7,23775.0,44978.0,20.8,15.2,34.0,30.24,15.220000000000002,2.0,1000.0,7.3,0.7510755992624463
2026-04-18T13:23:09,04/18/202601:23,146.44,0.69,101.04359999999998,54.6,1.3800000000000001,75.34800000000001,74.7,0.3,7.0,198.7,23775.0,44978.0,20.8,15.2,34.0,30.24,15.220000000000002,2.0,1000.0,7.3,0.7456978967495222
2026-04-18T13:24:33,04/18/202601:24,146.42000000000002,0.7,102.494,54.6,1.4300000000000002,78.07800000000002,77.4,0.3,7.0,198.7,23775.0,44978.0,20.8,15.2,34.0,30.24,15.220000000000002,2.0,1000.0,7.3,0.7617811774347768
2026-04-18T13:25:00,04/18/202601:25,146.39000000000001,0.71,103.93690000000001,54.6,1.47,80.262,79.6,0.3,7.0,198.7,23775.0,44978.0,20.8,15.2,34.0,30.24,15.220000000000002,2.0,1000.0,7.3,0.7722185287419578
2026-04-18T13:25:32,04/18/202601:25,146.41,0.7,102.487,54.61,1.44,78.63839999999999,78.0,0.3,7.0,198.7,23775.0,44978.0,20.8,15.2,34.0,30.24,15.220000000000002,2.0,1000.0,7.3,0.767301218691151
2026-04-18T13:25:56,04/18/202601:25,146.39000000000001,0.71,103.93690000000001,54.61,1.46,79.7306,79.1,0.3,7.0,198.7,23775.0,44978.0,20.8,15.2,34.0,30.24,15.220000000000002,2.0,1000.0,7.3,0.7671058113143646
2026-04-18T13:26:00,04/18/202601:26,146.34,0.72,105.3648,54.61,1.4700000000000002,80.2767,79.7,0.3,7.0,198.7,23775.0,44978.0,20.8,15.2,34.0,30.24,15.220000000000002,2.0,1000.0,7.3,0.7618929661518837
2026-04-18T13:26:56,04/18/202601:26,146.28,0.73,106.7844,54.61,1.48,80.8228,80.3,0.3,7.0,198.7,23775.0,44978.0,20.8,15.2,34.0,30.24,15.220000000000002,2.0,1000.0,7.3,0.7568783455261255
2026-04-18T13:27:00,04/18/202601:27,146.2,0.74,108.18799999999999,54.61,1.49,81.3689,80.9,0.3,7.0,198.7,23775.0,44978.0,20.8,15.2,34.0,30.24,15.220000000000002,2.0,1000.0,7.3,0.7521065182829889
2026-04-18T13:27:55,04/18/202601:27,146.1,0.74,108.11399999999999,54.61,1.46,79.7306,79.2,0.3,7.0,198.7,23775.0,44978.0,20.8,15.2,34.0,30.24,15.220000000000002,2.0,1000.0,7.3,0.737467858001739
2026-04-18T13:28:00,04/18/202601:28,146.0,0.74,108.03999999999999,54.61,1.4300000000000002,78.09230000000001,77.5,0.3,7.0,198.7,23775.0,44978.0,20.8,15.2,34.0,30.24,15.220000000000002,2.0,1000.0,7.3,0.7228091447611997
2026-04-18T13:28:55,04/18/202601:28,145.93,0.76,110.9068,54.61,1.48,80.8228,80.2,0.3,7.0,198.7,23775.0,44978.0,20.8,15.2,34.0,30.24,15.220000000000002,2.0,1000.0,7.3,0.7287452167044761
2026-04-18T13:29:00,04/18/202601:29,145.89000000000001,0.76,110.87640000000002,54.61,1.45,79.1845,78.6,0.3,7.0,198.7,23775.0,44978.0,20.8,15.2,34.0,30.24,15.220000000000002,2.0,1000.0,7.3,0.7141691108297166
2026-04-18T13:29:55,04/18/202601:29,145.87,0.75,109.4025,54.61,1.42,77.5462,77.0,0.3,7.0,198.7,23775.0,44978.0,20.8,15.2,34.0,30.24,15.220000000000002,2.0,1000.0,7.3,0.7088156120746784
2026-04-18T13:30:00,04/18/202601:30,145.8,0.76,110.808,54.6,1.46,79.716,79.2,0.3,7.0,198.7,23775.0,44978.0,20.8,15.2,34.0,30.24,15.220000000000002,2.0,1000.0,7.3,0.7194065410439678
2026-04-18T13:32:06,04/18/202601:32,145.73,0.76,110.75479999999999,54.6,1.47,80.262,79.7,0.3,7.0,198.7,23775.0,44978.0,20.8,15.229999999999999,33.9,30.237000000000002,15.133000000000001,2.0,1001.0,7.31,0.724681909948824
2026-04-18T13:32:56,04/18/202601:32,145.68,0.75,109.26,54.6,1.44,78.624,78.0,0.3,7.0,198.7,23775.0,44978.0,20.8,15.26,33.8,30.233999999999998,15.046000000000001,2.1,1002.0,7.32,0.7196046128500823
2026-04-18T13:33:00,04/18/202601:33,145.64000000000001,0.74,107.77360000000002,54.6,1.41,76.986,76.3,0.3,7.0,198.7,23775.0,44978.0,20.8,15.290000000000001,33.7,30.231,14.959,2.2,1003.0,7.33,0.7143307823066131
2026-04-18T13:33:34,04/18/202601:33,145.57,0.75,109.1775,54.6,1.4,76.44,75.8,0.3,7.0,198.7,23775.0,44978.0,20.8,15.319999999999999,33.6,30.227999999999998,14.847999999999999,2.3,1004.0,7.340000000000001,0.7001442604932335
2026-04-18T13:34:00,04/18/202601:34,145.55,0.77,112.07350000000001,54.6,1.42,77.532,77.0,0.3,7.0,198.7,23775.0,44978.0,20.8,15.35,33.5,30.225,14.737,2.4,1005.0,7.35,0.6917960088691795
2026-04-18T13:34:34,04/18/202601:34,145.52,0.78,113.50560000000002,54.6,1.45,79.17,78.7,0.3,7.0,198.7,23775.0,44978.0,20.8,15.38,33.4,30.222,14.626,2.5,1006.0,7.359999999999999,0.6974986256184716
2026-04-18T13:35:00,04/18/202601:35,145.48,0.78,113.4744,54.6,1.47,80.262,79.8,0.3,7.0,198.7,23775.0,44978.0,20.8,15.41,33.3,30.219,14.515,2.6,1007.0,7.37,0.7073137200989826
2026-04-18T13:36:00,04/18/202601:36,145.44,0.78,113.4432,54.61,1.49,81.3689,80.9,0.3,7.0,198.7,23775.0,44978.0,20.8,15.440000000000001,33.2,30.216,14.404,2.7,1008.0,7.38,0.7172655566838735
2026-04-18T13:36:34,04/18/202601:36,145.41,0.78,113.4198,54.61,1.48,80.8228,80.3,0.4,7.0,198.7,23775.0,44978.0,20.8,15.469999999999999,33.1,30.213,14.293000000000001,2.8,1009.0,7.390000000000001,0.712598682064331
2026-04-18T13:37:00,04/18/202601:37,145.38,0.78,113.3964,54.61,1.4700000000000002,80.2767,79.7,0.4,7.0,198.7,23775.0,44978.0,20.8,15.5,33.0,30.21,14.181999999999999,2.9,1010.0,7.4,0.7079298813718955
2026-04-18T13:37:35,04/18/202601:37,145.32999999999998,0.78,113.3574,54.61,1.4700000000000002,80.2767,79.7,0.4,7.0,198.7,23775.0,44978.0,20.8,15.5,32.8,30.21,14.157999999999998,3.0,1010.0,7.4,0.7081734408163914
2026-04-18T13:37:44,04/18/202601:37,145.26,0.79,114.7554,54.61,1.5,81.91499999999999,81.4,0.4,7.0,198.7,23775.0,44978.0,20.8,15.5,32.6,30.21,14.134,3.0,1010.0,7.4,0.7138226174977387
2026-04-18T13:38:00,04/18/202601:38,145.19,0.8,116.152,54.61,1.53,83.55330000000001,83.1,0.4,7.0,198.7,23775.0,44978.0,20.8,15.5,32.4,30.21,14.11,3.0,1010.0,7.4,0.7193444796473587
2026-04-18T13:38:43,04/18/202601:38,145.1,0.8,116.08,54.61,1.53,83.55330000000001,83.0,0.4,7.0,198.7,23775.0,44978.0,20.8,15.5,32.2,30.21,14.11,3.0,1010.0,7.4,0.719790661612681
2026-04-18T13:39:01,04/18/202601:39,145.01,0.8,116.008,54.61,1.53,83.55330000000001,82.9,0.4,7.0,198.7,23775.0,44978.0,20.8,15.5,32.0,30.21,14.11,3.0,1010.0,7.4,0.7202373974208676
2026-04-18T13:39:44,04/18/202601:39,144.92000000000002,0.8,115.93600000000002,54.61,1.53,83.55330000000001,82.9,0.4,7.0,198.7,23775.0,44978.0,20.9,15.5,31.8,30.21,14.11,3.0,1010.0,7.4,0.7206846881037813
2026-04-18T13:40:01,04/18/202601:40,144.82999999999998,0.8,115.86399999999999,54.61,1.53,83.55330000000001,82.9,0.4,7.0,198.7,23775.0,44978.0,20.9,15.5,31.6,30.21,14.11,3.0,1010.0,7.4,0.7211325346958505
2026-04-18T13:41:05,04/18/202601:41,144.72,0.8,115.77600000000001,54.6,1.52,82.992,82.3,0.4,7.0,198.7,23775.0,44978.0,20.8,15.5,31.4,30.21,14.11,3.0,1010.0,7.4,0.7168325041459369
2026-04-18T13:42:01,04/18/202601:42,144.57999999999998,0.8099999999999999,117.10979999999998,54.6,1.54,84.084,83.4,0.4,7.0,198.7,23775.0,44978.0,20.8,15.5,31.2,30.21,14.11,3.0,1010.0,7.4,0.7179928579845583
2026-04-18T13:43:18,04/18/202601:43,144.43,0.8200000000000001,118.43260000000001,54.6,1.57,85.72200000000001,85.1,0.4,7.0,198.7,23775.0,44978.0,20.8,15.5,31.0,30.21,14.11,3.0,1010.0,7.4,0.7238040877258458
2026-04-18T13:44:01,04/18/202601:44,144.34,0.8200000000000001,118.35880000000002,54.6,1.56,85.176,84.6,0.4,7.0,198.7,23775.0,44978.0,20.8,15.5,31.0,30.21,14.11,3.0,1010.0,7.4,0.7196423079652716
2026-04-18T13:44:07,04/18/202601:44,144.34,0.8,115.47200000000001,54.6,1.5,81.9,81.3,0.4,7.0,198.7,23775.0,44978.0,20.8,15.5,31.0,30.21,14.11,3.0,1010.0,7.4,0.7092628516003879
2026-04-18T13:45:01,04/18/202601:45,144.34,0.78,112.5852,54.6,1.44,78.624,78.0,0.4,7.0,198.7,23775.0,44978.0,20.8,15.5,31.0,30.21,14.11,3.0,1010.0,7.4,0.6983511154219204
2026-04-18T13:45:05,04/18/202601:45,144.38,0.76,109.72879999999999,54.6,1.4200000000000002,77.53200000000001,76.9,0.4,7.0,198.7,23775.0,44978.0,20.8,15.5,31.0,30.21,14.11,3.0,1010.0,7.4,0.7065784005657586
2026-04-18T13:46:01,04/18/202601:46,144.42000000000002,0.74,106.87080000000002,54.6,1.4,76.44,75.8,0.4,7.0,198.7,23775.0,44978.0,20.8,15.5,31.0,30.21,14.11,3.0,1010.0,7.4,0.7152561784884176
2026-04-18T13:46:06,04/18/202601:46,144.42000000000002,0.74,106.87080000000002,54.6,1.3900000000000001,75.894,75.2,0.4,7.0,198.7,23775.0,44978.0,20.8,15.530000000000001,30.9,30.21,14.041,2.8,1010.0,7.4,0.7101472057849291
2026-04-18T13:47:01,04/18/202601:47,144.42000000000002,0.74,106.87080000000002,54.6,1.3800000000000001,75.34800000000001,74.6,0.4,7.0,198.7,23775.0,44978.0,20.8,15.559999999999999,30.8,30.21,13.972,2.6,1010.0,7.4,0.7050382330814404
2026-04-18T13:47:06,04/18/202601:47,144.42000000000002,0.74,106.87080000000002,54.6,1.3900000000000001,75.894,75.2,0.4,7.0,198.7,23775.0,44978.0,20.8,15.59,30.7,30.21,13.903,2.4,1010.0,7.4,0.7101472057849291
2026-04-18T13:48:01,04/18/202601:48,144.42000000000002,0.74,106.87080000000002,54.6,1.4,76.44,75.8,0.4,7.0,198.7,23775.0,44978.0,20.8,15.62,30.6,30.21,13.834,2.2,1010.0,7.4,0.7152561784884176
2026-04-18T13:48:05,04/18/202601:48,144.43,0.73,105.43390000000001,54.6,1.37,74.802,74.1,0.4,7.0,198.7,23775.0,44978.0,20.8,15.65,30.5,30.21,13.765,2.0,1010.0,7.4,0.7094682070946821
2026-04-18T13:49:01,04/18/202601:49,144.44,0.72,103.9968,54.6,1.34,73.164,72.4,0.4,7.0,198.7,23775.0,44978.0,20.8,15.680000000000001,30.4,30.21,13.696000000000002,1.8,1010.0,7.4,0.7035216468199023
2026-04-18T13:49:06,04/18/202601:49,144.34,0.73,105.3682,54.6,1.3800000000000001,75.34800000000001,74.6,0.4,7.0,198.7,23775.0,44978.0,20.8,15.709999999999999,30.3,30.21,13.627,1.6,1010.0,7.4,0.7150924092847748
2026-04-18T13:49:45,04/18/202601:49,144.25,0.75,108.1875,54.6,1.41,76.986,76.2,0.4,7.0,198.7,23775.0,44978.0,20.8,15.74,30.2,30.21,13.557999999999998,1.4,1010.0,7.4,0.7115979202772964
2026-04-18T13:50:01,04/18/202601:50,144.17000000000002,0.76,109.56920000000001,54.6,1.41,76.986,76.2,0.4,7.0,198.7,23775.0,44978.0,20.8,15.770000000000001,30.1,30.21,13.488999999999999,1.2,1010.0,7.4,0.7026244601585117
2026-04-18T13:50:46,04/18/202601:50,144.15,0.77,110.9955,54.6,1.42,77.532,76.8,0.4,7.0,198.7,23775.0,44978.0,20.8,15.8,30.0,30.21,13.419999999999998,1.0,1010.0,7.4,0.6985148046542426
2026-04-18T13:51:01,04/18/202601:51,144.18,0.77,111.0186,54.6,1.41,76.986,76.3,0.4,7.0,198.7,23775.0,44978.0,20.8,15.8,30.0,30.21,13.419999999999998,1.0,1010.0,7.4,0.693451367608671
2026-04-18T13:51:16,04/18/202601:51,144.24,0.77,111.0648,54.6,1.4,76.44,75.8,0.4,7.0,198.7,23775.0,44978.0,20.8,15.8,30.0,30.21,13.419999999999998,1.0,1010.0,7.4,0.6882468612917864
2026-04-18T13:52:01,04/18/202601:52,144.32,0.77,111.1264,54.6,1.3800000000000001,75.34800000000001,74.7,0.4,7.0,198.7,23775.0,44978.0,20.8,15.8,30.0,30.21,13.419999999999998,1.0,1010.0,7.4,0.6780387018746221
2026-04-18T13:52:16,04/18/202601:52,144.42000000000002,0.76,109.7592,54.6,1.34,73.164,72.5,0.4,7.0,198.7,23775.0,44978.0,20.8,15.8,30.0,30.21,13.419999999999998,1.0,1010.0,7.4,0.6665864911551833
2026-04-18T13:53:01,04/18/202601:53,144.52,0.76,109.83520000000001,54.6,1.3299999999999998,72.618,72.0,0.4,7.0,198.7,23775.0,44978.0,20.8,15.8,30.0,30.21,13.419999999999998,1.0,1010.0,7.4,0.6611541655134237
2026-04-18T13:54:30,04/18/202601:54,144.66,0.76,109.9416,54.6,1.3299999999999998,72.618,72.0,0.4,7.0,198.7,23775.0,44978.0,20.8,15.8,30.0,30.21,13.419999999999998,1.0,1010.0,7.4,0.6605143094151804
2026-04-18T13:55:00,04/18/202601:55,144.82,0.76,110.0632,54.6,1.3199999999999998,72.07199999999999,71.4,0.4,7.0,198.7,23775.0,44978.0,20.8,15.8,30.0,30.21,13.419999999999998,1.0,1010.0,7.4,0.6548237739771331
2026-04-18T13:55:17,04/18/202601:55,144.94,0.76,110.1544,54.589999999999996,1.3299999999999998,72.60469999999998,72.0,0.4,7.0,198.7,23775.0,44978.0,20.8,15.8,30.0,30.21,13.419999999999998,1.0,1010.0,7.4,0.6591175658893333
2026-04-18T13:56:00,04/18/202601:56,145.06,0.76,110.2456,54.58,1.3399999999999999,73.13719999999999,72.6,0.4,7.0,198.7,23775.0,44978.0,20.8,15.8,30.0,30.21,13.419999999999998,1.0,1010.0,7.4,0.6634024396438497
2026-04-18T13:56:16,04/18/202601:56,145.10999999999999,0.76,110.28359999999999,54.58,1.3599999999999999,74.22879999999999,73.7,0.4,7.0,198.7,23775.0,44978.0,20.8,15.8,30.0,30.21,13.419999999999998,1.0,1010.0,7.4,0.6730719708098031
2026-04-18T13:57:00,04/18/202601:57,145.16,0.76,110.3216,54.58,1.3800000000000001,75.3204,74.8,0.4,7.0,198.7,23775.0,44978.0,20.8,15.8,30.0,30.21,13.419999999999998,1.0,1010.0,7.4,0.6827348406839641
2026-04-18T13:57:16,04/18/202601:57,145.18,0.75,108.885,54.58,1.3699999999999999,74.77459999999999,74.2,0.4,7.0,198.7,23775.0,44978.0,20.8,15.8,30.0,30.21,13.419999999999998,1.0,1010.0,7.4,0.6867300362768057
2026-04-18T13:58:00,04/18/202601:58,145.2,0.74,107.448,54.58,1.3599999999999999,74.22879999999999,73.6,0.4,7.0,198.7,23775.0,44978.0,20.8,15.8,30.0,30.21,13.419999999999998,1.0,1010.0,7.4,0.6908346362891817
2026-04-18T13:58:17,04/18/202601:58,145.23,0.74,107.47019999999999,54.58,1.3800000000000001,75.3204,74.7,0.4,7.0,198.7,23775.0,44978.0,20.8,15.8,30.0,30.21,13.419999999999998,1.0,1010.0,7.4,0.7008491656291699
2026-04-18T13:59:00,04/18/202601:59,145.26,0.74,107.49239999999999,54.58,1.4,76.41199999999999,75.8,0.4,7.0,198.7,23775.0,44978.0,20.8,15.8,30.0,30.21,13.419999999999998,1.0,1010.0,7.4,0.7108595584432016
2026-04-18T13:59:16,04/18/202601:59,145.28,0.73,106.0544,54.58,1.3900000000000001,75.8662,75.3,0.4,7.0,198.7,23775.0,44978.0,20.8,15.8,30.0,30.21,13.419999999999998,1.0,1010.0,7.4,0.7153517440106211
2026-04-18T14:00:00,04/18/202602:00,145.3,0.72,104.616,54.58,1.3800000000000001,75.3204,74.8,0.4,7.0,198.7,23775.0,44978.0,20.8,15.8,30.0,30.21,13.419999999999998,1.0,1010.0,7.4,0.7199701766460198
2026-04-18T14:00:17,04/18/202602:00,145.33999999999997,0.72,104.64479999999998,54.589999999999996,1.3800000000000001,75.3342,74.8,0.4,7.0,198.7,23775.0,44978.0,20.8,15.8,30.0,30.21,13.419999999999998,1.0,1010.0,7.4,0.7199039034906657
2026-04-18T14:01:00,04/18/202602:01,145.38,0.72,104.6736,54.6,1.3800000000000001,75.34800000000001,74.8,0.4,7.0,198.7,23775.0,44978.0,20.8,15.8,30.0,30.21,13.419999999999998,1.0,1010.0,7.4,0.7198376668042373
2026-04-18T14:01:16,04/18/202602:01,145.41,0.73,106.1493,54.6,1.3900000000000001,75.894,75.3,0.4,7.0,198.7,23775.0,44978.0,20.8,15.820000000000002,29.9,30.21,13.419999999999998,36.9,1009.0,7.410000000000001,0.7149740978037539
2026-04-18T14:02:00,04/18/202602:02,145.44,0.74,107.62559999999999,54.6,1.4,76.44,75.8,0.4,7.0,198.7,23775.0,44978.0,20.8,15.84,29.8,30.21,13.419999999999998,72.8,1008.0,7.42,0.7102399429132102
2026-04-18T14:02:16,04/18/202602:02,145.48,0.75,109.10999999999999,54.6,1.43,78.078,77.5,0.4,7.0,198.7,23775.0,44978.0,20.8,15.86,29.7,30.21,13.419999999999998,108.7,1007.0,7.43,0.7155897717899369
2026-04-18T14:03:00,04/18/202602:03,145.52,0.76,110.5952,54.6,1.46,79.716,79.2,0.4,7.0,198.7,23775.0,44978.0,20.8,15.88,29.6,30.21,13.419999999999998,144.6,1006.0,7.44,0.7207907757298688
2026-04-18T14:03:17,04/18/202602:03,145.53,0.76,110.6028,54.6,1.46,79.716,79.2,0.4,8.0,198.7,23775.0,44978.0,20.8,15.9,29.5,30.21,13.419999999999998,180.5,1005.0,7.45,0.7207412470570365
2026-04-18T14:04:00,04/18/202602:04,145.54000000000002,0.76,110.61040000000001,54.6,1.46,79.716,79.2,0.4,8.0,198.7,23775.0,44978.0,20.8,15.919999999999998,29.4,30.21,13.419999999999998,216.4,1004.0,7.459999999999999,0.7206917251903979
2026-04-18T14:04:16,04/18/202602:04,145.51,0.78,113.4978,54.6,1.5,81.9,81.4,0.4,8.0,198.7,23775.0,44978.0,20.8,15.940000000000001,29.3,30.21,13.419999999999998,252.3,1003.0,7.470000000000001,0.7215998900419216
2026-04-18T14:05:40,04/18/202602:05,145.48,0.79,114.9292,54.6,1.5,81.9,81.4,0.4,8.0,198.7,23775.0,44978.0,20.8,15.959999999999999,29.2,30.21,13.419999999999998,288.2,1002.0,7.4799999999999995,0.7126126345611038
2026-04-18T14:06:00,04/18/202602:06,145.45999999999998,0.78,113.45879999999998,54.6,1.48,80.808,80.3,0.4,8.0,198.7,23775.0,44978.0,20.8,15.98,29.1,30.21,13.419999999999998,324.1,1001.0,7.49,0.7122232916265642
2026-04-18T14:06:17,04/18/202602:06,145.48,0.76,110.56479999999999,54.6,1.44,78.624,78.1,0.4,8.0,198.7,23775.0,44978.0,20.8,16.0,29.0,30.21,13.419999999999998,360.0,1000.0,7.5,0.711112397435712
2026-04-18T14:07:01,04/18/202602:07,145.52,0.73,106.2296,54.6,1.3699999999999999,74.80199999999999,74.3,0.4,8.0,198.7,23775.0,44978.0,20.8,16.0,29.0,30.21,13.419999999999998,360.0,1000.0,7.5,0.7041540211014632
2026-04-18T14:07:16,04/18/202602:07,145.54000000000002,0.71,103.33340000000001,54.6,1.34,73.164,72.7,0.4,8.0,198.7,23775.0,44978.0,20.8,16.0,29.0,30.21,13.419999999999998,360.0,1000.0,7.5,0.7080382528785465
2026-04-18T14:08:00,04/18/202602:08,145.55,0.7,101.885,54.6,1.3199999999999998,72.07199999999999,71.6,0.4,8.0,198.7,23775.0,44978.0,20.8,16.0,29.0,30.21,13.419999999999998,360.0,1000.0,7.5,0.7073857780831327
2026-04-18T14:08:17,04/18/202602:08,145.54000000000002,0.7,101.87800000000001,54.6,1.3199999999999998,72.07199999999999,71.6,0.4,8.0,198.7,23775.0,44978.0,20.8,16.0,29.0,30.21,13.419999999999998,360.0,1000.0,7.5,0.7074343823003983
2026-04-18T14:09:01,04/18/202602:09,145.53,0.71,103.32629999999999,54.6,1.34,73.164,72.7,0.4,8.0,198.7,23775.0,44978.0,20.8,16.0,29.0,30.21,13.419999999999998,360.0,1000.0,7.5,0.708086905270004
2026-04-18T14:09:16,04/18/202602:09,145.54000000000002,0.71,103.33340000000001,54.589999999999996,1.35,73.6965,73.2,0.4,8.0,198.7,23775.0,44978.0,20.8,16.0,29.0,30.21,13.419999999999998,360.0,1000.0,7.5,0.7131914753603384
2026-04-18T14:09:44,04/18/202602:09,145.57,0.7,101.89899999999999,54.589999999999996,1.33,72.6047,72.1,0.4,8.0,198.7,23775.0,44978.0,20.9,16.0,29.0,30.21,13.419999999999998,360.0,1000.0,7.5,0.71251631517483
2026-04-18T14:10:01,04/18/202602:10,145.6,0.7,101.91999999999999,54.589999999999996,1.35,73.6965,73.2,0.4,8.0,198.7,23775.0,44978.0,20.9,16.0,29.0,30.21,13.419999999999998,360.0,1000.0,7.5,0.7230818288854004
2026-04-18T14:10:44,04/18/202602:10,145.6,0.71,103.37599999999999,54.589999999999996,1.3599999999999999,74.24239999999999,73.7,0.4,8.0,198.7,23775.0,44978.0,20.8,16.0,29.0,30.21,13.419999999999998,360.0,1000.0,7.5,0.7181783005726667
2026-04-18T14:11:00,04/18/202602:11,145.56,0.73,106.2588,54.589999999999996,1.3900000000000001,75.8801,75.3,0.4,8.0,198.7,23775.0,44978.0,20.8,16.0,29.0,30.21,13.419999999999998,360.0,1000.0,7.5,0.7141065022379324
2026-04-18T14:11:21,04/18/202602:11,145.52,0.73,106.2296,54.589999999999996,1.3800000000000001,75.3342,74.8,0.4,8.0,198.7,23775.0,44978.0,20.8,16.0,29.0,30.21,13.419999999999998,360.0,1000.0,7.5,0.7091639241793247
2026-04-18T14:12:01,04/18/202602:12,145.5,0.72,104.75999999999999,54.589999999999996,1.33,72.6047,72.1,0.4,8.0,198.7,23775.0,44978.0,20.8,16.0,29.0,30.21,13.419999999999998,360.0,1000.0,7.5,0.693057464681176
2026-04-18T14:12:21,04/18/202602:12,145.44,0.72,104.71679999999999,54.58,1.33,72.59140000000001,72.1,0.4,8.0,198.7,23775.0,44978.0,20.8,16.0,29.0,30.21,13.419999999999998,360.0,1000.0,7.5,0.6932163702481361
2026-04-18T14:13:00,04/18/202602:13,145.4,0.71,103.234,54.57000000000001,1.31,71.48670000000001,71.0,0.4,8.0,198.7,23775.0,44978.0,20.8,16.0,29.0,30.21,13.419999999999998,360.0,1000.0,7.5,0.692472441249976
2026-04-18T14:13:22,04/18/202602:13,145.37,0.69,100.30529999999999,54.57000000000001,1.27,69.30390000000001,68.8,0.4,8.0,198.7,23775.0,44978.0,20.8,16.0,29.0,30.21,13.419999999999998,360.0,1000.0,7.5,0.6909295919557593
2026-04-18T14:14:01,04/18/202602:14,145.32,0.6799999999999999,98.81759999999998,54.58,1.24,67.6792,67.2,0.4,8.0,198.7,23775.0,44978.0,20.8,16.0,29.0,30.21,13.419999999999998,360.0,1000.0,7.5,0.6848901410275093
2026-04-18T14:14:21,04/18/202602:14,145.26,0.6900000000000001,100.2294,54.58,1.26,68.7708,68.3,0.4,8.0,198.7,23775.0,44978.0,20.8,16.0,29.0,30.21,13.419999999999998,360.0,1000.0,7.5,0.6861340085843075
2026-04-18T14:15:01,04/18/202602:15,145.2,0.7,101.63999999999999,54.58,1.28,69.8624,69.4,0.4,8.0,198.7,23775.0,44978.0,20.8,16.0,29.0,30.21,13.419999999999998,360.0,1000.0,7.5,0.6873514364423455
2026-04-18T14:15:22,04/18/202602:15,145.15,0.7,101.605,54.589999999999996,1.29,70.4211,70.5,0.4,8.0,198.7,23775.0,44978.0,20.8,16.0,29.0,30.21,13.419999999999998,360.0,1000.0,7.5,0.6930869543821662
2026-04-18T14:16:52,04/18/202602:16,145.12,0.6900000000000001,100.13280000000002,54.589999999999996,1.27,69.32929999999999,69.4,0.4,8.0,198.7,23775.0,44978.0,20.8,16.02,29.0,30.21,13.419999999999998,360.0,1000.0,7.49,0.6923735279548757
2026-04-18T14:17:01,04/18/202602:17,145.09,0.7,101.563,54.589999999999996,1.29,70.4211,70.4,0.4,8.0,198.7,23775.0,44978.0,20.8,16.04,29.0,30.21,13.419999999999998,360.0,1000.0,7.4799999999999995,0.6933735710839577
2026-04-18T14:17:21,04/18/202602:17,145.1,0.71,103.02099999999999,54.589999999999996,1.34,73.1506,73.1,0.4,8.0,198.7,23775.0,44978.0,20.8,16.06,29.0,30.21,13.419999999999998,360.0,1000.0,7.470000000000001,0.710055231457664
2026-04-18T14:18:00,04/18/202602:18,145.15,0.71,103.0565,54.6,1.34,73.164,73.1,0.4,8.0,198.7,23775.0,44978.0,20.8,16.080000000000002,29.0,30.21,13.419999999999998,360.0,1000.0,7.459999999999999,0.7099406636165598
2026-04-18T14:18:22,04/18/202602:18,145.22,0.72,104.55839999999999,54.61,1.3800000000000001,75.3618,75.3,0.4,8.0,198.7,23775.0,44978.0,20.8,16.1,29.0,30.21,13.419999999999998,360.0,1000.0,7.45,0.7207627507689484
2026-04-18T14:19:00,04/18/202602:19,145.28,0.74,107.5072,54.61,1.44,78.63839999999999,78.6,0.4,8.0,198.7,23775.0,44978.0,20.8,16.119999999999997,29.0,30.21,13.419999999999998,360.0,1000.0,7.44,0.7314710084533872
2026-04-18T14:19:21,04/18/202602:19,145.35999999999999,0.75,109.01999999999998,54.61,1.46,79.7306,79.7,0.4,8.0,198.7,23775.0,44978.0,20.8,16.14,29.0,30.21,13.419999999999998,360.0,1000.0,7.43,0.7313392038158137
2026-04-18T14:20:01,04/18/202602:20,145.44,0.74,107.62559999999999,54.61,1.44,78.63839999999999,78.6,0.4,8.0,198.7,23775.0,44978.0,20.8,16.16,29.0,30.21,13.419999999999998,360.0,1000.0,7.42,0.7306663098742306
2026-04-18T14:20:22,04/18/202602:20,145.51,0.74,107.67739999999999,54.620000000000005,1.42,77.5604,77.5,0.4,8.0,198.7,23775.0,44978.0,20.8,16.18,29.0,30.21,13.419999999999998,360.0,1000.0,7.410000000000001,0.7203034248598128
2026-04-18T14:21:00,04/18/202602:21,145.6,0.74,107.744,54.620000000000005,1.42,77.5604,77.0,0.4,8.0,198.7,23775.0,44978.0,20.8,16.2,29.0,30.21,13.419999999999998,360.0,1000.0,7.4,0.7198581823581823
2026-04-18T14:21:22,04/18/202602:21,145.65,0.74,107.781,54.620000000000005,1.43,78.1066,77.6,0.4,8.0,198.7,23775.0,44978.0,20.8,16.240000000000002,29.0,30.21,13.419999999999998,360.0,1000.0,7.4,0.7246787467178816
2026-04-18T14:22:01,04/18/202602:22,145.7,0.74,107.81799999999998,54.620000000000005,1.44,78.6528,78.2,0.4,8.0,198.7,23775.0,44978.0,20.8,16.28,29.0,30.21,13.419999999999998,360.0,1000.0,7.4,0.7294960025227699
2026-04-18T14:22:21,04/18/202602:22,145.70999999999998,0.73,106.36829999999998,54.620000000000005,1.42,77.5604,77.1,0.4,8.0,198.7,23775.0,44978.0,20.9,16.32,29.0,30.21,13.419999999999998,360.0,1000.0,7.4,0.7291683706517827
2026-04-18T14:23:01,04/18/202602:23,145.72,0.72,104.91839999999999,54.620000000000005,1.4,76.468,76.0,0.4,8.0,198.7,23775.0,44978.0,20.9,16.36,29.0,30.21,13.419999999999998,360.0,1000.0,7.4,0.7288330740842408
2026-04-18T14:23:22,04/18/202602:23,145.70999999999998,0.71,103.45409999999998,54.620000000000005,1.35,73.73700000000001,73.2,0.4,8.0,198.7,23775.0,44978.0,20.8,16.4,29.0,30.21,13.308000000000002,360.0,1000.0,7.4,0.7127508721258995
2026-04-18T14:24:00,04/18/202602:24,145.7,0.7,101.98999999999998,54.620000000000005,1.3,71.00600000000001,70.4,0.4,8.0,198.7,23775.0,44978.0,20.8,16.44,29.0,30.21,13.196000000000002,360.0,1000.0,7.4,0.6962055103441517
2026-04-18T14:24:21,04/18/202602:24,145.66,0.7,101.96199999999999,54.620000000000005,1.31,71.55220000000001,70.9,0.4,8.0,198.7,23775.0,44978.0,20.8,16.48,29.0,30.21,13.084,360.0,1000.0,7.4,0.7017535944763738
2026-04-18T14:25:01,04/18/202602:25,145.62,0.7,101.934,54.620000000000005,1.3199999999999998,72.0984,71.4,0.4,8.0,198.7,23775.0,44978.0,20.8,16.520000000000003,29.0,30.21,12.972,360.0,1000.0,7.4,0.7073047265877921
2026-04-18T14:25:21,04/18/202602:25,145.57,0.69,100.4433,54.620000000000005,1.33,72.64460000000001,71.9,0.4,8.0,198.7,23775.0,44978.0,20.8,16.560000000000002,29.0,30.21,12.86,360.0,1000.0,7.4,0.7232398776224996
2026-04-18T14:26:00,04/18/202602:26,145.52,0.6799999999999999,98.9536,54.620000000000005,1.34,73.19080000000001,72.4,0.4,8.0,198.7,23775.0,44978.0,20.8,16.6,29.0,30.21,12.748000000000001,360.0,1000.0,7.4,0.7396476732529187
2026-04-18T14:26:22,04/18/202602:26,145.47,0.6799999999999999,98.91959999999999,54.620000000000005,1.34,73.19080000000001,72.4,0.4,8.0,198.7,23775.0,44978.0,20.8,16.6,29.0,30.21,12.636,360.0,1000.0,7.4,0.7399019001289938
2026-04-18T14:28:03,04/18/202602:28,145.35999999999999,0.7,101.75199999999998,54.620000000000005,1.4,76.468,75.7,0.4,8.0,198.7,23775.0,44978.0,20.8,16.6,29.0,30.21,12.524000000000001,360.0,1000.0,7.4,0.751513483764447
2026-04-18T14:28:22,04/18/202602:28,145.2,0.72,104.54399999999998,54.620000000000005,1.4300000000000002,78.10660000000001,77.4,0.4,8.0,198.7,23775.0,44978.0,20.8,16.6,29.0,30.21,12.412,360.0,1000.0,7.4,0.7471170033670036
2026-04-18T14:29:00,04/18/202602:29,145.04000000000002,0.74,107.32960000000001,54.620000000000005,1.46,79.74520000000001,79.1,0.4,8.0,198.7,23775.0,44978.0,20.8,16.6,29.0,30.21,12.3,360.0,1000.0,7.4,0.7429935451170973
2026-04-18T14:29:21,04/18/202602:29,144.91,0.73,105.7843,54.620000000000005,1.46,79.74520000000001,79.1,0.4,8.0,198.7,23775.0,44978.0,20.8,16.6,29.0,30.21,12.3,360.0,1000.0,7.4,0.7538472155130772
2026-04-18T14:30:00,04/18/202602:30,144.78,0.72,104.24159999999999,54.620000000000005,1.46,79.74520000000001,79.1,0.4,8.0,198.7,23775.0,44978.0,20.8,16.6,29.0,30.21,12.3,360.0,1000.0,7.4,0.7650036070052648
2026-04-18T14:30:21,04/18/202602:30,144.63,0.72,104.13359999999999,54.620000000000005,1.46,79.74520000000001,79.1,0.4,8.0,198.7,23775.0,44978.0,20.8,16.62,28.9,30.21,12.257000000000001,324.1,998.0,7.390000000000001,0.7657970146043162
2026-04-18T14:31:01,04/18/202602:31,144.48,0.72,104.02559999999998,54.620000000000005,1.46,79.74520000000001,79.1,0.4,8.0,198.7,23775.0,44978.0,20.8,16.64,28.8,30.21,12.214,288.2,996.0,7.38,0.7665920696443954
2026-04-18T14:31:04,04/18/202602:31,144.37,0.73,105.3901,54.61,1.44,78.63839999999999,78.0,0.4,8.0,198.7,23775.0,44978.0,20.9,16.660000000000004,28.7,30.21,12.171000000000001,252.3,994.0,7.37,0.7461649623636375
2026-04-18T14:32:00,04/18/202602:32,144.26,0.74,106.7524,54.6,1.42,77.532,76.9,0.4,8.0,198.7,23775.0,44978.0,20.9,16.68,28.6,30.21,12.128,216.4,992.0,7.359999999999999,0.7262787534519131
2026-04-18T14:32:03,04/18/202602:32,144.19,0.72,103.8168,54.6,1.3800000000000001,75.34800000000001,74.7,0.4,8.0,198.7,23775.0,44978.0,20.8,16.7,28.5,30.21,12.084999999999999,180.5,990.0,7.35,0.7257784867189127
2026-04-18T14:33:00,04/18/202602:33,144.18,0.6799999999999999,98.0424,54.6,1.28,69.888,69.2,0.4,8.0,198.7,23775.0,44978.0,20.8,16.720000000000002,28.4,30.21,12.042,144.6,988.0,7.340000000000001,0.712834447137157
2026-04-18T14:33:04,04/18/202602:33,144.2,0.6599999999999999,95.17199999999998,54.6,1.23,67.158,66.4,0.4,8.0,198.7,23775.0,44978.0,20.9,16.740000000000002,28.3,30.21,11.998999999999999,108.7,986.0,7.33,0.7056487202118271
2026-04-18T14:34:00,04/18/202602:34,144.22,0.64,92.3008,54.6,1.1800000000000002,64.42800000000001,63.6,0.4,8.0,198.7,23775.0,44978.0,20.9,16.76,28.2,30.21,11.956,72.8,984.0,7.32,0.6980221189848843
2026-04-18T14:34:03,04/18/202602:34,144.19,0.65,93.7235,54.6,1.19,64.974,64.2,0.4,8.0,198.7,23775.0,44978.0,20.8,16.78,28.1,30.21,11.913,36.9,982.0,7.31,0.693251959220473
2026-04-18T14:35:00,04/18/202602:35,144.16,0.6599999999999999,95.14559999999999,54.6,1.2,65.52,64.8,0.4,8.0,198.7,23775.0,44978.0,20.8,16.8,28.0,30.21,11.87,1.0,980.0,7.3,0.688628796286954
2026-04-18T14:35:04,04/18/202602:35,144.16,0.6599999999999999,95.14559999999999,54.6,1.1800000000000002,64.42800000000001,63.7,0.4,8.0,198.7,23775.0,44978.0,20.8,16.8,28.0,30.21,11.87,1.0,980.0,7.3,0.6771516496821716
2026-04-18T14:36:01,04/18/202602:36,144.16,0.6599999999999999,95.14559999999999,54.6,1.16,63.336,62.6,0.4,8.0,198.7,23775.0,44978.0,20.8,16.8,28.0,30.21,11.87,1.0,980.0,7.3,0.6656745030773888
2026-04-18T14:36:04,04/18/202602:36,144.07,0.6599999999999999,95.08619999999999,54.61,1.17,63.893699999999995,63.2,0.4,8.0,198.7,23775.0,44978.0,20.8,16.8,28.0,30.21,11.87,1.0,980.0,7.3,0.6719555519097409
2026-04-18T14:37:00,04/18/202602:37,143.98,0.6599999999999999,95.02679999999998,54.620000000000005,1.1800000000000002,64.45160000000001,63.8,0.4,8.0,198.7,23775.0,44978.0,20.8,16.8,28.0,30.21,11.87,1.0,980.0,7.3,0.6782465578131646
2026-04-18T14:37:03,04/18/202602:37,143.87,0.67,96.39290000000001,54.620000000000005,1.2,65.544,64.9,0.4,8.0,198.7,23775.0,44978.0,20.8,16.8,28.0,30.21,11.87,1.0,980.0,7.3,0.6799670930120371
2026-04-18T14:39:14,04/18/202602:39,143.69,0.69,99.14609999999999,54.61,1.24,67.7164,67.1,0.4,8.0,198.7,23775.0,44978.0,20.8,16.8,28.0,30.21,11.87,1.0,980.0,7.3,0.6829961037297483
2026-04-18T14:40:00,04/18/202602:40,143.53,0.7,100.47099999999999,54.6,1.26,68.796,68.2,0.4,8.0,198.7,23775.0,44978.0,20.8,16.8,28.0,30.21,11.87,1.0,980.0,7.3,0.6847348986274647
2026-04-18T14:40:04,04/18/202602:40,143.39000000000001,0.7,100.373,54.6,1.27,69.342,68.8,0.4,8.0,198.7,23775.0,44978.0,20.8,16.8,28.0,30.21,11.87,1.0,980.0,7.3,0.6908431550317315
2026-04-18T14:41:01,04/18/202602:41,143.27,0.69,98.8563,54.6,1.24,67.70400000000001,67.2,0.4,8.0,198.7,23775.0,44978.0,20.8,16.8,28.0,30.21,11.87,1.0,980.0,7.3,0.6848728912573099
2026-04-18T14:41:05,04/18/202602:41,143.16000000000003,0.69,98.78040000000001,54.6,1.21,66.066,65.6,0.4,8.0,198.7,23775.0,44978.0,20.8,16.8,28.0,30.21,11.87,1.0,980.0,7.3,0.6688168908001991
2026-04-18T14:42:00,04/18/202602:42,143.05,0.69,98.7045,54.6,1.19,64.974,64.6,0.4,8.0,198.7,23775.0,44978.0,20.8,16.8,28.0,30.21,11.87,1.0,980.0,7.3,0.6582678601279578
2026-04-18T14:42:04,04/18/202602:42,142.98000000000002,0.69,98.6562,54.589999999999996,1.17,63.87029999999999,63.6,0.4,8.0,198.7,23775.0,44978.0,20.8,16.8,28.0,30.21,11.87,1.0,980.0,7.3,0.6474027988104143
2026-04-18T14:43:00,04/18/202602:43,142.98000000000002,0.6799999999999999,97.2264,54.57000000000001,1.1400000000000001,62.209800000000016,62.0,0.4,8.0,198.7,23775.0,44978.0,20.8,16.8,28.0,30.21,11.87,1.0,980.0,7.3,0.639844733529165
2026-04-18T14:43:04,04/18/202602:43,143.06,0.6699999999999999,95.85019999999999,54.56,1.12,61.107200000000006,60.9,0.4,8.0,198.7,23775.0,44978.0,20.8,16.8,28.0,30.21,11.87,1.0,980.0,7.3,0.6375281428729415
2026-04-18T14:44:01,04/18/202602:44,143.14000000000001,0.6799999999999999,97.3352,54.56,1.1400000000000001,62.19840000000001,62.0,0.4,8.0,198.7,23775.0,44978.0,20.8,16.8,28.0,30.21,11.87,1.0,980.0,7.3,0.6390124025018699
2026-04-18T14:44:05,04/18/202602:44,143.32999999999998,0.6699999999999999,96.03109999999998,54.57000000000001,1.1300000000000001,61.66410000000001,61.5,0.4,8.0,198.7,23775.0,44978.0,20.8,16.8,28.0,30.21,11.87,1.0,980.0,7.3,0.6421263528169523
2026-04-18T14:45:00,04/18/202602:45,143.52,0.6599999999999999,94.72319999999999,54.58,1.12,61.1296,61.0,0.4,8.0,198.7,23775.0,44978.0,20.8,16.8,28.0,30.21,11.87,1.0,980.0,7.3,0.6453498192628628
2026-04-18T14:45:04,04/18/202602:45,143.66,0.6699999999999999,96.25219999999999,54.58,1.15,62.766999999999996,62.6,0.4,8.0,198.7,23775.0,44978.0,20.8,16.8,28.0,30.21,11.87,1.0,980.0,7.3,0.6521097699585049
2026-04-18T14:46:01,04/18/202602:46,143.8,0.6799999999999999,97.78399999999999,54.58,1.1800000000000002,64.40440000000001,64.2,0.4,8.0,198.7,23775.0,44978.0,20.8,16.8,28.0,30.21,11.87,1.0,980.0,7.3,0.6586394502168046
2026-04-18T14:46:04,04/18/202602:46,143.95999999999998,0.6699999999999999,96.45319999999998,54.58,1.15,62.766999999999996,62.5,0.4,8.0,198.7,23775.0,44978.0,20.8,16.81,28.0,30.21,11.888,1.0,978.0,7.290000000000001,0.6507508304545625
2026-04-18T14:47:00,04/18/202602:47,144.12,0.6599999999999999,95.11919999999999,54.58,1.1199999999999999,61.12959999999999,60.8,0.4,8.0,198.7,23775.0,44978.0,20.8,16.82,28.0,30.21,11.906,1.0,976.0,7.279999999999999,0.6426631006148075
2026-04-18T14:47:04,04/18/202602:47,144.22,0.6399999999999999,92.30079999999998,54.589999999999996,1.09,59.5031,59.1,0.4,8.0,198.7,23775.0,44978.0,20.8,16.830000000000002,28.0,30.21,11.924,1.0,974.0,7.2700000000000005,0.6446650516571906
2026-04-18T14:48:00,04/18/202602:48,144.32,0.6199999999999999,89.47839999999998,54.6,1.06,57.876000000000005,57.4,0.4,8.0,198.7,23775.0,44978.0,20.8,16.84,28.0,30.21,11.942,1.0,972.0,7.26,0.6468153207925044
2026-04-18T14:48:04,04/18/202602:48,144.3,0.61,88.02300000000001,54.6,1.05,57.330000000000005,56.9,0.4,8.0,198.7,23775.0,44978.0,20.8,16.85,28.0,30.21,11.959999999999999,1.0,970.0,7.25,0.6513070447496677
2026-04-18T14:49:01,04/18/202602:49,144.28,0.6,86.568,54.6,1.04,56.784000000000006,56.4,0.4,8.0,198.7,23775.0,44978.0,20.8,16.86,28.0,30.21,11.978,1.0,968.0,7.24,0.6559467701691157
2026-04-18T14:49:05,04/18/202602:49,144.19,0.61,87.9559,54.6,1.06,57.876000000000005,57.4,0.4,9.0,198.7,23775.0,44978.0,20.8,16.869999999999997,28.0,30.21,11.996,1.0,966.0,7.2299999999999995,0.6580115717080947
2026-04-18T14:50:24,04/18/202602:50,144.1,0.61,87.901,54.589999999999996,1.05,57.3195,56.8,0.4,9.0,198.7,23775.0,44978.0,20.8,16.88,28.0,30.21,12.014,1.0,964.0,7.220000000000001,0.6520915575476957
2026-04-18T14:51:00,04/18/202602:51,144.04000000000002,0.6,86.424,54.58,1.01,55.1258,54.6,0.4,9.0,198.7,23775.0,44978.0,20.8,16.889999999999997,28.0,30.21,12.032,1.0,962.0,7.209999999999999,0.6378529112283624
2026-04-18T14:51:03,04/18/202602:51,143.94,0.6,86.36399999999999,54.58,1.0,54.58,54.0,0.4,9.0,198.7,23775.0,44978.0,20.8,16.9,28.0,30.21,12.05,1.0,960.0,7.2,0.6319762864156362
2026-04-18T14:52:00,04/18/202602:52,143.81,0.61,87.72409999999999,54.58,1.05,57.309,56.7,0.4,9.0,198.7,23775.0,44978.0,20.8,16.9,28.0,30.21,12.05,1.0,960.0,7.2,0.6532868390784289
2026-04-18T14:52:03,04/18/202602:52,143.68,0.6,86.208,54.57000000000001,1.04,56.75280000000001,56.2,0.4,9.0,198.7,23775.0,44978.0,20.8,16.9,28.0,30.21,12.05,1.0,960.0,7.2,0.6583240534521159
2026-04-18T14:53:00,04/18/202602:53,143.57,0.6,86.142,54.56,1.03,56.1968,55.7,0.4,9.0,198.7,23775.0,44978.0,20.8,16.9,28.0,30.21,12.05,1.0,960.0,7.2,0.6523739871375172
2026-04-18T14:53:02,04/18/202602:53,143.41,0.6199999999999999,88.91419999999998,54.55,1.06,57.823,57.4,0.4,9.0,198.7,23775.0,44978.0,20.8,16.9,28.0,30.21,12.05,1.0,960.0,7.2,0.6503235703633392
2026-04-18T14:54:00,04/18/202602:54,143.29,0.63,90.2727,54.54,1.06,57.812400000000004,57.4,0.4,9.0,198.7,23775.0,44978.0,20.8,16.9,28.0,30.21,12.05,1.0,960.0,7.2,0.6404195288276523
2026-04-18T14:54:03,04/18/202602:54,143.14,0.6399999999999999,91.60959999999997,54.529999999999994,1.08,58.892399999999995,58.4,0.4,9.0,198.7,23775.0,44978.0,20.8,16.9,28.0,30.21,12.05,1.0,960.0,7.2,0.6428627567416517
2026-04-18T14:54:40,04/18/202602:54,143.01999999999998,0.6399999999999999,91.53279999999998,54.529999999999994,1.0699999999999998,58.34709999999998,57.9,0.4,9.0,198.7,23775.0,44978.0,20.8,16.9,28.0,30.21,12.05,1.0,960.0,7.2,0.6374447192700321
2026-04-18T14:55:00,04/18/202602:55,142.9,0.65,92.885,54.54,1.09,59.448600000000006,59.0,0.4,9.0,198.7,23775.0,44978.0,20.8,16.9,28.0,30.21,12.05,1.0,960.0,7.2,0.6400236852021317
2026-04-18T14:55:40,04/18/202602:55,142.79,0.6599999999999999,94.24139999999998,54.55,1.1300000000000001,61.6415,61.2,0.4,9.0,198.7,23775.0,44978.0,20.8,16.9,28.0,30.21,12.05,1.0,960.0,7.2,0.6540809028728352
2026-04-18T14:56:00,04/18/202602:56,142.72,0.6599999999999999,94.19519999999999,54.55,1.1400000000000001,62.187000000000005,61.8,0.4,9.0,198.7,23775.0,44978.0,20.8,16.9,28.0,30.21,12.05,1.0,960.0,7.2,0.6601928760701183
2026-04-18T14:56:40,04/18/202602:56,142.63,0.6599999999999999,94.13579999999999,54.55,1.1300000000000001,61.6415,61.3,0.4,9.0,198.7,23775.0,44978.0,20.8,16.9,28.0,30.21,12.05,1.0,960.0,7.2,0.6548146401262858
2026-04-18T14:57:01,04/18/202602:57,142.54000000000002,0.6799999999999999,96.9272,54.56,1.1800000000000002,64.38080000000001,64.0,0.4,9.0,198.7,23775.0,44978.0,20.8,16.9,28.0,30.21,12.05,1.0,960.0,7.2,0.6642180935795113
2026-04-18T14:57:40,04/18/202602:57,142.45999999999998,0.7,99.72199999999998,54.57000000000001,1.24,67.66680000000001,67.2,0.4,9.0,198.7,23775.0,44978.0,20.8,16.9,28.0,30.21,12.05,1.0,960.0,7.2,0.6785543811796797
2026-04-18T14:58:00,04/18/202602:58,142.43,0.7,99.701,54.58,1.26,68.7708,68.2,0.4,9.0,198.7,23775.0,44978.0,20.8,16.9,28.0,30.21,12.05,1.0,960.0,7.2,0.6897704135364741
2026-04-18T14:58:39,04/18/202602:58,142.41000000000003,0.69,98.26290000000002,54.589999999999996,1.26,68.7834,68.2,0.4,9.0,198.7,23775.0,44978.0,20.8,16.9,28.0,30.21,12.05,1.0,960.0,7.2,0.6999935886280579
2026-04-18T14:59:00,04/18/202602:59,142.42000000000002,0.6799999999999999,96.8456,54.6,1.24,67.70400000000001,67.2,0.4,9.0,198.7,23775.0,44978.0,20.8,16.9,28.0,30.21,12.05,1.0,960.0,7.2,0.6990921631958499
2026-04-18T14:59:40,04/18/202602:59,142.43,0.69,98.27669999999999,54.6,1.28,69.888,69.4,0.5,9.0,198.7,23775.0,44978.0,20.9,16.9,28.0,30.21,12.05,1.0,960.0,7.2,0.7111349892700916
2026-04-18T15:00:00,04/18/202603:00,142.44,0.7,99.708,54.6,1.3199999999999998,72.07199999999999,71.6,0.5,9.0,198.7,23775.0,44978.0,20.9,16.9,28.0,30.21,12.05,1.0,960.0,7.2,0.7228306655433866
2026-04-18T15:01:36,04/18/202603:01,142.45,0.69,98.29049999999998,54.6,1.3,70.98,70.5,0.5,9.0,198.7,23775.0,44978.0,20.8,16.91,28.0,30.21,12.032,36.8,958.0,7.19,0.7221450699711571
2026-04-18T15:01:40,04/18/202603:01,142.45999999999998,0.69,98.29739999999998,54.6,1.29,70.434,69.9,0.5,9.0,198.7,23775.0,44978.0,20.8,16.919999999999998,27.7,30.21,12.014,72.6,956.0,7.18,0.7165398067497208
2026-04-18T15:02:00,04/18/202603:02,142.49,0.69,98.3181,54.6,1.3,70.98,70.4,0.5,9.0,198.7,23775.0,44978.0,20.8,16.93,27.4,30.21,11.996,108.4,954.0,7.17,0.7219423483570166
2026-04-18T15:02:40,04/18/202603:02,142.51,0.69,98.33189999999999,54.6,1.3,70.98,70.4,0.5,9.0,198.7,23775.0,44978.0,20.8,16.939999999999998,27.1,30.21,11.978,144.2,952.0,7.159999999999999,0.7218410302251864
2026-04-18T15:03:00,04/18/202603:03,142.52,0.69,98.3388,54.6,1.29,70.434,69.9,0.5,9.0,198.7,23775.0,44978.0,20.8,16.95,26.8,30.21,11.959999999999999,180.0,950.0,7.15,0.7162381481165114
2026-04-18T15:03:40,04/18/202603:03,142.51,0.6799999999999999,96.90679999999999,54.6,1.27,69.342,68.9,0.5,9.0,198.7,23775.0,44978.0,20.8,16.96,26.5,30.21,11.942,215.8,948.0,7.140000000000001,0.7155535008895145
2026-04-18T15:04:00,04/18/202603:04,142.49,0.6799999999999999,96.8932,54.6,1.27,69.342,68.9,0.5,9.0,198.7,23775.0,44978.0,20.8,16.97,26.2,30.21,11.924,251.6,946.0,7.13,0.7156539364991558
2026-04-18T15:04:40,04/18/202603:04,142.43,0.7,99.701,54.6,1.32,72.072,71.6,0.5,9.0,198.7,23775.0,44978.0,20.8,16.98,25.9,30.21,11.906,287.4,944.0,7.12,0.7228814154321421
2026-04-18T15:05:01,04/18/202603:05,142.37,0.7,99.65899999999999,54.6,1.32,72.072,71.6,0.5,9.0,198.7,23775.0,44978.0,20.8,16.990000000000002,25.6,30.21,11.888,323.2,942.0,7.109999999999999,0.7231860644798764
2026-04-18T15:05:40,04/18/202603:05,142.34,0.69,98.21459999999999,54.6,1.31,71.52600000000001,71.0,0.5,9.0,198.7,23775.0,44978.0,20.9,17.0,25.3,30.21,11.87,359.0,940.0,7.1,0.7282623968330576
2026-04-18T15:06:00,04/18/202603:06,142.3,0.7,99.61,54.6,1.34,73.164,72.6,0.5,9.0,198.7,23775.0,44978.0,20.9,17.0,25.0,30.21,11.87,359.0,940.0,7.1,0.7345045678144765
2026-04-18T15:06:39,04/18/202603:06,142.27,0.7,99.589,54.6,1.33,72.61800000000001,72.1,0.5,9.0,198.7,23775.0,44978.0,20.8,17.0,25.0,30.21,11.87,359.0,940.0,7.1,0.7291769171294019
2026-04-18T15:07:00,04/18/202603:07,142.24,0.7,99.568,54.6,1.3199999999999998,72.07199999999999,71.6,0.5,9.0,198.7,23775.0,44978.0,20.8,17.0,25.0,30.21,11.87,359.0,940.0,7.1,0.7238470191226096
2026-04-18T15:07:40,04/18/202603:07,142.24,0.7,99.568,54.6,1.3199999999999998,72.07199999999999,71.6,0.5,9.0,198.7,23775.0,44978.0,20.8,17.0,25.0,30.21,11.87,359.0,940.0,7.1,0.7238470191226096
2026-04-18T15:08:00,04/18/202603:08,142.24,0.7,99.568,54.6,1.3199999999999998,72.07199999999999,71.6,0.5,9.0,198.7,23775.0,44978.0,20.8,17.0,25.0,30.21,11.87,359.0,940.0,7.1,0.7238470191226096
2026-04-18T15:08:40,04/18/202603:08,142.29000000000002,0.72,102.4488,54.6,1.35,73.71000000000001,73.2,0.5,9.0,198.7,23775.0,44978.0,20.8,17.0,25.0,30.21,11.87,359.0,940.0,7.1,0.7194813409234662
2026-04-18T15:09:00,04/18/202603:09,142.34,0.74,105.3316,54.6,1.3800000000000001,75.34800000000001,74.8,0.5,9.0,198.7,23775.0,44978.0,20.8,17.0,25.0,30.21,11.87,359.0,940.0,7.1,0.7153408853563414
2026-04-18T15:09:09,04/18/202603:09,142.45999999999998,0.72,102.57119999999998,54.6,1.3599999999999999,74.256,72.1,0.5,9.0,198.7,23775.0,44978.0,20.8,17.0,25.0,30.21,11.87,359.0,940.0,7.1,0.7239459029435165
2026-04-18T15:10:00,04/18/202603:10,142.57999999999998,0.7,99.80599999999998,54.6,1.3399999999999999,73.16399999999999,69.4,0.5,9.0,198.7,23775.0,44978.0,20.8,17.0,25.0,30.21,11.87,359.0,940.0,7.1,0.7330621405526722
2026-04-18T15:10:09,04/18/202603:10,142.7,0.69,98.46299999999998,54.6,1.31,71.52600000000001,67.8,0.5,9.0,198.7,23775.0,44978.0,20.8,17.0,25.0,30.21,11.87,359.0,940.0,7.1,0.7264251546266113
2026-04-18T15:11:00,04/18/202603:11,142.82,0.6799999999999999,97.11759999999998,54.6,1.2799999999999998,69.88799999999999,66.2,0.5,9.0,198.7,23775.0,44978.0,20.8,17.0,25.0,30.21,11.87,359.0,940.0,7.1,0.7196223959405916
2026-04-18T15:11:12,04/18/202603:11,142.95,0.6599999999999999,94.34699999999998,54.6,1.2399999999999998,67.704,64.0,0.5,9.0,198.7,23775.0,44978.0,20.8,17.0,25.0,30.21,11.87,359.0,940.0,7.1,0.7176062831886547
2026-04-18T15:13:00,04/18/202603:12,143.03,0.65,92.96950000000001,54.589999999999996,1.21,66.0539,62.4,0.5,9.0,198.7,23775.0,44978.0,20.8,17.0,25.0,30.21,11.87,359.0,940.0,7.1,0.7104899994084081
2026-04-18T15:13:01,04/18/202603:13,143.09,0.64,91.5776,54.58,1.18,64.4044,60.8,0.5,9.0,198.7,23775.0,44978.0,20.8,17.0,25.0,30.21,11.87,359.0,940.0,7.1,0.7032767838423369
2026-04-18T15:13:54,04/18/202603:13,143.12,0.64,91.5968,54.58,1.18,64.4044,60.8,0.5,9.0,198.7,23775.0,44978.0,20.8,17.0,25.0,30.21,11.87,359.0,940.0,7.1,0.7031293669647848
2026-04-18T15:14:00,04/18/202603:14,143.12,0.63,90.1656,54.58,1.16,63.312799999999996,59.7,0.5,9.0,198.7,23775.0,44978.0,20.8,17.0,25.0,30.21,11.87,359.0,940.0,7.1,0.702183537845919
2026-04-18T15:14:54,04/18/202603:14,143.07,0.6199999999999999,88.70339999999997,54.58,1.16,63.312799999999996,59.7,0.5,9.0,198.7,23775.0,44978.0,20.9,17.0,25.0,30.21,11.87,359.0,940.0,7.1,0.7137584354151026
2026-04-18T15:15:00,04/18/202603:15,142.99,0.63,90.08370000000001,54.58,1.16,63.312799999999996,61.3,0.5,9.0,198.7,23775.0,44978.0,20.9,17.0,25.0,30.21,11.87,359.0,940.0,7.1,0.702821931159577
2026-04-18T15:15:55,04/18/202603:15,142.9,0.65,92.885,54.58,1.1800000000000002,64.40440000000001,64.0,0.5,9.0,198.7,23775.0,44978.0,20.8,17.0,25.0,30.21,11.844999999999999,358.9,937.0,7.07,0.693377832804005
2026-04-18T15:16:01,04/18/202603:16,142.78,0.67,95.66260000000001,54.58,1.22,66.5876,66.2,0.5,9.0,198.7,23775.0,44978.0,20.8,17.0,25.0,30.21,11.819999999999999,358.8,934.0,7.039999999999999,0.6960672195821563
2026-04-18T15:16:38,04/18/202603:16,142.72,0.67,95.6224,54.58,1.2,65.496,65.1,0.5,9.0,198.7,23775.0,44978.0,20.8,17.0,25.0,30.21,11.794999999999998,358.7,931.0,7.01,0.6849441135131517
2026-04-18T15:17:00,04/18/202603:17,142.64000000000001,0.6799999999999999,96.9952,54.58,1.22,66.5876,66.2,0.5,9.0,198.7,23775.0,44978.0,20.8,17.0,25.0,30.21,11.77,358.6,928.0,6.9799999999999995,0.6865040744284253
2026-04-18T15:17:39,04/18/202603:17,142.62,0.7,99.834,54.589999999999996,1.25,68.2375,67.8,0.5,9.0,198.7,23775.0,44978.0,20.8,17.0,25.0,30.21,11.745,358.5,925.0,6.95,0.6835096259791253
2026-04-18T15:18:01,04/18/202603:18,142.6,0.72,102.672,54.6,1.28,69.888,69.4,0.5,9.0,198.7,23775.0,44978.0,20.8,17.0,25.0,30.21,11.719999999999999,358.4,922.0,6.92,0.6806919121084619
2026-04-18T15:18:38,04/18/202603:18,142.67000000000002,0.71,101.29570000000001,54.6,1.25,68.25,67.8,0.5,9.0,198.7,23775.0,44978.0,20.8,17.0,25.0,30.21,11.694999999999999,358.3,919.0,6.889999999999999,0.6737699625946609
2026-04-18T15:19:00,04/18/202603:19,142.74,0.7,99.918,54.6,1.22,66.612,66.2,0.5,9.0,198.7,23775.0,44978.0,20.8,17.0,25.0,30.21,11.669999999999998,358.2,916.0,6.859999999999999,0.6666666666666665
2026-04-18T15:19:39,04/18/202603:19,142.85,0.7,99.99499999999999,54.6,1.2,65.52,65.1,0.5,9.0,198.7,23775.0,44978.0,20.8,17.0,25.0,30.21,11.645,358.1,913.0,6.83,0.655232761638082
2026-04-18T15:20:00,04/18/202603:20,142.95999999999998,0.7,100.07199999999997,54.6,1.1800000000000002,64.42800000000001,64.0,0.5,9.0,198.7,23775.0,44978.0,20.8,17.0,25.0,30.21,11.62,358.0,910.0,6.8,0.643816452154449
2026-04-18T15:20:38,04/18/202603:20,143.07999999999998,0.6799999999999999,97.29439999999998,54.6,1.1400000000000001,62.24400000000001,61.8,0.5,9.0,198.7,23775.0,44978.0,20.8,17.0,25.0,30.21,11.62,358.0,910.0,6.8,0.6397490503050537
2026-04-18T15:21:01,04/18/202603:21,143.2,0.6599999999999999,94.51199999999999,54.6,1.1,60.06000000000001,59.6,0.5,9.0,198.7,23775.0,44978.0,20.8,17.0,25.0,30.21,11.62,358.0,910.0,6.8,0.6354748603351957
2026-04-18T15:21:38,04/18/202603:21,143.21,0.6900000000000001,98.81490000000001,54.6,1.1800000000000002,64.42800000000001,64.0,0.5,9.0,198.7,23775.0,44978.0,20.8,17.0,25.0,30.21,11.62,358.0,910.0,6.8,0.6520069341769309
2026-04-18T15:22:00,04/18/202603:22,143.22,0.72,103.1184,54.6,1.26,68.796,68.4,0.5,9.0,198.7,23775.0,44978.0,20.8,17.0,25.0,30.21,11.62,358.0,910.0,6.8,0.6671554252199414
2026-04-18T15:22:39,04/18/202603:22,143.28,0.72,103.16159999999999,54.6,1.27,69.342,68.9,0.5,9.0,198.7,23775.0,44978.0,20.8,17.0,25.0,30.21,11.62,358.0,910.0,6.8,0.6721687139400707
2026-04-18T15:23:59,04/18/202603:23,143.35999999999999,0.71,101.78559999999999,54.6,1.27,69.342,68.9,0.5,9.0,198.7,23775.0,44978.0,20.9,17.0,25.0,30.21,11.62,358.0,910.0,6.8,0.6812555017605635
2026-04-18T15:24:01,04/18/202603:24,143.38,0.72,103.2336,54.6,1.3,70.98,70.5,0.5,9.0,198.7,23775.0,44978.0,20.9,17.0,25.0,30.21,11.62,358.0,910.0,6.8,0.687566838703678
2026-04-18T15:24:39,04/18/202603:24,143.44,0.71,101.8424,54.589999999999996,1.3,70.967,70.5,0.5,9.0,198.7,23775.0,44978.0,20.8,17.0,25.0,30.21,11.62,358.0,910.0,6.8,0.6968315750610747
2026-04-18T15:25:00,04/18/202603:25,143.51,0.6900000000000001,99.0219,54.58,1.27,69.3166,68.9,0.5,9.0,198.7,23775.0,44978.0,20.8,17.0,25.0,30.21,11.62,358.0,910.0,6.8,0.7000128254456841
2026-04-18T15:25:39,04/18/202603:25,143.57,0.6900000000000001,99.0633,54.58,1.28,69.8624,69.4,0.5,9.0,198.7,23775.0,44978.0,20.8,17.0,25.0,30.21,11.62,358.0,910.0,6.8,0.7052298883643084
2026-04-18T15:26:00,04/18/202603:26,143.63,0.7,100.541,54.58,1.29,70.4082,69.9,0.5,9.0,198.7,23775.0,44978.0,20.8,17.0,25.0,30.21,11.62,358.0,910.0,6.8,0.7002934126376303
2026-04-18T15:26:38,04/18/202603:26,143.73,0.7,100.61099999999999,54.58,1.28,69.8624,69.4,0.5,9.0,198.7,23775.0,44978.0,20.8,17.0,25.0,30.21,11.62,358.0,910.0,6.8,0.6943813300732524
2026-04-18T15:27:00,04/18/202603:27,143.88,0.67,96.3996,54.58,1.21,66.0418,65.6,0.5,9.0,198.7,23775.0,44978.0,20.8,17.0,25.0,30.21,11.62,358.0,910.0,6.8,0.6850837555342553
2026-04-18T15:27:39,04/18/202603:27,144.02,0.65,93.61300000000001,54.58,1.15,62.766999999999996,62.3,0.5,9.0,198.7,23775.0,44978.0,20.8,17.0,25.0,30.21,11.62,358.0,910.0,6.8,0.6704944826039118
2026-04-18T15:28:00,04/18/202603:28,144.1,0.6399999999999999,92.22399999999998,54.58,1.1400000000000001,62.2212,61.8,0.5,9.0,198.7,23775.0,44978.0,20.8,17.0,25.0,30.21,11.62,358.0,910.0,6.8,0.6746747050659266
2026-04-18T15:28:38,04/18/202603:28,144.14000000000001,0.63,90.80820000000001,54.58,1.1300000000000001,61.6754,61.3,0.5,9.0,198.7,23775.0,44978.0,20.9,17.0,25.0,30.21,11.62,358.0,910.0,6.8,0.679183157468158
2026-04-18T15:29:01,04/18/202603:29,144.18,0.6199999999999999,89.39159999999998,54.58,1.12,61.1296,60.8,0.5,9.0,198.7,23775.0,44978.0,20.9,17.0,25.0,30.21,11.62,358.0,910.0,6.8,0.6838405398270085
2026-04-18T15:29:39,04/18/202603:29,144.16,0.63,90.8208,54.589999999999996,1.1300000000000001,61.6867,61.3,0.5,9.0,198.7,23775.0,44978.0,20.8,17.0,25.0,30.21,11.62,358.0,910.0,6.8,0.6792133520074697
2026-04-18T15:30:00,04/18/202603:30,144.14000000000001,0.6399999999999999,92.2496,54.6,1.1400000000000001,62.24400000000001,61.8,0.5,9.0,198.7,23775.0,44978.0,20.8,17.0,25.0,30.21,11.62,358.0,910.0,6.8,0.6747346329956987
2026-04-18T15:30:39,04/18/202603:30,144.1,0.63,90.783,54.6,1.1300000000000001,61.69800000000001,61.3,0.5,9.0,198.7,23775.0,44978.0,20.8,17.009999999999998,25.0,30.21,11.62,358.0,910.0,6.8,0.6796206338191072
2026-04-18T15:31:00,04/18/202603:31,144.06,0.6199999999999999,89.31719999999999,54.6,1.1199999999999999,61.151999999999994,60.8,0.5,9.0,198.7,23775.0,44978.0,20.8,17.02,25.0,30.21,11.62,358.0,910.0,6.8,0.684660961158657
2026-04-18T15:31:38,04/18/202603:31,143.98,0.6399999999999999,92.14719999999998,54.6,1.15,62.79,62.4,0.5,9.0,198.7,23775.0,44978.0,20.8,17.03,25.1,30.21,11.600999999999999,358.2,907.0,6.779999999999999,0.6814097444089458
2026-04-18T15:32:56,04/18/202603:32,143.91,0.6599999999999999,94.98059999999998,54.6,1.17,63.882,63.4,0.5,9.0,198.7,23775.0,44978.0,20.8,17.04,25.2,30.21,11.600999999999999,358.4,904.0,6.76,0.6725794530672581
2026-04-18T15:33:00,04/18/202603:33,143.85,0.67,96.37950000000001,54.6,1.1800000000000002,64.42800000000001,63.9,0.5,9.0,198.7,23775.0,44978.0,20.8,17.05,25.3,30.21,11.600999999999999,358.6,901.0,6.739999999999999,0.6684824054907943
2026-04-18T15:33:56,04/18/202603:33,143.8,0.67,96.34600000000002,54.589999999999996,1.19,64.96209999999999,64.4,0.5,9.0,198.7,23775.0,44978.0,20.8,17.060000000000002,25.4,30.21,11.600999999999999,358.8,898.0,6.720000000000001,0.6742584020094242
2026-04-18T15:35:10,04/18/202603:35,143.78,0.67,96.33260000000001,54.589999999999996,1.19,64.96209999999999,64.4,0.5,9.0,198.7,23775.0,44978.0,20.8,17.07,25.5,30.21,11.600999999999999,359.0,895.0,6.7,0.6743521923004256
2026-04-18T15:35:56,04/18/202603:35,143.77,0.6799999999999999,97.7636,54.589999999999996,1.22,66.59979999999999,66.0,0.5,9.0,198.7,23775.0,44978.0,20.8,17.080000000000002,25.6,30.21,11.600999999999999,359.2,892.0,6.68,0.6812330969808803
2026-04-18T15:36:00,04/18/202603:36,143.78,0.6900000000000001,99.2082,54.589999999999996,1.26,68.7834,68.2,0.5,9.0,198.7,23775.0,44978.0,20.8,17.09,25.7,30.21,11.600999999999999,359.4,889.0,6.659999999999999,0.693323737352356
2026-04-18T15:36:37,04/18/202603:36,143.81,0.6900000000000001,99.22890000000001,54.58,1.27,69.3166,68.8,0.5,9.0,198.7,23775.0,44978.0,20.8,17.1,25.8,30.21,11.600999999999999,359.6,886.0,6.639999999999999,0.6985525386253398
2026-04-18T15:37:00,04/18/202603:37,143.87,0.6900000000000001,99.2703,54.57000000000001,1.26,68.75820000000002,68.3,0.5,9.0,198.7,23775.0,44978.0,20.8,17.1,25.9,30.21,11.600999999999999,359.8,883.0,6.62,0.6926361661040614
2026-04-18T15:37:37,04/18/202603:37,143.94,0.7,100.758,54.57000000000001,1.25,68.2125,67.8,0.5,9.0,198.7,23775.0,44978.0,20.8,17.1,26.0,30.21,11.600999999999999,360.0,880.0,6.6,0.6769933901030192
2026-04-18T15:38:00,04/18/202603:38,144.01,0.69,99.36689999999999,54.57000000000001,1.2200000000000002,66.57540000000002,66.2,0.5,9.0,198.7,23775.0,44978.0,20.8,17.1,26.0,30.21,11.62,360.0,880.0,6.6,0.669995743049245
2026-04-18T15:38:36,04/18/202603:38,144.1,0.6799999999999999,97.98799999999999,54.57000000000001,1.2,65.48400000000001,65.7,0.5,10.0,198.7,23775.0,44978.0,20.8,17.1,26.0,30.21,11.62,360.0,880.0,6.6,0.6682859125607219
2026-04-18T15:39:00,04/18/202603:39,144.19,0.6699999999999999,96.6073,54.57000000000001,1.1800000000000002,64.39260000000002,65.2,0.5,10.0,198.7,23775.0,44978.0,20.8,17.1,26.0,30.21,11.62,360.0,880.0,6.6,0.6665396921350666
2026-04-18T15:39:37,04/18/202603:39,144.25,0.6799999999999999,98.08999999999999,54.58,1.2100000000000002,66.04180000000001,66.9,0.5,10.0,198.7,23775.0,44978.0,20.8,17.1,26.0,30.21,11.62,360.0,880.0,6.6,0.6732776022020595
2026-04-18T15:40:00,04/18/202603:40,144.3,0.7,101.01,54.58,1.2600000000000002,68.77080000000001,69.6,0.5,10.0,198.7,23775.0,44978.0,20.8,17.1,26.0,30.21,11.62,360.0,880.0,6.6,0.6808316008316009
2026-04-18T15:40:37,04/18/202603:40,144.37,0.69,99.61529999999999,54.58,1.23,67.1334,68.0,0.5,10.0,198.7,23775.0,44978.0,20.8,17.1,26.0,30.21,11.62,360.0,880.0,6.6,0.6739265956133245
2026-04-18T15:41:00,04/18/202603:41,144.44,0.6799999999999999,98.21919999999999,54.58,1.2,65.496,66.4,0.5,10.0,198.7,23775.0,44978.0,20.8,17.1,26.0,30.21,11.62,360.0,880.0,6.6,0.6668349976379364
2026-04-18T15:41:36,04/18/202603:41,144.45,0.69,99.67049999999999,54.589999999999996,1.24,67.6916,68.5,0.5,10.0,198.7,23775.0,44978.0,20.8,17.1,26.0,30.21,11.62,360.0,880.0,6.6,0.6791538118099136
2026-04-18T15:42:00,04/18/202603:42,144.45999999999998,0.7,101.12199999999999,54.6,1.28,69.888,70.6,0.5,10.0,198.7,23775.0,44978.0,20.8,17.1,26.0,30.21,11.62,360.0,880.0,6.6,0.6911255710923441
2026-04-18T15:42:37,04/18/202603:42,144.45,0.7,101.11499999999998,54.6,1.27,69.342,70.0,0.5,10.0,198.7,23775.0,44978.0,20.8,17.1,26.0,30.21,11.62,360.0,880.0,6.6,0.6857736240913812
2026-04-18T15:43:00,04/18/202603:43,144.44,0.7,101.10799999999999,54.6,1.2600000000000002,68.79600000000002,69.4,0.5,10.0,198.7,23775.0,44978.0,20.8,17.1,26.0,30.21,11.62,360.0,880.0,6.6,0.6804209360288012
2026-04-18T15:43:37,04/18/202603:43,144.35,0.69,99.60149999999999,54.589999999999996,1.25,68.2375,68.3,0.5,10.0,198.7,23775.0,44978.0,20.8,17.1,26.0,30.21,11.62,360.0,880.0,6.6,0.6851051439988354
2026-04-18T15:44:00,04/18/202603:44,144.26,0.6799999999999999,98.09679999999999,54.58,1.24,67.6792,67.2,0.5,10.0,198.7,23775.0,44978.0,20.8,17.1,26.0,30.21,11.62,360.0,880.0,6.6,0.6899226070575187
2026-04-18T15:44:37,04/18/202603:44,144.16,0.6699999999999999,96.58719999999998,54.58,1.21,66.0418,65.5,0.5,10.0,198.7,23775.0,44978.0,20.8,17.1,26.0,30.21,11.62,360.0,880.0,6.6,0.683753126708301
2026-04-18T15:44:47,04/18/202603:44,144.1,0.63,90.783,54.58,1.1099999999999999,60.58379999999999,60.0,0.5,10.0,198.7,23775.0,44978.0,20.8,17.1,26.0,30.21,11.62,360.0,880.0,6.6,0.6673474108588611
2026-04-18T15:45:00,04/18/202603:45,144.01,0.61,87.84609999999999,54.58,1.06,57.854800000000004,57.2,0.5,10.0,198.7,23775.0,44978.0,20.8,17.1,26.0,30.21,11.62,360.0,880.0,6.6,0.6585926979114611
2026-04-18T15:46:21,04/18/202603:46,143.9,0.6199999999999999,89.21799999999999,54.58,1.0699999999999998,58.40059999999999,57.7,0.5,10.0,198.7,23775.0,44978.0,20.8,17.1,26.0,30.21,11.62,360.0,880.0,6.6,0.6545831558654083
2026-04-18T15:46:47,04/18/202603:46,143.82,0.6199999999999999,89.16839999999998,54.57000000000001,1.04,56.75280000000001,56.1,0.5,10.0,198.7,23775.0,44978.0,20.8,17.110000000000003,26.0,30.21,11.62,324.1,877.0,6.57,0.6364676275451844
2026-04-18T15:47:01,04/18/202603:47,143.74,0.6199999999999999,89.1188,54.56,1.01,55.1056,54.5,0.5,10.0,198.7,23775.0,44978.0,20.8,17.12,26.0,30.21,11.62,288.2,874.0,6.539999999999999,0.618338667037707
2026-04-18T15:47:47,04/18/202603:47,143.72,0.61,87.6692,54.56,1.0,54.56,54.0,0.5,10.0,198.7,23775.0,44978.0,20.8,17.130000000000003,26.0,30.21,11.62,252.3,871.0,6.51,0.6223394304955446
2026-04-18T15:48:01,04/18/202603:48,143.7,0.6,86.21999999999998,54.56,0.99,54.0144,53.5,0.5,10.0,198.7,23775.0,44978.0,20.8,17.14,26.0,30.21,11.62,216.4,868.0,6.4799999999999995,0.626471816283925
2026-04-18T15:48:47,04/18/202603:48,143.75,0.61,87.6875,54.56,1.0,54.56,54.1,0.5,10.0,198.7,23775.0,44978.0,20.8,17.15,26.0,30.21,11.62,180.5,865.0,6.45,0.6222095509622239
2026-04-18T15:49:01,04/18/202603:49,143.8,0.6199999999999999,89.15599999999999,54.56,1.01,55.1056,54.7,0.5,10.0,198.7,23775.0,44978.0,20.8,17.16,26.0,30.21,11.62,144.6,862.0,6.42,0.6180806675938805
2026-04-18T15:49:47,04/18/202603:49,143.87,0.61,87.7607,54.56,0.99,54.0144,53.7,0.5,10.0,198.7,23775.0,44978.0,20.9,17.169999999999998,26.0,30.21,11.62,108.7,859.0,6.39,0.6154736687378292
2026-04-18T15:50:00,04/18/202603:50,143.9,0.63,90.65700000000001,54.56,1.04,56.7424,56.5,0.5,10.0,198.7,23775.0,44978.0,20.9,17.18,26.0,30.21,11.62,72.8,856.0,6.359999999999999,0.6259020263189825
2026-04-18T15:50:47,04/18/202603:50,143.95,0.6599999999999999,95.00699999999998,54.56,1.1099999999999999,60.5616,60.3,0.5,10.0,198.7,23775.0,44978.0,20.8,17.19,26.0,30.21,11.62,36.9,853.0,6.33,0.6374435567905524
2026-04-18T15:51:01,04/18/202603:51,144.02,0.6599999999999999,95.05319999999999,54.56,1.12,61.107200000000006,60.8,0.5,10.0,198.7,23775.0,44978.0,20.8,17.2,26.0,30.21,11.62,1.0,850.0,6.3,0.642873674952553
2026-04-18T15:51:48,04/18/202603:51,144.07,0.6699999999999999,96.52689999999998,54.57000000000001,1.15,62.755500000000005,62.4,0.5,10.0,198.7,23775.0,44978.0,20.8,17.2,26.0,30.21,11.62,1.0,850.0,6.3,0.6501348328807827
2026-04-18T15:52:01,04/18/202603:52,144.12,0.6799999999999999,98.0016,54.58,1.1800000000000002,64.40440000000001,64.0,0.5,10.0,198.7,23775.0,44978.0,20.8,17.2,26.0,30.21,11.62,1.0,850.0,6.3,0.6571770256812135
2026-04-18T15:52:09,04/18/202603:52,144.15,0.69,99.4635,54.58,1.19,64.9502,64.5,0.5,10.0,198.7,23775.0,44978.0,20.8,17.2,26.0,30.21,11.62,1.0,850.0,6.3,0.6530053738306012
2026-04-18T15:53:01,04/18/202603:53,144.18,0.7,100.926,54.58,1.2,65.496,65.0,0.5,10.0,198.7,23775.0,44978.0,20.8,17.2,26.0,30.21,11.62,1.0,850.0,6.3,0.6489507163664466
2026-04-18T15:53:08,04/18/202603:53,144.16,0.7,100.91199999999999,54.589999999999996,1.21,66.0539,65.5,0.5,10.0,198.7,23775.0,44978.0,20.8,17.2,26.0,30.21,11.62,1.0,850.0,6.3,0.6545693277310924
2026-04-18T15:54:01,04/18/202603:54,144.14000000000001,0.7,100.89800000000001,54.6,1.22,66.612,66.0,0.5,10.0,198.7,23775.0,44978.0,20.8,17.2,26.0,30.21,11.62,1.0,850.0,6.3,0.6601914805050644
2026-04-18T15:54:08,04/18/202603:54,144.13,0.7,100.89099999999999,54.6,1.22,66.612,65.9,0.5,10.0,198.7,23775.0,44978.0,20.8,17.2,26.0,30.21,11.62,1.0,850.0,6.3,0.6602372857836676
2026-04-18T15:55:01,04/18/202603:55,144.12,0.7,100.884,54.6,1.22,66.612,65.8,0.5,10.0,198.7,23775.0,44978.0,20.8,17.2,26.0,30.21,11.62,1.0,850.0,6.3,0.6602830974188176
2026-04-18T15:55:09,04/18/202603:55,144.07,0.7,100.84899999999999,54.589999999999996,1.23,67.14569999999999,66.4,0.5,10.0,198.7,23775.0,44978.0,20.8,17.2,26.0,30.21,11.62,1.0,850.0,6.3,0.6658043213120606
2026-04-18T15:56:01,04/18/202603:56,144.02,0.7,100.81400000000001,54.58,1.24,67.6792,67.0,0.5,10.0,198.7,23775.0,44978.0,20.8,17.2,26.0,30.21,11.62,1.0,850.0,6.3,0.671327395004662
2026-04-18T15:56:08,04/18/202603:56,144.02,0.6799999999999999,97.9336,54.57000000000001,1.21,66.0297,65.4,0.5,10.0,198.7,23775.0,44978.0,20.8,17.2,26.0,30.21,11.62,1.0,850.0,6.3,0.6742292737119845
2026-04-18T15:57:33,04/18/202603:57,144.03,0.6599999999999999,95.0598,54.57000000000001,1.15,62.755500000000005,62.2,0.5,10.0,198.7,23775.0,44978.0,20.8,17.2,26.0,30.21,11.62,1.0,850.0,6.3,0.6601686517329093
2026-04-18T15:58:00,04/18/202603:58,144.01,0.65,93.6065,54.57000000000001,1.1400000000000001,62.209800000000016,61.7,0.5,10.0,198.7,23775.0,44978.0,20.8,17.2,26.0,30.21,11.62,1.0,850.0,6.3,0.66458846340799
2026-04-18T15:58:08,04/18/202603:58,143.94,0.65,93.561,54.57000000000001,1.17,63.846900000000005,63.3,0.5,10.0,198.7,23775.0,44978.0,20.8,17.2,26.0,30.21,11.62,1.0,850.0,6.3,0.6824093372238432
2026-04-18T15:59:01,04/18/202603:59,143.9,0.65,93.53500000000001,54.57000000000001,1.1800000000000002,64.39260000000002,63.8,0.5,10.0,198.7,23775.0,44978.0,20.8,17.2,26.0,30.21,11.62,1.0,850.0,6.3,0.6884332068209762
2026-04-18T15:59:08,04/18/202603:59,143.82999999999998,0.65,93.48949999999999,54.58,1.2,65.496,64.9,0.5,10.0,198.7,23775.0,44978.0,20.8,17.2,26.0,30.21,11.62,1.0,850.0,6.3,0.7005706523192444
2026-04-18T16:00:01,04/18/202604:00,143.76,0.6599999999999999,94.88159999999998,54.589999999999996,1.23,67.14569999999999,66.6,0.5,10.0,198.7,23775.0,44978.0,20.8,17.2,26.0,30.21,11.62,1.0,850.0,6.3,0.7076788334092174
2026-04-18T16:00:09,04/18/202604:00,143.68,0.6599999999999999,94.82879999999999,54.589999999999996,1.23,67.14569999999999,66.7,0.5,10.0,198.7,23775.0,44978.0,20.8,17.2,26.0,30.21,11.62,1.0,850.0,6.3,0.7080728639400689
2026-04-18T16:01:01,04/18/202604:01,143.62,0.65,93.35300000000001,54.6,1.2,65.52,65.1,0.5,10.0,198.7,23775.0,44978.0,20.8,17.2,26.0,30.21,11.62,1.0,850.0,6.3,0.7018521097340202
2026-04-18T16:01:08,04/18/202604:01,143.63,0.6399999999999999,91.92319999999998,54.61,1.17,63.893699999999995,63.5,0.5,10.0,198.7,23775.0,44978.0,20.8,17.21,26.0,30.21,11.62,1.1,846.0,6.279999999999999,0.6950769773027919
2026-04-18T16:02:01,04/18/202604:02,143.62,0.6399999999999999,91.9168,54.620000000000005,1.16,63.3592,63.0,0.5,10.0,198.7,23775.0,44978.0,20.8,17.22,26.0,30.21,11.62,1.2,842.0,6.26,0.6893103328227267
2026-04-18T16:02:09,04/18/202604:02,143.60999999999999,0.6599999999999999,94.78259999999997,54.620000000000005,1.2,65.544,65.1,0.5,10.0,198.7,23775.0,44978.0,20.8,17.23,26.0,30.21,11.62,1.3,838.0,6.24,0.6915193294971863
2026-04-18T16:03:00,04/18/202604:03,143.6,0.6799999999999999,97.64799999999998,54.620000000000005,1.24,67.7288,67.2,0.5,10.0,198.7,23775.0,44978.0,20.8,17.240000000000002,26.0,30.21,11.62,1.4,834.0,6.22,0.69360150745535
2026-04-18T16:03:09,04/18/202604:03,143.67000000000002,0.67,96.25890000000001,54.61,1.2200000000000002,66.62420000000002,66.1,0.5,10.0,198.7,23775.0,44978.0,20.8,17.25,26.0,30.21,11.62,1.5,830.0,6.2,0.6921354804594693
2026-04-18T16:04:01,04/18/202604:04,143.74,0.6599999999999999,94.8684,54.6,1.2,65.52,65.0,0.5,10.0,198.7,23775.0,44978.0,20.8,17.259999999999998,26.0,30.21,11.62,1.6,826.0,6.18,0.6906409299619262
2026-04-18T16:04:08,04/18/202604:04,143.88,0.65,93.522,54.589999999999996,1.15,62.778499999999994,62.3,0.5,10.0,198.7,23775.0,44978.0,20.9,17.27,26.0,30.21,11.62,1.7,822.0,6.159999999999999,0.671269861636834
2026-04-18T16:05:01,04/18/202604:05,144.02,0.64,92.17280000000001,54.58,1.1,60.038000000000004,59.6,0.5,10.0,198.7,23775.0,44978.0,20.9,17.28,26.0,30.21,11.62,1.8,818.0,6.14,0.6513635258991807
2026-04-18T16:05:09,04/18/202604:05,144.13,0.65,93.6845,54.58,1.12,61.1296,60.6,0.5,10.0,198.7,23775.0,44978.0,20.8,17.29,26.0,30.21,11.62,1.9,814.0,6.119999999999999,0.6525049501251542
2026-04-18T16:06:00,04/18/202604:06,144.24,0.6599999999999999,95.19839999999999,54.58,1.1400000000000001,62.2212,61.6,0.5,10.0,198.7,23775.0,44978.0,20.8,17.3,26.0,30.21,11.62,2.0,810.0,6.1,0.6535950184036707
2026-04-18T16:06:08,04/18/202604:06,144.28,0.67,96.66760000000001,54.58,1.15,62.766999999999996,62.1,0.5,10.0,198.7,23775.0,44978.0,20.8,17.3,26.0,30.21,11.62,2.0,810.0,6.1,0.6493075239273551
2026-04-18T16:07:01,04/18/202604:07,144.32,0.6799999999999999,98.13759999999999,54.58,1.16,63.312799999999996,62.6,0.5,10.0,198.7,23775.0,44978.0,20.8,17.3,26.0,30.21,11.62,2.0,810.0,6.1,0.6451431459501761
2026-04-18T16:07:09,04/18/202604:07,144.34,0.6699999999999999,96.70779999999999,54.57000000000001,1.1400000000000001,62.209800000000016,61.6,0.5,10.0,198.7,23775.0,44978.0,20.8,17.3,26.0,30.21,11.62,2.0,810.0,6.1,0.643275930173161
2026-04-18T16:08:45,04/18/202604:08,144.37,0.65,93.8405,54.56,1.12,61.107200000000006,60.6,0.5,10.0,198.7,23775.0,44978.0,20.8,17.3,26.0,30.21,11.62,2.0,810.0,6.1,0.651181526100138
2026-04-18T16:09:01,04/18/202604:09,144.37,0.65,93.8405,54.56,1.12,61.107200000000006,60.7,0.5,10.0,198.7,23775.0,44978.0,20.8,17.3,26.0,30.21,11.62,2.0,810.0,6.1,0.651181526100138
2026-04-18T16:10:01,04/18/202604:10,144.37,0.65,93.8405,54.57000000000001,1.12,61.118400000000015,60.8,0.5,10.0,198.7,23775.0,44978.0,20.8,17.3,26.0,30.21,11.62,2.0,810.0,6.1,0.6513008775528691
2026-04-18T16:10:02,04/18/202604:10,144.34,0.6599999999999999,95.2644,54.56,1.16,63.2896,62.9,0.5,10.0,198.7,23775.0,44978.0,20.9,17.3,26.0,30.21,11.62,2.0,810.0,6.1,0.6643573045124936
2026-04-18T16:11:00,04/18/202604:11,144.31,0.6699999999999999,96.68769999999999,54.55,1.2,65.46,65.0,0.5,10.0,198.7,23775.0,44978.0,20.9,17.3,26.0,30.21,11.62,2.0,810.0,6.1,0.6770251024690834
2026-04-18T16:11:01,04/18/202604:11,144.31,0.6699999999999999,96.68769999999999,54.55,1.2,65.46,64.5,0.5,10.0,198.7,23775.0,44978.0,20.8,17.3,26.0,30.21,11.62,2.0,810.0,6.1,0.6770251024690834
2026-04-18T16:12:01,04/18/202604:12,144.31,0.6699999999999999,96.68769999999999,54.55,1.2,65.46,64.0,0.5,10.0,198.7,23775.0,44978.0,20.8,17.3,26.0,30.21,11.62,2.0,810.0,6.1,0.6770251024690834
2026-04-18T16:12:02,04/18/202604:12,144.32,0.6599999999999999,95.25119999999998,54.55,1.1700000000000002,63.8235,62.4,0.5,10.0,198.7,23775.0,44978.0,20.8,17.3,26.0,30.21,11.62,2.0,810.0,6.1,0.6700545504938522
2026-04-18T16:12:05,04/18/202604:12,144.33,0.6599999999999999,95.2578,54.55,1.15,62.732499999999995,61.3,0.5,10.0,198.7,23775.0,44978.0,20.9,17.3,26.0,30.21,11.62,2.0,810.0,6.1,0.6585549949715404
2026-04-18T16:13:01,04/18/202604:13,144.35,0.6599999999999999,95.27099999999999,54.56,1.1400000000000001,62.19840000000001,60.7,0.5,10.0,198.7,23775.0,44978.0,20.9,17.3,26.0,30.21,11.62,2.0,810.0,6.1,0.6528576376861795
2026-04-18T16:13:05,04/18/202604:13,144.32,0.6799999999999999,98.13759999999999,54.57000000000001,1.1700000000000002,63.84690000000002,62.3,0.5,10.0,198.7,23775.0,44978.0,20.8,17.3,26.0,30.21,11.62,2.0,810.0,6.1,0.6505855044345901
2026-04-18T16:14:01,04/18/202604:14,144.29000000000002,0.7,101.00300000000001,54.58,1.2,65.496,63.9,0.5,10.0,198.7,23775.0,44978.0,20.8,17.3,26.0,30.21,11.62,2.0,810.0,6.1,0.6484559864558477
2026-04-18T16:14:05,04/18/202604:14,144.28,0.71,102.4388,54.58,1.23,67.1334,65.5,0.5,10.0,198.7,23775.0,44978.0,20.8,17.3,26.0,30.21,11.62,2.0,810.0,6.1,0.6553512926742601
2026-04-18T16:15:01,04/18/202604:15,144.26,0.71,102.42459999999998,54.589999999999996,1.24,67.6916,66.1,0.5,10.0,198.7,23775.0,44978.0,20.8,17.3,26.0,30.21,11.62,2.0,810.0,6.1,0.6608920122704898
2026-04-18T16:15:05,04/18/202604:15,144.25,0.71,102.41749999999999,54.6,1.24,67.70400000000001,66.1,0.5,10.0,198.7,23775.0,44978.0,20.8,17.3,26.0,30.21,11.62,2.0,810.0,6.1,0.6610589010667124
2026-04-18T16:16:00,04/18/202604:16,144.25,0.71,102.41749999999999,54.6,1.24,67.70400000000001,66.6,0.5,10.0,198.7,23775.0,44978.0,20.8,17.3,26.0,30.21,11.62,2.0,810.0,6.1,0.6610589010667124
2026-04-18T16:16:05,04/18/202604:16,144.25,0.71,102.41749999999999,54.6,1.22,66.612,66.0,0.5,10.0,198.7,23775.0,44978.0,20.8,17.29,26.0,30.21,11.663,37.8,806.0,6.06,0.6503966607269266
2026-04-18T16:17:01,04/18/202604:17,144.24,0.72,103.8528,54.6,1.24,67.70400000000001,67.0,0.5,10.0,198.7,23775.0,44978.0,20.8,17.28,26.0,30.21,11.706,73.6,802.0,6.02,0.6519227213902755
2026-04-18T16:17:05,04/18/202604:17,144.25,0.71,102.41749999999999,54.6,1.24,67.70400000000001,67.0,0.5,10.0,198.7,23775.0,44978.0,20.8,17.27,26.0,30.21,11.748999999999999,109.4,798.0,5.9799999999999995,0.6610589010667124
2026-04-18T16:18:01,04/18/202604:18,144.26,0.7,100.98199999999999,54.6,1.24,67.70400000000001,67.0,0.5,10.0,198.7,23775.0,44978.0,20.8,17.259999999999998,26.0,30.21,11.792,145.2,794.0,5.9399999999999995,0.6704561208928326
2026-04-18T16:18:06,04/18/202604:18,144.32,0.6799999999999999,98.13759999999999,54.6,1.2,65.52,64.8,0.5,10.0,198.7,23775.0,44978.0,20.9,17.25,26.0,30.21,11.834999999999999,181.0,790.0,5.9,0.6676340159123516
2026-04-18T16:18:07,04/18/202604:18,144.37,0.6599999999999999,95.2842,54.6,1.17,63.882,63.1,0.5,10.0,198.7,23775.0,44978.0,20.8,17.240000000000002,26.0,30.21,11.878,216.8,786.0,5.86,0.670436441718564
2026-04-18T16:19:57,04/18/202604:19,144.39000000000001,0.65,93.85350000000001,54.589999999999996,1.15,62.778499999999994,62.0,0.5,10.0,198.7,23775.0,44978.0,20.8,17.23,26.0,30.21,11.921000000000001,252.6,782.0,5.82,0.668898868981977
2026-04-18T16:20:01,04/18/202604:20,144.41000000000003,0.6399999999999999,92.4224,54.58,1.1300000000000001,61.6754,60.9,0.5,10.0,198.7,23775.0,44978.0,20.8,17.22,26.0,30.21,11.964,288.4,778.0,5.779999999999999,0.6673209092168133
2026-04-18T16:20:07,04/18/202604:20,144.41000000000003,0.63,90.97830000000002,54.57000000000001,1.1099999999999999,60.572700000000005,59.9,0.5,10.0,198.7,23775.0,44978.0,20.8,17.21,26.0,30.21,12.007000000000001,324.2,774.0,5.74,0.6657928319170614
2026-04-18T16:21:00,04/18/202604:21,144.41000000000003,0.6199999999999999,89.5342,54.56,1.09,59.470400000000005,58.9,0.5,10.0,198.7,23775.0,44978.0,20.8,17.2,26.0,30.21,12.05,360.0,770.0,5.7,0.6642199293677724
2026-04-18T16:21:07,04/18/202604:21,144.35,0.65,93.8275,54.56,1.15,62.744,62.2,0.5,10.0,198.7,23775.0,44978.0,20.8,17.2,26.0,30.21,12.05,360.0,770.0,5.7,0.6687165276704591
2026-04-18T16:22:00,04/18/202604:22,144.29000000000002,0.6799999999999999,98.11720000000001,54.56,1.21,66.0176,65.5,0.5,10.0,198.7,23775.0,44978.0,20.8,17.2,26.0,30.21,12.05,360.0,770.0,5.7,0.67284431271989
2026-04-18T16:22:06,04/18/202604:22,144.27,0.6799999999999999,98.1036,54.56,1.21,66.0176,65.5,0.5,10.0,198.7,23775.0,44978.0,20.8,17.2,26.0,30.21,12.05,360.0,770.0,5.7,0.6729375884269283
2026-04-18T16:23:01,04/18/202604:23,144.25,0.6799999999999999,98.08999999999999,54.56,1.21,66.0176,65.5,0.5,10.0,198.7,23775.0,44978.0,20.8,17.2,26.0,30.21,12.05,360.0,770.0,5.7,0.6730308899989806
2026-04-18T16:23:07,04/18/202604:23,144.19,0.69,99.49109999999999,54.55,1.23,67.09649999999999,66.6,0.5,10.0,198.7,23775.0,44978.0,20.9,17.2,26.0,30.21,12.05,360.0,770.0,5.7,0.6743970063653935
2026-04-18T16:24:00,04/18/202604:24,144.14000000000001,0.7,100.89800000000001,54.54,1.24,67.6296,67.2,0.5,10.0,198.7,23775.0,44978.0,20.9,17.2,26.0,30.21,12.05,360.0,770.0,5.7,0.6702769133184007
2026-04-18T16:24:07,04/18/202604:24,144.07999999999998,0.71,102.29679999999999,54.55,1.25,68.1875,67.7,0.5,10.0,198.7,23775.0,44978.0,20.9,17.2,26.0,30.21,12.05,360.0,770.0,5.7,0.6665653275566783
2026-04-18T16:25:01,04/18/202604:25,144.02,0.72,103.6944,54.56,1.26,68.74560000000001,68.2,0.5,10.0,198.7,23775.0,44978.0,20.9,17.2,26.0,30.21,12.05,360.0,770.0,5.7,0.6629634772948203
2026-04-18T16:25:06,04/18/202604:25,143.94,0.73,105.0762,54.56,1.28,69.83680000000001,68.7,0.5,10.0,198.7,23775.0,44978.0,20.8,17.2,26.0,30.21,12.05,360.0,770.0,5.7,0.6646300494307942
2026-04-18T16:26:01,04/18/202604:26,143.85999999999999,0.74,106.45639999999999,54.56,1.3,70.92800000000001,69.2,0.5,10.0,198.7,23775.0,44978.0,20.8,17.2,26.0,30.21,12.05,360.0,770.0,5.7,0.6662633716714075
2026-04-18T16:26:07,04/18/202604:26,143.79000000000002,0.72,103.5288,54.56,1.28,69.83680000000001,68.1,0.5,10.0,198.7,23775.0,44978.0,20.9,17.2,26.0,30.21,12.05,360.0,770.0,5.7,0.6745639860599177
2026-04-18T16:27:00,04/18/202604:27,143.72,0.7,100.604,54.56,1.26,68.74560000000001,67.0,0.5,10.0,198.7,23775.0,44978.0,20.9,17.2,26.0,30.21,12.05,360.0,770.0,5.7,0.6833286946841081
2026-04-18T16:27:06,04/18/202604:27,143.60999999999999,0.69,99.09089999999998,54.55,1.22,66.551,64.8,0.5,10.0,198.7,23775.0,44978.0,20.9,17.2,26.0,30.21,12.05,360.0,770.0,5.7,0.6716156579463908
2026-04-18T16:27:59,04/18/202604:27,143.42000000000002,0.7,100.394,54.56,1.26,68.74560000000001,67.0,0.5,10.0,198.7,23775.0,44978.0,20.9,17.2,26.0,30.21,12.05,360.0,770.0,5.7,0.6847580532701159
2026-04-18T16:28:01,04/18/202604:28,143.26,0.7,100.28199999999998,54.58,1.28,69.8624,68.1,0.5,10.0,198.7,23775.0,44978.0,20.9,17.2,26.0,30.21,12.05,360.0,770.0,5.7,0.6966594204343751
2026-04-18T16:28:58,04/18/202604:28,143.1,0.69,98.73899999999999,54.589999999999996,1.28,69.87519999999999,68.1,0.5,10.0,198.7,23775.0,44978.0,20.8,17.2,26.0,30.21,12.05,360.0,770.0,5.7,0.7076757917337627
2026-04-18T16:29:00,04/18/202604:29,142.95999999999998,0.6799999999999999,97.21279999999997,54.589999999999996,1.27,69.32929999999999,67.6,0.5,10.0,198.7,23775.0,44978.0,20.8,17.2,26.0,30.21,12.05,360.0,770.0,5.7,0.7131704878369928
2026-04-18T16:31:09,04/18/202604:31,142.89000000000001,0.6799999999999999,97.1652,54.589999999999996,1.25,68.2375,66.5,0.5,11.0,198.7,23775.0,44978.0,20.9,17.229999999999997,26.0,30.21,12.038,359.5,766.0,5.66,0.7022833277757881
2026-04-18T16:31:59,04/18/202604:31,142.9,0.6799999999999999,97.172,54.6,1.26,68.796,67.6,0.5,11.0,198.7,23775.0,44978.0,20.9,17.259999999999998,26.0,30.21,12.026,359.0,762.0,5.62,0.7079817231301199
2026-04-18T16:32:00,04/18/202604:32,142.91,0.6799999999999999,97.1788,54.61,1.27,69.3547,68.7,0.5,11.0,198.7,23775.0,44978.0,20.9,17.29,26.0,30.21,12.014,358.5,758.0,5.58,0.7136813790662161
2026-04-18T16:32:59,04/18/202604:32,143.01,0.6799999999999999,97.24679999999998,54.61,1.27,69.3547,68.7,0.6,11.0,198.7,23775.0,44978.0,20.8,17.32,26.0,30.21,12.002,358.0,754.0,5.54,0.7131823360768684
2026-04-18T16:33:01,04/18/202604:33,143.10999999999999,0.6799999999999999,97.31479999999998,54.61,1.27,69.3547,68.7,0.6,11.0,198.7,23775.0,44978.0,20.8,17.35,26.0,30.21,11.99,357.5,750.0,5.5,0.7126839905132623
2026-04-18T16:33:59,04/18/202604:33,143.26,0.7,100.28199999999998,54.620000000000005,1.35,73.73700000000001,73.1,0.6,11.0,198.7,23775.0,44978.0,20.9,17.380000000000003,26.0,30.21,11.978,357.0,746.0,5.46,0.7352964639716003
2026-04-18T16:34:00,04/18/202604:34,143.49,0.7,100.443,54.61,1.35,73.7235,73.1,0.6,11.0,198.7,23775.0,44978.0,20.9,17.41,26.0,30.21,11.966,356.5,742.0,5.42,0.7339834533018728
2026-04-18T16:34:59,04/18/202604:34,143.7,0.71,102.02699999999999,54.6,1.3599999999999999,74.256,73.6,0.6,11.0,198.7,23775.0,44978.0,20.9,17.44,25.8,30.21,11.953999999999999,356.0,738.0,5.38,0.7278073451145286
2026-04-18T16:35:00,04/18/202604:35,143.91,0.73,105.0543,54.6,1.3900000000000001,75.894,75.2,0.6,11.0,198.7,23775.0,44978.0,20.9,17.47,25.6,30.21,11.942,355.5,734.0,5.34,0.7224264023462154
2026-04-18T16:35:58,04/18/202604:35,144.15,0.74,106.671,54.589999999999996,1.3900000000000001,75.8801,75.2,0.6,11.0,198.7,23775.0,44978.0,20.9,17.5,25.4,30.21,11.93,355.0,730.0,5.3,0.7113470390265395
2026-04-18T16:36:01,04/18/202604:36,144.32,0.74,106.79679999999999,54.58,1.4,76.41199999999999,75.8,0.6,11.0,198.7,23775.0,44978.0,20.9,17.5,25.2,30.21,11.93,355.0,730.0,5.3,0.7154896026847246
2026-04-18T16:36:58,04/18/202604:36,144.43,0.73,105.43390000000001,54.58,1.3900000000000001,75.8662,74.1,0.6,11.0,198.7,23775.0,44978.0,20.9,17.5,25.0,30.21,11.93,355.0,730.0,5.3,0.7195617348879251
2026-04-18T16:37:00,04/18/202604:37,144.54000000000002,0.72,104.06880000000001,54.58,1.3800000000000001,75.3204,72.4,0.6,11.0,198.7,23775.0,44978.0,20.9,17.5,24.8,30.21,11.93,355.0,730.0,5.3,0.7237558230708916
2026-04-18T16:37:59,04/18/202604:37,144.60999999999999,0.71,102.67309999999999,54.58,1.35,73.683,70.8,0.6,11.0,198.7,23775.0,44978.0,20.9,17.5,24.6,30.21,11.93,355.0,730.0,5.3,0.7176465890286746
2026-04-18T16:38:00,04/18/202604:38,144.68,0.7,101.276,54.58,1.3199999999999998,72.0456,69.2,0.6,11.0,198.7,23775.0,44978.0,20.9,17.5,24.4,30.21,11.93,355.0,730.0,5.3,0.7113788064299538
2026-04-18T16:38:58,04/18/202604:38,144.68,0.6799999999999999,98.38239999999999,54.58,1.27,69.3166,66.5,0.6,11.0,198.7,23775.0,44978.0,20.9,17.5,24.2,30.21,11.93,355.0,730.0,5.3,0.7045630112703085
2026-04-18T16:39:00,04/18/202604:39,144.68,0.6599999999999999,95.4888,54.58,1.22,66.5876,63.8,0.6,11.0,198.7,23775.0,44978.0,20.9,17.5,24.0,30.21,11.93,355.0,730.0,5.3,0.6973341376161393
2026-04-18T16:40:19,04/18/202604:40,144.69,0.65,94.0485,54.58,1.1800000000000002,64.40440000000001,61.6,0.6,11.0,198.7,23775.0,44978.0,20.8,17.5,24.0,30.21,11.93,355.0,730.0,5.3,0.6847998639000091
2026-04-18T16:41:01,04/18/202604:41,144.7,0.6399999999999999,92.60799999999998,54.58,1.1400000000000001,62.2212,59.4,0.6,11.0,198.7,23775.0,44978.0,20.8,17.5,24.0,30.21,11.93,355.0,730.0,5.3,0.671877159640636
2026-04-18T16:42:19,04/18/202604:42,144.7,0.6399999999999999,92.60799999999998,54.589999999999996,1.15,62.778499999999994,59.9,0.6,11.0,198.7,23775.0,44978.0,20.8,17.5,24.0,30.21,11.93,355.0,730.0,5.3,0.6778949982722876
2026-04-18T16:43:00,04/18/202604:43,144.7,0.6399999999999999,92.60799999999998,54.6,1.16,63.336,60.4,0.6,11.0,198.7,23775.0,44978.0,20.8,17.5,24.0,30.21,11.93,355.0,730.0,5.3,0.6839149965445751
2026-04-18T16:43:20,04/18/202604:43,144.69,0.6399999999999999,92.60159999999999,54.589999999999996,1.15,62.778499999999994,61.0,0.6,11.0,198.7,23775.0,44978.0,20.9,17.5,24.0,30.21,11.93,355.0,730.0,5.3,0.6779418498168498
2026-04-18T16:44:01,04/18/202604:44,144.68,0.6399999999999999,92.59519999999999,54.58,1.1400000000000001,62.2212,61.6,0.6,11.0,198.7,23775.0,44978.0,20.9,17.5,24.0,30.21,11.93,355.0,730.0,5.3,0.671970037323749
2026-04-18T16:44:20,04/18/202604:44,144.67000000000002,0.63,91.14210000000001,54.57000000000001,1.1,60.027000000000015,59.4,0.6,11.0,198.7,23775.0,44978.0,20.9,17.5,24.0,30.21,11.93,355.0,730.0,5.3,0.6586089194784848
2026-04-18T16:45:00,04/18/202604:45,144.66,0.6199999999999999,89.68919999999999,54.56,1.06,57.833600000000004,57.2,0.6,11.0,198.7,23775.0,44978.0,20.9,17.5,24.0,30.21,11.93,355.0,730.0,5.3,0.6448223420434123
2026-04-18T16:45:20,04/18/202604:45,144.63,0.6399999999999999,92.56319999999998,54.55,1.08,58.914,58.2,0.6,11.0,198.7,23775.0,44978.0,20.9,17.5,24.0,30.21,11.93,355.0,730.0,5.3,0.6364732420659616
2026-04-18T16:46:43,04/18/202604:46,144.64000000000001,0.6399999999999999,92.5696,54.55,1.07,58.3685,57.6,0.6,11.0,198.7,23775.0,44978.0,20.9,17.509999999999998,23.9,30.21,12.023,354.8,725.4,5.26,0.6305363747925885
2026-04-18T16:47:00,04/18/202604:47,144.66,0.6199999999999999,89.68919999999999,54.55,1.04,56.732,56.0,0.6,11.0,198.7,23775.0,44978.0,20.9,17.52,23.8,30.21,12.116,354.6,720.8,5.220000000000001,0.6325399267693325
2026-04-18T16:47:44,04/18/202604:47,144.65,0.6199999999999999,89.68299999999999,54.54,1.06,57.812400000000004,57.1,0.6,11.0,198.7,23775.0,44978.0,20.9,17.53,23.7,30.21,12.209,354.4,716.2,5.18,0.6446305319848802
2026-04-18T16:48:00,04/18/202604:48,144.62,0.6199999999999999,89.66439999999999,54.529999999999994,1.06,57.8018,57.1,0.6,11.0,198.7,23775.0,44978.0,20.9,17.54,23.6,30.21,12.302,354.2,711.6,5.14,0.6446460356618682
2026-04-18T16:48:43,04/18/202604:48,144.6,0.61,88.20599999999999,54.52,1.04,56.70080000000001,56.6,0.6,11.0,198.7,23775.0,44978.0,20.9,17.55,23.5,30.21,12.395,354.0,707.0,5.1,0.6428224837312656
2026-04-18T16:49:01,04/18/202604:49,144.6,0.61,88.20599999999999,54.52,1.03,56.15560000000001,56.6,0.6,11.0,198.7,23775.0,44978.0,20.9,17.560000000000002,23.4,30.21,12.488,353.8,702.4,5.0600000000000005,0.6366414983107727
2026-04-18T16:49:44,04/18/202604:49,144.57,0.6199999999999999,89.63339999999998,54.52,1.0,54.52,55.0,0.6,11.0,198.7,23775.0,44978.0,20.9,17.57,23.3,30.21,12.581,353.6,697.8,5.0200000000000005,0.6082554047933026
2026-04-18T16:50:00,04/18/202604:50,144.54000000000002,0.63,91.06020000000001,54.52,1.0100000000000002,55.06520000000002,55.6,0.6,11.0,198.7,23775.0,44978.0,20.9,17.580000000000002,23.2,30.21,12.674,353.4,693.2,4.98,0.6047120476344222
2026-04-18T16:50:44,04/18/202604:50,144.47,0.6399999999999999,92.46079999999999,54.52,1.05,57.246,57.8,0.6,11.0,198.7,23775.0,44978.0,20.9,17.59,23.1,30.21,12.767,353.2,688.6,4.94,0.6191380563438778
2026-04-18T16:51:00,04/18/202604:51,144.42000000000002,0.6399999999999999,92.4288,54.52,1.06,57.7912,58.4,0.6,11.0,198.7,23775.0,44978.0,20.9,17.6,23.0,30.21,12.86,353.0,684.0,4.9,0.6252510040160644
2026-04-18T16:52:00,04/18/202604:52,144.32999999999998,0.6599999999999999,95.25779999999997,54.510000000000005,1.1,59.96100000000001,60.6,0.6,11.0,198.7,23775.0,44978.0,20.9,17.6,23.0,30.21,12.86,353.0,684.0,4.9,0.6294602646712398
2026-04-18T16:54:19,04/18/202604:54,144.17000000000002,0.6799999999999999,98.0356,54.5,1.1099999999999999,60.49499999999999,61.2,0.6,11.0,198.7,23775.0,44978.0,20.9,17.6,23.0,30.21,12.86,353.0,684.0,4.9,0.6170717576064204
2026-04-18T16:55:00,04/18/202604:55,144.04000000000002,0.6799999999999999,97.94720000000001,54.5,1.0699999999999998,58.31499999999999,59.1,0.6,11.0,198.7,23775.0,44978.0,20.9,17.6,23.0,30.21,12.86,353.0,684.0,4.9,0.5953717921492394
2026-04-18T16:55:20,04/18/202604:55,143.95,0.6799999999999999,97.88599999999998,54.5,1.06,57.77,58.6,0.6,11.0,198.7,23775.0,44978.0,20.9,17.6,23.0,30.21,12.86,353.0,684.0,4.9,0.5901763275647183
2026-04-18T16:56:39,04/18/202604:56,143.85999999999999,0.6799999999999999,97.82479999999998,54.5,1.0699999999999998,58.31499999999999,58.6,0.6,11.0,198.7,23775.0,44978.0,20.9,17.6,23.0,30.21,12.86,353.0,684.0,4.9,0.596116731135663
2026-04-18T16:57:00,04/18/202604:57,143.77,0.6799999999999999,97.7636,54.5,1.08,58.86000000000001,58.6,0.6,11.0,198.7,23775.0,44978.0,20.9,17.6,23.0,30.21,12.86,353.0,684.0,4.9,0.6020645720902259
2026-04-18T16:57:39,04/18/202604:57,143.72,0.6699999999999999,96.29239999999999,54.5,1.1,59.95,59.6,0.6,11.0,198.7,23775.0,44978.0,20.9,17.6,23.0,30.21,12.86,353.0,684.0,4.9,0.6225828829689571
2026-04-18T16:58:00,04/18/202604:58,143.67000000000002,0.6599999999999999,94.8222,54.5,1.1199999999999999,61.03999999999999,60.6,0.6,11.0,198.7,23775.0,44978.0,20.9,17.6,23.0,30.21,12.86,353.0,684.0,4.9,0.6437311093815583
2026-04-18T16:58:39,04/18/202604:58,143.67000000000002,0.6399999999999999,91.94879999999999,54.510000000000005,1.06,57.78060000000001,57.3,0.6,11.0,198.7,23775.0,44978.0,20.9,17.6,23.0,30.21,12.86,353.0,684.0,4.9,0.6283997181039884
2026-04-18T16:59:00,04/18/202604:59,143.67000000000002,0.6199999999999999,89.07539999999999,54.52,1.0,54.52,54.0,0.6,11.0,198.7,23775.0,44978.0,20.9,17.6,23.0,30.21,12.86,353.0,684.0,4.9,0.6120657330755743
2026-04-18T16:59:38,04/18/202604:59,143.64000000000001,0.6199999999999999,89.0568,54.52,0.99,53.9748,54.0,0.6,11.0,198.7,23775.0,44978.0,20.9,17.6,23.0,30.21,12.86,353.0,684.0,4.9,0.6060716306896273
2026-04-18T17:00:01,04/18/202605:00,143.68,0.6199999999999999,89.0816,54.52,1.01,55.065200000000004,55.6,0.6,11.0,198.7,23775.0,44978.0,20.9,17.6,23.0,30.21,12.86,353.0,684.0,4.9,0.6181433651842806
2026-04-18T17:00:39,04/18/202605:00,143.74,0.61,87.68140000000001,54.52,1.03,56.15560000000001,56.6,0.6,11.0,198.7,23775.0,44978.0,20.9,17.6,23.0,30.21,12.86,353.0,684.0,4.9,0.6404505402514102
2026-04-18T17:01:00,04/18/202605:01,143.76,0.6,86.25599999999999,54.52,1.02,55.610400000000006,56.0,0.6,11.0,198.7,23775.0,44978.0,20.9,17.6,23.0,30.21,12.86,353.0,684.0,4.9,0.6447134112409573
2026-04-18T17:01:39,04/18/202605:01,143.78,0.61,87.7058,54.52,1.02,55.610400000000006,56.0,0.6,11.0,198.7,23775.0,44978.0,20.9,17.59,23.0,30.21,12.885,352.8,679.1,4.87,0.6340561285570625
2026-04-18T17:02:00,04/18/202605:02,143.8,0.6199999999999999,89.15599999999999,54.52,1.02,55.610400000000006,56.0,0.6,11.0,198.7,23775.0,44978.0,20.9,17.580000000000002,23.0,30.21,12.91,352.6,674.2,4.840000000000001,0.6237426533267533
2026-04-18T17:02:39,04/18/202605:02,143.82999999999998,0.6199999999999999,89.17459999999997,54.52,1.02,55.610400000000006,56.0,0.6,11.0,198.7,23775.0,44978.0,20.9,17.57,23.0,30.21,12.934999999999999,352.4,669.3,4.8100000000000005,0.6236125533503938
2026-04-18T17:03:00,04/18/202605:03,143.85999999999999,0.6199999999999999,89.19319999999998,54.52,1.02,55.610400000000006,56.0,0.6,11.0,198.7,23775.0,44978.0,20.9,17.560000000000002,23.0,30.21,12.959999999999999,352.2,664.4,4.779999999999999,0.6234825076351114
2026-04-18T17:04:42,04/18/202605:04,143.82,0.6399999999999999,92.04479999999998,54.510000000000005,1.07,58.32570000000001,58.7,0.6,11.0,198.7,23775.0,44978.0,20.9,17.55,23.0,30.21,12.985,352.0,659.5,4.75,0.6336664319983315
2026-04-18T17:05:01,04/18/202605:05,143.78,0.6599999999999999,94.89479999999999,54.5,1.12,61.040000000000006,61.4,0.6,11.0,198.7,23775.0,44978.0,20.9,17.54,23.0,30.21,13.01,351.8,654.6,4.720000000000001,0.6432386179221624
2026-04-18T17:05:39,04/18/202605:05,143.77,0.65,93.4505,54.5,1.1,59.95,59.8,0.6,11.0,198.7,23775.0,44978.0,20.9,17.53,23.0,30.21,13.035,351.6,649.7,4.6899999999999995,0.6415160967571067
2026-04-18T17:06:00,04/18/202605:06,143.76,0.6399999999999999,92.00639999999999,54.5,1.08,58.86000000000001,58.2,0.6,11.0,198.7,23775.0,44978.0,20.9,17.52,23.0,30.21,13.059999999999999,351.4,644.8,4.659999999999999,0.6397381051752923
2026-04-18T17:06:39,04/18/202605:06,143.69,0.6399999999999999,91.96159999999999,54.5,1.09,59.405,58.8,0.6,11.0,198.7,23775.0,44978.0,20.9,17.509999999999998,23.0,30.21,13.084999999999999,351.2,639.9,4.63,0.645976146565523
2026-04-18T17:07:00,04/18/202605:07,143.62,0.6399999999999999,91.9168,54.5,1.1,59.95,59.4,0.6,11.0,198.7,23775.0,44978.0,20.9,17.5,23.0,30.21,13.11,351.0,635.0,4.6,0.6522202687647961
2026-04-18T17:07:39,04/18/202605:07,143.52,0.63,90.41760000000001,54.489999999999995,1.09,59.3941,58.8,0.6,11.0,198.7,23775.0,44978.0,20.9,17.5,23.0,30.21,13.11,351.0,635.0,4.6,0.6568864911256215
2026-04-18T17:08:00,04/18/202605:08,143.42000000000002,0.6199999999999999,88.92039999999999,54.48,1.08,58.8384,58.2,0.6,11.0,198.7,23775.0,44978.0,20.9,17.5,23.0,30.21,13.11,351.0,635.0,4.6,0.6616974282616813
2026-04-18T17:08:39,04/18/202605:08,143.26,0.6199999999999999,88.82119999999998,54.48,1.05,57.204,56.6,0.6,11.0,198.7,23775.0,44978.0,20.9,17.5,23.0,30.21,13.11,351.0,635.0,4.6,0.6440354329822161
2026-04-18T17:09:00,04/18/202605:09,143.1,0.6199999999999999,88.72199999999998,54.48,1.02,55.5696,55.0,0.6,11.0,198.7,23775.0,44978.0,20.9,17.5,23.0,30.21,13.11,351.0,635.0,4.6,0.6263339419760602
2026-04-18T17:09:38,04/18/202605:09,142.99,0.61,87.2239,54.48,1.01,55.0248,54.5,0.6,11.0,198.7,23775.0,44978.0,20.9,17.5,23.0,30.21,13.11,351.0,635.0,4.6,0.630845444883799
2026-04-18T17:10:00,04/18/202605:10,142.88,0.6,85.728,54.48,1.0,54.48,54.0,0.6,11.0,198.7,23775.0,44978.0,20.9,17.5,23.0,30.21,13.11,351.0,635.0,4.6,0.635498320268757
2026-04-18T17:10:39,04/18/202605:10,142.76,0.61,87.08359999999999,54.48,1.05,57.204,56.7,0.6,11.0,198.7,23775.0,44978.0,20.9,17.5,23.0,30.21,13.11,351.0,635.0,4.6,0.6568860267604923
2026-04-18T17:11:00,04/18/202605:11,142.64000000000001,0.6199999999999999,88.43679999999999,54.48,1.1,59.928000000000004,59.4,0.6,11.0,198.7,23775.0,44978.0,20.9,17.5,23.0,30.21,13.11,351.0,635.0,4.6,0.6776364590306299
2026-04-18T17:11:39,04/18/202605:11,142.61,0.6199999999999999,88.4182,54.489999999999995,1.1,59.939,59.4,0.6,11.0,198.7,23775.0,44978.0,20.9,17.5,23.0,30.21,13.11,351.0,635.0,4.6,0.6779034180745593
2026-04-18T17:12:00,04/18/202605:12,142.58,0.6199999999999999,88.39959999999999,54.5,1.1,59.95,59.4,0.6,11.0,198.7,23775.0,44978.0,20.9,17.5,23.0,30.21,13.11,351.0,635.0,4.6,0.6781704894592284
2026-04-18T17:12:39,04/18/202605:12,142.58,0.63,89.8254,54.510000000000005,1.1099999999999999,60.506099999999996,60.0,0.6,11.0,198.7,23775.0,44978.0,20.9,17.5,23.0,30.21,13.11,351.0,635.0,4.6,0.6735967777488326
2026-04-18T17:13:01,04/18/202605:13,142.58,0.6399999999999999,91.2512,54.52,1.1199999999999999,61.0624,60.6,0.6,11.0,198.7,23775.0,44978.0,20.9,17.5,23.0,30.21,13.11,351.0,635.0,4.6,0.6691681862813859
2026-04-18T17:13:25,04/18/202605:13,142.62,0.6599999999999999,94.1292,54.52,1.16,63.2432,62.8,0.6,11.0,198.7,23775.0,44978.0,20.9,17.5,23.0,30.21,13.11,351.0,635.0,4.6,0.6718765271562916
2026-04-18T17:14:00,04/18/202605:14,142.66000000000003,0.6799999999999999,97.00880000000001,54.52,1.2,65.424,65.0,0.6,11.0,198.7,23775.0,44978.0,20.9,17.5,23.0,30.21,13.11,351.0,635.0,4.6,0.6744130429404342
2026-04-18T17:14:24,04/18/202605:14,142.76000000000002,0.6799999999999999,97.0768,54.52,1.21,65.9692,65.5,0.6,11.0,198.7,23775.0,44978.0,20.9,17.5,23.0,30.21,13.11,351.0,635.0,4.6,0.6795568045094194
2026-04-18T17:15:54,04/18/202605:15,142.88000000000002,0.6799999999999999,97.1584,54.52,1.22,66.51440000000001,66.0,0.6,11.0,198.7,23775.0,44978.0,20.9,17.5,23.0,30.21,13.11,351.0,635.0,4.6,0.6845975232198144
2026-04-18T17:16:01,04/18/202605:16,143.01000000000002,0.67,95.81670000000003,54.52,1.19,64.8788,64.3,0.6,11.0,198.7,23775.0,44978.0,20.9,17.5,23.0,30.21,13.11,351.0,635.0,4.6,0.6771136972991136
2026-04-18T17:16:23,04/18/202605:16,143.15,0.67,95.91050000000001,54.52,1.1800000000000002,64.33360000000002,63.7,0.6,11.0,198.7,23775.0,44978.0,20.9,17.490000000000002,23.0,30.21,13.072999999999999,350.9,629.8,4.56,0.6707670171670465
2026-04-18T17:17:01,04/18/202605:17,143.24,0.6799999999999999,97.4032,54.510000000000005,1.19,64.8669,64.2,0.6,11.0,198.7,23775.0,44978.0,20.9,17.48,23.0,30.21,13.035999999999998,350.8,624.6,4.52,0.6659627199106395
2026-04-18T17:17:24,04/18/202605:17,143.34,0.69,98.90459999999999,54.5,1.2,65.39999999999999,64.7,0.6,11.0,198.7,23775.0,44978.0,20.9,17.47,23.0,30.21,12.999,350.7,619.4,4.4799999999999995,0.6612432586553103
2026-04-18T17:18:00,04/18/202605:18,143.43,0.69,98.9667,54.5,1.21,65.945,65.2,0.6,11.0,198.7,23775.0,44978.0,20.9,17.46,23.0,30.21,12.962,350.6,614.2,4.4399999999999995,0.6663352420561662
2026-04-18T17:18:24,04/18/202605:18,143.53,0.69,99.03569999999999,54.5,1.21,65.945,65.2,0.6,11.0,198.7,23775.0,44978.0,20.9,17.45,23.0,30.21,12.925,350.5,609.0,4.4,0.6658709939950946
2026-04-18T17:19:01,04/18/202605:19,143.63,0.6799999999999999,97.66839999999999,54.5,1.21,65.945,65.2,0.6,11.0,198.7,23775.0,44978.0,20.9,17.439999999999998,23.0,30.21,12.888,350.4,603.8,4.36,0.6751927952131908
2026-04-18T17:19:24,04/18/202605:19,143.72,0.6699999999999999,96.29239999999999,54.5,1.21,65.945,65.2,0.6,11.0,198.7,23775.0,44978.0,20.9,17.43,23.0,30.21,12.850999999999999,350.3,598.6,4.32,0.6848411712658528
2026-04-18T17:20:01,04/18/202605:20,143.76,0.6799999999999999,97.75679999999998,54.5,1.22,66.49,65.8,0.6,11.0,198.7,23775.0,44978.0,20.9,17.419999999999998,23.0,30.21,12.813999999999998,350.2,593.4,4.279999999999999,0.6801572882909425
2026-04-18T17:20:24,04/18/202605:20,143.8,0.6799999999999999,97.78399999999999,54.5,1.21,65.945,65.3,0.6,11.0,198.7,23775.0,44978.0,20.9,17.41,23.0,30.21,12.777,350.1,588.2,4.24,0.6743945839810194
2026-04-18T17:21:01,04/18/202605:21,143.84,0.6799999999999999,97.8112,54.5,1.2,65.39999999999999,64.8,0.6,11.0,198.7,23775.0,44978.0,20.9,17.4,23.0,30.21,12.74,350.0,583.0,4.2,0.6686350847346725
2026-04-18T17:21:24,04/18/202605:21,143.87,0.6699999999999999,96.3929,54.5,1.1800000000000002,64.31,63.7,0.6,11.0,198.7,23775.0,44978.0,20.9,17.4,23.0,30.21,12.74,350.0,583.0,4.2,0.6671653202673641
2026-04-18T17:22:01,04/18/202605:22,143.9,0.6599999999999999,94.97399999999999,54.5,1.16,63.22,62.6,0.6,11.0,198.7,23775.0,44978.0,20.9,17.4,23.0,30.21,12.74,350.0,583.0,4.2,0.6656558637100681
2026-04-18T17:22:24,04/18/202605:22,143.92000000000002,0.65,93.54800000000002,54.5,1.1099999999999999,60.49499999999999,59.9,0.6,11.0,198.7,23775.0,44978.0,20.9,17.4,23.0,30.21,12.74,350.0,583.0,4.2,0.6466733655449607
2026-04-18T17:23:01,04/18/202605:23,143.94,0.6399999999999999,92.12159999999999,54.5,1.06,57.77,57.2,0.6,11.0,198.7,23775.0,44978.0,20.9,17.4,23.0,30.21,12.74,350.0,583.0,4.2,0.627105912185633
2026-04-18T17:23:25,04/18/202605:23,143.95,0.63,90.68849999999999,54.5,1.03,56.135,55.6,0.6,11.0,198.7,23775.0,44978.0,20.9,17.4,23.0,30.21,12.74,350.0,583.0,4.2,0.6189869718872846
2026-04-18T17:24:01,04/18/202605:24,143.95999999999998,0.6199999999999999,89.25519999999997,54.5,1.0,54.5,54.0,0.6,11.0,198.7,23775.0,44978.0,20.9,17.4,23.0,30.21,12.74,350.0,583.0,4.2,0.6106086816230316
2026-04-18T17:24:24,04/18/202605:24,143.99,0.6199999999999999,89.2738,54.5,0.99,53.955,53.4,0.6,12.0,198.7,23775.0,44978.0,20.9,17.4,23.0,30.21,12.74,350.0,583.0,4.2,0.6043766480199118
2026-04-18T17:25:01,04/18/202605:25,144.02,0.6199999999999999,89.29239999999999,54.5,0.9800000000000001,53.410000000000004,52.8,0.6,12.0,198.7,23775.0,44978.0,20.9,17.4,23.0,30.21,12.74,350.0,583.0,4.2,0.5981472107368602
2026-04-18T17:25:24,04/18/202605:25,144.07,0.61,87.8827,54.5,0.9700000000000001,52.865,52.3,0.6,12.0,198.7,23775.0,44978.0,20.9,17.4,23.0,30.21,12.74,350.0,583.0,4.2,0.6015404624573437
2026-04-18T17:27:38,04/18/202605:27,144.16,0.61,87.93759999999999,54.5,0.9800000000000001,53.410000000000004,52.8,0.6,12.0,198.7,23775.0,44978.0,20.9,17.4,23.0,30.21,12.74,350.0,583.0,4.2,0.6073624934044142
2026-04-18T17:27:39,04/18/202605:27,144.22,0.63,90.8586,54.5,0.99,53.955,53.4,0.6,12.0,198.7,23775.0,44978.0,20.9,17.4,23.0,30.21,12.74,350.0,583.0,4.2,0.5938348158567268
2026-04-18T17:27:46,04/18/202605:27,144.29000000000002,0.6399999999999999,92.3456,54.510000000000005,0.9800000000000001,53.41980000000001,52.9,0.6,12.0,198.7,23775.0,44978.0,20.9,17.4,23.0,30.21,12.74,350.0,583.0,4.2,0.578476938803798
2026-04-18T17:28:01,04/18/202605:28,144.35999999999999,0.65,93.83399999999999,54.52,1.0,54.52,54.0,0.6,12.0,198.7,23775.0,44978.0,20.9,17.4,23.0,30.21,12.74,350.0,583.0,4.2,0.5810260673103567
2026-04-18T17:28:47,04/18/202605:28,144.38,0.6599999999999999,95.29079999999999,54.52,1.04,56.70080000000001,56.2,0.6,12.0,198.7,23775.0,44978.0,20.9,17.4,23.0,30.21,12.74,350.0,583.0,4.2,0.5950291108900336
2026-04-18T17:29:00,04/18/202605:29,144.4,0.6699999999999999,96.74799999999999,54.52,1.0699999999999998,58.3364,57.8,0.6,12.0,198.7,23775.0,44978.0,20.9,17.4,23.0,30.21,12.74,350.0,583.0,4.2,0.6029726712696903
2026-04-18T17:29:47,04/18/202605:29,144.41,0.6799999999999999,98.19879999999999,54.52,1.1,59.97200000000001,59.4,0.6,12.0,198.7,23775.0,44978.0,20.9,17.41,23.0,30.21,12.74,350.0,583.1,4.2,0.6107202939343456
2026-04-18T17:30:01,04/18/202605:30,144.41,0.6799999999999999,98.19879999999999,54.52,1.1099999999999999,60.517199999999995,60.0,0.6,12.0,198.7,23775.0,44978.0,20.9,17.419999999999998,23.0,30.21,12.74,350.0,583.2,4.2,0.6162722966064759
2026-04-18T17:30:46,04/18/202605:30,144.41,0.6699999999999999,96.75469999999999,54.52,1.1099999999999999,60.517199999999995,60.0,0.6,12.0,198.7,23775.0,44978.0,20.9,17.43,23.0,30.21,12.74,350.0,583.3,4.2,0.625470390585677
2026-04-18T17:31:00,04/18/202605:31,144.36999999999998,0.6799999999999999,98.17159999999997,54.52,1.1300000000000001,61.60760000000001,61.0,0.6,12.0,198.7,23775.0,44978.0,20.9,17.439999999999998,23.0,30.21,12.74,350.0,583.4,4.2,0.6275501265131671
2026-04-18T17:31:47,04/18/202605:31,144.28,0.69,99.55319999999999,54.529999999999994,1.1199999999999999,61.073599999999985,60.5,0.6,12.0,198.7,23775.0,44978.0,20.9,17.439999999999998,23.0,30.21,12.622,350.1,578.2,4.15,0.6134770153043799
2026-04-18T17:32:01,04/18/202605:32,144.21999999999997,0.6799999999999999,98.06959999999997,54.54,1.1,59.99400000000001,59.4,0.6,12.0,198.7,23775.0,44978.0,20.9,17.439999999999998,23.0,30.21,12.504000000000001,350.2,573.0,4.1,0.6117492066858642
2026-04-18T17:32:47,04/18/202605:32,144.14,0.6699999999999999,96.57379999999998,54.529999999999994,1.09,59.4377,58.9,0.6,12.0,198.7,23775.0,44978.0,20.9,17.439999999999998,23.0,30.21,12.386,350.3,567.8,4.05,0.6154640285460448
2026-04-18T17:33:01,04/18/202605:33,144.06,0.6599999999999999,95.07959999999999,54.52,1.08,58.881600000000006,58.4,0.6,12.0,198.7,23775.0,44978.0,20.9,17.439999999999998,23.0,30.21,12.268,350.4,562.6,4.0,0.6192874181212376
2026-04-18T17:33:47,04/18/202605:33,143.98,0.6599999999999999,95.02679999999998,54.52,1.09,59.42680000000001,58.9,0.6,12.0,198.7,23775.0,44978.0,20.9,17.439999999999998,23.0,30.21,12.15,350.5,557.4,3.95,0.6253688433157806
2026-04-18T17:34:00,04/18/202605:34,143.9,0.6599999999999999,94.97399999999999,54.52,1.1,59.97200000000001,59.4,0.6,12.0,198.7,23775.0,44978.0,20.9,17.439999999999998,23.0,30.21,12.032,350.6,552.2,3.9,0.6314570303451472
2026-04-18T17:34:47,04/18/202605:34,143.84,0.65,93.49600000000001,54.52,1.09,59.42680000000001,58.8,0.6,12.0,198.7,23775.0,44978.0,20.9,17.43,23.0,30.21,11.914,350.7,546.9,3.85,0.6356079404466501
2026-04-18T17:35:01,04/18/202605:35,143.78,0.6399999999999999,92.01919999999998,54.52,1.08,58.881600000000006,58.2,0.6,12.0,198.7,23775.0,44978.0,20.9,17.419999999999998,23.0,30.21,11.796000000000001,350.8,541.6,3.8,0.6398838503268884
2026-04-18T17:35:46,04/18/202605:35,143.69,0.6399999999999999,91.96159999999999,54.52,1.09,59.42680000000001,58.8,0.6,12.0,198.7,23775.0,44978.0,20.9,17.41,23.0,30.21,11.678,350.9,536.3,3.75,0.6462132020321527
2026-04-18T17:36:01,04/18/202605:36,143.6,0.6399999999999999,91.90399999999998,54.52,1.1,59.97200000000001,59.4,0.6,12.0,198.7,23775.0,44978.0,20.9,17.4,23.0,30.21,11.56,351.0,531.0,3.7,0.6525504874651813
2026-04-18T17:36:47,04/18/202605:36,143.5,0.6399999999999999,91.83999999999999,54.510000000000005,1.09,59.41590000000001,58.9,0.6,12.0,198.7,23775.0,44978.0,20.9,17.4,23.0,30.21,11.56,351.0,531.0,3.7,0.6469501306620211
2026-04-18T17:37:01,04/18/202605:37,143.4,0.6399999999999999,91.776,54.5,1.08,58.86000000000001,58.4,0.6,12.0,198.7,23775.0,44978.0,20.9,17.4,23.0,30.21,11.56,351.0,531.0,3.7,0.6413441422594143
2026-04-18T17:38:17,04/18/202605:38,143.31,0.6399999999999999,91.71839999999999,54.5,1.09,59.405,58.9,0.6,12.0,198.7,23775.0,44978.0,20.9,17.4,23.0,30.21,11.56,351.0,531.0,3.7,0.6476890133277511
2026-04-18T17:38:47,04/18/202605:38,143.2,0.65,93.08,54.5,1.1099999999999999,60.49499999999999,59.9,0.6,12.0,198.7,23775.0,44978.0,20.9,17.4,23.0,30.21,11.56,351.0,531.0,3.7,0.6499247958745165
2026-04-18T17:39:00,04/18/202605:39,143.14000000000001,0.65,93.04100000000001,54.5,1.09,59.405,58.8,0.6,12.0,198.7,23775.0,44978.0,20.9,17.4,23.0,30.21,11.56,351.0,531.0,3.7,0.6384819595662127
2026-04-18T17:39:47,04/18/202605:39,143.07999999999998,0.65,93.002,54.5,1.09,59.405,58.8,0.6,12.0,198.7,23775.0,44978.0,20.9,17.4,23.0,30.21,11.56,351.0,531.0,3.7,0.6387497043074343
2026-04-18T17:40:01,04/18/202605:40,143.01,0.6599999999999999,94.38659999999999,54.5,1.1099999999999999,60.49499999999999,59.9,0.6,12.0,198.7,23775.0,44978.0,20.9,17.4,23.0,30.21,11.56,351.0,531.0,3.7,0.6409278435710154
2026-04-18T17:40:46,04/18/202605:40,142.95999999999998,0.6699999999999999,95.78319999999998,54.5,1.1,59.95,59.4,0.6,12.0,198.7,23775.0,44978.0,20.9,17.4,23.0,30.21,11.56,351.0,531.0,3.7,0.6258926408806557
2026-04-18T17:41:00,04/18/202605:41,142.94,0.6799999999999999,97.19919999999999,54.5,1.08,58.86000000000001,58.3,0.6,12.0,198.7,23775.0,44978.0,20.9,17.4,23.0,30.21,11.56,351.0,531.0,3.7,0.6055605395929186
2026-04-18T17:41:47,04/18/202605:41,142.94,0.6699999999999999,95.76979999999999,54.5,1.03,56.135,55.6,0.6,12.0,198.7,23775.0,44978.0,20.9,17.4,23.0,30.21,11.56,351.0,531.0,3.7,0.5861451104627973
2026-04-18T17:42:00,04/18/202605:42,142.95999999999998,0.65,92.92399999999999,54.5,1.01,55.045,54.5,0.6,12.0,198.7,23775.0,44978.0,20.9,17.4,23.0,30.21,11.56,351.0,531.0,3.7,0.5923658043132023
2026-04-18T17:42:47,04/18/202605:42,142.95,0.65,92.91749999999999,54.5,1.04,56.68,56.1,0.6,12.0,198.7,23775.0,44978.0,20.9,17.4,23.0,30.21,11.56,351.0,531.0,3.7,0.6100034977264779
2026-04-18T17:43:01,04/18/202605:43,142.94,0.6599999999999999,94.34039999999999,54.5,1.06,57.77,57.2,0.6,12.0,198.7,23775.0,44978.0,20.9,17.4,23.0,30.21,11.56,351.0,531.0,3.7,0.6123569541786977
2026-04-18T17:43:47,04/18/202605:43,142.98,0.65,92.937,54.510000000000005,1.06,57.78060000000001,57.2,0.6,12.0,198.7,23775.0,44978.0,20.9,17.4,23.0,30.21,11.56,351.0,531.0,3.7,0.6217179379579716
2026-04-18T17:44:00,04/18/202605:44,143.02,0.6399999999999999,91.5328,54.52,1.06,57.7912,57.2,0.6,12.0,198.7,23775.0,44978.0,20.9,17.4,23.0,30.21,11.56,351.0,531.0,3.7,0.6313714865053839
2026-04-18T17:44:47,04/18/202605:44,143.05,0.63,90.12150000000001,54.52,1.04,56.70080000000001,56.7,0.6,12.0,198.7,23775.0,44978.0,20.9,17.4,23.0,30.21,11.56,351.0,531.0,3.7,0.6291595235321206
2026-04-18T17:45:01,04/18/202605:45,143.07999999999998,0.6199999999999999,88.70959999999998,54.52,1.02,55.610400000000006,56.2,0.6,12.0,198.7,23775.0,44978.0,20.9,17.4,23.0,30.21,11.56,351.0,531.0,3.7,0.6268814198237848
2026-04-18T17:45:47,04/18/202605:45,143.07,0.6199999999999999,88.70339999999997,54.52,1.03,56.15560000000001,56.7,0.6,12.0,198.7,23775.0,44978.0,20.9,17.389999999999997,23.0,30.21,11.417,351.3,525.5,3.65,0.6330715620821753
2026-04-18T17:46:00,04/18/202605:46,143.06,0.6199999999999999,88.69719999999998,54.52,1.04,56.70080000000001,57.2,0.6,12.0,198.7,23775.0,44978.0,20.9,17.38,23.0,30.21,11.274000000000001,351.6,520.0,3.6,0.6392625697316264
2026-04-18T17:47:40,04/18/202605:47,143.02,0.6399999999999999,91.5328,54.52,1.08,58.881600000000006,59.3,0.6,12.0,198.7,23775.0,44978.0,20.9,17.369999999999997,23.0,30.21,11.131,351.9,514.5,3.55,0.6432841560620893
2026-04-18T17:47:41,04/18/202605:47,143.0,0.65,92.95,54.52,1.1,59.97200000000001,60.4,0.6,12.0,198.7,23775.0,44978.0,20.9,17.36,23.0,30.21,10.988000000000001,352.2,509.0,3.5,0.645207100591716
2026-04-18T17:48:00,04/18/202605:48,143.01,0.6399999999999999,91.52639999999998,54.52,1.07,58.336400000000005,58.8,0.6,12.0,198.7,23775.0,44978.0,20.9,17.35,23.0,30.21,10.845,352.5,503.5,3.45,0.6373723865463955
2026-04-18T17:49:28,04/18/202605:49,143.01,0.63,90.0963,54.52,1.06,57.7912,58.2,0.6,12.0,198.7,23775.0,44978.0,20.9,17.34,23.0,30.21,10.702000000000002,352.8,498.0,3.4,0.6414381056713762
2026-04-18T17:50:00,04/18/202605:50,142.98,0.63,90.0774,54.510000000000005,1.06,57.78060000000001,58.2,0.6,12.0,198.7,23775.0,44978.0,20.9,17.330000000000002,23.0,30.21,10.559000000000001,353.1,492.5,3.35,0.6414550153534628
2026-04-18T17:50:24,04/18/202605:50,142.98,0.63,90.0774,54.5,1.04,56.68,57.2,0.6,12.0,198.7,23775.0,44978.0,21.0,17.32,23.0,30.21,10.416,353.4,487.0,3.3,0.6292366342723036
2026-04-18T17:51:01,04/18/202605:51,142.99,0.63,90.08370000000001,54.5,1.02,55.59,55.6,0.6,12.0,198.7,23775.0,44978.0,21.0,17.31,23.0,30.21,10.273,353.7,481.5,3.25,0.6170927703902037
2026-04-18T17:51:23,04/18/202605:51,142.99,0.6399999999999999,91.5136,54.5,1.0100000000000002,55.045000000000016,54.5,0.6,12.0,198.7,23775.0,44978.0,20.9,17.3,23.0,30.21,10.13,354.0,476.0,3.2,0.6014952968739075
2026-04-18T17:52:01,04/18/202605:52,143.01,0.6399999999999999,91.52639999999998,54.5,1.0,54.5,54.0,0.6,12.0,198.7,23775.0,44978.0,20.9,17.3,23.0,30.21,10.13,354.0,476.0,3.2,0.5954566114257746
2026-04-18T17:52:24,04/18/202605:52,143.01,0.63,90.0963,54.5,0.99,53.955,53.5,0.6,12.0,198.7,23775.0,44978.0,20.9,17.3,23.0,30.21,10.13,354.0,476.0,3.2,0.5988592206339217
2026-04-18T17:53:01,04/18/202605:53,143.02,0.6199999999999999,88.6724,54.5,0.9800000000000001,53.410000000000004,53.0,0.6,12.0,198.7,23775.0,44978.0,20.9,17.3,23.0,30.21,10.13,354.0,476.0,3.2,0.6023294734325451
2026-04-18T17:53:24,04/18/202605:53,142.98,0.6199999999999999,88.64759999999998,54.5,1.0,54.5,54.0,0.6,12.0,198.7,23775.0,44978.0,21.0,17.3,23.0,30.21,10.13,354.0,476.0,3.2,0.6147938579273439
2026-04-18T17:54:01,04/18/202605:54,142.94,0.6199999999999999,88.62279999999998,54.5,1.02,55.59,55.0,0.6,12.0,198.7,23775.0,44978.0,21.0,17.3,23.0,30.21,10.13,354.0,476.0,3.2,0.6272652184313745
2026-04-18T17:54:23,04/18/202605:54,142.9,0.63,90.027,54.5,1.03,56.135,55.6,0.6,12.0,198.7,23775.0,44978.0,20.9,17.3,23.0,30.21,10.13,354.0,476.0,3.2,0.62353516167372
2026-04-18T17:55:01,04/18/202605:55,142.85999999999999,0.6399999999999999,91.43039999999998,54.5,1.04,56.68,56.2,0.6,12.0,198.7,23775.0,44978.0,20.9,17.3,23.0,30.21,10.13,354.0,476.0,3.2,0.6199251014979702
2026-04-18T17:55:24,04/18/202605:55,142.79000000000002,0.65,92.81350000000002,54.5,1.05,57.225,56.7,0.6,12.0,198.7,23775.0,44978.0,20.9,17.3,23.0,30.21,10.13,354.0,476.0,3.2,0.6165590135055783
2026-04-18T17:56:01,04/18/202605:56,142.72,0.6599999999999999,94.19519999999999,54.5,1.06,57.77,57.2,0.6,12.0,198.7,23775.0,44978.0,20.9,17.3,23.0,30.21,10.13,354.0,476.0,3.2,0.6133008900665853
2026-04-18T17:56:23,04/18/202605:56,142.66,0.6599999999999999,94.15559999999999,54.5,1.0699999999999998,58.31499999999999,57.7,0.6,12.0,198.7,23775.0,44978.0,20.9,17.3,23.0,30.21,10.13,354.0,476.0,3.2,0.6193471232725403
2026-04-18T17:57:01,04/18/202605:57,142.6,0.6599999999999999,94.11599999999999,54.5,1.08,58.86000000000001,58.2,0.6,12.0,198.7,23775.0,44978.0,20.9,17.3,23.0,30.21,10.13,354.0,476.0,3.2,0.6253984444727785
2026-04-18T17:57:24,04/18/202605:57,142.55,0.6699999999999999,95.5085,54.5,1.09,59.405,58.8,0.6,12.0,198.7,23775.0,44978.0,20.9,17.3,23.0,30.21,10.13,354.0,476.0,3.2,0.6219865247595764
2026-04-18T17:58:00,04/18/202605:58,142.5,0.6799999999999999,96.89999999999999,54.5,1.1,59.95,59.4,0.6,12.0,198.7,23775.0,44978.0,20.9,17.3,23.0,30.21,10.13,354.0,476.0,3.2,0.6186790505675955
2026-04-18T17:58:24,04/18/202605:58,141.53,0.71,100.4863,54.5,1.1700000000000002,63.76500000000001,63.2,0.6,12.0,198.7,23775.0,44978.0,20.9,17.3,23.0,30.21,10.13,354.0,476.0,3.2,0.6345641147101645
2026-04-18T17:59:01,04/18/202605:59,140.56,0.74,104.0144,54.5,1.24,67.58,67.0,0.6,12.0,198.7,23775.0,44978.0,20.9,17.3,23.0,30.21,10.13,354.0,476.0,3.2,0.6497177313910382
2026-04-18T17:59:24,04/18/202605:59,140.62,0.73,102.6526,54.5,1.2200000000000002,66.49000000000001,65.9,0.6,12.0,198.7,23775.0,44978.0,21.0,17.3,23.0,30.21,10.13,354.0,476.0,3.2,0.6477186159921912
2026-04-18T18:00:40,04/18/202606:00,140.66,0.73,102.6818,54.5,1.2200000000000002,66.49000000000001,65.9,0.6,12.0,198.7,23775.0,44978.0,21.0,17.3,23.0,30.21,10.13,354.0,476.0,3.2,0.6475344218741784
2026-04-18T18:01:00,04/18/202606:01,140.7,0.73,102.71099999999998,54.5,1.24,67.58,67.0,0.6,12.0,198.7,23775.0,44978.0,21.0,17.3,23.0,30.21,10.13,354.0,476.0,3.2,0.6579626330188588
2026-04-18T18:01:23,04/18/202606:01,140.79000000000002,0.72,101.36880000000001,54.5,1.23,67.035,66.5,0.6,12.0,198.7,23775.0,44978.0,20.9,17.29,23.0,30.21,10.012,354.3,470.2,3.1700000000000004,0.6612981509103392
2026-04-18T18:02:01,04/18/202606:02,140.88,0.71,100.02479999999998,54.5,1.21,65.945,65.5,0.6,12.0,198.7,23775.0,44978.0,20.9,17.28,23.0,30.21,9.894,354.6,464.4,3.14,0.6592864969487567
2026-04-18T18:02:23,04/18/202606:02,140.96,0.7,98.672,54.5,1.19,64.855,64.5,0.6,12.0,198.7,23775.0,44978.0,20.9,17.27,23.0,30.21,9.776,354.9,458.6,3.1100000000000003,0.6572786606129399
2026-04-18T18:02:45,04/18/202606:02,141.04000000000002,0.69,97.31760000000001,54.5,1.19,64.855,64.4,0.6,12.0,198.7,23775.0,44978.0,20.9,17.259999999999998,23.0,30.21,9.658,355.2,452.8,3.08,0.6664262168405304
2026-04-18T18:03:00,04/18/202606:03,141.12,0.6799999999999999,95.96159999999999,54.5,1.19,64.855,64.3,0.6,12.0,198.7,23775.0,44978.0,20.9,17.25,23.0,30.21,9.540000000000001,355.5,447.0,3.05,0.6758432539682541
2026-04-18T18:03:45,04/18/202606:03,142.16,0.65,92.404,54.5,1.12,61.040000000000006,60.5,0.6,12.0,198.7,23775.0,44978.0,20.9,17.240000000000002,23.0,30.21,9.422,355.8,441.2,3.02,0.66057746417904
2026-04-18T18:04:01,04/18/202606:04,143.2,0.6199999999999999,88.78399999999998,54.5,1.05,57.225,56.7,0.6,12.0,198.7,23775.0,44978.0,20.9,17.23,23.0,30.21,9.303999999999998,356.1,435.4,2.9899999999999998,0.6445418093350155
2026-04-18T18:04:45,04/18/202606:04,143.2,0.6399999999999999,91.64799999999998,54.5,1.07,58.315000000000005,57.8,0.6,12.0,198.7,23775.0,44978.0,20.9,17.22,23.0,30.21,9.186,356.4,429.6,2.96,0.6362932087988828
2026-04-18T18:05:01,04/18/202606:05,143.22,0.65,93.093,54.5,1.07,58.315000000000005,57.8,0.6,12.0,198.7,23775.0,44978.0,20.9,17.21,23.0,30.21,9.068,356.7,423.8,2.93,0.6264165941585297
2026-04-18T18:05:46,04/18/202606:05,143.27,0.64,91.6928,54.489999999999995,1.05,57.214499999999994,56.7,0.6,12.0,198.7,23775.0,44978.0,20.9,17.2,23.0,30.21,8.95,357.0,418.0,2.9,0.6239802907098484
2026-04-18T18:06:00,04/18/202606:06,143.27,0.64,91.6928,54.48,1.06,57.7488,57.2,0.6,12.0,198.7,23775.0,44978.0,20.9,17.2,23.0,30.21,8.95,357.0,418.0,2.9,0.6298073567390242
2026-04-18T18:06:46,04/18/202606:06,143.29000000000002,0.64,91.70560000000002,54.48,1.08,58.8384,58.2,0.6,12.0,198.7,23775.0,44978.0,20.9,17.2,23.0,30.21,8.95,357.0,418.0,2.9,0.6416009491241537
2026-04-18T18:07:01,04/18/202606:07,143.32,0.64,91.7248,54.48,1.1,59.928000000000004,59.2,0.6,12.0,198.7,23775.0,44978.0,20.9,17.2,23.0,30.21,8.95,357.0,418.0,2.9,0.653345660061401
2026-04-18T18:07:46,04/18/202606:07,143.35999999999999,0.64,91.7504,54.48,1.1099999999999999,60.47279999999999,59.8,0.6,12.0,198.7,23775.0,44978.0,20.9,17.2,23.0,30.21,8.95,357.0,418.0,2.9,0.6591012137276785
2026-04-18T18:08:00,04/18/202606:08,143.4,0.64,91.77600000000001,54.48,1.1199999999999999,61.01759999999999,60.4,0.6,12.0,198.7,23775.0,44978.0,20.9,17.2,23.0,30.21,8.95,357.0,418.0,2.9,0.6648535564853555
2026-04-18T18:08:46,04/18/202606:08,143.43,0.65,93.2295,54.48,1.1300000000000001,61.562400000000004,61.0,0.6,12.0,198.7,23775.0,44978.0,20.9,17.2,23.0,30.21,8.95,357.0,418.0,2.9,0.6603317619423037
2026-04-18T18:09:01,04/18/202606:09,143.45999999999998,0.6599999999999999,94.68359999999997,54.48,1.1400000000000001,62.107200000000006,61.6,0.6,12.0,198.7,23775.0,44978.0,20.9,17.2,23.0,30.21,8.95,357.0,418.0,2.9,0.6559446408881794
2026-04-18T18:09:45,04/18/202606:09,143.5,0.6599999999999999,94.71,54.489999999999995,1.1400000000000001,62.1186,61.6,0.6,12.0,198.7,23775.0,44978.0,20.9,17.2,23.0,30.21,8.95,357.0,418.0,2.9,0.655882166613874
2026-04-18T18:10:01,04/18/202606:10,143.54000000000002,0.6599999999999999,94.7364,54.5,1.1400000000000001,62.13000000000001,61.6,0.6,12.0,198.7,23775.0,44978.0,20.9,17.2,23.0,30.21,8.95,357.0,418.0,2.9,0.6558197271587268
2026-04-18T18:11:52,04/18/202606:11,143.54000000000002,0.67,96.17180000000002,54.510000000000005,1.17,63.776700000000005,63.2,0.6,12.0,198.7,23775.0,44978.0,20.9,17.2,23.0,30.21,8.95,357.0,418.0,2.9,0.663153855912024
2026-04-18T18:12:01,04/18/202606:12,143.54000000000002,0.6799999999999999,97.6072,54.52,1.2,65.424,64.8,0.6,12.0,198.7,23775.0,44978.0,20.9,17.2,23.0,30.21,8.95,357.0,418.0,2.9,0.6702784220836168
2026-04-18T18:12:45,04/18/202606:12,143.54000000000002,0.6799999999999999,97.6072,54.52,1.19,64.8788,64.3,0.6,12.0,198.7,23775.0,44978.0,20.9,17.2,23.0,30.21,8.95,357.0,418.0,2.9,0.6646927685662533
2026-04-18T18:13:00,04/18/202606:13,143.54000000000002,0.6799999999999999,97.6072,54.52,1.1800000000000002,64.33360000000002,63.8,0.6,12.0,198.7,23775.0,44978.0,20.9,17.2,23.0,30.21,8.95,357.0,418.0,2.9,0.65910711504889
2026-04-18T18:13:46,04/18/202606:13,143.51,0.69,99.02189999999999,54.52,1.16,63.2432,62.7,0.6,12.0,198.7,23775.0,44978.0,20.9,17.2,23.0,30.21,8.95,357.0,418.0,2.9,0.6386789185018669
2026-04-18T18:14:00,04/18/202606:14,143.48,0.7,100.43599999999999,54.52,1.1400000000000001,62.15280000000001,61.6,0.6,12.0,198.7,23775.0,44978.0,20.9,17.2,23.0,30.21,8.95,357.0,418.0,2.9,0.6188299016288982
2026-04-18T18:14:45,04/18/202606:14,143.44,0.69,98.97359999999999,54.52,1.1199999999999999,61.0624,60.5,0.7,12.0,198.7,23775.0,44978.0,20.9,17.2,23.0,30.21,8.95,357.0,418.0,2.9,0.6169564409094951
2026-04-18T18:15:01,04/18/202606:15,143.4,0.6799999999999999,97.512,54.52,1.1,59.97200000000001,59.4,0.7,12.0,198.7,23775.0,44978.0,20.9,17.2,23.0,30.21,8.95,357.0,418.0,2.9,0.6150217409139389
2026-04-18T18:15:27,04/18/202606:15,143.35999999999999,0.6599999999999999,94.61759999999998,54.510000000000005,1.09,59.41590000000001,58.9,0.7,12.0,198.7,23775.0,44978.0,20.9,17.2,23.0,30.21,8.95,357.0,418.0,2.9,0.627958223417208
2026-04-18T18:15:35,04/18/202606:15,143.32999999999998,0.6399999999999999,91.73119999999997,54.5,1.0699999999999998,58.31499999999999,57.8,0.7,12.0,198.7,23775.0,44978.0,21.0,17.19,23.0,30.21,8.863,321.6,412.4,2.86,0.6357160922347033
2026-04-18T18:16:00,04/18/202606:16,143.31,0.63,90.2853,54.5,1.04,56.68,56.2,0.7,12.0,198.7,23775.0,44978.0,21.0,17.18,23.0,30.21,8.776,286.2,406.8,2.82,0.6277876907979483
2026-04-18T18:16:35,04/18/202606:16,143.28,0.6199999999999999,88.83359999999999,54.5,1.01,55.045,54.6,0.7,12.0,198.7,23775.0,44978.0,20.9,17.169999999999998,23.0,30.21,8.689,250.8,401.2,2.7800000000000002,0.6196416671169468
2026-04-18T18:17:01,04/18/202606:17,143.23,0.6199999999999999,88.80259999999998,54.5,1.01,55.045,54.6,0.7,12.0,198.7,23775.0,44978.0,20.9,17.16,23.0,30.21,8.602,215.4,395.6,2.7399999999999998,0.6198579771313003
2026-04-18T18:17:34,04/18/202606:17,143.16,0.6199999999999999,88.75919999999998,54.5,1.02,55.59,55.1,0.7,12.0,198.7,23775.0,44978.0,20.9,17.15,23.0,30.21,8.514999999999999,180.0,390.0,2.7,0.6263012735581215
2026-04-18T18:18:00,04/18/202606:18,143.12,0.61,87.3032,54.5,1.03,56.135,55.6,0.7,12.0,198.7,23775.0,44978.0,20.9,17.14,23.0,30.21,8.428,144.6,384.4,2.66,0.6429890313298939
2026-04-18T18:18:35,04/18/202606:18,143.06,0.61,87.2666,54.510000000000005,1.03,56.145300000000006,55.6,0.7,12.0,198.7,23775.0,44978.0,20.9,17.130000000000003,23.0,30.21,8.341,109.2,378.8,2.62,0.643376732908123
2026-04-18T18:19:00,04/18/202606:19,143.01,0.6199999999999999,88.66619999999998,54.52,1.03,56.15560000000001,55.6,0.7,12.0,198.7,23775.0,44978.0,20.9,17.12,23.0,30.21,8.254,73.8,373.2,2.58,0.6333371679399818
2026-04-18T18:19:34,04/18/202606:19,142.95999999999998,0.6199999999999999,88.63519999999997,54.52,1.02,55.610400000000006,55.1,0.7,13.0,198.7,23775.0,44978.0,20.9,17.110000000000003,23.0,30.21,8.167,38.4,367.6,2.54,0.627407621351337
2026-04-18T18:20:01,04/18/202606:20,142.92,0.6199999999999999,88.61039999999997,54.52,1.0,54.52,54.0,0.7,13.0,198.7,23775.0,44978.0,20.9,17.1,23.0,30.21,8.08,3.0,362.0,2.5,0.6152776649242078
2026-04-18T18:20:35,04/18/202606:20,142.83999999999997,0.63,89.98919999999998,54.52,1.02,55.610400000000006,55.1,0.7,13.0,198.7,23775.0,44978.0,20.9,17.1,23.0,30.21,8.08,3.0,362.0,2.5,0.6179674894320654
2026-04-18T18:21:00,04/18/202606:21,142.76,0.6399999999999999,91.36639999999998,54.52,1.04,56.70080000000001,56.2,0.7,13.0,198.7,23775.0,44978.0,20.9,17.1,23.0,30.21,8.08,3.0,362.0,2.5,0.6205869991594286
2026-04-18T18:23:04,04/18/202606:23,142.7,0.65,92.755,54.52,1.05,57.246,56.7,0.7,13.0,198.7,23775.0,44978.0,21.0,17.1,23.0,30.21,8.08,3.0,362.0,2.5,0.617174276319336
2026-04-18T18:23:35,04/18/202606:23,142.68,0.65,92.742,54.52,1.04,56.70080000000001,56.2,0.7,13.0,198.7,23775.0,44978.0,20.9,17.1,23.0,30.21,8.08,3.0,362.0,2.5,0.6113821138211383
2026-04-18T18:24:00,04/18/202606:24,142.68,0.65,92.742,54.52,1.02,55.610400000000006,55.2,0.7,13.0,198.7,23775.0,44978.0,20.9,17.1,23.0,30.21,8.08,3.0,362.0,2.5,0.599624765478424
2026-04-18T18:24:35,04/18/202606:24,142.7,0.6399999999999999,91.32799999999997,54.52,0.99,53.9748,53.6,0.7,13.0,198.7,23775.0,44978.0,20.9,17.1,23.0,30.21,8.08,3.0,362.0,2.5,0.5909994744218643
2026-04-18T18:25:00,04/18/202606:25,142.74,0.6199999999999999,88.49879999999999,54.510000000000005,0.97,52.874700000000004,52.5,0.7,13.0,198.7,23775.0,44978.0,20.9,17.1,23.0,30.21,8.08,3.0,362.0,2.5,0.5974623384723862
2026-04-18T18:25:34,04/18/202606:25,142.77,0.61,87.08970000000001,54.5,0.97,52.865,52.5,0.7,13.0,198.7,23775.0,44978.0,21.0,17.1,23.0,30.21,8.08,3.0,362.0,2.5,0.607017821854938
2026-04-18T18:26:01,04/18/202606:26,142.8,0.61,87.108,54.5,0.9800000000000001,53.410000000000004,53.0,0.7,13.0,198.7,23775.0,44978.0,21.0,17.1,23.0,30.21,8.08,3.0,362.0,2.5,0.6131468981035038
2026-04-18T18:26:35,04/18/202606:26,142.85,0.61,87.1385,54.510000000000005,0.99,53.96490000000001,53.5,0.7,13.0,198.7,23775.0,44978.0,20.9,17.1,23.0,30.21,8.08,3.0,362.0,2.5,0.6193003092777591
2026-04-18T18:27:38,04/18/202606:27,142.92000000000002,0.6,85.75200000000001,54.510000000000005,0.95,51.7845,51.3,0.7,13.0,198.7,23775.0,44978.0,20.9,17.1,23.0,30.21,8.08,3.0,362.0,2.5,0.6038867898124824
2026-04-18T18:28:01,04/18/202606:28,142.99,0.59,84.36410000000001,54.510000000000005,0.9099999999999999,49.6041,49.1,0.7,13.0,198.7,23775.0,44978.0,20.9,17.1,23.0,30.21,8.08,3.0,362.0,2.5,0.5879764022848581
2026-04-18T18:28:37,04/18/202606:28,143.04000000000002,0.58,82.9632,54.510000000000005,0.89,48.51390000000001,48.0,0.7,13.0,198.7,23775.0,44978.0,20.9,17.1,23.0,30.21,8.08,3.0,362.0,2.5,0.5847640881740339
2026-04-18T18:29:00,04/18/202606:29,143.05,0.58,82.969,54.510000000000005,0.89,48.51390000000001,47.9,0.7,13.0,198.7,23775.0,44978.0,20.9,17.1,23.0,30.21,8.08,3.0,362.0,2.5,0.5847232098735674
2026-04-18T18:29:38,04/18/202606:29,143.03,0.59,84.3877,54.510000000000005,0.9199999999999999,50.1492,49.5,0.7,13.0,198.7,23775.0,44978.0,20.9,17.1,23.0,30.21,8.08,3.0,361.9,2.5,0.5942714400321374
2026-04-18T18:30:00,04/18/202606:30,142.98999999999998,0.61,87.22389999999999,54.510000000000005,0.96,52.329600000000006,51.7,0.7,13.0,198.7,23775.0,44978.0,20.9,17.1,23.0,30.21,8.08,3.0,361.8,2.5,0.5999456570962777
2026-04-18T18:30:37,04/18/202606:30,142.94,0.63,90.0522,54.510000000000005,1.0,54.510000000000005,53.9,0.7,13.0,198.7,23775.0,44978.0,21.0,17.110000000000003,23.0,30.21,8.08,3.0,361.7,2.5,0.6053155836281624
2026-04-18T18:31:01,04/18/202606:31,142.9,0.6399999999999999,91.45599999999999,54.510000000000005,1.02,55.60020000000001,55.0,0.7,13.0,198.7,23775.0,44978.0,21.0,17.12,23.0,30.21,8.08,3.0,361.6,2.5,0.6079448040587825
2026-04-18T18:31:38,04/18/202606:31,142.85,0.6399999999999999,91.42399999999998,54.510000000000005,1.04,56.690400000000004,56.1,0.7,13.0,198.7,23775.0,44978.0,20.9,17.110000000000003,23.0,30.21,7.819,3.6,355.7,2.45,0.6200822541127058
2026-04-18T18:32:00,04/18/202606:32,142.78,0.6399999999999999,91.37919999999998,54.5,1.06,57.77,57.2,0.7,13.0,198.7,23775.0,44978.0,20.9,17.1,23.0,30.21,7.558,4.2,349.8,2.4,0.6322007634122427
2026-04-18T18:32:38,04/18/202606:32,142.70999999999998,0.6599999999999999,94.18859999999998,54.510000000000005,1.1,59.96100000000001,59.4,0.7,13.0,198.7,23775.0,44978.0,20.9,17.09,23.0,30.21,7.297,4.8,343.9,2.35,0.6366057038749915
2026-04-18T18:34:15,04/18/202606:34,142.69,0.6599999999999999,94.17539999999998,54.510000000000005,1.1199999999999999,61.0512,60.5,0.7,13.0,198.7,23775.0,44978.0,20.9,17.080000000000002,23.0,30.21,7.036,5.4,338.0,2.3,0.6482712045820884
2026-04-18T18:34:24,04/18/202606:34,142.66,0.6599999999999999,94.15559999999999,54.510000000000005,1.1400000000000001,62.14140000000001,61.6,0.7,13.0,198.7,23775.0,44978.0,21.0,17.07,23.2,30.21,6.775,6.0,332.1,2.25,0.6599862355505144
2026-04-18T18:35:01,04/18/202606:35,142.63,0.6599999999999999,94.13579999999999,54.510000000000005,1.16,63.2316,62.7,0.7,13.0,198.7,23775.0,44978.0,21.0,17.06,23.4,30.21,6.514,6.6,326.2,2.2,0.6717061946677035
2026-04-18T18:35:25,04/18/202606:35,142.62,0.6599999999999999,94.1292,54.510000000000005,1.16,63.2316,62.7,0.7,13.0,198.7,23775.0,44978.0,21.0,17.05,23.6,30.21,6.253,7.2,320.4,2.15,0.6717532922833722
2026-04-18T18:36:01,04/18/202606:36,142.60999999999999,0.6599999999999999,94.12259999999998,54.510000000000005,1.16,63.2316,62.7,0.7,13.0,198.7,23775.0,44978.0,21.0,17.04,23.8,30.21,5.992,7.8,314.6,2.1,0.6718003965041341
2026-04-18T18:36:24,04/18/202606:36,142.60999999999999,0.65,92.6965,54.510000000000005,1.15,62.6865,62.1,0.7,13.0,198.7,23775.0,44978.0,20.9,17.02,24.0,30.21,5.731,8.4,308.8,2.05,0.6762553062952754
2026-04-18T18:37:01,04/18/202606:37,142.60999999999999,0.6399999999999999,91.27039999999998,54.510000000000005,1.1400000000000001,62.14140000000001,61.5,0.7,13.0,198.7,23775.0,44978.0,20.9,17.0,24.2,30.21,5.47,9.0,303.0,2.0,0.6808494320173903
2026-04-18T18:37:25,04/18/202606:37,142.6,0.65,92.69,54.510000000000005,1.1300000000000001,61.596300000000014,60.9,0.7,13.0,198.7,23775.0,44978.0,21.0,17.0,24.4,30.21,5.47,9.0,303.0,2.0,0.6645409429280399
2026-04-18T18:38:00,04/18/202606:38,142.59,0.6599999999999999,94.1094,54.510000000000005,1.12,61.05120000000001,60.3,0.7,13.0,198.7,23775.0,44978.0,21.0,17.0,24.6,30.21,5.47,9.0,303.0,2.0,0.6487258446021335
2026-04-18T18:38:25,04/18/202606:38,142.6,0.6399999999999999,91.26399999999998,54.5,1.1,59.95,59.2,0.7,13.0,198.7,23775.0,44978.0,21.0,17.0,24.8,30.21,5.47,9.0,303.0,2.0,0.6568855189340815
2026-04-18T18:39:01,04/18/202606:39,142.56,0.6399999999999999,91.23839999999998,54.5,1.1,59.95,59.2,0.7,13.0,198.7,23775.0,44978.0,21.0,17.0,25.0,30.21,5.47,9.0,303.0,2.0,0.6570698302469137
2026-04-18T18:39:25,04/18/202606:39,142.52,0.65,92.638,54.5,1.1099999999999999,60.49499999999999,59.8,0.7,13.0,198.7,23775.0,44978.0,20.9,17.0,25.0,30.21,5.47,9.0,303.0,2.0,0.6530257561691745
2026-04-18T18:40:01,04/18/202606:40,142.48,0.6599999999999999,94.03679999999999,54.5,1.1199999999999999,61.03999999999999,60.4,0.7,13.0,198.7,23775.0,44978.0,20.9,17.0,25.0,30.21,5.47,9.0,303.0,2.0,0.6491075834141528
2026-04-18T18:41:01,04/18/202606:41,142.45,0.6599999999999999,94.01699999999998,54.489999999999995,1.1199999999999999,61.02879999999999,60.4,0.7,13.0,198.7,23775.0,44978.0,20.9,17.0,25.0,30.21,5.47,9.0,303.0,2.0,0.6491251582160673
2026-04-18T18:41:24,04/18/202606:41,142.41,0.6599999999999999,93.99059999999999,54.489999999999995,1.1099999999999999,60.483899999999984,59.8,0.7,13.0,198.7,23775.0,44978.0,21.0,17.0,25.0,30.21,5.47,9.0,303.0,2.0,0.6435100956904201
2026-04-18T18:42:01,04/18/202606:42,142.37,0.6699999999999999,95.38789999999999,54.489999999999995,1.1099999999999999,60.483899999999984,59.8,0.7,13.0,198.7,23775.0,44978.0,21.0,17.0,25.0,30.21,5.47,9.0,303.0,2.0,0.634083568251319
2026-04-18T18:43:00,04/18/202606:43,142.32999999999998,0.6799999999999999,96.78439999999998,54.489999999999995,1.1099999999999999,60.483899999999984,59.9,0.7,13.0,198.7,23775.0,44978.0,20.9,17.0,25.0,30.21,5.47,9.0,303.0,2.0,0.6249343902529746
2026-04-18T18:43:25,04/18/202606:43,142.34,0.6799999999999999,96.79119999999999,54.489999999999995,1.1099999999999999,60.483899999999984,59.9,0.7,13.0,198.7,23775.0,44978.0,20.9,17.0,25.0,30.21,5.47,9.0,303.0,2.0,0.6248904859119423
2026-04-18T18:44:01,04/18/202606:44,142.35,0.6799999999999999,96.79799999999999,54.489999999999995,1.1099999999999999,60.483899999999984,59.9,0.7,13.0,198.7,23775.0,44978.0,20.9,17.0,25.0,30.21,5.47,9.0,303.0,2.0,0.624846587739416
2026-04-18T18:45:26,04/18/202606:45,142.35,0.6799999999999999,96.79799999999999,54.5,1.1300000000000001,61.58500000000001,61.0,0.7,13.0,198.7,23775.0,44978.0,21.0,17.0,25.0,30.21,5.47,9.0,303.0,2.0,0.6362218227649333
2026-04-18T18:46:00,04/18/202606:46,142.35,0.6799999999999999,96.79799999999999,54.510000000000005,1.15,62.6865,62.1,0.7,13.0,198.7,23775.0,44978.0,21.0,17.0,25.0,30.21,5.47,9.0,303.0,2.0,0.6476011901072337
2026-04-18T18:46:25,04/18/202606:46,142.39000000000001,0.6699999999999999,95.4013,54.510000000000005,1.12,61.05120000000001,60.5,0.7,13.0,198.7,23775.0,44978.0,21.0,17.0,25.1,30.21,5.42,8.6,297.3,1.9600000000000002,0.639940965165045
2026-04-18T18:47:01,04/18/202606:47,142.43,0.6599999999999999,94.0038,54.510000000000005,1.09,59.41590000000001,58.9,0.7,13.0,198.7,23775.0,44978.0,21.0,17.0,25.2,30.21,5.369999999999999,8.2,291.6,1.92,0.6320584912524814
2026-04-18T18:47:24,04/18/202606:47,142.43,0.6599999999999999,94.0038,54.52,1.09,59.42680000000001,58.9,0.7,13.0,198.7,23775.0,44978.0,21.0,17.0,25.3,30.21,5.319999999999999,7.8,285.9,1.8800000000000001,0.6321744440118379
2026-04-18T18:48:01,04/18/202606:48,142.44,0.6599999999999999,94.01039999999999,54.52,1.1,59.97200000000001,59.5,0.7,13.0,198.7,23775.0,44978.0,21.0,17.0,25.4,30.21,5.27,7.4,280.2,1.8399999999999999,0.6379294205747451
2026-04-18T18:48:25,04/18/202606:48,142.49,0.65,92.61850000000001,54.52,1.09,59.42680000000001,59.0,0.7,13.0,198.7,23775.0,44978.0,21.0,17.0,25.5,30.21,5.22,7.0,274.5,1.8,0.6416299119506362
2026-04-18T18:49:00,04/18/202606:49,142.54000000000002,0.6399999999999999,91.2256,54.52,1.08,58.881600000000006,58.4,0.7,13.0,198.7,23775.0,44978.0,21.0,17.0,25.6,30.21,5.17,6.6,268.8,1.7600000000000002,0.6454503998877509
2026-04-18T18:49:25,04/18/202606:49,142.57,0.63,89.81909999999999,54.52,1.0699999999999998,58.3364,57.9,0.7,13.0,198.7,23775.0,44978.0,21.0,17.0,25.7,30.21,5.119999999999999,6.2,263.1,1.72,0.6494876924841153
2026-04-18T18:50:01,04/18/202606:50,142.6,0.6199999999999999,88.41199999999998,54.52,1.06,57.7912,57.4,0.7,13.0,198.7,23775.0,44978.0,21.0,17.0,25.8,30.21,5.069999999999999,5.8,257.4,1.6800000000000002,0.6536578744966749
2026-04-18T18:50:25,04/18/202606:50,142.63,0.6199999999999999,88.43059999999998,54.510000000000005,1.03,56.145300000000006,55.8,0.7,13.0,198.7,23775.0,44978.0,21.0,17.0,25.9,30.21,5.02,5.4,251.7,1.6400000000000001,0.6349080521900792
2026-04-18T18:51:00,04/18/202606:51,142.66,0.6199999999999999,88.44919999999998,54.5,1.0,54.5,54.2,0.7,13.0,198.7,23775.0,44978.0,21.0,17.0,26.0,30.21,4.97,5.0,246.0,1.6,0.6161728992461211
2026-04-18T18:51:25,04/18/202606:51,142.64000000000001,0.63,89.8632,54.5,1.0,54.5,54.2,0.7,13.0,198.7,23775.0,44978.0,21.0,17.0,26.0,30.21,4.97,5.0,246.0,1.6,0.6064774012053877
2026-04-18T18:52:01,04/18/202606:52,142.62,0.6399999999999999,91.2768,54.5,1.0,54.5,54.2,0.7,13.0,198.7,23775.0,44978.0,21.0,17.0,26.0,30.21,4.97,5.0,246.0,1.6,0.5970849109521806
2026-04-18T18:52:25,04/18/202606:52,142.62,0.63,89.8506,54.510000000000005,0.99,53.96490000000001,53.1,0.7,13.0,198.7,23775.0,44978.0,21.0,17.0,26.0,30.21,4.97,5.0,246.0,1.6,0.6006070076326703
2026-04-18T18:52:49,04/18/202606:52,142.63,0.6199999999999999,88.43059999999998,54.5,0.97,52.865,52.0,0.7,13.0,198.7,23775.0,44978.0,21.0,17.0,26.0,30.21,4.97,5.0,246.0,1.6,0.5978134265740593
2026-04-18T18:53:01,04/18/202606:53,142.6,0.6199999999999999,88.41199999999998,54.489999999999995,0.97,52.85529999999999,52.0,0.7,13.0,198.7,23775.0,44978.0,21.0,17.0,26.0,30.21,4.97,5.0,246.0,1.6,0.5978294801610642
2026-04-18T18:53:14,04/18/202606:53,142.56,0.6199999999999999,88.38719999999998,54.489999999999995,0.9800000000000001,53.4002,52.5,0.7,13.0,198.7,23775.0,44978.0,21.0,17.0,26.0,30.21,4.97,5.0,246.0,1.6,0.6041621411245068
2026-04-18T18:54:00,04/18/202606:54,142.51000000000002,0.6199999999999999,88.3562,54.489999999999995,0.99,53.9451,53.0,0.7,13.0,198.7,23775.0,44978.0,21.0,17.0,26.0,30.21,4.97,5.0,246.0,1.6,0.6105411957508358
2026-04-18T18:54:14,04/18/202606:54,142.48000000000002,0.61,86.9128,54.489999999999995,0.9800000000000001,53.4002,52.5,0.7,13.0,198.7,23775.0,44978.0,21.0,17.0,26.0,30.21,4.97,5.0,246.0,1.6,0.6144112259644149
2026-04-18T18:55:01,04/18/202606:55,142.45,0.6,85.46999999999998,54.489999999999995,0.9800000000000001,53.4002,52.5,0.7,13.0,198.7,23775.0,44978.0,21.0,17.0,26.0,30.21,4.97,5.0,246.0,1.6,0.6247829647829649
2026-04-18T18:55:14,04/18/202606:55,142.37,0.61,86.84570000000001,54.489999999999995,1.0,54.489999999999995,53.5,0.7,13.0,198.7,23775.0,44978.0,21.0,17.0,26.0,30.21,4.97,5.0,246.0,1.6,0.6274346340693896
2026-04-18T18:56:38,04/18/202606:56,142.32999999999998,0.61,86.8213,54.489999999999995,1.01,55.03489999999999,54.0,0.7,13.0,198.7,23775.0,44978.0,21.0,17.0,26.0,30.21,4.97,5.0,246.0,1.6,0.6338870760976857
2026-04-18T18:57:00,04/18/202606:57,142.29000000000002,0.61,86.79690000000001,54.489999999999995,1.02,55.5798,54.5,0.7,13.0,198.7,23775.0,44978.0,21.0,17.0,26.0,30.21,4.97,5.0,246.0,1.6,0.6403431458957635
2026-04-18T18:57:14,04/18/202606:57,142.22,0.6199999999999999,88.17639999999999,54.48,1.01,55.0248,54.5,0.7,13.0,198.7,23775.0,44978.0,21.0,17.0,26.0,30.21,4.97,5.0,246.0,1.6,0.6240309198379612
2026-04-18T18:58:00,04/18/202606:58,142.14000000000001,0.63,89.54820000000001,54.489999999999995,1.01,55.03489999999999,54.5,0.7,13.0,198.7,23775.0,44978.0,21.0,17.0,26.0,30.21,4.97,5.0,246.0,1.6,0.6145841010762917
2026-04-18T18:58:14,04/18/202606:58,141.85,0.6399999999999999,90.78399999999998,54.5,1.04,56.68,56.1,0.7,13.0,198.7,23775.0,44978.0,21.0,17.0,26.0,30.21,4.97,5.0,246.0,1.6,0.6243390905886501
2026-04-18T18:59:00,04/18/202606:59,141.57,0.65,92.0205,54.5,1.06,57.77,57.2,0.7,13.0,198.7,23775.0,44978.0,21.0,17.0,26.0,30.21,4.97,5.0,246.0,1.6,0.6277948935291593
2026-04-18T18:59:14,04/18/202606:59,140.87,0.65,91.5655,54.5,1.06,57.77,57.2,0.7,13.0,198.7,23775.0,44978.0,21.0,17.0,26.0,30.21,4.97,5.0,246.0,1.6,0.630914481982843
2026-04-18T19:00:01,04/18/202607:00,140.15,0.6599999999999999,92.499,54.5,1.08,58.86000000000001,58.2,0.7,13.0,198.7,23775.0,44978.0,21.0,17.0,26.0,30.21,4.97,5.0,246.0,1.6,0.6363312035805794
2026-04-18T19:00:15,04/18/202607:00,139.18,0.6699999999999999,93.25059999999999,54.489999999999995,1.07,58.3043,57.6,0.7,13.0,198.7,23775.0,44978.0,21.0,17.0,26.0,30.21,4.97,5.0,246.0,1.6,0.625243161974293
2026-04-18T19:01:00,04/18/202607:01,138.26,0.6599999999999999,91.25159999999998,54.48,1.04,56.6592,56.0,0.7,13.0,198.7,23775.0,44978.0,21.0,17.0,26.0,30.21,4.97,5.0,246.0,1.6,0.6209118525045041
2026-04-18T19:01:14,04/18/202607:01,137.34,0.6399999999999999,87.89759999999998,54.45,0.9800000000000001,53.36100000000001,52.7,0.7,13.0,198.7,23775.0,44978.0,21.0,16.990000000000002,26.0,30.21,4.989,40.5,240.5,1.57,0.6070814220183489
2026-04-18T19:02:01,04/18/202607:02,136.42000000000002,0.6199999999999999,84.5804,54.42,0.9200000000000002,50.06640000000001,49.4,0.7,13.0,198.7,23775.0,44978.0,21.0,16.98,26.0,30.21,5.008,76.0,235.0,1.54,0.5919385578691991
2026-04-18T19:02:15,04/18/202607:02,135.54000000000002,0.6,81.32400000000001,54.39,0.8700000000000001,47.319300000000005,46.7,0.7,13.0,198.7,23775.0,44978.0,21.0,16.97,26.0,30.21,5.026999999999999,111.5,229.5,1.5100000000000002,0.5818614431164232
2026-04-18T19:03:00,04/18/202607:03,134.66000000000003,0.58,78.10280000000002,54.36,0.8200000000000001,44.5752,44.0,0.7,13.0,198.7,23775.0,44978.0,21.0,16.96,26.0,30.21,5.046,147.0,224.0,1.48,0.570724737141306
2026-04-18T19:03:14,04/18/202607:03,133.98000000000002,0.5599999999999999,75.0288,54.32000000000001,0.75,40.74000000000001,40.2,0.7,13.0,198.7,23775.0,44978.0,21.0,16.95,26.0,30.21,5.0649999999999995,182.5,218.5,1.45,0.5429914912673535
2026-04-18T19:04:00,04/18/202607:04,133.3,0.54,71.98200000000001,54.279999999999994,0.68,36.910399999999996,36.4,0.7,13.0,198.7,23775.0,44978.0,21.0,16.939999999999998,26.0,30.21,5.0840000000000005,218.0,213.0,1.4200000000000002,0.5127726376038453
2026-04-18T19:04:14,04/18/202607:04,133.05,0.53,70.51650000000001,54.239999999999995,0.63,34.1712,33.7,0.7,13.0,198.7,23775.0,44978.0,21.0,16.93,26.0,30.21,5.103,253.5,207.5,1.3900000000000001,0.4845844589564144
2026-04-18T19:05:01,04/18/202607:05,132.8,0.52,69.05600000000001,54.2,0.58,31.436,31.0,0.7,13.0,198.7,23775.0,44978.0,21.0,16.919999999999998,26.0,30.21,5.122,289.0,202.0,1.36,0.4552247451343836
2026-04-18T19:06:00,04/18/202607:06,132.8,0.51,67.72800000000001,54.18000000000001,0.5599999999999999,30.3408,29.9,0.7,13.0,198.7,23775.0,44978.0,21.0,16.91,26.0,30.21,5.141,324.5,196.5,1.33,0.4479801559177888
2026-04-18T19:06:14,04/18/202607:06,132.8,0.5,66.4,54.15,0.53,28.6995,28.3,0.7,13.0,198.7,23775.0,44978.0,21.0,16.9,26.0,30.21,5.16,360.0,191.0,1.3,0.43222138554216866
2026-04-18T19:07:50,04/18/202607:07,132.79000000000002,0.5,66.39500000000001,54.15,0.55,29.782500000000002,29.4,0.7,13.0,198.7,23775.0,44978.0,21.0,16.9,26.0,30.21,5.16,360.0,191.0,1.3,0.4485654040213871
2026-04-18T19:08:01,04/18/202607:08,132.78000000000003,0.5,66.39000000000001,54.15,0.5700000000000001,30.8655,30.5,0.7,13.0,198.7,23775.0,44978.0,21.0,16.9,26.0,30.21,5.16,360.0,191.0,1.3,0.4649118843199276
2026-04-18T19:09:00,04/18/202607:09,132.78000000000003,0.5,66.39000000000001,54.15,0.58,31.406999999999996,31.0,0.7,13.0,198.7,23775.0,44978.0,21.0,16.9,26.0,30.21,5.16,360.0,191.0,1.3,0.47306823316764557
2026-04-18T19:10:00,04/18/202607:10,132.78000000000003,0.5,66.39000000000001,54.14,0.59,31.9426,31.5,0.7,13.0,198.7,23775.0,44978.0,21.0,16.9,26.0,30.21,5.16,360.0,191.0,1.3,0.4811357132098206
2026-04-18T19:10:15,04/18/202607:10,132.78000000000003,0.5,66.39000000000001,54.14,0.59,31.9426,31.5,0.7,13.0,198.7,23775.0,44978.0,21.0,16.9,26.0,30.21,5.16,360.0,191.0,1.3,0.4811357132098206
2026-04-18T19:11:00,04/18/202607:11,132.78000000000003,0.5,66.39000000000001,54.14,0.59,31.9426,31.5,0.7,13.0,198.7,23775.0,44978.0,21.0,16.9,26.0,30.21,5.16,360.0,191.0,1.3,0.4811357132098206
2026-04-18T19:11:15,04/18/202607:11,132.77,0.5,66.385,54.14,0.5700000000000001,30.859800000000003,30.4,0.7,13.0,198.7,23775.0,44978.0,21.0,16.9,26.0,30.21,5.16,360.0,191.0,1.3,0.4648610378850644
2026-04-18T19:12:00,04/18/202607:12,132.76,0.5,66.38,54.14,0.55,29.777,29.3,0.7,13.0,198.7,23775.0,44978.0,21.0,16.9,26.0,30.21,5.16,360.0,191.0,1.3,0.44858391081651106
2026-04-18T19:12:14,04/18/202607:12,132.75,0.49000000000000005,65.0475,54.13000000000001,0.53,28.688900000000007,28.2,0.7,13.0,198.7,23775.0,44978.0,21.0,16.9,26.0,30.21,5.16,360.0,191.0,1.3,0.4410453899073755
2026-04-18T19:13:01,04/18/202607:13,132.74,0.48,63.7152,54.13000000000001,0.52,28.147600000000008,27.6,0.7,13.0,198.7,23775.0,44978.0,21.0,16.9,26.0,30.21,5.16,360.0,191.0,1.3,0.44177213600522336
2026-04-18T19:13:54,04/18/202607:13,132.72,0.45999999999999996,61.051199999999994,54.13000000000001,0.5,27.065000000000005,26.5,0.7,13.0,198.7,23775.0,44978.0,21.0,16.9,26.0,30.21,5.16,360.0,191.0,1.3,0.4433164294886916
2026-04-18T19:14:00,04/18/202607:14,132.7,0.44000000000000006,58.388000000000005,54.13000000000001,0.48,25.982400000000002,25.4,0.7,13.0,198.7,23775.0,44978.0,21.0,16.9,26.0,30.21,5.16,360.0,191.0,1.3,0.44499554703021166
2026-04-18T19:14:55,04/18/202607:14,132.68,0.43,57.0524,54.120000000000005,0.45999999999999996,24.8952,24.3,0.7,13.0,198.7,23775.0,44978.0,21.0,16.9,26.0,30.21,5.16,360.0,191.0,1.3,0.43635675273958674
2026-04-18T19:15:00,04/18/202607:15,132.66,0.42000000000000004,55.717200000000005,54.120000000000005,0.44000000000000006,23.812800000000006,23.2,0.7,13.0,198.7,23775.0,44978.0,21.0,16.9,26.0,30.21,5.16,360.0,191.0,1.3,0.4273868751480693
2026-04-18T19:15:54,04/18/202607:15,132.64,0.41,54.38239999999999,54.120000000000005,0.42000000000000004,22.730400000000003,22.1,0.7,13.0,198.7,23775.0,44978.0,21.0,16.88,26.0,30.21,5.1160000000000005,360.0,185.7,1.27,0.4179734620024127
2026-04-18T19:16:00,04/18/202607:16,132.61999999999998,0.4,53.047999999999995,54.120000000000005,0.4,21.648000000000003,21.0,0.7,13.0,198.7,23775.0,44978.0,21.0,16.86,26.0,30.21,5.072,360.0,180.4,1.24,0.40808324536269047
2026-04-18T19:16:54,04/18/202607:16,132.60999999999999,0.39,51.71789999999999,54.120000000000005,0.38,20.565600000000003,19.9,0.7,13.0,198.7,23775.0,44978.0,21.0,16.839999999999996,26.0,30.21,5.0280000000000005,360.0,175.1,1.21,0.3976495565365184
2026-04-18T19:17:00,04/18/202607:17,132.6,0.38,50.388,54.120000000000005,0.36,19.4832,18.8,0.7,13.0,198.7,23775.0,44978.0,21.0,16.82,26.0,30.21,4.984,360.0,169.8,1.1800000000000002,0.3866634913074542
2026-04-18T19:19:00,04/18/202607:18,125.95,0.39,49.1205,54.11,0.37,20.020699999999998,19.4,0.7,13.0,198.7,23775.0,44978.0,21.0,16.8,26.0,30.21,4.9399999999999995,360.0,164.5,1.15,0.4075833918628678
2026-04-18T19:19:01,04/18/202607:19,119.3,0.4,47.72,54.1,0.38,20.558,20.0,0.7,13.0,198.7,23775.0,44978.0,21.0,16.779999999999998,26.0,30.21,4.896,360.0,159.2,1.1199999999999999,0.43080469404861693
2026-04-18T19:19:54,04/18/202607:19,112.66,0.41000000000000003,46.1906,54.08,0.39,21.0912,20.6,0.7,13.0,198.7,23775.0,44978.0,21.0,16.759999999999998,26.0,30.21,4.851999999999999,360.0,153.9,1.09,0.4566123843379389
2026-04-18T19:20:01,04/18/202607:20,106.02000000000001,0.42000000000000004,44.52840000000001,54.06,0.4,21.624000000000002,21.2,0.7,13.0,198.7,23775.0,44978.0,21.0,16.74,26.0,30.21,4.808,360.0,148.6,1.06,0.48562265879753136
2026-04-18T19:21:00,04/18/202607:21,99.38,0.42000000000000004,41.7396,54.06,0.41,22.1646,21.8,0.7,13.0,198.7,23775.0,44978.0,21.0,16.72,26.0,30.21,4.764,360.0,143.3,1.03,0.5310209010148635
2026-04-18T19:21:54,04/18/202607:21,95.96000000000001,0.42000000000000004,40.303200000000004,54.06,0.41,22.1646,21.8,0.7,13.0,198.7,23775.0,44978.0,21.0,16.7,26.0,30.21,4.72,360.0,138.0,1.0,0.5499464062406955
2026-04-18T19:22:01,04/18/202607:22,92.55,0.42000000000000004,38.871,54.06,0.41,22.1646,21.8,0.7,13.0,198.7,23775.0,44978.0,21.0,16.7,26.0,30.21,4.72,360.0,138.0,1.0,0.5702091533533997
2026-04-18T19:22:54,04/18/202607:22,89.14,0.41000000000000003,36.5474,54.06,0.4,21.624000000000002,21.3,0.7,13.0,198.7,23775.0,44978.0,21.0,16.7,26.0,30.21,4.72,360.0,138.0,1.0,0.5916699956768471
2026-04-18T19:23:00,04/18/202607:23,85.72,0.4,34.288000000000004,54.06,0.41,22.1646,21.9,0.7,13.0,198.7,23775.0,44978.0,21.0,16.7,26.0,30.21,4.72,360.0,138.0,1.0,0.6464244050396639
2026-04-18T19:23:54,04/18/202607:23,82.29,0.4,32.916000000000004,54.06,0.42000000000000004,22.7052,22.5,0.7,13.0,198.7,23775.0,44978.0,21.0,16.7,26.0,30.21,4.72,360.0,138.0,1.0,0.689792198323004
2026-04-18T19:24:01,04/18/202607:24,85.5,0.39,33.345,54.07000000000001,0.4,21.628000000000004,21.4,0.7,13.0,198.7,23775.0,44978.0,21.0,16.7,26.0,30.21,4.72,360.0,138.0,1.0,0.6486129854550908
2026-04-18T19:24:55,04/18/202607:24,85.12,0.37,31.494400000000002,54.07000000000001,0.38,20.5466,20.3,0.7,13.0,198.7,23775.0,44978.0,21.1,16.7,26.0,30.21,4.72,360.0,138.0,1.0,0.6523889961389961
2026-04-18T19:25:01,04/18/202607:25,84.74,0.36,30.506399999999996,54.07000000000001,0.36,19.465200000000003,19.2,0.7,13.0,198.7,23775.0,44978.0,21.1,16.7,26.0,30.21,4.72,360.0,138.0,1.0,0.638069388718433
2026-04-18T19:25:54,04/18/202607:25,91.8,0.32,29.376,54.06,0.31,16.7586,16.5,0.7,13.0,198.7,23775.0,44978.0,21.0,16.7,26.0,30.21,4.72,360.0,138.0,1.0,0.5704861111111111
2026-04-18T19:26:00,04/18/202607:26,98.86,0.27999999999999997,27.680799999999998,54.04,0.26,14.0504,13.8,0.7,13.0,198.7,23775.0,44978.0,21.0,16.7,26.0,30.21,4.72,360.0,138.0,1.0,0.5075864859397128
2026-04-18T19:26:55,04/18/202607:26,95.05,0.27,25.663500000000003,54.02,0.26,14.045200000000001,13.8,0.7,13.0,198.7,23775.0,44978.0,21.0,16.7,26.0,30.21,4.72,360.0,138.0,1.0,0.5472831063572778
2026-04-18T19:27:01,04/18/202607:27,91.24,0.26,23.7224,54.0,0.26,14.040000000000001,13.8,0.7,13.0,198.7,23775.0,44978.0,21.0,16.7,26.0,30.21,4.72,360.0,138.0,1.0,0.5918456817185446
2026-04-18T19:28:00,04/18/202607:28,87.42999999999999,0.26,22.7318,53.98,0.27,14.5746,14.3,0.7,13.0,198.7,23775.0,44978.0,21.0,16.7,26.0,30.21,4.72,360.0,138.0,1.0,0.6411546819873482
2026-04-18T19:28:55,04/18/202607:28,83.61,0.26,21.7386,53.95,0.27999999999999997,15.106,14.8,0.7,13.0,198.7,23775.0,44978.0,21.0,16.7,26.0,30.21,4.72,360.0,138.0,1.0,0.6948929553881114
2026-04-18T19:30:12,04/18/202607:30,82.74,0.24,19.857599999999998,53.92,0.27,14.5584,14.2,0.7,13.0,198.7,23775.0,44978.0,21.0,16.7,26.0,30.21,4.72,360.0,138.0,1.0,0.7331399564902104
2026-04-18T19:30:55,04/18/202607:30,81.86,0.22000000000000003,18.009200000000003,53.89,0.26,14.0114,13.6,0.7,13.0,198.7,23775.0,44978.0,21.0,16.669999999999998,26.1,30.21,4.584,326.0,133.0,0.97,0.7780134597872197
2026-04-18T19:31:01,04/18/202607:31,84.57000000000001,0.21000000000000002,17.759700000000002,53.86999999999999,0.25,13.467499999999998,13.0,0.7,13.0,198.7,23775.0,44978.0,21.0,16.639999999999997,26.2,30.21,4.4479999999999995,292.0,128.0,0.9400000000000001,0.7583179896056801
2026-04-18T19:31:54,04/18/202607:31,91.97,0.18,16.5546,53.85,0.22000000000000003,11.847000000000001,11.4,0.7,13.0,198.7,23775.0,44978.0,21.0,16.61,26.3,30.21,4.311999999999999,258.0,123.0,0.9099999999999999,0.715631908955819
2026-04-18T19:32:01,04/18/202607:32,91.92999999999999,0.18,16.5474,53.839999999999996,0.22000000000000003,11.844800000000001,11.4,0.7,13.0,198.7,23775.0,44978.0,21.0,16.58,26.4,30.21,4.176,224.0,118.0,0.8800000000000001,0.7158103387843409
2026-04-18T19:32:55,04/18/202607:32,91.87,0.18,16.5366,53.81999999999999,0.22000000000000003,11.8404,11.4,0.7,13.0,198.7,23775.0,44978.0,21.0,16.55,26.5,30.21,4.04,190.0,112.9,0.85,0.7160117557418091
2026-04-18T19:33:01,04/18/202607:33,99.46000000000001,0.15,14.919,53.8,0.18,9.684,9.3,0.7,13.0,198.7,23775.0,44978.0,21.0,16.52,26.6,30.21,3.904,156.0,107.8,0.82,0.649105167906696
2026-04-18T19:33:55,04/18/202607:33,107.04,0.12,12.844800000000001,53.77,0.14,7.527800000000001,7.2,0.7,13.0,198.7,23775.0,44978.0,21.0,16.49,26.7,30.21,3.768,122.0,102.7,0.7899999999999999,0.5860581714000996
2026-04-18T19:34:01,04/18/202607:34,114.62,0.09,10.3158,53.739999999999995,0.1,5.374,5.1,0.7,13.0,198.7,23775.0,44978.0,21.0,16.46,26.8,30.21,3.632,88.0,97.6,0.76,0.5209484480117877
2026-04-18T19:34:54,04/18/202607:34,121.94000000000001,0.06000000000000001,7.3164000000000025,53.720000000000006,0.06000000000000001,3.223200000000001,3.0,0.7,13.0,198.7,23775.0,44978.0,21.0,16.43,26.9,30.21,3.496,54.0,92.5,0.73,0.4405445300967689
2026-04-18T19:35:01,04/18/202607:35,126.32000000000001,0.04,5.0528,53.7,0.04,2.148,2.0,0.7,13.0,198.7,23775.0,44978.0,21.0,16.4,27.0,30.21,3.3600000000000003,20.0,87.4,0.7,0.42511082963901203
2026-04-18T19:35:55,04/18/202607:35,130.97,0.02,2.6194,53.67,0.02,1.0734000000000001,1.0,0.7,13.0,198.7,23775.0,44978.0,21.0,16.4,27.0,30.21,3.3600000000000003,20.0,87.3,0.7,0.40978850118347715
2026-04-18T19:36:01,04/18/202607:36,135.62,0.0,0.0,53.64,0.0,0.0,0.0,0.7,13.0,198.7,23775.0,44978.0,21.0,16.4,27.0,30.21,3.3600000000000003,20.0,87.2,0.7,
2026-04-18T19:36:54,04/18/202607:36,135.54000000000002,0.0,0.0,53.61,0.0,0.0,0.0,0.7,13.0,198.7,23775.0,44978.0,21.0,16.4,27.0,30.21,3.304,20.9,87.1,0.7,
2026-04-18T19:37:00,04/18/202607:37,135.45999999999998,0.0,0.0,53.58,0.0,0.0,0.0,0.7,13.0,198.7,23775.0,44978.0,21.0,16.4,27.0,30.21,3.2479999999999998,21.8,87.0,0.7,
2026-04-18T19:37:55,04/18/202607:37,135.42000000000002,0.0,0.0,53.56,0.0,0.0,0.0,0.7,13.0,198.7,23775.0,44978.0,21.0,16.4,27.0,30.21,3.1919999999999997,22.7,87.0,0.7,
2026-04-18T19:38:01,04/18/202607:38,135.38,0.0,0.0,53.54,0.0,0.0,0.0,0.7,13.0,198.7,23775.0,44978.0,21.0,16.4,27.0,30.21,3.136,23.6,87.0,0.7,
2026-04-18T19:38:55,04/18/202607:38,135.32,0.0,0.0,53.52,0.0,0.0,0.0,0.7,13.0,198.7,23775.0,44978.0,21.0,16.4,27.0,30.21,3.0799999999999996,24.5,87.0,0.7,
2026-04-18T19:39:01,04/18/202607:39,135.26,0.0,0.0,53.5,0.0,0.0,0.0,0.7,13.0,198.7,23775.0,44978.0,21.0,16.4,27.0,30.21,3.024,25.4,87.0,0.7,
2026-04-18T19:40:01,04/18/202607:40,135.47,0.0,0.0,53.48,0.0,0.0,0.0,0.7,13.0,198.7,23775.0,44978.0,21.0,16.4,27.0,30.21,2.968,26.3,87.0,0.7,
2026-04-18T19:41:24,04/18/202607:41,135.66,0.0,0.0,53.46,0.0,0.0,0.0,0.7,13.0,198.7,23775.0,44978.0,21.1,16.4,27.0,30.21,2.912,27.2,87.0,0.7,
2026-04-18T19:41:55,04/18/202607:41,135.57999999999998,0.0,0.0,53.45,0.0,0.0,0.0,0.7,13.0,198.7,23775.0,44978.0,21.0,16.4,27.0,30.21,2.856,28.1,87.0,0.7,
2026-04-18T19:42:00,04/18/202607:42,135.5,0.0,0.0,53.44,0.0,0.0,0.0,0.7,13.0,198.7,23775.0,44978.0,21.0,16.4,27.0,30.21,2.8,29.0,87.0,0.7,
2026-04-18T19:42:55,04/18/202607:42,135.44,0.0,0.0,53.42,0.0,0.0,0.0,0.7,13.0,198.7,23775.0,44978.0,21.0,16.4,27.0,30.21,2.8,29.0,87.0,0.7,
2026-04-18T19:43:01,04/18/202607:43,135.38,0.0,0.0,53.4,0.0,0.0,0.0,0.7,13.0,198.7,23775.0,44978.0,21.0,16.4,27.0,30.21,2.8,29.0,87.0,0.7,
2026-04-18T19:43:54,04/18/202607:43,135.28,0.0,0.0,53.379999999999995,0.0,0.0,0.0,0.7,13.0,198.7,23775.0,44978.0,21.1,16.4,27.0,30.21,2.8,29.0,87.0,0.7,
2026-04-18T19:44:00,04/18/202607:44,135.18,0.0,0.0,53.36,0.0,0.0,0.0,0.7,13.0,198.7,23775.0,44978.0,21.1,16.4,27.0,30.21,2.8,29.0,87.0,0.7,
2026-04-18T19:44:54,04/18/202607:44,135.09,0.0,0.0,53.339999999999996,0.0,0.0,0.0,0.7,13.0,198.7,23775.0,44978.0,21.0,16.4,27.0,30.21,2.8,29.0,87.0,0.7,
2026-04-18T19:45:00,04/18/202607:45,135.0,0.0,0.0,53.32000000000001,0.0,0.0,0.0,0.7,13.0,198.7,23775.0,44978.0,21.0,16.4,27.0,30.21,2.8,29.0,87.0,0.7,
2026-04-18T19:45:55,04/18/202607:45,134.88,0.0,0.0,53.3,0.0,0.0,0.0,0.7,13.0,198.7,23775.0,44978.0,21.0,16.35,27.1,30.21,2.7619999999999996,32.9,82.6,0.6799999999999999,
2026-04-18T19:46:01,04/18/202607:46,134.78,0.0,0.0,53.279999999999994,0.0,0.0,0.0,0.7,13.0,198.7,23775.0,44978.0,21.0,16.3,27.2,30.21,2.7239999999999998,36.8,78.2,0.6599999999999999,
2026-04-18T19:46:55,04/18/202607:46,134.68,0.0,0.0,53.260000000000005,0.0,0.0,0.0,0.7,13.0,198.7,23775.0,44978.0,21.0,16.25,27.3,30.21,2.686,40.7,73.8,0.6399999999999999,
2026-04-18T19:47:00,04/18/202607:47,134.57999999999998,0.0,0.0,53.239999999999995,0.0,0.0,0.0,0.7,13.0,198.7,23775.0,44978.0,21.0,16.2,27.4,30.21,2.6479999999999997,44.6,69.4,0.6199999999999999,
2026-04-18T19:47:55,04/18/202607:47,134.47,0.0,0.0,53.23,0.0,0.0,0.0,0.7,13.0,198.7,23775.0,44978.0,21.0,16.15,27.5,30.21,2.61,48.5,65.0,0.6,
2026-04-18T19:48:01,04/18/202607:48,134.35999999999999,0.0,0.0,53.220000000000006,0.0,0.0,0.0,0.7,13.0,198.7,23775.0,44978.0,21.0,16.1,27.6,30.21,2.572,52.4,60.6,0.58,
2026-04-18T19:48:55,04/18/202607:48,134.24,0.0,0.0,53.2,0.0,0.0,0.0,0.7,13.0,198.7,23775.0,44978.0,21.1,16.05,27.7,30.21,2.534,56.3,56.2,0.5599999999999999,
2026-04-18T19:49:00,04/18/202607:49,134.12,0.0,0.0,53.18000000000001,0.0,0.0,0.0,0.7,13.0,198.7,23775.0,44978.0,21.1,16.0,27.8,30.21,2.496,60.2,51.8,0.54,
2026-04-18T19:49:55,04/18/202607:49,133.99,0.0,0.0,53.17,0.0,0.0,0.0,0.7,13.0,198.7,23775.0,44978.0,21.0,15.95,27.9,30.21,2.4579999999999997,64.1,47.4,0.52,
2026-04-18T19:50:00,04/18/202607:50,133.85999999999999,0.0,0.0,53.160000000000004,0.0,0.0,0.0,0.7,13.0,198.7,23775.0,44978.0,21.0,15.9,28.0,30.21,2.42,68.0,43.0,0.5,
2026-04-18T19:50:38,04/18/202607:50,133.74,0.0,0.0,53.15,0.0,0.0,0.0,0.7,13.0,198.7,23775.0,44978.0,21.0,15.9,28.0,30.21,2.42,68.0,43.0,0.5,
2026-04-18T19:51:01,04/18/202607:51,133.62,0.0,0.0,53.14,0.0,0.0,0.0,0.7,13.0,198.7,23775.0,44978.0,21.0,15.9,28.0,30.21,2.42,68.0,43.0,0.5,
2026-04-18T19:52:35,04/18/202607:52,133.48,0.0,0.0,53.120000000000005,0.0,0.0,0.0,0.7,13.0,198.7,23775.0,44978.0,21.0,15.9,28.0,30.21,2.42,68.0,43.0,0.5,
2026-04-18T19:52:38,04/18/202607:52,133.31,0.0,0.0,53.089999999999996,0.01,0.5308999999999999,0.5,0.7,13.0,198.7,23775.0,44978.0,21.1,15.9,28.0,30.21,2.42,68.0,43.0,0.5,
2026-04-18T19:53:00,04/18/202607:53,133.17000000000002,0.0,0.0,53.06,0.02,1.0612000000000001,1.0,0.7,13.0,198.7,23775.0,44978.0,21.1,15.9,28.0,30.21,2.42,68.0,43.0,0.5,
2026-04-18T19:53:38,04/18/202607:53,132.99,0.0,0.0,53.029999999999994,0.02,1.0606,1.0,0.7,13.0,198.7,23775.0,44978.0,21.0,15.9,28.0,30.21,2.42,68.0,43.0,0.5,
2026-04-18T19:54:01,04/18/202607:54,132.84,0.0,0.0,53.010000000000005,0.02,1.0602,1.0,0.7,13.0,198.7,23775.0,44978.0,21.0,15.9,28.0,30.21,2.42,68.0,43.0,0.5,
2026-04-18T19:54:38,04/18/202607:54,132.15,0.0,0.0,52.98,0.02,1.0595999999999999,1.0,0.7,13.0,198.7,23775.0,44978.0,21.1,15.9,28.0,30.21,2.42,68.0,43.0,0.5,
2026-04-18T19:55:00,04/18/202607:55,131.49,0.0,0.0,52.95,0.02,1.0590000000000002,1.0,0.7,13.0,198.7,23775.0,44978.0,21.1,15.9,28.0,30.21,2.42,68.0,43.0,0.5,
2026-04-18T19:55:38,04/18/202607:55,131.28,0.0,0.0,52.92999999999999,0.02,1.0585999999999998,1.0,0.7,13.0,198.7,23775.0,44978.0,21.1,15.9,28.0,30.21,2.42,68.0,43.0,0.5,
2026-04-18T19:56:01,04/18/202607:56,131.09,0.0,0.0,52.910000000000004,0.02,1.0582,1.0,0.7,13.0,198.7,23775.0,44978.0,21.1,15.9,28.0,30.21,2.42,68.0,43.0,0.5,
2026-04-18T19:56:38,04/18/202607:56,129.68,0.0,0.0,52.870000000000005,0.02,1.0574000000000001,1.0,0.7,13.0,198.7,23775.0,44978.0,21.1,15.9,28.0,30.21,2.42,68.0,43.0,0.5,
2026-04-18T19:57:00,04/18/202607:57,128.3,0.0,0.0,52.839999999999996,0.02,1.0568,1.0,0.7,13.0,198.7,23775.0,44978.0,21.1,15.9,28.0,30.21,2.42,68.0,43.0,0.5,
2026-04-18T19:57:38,04/18/202607:57,128.07999999999998,0.0,0.0,52.83,0.01,0.5283,0.5,0.7,13.0,198.7,23775.0,44978.0,21.1,15.9,28.0,30.21,2.42,68.0,43.0,0.5,
2026-04-18T19:58:01,04/18/202607:58,127.85999999999999,0.0,0.0,52.82000000000001,0.0,0.0,0.0,0.7,13.0,198.7,23775.0,44978.0,21.1,15.9,28.0,30.21,2.42,68.0,43.0,0.5,
2026-04-18T19:58:38,04/18/202607:58,127.15,0.0,0.0,52.8,0.0,0.0,0.0,0.7,13.0,198.7,23775.0,44978.0,21.1,15.9,28.0,30.21,2.42,68.0,43.0,0.5,
2026-04-18T19:59:01,04/18/202607:59,126.44000000000001,0.0,0.0,52.779999999999994,0.0,0.0,0.0,0.7,13.0,198.7,23775.0,44978.0,21.1,15.9,28.0,30.21,2.42,68.0,43.0,0.5,
2026-04-18T19:59:38,04/18/202607:59,126.69000000000001,0.0,0.0,52.77,0.0,0.0,0.0,0.7,13.0,198.7,23775.0,44978.0,21.1,15.9,28.0,30.21,2.42,68.0,43.0,0.5,
2026-04-18T20:00:00,04/18/202608:00,126.94000000000001,0.0,0.0,52.760000000000005,0.0,0.0,0.0,0.7,13.0,198.7,23775.0,44978.0,21.1,15.9,28.0,30.21,2.42,68.0,43.0,0.5,
2026-04-18T20:00:38,04/18/202608:00,126.57000000000001,0.0,0.0,52.73,0.0,0.0,0.0,0.7,13.0,198.7,23775.0,44978.0,21.1,15.9,28.0,30.21,2.42,68.0,43.0,0.5,
2026-04-18T20:01:01,04/18/202608:01,126.2,0.0,0.0,52.7,0.0,0.0,0.0,0.7,13.0,198.7,23775.0,44978.0,21.1,15.9,28.0,30.21,2.42,68.0,43.0,0.5,
2026-04-18T20:01:38,04/18/202608:01,127.09,0.0,0.0,52.69,0.0,0.0,0.0,0.7,13.0,198.7,23775.0,44978.0,21.1,15.830000000000002,28.1,30.21,2.582,72.1,39.7,0.48,
2026-04-18T20:02:00,04/18/202608:02,127.97999999999999,0.0,0.0,52.67999999999999,0.0,0.0,0.0,0.7,13.0,198.7,23775.0,44978.0,21.1,15.76,28.2,30.21,2.7439999999999998,76.2,36.4,0.45999999999999996,
2026-04-18T20:03:47,04/18/202608:03,127.64000000000001,0.0,0.0,52.660000000000004,0.0,0.0,0.0,0.7,13.0,198.7,23775.0,44978.0,21.1,15.690000000000001,28.3,30.21,2.9059999999999997,80.3,33.1,0.44000000000000006,
2026-04-18T20:03:52,04/18/202608:03,125.12,0.0,0.0,52.64,0.0,0.0,0.0,0.7,13.0,198.7,23775.0,44978.0,21.1,15.62,28.4,30.21,3.068,84.4,29.8,0.42000000000000004,
2026-04-18T20:04:01,04/18/202608:04,123.13,0.0,0.0,52.63000000000001,0.0,0.0,0.0,0.7,13.0,198.7,23775.0,44978.0,21.1,15.55,28.5,30.21,3.2299999999999995,88.5,26.5,0.4,
2026-04-18T20:04:53,04/18/202608:04,123.14000000000001,0.0,0.0,52.620000000000005,0.0,0.0,0.0,0.7,13.0,198.7,23775.0,44978.0,21.1,15.48,28.6,30.21,3.3920000000000003,92.6,23.2,0.38,
2026-04-18T20:05:01,04/18/202608:05,122.72999999999999,0.0,0.0,52.61,0.0,0.0,0.0,0.7,13.0,198.7,23775.0,44978.0,21.1,15.41,28.7,30.21,3.554,96.7,19.9,0.36,
2026-04-18T20:05:52,04/18/202608:05,120.57000000000001,0.0,0.0,52.589999999999996,0.0,0.0,0.0,0.7,13.0,198.7,23775.0,44978.0,21.1,15.34,28.8,30.21,3.7159999999999997,100.8,16.6,0.33999999999999997,
2026-04-18T20:06:01,04/18/202608:06,118.58,0.0,0.0,52.58,0.0,0.0,0.0,0.7,13.0,198.7,23775.0,44978.0,21.1,15.27,28.9,30.21,3.878,104.9,13.3,0.31999999999999995,
2026-04-18T20:06:53,04/18/202608:06,118.13,0.0,0.0,52.57000000000001,0.0,0.0,0.0,0.7,13.0,198.7,23775.0,44978.0,21.1,15.2,29.0,30.21,4.04,109.0,10.0,0.3,
2026-04-18T20:07:01,04/18/202608:07,117.64000000000001,0.0,0.0,52.56,0.0,0.0,0.0,0.7,13.0,198.7,23775.0,44978.0,21.1,15.2,29.0,30.21,4.04,109.0,10.0,0.3,
2026-04-18T20:07:53,04/18/202608:07,115.41,0.0,0.0,52.54,0.0,0.0,0.0,0.7,13.0,198.7,23775.0,44978.0,21.1,15.2,29.0,30.21,4.04,109.0,10.0,0.3,
2026-04-18T20:08:01,04/18/202608:08,113.28,0.0,0.0,52.52,0.0,0.0,0.0,0.7,13.0,198.7,23775.0,44978.0,21.1,15.2,29.0,30.21,4.04,109.0,10.0,0.3,
2026-04-18T20:08:52,04/18/202608:08,114.83,0.0,0.0,52.5,0.0,0.0,0.0,0.7,13.0,198.7,23775.0,44978.0,21.1,15.2,29.0,30.21,4.04,109.0,10.0,0.3,
2026-04-18T20:09:00,04/18/202608:09,116.38,0.0,0.0,52.48,0.0,0.0,0.0,0.7,13.0,198.7,23775.0,44978.0,21.1,15.2,29.0,30.21,4.04,109.0,10.0,0.3,
2026-04-18T20:09:53,04/18/202608:09,113.85999999999999,0.0,0.0,52.46,0.0,0.0,0.0,0.7,13.0,198.7,23775.0,44978.0,21.1,15.2,29.0,30.21,4.04,109.0,10.0,0.3,
2026-04-18T20:10:01,04/18/202608:10,111.34,0.0,0.0,52.44,0.0,0.0,0.0,0.7,13.0,198.7,23775.0,44978.0,21.1,15.2,29.0,30.21,4.04,109.0,10.0,0.3,
2026-04-18T20:10:53,04/18/202608:10,111.92,0.0,0.0,52.42,0.0,0.0,0.0,0.7,13.0,198.7,23775.0,44978.0,21.1,15.2,29.0,30.21,4.04,109.0,10.0,0.3,
2026-04-18T20:11:01,04/18/202608:11,112.5,0.0,0.0,52.4,0.0,0.0,0.0,0.7,13.0,198.7,23775.0,44978.0,21.1,15.2,29.0,30.21,4.04,109.0,10.0,0.3,
2026-04-18T20:11:36,04/18/202608:11,110.2,0.0,0.0,52.39,0.0,0.0,0.0,0.7,13.0,198.7,23775.0,44978.0,21.1,15.2,29.0,30.21,4.04,109.0,10.0,0.3,
2026-04-18T20:12:01,04/18/202608:12,107.9,0.0,0.0,52.379999999999995,0.0,0.0,0.0,0.7,13.0,198.7,23775.0,44978.0,21.1,15.2,29.0,30.21,4.04,109.0,10.0,0.3,
2026-04-18T20:12:36,04/18/202608:12,102.65,0.0,0.0,52.36999999999999,0.0,0.0,0.0,0.7,13.0,198.7,23775.0,44978.0,21.1,15.2,29.0,30.21,4.04,109.0,10.0,0.3,
2026-04-18T20:13:01,04/18/202608:13,97.4,0.0,0.0,52.36,0.0,0.0,0.0,0.7,13.0,198.7,23775.0,44978.0,21.1,15.2,29.0,30.21,4.04,109.0,10.0,0.3,
2026-04-18T20:13:36,04/18/202608:13,90.64,0.0,0.0,52.35,0.0,0.0,0.0,0.7,13.0,198.7,23775.0,44978.0,21.1,15.2,29.0,30.21,4.04,109.0,10.0,0.3,
2026-04-18T20:14:59,04/18/202608:14,83.88000000000001,0.0,0.0,52.339999999999996,0.0,0.0,0.0,0.7,13.0,198.7,23775.0,44978.0,21.1,15.2,29.0,30.21,4.04,109.0,10.0,0.3,
2026-04-18T20:15:00,04/18/202608:15,79.19,0.0,0.0,52.33,0.0,0.0,0.0,0.7,13.0,198.7,23775.0,44978.0,21.1,15.2,29.0,30.21,4.04,109.0,10.0,0.3,
2026-04-18T20:17:01,04/18/202608:17,74.49,0.0,0.0,52.31,0.0,0.0,0.0,0.7,13.0,198.7,23775.0,44978.0,21.1,15.15,29.2,30.21,4.071,109.2,9.0,0.27999999999999997,
2026-04-18T20:18:00,04/18/202608:18,68.45,0.0,0.0,52.3,0.0,0.0,0.0,0.7,13.0,198.7,23775.0,44978.0,21.1,15.1,29.4,30.21,4.101999999999999,109.4,8.0,0.26,
2026-04-18T20:19:00,04/18/202608:19,62.410000000000004,0.0,0.0,52.29,0.0,0.0,0.0,0.7,13.0,198.7,23775.0,44978.0,21.1,15.05,29.6,30.21,4.133,109.6,7.0,0.24,
2026-04-18T20:19:01,04/18/202608:19,57.7,0.0,0.0,52.260000000000005,0.0,0.0,0.0,0.7,13.0,198.7,23775.0,44978.0,21.1,15.0,29.8,30.21,4.164,109.8,6.0,0.22000000000000003,
2026-04-18T20:20:00,04/18/202608:20,52.989999999999995,0.0,0.0,52.23,0.0,0.0,0.0,0.7,13.0,198.7,23775.0,44978.0,21.1,14.95,30.0,30.21,4.194999999999999,110.0,5.0,0.2,
2026-04-18T20:21:00,04/18/202608:21,52.98,0.0,0.0,52.220000000000006,0.0,0.0,0.0,0.7,13.0,198.7,23775.0,44978.0,21.1,14.9,30.2,30.21,4.226,110.2,4.0,0.18,
2026-04-18T20:22:00,04/18/202608:22,52.970000000000006,0.0,0.0,52.21,0.0,0.0,0.0,0.7,13.0,198.7,23775.0,44978.0,21.1,14.85,30.4,30.21,4.257,110.4,3.0,0.16,
2026-04-18T20:22:53,04/18/202608:22,52.95,0.0,0.0,52.2,0.0,0.0,0.0,0.7,13.0,198.7,23775.0,44978.0,21.1,14.8,30.6,30.21,4.276,110.3,2.0,0.13999999999999999,
2026-04-18T20:23:00,04/18/202608:23,52.92999999999999,0.0,0.0,52.19,0.0,0.0,0.0,0.7,13.0,198.7,23775.0,44978.0,21.1,14.75,30.8,30.21,4.295,110.2,1.0,0.12,
2026-04-18T20:24:43,04/18/202608:24,51.83,0.0,0.0,52.17,0.0,0.0,0.0,0.7,13.0,198.7,23775.0,44978.0,21.1,14.7,31.0,30.21,4.314,110.1,0.0,0.1,
2026-04-18T20:26:10,04/18/202608:26,50.260000000000005,0.0,0.0,52.160000000000004,0.0,0.0,0.0,0.7,13.0,198.7,23775.0,44978.0,21.1,14.7,31.0,30.21,4.302,109.8,0.0,0.1,
2026-04-18T20:26:43,04/18/202608:26,48.269999999999996,0.0,0.0,52.15,0.0,0.0,0.0,0.7,13.0,198.7,23775.0,44978.0,21.1,14.7,31.0,30.21,4.29,109.5,0.0,0.1,
2026-04-18T20:27:00,04/18/202608:27,46.28,0.0,0.0,52.14,0.0,0.0,0.0,0.7,13.0,198.7,23775.0,44978.0,21.1,14.7,31.0,30.21,4.2780000000000005,109.2,0.0,0.1,
2026-04-18T20:27:42,04/18/202608:27,43.980000000000004,0.0,0.0,52.14,0.0,0.0,0.0,0.7,13.0,198.7,23775.0,44978.0,21.1,14.7,31.0,30.21,4.266,108.9,0.0,0.1,
2026-04-18T20:28:00,04/18/202608:28,41.68,0.0,0.0,52.14,0.0,0.0,0.0,0.7,13.0,198.7,23775.0,44978.0,21.1,14.7,31.0,30.21,4.2540000000000004,108.6,0.0,0.1,
2026-04-18T20:28:42,04/18/202608:28,39.14,0.0,0.0,52.13000000000001,0.0,0.0,0.0,0.7,13.0,198.7,23775.0,44978.0,21.1,14.7,31.0,30.21,4.242,108.3,0.0,0.1,
2026-04-18T20:29:00,04/18/202608:29,36.6,0.0,0.0,52.120000000000005,0.0,0.0,0.0,0.7,13.0,198.7,23775.0,44978.0,21.1,14.7,31.0,30.21,4.23,108.0,0.0,0.1,
2026-04-18T20:29:43,04/18/202608:29,33.910000000000004,0.0,0.0,52.11,0.0,0.0,0.0,0.7,13.0,198.7,23775.0,44978.0,21.1,14.7,31.0,30.21,4.23,108.0,0.0,0.1,
2026-04-18T20:30:00,04/18/202608:30,31.22,0.0,0.0,52.1,0.0,0.0,0.0,0.7,13.0,198.7,23775.0,44978.0,21.1,14.7,31.0,30.21,4.23,108.0,0.0,0.1,
2026-04-18T20:30:42,04/18/202608:30,29.48,0.0,0.0,52.1,0.0,0.0,0.0,0.7,13.0,198.7,23775.0,44978.0,21.1,14.66,31.2,30.21,4.329000000000001,109.3,0.0,0.1,
2026-04-18T20:31:00,04/18/202608:31,28.22,0.0,0.0,52.1,0.0,0.0,0.0,0.7,13.0,198.7,23775.0,44978.0,21.1,14.62,31.4,30.21,4.428,110.6,0.0,0.1,
2026-04-18T20:31:42,04/18/202608:31,27.29,0.0,0.0,52.089999999999996,0.0,0.0,0.0,0.7,13.0,198.7,23775.0,44978.0,21.1,14.580000000000002,31.6,30.21,4.527,111.9,0.0,0.1,
2026-04-18T20:32:00,04/18/202608:32,26.360000000000003,0.0,0.0,52.08,0.0,0.0,0.0,0.7,13.0,198.7,23775.0,44978.0,21.1,14.540000000000001,31.8,30.21,4.626,113.2,0.0,0.1,
2026-04-18T20:32:42,04/18/202608:32,25.7,0.0,0.0,52.07000000000001,0.0,0.0,0.0,0.7,13.0,198.7,23775.0,44978.0,21.1,14.5,32.0,30.21,4.725,114.5,0.0,0.1,
2026-04-18T20:33:00,04/18/202608:33,25.04,0.0,0.0,52.06,0.0,0.0,0.0,0.7,13.0,198.7,23775.0,44978.0,21.1,14.459999999999999,32.2,30.21,4.824,115.8,0.0,0.1,
2026-04-18T20:33:42,04/18/202608:33,24.580000000000002,0.0,0.0,52.05,0.0,0.0,0.0,0.7,13.0,198.7,23775.0,44978.0,21.1,14.419999999999998,32.4,30.21,4.923,117.1,0.0,0.1,
2026-04-18T20:34:00,04/18/202608:34,24.119999999999997,0.0,0.0,52.04,0.0,0.0,0.0,0.7,13.0,198.7,23775.0,44978.0,21.1,14.38,32.6,30.21,5.022,118.4,0.0,0.1,
2026-04-18T20:34:43,04/18/202608:34,23.81,0.0,0.0,52.029999999999994,0.0,0.0,0.0,0.7,13.0,198.7,23775.0,44978.0,21.1,14.34,32.8,30.21,5.121,119.7,0.0,0.1,
2026-04-18T20:35:00,04/18/202608:35,23.5,0.0,0.0,52.02,0.0,0.0,0.0,0.7,13.0,198.7,23775.0,44978.0,21.1,14.3,33.0,30.21,5.22,121.0,0.0,0.1,
2026-04-18T20:35:42,04/18/202608:35,23.3,0.0,0.0,52.010000000000005,0.0,0.0,0.0,0.7,13.0,198.7,23775.0,44978.0,21.1,14.3,33.0,30.21,5.22,121.0,0.0,0.1,
2026-04-18T20:36:00,04/18/202608:36,23.1,0.0,0.0,52.0,0.0,0.0,0.0,0.7,13.0,198.7,23775.0,44978.0,21.1,14.3,33.0,30.21,5.22,121.0,0.0,0.1,
2026-04-18T20:37:23,04/18/202608:37,22.970000000000002,0.0,0.0,52.0,0.0,0.0,0.0,0.7,13.0,198.7,23775.0,44978.0,21.1,14.3,33.0,30.21,5.22,121.0,0.0,0.1,
2026-04-18T20:37:43,04/18/202608:37,22.830000000000002,0.0,0.0,51.989999999999995,0.0,0.0,0.0,0.7,13.0,198.7,23775.0,44978.0,21.2,14.3,33.0,30.21,5.22,121.0,0.0,0.1,
2026-04-18T20:38:00,04/18/202608:38,22.740000000000002,0.0,0.0,51.98,0.0,0.0,0.0,0.7,13.0,198.7,23775.0,44978.0,21.2,14.3,33.0,30.21,5.22,121.0,0.0,0.1,
2026-04-18T20:38:42,04/18/202608:38,22.64,0.0,0.0,51.98,0.0,0.0,0.0,0.7,13.0,198.7,23775.0,44978.0,21.1,14.3,33.0,30.21,5.22,121.0,0.0,0.1,
2026-04-18T20:39:01,04/18/202608:39,22.57,0.0,0.0,51.98,0.0,0.0,0.0,0.7,13.0,198.7,23775.0,44978.0,21.1,14.3,33.0,30.21,5.22,121.0,0.0,0.1,
2026-04-18T20:39:42,04/18/202608:39,22.490000000000002,0.0,0.0,51.98,0.0,0.0,0.0,0.7,13.0,198.7,23775.0,44978.0,21.1,14.3,33.0,30.21,5.22,121.0,0.0,0.1,
2026-04-18T20:40:00,04/18/202608:40,22.43,0.0,0.0,51.98,0.0,0.0,0.0,0.7,13.0,198.7,23775.0,44978.0,21.1,14.3,33.0,30.21,5.22,121.0,0.0,0.1,
2026-04-18T20:40:43,04/18/202608:40,22.36,0.0,0.0,51.98,0.0,0.0,0.0,0.7,13.0,198.7,23775.0,44978.0,21.1,14.3,33.0,30.21,5.22,121.0,0.0,0.1,
2026-04-18T20:41:00,04/18/202608:41,22.31,0.0,0.0,51.98,0.0,0.0,0.0,0.7,13.0,198.7,23775.0,44978.0,21.1,14.3,33.0,30.21,5.22,121.0,0.0,0.1,
2026-04-18T20:42:00,04/18/202608:42,22.259999999999998,0.0,0.0,51.970000000000006,0.0,0.0,0.0,0.7,13.0,198.7,23775.0,44978.0,21.1,14.3,33.0,30.21,5.22,121.0,0.0,0.1,
2026-04-18T20:42:43,04/18/202608:42,22.21,0.0,0.0,51.970000000000006,0.0,0.0,0.0,0.7,13.0,198.7,23775.0,44978.0,21.2,14.3,33.0,30.21,5.22,121.0,0.0,0.1,
2026-04-18T20:43:00,04/18/202608:43,22.169999999999998,0.0,0.0,51.98,0.0,0.0,0.0,0.7,13.0,198.7,23775.0,44978.0,21.2,14.3,33.0,30.21,5.22,121.0,0.0,0.1,
2026-04-18T20:44:46,04/18/202608:44,22.130000000000003,0.0,0.0,51.989999999999995,0.0,0.0,0.0,0.7,13.0,198.7,23775.0,44978.0,21.1,14.3,33.0,30.21,5.22,121.0,0.0,0.1,
2026-04-18T20:45:00,04/18/202608:45,22.1,0.0,0.0,51.989999999999995,0.0,0.0,0.0,0.7,13.0,198.7,23775.0,44978.0,21.1,14.3,33.0,30.21,5.22,121.0,0.0,0.1,
2026-04-18T20:45:45,04/18/202608:45,22.06,0.0,0.0,51.98,0.0,0.0,0.0,0.7,13.0,198.7,23775.0,44978.0,21.1,14.25,33.2,30.21,5.194999999999999,121.5,0.0,0.09,
2026-04-18T20:46:00,04/18/202608:46,22.03,0.0,0.0,51.970000000000006,0.0,0.0,0.0,0.7,13.0,198.7,23775.0,44978.0,21.1,14.2,33.4,30.21,5.17,122.0,0.0,0.08,
2026-04-18T20:47:01,04/18/202608:47,22.0,0.0,0.0,51.96,0.0,0.0,0.0,0.7,13.0,198.7,23775.0,44978.0,21.1,14.15,33.6,30.21,5.145,122.5,0.0,0.07,
2026-04-18T20:48:34,04/18/202608:48,21.98,0.0,0.0,51.95,0.0,0.0,0.0,0.7,13.0,198.7,23775.0,44978.0,21.1,14.1,33.8,30.21,5.119999999999999,123.0,0.0,0.06000000000000001,
2026-04-18T20:49:00,04/18/202608:49,21.96,0.0,0.0,51.94,0.0,0.0,0.0,0.7,13.0,198.7,23775.0,44978.0,21.1,14.05,34.0,30.21,5.095,123.5,0.0,0.05,
2026-04-18T20:50:01,04/18/202608:50,21.939999999999998,0.0,0.0,51.94,0.0,0.0,0.0,0.7,13.0,198.7,23775.0,44978.0,21.1,14.0,34.2,30.21,5.069999999999999,124.0,0.0,0.04,
2026-04-18T20:51:01,04/18/202608:51,21.93,0.0,0.0,51.92999999999999,0.0,0.0,0.0,0.7,13.0,198.7,23775.0,44978.0,21.1,13.95,34.4,30.21,5.045,124.5,0.0,0.030000000000000006,
2026-04-18T20:51:26,04/18/202608:51,21.91,0.0,0.0,51.910000000000004,0.0,0.0,0.0,0.7,13.0,198.7,23775.0,44978.0,21.1,13.9,34.6,30.21,5.02,125.0,0.0,0.02,
2026-04-18T20:52:01,04/18/202608:52,21.889999999999997,0.0,0.0,51.89,0.0,0.0,0.0,0.7,13.0,198.7,23775.0,44978.0,21.1,13.85,34.8,30.21,4.994999999999999,125.5,0.0,0.01,
2026-04-18T20:53:01,04/18/202608:53,21.869999999999997,0.0,0.0,51.879999999999995,0.0,0.0,0.0,0.7,13.0,198.7,23775.0,44978.0,21.1,13.8,35.0,30.21,4.97,126.0,0.0,0.0,
2026-04-18T20:53:26,04/18/202608:53,21.869999999999997,0.0,0.0,51.879999999999995,0.0,0.0,0.0,0.7,13.0,198.7,23775.0,44978.0,21.1,13.8,35.0,30.21,4.97,126.0,0.0,0.0,
2026-04-18T20:54:01,04/18/202608:54,21.869999999999997,0.0,0.0,51.879999999999995,0.0,0.0,0.0,0.7,13.0,198.7,23775.0,44978.0,21.1,13.8,35.0,30.21,4.97,126.0,0.0,0.0,
2026-04-18T20:55:01,04/18/202608:55,21.869999999999997,0.0,0.0,51.879999999999995,0.0,0.0,0.0,0.7,13.0,198.7,23775.0,44978.0,21.1,13.8,35.0,30.21,4.97,126.0,0.0,0.0,
2026-04-18T20:55:27,04/18/202608:55,21.86,0.0,0.0,51.879999999999995,0.0,0.0,0.0,0.7,13.0,198.7,23775.0,44978.0,21.1,13.8,35.0,30.21,4.97,126.0,0.0,0.0,
2026-04-18T20:56:01,04/18/202608:56,21.85,0.0,0.0,51.879999999999995,0.0,0.0,0.0,0.7,13.0,198.7,23775.0,44978.0,21.1,13.8,35.0,30.21,4.97,126.0,0.0,0.0,
2026-04-18T20:57:01,04/18/202608:57,21.84,0.0,0.0,51.879999999999995,0.0,0.0,0.0,0.7,13.0,198.7,23775.0,44978.0,21.1,13.8,35.0,30.21,4.97,126.0,0.0,0.0,
2026-04-18T20:58:01,04/18/202608:58,21.830000000000002,0.0,0.0,51.879999999999995,0.0,0.0,0.0,0.7,13.0,198.7,23775.0,44978.0,21.1,13.8,35.0,30.21,4.97,126.0,0.0,0.0,
2026-04-18T20:59:43,04/18/202608:59,21.82,0.0,0.0,51.89,0.0,0.0,0.0,0.7,13.0,198.7,23775.0,44978.0,21.1,13.8,35.0,30.21,4.97,126.0,0.0,0.0,
2026-04-18T21:00:01,04/18/202609:00,21.81,0.0,0.0,51.9,0.0,0.0,0.0,0.7,13.0,198.7,23775.0,44978.0,21.1,13.8,35.0,30.21,4.97,126.0,0.0,0.0,
2026-04-18T21:00:27,04/18/202609:00,21.81,0.0,0.0,51.9,0.0,0.0,0.0,0.7,13.0,198.7,23775.0,44978.0,21.1,13.8,35.0,30.21,4.97,126.0,0.0,0.0,
2026-04-18T21:01:01,04/18/202609:01,21.8,0.0,0.0,51.9,0.0,0.0,0.0,0.7,13.0,198.7,23775.0,44978.0,21.1,13.8,35.0,30.21,4.97,126.0,0.0,0.0,
2026-04-18T21:02:01,04/18/202609:02,21.79,0.0,0.0,51.9,0.0,0.0,0.0,0.7,13.0,198.7,23775.0,44978.0,21.1,13.770000000000001,35.1,30.213,5.045,126.9,0.0,0.0,
2026-04-18T21:03:01,04/18/202609:03,21.78,0.0,0.0,51.9,0.0,0.0,0.0,0.7,13.0,198.7,23775.0,44978.0,21.1,13.74,35.2,30.216,5.119999999999999,127.8,0.0,0.0,
2026-04-18T21:04:01,04/18/202609:04,21.78,0.0,0.0,51.9,0.0,0.0,0.0,0.7,13.0,198.7,23775.0,44978.0,21.1,13.709999999999999,35.3,30.219,5.194999999999999,128.7,0.0,0.0,
2026-04-18T21:05:01,04/18/202609:05,21.78,0.0,0.0,51.9,0.0,0.0,0.0,0.7,13.0,198.7,23775.0,44978.0,21.1,13.680000000000001,35.4,30.222,5.27,129.6,0.0,0.0,
2026-04-18T21:05:27,04/18/202609:05,21.77,0.0,0.0,51.89,0.0,0.0,0.0,0.7,13.0,198.7,23775.0,44978.0,21.1,13.65,35.5,30.225,5.345,130.5,0.0,0.0,
2026-04-18T21:06:01,04/18/202609:06,21.759999999999998,0.0,0.0,51.879999999999995,0.0,0.0,0.0,0.7,13.0,198.7,23775.0,44978.0,21.1,13.62,35.6,30.227999999999998,5.42,131.4,0.0,0.0,
2026-04-18T21:06:26,04/18/202609:06,21.77,0.0,0.0,51.879999999999995,0.0,0.0,0.0,0.7,13.0,198.7,23775.0,44978.0,21.1,13.59,35.7,30.231,5.494999999999999,132.3,0.0,0.0,
2026-04-18T21:07:01,04/18/202609:07,21.78,0.0,0.0,51.879999999999995,0.0,0.0,0.0,0.7,13.0,198.7,23775.0,44978.0,21.1,13.559999999999999,35.8,30.233999999999998,5.569999999999999,133.2,0.0,0.0,
2026-04-18T21:08:01,04/18/202609:08,21.78,0.0,0.0,51.879999999999995,0.0,0.0,0.0,0.7,13.0,198.7,23775.0,44978.0,21.1,13.530000000000001,35.9,30.237000000000002,5.645,134.1,0.0,0.0,
2026-04-18T21:09:01,04/18/202609:09,21.78,0.0,0.0,51.879999999999995,0.0,0.0,0.0,0.7,13.0,198.7,23775.0,44978.0,21.1,13.5,36.0,30.24,5.72,135.0,0.0,0.0,
2026-04-18T21:10:55,04/18/202609:10,21.78,0.0,0.0,51.879999999999995,0.0,0.0,0.0,0.7,13.0,198.7,23775.0,44978.0,21.1,13.5,36.0,30.24,5.72,135.0,0.0,0.0,
2026-04-18T21:11:00,04/18/202609:11,21.78,0.0,0.0,51.879999999999995,0.0,0.0,0.0,0.7,13.0,198.7,23775.0,44978.0,21.1,13.5,36.0,30.24,5.72,135.0,0.0,0.0,
2026-04-18T21:12:00,04/18/202609:12,21.78,0.0,0.0,51.879999999999995,0.0,0.0,0.0,0.7,13.0,198.7,23775.0,44978.0,21.1,13.5,36.0,30.24,5.72,135.0,0.0,0.0,
2026-04-18T21:12:25,04/18/202609:12,21.77,0.0,0.0,51.86999999999999,0.0,0.0,0.0,0.7,13.0,198.7,23775.0,44978.0,21.1,13.5,36.0,30.24,5.72,135.0,0.0,0.0,
2026-04-18T21:13:00,04/18/202609:13,21.77,0.0,0.0,51.86999999999999,0.0,0.0,0.0,0.7,13.0,198.7,23775.0,44978.0,21.1,13.5,36.0,30.24,5.72,135.0,0.0,0.0,
2026-04-18T21:13:26,04/18/202609:13,21.78,0.0,0.0,51.879999999999995,0.0,0.0,0.0,0.7,13.0,198.7,23775.0,44978.0,21.1,13.5,36.0,30.24,5.72,135.0,0.0,0.0,
2026-04-18T21:14:00,04/18/202609:14,21.78,0.0,0.0,51.879999999999995,0.0,0.0,0.0,0.7,13.0,198.7,23775.0,44978.0,21.1,13.5,36.0,30.24,5.72,135.0,0.0,0.0,
2026-04-18T21:15:00,04/18/202609:15,21.78,0.0,0.0,51.86999999999999,0.0,0.0,0.0,0.7,13.0,198.7,23775.0,44978.0,21.1,13.5,36.0,30.24,5.72,135.0,0.0,0.0,
2026-04-18T21:15:25,04/18/202609:15,21.77,0.0,0.0,51.86999999999999,0.0,0.0,0.0,0.7,13.0,198.7,23775.0,44978.0,21.1,13.5,36.0,30.24,5.72,135.0,0.0,0.0,
2026-04-18T21:16:00,04/18/202609:16,21.759999999999998,0.0,0.0,51.86999999999999,0.0,0.0,0.0,0.7,13.0,198.7,23775.0,44978.0,21.1,13.5,36.0,30.24,5.72,135.0,0.0,0.0,
2026-04-18T21:16:26,04/18/202609:16,21.759999999999998,0.0,0.0,51.86,0.0,0.0,0.0,0.7,13.0,198.7,23775.0,44978.0,21.1,13.45,36.3,30.24,5.689,135.3,0.0,0.0,
2026-04-18T21:17:00,04/18/202609:17,21.759999999999998,0.0,0.0,51.85,0.0,0.0,0.0,0.7,13.0,198.7,23775.0,44978.0,21.1,13.4,36.6,30.24,5.6579999999999995,135.6,0.0,0.0,
2026-04-18T21:18:00,04/18/202609:18,21.759999999999998,0.0,0.0,51.85,0.0,0.0,0.0,0.7,13.0,198.7,23775.0,44978.0,21.1,13.35,36.9,30.24,5.627,135.9,0.0,0.0,
2026-04-18T21:19:00,04/18/202609:19,21.77,0.0,0.0,51.86,0.0,0.0,0.0,0.7,13.0,198.7,23775.0,44978.0,21.1,13.3,37.2,30.24,5.596,136.2,0.0,0.0,
2026-04-18T21:20:00,04/18/202609:20,21.78,0.0,0.0,51.86,0.0,0.0,0.0,0.7,13.0,198.7,23775.0,44978.0,21.1,13.25,37.5,30.24,5.5649999999999995,136.5,0.0,0.0,
2026-04-18T21:22:07,04/18/202609:22,21.78,0.0,0.0,51.86,0.0,0.0,0.0,0.7,13.0,198.7,23775.0,44978.0,21.1,13.2,37.8,30.24,5.534000000000001,136.8,0.0,0.0,
2026-04-18T21:22:26,04/18/202609:22,21.77,0.0,0.0,51.85,0.0,0.0,0.0,0.7,13.0,198.7,23775.0,44978.0,21.1,13.15,38.1,30.24,5.503,137.1,0.0,0.0,
2026-04-18T21:23:00,04/18/202609:23,21.759999999999998,0.0,0.0,51.85,0.0,0.0,0.0,0.7,13.0,198.7,23775.0,44978.0,21.1,13.1,38.4,30.24,5.4719999999999995,137.4,0.0,0.0,
2026-04-18T21:23:26,04/18/202609:23,21.77,0.0,0.0,51.85,0.0,0.0,0.0,0.7,13.0,198.7,23775.0,44978.0,21.1,13.05,38.7,30.24,5.441000000000001,137.7,0.0,0.0,
2026-04-18T21:24:01,04/18/202609:24,21.78,0.0,0.0,51.85,0.0,0.0,0.0,0.7,13.0,198.7,23775.0,44978.0,21.1,13.0,39.0,30.24,5.41,138.0,0.0,0.0,
2026-04-18T21:25:01,04/18/202609:25,21.78,0.0,0.0,51.86,0.0,0.0,0.0,0.7,13.0,198.7,23775.0,44978.0,21.1,13.0,39.0,30.24,5.41,138.0,0.0,0.0,
2026-04-18T21:26:00,04/18/202609:26,21.78,0.0,0.0,51.86999999999999,0.0,0.0,0.0,0.7,13.0,198.7,23775.0,44978.0,21.1,13.0,39.0,30.24,5.41,138.0,0.0,0.0,
2026-04-18T21:27:01,04/18/202609:27,21.78,0.0,0.0,51.86999999999999,0.0,0.0,0.0,0.7,13.0,198.7,23775.0,44978.0,21.1,13.0,39.0,30.24,5.41,138.0,0.0,0.0,
2026-04-18T21:28:01,04/18/202609:28,21.78,0.0,0.0,51.86,0.0,0.0,0.0,0.7,13.0,198.7,23775.0,44978.0,21.1,13.0,39.0,30.24,5.41,138.0,0.0,0.0,
2026-04-18T21:29:00,04/18/202609:29,21.78,0.0,0.0,51.86999999999999,0.0,0.0,0.0,0.7,13.0,198.7,23775.0,44978.0,21.1,13.0,39.0,30.24,5.41,138.0,0.0,0.0,
2026-04-18T21:30:01,04/18/202609:30,21.78,0.0,0.0,51.86,0.0,0.0,0.0,0.7,13.0,198.7,23775.0,44978.0,21.1,13.0,39.0,30.24,5.41,138.0,0.0,0.0,
2026-04-18T21:30:26,04/18/202609:30,21.78,0.0,0.0,51.86,0.0,0.0,0.0,0.7,13.0,198.7,23775.0,44978.0,21.1,12.95,39.0,30.24,5.292,140.4,0.0,0.0,
2026-04-18T21:31:01,04/18/202609:31,21.78,0.0,0.0,51.86,0.0,0.0,0.0,0.7,13.0,198.7,23775.0,44978.0,21.1,12.9,39.0,30.24,5.174,142.8,0.0,0.0,
2026-04-18T21:31:26,04/18/202609:31,21.78,0.0,0.0,51.85,0.0,0.0,0.0,0.7,13.0,198.7,23775.0,44978.0,21.1,12.809999999999999,39.3,30.24,5.025,145.7,0.0,0.0,
2026-04-18T21:32:00,04/18/202609:32,21.78,0.0,0.0,51.839999999999996,0.0,0.0,0.0,0.7,13.0,198.7,23775.0,44978.0,21.1,12.72,39.6,30.24,4.876,148.6,0.0,0.0,
2026-04-18T21:33:19,04/18/202609:33,21.77,0.0,0.0,51.83,0.0,0.0,0.0,0.7,13.0,198.7,23775.0,44978.0,21.1,12.629999999999999,41.1,30.24,4.727,151.5,0.0,0.0,
2026-04-18T21:34:00,04/18/202609:34,21.759999999999998,0.0,0.0,51.81999999999999,0.0,0.0,0.0,0.7,13.0,198.7,23775.0,44978.0,21.1,12.540000000000001,42.6,30.24,4.578,154.4,0.0,0.0,
2026-04-18T21:35:01,04/18/202609:35,21.75,0.0,0.0,51.81,0.0,0.0,0.0,0.7,13.0,198.7,23775.0,44978.0,21.1,12.45,44.1,30.24,4.429,157.3,0.0,0.0,
2026-04-18T21:35:13,04/18/202609:35,21.75,0.0,0.0,51.81,0.0,0.0,0.0,0.7,13.0,198.7,23775.0,44978.0,21.1,12.36,45.6,30.24,4.279999999999999,160.2,0.0,0.0,
2026-04-18T21:36:00,04/18/202609:36,21.75,0.0,0.0,51.8,0.0,0.0,0.0,0.7,13.0,198.7,23775.0,44978.0,21.1,12.27,47.1,30.24,4.131,163.1,0.0,0.0,
2026-04-18T21:36:13,04/18/202609:36,21.740000000000002,0.0,0.0,51.8,0.0,0.0,0.0,0.7,13.0,198.7,23775.0,44978.0,21.1,12.18,48.6,30.24,3.982,166.0,0.0,0.0,
2026-04-18T21:37:00,04/18/202609:37,21.740000000000002,0.0,0.0,51.8,0.0,0.0,0.0,0.7,13.0,198.7,23775.0,44978.0,21.1,12.139999999999999,50.1,30.24,3.9509999999999996,166.5,0.0,0.0,
2026-04-18T21:37:13,04/18/202609:37,21.75,0.0,0.0,51.8,0.0,0.0,0.0,0.7,13.0,198.7,23775.0,44978.0,21.1,12.1,51.6,30.24,3.9200000000000004,167.0,0.0,0.0,
2026-04-18T21:38:01,04/18/202609:38,21.75,0.0,0.0,51.8,0.0,0.0,0.0,0.7,13.0,198.7,23775.0,44978.0,21.1,12.1,52.8,30.24,3.9200000000000004,167.0,0.0,0.0,
2026-04-18T21:39:00,04/18/202609:39,21.75,0.0,0.0,51.81,0.0,0.0,0.0,0.7,13.0,198.7,23775.0,44978.0,21.1,12.1,54.0,30.24,3.9200000000000004,167.0,0.0,0.0,
2026-04-18T21:40:01,04/18/202609:40,21.759999999999998,0.0,0.0,51.81,0.0,0.0,0.0,0.7,13.0,198.7,23775.0,44978.0,21.1,12.1,54.0,30.24,3.9200000000000004,167.0,0.0,0.0,
2026-04-18T21:40:13,04/18/202609:40,21.759999999999998,0.0,0.0,51.81,0.0,0.0,0.0,0.7,13.0,198.7,23775.0,44978.0,21.1,12.1,54.0,30.24,3.9200000000000004,167.0,0.0,0.0,
2026-04-18T21:41:00,04/18/202609:41,21.759999999999998,0.0,0.0,51.81,0.0,0.0,0.0,0.7,13.0,198.7,23775.0,44978.0,21.1,12.1,54.0,30.24,3.9200000000000004,167.0,0.0,0.0,
2026-04-18T21:41:12,04/18/202609:41,21.759999999999998,0.0,0.0,51.81999999999999,0.0,0.0,0.0,0.7,13.0,198.7,23775.0,44978.0,21.1,12.1,54.0,30.24,3.9200000000000004,167.0,0.0,0.0,
2026-04-18T21:42:01,04/18/202609:42,21.759999999999998,0.0,0.0,51.83,0.0,0.0,0.0,0.7,13.0,198.7,23775.0,44978.0,21.1,12.1,54.0,30.24,3.9200000000000004,167.0,0.0,0.0,
2026-04-18T21:43:00,04/18/202609:43,21.77,0.0,0.0,51.83,0.0,0.0,0.0,0.7,13.0,198.7,23775.0,44978.0,21.1,12.1,54.0,30.24,3.9200000000000004,167.0,0.0,0.0,
2026-04-18T21:44:32,04/18/202609:44,21.77,0.0,0.0,51.83,0.0,0.0,0.0,0.7,13.0,198.7,23775.0,44978.0,21.1,12.1,54.0,30.24,3.9200000000000004,167.0,0.0,0.0,
2026-04-18T21:45:00,04/18/202609:45,21.759999999999998,0.0,0.0,51.83,0.0,0.0,0.0,0.7,13.0,198.7,23775.0,44978.0,21.1,12.1,54.0,30.24,3.9200000000000004,167.0,0.0,0.0,
2026-04-18T21:45:13,04/18/202609:45,21.759999999999998,0.0,0.0,51.83,0.0,0.0,0.0,0.7,13.0,198.7,23775.0,44978.0,21.1,12.08,54.2,30.24,3.882,166.5,0.0,0.0,
2026-04-18T21:46:01,04/18/202609:46,21.759999999999998,0.0,0.0,51.81999999999999,0.0,0.0,0.0,0.7,13.0,198.7,23775.0,44978.0,21.1,12.059999999999999,54.4,30.24,3.844,166.0,0.0,0.0,
2026-04-18T21:46:13,04/18/202609:46,21.75,0.0,0.0,51.83,0.0,0.0,0.0,0.7,13.0,198.7,23775.0,44978.0,21.1,12.040000000000001,54.6,30.24,3.806,165.5,0.0,0.0,
2026-04-18T21:47:00,04/18/202609:47,21.75,0.0,0.0,51.839999999999996,0.0,0.0,0.0,0.7,13.0,198.7,23775.0,44978.0,21.1,12.02,54.8,30.24,3.768,165.0,0.0,0.0,
2026-04-18T21:48:01,04/18/202609:48,21.75,0.0,0.0,51.839999999999996,0.0,0.0,0.0,0.7,13.0,198.7,23775.0,44978.0,21.1,12.0,55.0,30.24,3.7299999999999995,164.5,0.0,0.0,
2026-04-18T21:48:13,04/18/202609:48,21.75,0.0,0.0,51.83,0.0,0.0,0.0,0.7,13.0,198.7,23775.0,44978.0,21.1,11.98,55.2,30.24,3.692,164.0,0.0,0.0,
2026-04-18T21:49:00,04/18/202609:49,21.75,0.0,0.0,51.81999999999999,0.0,0.0,0.0,0.7,13.0,198.7,23775.0,44978.0,21.1,11.959999999999999,55.4,30.24,3.654,163.5,0.0,0.0,
2026-04-18T21:50:00,04/18/202609:50,21.75,0.0,0.0,51.81999999999999,0.0,0.0,0.0,0.7,13.0,198.7,23775.0,44978.0,21.1,11.940000000000001,55.6,30.24,3.6159999999999997,163.0,0.0,0.0,
2026-04-18T21:51:01,04/18/202609:51,21.759999999999998,0.0,0.0,51.83,0.0,0.0,0.0,0.7,13.0,198.7,23775.0,44978.0,21.1,11.92,55.8,30.24,3.5780000000000003,162.5,0.0,0.0,
2026-04-18T21:52:00,04/18/202609:52,21.77,0.0,0.0,51.83,0.0,0.0,0.0,0.7,13.0,198.7,23775.0,44978.0,21.1,11.9,56.0,30.24,3.54,162.0,0.0,0.0,
2026-04-18T21:53:18,04/18/202609:53,21.64,0.0,0.0,51.83,0.0,0.0,0.0,0.7,13.0,198.7,23775.0,44978.0,21.1,11.9,56.0,30.24,3.54,162.0,0.0,0.0,
2026-04-18T21:54:01,04/18/202609:54,21.509999999999998,0.0,0.0,51.83,0.0,0.0,0.0,0.7,13.0,198.7,23775.0,44978.0,21.1,11.9,56.0,30.24,3.54,162.0,0.0,0.0,
2026-04-18T21:55:42,04/18/202609:55,21.39,0.0,0.0,51.81999999999999,0.0,0.0,0.0,0.7,13.0,198.7,23775.0,44978.0,21.1,11.9,56.0,30.24,3.54,162.0,0.0,0.0,
2026-04-18T21:56:00,04/18/202609:56,21.27,0.0,0.0,51.81,0.0,0.0,0.0,0.7,13.0,198.7,23775.0,44978.0,21.1,11.9,56.0,30.24,3.54,162.0,0.0,0.0,
2026-04-18T21:57:01,04/18/202609:57,21.15,0.0,0.0,51.81,0.0,0.0,0.0,0.7,13.0,198.7,23775.0,44978.0,21.1,11.9,56.0,30.24,3.54,162.0,0.0,0.0,
2026-04-18T21:58:00,04/18/202609:58,21.02,0.0,0.0,51.81,0.0,0.0,0.0,0.7,13.0,198.7,23775.0,44978.0,21.1,11.9,56.0,30.24,3.54,162.0,0.0,0.0,
2026-04-18T21:59:01,04/18/202609:59,20.89,0.0,0.0,51.81,0.0,0.0,0.0,0.7,13.0,198.7,23775.0,44978.0,21.1,11.9,56.0,30.24,3.54,162.0,0.0,0.0,
2026-04-18T22:00:01,04/18/202610:00,20.759999999999998,0.0,0.0,51.81,0.0,0.0,0.0,0.7,13.0,198.7,23775.0,44978.0,21.1,11.9,56.0,30.24,3.54,162.0,0.0,0.0,
2026-04-18T22:00:26,04/18/202610:00,20.64,0.0,0.0,51.8,0.0,0.0,0.0,0.7,13.0,198.7,23775.0,44978.0,21.1,11.870000000000001,56.2,30.24,3.565,161.0,0.0,0.0,
2026-04-18T22:01:01,04/18/202610:01,20.52,0.0,0.0,51.8,0.0,0.0,0.0,0.7,13.0,198.7,23775.0,44978.0,21.1,11.84,56.4,30.24,3.59,160.0,0.0,0.0,
2026-04-18T22:01:26,04/18/202610:01,20.52,0.0,0.0,51.8,0.0,0.0,0.0,0.7,13.0,198.7,23775.0,44978.0,21.1,11.809999999999999,56.6,30.24,3.6149999999999998,159.0,0.0,0.0,
2026-04-18T22:02:01,04/18/202610:02,20.52,0.0,0.0,51.8,0.0,0.0,0.0,0.7,13.0,198.7,23775.0,44978.0,21.1,11.78,56.8,30.24,3.6399999999999997,158.0,0.0,0.0,
2026-04-18T22:03:00,04/18/202610:03,20.52,0.0,0.0,51.8,0.0,0.0,0.0,0.7,13.0,198.7,23775.0,44978.0,21.1,11.75,57.0,30.24,3.665,157.0,0.0,0.0,
2026-04-18T22:04:01,04/18/202610:04,20.52,0.0,0.0,51.81,0.0,0.0,0.0,0.7,13.0,198.7,23775.0,44978.0,21.1,11.72,57.2,30.24,3.69,156.0,0.0,0.0,
2026-04-18T22:05:01,04/18/202610:05,20.52,0.0,0.0,51.81,0.0,0.0,0.0,0.7,13.0,198.7,23775.0,44978.0,21.1,11.690000000000001,57.4,30.24,3.715,155.0,0.0,0.0,
2026-04-18T22:06:54,04/18/202610:06,20.52,0.0,0.0,51.81,0.0,0.0,0.0,0.7,13.0,198.7,23775.0,44978.0,21.1,11.66,57.6,30.24,3.7399999999999998,154.0,0.0,0.0,
2026-04-18T22:07:01,04/18/202610:07,20.52,0.0,0.0,51.81,0.0,0.0,0.0,0.7,13.0,198.7,23775.0,44978.0,21.1,11.629999999999999,57.8,30.24,3.7649999999999997,153.0,0.0,0.0,
2026-04-18T22:08:00,04/18/202610:08,20.52,0.0,0.0,51.81,0.0,0.0,0.0,0.7,13.0,198.7,23775.0,44978.0,21.1,11.6,58.0,30.24,3.79,152.0,0.0,0.0,
2026-04-18T22:09:00,04/18/202610:09,20.509999999999998,0.0,0.0,51.81,0.0,0.0,0.0,0.7,13.0,198.7,23775.0,44978.0,21.1,11.6,58.0,30.24,3.79,152.0,0.0,0.0,
2026-04-18T22:10:00,04/18/202610:10,20.5,0.0,0.0,51.81,0.0,0.0,0.0,0.7,13.0,198.7,23775.0,44978.0,21.1,11.6,58.0,30.24,3.79,152.0,0.0,0.0,
2026-04-18T22:11:00,04/18/202610:11,20.5,0.0,0.0,51.81,0.0,0.0,0.0,0.7,13.0,198.7,23775.0,44978.0,21.1,11.6,58.0,30.24,3.79,152.0,0.0,0.0,
2026-04-18T22:12:01,04/18/202610:12,20.5,0.0,0.0,51.81,0.0,0.0,0.0,0.7,13.0,198.7,23775.0,44978.0,21.0,11.6,58.0,30.24,3.79,152.0,0.0,0.0,
2026-04-18T22:13:18,04/18/202610:13,20.5,0.0,0.0,51.81,0.0,0.0,0.0,0.7,13.0,198.7,23775.0,44978.0,21.1,11.6,58.0,30.24,3.79,152.0,0.0,0.0,
2026-04-18T22:14:00,04/18/202610:14,20.5,0.0,0.0,51.8,0.0,0.0,0.0,0.7,13.0,198.7,23775.0,44978.0,21.0,11.6,58.0,30.24,3.79,152.0,0.0,0.0,
2026-04-18T22:15:00,04/18/202610:15,20.5,0.0,0.0,51.8,0.0,0.0,0.0,0.7,13.0,198.7,23775.0,44978.0,21.1,11.6,58.0,30.24,3.79,152.0,0.0,0.0,
2026-04-18T22:16:00,04/18/202610:16,20.5,0.0,0.0,51.8,0.0,0.0,0.0,0.7,13.0,198.7,23775.0,44978.0,21.0,11.6,58.0,30.24,3.79,152.0,0.0,0.0,
2026-04-18T22:18:06,04/18/202610:18,20.5,0.0,0.0,51.8,0.0,0.0,0.0,0.7,13.0,198.7,23775.0,44978.0,21.1,11.57,58.1,30.24,3.7590000000000003,150.8,0.0,0.0,
2026-04-18T22:19:01,04/18/202610:19,20.5,0.0,0.0,51.8,0.0,0.0,0.0,0.7,13.0,198.7,23775.0,44978.0,21.0,11.540000000000001,58.2,30.24,3.728,149.6,0.0,0.0,
2026-04-18T22:20:01,04/18/202610:20,20.5,0.0,0.0,51.8,0.0,0.0,0.0,0.7,13.0,198.7,23775.0,44978.0,21.1,11.51,58.3,30.24,3.697,148.4,0.0,0.0,
2026-04-18T22:21:01,04/18/202610:21,20.5,0.0,0.0,51.8,0.0,0.0,0.0,0.7,13.0,198.7,23775.0,44978.0,21.0,11.48,58.4,30.24,3.6659999999999995,147.2,0.0,0.0,
2026-04-18T22:22:00,04/18/202610:22,20.5,0.0,0.0,51.8,0.0,0.0,0.0,0.7,13.0,198.7,23775.0,44978.0,21.1,11.45,58.5,30.24,3.6350000000000002,146.0,0.0,0.0,
2026-04-18T22:23:31,04/18/202610:23,20.5,0.0,0.0,51.8,0.0,0.0,0.0,0.7,13.0,198.7,23775.0,44978.0,21.0,11.42,58.6,30.24,3.604,144.8,0.0,0.0,
2026-04-18T22:24:01,04/18/202610:24,20.5,0.0,0.0,51.8,0.0,0.0,0.0,0.7,13.0,198.7,23775.0,44978.0,21.0,11.39,58.7,30.24,3.5729999999999995,143.6,0.0,0.0,
2026-04-18T22:25:00,04/18/202610:25,20.5,0.0,0.0,51.79,0.0,0.0,0.0,0.7,13.0,198.7,23775.0,44978.0,21.1,11.360000000000001,58.8,30.24,3.5420000000000003,142.4,0.0,0.0,
2026-04-18T22:26:01,04/18/202610:26,20.5,0.0,0.0,51.79,0.0,0.0,0.0,0.7,13.0,198.7,23775.0,44978.0,21.0,11.330000000000002,58.9,30.24,3.511,141.2,0.0,0.0,
2026-04-18T22:27:01,04/18/202610:27,20.5,0.0,0.0,51.79,0.0,0.0,0.0,0.7,13.0,198.7,23775.0,44978.0,21.0,11.3,59.0,30.24,3.4799999999999995,140.0,0.0,0.0,
2026-04-18T22:29:18,04/18/202610:29,20.5,0.0,0.0,51.79,0.0,0.0,0.0,0.7,13.0,198.7,23775.0,44978.0,21.0,11.3,59.0,30.24,3.4799999999999995,140.0,0.0,0.0,
2026-04-18T22:30:01,04/18/202610:30,20.5,0.0,0.0,51.79,0.0,0.0,0.0,0.7,13.0,198.7,23775.0,44978.0,21.1,11.3,59.0,30.24,3.4799999999999995,140.0,0.0,0.0,
2026-04-18T22:31:01,04/18/202610:31,20.5,0.0,0.0,51.79,0.0,0.0,0.0,0.7,13.0,198.7,23775.0,44978.0,21.0,11.3,59.0,30.24,3.4799999999999995,140.0,0.0,0.0,
2026-04-18T22:32:01,04/18/202610:32,20.5,0.0,0.0,51.79,0.0,0.0,0.0,0.7,13.0,198.7,23775.0,44978.0,21.0,11.22,59.2,30.24,3.4549999999999996,141.5,0.0,0.0,
2026-04-18T22:33:00,04/18/202610:33,20.5,0.0,0.0,51.79,0.0,0.0,0.0,0.7,13.0,198.7,23775.0,44978.0,21.1,11.14,59.4,30.24,3.4299999999999997,143.0,0.0,0.0,
2026-04-18T22:34:01,04/18/202610:34,20.5,0.0,0.0,51.79,0.0,0.0,0.0,0.7,13.0,198.7,23775.0,44978.0,21.0,11.06,59.6,30.24,3.405,144.5,0.0,0.0,
2026-04-18T22:35:01,04/18/202610:35,20.5,0.0,0.0,51.79,0.0,0.0,0.0,0.7,13.0,198.7,23775.0,44978.0,21.0,10.98,60.2,30.243000000000002,3.38,146.0,0.0,0.0,
2026-04-18T22:36:01,04/18/202610:36,20.5,0.0,0.0,51.8,0.0,0.0,0.0,0.7,13.0,198.7,23775.0,44978.0,21.0,10.9,60.8,30.246,3.3549999999999995,147.5,0.0,0.0,
2026-04-18T22:37:01,04/18/202610:37,20.5,0.0,0.0,51.8,0.0,0.0,0.0,0.7,13.0,198.7,23775.0,44978.0,21.1,10.82,61.4,30.249000000000002,3.3299999999999996,149.0,0.0,0.0,
2026-04-18T22:38:00,04/18/202610:38,20.5,0.0,0.0,51.8,0.0,0.0,0.0,0.7,13.0,198.7,23775.0,44978.0,21.0,10.74,62.0,30.252,3.3049999999999997,150.5,0.0,0.0,
2026-04-18T22:40:29,04/18/202610:40,20.5,0.0,0.0,51.8,0.0,0.0,0.0,0.7,13.0,198.7,23775.0,44978.0,21.0,10.66,62.6,30.255000000000003,3.28,152.0,0.0,0.0,
2026-04-18T22:41:01,04/18/202610:41,20.5,0.0,0.0,51.8,0.0,0.0,0.0,0.7,13.0,198.7,23775.0,44978.0,21.0,10.58,63.2,30.258,3.255,153.5,0.0,0.0,
2026-04-18T22:42:01,04/18/202610:42,20.5,0.0,0.0,51.8,0.0,0.0,0.0,0.7,13.0,198.7,23775.0,44978.0,21.0,10.5,63.8,30.261000000000003,3.2299999999999995,155.0,0.0,0.0,
2026-04-18T22:43:54,04/18/202610:43,20.5,0.0,0.0,51.8,0.0,0.0,0.0,0.7,13.0,198.7,23775.0,44978.0,21.1,10.5,64.2,30.264,3.2299999999999995,155.0,0.0,0.0,
2026-04-18T22:44:01,04/18/202610:44,20.5,0.0,0.0,51.8,0.0,0.0,0.0,0.7,13.0,198.7,23775.0,44978.0,21.1,10.5,64.6,30.267000000000003,3.2299999999999995,155.0,0.0,0.0,
2026-04-18T22:45:01,04/18/202610:45,20.5,0.0,0.0,51.79,0.0,0.0,0.0,0.7,13.0,198.7,23775.0,44978.0,21.0,10.5,65.0,30.27,3.2299999999999995,155.0,0.0,0.0,
2026-04-18T22:46:01,04/18/202610:46,20.5,0.0,0.0,51.779999999999994,0.0,0.0,0.0,0.7,13.0,198.7,23775.0,44978.0,21.0,10.47,65.0,30.27,3.174,155.1,0.0,0.0,
2026-04-18T22:47:00,04/18/202610:47,20.5,0.0,0.0,51.779999999999994,0.0,0.0,0.0,0.7,13.0,198.7,23775.0,44978.0,21.0,10.440000000000001,65.0,30.27,3.118,155.2,0.0,0.0,
2026-04-18T22:48:01,04/18/202610:48,20.5,0.0,0.0,51.779999999999994,0.0,0.0,0.0,0.7,13.0,198.7,23775.0,44978.0,21.0,10.41,65.0,30.27,3.0620000000000003,155.3,0.0,0.0,
2026-04-18T22:49:01,04/18/202610:49,20.5,0.0,0.0,51.779999999999994,0.0,0.0,0.0,0.7,13.0,198.7,23775.0,44978.0,21.0,10.379999999999999,65.0,30.27,3.006,155.4,0.0,0.0,
2026-04-18T22:50:01,04/18/202610:50,20.5,0.0,0.0,51.779999999999994,0.0,0.0,0.0,0.7,13.0,198.7,23775.0,44978.0,21.0,10.35,65.0,30.27,2.95,155.5,0.0,0.0,
2026-04-18T22:51:41,04/18/202610:51,20.5,0.0,0.0,51.779999999999994,0.0,0.0,0.0,0.7,13.0,198.7,23775.0,44978.0,21.0,10.319999999999999,65.0,30.27,2.8939999999999997,155.6,0.0,0.0,
2026-04-18T22:52:00,04/18/202610:52,20.5,0.0,0.0,51.779999999999994,0.0,0.0,0.0,0.7,13.0,198.7,23775.0,44978.0,21.0,10.29,65.0,30.27,2.838,155.7,0.0,0.0,
2026-04-18T22:53:00,04/18/202610:53,20.5,0.0,0.0,51.77,0.0,0.0,0.0,0.7,13.0,198.7,23775.0,44978.0,21.1,10.26,65.0,30.27,2.782,155.8,0.0,0.0,
2026-04-18T22:54:00,04/18/202610:54,20.5,0.0,0.0,51.77,0.0,0.0,0.0,0.7,13.0,198.7,23775.0,44978.0,21.0,10.23,65.0,30.27,2.726,155.9,0.0,0.0,
2026-04-18T22:55:01,04/18/202610:55,20.5,0.0,0.0,51.77,0.0,0.0,0.0,0.7,13.0,198.7,23775.0,44978.0,21.0,10.2,65.0,30.27,2.67,156.0,0.0,0.0,
2026-04-18T22:56:00,04/18/202610:56,20.5,0.0,0.0,51.77,0.0,0.0,0.0,0.7,13.0,198.7,23775.0,44978.0,21.0,10.2,65.0,30.27,2.67,156.0,0.0,0.0,
2026-04-18T22:57:00,04/18/202610:57,20.5,0.0,0.0,51.77,0.0,0.0,0.0,0.7,13.0,198.7,23775.0,44978.0,21.0,10.2,65.0,30.27,2.67,156.0,0.0,0.0,
2026-04-18T22:58:01,04/18/202610:58,20.5,0.0,0.0,51.760000000000005,0.0,0.0,0.0,0.7,13.0,198.7,23775.0,44978.0,21.0,10.2,65.0,30.27,2.67,156.0,0.0,0.0,
2026-04-18T22:59:00,04/18/202610:59,20.5,0.0,0.0,51.760000000000005,0.0,0.0,0.0,0.7,13.0,198.7,23775.0,44978.0,21.1,10.2,65.0,30.27,2.67,156.0,0.0,0.0,
2026-04-18T23:00:01,04/18/202611:00,20.5,0.0,0.0,51.760000000000005,0.0,0.0,0.0,0.7,13.0,198.7,23775.0,44978.0,21.0,10.2,65.0,30.27,2.67,156.0,0.0,0.0,
2026-04-18T23:01:00,04/18/202611:01,20.5,0.0,0.0,51.75,0.0,0.0,0.0,0.7,13.0,198.7,23775.0,44978.0,21.0,10.2,65.0,30.27,2.67,156.0,0.0,0.0,
2026-04-18T23:02:53,04/18/202611:02,20.5,0.0,0.0,51.75,0.0,0.0,0.0,0.7,13.0,198.7,23775.0,44978.0,21.0,10.19,65.1,30.27,2.614,156.6,0.0,0.0,
2026-04-18T23:03:01,04/18/202611:03,20.5,0.0,0.0,51.760000000000005,0.0,0.0,0.0,0.7,13.0,198.7,23775.0,44978.0,21.0,10.18,65.2,30.27,2.558,157.2,0.0,0.0,
2026-04-18T23:04:00,04/18/202611:04,20.5,0.0,0.0,51.760000000000005,0.0,0.0,0.0,0.7,13.0,198.7,23775.0,44978.0,21.0,10.169999999999998,65.3,30.27,2.502,157.8,0.0,0.0,
2026-04-18T23:05:00,04/18/202611:05,20.5,0.0,0.0,51.760000000000005,0.0,0.0,0.0,0.7,13.0,198.7,23775.0,44978.0,21.0,10.16,65.4,30.27,2.446,158.4,0.0,0.0,
2026-04-18T23:06:01,04/18/202611:06,20.5,0.0,0.0,51.77,0.0,0.0,0.0,0.7,13.0,198.7,23775.0,44978.0,21.0,10.15,65.5,30.27,2.3899999999999997,159.0,0.0,0.0,
2026-04-18T23:07:00,04/18/202611:07,20.5,0.0,0.0,51.77,0.0,0.0,0.0,0.7,13.0,198.7,23775.0,44978.0,21.0,10.139999999999999,65.6,30.27,2.334,159.6,0.0,0.0,
2026-04-18T23:08:00,04/18/202611:08,20.5,0.0,0.0,51.77,0.0,0.0,0.0,0.7,13.0,198.7,23775.0,44978.0,21.0,10.129999999999999,65.7,30.27,2.2779999999999996,160.2,0.0,0.0,
2026-04-18T23:09:00,04/18/202611:09,20.5,0.0,0.0,51.760000000000005,0.0,0.0,0.0,0.7,13.0,198.7,23775.0,44978.0,21.0,10.12,65.8,30.27,2.222,160.8,0.0,0.0,
2026-04-18T23:10:00,04/18/202611:10,20.5,0.0,0.0,51.75,0.0,0.0,0.0,0.7,13.0,198.7,23775.0,44978.0,21.0,10.11,65.9,30.27,2.166,161.4,0.0,0.0,
2026-04-18T23:11:01,04/18/202611:11,20.5,0.0,0.0,51.760000000000005,0.0,0.0,0.0,0.7,13.0,198.7,23775.0,44978.0,21.0,10.1,66.0,30.27,2.11,162.0,0.0,0.0,
2026-04-18T23:11:37,04/18/202611:11,20.490000000000002,0.0,0.0,51.760000000000005,0.0,0.0,0.0,0.7,13.0,198.7,23775.0,44978.0,21.0,10.1,66.0,30.27,2.11,162.0,0.0,0.0,
2026-04-18T23:12:00,04/18/202611:12,20.48,0.0,0.0,51.760000000000005,0.0,0.0,0.0,0.7,13.0,198.7,23775.0,44978.0,21.0,10.1,66.0,30.27,2.11,162.0,0.0,0.0,
2026-04-18T23:12:37,04/18/202611:12,20.48,0.0,0.0,51.75,0.0,0.0,0.0,0.7,13.0,198.7,23775.0,44978.0,21.0,10.1,66.0,30.27,2.11,162.0,0.0,0.0,
2026-04-18T23:14:11,04/18/202611:14,20.48,0.0,0.0,51.75,0.0,0.0,0.0,0.7,13.0,198.7,23775.0,44978.0,21.0,10.1,66.0,30.27,2.11,162.0,0.0,0.0,
2026-04-18T23:15:00,04/18/202611:15,20.48,0.0,0.0,51.739999999999995,0.0,0.0,0.0,0.7,13.0,198.7,23775.0,44978.0,21.0,10.1,66.0,30.27,2.11,162.0,0.0,0.0,
2026-04-18T23:15:50,04/18/202611:15,20.47,0.0,0.0,51.73,0.0,0.0,0.0,0.7,13.0,198.7,23775.0,44978.0,21.0,10.08,66.0,30.27,2.0789999999999997,163.1,0.0,0.0,
2026-04-18T23:16:01,04/18/202611:16,20.46,0.0,0.0,51.73,0.0,0.0,0.0,0.7,13.0,198.7,23775.0,44978.0,21.0,10.059999999999999,66.0,30.27,2.048,164.2,0.0,0.0,
2026-04-18T23:16:49,04/18/202611:16,20.46,0.0,0.0,51.739999999999995,0.0,0.0,0.0,0.7,13.0,198.7,23775.0,44978.0,21.0,10.040000000000001,66.0,30.27,2.017,165.3,0.0,0.0,
2026-04-18T23:17:00,04/18/202611:17,20.46,0.0,0.0,51.75,0.0,0.0,0.0,0.7,13.0,198.7,23775.0,44978.0,21.0,10.02,66.0,30.27,1.986,166.4,0.0,0.0,
2026-04-18T23:18:01,04/18/202611:18,20.46,0.0,0.0,51.739999999999995,0.0,0.0,0.0,0.7,13.0,198.7,23775.0,44978.0,21.0,10.0,66.0,30.27,1.955,167.5,0.0,0.0,
2026-04-18T23:19:01,04/18/202611:19,20.47,0.0,0.0,51.73,0.0,0.0,0.0,0.7,13.0,198.7,23775.0,44978.0,21.0,9.98,66.0,30.27,1.924,168.6,0.0,0.0,
2026-04-18T23:20:00,04/18/202611:20,20.48,0.0,0.0,51.73,0.0,0.0,0.0,0.7,13.0,198.7,23775.0,44978.0,21.0,9.959999999999999,66.0,30.27,1.893,169.7,0.0,0.0,
2026-04-18T23:21:01,04/18/202611:21,20.48,0.0,0.0,51.739999999999995,0.0,0.0,0.0,0.7,13.0,198.7,23775.0,44978.0,21.0,9.940000000000001,66.0,30.27,1.862,170.8,0.0,0.0,
2026-04-18T23:22:00,04/18/202611:22,20.48,0.0,0.0,51.739999999999995,0.0,0.0,0.0,0.7,13.0,198.7,23775.0,44978.0,21.0,9.92,66.0,30.27,1.831,171.9,0.0,0.0,
2026-04-18T23:23:01,04/18/202611:23,20.48,0.0,0.0,51.75,0.0,0.0,0.0,0.7,13.0,198.7,23775.0,44978.0,21.0,9.9,66.0,30.27,1.8,173.0,0.0,0.0,
2026-04-18T23:25:17,04/18/202611:25,20.490000000000002,0.0,0.0,51.75,0.0,0.0,0.0,0.7,13.0,198.7,23775.0,44978.0,21.0,9.9,66.0,30.27,1.8,173.0,0.0,0.0,
2026-04-18T23:26:00,04/18/202611:26,20.5,0.0,0.0,51.75,0.0,0.0,0.0,0.7,13.0,198.7,23775.0,44978.0,21.0,9.9,66.0,30.27,1.8,173.0,0.0,0.0,
2026-04-18T23:27:01,04/18/202611:27,20.5,0.0,0.0,51.739999999999995,0.0,0.0,0.0,0.7,13.0,198.7,23775.0,44978.0,21.0,9.9,66.0,30.27,1.8,173.0,0.0,0.0,
2026-04-18T23:28:00,04/18/202611:28,20.5,0.0,0.0,51.73,0.0,0.0,0.0,0.7,13.0,198.7,23775.0,44978.0,21.0,9.9,66.0,30.27,1.8,173.0,0.0,0.0,
2026-04-18T23:29:00,04/18/202611:29,20.5,0.0,0.0,51.73,0.0,0.0,0.0,0.7,13.0,198.7,23775.0,44978.0,21.0,9.9,66.0,30.27,1.8,173.0,0.0,0.0,
2026-04-18T23:30:00,04/18/202611:30,20.5,0.0,0.0,51.73,0.0,0.0,0.0,0.7,13.0,198.7,23775.0,44978.0,21.0,9.9,66.0,30.27,1.8,173.0,0.0,0.0,
2026-04-18T23:31:00,04/18/202611:31,20.5,0.0,0.0,51.720000000000006,0.0,0.0,0.0,0.7,13.0,198.7,23775.0,44978.0,21.0,9.9,66.0,30.27,1.8,173.0,0.0,0.0,
2026-04-18T23:32:00,04/18/202611:32,20.5,0.0,0.0,51.720000000000006,0.0,0.0,0.0,0.7,13.0,198.7,23775.0,44978.0,21.0,9.879999999999999,66.0,30.27,1.831,171.9,0.0,0.0,
2026-04-18T23:33:00,04/18/202611:33,20.5,0.0,0.0,51.720000000000006,0.0,0.0,0.0,0.7,13.0,198.7,23775.0,44978.0,21.0,9.790000000000001,66.0,30.27,1.825,167.6,0.0,0.0,
2026-04-18T23:34:00,04/18/202611:34,20.5,0.0,0.0,51.71,0.0,0.0,0.0,0.7,13.0,198.7,23775.0,44978.0,21.0,9.7,66.0,30.27,1.8190000000000002,163.3,0.0,0.0,
2026-04-18T23:35:01,04/18/202611:35,20.5,0.0,0.0,51.720000000000006,0.0,0.0,0.0,0.7,13.0,198.7,23775.0,44978.0,21.0,9.61,66.6,30.267000000000003,1.813,159.0,0.0,0.0,
2026-04-18T23:36:29,04/18/202611:36,20.5,0.0,0.0,51.720000000000006,0.0,0.0,0.0,0.7,13.0,198.7,23775.0,44978.0,21.0,9.52,67.2,30.264,1.807,154.7,0.0,0.0,
2026-04-18T23:37:00,04/18/202611:37,20.5,0.0,0.0,51.720000000000006,0.0,0.0,0.0,0.7,13.0,198.7,23775.0,44978.0,21.0,9.43,67.8,30.261000000000003,1.8010000000000002,150.4,0.0,0.0,
2026-04-18T23:38:01,04/18/202611:38,20.5,0.0,0.0,51.720000000000006,0.0,0.0,0.0,0.7,13.0,198.7,23775.0,44978.0,21.0,9.34,68.4,30.258,1.795,146.1,0.0,0.0,
2026-04-18T23:39:00,04/18/202611:39,20.5,0.0,0.0,51.720000000000006,0.0,0.0,0.0,0.7,13.0,198.7,23775.0,44978.0,21.0,9.25,69.0,30.255000000000003,1.7890000000000001,141.8,0.0,0.0,
2026-04-18T23:40:01,04/18/202611:40,20.5,0.0,0.0,51.720000000000006,0.0,0.0,0.0,0.7,13.0,198.7,23775.0,44978.0,21.0,9.16,69.6,30.252,1.783,137.5,0.0,0.0,
2026-04-18T23:41:00,04/18/202611:41,20.5,0.0,0.0,51.71,0.0,0.0,0.0,0.7,13.0,198.7,23775.0,44978.0,21.0,9.07,70.2,30.249000000000002,1.777,133.2,0.0,0.0,
2026-04-18T23:42:00,04/18/202611:42,20.5,0.0,0.0,51.7,0.0,0.0,0.0,0.7,13.0,198.7,23775.0,44978.0,21.0,9.0,70.8,30.246,1.7399999999999998,130.0,0.0,0.0,
2026-04-18T23:43:01,04/18/202611:43,20.5,0.0,0.0,51.7,0.0,0.0,0.0,0.7,13.0,198.7,23775.0,44978.0,21.0,9.0,71.4,30.243000000000002,1.7399999999999998,130.0,0.0,0.0,
2026-04-18T23:44:00,04/18/202611:44,20.5,0.0,0.0,51.7,0.0,0.0,0.0,0.7,13.0,198.7,23775.0,44978.0,21.0,9.0,72.0,30.24,1.7399999999999998,130.0,0.0,0.0,
2026-04-18T23:45:00,04/18/202611:45,20.5,0.0,0.0,51.68000000000001,0.0,0.0,0.0,0.7,13.0,198.7,23775.0,44978.0,21.0,9.0,72.0,30.24,1.7399999999999998,130.0,0.0,0.0,
2026-04-18T23:46:01,04/18/202611:46,20.5,0.0,0.0,51.68000000000001,0.0,0.0,0.0,0.7,13.0,198.7,23775.0,44978.0,21.0,9.0,72.0,30.24,1.7399999999999998,130.0,0.0,0.0,
2026-04-18T23:47:40,04/18/202611:47,20.5,0.0,0.0,51.68000000000001,0.0,0.0,0.0,0.7,13.0,198.7,23775.0,44978.0,21.0,8.98,72.0,30.24,1.746,134.3,0.0,0.0,
2026-04-18T23:48:00,04/18/202611:48,20.5,0.0,0.0,51.68000000000001,0.0,0.0,0.0,0.7,13.0,198.7,23775.0,44978.0,21.0,8.959999999999999,72.0,30.24,1.752,138.6,0.0,0.0,
2026-04-18T23:49:01,04/18/202611:49,20.5,0.0,0.0,51.68000000000001,0.0,0.0,0.0,0.7,13.0,198.7,23775.0,44978.0,21.0,8.940000000000001,72.0,30.24,1.7579999999999998,142.9,0.0,0.0,
2026-04-18T23:50:00,04/18/202611:50,20.5,0.0,0.0,51.68000000000001,0.0,0.0,0.0,0.7,13.0,198.7,23775.0,44978.0,21.0,8.92,72.0,30.24,1.764,147.2,0.0,0.0,
2026-04-18T23:51:01,04/18/202611:51,20.5,0.0,0.0,51.7,0.0,0.0,0.0,0.7,13.0,198.7,23775.0,44978.0,21.0,8.9,72.0,30.24,1.77,151.5,0.0,0.0,
2026-04-18T23:52:00,04/18/202611:52,20.5,0.0,0.0,51.7,0.0,0.0,0.0,0.7,13.0,198.7,23775.0,44978.0,21.0,8.88,72.0,30.24,1.7760000000000002,155.8,0.0,0.0,
2026-04-18T23:53:00,04/18/202611:53,20.5,0.0,0.0,51.7,0.0,0.0,0.0,0.7,13.0,198.7,23775.0,44978.0,21.0,8.860000000000001,72.0,30.24,1.782,160.1,0.0,0.0,
2026-04-18T23:54:01,04/18/202611:54,20.5,0.0,0.0,51.71,0.0,0.0,0.0,0.7,13.0,198.7,23775.0,44978.0,20.9,8.84,72.0,30.24,1.7879999999999998,164.4,0.0,0.0,
2026-04-18T23:55:00,04/18/202611:55,20.5,0.0,0.0,51.720000000000006,0.0,0.0,0.0,0.7,13.0,198.7,23775.0,44978.0,20.9,8.82,72.0,30.24,1.794,168.7,0.0,0.0,
2026-04-18T23:56:01,04/18/202611:56,20.5,0.0,0.0,51.71,0.0,0.0,0.0,0.7,13.0,198.7,23775.0,44978.0,21.0,8.8,72.0,30.24,1.8,173.0,0.0,0.0,
2026-04-18T23:57:01,04/18/202611:57,20.5,0.0,0.0,51.71,0.0,0.0,0.0,0.7,13.0,198.7,23775.0,44978.0,21.0,8.8,72.0,30.24,1.8,173.0,0.0,0.0,
2026-04-18T23:58:52,04/18/202611:58,20.5,0.0,0.0,51.71,0.0,0.0,0.0,0.7,13.0,198.7,23775.0,44978.0,21.0,8.8,72.0,30.24,1.8,173.0,0.0,0.0,
2026-04-18T23:59:01,04/18/202611:59,20.5,0.0,0.0,51.71,0.0,0.0,0.0,0.7,13.0,198.7,23775.0,44978.0,21.0,8.8,72.0,30.24,1.8,173.0,0.0,0.0,
