timestamp,HMI_Timestamp,PV_Voltage_V,PV_Current_A,PV_Power_W,Battery_Voltage_V,Battery_Current_A,Battery_Power_W,Avg_Power_to_Battery_W,Daily_Energy_kWh,Daily_Charge_Ah,History_Max_Input_Voltage_V,Lifetime_Energy_Gen_kWh,Lifetime_Charge_Ah,Battery_Temp_C,Air_Temp_C,Humidity_pct,Air_Pressure_inHg,Wind_Speed_ms,Wind_Direction_deg,Solar_Irradiance_Wm2,UV_Index,Est_Efficiency
2026-04-29T00:00:48,04/29/202600:00,20.54,0.0,0.0,51.67,0.0,0.0,0.0,0.0,0.0,198.7,23861.0,45140.0,17.8,12.4,80.0,29.940000000000005,6.709999999999999,37.0,0.0,0.0,
2026-04-29T00:01:00,04/29/202600:01,20.54,0.0,0.0,51.660000000000004,0.0,0.0,0.0,0.0,0.0,198.7,23861.0,45140.0,17.8,12.4,80.0,29.940000000000005,6.709999999999999,37.0,0.0,0.0,
2026-04-29T00:01:48,04/29/202600:01,20.54,0.0,0.0,51.660000000000004,0.0,0.0,0.0,0.0,0.0,198.7,23861.0,45140.0,17.8,12.370000000000001,80.1,29.940000000000005,6.567,36.1,0.0,0.0,
2026-04-29T00:02:01,04/29/202600:02,20.54,0.0,0.0,51.660000000000004,0.0,0.0,0.0,0.0,0.0,198.7,23861.0,45140.0,17.8,12.34,80.2,29.940000000000005,6.4239999999999995,35.2,0.0,0.0,
2026-04-29T00:03:00,04/29/202600:03,20.54,0.0,0.0,51.65,0.0,0.0,0.0,0.0,0.0,198.7,23861.0,45140.0,17.8,12.309999999999999,80.3,29.940000000000005,6.281000000000001,34.3,0.0,0.0,
2026-04-29T00:03:48,04/29/202600:03,20.54,0.0,0.0,51.65,0.0,0.0,0.0,0.0,0.0,198.7,23861.0,45140.0,17.8,12.28,80.4,29.940000000000005,6.138,33.4,0.0,0.0,
2026-04-29T00:04:01,04/29/202600:04,20.54,0.0,0.0,51.65,0.0,0.0,0.0,0.0,0.0,198.7,23861.0,45140.0,17.8,12.25,80.5,29.940000000000005,5.995,32.5,0.0,0.0,
2026-04-29T00:04:48,04/29/202600:04,20.54,0.0,0.0,51.65,0.0,0.0,0.0,0.0,0.0,198.7,23861.0,45140.0,17.8,12.22,80.6,29.940000000000005,5.852,31.6,0.0,0.0,
2026-04-29T00:05:00,04/29/202600:05,20.54,0.0,0.0,51.65,0.0,0.0,0.0,0.0,0.0,198.7,23861.0,45140.0,17.8,12.190000000000001,80.7,29.940000000000005,5.7090000000000005,30.7,0.0,0.0,
2026-04-29T00:05:49,04/29/202600:05,20.55,0.0,0.0,51.65,0.0,0.0,0.0,0.0,0.0,198.7,23861.0,45140.0,17.8,12.16,80.8,29.940000000000005,5.566000000000001,29.8,0.0,0.0,
2026-04-29T00:06:01,04/29/202600:06,20.55,0.0,0.0,51.660000000000004,0.0,0.0,0.0,0.0,0.0,198.7,23861.0,45140.0,17.8,12.129999999999999,80.9,29.940000000000005,5.423,28.9,0.0,0.0,
2026-04-29T00:07:00,04/29/202600:07,20.55,0.0,0.0,51.67,0.0,0.0,0.0,0.0,0.0,198.7,23861.0,45140.0,17.8,12.1,81.0,29.940000000000005,5.28,28.0,0.0,0.0,
2026-04-29T00:10:56,04/29/202600:10,20.55,0.0,0.0,51.68000000000001,0.0,0.0,0.0,0.0,0.0,198.7,23861.0,45140.0,17.8,12.1,81.0,29.940000000000005,5.28,28.0,0.0,0.0,
2026-04-29T00:11:01,04/29/202600:11,20.55,0.0,0.0,51.69,0.0,0.0,0.0,0.0,0.0,198.7,23861.0,45140.0,17.8,12.1,81.0,29.940000000000005,5.28,28.0,0.0,0.0,
2026-04-29T00:12:00,04/29/202600:12,20.55,0.0,0.0,51.69,0.0,0.0,0.0,0.0,0.0,198.7,23861.0,45140.0,17.8,12.1,81.0,29.940000000000005,5.28,28.0,0.0,0.0,
2026-04-29T00:13:01,04/29/202600:13,20.54,0.0,0.0,51.69,0.0,0.0,0.0,0.0,0.0,198.7,23861.0,45140.0,17.8,12.1,81.0,29.940000000000005,5.28,28.0,0.0,0.0,
2026-04-29T00:13:30,04/29/202600:13,20.54,0.0,0.0,51.69,0.0,0.0,0.0,0.0,0.0,198.7,23861.0,45140.0,17.8,12.1,81.0,29.940000000000005,5.28,28.0,0.0,0.0,
2026-04-29T00:14:00,04/29/202600:14,20.55,0.0,0.0,51.69,0.0,0.0,0.0,0.0,0.0,198.7,23861.0,45140.0,17.8,12.1,81.0,29.940000000000005,5.28,28.0,0.0,0.0,
2026-04-29T00:15:01,04/29/202600:15,20.560000000000002,0.0,0.0,51.69,0.0,0.0,0.0,0.0,0.0,198.7,23861.0,45140.0,17.8,12.1,81.0,29.940000000000005,5.28,28.0,0.0,0.0,
2026-04-29T00:15:29,04/29/202600:15,20.55,0.0,0.0,51.69,0.0,0.0,0.0,0.0,0.0,198.7,23861.0,45140.0,17.8,12.1,81.0,29.940000000000005,5.28,28.0,0.0,0.0,
2026-04-29T00:16:00,04/29/202600:16,20.54,0.0,0.0,51.69,0.0,0.0,0.0,0.0,0.0,198.7,23861.0,45140.0,17.8,12.1,81.0,29.940000000000005,5.28,28.0,0.0,0.0,
2026-04-29T00:17:01,04/29/202600:17,20.53,0.0,0.0,51.69,0.0,0.0,0.0,0.0,0.0,198.7,23861.0,45140.0,17.8,12.08,81.1,29.940000000000005,5.311,27.5,0.0,0.0,
2026-04-29T00:18:00,04/29/202600:18,20.53,0.0,0.0,51.69,0.0,0.0,0.0,0.0,0.0,198.7,23861.0,45140.0,17.8,12.059999999999999,81.2,29.940000000000005,5.3420000000000005,27.0,0.0,0.0,
2026-04-29T00:18:30,04/29/202600:18,20.54,0.0,0.0,51.68000000000001,0.0,0.0,0.0,0.0,0.0,198.7,23861.0,45140.0,17.8,12.040000000000001,81.3,29.940000000000005,5.373,26.5,0.0,0.0,
2026-04-29T00:19:00,04/29/202600:19,20.55,0.0,0.0,51.68000000000001,0.0,0.0,0.0,0.0,0.0,198.7,23861.0,45140.0,17.8,12.02,81.4,29.940000000000005,5.404,26.0,0.0,0.0,
2026-04-29T00:19:29,04/29/202600:19,20.55,0.0,0.0,51.68000000000001,0.0,0.0,0.0,0.0,0.0,198.7,23861.0,45140.0,17.7,12.0,81.5,29.940000000000005,5.4350000000000005,25.5,0.0,0.0,
2026-04-29T00:20:00,04/29/202600:20,20.54,0.0,0.0,51.68000000000001,0.0,0.0,0.0,0.0,0.0,198.7,23861.0,45140.0,17.7,11.98,81.6,29.940000000000005,5.465999999999999,25.0,0.0,0.0,
2026-04-29T00:20:30,04/29/202600:20,20.54,0.0,0.0,51.68000000000001,0.0,0.0,0.0,0.0,0.0,198.7,23861.0,45140.0,17.8,11.959999999999999,81.7,29.940000000000005,5.497,24.5,0.0,0.0,
2026-04-29T00:22:07,04/29/202600:22,20.54,0.0,0.0,51.68000000000001,0.0,0.0,0.0,0.0,0.0,198.7,23861.0,45140.0,17.8,11.940000000000001,81.8,29.940000000000005,5.5280000000000005,24.0,0.0,0.0,
2026-04-29T00:22:29,04/29/202600:22,20.54,0.0,0.0,51.67,0.0,0.0,0.0,0.0,0.0,198.7,23861.0,45140.0,17.8,11.92,81.9,29.940000000000005,5.558999999999999,23.5,0.0,0.0,
2026-04-29T00:23:01,04/29/202600:23,20.54,0.0,0.0,51.660000000000004,0.0,0.0,0.0,0.0,0.0,198.7,23861.0,45140.0,17.8,11.9,82.0,29.940000000000005,5.59,23.0,0.0,0.0,
2026-04-29T00:24:01,04/29/202600:24,20.54,0.0,0.0,51.660000000000004,0.0,0.0,0.0,0.0,0.0,198.7,23861.0,45140.0,17.8,11.9,82.0,29.940000000000005,5.59,23.0,0.0,0.0,
2026-04-29T00:25:01,04/29/202600:25,20.54,0.0,0.0,51.660000000000004,0.0,0.0,0.0,0.0,0.0,198.7,23861.0,45140.0,17.8,11.9,82.0,29.940000000000005,5.59,23.0,0.0,0.0,
2026-04-29T00:26:01,04/29/202600:26,20.53,0.0,0.0,51.67,0.0,0.0,0.0,0.0,0.0,198.7,23861.0,45140.0,17.8,11.9,82.0,29.940000000000005,5.59,23.0,0.0,0.0,
2026-04-29T00:27:01,04/29/202600:27,20.52,0.0,0.0,51.68000000000001,0.0,0.0,0.0,0.0,0.0,198.7,23861.0,45140.0,17.7,11.9,82.0,29.940000000000005,5.59,23.0,0.0,0.0,
2026-04-29T00:27:34,04/29/202600:27,20.53,0.0,0.0,51.68000000000001,0.0,0.0,0.0,0.0,0.0,198.7,23861.0,45140.0,17.8,11.9,82.0,29.940000000000005,5.59,23.0,0.0,0.0,
2026-04-29T00:28:01,04/29/202600:28,20.54,0.0,0.0,51.68000000000001,0.0,0.0,0.0,0.0,0.0,198.7,23861.0,45140.0,17.8,11.9,82.0,29.940000000000005,5.59,23.0,0.0,0.0,
2026-04-29T00:28:34,04/29/202600:28,20.53,0.0,0.0,51.68000000000001,0.0,0.0,0.0,0.0,0.0,198.7,23861.0,45140.0,17.8,11.9,82.0,29.940000000000005,5.59,23.0,0.0,0.0,
2026-04-29T00:29:01,04/29/202600:29,20.52,0.0,0.0,51.68000000000001,0.0,0.0,0.0,0.0,0.0,198.7,23861.0,45140.0,17.8,11.9,82.0,29.940000000000005,5.59,23.0,0.0,0.0,
2026-04-29T00:30:01,04/29/202600:30,20.52,0.0,0.0,51.68000000000001,0.0,0.0,0.0,0.0,0.0,198.7,23861.0,45140.0,17.7,11.9,82.0,29.940000000000005,5.59,23.0,0.0,0.0,
2026-04-29T00:31:01,04/29/202600:31,20.52,0.0,0.0,51.68000000000001,0.0,0.0,0.0,0.0,0.0,198.7,23861.0,45140.0,17.7,11.9,82.0,29.940000000000005,5.59,23.0,0.0,0.0,
2026-04-29T01:09:13,04/29/202601:09,20.52,0.0,0.0,51.68000000000001,0.0,0.0,0.0,0.0,0.0,198.7,23861.0,45140.0,17.7,11.860000000000001,81.8,29.940000000000005,5.59,23.6,0.0,0.0,
2026-04-29T01:10:01,04/29/202601:10,20.52,0.0,0.0,51.67,0.0,0.0,0.0,0.0,0.0,198.7,23861.0,45140.0,17.7,11.82,81.6,29.940000000000005,5.59,24.2,0.0,0.0,
2026-04-29T01:11:01,04/29/202601:11,20.52,0.0,0.0,51.660000000000004,0.0,0.0,0.0,0.0,0.0,198.7,23861.0,45140.0,17.7,11.78,81.4,29.940000000000005,5.59,24.8,0.0,0.0,
2026-04-29T01:12:01,04/29/202601:12,20.52,0.0,0.0,51.65,0.0,0.0,0.0,0.0,0.0,198.7,23861.0,45140.0,17.7,11.74,81.2,29.940000000000005,5.59,25.4,0.0,0.0,
2026-04-29T01:13:01,04/29/202601:13,20.509999999999998,0.0,0.0,51.64,0.0,0.0,0.0,0.0,0.0,198.7,23861.0,45140.0,17.7,11.7,81.0,29.940000000000005,5.59,26.0,0.0,0.0,
2026-04-29T01:14:01,04/29/202601:14,20.5,0.0,0.0,51.63000000000001,0.0,0.0,0.0,0.0,0.0,198.7,23861.0,45140.0,17.7,11.66,80.8,29.940000000000005,5.59,26.6,0.0,0.0,
2026-04-29T01:15:00,04/29/202601:15,20.5,0.0,0.0,51.620000000000005,0.0,0.0,0.0,0.0,0.0,198.7,23861.0,45140.0,17.7,11.620000000000001,80.6,29.940000000000005,5.59,27.2,0.0,0.0,
2026-04-29T01:16:01,04/29/202601:16,20.5,0.0,0.0,51.61,0.0,0.0,0.0,0.0,0.0,198.7,23861.0,45140.0,17.7,11.58,80.4,29.940000000000005,5.59,27.8,0.0,0.0,
2026-04-29T01:17:00,04/29/202601:17,20.5,0.0,0.0,51.61,0.0,0.0,0.0,0.0,0.0,198.7,23861.0,45140.0,17.7,11.52,80.3,29.940000000000005,5.558999999999999,28.3,0.0,0.0,
2026-04-29T01:18:01,04/29/202601:18,20.5,0.0,0.0,51.61,0.0,0.0,0.0,0.0,0.0,198.7,23861.0,45140.0,17.7,11.459999999999999,80.2,29.940000000000005,5.5280000000000005,28.8,0.0,0.0,
2026-04-29T01:19:01,04/29/202601:19,20.5,0.0,0.0,51.6,0.0,0.0,0.0,0.0,0.0,198.7,23861.0,45140.0,17.7,11.440000000000001,80.3,29.940000000000005,5.497,28.7,0.0,0.0,
2026-04-29T01:20:25,04/29/202601:20,20.5,0.0,0.0,51.61,0.0,0.0,0.0,0.0,0.0,198.7,23861.0,45140.0,17.7,11.42,80.4,29.940000000000005,5.465999999999999,28.6,0.0,0.0,
2026-04-29T01:21:00,04/29/202601:21,20.5,0.0,0.0,51.620000000000005,0.0,0.0,0.0,0.0,0.0,198.7,23861.0,45140.0,17.7,11.4,80.5,29.940000000000005,5.4350000000000005,28.5,0.0,0.0,
2026-04-29T01:22:00,04/29/202601:22,20.5,0.0,0.0,51.620000000000005,0.0,0.0,0.0,0.0,0.0,198.7,23861.0,45140.0,17.7,11.38,80.6,29.940000000000005,5.404,28.4,0.0,0.0,
2026-04-29T01:23:00,04/29/202601:23,20.5,0.0,0.0,51.620000000000005,0.0,0.0,0.0,0.0,0.0,198.7,23861.0,45140.0,17.7,11.360000000000001,80.7,29.940000000000005,5.373,28.3,0.0,0.0,
2026-04-29T01:24:01,04/29/202601:24,20.5,0.0,0.0,51.620000000000005,0.0,0.0,0.0,0.0,0.0,198.7,23861.0,45140.0,17.7,11.34,80.8,29.940000000000005,5.3420000000000005,28.2,0.0,0.0,
2026-04-29T01:25:00,04/29/202601:25,20.5,0.0,0.0,51.620000000000005,0.0,0.0,0.0,0.0,0.0,198.7,23861.0,45140.0,17.7,11.32,80.9,29.940000000000005,5.311,28.1,0.0,0.0,
2026-04-29T01:26:01,04/29/202601:26,20.5,0.0,0.0,51.620000000000005,0.0,0.0,0.0,0.0,0.0,198.7,23861.0,45140.0,17.7,11.3,81.0,29.940000000000005,5.28,28.0,0.0,0.0,
2026-04-29T01:27:00,04/29/202601:27,20.5,0.0,0.0,51.620000000000005,0.0,0.0,0.0,0.0,0.0,198.7,23861.0,45140.0,17.8,11.3,81.0,29.940000000000005,5.28,28.0,0.0,0.0,
2026-04-29T01:28:47,04/29/202601:28,20.5,0.0,0.0,51.620000000000005,0.0,0.0,0.0,0.0,0.0,198.7,23861.0,45140.0,17.7,11.3,81.0,29.940000000000005,5.28,28.0,0.0,0.0,
2026-04-29T01:29:00,04/29/202601:29,20.5,0.0,0.0,51.620000000000005,0.0,0.0,0.0,0.0,0.0,198.7,23861.0,45140.0,17.7,11.3,81.0,29.940000000000005,5.28,28.0,0.0,0.0,
2026-04-29T01:31:36,04/29/202601:31,20.5,0.0,0.0,51.61,0.0,0.0,0.0,0.0,0.0,198.7,23861.0,45140.0,17.7,11.290000000000001,81.0,29.940000000000005,5.311,28.9,0.0,0.0,
2026-04-29T01:32:00,04/29/202601:32,20.5,0.0,0.0,51.589999999999996,0.0,0.0,0.0,0.0,0.0,198.7,23861.0,45140.0,17.7,11.260000000000002,81.1,29.940000000000005,5.162000000000001,28.9,0.0,0.0,
2026-04-29T01:33:01,04/29/202601:33,20.5,0.0,0.0,51.589999999999996,0.0,0.0,0.0,0.0,0.0,198.7,23861.0,45140.0,17.7,11.23,81.2,29.940000000000005,5.013,28.9,0.0,0.0,
2026-04-29T01:34:00,04/29/202601:34,20.5,0.0,0.0,51.589999999999996,0.0,0.0,0.0,0.0,0.0,198.7,23861.0,45140.0,17.7,11.2,81.3,29.940000000000005,4.864,28.9,0.0,0.0,
2026-04-29T01:35:01,04/29/202601:35,20.5,0.0,0.0,51.6,0.0,0.0,0.0,0.0,0.0,198.7,23861.0,45140.0,17.7,11.17,81.4,29.940000000000005,4.715,28.9,0.0,0.0,
2026-04-29T01:36:00,04/29/202601:36,20.5,0.0,0.0,51.6,0.0,0.0,0.0,0.0,0.0,198.7,23861.0,45140.0,17.7,11.14,81.7,29.940000000000005,4.566000000000001,28.9,0.0,0.0,
2026-04-29T01:37:01,04/29/202601:37,20.5,0.0,0.0,51.6,0.0,0.0,0.0,0.0,0.0,198.7,23861.0,45140.0,17.7,11.11,82.0,29.940000000000005,4.417,28.9,0.0,0.0,
2026-04-29T01:38:53,04/29/202601:38,20.5,0.0,0.0,51.6,0.0,0.0,0.0,0.0,0.0,198.7,23861.0,45140.0,17.7,11.08,82.3,29.940000000000005,4.268,28.9,0.0,0.0,
2026-04-29T01:39:01,04/29/202601:39,20.5,0.0,0.0,51.6,0.0,0.0,0.0,0.0,0.0,198.7,23861.0,45140.0,17.7,11.05,82.6,29.940000000000005,4.119,28.9,0.0,0.0,
2026-04-29T01:40:00,04/29/202601:40,20.5,0.0,0.0,51.6,0.0,0.0,0.0,0.0,0.0,198.7,23861.0,45140.0,17.7,11.02,82.9,29.940000000000005,3.97,28.9,0.0,0.0,
2026-04-29T01:41:01,04/29/202601:41,20.5,0.0,0.0,51.6,0.0,0.0,0.0,0.0,0.0,198.7,23861.0,45140.0,17.6,11.0,83.2,29.940000000000005,3.79,28.0,0.0,0.0,
2026-04-29T01:42:47,04/29/202601:42,20.5,0.0,0.0,51.61,0.0,0.0,0.0,0.0,0.0,198.7,23861.0,45140.0,17.7,11.0,83.4,29.940000000000005,3.79,28.0,0.0,0.0,
2026-04-29T01:43:01,04/29/202601:43,20.5,0.0,0.0,51.61,0.0,0.0,0.0,0.0,0.0,198.7,23861.0,45140.0,17.7,11.0,83.6,29.940000000000005,3.79,28.0,0.0,0.0,
2026-04-29T01:44:00,04/29/202601:44,20.5,0.0,0.0,51.6,0.0,0.0,0.0,0.0,0.0,198.7,23861.0,45140.0,17.6,11.0,83.8,29.940000000000005,3.79,28.0,0.0,0.0,
2026-04-29T01:45:01,04/29/202601:45,20.5,0.0,0.0,51.589999999999996,0.0,0.0,0.0,0.0,0.0,198.7,23861.0,45140.0,17.7,11.0,84.0,29.940000000000005,3.79,28.0,0.0,0.0,
2026-04-29T01:46:01,04/29/202601:46,20.5,0.0,0.0,51.589999999999996,0.0,0.0,0.0,0.0,0.0,198.7,23861.0,45140.0,17.6,11.0,84.0,29.940000000000005,3.79,28.0,0.0,0.0,
2026-04-29T01:47:00,04/29/202601:47,20.5,0.0,0.0,51.589999999999996,0.0,0.0,0.0,0.0,0.0,198.7,23861.0,45140.0,17.6,10.97,84.1,29.940000000000005,3.753,26.3,0.0,0.0,
2026-04-29T01:48:01,04/29/202601:48,20.5,0.0,0.0,51.589999999999996,0.0,0.0,0.0,0.0,0.0,198.7,23861.0,45140.0,17.6,10.940000000000001,84.2,29.940000000000005,3.7159999999999997,24.6,0.0,0.0,
2026-04-29T01:49:00,04/29/202601:49,20.5,0.0,0.0,51.589999999999996,0.0,0.0,0.0,0.0,0.0,198.7,23861.0,45140.0,17.7,10.91,84.3,29.940000000000005,3.679,22.9,0.0,0.0,
2026-04-29T01:50:01,04/29/202601:50,20.5,0.0,0.0,51.589999999999996,0.0,0.0,0.0,0.0,0.0,198.7,23861.0,45140.0,17.7,10.879999999999999,84.4,29.940000000000005,3.6420000000000003,21.2,0.0,0.0,
2026-04-29T01:51:00,04/29/202601:51,20.5,0.0,0.0,51.589999999999996,0.0,0.0,0.0,0.0,0.0,198.7,23861.0,45140.0,17.7,10.85,84.5,29.940000000000005,3.6049999999999995,19.5,0.0,0.0,
2026-04-29T01:52:01,04/29/202601:52,20.5,0.0,0.0,51.589999999999996,0.0,0.0,0.0,0.0,0.0,198.7,23861.0,45140.0,17.7,10.819999999999999,84.6,29.940000000000005,3.568,17.8,0.0,0.0,
2026-04-29T01:53:58,04/29/202601:53,20.5,0.0,0.0,51.589999999999996,0.0,0.0,0.0,0.0,0.0,198.7,23861.0,45140.0,17.7,10.79,84.7,29.940000000000005,3.531,16.1,0.0,0.0,
2026-04-29T01:54:01,04/29/202601:54,20.5,0.0,0.0,51.6,0.0,0.0,0.0,0.0,0.0,198.7,23861.0,45140.0,17.7,10.76,84.8,29.940000000000005,3.4939999999999998,14.4,0.0,0.0,
2026-04-29T01:55:00,04/29/202601:55,20.5,0.0,0.0,51.6,0.0,0.0,0.0,0.0,0.0,198.7,23861.0,45140.0,17.7,10.73,84.9,29.940000000000005,3.457,12.7,0.0,0.0,
2026-04-29T01:56:01,04/29/202601:56,20.5,0.0,0.0,51.589999999999996,0.0,0.0,0.0,0.0,0.0,198.7,23861.0,45140.0,17.6,10.7,85.0,29.940000000000005,3.4200000000000004,11.0,0.0,0.0,
2026-04-29T01:57:01,04/29/202601:57,20.5,0.0,0.0,51.589999999999996,0.0,0.0,0.0,0.0,0.0,198.7,23861.0,45140.0,17.6,10.7,85.0,29.940000000000005,3.4200000000000004,11.0,0.0,0.0,
2026-04-29T01:58:58,04/29/202601:58,20.5,0.0,0.0,51.589999999999996,0.0,0.0,0.0,0.0,0.0,198.7,23861.0,45140.0,17.7,10.7,85.0,29.940000000000005,3.4200000000000004,11.0,0.0,0.0,
2026-04-29T01:59:01,04/29/202601:59,20.5,0.0,0.0,51.589999999999996,0.0,0.0,0.0,0.0,0.0,198.7,23861.0,45140.0,17.7,10.7,85.0,29.940000000000005,3.4200000000000004,11.0,0.0,0.0,
2026-04-29T02:00:00,04/29/202602:00,20.5,0.0,0.0,51.589999999999996,0.0,0.0,0.0,0.0,0.0,198.7,23861.0,45140.0,17.6,10.7,85.0,29.940000000000005,3.4200000000000004,11.0,0.0,0.0,
2026-04-29T02:01:01,04/29/202602:01,20.5,0.0,0.0,51.58,0.0,0.0,0.0,0.0,0.0,198.7,23861.0,45140.0,17.6,10.669999999999998,85.1,29.943,3.37,43.6,0.0,0.0,
2026-04-29T02:02:00,04/29/202602:02,20.5,0.0,0.0,51.58,0.0,0.0,0.0,0.0,0.0,198.7,23861.0,45140.0,17.6,10.639999999999999,85.2,29.946000000000005,3.3200000000000003,76.2,0.0,0.0,
2026-04-29T02:02:32,04/29/202602:02,20.490000000000002,0.0,0.0,51.58,0.0,0.0,0.0,0.0,0.0,198.7,23861.0,45140.0,17.6,10.61,85.3,29.949,3.2700000000000005,108.8,0.0,0.0,
2026-04-29T02:03:01,04/29/202602:03,20.48,0.0,0.0,51.58,0.0,0.0,0.0,0.0,0.0,198.7,23861.0,45140.0,17.6,10.58,85.4,29.951999999999998,3.22,141.4,0.0,0.0,
2026-04-29T02:03:31,04/29/202602:03,20.48,0.0,0.0,51.58,0.0,0.0,0.0,0.0,0.0,198.7,23861.0,45140.0,17.6,10.55,85.5,29.955000000000002,3.17,174.0,0.0,0.0,
2026-04-29T02:05:09,04/29/202602:05,20.48,0.0,0.0,51.589999999999996,0.0,0.0,0.0,0.0,0.0,198.7,23861.0,45140.0,17.6,10.52,85.6,29.958,3.12,206.6,0.0,0.0,
2026-04-29T02:06:01,04/29/202602:06,20.48,0.0,0.0,51.58,0.0,0.0,0.0,0.0,0.0,198.7,23861.0,45140.0,17.6,10.49,85.7,29.961000000000002,3.07,239.2,0.0,0.0,
2026-04-29T02:07:01,04/29/202602:07,20.48,0.0,0.0,51.58,0.0,0.0,0.0,0.0,0.0,198.7,23861.0,45140.0,17.6,10.459999999999999,85.8,29.964,3.02,271.8,0.0,0.0,
2026-04-29T02:08:01,04/29/202602:08,20.48,0.0,0.0,51.58,0.0,0.0,0.0,0.0,0.0,198.7,23861.0,45140.0,17.6,10.43,85.9,29.967000000000002,2.9699999999999998,304.4,0.0,0.0,
2026-04-29T02:09:01,04/29/202602:09,20.48,0.0,0.0,51.57000000000001,0.0,0.0,0.0,0.0,0.0,198.7,23861.0,45140.0,17.6,10.4,86.0,29.97,2.92,337.0,0.0,0.0,
2026-04-29T02:10:01,04/29/202602:10,20.48,0.0,0.0,51.58,0.0,0.0,0.0,0.0,0.0,198.7,23861.0,45140.0,17.6,10.4,86.0,29.97,2.92,337.0,0.0,0.0,
2026-04-29T02:11:01,04/29/202602:11,20.48,0.0,0.0,51.57000000000001,0.0,0.0,0.0,0.0,0.0,198.7,23861.0,45140.0,17.6,10.4,86.0,29.97,2.92,337.0,0.0,0.0,
2026-04-29T02:12:01,04/29/202602:12,20.490000000000002,0.0,0.0,51.57000000000001,0.0,0.0,0.0,0.0,0.0,198.7,23861.0,45140.0,17.6,10.4,86.0,29.97,2.92,337.0,0.0,0.0,
2026-04-29T02:13:01,04/29/202602:13,20.5,0.0,0.0,51.56,0.0,0.0,0.0,0.0,0.0,198.7,23861.0,45140.0,17.6,10.4,86.0,29.97,2.92,337.0,0.0,0.0,
2026-04-29T02:14:01,04/29/202602:14,20.5,0.0,0.0,51.55,0.0,0.0,0.0,0.0,0.0,198.7,23861.0,45140.0,17.6,10.4,86.0,29.97,2.92,337.0,0.0,0.0,
2026-04-29T02:15:00,04/29/202602:15,20.5,0.0,0.0,51.55,0.0,0.0,0.0,0.0,0.0,198.7,23861.0,45140.0,17.6,10.4,86.0,29.97,2.92,337.0,0.0,0.0,
2026-04-29T02:16:21,04/29/202602:16,20.5,0.0,0.0,51.56,0.0,0.0,0.0,0.0,0.0,198.7,23861.0,45140.0,17.6,10.379999999999999,86.0,29.97,2.995,334.1,0.0,0.0,
2026-04-29T02:17:00,04/29/202602:17,20.5,0.0,0.0,51.56,0.0,0.0,0.0,0.0,0.0,198.7,23861.0,45140.0,17.6,10.36,86.0,29.97,3.07,331.2,0.0,0.0,
2026-04-29T02:18:00,04/29/202602:18,20.5,0.0,0.0,51.56,0.0,0.0,0.0,0.0,0.0,198.7,23861.0,45140.0,17.6,10.34,86.0,29.97,3.145,328.3,0.0,0.0,
2026-04-29T02:19:00,04/29/202602:19,20.5,0.0,0.0,51.56,0.0,0.0,0.0,0.0,0.0,198.7,23861.0,45140.0,17.6,10.32,86.0,29.97,3.22,325.4,0.0,0.0,
2026-04-29T02:20:01,04/29/202602:20,20.5,0.0,0.0,51.55,0.0,0.0,0.0,0.0,0.0,198.7,23861.0,45140.0,17.7,10.27,86.0,29.97,3.3259999999999996,320.3,0.0,0.0,
2026-04-29T02:21:00,04/29/202602:21,20.5,0.0,0.0,51.56,0.0,0.0,0.0,0.0,0.0,198.7,23861.0,45140.0,17.6,10.22,86.0,29.97,3.432,315.2,0.0,0.0,
2026-04-29T02:22:01,04/29/202602:22,20.5,0.0,0.0,51.55,0.0,0.0,0.0,0.0,0.0,198.7,23861.0,45140.0,17.6,10.17,86.0,29.97,3.5380000000000003,310.1,0.0,0.0,
2026-04-29T02:23:00,04/29/202602:23,20.5,0.0,0.0,51.56,0.0,0.0,0.0,0.0,0.0,198.7,23861.0,45140.0,17.6,10.120000000000001,86.0,29.97,3.6439999999999997,305.0,0.0,0.0,
2026-04-29T02:24:00,04/29/202602:24,20.5,0.0,0.0,51.56,0.0,0.0,0.0,0.0,0.0,198.7,23861.0,45140.0,17.6,10.07,86.0,29.97,3.75,299.9,0.0,0.0,
2026-04-29T02:25:00,04/29/202602:25,20.5,0.0,0.0,51.55,0.0,0.0,0.0,0.0,0.0,198.7,23861.0,45140.0,17.6,10.02,86.0,29.97,3.8560000000000003,294.8,0.0,0.0,
2026-04-29T02:26:00,04/29/202602:26,20.5,0.0,0.0,51.54,0.0,0.0,0.0,0.0,0.0,198.7,23861.0,45140.0,17.6,9.99,86.0,29.97,3.8869999999999996,292.6,0.0,0.0,
2026-04-29T02:27:33,04/29/202602:27,20.5,0.0,0.0,51.54,0.0,0.0,0.0,0.0,0.0,198.7,23861.0,45140.0,17.6,9.959999999999999,86.0,29.97,3.918,290.4,0.0,0.0,
2026-04-29T02:28:00,04/29/202602:28,20.5,0.0,0.0,51.54,0.0,0.0,0.0,0.0,0.0,198.7,23861.0,45140.0,17.6,9.93,86.0,29.97,3.9490000000000003,288.2,0.0,0.0,
2026-04-29T02:29:00,04/29/202602:29,20.5,0.0,0.0,51.55,0.0,0.0,0.0,0.0,0.0,198.7,23861.0,45140.0,17.6,9.9,86.0,29.97,3.9799999999999995,286.0,0.0,0.0,
2026-04-29T02:30:00,04/29/202602:30,20.5,0.0,0.0,51.56,0.0,0.0,0.0,0.0,0.0,198.7,23861.0,45140.0,17.6,9.9,86.0,29.97,3.9799999999999995,286.0,0.0,0.0,
2026-04-29T02:31:01,04/29/202602:31,20.5,0.0,0.0,51.55,0.0,0.0,0.0,0.0,0.0,198.7,23861.0,45140.0,17.6,9.9,86.0,29.97,3.9799999999999995,286.0,0.0,0.0,
2026-04-29T02:32:00,04/29/202602:32,20.5,0.0,0.0,51.56,0.0,0.0,0.0,0.0,0.0,198.7,23861.0,45140.0,17.6,9.879999999999999,86.0,29.97,3.992,286.6,0.0,0.0,
2026-04-29T02:33:01,04/29/202602:33,20.5,0.0,0.0,51.55,0.0,0.0,0.0,0.0,0.0,198.7,23861.0,45140.0,17.6,9.86,86.0,29.97,4.004,287.2,0.0,0.0,
2026-04-29T02:34:00,04/29/202602:34,20.5,0.0,0.0,51.56,0.0,0.0,0.0,0.0,0.0,198.7,23861.0,45140.0,17.6,9.84,86.0,29.97,4.016,287.8,0.0,0.0,
2026-04-29T02:35:01,04/29/202602:35,20.5,0.0,0.0,51.56,0.0,0.0,0.0,0.0,0.0,198.7,23861.0,45140.0,17.7,9.82,86.0,29.97,4.0280000000000005,288.4,0.0,0.0,
2026-04-29T02:35:36,04/29/202602:35,20.490000000000002,0.0,0.0,51.57000000000001,0.0,0.0,0.0,0.0,0.0,198.7,23861.0,45140.0,17.6,9.8,86.0,29.97,4.04,289.0,0.0,0.0,
2026-04-29T02:36:39,04/29/202602:36,20.490000000000002,0.0,0.0,51.56,0.0,0.0,0.0,0.0,0.0,198.7,23861.0,45140.0,17.6,9.78,86.0,29.97,4.052,289.6,0.0,0.0,
2026-04-29T02:37:01,04/29/202602:37,20.490000000000002,0.0,0.0,51.56,0.0,0.0,0.0,0.0,0.0,198.7,23861.0,45140.0,17.6,9.76,86.0,29.97,4.064,290.2,0.0,0.0,
2026-04-29T02:38:44,04/29/202602:38,20.490000000000002,0.0,0.0,51.55,0.0,0.0,0.0,0.0,0.0,198.7,23861.0,45140.0,17.6,9.739999999999998,86.0,29.97,4.076,290.8,0.0,0.0,
2026-04-29T02:39:01,04/29/202602:39,20.490000000000002,0.0,0.0,51.55,0.0,0.0,0.0,0.0,0.0,198.7,23861.0,45140.0,17.6,9.719999999999999,86.0,29.97,4.087999999999999,291.4,0.0,0.0,
2026-04-29T02:40:00,04/29/202602:40,20.490000000000002,0.0,0.0,51.56,0.0,0.0,0.0,0.0,0.0,198.7,23861.0,45140.0,17.6,9.7,86.0,29.97,4.1,292.0,0.0,0.0,
2026-04-29T02:41:00,04/29/202602:41,20.490000000000002,0.0,0.0,51.56,0.0,0.0,0.0,0.0,0.0,198.7,23861.0,45140.0,17.6,9.7,86.0,29.97,4.1,292.0,0.0,0.0,
2026-04-29T02:42:01,04/29/202602:42,20.490000000000002,0.0,0.0,51.57000000000001,0.0,0.0,0.0,0.0,0.0,198.7,23861.0,45140.0,17.6,9.7,86.0,29.97,4.1,292.0,0.0,0.0,
2026-04-29T02:43:00,04/29/202602:43,20.490000000000002,0.0,0.0,51.56,0.0,0.0,0.0,0.0,0.0,198.7,23861.0,45140.0,17.6,9.7,86.0,29.97,4.1,292.0,0.0,0.0,
2026-04-29T02:44:01,04/29/202602:44,20.490000000000002,0.0,0.0,51.56,0.0,0.0,0.0,0.0,0.0,198.7,23861.0,45140.0,17.6,9.7,86.0,29.97,4.1,292.0,0.0,0.0,
2026-04-29T02:45:00,04/29/202602:45,20.5,0.0,0.0,51.55,0.0,0.0,0.0,0.0,0.0,198.7,23861.0,45140.0,17.6,9.7,86.0,29.97,4.1,292.0,0.0,0.0,
2026-04-29T02:46:01,04/29/202602:46,20.5,0.0,0.0,51.56,0.0,0.0,0.0,0.0,0.0,198.7,23861.0,45140.0,17.6,9.69,86.0,29.97,4.15,294.1,0.0,0.0,
2026-04-29T02:47:00,04/29/202602:47,20.5,0.0,0.0,51.55,0.0,0.0,0.0,0.0,0.0,198.7,23861.0,45140.0,17.6,9.68,86.0,29.97,4.2,296.2,0.0,0.0,
2026-04-29T02:48:01,04/29/202602:48,20.5,0.0,0.0,51.55,0.0,0.0,0.0,0.0,0.0,198.7,23861.0,45140.0,17.6,9.669999999999998,86.0,29.97,4.25,298.3,0.0,0.0,
2026-04-29T02:49:55,04/29/202602:49,20.490000000000002,0.0,0.0,51.55,0.0,0.0,0.0,0.0,0.0,198.7,23861.0,45140.0,17.6,9.66,86.0,29.97,4.3,300.4,0.0,0.0,
2026-04-29T02:50:01,04/29/202602:50,20.48,0.0,0.0,51.55,0.0,0.0,0.0,0.0,0.0,198.7,23861.0,45140.0,17.6,9.65,86.0,29.97,4.35,302.5,0.0,0.0,
2026-04-29T02:51:01,04/29/202602:51,20.47,0.0,0.0,51.55,0.0,0.0,0.0,0.0,0.0,198.7,23861.0,45140.0,17.6,9.639999999999999,86.0,29.97,4.4,304.6,0.0,0.0,
2026-04-29T02:51:33,04/29/202602:51,20.47,0.0,0.0,51.55,0.0,0.0,0.0,0.0,0.0,198.7,23861.0,45140.0,17.6,9.629999999999999,86.0,29.97,4.45,306.7,0.0,0.0,
2026-04-29T02:52:01,04/29/202602:52,20.47,0.0,0.0,51.56,0.0,0.0,0.0,0.0,0.0,198.7,23861.0,45140.0,17.6,9.62,86.0,29.97,4.5,308.8,0.0,0.0,
2026-04-29T02:52:33,04/29/202602:52,20.46,0.0,0.0,51.56,0.0,0.0,0.0,0.0,0.0,198.7,23861.0,45140.0,17.6,9.61,86.0,29.97,4.55,310.9,0.0,0.0,
2026-04-29T02:53:01,04/29/202602:53,20.45,0.0,0.0,51.56,0.0,0.0,0.0,0.0,0.0,198.7,23861.0,45140.0,17.6,9.6,86.0,29.97,4.6,313.0,0.0,0.0,
2026-04-29T02:54:01,04/29/202602:54,20.439999999999998,0.0,0.0,51.55,0.0,0.0,0.0,0.0,0.0,198.7,23861.0,45140.0,17.6,9.6,86.0,29.97,4.6,313.0,0.0,0.0,
2026-04-29T02:54:29,04/29/202602:54,20.439999999999998,0.0,0.0,51.55,0.0,0.0,0.0,0.0,0.0,198.7,23861.0,45140.0,17.6,9.6,86.0,29.97,4.6,313.0,0.0,0.0,
2026-04-29T02:55:01,04/29/202602:55,20.439999999999998,0.0,0.0,51.55,0.0,0.0,0.0,0.0,0.0,198.7,23861.0,45140.0,17.6,9.6,86.0,29.97,4.6,313.0,0.0,0.0,
2026-04-29T02:56:41,04/29/202602:56,20.45,0.0,0.0,51.54,0.0,0.0,0.0,0.0,0.0,198.7,23861.0,45140.0,17.6,9.6,86.0,29.97,4.6,313.0,0.0,0.0,
2026-04-29T02:57:01,04/29/202602:57,20.46,0.0,0.0,51.529999999999994,0.0,0.0,0.0,0.0,0.0,198.7,23861.0,45140.0,17.6,9.6,86.0,29.97,4.6,313.0,0.0,0.0,
2026-04-29T02:58:00,04/29/202602:58,20.47,0.0,0.0,51.52,0.0,0.0,0.0,0.0,0.0,198.7,23861.0,45140.0,17.6,9.6,86.0,29.97,4.6,313.0,0.0,0.0,
2026-04-29T02:58:41,04/29/202602:58,20.46,0.0,0.0,51.52,0.0,0.0,0.0,0.0,0.0,198.7,23861.0,45140.0,17.6,9.6,86.0,29.97,4.6,313.0,0.0,0.0,
2026-04-29T02:59:01,04/29/202602:59,20.45,0.0,0.0,51.52,0.0,0.0,0.0,0.0,0.0,198.7,23861.0,45140.0,17.6,9.6,86.0,29.97,4.6,313.0,0.0,0.0,
2026-04-29T03:01:07,04/29/202603:01,20.46,0.0,0.0,51.52,0.0,0.0,0.0,0.0,0.0,198.7,23861.0,45140.0,17.5,9.6,86.2,29.97,4.6,313.0,0.0,0.0,
2026-04-29T03:01:40,04/29/202603:01,20.46,0.0,0.0,51.52,0.0,0.0,0.0,0.0,0.0,198.7,23861.0,45140.0,17.6,9.61,86.4,29.97,4.743,316.2,0.0,0.0,
2026-04-29T03:02:01,04/29/202603:02,20.46,0.0,0.0,51.52,0.0,0.0,0.0,0.0,0.0,198.7,23861.0,45140.0,17.6,9.62,86.6,29.97,4.886,319.4,0.0,0.0,
2026-04-29T03:02:41,04/29/202603:02,20.46,0.0,0.0,51.52,0.0,0.0,0.0,0.0,0.0,198.7,23861.0,45140.0,17.6,9.629999999999999,86.8,29.97,5.029,322.6,0.0,0.0,
2026-04-29T03:03:01,04/29/202603:03,20.46,0.0,0.0,51.52,0.0,0.0,0.0,0.0,0.0,198.7,23861.0,45140.0,17.6,9.639999999999999,87.0,29.97,5.172,325.8,0.0,0.0,
2026-04-29T03:03:40,04/29/202603:03,20.45,0.0,0.0,51.52,0.0,0.0,0.0,0.0,0.0,198.7,23861.0,45140.0,17.5,9.65,87.2,29.97,5.3149999999999995,329.0,0.0,0.0,
2026-04-29T03:04:01,04/29/202603:04,20.439999999999998,0.0,0.0,51.52,0.0,0.0,0.0,0.0,0.0,198.7,23861.0,45140.0,17.5,9.66,87.4,29.97,5.458,332.2,0.0,0.0,
2026-04-29T03:05:01,04/29/202603:05,20.43,0.0,0.0,51.52,0.0,0.0,0.0,0.0,0.0,198.7,23861.0,45140.0,17.6,9.669999999999998,87.6,29.97,5.601,335.4,0.0,0.0,
2026-04-29T03:05:41,04/29/202603:05,20.439999999999998,0.0,0.0,51.52,0.0,0.0,0.0,0.0,0.0,198.7,23861.0,45140.0,17.6,9.68,87.8,29.97,5.744,338.6,0.0,0.0,
2026-04-29T03:06:01,04/29/202603:06,20.45,0.0,0.0,51.52,0.0,0.0,0.0,0.0,0.0,198.7,23861.0,45140.0,17.6,9.69,88.0,29.97,5.8870000000000005,341.8,0.0,0.0,
2026-04-29T03:07:00,04/29/202603:07,20.45,0.0,0.0,51.52,0.0,0.0,0.0,0.0,0.0,198.7,23861.0,45140.0,17.6,9.7,88.0,29.97,6.03,345.0,0.0,0.0,
2026-04-29T03:08:01,04/29/202603:08,20.46,0.0,0.0,51.529999999999994,0.0,0.0,0.0,0.0,0.0,198.7,23861.0,45140.0,17.5,9.7,88.0,29.97,6.03,345.0,0.0,0.0,
2026-04-29T03:09:00,04/29/202603:09,20.47,0.0,0.0,51.529999999999994,0.0,0.0,0.0,0.0,0.0,198.7,23861.0,45140.0,17.6,9.7,88.0,29.97,6.03,345.0,0.0,0.0,
2026-04-29T03:10:01,04/29/202603:10,20.47,0.0,0.0,51.529999999999994,0.0,0.0,0.0,0.0,0.0,198.7,23861.0,45140.0,17.5,9.7,88.0,29.97,6.03,345.0,0.0,0.0,
2026-04-29T03:10:40,04/29/202603:10,20.46,0.0,0.0,51.529999999999994,0.0,0.0,0.0,0.0,0.0,198.7,23861.0,45140.0,17.5,9.7,88.0,29.97,6.03,345.0,0.0,0.0,
2026-04-29T03:11:00,04/29/202603:11,20.46,0.0,0.0,51.529999999999994,0.0,0.0,0.0,0.0,0.0,198.7,23861.0,45140.0,17.5,9.7,88.0,29.97,6.03,345.0,0.0,0.0,
2026-04-29T03:12:18,04/29/202603:12,20.46,0.0,0.0,51.529999999999994,0.0,0.0,0.0,0.0,0.0,198.7,23861.0,45140.0,17.6,9.7,88.0,29.97,6.03,345.0,0.0,0.0,
2026-04-29T03:13:01,04/29/202603:13,20.46,0.0,0.0,51.529999999999994,0.0,0.0,0.0,0.0,0.0,198.7,23861.0,45140.0,17.5,9.7,88.0,29.97,6.03,345.0,0.0,0.0,
2026-04-29T03:14:01,04/29/202603:14,20.45,0.0,0.0,51.52,0.0,0.0,0.0,0.0,0.0,198.7,23861.0,45140.0,17.6,9.7,88.0,29.97,6.03,345.0,0.0,0.0,
2026-04-29T03:15:01,04/29/202603:15,20.439999999999998,0.0,0.0,51.510000000000005,0.0,0.0,0.0,0.0,0.0,198.7,23861.0,45140.0,17.5,9.7,88.0,29.97,6.03,345.0,0.0,0.0,
2026-04-29T03:16:01,04/29/202603:16,20.43,0.0,0.0,51.510000000000005,0.0,0.0,0.0,0.0,0.0,198.7,23861.0,45140.0,17.5,9.719999999999999,87.9,29.973000000000003,6.1850000000000005,346.5,0.0,0.0,
2026-04-29T03:17:01,04/29/202603:17,20.419999999999998,0.0,0.0,51.5,0.0,0.0,0.0,0.0,0.0,198.7,23861.0,45140.0,17.5,9.739999999999998,87.8,29.976,6.340000000000001,348.0,0.0,0.0,
2026-04-29T03:18:01,04/29/202603:18,20.41,0.0,0.0,51.5,0.0,0.0,0.0,0.0,0.0,198.7,23861.0,45140.0,17.5,9.76,87.7,29.978999999999996,6.495,349.5,0.0,0.0,
2026-04-29T03:19:01,04/29/202603:19,20.4,0.0,0.0,51.5,0.0,0.0,0.0,0.0,0.0,198.7,23861.0,45140.0,17.5,9.78,87.6,29.982,6.65,351.0,0.0,0.0,
2026-04-29T03:20:01,04/29/202603:20,20.4,0.0,0.0,51.5,0.0,0.0,0.0,0.0,0.0,198.7,23861.0,45140.0,17.5,9.8,87.5,29.985000000000003,6.805,352.5,0.0,0.0,
2026-04-29T03:21:01,04/29/202603:21,20.4,0.0,0.0,51.5,0.0,0.0,0.0,0.0,0.0,198.7,23861.0,45140.0,17.5,9.82,87.4,29.988,6.959999999999999,354.0,0.0,0.0,
2026-04-29T03:22:00,04/29/202603:22,20.4,0.0,0.0,51.5,0.0,0.0,0.0,0.0,0.0,198.7,23861.0,45140.0,17.6,9.84,87.3,29.990999999999996,7.115,355.5,0.0,0.0,
2026-04-29T03:23:29,04/29/202603:23,20.4,0.0,0.0,51.5,0.0,0.0,0.0,0.0,0.0,198.7,23861.0,45140.0,17.5,9.86,87.2,29.994,7.2700000000000005,357.0,0.0,0.0,
2026-04-29T03:24:01,04/29/202603:24,20.4,0.0,0.0,51.5,0.0,0.0,0.0,0.0,0.0,198.7,23861.0,45140.0,17.5,9.879999999999999,87.1,29.997000000000003,7.425,358.5,0.0,0.0,
2026-04-29T03:25:01,04/29/202603:25,20.4,0.0,0.0,51.5,0.0,0.0,0.0,0.0,0.0,198.7,23861.0,45140.0,17.5,9.9,87.0,30.0,7.58,360.0,0.0,0.0,
2026-04-29T03:26:01,04/29/202603:26,20.4,0.0,0.0,51.5,0.0,0.0,0.0,0.0,0.0,198.7,23861.0,45140.0,17.5,9.9,87.0,30.0,7.58,360.0,0.0,0.0,
2026-04-29T03:27:01,04/29/202603:27,20.4,0.0,0.0,51.5,0.0,0.0,0.0,0.0,0.0,198.7,23861.0,45140.0,17.6,9.9,87.0,30.0,7.58,360.0,0.0,0.0,
2026-04-29T03:28:01,04/29/202603:28,20.4,0.0,0.0,51.5,0.0,0.0,0.0,0.0,0.0,198.7,23861.0,45140.0,17.6,9.9,87.0,30.0,7.58,360.0,0.0,0.0,
2026-04-29T03:29:01,04/29/202603:29,20.4,0.0,0.0,51.5,0.0,0.0,0.0,0.0,0.0,198.7,23861.0,45140.0,17.5,9.9,87.0,30.0,7.58,360.0,0.0,0.0,
2026-04-29T03:30:01,04/29/202603:30,20.4,0.0,0.0,51.5,0.0,0.0,0.0,0.0,0.0,198.7,23861.0,45140.0,17.6,9.9,87.0,30.0,7.58,360.0,0.0,0.0,
2026-04-29T03:31:01,04/29/202603:31,20.4,0.0,0.0,51.5,0.0,0.0,0.0,0.0,0.0,198.7,23861.0,45140.0,17.5,9.9,87.0,30.0,7.58,360.0,0.0,0.0,
2026-04-29T03:32:01,04/29/202603:32,20.4,0.0,0.0,51.5,0.0,0.0,0.0,0.0,0.0,198.7,23861.0,45140.0,17.6,9.9,86.9,30.0,7.586,324.3,0.0,0.0,
2026-04-29T03:33:01,04/29/202603:33,20.4,0.0,0.0,51.5,0.0,0.0,0.0,0.0,0.0,198.7,23861.0,45140.0,17.5,9.870000000000001,86.8,30.0,7.586,324.3,0.0,0.0,
2026-04-29T03:34:41,04/29/202603:34,20.4,0.0,0.0,51.5,0.0,0.0,0.0,0.0,0.0,198.7,23861.0,45140.0,17.5,9.84,86.7,30.0,7.543000000000001,324.3,0.0,0.0,
2026-04-29T03:35:01,04/29/202603:35,20.4,0.0,0.0,51.5,0.0,0.0,0.0,0.0,0.0,198.7,23861.0,45140.0,17.5,9.809999999999999,86.6,30.0,7.5,324.3,0.0,0.0,
2026-04-29T03:36:00,04/29/202603:36,20.4,0.0,0.0,51.5,0.0,0.0,0.0,0.0,0.0,198.7,23861.0,45140.0,17.5,9.78,86.5,30.0,7.457000000000001,324.3,0.0,0.0,
2026-04-29T03:37:00,04/29/202603:37,20.4,0.0,0.0,51.5,0.0,0.0,0.0,0.0,0.0,198.7,23861.0,45140.0,17.5,9.75,86.6,30.0,7.414,324.3,0.0,0.0,
2026-04-29T03:38:00,04/29/202603:38,20.4,0.0,0.0,51.5,0.0,0.0,0.0,0.0,0.0,198.7,23861.0,45140.0,17.6,9.72,86.7,30.0,7.371,324.3,0.0,0.0,
2026-04-29T03:39:00,04/29/202603:39,20.4,0.0,0.0,51.489999999999995,0.0,0.0,0.0,0.0,0.0,198.7,23861.0,45140.0,17.5,9.690000000000001,86.8,30.0,7.328,324.3,0.0,0.0,
2026-04-29T03:40:00,04/29/202603:40,20.4,0.0,0.0,51.48,0.0,0.0,0.0,0.0,0.0,198.7,23861.0,45140.0,17.5,9.66,86.9,30.0,7.285000000000001,324.3,0.0,0.0,
2026-04-29T03:40:13,04/29/202603:40,20.389999999999997,0.0,0.0,51.470000000000006,0.0,0.0,0.0,0.0,0.0,198.7,23861.0,45140.0,17.5,9.629999999999999,87.0,30.0,7.242,324.3,0.0,0.0,
2026-04-29T03:41:00,04/29/202603:41,20.38,0.0,0.0,51.46,0.0,0.0,0.0,0.0,0.0,198.7,23861.0,45140.0,17.5,9.6,87.2,30.0,7.1930000000000005,360.0,0.0,0.0,
2026-04-29T03:41:14,04/29/202603:41,20.38,0.0,0.0,51.45,0.0,0.0,0.0,0.0,0.0,198.7,23861.0,45140.0,17.5,9.6,87.4,30.0,7.15,360.0,0.0,0.0,
2026-04-29T03:42:00,04/29/202603:42,20.38,0.0,0.0,51.44,0.0,0.0,0.0,0.0,0.0,198.7,23861.0,45140.0,17.5,9.6,87.6,30.0,7.15,360.0,0.0,0.0,
2026-04-29T03:43:00,04/29/202603:43,20.38,0.0,0.0,51.44,0.0,0.0,0.0,0.0,0.0,198.7,23861.0,45140.0,17.5,9.6,87.8,30.0,7.15,360.0,0.0,0.0,
2026-04-29T03:44:01,04/29/202603:44,20.38,0.0,0.0,51.44,0.0,0.0,0.0,0.0,0.0,198.7,23861.0,45140.0,17.5,9.6,88.0,30.0,7.15,360.0,0.0,0.0,
2026-04-29T03:45:52,04/29/202603:45,20.38,0.0,0.0,51.44,0.0,0.0,0.0,0.0,0.0,198.7,23861.0,45140.0,17.5,9.6,88.0,30.0,7.15,360.0,0.0,0.0,
2026-04-29T03:46:01,04/29/202603:46,20.38,0.0,0.0,51.44,0.0,0.0,0.0,0.0,0.0,198.7,23861.0,45140.0,17.5,9.6,88.0,30.0,7.15,360.0,0.0,0.0,
2026-04-29T03:47:00,04/29/202603:47,20.38,0.0,0.0,51.45,0.0,0.0,0.0,0.0,0.0,198.7,23861.0,45140.0,17.5,9.6,87.9,30.0,7.1930000000000005,360.0,0.0,0.0,
2026-04-29T03:48:01,04/29/202603:48,20.38,0.0,0.0,51.46,0.0,0.0,0.0,0.0,0.0,198.7,23861.0,45140.0,17.5,9.6,87.8,30.0,7.236,360.0,0.0,0.0,
2026-04-29T03:49:00,04/29/202603:49,20.389999999999997,0.0,0.0,51.470000000000006,0.0,0.0,0.0,0.0,0.0,198.7,23861.0,45140.0,17.5,9.6,87.7,30.0,7.279000000000001,360.0,0.0,0.0,
2026-04-29T03:50:00,04/29/202603:50,20.4,0.0,0.0,51.470000000000006,0.0,0.0,0.0,0.0,0.0,198.7,23861.0,45140.0,17.5,9.6,87.6,30.0,7.322,360.0,0.0,0.0,
2026-04-29T03:51:00,04/29/202603:51,20.4,0.0,0.0,51.470000000000006,0.0,0.0,0.0,0.0,0.0,198.7,23861.0,45140.0,17.5,9.6,87.5,30.0,7.365,360.0,0.0,0.0,
2026-04-29T03:52:00,04/29/202603:52,20.4,0.0,0.0,51.48,0.0,0.0,0.0,0.0,0.0,198.7,23861.0,45140.0,17.5,9.6,87.4,30.0,7.4079999999999995,360.0,0.0,0.0,
2026-04-29T03:53:01,04/29/202603:53,20.4,0.0,0.0,51.470000000000006,0.0,0.0,0.0,0.0,0.0,198.7,23861.0,45140.0,17.5,9.6,87.3,30.0,7.4510000000000005,360.0,0.0,0.0,
2026-04-29T03:54:00,04/29/202603:54,20.4,0.0,0.0,51.46,0.0,0.0,0.0,0.0,0.0,198.7,23861.0,45140.0,17.5,9.6,87.2,30.0,7.494,360.0,0.0,0.0,
2026-04-29T03:55:01,04/29/202603:55,20.4,0.0,0.0,51.46,0.0,0.0,0.0,0.0,0.0,198.7,23861.0,45140.0,17.5,9.6,87.1,30.0,7.537000000000001,360.0,0.0,0.0,
2026-04-29T03:57:03,04/29/202603:57,20.389999999999997,0.0,0.0,51.45,0.0,0.0,0.0,0.0,0.0,198.7,23861.0,45140.0,17.5,9.6,87.0,30.0,7.58,360.0,0.0,0.0,
2026-04-29T03:57:23,04/29/202603:57,20.389999999999997,0.0,0.0,51.45,0.0,0.0,0.0,0.0,0.0,198.7,23861.0,45140.0,17.5,9.6,87.0,30.0,7.58,360.0,0.0,0.0,
2026-04-29T03:58:00,04/29/202603:58,20.389999999999997,0.0,0.0,51.45,0.0,0.0,0.0,0.0,0.0,198.7,23861.0,45140.0,17.5,9.6,87.0,30.0,7.58,360.0,0.0,0.0,
2026-04-29T03:59:01,04/29/202603:59,20.389999999999997,0.0,0.0,51.45,0.0,0.0,0.0,0.0,0.0,198.7,23861.0,45140.0,17.5,9.6,87.0,30.0,7.58,360.0,0.0,0.0,
2026-04-29T04:00:00,04/29/202604:00,20.389999999999997,0.0,0.0,51.46,0.0,0.0,0.0,0.0,0.0,198.7,23861.0,45140.0,17.5,9.6,87.0,30.0,7.58,360.0,0.0,0.0,
2026-04-29T04:00:23,04/29/202604:00,20.38,0.0,0.0,51.470000000000006,0.0,0.0,0.0,0.0,0.0,198.7,23861.0,45140.0,17.5,9.6,87.0,30.0,7.58,360.0,0.0,0.0,
2026-04-29T04:01:01,04/29/202604:01,20.369999999999997,0.0,0.0,51.470000000000006,0.0,0.0,0.0,0.0,0.0,198.7,23861.0,45140.0,17.5,9.6,87.0,30.0,7.58,360.0,0.0,0.0,
2026-04-29T04:01:23,04/29/202604:01,20.369999999999997,0.0,0.0,51.48,0.0,0.0,0.0,0.0,0.0,198.7,23861.0,45140.0,17.5,9.6,86.9,30.0,7.58,324.2,0.0,0.0,
2026-04-29T04:02:00,04/29/202604:02,20.369999999999997,0.0,0.0,51.489999999999995,0.0,0.0,0.0,0.0,0.0,198.7,23861.0,45140.0,17.5,9.6,86.8,30.0,7.58,288.4,0.0,0.0,
2026-04-29T04:03:01,04/29/202604:03,20.369999999999997,0.0,0.0,51.48,0.0,0.0,0.0,0.0,0.0,198.7,23861.0,45140.0,17.5,9.6,86.7,30.0,7.58,252.6,0.0,0.0,
2026-04-29T04:04:01,04/29/202604:04,20.38,0.0,0.0,51.48,0.0,0.0,0.0,0.0,0.0,198.7,23861.0,45140.0,17.5,9.6,86.6,30.0,7.58,216.8,0.0,0.0,
2026-04-29T04:05:00,04/29/202604:05,20.38,0.0,0.0,51.48,0.0,0.0,0.0,0.0,0.0,198.7,23861.0,45140.0,17.5,9.6,86.5,30.0,7.58,181.0,0.0,0.0,
2026-04-29T04:06:01,04/29/202604:06,20.38,0.0,0.0,51.470000000000006,0.0,0.0,0.0,0.0,0.0,198.7,23861.0,45140.0,17.5,9.6,86.4,30.0,7.58,145.2,0.0,0.0,
2026-04-29T04:08:14,04/29/202604:08,20.38,0.0,0.0,51.46,0.0,0.0,0.0,0.0,0.0,198.7,23861.0,45140.0,17.5,9.6,86.3,30.0,7.58,109.4,0.0,0.0,
2026-04-29T04:09:00,04/29/202604:09,20.38,0.0,0.0,51.45,0.0,0.0,0.0,0.0,0.0,198.7,23861.0,45140.0,17.5,9.6,86.2,30.0,7.58,73.6,0.0,0.0,
2026-04-29T04:10:01,04/29/202604:10,20.389999999999997,0.0,0.0,51.44,0.0,0.0,0.0,0.0,0.0,198.7,23861.0,45140.0,17.5,9.6,86.1,30.0,7.58,37.8,0.0,0.0,
2026-04-29T04:11:58,04/29/202604:11,20.389999999999997,0.0,0.0,51.42999999999999,0.0,0.0,0.0,0.0,0.0,198.7,23861.0,45140.0,17.5,9.6,86.0,30.0,7.58,2.0,0.0,0.0,
2026-04-29T04:12:01,04/29/202604:12,20.38,0.0,0.0,51.42,0.0,0.0,0.0,0.0,0.0,198.7,23861.0,45140.0,17.5,9.6,86.0,30.0,7.58,2.0,0.0,0.0,
2026-04-29T04:12:58,04/29/202604:12,20.38,0.0,0.0,51.42,0.0,0.0,0.0,0.0,0.0,198.7,23861.0,45140.0,17.5,9.6,86.0,30.0,7.58,2.0,0.0,0.0,
2026-04-29T04:13:00,04/29/202604:13,20.38,0.0,0.0,51.42999999999999,0.0,0.0,0.0,0.0,0.0,198.7,23861.0,45140.0,17.5,9.6,86.0,30.0,7.58,2.0,0.0,0.0,
2026-04-29T04:14:01,04/29/202604:14,20.38,0.0,0.0,51.44,0.0,0.0,0.0,0.0,0.0,198.7,23861.0,45140.0,17.5,9.6,86.0,30.0,7.58,2.0,0.0,0.0,
2026-04-29T04:15:52,04/29/202604:15,20.38,0.0,0.0,51.42999999999999,0.0,0.0,0.0,0.0,0.0,198.7,23861.0,45140.0,17.5,9.6,86.0,30.0,7.58,2.0,0.0,0.0,
2026-04-29T04:16:01,04/29/202604:16,20.38,0.0,0.0,51.42999999999999,0.0,0.0,0.0,0.0,0.0,198.7,23861.0,45140.0,17.5,9.6,86.0,30.0,7.58,2.0,0.0,0.0,
2026-04-29T04:17:01,04/29/202604:17,20.38,0.0,0.0,51.42999999999999,0.0,0.0,0.0,0.0,0.0,198.7,23861.0,45140.0,17.5,9.6,86.0,30.002999999999997,7.6049999999999995,2.1,0.0,0.0,
2026-04-29T04:17:53,04/29/202604:17,20.369999999999997,0.0,0.0,51.42999999999999,0.0,0.0,0.0,0.0,0.0,198.7,23861.0,45140.0,17.4,9.6,86.0,30.006,7.63,2.2,0.0,0.0,
2026-04-29T04:18:00,04/29/202604:18,20.36,0.0,0.0,51.42999999999999,0.0,0.0,0.0,0.0,0.0,198.7,23861.0,45140.0,17.4,9.6,86.0,30.009000000000004,7.654999999999999,2.3,0.0,0.0,
2026-04-29T04:19:26,04/29/202604:19,20.369999999999997,0.0,0.0,51.42999999999999,0.0,0.0,0.0,0.0,0.0,198.7,23861.0,45140.0,17.5,9.6,86.0,30.012,7.68,2.4,0.0,0.0,
2026-04-29T04:20:00,04/29/202604:20,20.38,0.0,0.0,51.42,0.0,0.0,0.0,0.0,0.0,198.7,23861.0,45140.0,17.4,9.6,86.0,30.014999999999997,7.705,2.5,0.0,0.0,
2026-04-29T04:21:01,04/29/202604:21,20.38,0.0,0.0,51.410000000000004,0.0,0.0,0.0,0.0,0.0,198.7,23861.0,45140.0,17.5,9.6,86.0,30.018,7.7299999999999995,2.6,0.0,0.0,
2026-04-29T04:22:00,04/29/202604:22,20.38,0.0,0.0,51.4,0.0,0.0,0.0,0.0,0.0,198.7,23861.0,45140.0,17.5,9.6,86.0,30.021000000000004,7.755,2.7,0.0,0.0,
2026-04-29T04:22:53,04/29/202604:22,20.369999999999997,0.0,0.0,51.39,0.0,0.0,0.0,0.0,0.0,198.7,23861.0,45140.0,17.4,9.6,86.0,30.024,7.779999999999999,2.8,0.0,0.0,
2026-04-29T04:23:01,04/29/202604:23,20.36,0.0,0.0,51.39,0.0,0.0,0.0,0.0,0.0,198.7,23861.0,45140.0,17.4,9.6,86.0,30.026999999999997,7.805,2.9,0.0,0.0,
2026-04-29T04:23:52,04/29/202604:23,20.36,0.0,0.0,51.39,0.0,0.0,0.0,0.0,0.0,198.7,23861.0,45140.0,17.5,9.6,86.0,30.03,7.83,3.0,0.0,0.0,
2026-04-29T04:24:00,04/29/202604:24,20.36,0.0,0.0,51.39,0.0,0.0,0.0,0.0,0.0,198.7,23861.0,45140.0,17.5,9.6,86.0,30.03,7.83,3.0,0.0,0.0,
2026-04-29T04:25:01,04/29/202604:25,20.369999999999997,0.0,0.0,51.39,0.0,0.0,0.0,0.0,0.0,198.7,23861.0,45140.0,17.4,9.6,86.0,30.03,7.83,3.0,0.0,0.0,
2026-04-29T04:26:00,04/29/202604:26,20.38,0.0,0.0,51.39,0.0,0.0,0.0,0.0,0.0,198.7,23861.0,45140.0,17.5,9.6,86.0,30.03,7.83,3.0,0.0,0.0,
2026-04-29T04:26:52,04/29/202604:26,20.369999999999997,0.0,0.0,51.39,0.0,0.0,0.0,0.0,0.0,198.7,23861.0,45140.0,17.4,9.6,86.0,30.03,7.83,3.0,0.0,0.0,
2026-04-29T04:27:01,04/29/202604:27,20.36,0.0,0.0,51.4,0.0,0.0,0.0,0.0,0.0,198.7,23861.0,45140.0,17.4,9.6,86.0,30.03,7.83,3.0,0.0,0.0,
2026-04-29T04:27:34,04/29/202604:27,20.36,0.0,0.0,51.4,0.0,0.0,0.0,0.0,0.0,198.7,23861.0,45140.0,17.4,9.6,86.0,30.03,7.83,3.0,0.0,0.0,
2026-04-29T04:28:00,04/29/202604:28,20.36,0.0,0.0,51.4,0.0,0.0,0.0,0.0,0.0,198.7,23861.0,45140.0,17.4,9.6,86.0,30.03,7.83,3.0,0.0,0.0,
2026-04-29T04:28:34,04/29/202604:28,20.36,0.0,0.0,51.4,0.0,0.0,0.0,0.0,0.0,198.7,23861.0,45140.0,17.4,9.6,86.0,30.03,7.83,3.0,0.0,0.0,
2026-04-29T04:29:01,04/29/202604:29,20.36,0.0,0.0,51.4,0.0,0.0,0.0,0.0,0.0,198.7,23861.0,45140.0,17.4,9.6,86.0,30.03,7.83,3.0,0.0,0.0,
2026-04-29T04:30:37,04/29/202604:30,20.35,0.0,0.0,51.4,0.0,0.0,0.0,0.0,0.0,198.7,23861.0,45140.0,17.4,9.6,86.0,30.03,7.83,3.0,0.0,0.0,
2026-04-29T04:31:00,04/29/202604:31,20.34,0.0,0.0,51.4,0.0,0.0,0.0,0.0,0.0,198.7,23861.0,45140.0,17.4,9.6,86.0,30.03,7.83,3.0,0.0,0.0,
2026-04-29T04:32:01,04/29/202604:32,20.330000000000002,0.0,0.0,51.39,0.0,0.0,0.0,0.0,0.0,198.7,23861.0,45140.0,17.4,9.559999999999999,86.0,30.03,7.7620000000000005,38.5,0.0,0.0,
2026-04-29T04:33:00,04/29/202604:33,20.32,0.0,0.0,51.39,0.0,0.0,0.0,0.0,0.0,198.7,23861.0,45140.0,17.4,9.52,86.0,30.03,7.694,74.0,0.0,0.0,
2026-04-29T04:33:34,04/29/202604:33,20.330000000000002,0.0,0.0,51.39,0.0,0.0,0.0,0.0,0.0,198.7,23861.0,45140.0,17.5,9.48,86.0,30.03,7.626,109.5,0.0,0.0,
2026-04-29T04:34:01,04/29/202604:34,20.34,0.0,0.0,51.39,0.0,0.0,0.0,0.0,0.0,198.7,23861.0,45140.0,17.4,9.44,86.0,30.03,7.558,145.0,0.0,0.0,
2026-04-29T04:35:00,04/29/202604:35,20.34,0.0,0.0,51.39,0.0,0.0,0.0,0.0,0.0,198.7,23861.0,45140.0,17.5,9.4,86.0,30.03,7.49,180.5,0.0,0.0,
2026-04-29T04:35:44,04/29/202604:35,20.330000000000002,0.0,0.0,51.39,0.0,0.0,0.0,0.0,0.0,198.7,23861.0,45140.0,17.4,9.36,86.0,30.03,7.422,216.0,0.0,0.0,
2026-04-29T04:36:01,04/29/202604:36,20.330000000000002,0.0,0.0,51.39,0.0,0.0,0.0,0.0,0.0,198.7,23861.0,45140.0,17.4,9.319999999999999,86.0,30.03,7.354000000000001,251.5,0.0,0.0,
2026-04-29T04:36:43,04/29/202604:36,20.34,0.0,0.0,51.39,0.0,0.0,0.0,0.0,0.0,198.7,23861.0,45140.0,17.4,9.28,86.0,30.03,7.286,287.0,0.0,0.0,
2026-04-29T04:37:00,04/29/202604:37,20.35,0.0,0.0,51.39,0.0,0.0,0.0,0.0,0.0,198.7,23861.0,45140.0,17.4,9.239999999999998,86.0,30.03,7.218000000000001,322.5,0.0,0.0,
2026-04-29T04:37:44,04/29/202604:37,20.35,0.0,0.0,51.39,0.0,0.0,0.0,0.0,0.0,198.7,23861.0,45140.0,17.4,9.2,86.0,30.03,7.15,358.0,0.0,0.0,
2026-04-29T04:38:01,04/29/202604:38,20.35,0.0,0.0,51.4,0.0,0.0,0.0,0.0,0.0,198.7,23861.0,45140.0,17.4,9.2,86.0,30.03,7.15,358.0,0.0,0.0,
2026-04-29T04:38:43,04/29/202604:38,20.36,0.0,0.0,51.4,0.0,0.0,0.0,0.0,0.0,198.7,23861.0,45140.0,17.4,9.2,86.0,30.03,7.15,358.0,0.0,0.0,
2026-04-29T04:39:01,04/29/202604:39,20.36,0.0,0.0,51.4,0.0,0.0,0.0,0.0,0.0,198.7,23861.0,45140.0,17.4,9.2,86.0,30.03,7.15,358.0,0.0,0.0,
2026-04-29T04:40:01,04/29/202604:40,20.36,0.0,0.0,51.4,0.0,0.0,0.0,0.0,0.0,198.7,23861.0,45140.0,17.4,9.2,86.0,30.03,7.15,358.0,0.0,0.0,
2026-04-29T04:41:48,04/29/202604:41,20.36,0.0,0.0,51.4,0.0,0.0,0.0,0.0,0.0,198.7,23861.0,45140.0,17.5,9.2,86.0,30.03,7.15,358.0,0.0,0.0,
2026-04-29T04:42:01,04/29/202604:42,20.369999999999997,0.0,0.0,51.4,0.0,0.0,0.0,0.0,0.0,198.7,23861.0,45140.0,17.5,9.2,86.0,30.03,7.15,358.0,0.0,0.0,
2026-04-29T04:43:01,04/29/202604:43,20.38,0.0,0.0,51.4,0.0,0.0,0.0,0.0,0.0,198.7,23861.0,45140.0,17.4,9.2,86.0,30.03,7.15,358.0,0.0,0.0,
2026-04-29T04:44:01,04/29/202604:44,20.38,0.0,0.0,51.4,0.0,0.0,0.0,0.0,0.0,198.7,23861.0,45140.0,17.4,9.2,86.0,30.03,7.15,358.0,0.0,0.0,
2026-04-29T04:45:01,04/29/202604:45,20.38,0.0,0.0,51.4,0.0,0.0,0.0,0.0,0.0,198.7,23861.0,45140.0,17.4,9.2,86.0,30.03,7.15,358.0,0.0,0.0,
2026-04-29T04:46:00,04/29/202604:46,20.389999999999997,0.0,0.0,51.4,0.0,0.0,0.0,0.0,0.0,198.7,23861.0,45140.0,17.4,9.19,86.1,30.03,7.131,358.0,0.0,0.0,
2026-04-29T04:46:44,04/29/202604:46,20.389999999999997,0.0,0.0,51.4,0.0,0.0,0.0,0.0,0.0,198.7,23861.0,45140.0,17.5,9.18,86.2,30.03,7.112,358.0,0.0,0.0,
2026-04-29T04:47:01,04/29/202604:47,20.38,0.0,0.0,51.4,0.0,0.0,0.0,0.0,0.0,198.7,23861.0,45140.0,17.5,9.169999999999998,86.3,30.03,7.093000000000001,358.0,0.0,0.0,
2026-04-29T04:48:00,04/29/202604:48,20.369999999999997,0.0,0.0,51.4,0.0,0.0,0.0,0.0,0.0,198.7,23861.0,45140.0,17.4,9.16,86.4,30.03,7.074000000000001,358.0,0.0,0.0,
2026-04-29T04:48:34,04/29/202604:48,20.369999999999997,0.0,0.0,51.4,0.0,0.0,0.0,0.0,0.0,198.7,23861.0,45140.0,17.4,9.15,86.5,30.03,7.055,358.0,0.0,0.0,
2026-04-29T04:48:45,04/29/202604:48,20.36,0.0,0.0,51.39,0.0,0.0,0.0,0.0,0.0,198.7,23861.0,45140.0,17.4,9.139999999999999,86.6,30.03,7.036,358.0,0.0,0.0,
2026-04-29T04:49:01,04/29/202604:49,20.35,0.0,0.0,51.379999999999995,0.0,0.0,0.0,0.0,0.0,198.7,23861.0,45140.0,17.4,9.129999999999999,86.7,30.03,7.017,358.0,0.0,0.0,
2026-04-29T04:50:00,04/29/202604:50,20.34,0.0,0.0,51.379999999999995,0.0,0.0,0.0,0.0,0.0,198.7,23861.0,45140.0,17.4,9.12,86.8,30.03,6.998,358.0,0.0,0.0,
2026-04-29T04:51:01,04/29/202604:51,20.330000000000002,0.0,0.0,51.379999999999995,0.0,0.0,0.0,0.0,0.0,198.7,23861.0,45140.0,17.4,9.11,87.1,30.03,6.979000000000001,358.0,0.0,0.0,
2026-04-29T04:53:00,04/29/202604:52,20.32,0.0,0.0,51.379999999999995,0.0,0.0,0.0,0.0,0.0,198.7,23861.0,45140.0,17.4,9.1,87.4,30.03,6.959999999999999,358.0,0.0,0.0,
2026-04-29T04:53:01,04/29/202604:53,20.31,0.0,0.0,51.379999999999995,0.0,0.0,0.0,0.0,0.0,198.7,23861.0,45140.0,17.4,9.1,87.6,30.03,6.959999999999999,358.0,0.0,0.0,
2026-04-29T04:54:01,04/29/202604:54,20.31,0.0,0.0,51.379999999999995,0.0,0.0,0.0,0.0,0.0,198.7,23861.0,45140.0,17.4,9.1,87.8,30.03,6.959999999999999,358.0,0.0,0.0,
2026-04-29T04:54:43,04/29/202604:54,20.32,0.0,0.0,51.36999999999999,0.0,0.0,0.0,0.0,0.0,198.7,23861.0,45140.0,17.4,9.1,88.0,30.03,6.959999999999999,358.0,0.0,0.0,
2026-04-29T04:55:01,04/29/202604:55,20.330000000000002,0.0,0.0,51.36,0.0,0.0,0.0,0.0,0.0,198.7,23861.0,45140.0,17.4,9.1,88.2,30.03,6.959999999999999,358.0,0.0,0.0,
2026-04-29T04:55:43,04/29/202604:55,20.32,0.0,0.0,51.36,0.0,0.0,0.0,0.0,0.0,198.7,23861.0,45140.0,17.4,9.1,88.4,30.03,6.959999999999999,358.0,0.0,0.0,
2026-04-29T04:56:01,04/29/202604:56,20.32,0.0,0.0,51.36999999999999,0.0,0.0,0.0,0.0,0.0,198.7,23861.0,45140.0,17.4,9.1,88.6,30.03,6.959999999999999,358.0,0.0,0.0,
2026-04-29T04:56:43,04/29/202604:56,20.330000000000002,0.0,0.0,51.36999999999999,0.0,0.0,0.0,0.0,0.0,198.7,23861.0,45140.0,17.4,9.1,88.8,30.03,6.959999999999999,358.0,0.0,0.0,
2026-04-29T04:57:00,04/29/202604:57,20.34,0.0,0.0,51.36,0.0,0.0,0.0,0.0,0.0,198.7,23861.0,45140.0,17.4,9.1,89.0,30.03,6.959999999999999,358.0,0.0,0.0,
2026-04-29T04:58:01,04/29/202604:58,20.35,0.0,0.0,51.36,0.0,0.0,0.0,0.0,0.0,198.7,23861.0,45140.0,17.4,9.1,89.0,30.03,6.959999999999999,358.0,0.0,0.0,
2026-04-29T04:59:00,04/29/202604:59,20.36,0.0,0.0,51.36,0.0,0.0,0.0,0.0,0.0,198.7,23861.0,45140.0,17.4,9.1,89.0,30.03,6.959999999999999,358.0,0.0,0.0,
2026-04-29T05:00:01,04/29/202605:00,20.369999999999997,0.0,0.0,51.36,0.0,0.0,0.0,0.0,0.0,198.7,23861.0,45140.0,17.4,9.1,89.0,30.03,6.959999999999999,358.0,0.0,0.0,
2026-04-29T05:01:00,04/29/202605:01,20.38,0.0,0.0,51.36,0.0,0.0,0.0,0.0,0.0,198.7,23861.0,45140.0,17.4,9.08,89.0,30.03,6.867,322.6,0.0,0.0,
2026-04-29T05:01:44,04/29/202605:01,20.369999999999997,0.0,0.0,51.36999999999999,0.0,0.0,0.0,0.0,0.0,198.7,23861.0,45140.0,17.4,9.059999999999999,89.0,30.03,6.773999999999999,287.2,0.0,0.0,
2026-04-29T05:02:01,04/29/202605:02,20.36,0.0,0.0,51.379999999999995,0.0,0.0,0.0,0.0,0.0,198.7,23861.0,45140.0,17.4,9.040000000000001,89.0,30.03,6.681,251.8,0.0,0.0,
2026-04-29T05:04:11,04/29/202605:04,20.36,0.0,0.0,51.379999999999995,0.0,0.0,0.0,0.0,0.0,198.7,23861.0,45140.0,17.4,9.02,89.0,30.03,6.587999999999999,216.4,0.0,0.0,
2026-04-29T05:05:01,04/29/202605:05,20.36,0.0,0.0,51.36999999999999,0.0,0.0,0.0,0.0,0.0,198.7,23861.0,45140.0,17.4,9.0,89.0,30.03,6.495,181.0,0.0,0.0,
2026-04-29T05:05:43,04/29/202605:05,20.36,0.0,0.0,51.379999999999995,0.0,0.0,0.0,0.0,0.0,198.7,23861.0,45140.0,17.4,8.98,89.0,30.03,6.401999999999999,145.6,0.0,0.0,
2026-04-29T05:06:01,04/29/202605:06,20.36,0.0,0.0,51.39,0.0,0.0,0.0,0.0,0.0,198.7,23861.0,45140.0,17.4,8.959999999999999,89.0,30.03,6.309,110.2,0.0,0.0,
2026-04-29T05:07:01,04/29/202605:07,20.36,0.0,0.0,51.39,0.0,0.0,0.0,0.0,0.0,198.7,23861.0,45140.0,17.4,8.940000000000001,89.0,30.03,6.216,74.8,0.0,0.0,
2026-04-29T05:07:43,04/29/202605:07,20.35,0.0,0.0,51.39,0.0,0.0,0.0,0.0,0.0,198.7,23861.0,45140.0,17.4,8.92,89.0,30.03,6.123,39.4,0.0,0.0,
2026-04-29T05:08:01,04/29/202605:08,20.34,0.0,0.0,51.39,0.0,0.0,0.0,0.0,0.0,198.7,23861.0,45140.0,17.4,8.9,89.0,30.03,6.03,4.0,0.0,0.0,
2026-04-29T05:09:01,04/29/202605:09,20.330000000000002,0.0,0.0,51.39,0.0,0.0,0.0,0.0,0.0,198.7,23861.0,45140.0,17.4,8.9,89.0,30.03,6.03,4.0,0.0,0.0,
2026-04-29T05:10:01,04/29/202605:10,20.330000000000002,0.0,0.0,51.39,0.0,0.0,0.0,0.0,0.0,198.7,23861.0,45140.0,17.4,8.9,89.0,30.03,6.03,4.0,0.0,0.0,
2026-04-29T05:11:01,04/29/202605:11,20.330000000000002,0.0,0.0,51.39,0.0,0.0,0.0,0.0,0.0,198.7,23861.0,45140.0,17.4,8.9,89.0,30.03,6.03,4.0,0.0,0.0,
2026-04-29T05:12:01,04/29/202605:12,20.330000000000002,0.0,0.0,51.379999999999995,0.0,0.0,0.0,0.0,0.0,198.7,23861.0,45140.0,17.4,8.9,89.0,30.03,6.03,4.0,0.0,0.0,
2026-04-29T05:13:01,04/29/202605:13,20.330000000000002,0.0,0.0,51.379999999999995,0.0,0.0,0.0,0.0,0.0,198.7,23861.0,45140.0,17.4,8.9,89.0,30.03,6.03,4.0,0.0,0.0,
2026-04-29T05:13:43,04/29/202605:13,20.330000000000002,0.0,0.0,51.36999999999999,0.0,0.0,0.0,0.0,0.0,198.7,23861.0,45140.0,17.4,8.9,89.0,30.03,6.03,4.0,0.0,0.0,
2026-04-29T05:14:00,04/29/202605:14,20.330000000000002,0.0,0.0,51.36,0.0,0.0,0.0,0.0,0.0,198.7,23861.0,45140.0,17.4,8.9,89.0,30.03,6.03,4.0,0.0,0.0,
2026-04-29T05:15:22,04/29/202605:15,20.32,0.0,0.0,51.35,0.0,0.0,0.0,0.0,0.0,198.7,23861.0,45140.0,17.4,8.9,89.0,30.03,6.03,4.0,0.0,0.0,
2026-04-29T05:15:43,04/29/202605:15,20.330000000000002,0.0,0.0,51.339999999999996,0.0,0.0,0.0,0.0,0.0,198.7,23861.0,45140.0,17.4,8.879999999999999,89.0,30.03,5.968,4.3,0.0,0.0,
2026-04-29T05:16:01,04/29/202605:16,20.34,0.0,0.0,51.33,0.0,0.0,0.0,0.0,0.0,198.7,23861.0,45140.0,17.4,8.86,89.0,30.03,5.906000000000001,4.6,0.0,0.0,
2026-04-29T05:16:44,04/29/202605:16,20.34,0.0,0.0,51.31999999999999,0.0,0.0,0.0,0.0,0.0,198.7,23861.0,45140.0,17.4,8.84,89.0,30.03,5.844,4.9,0.0,0.0,
2026-04-29T05:17:01,04/29/202605:17,20.34,0.0,0.0,51.31,0.0,0.0,0.0,0.0,0.0,198.7,23861.0,45140.0,17.4,8.82,89.0,30.03,5.782,5.2,0.0,0.0,
2026-04-29T05:17:43,04/29/202605:17,20.35,0.0,0.0,51.31,0.0,0.0,0.0,0.0,0.0,198.7,23861.0,45140.0,17.4,8.8,89.0,30.03,5.720000000000001,5.5,0.0,0.0,
2026-04-29T05:18:01,04/29/202605:18,20.36,0.0,0.0,51.31999999999999,0.0,0.0,0.0,0.0,0.0,198.7,23861.0,45140.0,17.4,8.78,89.0,30.03,5.6579999999999995,5.8,0.0,0.0,
2026-04-29T05:18:43,04/29/202605:18,20.36,0.0,0.0,51.33,0.0,0.0,0.0,0.0,0.0,198.7,23861.0,45140.0,17.4,8.76,89.0,30.03,5.596,6.1,0.0,0.0,
2026-04-29T05:19:01,04/29/202605:19,20.35,0.0,0.0,51.339999999999996,0.0,0.0,0.0,0.0,0.0,198.7,23861.0,45140.0,17.4,8.739999999999998,89.0,30.03,5.534000000000001,6.4,0.0,0.0,
2026-04-29T05:19:44,04/29/202605:19,20.35,0.0,0.0,51.339999999999996,0.0,0.0,0.0,0.0,0.0,198.7,23861.0,45140.0,17.4,8.719999999999999,89.0,30.03,5.4719999999999995,6.7,0.0,0.0,
2026-04-29T05:20:01,04/29/202605:20,20.36,0.0,0.0,51.339999999999996,0.0,0.0,0.0,0.0,0.0,198.7,23861.0,45140.0,17.4,8.7,89.0,30.03,5.41,7.0,0.0,0.0,
2026-04-29T05:21:01,04/29/202605:21,20.36,0.0,0.0,51.339999999999996,0.0,0.0,0.0,0.0,0.0,198.7,23861.0,45140.0,17.4,8.7,89.0,30.03,5.41,7.0,0.0,0.0,
2026-04-29T05:21:44,04/29/202605:21,20.35,0.0,0.0,51.339999999999996,0.0,0.0,0.0,0.0,0.0,198.7,23861.0,45140.0,17.4,8.7,89.0,30.03,5.41,7.0,0.0,0.0,
2026-04-29T05:22:01,04/29/202605:22,20.35,0.0,0.0,51.339999999999996,0.0,0.0,0.0,0.0,0.0,198.7,23861.0,45140.0,17.4,8.7,89.0,30.03,5.41,7.0,0.0,0.0,
2026-04-29T05:23:01,04/29/202605:23,20.35,0.0,0.0,51.339999999999996,0.0,0.0,0.0,0.0,0.0,198.7,23861.0,45140.0,17.4,8.7,89.0,30.03,5.41,7.0,0.0,0.0,
2026-04-29T05:24:01,04/29/202605:24,20.34,0.0,0.0,51.31999999999999,0.0,0.0,0.0,0.0,0.0,198.7,23861.0,45140.0,17.4,8.7,89.0,30.03,5.41,7.0,0.0,0.0,
2026-04-29T05:24:43,04/29/202605:24,20.34,0.0,0.0,51.3,0.0,0.0,0.0,0.0,0.0,198.7,23861.0,45140.0,17.4,8.7,89.0,30.03,5.41,7.0,0.0,0.0,
2026-04-29T05:25:01,04/29/202605:25,20.35,0.0,0.0,51.279999999999994,0.0,0.0,0.0,0.0,0.0,198.7,23861.0,45140.0,17.4,8.7,89.0,30.03,5.41,7.0,0.0,0.0,
2026-04-29T05:26:33,04/29/202605:26,20.35,0.0,0.0,51.27,0.0,0.0,0.0,0.0,0.0,198.7,23861.0,45140.0,17.4,8.7,89.0,30.03,5.41,7.0,0.0,0.0,
2026-04-29T05:27:01,04/29/202605:27,20.34,0.0,0.0,51.27,0.0,0.0,0.0,0.0,0.0,198.7,23861.0,45140.0,17.4,8.7,89.0,30.03,5.41,7.0,0.0,0.0,
2026-04-29T05:27:44,04/29/202605:27,20.34,0.0,0.0,51.27,0.0,0.0,0.0,0.0,0.0,198.7,23861.0,45140.0,17.3,8.7,89.0,30.03,5.41,7.0,0.0,0.0,
2026-04-29T05:28:01,04/29/202605:28,20.34,0.0,0.0,51.27,0.0,0.0,0.0,0.0,0.0,198.7,23861.0,45140.0,17.3,8.7,89.0,30.03,5.41,7.0,0.0,0.0,
2026-04-29T05:28:43,04/29/202605:28,20.34,0.0,0.0,51.27,0.0,0.0,0.0,0.0,0.0,198.7,23861.0,45140.0,17.3,8.7,89.0,30.03,5.41,7.0,0.0,0.0,
2026-04-29T05:29:01,04/29/202605:29,20.34,0.0,0.0,51.27,0.0,0.0,0.0,0.0,0.0,198.7,23861.0,45140.0,17.3,8.7,89.0,30.03,5.41,7.0,0.0,0.0,
2026-04-29T05:30:01,04/29/202605:30,20.34,0.0,0.0,51.27,0.0,0.0,0.0,0.0,0.0,198.7,23861.0,45140.0,17.4,8.7,89.0,30.03,5.41,7.0,0.0,0.0,
2026-04-29T05:31:01,04/29/202605:31,20.34,0.0,0.0,51.279999999999994,0.0,0.0,0.0,0.0,0.0,198.7,23861.0,45140.0,17.3,8.7,89.0,30.03,5.41,7.0,0.0,0.0,
2026-04-29T05:32:01,04/29/202605:32,20.330000000000002,0.0,0.0,51.3,0.0,0.0,0.0,0.0,0.0,198.7,23861.0,45140.0,17.3,8.68,89.0,30.03,5.4350000000000005,41.6,0.0,0.0,
2026-04-29T05:33:01,04/29/202605:33,20.32,0.0,0.0,51.31,0.0,0.0,0.0,0.0,0.0,198.7,23861.0,45140.0,17.4,8.66,89.0,30.03,5.46,76.2,0.0,0.0,
2026-04-29T05:34:00,04/29/202605:34,20.32,0.0,0.0,51.31,0.0,0.0,0.0,0.0,0.0,198.7,23861.0,45140.0,17.3,8.639999999999999,89.0,30.03,5.485,110.8,0.0,0.0,
2026-04-29T05:34:44,04/29/202605:34,20.330000000000002,0.0,0.0,51.31999999999999,0.0,0.0,0.0,0.0,0.0,198.7,23861.0,45140.0,17.3,8.62,89.0,30.03,5.51,145.4,0.0,0.0,
2026-04-29T05:35:01,04/29/202605:35,20.330000000000002,0.0,0.0,51.33,0.0,0.0,0.0,0.0,0.0,198.7,23861.0,45140.0,17.3,8.6,89.0,30.03,5.535,180.0,0.0,0.0,
2026-04-29T05:35:43,04/29/202605:35,20.32,0.0,0.0,51.33,0.0,0.0,0.0,0.0,0.0,198.7,23861.0,45140.0,17.3,8.58,89.0,30.03,5.5600000000000005,214.6,0.0,0.0,
2026-04-29T05:36:01,04/29/202605:36,20.32,0.0,0.0,51.33,0.0,0.0,0.0,0.0,0.0,198.7,23861.0,45140.0,17.3,8.559999999999999,89.0,30.03,5.585,249.2,0.0,0.0,
2026-04-29T05:37:48,04/29/202605:37,20.32,0.0,0.0,51.33,0.0,0.0,0.0,0.0,0.0,198.7,23861.0,45140.0,17.4,8.540000000000001,89.0,30.03,5.61,283.8,0.0,0.0,
2026-04-29T05:38:01,04/29/202605:38,20.32,0.0,0.0,51.33,0.0,0.0,0.0,0.0,0.0,198.7,23861.0,45140.0,17.4,8.52,89.0,30.03,5.635,318.4,0.0,0.0,
2026-04-29T05:39:00,04/29/202605:39,20.32,0.0,0.0,51.33,0.0,0.0,0.0,0.0,0.0,198.7,23861.0,45140.0,17.4,8.5,89.0,30.03,5.66,353.0,0.0,0.0,
2026-04-29T05:40:00,04/29/202605:40,20.32,0.0,0.0,51.31999999999999,0.0,0.0,0.0,0.0,0.0,198.7,23861.0,45140.0,17.3,8.5,89.0,30.03,5.66,353.0,0.0,0.0,
2026-04-29T05:41:00,04/29/202605:41,20.32,0.0,0.0,51.31999999999999,0.0,0.0,0.0,0.0,0.0,198.7,23861.0,45140.0,17.4,8.5,89.0,30.03,5.66,353.0,0.0,0.0,
2026-04-29T05:42:00,04/29/202605:42,20.32,0.0,0.0,51.31999999999999,0.0,0.0,0.0,0.0,0.0,198.7,23861.0,45140.0,17.4,8.5,89.3,30.03,5.66,353.0,0.0,0.0,
2026-04-29T05:43:00,04/29/202605:43,20.31,0.0,0.0,51.31,0.0,0.0,0.0,0.0,0.0,198.7,23861.0,45140.0,17.3,8.5,89.6,30.03,5.66,353.0,0.0,0.0,
2026-04-29T05:44:00,04/29/202605:44,20.3,0.0,0.0,51.3,0.0,0.0,0.0,0.0,0.0,198.7,23861.0,45140.0,17.3,8.5,89.9,30.03,5.66,353.0,0.0,0.0,
2026-04-29T05:45:01,04/29/202605:45,20.3,0.0,0.0,51.3,0.0,0.0,0.0,0.0,0.0,198.7,23861.0,45140.0,17.3,8.5,90.2,30.03,5.66,353.0,0.0,0.0,
2026-04-29T05:46:38,04/29/202605:46,20.3,0.0,0.0,51.29,0.0,0.0,0.0,0.0,0.0,198.7,23861.0,45140.0,17.3,8.49,90.4,30.03,5.747,353.1,0.0,0.0,
2026-04-29T05:47:00,04/29/202605:47,20.3,0.0,0.0,51.279999999999994,0.0,0.0,0.0,0.0,0.0,198.7,23861.0,45140.0,17.3,8.48,90.6,30.03,5.8340000000000005,353.2,0.0,0.0,
2026-04-29T05:48:56,04/29/202605:48,20.3,0.0,0.0,51.279999999999994,0.0,0.0,0.0,0.0,0.0,198.7,23861.0,45140.0,17.3,8.47,90.8,30.03,5.921,353.3,0.0,0.0,
2026-04-29T05:49:00,04/29/202605:49,20.3,0.0,0.0,51.279999999999994,0.0,0.0,0.0,0.0,0.0,198.7,23861.0,45140.0,17.3,8.459999999999999,91.0,30.03,6.008,353.4,0.0,0.0,
2026-04-29T05:50:00,04/29/202605:50,20.3,0.0,0.0,51.279999999999994,0.0,0.0,0.0,0.0,0.0,198.7,23861.0,45140.0,17.3,8.45,91.2,30.03,6.095000000000001,353.5,0.0,0.0,
2026-04-29T05:51:01,04/29/202605:51,20.3,0.0,0.0,51.27,0.0,0.0,0.0,0.0,0.0,198.7,23861.0,45140.0,17.3,8.440000000000001,91.4,30.03,6.182,353.6,0.0,0.0,
2026-04-29T05:52:00,04/29/202605:52,20.3,0.0,0.0,51.27,0.0,0.0,0.0,0.0,0.0,198.7,23861.0,45140.0,17.3,8.43,91.3,30.03,6.269,353.7,0.0,0.0,
2026-04-29T05:52:38,04/29/202605:52,20.31,0.0,0.0,51.260000000000005,0.0,0.0,0.0,0.0,0.0,198.7,23861.0,45140.0,17.3,8.42,91.2,30.03,6.356,353.8,0.0,0.0,
2026-04-29T05:53:01,04/29/202605:53,20.32,0.0,0.0,51.25,0.0,0.0,0.0,0.0,0.0,198.7,23861.0,45140.0,17.3,8.41,91.1,30.03,6.4430000000000005,353.9,0.0,0.0,
2026-04-29T05:53:39,04/29/202605:53,20.32,0.0,0.0,51.25,0.0,0.0,0.0,0.0,0.0,198.7,23861.0,45140.0,17.3,8.4,91.0,30.03,6.529999999999999,354.0,0.0,0.0,
2026-04-29T05:54:00,04/29/202605:54,20.32,0.0,0.0,51.260000000000005,0.0,0.0,0.0,0.0,0.0,198.7,23861.0,45140.0,17.3,8.4,91.0,30.03,6.529999999999999,354.0,0.0,0.0,
2026-04-29T05:54:38,04/29/202605:54,20.330000000000002,0.0,0.0,51.260000000000005,0.0,0.0,0.0,0.0,0.0,198.7,23861.0,45140.0,17.3,8.4,91.0,30.03,6.529999999999999,354.0,0.0,0.0,
2026-04-29T05:55:00,04/29/202605:55,20.34,0.0,0.0,51.25,0.0,0.0,0.0,0.0,0.0,198.7,23861.0,45140.0,17.3,8.4,91.0,30.03,6.529999999999999,354.0,0.0,0.0,
2026-04-29T05:55:42,04/29/202605:55,20.34,0.0,0.0,51.25,0.0,0.0,0.0,0.0,0.0,198.7,23861.0,45140.0,17.3,8.4,91.0,30.03,6.529999999999999,354.0,0.0,0.0,
2026-04-29T05:56:00,04/29/202605:56,20.34,0.0,0.0,51.25,0.0,0.0,0.0,0.0,0.0,198.7,23861.0,45140.0,17.3,8.4,91.0,30.03,6.529999999999999,354.0,0.0,0.0,
2026-04-29T05:56:42,04/29/202605:56,20.35,0.0,0.0,51.25,0.0,0.0,0.0,0.0,0.0,198.7,23861.0,45140.0,17.3,8.4,91.0,30.03,6.529999999999999,354.0,0.0,0.0,
2026-04-29T05:57:00,04/29/202605:57,20.36,0.0,0.0,51.239999999999995,0.0,0.0,0.0,0.0,0.0,198.7,23861.0,45140.0,17.3,8.4,91.0,30.03,6.529999999999999,354.0,0.0,0.0,
2026-04-29T05:58:00,04/29/202605:58,20.36,0.0,0.0,51.25,0.0,0.0,0.0,0.0,0.0,198.7,23861.0,45140.0,17.3,8.4,91.0,30.03,6.529999999999999,354.0,0.0,0.0,
2026-04-29T06:00:08,04/29/202606:00,20.369999999999997,0.0,0.0,51.260000000000005,0.0,0.0,0.0,0.0,0.0,198.7,23861.0,45140.0,17.3,8.4,91.0,30.03,6.529999999999999,354.0,0.0,0.0,
2026-04-29T06:01:00,04/29/202606:01,20.39,0.0,0.0,51.260000000000005,0.0,0.0,0.0,0.0,0.0,198.7,23861.0,45140.0,17.3,8.39,91.0,30.03,6.548,354.2,0.0,0.0,
2026-04-29T06:02:01,04/29/202606:02,20.41,0.0,0.0,51.25,0.0,0.0,0.0,0.0,0.0,198.7,23861.0,45140.0,17.3,8.38,91.0,30.03,6.566,354.4,0.0,0.0,
2026-04-29T06:02:42,04/29/202606:02,20.43,0.0,0.0,51.260000000000005,0.0,0.0,0.0,0.0,0.0,198.7,23861.0,45140.0,17.3,8.370000000000001,91.0,30.03,6.5840000000000005,354.6,0.0,0.0,
2026-04-29T06:03:01,04/29/202606:03,20.45,0.0,0.0,51.260000000000005,0.0,0.0,0.0,0.0,0.0,198.7,23861.0,45140.0,17.3,8.360000000000001,91.0,30.03,6.601999999999999,354.8,0.0,0.0,
2026-04-29T06:04:00,04/29/202606:04,20.490000000000002,0.0,0.0,51.260000000000005,0.0,0.0,0.0,0.0,0.0,198.7,23861.0,45140.0,17.3,8.35,91.0,30.03,6.62,355.0,0.0,0.0,
2026-04-29T06:05:00,04/29/202606:04,20.54,0.0,0.0,51.25,0.0,0.0,0.0,0.0,0.0,198.7,23861.0,45140.0,17.3,8.34,91.0,30.03,6.638,355.2,0.0,0.0,
2026-04-29T06:05:01,04/29/202606:05,20.580000000000002,0.0,0.0,51.25,0.0,0.0,0.0,0.0,0.0,198.7,23861.0,45140.0,17.3,8.330000000000002,91.0,30.03,6.656000000000001,355.4,0.0,0.0,
2026-04-29T06:06:00,04/29/202606:06,20.630000000000003,0.0,0.0,51.25,0.0,0.0,0.0,0.0,0.0,198.7,23861.0,45140.0,17.3,8.32,91.0,30.03,6.6739999999999995,355.6,0.0,0.0,
2026-04-29T06:07:01,04/29/202606:07,20.69,0.0,0.0,51.25,0.0,0.0,0.0,0.0,0.0,198.7,23861.0,45140.0,17.3,8.31,91.0,30.03,6.692,355.8,0.0,0.0,
2026-04-29T06:08:00,04/29/202606:08,20.75,0.0,0.0,51.239999999999995,0.0,0.0,0.0,0.0,0.0,198.7,23861.0,45140.0,17.3,8.3,91.0,30.03,6.709999999999999,356.0,0.0,0.0,
2026-04-29T06:09:00,04/29/202606:08,20.830000000000002,0.0,0.0,51.23,0.0,0.0,0.0,0.0,0.0,198.7,23861.0,45140.0,17.3,8.3,91.0,30.03,6.709999999999999,356.0,0.0,0.0,
2026-04-29T06:09:01,04/29/202606:09,20.91,0.0,0.0,51.23,0.0,0.0,0.0,0.0,0.0,198.7,23861.0,45140.0,17.3,8.3,91.0,30.03,6.709999999999999,356.0,0.0,0.0,
2026-04-29T06:10:01,04/29/202606:10,21.009999999999998,0.0,0.0,51.220000000000006,0.0,0.0,0.0,0.0,0.0,198.7,23861.0,45140.0,17.3,8.3,91.0,30.03,6.709999999999999,356.0,0.0,0.0,
2026-04-29T06:11:19,04/29/202606:11,21.14,0.0,0.0,51.23,0.0,0.0,0.0,0.0,0.0,198.7,23861.0,45140.0,17.3,8.3,91.0,30.03,6.709999999999999,356.0,0.0,0.0,
2026-04-29T06:12:01,04/29/202606:12,21.29,0.0,0.0,51.220000000000006,0.0,0.0,0.0,0.0,0.0,198.7,23861.0,45140.0,17.3,8.3,91.0,30.03,6.709999999999999,356.0,0.0,0.0,
2026-04-29T06:13:00,04/29/202606:12,21.47,0.0,0.0,51.220000000000006,0.0,0.0,0.0,0.0,0.0,198.7,23861.0,45140.0,17.3,8.3,91.0,30.03,6.709999999999999,356.0,0.0,0.0,
2026-04-29T06:13:01,04/29/202606:13,21.65,0.0,0.0,51.220000000000006,0.0,0.0,0.0,0.0,0.0,198.7,23861.0,45140.0,17.3,8.3,91.0,30.03,6.709999999999999,356.0,0.0,0.0,
2026-04-29T06:13:38,04/29/202606:13,21.85,0.0,0.0,51.220000000000006,0.0,0.0,0.0,0.0,0.0,198.7,23861.0,45140.0,17.3,8.3,91.0,30.03,6.709999999999999,356.0,0.0,0.0,
2026-04-29T06:14:01,04/29/202606:14,22.04,0.0,0.0,51.21,0.0,0.0,0.0,0.0,0.0,198.7,23861.0,45140.0,17.3,8.3,91.0,30.03,6.709999999999999,356.0,0.0,0.0,
2026-04-29T06:14:38,04/29/202606:14,22.28,0.0,0.0,51.220000000000006,0.0,0.0,0.0,0.0,0.0,198.7,23861.0,45140.0,17.3,8.3,91.0,30.03,6.709999999999999,356.0,0.0,0.0,
2026-04-29T06:14:46,04/29/202606:14,22.52,0.0,0.0,51.220000000000006,0.0,0.0,0.0,0.0,0.0,198.7,23861.0,45140.0,17.3,8.3,91.0,30.03,6.709999999999999,356.0,0.0,0.0,
2026-04-29T06:15:01,04/29/202606:15,22.759999999999998,0.0,0.0,51.220000000000006,0.0,0.0,0.0,0.0,0.0,198.7,23861.0,45140.0,17.3,8.3,91.0,30.03,6.709999999999999,356.0,0.0,0.0,
2026-04-29T06:15:47,04/29/202606:15,23.05,0.0,0.0,51.23,0.0,0.0,0.0,0.0,0.0,198.7,23861.0,45140.0,17.3,8.290000000000001,90.9,30.03,6.734999999999999,356.2,0.0,0.0,
2026-04-29T06:16:01,04/29/202606:16,23.31,0.0,0.0,51.23,0.0,0.0,0.0,0.0,0.0,198.7,23861.0,45140.0,17.3,8.280000000000001,90.8,30.03,6.76,356.4,0.0,0.0,
2026-04-29T06:16:46,04/29/202606:16,23.68,0.0,0.0,51.23,0.0,0.0,0.0,0.0,0.0,198.7,23861.0,45140.0,17.3,8.27,90.7,30.03,6.784999999999999,356.6,0.0,0.0,
2026-04-29T06:17:01,04/29/202606:17,24.009999999999998,0.0,0.0,51.23,0.0,0.0,0.0,0.0,0.0,198.7,23861.0,45140.0,17.3,8.26,90.6,30.03,6.81,356.8,0.0,0.0,
2026-04-29T06:17:46,04/29/202606:17,24.56,0.0,0.0,51.23,0.0,0.0,0.0,0.0,0.0,198.7,23861.0,45140.0,17.3,8.25,90.5,30.03,6.834999999999999,357.0,0.0,0.0,
2026-04-29T06:18:01,04/29/202606:18,25.080000000000002,0.0,0.0,51.23,0.0,0.0,0.0,0.0,0.0,198.7,23861.0,45140.0,17.3,8.24,90.4,30.03,6.859999999999999,357.2,0.0,0.0,
2026-04-29T06:18:46,04/29/202606:18,25.880000000000003,0.0,0.0,51.23,0.0,0.0,0.0,0.0,0.0,198.7,23861.0,45140.0,17.3,8.23,90.3,30.03,6.885,357.4,0.0,0.0,
2026-04-29T06:19:01,04/29/202606:19,26.619999999999997,0.0,0.0,51.220000000000006,0.0,0.0,0.0,0.0,0.0,198.7,23861.0,45140.0,17.3,8.219999999999999,90.2,30.03,6.909999999999999,357.6,0.0,0.0,
2026-04-29T06:19:46,04/29/202606:19,27.689999999999998,0.0,0.0,51.220000000000006,0.0,0.0,0.0,0.0,0.0,198.7,23861.0,45140.0,17.3,8.209999999999999,90.1,30.03,6.935,357.8,0.0,0.0,
2026-04-29T06:20:01,04/29/202606:20,28.76,0.0,0.0,51.220000000000006,0.0,0.0,0.0,0.0,0.0,198.7,23861.0,45140.0,17.3,8.2,90.0,30.03,6.959999999999999,358.0,0.0,0.0,
2026-04-29T06:20:46,04/29/202606:20,30.21,0.0,0.0,51.21,0.0,0.0,0.0,0.0,0.0,198.7,23861.0,45140.0,17.3,8.2,90.0,30.03,6.959999999999999,358.0,0.0,0.0,
2026-04-29T06:21:01,04/29/202606:21,31.660000000000004,0.0,0.0,51.2,0.0,0.0,0.0,0.0,0.0,198.7,23861.0,45140.0,17.3,8.2,90.0,30.03,6.959999999999999,358.0,0.0,0.0,
2026-04-29T06:22:31,04/29/202606:22,33.53,0.0,0.0,51.2,0.0,0.0,0.0,0.0,0.0,198.7,23861.0,45140.0,17.3,8.2,90.0,30.03,6.959999999999999,358.0,0.0,0.0,
2026-04-29T06:22:46,04/29/202606:22,36.230000000000004,0.0,0.0,51.2,0.0,0.0,0.0,0.0,0.0,198.7,23861.0,45140.0,17.3,8.2,90.0,30.03,6.959999999999999,358.0,0.0,0.0,
2026-04-29T06:23:00,04/29/202606:23,38.71,0.0,0.0,51.2,0.0,0.0,0.0,0.0,0.0,198.7,23861.0,45140.0,17.3,8.2,90.0,30.03,6.959999999999999,358.0,0.0,0.0,
2026-04-29T06:23:07,04/29/202606:23,41.2,0.0,0.0,51.2,0.0,0.0,0.0,0.0,0.0,198.7,23861.0,45140.0,17.3,8.2,90.0,30.03,6.959999999999999,358.0,0.0,0.0,
2026-04-29T06:24:01,04/29/202606:24,43.410000000000004,0.0,0.0,51.2,0.0,0.0,0.0,0.0,0.0,198.7,23861.0,45140.0,17.3,8.2,90.0,30.03,6.959999999999999,358.0,0.0,0.0,
2026-04-29T06:24:07,04/29/202606:24,45.61,0.0,0.0,51.2,0.0,0.0,0.0,0.0,0.0,198.7,23861.0,45140.0,17.3,8.2,90.0,30.03,6.959999999999999,358.0,0.0,0.0,
2026-04-29T06:25:01,04/29/202606:25,47.46,0.0,0.0,51.2,0.0,0.0,0.0,0.0,0.0,198.7,23861.0,45140.0,17.3,8.2,90.0,30.03,6.959999999999999,358.0,0.0,0.0,
2026-04-29T06:26:01,04/29/202606:26,49.31,0.0,0.0,51.2,0.0,0.0,0.0,0.0,0.0,198.7,23861.0,45140.0,17.3,8.2,90.0,30.03,6.959999999999999,358.0,0.0,0.0,
2026-04-29T06:27:01,04/29/202606:27,50.7,0.0,0.0,51.2,0.0,0.0,0.0,0.0,0.0,198.7,23861.0,45140.0,17.3,8.2,90.0,30.03,6.959999999999999,358.0,0.0,0.0,
2026-04-29T06:28:01,04/29/202606:28,52.089999999999996,0.0,0.0,51.2,0.0,0.0,0.0,0.0,0.0,198.7,23861.0,45140.0,17.3,8.2,90.0,30.03,6.959999999999999,358.0,0.0,0.0,
2026-04-29T06:28:07,04/29/202606:28,52.92999999999999,0.0,0.0,51.2,0.0,0.0,0.0,0.0,0.0,198.7,23861.0,45140.0,17.3,8.2,90.0,30.03,6.959999999999999,358.0,0.0,0.0,
2026-04-29T06:29:01,04/29/202606:29,52.94,0.0,0.0,51.2,0.0,0.0,0.0,0.0,0.0,198.7,23861.0,45140.0,17.3,8.2,90.0,30.03,6.959999999999999,358.0,0.0,0.0,
2026-04-29T06:30:01,04/29/202606:30,52.95,0.0,0.0,51.2,0.0,0.0,0.0,0.0,0.0,198.7,23861.0,45140.0,17.3,8.18,90.0,30.03,6.959999999999999,358.0,0.0,0.0,
2026-04-29T06:30:07,04/29/202606:30,52.96,0.0,0.0,51.2,0.0,0.0,0.0,0.0,0.0,198.7,23861.0,45140.0,17.3,8.16,90.0,30.03,6.959999999999999,357.6,0.0,0.0,
2026-04-29T06:31:01,04/29/202606:31,52.970000000000006,0.0,0.0,51.2,0.0,0.0,0.0,0.0,0.0,198.7,23861.0,45140.0,17.3,8.139999999999999,90.0,30.03,6.959999999999999,357.2,0.0,0.0,
2026-04-29T06:32:01,04/29/202606:32,52.989999999999995,0.0,0.0,51.2,0.0,0.0,0.0,0.0,0.0,198.7,23861.0,45140.0,17.3,8.1,89.8,30.032999999999998,6.965999999999999,356.7,0.0,0.0,
2026-04-29T06:33:42,04/29/202606:33,53.02,0.0,0.0,51.2,0.0,0.0,0.0,0.0,0.0,198.7,23861.0,45140.0,17.3,8.059999999999999,89.6,30.036,6.879,356.1,0.0,0.0,
2026-04-29T06:34:01,04/29/202606:34,53.05,0.0,0.0,51.2,0.0,0.0,0.0,0.0,0.0,198.7,23861.0,45140.0,17.3,8.02,89.4,30.038999999999998,6.792,355.5,0.0,0.0,
2026-04-29T06:34:40,04/29/202606:34,53.07000000000001,0.0,0.0,51.190000000000005,0.0,0.0,0.0,0.0,0.0,198.7,23861.0,45140.0,17.2,7.9799999999999995,89.2,30.042,6.705,354.9,0.0,0.0,
2026-04-29T06:35:01,04/29/202606:35,53.089999999999996,0.0,0.0,51.18,0.0,0.0,0.0,0.0,0.0,198.7,23861.0,45140.0,17.2,7.9399999999999995,89.0,30.044999999999998,6.617999999999999,354.3,0.0,0.0,
2026-04-29T06:35:39,04/29/202606:35,53.11,0.0,0.0,51.18,0.0,0.0,0.0,0.0,0.0,198.7,23861.0,45140.0,17.3,7.9,89.0,30.048000000000002,6.531000000000001,353.7,0.0,0.0,
2026-04-29T06:36:01,04/29/202606:36,53.13000000000001,0.0,0.0,51.18,0.0,0.0,0.0,0.0,0.0,198.7,23861.0,45140.0,17.3,7.859999999999999,89.0,30.051,6.444,353.1,0.0,0.0,
2026-04-29T06:37:01,04/29/202606:37,53.15,0.0,0.0,51.18,0.0,0.0,0.0,0.0,0.0,198.7,23861.0,45140.0,17.2,7.840000000000001,89.0,30.053999999999995,6.357,352.5,0.0,0.0,
2026-04-29T06:38:01,04/29/202606:38,53.160000000000004,0.0,0.0,51.17,0.0,0.0,0.0,0.0,0.0,198.7,23861.0,45140.0,17.2,7.82,89.0,30.057,6.27,352.3,0.0,0.0,
2026-04-29T06:38:24,04/29/202606:38,52.94,0.01,0.5294,51.17,0.0,0.0,0.0,0.0,0.0,198.7,23861.0,45140.0,17.3,7.8,89.0,30.059999999999995,6.183,352.1,0.0,0.0,0.0
2026-04-29T06:39:01,04/29/202606:39,52.720000000000006,0.02,1.0544000000000002,51.17,0.0,0.0,0.0,0.0,0.0,198.7,23861.0,45140.0,17.3,7.8,89.2,30.059999999999995,6.09,352.0,0.0,0.0,0.0
2026-04-29T06:40:00,04/29/202606:40,52.489999999999995,0.030000000000000006,1.5747000000000002,51.17,0.0,0.0,0.0,0.0,0.0,198.7,23861.0,45140.0,17.3,7.8,89.4,30.059999999999995,6.09,352.0,0.0,0.0,0.0
2026-04-29T06:40:24,04/29/202606:40,59.910000000000004,0.030000000000000006,1.7973000000000006,51.17,0.0,0.0,0.0,0.0,0.0,198.7,23861.0,45140.0,17.2,7.8,89.6,30.059999999999995,6.09,352.0,0.0,0.0,0.0
2026-04-29T06:41:01,04/29/202606:41,67.34,0.030000000000000006,2.0202000000000004,51.18,0.0,0.0,0.0,0.0,0.0,198.7,23861.0,45140.0,17.2,7.8,89.8,30.059999999999995,6.09,352.0,0.0,0.0,0.0
2026-04-29T06:41:23,04/29/202606:41,74.88000000000001,0.030000000000000006,2.246400000000001,51.190000000000005,0.0,0.0,0.0,0.0,0.0,198.7,23861.0,45140.0,17.2,7.8,90.0,30.059999999999995,6.09,352.0,0.0,0.0,0.0
2026-04-29T06:42:01,04/29/202606:42,82.41,0.030000000000000006,2.4723,51.190000000000005,0.0,0.0,0.0,0.0,0.0,198.7,23861.0,45140.0,17.2,7.8,90.0,30.059999999999995,6.09,352.0,0.0,0.0,0.0
2026-04-29T06:42:13,04/29/202606:42,90.03,0.030000000000000006,2.7009000000000007,51.190000000000005,0.0,0.0,0.0,0.0,0.0,198.7,23861.0,45140.0,17.2,7.8,90.0,30.059999999999995,6.09,352.0,0.0,0.0,0.0
2026-04-29T06:43:01,04/29/202606:43,97.65,0.030000000000000006,2.929500000000001,51.190000000000005,0.0,0.0,0.0,0.0,0.0,198.7,23861.0,45140.0,17.2,7.8,90.0,30.059999999999995,6.09,352.0,0.0,0.0,0.0
2026-04-29T06:43:12,04/29/202606:43,105.37,0.030000000000000006,3.1611000000000007,51.2,0.0,0.0,0.0,0.0,0.0,198.7,23861.0,45140.0,17.2,7.8,90.0,30.059999999999995,6.09,352.0,0.0,0.0,0.0
2026-04-29T06:44:53,04/29/202606:44,113.41000000000001,0.02,2.2682,51.2,0.0,0.0,0.0,0.0,0.0,198.7,23861.0,45140.0,17.2,7.8,90.0,30.059999999999995,6.09,352.0,0.0,0.0,0.0
2026-04-29T06:45:01,04/29/202606:45,121.45,0.01,1.2145000000000001,51.2,0.0,0.0,0.0,0.0,0.0,198.7,23861.0,45140.0,17.2,7.8,90.0,30.059999999999995,6.09,352.0,0.0,0.0,0.0
2026-04-29T06:45:12,04/29/202606:45,129.57,0.0,0.0,51.190000000000005,0.0,0.0,0.0,0.0,0.0,198.7,23861.0,45140.0,17.2,7.8,90.0,30.059999999999995,6.09,352.0,0.0,0.0,
2026-04-29T06:46:01,04/29/202606:46,130.04000000000002,0.0,0.0,51.18,0.0,0.0,0.0,0.0,0.0,198.7,23861.0,45140.0,17.2,7.8,90.0,30.059999999999995,6.09,352.0,0.0,0.0,
2026-04-29T06:46:12,04/29/202606:46,130.55,0.0,0.0,51.18,0.0,0.0,0.0,0.0,0.0,198.7,23861.0,45140.0,17.2,7.790000000000001,89.8,30.059999999999995,6.202,352.3,0.0,0.0,
2026-04-29T06:47:01,04/29/202606:47,130.95,0.0,0.0,51.18,0.0,0.0,0.0,0.0,0.0,198.7,23861.0,45140.0,17.2,7.779999999999999,89.6,30.059999999999995,6.314,352.6,0.0,0.0,
2026-04-29T06:47:12,04/29/202606:47,131.44,0.0,0.0,51.18,0.0,0.0,0.0,0.0,0.0,198.7,23861.0,45140.0,17.2,7.7700000000000005,89.4,30.059999999999995,6.426,352.9,0.0,0.0,
2026-04-29T06:48:01,04/29/202606:48,131.84,0.0,0.0,51.18,0.0,0.0,0.0,0.0,0.0,198.7,23861.0,45140.0,17.2,7.76,89.2,30.059999999999995,6.537999999999999,353.2,0.0,0.0,
2026-04-29T06:48:12,04/29/202606:48,131.99,0.0,0.0,51.18,0.0,0.0,0.0,0.0,0.0,198.7,23861.0,45140.0,17.3,7.75,89.0,30.059999999999995,6.65,353.5,0.0,0.0,
2026-04-29T06:49:01,04/29/202606:49,132.04000000000002,0.0,0.0,51.18,0.0,0.0,0.0,0.0,0.0,198.7,23861.0,45140.0,17.3,7.74,88.8,30.059999999999995,6.7620000000000005,353.8,0.0,0.0,
2026-04-29T06:49:12,04/29/202606:49,132.37,0.0,0.0,51.18,0.0,0.0,0.0,0.0,0.0,198.7,23861.0,45140.0,17.2,7.7299999999999995,88.6,30.059999999999995,6.874,354.1,0.0,0.0,
2026-04-29T06:50:01,04/29/202606:50,132.7,0.0,0.0,51.18,0.0,0.0,0.0,0.0,0.0,198.7,23861.0,45140.0,17.2,7.720000000000001,88.4,30.059999999999995,6.986,354.4,0.0,0.0,
2026-04-29T06:50:13,04/29/202606:50,132.54000000000002,0.0,0.0,51.190000000000005,0.0,0.0,0.0,0.0,0.0,198.7,23861.0,45140.0,17.2,7.709999999999999,88.2,30.059999999999995,7.098000000000001,354.7,0.0,0.0,
2026-04-29T06:51:01,04/29/202606:51,132.38,0.0,0.0,51.2,0.0,0.0,0.0,0.0,0.0,198.7,23861.0,45140.0,17.2,7.7,88.0,30.059999999999995,7.209999999999999,355.0,0.0,0.0,
2026-04-29T06:51:13,04/29/202606:51,132.70999999999998,0.0,0.0,51.2,0.0,0.0,0.0,0.0,0.0,198.7,23861.0,45140.0,17.3,7.7,88.0,30.059999999999995,7.209999999999999,355.0,0.0,0.0,
2026-04-29T06:52:01,04/29/202606:52,133.04000000000002,0.0,0.0,51.2,0.0,0.0,0.0,0.0,0.0,198.7,23861.0,45140.0,17.3,7.7,88.0,30.059999999999995,7.209999999999999,355.0,0.0,0.0,
2026-04-29T06:52:12,04/29/202606:52,132.79000000000002,0.0,0.0,51.190000000000005,0.0,0.0,0.0,0.0,0.0,198.7,23861.0,45140.0,17.2,7.7,88.0,30.059999999999995,7.209999999999999,355.0,0.0,0.0,
2026-04-29T06:52:47,04/29/202606:52,133.09,0.0,0.0,51.190000000000005,0.0,0.0,0.0,0.0,0.0,198.7,23861.0,45140.0,17.2,7.7,88.0,30.059999999999995,7.209999999999999,355.0,0.0,0.0,
2026-04-29T06:53:01,04/29/202606:53,133.64000000000001,0.0,0.0,51.190000000000005,0.0,0.0,0.0,0.0,0.0,198.7,23861.0,45140.0,17.2,7.7,88.0,30.059999999999995,7.209999999999999,355.0,0.0,0.0,
2026-04-29T06:53:47,04/29/202606:53,134.23,0.0,0.0,51.18,0.0,0.0,0.0,0.0,0.0,198.7,23861.0,45140.0,17.3,7.7,88.0,30.059999999999995,7.209999999999999,355.0,0.0,0.0,
2026-04-29T06:54:01,04/29/202606:54,134.45,0.0,0.0,51.17,0.0,0.0,0.0,0.0,0.0,198.7,23861.0,45140.0,17.3,7.7,88.0,30.059999999999995,7.209999999999999,355.0,0.0,0.0,
2026-04-29T06:54:47,04/29/202606:54,134.7,0.0,0.0,51.160000000000004,0.0,0.0,0.0,0.0,0.0,198.7,23861.0,45140.0,17.2,7.7,88.0,30.059999999999995,7.209999999999999,355.0,0.0,0.0,
2026-04-29T06:56:04,04/29/202606:56,135.39000000000001,0.0,0.0,51.160000000000004,0.0,0.0,0.0,0.0,0.0,198.7,23861.0,45140.0,17.2,7.7,88.0,30.059999999999995,7.209999999999999,355.0,0.0,0.0,
2026-04-29T06:56:48,04/29/202606:56,136.1,0.0,0.0,51.160000000000004,0.0,0.0,0.0,0.0,0.0,198.7,23861.0,45140.0,17.2,7.7,88.0,30.059999999999995,7.209999999999999,355.0,0.0,0.0,
2026-04-29T06:57:01,04/29/202606:57,136.28,0.0,0.0,51.160000000000004,0.0,0.0,0.0,0.0,0.0,198.7,23861.0,45140.0,17.2,7.7,88.0,30.059999999999995,7.209999999999999,355.0,0.0,0.0,
2026-04-29T06:57:47,04/29/202606:57,136.47,0.0,0.0,51.17,0.0,0.0,0.0,0.0,0.0,198.7,23861.0,45140.0,17.2,7.7,88.0,30.059999999999995,7.209999999999999,355.0,0.0,0.0,
2026-04-29T06:58:01,04/29/202606:58,137.15,0.0,0.0,51.190000000000005,0.0,0.0,0.0,0.0,0.0,198.7,23861.0,45140.0,17.2,7.7,88.0,30.059999999999995,7.209999999999999,355.0,0.0,0.0,
2026-04-29T06:58:48,04/29/202606:58,137.3,0.0,0.0,51.190000000000005,0.0,0.0,0.0,0.0,0.0,198.7,23861.0,45140.0,17.2,7.7,88.0,30.059999999999995,7.209999999999999,355.0,0.0,0.0,
2026-04-29T06:59:01,04/29/202606:59,137.45,0.0,0.0,51.190000000000005,0.0,0.0,0.0,0.0,0.0,198.7,23861.0,45140.0,17.2,7.7,88.0,30.059999999999995,7.209999999999999,355.0,0.0,0.0,
2026-04-29T07:00:01,04/29/202607:00,137.56,0.0,0.0,51.2,0.0,0.0,0.0,0.0,0.0,198.7,23861.0,45140.0,17.2,7.7,88.0,30.059999999999995,7.209999999999999,355.0,0.0,0.0,
2026-04-29T07:00:47,04/29/202607:00,137.68,0.0,0.0,51.220000000000006,0.0,0.0,0.0,0.0,0.0,198.7,23861.0,45140.0,17.2,7.7,88.0,30.059999999999995,7.209999999999999,355.0,0.0,0.0,
2026-04-29T07:01:01,04/29/202607:01,137.77,0.0,0.0,51.239999999999995,0.0,0.0,0.0,0.0,0.0,198.7,23861.0,45140.0,17.2,7.7,88.0,30.059999999999995,7.209999999999999,355.0,0.0,0.0,
2026-04-29T07:01:47,04/29/202607:01,137.84,0.0,0.0,51.25,0.0,0.0,0.0,0.0,0.0,198.7,23861.0,45140.0,17.2,7.709999999999999,87.9,30.059999999999995,7.316,355.3,1.2,0.0,
2026-04-29T07:02:01,04/29/202607:02,137.89000000000001,0.0,0.0,51.260000000000005,0.0,0.0,0.0,0.0,0.0,198.7,23861.0,45140.0,17.2,7.720000000000001,87.8,30.059999999999995,7.422,355.6,2.4,0.0,
2026-04-29T07:03:01,04/29/202607:03,137.94,0.0,0.0,51.27,0.0,0.0,0.0,0.0,0.0,198.7,23861.0,45140.0,17.2,7.7299999999999995,87.7,30.059999999999995,7.5280000000000005,355.9,3.6,0.0,
2026-04-29T07:03:18,04/29/202607:03,137.92000000000002,0.0,0.0,51.27,0.0,0.0,0.0,0.0,0.0,198.7,23861.0,45140.0,17.2,7.74,87.6,30.059999999999995,7.634,356.2,4.8,0.0,
2026-04-29T07:04:01,04/29/202607:04,137.9,0.0,0.0,51.27,0.0,0.0,0.0,0.0,0.0,198.7,23861.0,45140.0,17.2,7.75,87.5,30.059999999999995,7.739999999999999,356.5,6.0,0.0,
2026-04-29T07:04:17,04/29/202607:04,137.95,0.0,0.0,51.279999999999994,0.0,0.0,0.0,0.0,0.0,198.7,23861.0,45140.0,17.2,7.76,87.4,30.059999999999995,7.845999999999999,356.8,7.2,0.0,
2026-04-29T07:05:01,04/29/202607:05,138.0,0.0,0.0,51.29,0.0,0.0,0.0,0.0,0.0,198.7,23861.0,45140.0,17.2,7.7700000000000005,87.3,30.059999999999995,7.952,357.1,8.4,0.0,
2026-04-29T07:05:18,04/29/202607:05,137.85,0.0,0.0,51.3,0.0,0.0,0.0,0.0,0.0,198.7,23861.0,45140.0,17.2,7.779999999999999,87.2,30.059999999999995,8.058,357.4,9.6,0.0,
2026-04-29T07:06:00,04/29/202607:06,137.69,0.0,0.0,51.3,0.0,0.0,0.0,0.0,0.0,198.7,23861.0,45140.0,17.2,7.790000000000001,87.1,30.059999999999995,8.164,357.7,10.8,0.0,
2026-04-29T07:07:15,04/29/202607:07,137.79000000000002,0.0,0.0,51.3,0.0,0.0,0.0,0.0,0.0,198.7,23861.0,45140.0,17.2,7.8,87.0,30.059999999999995,8.27,358.0,12.0,0.0,
2026-04-29T07:07:18,04/29/202607:07,137.89000000000001,0.0,0.0,51.31,0.0,0.0,0.0,0.0,0.0,198.7,23861.0,45140.0,17.2,7.8,87.0,30.059999999999995,8.27,358.0,12.0,0.0,
2026-04-29T07:08:01,04/29/202607:08,137.99,0.0,0.0,51.31999999999999,0.0,0.0,0.0,0.0,0.0,198.7,23861.0,45140.0,17.2,7.8,87.0,30.059999999999995,8.27,358.0,12.0,0.0,
2026-04-29T07:08:18,04/29/202607:08,138.15,0.0,0.0,51.31999999999999,0.0,0.0,0.0,0.0,0.0,198.7,23861.0,45140.0,17.2,7.8,87.0,30.059999999999995,8.27,358.0,12.0,0.0,
2026-04-29T07:08:54,04/29/202607:08,138.4,0.0,0.0,51.31999999999999,0.0,0.0,0.0,0.0,0.0,198.7,23861.0,45140.0,17.2,7.8,87.0,30.059999999999995,8.27,358.0,12.0,0.0,
2026-04-29T07:09:01,04/29/202607:09,138.65,0.0,0.0,51.31999999999999,0.0,0.0,0.0,0.0,0.0,198.7,23861.0,45140.0,17.2,7.8,87.0,30.059999999999995,8.27,358.0,12.0,0.0,
2026-04-29T07:09:54,04/29/202607:09,138.85,0.0,0.0,51.31999999999999,0.0,0.0,0.0,0.0,0.0,198.7,23861.0,45140.0,17.2,7.8,87.0,30.059999999999995,8.27,358.0,12.0,0.0,
2026-04-29T07:10:01,04/29/202607:10,139.05,0.0,0.0,51.31999999999999,0.0,0.0,0.0,0.0,0.0,198.7,23861.0,45140.0,17.2,7.8,87.0,30.059999999999995,8.27,358.0,12.0,0.0,
2026-04-29T07:10:53,04/29/202607:10,139.49,0.0,0.0,51.33,0.0,0.0,0.0,0.0,0.0,198.7,23861.0,45140.0,17.2,7.8,87.0,30.059999999999995,8.27,358.0,12.0,0.0,
2026-04-29T07:11:01,04/29/202607:11,139.93,0.0,0.0,51.339999999999996,0.0,0.0,0.0,0.0,0.0,198.7,23861.0,45140.0,17.2,7.8,87.0,30.059999999999995,8.27,358.0,12.0,0.0,
2026-04-29T07:11:54,04/29/202607:11,131.99,0.03,3.9597,51.35,0.04,2.0540000000000003,2.0,0.0,0.0,198.7,23861.0,45140.0,17.2,7.8,87.0,30.059999999999995,8.27,358.0,12.0,0.0,0.5187261661236963
2026-04-29T07:12:01,04/29/202607:12,124.04,0.06,7.4424,51.35,0.08,4.1080000000000005,4.0,0.0,0.0,198.7,23861.0,45140.0,17.2,7.8,87.0,30.059999999999995,8.27,358.0,12.0,0.0,0.5519724819950554
2026-04-29T07:12:53,04/29/202607:12,116.1,0.09,10.449,51.35,0.12000000000000002,6.162000000000002,6.0,0.0,0.0,198.7,23861.0,45140.0,17.2,7.8,87.0,30.059999999999995,8.27,358.0,12.0,0.0,0.5897215044501868
2026-04-29T07:13:01,04/29/202607:13,108.1,0.12,12.972,51.36,0.16,8.217600000000001,8.0,0.0,0.0,198.7,23861.0,45140.0,17.2,7.8,87.0,30.059999999999995,8.27,358.0,12.0,0.0,0.6334875115633674
2026-04-29T07:13:08,04/29/202607:13,108.25,0.12,12.99,51.379999999999995,0.16,8.220799999999999,8.0,0.0,0.0,198.7,23861.0,45140.0,17.2,7.8,87.0,30.059999999999995,8.27,358.0,12.0,0.0,0.6328560431100846
2026-04-29T07:14:01,04/29/202607:14,108.4,0.12,13.008000000000001,51.4,0.16,8.224,8.0,0.0,0.0,198.7,23861.0,45140.0,17.2,7.8,87.0,30.059999999999995,8.27,358.0,12.0,0.0,0.6322263222632226
2026-04-29T07:14:08,04/29/202607:14,100.5,0.16,16.080000000000002,51.410000000000004,0.19,9.767900000000001,9.5,0.0,0.0,198.7,23861.0,45140.0,17.2,7.8,87.0,30.059999999999995,8.27,358.0,12.0,0.0,0.6074564676616915
2026-04-29T07:15:01,04/29/202607:15,92.6,0.2,18.52,51.42,0.22000000000000003,11.312400000000002,11.0,0.0,0.0,198.7,23861.0,45140.0,17.2,7.8,87.0,30.059999999999995,8.27,358.0,12.0,0.0,0.6108207343412528
2026-04-29T07:15:08,04/29/202607:15,92.69,0.2,18.538,51.44,0.22000000000000003,11.3168,11.0,0.0,0.0,198.7,23861.0,45140.0,17.2,7.8,87.0,30.059999999999995,8.27,358.0,12.0,0.0,0.6104649908296472
2026-04-29T07:16:01,04/29/202607:16,92.78,0.2,18.556,51.46,0.22000000000000003,11.321200000000001,11.0,0.0,0.0,198.7,23861.0,45140.0,17.2,7.8,87.0,30.059999999999995,8.27,358.0,12.0,0.0,0.6101099374865273
2026-04-29T07:16:09,04/29/202607:16,93.22999999999999,0.2,18.645999999999997,51.48,0.22000000000000003,11.325600000000001,11.0,0.0,0.0,198.7,23861.0,45140.0,17.2,7.83,86.8,30.059999999999995,8.474,322.4,15.3,0.01,0.6074010511637886
2026-04-29T07:17:00,04/29/202607:17,93.67999999999999,0.2,18.736,51.5,0.22000000000000003,11.330000000000002,11.0,0.0,0.0,198.7,23861.0,45140.0,17.2,7.859999999999999,86.6,30.059999999999995,8.678,286.8,18.6,0.02,0.6047181895815543
2026-04-29T07:17:08,04/29/202607:17,98.16,0.19,18.6504,51.529999999999994,0.24,12.367199999999999,12.0,0.0,0.0,198.7,23861.0,45140.0,17.2,7.889999999999999,86.4,30.059999999999995,8.882,251.2,21.9,0.030000000000000006,0.6631064213099986
2026-04-29T07:18:26,04/29/202607:18,97.78999999999999,0.19,18.580099999999998,51.56,0.24,12.3744,12.0,0.0,0.0,198.7,23861.0,45140.0,17.2,7.92,86.2,30.059999999999995,9.086,215.6,25.2,0.04,0.6660028740426586
2026-04-29T07:19:00,04/29/202607:19,89.24,0.22000000000000003,19.632800000000003,51.58,0.27999999999999997,14.442399999999997,14.0,0.0,0.0,198.7,23861.0,45140.0,17.2,7.95,86.0,30.059999999999995,9.290000000000001,180.0,28.5,0.05,0.7356260951061486
2026-04-29T07:19:11,04/29/202607:19,81.28999999999999,0.24,19.5096,51.6,0.32,16.512,16.0,0.0,0.0,198.7,23861.0,45140.0,17.2,7.9799999999999995,85.8,30.059999999999995,9.494,144.4,31.8,0.06000000000000001,0.8463525648911306
2026-04-29T07:20:01,04/29/202607:20,81.35,0.22000000000000003,17.897000000000002,51.63000000000001,0.33,17.037900000000004,16.5,0.0,0.0,198.7,23861.0,45140.0,17.2,8.01,85.6,30.059999999999995,9.698,108.8,35.1,0.07,0.9519975414874002
2026-04-29T07:20:11,04/29/202607:20,81.41999999999999,0.2,16.284,51.660000000000004,0.34,17.564400000000003,17.0,0.0,0.0,198.7,23861.0,45140.0,17.2,8.04,85.4,30.059999999999995,9.902000000000001,73.2,38.4,0.08,1.0786293294030953
2026-04-29T07:21:01,04/29/202607:21,79.42999999999999,0.22000000000000003,17.474600000000002,51.68000000000001,0.4,20.672000000000004,20.1,0.0,0.0,198.7,23861.0,45140.0,17.2,8.07,85.2,30.059999999999995,10.106,37.6,41.7,0.09,1.1829741453309375
2026-04-29T07:22:00,04/29/202607:21,70.76,0.25,17.69,51.7,0.44000000000000006,22.748000000000005,22.1,0.0,0.0,198.7,23861.0,45140.0,17.2,8.1,85.0,30.059999999999995,10.31,2.0,45.0,0.1,1.2859242509892597
2026-04-29T07:22:01,04/29/202607:22,69.85,0.25,17.4625,51.720000000000006,0.44000000000000006,22.756800000000005,22.1,0.0,0.0,198.7,23861.0,45140.0,17.2,8.1,85.0,30.059999999999995,10.31,2.0,45.0,0.1,1.303181102362205
2026-04-29T07:22:07,04/29/202607:22,68.94,0.26,17.9244,51.739999999999995,0.44000000000000006,22.7656,22.1,0.0,0.0,198.7,23861.0,45140.0,17.2,8.1,85.0,30.059999999999995,10.31,2.0,45.0,0.1,1.270089933275312
2026-04-29T07:23:01,04/29/202607:23,63.989999999999995,0.27999999999999997,17.917199999999998,51.75,0.42000000000000004,21.735000000000003,21.1,0.0,0.0,198.7,23861.0,45140.0,17.2,8.1,85.0,30.059999999999995,10.31,2.0,45.0,0.1,1.2130801687763717
2026-04-29T07:23:07,04/29/202607:23,64.47,0.27999999999999997,18.051599999999997,51.760000000000005,0.41000000000000003,21.221600000000002,20.6,0.0,0.0,198.7,23861.0,45140.0,17.2,8.1,85.0,30.059999999999995,10.31,2.0,45.0,0.1,1.1756077023643337
2026-04-29T07:24:01,04/29/202607:24,64.95,0.27999999999999997,18.186,51.77,0.4,20.708000000000002,20.1,0.0,0.0,198.7,23861.0,45140.0,17.2,8.1,85.0,30.059999999999995,10.31,2.0,45.0,0.1,1.1386781040360718
2026-04-29T07:25:01,04/29/202607:25,64.83,0.29,18.8007,51.779999999999994,0.39,20.1942,19.6,0.0,0.0,198.7,23861.0,45140.0,17.2,8.1,85.0,30.059999999999995,10.31,2.0,45.0,0.1,1.0741195806539119
2026-04-29T07:25:07,04/29/202607:25,64.72999999999999,0.3,19.418999999999997,51.79,0.38,19.6802,19.1,0.0,0.0,198.7,23861.0,45140.0,17.2,8.1,85.0,30.059999999999995,10.31,2.0,45.0,0.1,1.013450744116587
2026-04-29T07:26:00,04/29/202607:26,64.62,0.31,20.0322,51.8,0.37,19.166,18.6,0.0,0.0,198.7,23861.0,45140.0,17.2,8.1,85.0,30.059999999999995,10.31,2.0,45.0,0.1,0.9567596170166033
2026-04-29T07:27:01,04/29/202607:27,58.54,0.32,18.7328,51.8,0.33999999999999997,17.612,17.0,0.0,0.0,198.7,23861.0,45140.0,17.2,8.1,85.0,30.059999999999995,10.31,2.0,45.0,0.1,0.9401691151349503
2026-04-29T07:27:07,04/29/202607:27,59.08,0.32,18.9056,51.8,0.32999999999999996,17.093999999999998,17.0,0.0,0.0,198.7,23861.0,45140.0,17.2,8.1,85.0,30.059999999999995,10.31,2.0,45.0,0.1,0.9041765402843601
2026-04-29T07:28:01,04/29/202607:28,59.620000000000005,0.32,19.078400000000002,51.8,0.32,16.576,17.0,0.0,0.0,198.7,23861.0,45140.0,17.2,8.1,85.0,30.059999999999995,10.31,2.0,45.0,0.1,0.8688359610868835
2026-04-29T07:28:08,04/29/202607:28,68.25,0.27999999999999997,19.11,51.81,0.27999999999999997,14.506799999999998,15.0,0.0,0.0,198.7,23861.0,45140.0,17.2,8.1,85.0,30.059999999999995,10.31,2.0,45.0,0.1,0.7591208791208791
2026-04-29T07:29:37,04/29/202607:29,68.77000000000001,0.26999999999999996,18.5679,51.81999999999999,0.27999999999999997,14.509599999999997,15.0,0.0,0.0,198.7,23861.0,45140.0,17.1,8.1,85.0,30.059999999999995,10.31,2.0,45.0,0.1,0.7814346264251744
2026-04-29T07:30:01,04/29/202607:30,68.71000000000001,0.26999999999999996,18.5517,51.83,0.29,15.030699999999998,15.5,0.0,0.0,198.7,23861.0,45140.0,17.1,8.1,85.0,30.059999999999995,10.31,2.0,45.0,0.1,0.8102060727588306
2026-04-29T07:30:08,04/29/202607:30,76.77000000000001,0.24,18.4248,51.839999999999996,0.27,13.9968,14.5,0.0,0.0,198.7,23861.0,45140.0,17.2,8.1,85.0,30.059999999999995,10.31,2.0,45.0,0.1,0.7596717467760844
2026-04-29T07:31:00,04/29/202607:31,84.83000000000001,0.21000000000000002,17.814300000000003,51.85,0.25,12.9625,13.5,0.0,0.0,198.7,23861.0,45140.0,17.2,8.1,85.0,30.059999999999995,10.31,2.0,45.0,0.1,0.7276457677259279
2026-04-29T07:31:07,04/29/202607:31,84.23,0.2,16.846,51.85,0.25,12.9625,13.5,0.0,0.0,198.7,23861.0,45140.0,17.1,8.129999999999999,84.8,30.063,10.422,2.1,49.2,0.11000000000000001,0.7694704974474653
2026-04-29T07:32:00,04/29/202607:32,83.63000000000001,0.19,15.889700000000001,51.85,0.25,12.9625,13.5,0.0,0.0,198.7,23861.0,45140.0,17.1,8.16,84.6,30.065999999999995,10.534,2.2,53.4,0.12000000000000002,0.815780033606676
2026-04-29T07:32:08,04/29/202607:32,87.02000000000001,0.19,16.533800000000003,51.86999999999999,0.27,14.004899999999997,14.6,0.0,0.0,198.7,23861.0,45140.0,17.2,8.190000000000001,84.4,30.069,10.646,2.3,57.1,0.13,0.8470466559411627
2026-04-29T07:33:00,04/29/202607:33,90.47,0.19,17.1893,51.89,0.29,15.0481,15.2,0.0,0.0,198.7,23861.0,45140.0,17.2,8.22,84.2,30.071999999999996,10.758,2.4,60.8,0.14,0.8754341363522656
2026-04-29T07:33:07,04/29/202607:33,90.7,0.2,18.14,51.910000000000004,0.3,15.573,15.2,0.0,0.0,198.7,23861.0,45140.0,17.1,8.25,84.0,30.075,10.870000000000001,2.5,64.5,0.15,0.858489525909592
2026-04-29T07:33:08,04/29/202607:33,82.84,0.22999999999999998,19.0532,51.92,0.33999999999999997,17.6528,17.2,0.0,0.0,198.7,23861.0,45140.0,17.1,8.28,83.8,30.077999999999996,10.982,2.6,68.2,0.16,0.9265005353431444
2026-04-29T07:34:00,04/29/202607:34,83.09,0.22999999999999998,19.110699999999998,51.92999999999999,0.33999999999999997,17.656199999999995,17.2,0.0,0.0,198.7,23861.0,45140.0,17.1,8.309999999999999,83.6,30.081,11.094,2.7,71.9,0.17,0.9238908046277738
2026-04-29T07:34:09,04/29/202607:34,83.57000000000001,0.24,20.056800000000003,51.94,0.32999999999999996,17.140199999999997,16.7,0.0,0.0,198.7,23861.0,45140.0,17.1,8.34,83.4,30.083999999999996,11.206,2.8,75.6,0.18,0.8545829843245181
2026-04-29T07:35:00,04/29/202607:35,75.93,0.27999999999999997,21.2604,51.95,0.35,18.1825,17.7,0.0,0.0,198.7,23861.0,45140.0,17.1,8.370000000000001,83.2,30.087,11.318,2.9,79.3,0.19,0.8552284999341498
2026-04-29T07:35:08,04/29/202607:35,68.28999999999999,0.32,21.8528,51.96,0.38,19.7448,19.2,0.0,0.0,198.7,23861.0,45140.0,17.1,8.4,83.0,30.089999999999996,11.43,3.0,83.0,0.2,0.9035363889295652
2026-04-29T07:36:00,04/29/202607:36,69.28999999999999,0.33999999999999997,23.558599999999995,51.98,0.39,20.272199999999998,19.7,0.0,0.0,198.7,23861.0,45140.0,17.1,8.4,83.0,30.089999999999996,11.43,3.0,82.5,0.2,0.8605010484493987
2026-04-29T07:36:09,04/29/202607:36,70.23,0.35,24.5805,51.989999999999995,0.39,20.2761,19.7,0.0,0.0,198.7,23861.0,45140.0,17.1,8.4,83.0,30.089999999999996,11.43,3.0,82.0,0.2,0.8248855800329529
2026-04-29T07:37:00,04/29/202607:37,67.18,0.35,23.513,51.98,0.37,19.232599999999998,18.6,0.0,0.0,198.7,23861.0,45140.0,17.1,8.4,83.0,30.089999999999996,11.43,3.0,82.0,0.2,0.8179560243269679
2026-04-29T07:37:08,04/29/202607:37,64.14,0.35,22.448999999999998,51.989999999999995,0.35,18.196499999999997,17.5,0.0,0.0,198.7,23861.0,45140.0,17.1,8.4,83.0,30.089999999999996,11.43,3.0,82.0,0.2,0.8105706267539756
2026-04-29T07:38:00,04/29/202607:38,64.32000000000001,0.33999999999999997,21.8688,52.0,0.33999999999999997,17.68,17.0,0.0,0.0,198.7,23861.0,45140.0,17.1,8.4,83.0,30.089999999999996,11.43,3.0,82.0,0.2,0.808457711442786
2026-04-29T07:38:09,04/29/202607:38,64.47999999999999,0.35,22.567999999999994,52.010000000000005,0.33999999999999997,17.6834,17.0,0.0,0.0,198.7,23861.0,45140.0,17.1,8.4,83.0,30.089999999999996,11.524,3.2,82.0,0.2,0.7835607940446652
2026-04-29T07:39:00,04/29/202607:39,64.64,0.36,23.2704,52.02,0.33999999999999997,17.686799999999998,17.0,0.0,0.0,198.7,23861.0,45140.0,17.1,8.4,83.0,30.089999999999996,11.617999999999999,3.4,82.0,0.2,0.7600556930693069
2026-04-29T07:39:09,04/29/202607:39,64.58,0.36,23.2488,52.029999999999994,0.35,18.210499999999996,17.5,0.0,0.0,198.7,23861.0,45140.0,17.1,8.4,83.0,30.089999999999996,11.712,3.6,82.0,0.2,0.7832877395822578
2026-04-29T07:40:49,04/29/202607:40,63.879999999999995,0.36,22.996799999999997,52.05,0.36,18.738,18.0,0.0,0.0,198.7,23861.0,45140.0,17.1,8.4,83.0,30.089999999999996,11.806000000000001,3.8,82.0,0.2,0.8148090169067002
2026-04-29T07:41:01,04/29/202607:41,63.17999999999999,0.36,22.744799999999998,52.07000000000001,0.36,18.7452,18.0,0.0,0.0,198.7,23861.0,45140.0,17.1,8.4,83.0,30.089999999999996,11.9,4.0,82.0,0.2,0.824153213042102
2026-04-29T07:42:01,04/29/202607:42,62.48,0.36,22.4928,52.089999999999996,0.36,18.752399999999998,18.0,0.0,0.0,198.7,23861.0,45140.0,17.1,8.4,83.0,30.087,11.994,4.2,82.0,0.2,0.8337067861715749
2026-04-29T07:42:09,04/29/202607:42,62.779999999999994,0.38,23.856399999999997,52.129999999999995,0.37,19.288099999999996,18.5,0.0,0.0,198.7,23861.0,45140.0,17.1,8.4,83.1,30.083999999999996,12.088,4.4,82.0,0.2,0.8085084086450596
2026-04-29T07:43:01,04/29/202607:43,63.08,0.4,25.232,52.17,0.38,19.8246,19.0,0.0,0.0,198.7,23861.0,45140.0,17.1,8.4,83.2,30.081,12.181999999999999,4.6,82.0,0.2,0.7856927710843373
2026-04-29T07:43:09,04/29/202607:43,63.379999999999995,0.42000000000000004,26.619600000000002,52.17999999999999,0.4,20.872,20.1,0.0,0.0,198.7,23861.0,45140.0,17.1,8.4,83.3,30.077999999999996,12.276,4.8,82.0,0.2,0.7840839080977925
2026-04-29T07:44:01,04/29/202607:44,63.67999999999999,0.44000000000000006,28.0192,52.19,0.42000000000000004,21.919800000000002,21.2,0.0,0.0,198.7,23861.0,45140.0,17.1,8.4,83.4,30.075,12.37,5.0,82.0,0.2,0.7823135564184559
2026-04-29T07:44:09,04/29/202607:44,64.01,0.45,28.804500000000004,52.220000000000006,0.43,22.454600000000003,21.8,0.0,0.0,198.7,23861.0,45140.0,17.1,8.4,83.5,30.071999999999996,12.37,5.0,82.0,0.2,0.7795518061414015
2026-04-29T07:45:01,04/29/202607:45,64.34,0.45999999999999996,29.5964,52.25,0.44000000000000006,22.990000000000002,22.4,0.0,0.0,198.7,23861.0,45140.0,17.1,8.4,83.6,30.069,12.37,5.0,82.0,0.2,0.7767836628779177
2026-04-29T07:45:09,04/29/202607:45,67.35,0.47000000000000003,31.6545,52.279999999999994,0.44000000000000006,23.0032,22.4,0.0,0.0,198.7,23861.0,45140.0,17.1,8.4,83.7,30.065999999999995,12.37,5.0,82.0,0.2,0.7266960463757128
2026-04-29T07:46:01,04/29/202607:46,71.0,0.48,34.08,52.3,0.44000000000000006,23.012,22.4,0.0,0.0,198.7,23861.0,45140.0,17.1,8.4,83.8,30.063,12.37,5.0,82.0,0.2,0.6752347417840376
2026-04-29T07:46:29,04/29/202607:46,74.62,0.49000000000000005,36.56380000000001,52.33,0.45,23.5485,23.0,0.0,0.0,198.7,23861.0,45140.0,17.1,8.42,83.7,30.063,12.488,5.3,86.8,0.21000000000000002,0.6440386393099184
2026-04-29T07:47:01,04/29/202607:47,78.24,0.5,39.12,52.36,0.45999999999999996,24.0856,23.6,0.0,0.0,198.7,23861.0,45140.0,17.1,8.440000000000001,83.6,30.065999999999995,12.606,5.6,91.6,0.22000000000000003,0.6156850715746421
2026-04-29T07:47:30,04/29/202607:47,80.92999999999999,0.5,40.464999999999996,52.39,0.47000000000000003,24.6233,24.2,0.0,0.0,198.7,23861.0,45140.0,17.1,8.459999999999999,83.4,30.069,12.724,5.9,96.4,0.22999999999999998,0.6085085876683555
2026-04-29T07:48:01,04/29/202607:48,83.62,0.5,41.81,52.42,0.48,25.1616,24.8,0.0,0.0,198.7,23861.0,45140.0,17.1,8.48,83.2,30.071999999999996,12.841999999999999,6.2,101.2,0.24,0.6018081798612772
2026-04-29T07:48:29,04/29/202607:48,87.02000000000001,0.5,43.510000000000005,52.46,0.48,25.180799999999998,24.8,0.0,0.0,198.7,23861.0,45140.0,17.1,8.5,83.0,30.075,12.959999999999999,6.5,106.0,0.25,0.5787359227763731
2026-04-29T07:49:01,04/29/202607:49,90.42,0.5,45.21,52.5,0.48,25.2,24.8,0.0,0.0,198.7,23861.0,45140.0,17.1,8.52,82.8,30.077999999999996,13.078,6.8,110.8,0.26,0.557398805573988
2026-04-29T07:49:30,04/29/202607:49,93.83,0.5,46.915,52.529999999999994,0.48,25.214399999999998,24.8,0.0,0.0,198.7,23861.0,45140.0,17.1,8.540000000000001,82.6,30.081,13.196000000000002,7.1,115.6,0.27,0.5374485772141105
2026-04-29T07:50:01,04/29/202607:50,97.24,0.5,48.62,52.56,0.48,25.2288,24.8,0.0,0.0,198.7,23861.0,45140.0,17.1,8.559999999999999,82.4,30.083999999999996,13.314000000000002,7.4,120.4,0.27999999999999997,0.5188975730152201
2026-04-29T07:50:29,04/29/202607:50,97.92,0.5,48.96,52.589999999999996,0.49000000000000005,25.7691,25.4,0.0,0.0,198.7,23861.0,45140.0,17.1,8.58,82.2,30.087,13.431999999999999,7.7,125.2,0.29,0.5263296568627451
2026-04-29T07:52:00,04/29/202607:52,98.82000000000001,0.51,50.3982,52.629999999999995,0.52,27.3676,27.0,0.0,0.0,198.7,23861.0,45140.0,17.1,8.6,82.0,30.089999999999996,13.55,8.0,130.0,0.3,0.5430273303411629
2026-04-29T07:52:30,04/29/202607:52,99.77000000000001,0.52,51.88040000000001,52.67,0.54,28.441800000000004,28.1,0.0,0.0,198.7,23861.0,45140.0,17.1,8.6,82.0,30.089999999999996,13.55,8.0,130.0,0.3,0.5482185950763679
2026-04-29T07:53:00,04/29/202607:53,100.72,0.53,53.3816,52.71,0.5599999999999999,29.517599999999998,29.2,0.0,0.0,198.7,23861.0,45140.0,17.1,8.6,82.0,30.089999999999996,13.55,8.0,130.0,0.3,0.5529545761086216
2026-04-29T07:53:29,04/29/202607:53,101.67,0.54,54.9018,52.73,0.58,30.583399999999997,30.3,0.0,0.0,198.7,23861.0,45140.0,17.1,8.6,82.0,30.089999999999996,13.55,8.0,130.0,0.3,0.5570564170937928
2026-04-29T07:54:00,04/29/202607:54,102.62,0.55,56.44100000000001,52.75,0.6,31.65,31.4,0.0,0.0,198.7,23861.0,45140.0,17.1,8.6,82.0,30.089999999999996,13.55,8.0,130.0,0.3,0.560762566219592
2026-04-29T07:54:30,04/29/202607:54,102.52000000000001,0.55,56.38600000000001,52.79,0.61,32.2019,31.9,0.0,0.0,198.7,23861.0,45140.0,17.1,8.6,82.0,30.089999999999996,13.55,8.0,130.0,0.3,0.571097435533643
2026-04-29T07:55:00,04/29/202607:55,102.42,0.55,56.331,52.83,0.6199999999999999,32.754599999999996,32.4,0.0,0.0,198.7,23861.0,45140.0,17.1,8.6,82.0,30.089999999999996,13.55,8.0,130.0,0.3,0.5814666879693241
2026-04-29T07:55:29,04/29/202607:55,102.31,0.55,56.270500000000006,52.870000000000005,0.63,33.3081,32.9,0.0,0.0,198.7,23861.0,45140.0,17.1,8.6,82.0,30.089999999999996,13.55,8.0,130.0,0.3,0.5919282750286562
2026-04-29T07:56:01,04/29/202607:56,102.2,0.55,56.21000000000001,52.910000000000004,0.6399999999999999,33.862399999999994,33.4,0.0,0.0,198.7,23861.0,45140.0,17.1,8.6,82.0,30.089999999999996,13.55,8.0,130.0,0.3,0.6024266144814088
2026-04-29T07:56:30,04/29/202607:56,102.14,0.55,56.17700000000001,52.96,0.65,34.424,33.9,0.0,0.0,198.7,23861.0,45140.0,17.1,8.6,82.0,30.089999999999996,13.55,8.0,130.0,0.3,0.6127774712070776
2026-04-29T07:57:00,04/29/202607:57,101.86,0.54,55.004400000000004,53.0,0.6399999999999999,33.919999999999995,33.4,0.0,0.0,198.7,23861.0,45140.0,17.1,8.6,82.0,30.089999999999996,13.55,8.0,130.0,0.3,0.6166779384921932
2026-04-29T07:57:29,04/29/202607:57,101.25,0.53,53.6625,53.029999999999994,0.6399999999999999,33.93919999999999,33.4,0.0,0.0,198.7,23861.0,45140.0,17.1,8.6,82.0,30.089999999999996,13.55,8.0,130.0,0.3,0.6324565571861168
2026-04-29T07:58:00,04/29/202607:58,100.64,0.52,52.3328,53.06,0.6399999999999999,33.9584,33.4,0.0,0.0,198.7,23861.0,45140.0,17.1,8.6,82.0,30.089999999999996,13.55,8.0,130.0,0.3,0.6488932371285312
2026-04-29T07:58:29,04/29/202607:58,100.03999999999999,0.51,51.020399999999995,53.11,0.6399999999999999,33.990399999999994,33.4,0.0,0.0,198.7,23861.0,45140.0,17.1,8.6,82.0,30.089999999999996,13.55,8.0,130.0,0.3,0.6662119465939114
2026-04-29T07:59:00,04/29/202607:59,99.44,0.5,49.72,53.160000000000004,0.6399999999999999,34.0224,33.4,0.0,0.0,198.7,23861.0,45140.0,17.1,8.6,82.0,30.089999999999996,13.55,8.0,130.0,0.3,0.6842799678197908
2026-04-29T07:59:30,04/29/202607:59,99.17999999999999,0.51,50.581799999999994,53.2,0.65,34.580000000000005,34.0,0.0,0.0,198.7,23861.0,45140.0,17.1,8.6,82.0,30.089999999999996,13.55,8.0,130.0,0.3,0.6836451055517995
2026-04-29T08:00:00,04/29/202608:00,98.92,0.52,51.4384,53.239999999999995,0.6599999999999999,35.13839999999999,34.6,0.0,0.0,198.7,23861.0,45140.0,17.1,8.6,82.0,30.089999999999996,13.55,8.0,130.0,0.3,0.6831161155867987
2026-04-29T08:00:30,04/29/202608:00,99.59,0.52,51.78680000000001,53.27,0.6699999999999999,35.6909,35.2,0.0,0.0,198.7,23861.0,45140.0,17.1,8.6,82.0,30.089999999999996,13.55,8.0,130.0,0.3,0.6891891370001622
2026-04-29T08:01:00,04/29/202608:01,100.26,0.52,52.135200000000005,53.3,0.6799999999999999,36.24399999999999,35.8,0.0,0.0,198.7,23861.0,45140.0,17.1,8.6,82.0,30.089999999999996,13.55,8.0,130.0,0.3,0.6951924995012965
2026-04-29T08:01:30,04/29/202608:01,100.92999999999999,0.51,51.4743,53.32000000000001,0.69,36.790800000000004,36.4,0.0,0.0,198.7,23861.0,45140.0,17.1,8.620000000000001,81.8,30.089999999999996,13.606,8.3,134.2,0.31,0.7147411426673117
2026-04-29T08:03:11,04/29/202608:03,101.53999999999999,0.5,50.769999999999996,53.36,0.7,37.352,37.0,0.0,0.0,198.7,23861.0,45140.0,17.1,8.64,81.6,30.089999999999996,13.662,8.6,138.4,0.32,0.7357100649990151
2026-04-29T08:03:30,04/29/202608:03,102.35,0.51,52.198499999999996,53.4,0.7,37.379999999999995,37.0,0.0,0.0,198.7,23861.0,45140.0,17.1,8.66,81.4,30.089999999999996,13.718,8.9,142.6,0.32999999999999996,0.7161125319693095
2026-04-29T08:04:00,04/29/202608:04,103.16,0.52,53.6432,53.44,0.7,37.407999999999994,37.0,0.0,0.0,198.7,23861.0,45140.0,17.1,8.68,81.2,30.089999999999996,13.774000000000001,9.2,146.8,0.33999999999999997,0.6973484057625197
2026-04-29T08:04:29,04/29/202608:04,103.96,0.53,55.0988,53.470000000000006,0.7,37.429,37.0,0.0,0.0,198.7,23861.0,45140.0,17.1,8.7,81.0,30.089999999999996,13.830000000000002,9.5,151.0,0.35,0.679306990351877
2026-04-29T08:05:01,04/29/202608:05,104.75999999999999,0.54,56.5704,53.5,0.7,37.449999999999996,37.0,0.0,0.0,198.7,23861.0,45140.0,17.1,8.72,80.8,30.089999999999996,13.886000000000001,9.8,155.2,0.36,0.6620069859856037
2026-04-29T08:05:30,04/29/202608:05,105.57000000000001,0.54,57.00780000000001,53.529999999999994,0.71,38.006299999999996,37.5,0.0,0.0,198.7,23861.0,45140.0,17.1,8.74,80.6,30.089999999999996,13.941999999999998,10.1,159.4,0.37,0.6666859622718293
2026-04-29T08:06:00,04/29/202608:06,106.38,0.54,57.4452,53.56,0.72,38.5632,38.0,0.0,0.0,198.7,23861.0,45140.0,17.1,8.760000000000002,80.4,30.089999999999996,13.998,10.4,163.6,0.38,0.6713041298489691
2026-04-29T08:06:29,04/29/202608:06,106.41,0.55,58.5255,53.6,0.73,39.128,38.6,0.0,0.0,198.7,23861.0,45140.0,17.1,8.780000000000001,80.2,30.089999999999996,14.053999999999998,10.7,167.8,0.39,0.6685632758370283
2026-04-29T08:07:01,04/29/202608:07,106.44000000000001,0.5599999999999999,59.6064,53.64,0.74,39.693599999999996,39.2,0.0,0.0,198.7,23861.0,45140.0,17.1,8.8,80.0,30.089999999999996,14.11,11.0,172.0,0.4,0.6659284909003059
2026-04-29T08:07:30,04/29/202608:07,106.47999999999999,0.58,61.75839999999999,53.67,0.75,40.2525,39.8,0.0,0.0,198.7,23861.0,45140.0,17.1,8.8,80.0,30.089999999999996,14.11,11.0,172.0,0.4,0.6517736858467836
2026-04-29T08:08:00,04/29/202608:08,106.58,0.6,63.94799999999999,53.67999999999999,0.76,40.7968,40.4,0.0,0.0,198.7,23861.0,45140.0,17.1,8.8,80.0,30.089999999999996,14.11,11.0,172.0,0.4,0.6379683492837931
2026-04-29T08:08:30,04/29/202608:08,106.72999999999999,0.6,64.038,53.71,0.77,41.356700000000004,41.0,0.0,0.0,198.7,23861.0,45140.0,17.1,8.8,80.0,30.089999999999996,14.11,11.0,172.0,0.4,0.6458149848527438
2026-04-29T08:09:00,04/29/202608:09,106.88,0.6,64.128,53.739999999999995,0.78,41.917199999999994,41.6,0.0,0.0,198.7,23861.0,45140.0,17.1,8.8,80.0,30.089999999999996,14.11,11.0,172.0,0.4,0.6536489520958083
2026-04-29T08:09:30,04/29/202608:09,107.47999999999999,0.59,63.41319999999999,53.760000000000005,0.78,41.93280000000001,41.6,0.0,0.0,198.7,23861.0,45140.0,17.1,8.8,80.0,30.089999999999996,14.11,11.0,172.0,0.4,0.661262954716053
2026-04-29T08:10:00,04/29/202608:10,108.08,0.58,62.68639999999999,53.779999999999994,0.78,41.9484,41.6,0.0,0.0,198.7,23861.0,45140.0,17.1,8.8,80.0,30.089999999999996,14.11,11.0,172.0,0.4,0.6691786416192349
2026-04-29T08:10:29,04/29/202608:10,108.6,0.5700000000000001,61.902,53.8,0.77,41.426,41.1,0.0,0.0,198.7,23861.0,45140.0,17.1,8.8,80.0,30.089999999999996,14.11,11.0,172.0,0.4,0.6692190882362444
2026-04-29T08:11:01,04/29/202608:11,109.12,0.5599999999999999,61.1072,53.82000000000001,0.76,40.903200000000005,40.6,0.0,0.0,198.7,23861.0,45140.0,17.1,8.8,80.0,30.089999999999996,14.11,11.0,172.0,0.4,0.6693679304566402
2026-04-29T08:11:30,04/29/202608:11,109.49000000000001,0.55,60.21950000000001,53.83,0.75,40.3725,40.0,0.0,0.0,198.7,23861.0,45140.0,17.1,8.8,80.0,30.089999999999996,14.11,11.0,172.0,0.4,0.6704223714909622
2026-04-29T08:12:00,04/29/202608:12,109.85999999999999,0.54,59.3244,53.839999999999996,0.74,39.8416,39.4,0.0,0.0,198.7,23861.0,45140.0,17.1,8.8,80.0,30.089999999999996,14.11,11.0,172.0,0.4,0.6715887560599012
2026-04-29T08:12:30,04/29/202608:12,109.89000000000001,0.53,58.24170000000001,53.870000000000005,0.73,39.3251,38.8,0.0,0.0,198.7,23861.0,45140.0,17.1,8.8,80.0,30.089999999999996,14.11,11.0,172.0,0.4,0.6752052223750336
2026-04-29T08:13:00,04/29/202608:13,109.92,0.52,57.1584,53.9,0.72,38.808,38.2,0.0,0.0,198.7,23861.0,45140.0,17.1,8.8,80.0,30.089999999999996,14.11,11.0,172.0,0.4,0.6789553241518307
2026-04-29T08:14:23,04/29/202608:14,110.02000000000001,0.51,56.110200000000006,53.910000000000004,0.71,38.2761,37.6,0.0,0.0,198.7,23861.0,45140.0,17.1,8.8,80.0,30.089999999999996,14.11,11.0,172.0,0.4,0.6821593934792604
2026-04-29T08:14:30,04/29/202608:14,110.13,0.51,56.1663,53.92,0.71,38.2832,37.6,0.0,0.0,198.7,23861.0,45140.0,17.1,8.8,80.0,30.089999999999996,14.11,11.0,172.0,0.4,0.6816044496432915
2026-04-29T08:15:00,04/29/202608:15,109.78,0.52,57.0856,53.94,0.72,38.8368,38.2,0.0,0.0,198.7,23861.0,45140.0,17.1,8.8,80.0,30.089999999999996,14.11,11.0,172.0,0.4,0.6803256863377103
2026-04-29T08:15:30,04/29/202608:15,109.41,0.53,57.9873,53.970000000000006,0.73,39.39810000000001,38.8,0.0,0.0,198.7,23861.0,45140.0,17.1,8.8,80.0,30.089999999999996,14.11,11.0,172.0,0.4,0.6794263571506176
2026-04-29T08:16:00,04/29/202608:16,109.1,0.54,58.914,53.989999999999995,0.74,39.9526,39.4,0.0,0.0,198.7,23861.0,45140.0,17.1,8.8,80.0,30.089999999999996,14.11,11.0,172.0,0.4,0.6781512034490952
2026-04-29T08:16:30,04/29/202608:16,108.75,0.55,59.81250000000001,54.010000000000005,0.76,41.0476,40.5,0.0,0.0,198.7,23861.0,45140.0,17.1,8.830000000000002,79.8,30.089999999999996,14.122,11.2,177.0,0.43,0.686271264367816
2026-04-29T08:17:00,04/29/202608:17,108.39000000000001,0.5599999999999999,60.6984,54.029999999999994,0.78,42.1434,41.6,0.0,0.0,198.7,23861.0,45140.0,17.1,8.860000000000001,79.6,30.089999999999996,14.134,11.4,182.0,0.45999999999999996,0.694308251947333
2026-04-29T08:17:30,04/29/202608:17,108.04,0.5700000000000001,61.58280000000001,54.06,0.8,43.248000000000005,42.7,0.0,0.0,198.7,23861.0,45140.0,17.1,8.89,79.4,30.089999999999996,14.146,11.6,187.0,0.49000000000000005,0.7022740115746604
2026-04-29T08:18:01,04/29/202608:18,108.00999999999999,0.58,62.64579999999999,54.08,0.82,44.3456,43.8,0.0,0.0,198.7,23861.0,45140.0,17.1,8.92,79.2,30.089999999999996,14.157999999999998,11.8,192.0,0.52,0.7078782615913598
2026-04-29T08:18:30,04/29/202608:18,107.24000000000001,0.61,65.41640000000001,54.11,0.85,45.9935,45.5,0.0,0.0,198.7,23861.0,45140.0,17.1,8.95,79.0,30.089999999999996,14.169999999999998,12.0,197.0,0.55,0.7030882164105635
2026-04-29T08:19:00,04/29/202608:19,106.46,0.64,68.1344,54.14,0.8800000000000001,47.64320000000001,47.2,0.0,0.0,198.7,23861.0,45140.0,17.1,8.98,78.8,30.089999999999996,14.181999999999999,12.2,202.0,0.58,0.6992532406537668
2026-04-29T08:19:30,04/29/202608:19,107.0,0.65,69.55,54.17,0.9099999999999999,49.2947,48.8,0.0,0.0,198.7,23861.0,45140.0,17.1,9.01,78.6,30.089999999999996,14.193999999999999,12.4,207.0,0.61,0.7087663551401869
2026-04-29T08:20:01,04/29/202608:20,107.54,0.6599999999999999,70.9764,54.2,0.9400000000000001,50.94800000000001,50.4,0.0,0.0,198.7,23861.0,45140.0,17.1,9.040000000000001,78.4,30.089999999999996,14.206,12.6,212.0,0.6399999999999999,0.7178160628039744
2026-04-29T08:20:30,04/29/202608:20,108.12,0.6799999999999999,73.52159999999999,54.239999999999995,0.9700000000000001,52.6128,52.0,0.0,0.0,198.7,23861.0,45140.0,17.1,9.07,78.2,30.089999999999996,14.218,12.8,217.0,0.6699999999999999,0.7156101064177058
2026-04-29T08:21:00,04/29/202608:21,108.7,0.7,76.09,54.279999999999994,1.0,54.279999999999994,53.6,0.0,0.0,198.7,23861.0,45140.0,17.1,9.1,78.0,30.089999999999996,14.23,13.0,222.0,0.7,0.7133657510842423
2026-04-29T08:21:30,04/29/202608:21,109.30999999999999,0.71,77.61009999999999,54.32000000000001,1.03,55.94960000000001,55.3,0.0,0.0,198.7,23861.0,45140.0,17.1,9.120000000000001,78.0,30.089999999999996,14.224,12.9,223.0,0.7,0.7209061707174713
2026-04-29T08:21:46,04/29/202608:21,109.92,0.73,80.2416,54.35,1.06,57.611000000000004,57.0,0.0,0.0,198.7,23861.0,45140.0,17.1,9.14,78.0,30.089999999999996,14.218,12.8,224.0,0.7,0.7179692329165919
2026-04-29T08:22:01,04/29/202608:22,110.52000000000001,0.75,82.89000000000001,54.370000000000005,1.09,59.26330000000001,58.7,0.0,0.0,198.7,23861.0,45140.0,17.1,9.16,78.0,30.089999999999996,14.212,12.7,225.0,0.7,0.7149632042465919
2026-04-29T08:22:46,04/29/202608:22,112.4,0.76,85.424,54.4,1.1300000000000001,61.472,60.9,0.0,0.0,198.7,23861.0,45140.0,17.1,9.18,78.0,30.089999999999996,14.206,12.6,226.0,0.7,0.7196104139351939
2026-04-29T08:23:00,04/29/202608:23,115.02000000000001,0.75,86.26500000000001,54.42,1.16,63.127199999999995,62.5,0.0,0.0,198.7,23861.0,45140.0,17.1,9.2,78.0,30.089999999999996,14.2,12.5,227.0,0.7,0.7317822987306554
2026-04-29T08:23:46,04/29/202608:23,117.15,0.75,87.86250000000001,54.44,1.2,65.32799999999999,64.7,0.0,0.0,198.7,23861.0,45140.0,17.1,9.22,78.0,30.089999999999996,14.125,12.4,228.0,0.7,0.7435253947930002
2026-04-29T08:24:01,04/29/202608:24,117.95,0.76,89.64200000000001,54.46,1.23,66.9858,66.4,0.0,0.0,198.7,23861.0,45140.0,17.1,9.24,78.0,30.089999999999996,14.05,12.3,229.0,0.7,0.7472590972981414
2026-04-29T08:25:39,04/29/202608:25,118.65,0.76,90.174,54.48,1.25,68.1,67.5,0.0,0.0,198.7,23861.0,45140.0,17.1,9.260000000000002,78.0,30.089999999999996,13.975,12.2,230.0,0.7,0.7552066005722269
2026-04-29T08:26:00,04/29/202608:26,119.33,0.75,89.4975,54.48,1.27,69.1896,68.6,0.0,0.0,198.7,23861.0,45140.0,17.1,9.280000000000001,78.0,30.089999999999996,13.9,12.1,231.0,0.7,0.7730897511103662
2026-04-29T08:26:38,04/29/202608:26,120.09,0.75,90.0675,54.48,1.28,69.7344,69.2,0.0,0.0,198.7,23861.0,45140.0,17.1,9.3,78.0,30.089999999999996,13.825,12.0,232.0,0.7,0.7742459821800316
2026-04-29T08:27:01,04/29/202608:27,120.85999999999999,0.76,91.85359999999999,54.48,1.28,69.7344,69.2,0.0,0.0,198.7,23861.0,45140.0,17.1,9.3,78.0,30.089999999999996,13.756,12.0,232.0,0.7,0.7591907121767683
2026-04-29T08:27:38,04/29/202608:27,121.62,0.76,92.4312,54.48,1.27,69.1896,68.6,0.0,0.0,198.7,23861.0,45140.0,17.1,9.3,78.0,30.089999999999996,13.687000000000001,12.0,232.0,0.7,0.7485524368395087
2026-04-29T08:27:51,04/29/202608:27,121.57000000000001,0.6799999999999999,82.6676,54.489999999999995,1.22,66.47779999999999,65.9,0.0,0.0,198.7,23861.0,45140.0,17.1,9.3,78.0,30.089999999999996,13.618,12.0,232.0,0.7,0.8041578562822677
2026-04-29T08:28:00,04/29/202608:28,120.24000000000001,0.61,73.3464,54.489999999999995,1.16,63.20839999999999,62.7,0.0,0.0,198.7,23861.0,45140.0,17.1,9.3,78.0,30.089999999999996,13.549000000000001,12.0,232.0,0.7,0.8617791738926517
2026-04-29T08:28:51,04/29/202608:28,119.57000000000001,0.62,74.13340000000001,54.48,1.15,62.651999999999994,62.2,0.0,0.0,198.7,23861.0,45140.0,17.1,9.3,78.0,30.089999999999996,13.48,12.0,232.0,0.7,0.8451251392759537
2026-04-29T08:29:01,04/29/202608:29,119.39000000000001,0.62,74.02180000000001,54.470000000000006,1.1300000000000001,61.55110000000001,61.1,0.0,0.0,198.7,23861.0,45140.0,17.1,9.3,78.0,30.089999999999996,13.48,12.0,232.0,0.7,0.8315266583628067
2026-04-29T08:30:00,04/29/202608:30,119.21,0.62,73.91019999999999,54.470000000000006,1.1099999999999999,60.4617,60.0,0.0,0.0,198.7,23861.0,45140.0,17.1,9.3,78.0,30.089999999999996,13.48,12.0,232.0,0.7,0.8180427058782145
2026-04-29T08:30:51,04/29/202608:30,117.87,0.55,64.8285,54.46,1.06,57.7276,57.3,0.0,0.0,198.7,23861.0,45140.0,17.1,9.3,78.0,30.089999999999996,13.48,12.0,232.0,0.7,0.8904663843834116
2026-04-29T08:31:01,04/29/202608:31,116.53,0.4800000000000001,55.93440000000001,54.45,1.01,54.9945,54.6,0.0,0.0,198.7,23861.0,45140.0,17.1,9.3,78.0,30.089999999999996,13.48,12.0,232.0,0.7,0.98319638719643
2026-04-29T08:31:51,04/29/202608:31,115.47,0.5,57.735,54.44,1.04,56.6176,56.2,0.0,0.0,198.7,23861.0,45140.0,17.1,9.32,77.9,30.087,13.511000000000001,12.1,237.3,0.73,0.9806460552524466
2026-04-29T08:32:00,04/29/202608:32,114.41,0.52,59.4932,54.42999999999999,1.0699999999999998,58.240099999999984,57.8,0.0,0.0,198.7,23861.0,45140.0,17.1,9.34,77.8,30.083999999999996,13.542000000000002,12.2,242.6,0.76,0.9789370886084457
2026-04-29T08:32:52,04/29/202608:32,112.57000000000001,0.54,60.78780000000001,54.44,1.09,59.339600000000004,58.9,0.0,0.0,198.7,23861.0,45140.0,17.1,9.360000000000001,77.7,30.081,13.572999999999999,12.3,247.9,0.7899999999999999,0.9761761406071612
2026-04-29T08:33:01,04/29/202608:33,111.54,0.64,71.38560000000001,54.44,1.15,62.605999999999995,62.1,0.0,0.0,198.7,23861.0,45140.0,17.1,9.38,77.6,30.077999999999996,13.604,12.4,253.2,0.82,0.8770116101846869
2026-04-29T08:33:51,04/29/202608:33,110.39000000000001,0.74,81.68860000000001,54.42999999999999,1.23,66.9489,66.4,0.0,0.0,198.7,23861.0,45140.0,17.1,9.4,77.5,30.075,13.635,12.5,258.5,0.85,0.8195623379516846
2026-04-29T08:34:00,04/29/202608:34,108.58,0.76,82.5208,54.42999999999999,1.26,68.58179999999999,68.0,0.0,0.0,198.7,23861.0,45140.0,17.1,9.42,77.4,30.071999999999996,13.666,12.6,263.8,0.8800000000000001,0.8310850112941222
2026-04-29T08:34:52,04/29/202608:34,108.05,0.78,84.279,54.42999999999999,1.3800000000000001,75.1134,74.5,0.0,0.0,198.7,23861.0,45140.0,17.1,9.440000000000001,77.3,30.069,13.697,12.7,269.1,0.9099999999999999,0.8912469298401737
2026-04-29T08:35:01,04/29/202608:35,107.52000000000001,0.8,86.01600000000002,54.42,1.5,81.63,81.0,0.0,0.0,198.7,23861.0,45140.0,17.1,9.459999999999999,77.2,30.065999999999995,13.728,12.8,274.4,0.9400000000000001,0.9490094866071426
2026-04-29T08:36:45,04/29/202608:36,109.37,0.9199999999999999,100.62039999999999,54.42999999999999,1.6300000000000001,88.7209,88.1,0.0,0.0,198.7,23861.0,45140.0,17.1,9.48,77.1,30.063,13.759,12.9,279.7,0.97,0.8817386931477117
2026-04-29T08:36:51,04/29/202608:36,110.04,1.04,114.44160000000001,54.4,1.8,97.92,97.3,0.0,0.0,198.7,23861.0,45140.0,17.1,9.5,77.0,30.059999999999995,13.789999999999997,13.0,285.0,1.0,0.8556329167016189
2026-04-29T08:37:01,04/29/202608:37,110.35,1.06,116.971,54.370000000000005,1.9,103.303,102.7,0.0,0.0,198.7,23861.0,45140.0,17.1,9.5,77.0,30.059999999999995,13.789999999999997,13.0,285.0,1.0,0.8831505244889758
2026-04-29T08:37:51,04/29/202608:37,111.13,1.08,120.02040000000001,54.35,1.9600000000000002,106.52600000000001,105.9,0.0,1.0,198.7,23861.0,45140.0,17.1,9.5,77.0,30.059999999999995,13.789999999999997,13.0,285.0,1.0,0.8875657804839844
2026-04-29T08:38:00,04/29/202608:38,112.7,1.1,123.97000000000001,54.32000000000001,2.04,110.81280000000001,110.2,0.0,1.0,198.7,23861.0,45140.0,17.1,9.5,77.0,30.059999999999995,13.789999999999997,13.0,285.0,1.0,0.8938678712591756
2026-04-29T08:38:51,04/29/202608:38,113.45,1.1199999999999999,127.064,54.27,2.15,116.6805,116.1,0.0,1.0,198.7,23861.0,45140.0,17.1,9.5,77.0,30.059999999999995,13.789999999999997,13.0,285.0,1.0,0.9182813385380596
2026-04-29T08:39:01,04/29/202608:39,114.32000000000001,1.1400000000000001,130.3248,54.23,2.2399999999999998,121.47519999999999,120.9,0.0,1.0,198.7,23861.0,45140.0,17.1,9.5,77.0,30.059999999999995,13.789999999999997,13.0,285.0,1.0,0.932095809853535
2026-04-29T08:39:51,04/29/202608:39,117.15,1.15,134.7225,54.2,2.3,124.66,124.1,0.0,1.0,198.7,23861.0,45140.0,17.1,9.5,77.0,30.059999999999995,13.789999999999997,13.0,285.0,1.0,0.9253094323516858
2026-04-29T08:40:00,04/29/202608:40,118.7,1.16,137.692,54.17,2.27,122.9659,122.4,0.0,1.0,198.7,23861.0,45140.0,17.1,9.5,77.0,30.059999999999995,13.789999999999997,13.0,285.0,1.0,0.8930504313976121
2026-04-29T08:40:52,04/29/202608:40,120.24000000000001,1.17,140.6808,54.14,2.23,120.7322,120.2,0.0,1.0,198.7,23861.0,45140.0,17.1,9.5,77.0,30.059999999999995,13.789999999999997,13.0,285.0,1.0,0.8581995553053438
2026-04-29T08:41:00,04/29/202608:41,120.66,1.16,139.9656,54.1,2.2199999999999998,120.10199999999999,119.6,0.0,1.0,198.7,23861.0,45140.0,17.1,9.5,77.0,30.059999999999995,13.789999999999997,13.0,285.0,1.0,0.8580822716438896
2026-04-29T08:41:51,04/29/202608:41,122.25,1.15,140.58749999999998,54.1,2.17,117.397,116.9,0.0,1.0,198.7,23861.0,45140.0,17.1,9.5,77.0,30.059999999999995,13.789999999999997,13.0,285.0,1.0,0.8350457899884416
2026-04-29T08:42:00,04/29/202608:42,123.84,1.1400000000000001,141.1776,54.1,2.12,114.69200000000001,114.2,0.0,1.0,198.7,23861.0,45140.0,17.1,9.5,77.0,30.059999999999995,13.789999999999997,13.0,285.0,1.0,0.8123951675053266
2026-04-29T08:42:52,04/29/202608:42,124.44000000000001,1.12,139.37280000000004,54.089999999999996,2.1399999999999997,115.75259999999997,115.3,0.0,1.0,198.7,23861.0,45140.0,17.1,9.5,77.0,30.059999999999995,13.789999999999997,13.0,285.0,1.0,0.8305250378840057
2026-04-29T08:43:00,04/29/202608:43,125.04,1.1,137.544,54.08,2.16,116.81280000000001,116.4,0.0,1.0,198.7,23861.0,45140.0,17.1,9.5,77.0,30.059999999999995,13.789999999999997,13.0,285.0,1.0,0.8492758680858489
2026-04-29T08:43:51,04/29/202608:43,126.67,1.09,138.0703,54.089999999999996,2.13,115.2117,114.8,0.0,1.0,198.7,23861.0,45140.0,17.1,9.5,77.0,30.059999999999995,13.789999999999997,13.0,285.0,1.0,0.8344423094611947
2026-04-29T08:44:01,04/29/202608:44,128.3,1.08,138.56400000000002,54.1,2.1,113.61000000000001,113.2,0.0,1.0,198.7,23861.0,45140.0,17.1,9.5,77.0,30.059999999999995,13.789999999999997,13.0,285.0,1.0,0.8199099333160128
2026-04-29T08:44:51,04/29/202608:44,127.97999999999999,1.07,136.9386,54.1,2.1,113.61000000000001,113.2,0.0,1.0,198.7,23861.0,45140.0,17.1,9.5,77.0,30.059999999999995,13.789999999999997,13.0,285.0,1.0,0.8296418979016874
2026-04-29T08:45:00,04/29/202608:45,127.66,1.06,135.3196,54.1,2.1,113.61000000000001,113.2,0.0,1.0,198.7,23861.0,45140.0,17.1,9.5,77.0,30.059999999999995,13.789999999999997,13.0,285.0,1.0,0.8395679561571273
2026-04-29T08:45:52,04/29/202608:45,127.35,1.06,134.991,54.11,2.1100000000000003,114.17210000000001,113.7,0.0,1.0,198.7,23861.0,45140.0,17.1,9.540000000000001,76.8,30.059999999999995,13.789999999999997,13.4,286.2,1.04,0.8457756443022127
2026-04-29T08:46:01,04/29/202608:46,127.04,1.06,134.66240000000002,54.120000000000005,2.12,114.73440000000002,114.2,0.0,1.0,198.7,23861.0,45140.0,17.1,9.58,76.6,30.059999999999995,13.789999999999997,13.8,287.4,1.08,0.852015113350126
2026-04-29T08:47:57,04/29/202608:47,126.41,1.05,132.7305,54.13000000000001,2.09,113.13170000000001,112.6,0.0,1.0,198.7,23861.0,45140.0,17.1,9.620000000000001,76.4,30.059999999999995,13.789999999999997,14.2,288.6,1.1199999999999999,0.852341398548186
2026-04-29T08:48:01,04/29/202608:48,125.78,1.04,130.8112,54.14,2.06,111.5284,111.0,0.0,1.0,198.7,23861.0,45140.0,17.1,9.66,76.2,30.059999999999995,13.789999999999997,14.6,289.8,1.16,0.8525906038626662
2026-04-29T08:48:54,04/29/202608:48,125.95,1.03,129.7285,54.14,1.9899999999999998,107.73859999999999,107.2,0.0,1.0,198.7,23861.0,45140.0,17.1,9.7,76.0,30.059999999999995,13.789999999999997,15.0,291.0,1.2,0.8304929140474143
2026-04-29T08:49:00,04/29/202608:49,126.12,1.02,128.6424,54.14,1.92,103.94879999999999,103.4,0.0,1.0,198.7,23861.0,45140.0,17.1,9.74,75.8,30.059999999999995,13.789999999999997,15.4,292.2,1.2399999999999998,0.8080446260330962
2026-04-29T08:49:54,04/29/202608:49,125.85,1.0,125.85,54.14,1.8699999999999999,101.2418,100.7,0.0,1.0,198.7,23861.0,45140.0,17.1,9.78,75.6,30.059999999999995,13.789999999999997,15.8,293.4,1.2799999999999998,0.8044640444974176
2026-04-29T08:50:01,04/29/202608:50,125.58,0.9800000000000001,123.06840000000001,54.14,1.8199999999999998,98.53479999999999,98.0,0.0,1.0,198.7,23861.0,45140.0,17.1,9.82,75.4,30.059999999999995,13.789999999999997,16.2,294.6,1.3199999999999998,0.8006506950606328
2026-04-29T08:50:54,04/29/202608:50,124.97,0.96,119.9712,54.14,1.7400000000000002,94.20360000000001,93.7,0.0,1.0,198.7,23861.0,45140.0,17.1,9.860000000000001,75.2,30.059999999999995,13.789999999999997,16.6,295.8,1.3599999999999999,0.7852184524285829
2026-04-29T08:51:00,04/29/202608:51,124.35999999999999,0.9400000000000001,116.8984,54.14,1.6600000000000001,89.87240000000001,89.4,0.0,1.0,198.7,23861.0,45140.0,17.1,9.9,75.0,30.059999999999995,13.789999999999997,17.0,297.0,1.4,0.7688077852220391
2026-04-29T08:51:54,04/29/202608:51,123.07000000000001,0.9099999999999999,111.99369999999999,54.13000000000001,1.57,84.98410000000001,84.5,0.0,1.0,198.7,23861.0,45140.0,17.1,9.9,75.0,30.059999999999995,13.789999999999997,17.0,297.0,1.4,0.7588292912904924
2026-04-29T08:52:00,04/29/202608:52,121.78,0.8800000000000001,107.16640000000001,54.120000000000005,1.48,80.0976,79.6,0.0,1.0,198.7,23861.0,45140.0,17.1,9.9,75.0,30.059999999999995,13.789999999999997,17.0,297.0,1.4,0.7474133683691903
2026-04-29T08:53:00,04/29/202608:53,120.82000000000001,0.86,103.90520000000001,54.11,1.4300000000000002,77.3773,76.8,0.0,1.0,198.7,23861.0,45140.0,17.1,9.9,75.0,30.059999999999995,13.789999999999997,17.0,297.0,1.4,0.7446913147753914
2026-04-29T08:54:00,04/29/202608:54,119.85999999999999,0.8400000000000001,100.6824,54.089999999999996,1.3800000000000001,74.6442,74.0,0.0,1.0,198.7,23861.0,45140.0,17.1,9.9,75.0,30.059999999999995,13.789999999999997,17.0,297.0,1.4,0.7413828037472289
2026-04-29T08:55:01,04/29/202608:55,118.62,0.8300000000000001,98.45460000000001,54.089999999999996,1.34,72.4806,71.8,0.0,1.0,198.7,23861.0,45140.0,17.1,9.9,75.0,30.059999999999995,13.789999999999997,17.0,297.0,1.4,0.7361829716437829
2026-04-29T08:55:54,04/29/202608:55,117.38,0.8200000000000001,96.25160000000001,54.089999999999996,1.31,70.8579,70.2,0.0,1.0,198.7,23861.0,45140.0,17.1,9.9,75.2,30.059999999999995,13.789999999999997,17.0,297.0,1.4,0.7361737363326947
2026-04-29T08:56:00,04/29/202608:56,116.37,0.8099999999999999,94.2597,54.089999999999996,1.28,69.23519999999999,68.6,0.0,1.0,198.7,23861.0,45140.0,17.1,9.9,75.4,30.059999999999995,13.789999999999997,17.0,297.0,1.4,0.7345153867453429
2026-04-29T08:56:54,04/29/202608:56,115.8,0.8,92.64,54.089999999999996,1.25,67.6125,67.0,0.0,1.0,198.7,23861.0,45140.0,17.1,9.9,75.6,30.059999999999995,13.789999999999997,17.0,297.0,1.4,0.7298413212435233
2026-04-29T08:57:01,04/29/202608:57,115.55999999999999,0.8,92.448,54.089999999999996,1.25,67.6125,67.0,0.0,1.0,198.7,23861.0,45140.0,17.1,9.9,75.8,30.059999999999995,13.789999999999997,17.0,297.0,1.4,0.7313570872274143
2026-04-29T08:57:54,04/29/202608:57,116.08,0.78,90.5424,54.089999999999996,1.25,67.6125,67.0,0.0,1.0,198.7,23861.0,45140.0,17.1,9.9,76.0,30.059999999999995,13.789999999999997,17.0,297.0,1.4,0.7467495891427662
2026-04-29T08:59:09,04/29/202608:59,116.9,0.77,90.013,54.089999999999996,1.25,67.6125,67.1,0.0,1.0,198.7,23861.0,45140.0,17.1,9.9,76.2,30.059999999999995,13.789999999999997,17.0,297.0,1.4,0.7511415017830757
2026-04-29T08:59:54,04/29/202608:59,117.37,0.75,88.0275,54.089999999999996,1.24,67.07159999999999,66.6,0.0,1.0,198.7,23861.0,45140.0,17.1,9.9,76.4,30.059999999999995,13.789999999999997,17.0,297.0,1.4,0.761939166737667
2026-04-29T09:00:00,04/29/202609:00,117.84,0.73,86.0232,54.089999999999996,1.23,66.5307,66.1,0.0,1.0,198.7,23861.0,45140.0,17.1,9.9,76.6,30.059999999999995,13.789999999999997,17.0,297.0,1.4,0.7734041514382166
2026-04-29T09:00:55,04/29/202609:00,118.1,0.73,86.213,54.1,1.23,66.543,66.1,0.0,1.0,198.7,23861.0,45140.0,17.1,9.93,76.7,30.063,13.789999999999997,17.3,300.8,1.42,0.771844153433937
2026-04-29T09:01:01,04/29/202609:01,118.35999999999999,0.73,86.40279999999998,54.1,1.23,66.543,66.1,0.0,1.0,198.7,23861.0,45140.0,17.1,9.959999999999999,76.8,30.065999999999995,13.789999999999997,17.6,304.6,1.44,0.7701486525899626
2026-04-29T09:01:54,04/29/202609:01,118.4,0.73,86.432,54.1,1.22,66.002,65.5,0.0,1.0,198.7,23861.0,45140.0,17.1,9.99,76.7,30.069,13.789999999999997,17.9,308.4,1.46,0.763629211403184
2026-04-29T09:02:00,04/29/202609:02,118.44000000000001,0.73,86.4612,54.1,1.21,65.461,64.9,0.0,1.0,198.7,23861.0,45140.0,17.1,10.02,76.6,30.071999999999996,13.789999999999997,18.2,312.2,1.48,0.757114173756552
2026-04-29T09:02:29,04/29/202609:02,118.79,0.73,86.7167,54.1,1.21,65.461,64.9,0.0,1.0,198.7,23861.0,45140.0,17.1,10.05,76.5,30.075,13.789999999999997,18.5,316.0,1.5,0.7548834307578586
2026-04-29T09:03:01,04/29/202609:03,119.14000000000001,0.73,86.97220000000002,54.1,1.21,65.461,64.9,0.0,1.0,198.7,23861.0,45140.0,17.1,10.08,76.4,30.077999999999996,13.789999999999997,18.8,319.8,1.52,0.7526657943572772
2026-04-29T09:03:28,04/29/202609:03,117.96,0.76,89.64959999999999,54.1,1.22,66.002,65.4,0.0,1.0,198.7,23861.0,45140.0,17.1,10.11,76.3,30.081,13.789999999999997,19.1,323.6,1.54,0.7362219128696614
2026-04-29T09:04:00,04/29/202609:04,117.16,0.78,91.3848,54.1,1.24,67.084,66.4,0.0,1.0,198.7,23861.0,45140.0,17.1,10.139999999999999,76.2,30.083999999999996,13.789999999999997,19.4,327.4,1.56,0.7340826920888376
2026-04-29T09:04:29,04/29/202609:04,117.95,0.8,94.36000000000001,54.1,1.28,69.248,68.6,0.0,1.0,198.7,23861.0,45140.0,17.1,10.169999999999998,76.1,30.087,13.789999999999997,19.7,331.2,1.58,0.733870284018652
2026-04-29T09:05:01,04/29/202609:05,118.74000000000001,0.8200000000000001,97.36680000000001,54.1,1.3199999999999998,71.41199999999999,70.8,0.0,1.0,198.7,23861.0,45140.0,17.1,10.2,76.0,30.089999999999996,13.789999999999997,20.0,335.0,1.6,0.7334327512047226
2026-04-29T09:05:11,04/29/202609:05,119.72999999999999,0.8200000000000001,98.1786,54.1,1.35,73.03500000000001,72.5,0.0,1.0,198.7,23861.0,45140.0,17.1,10.2,76.0,30.089999999999996,13.789999999999997,20.0,335.0,1.6,0.7438993833686772
2026-04-29T09:06:00,04/29/202609:06,120.72,0.8200000000000001,98.99040000000001,54.1,1.3800000000000001,74.658,74.2,0.0,1.0,198.7,23861.0,45140.0,17.1,10.2,76.0,30.089999999999996,13.789999999999997,20.0,335.0,1.6,0.7541943461184114
2026-04-29T09:07:01,04/29/202609:07,121.92999999999999,0.8200000000000001,99.9826,54.1,1.41,76.28099999999999,75.9,0.0,1.0,198.7,23861.0,45140.0,17.1,10.2,76.0,30.089999999999996,13.789999999999997,20.0,335.0,1.6,0.7629427520388546
2026-04-29T09:07:10,04/29/202609:07,123.07000000000001,0.8300000000000001,102.14810000000001,54.11,1.44,77.91839999999999,77.6,0.0,1.0,198.7,23861.0,45140.0,17.1,10.2,76.0,30.089999999999996,13.789999999999997,20.0,335.0,1.6,0.7627983290927582
2026-04-29T09:08:00,04/29/202609:08,123.46,0.8400000000000001,103.7064,54.120000000000005,1.46,79.01520000000001,78.7,0.0,1.0,198.7,23861.0,45140.0,17.1,10.2,76.0,30.089999999999996,13.789999999999997,20.0,335.0,1.6,0.7619124759899101
2026-04-29T09:08:10,04/29/202609:08,123.2,0.86,105.952,54.120000000000005,1.48,80.0976,79.8,0.0,1.0,198.7,23861.0,45140.0,17.1,10.2,76.0,30.089999999999996,13.789999999999997,20.0,335.0,1.6,0.7559800664451828
2026-04-29T09:09:01,04/29/202609:09,123.71,0.8700000000000001,107.6277,54.120000000000005,1.49,80.6388,80.4,0.0,1.0,198.7,23861.0,45140.0,17.1,10.2,76.0,30.089999999999996,13.789999999999997,20.0,335.0,1.6,0.7492383466338127
2026-04-29T09:10:21,04/29/202609:10,124.22999999999999,0.8800000000000001,109.3224,54.13000000000001,1.5,81.19500000000002,81.0,0.0,1.0,198.7,23861.0,45140.0,17.1,10.2,76.0,30.089999999999996,13.789999999999997,20.0,335.0,1.6,0.7427114662685783
2026-04-29T09:11:00,04/29/202609:11,123.50999999999999,0.9,111.15899999999999,54.14,1.5,81.21000000000001,81.0,0.0,1.0,198.7,23861.0,45140.0,17.1,10.2,76.0,30.089999999999996,13.789999999999997,20.0,335.0,1.6,0.7305751221223654
2026-04-29T09:11:11,04/29/202609:11,122.30999999999999,0.9099999999999999,111.30209999999998,54.14,1.49,80.6686,80.4,0.1,1.0,198.7,23861.0,45140.0,17.1,10.2,76.0,30.089999999999996,13.789999999999997,20.0,335.0,1.6,0.7247715901137536
2026-04-29T09:12:00,04/29/202609:12,121.12,0.9199999999999999,111.43039999999999,54.14,1.48,80.1272,79.8,0.1,1.0,198.7,23861.0,45140.0,17.1,10.2,76.0,30.089999999999996,13.789999999999997,20.0,335.0,1.6,0.719078456148412
2026-04-29T09:12:11,04/29/202609:12,120.47,0.9199999999999999,110.83239999999999,54.14,1.46,79.0444,78.7,0.1,1.0,198.7,23861.0,45140.0,17.0,10.2,76.0,30.089999999999996,13.789999999999997,20.0,335.0,1.6,0.7131885621893959
2026-04-29T09:13:00,04/29/202609:13,119.82000000000001,0.9199999999999999,110.2344,54.14,1.44,77.9616,77.6,0.1,1.0,198.7,23861.0,45140.0,17.0,10.2,76.0,30.089999999999996,13.789999999999997,20.0,335.0,1.6,0.7072347651912653
2026-04-29T09:13:10,04/29/202609:13,119.22999999999999,0.9099999999999999,108.49929999999998,54.13000000000001,1.41,76.3233,75.9,0.1,1.0,198.7,23861.0,45140.0,17.0,10.2,76.0,30.089999999999996,13.789999999999997,20.0,335.0,1.6,0.70344509135082
2026-04-29T09:14:01,04/29/202609:14,118.64000000000001,0.9,106.77600000000001,54.120000000000005,1.3800000000000001,74.68560000000001,74.3,0.1,1.0,198.7,23861.0,45140.0,17.1,10.2,76.0,30.089999999999996,13.789999999999997,20.0,335.0,1.6,0.6994605529332434
2026-04-29T09:14:40,04/29/202609:14,118.69000000000001,0.8699999999999999,103.2603,54.120000000000005,1.34,72.52080000000001,72.1,0.1,1.0,198.7,23861.0,45140.0,17.1,10.2,76.0,30.089999999999996,13.789999999999997,20.0,335.0,1.6,0.7023105685340834
2026-04-29T09:15:00,04/29/202609:15,118.74000000000001,0.8400000000000001,99.74160000000002,54.120000000000005,1.3,70.35600000000001,69.9,0.1,1.0,198.7,23861.0,45140.0,17.1,10.2,76.0,30.089999999999996,13.789999999999997,20.0,335.0,1.6,0.7053827089198489
2026-04-29T09:15:40,04/29/202609:15,118.74000000000001,0.8099999999999999,96.1794,54.11,1.26,68.1786,67.7,0.1,1.0,198.7,23861.0,45140.0,17.0,10.2,76.0,30.089999999999996,13.789999999999997,20.0,335.0,1.6,0.7088690509610166
2026-04-29T09:16:00,04/29/202609:16,118.74000000000001,0.78,92.61720000000001,54.1,1.22,66.002,65.5,0.1,1.0,198.7,23861.0,45140.0,17.0,10.2,76.0,30.089999999999996,13.789999999999997,20.0,335.0,1.6,0.7126322108636407
2026-04-29T09:16:41,04/29/202609:16,119.22,0.76,90.6072,54.1,1.19,64.379,63.9,0.1,1.0,198.7,23861.0,45140.0,17.0,10.239999999999998,75.8,30.089999999999996,13.797,20.3,340.3,1.6400000000000001,0.7105285231195755
2026-04-29T09:17:00,04/29/202609:17,119.7,0.74,88.578,54.1,1.1600000000000001,62.75600000000001,62.3,0.1,1.0,198.7,23861.0,45140.0,17.0,10.28,75.6,30.089999999999996,13.803999999999998,20.6,345.6,1.6800000000000002,0.7084829190092349
2026-04-29T09:17:40,04/29/202609:17,119.57000000000001,0.73,87.2861,54.1,1.15,62.214999999999996,61.7,0.1,2.0,198.7,23861.0,45140.0,17.0,10.319999999999999,75.4,30.089999999999996,13.810999999999998,20.9,350.9,1.72,0.7127709910283538
2026-04-29T09:18:00,04/29/202609:18,119.44000000000001,0.72,85.99680000000001,54.1,1.1400000000000001,61.67400000000001,61.1,0.1,2.0,198.7,23861.0,45140.0,17.0,10.36,75.2,30.089999999999996,13.818000000000001,21.2,356.2,1.7600000000000002,0.7171662201384238
2026-04-29T09:18:41,04/29/202609:18,119.4,0.71,84.774,54.1,1.1400000000000001,61.67400000000001,61.1,0.1,2.0,198.7,23861.0,45140.0,17.0,10.4,75.0,30.089999999999996,13.825,21.5,361.5,1.8,0.727510793403638
2026-04-29T09:19:00,04/29/202609:19,119.35999999999999,0.7,83.55199999999998,54.1,1.1400000000000001,61.67400000000001,61.0,0.1,2.0,198.7,23861.0,45140.0,17.0,10.44,74.8,30.089999999999996,13.831999999999999,21.8,366.8,1.8399999999999999,0.7381510915358103
2026-04-29T09:19:40,04/29/202609:19,119.32000000000001,0.7,83.524,54.1,1.15,62.214999999999996,61.5,0.1,2.0,198.7,23861.0,45140.0,17.1,10.48,74.6,30.089999999999996,13.838999999999999,22.1,372.1,1.8800000000000001,0.7448757243427039
2026-04-29T09:20:00,04/29/202609:20,119.28,0.7,83.496,54.1,1.16,62.756,62.0,0.1,2.0,198.7,23861.0,45140.0,17.1,10.52,74.4,30.089999999999996,13.845999999999998,22.4,377.4,1.92,0.7516048672990323
2026-04-29T09:21:32,04/29/202609:21,119.28,0.7,83.496,54.1,1.17,63.297,62.5,0.1,2.0,198.7,23861.0,45140.0,17.1,10.559999999999999,74.2,30.089999999999996,13.853,22.7,382.7,1.9600000000000002,0.7580842196033343
2026-04-29T09:21:40,04/29/202609:21,119.02000000000001,0.71,84.5042,54.1,1.16,62.756,62.0,0.1,2.0,198.7,23861.0,45140.0,17.0,10.6,74.0,30.089999999999996,13.86,23.0,388.0,2.0,0.7426376440460948
2026-04-29T09:22:00,04/29/202609:22,118.75999999999999,0.72,85.50719999999998,54.1,1.15,62.214999999999996,61.5,0.1,2.0,198.7,23861.0,45140.0,17.0,10.6,74.0,30.089999999999996,13.86,23.0,388.0,2.0,0.7275995471726359
2026-04-29T09:23:01,04/29/202609:23,118.5,0.73,86.505,54.1,1.1400000000000001,61.67400000000001,61.0,0.1,2.0,198.7,23861.0,45140.0,17.0,10.6,74.0,30.089999999999996,13.86,23.0,388.0,2.0,0.7129530084966188
2026-04-29T09:23:40,04/29/202609:23,118.46,0.73,86.47579999999999,54.1,1.1400000000000001,61.67400000000001,61.0,0.1,2.0,198.7,23861.0,45140.0,17.0,10.6,74.0,30.089999999999996,13.86,23.0,388.0,2.0,0.7131937490026112
2026-04-29T09:24:01,04/29/202609:24,118.42,0.73,86.4466,54.1,1.1400000000000001,61.67400000000001,61.0,0.1,2.0,198.7,23861.0,45140.0,17.0,10.6,74.0,30.089999999999996,13.86,23.0,388.0,2.0,0.7134346521436356
2026-04-29T09:24:41,04/29/202609:24,118.69000000000001,0.74,87.8306,54.1,1.1400000000000001,61.67400000000001,61.1,0.1,2.0,198.7,23861.0,45140.0,17.0,10.6,74.0,30.089999999999996,13.86,23.0,388.0,2.0,0.7021926299034733
2026-04-29T09:25:01,04/29/202609:25,118.96,0.75,89.22,54.1,1.1400000000000001,61.67400000000001,61.2,0.1,2.0,198.7,23861.0,45140.0,17.0,10.6,74.0,30.089999999999996,13.86,23.0,388.0,2.0,0.6912575655682583
2026-04-29T09:25:40,04/29/202609:25,118.60999999999999,0.76,90.14359999999999,54.1,1.15,62.214999999999996,61.8,0.1,2.0,198.7,23861.0,45140.0,17.0,10.6,74.0,30.089999999999996,13.86,23.0,388.0,2.0,0.6901765627288016
2026-04-29T09:26:01,04/29/202609:26,118.25999999999999,0.77,91.0602,54.1,1.16,62.756,62.4,0.1,2.0,198.7,23861.0,45140.0,17.0,10.6,74.0,30.089999999999996,13.86,23.0,388.0,2.0,0.6891704608599586
2026-04-29T09:26:40,04/29/202609:26,118.64000000000001,0.78,92.53920000000001,54.1,1.1800000000000002,63.83800000000001,63.5,0.1,2.0,198.7,23861.0,45140.0,17.0,10.6,74.0,30.089999999999996,13.86,23.0,388.0,2.0,0.6898481940626243
2026-04-29T09:27:01,04/29/202609:27,119.28,0.78,93.03840000000001,54.1,1.22,66.002,65.6,0.1,2.0,198.7,23861.0,45140.0,17.0,10.6,74.0,30.089999999999996,13.86,23.0,388.0,2.0,0.7094060087017833
2026-04-29T09:27:41,04/29/202609:27,120.05,0.78,93.639,54.1,1.26,68.166,67.7,0.1,2.0,198.7,23861.0,45140.0,17.0,10.6,74.0,30.089999999999996,13.86,23.0,388.0,2.0,0.7279659116393811
2026-04-29T09:28:01,04/29/202609:28,120.82000000000001,0.78,94.23960000000001,54.1,1.3,70.33,69.8,0.1,2.0,198.7,23861.0,45140.0,17.0,10.6,74.0,30.089999999999996,13.86,23.0,388.0,2.0,0.7462892457098713
2026-04-29T09:28:40,04/29/202609:28,120.52000000000001,0.8099999999999999,97.6212,54.1,1.3199999999999998,71.41199999999999,70.9,0.1,2.0,198.7,23861.0,45140.0,17.1,10.6,74.0,30.089999999999996,13.86,23.0,388.0,2.0,0.7315214318201373
2026-04-29T09:29:01,04/29/202609:29,120.22,0.8400000000000001,100.9848,54.1,1.3399999999999999,72.494,72.0,0.1,2.0,198.7,23861.0,45140.0,17.0,10.6,74.0,30.089999999999996,13.86,23.0,388.0,2.0,0.717870412180843
2026-04-29T09:29:47,04/29/202609:29,119.53,0.86,102.7958,54.1,1.3599999999999999,73.576,73.0,0.1,2.0,198.7,23861.0,45140.0,17.0,10.620000000000001,74.0,30.089999999999996,13.86,23.0,391.4,2.0,0.7157490870249562
2026-04-29T09:30:01,04/29/202609:30,118.84,0.8800000000000001,104.57920000000001,54.1,1.38,74.658,74.0,0.1,2.0,198.7,23861.0,45140.0,17.0,10.64,74.0,30.089999999999996,13.86,23.0,394.8,2.0,0.7138895688626418
2026-04-29T09:30:18,04/29/202609:30,118.79,0.9,106.911,54.1,1.39,75.199,74.5,0.1,2.0,198.7,23861.0,45140.0,17.0,10.66,74.0,30.089999999999996,13.922,22.9,398.2,2.0,0.7033794464554629
2026-04-29T09:31:01,04/29/202609:31,118.74000000000001,0.9199999999999999,109.2408,54.1,1.4,75.74,75.0,0.1,2.0,198.7,23861.0,45140.0,17.0,10.68,74.0,30.089999999999996,13.984,22.8,401.6,2.0,0.6933306969557161
2026-04-29T09:31:19,04/29/202609:31,117.97999999999999,0.93,109.7214,54.1,1.41,76.28099999999999,75.6,0.1,2.0,198.7,23861.0,45140.0,17.0,10.75,73.8,30.087,13.940000000000001,22.9,412.9,2.05,0.6952244502895515
2026-04-29T09:32:44,04/29/202609:32,117.29,0.95,111.4255,54.1,1.42,76.822,76.2,0.1,2.0,198.7,23861.0,45140.0,17.0,10.82,73.6,30.083999999999996,13.896,23.0,424.2,2.1,0.6894472091217899
2026-04-29T09:33:01,04/29/202609:33,116.47,0.97,112.9759,54.1,1.43,77.363,76.8,0.1,2.0,198.7,23861.0,45140.0,17.0,10.89,73.4,30.081,13.852,23.1,435.5,2.15,0.6847743633819249
2026-04-29T09:33:18,04/29/202609:33,115.66,0.99,114.5034,54.1,1.44,77.904,77.4,0.1,2.0,198.7,23861.0,45140.0,17.0,10.96,73.1,30.075,13.807999999999998,23.2,446.8,2.2,0.6803640765252386
2026-04-29T09:34:00,04/29/202609:34,115.77000000000001,0.99,114.6123,54.1,1.45,78.445,78.0,0.1,2.0,198.7,23861.0,45140.0,17.0,11.030000000000001,72.8,30.069,13.764,23.3,458.1,2.25,0.6844378831940375
2026-04-29T09:34:46,04/29/202609:34,116.9,0.9800000000000001,114.56200000000001,54.11,1.46,79.00059999999999,78.6,0.1,2.0,198.7,23861.0,45140.0,17.0,11.1,72.5,30.063,13.719999999999999,23.4,469.4,2.3,0.6895881705975802
2026-04-29T09:35:00,04/29/202609:35,118.03,0.97,114.4891,54.120000000000005,1.47,79.55640000000001,79.2,0.1,2.0,198.7,23861.0,45140.0,17.0,11.15,72.2,30.057,13.675999999999998,23.5,477.3,2.35,0.6948818708505876
2026-04-29T09:35:46,04/29/202609:35,119.17,0.96,114.4032,54.11,1.48,80.08279999999999,79.8,0.1,2.0,198.7,23861.0,45140.0,17.0,11.2,71.9,30.051,13.632,23.6,485.2,2.4,0.7000048949679729
2026-04-29T09:36:00,04/29/202609:36,120.3,0.95,114.285,54.1,1.49,80.609,80.4,0.1,2.0,198.7,23861.0,45140.0,17.0,11.25,71.6,30.044999999999998,13.526,23.8,493.1,2.45,0.7053331583322395
2026-04-29T09:37:00,04/29/202609:37,121.42999999999999,0.9400000000000001,114.1442,54.11,1.5,81.16499999999999,81.0,0.1,2.0,198.7,23861.0,45140.0,17.0,11.3,71.3,30.038999999999998,13.419999999999998,24.0,501.0,2.5,0.7110742376748007
2026-04-29T09:37:45,04/29/202609:37,121.44000000000001,0.9400000000000001,114.15360000000001,54.11,1.5,81.16499999999999,81.0,0.1,2.0,198.7,23861.0,45140.0,17.1,11.3,71.2,30.036,13.419999999999998,24.0,501.0,2.5,0.7110156841308551
2026-04-29T09:38:00,04/29/202609:38,121.38,0.93,112.8834,54.11,1.5,81.16499999999999,81.0,0.1,2.0,198.7,23861.0,45140.0,17.1,11.3,71.1,30.032999999999998,13.419999999999998,24.0,501.0,2.5,0.7190162592551251
2026-04-29T09:38:46,04/29/202609:38,121.32000000000001,0.9199999999999999,111.6144,54.11,1.51,81.7061,81.5,0.1,2.0,198.7,23861.0,45140.0,17.0,11.3,71.0,30.03,13.419999999999998,24.0,501.0,2.5,0.7320390558924297
2026-04-29T09:39:00,04/29/202609:39,121.25,0.9099999999999999,110.33749999999999,54.11,1.52,82.2472,82.0,0.1,2.0,198.7,23861.0,45140.0,17.0,11.3,71.0,30.03,13.419999999999998,24.0,501.0,2.5,0.7454147501982554
2026-04-29T09:40:00,04/29/202609:40,121.17999999999999,0.9,109.062,54.11,1.53,82.7883,82.5,0.1,2.0,198.7,23861.0,45140.0,17.0,11.3,71.0,30.03,13.419999999999998,24.0,501.0,2.5,0.7590939098861199
2026-04-29T09:40:46,04/29/202609:40,120.77000000000001,0.9,108.69300000000001,54.1,1.54,83.31400000000001,83.0,0.1,2.0,198.7,23861.0,45140.0,17.1,11.3,71.0,30.03,13.419999999999998,24.0,501.0,2.5,0.7665075027830679
2026-04-29T09:41:00,04/29/202609:41,120.35999999999999,0.9,108.32399999999998,54.089999999999996,1.55,83.8395,83.5,0.1,2.0,198.7,23861.0,45140.0,17.1,11.3,71.0,30.03,13.419999999999998,24.0,501.0,2.5,0.7739697573944834
2026-04-29T09:42:01,04/29/202609:42,119.94000000000001,0.9,107.94600000000001,54.1,1.56,84.396,84.0,0.1,2.0,198.7,23861.0,45140.0,17.0,11.3,71.0,30.03,13.419999999999998,24.0,501.0,2.5,0.7818353621255071
2026-04-29T09:43:55,04/29/202609:43,119.52000000000001,0.9,107.56800000000001,54.11,1.57,84.95270000000001,84.5,0.1,2.0,198.7,23861.0,45140.0,17.0,11.3,71.0,30.03,13.419999999999998,24.0,501.0,2.5,0.7897581065000744
2026-04-29T09:44:01,04/29/202609:44,119.1,0.9,107.19,54.1,1.58,85.47800000000001,85.0,0.1,2.0,198.7,23861.0,45140.0,17.0,11.3,71.0,30.03,13.419999999999998,24.0,501.0,2.5,0.7974437913984515
2026-04-29T09:44:07,04/29/202609:44,119.87,0.9,107.88300000000001,54.1,1.59,86.019,85.5,0.1,2.0,198.7,23861.0,45140.0,17.0,11.3,71.0,30.03,13.419999999999998,24.0,501.0,2.5,0.7973360028920219
2026-04-29T09:45:00,04/29/202609:45,120.64000000000001,0.9,108.57600000000002,54.1,1.6,86.56,86.0,0.1,2.0,198.7,23861.0,45140.0,17.0,11.3,71.0,30.03,13.419999999999998,24.0,501.0,2.5,0.7972295903330384
2026-04-29T09:45:06,04/29/202609:45,121.75999999999999,0.9,109.58399999999999,54.1,1.6,86.56,86.0,0.1,2.0,198.7,23861.0,45140.0,17.0,11.3,71.0,30.03,13.419999999999998,24.0,501.0,2.5,0.7898963352314208
2026-04-29T09:46:01,04/29/202609:46,122.88,0.9,110.592,54.1,1.6,86.56,86.0,0.1,2.0,198.7,23861.0,45140.0,17.0,11.3,71.0,30.03,13.419999999999998,24.0,501.0,2.5,0.7826967592592593
2026-04-29T09:46:07,04/29/202609:46,124.00999999999999,0.9099999999999999,112.84909999999998,54.089999999999996,1.61,87.0849,86.6,0.1,2.0,198.7,23861.0,45140.0,17.0,11.34,70.9,30.03,13.327000000000002,24.3,506.7,2.54,0.7716933497918904
2026-04-29T09:47:00,04/29/202609:47,124.46,0.9199999999999999,114.50319999999998,54.08,1.6199999999999999,87.60959999999999,87.2,0.1,2.0,198.7,23861.0,45140.0,17.0,11.38,70.8,30.03,13.234,24.6,512.4,2.58,0.765127961489286
2026-04-29T09:47:06,04/29/202609:47,124.35999999999999,0.9400000000000001,116.8984,54.08,1.65,89.232,88.8,0.1,2.0,198.7,23861.0,45140.0,17.0,11.42,70.7,30.03,13.141,24.9,518.1,2.62,0.7633295237573825
2026-04-29T09:47:46,04/29/202609:47,124.00999999999999,0.96,119.04959999999998,54.089999999999996,1.69,91.4121,91.0,0.1,2.0,198.7,23861.0,45140.0,17.1,11.459999999999999,70.6,30.03,13.047999999999998,25.2,523.8,2.66,0.7678488629949198
2026-04-29T09:48:00,04/29/202609:48,123.66,0.9800000000000001,121.1868,54.1,1.73,93.593,93.2,0.1,2.0,198.7,23861.0,45140.0,17.1,11.5,70.5,30.03,12.955000000000002,25.5,529.5,2.7,0.7723035842187433
2026-04-29T09:48:46,04/29/202609:48,124.16,1.0,124.16,54.1,1.78,96.298,95.9,0.1,2.0,198.7,23861.0,45140.0,17.0,11.540000000000001,70.4,30.03,12.862,25.8,535.2,2.7399999999999998,0.7755960051546392
2026-04-29T09:49:00,04/29/202609:49,124.57000000000001,1.02,127.0614,54.1,1.83,99.003,98.6,0.1,2.0,198.7,23861.0,45140.0,17.0,11.58,70.3,30.03,12.769,26.1,540.9,2.7800000000000002,0.7791744778508658
2026-04-29T09:49:23,04/29/202609:49,124.97999999999999,1.05,131.22899999999998,54.1,1.8800000000000001,101.70800000000001,101.3,0.1,2.0,198.7,23861.0,45140.0,17.0,11.62,70.2,30.03,12.676,26.4,546.6,2.82,0.7750421019744114
2026-04-29T09:50:00,04/29/202609:50,125.04,1.08,135.0432,54.1,1.9300000000000002,104.41300000000001,104.0,0.1,2.0,198.7,23861.0,45140.0,17.0,11.66,70.1,30.03,12.583,26.7,552.3,2.86,0.7731822113220066
2026-04-29T09:50:23,04/29/202609:50,125.19000000000001,1.1,137.70900000000003,54.1,1.98,107.118,106.7,0.1,2.0,198.7,23861.0,45140.0,17.0,11.7,70.0,30.03,12.49,27.0,558.0,2.9,0.7778576563623291
2026-04-29T09:51:00,04/29/202609:51,125.33,1.11,139.11630000000002,54.11,2.02,109.3022,108.8,0.1,2.0,198.7,23861.0,45140.0,17.0,11.7,70.0,30.03,12.49,27.0,558.0,2.9,0.7856893836308181
2026-04-29T09:51:23,04/29/202609:51,125.41,1.12,140.4592,54.13000000000001,2.07,112.04910000000001,111.5,0.1,2.0,198.7,23861.0,45140.0,17.0,11.7,70.0,30.03,12.49,27.0,558.0,2.9,0.7977341462858966
2026-04-29T09:52:01,04/29/202609:52,126.04,1.12,141.1648,54.14,2.1,113.694,113.2,0.1,2.0,198.7,23861.0,45140.0,17.0,11.7,70.0,30.03,12.49,27.0,558.0,2.9,0.8053990796572517
2026-04-29T09:52:23,04/29/202609:52,126.92,1.1300000000000001,143.4196,54.14,2.13,115.31819999999999,114.8,0.1,2.0,198.7,23861.0,45140.0,17.0,11.7,70.0,30.03,12.49,27.0,558.0,2.9,0.8040616484776139
2026-04-29T09:53:00,04/29/202609:53,127.8,1.1400000000000001,145.692,54.14,2.16,116.9424,116.4,0.1,2.0,198.7,23861.0,45140.0,17.0,11.7,70.0,30.03,12.49,27.0,558.0,2.9,0.8026686434395849
2026-04-29T09:53:23,04/29/202609:53,127.38,1.1400000000000001,145.2132,54.14,2.15,116.401,115.9,0.1,2.0,198.7,23861.0,45140.0,17.0,11.7,70.0,30.03,12.49,27.0,558.0,2.9,0.8015869080772271
2026-04-29T09:55:06,04/29/202609:55,126.89000000000001,1.15,145.92350000000002,54.15,2.16,116.964,115.9,0.1,2.0,198.7,23861.0,45140.0,17.0,11.7,70.0,30.03,12.49,27.0,558.0,2.9,0.8015432743869219
2026-04-29T09:55:24,04/29/202609:55,126.65,1.1400000000000001,144.38100000000003,54.160000000000004,2.16,116.98560000000002,115.9,0.1,2.0,198.7,23861.0,45140.0,17.0,11.7,70.0,30.03,12.49,27.0,558.0,2.9,0.8102561971450537
2026-04-29T09:56:00,04/29/202609:56,126.41,1.1300000000000001,142.8433,54.17,2.16,117.00720000000001,115.9,0.1,2.0,198.7,23861.0,45140.0,17.0,11.7,70.0,30.03,12.49,27.0,558.0,2.9,0.8191297736750692
2026-04-29T09:56:23,04/29/202609:56,126.07000000000001,1.1300000000000001,142.45910000000003,54.17,2.15,116.4655,115.4,0.1,3.0,198.7,23861.0,45140.0,17.0,11.7,70.0,30.03,12.49,27.0,558.0,2.9,0.8175364016759896
2026-04-29T09:57:00,04/29/202609:57,125.72999999999999,1.1300000000000001,142.0749,54.17,2.1399999999999997,115.92379999999999,114.9,0.1,3.0,198.7,23861.0,45140.0,17.0,11.7,70.0,30.03,12.49,27.0,558.0,2.9,0.8159344120601174
2026-04-29T09:57:23,04/29/202609:57,125.47,1.1300000000000001,141.7811,54.17,2.13,115.3821,114.3,0.1,3.0,198.7,23861.0,45140.0,17.0,11.7,70.0,30.03,12.49,27.0,558.0,2.9,0.8138045197843717
2026-04-29T09:58:00,04/29/202609:58,125.21,1.1300000000000001,141.4873,54.17,2.12,114.8404,113.7,0.1,3.0,198.7,23861.0,45140.0,17.0,11.7,70.0,30.03,12.49,27.0,558.0,2.9,0.8116657820171845
2026-04-29T09:58:23,04/29/202609:58,124.92999999999999,1.12,139.9216,54.17,2.09,113.2153,112.1,0.1,3.0,198.7,23861.0,45140.0,17.1,11.7,70.0,30.03,12.49,27.0,558.0,2.9,0.809133829230083
2026-04-29T09:59:00,04/29/202609:59,124.65,1.11,138.3615,54.17,2.06,111.59020000000001,110.5,0.1,3.0,198.7,23861.0,45140.0,17.1,11.7,70.0,30.03,12.49,27.0,558.0,2.9,0.8065119270895444
2026-04-29T09:59:24,04/29/202609:59,124.54,1.11,138.23940000000002,54.18000000000001,2.07,112.1526,111.0,0.1,3.0,198.7,23861.0,45140.0,17.1,11.7,70.0,30.03,12.49,27.0,558.0,2.9,0.8112925837351724
2026-04-29T10:00:00,04/29/202610:00,124.5,1.1,136.95000000000002,54.18000000000001,2.06,111.61080000000001,111.0,0.1,3.0,198.7,23861.0,45140.0,17.1,11.7,70.0,30.03,12.49,27.0,558.0,2.9,0.8149748083242059
2026-04-29T10:00:23,04/29/202610:00,124.21,1.1,136.631,54.18000000000001,2.06,111.61080000000001,111.0,0.1,3.0,198.7,23861.0,45140.0,17.0,11.75,69.9,30.032999999999998,12.453,27.1,562.0,2.93,0.81687757536723
2026-04-29T10:01:00,04/29/202610:01,123.92,1.1,136.312,54.18000000000001,2.06,111.61080000000001,111.0,0.1,3.0,198.7,23861.0,45140.0,17.0,11.8,69.8,30.036,12.416,27.2,566.0,2.96,0.8187892481953166
2026-04-29T10:01:23,04/29/202610:01,123.63,1.1,135.993,54.19,2.07,112.17329999999998,111.5,0.1,3.0,198.7,23861.0,45140.0,17.1,11.85,69.7,30.038999999999998,12.379,27.3,570.0,2.9899999999999998,0.8248461317861948
2026-04-29T10:02:00,04/29/202610:02,123.34,1.1,135.674,54.2,2.08,112.736,112.0,0.1,3.0,198.7,23861.0,45140.0,17.1,11.9,69.6,30.042,12.342,27.4,574.0,3.02,0.8309329716821203
2026-04-29T10:02:07,04/29/202610:02,122.80999999999999,1.1,135.091,54.2,2.07,112.194,111.5,0.1,3.0,198.7,23861.0,45140.0,17.0,11.95,69.5,30.044999999999998,12.305,27.5,578.0,3.05,0.8305068435350985
2026-04-29T10:03:00,04/29/202610:03,122.28,1.1,134.508,54.2,2.06,111.65200000000002,111.0,0.1,3.0,198.7,23861.0,45140.0,17.0,12.0,69.4,30.048000000000002,12.267999999999999,27.6,582.0,3.08,0.830077021441104
2026-04-29T10:03:06,04/29/202610:03,122.10999999999999,1.1,134.321,54.19,2.05,111.08949999999999,110.4,0.1,3.0,198.7,23861.0,45140.0,17.0,12.05,69.3,30.051,12.231,27.7,586.0,3.1100000000000003,0.8270449147936658
2026-04-29T10:04:00,04/29/202610:04,121.94000000000001,1.1,134.13400000000001,54.19,2.04,110.5476,109.8,0.1,3.0,198.7,23861.0,45140.0,17.0,12.1,69.2,30.053999999999995,12.193999999999999,27.8,590.0,3.14,0.8241579316206181
2026-04-29T10:04:25,04/29/202610:04,121.92,1.1,134.11200000000002,54.19,2.04,110.5476,109.8,0.1,3.0,198.7,23861.0,45140.0,17.0,12.15,69.1,30.057,12.157,27.9,594.0,3.1700000000000004,0.8242931281317107
2026-04-29T10:05:00,04/29/202610:05,121.9,1.1,134.09,54.19,2.04,110.5476,109.8,0.1,3.0,198.7,23861.0,45140.0,17.0,12.2,69.0,30.059999999999995,12.12,28.0,598.0,3.2,0.8244283690058916
2026-04-29T10:06:18,04/29/202610:06,121.67,1.11,135.05370000000002,54.18000000000001,2.05,111.069,110.4,0.1,3.0,198.7,23861.0,45140.0,17.0,12.2,69.0,30.059999999999995,12.12,28.0,598.0,3.2,0.8224061984232938
2026-04-29T10:06:25,04/29/202610:06,121.52000000000001,1.11,134.88720000000004,54.18000000000001,2.06,111.61080000000001,111.0,0.1,3.0,198.7,23861.0,45140.0,17.0,12.2,69.0,30.059999999999995,12.12,28.0,598.0,3.2,0.8274380371154564
2026-04-29T10:07:44,04/29/202610:07,121.35999999999999,1.12,135.9232,54.19,2.07,112.17329999999998,111.6,0.1,3.0,198.7,23861.0,45140.0,17.0,12.2,69.0,30.059999999999995,12.12,28.0,598.0,3.2,0.8252697111309915
2026-04-29T10:08:00,04/29/202610:08,121.2,1.1300000000000001,136.95600000000002,54.2,2.08,112.736,112.2,0.1,3.0,198.7,23861.0,45140.0,17.0,12.2,69.0,30.059999999999995,12.12,28.0,598.0,3.2,0.8231548818598673
2026-04-29T10:08:45,04/29/202610:08,121.97,1.1300000000000001,137.82610000000003,54.21,2.1,113.84100000000001,113.3,0.1,3.0,198.7,23861.0,45140.0,17.0,12.2,69.0,30.059999999999995,12.12,28.0,598.0,3.2,0.8259756316111388
2026-04-29T10:09:00,04/29/202610:09,122.74000000000001,1.1300000000000001,138.69620000000003,54.220000000000006,2.12,114.94640000000003,114.4,0.1,3.0,198.7,23861.0,45140.0,17.0,12.2,69.0,30.059999999999995,12.12,28.0,598.0,3.2,0.8287638738480217
2026-04-29T10:09:48,04/29/202610:09,123.13,1.1300000000000001,139.1369,54.23,2.15,116.59449999999998,116.1,0.1,3.0,198.7,23861.0,45140.0,17.1,12.2,69.0,30.059999999999995,12.12,28.0,598.0,3.2,0.8379840286796671
2026-04-29T10:10:00,04/29/202610:10,123.52000000000001,1.1300000000000001,139.57760000000002,54.23,2.18,118.2214,117.8,0.1,3.0,198.7,23861.0,45140.0,17.1,12.2,69.0,30.059999999999995,12.12,28.0,598.0,3.2,0.8469940735476179
2026-04-29T10:10:48,04/29/202610:10,124.02000000000001,1.1300000000000001,140.14260000000002,54.239999999999995,2.18,118.2432,117.9,0.1,3.0,198.7,23861.0,45140.0,17.0,12.2,69.0,30.059999999999995,12.12,28.0,598.0,3.2,0.8437348814707304
2026-04-29T10:11:00,04/29/202610:11,124.52000000000001,1.1300000000000001,140.7076,54.25,2.18,118.26500000000001,118.0,0.1,3.0,198.7,23861.0,45140.0,17.0,12.2,69.0,30.059999999999995,12.12,28.0,598.0,3.2,0.8405018634387909
2026-04-29T10:11:48,04/29/202610:11,125.00999999999999,1.12,140.0112,54.279999999999994,2.15,116.70199999999998,116.4,0.1,3.0,198.7,23861.0,45140.0,17.0,12.2,69.0,30.059999999999995,12.12,28.0,598.0,3.2,0.8335190327630931
2026-04-29T10:12:00,04/29/202610:12,125.42,1.12,140.4704,54.3,2.12,115.116,114.8,0.1,3.0,198.7,23861.0,45140.0,17.0,12.2,69.0,30.059999999999995,12.12,28.0,598.0,3.2,0.8195036107251065
2026-04-29T10:12:49,04/29/202610:12,125.85999999999999,1.11,139.7046,54.3,2.1,114.03,113.7,0.1,3.0,198.7,23861.0,45140.0,17.1,12.2,69.0,30.059999999999995,12.12,28.0,598.0,3.2,0.8162222289029853
2026-04-29T10:13:00,04/29/202610:13,126.3,1.1,138.93,54.3,2.08,112.944,112.6,0.1,3.0,198.7,23861.0,45140.0,17.1,12.2,69.0,30.059999999999995,12.12,28.0,598.0,3.2,0.8129561649751673
2026-04-29T10:13:49,04/29/202610:13,126.03,1.1,138.633,54.31,2.05,111.3355,111.0,0.1,3.0,198.7,23861.0,45140.0,17.0,12.2,69.0,30.059999999999995,12.12,28.0,598.0,3.2,0.8030952226381886
2026-04-29T10:14:00,04/29/202610:14,125.75999999999999,1.1,138.336,54.32000000000001,2.02,109.72640000000001,109.4,0.1,3.0,198.7,23861.0,45140.0,17.0,12.2,69.0,30.059999999999995,12.12,28.0,598.0,3.2,0.7931876012028684
2026-04-29T10:14:49,04/29/202610:14,125.75999999999999,1.11,139.5936,54.339999999999996,2.0,108.67999999999999,108.3,0.1,3.0,198.7,23861.0,45140.0,17.0,12.2,69.0,30.059999999999995,12.12,28.0,598.0,3.2,0.7785457212938128
2026-04-29T10:15:00,04/29/202610:15,125.75999999999999,1.12,140.8512,54.36,1.98,107.6328,107.2,0.1,3.0,198.7,23861.0,45140.0,17.0,12.2,69.0,30.059999999999995,12.12,28.0,598.0,3.2,0.7641596237731734
2026-04-29T10:15:49,04/29/202610:15,125.71,1.1300000000000001,142.0523,54.36999999999999,1.98,107.65259999999998,107.2,0.1,3.0,198.7,23861.0,45140.0,17.1,12.25,68.8,30.059999999999995,12.100999999999999,28.0,604.0,3.25,0.7578377822815962
2026-04-29T10:16:00,04/29/202610:16,125.66,1.1400000000000001,143.25240000000002,54.379999999999995,1.98,107.6724,107.2,0.1,3.0,198.7,23861.0,45140.0,17.1,12.3,68.6,30.059999999999995,12.081999999999999,28.0,610.0,3.3,0.7516271978689361
2026-04-29T10:17:30,04/29/202610:17,125.82000000000001,1.15,144.69299999999998,54.379999999999995,1.9899999999999998,108.21619999999997,107.7,0.1,3.0,198.7,23861.0,45140.0,17.0,12.35,68.4,30.059999999999995,12.062999999999999,28.0,616.0,3.35,0.747902109984588
2026-04-29T10:17:48,04/29/202610:17,125.55,1.17,146.8935,54.379999999999995,2.0100000000000002,109.30380000000001,108.8,0.2,3.0,198.7,23861.0,45140.0,17.0,12.4,68.2,30.059999999999995,12.044,28.0,622.0,3.4,0.7441023598729694
2026-04-29T10:18:00,04/29/202610:18,125.27000000000001,1.19,149.0713,54.39,2.02,109.8678,109.4,0.2,3.0,198.7,23861.0,45140.0,17.0,12.45,68.0,30.059999999999995,12.025,28.0,628.0,3.45,0.73701510619415
2026-04-29T10:18:49,04/29/202610:18,125.0,1.21,151.25,54.410000000000004,2.04,110.99640000000001,110.5,0.2,3.0,198.7,23861.0,45140.0,17.0,12.5,67.8,30.059999999999995,12.006,28.0,634.0,3.5,0.7338604958677687
2026-04-29T10:19:01,04/29/202610:19,124.72999999999999,1.23,153.41789999999997,54.42,2.07,112.6494,112.1,0.2,3.0,198.7,23861.0,45140.0,17.0,12.55,67.6,30.059999999999995,11.986999999999998,28.0,640.0,3.55,0.734265036869883
2026-04-29T10:19:48,04/29/202610:19,124.47999999999999,1.25,155.6,54.42999999999999,2.1,114.30299999999998,113.7,0.2,3.0,198.7,23861.0,45140.0,17.0,12.6,67.4,30.059999999999995,11.968,28.0,646.0,3.6,0.7345951156812338
2026-04-29T10:20:00,04/29/202610:20,124.0,1.26,156.24,54.44,2.12,115.4128,114.8,0.2,3.0,198.7,23861.0,45140.0,17.0,12.65,67.2,30.059999999999995,11.949,28.0,652.0,3.65,0.7386891961085509
2026-04-29T10:20:49,04/29/202610:20,124.05999999999999,1.26,156.3156,54.45,2.15,117.0675,116.5,0.2,3.0,198.7,23861.0,45140.0,17.0,12.7,67.0,30.059999999999995,11.93,28.0,658.0,3.7,0.7489175744455449
2026-04-29T10:21:01,04/29/202610:21,124.19000000000001,1.26,156.47940000000003,54.46,2.17,118.1782,117.6,0.2,3.0,198.7,23861.0,45140.0,17.0,12.7,67.0,30.059999999999995,11.93,28.0,658.0,3.7,0.755231679058074
2026-04-29T10:21:48,04/29/202610:21,124.32000000000001,1.24,154.1568,54.470000000000006,2.16,117.65520000000002,117.1,0.2,3.0,198.7,23861.0,45140.0,17.0,12.7,67.0,30.059999999999995,11.93,28.0,658.0,3.7,0.7632177107983561
2026-04-29T10:22:00,04/29/202610:22,124.46,1.22,151.8412,54.48,2.16,117.6768,117.2,0.2,3.0,198.7,23861.0,45140.0,17.0,12.7,67.0,30.059999999999995,11.93,28.0,658.0,3.7,0.7749991438423828
2026-04-29T10:22:49,04/29/202610:22,124.12,1.2,148.944,54.489999999999995,2.15,117.15349999999998,116.7,0.2,3.0,198.7,23861.0,45140.0,17.0,12.7,67.0,30.059999999999995,11.93,28.0,658.0,3.7,0.7865607208078204
2026-04-29T10:23:01,04/29/202610:23,123.78,1.1800000000000002,146.06040000000002,54.5,2.1399999999999997,116.62999999999998,116.2,0.2,3.0,198.7,23861.0,45140.0,17.0,12.7,67.0,30.059999999999995,11.93,28.0,658.0,3.7,0.7985052758995591
2026-04-29T10:23:24,04/29/202610:23,123.49000000000001,1.16,143.2484,54.5,2.1100000000000003,114.99500000000002,114.6,0.2,3.0,198.7,23861.0,45140.0,17.0,12.7,67.0,30.059999999999995,11.93,28.0,658.0,3.7,0.8027663834290646
2026-04-29T10:24:00,04/29/202610:24,123.2,1.1400000000000001,140.448,54.5,2.08,113.36,113.0,0.2,3.0,198.7,23861.0,45140.0,17.0,12.7,67.0,30.059999999999995,11.93,28.0,658.0,3.7,0.8071314650262018
2026-04-29T10:24:19,04/29/202610:24,122.89000000000001,1.1099999999999999,136.4079,54.5,2.05,111.725,111.4,0.2,3.0,198.7,23861.0,45140.0,17.0,12.7,67.0,30.059999999999995,11.93,28.0,658.0,3.7,0.8190508027760854
2026-04-29T10:25:00,04/29/202610:25,122.58,1.08,132.3864,54.5,2.02,110.09,109.8,0.2,3.0,198.7,23861.0,45140.0,17.0,12.7,67.0,30.059999999999995,11.93,28.0,658.0,3.7,0.8315808874627605
2026-04-29T10:25:18,04/29/202610:25,121.72,1.07,130.2404,54.5,1.98,107.91,107.6,0.2,4.0,198.7,23861.0,45140.0,17.0,12.7,67.0,30.059999999999995,11.93,28.0,658.0,3.7,0.8285447526266811
2026-04-29T10:26:00,04/29/202610:26,120.85999999999999,1.06,128.11159999999998,54.5,1.94,105.73,105.4,0.2,4.0,198.7,23861.0,45140.0,17.0,12.7,67.0,30.059999999999995,11.93,28.0,658.0,3.7,0.8252960699889785
2026-04-29T10:26:19,04/29/202610:26,120.32000000000001,1.08,129.9456,54.5,1.94,105.73,105.3,0.2,4.0,198.7,23861.0,45140.0,17.0,12.7,67.0,30.059999999999995,11.93,28.0,658.0,3.7,0.8136481727738376
2026-04-29T10:28:41,04/29/202610:28,119.71,1.1,131.681,54.5,1.94,105.73,105.2,0.2,4.0,198.7,23861.0,45140.0,17.0,12.7,67.0,30.059999999999995,11.93,28.0,658.0,3.7,0.8029252511751885
2026-04-29T10:28:45,04/29/202610:28,120.63,1.12,135.1056,54.5,1.9600000000000002,106.82000000000001,106.3,0.2,4.0,198.7,23861.0,45140.0,17.0,12.7,67.0,30.059999999999995,11.93,28.0,658.0,3.7,0.7906408024537843
2026-04-29T10:29:01,04/29/202610:29,121.55,1.1400000000000001,138.567,54.5,1.98,107.91,107.4,0.2,4.0,198.7,23861.0,45140.0,17.0,12.7,67.0,30.059999999999995,11.93,28.0,658.0,3.7,0.7787568468683019
2026-04-29T10:30:01,04/29/202610:30,122.41,1.16,141.9956,54.5,2.0100000000000002,109.54500000000002,109.1,0.2,4.0,198.7,23861.0,45140.0,17.0,12.7,67.0,30.059999999999995,11.93,28.0,658.0,3.7,0.7714675666006554
2026-04-29T10:30:45,04/29/202610:30,123.22,1.1800000000000002,145.39960000000002,54.52,2.05,111.76599999999999,111.3,0.2,4.0,198.7,23861.0,45140.0,17.0,12.75,66.9,30.059999999999995,11.856,27.8,662.5,3.75,0.7686816194817591
2026-04-29T10:31:01,04/29/202610:31,124.03,1.21,150.0763,54.54,2.09,113.98859999999999,113.5,0.2,4.0,198.7,23861.0,45140.0,17.0,12.8,66.8,30.059999999999995,11.782,27.6,667.0,3.8,0.7595376485161214
2026-04-29T10:31:45,04/29/202610:31,124.04,1.24,153.80960000000002,54.55,2.13,116.19149999999999,115.7,0.2,4.0,198.7,23861.0,45140.0,17.0,12.86,66.7,30.059999999999995,11.708,27.4,671.0,3.85,0.7554242387991386
2026-04-29T10:32:01,04/29/202610:32,124.06000000000002,1.26,156.31560000000002,54.56,2.17,118.3952,117.9,0.2,4.0,198.7,23861.0,45140.0,17.0,12.919999999999998,66.6,30.059999999999995,11.634,27.2,675.0,3.9,0.7574112884446593
2026-04-29T10:32:44,04/29/202610:32,124.95,1.27,158.6865,54.58,2.2199999999999998,121.16759999999998,120.7,0.2,4.0,198.7,23861.0,45140.0,17.0,12.98,66.5,30.059999999999995,11.584,27.2,679.0,3.95,0.763565898800465
2026-04-29T10:33:01,04/29/202610:33,125.52000000000001,1.27,159.4104,54.6,2.2600000000000002,123.39600000000002,123.0,0.2,4.0,198.7,23861.0,45140.0,17.0,13.040000000000001,66.4,30.059999999999995,11.534,27.2,683.0,4.0,0.7740774754972073
2026-04-29T10:33:44,04/29/202610:33,126.15,1.27,160.2105,54.620000000000005,2.29,125.0798,124.7,0.2,4.0,198.7,23861.0,45140.0,17.0,13.1,66.3,30.059999999999995,11.484,27.2,687.0,4.05,0.7807216131277289
2026-04-29T10:34:01,04/29/202610:34,126.16,1.26,158.9616,54.64,2.3,125.672,125.2,0.2,4.0,198.7,23861.0,45140.0,17.0,13.16,66.2,30.059999999999995,11.434000000000001,27.2,691.0,4.1,0.790580869845296
2026-04-29T10:34:44,04/29/202610:34,126.17,1.26,158.9742,54.67,2.34,127.92779999999999,127.4,0.2,4.0,198.7,23861.0,45140.0,17.0,13.219999999999999,66.1,30.059999999999995,11.384,27.2,695.0,4.15,0.8047079337401918
2026-04-29T10:35:01,04/29/202610:35,126.17999999999999,1.26,158.9868,54.7,2.38,130.186,129.6,0.2,4.0,198.7,23861.0,45140.0,17.0,13.280000000000001,66.0,30.059999999999995,11.334,27.2,699.0,4.2,0.818847854035681
2026-04-29T10:35:44,04/29/202610:35,125.75,1.27,159.70250000000001,54.720000000000006,2.4099999999999997,131.8752,131.3,0.2,4.0,198.7,23861.0,45140.0,17.0,13.290000000000001,66.3,30.059999999999995,11.358,27.4,698.5,4.2,0.8257553889262848
2026-04-29T10:36:01,04/29/202610:36,125.32000000000001,1.28,160.4096,54.739999999999995,2.44,133.5656,133.0,0.2,4.0,198.7,23861.0,45140.0,17.0,13.3,66.6,30.059999999999995,11.382,27.6,698.0,4.2,0.8326534072773698
2026-04-29T10:36:44,04/29/202610:36,126.13,1.3,163.969,54.779999999999994,2.5100000000000002,137.49779999999998,137.0,0.2,4.0,198.7,23861.0,45140.0,17.0,13.3,66.9,30.059999999999995,11.406,27.8,698.0,4.2,0.8385597277534167
2026-04-29T10:37:01,04/29/202610:37,126.94000000000001,1.3199999999999998,167.5608,54.82000000000001,2.58,141.43560000000002,141.0,0.2,4.0,198.7,23861.0,45140.0,17.0,13.3,67.2,30.059999999999995,11.43,28.0,698.0,4.2,0.8440852514430585
2026-04-29T10:37:45,04/29/202610:37,127.00999999999999,1.3599999999999999,172.73359999999997,54.86,2.66,145.9276,145.5,0.2,4.0,198.7,23861.0,45140.0,17.0,13.3,67.5,30.059999999999995,11.367999999999999,28.2,698.0,4.2,0.8448130531639475
2026-04-29T10:38:01,04/29/202610:38,127.08,1.4,177.91199999999998,54.9,2.7399999999999998,150.426,150.0,0.2,4.0,198.7,23861.0,45140.0,17.0,13.3,67.8,30.059999999999995,11.306000000000001,28.4,698.0,4.2,0.8455078915418859
2026-04-29T10:39:56,04/29/202610:39,127.10999999999999,1.44,183.03839999999997,54.970000000000006,2.83,155.56510000000003,155.1,0.2,4.0,198.7,23861.0,45140.0,17.0,13.3,68.1,30.059999999999995,11.244,28.6,698.0,4.2,0.8499041731134016
2026-04-29T10:40:01,04/29/202610:40,127.14000000000001,1.48,188.1672,55.04,2.9200000000000004,160.7168,160.2,0.2,4.0,198.7,23861.0,45140.0,17.0,13.3,68.4,30.059999999999995,11.181999999999999,28.8,698.0,4.2,0.8541169768163633
2026-04-29T10:40:44,04/29/202610:40,128.04000000000002,1.49,190.77960000000002,55.1,2.96,163.096,162.6,0.2,4.0,198.7,23861.0,45140.0,17.1,13.3,68.7,30.059999999999995,11.120000000000001,29.0,698.0,4.2,0.8548922421474833
2026-04-29T10:41:01,04/29/202610:41,128.94,1.5,193.41,55.160000000000004,3.0,165.48000000000002,165.0,0.2,4.0,198.7,23861.0,45140.0,17.1,13.3,69.0,30.059999999999995,11.058,29.2,698.0,4.2,0.8555917480998916
2026-04-29T10:41:44,04/29/202610:41,130.56,1.49,194.5344,55.21,3.0300000000000002,167.2863,166.8,0.2,4.0,198.7,23861.0,45140.0,17.0,13.3,69.0,30.059999999999995,10.996,29.4,698.0,4.2,0.859931713876826
2026-04-29T10:42:01,04/29/202610:42,132.18,1.48,195.62640000000002,55.260000000000005,3.06,169.09560000000002,168.6,0.2,4.0,198.7,23861.0,45140.0,17.0,13.3,69.0,30.059999999999995,10.934000000000001,29.6,698.0,4.2,0.864380267693931
2026-04-29T10:42:45,04/29/202610:42,133.47,1.46,194.8662,55.3,3.04,168.112,167.6,0.2,4.0,198.7,23861.0,45140.0,17.0,13.3,69.0,30.059999999999995,10.872,29.8,698.0,4.2,0.8627047687079648
2026-04-29T10:43:01,04/29/202610:43,134.76000000000002,1.44,194.05440000000002,55.339999999999996,3.02,167.1268,166.6,0.2,4.0,198.7,23861.0,45140.0,17.0,13.3,69.0,30.059999999999995,10.81,30.0,698.0,4.2,0.8612368490485142
2026-04-29T10:43:45,04/29/202610:43,135.94,1.41,191.6754,55.36,2.9699999999999998,164.4192,163.9,0.2,4.0,198.7,23861.0,45140.0,17.0,13.3,69.0,30.059999999999995,10.81,30.0,698.0,4.2,0.857800218494392
2026-04-29T10:44:01,04/29/202610:44,137.12,1.3800000000000001,189.22560000000001,55.379999999999995,2.92,161.7096,161.2,0.2,4.0,198.7,23861.0,45140.0,17.0,13.3,69.0,30.059999999999995,10.81,30.0,698.0,4.2,0.8545862716249809
2026-04-29T10:44:18,04/29/202610:44,138.4,1.35,186.84000000000003,55.379999999999995,2.87,158.9406,158.5,0.2,4.0,198.7,23861.0,45140.0,17.0,13.3,69.0,30.059999999999995,10.81,30.0,698.0,4.2,0.8506775850995502
2026-04-29T10:45:01,04/29/202610:45,139.68,1.3199999999999998,184.37759999999997,55.379999999999995,2.82,156.17159999999998,155.8,0.2,4.0,198.7,23861.0,45140.0,17.0,13.3,69.0,30.059999999999995,10.81,30.0,698.0,4.2,0.847020462355514
2026-04-29T10:45:18,04/29/202610:45,140.04000000000002,1.31,183.45240000000004,55.379999999999995,2.79,154.5102,154.1,0.2,4.0,198.7,23861.0,45140.0,17.0,13.3,69.0,30.059999999999995,10.81,30.0,698.0,4.2,0.8422359151474713
2026-04-29T10:46:00,04/29/202610:46,140.4,1.3,182.52,55.379999999999995,2.7600000000000002,152.8488,152.4,0.2,4.0,198.7,23861.0,45140.0,17.0,13.3,69.0,30.059999999999995,10.81,30.0,698.0,4.2,0.8374358974358974
2026-04-29T10:46:18,04/29/202610:46,140.67000000000002,1.29,181.46430000000004,55.379999999999995,2.73,151.1874,150.8,0.2,4.0,198.7,23861.0,45140.0,17.0,13.34,68.8,30.059999999999995,10.823,29.6,699.2,4.24,0.833152305990765
2026-04-29T10:47:46,04/29/202610:47,141.06,1.28,180.5568,55.36999999999999,2.7,149.499,149.2,0.2,4.0,198.7,23861.0,45140.0,17.0,13.38,68.6,30.059999999999995,10.836,29.2,700.4,4.279999999999999,0.8279887547851977
2026-04-29T10:48:00,04/29/202610:48,141.33999999999997,1.27,179.50179999999997,55.36,2.68,148.3648,148.1,0.2,4.0,198.7,23861.0,45140.0,17.0,13.419999999999998,68.4,30.059999999999995,10.849,28.8,701.6,4.32,0.826536558407771
2026-04-29T10:48:46,04/29/202610:48,141.5,1.26,178.29,55.36,2.66,147.2576,147.0,0.2,5.0,198.7,23861.0,45140.0,17.0,13.459999999999999,68.2,30.059999999999995,10.862,28.4,702.8,4.36,0.8259442481350608
2026-04-29T10:49:01,04/29/202610:49,141.64,1.25,177.04999999999998,55.36999999999999,2.65,146.73049999999998,146.5,0.2,5.0,198.7,23861.0,45140.0,17.0,13.5,68.0,30.059999999999995,10.875,28.0,704.0,4.4,0.8287517650381248
2026-04-29T10:49:46,04/29/202610:49,142.02,1.23,174.68460000000002,55.379999999999995,2.62,145.0956,144.8,0.2,5.0,198.7,23861.0,45140.0,17.0,13.540000000000001,67.8,30.059999999999995,10.888,27.6,705.2,4.4399999999999995,0.8306147193284352
2026-04-29T10:51:05,04/29/202610:51,142.38,1.22,173.7036,55.379999999999995,2.62,145.0956,144.8,0.2,5.0,198.7,23861.0,45140.0,17.0,13.580000000000002,67.6,30.059999999999995,10.901,27.2,706.4,4.4799999999999995,0.8353056586046576
2026-04-29T10:51:46,04/29/202610:51,142.81,1.21,172.8001,55.379999999999995,2.6,143.988,143.7,0.2,5.0,198.7,23861.0,45140.0,17.0,13.62,67.4,30.059999999999995,10.914,26.8,707.6,4.52,0.8332634066762693
2026-04-29T10:52:00,04/29/202610:52,143.29000000000002,1.2,171.948,55.379999999999995,2.58,142.88039999999998,142.6,0.2,5.0,198.7,23861.0,45140.0,17.0,13.66,67.2,30.059999999999995,10.927,26.4,708.8,4.56,0.8309512178100354
2026-04-29T10:52:47,04/29/202610:52,143.82999999999998,1.1800000000000002,169.7194,55.379999999999995,2.55,141.21899999999997,140.9,0.2,5.0,198.7,23861.0,45140.0,17.0,13.7,67.0,30.059999999999995,10.94,26.0,710.0,4.6,0.8320734105824081
2026-04-29T10:53:01,04/29/202610:53,144.23,1.17,168.74909999999997,55.379999999999995,2.5300000000000002,140.1114,139.7,0.2,5.0,198.7,23861.0,45140.0,17.0,13.7,67.0,30.059999999999995,10.94,26.0,710.0,4.6,0.8302942060135433
2026-04-29T10:53:46,04/29/202610:53,144.52,1.16,167.6432,55.39,2.5,138.475,138.0,0.2,5.0,198.7,23861.0,45140.0,17.0,13.7,67.0,30.059999999999995,10.94,26.0,710.0,4.6,0.8260102407971215
2026-04-29T10:54:00,04/29/202610:54,144.81,1.15,166.5315,55.4,2.4699999999999998,136.838,136.3,0.2,5.0,198.7,23861.0,45140.0,17.0,13.7,67.0,30.059999999999995,10.94,26.0,710.0,4.6,0.8216943941536586
2026-04-29T10:54:47,04/29/202610:54,145.20999999999998,1.1400000000000001,165.5394,55.39,2.45,135.7055,135.2,0.2,5.0,198.7,23861.0,45140.0,17.0,13.7,67.0,30.059999999999995,10.94,26.0,710.0,4.6,0.8197776481006939
2026-04-29T10:55:01,04/29/202610:55,145.60999999999999,1.1300000000000001,164.5393,55.379999999999995,2.43,134.5734,134.1,0.2,5.0,198.7,23861.0,45140.0,17.0,13.7,67.0,30.059999999999995,10.94,26.0,710.0,4.6,0.8178799836877876
2026-04-29T10:55:46,04/29/202610:55,145.8,1.12,163.29600000000002,55.39,2.41,133.4899,133.0,0.2,5.0,198.7,23861.0,45140.0,17.0,13.7,67.0,30.059999999999995,10.94,26.0,710.0,4.6,0.8174719527728787
2026-04-29T10:56:00,04/29/202610:56,145.95999999999998,1.1,160.55599999999998,55.4,2.3600000000000003,130.74400000000003,130.2,0.2,5.0,198.7,23861.0,45140.0,17.0,13.7,67.0,30.059999999999995,10.94,26.0,710.0,4.6,0.8143202371758143
2026-04-29T10:56:47,04/29/202610:56,146.09,1.09,159.2381,55.410000000000004,2.34,129.6594,129.1,0.2,5.0,198.7,23861.0,45140.0,17.0,13.7,67.0,30.059999999999995,10.94,26.0,710.0,4.6,0.8142486000523744
2026-04-29T10:57:01,04/29/202610:57,146.22,1.08,157.91760000000002,55.42,2.32,128.5744,128.0,0.2,5.0,198.7,23861.0,45140.0,17.0,13.7,67.0,30.059999999999995,10.94,26.0,710.0,4.6,0.8141866391079904
2026-04-29T10:57:46,04/29/202610:57,146.32999999999998,1.08,158.0364,55.42,2.32,128.5744,128.0,0.2,5.0,198.7,23861.0,45140.0,17.0,13.7,67.0,30.059999999999995,10.94,26.0,710.0,4.6,0.8135745942074105
2026-04-29T10:58:00,04/29/202610:58,146.44,1.08,158.1552,55.42,2.32,128.5744,128.0,0.2,5.0,198.7,23861.0,45140.0,17.0,13.7,67.0,30.059999999999995,10.94,26.0,710.0,4.6,0.8129634687952086
2026-04-29T10:58:47,04/29/202610:58,146.45999999999998,1.07,156.7122,55.42,2.31,128.02020000000002,127.4,0.2,5.0,198.7,23861.0,45140.0,17.0,13.7,67.0,30.059999999999995,10.94,26.0,710.0,4.6,0.816912786624143
2026-04-29T10:59:00,04/29/202610:59,146.48,1.06,155.2688,55.42,2.3,127.466,126.8,0.2,5.0,198.7,23861.0,45140.0,17.0,13.7,67.0,30.059999999999995,10.94,26.0,710.0,4.6,0.8209376255886566
2026-04-29T10:59:46,04/29/202610:59,146.54000000000002,1.06,155.33240000000004,55.42999999999999,2.27,125.82609999999998,125.1,0.2,5.0,198.7,23861.0,45140.0,17.0,13.7,67.0,30.059999999999995,10.94,26.0,710.0,4.6,0.81004413760426
2026-04-29T11:00:51,04/29/202611:00,146.68,1.06,155.48080000000002,55.44,2.2600000000000002,125.29440000000001,124.5,0.2,5.0,198.7,23861.0,45140.0,17.0,13.7,67.0,30.059999999999995,10.94,26.0,710.0,4.6,0.8058512690956053
2026-04-29T11:01:00,04/29/202611:01,146.79000000000002,1.07,157.06530000000004,55.42999999999999,2.27,125.82609999999998,125.1,0.2,5.0,198.7,23861.0,45140.0,17.0,13.7,67.0,30.059999999999995,10.94,26.0,710.0,4.6,0.8011069281375323
2026-04-29T11:02:17,04/29/202611:02,146.82999999999998,1.07,157.10809999999998,55.42999999999999,2.2600000000000002,125.2718,124.6,0.2,5.0,198.7,23861.0,45140.0,17.0,13.75,66.9,30.059999999999995,10.995999999999999,26.1,714.0,4.63,0.7973605434729337
2026-04-29T11:02:51,04/29/202611:02,146.82,1.07,157.0974,55.42,2.2600000000000002,125.24920000000002,124.6,0.3,5.0,198.7,23861.0,45140.0,17.0,13.8,66.8,30.059999999999995,11.052,26.2,718.0,4.659999999999999,0.7972709923907081
2026-04-29T11:03:00,04/29/202611:03,146.81,1.07,157.0867,55.410000000000004,2.2600000000000002,125.22660000000002,124.6,0.3,5.0,198.7,23861.0,45140.0,17.0,13.85,66.7,30.059999999999995,11.108,26.3,722.0,4.6899999999999995,0.7971814291088934
2026-04-29T11:03:51,04/29/202611:03,146.84,1.06,155.65040000000002,55.410000000000004,2.2399999999999998,124.1184,123.5,0.3,5.0,198.7,23861.0,45140.0,17.1,13.9,66.6,30.059999999999995,11.164,26.4,726.0,4.720000000000001,0.7974178029738438
2026-04-29T11:04:01,04/29/202611:04,146.87,1.05,154.2135,55.410000000000004,2.2199999999999998,123.0102,122.4,0.3,5.0,198.7,23861.0,45140.0,17.1,13.95,66.5,30.059999999999995,11.22,26.5,730.0,4.75,0.797661683315663
2026-04-29T11:04:51,04/29/202611:04,146.95,1.05,154.29749999999999,55.410000000000004,2.21,122.4561,121.9,0.3,5.0,198.7,23861.0,45140.0,17.0,14.0,66.4,30.059999999999995,11.276,26.6,734.0,4.779999999999999,0.7936363194478201
2026-04-29T11:05:00,04/29/202611:05,147.03,1.05,154.38150000000002,55.410000000000004,2.2,121.90200000000002,121.4,0.3,5.0,198.7,23861.0,45140.0,17.0,14.05,66.3,30.059999999999995,11.331999999999999,26.7,738.0,4.8100000000000005,0.7896153360344342
2026-04-29T11:05:52,04/29/202611:05,147.06,1.04,152.94240000000002,55.410000000000004,2.2,121.90200000000002,121.4,0.3,5.0,198.7,23861.0,45140.0,17.0,14.1,66.2,30.059999999999995,11.388,26.8,742.0,4.840000000000001,0.7970451621002417
2026-04-29T11:06:01,04/29/202611:06,147.01,1.03,151.4203,55.410000000000004,2.18,120.79380000000002,120.3,0.3,5.0,198.7,23861.0,45140.0,17.0,14.15,66.1,30.059999999999995,11.443999999999999,26.9,746.0,4.87,0.7977384802434021
2026-04-29T11:06:51,04/29/202611:06,147.14000000000001,1.02,150.08280000000002,55.410000000000004,2.16,119.68560000000002,119.2,0.3,5.0,198.7,23861.0,45140.0,17.0,14.2,66.0,30.059999999999995,11.5,27.0,750.0,4.9,0.7974637999824098
2026-04-29T11:07:00,04/29/202611:07,147.34,1.02,150.2868,55.4,2.16,119.664,119.2,0.3,5.0,198.7,23861.0,45140.0,17.0,14.2,66.0,30.059999999999995,11.5,27.0,750.0,4.9,0.7962375937208058
2026-04-29T11:07:51,04/29/202611:07,147.45999999999998,1.01,148.9346,55.4,2.12,117.44800000000001,117.0,0.3,5.0,198.7,23861.0,45140.0,17.0,14.2,66.0,30.059999999999995,11.5,27.0,750.0,4.9,0.7885877425393428
2026-04-29T11:08:01,04/29/202611:08,147.57999999999998,1.0,147.57999999999998,55.4,2.08,115.232,114.8,0.3,5.0,198.7,23861.0,45140.0,17.0,14.2,66.0,30.059999999999995,11.5,27.0,750.0,4.9,0.7808104079143516
2026-04-29T11:08:51,04/29/202611:08,147.43,0.99,145.9557,55.4,2.04,113.016,112.6,0.3,5.0,198.7,23861.0,45140.0,17.0,14.2,66.0,30.059999999999995,11.5,27.0,750.0,4.9,0.7743171386934529
2026-04-29T11:09:01,04/29/202611:09,147.28,0.9800000000000001,144.33440000000002,55.4,2.0,110.8,110.4,0.3,5.0,198.7,23861.0,45140.0,17.0,14.2,66.0,30.059999999999995,11.5,27.0,750.0,4.9,0.7676617632387012
2026-04-29T11:09:51,04/29/202611:09,147.37,0.9800000000000001,144.42260000000002,55.4,2.0100000000000002,111.35400000000001,111.0,0.3,5.0,198.7,23861.0,45140.0,17.0,14.2,66.0,30.059999999999995,11.5,27.0,750.0,4.9,0.7710289109876155
2026-04-29T11:10:01,04/29/202611:10,147.45999999999998,0.9800000000000001,144.5108,55.4,2.02,111.908,111.6,0.3,5.0,198.7,23861.0,45140.0,17.0,14.2,66.0,30.059999999999995,11.5,27.0,750.0,4.9,0.7743919485602461
2026-04-29T11:10:51,04/29/202611:10,147.09,0.9800000000000001,144.14820000000003,55.4,2.0300000000000002,112.46200000000002,112.1,0.3,5.0,198.7,23861.0,45140.0,17.0,14.2,66.0,30.059999999999995,11.5,27.0,750.0,4.9,0.780183172595981
2026-04-29T11:11:01,04/29/202611:11,146.72,0.9800000000000001,143.78560000000002,55.4,2.04,113.016,112.6,0.3,5.0,198.7,23861.0,45140.0,17.0,14.2,66.0,30.059999999999995,11.5,27.0,750.0,4.9,0.7860036053679923
2026-04-29T11:11:51,04/29/202611:11,146.52,0.97,142.1244,55.4,2.0300000000000002,112.46200000000002,112.0,0.3,5.0,198.7,23861.0,45140.0,17.1,14.2,66.0,30.059999999999995,11.5,27.0,750.0,4.9,0.7912926985091935
2026-04-29T11:12:01,04/29/202611:12,146.32,0.96,140.4672,55.4,2.02,111.908,111.4,0.3,5.0,198.7,23861.0,45140.0,17.1,14.2,66.0,30.059999999999995,11.5,27.0,750.0,4.9,0.7966842081283033
2026-04-29T11:13:28,04/29/202611:13,146.39000000000001,0.95,139.0705,55.4,2.0300000000000002,112.46200000000002,111.9,0.3,5.0,198.7,23861.0,45140.0,17.0,14.2,66.0,30.059999999999995,11.5,27.0,750.0,4.9,0.8086689844359516
2026-04-29T11:13:51,04/29/202611:13,146.35999999999999,0.9400000000000001,137.5784,55.4,2.0300000000000002,112.46200000000002,111.9,0.3,5.0,198.7,23861.0,45140.0,17.0,14.2,66.0,30.059999999999995,11.5,27.0,750.0,4.9,0.817439365481791
2026-04-29T11:14:01,04/29/202611:14,146.52,0.9400000000000001,137.7288,55.4,2.04,113.016,112.5,0.3,5.0,198.7,23861.0,45140.0,17.0,14.2,66.0,30.059999999999995,11.5,27.0,750.0,4.9,0.8205691184414589
2026-04-29T11:14:51,04/29/202611:14,146.48,0.95,139.15599999999998,55.4,2.04,113.016,112.5,0.3,5.0,198.7,23861.0,45140.0,17.0,14.2,66.0,30.059999999999995,11.5,27.0,750.0,4.9,0.8121532668372188
2026-04-29T11:15:01,04/29/202611:15,146.23,0.95,138.9185,55.4,2.0,110.8,110.2,0.3,5.0,198.7,23861.0,45140.0,17.0,14.2,66.0,30.059999999999995,11.5,27.0,750.0,4.9,0.7975899538218452
2026-04-29T11:15:52,04/29/202611:15,146.10999999999999,0.95,138.8045,55.4,1.9899999999999998,110.24599999999998,109.6,0.3,6.0,198.7,23861.0,45140.0,17.0,14.24,65.9,30.059999999999995,11.537,26.5,755.0,4.94,0.7942537886019545
2026-04-29T11:16:01,04/29/202611:16,146.47,0.95,139.1465,55.4,1.98,109.692,109.1,0.3,6.0,198.7,23861.0,45140.0,17.0,14.279999999999998,65.8,30.059999999999995,11.574,26.0,760.0,4.98,0.7883202236491754
2026-04-29T11:16:51,04/29/202611:16,146.78,0.9400000000000001,137.97320000000002,55.4,1.94,107.476,106.9,0.3,6.0,198.7,23861.0,45140.0,17.0,14.319999999999999,65.7,30.059999999999995,11.611,25.5,765.0,5.0200000000000005,0.7789628710503198
2026-04-29T11:17:01,04/29/202611:17,146.74,0.9400000000000001,137.93560000000002,55.4,1.92,106.368,105.8,0.3,6.0,198.7,23861.0,45140.0,17.0,14.36,65.6,30.059999999999995,11.648,25.0,770.0,5.0600000000000005,0.7711424751840712
2026-04-29T11:17:52,04/29/202611:17,146.64000000000001,0.95,139.30800000000002,55.4,1.92,106.368,105.8,0.3,6.0,198.7,23861.0,45140.0,17.0,14.4,65.5,30.059999999999995,11.684999999999999,24.5,775.0,5.1,0.7635455250236883
2026-04-29T11:18:01,04/29/202611:18,146.35999999999999,0.96,140.5056,55.4,1.92,106.368,105.8,0.3,6.0,198.7,23861.0,45140.0,17.0,14.440000000000001,65.4,30.059999999999995,11.722,24.0,780.0,5.14,0.757037441924023
2026-04-29T11:18:52,04/29/202611:18,146.32999999999998,0.97,141.94009999999997,55.4,1.94,107.476,106.9,0.3,6.0,198.7,23861.0,45140.0,17.0,14.479999999999999,65.3,30.059999999999995,11.758999999999999,23.5,785.0,5.18,0.7571926467573294
2026-04-29T11:19:01,04/29/202611:19,146.3,0.9800000000000001,143.37400000000002,55.4,1.9600000000000002,108.584,108.0,0.3,6.0,198.7,23861.0,45140.0,17.0,14.52,65.2,30.059999999999995,11.796,23.0,790.0,5.220000000000001,0.757347915242652
2026-04-29T11:20:47,04/29/202611:20,146.44,0.97,142.0468,55.4,1.98,109.692,109.1,0.3,6.0,198.7,23861.0,45140.0,17.0,14.559999999999999,65.1,30.059999999999995,11.833,22.5,795.0,5.26,0.7722243654908101
2026-04-29T11:21:01,04/29/202611:21,146.57999999999998,0.96,140.71679999999998,55.4,2.0,110.8,110.2,0.3,6.0,198.7,23861.0,45140.0,17.0,14.6,65.0,30.059999999999995,11.87,22.0,800.0,5.3,0.7873970982853505
2026-04-29T11:21:47,04/29/202611:21,146.26,0.97,141.8722,55.4,1.9899999999999998,110.24599999999998,109.6,0.3,6.0,198.7,23861.0,45140.0,17.0,14.6,65.0,30.059999999999995,11.87,22.0,800.0,5.3,0.7770796533781811
2026-04-29T11:22:01,04/29/202611:22,145.94,0.9800000000000001,143.02120000000002,55.4,1.98,109.692,109.0,0.3,6.0,198.7,23861.0,45140.0,17.0,14.6,65.0,30.059999999999995,11.87,22.0,800.0,5.3,0.7669632194387963
2026-04-29T11:22:47,04/29/202611:22,145.92000000000002,0.9800000000000001,143.00160000000002,55.4,1.97,109.13799999999999,108.5,0.3,6.0,198.7,23861.0,45140.0,17.0,14.6,65.0,30.059999999999995,11.87,22.0,800.0,5.3,0.7631942579663442
2026-04-29T11:23:01,04/29/202611:23,145.9,0.9800000000000001,142.98200000000003,55.4,1.9600000000000002,108.584,108.0,0.3,6.0,198.7,23861.0,45140.0,17.0,14.6,65.0,30.059999999999995,11.87,22.0,800.0,5.3,0.7594242631939684
2026-04-29T11:24:40,04/29/202611:24,145.56,0.9700000000000001,141.19320000000002,55.4,1.94,107.476,106.9,0.3,6.0,198.7,23861.0,45140.0,17.0,14.6,65.0,30.059999999999995,11.87,22.0,800.0,5.3,0.7611981313547677
2026-04-29T11:24:47,04/29/202611:24,145.20999999999998,0.96,139.40159999999997,55.4,1.9300000000000002,106.92200000000001,106.4,0.3,6.0,198.7,23861.0,45140.0,17.0,14.6,65.0,30.059999999999995,11.87,22.0,800.0,5.3,0.7670069783991004
2026-04-29T11:25:00,04/29/202611:25,144.70999999999998,0.95,137.47449999999998,55.4,1.9100000000000001,105.81400000000001,105.3,0.3,6.0,198.7,23861.0,45140.0,17.0,14.6,65.0,30.059999999999995,11.87,22.0,800.0,5.3,0.769699107834544
2026-04-29T11:25:47,04/29/202611:25,144.54000000000002,0.93,134.42220000000003,55.4,1.8699999999999999,103.59799999999998,103.1,0.3,6.0,198.7,23861.0,45140.0,17.1,14.6,65.0,30.059999999999995,11.87,22.0,800.0,5.3,0.7706911507176639
2026-04-29T11:26:01,04/29/202611:26,144.4,0.9200000000000002,132.848,55.4,1.8399999999999999,101.93599999999999,101.5,0.3,6.0,198.7,23861.0,45140.0,17.1,14.6,65.0,30.059999999999995,11.87,22.0,800.0,5.3,0.7673130193905816
2026-04-29T11:26:47,04/29/202611:26,144.28,0.9200000000000002,132.73760000000001,55.4,1.8399999999999999,101.93599999999999,101.5,0.3,6.0,198.7,23861.0,45140.0,17.0,14.6,65.0,30.059999999999995,11.87,22.0,800.0,5.3,0.7679512059883559
2026-04-29T11:27:00,04/29/202611:27,144.48999999999998,0.9,130.041,55.4,1.8399999999999999,101.93599999999999,101.5,0.3,6.0,198.7,23861.0,45140.0,17.0,14.6,65.0,30.059999999999995,11.87,22.0,800.0,5.3,0.7838758545381841
2026-04-29T11:27:01,04/29/202611:27,144.81,0.8800000000000001,127.43280000000001,55.4,1.83,101.382,101.0,0.3,6.0,198.7,23861.0,45140.0,17.0,14.6,65.0,30.059999999999995,11.87,22.0,800.0,5.3,0.7955722545529879
2026-04-29T11:27:20,04/29/202611:27,144.85999999999999,0.89,128.9254,55.4,1.86,103.044,102.6,0.3,6.0,198.7,23861.0,45140.0,17.0,14.6,65.0,30.059999999999995,11.87,22.0,800.0,5.3,0.7992529012902034
2026-04-29T11:28:01,04/29/202611:28,144.91,0.9,130.419,55.4,1.89,104.70599999999999,104.2,0.3,6.0,198.7,23861.0,45140.0,17.0,14.6,65.0,30.059999999999995,11.87,22.0,800.0,5.3,0.8028431440204263
2026-04-29T11:28:20,04/29/202611:28,145.43,0.9099999999999999,132.3413,55.410000000000004,1.9,105.279,104.8,0.3,6.0,198.7,23861.0,45140.0,17.0,14.6,65.0,30.059999999999995,11.87,22.0,800.0,5.3,0.795511302971937
2026-04-29T11:29:00,04/29/202611:29,145.95999999999998,0.9199999999999999,134.28319999999997,55.42,1.9,105.298,104.8,0.3,6.0,198.7,23861.0,45140.0,17.0,14.6,65.0,30.059999999999995,11.87,22.0,800.0,5.3,0.7841487244867565
2026-04-29T11:29:21,04/29/202611:29,146.32,0.93,136.0776,55.410000000000004,1.9,105.279,104.8,0.3,6.0,198.7,23861.0,45140.0,17.0,14.6,65.0,30.059999999999995,11.87,22.0,800.0,5.3,0.773668847775093
2026-04-29T11:30:01,04/29/202611:30,146.35,0.95,139.0325,55.4,1.92,106.368,105.9,0.3,6.0,198.7,23861.0,45140.0,17.0,14.6,65.0,30.059999999999995,11.87,22.0,800.0,5.3,0.7650585294805171
2026-04-29T11:30:20,04/29/202611:30,146.49,0.97,142.0953,55.39,1.95,108.0105,107.6,0.3,6.0,198.7,23861.0,45140.0,17.0,14.6,65.0,30.059999999999995,11.87,22.0,800.0,5.3,0.7601271822502221
2026-04-29T11:31:01,04/29/202611:31,146.60999999999999,0.9800000000000001,143.6778,55.379999999999995,1.95,107.99099999999999,107.7,0.3,6.0,198.7,23861.0,45140.0,17.0,14.6,65.0,30.059999999999995,11.87,22.0,800.0,5.3,0.7516192480675511
2026-04-29T11:31:21,04/29/202611:31,146.69,0.99,145.2231,55.379999999999995,1.95,107.99099999999999,107.8,0.3,6.0,198.7,23861.0,45140.0,17.0,14.64,64.9,30.059999999999995,11.876,22.1,802.0,5.35,0.7436213660223476
2026-04-29T11:32:01,04/29/202611:32,146.66,1.0,146.66,55.379999999999995,1.9600000000000002,108.5448,108.4,0.3,6.0,198.7,23861.0,45140.0,17.0,14.680000000000001,64.8,30.059999999999995,11.882,22.2,804.0,5.4,0.7401118232646938
2026-04-29T11:32:20,04/29/202611:32,146.47,0.99,145.0053,55.379999999999995,1.95,107.99099999999999,107.9,0.3,6.0,198.7,23861.0,45140.0,17.1,14.719999999999999,64.7,30.059999999999995,11.888,22.3,806.0,5.45,0.7447382957726372
2026-04-29T11:33:01,04/29/202611:33,146.28,0.9800000000000001,143.35440000000003,55.379999999999995,1.94,107.43719999999999,107.4,0.3,6.0,198.7,23861.0,45140.0,17.1,14.76,64.6,30.059999999999995,11.894,22.4,808.0,5.5,0.7494517084930771
2026-04-29T11:33:20,04/29/202611:33,146.23,0.97,141.8431,55.36999999999999,1.94,107.41779999999997,107.4,0.3,6.0,198.7,23861.0,45140.0,17.1,14.809999999999999,64.5,30.059999999999995,11.906,22.9,811.0,5.55,0.7573001436093824
2026-04-29T11:34:01,04/29/202611:34,146.18,0.96,140.3328,55.36,1.94,107.3984,107.4,0.3,6.0,198.7,23861.0,45140.0,17.1,14.86,64.4,30.059999999999995,11.918,23.4,814.0,5.6,0.7653121722077804
2026-04-29T11:34:20,04/29/202611:34,146.02,0.96,140.1792,55.36999999999999,1.9600000000000002,108.5252,108.5,0.3,6.0,198.7,23861.0,45140.0,17.0,14.91,64.3,30.059999999999995,11.93,23.9,817.0,5.65,0.7741890380313199
2026-04-29T11:35:50,04/29/202611:35,146.16,0.96,140.31359999999998,55.379999999999995,1.94,107.43719999999999,107.4,0.3,6.0,198.7,23861.0,45140.0,17.0,14.959999999999999,64.2,30.059999999999995,11.942,24.4,820.0,5.7,0.7656934181718665
2026-04-29T11:36:00,04/29/202611:36,146.19,0.96,140.3424,55.39,1.9100000000000001,105.79490000000001,105.7,0.3,6.0,198.7,23861.0,45140.0,17.0,15.01,64.1,30.059999999999995,11.953999999999999,24.9,823.0,5.75,0.7538341940853228
2026-04-29T11:36:21,04/29/202611:36,146.05,0.96,140.208,55.4,1.9,105.25999999999999,105.1,0.3,6.0,198.7,23861.0,45140.0,17.0,15.059999999999999,64.0,30.059999999999995,11.966,25.4,826.0,5.8,0.7507417551066986
2026-04-29T11:37:00,04/29/202611:37,145.95,0.96,140.112,55.4,1.89,104.70599999999999,104.5,0.3,6.0,198.7,23861.0,45140.0,17.0,15.069999999999999,64.0,30.059999999999995,11.972,25.8,827.0,5.8,0.7473021582733812
2026-04-29T11:37:20,04/29/202611:37,145.85999999999999,0.95,138.56699999999998,55.4,1.8699999999999999,103.59799999999998,103.3,0.3,6.0,198.7,23861.0,45140.0,17.0,15.080000000000002,64.0,30.059999999999995,11.978,26.2,828.0,5.8,0.747638326585695
2026-04-29T11:38:00,04/29/202611:38,145.95,0.95,138.65249999999997,55.4,1.86,103.044,102.7,0.3,6.0,198.7,23861.0,45140.0,17.0,15.09,64.0,30.059999999999995,11.984,26.6,829.0,5.8,0.7431816952453076
2026-04-29T11:38:20,04/29/202611:38,146.08999999999997,0.95,138.78549999999996,55.39,1.86,103.0254,102.7,0.3,6.0,198.7,23861.0,45140.0,17.0,15.1,63.8,30.057,11.99,27.0,830.0,5.8,0.7423354745272384
2026-04-29T11:39:00,04/29/202611:39,146.0,0.95,138.7,55.379999999999995,1.86,103.0068,102.7,0.3,6.0,198.7,23861.0,45140.0,17.0,15.1,63.6,30.053999999999995,11.99,27.0,830.0,5.8,0.7426589762076424
2026-04-29T11:39:20,04/29/202611:39,145.73999999999998,0.95,138.45299999999997,55.379999999999995,1.8399999999999999,101.89919999999998,101.6,0.3,6.0,198.7,23861.0,45140.0,17.0,15.1,63.4,30.051,11.99,27.0,830.0,5.8,0.735984052349895
2026-04-29T11:40:00,04/29/202611:40,145.76,0.9400000000000001,137.0144,55.379999999999995,1.8,99.684,99.4,0.3,6.0,198.7,23861.0,45140.0,17.0,15.1,63.2,30.048000000000002,11.99,27.0,830.0,5.8,0.7275439661816568
2026-04-29T11:40:21,04/29/202611:40,145.45999999999998,0.93,135.27779999999998,55.379999999999995,1.81,100.2378,99.9,0.3,6.0,198.7,23861.0,45140.0,17.0,15.1,63.0,30.044999999999998,11.99,27.0,830.0,5.8,0.7409774552809109
2026-04-29T11:41:00,04/29/202611:41,145.16,0.9199999999999999,133.54719999999998,55.379999999999995,1.8199999999999998,100.79159999999999,100.4,0.3,6.0,198.7,23861.0,45140.0,17.0,15.1,62.8,30.042,11.99,27.0,830.0,5.8,0.754726418824206
2026-04-29T11:41:20,04/29/202611:41,145.18,0.9099999999999999,132.1138,55.379999999999995,1.81,100.2378,99.8,0.3,6.0,198.7,23861.0,45140.0,17.0,15.1,62.6,30.038999999999998,11.99,27.0,830.0,5.8,0.7587231613957058
2026-04-29T11:42:00,04/29/202611:42,145.2,0.9,130.68,55.379999999999995,1.8,99.684,99.2,0.3,6.0,198.7,23861.0,45140.0,17.0,15.1,62.4,30.036,11.99,27.0,830.0,5.8,0.7628099173553718
2026-04-29T11:42:20,04/29/202611:42,145.2,0.9099999999999999,132.13199999999998,55.379999999999995,1.8,99.684,99.2,0.3,6.0,198.7,23861.0,45140.0,17.0,15.1,62.2,30.032999999999998,11.99,27.0,830.0,5.8,0.7544273907910273
2026-04-29T11:43:00,04/29/202611:43,145.2,0.9199999999999999,133.58399999999997,55.379999999999995,1.8,99.684,99.2,0.3,6.0,198.7,23861.0,45140.0,17.0,15.1,62.0,30.03,11.99,27.0,830.0,5.8,0.7462270930650379
2026-04-29T11:43:21,04/29/202611:43,145.20999999999998,0.9199999999999999,133.59319999999997,55.39,1.78,98.5942,98.1,0.3,6.0,198.7,23861.0,45140.0,17.0,15.1,62.0,30.03,11.99,27.0,830.0,5.8,0.7380181027178032
2026-04-29T11:43:32,04/29/202611:43,145.19,0.9199999999999999,133.57479999999998,55.4,1.7600000000000002,97.504,97.0,0.3,6.0,198.7,23861.0,45140.0,17.1,15.1,62.0,30.03,11.99,27.0,830.0,5.8,0.7299580459787327
2026-04-29T11:44:00,04/29/202611:44,145.33999999999997,0.9199999999999999,133.71279999999996,55.4,1.7600000000000002,97.504,97.0,0.3,6.0,198.7,23861.0,45140.0,17.1,15.1,62.0,30.03,11.99,27.0,830.0,5.8,0.7292046834708422
2026-04-29T11:44:31,04/29/202611:44,145.45999999999998,0.9199999999999999,133.82319999999996,55.4,1.7600000000000002,97.504,97.0,0.3,6.0,198.7,23861.0,45140.0,17.1,15.1,62.0,30.03,11.99,27.0,830.0,5.8,0.7286031121659028
2026-04-29T11:45:00,04/29/202611:45,145.6,0.9199999999999999,133.952,55.4,1.75,96.95,96.5,0.3,6.0,198.7,23861.0,45140.0,17.1,15.1,62.0,30.03,11.99,27.0,830.0,5.8,0.7237667224080268
2026-04-29T11:45:32,04/29/202611:45,145.56,0.9199999999999999,133.9152,55.4,1.7399999999999998,96.39599999999999,96.0,0.3,6.0,198.7,23861.0,45140.0,17.0,15.1,62.0,30.03,11.99,27.0,830.0,5.8,0.7198286676941825
2026-04-29T11:47:03,04/29/202611:47,145.57999999999998,0.9099999999999999,132.47779999999997,55.4,1.72,95.288,94.9,0.3,6.0,198.7,23861.0,45140.0,17.0,15.14,61.9,30.03,12.059000000000001,26.9,833.0,5.84,0.719275229510152
2026-04-29T11:47:17,04/29/202611:47,145.49,0.9099999999999999,132.39589999999998,55.4,1.73,95.842,95.5,0.3,6.0,198.7,23861.0,45140.0,17.0,15.180000000000001,61.8,30.03,12.128,26.8,836.0,5.88,0.7239045922116925
2026-04-29T11:48:00,04/29/202611:48,145.41,0.9,130.869,55.4,1.7399999999999998,96.39599999999999,96.1,0.3,6.0,198.7,23861.0,45140.0,17.0,15.219999999999999,61.7,30.03,12.197,26.7,839.0,5.92,0.7365839121564312
2026-04-29T11:48:18,04/29/202611:48,145.45,0.8800000000000001,127.99600000000001,55.4,1.73,95.842,95.6,0.3,7.0,198.7,23861.0,45140.0,17.0,15.26,61.6,30.03,12.266,26.6,842.0,5.96,0.7487890246570205
2026-04-29T11:49:01,04/29/202611:49,145.43,0.8700000000000001,126.52410000000002,55.4,1.73,95.842,95.6,0.3,7.0,198.7,23861.0,45140.0,17.0,15.3,61.5,30.03,12.334999999999999,26.5,845.0,6.0,0.7574999545541125
2026-04-29T11:49:17,04/29/202611:49,145.23,0.8700000000000001,126.35010000000001,55.4,1.73,95.842,95.6,0.3,7.0,198.7,23861.0,45140.0,17.0,15.34,61.4,30.03,12.404,26.4,848.0,6.04,0.7585431273896893
2026-04-29T11:50:01,04/29/202611:50,145.03,0.8700000000000001,126.17610000000002,55.4,1.73,95.842,95.6,0.3,7.0,198.7,23861.0,45140.0,17.0,15.38,61.3,30.03,12.473,26.3,851.0,6.08,0.7595891773481664
2026-04-29T11:50:17,04/29/202611:50,144.9,0.86,124.614,55.4,1.7100000000000002,94.73400000000001,94.5,0.3,7.0,198.7,23861.0,45140.0,17.1,15.419999999999998,61.2,30.03,12.542,26.2,854.0,6.12,0.7602195579950889
2026-04-29T11:51:01,04/29/202611:51,144.77,0.85,123.0545,55.4,1.69,93.62599999999999,93.4,0.3,7.0,198.7,23861.0,45140.0,17.1,15.459999999999999,61.1,30.03,12.611,26.1,857.0,6.16,0.760849867335205
2026-04-29T11:51:17,04/29/202611:51,144.93,0.85,123.1905,55.4,1.69,93.62599999999999,93.4,0.3,7.0,198.7,23861.0,45140.0,17.0,15.5,61.0,30.03,12.68,26.0,860.0,6.2,0.7600099033610546
2026-04-29T11:52:01,04/29/202611:52,144.88000000000002,0.86,124.59680000000002,55.4,1.7,94.17999999999999,94.0,0.3,7.0,198.7,23861.0,45140.0,17.0,15.5,61.0,30.03,12.68,26.0,860.0,6.2,0.7558781605948145
2026-04-29T11:52:17,04/29/202611:52,145.0,0.85,123.25,55.4,1.67,92.518,92.3,0.3,7.0,198.7,23861.0,45140.0,17.0,15.5,61.0,30.03,12.68,26.0,860.0,6.2,0.7506531440162272
2026-04-29T11:53:00,04/29/202611:53,145.12,0.8400000000000001,121.90080000000002,55.4,1.64,90.856,90.6,0.3,7.0,198.7,23861.0,45140.0,17.0,15.5,61.0,30.03,12.68,26.0,860.0,6.2,0.7453273481388144
2026-04-29T11:53:17,04/29/202611:53,145.12,0.86,124.8032,55.4,1.6800000000000002,93.072,92.8,0.3,7.0,198.7,23861.0,45140.0,17.0,15.5,61.0,30.03,12.68,26.0,860.0,6.2,0.7457501089715648
2026-04-29T11:54:01,04/29/202611:54,145.12,0.8800000000000001,127.70560000000002,55.4,1.72,95.288,95.0,0.3,7.0,198.7,23861.0,45140.0,17.0,15.5,61.0,30.03,12.68,26.0,860.0,6.2,0.7461536534028264
2026-04-29T11:54:17,04/29/202611:54,145.18,0.86,124.8548,55.4,1.69,93.62599999999999,93.3,0.3,7.0,198.7,23861.0,45140.0,17.0,15.5,61.0,30.03,12.68,26.0,860.0,6.2,0.7498790595155331
2026-04-29T11:55:00,04/29/202611:55,145.24,0.8400000000000001,122.00160000000002,55.4,1.6600000000000001,91.964,91.6,0.3,7.0,198.7,23861.0,45140.0,17.0,15.5,61.0,30.03,12.68,26.0,860.0,6.2,0.753793392873536
2026-04-29T11:55:17,04/29/202611:55,145.10999999999999,0.85,123.34349999999998,55.4,1.6800000000000002,93.072,92.7,0.3,7.0,198.7,23861.0,45140.0,17.0,15.5,61.0,30.03,12.68,26.0,860.0,6.2,0.7545756363326809
2026-04-29T11:56:01,04/29/202611:56,144.98,0.86,124.68279999999999,55.4,1.7,94.17999999999999,93.8,0.3,7.0,198.7,23861.0,45140.0,17.0,15.5,61.0,30.03,12.68,26.0,860.0,6.2,0.7553567933989291
2026-04-29T11:56:17,04/29/202611:56,144.92000000000002,0.85,123.18200000000002,55.4,1.6800000000000002,93.072,92.7,0.3,7.0,198.7,23861.0,45140.0,17.0,15.5,61.0,30.03,12.68,26.0,860.0,6.2,0.7555649364355181
2026-04-29T11:58:14,04/29/202611:58,145.04000000000002,0.85,123.28400000000002,55.4,1.67,92.518,92.1,0.3,7.0,198.7,23861.0,45140.0,17.1,15.5,61.0,30.03,12.68,26.0,860.0,6.2,0.7504461243957041
2026-04-29T11:58:17,04/29/202611:58,145.1,0.85,123.335,55.4,1.67,92.518,92.1,0.3,7.0,198.7,23861.0,45140.0,17.0,15.5,61.0,30.03,12.68,26.0,860.0,6.2,0.7501358089755544
2026-04-29T11:59:00,04/29/202611:59,145.16,0.85,123.386,55.4,1.67,92.518,92.1,0.3,7.0,198.7,23861.0,45140.0,17.0,15.5,61.0,30.03,12.68,26.0,860.0,6.2,0.7498257500850988
2026-04-29T12:00:10,04/29/202600:00,145.09,0.8300000000000001,120.42470000000002,55.4,1.61,89.194,88.8,0.3,7.0,198.7,23861.0,45140.0,17.0,15.5,61.0,30.03,12.68,26.0,860.0,6.2,0.740662007046727
2026-04-29T12:00:11,04/29/202600:00,145.25,0.8099999999999999,117.65249999999999,55.4,1.55,85.87,85.5,0.3,7.0,198.7,23861.0,45140.0,17.0,15.5,61.0,30.03,12.68,26.0,860.0,6.2,0.7298612439174689
2026-04-29T12:01:00,04/29/202600:01,145.56,0.8200000000000001,119.35920000000002,55.4,1.56,86.424,86.1,0.3,7.0,198.7,23861.0,45140.0,17.0,15.5,61.0,30.03,12.68,26.0,860.0,6.2,0.7240665151911205
2026-04-29T12:01:10,04/29/202600:01,145.44,0.8300000000000001,120.71520000000001,55.4,1.5699999999999998,86.978,86.7,0.4,7.0,198.7,23861.0,45140.0,17.0,15.540000000000001,60.9,30.03,12.68,26.0,862.0,6.220000000000001,0.7205223534401631
2026-04-29T12:02:01,04/29/202600:02,145.47,0.8200000000000001,119.28540000000001,55.4,1.55,85.87,85.6,0.4,7.0,198.7,23861.0,45140.0,17.0,15.580000000000002,60.8,30.03,12.68,26.0,864.0,6.24,0.7198701601369488
2026-04-29T12:02:10,04/29/202600:02,145.65,0.8200000000000001,119.433,55.4,1.56,86.424,86.1,0.4,7.0,198.7,23861.0,45140.0,17.0,15.62,60.7,30.03,12.68,26.0,866.0,6.26,0.723619100248675
2026-04-29T12:03:00,04/29/202600:03,145.65,0.8300000000000001,120.88950000000001,55.4,1.59,88.086,87.7,0.4,7.0,198.7,23861.0,45140.0,17.0,15.66,60.6,30.03,12.68,26.0,868.0,6.28,0.728648890102118
2026-04-29T12:03:10,04/29/202600:03,145.44,0.8300000000000001,120.71520000000001,55.4,1.59,88.086,87.7,0.4,7.0,198.7,23861.0,45140.0,17.0,15.7,60.5,30.03,12.68,26.0,870.0,6.3,0.7297009821464073
2026-04-29T12:04:01,04/29/202600:04,145.23,0.8400000000000001,121.9932,55.4,1.59,88.086,87.7,0.4,7.0,198.7,23861.0,45140.0,17.0,15.74,60.4,30.03,12.68,26.0,872.0,6.32,0.7220566392225141
2026-04-29T12:04:10,04/29/202600:04,144.79000000000002,0.85,123.07150000000001,55.4,1.59,88.086,87.7,0.4,7.0,198.7,23861.0,45140.0,17.1,15.780000000000001,60.3,30.03,12.68,26.0,874.0,6.340000000000001,0.7157302868657649
2026-04-29T12:05:00,04/29/202600:05,144.48,0.86,124.2528,55.4,1.6,88.64,88.2,0.4,7.0,198.7,23861.0,45140.0,17.1,15.819999999999999,60.2,30.03,12.68,26.0,876.0,6.36,0.7133843261479822
2026-04-29T12:05:10,04/29/202600:05,144.29000000000002,0.86,124.08940000000001,55.4,1.6,88.64,88.2,0.4,7.0,198.7,23861.0,45140.0,17.0,15.86,60.1,30.03,12.68,26.0,878.0,6.380000000000001,0.7143237053285776
2026-04-29T12:06:01,04/29/202600:06,144.1,0.86,123.92599999999999,55.4,1.6,88.64,88.2,0.4,7.0,198.7,23861.0,45140.0,17.0,15.9,60.0,30.03,12.68,26.0,880.0,6.4,0.7152655617061796
2026-04-29T12:06:10,04/29/202600:06,144.43,0.86,124.2098,55.4,1.61,89.194,88.7,0.4,7.0,198.7,23861.0,45140.0,17.1,15.9,60.0,30.03,12.68,26.0,880.0,6.4,0.7180914871451367
2026-04-29T12:07:00,04/29/202600:07,144.76,0.86,124.49359999999999,55.4,1.6199999999999999,89.74799999999999,89.2,0.4,7.0,198.7,23861.0,45140.0,17.1,15.9,60.0,30.03,12.68,26.0,880.0,6.4,0.7209045284255576
2026-04-29T12:07:11,04/29/202600:07,144.91,0.85,123.17349999999999,55.4,1.61,89.194,88.7,0.4,7.0,198.7,23861.0,45140.0,17.0,15.9,60.0,30.03,12.68,26.0,880.0,6.4,0.7241330318615612
2026-04-29T12:08:01,04/29/202600:08,145.06,0.8400000000000001,121.85040000000001,55.4,1.6,88.64,88.2,0.4,7.0,198.7,23861.0,45140.0,17.0,15.9,60.0,30.03,12.68,26.0,880.0,6.4,0.7274493969654593
2026-04-29T12:09:26,04/29/202600:09,145.2,0.8300000000000001,120.516,55.4,1.61,89.194,88.8,0.4,7.0,198.7,23861.0,45140.0,17.1,15.9,60.0,30.03,12.68,26.0,880.0,6.4,0.7401008994656311
2026-04-29T12:10:00,04/29/202600:10,145.34,0.8200000000000001,119.17880000000001,55.4,1.6199999999999999,89.74799999999999,89.4,0.4,7.0,198.7,23861.0,45140.0,17.1,15.9,60.0,30.03,12.68,26.0,880.0,6.4,0.7530533954025379
2026-04-29T12:10:10,04/29/202600:10,145.74,0.8099999999999999,118.0494,55.4,1.6,88.64,88.3,0.4,7.0,198.7,23861.0,45140.0,17.0,15.9,60.0,30.03,12.68,26.0,880.0,6.4,0.750872092530754
2026-04-29T12:11:01,04/29/202600:11,146.14000000000001,0.8,116.91200000000002,55.4,1.58,87.532,87.2,0.4,7.0,198.7,23861.0,45140.0,17.0,15.9,60.0,30.03,12.68,26.0,880.0,6.4,0.7486998768304364
2026-04-29T12:11:11,04/29/202600:11,146.18,0.8,116.94400000000002,55.4,1.58,87.532,87.2,0.4,7.0,198.7,23861.0,45140.0,17.1,15.9,60.0,30.03,12.68,26.0,880.0,6.4,0.7484950061567929
2026-04-29T12:12:01,04/29/202600:12,146.22,0.8,116.976,55.4,1.58,87.532,87.2,0.4,7.0,198.7,23861.0,45140.0,17.1,15.9,60.0,30.03,12.68,26.0,880.0,6.4,0.7482902475721516
2026-04-29T12:12:10,04/29/202600:12,146.17000000000002,0.8,116.93600000000002,55.410000000000004,1.58,87.54780000000001,87.2,0.4,7.0,198.7,23861.0,45140.0,17.1,15.9,60.0,30.03,12.68,26.0,880.0,6.4,0.7486813299582677
2026-04-29T12:13:01,04/29/202600:13,146.12,0.8,116.89600000000002,55.42,1.58,87.56360000000001,87.2,0.4,7.0,198.7,23861.0,45140.0,17.1,15.9,60.0,30.03,12.68,26.0,880.0,6.4,0.74907267998905
2026-04-29T12:13:10,04/29/202600:13,146.06,0.8099999999999999,118.3086,55.42999999999999,1.58,87.57939999999999,87.2,0.4,7.0,198.7,23861.0,45140.0,17.1,15.9,60.0,30.03,12.68,26.0,880.0,6.4,0.7402623308871882
2026-04-29T12:14:00,04/29/202600:14,146.0,0.8200000000000001,119.72000000000001,55.44,1.58,87.5952,87.2,0.4,7.0,198.7,23861.0,45140.0,17.1,15.9,60.0,30.03,12.68,26.0,880.0,6.4,0.7316672235215502
2026-04-29T12:14:10,04/29/202600:14,145.93,0.8099999999999999,118.2033,55.44,1.55,85.932,85.5,0.4,7.0,198.7,23861.0,45140.0,17.1,15.9,60.0,30.03,12.68,26.0,880.0,6.4,0.726984779612752
2026-04-29T12:15:01,04/29/202600:15,145.85999999999999,0.8,116.68799999999999,55.44,1.52,84.2688,83.8,0.4,7.0,198.7,23861.0,45140.0,17.1,15.9,60.0,30.03,12.68,26.0,880.0,6.4,0.7221719457013576
2026-04-29T12:15:11,04/29/202600:15,145.61999999999998,0.8,116.49599999999998,55.44,1.53,84.8232,84.4,0.4,7.0,198.7,23861.0,45140.0,17.0,15.9,60.0,30.03,12.68,26.0,880.0,6.4,0.7281211372064278
2026-04-29T12:16:00,04/29/202600:16,145.38,0.8,116.304,55.44,1.54,85.3776,85.0,0.4,7.0,198.7,23861.0,45140.0,17.0,15.9,60.0,30.03,12.68,26.0,880.0,6.4,0.7340899711101939
2026-04-29T12:16:10,04/29/202600:16,145.44,0.79,114.8976,55.44,1.54,85.3776,85.0,0.4,7.0,198.7,23861.0,45140.0,17.0,15.930000000000001,59.9,30.03,12.629999999999999,26.0,879.0,6.43,0.7430755733801229
2026-04-29T12:17:01,04/29/202600:17,145.5,0.78,113.49000000000001,55.44,1.54,85.3776,85.0,0.4,7.0,198.7,23861.0,45140.0,17.0,15.959999999999999,59.8,30.03,12.58,26.0,878.0,6.460000000000001,0.7522918318794607
2026-04-29T12:17:10,04/29/202600:17,145.56,0.79,114.9924,55.42999999999999,1.53,84.80789999999999,84.5,0.4,7.0,198.7,23861.0,45140.0,17.0,15.99,59.7,30.03,12.53,26.0,877.0,6.49,0.7375087397080153
2026-04-29T12:18:00,04/29/202600:18,145.61999999999998,0.8,116.49599999999998,55.42,1.52,84.2384,84.0,0.4,7.0,198.7,23861.0,45140.0,17.0,16.02,59.6,30.03,12.48,26.0,876.0,6.5200000000000005,0.7231012223595661
2026-04-29T12:18:10,04/29/202600:18,145.70999999999998,0.79,115.11089999999999,55.42,1.5,83.13,82.9,0.4,7.0,198.7,23861.0,45140.0,17.1,16.05,59.5,30.03,12.43,26.0,875.0,6.55,0.722173139120622
2026-04-29T12:19:01,04/29/202600:19,145.8,0.78,113.72400000000002,55.42,1.48,82.0216,81.8,0.4,7.0,198.7,23861.0,45140.0,17.1,16.080000000000002,59.4,30.03,12.379999999999999,26.0,874.0,6.58,0.7212338644437409
2026-04-29T12:19:10,04/29/202600:19,145.65,0.78,113.60700000000001,55.42,1.47,81.4674,81.3,0.4,7.0,198.7,23861.0,45140.0,17.1,16.11,59.3,30.03,12.33,26.0,873.0,6.610000000000001,0.7170984182312709
2026-04-29T12:20:37,04/29/202600:20,145.60999999999999,0.79,115.0319,55.42,1.48,82.0216,81.9,0.4,7.0,198.7,23861.0,45140.0,17.0,16.14,59.2,30.03,12.28,26.0,872.0,6.640000000000001,0.7130335150510425
2026-04-29T12:21:00,04/29/202600:21,145.70999999999998,0.79,115.11089999999999,55.42,1.48,82.0216,81.9,0.4,7.0,198.7,23861.0,45140.0,17.0,16.169999999999998,59.1,30.03,12.23,26.0,871.0,6.67,0.7125441639323471
2026-04-29T12:21:10,04/29/202600:21,145.95,0.79,115.3005,55.42,1.48,82.0216,81.9,0.4,7.0,198.7,23861.0,45140.0,17.1,16.2,59.0,30.03,12.18,26.0,870.0,6.7,0.7113724571879567
2026-04-29T12:22:01,04/29/202600:22,145.9,0.8,116.72000000000001,55.42,1.48,82.0216,81.9,0.4,7.0,198.7,23861.0,45140.0,17.1,16.2,59.0,30.03,12.18,26.0,870.0,6.7,0.7027210418094585
2026-04-29T12:22:11,04/29/202600:22,145.91,0.8099999999999999,118.18709999999999,55.42,1.49,82.5758,82.4,0.4,7.0,198.7,23861.0,45140.0,17.1,16.2,59.0,30.03,12.18,26.0,870.0,6.7,0.6986870817542694
2026-04-29T12:23:00,04/29/202600:23,145.92000000000002,0.8,116.73600000000002,55.42,1.5,83.13,82.9,0.4,7.0,198.7,23861.0,45140.0,17.1,16.2,59.0,30.03,12.18,26.0,870.0,6.7,0.712119654605263
2026-04-29T12:23:10,04/29/202600:23,145.81,0.79,115.18990000000001,55.42,1.5,83.13,82.9,0.4,7.0,198.7,23861.0,45140.0,17.0,16.2,59.0,30.03,12.18,26.0,870.0,6.7,0.7216778554369784
2026-04-29T12:24:01,04/29/202600:24,145.70999999999998,0.79,115.11089999999999,55.410000000000004,1.5,83.11500000000001,82.9,0.4,7.0,198.7,23861.0,45140.0,17.0,16.2,59.0,30.03,12.18,26.0,870.0,6.7,0.7220428300013293
2026-04-29T12:24:11,04/29/202600:24,145.63,0.79,115.0477,55.4,1.49,82.54599999999999,82.3,0.4,7.0,198.7,23861.0,45140.0,17.1,16.2,59.0,30.03,12.18,26.0,870.0,6.7,0.7174937004390352
2026-04-29T12:25:00,04/29/202600:25,145.84,0.8,116.67200000000001,55.4,1.5,83.1,82.8,0.4,7.0,198.7,23861.0,45140.0,17.1,16.2,59.0,30.03,12.18,26.0,870.0,6.7,0.7122531541415248
2026-04-29T12:25:11,04/29/202600:25,145.91,0.8099999999999999,118.18709999999999,55.410000000000004,1.51,83.6691,83.3,0.4,8.0,198.7,23861.0,45140.0,17.1,16.2,59.0,30.03,12.18,26.0,870.0,6.7,0.707937668324208
2026-04-29T12:25:56,04/29/202600:25,146.07999999999998,0.8099999999999999,118.32479999999998,55.410000000000004,1.51,83.6691,83.3,0.4,8.0,198.7,23861.0,45140.0,17.1,16.2,59.0,30.03,12.18,26.0,870.0,6.7,0.7071138087704354
2026-04-29T12:26:01,04/29/202600:26,146.10999999999999,0.8099999999999999,118.34909999999998,55.410000000000004,1.51,83.6691,83.3,0.4,8.0,198.7,23861.0,45140.0,17.1,16.2,59.0,30.03,12.18,26.0,870.0,6.7,0.7069686208006652
2026-04-29T12:26:55,04/29/202600:26,145.74,0.8099999999999999,118.0494,55.410000000000004,1.52,84.2232,83.8,0.4,8.0,198.7,23861.0,45140.0,17.0,16.2,59.0,30.03,12.18,26.0,870.0,6.7,0.7134572475590727
2026-04-29T12:27:00,04/29/202600:27,145.31,0.8099999999999999,117.7011,55.410000000000004,1.52,84.2232,83.8,0.4,8.0,198.7,23861.0,45140.0,17.0,16.2,59.0,30.03,12.18,26.0,870.0,6.7,0.7155685036078678
2026-04-29T12:27:55,04/29/202600:27,145.06,0.8200000000000001,118.9492,55.410000000000004,1.53,84.77730000000001,84.4,0.4,8.0,198.7,23861.0,45140.0,17.1,16.2,59.0,30.03,12.18,26.0,870.0,6.7,0.7127185386702896
2026-04-29T12:28:01,04/29/202600:28,144.93,0.8300000000000001,120.29190000000001,55.410000000000004,1.55,85.88550000000001,85.5,0.4,8.0,198.7,23861.0,45140.0,17.1,16.2,59.0,30.03,12.18,26.0,870.0,6.7,0.7139757539784474
2026-04-29T12:28:56,04/29/202600:28,144.86,0.8200000000000001,118.78520000000002,55.410000000000004,1.53,84.77730000000001,84.4,0.4,8.0,198.7,23861.0,45140.0,17.1,16.2,59.0,30.03,12.18,26.0,870.0,6.7,0.713702548802376
2026-04-29T12:29:01,04/29/202600:29,144.77,0.8099999999999999,117.2637,55.410000000000004,1.52,84.2232,83.9,0.4,8.0,198.7,23861.0,45140.0,17.1,16.2,59.0,30.03,12.18,26.0,870.0,6.7,0.7182376131744095
2026-04-29T12:29:56,04/29/202600:29,144.63,0.8,115.70400000000001,55.410000000000004,1.52,84.2232,83.9,0.4,8.0,198.7,23861.0,45140.0,17.1,16.2,59.0,30.03,12.18,26.0,870.0,6.7,0.727919518772039
2026-04-29T12:30:01,04/29/202600:30,144.52,0.78,112.72560000000001,55.4,1.5,83.1,82.8,0.4,8.0,198.7,23861.0,45140.0,17.1,16.2,59.0,30.03,12.18,26.0,870.0,6.7,0.7371883582788646
2026-04-29T12:31:49,04/29/202600:31,144.21,0.79,113.92590000000001,55.4,1.51,83.654,83.3,0.4,8.0,198.7,23861.0,45140.0,17.1,16.259999999999998,58.9,30.03,12.056000000000001,26.5,874.0,6.720000000000001,0.7342843023403808
2026-04-29T12:31:56,04/29/202600:31,143.75,0.79,113.5625,55.4,1.5,83.1,82.2,0.4,8.0,198.7,23861.0,45140.0,17.1,16.32,58.8,30.03,11.931999999999999,27.0,878.0,6.74,0.7317556411667584
2026-04-29T12:32:01,04/29/202600:32,143.69,0.79,113.5151,55.4,1.48,81.99199999999999,80.6,0.4,8.0,198.7,23861.0,45140.0,17.1,16.380000000000003,58.7,30.03,11.808,27.5,882.0,6.760000000000001,0.7223003811827676
2026-04-29T12:32:56,04/29/202600:32,144.34,0.79,114.02860000000001,55.4,1.46,80.884,79.5,0.4,8.0,198.7,23861.0,45140.0,17.1,16.44,58.6,30.03,11.684000000000001,28.0,886.0,6.779999999999999,0.7093308170055582
2026-04-29T12:33:01,04/29/202600:33,144.81,0.78,112.9518,55.4,1.43,79.222,77.8,0.4,8.0,198.7,23861.0,45140.0,17.1,16.5,58.5,30.03,11.559999999999999,28.5,890.0,6.8,0.7013788182215777
2026-04-29T12:33:56,04/29/202600:33,145.13,0.76,110.2988,55.4,1.4,77.55999999999999,76.1,0.4,8.0,198.7,23861.0,45140.0,17.1,16.56,58.4,30.03,11.436,29.0,894.0,6.82,0.7031808142971636
2026-04-29T12:34:01,04/29/202600:34,145.39000000000001,0.76,110.49640000000001,55.4,1.41,78.11399999999999,76.6,0.4,8.0,198.7,23861.0,45140.0,17.1,16.619999999999997,58.3,30.03,11.312,29.5,898.0,6.840000000000001,0.7069370585829039
2026-04-29T12:34:56,04/29/202600:34,145.65,0.77,112.15050000000001,55.4,1.43,79.222,77.7,0.4,8.0,198.7,23861.0,45140.0,17.1,16.68,58.1,30.026999999999997,11.187999999999999,30.0,902.0,6.860000000000001,0.7063900740522778
2026-04-29T12:35:01,04/29/202600:35,145.95999999999998,0.78,113.84879999999998,55.4,1.44,79.776,78.3,0.4,8.0,198.7,23861.0,45140.0,17.1,16.740000000000002,57.9,30.024,11.064,30.5,906.0,6.88,0.7007188481565024
2026-04-29T12:35:55,04/29/202600:35,146.2,0.79,115.49799999999999,55.410000000000004,1.46,80.8986,79.4,0.4,8.0,198.7,23861.0,45140.0,17.1,16.8,57.7,30.021000000000004,10.94,31.0,910.0,6.9,0.7004329079291417
2026-04-29T12:36:01,04/29/202600:36,146.54000000000002,0.78,114.30120000000002,55.42,1.46,80.9132,79.4,0.4,8.0,198.7,23861.0,45140.0,17.1,16.8,57.6,30.018,10.94,31.0,910.0,6.9,0.7078945802843714
2026-04-29T12:36:56,04/29/202600:36,147.09,0.7,102.963,55.379999999999995,1.3199999999999998,73.10159999999999,72.2,0.4,8.0,198.7,23861.0,45140.0,17.1,16.8,57.5,30.014999999999997,10.94,31.0,910.0,6.9,0.7099793129570816
2026-04-29T12:37:01,04/29/202600:37,147.64000000000001,0.62,91.53680000000001,55.339999999999996,1.1800000000000002,65.30120000000001,65.0,0.4,8.0,198.7,23861.0,45140.0,17.1,16.8,57.4,30.012,10.94,31.0,910.0,6.9,0.7133874026620988
2026-04-29T12:37:56,04/29/202600:37,147.25,0.61,89.8225,55.3,1.15,63.59499999999999,63.3,0.4,8.0,198.7,23861.0,45140.0,17.1,16.8,57.3,30.009000000000004,10.94,31.0,910.0,6.9,0.7080074591555566
2026-04-29T12:38:00,04/29/202600:38,146.85999999999999,0.6,88.11599999999999,55.260000000000005,1.1199999999999999,61.8912,61.6,0.4,8.0,198.7,23861.0,45140.0,17.1,16.8,57.2,30.006,10.94,31.0,910.0,6.9,0.7023832221163013
2026-04-29T12:38:56,04/29/202600:38,146.70999999999998,0.6,88.02599999999998,55.220000000000006,1.1099999999999999,61.2942,61.0,0.4,8.0,198.7,23861.0,45140.0,17.1,16.8,57.1,30.002999999999997,10.94,31.0,910.0,6.9,0.6963192693067958
2026-04-29T12:39:01,04/29/202600:39,146.56,0.6,87.93599999999999,55.17999999999999,1.1,60.69799999999999,60.4,0.4,8.0,198.7,23861.0,45140.0,17.1,16.8,57.0,30.0,10.94,31.0,910.0,6.9,0.6902520014556041
2026-04-29T12:39:56,04/29/202600:39,146.19,0.5900000000000001,86.25210000000001,55.14,1.07,58.99980000000001,58.7,0.4,8.0,198.7,23861.0,45140.0,17.1,16.8,57.0,30.0,10.94,31.0,910.0,6.910000000000001,0.6840389973113697
2026-04-29T12:40:00,04/29/202600:40,145.82,0.58,84.5756,55.1,1.04,57.304,57.0,0.4,8.0,198.7,23861.0,45140.0,17.1,16.8,57.0,30.0,10.94,31.0,910.0,6.92,0.6775476615004801
2026-04-29T12:40:56,04/29/202600:40,145.57999999999998,0.57,82.98059999999998,55.05,1.01,55.6005,55.3,0.4,8.0,198.7,23861.0,45140.0,17.1,16.8,57.0,30.0,10.94,31.0,910.0,6.93,0.6700421544312768
2026-04-29T12:41:01,04/29/202600:41,145.34,0.5599999999999999,81.3904,55.0,0.9800000000000001,53.900000000000006,53.6,0.4,8.0,198.7,23861.0,45140.0,17.1,16.8,57.0,30.0,10.94,31.0,910.0,6.94,0.6622402642080639
2026-04-29T12:43:01,04/29/202600:43,144.82999999999998,0.6199999999999999,89.79459999999997,55.0,1.1,60.50000000000001,60.2,0.4,8.0,198.7,23861.0,45140.0,17.1,16.8,57.0,30.0,10.94,31.0,910.0,6.95,0.6737598920202331
2026-04-29T12:43:56,04/29/202600:43,144.7,0.7,101.28999999999999,55.0,1.25,68.75,68.4,0.4,8.0,198.7,23861.0,45140.0,17.1,16.8,57.0,30.0,10.94,31.0,910.0,6.959999999999999,0.6787441998222925
2026-04-29T12:44:00,04/29/202600:44,144.8,0.71,102.808,55.0,1.29,70.95,70.6,0.4,8.0,198.7,23861.0,45140.0,17.1,16.8,57.0,30.0,10.94,31.0,910.0,6.970000000000001,0.6901213913314139
2026-04-29T12:44:56,04/29/202600:44,144.37,0.71,102.5027,55.0,1.29,70.95,70.6,0.4,8.0,198.7,23861.0,45140.0,17.1,16.8,57.0,30.0,10.94,31.0,910.0,6.9799999999999995,0.6921768889990215
2026-04-29T12:45:01,04/29/202600:45,143.85,0.71,102.1335,55.0,1.27,69.85,69.5,0.4,8.0,198.7,23861.0,45140.0,17.1,16.8,57.0,30.0,10.94,31.0,910.0,6.99,0.6839088056318445
2026-04-29T12:45:56,04/29/202600:45,143.88000000000002,0.72,103.59360000000001,55.0,1.28,70.4,70.1,0.4,8.0,198.7,23861.0,45140.0,17.1,16.830000000000002,56.7,30.0,10.909,30.9,911.0,7.0200000000000005,0.6795786612300374
2026-04-29T12:46:00,04/29/202600:46,144.13000000000002,0.73,105.21490000000001,55.0,1.3,71.5,71.2,0.4,8.0,198.7,23861.0,45140.0,17.1,16.860000000000003,56.4,30.0,10.878,30.8,912.0,7.040000000000001,0.6795615449903007
2026-04-29T12:47:00,04/29/202600:47,144.33,0.73,105.3609,55.0,1.3,71.5,71.2,0.4,8.0,198.7,23861.0,45140.0,17.1,16.89,56.1,30.0,10.847,30.7,913.0,7.06,0.6786198675220124
2026-04-29T12:47:59,04/29/202600:47,144.35,0.72,103.93199999999999,55.0,1.28,70.4,70.1,0.4,8.0,198.7,23861.0,45140.0,17.1,16.92,55.8,30.0,10.815999999999999,30.6,914.0,7.08,0.6773659700573453
2026-04-29T12:48:00,04/29/202600:48,144.37,0.71,102.5027,55.0,1.26,69.3,69.0,0.4,8.0,198.7,23861.0,45140.0,17.1,16.95,55.5,30.0,10.785,30.5,915.0,7.1,0.6760797520455558
2026-04-29T12:49:00,04/29/202600:49,144.51,0.72,104.04719999999999,55.0,1.27,69.85,69.5,0.4,8.0,198.7,23861.0,45140.0,17.1,16.98,55.2,30.0,10.754000000000001,30.4,916.0,7.12,0.6713299348757102
2026-04-29T12:49:59,04/29/202600:49,144.34,0.71,102.4814,55.0,1.27,69.85,69.5,0.4,8.0,198.7,23861.0,45140.0,17.1,17.01,54.9,30.0,10.723,30.3,917.0,7.140000000000001,0.6815870977562758
2026-04-29T12:50:00,04/29/202600:50,144.17000000000002,0.7,100.91900000000001,55.0,1.27,69.85,69.5,0.4,8.0,198.7,23861.0,45140.0,17.1,17.04,54.6,30.0,10.692,30.2,918.0,7.159999999999999,0.6921392403808994
2026-04-29T12:50:59,04/29/202600:50,144.64000000000001,0.7,101.248,55.0,1.29,70.95,70.6,0.4,8.0,198.7,23861.0,45140.0,17.1,17.07,54.3,30.0,10.661000000000001,30.1,919.0,7.18,0.700754582806574
2026-04-29T12:51:00,04/29/202600:51,145.10999999999999,0.7,101.57699999999998,55.0,1.31,72.05,71.7,0.4,8.0,198.7,23861.0,45140.0,17.1,17.1,54.0,30.0,10.63,30.0,920.0,7.2,0.7093141163846147
2026-04-29T12:52:00,04/29/202600:51,144.95,0.7,101.46499999999999,55.0,1.3199999999999998,72.6,72.2,0.4,8.0,198.7,23861.0,45140.0,17.1,17.1,54.0,30.0,10.63,30.0,920.0,7.2,0.715517666190312
2026-04-29T12:52:01,04/29/202600:52,144.79000000000002,0.7,101.35300000000001,55.0,1.33,73.15,72.7,0.4,8.0,198.7,23861.0,45140.0,17.1,17.1,54.0,30.0,10.63,30.0,920.0,7.2,0.7217349264451964
2026-04-29T12:54:13,04/29/202600:54,144.65,0.7,101.255,54.989999999999995,1.34,73.6866,73.2,0.4,8.0,198.7,23861.0,45140.0,17.1,17.1,54.0,30.0,10.63,30.0,920.0,7.2,0.7277329514591873
2026-04-29T12:55:00,04/29/202600:54,144.63,0.72,104.13359999999999,54.989999999999995,1.3699999999999999,75.33629999999998,74.9,0.4,8.0,198.7,23861.0,45140.0,17.1,17.1,54.0,30.0,10.63,30.0,920.0,7.2,0.7234581345502316
2026-04-29T12:55:01,04/29/202600:55,144.60999999999999,0.74,107.0114,54.989999999999995,1.4,76.98599999999999,76.6,0.4,8.0,198.7,23861.0,45140.0,17.1,17.1,54.0,30.0,10.63,30.0,920.0,7.2,0.7194186787575902
2026-04-29T12:55:59,04/29/202600:55,144.65,0.74,107.041,54.989999999999995,1.41,77.53589999999998,77.2,0.4,8.0,198.7,23861.0,45140.0,17.1,17.1,54.0,30.0,10.63,30.0,920.0,7.2,0.7243570220756531
2026-04-29T12:56:01,04/29/202600:56,144.62,0.74,107.0188,54.989999999999995,1.4,76.98599999999999,76.7,0.4,8.0,198.7,23861.0,45140.0,17.1,17.1,54.0,30.0,10.63,30.0,920.0,7.2,0.7193689333089138
2026-04-29T12:57:00,04/29/202600:56,144.38,0.74,106.8412,55.0,1.3800000000000001,75.9,75.6,0.4,8.0,198.7,23861.0,45140.0,17.1,17.1,54.0,30.0,10.63,30.0,920.0,7.2,0.7104001078235738
2026-04-29T12:57:01,04/29/202600:57,144.03,0.74,106.5822,55.010000000000005,1.3800000000000001,75.91380000000001,75.6,0.4,8.0,198.7,23861.0,45140.0,17.1,17.1,54.0,30.0,10.63,30.0,920.0,7.2,0.7122558926349805
2026-04-29T12:57:59,04/29/202600:57,143.78,0.75,107.83500000000001,55.010000000000005,1.3900000000000001,76.46390000000001,76.2,0.4,8.0,198.7,23861.0,45140.0,17.1,17.1,54.0,30.0,10.63,30.0,920.0,7.2,0.7090823943988501
2026-04-29T12:58:01,04/29/202600:58,143.60999999999999,0.75,107.70749999999998,55.010000000000005,1.38,75.9138,75.7,0.4,8.0,198.7,23861.0,45140.0,17.1,17.1,54.0,30.0,10.63,30.0,920.0,7.2,0.7048144279646265
2026-04-29T12:59:00,04/29/202600:58,143.47,0.75,107.60249999999999,55.010000000000005,1.3599999999999999,74.8136,74.6,0.4,8.0,198.7,23861.0,45140.0,17.1,17.1,54.0,30.0,10.63,30.0,920.0,7.2,0.6952775260797844
2026-04-29T12:59:01,04/29/202600:59,143.35999999999999,0.76,108.9536,55.02,1.3599999999999999,74.82719999999999,74.6,0.4,8.0,198.7,23861.0,45140.0,17.1,17.1,54.0,30.0,10.63,30.0,920.0,7.2,0.6867804276315789
2026-04-29T12:59:59,04/29/202600:59,143.23,0.75,107.42249999999999,55.02,1.35,74.27700000000002,74.0,0.4,8.0,198.7,23861.0,45140.0,17.1,17.1,54.0,30.0,10.63,30.0,920.0,7.2,0.6914473224883058
2026-04-29T13:00:01,04/29/202601:00,143.1,0.74,105.89399999999999,55.02,1.34,73.72680000000001,73.4,0.4,8.0,198.7,23861.0,45140.0,17.1,17.1,54.0,30.0,10.63,30.0,920.0,7.2,0.6962320811377417
2026-04-29T13:01:00,04/29/202601:00,142.99,0.74,105.8126,55.02,1.33,73.17660000000001,72.8,0.4,8.0,198.7,23861.0,45140.0,17.1,17.130000000000003,53.9,30.0,10.617,29.9,920.0,7.220000000000001,0.6915679229127722
2026-04-29T13:01:01,04/29/202601:01,142.88,0.74,105.7312,55.02,1.3199999999999998,72.62639999999999,72.2,0.4,8.0,198.7,23861.0,45140.0,17.1,17.160000000000004,53.8,30.0,10.604000000000001,29.8,920.0,7.24,0.6868965830332011
2026-04-29T13:01:59,04/29/202601:01,142.97,0.74,105.7978,55.010000000000005,1.33,73.1633,72.8,0.4,8.0,198.7,23861.0,45140.0,17.1,17.19,53.7,30.0,10.591000000000001,29.7,920.0,7.260000000000001,0.6915389544962184
2026-04-29T13:02:01,04/29/202601:02,143.06,0.74,105.8644,55.0,1.34,73.7,73.4,0.4,8.0,198.7,23861.0,45140.0,17.1,17.22,53.6,30.0,10.578,29.6,920.0,7.279999999999999,0.6961735956563302
2026-04-29T13:02:59,04/29/202601:02,143.07,0.73,104.44109999999999,55.0,1.3199999999999998,72.6,72.3,0.4,8.0,198.7,23861.0,45140.0,17.1,17.25,53.5,30.0,10.565000000000001,29.5,920.0,7.3,0.6951286418852348
2026-04-29T13:03:01,04/29/202601:03,143.07999999999998,0.72,103.01759999999999,55.0,1.3,71.5,71.2,0.4,8.0,198.7,23861.0,45140.0,17.1,17.28,53.4,30.0,10.552000000000001,29.4,920.0,7.32,0.6940561612772964
2026-04-29T13:03:10,04/29/202601:03,143.05,0.71,101.5655,55.0,1.31,72.05,71.8,0.4,8.0,198.7,23861.0,45140.0,17.1,17.31,53.3,30.0,10.539,29.3,920.0,7.340000000000001,0.7093944301952927
2026-04-29T13:04:01,04/29/202601:04,143.02,0.7,100.114,55.0,1.3199999999999998,72.6,72.4,0.4,8.0,198.7,23861.0,45140.0,17.1,17.339999999999996,53.2,30.0,10.526,29.2,920.0,7.360000000000001,0.7251733024352237
2026-04-29T13:05:24,04/29/202601:05,143.01,0.7,100.10699999999999,55.0,1.31,72.05,71.9,0.4,8.0,198.7,23861.0,45140.0,17.1,17.369999999999997,53.1,30.0,10.513,29.1,920.0,7.38,0.71972988901875
2026-04-29T13:06:00,04/29/202601:06,143.0,0.7,100.1,55.0,1.3,71.5,71.4,0.4,8.0,198.7,23861.0,45140.0,17.1,17.4,53.0,30.0,10.5,29.0,920.0,7.4,0.7142857142857143
2026-04-29T13:06:09,04/29/202601:06,142.97,0.7,100.079,55.0,1.2899999999999998,70.94999999999999,70.9,0.4,8.0,198.7,23861.0,45140.0,17.1,17.4,53.0,30.0,10.5,29.0,920.0,7.4,0.7089399374494149
2026-04-29T13:07:01,04/29/202601:07,142.94,0.7,100.05799999999999,55.0,1.2799999999999998,70.39999999999999,70.4,0.4,8.0,198.7,23861.0,45140.0,17.1,17.4,53.0,30.0,10.5,29.0,920.0,7.4,0.7035919166883208
2026-04-29T13:07:10,04/29/202601:07,142.92000000000002,0.71,101.4732,55.0,1.2899999999999998,70.94999999999999,70.9,0.4,8.0,198.7,23861.0,45140.0,17.1,17.4,53.0,30.0,10.5,29.0,920.0,7.4,0.6991993945199322
2026-04-29T13:08:00,04/29/202601:08,142.9,0.72,102.888,55.0,1.3,71.5,71.4,0.4,8.0,198.7,23861.0,45140.0,17.1,17.4,53.0,30.0,10.5,29.0,920.0,7.4,0.6949304097659591
2026-04-29T13:08:09,04/29/202601:08,142.89,0.72,102.88079999999998,55.0,1.3,71.5,71.4,0.4,8.0,198.7,23861.0,45140.0,17.1,17.4,53.0,30.0,10.5,29.0,920.0,7.4,0.694979043708836
2026-04-29T13:09:01,04/29/202601:09,142.88,0.72,102.8736,55.0,1.3,71.5,71.4,0.4,8.0,198.7,23861.0,45140.0,17.1,17.4,53.0,30.0,10.5,29.0,920.0,7.4,0.6950276844593755
2026-04-29T13:09:09,04/29/202601:09,142.85999999999999,0.72,102.85919999999999,55.0,1.2799999999999998,70.39999999999999,70.3,0.4,9.0,198.7,23861.0,45140.0,17.1,17.4,53.0,30.0,10.5,29.0,920.0,7.4,0.6844307558293279
2026-04-29T13:10:01,04/29/202601:10,142.84,0.72,102.84479999999999,55.0,1.26,69.3,69.2,0.4,9.0,198.7,23861.0,45140.0,17.1,17.4,53.0,30.0,10.5,29.0,920.0,7.4,0.6738308597031644
2026-04-29T13:10:10,04/29/202601:10,142.81,0.72,102.8232,55.0,1.27,69.85,69.7,0.4,9.0,198.7,23861.0,45140.0,17.1,17.4,53.0,30.0,10.5,29.0,920.0,7.4,0.6793213982836558
2026-04-29T13:11:00,04/29/202601:11,142.78,0.72,102.8016,55.0,1.28,70.4,70.2,0.4,9.0,198.7,23861.0,45140.0,17.1,17.4,53.0,30.0,10.5,29.0,920.0,7.4,0.6848142441362781
2026-04-29T13:11:09,04/29/202601:11,142.76,0.73,104.2148,55.0,1.3199999999999998,72.6,72.4,0.4,9.0,198.7,23861.0,45140.0,17.1,17.4,53.0,30.0,10.5,29.0,920.0,7.4,0.6966380974679219
2026-04-29T13:12:01,04/29/202601:12,142.74,0.74,105.6276,55.0,1.3599999999999999,74.8,74.6,0.4,9.0,198.7,23861.0,45140.0,17.1,17.4,53.0,30.0,10.5,29.0,920.0,7.4,0.7081482491318557
2026-04-29T13:12:10,04/29/202601:12,142.76,0.73,104.2148,55.0,1.34,73.7,73.5,0.4,9.0,198.7,23861.0,45140.0,17.1,17.4,53.0,30.0,10.5,29.0,920.0,7.4,0.70719322015683
2026-04-29T13:13:00,04/29/202601:13,142.78,0.72,102.8016,55.0,1.3199999999999998,72.6,72.4,0.4,9.0,198.7,23861.0,45140.0,17.1,17.4,53.0,30.0,10.5,29.0,920.0,7.4,0.7062146892655368
2026-04-29T13:13:09,04/29/202601:13,142.78,0.72,102.8016,55.0,1.3,71.5,71.3,0.4,9.0,198.7,23861.0,45140.0,17.1,17.4,53.0,30.0,10.5,29.0,920.0,7.4,0.6955144667009074
2026-04-29T13:14:01,04/29/202601:14,142.78,0.72,102.8016,55.0,1.28,70.4,70.2,0.4,9.0,198.7,23861.0,45140.0,17.1,17.4,53.0,30.0,10.5,29.0,920.0,7.4,0.6848142441362781
2026-04-29T13:14:10,04/29/202601:14,142.78,0.73,104.2294,55.0,1.3,71.5,71.3,0.4,9.0,198.7,23861.0,45140.0,17.1,17.4,53.0,30.0,10.5,29.0,920.0,7.4,0.6859868712666484
2026-04-29T13:14:24,04/29/202601:14,142.79000000000002,0.73,104.23670000000001,55.0,1.31,72.05,71.8,0.4,9.0,198.7,23861.0,45140.0,17.1,17.4,53.0,30.0,10.5,29.0,920.0,7.4,0.6912152821415105
2026-04-29T13:15:00,04/29/202601:15,142.81,0.73,104.2513,55.0,1.31,72.05,71.8,0.4,9.0,198.7,23861.0,45140.0,17.1,17.4,53.0,30.0,10.5,29.0,920.0,7.4,0.691118480057323
2026-04-29T13:16:35,04/29/202601:16,142.82,0.72,102.8304,55.0,1.3,71.5,71.3,0.4,9.0,198.7,23861.0,45140.0,17.1,17.43,52.9,30.0,10.55,29.0,924.0,7.4,0.6953196720036099
2026-04-29T13:17:00,04/29/202601:17,142.85,0.7,99.99499999999999,55.0,1.26,69.3,69.1,0.4,9.0,198.7,23861.0,45140.0,17.1,17.46,52.8,30.0,10.6,29.0,928.0,7.4,0.6930346517325867
2026-04-29T13:17:24,04/29/202601:17,142.32,0.69,98.20079999999999,55.0,1.23,67.65,66.9,0.4,9.0,198.7,23861.0,45140.0,17.1,17.49,52.7,30.0,10.65,29.0,932.0,7.4,0.6888945914900898
2026-04-29T13:18:00,04/29/202601:18,141.75,0.69,97.80749999999999,55.0,1.23,67.65,66.4,0.4,9.0,198.7,23861.0,45140.0,17.1,17.52,52.6,30.0,10.7,29.0,936.0,7.4,0.6916647496357643
2026-04-29T13:18:24,04/29/202601:18,141.27,0.69,97.4763,55.0,1.22,67.1,65.9,0.5,9.0,198.7,23861.0,45140.0,17.1,17.55,52.5,30.0,10.75,29.0,940.0,7.4,0.6883724556635817
2026-04-29T13:19:00,04/29/202601:19,140.78,0.69,97.1382,55.0,1.24,68.2,67.0,0.5,9.0,198.7,23861.0,45140.0,17.1,17.58,52.4,30.0,10.8,29.0,944.0,7.4,0.7020924826690221
2026-04-29T13:19:08,04/29/202601:19,140.62,0.69,97.0278,55.0,1.26,69.3,68.1,0.5,9.0,198.7,23861.0,45140.0,17.1,17.61,52.3,30.0,10.85,29.0,948.0,7.4,0.7142282933344877
2026-04-29T13:20:00,04/29/202601:20,140.48,0.6799999999999999,95.52639999999998,55.0,1.24,68.2,67.0,0.5,9.0,198.7,23861.0,45140.0,17.1,17.639999999999997,52.2,30.0,10.9,29.0,952.0,7.4,0.7139387645718882
2026-04-29T13:20:07,04/29/202601:20,140.75,0.6799999999999999,95.71,55.010000000000005,1.22,67.1122,65.9,0.5,9.0,198.7,23861.0,45140.0,17.1,17.669999999999998,52.1,30.0,10.95,29.0,956.0,7.4,0.7012036359837008
2026-04-29T13:21:00,04/29/202601:21,141.02,0.6799999999999999,95.89359999999999,55.02,1.2,66.024,64.8,0.5,9.0,198.7,23861.0,45140.0,17.1,17.7,52.0,30.0,11.0,29.0,960.0,7.4,0.6885131020214071
2026-04-29T13:21:08,04/29/202601:21,141.19,0.69,97.4211,55.02,1.2,66.024,64.8,0.5,9.0,198.7,23861.0,45140.0,17.1,17.7,52.0,30.0,11.0,29.0,960.0,7.4,0.6777176607531634
2026-04-29T13:22:00,04/29/202601:22,141.35999999999999,0.7,98.95199999999998,55.02,1.2,66.024,64.8,0.5,9.0,198.7,23861.0,45140.0,17.1,17.7,52.0,30.0,11.0,29.0,960.0,7.4,0.6672325976230901
2026-04-29T13:22:07,04/29/202601:22,141.95,0.71,100.78449999999998,55.02,1.2,66.024,65.3,0.5,9.0,198.7,23861.0,45140.0,17.1,17.7,52.0,30.0,11.0,29.0,960.0,7.4,0.6551007347359963
2026-04-29T13:23:00,04/29/202601:23,142.54000000000002,0.72,102.62880000000001,55.02,1.2,66.024,65.8,0.5,9.0,198.7,23861.0,45140.0,17.1,17.7,52.0,30.0,11.0,29.0,960.0,7.4,0.6433281885786445
2026-04-29T13:23:08,04/29/202601:23,143.26,0.72,103.14719999999998,55.02,1.2,66.024,65.8,0.5,9.0,198.7,23861.0,45140.0,17.1,17.7,52.0,30.0,11.0,29.0,960.0,7.4,0.6400949322909396
2026-04-29T13:24:00,04/29/202601:24,143.98,0.72,103.66559999999998,55.02,1.2,66.024,65.8,0.5,9.0,198.7,23861.0,45140.0,17.1,17.7,52.0,30.0,11.0,29.0,960.0,7.4,0.6368940130573691
2026-04-29T13:24:07,04/29/202601:24,143.82,0.71,102.11219999999999,55.02,1.2,66.024,65.8,0.5,9.0,198.7,23861.0,45140.0,17.1,17.7,52.0,30.0,11.0,29.0,960.0,7.4,0.6465828764829277
2026-04-29T13:25:00,04/29/202601:25,143.66,0.7,100.562,55.02,1.2,66.024,65.8,0.5,9.0,198.7,23861.0,45140.0,17.1,17.7,52.0,30.0,11.0,29.0,960.0,7.4,0.6565501879437561
2026-04-29T13:25:08,04/29/202601:25,143.15,0.7,100.205,55.02,1.22,67.12440000000001,66.9,0.5,9.0,198.7,23861.0,45140.0,17.1,17.7,52.0,30.0,11.0,29.0,960.0,7.4,0.6698707649318897
2026-04-29T13:26:00,04/29/202601:26,142.64000000000001,0.7,99.848,55.02,1.24,68.2248,68.0,0.5,9.0,198.7,23861.0,45140.0,17.1,17.7,52.0,30.0,11.0,29.0,960.0,7.4,0.6832865956253505
2026-04-29T13:26:08,04/29/202601:26,142.18,0.7,99.526,55.02,1.25,68.775,68.5,0.5,9.0,198.7,23861.0,45140.0,17.1,17.7,52.0,30.0,11.0,29.0,960.0,7.4,0.6910254606836406
2026-04-29T13:27:47,04/29/202601:27,142.14000000000001,0.7,99.498,55.02,1.25,68.775,68.5,0.5,9.0,198.7,23861.0,45140.0,17.1,17.7,52.0,30.0,11.0,29.0,960.0,7.4,0.6912199240185732
2026-04-29T13:28:01,04/29/202601:28,142.24,0.69,98.1456,55.02,1.24,68.2248,68.0,0.5,9.0,198.7,23861.0,45140.0,17.1,17.7,52.0,30.0,11.0,29.0,960.0,7.4,0.6951386511468676
2026-04-29T13:28:08,04/29/202601:28,142.03,0.6799999999999999,96.5804,55.02,1.22,67.12440000000001,66.9,0.5,9.0,198.7,23861.0,45140.0,17.1,17.7,52.0,30.0,11.0,29.0,960.0,7.4,0.6950105818571886
2026-04-29T13:29:00,04/29/202601:29,141.6,0.6799999999999999,96.28799999999998,55.02,1.21,66.5742,66.3,0.5,9.0,198.7,23861.0,45140.0,17.1,17.7,52.0,30.0,11.0,29.0,960.0,7.4,0.6914070289132604
2026-04-29T13:29:07,04/29/202601:29,141.2,0.6799999999999999,96.01599999999998,55.02,1.22,67.12440000000001,66.8,0.5,9.0,198.7,23861.0,45140.0,17.1,17.7,52.0,30.0,11.0,29.0,960.0,7.4,0.6990959840026665
2026-04-29T13:30:01,04/29/202601:30,141.35,0.69,97.5315,55.02,1.23,67.6746,67.3,0.5,9.0,198.7,23861.0,45140.0,17.1,17.7,52.0,30.0,11.0,29.0,960.0,7.4,0.6938742867688901
2026-04-29T13:30:08,04/29/202601:30,141.55,0.71,100.5005,55.02,1.24,68.2248,67.8,0.5,9.0,198.7,23861.0,45140.0,17.1,17.7,52.0,30.0,11.0,29.0,960.0,7.4,0.6788503539783384
2026-04-29T13:31:00,04/29/202601:31,141.68,0.72,102.0096,55.010000000000005,1.24,68.2124,67.8,0.5,9.0,198.7,23861.0,45140.0,17.1,17.7,52.0,30.0,11.0,29.0,960.0,7.4,0.668686084446954
2026-04-29T13:31:07,04/29/202601:31,141.84,0.73,103.5432,55.0,1.26,69.3,68.9,0.5,9.0,198.7,23861.0,45140.0,17.1,17.729999999999997,51.9,30.0,11.012,29.1,961.0,7.4,0.6692858632918434
2026-04-29T13:32:01,04/29/202601:32,142.06,0.74,105.1244,55.0,1.28,70.4,70.0,0.5,9.0,198.7,23861.0,45140.0,17.1,17.759999999999998,51.8,30.0,11.024,29.2,962.0,7.4,0.6696827758351059
2026-04-29T13:32:08,04/29/202601:32,141.91,0.74,105.01339999999999,55.0,1.3,71.5,71.1,0.5,9.0,198.7,23861.0,45140.0,17.1,17.77,51.7,30.0,11.098,29.8,962.0,7.4,0.6808654895470484
2026-04-29T13:33:00,04/29/202601:33,141.76,0.74,104.90239999999999,55.0,1.3199999999999998,72.6,72.2,0.5,9.0,198.7,23861.0,45140.0,17.1,17.78,51.6,30.0,11.172,30.4,962.0,7.4,0.6920718687084376
2026-04-29T13:33:08,04/29/202601:33,142.10999999999999,0.73,103.74029999999999,55.0,1.33,73.15,72.8,0.5,9.0,198.7,23861.0,45140.0,17.1,17.79,51.5,30.0,11.190999999999999,31.2,962.0,7.4,0.7051261660126298
2026-04-29T13:34:01,04/29/202601:34,142.45999999999998,0.72,102.57119999999998,55.0,1.34,73.7,73.4,0.5,9.0,198.7,23861.0,45140.0,17.1,17.8,51.4,30.0,11.209999999999999,32.0,962.0,7.4,0.718525278050759
2026-04-29T13:34:08,04/29/202601:34,143.01,0.72,102.96719999999999,55.0,1.34,73.7,73.4,0.5,9.0,198.7,23861.0,45140.0,17.1,17.81,51.3,30.0,11.229,32.8,962.0,7.4,0.7157619125313693
2026-04-29T13:34:24,04/29/202601:34,143.68,0.71,102.0128,55.0,1.3199999999999998,72.6,72.3,0.5,9.0,198.7,23861.0,45140.0,17.1,17.82,51.2,30.0,11.248,33.6,962.0,7.4,0.7116753975971642
2026-04-29T13:35:01,04/29/202601:35,144.3,0.6900000000000001,99.56700000000002,55.0,1.3,71.5,71.2,0.5,9.0,198.7,23861.0,45140.0,17.1,17.830000000000002,51.1,30.0,11.267,34.4,962.0,7.4,0.7181094137615875
2026-04-29T13:35:24,04/29/202601:35,144.42000000000002,0.6799999999999999,98.2056,55.0,1.29,70.95,70.7,0.5,9.0,198.7,23861.0,45140.0,17.1,17.84,51.0,30.0,11.286,35.2,962.0,7.4,0.722463892079474
2026-04-29T13:36:00,04/29/202601:36,144.51,0.6699999999999999,96.82169999999998,55.0,1.26,69.3,69.1,0.5,9.0,198.7,23861.0,45140.0,17.1,17.82,51.0,30.0,11.293,35.9,961.0,7.4,0.7157486389931184
2026-04-29T13:36:23,04/29/202601:36,144.59,0.6599999999999999,95.42939999999999,55.0,1.23,67.65,67.5,0.5,9.0,198.7,23861.0,45140.0,17.1,17.8,51.0,30.0,11.3,36.6,960.0,7.4,0.7089010305000347
2026-04-29T13:37:01,04/29/202601:37,144.62,0.6599999999999999,95.44919999999999,55.0,1.21,66.55,66.4,0.5,9.0,198.7,23861.0,45140.0,17.1,17.8,51.0,30.0,11.245,36.8,960.0,7.4,0.6972295210436547
2026-04-29T13:37:24,04/29/202601:37,144.95999999999998,0.6599999999999999,95.67359999999998,55.0,1.2,66.0,65.8,0.5,9.0,198.7,23861.0,45140.0,17.1,17.8,51.0,30.0,11.19,37.0,960.0,7.4,0.6898454746136867
2026-04-29T13:38:58,04/29/202601:38,144.75,0.6699999999999999,96.98249999999999,55.010000000000005,1.2,66.012,65.8,0.5,9.0,198.7,23861.0,45140.0,17.1,17.8,51.0,30.0,11.19,37.0,960.0,7.4,0.6806588817570182
2026-04-29T13:39:01,04/29/202601:39,144.54000000000002,0.6799999999999999,98.2872,55.02,1.2,66.024,65.8,0.5,9.0,198.7,23861.0,45140.0,17.1,17.8,51.0,30.0,11.19,37.0,960.0,7.4,0.6717456596586331
2026-04-29T13:39:23,04/29/202601:39,144.16,0.6699999999999999,96.58719999999998,55.02,1.19,65.4738,65.3,0.5,9.0,198.7,23861.0,45140.0,17.1,17.8,51.0,30.0,11.19,37.0,960.0,7.4,0.6778724303013237
2026-04-29T13:40:01,04/29/202601:40,143.66,0.6699999999999999,96.25219999999999,55.02,1.2,66.024,65.9,0.5,9.0,198.7,23861.0,45140.0,17.1,17.8,51.0,30.0,11.19,37.0,960.0,7.4,0.6859479575531781
2026-04-29T13:40:24,04/29/202601:40,143.25,0.6799999999999999,97.41,55.02,1.22,67.12440000000001,67.0,0.5,9.0,198.7,23861.0,45140.0,17.1,17.8,50.9,30.0,11.19,37.0,960.0,7.4,0.6890914690483524
2026-04-29T13:41:01,04/29/202601:41,143.34,0.6799999999999999,97.4712,55.02,1.23,67.6746,67.5,0.5,9.0,198.7,23861.0,45140.0,17.1,17.8,50.8,30.0,11.19,37.0,960.0,7.4,0.6943035481249846
2026-04-29T13:41:23,04/29/202601:41,143.32,0.6799999999999999,97.45759999999999,55.029999999999994,1.23,67.6869,67.5,0.5,9.0,198.7,23861.0,45140.0,17.1,17.8,50.7,30.0,11.19,37.0,960.0,7.4,0.6945266454335014
2026-04-29T13:42:01,04/29/202601:42,143.31,0.6799999999999999,97.45079999999999,55.04,1.23,67.6992,67.5,0.5,9.0,198.7,23861.0,45140.0,17.1,17.8,50.6,30.0,11.19,37.0,960.0,7.4,0.6947013262076864
2026-04-29T13:42:24,04/29/202601:42,143.59,0.6799999999999999,97.6412,55.04,1.22,67.1488,66.9,0.5,9.0,198.7,23861.0,45140.0,17.1,17.8,50.5,30.0,11.19,37.0,960.0,7.4,0.6877096963167187
2026-04-29T13:43:00,04/29/202601:43,143.56,0.6799999999999999,97.62079999999999,55.04,1.2,66.048,65.8,0.5,9.0,198.7,23861.0,45140.0,17.1,17.8,50.4,30.0,11.19,37.0,960.0,7.4,0.6765771229082328
2026-04-29T13:43:23,04/29/202601:43,143.75,0.6799999999999999,97.74999999999999,55.029999999999994,1.19,65.4857,65.2,0.5,9.0,198.7,23861.0,45140.0,17.1,17.8,50.3,30.0,11.19,37.0,960.0,7.4,0.6699304347826087
2026-04-29T13:44:01,04/29/202601:44,143.94,0.6799999999999999,97.87919999999998,55.02,1.1800000000000002,64.92360000000001,64.6,0.5,9.0,198.7,23861.0,45140.0,17.1,17.8,50.2,30.0,11.19,37.0,960.0,7.4,0.6633033371748034
2026-04-29T13:44:24,04/29/202601:44,143.95999999999998,0.69,99.33239999999998,55.02,1.1800000000000002,64.92360000000001,64.6,0.5,9.0,198.7,23861.0,45140.0,17.1,17.8,50.1,30.0,11.19,37.0,960.0,7.4,0.6535994297933003
2026-04-29T13:45:00,04/29/202601:45,143.98,0.7,100.78599999999999,55.02,1.1800000000000002,64.92360000000001,64.6,0.5,9.0,198.7,23861.0,45140.0,17.1,17.8,50.0,30.0,11.19,37.0,960.0,7.4,0.6441728017780248
2026-04-29T13:45:24,04/29/202601:45,143.87,0.7,100.709,55.02,1.19,65.4738,65.2,0.5,9.0,198.7,23861.0,45140.0,17.1,17.81,49.9,30.0,11.145999999999999,36.9,949.0,7.4,0.6501285883088899
2026-04-29T13:46:01,04/29/202601:46,143.76,0.7,100.63199999999999,55.02,1.2,66.024,65.8,0.5,9.0,198.7,23861.0,45140.0,17.1,17.82,49.8,30.0,11.102,36.8,938.0,7.4,0.656093489148581
2026-04-29T13:46:24,04/29/202601:46,143.84,0.7,100.688,55.010000000000005,1.2,66.012,65.8,0.5,9.0,198.7,23861.0,45140.0,17.1,17.830000000000002,49.7,30.0,11.058,36.7,927.0,7.4,0.6556094072779278
2026-04-29T13:47:00,04/29/202601:47,143.92000000000002,0.7,100.744,55.0,1.2,66.0,65.8,0.5,9.0,198.7,23861.0,45140.0,17.1,17.84,49.6,30.0,11.014,36.6,916.0,7.4,0.655125863575002
2026-04-29T13:47:24,04/29/202601:47,143.69,0.7,100.583,55.0,1.23,67.65,67.5,0.5,9.0,198.7,23861.0,45140.0,17.1,17.85,49.5,30.0,10.97,36.5,905.0,7.4,0.672578865215792
2026-04-29T13:48:01,04/29/202601:48,143.45999999999998,0.7,100.42199999999998,55.0,1.26,69.3,69.2,0.5,9.0,198.7,23861.0,45140.0,17.1,17.86,49.4,30.0,10.925999999999998,36.4,894.0,7.4,0.6900878293601005
2026-04-29T13:48:24,04/29/202601:48,143.35999999999999,0.7,100.35199999999999,54.989999999999995,1.25,68.7375,68.7,0.5,9.0,198.7,23861.0,45140.0,17.1,17.869999999999997,49.3,30.0,10.882,36.3,883.0,7.4,0.6849639269770409
2026-04-29T13:50:10,04/29/202601:50,143.25,0.7,100.27499999999999,54.989999999999995,1.26,69.28739999999999,69.3,0.5,9.0,198.7,23861.0,45140.0,17.1,17.88,49.2,30.0,10.838,36.2,872.0,7.4,0.6909738219895287
2026-04-29T13:50:24,04/29/202601:50,143.43,0.69,98.9667,54.989999999999995,1.25,68.7375,68.7,0.5,9.0,198.7,23861.0,45140.0,17.1,17.889999999999997,49.1,30.0,10.794,36.1,861.0,7.4,0.694551803788547
2026-04-29T13:51:00,04/29/202601:51,143.60999999999999,0.6799999999999999,97.65479999999998,54.989999999999995,1.24,68.18759999999999,68.1,0.5,9.0,198.7,23861.0,45140.0,17.1,17.9,49.0,30.0,10.75,36.0,850.0,7.4,0.698251391636663
2026-04-29T13:51:25,04/29/202601:51,143.72,0.6799999999999999,97.72959999999999,54.989999999999995,1.22,67.08779999999999,67.0,0.5,9.0,198.7,23861.0,45140.0,17.1,17.9,49.0,30.0,10.75,36.0,850.0,7.4,0.6864634665444246
2026-04-29T13:52:01,04/29/202601:52,143.82999999999998,0.6799999999999999,97.80439999999999,54.989999999999995,1.2,65.98799999999999,65.9,0.5,9.0,198.7,23861.0,45140.0,17.1,17.9,49.0,30.0,10.75,36.0,850.0,7.4,0.6746935720683322
2026-04-29T13:52:25,04/29/202601:52,144.52,0.6799999999999999,98.2736,54.989999999999995,1.21,66.5379,66.4,0.5,9.0,198.7,23861.0,45140.0,17.1,17.9,49.0,30.0,10.75,36.0,850.0,7.4,0.6770679002295631
2026-04-29T13:53:00,04/29/202601:53,145.20999999999998,0.6799999999999999,98.74279999999997,54.989999999999995,1.22,67.08779999999999,66.9,0.5,9.0,198.7,23861.0,45140.0,17.1,17.9,49.0,30.0,10.75,36.0,850.0,7.4,0.6794196640160093
2026-04-29T13:53:24,04/29/202601:53,145.27,0.6799999999999999,98.78359999999999,54.989999999999995,1.2,65.98799999999999,65.8,0.5,9.0,198.7,23861.0,45140.0,17.1,17.9,49.0,30.0,10.75,36.0,850.0,7.4,0.6680056203661335
2026-04-29T13:54:01,04/29/202601:54,145.32999999999998,0.6799999999999999,98.82439999999998,54.989999999999995,1.1800000000000002,64.8882,64.7,0.5,9.0,198.7,23861.0,45140.0,17.1,17.9,49.0,30.0,10.75,36.0,850.0,7.4,0.6566010013721308
2026-04-29T13:54:25,04/29/202601:54,145.8,0.6699999999999999,97.68599999999999,55.0,1.19,65.45,65.2,0.5,9.0,198.7,23861.0,45140.0,17.1,17.9,49.0,30.0,10.75,36.0,850.0,7.4,0.670003890014946
2026-04-29T13:55:00,04/29/202601:55,146.28,0.6599999999999999,96.5448,55.0,1.1800000000000002,64.9,64.6,0.5,9.0,198.7,23861.0,45140.0,17.1,17.9,49.0,30.0,10.75,36.0,850.0,7.4,0.6722267796919151
2026-04-29T13:55:25,04/29/202601:55,146.25,0.6699999999999999,97.98749999999998,55.0,1.17,64.35,64.0,0.5,9.0,198.7,23861.0,45140.0,17.1,17.9,49.0,30.0,10.75,36.0,850.0,7.4,0.6567164179104478
2026-04-29T13:56:01,04/29/202601:56,146.22,0.6799999999999999,99.4296,55.0,1.16,63.8,63.4,0.5,9.0,198.7,23861.0,45140.0,17.1,17.9,49.0,30.0,10.75,36.0,850.0,7.4,0.6416600288042997
2026-04-29T13:56:25,04/29/202601:56,146.1,0.6699999999999999,97.88699999999999,55.0,1.15,63.24999999999999,62.8,0.5,9.0,198.7,23861.0,45140.0,17.1,17.9,49.0,30.0,10.75,36.0,850.0,7.4,0.646153217485468
2026-04-29T13:57:00,04/29/202601:57,145.98,0.6599999999999999,96.34679999999999,55.0,1.1400000000000001,62.70000000000001,62.2,0.5,9.0,198.7,23861.0,45140.0,17.1,17.9,49.0,30.0,10.75,36.0,850.0,7.4,0.6507740786409099
2026-04-29T13:57:25,04/29/202601:57,145.08999999999997,0.6599999999999999,95.75939999999997,55.0,1.1400000000000001,62.70000000000001,62.2,0.5,9.0,198.7,23861.0,45140.0,17.1,17.9,49.0,30.0,10.75,36.0,850.0,7.4,0.6547660073058105
2026-04-29T13:58:01,04/29/202601:58,144.2,0.6599999999999999,95.17199999999998,55.0,1.1400000000000001,62.70000000000001,62.2,0.5,9.0,198.7,23861.0,45140.0,17.1,17.9,49.0,30.0,10.75,36.0,850.0,7.4,0.6588072122052707
2026-04-29T13:58:24,04/29/202601:58,144.04,0.65,93.626,55.0,1.1300000000000001,62.150000000000006,61.6,0.5,10.0,198.7,23861.0,45140.0,17.1,17.9,49.0,30.0,10.75,36.0,850.0,7.4,0.6638113344583769
2026-04-29T13:59:00,04/29/202601:59,143.88,0.6399999999999999,92.08319999999998,55.0,1.12,61.60000000000001,61.0,0.5,10.0,198.7,23861.0,45140.0,17.1,17.9,49.0,30.0,10.75,36.0,850.0,7.4,0.6689602446483183
2026-04-29T13:59:25,04/29/202601:59,143.88,0.6399999999999999,92.08319999999998,55.0,1.12,61.60000000000001,61.0,0.5,10.0,198.7,23861.0,45140.0,17.1,17.9,49.0,30.0,10.75,36.0,850.0,7.4,0.6689602446483183
2026-04-29T14:00:00,04/29/202602:00,143.88,0.6399999999999999,92.08319999999998,55.0,1.12,61.60000000000001,61.0,0.5,10.0,198.7,23861.0,45140.0,17.1,17.9,49.0,30.0,10.75,36.0,850.0,7.4,0.6689602446483183
2026-04-29T14:01:21,04/29/202602:01,144.02,0.63,90.7326,55.010000000000005,1.1400000000000001,62.71140000000001,62.2,0.5,10.0,198.7,23861.0,45140.0,17.1,17.939999999999998,48.9,29.997000000000003,10.775,36.2,862.0,7.4,0.6911672320643297
2026-04-29T14:01:33,04/29/202602:01,144.19,0.63,90.8397,55.010000000000005,1.1600000000000001,63.81160000000001,63.4,0.5,10.0,198.7,23861.0,45140.0,17.1,17.979999999999997,48.8,29.994,10.8,36.4,874.0,7.4,0.7024637906113739
2026-04-29T14:02:00,04/29/202602:02,144.56,0.6399999999999999,92.51839999999999,55.010000000000005,1.1700000000000002,64.36170000000001,64.0,0.5,10.0,198.7,23861.0,45140.0,17.1,18.02,48.7,29.990999999999996,10.825,36.6,886.0,7.4,0.6956637814748204
2026-04-29T14:02:33,04/29/202602:02,144.97,0.65,94.2305,55.010000000000005,1.1700000000000002,64.36170000000001,64.0,0.5,10.0,198.7,23861.0,45140.0,17.1,18.06,48.6,29.988,10.85,36.8,898.0,7.4,0.6830240739463338
2026-04-29T14:03:00,04/29/202602:03,145.49,0.65,94.56850000000001,55.010000000000005,1.15,63.2615,62.9,0.5,10.0,198.7,23861.0,45140.0,17.1,18.1,48.5,29.985000000000003,10.875,37.0,910.0,7.4,0.6689489629210571
2026-04-29T14:03:34,04/29/202602:03,145.62,0.65,94.653,55.010000000000005,1.1400000000000001,62.71140000000001,62.4,0.5,10.0,198.7,23861.0,45140.0,17.1,18.14,48.4,29.982,10.9,37.2,922.0,7.4,0.6625400145795697
2026-04-29T14:04:00,04/29/202602:04,145.67000000000002,0.6599999999999999,96.1422,55.010000000000005,1.15,63.2615,63.0,0.5,10.0,198.7,23861.0,45140.0,17.1,18.18,48.3,29.978999999999996,10.925,37.4,934.0,7.4,0.6579992968748375
2026-04-29T14:04:33,04/29/202602:04,145.79000000000002,0.6699999999999999,97.6793,55.0,1.15,63.24999999999999,63.0,0.5,10.0,198.7,23861.0,45140.0,17.1,18.22,48.2,29.976,10.95,37.6,946.0,7.4,0.6475271628686937
2026-04-29T14:05:00,04/29/202602:05,145.35,0.6799999999999999,98.838,54.989999999999995,1.15,63.23849999999999,63.0,0.5,10.0,198.7,23861.0,45140.0,17.1,18.259999999999998,48.1,29.973000000000003,10.975,37.8,958.0,7.4,0.6398197049717719
2026-04-29T14:05:33,04/29/202602:05,144.82999999999998,0.7,101.38099999999999,54.989999999999995,1.1800000000000002,64.8882,64.7,0.5,10.0,198.7,23861.0,45140.0,17.1,18.3,48.0,29.97,11.0,38.0,970.0,7.4,0.6400430060859531
2026-04-29T14:06:00,04/29/202602:06,144.5,0.72,104.03999999999999,54.98,1.2,65.976,65.8,0.5,10.0,198.7,23861.0,45140.0,17.1,18.3,48.0,29.97,11.0,38.0,970.0,7.4,0.6341407151095733
2026-04-29T14:06:33,04/29/202602:06,144.38,0.71,102.5098,54.989999999999995,1.19,65.43809999999999,65.2,0.5,10.0,198.7,23861.0,45140.0,17.1,18.3,48.0,29.97,11.0,38.0,970.0,7.4,0.638359454413139
2026-04-29T14:07:01,04/29/202602:07,144.26,0.7,100.98199999999999,55.0,1.1800000000000002,64.9,64.6,0.5,10.0,198.7,23861.0,45140.0,17.1,18.3,48.0,29.97,11.0,38.0,970.0,7.4,0.6426887960230537
2026-04-29T14:07:33,04/29/202602:07,144.5,0.6799999999999999,98.25999999999999,55.0,1.16,63.8,63.5,0.5,10.0,198.7,23861.0,45140.0,17.1,18.3,48.0,29.97,11.0,38.0,970.0,7.4,0.6492977813962956
2026-04-29T14:08:00,04/29/202602:08,144.74,0.6599999999999999,95.52839999999999,55.0,1.1400000000000001,62.70000000000001,62.4,0.5,10.0,198.7,23861.0,45140.0,17.1,18.3,48.0,29.97,11.0,38.0,970.0,7.4,0.6563493160149235
2026-04-29T14:08:33,04/29/202602:08,144.75,0.67,96.9825,55.010000000000005,1.15,63.2615,62.9,0.5,10.0,198.7,23861.0,45140.0,17.1,18.3,48.0,29.97,11.0,38.0,970.0,7.4,0.6522980950171422
2026-04-29T14:09:01,04/29/202602:09,144.76,0.6799999999999999,98.43679999999999,55.02,1.16,63.8232,63.4,0.5,10.0,198.7,23861.0,45140.0,17.1,18.3,48.0,29.97,11.0,38.0,970.0,7.4,0.6483672772784163
2026-04-29T14:09:34,04/29/202602:09,145.27,0.6799999999999999,98.78359999999999,55.029999999999994,1.1800000000000002,64.9354,64.5,0.5,10.0,198.7,23861.0,45140.0,17.1,18.3,48.0,29.97,11.0,38.0,970.0,7.4,0.6573500054664945
2026-04-29T14:09:54,04/29/202602:09,145.7,0.67,97.619,55.04,1.1800000000000002,64.94720000000001,64.5,0.5,10.0,198.7,23861.0,45140.0,17.1,18.3,48.0,29.97,11.0,38.0,970.0,7.4,0.665313105030783
2026-04-29T14:10:00,04/29/202602:10,146.20999999999998,0.65,95.03649999999999,55.04,1.15,63.29599999999999,62.8,0.5,10.0,198.7,23861.0,45140.0,17.1,18.3,48.0,29.97,11.0,38.0,970.0,7.4,0.6660177931636793
2026-04-29T14:10:55,04/29/202602:10,146.01,0.64,93.4464,55.04,1.1400000000000001,62.7456,62.2,0.5,10.0,198.7,23861.0,45140.0,17.1,18.3,48.0,29.97,11.0,38.0,970.0,7.4,0.6714608588452846
2026-04-29T14:11:00,04/29/202602:11,145.57,0.65,94.62049999999999,55.029999999999994,1.1600000000000001,63.8348,63.3,0.5,10.0,198.7,23861.0,45140.0,17.1,18.3,48.0,29.97,11.0,38.0,970.0,7.4,0.6746402735136678
2026-04-29T14:12:35,04/29/202602:12,145.38,0.6599999999999999,95.95079999999999,55.029999999999994,1.1800000000000002,64.9354,64.4,0.5,10.0,198.7,23861.0,45140.0,17.1,18.3,48.0,29.97,11.0,38.0,970.0,7.4,0.6767572547597311
2026-04-29T14:12:54,04/29/202602:12,144.82,0.6799999999999999,98.47759999999998,55.029999999999994,1.23,67.6869,67.2,0.5,10.0,198.7,23861.0,45140.0,17.1,18.3,48.0,29.97,11.0,38.0,970.0,7.4,0.6873329569363998
2026-04-29T14:13:00,04/29/202602:13,144.26,0.7,100.98199999999999,55.029999999999994,1.28,70.43839999999999,70.0,0.5,10.0,198.7,23861.0,45140.0,17.1,18.3,48.0,29.97,11.0,38.0,970.0,7.4,0.6975342140183399
2026-04-29T14:13:55,04/29/202602:13,144.09,0.6799999999999999,97.98119999999999,55.02,1.27,69.8754,69.5,0.5,10.0,198.7,23861.0,45140.0,17.1,18.3,48.0,29.97,11.0,38.0,970.0,7.4,0.7131510942915581
2026-04-29T14:14:01,04/29/202602:14,143.92000000000002,0.6599999999999999,94.9872,55.010000000000005,1.26,69.3126,69.0,0.5,10.0,198.7,23861.0,45140.0,17.1,18.3,48.0,29.97,11.0,38.0,970.0,7.4,0.7297046338875133
2026-04-29T14:14:55,04/29/202602:14,143.19,0.6699999999999999,95.9373,55.010000000000005,1.25,68.7625,68.5,0.5,10.0,198.7,23861.0,45140.0,17.1,18.3,48.0,29.97,11.0,38.0,970.0,7.4,0.7167441651995627
2026-04-29T14:15:00,04/29/202602:15,142.54000000000002,0.69,98.35260000000001,55.010000000000005,1.26,69.3126,69.1,0.5,10.0,198.7,23861.0,45140.0,17.1,18.3,48.0,29.97,11.0,38.0,970.0,7.4,0.7047358178634829
2026-04-29T14:15:55,04/29/202602:15,142.52,0.7,99.764,55.010000000000005,1.28,70.4128,70.2,0.5,10.0,198.7,23861.0,45140.0,17.1,18.330000000000002,47.9,29.97,10.95,37.6,969.0,7.390000000000001,0.7057936730684415
2026-04-29T14:16:01,04/29/202602:16,143.20999999999998,0.7,100.24699999999999,55.010000000000005,1.28,70.4128,70.2,0.5,10.0,198.7,23861.0,45140.0,17.1,18.360000000000003,47.8,29.97,10.9,37.2,968.0,7.38,0.7023930890699972
2026-04-29T14:16:54,04/29/202602:16,143.62,0.69,99.09779999999999,55.010000000000005,1.26,69.3126,69.1,0.5,10.0,198.7,23861.0,45140.0,17.1,18.39,47.7,29.97,10.85,36.8,967.0,7.37,0.6994363144287765
2026-04-29T14:17:00,04/29/202602:17,143.78,0.6799999999999999,97.7704,55.0,1.24,68.2,68.0,0.5,10.0,198.7,23861.0,45140.0,17.1,18.42,47.6,29.97,10.8,36.4,966.0,7.359999999999999,0.6975526335168927
2026-04-29T14:17:55,04/29/202602:17,143.88,0.6799999999999999,97.8384,55.0,1.23,67.65,67.4,0.5,10.0,198.7,23861.0,45140.0,17.1,18.45,47.5,29.97,10.75,36.0,965.0,7.35,0.6914463032919591
2026-04-29T14:18:01,04/29/202602:18,143.98,0.6799999999999999,97.90639999999999,55.0,1.22,67.1,66.8,0.5,10.0,198.7,23861.0,45140.0,17.1,18.48,47.4,29.97,10.7,35.6,964.0,7.340000000000001,0.6853484552593089
2026-04-29T14:18:54,04/29/202602:18,143.70999999999998,0.69,99.15989999999998,55.0,1.24,68.2,67.9,0.5,10.0,198.7,23861.0,45140.0,17.1,18.51,47.3,29.97,10.65,35.2,963.0,7.33,0.6877780231726738
2026-04-29T14:19:00,04/29/202602:19,143.44,0.7,100.40799999999999,55.0,1.26,69.3,69.0,0.5,10.0,198.7,23861.0,45140.0,17.1,18.54,47.2,29.97,10.6,34.8,962.0,7.32,0.6901840490797546
2026-04-29T14:19:55,04/29/202602:19,143.24,0.69,98.8356,55.0,1.26,69.3,69.0,0.5,10.0,198.7,23861.0,45140.0,17.1,18.57,47.1,29.97,10.55,34.4,961.0,7.31,0.7011643577820137
2026-04-29T14:20:01,04/29/202602:20,143.04000000000002,0.6799999999999999,97.2672,55.0,1.26,69.3,69.0,0.5,10.0,198.7,23861.0,45140.0,17.1,18.6,47.0,29.97,10.5,34.0,960.0,7.3,0.7124703908409
2026-04-29T14:20:55,04/29/202602:20,142.24,0.6799999999999999,96.72319999999999,55.0,1.23,67.65,67.3,0.5,10.0,198.7,23861.0,45140.0,17.1,18.57,47.0,29.97,10.5,34.0,952.0,7.3,0.6994185469463378
2026-04-29T14:21:00,04/29/202602:21,141.44,0.6799999999999999,96.1792,55.0,1.2,66.0,65.6,0.5,10.0,198.7,23861.0,45140.0,17.1,18.54,47.0,29.97,10.5,34.0,944.0,7.3,0.6862190577588502
2026-04-29T14:21:55,04/29/202602:21,141.0,0.6799999999999999,95.88,55.0,1.1800000000000002,64.9,64.5,0.5,10.0,198.7,23861.0,45140.0,17.1,18.51,47.0,29.97,10.593,33.7,936.0,7.3,0.6768877763871507
2026-04-29T14:22:01,04/29/202602:22,140.56,0.6799999999999999,95.5808,55.0,1.16,63.8,63.4,0.5,10.0,198.7,23861.0,45140.0,17.1,18.48,47.0,29.97,10.686,33.4,928.0,7.3,0.667498074927182
2026-04-29T14:23:44,04/29/202602:23,140.2,0.6799999999999999,95.33599999999998,55.0,1.16,63.8,63.4,0.5,10.0,198.7,23861.0,45140.0,17.1,18.45,47.0,29.97,10.779,33.1,920.0,7.3,0.6692120500125871
2026-04-29T14:23:55,04/29/202602:23,139.94,0.6799999999999999,95.15919999999998,55.0,1.15,63.24999999999999,62.9,0.5,10.0,198.7,23861.0,45140.0,17.1,18.42,47.0,29.97,10.872,32.8,912.0,7.3,0.6646756172813559
2026-04-29T14:24:01,04/29/202602:24,140.28,0.6799999999999999,95.39039999999999,55.0,1.1300000000000001,62.150000000000006,61.8,0.5,10.0,198.7,23861.0,45140.0,17.1,18.39,47.0,29.97,10.965,32.5,904.0,7.3,0.6515330683171474
2026-04-29T14:24:55,04/29/202602:24,141.07,0.6699999999999999,94.51689999999998,55.0,1.09,59.95,59.6,0.5,10.0,198.7,23861.0,45140.0,17.1,18.360000000000003,47.0,29.97,11.058,32.2,896.0,7.3,0.6342781026461936
2026-04-29T14:25:00,04/29/202602:25,141.78,0.6599999999999999,93.5748,55.0,1.0699999999999998,58.849999999999994,58.5,0.5,10.0,198.7,23861.0,45140.0,17.1,18.330000000000002,47.0,29.97,11.151,31.9,888.0,7.3,0.6289086377956458
2026-04-29T14:26:10,04/29/202602:26,142.05,0.65,92.33250000000001,55.010000000000005,1.05,57.76050000000001,57.4,0.5,10.0,198.7,23861.0,45140.0,17.1,18.3,47.0,29.97,11.244,31.6,880.0,7.3,0.6255706278937536
2026-04-29T14:27:00,04/29/202602:27,142.29000000000002,0.6399999999999999,91.0656,55.02,1.05,57.77100000000001,57.5,0.5,10.0,198.7,23861.0,45140.0,17.1,18.3,47.0,29.97,11.337,31.3,880.0,7.3,0.6343888361796332
2026-04-29T14:27:09,04/29/202602:27,142.98,0.6399999999999999,91.50719999999998,55.02,1.05,57.77100000000001,57.6,0.5,10.0,198.7,23861.0,45140.0,17.1,18.3,47.0,29.97,11.43,31.0,880.0,7.3,0.6313273709609738
2026-04-29T14:28:00,04/29/202602:28,143.59,0.65,93.3335,55.02,1.06,58.321200000000005,58.2,0.5,10.0,198.7,23861.0,45140.0,17.1,18.3,47.0,29.97,11.43,31.0,880.0,7.3,0.6248688841627069
2026-04-29T14:28:10,04/29/202602:28,143.78,0.6599999999999999,94.89479999999999,55.02,1.09,59.97180000000001,59.9,0.5,10.0,198.7,23861.0,45140.0,17.1,18.3,47.0,29.97,11.43,31.0,880.0,7.3,0.6319819421085245
2026-04-29T14:29:00,04/29/202602:29,143.92000000000002,0.6599999999999999,94.9872,55.02,1.08,59.421600000000005,59.4,0.5,10.0,198.7,23861.0,45140.0,17.1,18.3,47.0,29.97,11.43,31.0,880.0,7.3,0.6255748142907677
2026-04-29T14:29:09,04/29/202602:29,144.0,0.65,93.60000000000001,55.02,1.06,58.321200000000005,58.3,0.5,10.0,198.7,23861.0,45140.0,17.1,18.3,47.0,29.97,11.43,31.0,880.0,7.3,0.6230897435897436
2026-04-29T14:30:00,04/29/202602:30,144.07999999999998,0.6399999999999999,92.21119999999998,55.02,1.04,57.220800000000004,57.2,0.5,10.0,198.7,23861.0,45140.0,17.1,18.3,47.0,29.97,11.43,31.0,880.0,7.3,0.620540671848973
2026-04-29T14:30:10,04/29/202602:30,143.97,0.65,93.5805,55.02,1.06,58.321200000000005,58.3,0.5,10.0,198.7,23861.0,45140.0,17.1,18.3,47.0,29.97,11.43,31.0,880.0,7.3,0.6232195810024524
2026-04-29T14:31:01,04/29/202602:31,143.85999999999999,0.6599999999999999,94.94759999999998,55.02,1.08,59.421600000000005,59.4,0.5,10.0,198.7,23861.0,45140.0,17.1,18.3,47.0,29.97,11.43,31.0,880.0,7.3,0.6258357241257285
2026-04-29T14:31:10,04/29/202602:31,144.0,0.6699999999999999,96.47999999999999,55.010000000000005,1.1,60.51100000000001,60.5,0.5,10.0,198.7,23861.0,45140.0,17.1,18.330000000000002,47.0,29.97,11.418,30.9,881.0,7.3,0.6271869817578775
2026-04-29T14:32:00,04/29/202602:32,144.14000000000001,0.6799999999999999,98.01520000000001,55.0,1.1199999999999999,61.599999999999994,61.6,0.5,10.0,198.7,23861.0,45140.0,17.1,18.360000000000003,47.0,29.97,11.406,30.8,882.0,7.3,0.6284739509790317
2026-04-29T14:32:09,04/29/202602:32,144.19,0.6699999999999999,96.6073,55.0,1.1300000000000001,62.150000000000006,62.1,0.5,10.0,198.7,23861.0,45140.0,17.1,18.39,47.0,29.97,11.394,30.7,883.0,7.3,0.6433261254584282
2026-04-29T14:33:01,04/29/202602:33,144.24,0.6599999999999999,95.19839999999999,55.0,1.1400000000000001,62.70000000000001,62.6,0.5,10.0,198.7,23861.0,45140.0,17.1,18.42,47.0,29.97,11.382,30.6,884.0,7.3,0.6586245146977262
2026-04-29T14:33:10,04/29/202602:33,144.20999999999998,0.6599999999999999,95.17859999999997,55.0,1.1400000000000001,62.70000000000001,62.6,0.5,10.0,198.7,23861.0,45140.0,17.1,18.45,47.0,29.97,11.370000000000001,30.5,885.0,7.3,0.658761528326746
2026-04-29T14:34:56,04/29/202602:34,144.25,0.6599999999999999,95.20499999999998,55.0,1.1300000000000001,62.150000000000006,62.0,0.5,10.0,198.7,23861.0,45140.0,17.1,18.48,47.0,29.97,11.358,30.4,886.0,7.3,0.6528018486424034
2026-04-29T14:35:01,04/29/202602:35,144.25,0.6699999999999999,96.6475,55.0,1.1400000000000001,62.70000000000001,62.5,0.5,10.0,198.7,23861.0,45140.0,17.1,18.51,47.0,29.97,11.346,30.3,887.0,7.3,0.6487493209860578
2026-04-29T14:35:09,04/29/202602:35,144.60999999999999,0.6699999999999999,96.88869999999999,55.0,1.15,63.24999999999999,63.0,0.5,10.0,198.7,23861.0,45140.0,17.1,18.54,47.0,29.97,11.334,30.2,888.0,7.3,0.6528109057093345
2026-04-29T14:36:00,04/29/202602:36,144.70999999999998,0.6599999999999999,95.50859999999997,55.0,1.1400000000000001,62.70000000000001,62.4,0.5,10.0,198.7,23861.0,45140.0,17.1,18.57,47.0,29.97,11.322,30.1,889.0,7.3,0.6564853845622282
2026-04-29T14:36:09,04/29/202602:36,144.95999999999998,0.65,94.22399999999999,55.0,1.1300000000000001,62.150000000000006,61.8,0.5,10.0,198.7,23861.0,45140.0,17.1,18.6,47.0,29.97,11.31,30.0,890.0,7.3,0.6595984038037019
2026-04-29T14:37:01,04/29/202602:37,145.4,0.6399999999999999,93.05599999999998,55.0,1.12,61.60000000000001,61.2,0.5,10.0,198.7,23861.0,45140.0,17.1,18.6,47.0,29.97,11.31,30.0,890.0,7.3,0.6619669876203579
2026-04-29T14:37:10,04/29/202602:37,145.57999999999998,0.63,91.71539999999999,55.0,1.11,61.050000000000004,60.6,0.5,10.0,198.7,23861.0,45140.0,17.1,18.6,47.0,29.97,11.31,30.0,890.0,7.3,0.6656461183181888
2026-04-29T14:38:00,04/29/202602:38,145.4,0.63,91.602,55.0,1.11,61.050000000000004,60.6,0.5,10.0,198.7,23861.0,45140.0,17.1,18.6,47.0,29.97,11.31,30.0,890.0,7.3,0.6664701644068907
2026-04-29T14:38:09,04/29/202602:38,145.05,0.6399999999999999,92.832,55.0,1.1300000000000001,62.150000000000006,61.7,0.5,10.0,198.7,23861.0,45140.0,17.1,18.6,47.0,29.97,11.31,30.0,890.0,7.3,0.6694889693209239
2026-04-29T14:39:01,04/29/202602:39,145.2,0.6399999999999999,92.92799999999998,55.0,1.1400000000000001,62.70000000000001,62.2,0.5,10.0,198.7,23861.0,45140.0,17.1,18.6,47.0,29.97,11.31,30.0,890.0,7.3,0.6747159090909093
2026-04-29T14:39:10,04/29/202602:39,145.15,0.6399999999999999,92.89599999999999,55.0,1.15,63.24999999999999,62.8,0.5,10.0,198.7,23861.0,45140.0,17.1,18.6,47.0,29.97,11.31,30.0,890.0,7.3,0.680868928694454
2026-04-29T14:40:00,04/29/202602:40,145.1,0.6399999999999999,92.86399999999998,55.0,1.1600000000000001,63.80000000000001,63.4,0.5,10.0,198.7,23861.0,45140.0,17.1,18.6,47.0,29.97,11.31,30.0,890.0,7.3,0.6870261888352863
2026-04-29T14:40:10,04/29/202602:40,144.73,0.65,94.0745,55.0,1.1600000000000001,63.80000000000001,63.4,0.5,10.0,198.7,23861.0,45140.0,17.1,18.6,47.0,29.97,11.31,30.0,890.0,7.3,0.6781859058512137
2026-04-29T14:41:01,04/29/202602:41,144.35999999999999,0.6599999999999999,95.27759999999998,55.0,1.1600000000000001,63.80000000000001,63.4,0.5,10.0,198.7,23861.0,45140.0,17.1,18.6,47.0,29.97,11.31,30.0,890.0,7.3,0.6696222406945602
2026-04-29T14:41:09,04/29/202602:41,143.95999999999998,0.6699999999999999,96.45319999999998,55.0,1.1700000000000002,64.35000000000001,64.0,0.5,10.0,198.7,23861.0,45140.0,17.1,18.6,47.0,29.97,11.31,30.0,890.0,7.3,0.6671629349777926
2026-04-29T14:42:01,04/29/202602:42,143.56,0.6799999999999999,97.62079999999999,55.0,1.1800000000000002,64.9,64.6,0.5,10.0,198.7,23861.0,45140.0,17.1,18.6,47.0,29.97,11.31,30.0,890.0,7.3,0.6648173340107847
2026-04-29T14:42:10,04/29/202602:42,143.23,0.69,98.82869999999998,55.0,1.1800000000000002,64.9,64.6,0.5,10.0,198.7,23861.0,45140.0,17.1,18.6,47.0,29.97,11.31,30.0,890.0,7.3,0.6566918314214395
2026-04-29T14:43:01,04/29/202602:43,142.9,0.7,100.03,55.0,1.1800000000000002,64.9,64.6,0.5,10.0,198.7,23861.0,45140.0,17.1,18.6,47.0,29.97,11.31,30.0,890.0,7.3,0.6488053583924823
2026-04-29T14:43:10,04/29/202602:43,143.20999999999998,0.69,98.81489999999998,55.0,1.17,64.35,64.1,0.5,10.0,198.7,23861.0,45140.0,17.1,18.6,47.0,29.97,11.31,30.0,890.0,7.3,0.6512175795350702
2026-04-29T14:44:01,04/29/202602:44,143.52,0.6799999999999999,97.5936,55.0,1.16,63.8,63.6,0.5,10.0,198.7,23861.0,45140.0,17.1,18.6,47.0,29.97,11.31,30.0,890.0,7.3,0.6537313922224408
2026-04-29T14:44:10,04/29/202602:44,143.87,0.6699999999999999,96.3929,55.010000000000005,1.1400000000000001,62.71140000000001,62.5,0.5,10.0,198.7,23861.0,45140.0,17.1,18.6,47.0,29.97,11.31,30.0,890.0,7.3,0.650581111264419
2026-04-29T14:46:14,04/29/202602:46,143.97,0.6599999999999999,95.02019999999999,55.010000000000005,1.1,60.51100000000001,60.3,0.5,10.0,198.7,23861.0,45140.0,17.1,18.59,46.9,29.97,11.378,29.9,880.0,7.3,0.6368224861660996
2026-04-29T14:47:00,04/29/202602:47,144.03,0.65,93.6195,55.010000000000005,1.0699999999999998,58.860699999999994,58.7,0.5,10.0,198.7,23861.0,45140.0,17.1,18.580000000000002,46.8,29.97,11.446000000000002,29.8,870.0,7.3,0.6287226485935088
2026-04-29T14:47:14,04/29/202602:47,143.82999999999998,0.6399999999999999,92.05119999999998,55.010000000000005,1.06,58.31060000000001,58.2,0.5,10.0,198.7,23861.0,45140.0,17.1,18.57,46.7,29.97,11.514,29.7,860.0,7.3,0.633458336230272
2026-04-29T14:48:01,04/29/202602:48,143.51,0.63,90.4113,55.010000000000005,1.04,57.21040000000001,57.1,0.5,10.0,198.7,23861.0,45140.0,17.1,18.560000000000002,46.6,29.97,11.582,29.6,850.0,7.3,0.6327793096659379
2026-04-29T14:48:14,04/29/202602:48,143.66,0.63,90.5058,55.010000000000005,1.03,56.66030000000001,56.5,0.5,10.0,198.7,23861.0,45140.0,17.1,18.55,46.5,29.97,11.65,29.5,840.0,7.3,0.6260405410481982
2026-04-29T14:49:00,04/29/202602:49,144.0,0.63,90.72,55.010000000000005,1.03,56.66030000000001,56.5,0.5,10.0,198.7,23861.0,45140.0,17.1,18.54,46.4,29.97,11.718,29.4,830.0,7.3,0.6245623897707232
2026-04-29T14:49:15,04/29/202602:49,144.07,0.63,90.7641,55.010000000000005,1.04,57.21040000000001,57.1,0.5,10.0,198.7,23861.0,45140.0,17.1,18.53,46.3,29.97,11.786,29.3,820.0,7.3,0.6303196968845612
2026-04-29T14:50:19,04/29/202602:50,143.85999999999999,0.63,90.6318,55.010000000000005,1.01,55.560100000000006,55.4,0.5,10.0,198.7,23861.0,45140.0,17.1,18.52,46.2,29.97,11.854000000000001,29.2,810.0,7.3,0.6130309670557134
2026-04-29T14:51:01,04/29/202602:51,143.65,0.63,90.4995,55.010000000000005,0.9800000000000001,53.90980000000001,53.7,0.5,10.0,198.7,23861.0,45140.0,17.1,18.509999999999998,46.1,29.97,11.922,29.1,800.0,7.3,0.5956916889043588
2026-04-29T14:51:20,04/29/202602:51,142.98,0.6399999999999999,91.50719999999998,55.0,0.99,54.45,54.2,0.5,11.0,198.7,23861.0,45140.0,17.1,18.5,46.0,29.97,11.99,29.0,790.0,7.3,0.5950351447754932
2026-04-29T14:51:51,04/29/202602:51,142.6,0.65,92.69,55.0,1.01,55.55,55.3,0.6,11.0,198.7,23861.0,45140.0,17.1,18.5,46.0,29.97,11.99,29.0,790.0,7.3,0.5993095263782501
2026-04-29T14:52:01,04/29/202602:52,142.22,0.6599999999999999,93.86519999999999,55.0,1.03,56.65,56.4,0.6,11.0,198.7,23861.0,45140.0,17.1,18.5,46.0,29.97,11.99,29.0,790.0,7.3,0.6035250550789857
2026-04-29T14:52:52,04/29/202602:52,142.07,0.6699999999999999,95.18689999999998,54.989999999999995,1.04,57.1896,56.9,0.6,11.0,198.7,23861.0,45140.0,17.1,18.5,46.0,29.97,11.99,29.0,790.0,7.3,0.6008137674406878
2026-04-29T14:53:01,04/29/202602:53,141.92000000000002,0.6799999999999999,96.5056,54.98,1.05,57.729,57.4,0.6,11.0,198.7,23861.0,45140.0,17.1,18.5,46.0,29.97,11.99,29.0,790.0,7.3,0.5981932654685324
2026-04-29T14:53:51,04/29/202602:53,141.39,0.6799999999999999,96.14519999999999,54.98,1.06,58.2788,58.0,0.6,11.0,198.7,23861.0,45140.0,17.1,18.5,46.0,29.97,11.99,29.0,790.0,7.3,0.6061540253699613
2026-04-29T14:54:00,04/29/202602:54,140.85999999999999,0.6799999999999999,95.78479999999998,54.98,1.0699999999999998,58.82859999999999,58.6,0.6,11.0,198.7,23861.0,45140.0,17.1,18.5,46.0,29.97,11.99,29.0,790.0,7.3,0.6141746916003374
2026-04-29T14:54:52,04/29/202602:54,140.60999999999999,0.6799999999999999,95.61479999999999,54.98,1.06,58.2788,58.0,0.6,11.0,198.7,23861.0,45140.0,17.1,18.5,46.0,29.97,11.99,29.0,790.0,7.3,0.6095165183632659
2026-04-29T14:55:01,04/29/202602:55,140.17,0.69,96.71729999999998,54.98,1.08,59.3784,59.1,0.6,11.0,198.7,23861.0,45140.0,17.1,18.5,46.0,29.97,11.99,29.0,790.0,7.3,0.6139377339938151
2026-04-29T14:55:51,04/29/202602:55,139.81,0.7,97.86699999999999,54.98,1.12,61.577600000000004,61.3,0.6,11.0,198.7,23861.0,45140.0,17.1,18.5,46.0,29.97,11.99,29.0,790.0,7.3,0.6291967670409843
2026-04-29T14:57:19,04/29/202602:57,140.25,0.7,98.175,54.98,1.15,63.22699999999999,62.9,0.6,11.0,198.7,23861.0,45140.0,17.1,18.5,46.0,29.97,11.99,29.0,790.0,7.3,0.6440234275528393
2026-04-29T14:57:51,04/29/202602:57,140.28,0.71,99.5988,54.98,1.17,64.3266,64.0,0.6,11.0,198.7,23861.0,45140.0,17.1,18.5,46.0,29.97,11.99,29.0,790.0,7.3,0.6458571790021567
2026-04-29T14:58:00,04/29/202602:58,140.31,0.72,101.0232,54.98,1.19,65.4262,65.1,0.6,11.0,198.7,23861.0,45140.0,17.1,18.5,46.0,29.97,11.99,29.0,790.0,7.3,0.6476353946420228
2026-04-29T14:59:30,04/29/202602:59,140.68,0.72,101.28960000000001,54.989999999999995,1.2,65.98799999999999,65.7,0.6,11.0,198.7,23861.0,45140.0,17.1,18.5,46.0,29.97,11.99,29.0,790.0,7.3,0.6514785328404888
2026-04-29T15:00:00,04/29/202603:00,141.05,0.72,101.556,55.0,1.21,66.55,66.3,0.6,11.0,198.7,23861.0,45140.0,17.1,18.5,46.0,29.97,11.99,29.0,790.0,7.3,0.655303477884123
2026-04-29T15:00:29,04/29/202603:00,141.26,0.72,101.70719999999999,55.010000000000005,1.22,67.1122,66.8,0.6,11.0,198.7,23861.0,45140.0,17.1,18.5,46.0,29.97,11.99,29.0,790.0,7.3,0.6598569226170813
2026-04-29T15:01:01,04/29/202603:01,141.47,0.72,101.85839999999999,55.02,1.23,67.6746,67.3,0.6,11.0,198.7,23861.0,45140.0,17.1,18.5,46.0,29.97,11.99,29.0,790.0,7.3,0.6643988124690747
2026-04-29T15:01:30,04/29/202603:01,141.75,0.71,100.6425,55.010000000000005,1.23,67.6623,67.3,0.6,11.0,198.7,23861.0,45140.0,17.1,18.53,46.0,29.97,11.984,29.1,792.0,7.290000000000001,0.6723034503316194
2026-04-29T15:02:00,04/29/202603:02,142.03,0.7,99.42099999999999,55.0,1.23,67.65,67.3,0.6,11.0,198.7,23861.0,45140.0,17.1,18.56,46.0,29.97,11.978,29.2,794.0,7.279999999999999,0.6804397461300934
2026-04-29T15:02:29,04/29/202603:02,142.16,0.69,98.09039999999999,55.0,1.21,66.55,66.2,0.6,11.0,198.7,23861.0,45140.0,17.1,18.59,46.2,29.97,11.972,29.3,796.0,7.2700000000000005,0.678455791800217
2026-04-29T15:03:01,04/29/202603:03,142.04000000000002,0.6799999999999999,96.58720000000001,55.0,1.1800000000000002,64.9,64.6,0.6,11.0,198.7,23861.0,45140.0,17.1,18.619999999999997,46.4,29.97,11.966,29.4,798.0,7.26,0.6719316845296271
2026-04-29T15:03:30,04/29/202603:03,142.25,0.6799999999999999,96.72999999999999,55.0,1.21,66.55,66.2,0.6,11.0,198.7,23861.0,45140.0,17.1,18.65,46.6,29.97,11.959999999999999,29.5,800.0,7.25,0.6879975188669493
2026-04-29T15:04:00,04/29/202603:04,142.45999999999998,0.6799999999999999,96.87279999999998,55.0,1.24,68.2,67.8,0.6,11.0,198.7,23861.0,45140.0,17.1,18.68,46.8,29.97,11.953999999999999,29.6,802.0,7.24,0.7040159879759852
2026-04-29T15:04:29,04/29/202603:04,142.41,0.6799999999999999,96.83879999999999,55.0,1.24,68.2,67.8,0.6,11.0,198.7,23861.0,45140.0,17.1,18.71,47.0,29.97,11.948,29.7,804.0,7.2299999999999995,0.7042631672428821
2026-04-29T15:05:01,04/29/202603:05,142.35999999999999,0.6799999999999999,96.80479999999999,55.0,1.24,68.2,67.8,0.6,11.0,198.7,23861.0,45140.0,17.1,18.740000000000002,47.2,29.97,11.942,29.8,806.0,7.220000000000001,0.7045105201394973
2026-04-29T15:05:30,04/29/202603:05,142.32999999999998,0.6799999999999999,96.78439999999998,54.989999999999995,1.2200000000000002,67.0878,66.7,0.6,11.0,198.7,23861.0,45140.0,17.1,18.770000000000003,47.4,29.97,11.936,29.9,808.0,7.209999999999999,0.6931674939349731
2026-04-29T15:05:57,04/29/202603:05,142.38,0.67,95.3946,54.98,1.19,65.4262,65.1,0.6,11.0,198.7,23861.0,45140.0,17.1,18.8,47.6,29.97,11.93,30.0,810.0,7.2,0.6858480459061623
2026-04-29T15:06:00,04/29/202603:06,142.35,0.67,95.3745,54.989999999999995,1.1800000000000002,64.8882,64.6,0.6,11.0,198.7,23861.0,45140.0,17.1,18.8,47.8,29.97,11.93,30.0,810.0,7.2,0.6803516663259047
2026-04-29T15:06:57,04/29/202603:06,142.17000000000002,0.6799999999999999,96.6756,55.0,1.19,65.45,65.2,0.6,11.0,198.7,23861.0,45140.0,17.1,18.8,48.0,29.97,11.93,30.0,810.0,7.2,0.6770064007877893
2026-04-29T15:07:01,04/29/202603:07,142.06,0.69,98.0214,55.0,1.2,66.0,65.8,0.6,11.0,198.7,23861.0,45140.0,17.1,18.8,48.0,29.97,11.93,30.0,810.0,7.2,0.6733223561385575
2026-04-29T15:08:32,04/29/202603:08,142.17000000000002,0.69,98.0973,55.0,1.19,65.45,65.3,0.6,11.0,198.7,23861.0,45140.0,17.1,18.8,48.0,29.97,11.93,30.0,810.0,7.2,0.6671947138198503
2026-04-29T15:08:57,04/29/202603:08,142.57,0.6699999999999999,95.52189999999999,55.0,1.16,63.8,63.7,0.6,11.0,198.7,23861.0,45140.0,17.1,18.8,48.0,29.97,11.93,30.0,810.0,7.2,0.6679096626009324
2026-04-29T15:09:00,04/29/202603:09,142.97,0.65,92.93050000000001,55.0,1.1300000000000001,62.150000000000006,62.1,0.6,11.0,198.7,23861.0,45140.0,17.1,18.8,48.0,29.97,11.93,30.0,810.0,7.2,0.6687793566159657
2026-04-29T15:09:57,04/29/202603:09,142.95,0.65,92.91749999999999,55.0,1.1199999999999999,61.599999999999994,61.5,0.6,11.0,198.7,23861.0,45140.0,17.1,18.8,48.0,29.97,11.93,30.0,810.0,7.2,0.6629536954825518
2026-04-29T15:10:01,04/29/202603:10,142.93,0.65,92.90450000000001,55.0,1.1099999999999999,61.04999999999999,60.9,0.6,11.0,198.7,23861.0,45140.0,17.1,18.8,48.0,29.97,11.93,30.0,810.0,7.2,0.6571264039955006
2026-04-29T15:10:56,04/29/202603:10,143.0,0.65,92.95,55.0,1.1,60.50000000000001,60.4,0.6,11.0,198.7,23861.0,45140.0,17.1,18.8,48.0,29.97,11.93,30.0,810.0,7.2,0.6508875739644971
2026-04-29T15:11:00,04/29/202603:11,142.98999999999998,0.6599999999999999,94.37339999999998,55.0,1.1,60.50000000000001,60.4,0.6,11.0,198.7,23861.0,45140.0,17.1,18.8,48.0,29.97,11.93,30.0,810.0,7.2,0.6410704711285173
2026-04-29T15:11:57,04/29/202603:11,142.94,0.6699999999999999,95.76979999999999,55.0,1.1099999999999999,61.04999999999999,60.9,0.6,11.0,198.7,23861.0,45140.0,17.1,18.8,48.0,29.97,11.93,30.0,810.0,7.2,0.6374660905629959
2026-04-29T15:12:01,04/29/202603:12,143.04,0.6699999999999999,95.83679999999998,55.0,1.1,60.50000000000001,60.3,0.6,11.0,198.7,23861.0,45140.0,17.1,18.8,48.0,29.97,11.93,30.0,810.0,7.2,0.6312815119035696
2026-04-29T15:12:57,04/29/202603:12,143.35999999999999,0.65,93.184,55.0,1.05,57.75,57.5,0.6,11.0,198.7,23861.0,45140.0,17.1,18.8,48.0,29.97,11.93,30.0,810.0,7.2,0.6197415865384616
2026-04-29T15:13:00,04/29/202603:13,143.45999999999998,0.6399999999999999,91.81439999999998,55.0,1.02,56.1,55.8,0.6,11.0,198.7,23861.0,45140.0,17.1,18.8,48.0,29.97,11.93,30.0,810.0,7.2,0.6110152655792557
2026-04-29T15:13:57,04/29/202603:13,142.98,0.6399999999999999,91.50719999999998,55.0,1.01,55.55,55.2,0.6,11.0,198.7,23861.0,45140.0,17.1,18.8,48.0,29.97,11.93,30.0,810.0,7.2,0.6070560567911597
2026-04-29T15:14:01,04/29/202603:14,142.5,0.6399999999999999,91.19999999999999,55.0,1.0,55.0,54.6,0.6,11.0,198.7,23861.0,45140.0,17.1,18.8,48.0,29.97,11.93,30.0,810.0,7.2,0.6030701754385965
2026-04-29T15:14:57,04/29/202603:14,142.77,0.6399999999999999,91.3728,55.0,1.01,55.55,55.2,0.6,11.0,198.7,23861.0,45140.0,17.1,18.8,48.0,29.97,11.93,30.0,810.0,7.2,0.6079489738740632
2026-04-29T15:15:00,04/29/202603:15,143.04000000000002,0.6399999999999999,91.5456,55.0,1.02,56.1,55.8,0.6,11.0,198.7,23861.0,45140.0,17.1,18.8,48.0,29.97,11.93,30.0,810.0,7.2,0.6128093540268457
2026-04-29T15:15:57,04/29/202603:15,143.04000000000002,0.63,90.11520000000002,55.0,1.02,56.1,55.8,0.6,11.0,198.7,23861.0,45140.0,17.1,18.830000000000002,47.9,29.97,11.955,30.2,811.0,7.18,0.6225364866304463
2026-04-29T15:16:01,04/29/202603:16,143.04000000000002,0.6199999999999999,88.6848,55.0,1.02,56.1,55.8,0.6,11.0,198.7,23861.0,45140.0,17.1,18.860000000000003,47.8,29.97,11.98,30.4,812.0,7.159999999999999,0.632577397705131
2026-04-29T15:16:57,04/29/202603:16,142.99,0.6199999999999999,88.65379999999999,55.0,1.03,56.65,56.4,0.6,11.0,198.7,23861.0,45140.0,17.1,18.89,47.7,29.97,12.004999999999999,30.6,813.0,7.140000000000001,0.6390025018668123
2026-04-29T15:17:00,04/29/202603:17,142.94,0.6199999999999999,88.62279999999998,55.0,1.04,57.2,57.0,0.6,11.0,198.7,23861.0,45140.0,17.1,18.92,47.6,29.97,12.03,30.8,814.0,7.12,0.6454321009943267
2026-04-29T15:17:57,04/29/202603:17,142.57,0.63,89.81909999999999,55.0,1.06,58.300000000000004,58.1,0.6,11.0,198.7,23861.0,45140.0,17.1,18.95,47.5,29.97,12.055,31.0,815.0,7.1,0.6490824334690507
2026-04-29T15:18:01,04/29/202603:18,142.2,0.6399999999999999,91.00799999999998,55.0,1.08,59.400000000000006,59.2,0.6,11.0,198.7,23861.0,45140.0,17.1,18.98,47.4,29.97,12.08,31.2,816.0,7.08,0.6526898734177217
2026-04-29T15:19:42,04/29/202603:19,142.20999999999998,0.6399999999999999,91.01439999999997,55.0,1.06,58.300000000000004,58.1,0.6,11.0,198.7,23861.0,45140.0,17.1,19.01,47.3,29.97,12.105,31.4,817.0,7.06,0.6405579776387036
2026-04-29T15:19:57,04/29/202603:19,142.55,0.6399999999999999,91.232,55.0,1.05,57.75,57.6,0.6,11.0,198.7,23861.0,45140.0,17.1,19.04,47.2,29.97,12.129999999999999,31.6,818.0,7.040000000000001,0.6330015783935461
2026-04-29T15:20:00,04/29/202603:20,142.51,0.63,89.7813,55.0,1.03,56.65,56.5,0.6,11.0,198.7,23861.0,45140.0,17.1,19.07,47.1,29.97,12.155,31.8,819.0,7.0200000000000005,0.630977720304785
2026-04-29T15:20:57,04/29/202603:20,142.6,0.6199999999999999,88.41199999999998,55.0,1.02,56.1,55.9,0.6,11.0,198.7,23861.0,45140.0,17.1,19.1,47.0,29.97,12.18,32.0,820.0,7.0,0.6345292494231554
2026-04-29T15:21:00,04/29/202603:21,142.92000000000002,0.6199999999999999,88.6104,55.0,1.03,56.65,56.4,0.6,11.0,198.7,23861.0,45140.0,17.1,19.1,47.0,29.97,12.18,32.0,820.0,7.0,0.6393154753843793
2026-04-29T15:21:57,04/29/202603:21,142.57999999999998,0.63,89.82539999999999,55.0,1.05,57.75,57.5,0.6,11.0,198.7,23861.0,45140.0,17.1,19.1,47.0,29.97,12.18,32.0,820.0,7.0,0.6429139196708281
2026-04-29T15:22:00,04/29/202603:22,142.32999999999998,0.63,89.66789999999999,55.0,1.05,57.75,57.5,0.6,11.0,198.7,23861.0,45140.0,17.1,19.1,47.0,29.97,12.18,32.0,820.0,7.0,0.644043186023092
2026-04-29T15:22:28,04/29/202603:22,142.09,0.63,89.5167,55.0,1.02,56.1,55.8,0.6,11.0,198.7,23861.0,45140.0,17.1,19.1,47.0,29.97,12.18,32.0,820.0,7.0,0.6266987053812305
2026-04-29T15:23:01,04/29/202603:23,141.95,0.6399999999999999,90.84799999999998,55.0,1.02,56.1,55.8,0.6,11.0,198.7,23861.0,45140.0,17.1,19.1,47.0,29.97,12.18,32.0,820.0,7.0,0.6175149700598803
2026-04-29T15:23:28,04/29/202603:23,142.24,0.6399999999999999,91.03359999999999,55.0,1.04,57.2,56.9,0.6,11.0,198.7,23861.0,45140.0,17.1,19.1,47.0,29.97,12.18,32.0,820.0,7.0,0.6283394263217099
2026-04-29T15:24:00,04/29/202603:24,142.48,0.6399999999999999,91.18719999999998,55.0,1.06,58.300000000000004,58.0,0.6,11.0,198.7,23861.0,45140.0,17.1,19.1,47.0,29.97,12.18,32.0,820.0,7.0,0.6393441184727683
2026-04-29T15:24:28,04/29/202603:24,142.5,0.65,92.625,55.0,1.07,58.85,58.5,0.6,11.0,198.7,23861.0,45140.0,17.1,19.1,47.0,29.97,12.18,32.0,820.0,7.0,0.6353576248313091
2026-04-29T15:25:01,04/29/202603:25,142.52,0.6599999999999999,94.0632,55.0,1.08,59.400000000000006,59.0,0.6,11.0,198.7,23861.0,45140.0,17.1,19.1,47.0,29.97,12.18,32.0,820.0,7.0,0.6314903171484705
2026-04-29T15:25:29,04/29/202603:25,141.85999999999999,0.6599999999999999,93.62759999999997,55.010000000000005,1.08,59.41080000000001,59.0,0.6,11.0,198.7,23861.0,45140.0,17.1,19.1,47.0,29.97,12.18,32.0,820.0,7.0,0.634543660202761
2026-04-29T15:26:00,04/29/202603:26,141.2,0.6599999999999999,93.19199999999998,55.02,1.08,59.421600000000005,59.0,0.6,11.0,198.7,23861.0,45140.0,17.1,19.1,47.0,29.97,12.18,32.0,820.0,7.0,0.6376255472572755
2026-04-29T15:26:28,04/29/202603:26,141.2,0.6599999999999999,93.19199999999998,55.029999999999994,1.08,59.432399999999994,59.0,0.6,11.0,198.7,23861.0,45140.0,17.1,19.1,47.0,29.97,12.18,32.0,820.0,7.0,0.6377414370332218
2026-04-29T15:27:01,04/29/202603:27,141.2,0.6599999999999999,93.19199999999998,55.04,1.08,59.443200000000004,59.0,0.6,11.0,198.7,23861.0,45140.0,17.1,19.1,47.0,29.97,12.18,32.0,820.0,7.0,0.6378573268091684
2026-04-29T15:27:28,04/29/202603:27,141.42,0.65,91.923,55.04,1.1,60.544000000000004,60.1,0.6,11.0,198.7,23861.0,45140.0,17.1,19.1,47.0,29.97,12.18,32.0,820.0,7.0,0.6586382080654462
2026-04-29T15:28:00,04/29/202603:28,141.64,0.6399999999999999,90.64959999999998,55.04,1.12,61.644800000000004,61.2,0.6,11.0,198.7,23861.0,45140.0,17.1,19.1,47.0,29.97,12.18,32.0,820.0,7.0,0.6800338887319968
2026-04-29T15:28:28,04/29/202603:28,141.58999999999997,0.65,92.03349999999999,55.04,1.1300000000000001,62.19520000000001,61.8,0.6,11.0,198.7,23861.0,45140.0,17.1,19.1,47.0,29.97,12.18,32.0,820.0,7.0,0.6757887073728589
2026-04-29T15:29:01,04/29/202603:29,141.54,0.6599999999999999,93.41639999999998,55.04,1.1400000000000001,62.7456,62.4,0.6,11.0,198.7,23861.0,45140.0,17.1,19.1,47.0,29.97,12.18,32.0,820.0,7.0,0.6716764936349507
2026-04-29T15:29:28,04/29/202603:29,141.0,0.6599999999999999,93.05999999999999,55.04,1.1400000000000001,62.7456,62.4,0.6,11.0,198.7,23861.0,45140.0,17.1,19.1,47.0,29.97,12.18,32.0,820.0,7.0,0.6742488716956804
2026-04-29T15:30:53,04/29/202603:30,140.89,0.6599999999999999,92.98739999999998,55.04,1.1400000000000001,62.7456,62.4,0.6,11.0,198.7,23861.0,45140.0,17.1,19.1,47.0,29.97,12.18,32.0,820.0,7.0,0.6747752921363541
2026-04-29T15:31:01,04/29/202603:31,141.32999999999998,0.6699999999999999,94.69109999999998,55.029999999999994,1.1400000000000001,62.7342,62.4,0.6,11.0,198.7,23861.0,45140.0,17.1,19.1,47.0,29.97,12.18,32.0,820.0,7.0,0.6625142172812442
2026-04-29T15:31:28,04/29/202603:31,141.68,0.6799999999999999,96.3424,55.02,1.1400000000000001,62.722800000000014,62.4,0.6,11.0,198.7,23861.0,45140.0,17.1,19.12,46.9,29.97,12.174,31.8,818.0,6.9799999999999995,0.6510404557079751
2026-04-29T15:32:01,04/29/202603:32,142.03,0.6799999999999999,96.5804,55.010000000000005,1.1300000000000001,62.16130000000001,61.8,0.6,11.0,198.7,23861.0,45140.0,17.1,19.14,46.8,29.97,12.168,31.6,816.0,6.959999999999999,0.6436223084601018
2026-04-29T15:32:28,04/29/202603:32,142.01,0.6599999999999999,93.72659999999998,55.0,1.1,60.50000000000001,60.1,0.6,11.0,198.7,23861.0,45140.0,17.1,19.160000000000004,46.7,29.97,12.161999999999999,31.4,814.0,6.94,0.645494448747741
2026-04-29T15:33:01,04/29/202603:33,141.76,0.65,92.14399999999999,55.0,1.08,59.400000000000006,59.0,0.6,11.0,198.7,23861.0,45140.0,17.1,19.18,46.6,29.97,12.156,31.2,812.0,6.92,0.6446431672165308
2026-04-29T15:33:28,04/29/202603:33,141.78,0.6599999999999999,93.5748,55.0,1.09,59.95,59.6,0.6,11.0,198.7,23861.0,45140.0,17.1,19.2,46.5,29.97,12.15,31.0,810.0,6.9,0.640663939436686
2026-04-29T15:34:00,04/29/202603:34,141.64,0.6599999999999999,93.48239999999998,55.0,1.09,59.95,59.6,0.6,11.0,198.7,23861.0,45140.0,17.1,19.220000000000002,46.4,29.97,12.144,30.8,808.0,6.88,0.6412971853525371
2026-04-29T15:34:28,04/29/202603:34,141.39,0.65,91.9035,55.0,1.08,59.400000000000006,59.0,0.6,11.0,198.7,23861.0,45140.0,17.1,19.240000000000002,46.3,29.97,12.138,30.6,809.0,6.859999999999999,0.646330118004211
2026-04-29T15:35:01,04/29/202603:35,141.51999999999998,0.6399999999999999,90.57279999999997,55.0,1.08,59.400000000000006,59.0,0.6,11.0,198.7,23861.0,45140.0,17.1,19.26,46.2,29.97,12.132,30.4,810.0,6.840000000000001,0.6558260316563033
2026-04-29T15:35:29,04/29/202603:35,141.29,0.63,89.0127,55.0,1.04,57.2,56.8,0.6,11.0,198.7,23861.0,45140.0,17.1,19.220000000000002,46.1,29.97,12.144,30.5,811.0,6.82,0.64260493165582
2026-04-29T15:36:00,04/29/202603:36,141.06,0.6199999999999999,87.45719999999999,55.0,1.0,55.0,54.6,0.6,11.0,198.7,23861.0,45140.0,17.1,19.18,46.0,29.97,12.156,30.6,812.0,6.8,0.6288790402619797
2026-04-29T15:36:28,04/29/202603:36,140.82,0.6199999999999999,87.30839999999998,55.0,1.01,55.55,55.2,0.6,11.0,198.7,23861.0,45140.0,17.1,19.119999999999997,46.0,29.97,12.174,30.9,815.0,6.8,0.6362503493363756
2026-04-29T15:37:01,04/29/202603:37,140.57999999999998,0.6199999999999999,87.15959999999997,55.0,1.02,56.1,55.8,0.6,11.0,198.7,23861.0,45140.0,17.1,19.06,46.0,29.97,12.192,31.2,818.0,6.8,0.643646827199758
2026-04-29T15:37:28,04/29/202603:37,140.17000000000002,0.6399999999999999,89.7088,55.0,1.05,57.75,57.5,0.6,11.0,198.7,23861.0,45140.0,17.1,19.0,46.0,29.97,12.209999999999999,31.5,821.0,6.8,0.6437495541128629
2026-04-29T15:37:59,04/29/202603:37,140.27,0.65,91.17550000000001,55.0,1.06,58.300000000000004,58.1,0.6,11.0,198.7,23861.0,45140.0,17.1,18.94,46.0,29.97,12.228,31.8,824.0,6.8,0.6394261616333334
2026-04-29T15:38:00,04/29/202603:38,140.1,0.6399999999999999,89.66399999999999,55.0,1.04,57.2,57.0,0.6,11.0,198.7,23861.0,45140.0,17.1,18.880000000000003,46.0,29.97,12.246,32.1,827.0,6.8,0.6379371877230551
2026-04-29T15:39:11,04/29/202603:39,140.03,0.63,88.2189,55.0,1.03,56.65,56.4,0.6,11.0,198.7,23861.0,45140.0,17.1,18.82,46.0,29.97,12.264,32.4,830.0,6.8,0.6421526452948291
2026-04-29T15:40:00,04/29/202603:40,140.07,0.63,88.2441,55.0,1.03,56.65,56.4,0.6,11.0,198.7,23861.0,45140.0,17.1,18.759999999999998,46.0,29.97,12.282,32.7,830.0,6.8,0.6419692648007062
2026-04-29T15:40:11,04/29/202603:40,140.12,0.6399999999999999,89.67679999999999,55.0,1.04,57.2,57.0,0.6,11.0,198.7,23861.0,45140.0,17.1,18.7,46.0,29.97,12.3,33.0,830.0,6.8,0.6378461318869542
2026-04-29T15:42:05,04/29/202603:42,139.5,0.6399999999999999,89.27999999999999,55.0,1.08,59.400000000000006,59.2,0.6,11.0,198.7,23861.0,45140.0,17.1,18.7,46.0,29.97,12.3,33.0,830.0,6.8,0.6653225806451615
2026-04-29T15:42:11,04/29/202603:42,138.97,0.65,90.3305,55.0,1.1199999999999999,61.599999999999994,61.4,0.6,11.0,198.7,23861.0,45140.0,17.1,18.7,46.1,29.97,12.3,33.0,830.0,6.8,0.6819402084567228
2026-04-29T15:42:38,04/29/202603:42,138.66,0.6399999999999999,88.74239999999999,55.0,1.08,59.400000000000006,59.2,0.6,11.0,198.7,23861.0,45140.0,17.1,18.7,46.2,29.97,12.3,33.0,830.0,6.8,0.6693530938987453
2026-04-29T15:43:00,04/29/202603:43,138.35,0.63,87.1605,55.0,1.04,57.2,57.0,0.6,11.0,198.7,23861.0,45140.0,17.1,18.7,46.3,29.97,12.3,33.0,830.0,6.8,0.6562605767520838
2026-04-29T15:43:39,04/29/202603:43,139.22,0.63,87.7086,55.0,1.03,56.65,56.4,0.6,11.0,198.7,23861.0,45140.0,17.1,18.7,46.4,29.97,12.3,33.0,830.0,6.8,0.6458887725947056
2026-04-29T15:44:01,04/29/202603:44,139.57999999999998,0.6399999999999999,89.33119999999998,55.0,1.04,57.2,56.9,0.6,11.0,198.7,23861.0,45140.0,17.1,18.7,46.5,29.97,12.3,33.0,830.0,6.8,0.6403137985384727
2026-04-29T15:44:39,04/29/202603:44,139.82,0.65,90.883,55.0,1.05,57.75,57.4,0.6,11.0,198.7,23861.0,45140.0,17.1,18.7,46.6,29.97,12.3,33.0,830.0,6.8,0.6354323690899288
2026-04-29T15:44:54,04/29/202603:44,139.94,0.6599999999999999,92.36039999999998,55.0,1.06,58.300000000000004,58.0,0.6,11.0,198.7,23861.0,45140.0,17.1,18.7,46.7,29.97,12.3,33.0,830.0,6.8,0.6312229050545474
2026-04-29T15:45:00,04/29/202603:45,140.06,0.6699999999999999,93.8402,55.0,1.07,58.85,58.6,0.6,11.0,198.7,23861.0,45140.0,17.1,18.7,46.8,29.97,12.3,33.0,830.0,6.8,0.6271299507034299
2026-04-29T15:45:54,04/29/202603:45,140.33999999999997,0.6699999999999999,94.02779999999997,55.0,1.07,58.85,58.6,0.6,11.0,198.7,23861.0,45140.0,17.1,18.72,46.8,29.97,12.257000000000001,32.9,829.0,6.7700000000000005,0.6258787294821321
2026-04-29T15:46:01,04/29/202603:46,141.22,0.6799999999999999,96.02959999999999,55.0,1.08,59.400000000000006,59.2,0.6,11.0,198.7,23861.0,45140.0,17.1,18.74,46.8,29.97,12.214,32.8,828.0,6.74,0.618559277556087
2026-04-29T15:46:54,04/29/202603:46,141.82999999999998,0.6699999999999999,95.02609999999999,55.0,1.08,59.400000000000006,59.2,0.6,12.0,198.7,23861.0,45140.0,17.1,18.759999999999998,46.7,29.97,12.171000000000001,32.7,827.0,6.709999999999999,0.6250914222513606
2026-04-29T15:47:00,04/29/202603:47,142.32,0.6699999999999999,95.35439999999998,55.0,1.1099999999999999,61.04999999999999,60.8,0.6,12.0,198.7,23861.0,45140.0,17.1,18.779999999999998,46.6,29.97,12.128,32.6,826.0,6.68,0.6402431350834361
2026-04-29T15:47:54,04/29/202603:47,142.62,0.6699999999999999,95.55539999999999,55.0,1.15,63.24999999999999,62.9,0.6,12.0,198.7,23861.0,45140.0,17.1,18.8,46.5,29.97,12.084999999999999,32.5,825.0,6.65,0.6619196821948314
2026-04-29T15:48:00,04/29/202603:48,142.28,0.6599999999999999,93.9048,55.0,1.16,63.8,63.4,0.6,12.0,198.7,23861.0,45140.0,17.1,18.82,46.4,29.97,12.042,32.4,824.0,6.62,0.6794114890825602
2026-04-29T15:48:53,04/29/202603:48,142.25,0.65,92.4625,55.0,1.1400000000000001,62.70000000000001,62.3,0.6,12.0,198.7,23861.0,45140.0,17.1,18.839999999999996,46.3,29.97,11.998999999999999,32.3,823.0,6.590000000000001,0.6781127484115183
2026-04-29T15:49:00,04/29/202603:49,142.34,0.6399999999999999,91.09759999999999,55.0,1.1199999999999999,61.599999999999994,61.2,0.6,12.0,198.7,23861.0,45140.0,17.1,18.86,46.2,29.97,11.956,32.2,822.0,6.56,0.6761978361669243
2026-04-29T15:49:54,04/29/202603:49,142.45,0.6399999999999999,91.16799999999998,55.0,1.1099999999999999,61.04999999999999,60.6,0.6,12.0,198.7,23861.0,45140.0,17.1,18.88,46.1,29.97,11.913,32.1,821.0,6.529999999999999,0.6696428571428572
2026-04-29T15:50:00,04/29/202603:50,142.56,0.6399999999999999,91.23839999999998,55.0,1.1,60.50000000000001,60.0,0.6,12.0,198.7,23861.0,45140.0,17.1,18.9,46.0,29.97,11.87,32.0,820.0,6.5,0.6630979938271607
2026-04-29T15:50:53,04/29/202603:50,142.51,0.63,89.7813,55.0,1.08,59.400000000000006,58.9,0.6,12.0,198.7,23861.0,45140.0,17.1,18.9,46.0,29.97,11.87,32.0,820.0,6.5,0.6616077067273475
2026-04-29T15:51:00,04/29/202603:51,142.45999999999998,0.6199999999999999,88.32519999999997,55.0,1.06,58.300000000000004,57.8,0.6,12.0,198.7,23861.0,45140.0,17.1,18.9,46.0,29.97,11.87,32.0,820.0,6.5,0.6600607754072454
2026-04-29T15:51:54,04/29/202603:51,142.37,0.6199999999999999,88.26939999999999,55.0,1.05,57.75,57.3,0.6,12.0,198.7,23861.0,45140.0,17.1,18.9,46.0,29.97,11.87,32.0,820.0,6.5,0.6542471116830975
2026-04-29T15:53:16,04/29/202603:53,142.45,0.6199999999999999,88.31899999999997,55.0,1.05,57.75,57.3,0.6,12.0,198.7,23861.0,45140.0,17.2,18.9,46.0,29.97,11.87,32.0,820.0,6.5,0.6538796861377508
2026-04-29T15:53:53,04/29/202603:53,142.75,0.6199999999999999,88.50499999999998,55.0,1.04,57.2,56.8,0.6,12.0,198.7,23861.0,45140.0,17.1,18.9,46.0,29.97,11.87,32.0,820.0,6.5,0.6462911699903962
2026-04-29T15:54:00,04/29/202603:54,143.05,0.6199999999999999,88.69099999999999,55.0,1.03,56.65,56.3,0.6,12.0,198.7,23861.0,45140.0,17.1,18.9,46.0,29.97,11.87,32.0,820.0,6.5,0.6387344826419817
2026-04-29T15:54:54,04/29/202603:54,142.99,0.63,90.08370000000001,55.0,1.04,57.2,56.9,0.6,12.0,198.7,23861.0,45140.0,17.2,18.9,46.0,29.97,11.87,32.0,820.0,6.5,0.6349650380701503
2026-04-29T15:55:01,04/29/202603:55,142.93,0.6399999999999999,91.47519999999999,55.0,1.05,57.75,57.5,0.6,12.0,198.7,23861.0,45140.0,17.2,18.9,46.0,29.97,11.87,32.0,820.0,6.5,0.6313186524872316
2026-04-29T15:55:54,04/29/202603:55,142.55,0.6399999999999999,91.232,55.0,1.06,58.300000000000004,58.1,0.6,12.0,198.7,23861.0,45140.0,17.1,18.9,46.0,29.97,11.87,32.0,820.0,6.5,0.6390301648544371
2026-04-29T15:56:00,04/29/202603:56,142.17000000000002,0.6399999999999999,90.9888,55.0,1.0699999999999998,58.849999999999994,58.7,0.6,12.0,198.7,23861.0,45140.0,17.1,18.9,46.0,29.97,11.87,32.0,820.0,6.5,0.64678290075262
2026-04-29T15:56:54,04/29/202603:56,141.57,0.6399999999999999,90.60479999999998,55.0,1.06,58.300000000000004,58.1,0.6,12.0,198.7,23861.0,45140.0,17.1,18.9,46.0,29.97,11.87,32.0,820.0,6.5,0.6434537684537687
2026-04-29T15:57:01,04/29/202603:57,140.97,0.6399999999999999,90.22079999999998,55.0,1.05,57.75,57.5,0.6,12.0,198.7,23861.0,45140.0,17.1,18.9,46.0,29.97,11.87,32.0,820.0,6.5,0.6400962970844862
2026-04-29T15:57:54,04/29/202603:57,141.0,0.65,91.65,55.0,1.0699999999999998,58.849999999999994,58.6,0.6,12.0,198.7,23861.0,45140.0,17.1,18.9,46.0,29.97,11.87,32.0,820.0,6.5,0.6421167484997271
2026-04-29T15:58:01,04/29/202603:58,140.85999999999999,0.6599999999999999,92.96759999999998,55.0,1.08,59.400000000000006,59.2,0.6,12.0,198.7,23861.0,45140.0,17.1,18.9,46.0,29.97,11.87,32.0,820.0,6.5,0.6389322731790432
2026-04-29T15:58:54,04/29/202603:58,140.8,0.65,91.52000000000001,55.0,1.06,58.300000000000004,58.1,0.6,12.0,198.7,23861.0,45140.0,17.1,18.9,46.0,29.97,11.87,32.0,820.0,6.5,0.6370192307692307
2026-04-29T15:59:01,04/29/202603:59,140.74,0.6399999999999999,90.0736,55.0,1.04,57.2,57.0,0.6,12.0,198.7,23861.0,45140.0,17.1,18.9,46.0,29.97,11.87,32.0,820.0,6.5,0.6350362370328265
2026-04-29T15:59:54,04/29/202603:59,140.57,0.6399999999999999,89.96479999999998,55.0,1.06,58.300000000000004,58.1,0.6,12.0,198.7,23861.0,45140.0,17.1,18.9,46.0,29.97,11.87,32.0,820.0,6.5,0.6480312299921749
2026-04-29T16:00:01,04/29/202604:00,140.4,0.6399999999999999,89.856,55.0,1.08,59.400000000000006,59.2,0.6,12.0,198.7,23861.0,45140.0,17.1,18.9,46.0,29.97,11.87,32.0,820.0,6.5,0.6610576923076924
2026-04-29T16:00:54,04/29/202604:00,140.60999999999999,0.6399999999999999,89.99039999999998,55.0,1.06,58.300000000000004,58.1,0.6,12.0,198.7,23861.0,45140.0,17.1,18.919999999999998,45.9,29.97,11.925999999999998,31.8,817.0,6.49,0.6478468814451321
2026-04-29T16:01:01,04/29/202604:01,140.82,0.6399999999999999,90.12479999999998,55.0,1.04,57.2,57.0,0.6,12.0,198.7,23861.0,45140.0,17.1,18.939999999999998,45.8,29.97,11.982,31.6,814.0,6.4799999999999995,0.6346754722340578
2026-04-29T16:01:54,04/29/202604:01,140.7,0.65,91.455,55.0,1.05,57.75,57.6,0.6,12.0,198.7,23861.0,45140.0,17.2,18.96,45.7,29.97,12.038,31.4,811.0,6.470000000000001,0.6314580941446614
2026-04-29T16:02:01,04/29/202604:02,140.57999999999998,0.6599999999999999,92.78279999999998,55.0,1.06,58.300000000000004,58.2,0.6,12.0,198.7,23861.0,45140.0,17.2,18.98,45.6,29.97,12.094,31.2,808.0,6.459999999999999,0.6283492198985159
2026-04-29T16:02:35,04/29/202604:02,140.12,0.6599999999999999,92.47919999999999,55.0,1.05,57.75,57.6,0.6,12.0,198.7,23861.0,45140.0,17.1,19.0,45.5,29.97,12.15,31.0,805.0,6.45,0.6244647445047103
2026-04-29T16:03:01,04/29/202604:03,139.66,0.6599999999999999,92.17559999999999,55.0,1.04,57.2,57.0,0.6,12.0,198.7,23861.0,45140.0,17.1,19.02,45.4,29.97,12.206,30.8,802.0,6.44,0.6205546804143397
2026-04-29T16:04:27,04/29/202604:04,139.4,0.6699999999999999,93.398,55.0,1.06,58.300000000000004,58.1,0.6,12.0,198.7,23861.0,45140.0,17.2,19.04,45.3,29.97,12.261999999999999,30.6,799.0,6.43,0.6242103685303755
2026-04-29T16:04:35,04/29/202604:04,139.13,0.6799999999999999,94.60839999999999,55.0,1.06,58.300000000000004,58.1,0.6,12.0,198.7,23861.0,45140.0,17.2,19.060000000000002,45.2,29.97,12.318,30.4,796.0,6.42,0.6162243521716889
2026-04-29T16:05:00,04/29/202604:05,139.02,0.6699999999999999,93.1434,55.0,1.03,56.65,56.4,0.6,12.0,198.7,23861.0,45140.0,17.2,19.080000000000002,45.1,29.97,12.373999999999999,30.2,793.0,6.410000000000001,0.6082019767369454
2026-04-29T16:06:04,04/29/202604:06,138.93,0.6599999999999999,91.6938,55.0,1.01,55.55,55.3,0.6,12.0,198.7,23861.0,45140.0,17.1,19.1,45.0,29.97,12.43,30.0,790.0,6.4,0.6058206770795844
2026-04-29T16:07:00,04/29/202604:07,138.78,0.65,90.20700000000001,55.0,1.01,55.55,55.3,0.6,12.0,198.7,23861.0,45140.0,17.1,19.1,45.0,29.97,12.43,30.0,790.0,6.4,0.6158058687241565
2026-04-29T16:07:04,04/29/202604:07,138.75,0.65,90.1875,55.0,1.01,55.55,55.3,0.6,12.0,198.7,23861.0,45140.0,17.1,19.1,45.0,29.97,12.43,30.0,790.0,6.4,0.6159390159390159
2026-04-29T16:08:00,04/29/202604:08,139.26,0.65,90.51899999999999,55.0,1.01,55.55,55.3,0.6,12.0,198.7,23861.0,45140.0,17.1,19.1,45.0,29.97,12.43,30.0,790.0,6.4,0.6136833151051161
2026-04-29T16:08:03,04/29/202604:08,139.92000000000002,0.65,90.94800000000001,55.0,1.02,56.1,55.8,0.6,12.0,198.7,23861.0,45140.0,17.2,19.1,45.0,29.97,12.43,30.0,790.0,6.4,0.6168359941944848
2026-04-29T16:09:00,04/29/202604:09,140.51000000000002,0.65,91.33150000000002,55.0,1.02,56.1,55.8,0.6,12.0,198.7,23861.0,45140.0,17.2,19.1,45.0,29.97,12.43,30.0,790.0,6.4,0.6142459063959312
2026-04-29T16:09:04,04/29/202604:09,141.05,0.6599999999999999,93.09299999999999,55.010000000000005,1.05,57.76050000000001,57.5,0.6,12.0,198.7,23861.0,45140.0,17.1,19.1,45.0,29.97,12.43,30.0,790.0,6.4,0.6204601849763142
2026-04-29T16:10:00,04/29/202604:10,141.28000000000003,0.6799999999999999,96.0704,55.02,1.08,59.421600000000005,59.2,0.6,12.0,198.7,23861.0,45140.0,17.1,19.1,45.0,29.97,12.43,30.0,790.0,6.4,0.6185214176270735
2026-04-29T16:10:03,04/29/202604:10,141.88000000000002,0.6799999999999999,96.47840000000001,55.02,1.09,59.97180000000001,59.8,0.6,12.0,198.7,23861.0,45140.0,17.2,19.1,45.0,29.97,12.43,30.0,790.0,6.4,0.6216085673062572
2026-04-29T16:10:16,04/29/202604:10,142.42000000000002,0.6799999999999999,96.8456,55.02,1.1099999999999999,61.072199999999995,60.9,0.6,12.0,198.7,23861.0,45140.0,17.1,19.1,45.0,29.97,12.43,30.0,790.0,6.4,0.6306140908828072
2026-04-29T16:11:00,04/29/202604:11,142.94,0.6799999999999999,97.19919999999999,55.02,1.1199999999999999,61.6224,61.4,0.6,12.0,198.7,23861.0,45140.0,17.1,19.1,45.0,29.97,12.43,30.0,790.0,6.4,0.6339805265886963
2026-04-29T16:11:17,04/29/202604:11,143.04000000000002,0.69,98.69760000000001,55.02,1.1400000000000001,62.722800000000014,62.5,0.6,12.0,198.7,23861.0,45140.0,17.2,19.1,45.0,29.97,12.43,30.0,790.0,6.4,0.6355048147067407
2026-04-29T16:12:00,04/29/202604:12,143.02,0.69,98.6838,55.02,1.16,63.8232,63.6,0.6,12.0,198.7,23861.0,45140.0,17.2,19.1,45.0,29.97,12.43,30.0,790.0,6.4,0.6467444504569139
2026-04-29T16:12:16,04/29/202604:12,142.98000000000002,0.6799999999999999,97.2264,55.02,1.17,64.3734,64.1,0.6,12.0,198.7,23861.0,45140.0,17.2,19.1,45.0,29.97,12.43,30.0,790.0,6.4,0.6620979487052899
2026-04-29T16:13:00,04/29/202604:13,142.79000000000002,0.67,95.66930000000002,55.02,1.17,64.3734,64.1,0.6,12.0,198.7,23861.0,45140.0,17.2,19.1,45.0,29.97,12.43,30.0,790.0,6.4,0.6728741613035738
2026-04-29T16:13:17,04/29/202604:13,142.69,0.67,95.6023,55.02,1.15,63.272999999999996,63.0,0.6,12.0,198.7,23861.0,45140.0,17.2,19.1,45.0,29.97,12.43,30.0,790.0,6.4,0.6618355416135385
2026-04-29T16:14:00,04/29/202604:14,142.64000000000001,0.6599999999999999,94.1424,55.010000000000005,1.1,60.51100000000001,60.2,0.6,12.0,198.7,23861.0,45140.0,17.2,19.1,45.0,29.97,12.43,30.0,790.0,6.4,0.6427603290334644
2026-04-29T16:14:16,04/29/202604:14,143.15,0.6399999999999999,91.61599999999999,55.0,1.05,57.75,57.4,0.6,12.0,198.7,23861.0,45140.0,17.2,19.1,45.0,29.97,12.43,30.0,790.0,6.4,0.6303484107579463
2026-04-29T16:15:39,04/29/202604:15,142.77,0.6399999999999999,91.3728,55.0,1.05,57.75,57.4,0.6,12.0,198.7,23861.0,45140.0,17.1,19.1,45.0,29.97,12.43,30.0,790.0,6.4,0.6320261609581845
2026-04-29T16:16:01,04/29/202604:16,142.45,0.6399999999999999,91.16799999999998,55.0,1.04,57.2,56.9,0.6,12.0,198.7,23861.0,45140.0,17.1,19.1,45.0,29.97,12.43,30.0,790.0,6.4,0.6274131274131276
2026-04-29T16:16:16,04/29/202604:16,141.99,0.65,92.29350000000001,55.0,1.04,57.2,56.9,0.6,12.0,198.7,23861.0,45140.0,17.2,19.110000000000003,44.9,29.97,12.442,30.1,787.0,6.36,0.6197619550672582
2026-04-29T16:17:01,04/29/202604:17,141.95,0.65,92.2675,55.0,1.03,56.65,56.3,0.6,12.0,198.7,23861.0,45140.0,17.2,19.12,44.8,29.97,12.453999999999999,30.2,784.0,6.32,0.6139756685723575
2026-04-29T16:17:16,04/29/202604:17,141.93,0.6399999999999999,90.83519999999999,55.010000000000005,1.0,55.010000000000005,54.6,0.6,12.0,198.7,23861.0,45140.0,17.2,19.130000000000003,44.7,29.97,12.466,30.3,781.0,6.28,0.6056022334953852
2026-04-29T16:18:01,04/29/202604:18,141.93,0.6399999999999999,90.83519999999999,55.02,0.9800000000000001,53.91960000000001,53.5,0.6,12.0,198.7,23861.0,45140.0,17.2,19.14,44.6,29.97,12.478,30.4,778.0,6.24,0.5935980765165929
2026-04-29T16:18:16,04/29/202604:18,141.91,0.6399999999999999,90.82239999999999,55.02,0.9800000000000001,53.91960000000001,53.5,0.6,12.0,198.7,23861.0,45140.0,17.2,19.15,44.5,29.97,12.49,30.5,775.0,6.2,0.5936817349024032
2026-04-29T16:19:01,04/29/202604:19,141.8,0.63,89.334,55.02,1.0,55.02,54.6,0.6,12.0,198.7,23861.0,45140.0,17.2,19.16,44.4,29.97,12.502,30.6,772.0,6.16,0.615890926187118
2026-04-29T16:19:17,04/29/202604:19,141.77,0.6199999999999999,87.89739999999999,55.02,0.9800000000000001,53.91960000000001,53.5,0.6,12.0,198.7,23861.0,45140.0,17.2,19.169999999999998,44.3,29.97,12.514,30.7,769.0,6.12,0.6134379401438497
2026-04-29T16:20:01,04/29/202604:20,141.18,0.6199999999999999,87.53159999999998,55.02,0.96,52.8192,52.4,0.6,12.0,198.7,23861.0,45140.0,17.2,19.18,44.2,29.97,12.526,30.8,766.0,6.08,0.6034300755384343
2026-04-29T16:20:16,04/29/202604:20,141.10999999999999,0.63,88.8993,55.02,0.99,54.4698,54.0,0.6,12.0,198.7,23861.0,45140.0,17.2,19.19,44.1,29.97,12.538,30.9,763.0,6.04,0.6127134859329602
2026-04-29T16:21:01,04/29/202604:21,141.04000000000002,0.6399999999999999,90.2656,55.02,1.02,56.120400000000004,55.6,0.6,12.0,198.7,23861.0,45140.0,17.2,19.2,44.0,29.97,12.55,31.0,760.0,6.0,0.6217252197958026
2026-04-29T16:21:16,04/29/202604:21,141.16,0.63,88.9308,55.02,1.01,55.57020000000001,55.1,0.6,12.0,198.7,23861.0,45140.0,17.1,19.2,44.0,29.97,12.55,31.0,760.0,6.0,0.6248701237366582
2026-04-29T16:22:00,04/29/202604:22,141.28,0.6199999999999999,87.59359999999998,55.02,1.0,55.02,54.6,0.6,12.0,198.7,23861.0,45140.0,17.1,19.2,44.0,29.97,12.55,31.0,760.0,6.0,0.6281280824169804
2026-04-29T16:22:17,04/29/202604:22,141.41,0.63,89.0883,55.02,1.02,56.120400000000004,55.7,0.6,12.0,198.7,23861.0,45140.0,17.2,19.2,44.0,29.97,12.55,31.0,760.0,6.0,0.6299413054239446
2026-04-29T16:22:41,04/29/202604:22,141.57,0.6399999999999999,90.60479999999998,55.02,1.04,57.220800000000004,56.8,0.6,12.0,198.7,23861.0,45140.0,17.1,19.2,44.0,29.97,12.55,31.0,760.0,6.0,0.631542699724518
2026-04-29T16:23:01,04/29/202604:23,141.75,0.65,92.1375,55.029999999999994,1.04,57.231199999999994,56.8,0.6,12.0,198.7,23861.0,45140.0,17.1,19.2,44.0,29.97,12.55,31.0,760.0,6.0,0.6211499118165784
2026-04-29T16:23:41,04/29/202604:23,141.95999999999998,0.6599999999999999,93.69359999999998,55.029999999999994,1.05,57.781499999999994,57.4,0.6,12.0,198.7,23861.0,45140.0,17.2,19.2,44.0,29.97,12.55,31.0,760.0,6.0,0.6167070109377802
2026-04-29T16:24:00,04/29/202604:24,142.09,0.6699999999999999,95.2003,55.029999999999994,1.1,60.533,60.2,0.6,12.0,198.7,23861.0,45140.0,17.2,19.2,44.0,29.97,12.55,31.0,760.0,6.0,0.635848836610809
2026-04-29T16:24:41,04/29/202604:24,142.26,0.69,98.15939999999999,55.029999999999994,1.15,63.28449999999999,63.0,0.6,12.0,198.7,23861.0,45140.0,17.2,19.2,44.0,29.97,12.55,31.0,760.0,6.0,0.6447115609916115
2026-04-29T16:25:01,04/29/202604:25,142.44,0.7,99.708,55.029999999999994,1.1400000000000001,62.7342,62.5,0.6,12.0,198.7,23861.0,45140.0,17.2,19.2,44.0,29.97,12.55,31.0,760.0,6.0,0.6291792032735588
2026-04-29T16:26:51,04/29/202604:26,142.72,0.69,98.4768,55.029999999999994,1.1099999999999999,61.08329999999999,60.9,0.6,12.0,198.7,23861.0,45140.0,17.2,19.2,44.0,29.97,12.55,31.0,760.0,6.0,0.620281122051082
2026-04-29T16:27:01,04/29/202604:27,142.95,0.69,98.63549999999998,55.029999999999994,1.1099999999999999,61.08329999999999,60.9,0.6,12.0,198.7,23861.0,45140.0,17.2,19.2,44.0,29.97,12.55,31.0,760.0,6.0,0.6192831181471175
2026-04-29T16:27:07,04/29/202604:27,143.13,0.7,100.19099999999999,55.04,1.1199999999999999,61.64479999999999,61.4,0.6,12.0,198.7,23861.0,45140.0,17.2,19.2,44.0,29.97,12.55,31.0,760.0,6.0,0.615272828896807
2026-04-29T16:28:00,04/29/202604:28,143.28,0.7,100.29599999999999,55.04,1.1199999999999999,61.64479999999999,61.4,0.6,12.0,198.7,23861.0,45140.0,17.2,19.2,44.0,29.97,12.55,31.0,760.0,6.0,0.6146286990508095
2026-04-29T16:28:07,04/29/202604:28,143.38,0.69,98.9322,55.029999999999994,1.1199999999999999,61.63359999999999,61.4,0.6,12.0,198.7,23861.0,45140.0,17.2,19.2,44.0,29.97,12.55,31.0,760.0,6.0,0.6229882687335366
2026-04-29T16:29:01,04/29/202604:29,143.48,0.6799999999999999,97.56639999999999,55.02,1.1199999999999999,61.6224,61.4,0.6,12.0,198.7,23861.0,45140.0,17.2,19.2,44.0,29.97,12.55,31.0,760.0,6.0,0.631594483346726
2026-04-29T16:29:08,04/29/202604:29,143.56,0.67,96.18520000000001,55.02,1.1199999999999999,61.6224,61.4,0.6,12.0,198.7,23861.0,45140.0,17.2,19.2,44.0,29.97,12.55,31.0,760.0,6.0,0.6406640522658371
2026-04-29T16:30:00,04/29/202604:30,143.64,0.6599999999999999,94.80239999999998,55.02,1.1199999999999999,61.6224,61.4,0.6,12.0,198.7,23861.0,45140.0,17.2,19.2,44.0,29.97,12.55,31.0,760.0,6.0,0.6500088605351765
2026-04-29T16:30:07,04/29/202604:30,143.60999999999999,0.65,93.34649999999999,55.029999999999994,1.1300000000000001,62.1839,61.9,0.6,12.0,198.7,23861.0,45140.0,17.2,19.18,44.0,29.97,12.55,31.0,758.0,6.0,0.6661620949901711
2026-04-29T16:31:00,04/29/202604:31,143.57999999999998,0.6399999999999999,91.89119999999997,55.04,1.1400000000000001,62.7456,62.4,0.6,12.0,198.7,23861.0,45140.0,17.2,19.16,44.0,29.97,12.55,31.0,756.0,6.0,0.682824905975763
2026-04-29T16:31:07,04/29/202604:31,143.48,0.6399999999999999,91.82719999999998,55.04,1.1300000000000001,62.19520000000001,61.8,0.6,12.0,198.7,23861.0,45140.0,17.2,19.15,44.0,29.97,12.488000000000001,31.3,751.0,5.96,0.6773069417340398
2026-04-29T16:32:01,04/29/202604:32,143.38,0.6399999999999999,91.76319999999998,55.04,1.12,61.644800000000004,61.2,0.6,12.0,198.7,23861.0,45140.0,17.2,19.14,44.0,29.97,12.426,31.6,746.0,5.92,0.6717812805133214
2026-04-29T16:32:08,04/29/202604:32,143.37,0.6399999999999999,91.75679999999998,55.029999999999994,1.12,61.6336,62.3,0.6,12.0,198.7,23861.0,45140.0,17.2,19.130000000000003,44.0,29.97,12.408,31.7,741.0,5.88,0.6717060751900678
2026-04-29T16:33:00,04/29/202604:33,143.35999999999999,0.6399999999999999,91.75039999999997,55.02,1.12,61.622400000000006,63.4,0.6,12.0,198.7,23861.0,45140.0,17.2,19.119999999999997,44.0,29.97,12.39,31.8,736.0,5.84,0.6716308593750003
2026-04-29T16:33:08,04/29/202604:33,143.37,0.6399999999999999,91.75679999999998,55.02,1.1,60.522000000000006,62.3,0.6,12.0,198.7,23861.0,45140.0,17.2,19.11,44.0,29.97,12.372,31.9,731.0,5.8,0.6595914417242102
2026-04-29T16:34:01,04/29/202604:34,143.38,0.6399999999999999,91.76319999999998,55.02,1.08,59.421600000000005,61.2,0.6,12.0,198.7,23861.0,45140.0,17.2,19.1,44.0,29.97,12.354,32.0,726.0,5.76,0.6475537034453901
2026-04-29T16:34:08,04/29/202604:34,143.32999999999998,0.6399999999999999,91.73119999999997,55.02,1.05,57.77100000000001,59.5,0.6,12.0,198.7,23861.0,45140.0,17.2,19.09,44.0,29.97,12.336,32.1,721.0,5.72,0.6297857217609715
2026-04-29T16:35:00,04/29/202604:35,143.28,0.6399999999999999,91.69919999999999,55.02,1.02,56.120400000000004,57.8,0.6,12.0,198.7,23861.0,45140.0,17.2,19.080000000000002,44.0,29.97,12.318,32.2,716.0,5.68,0.61200533919598
2026-04-29T16:35:07,04/29/202604:35,143.23999999999998,0.6399999999999999,91.67359999999998,55.010000000000005,1.01,55.560100000000006,57.3,0.7,12.0,198.7,23861.0,45140.0,17.2,19.09,44.0,29.97,12.3,32.3,713.0,5.64,0.6060643413152753
2026-04-29T16:36:01,04/29/202604:36,143.2,0.6399999999999999,91.64799999999998,55.0,1.0,55.0,56.8,0.7,12.0,198.7,23861.0,45140.0,17.2,19.1,44.0,29.97,12.282,32.4,710.0,5.6,0.6001222067039107
2026-04-29T16:36:08,04/29/202604:36,143.1,0.65,93.015,55.0,1.03,56.65,58.5,0.7,12.0,198.7,23861.0,45140.0,17.2,19.1,44.0,29.97,12.325999999999999,32.2,710.0,5.6,0.6090415524377788
2026-04-29T16:38:03,04/29/202604:38,143.04,0.65,92.976,55.0,1.02,56.1,58.0,0.7,12.0,198.7,23861.0,45140.0,17.2,19.1,44.3,29.97,12.37,32.0,710.0,5.6,0.603381517811048
2026-04-29T16:38:07,04/29/202604:38,143.02,0.65,92.96300000000001,55.0,1.02,56.1,56.9,0.7,12.0,198.7,23861.0,45140.0,17.2,19.1,44.6,29.97,12.37,32.0,710.0,5.6,0.6034658950335079
2026-04-29T16:39:01,04/29/202604:39,143.0,0.65,92.95,55.0,1.02,56.1,55.8,0.7,12.0,198.7,23861.0,45140.0,17.2,19.1,44.9,29.97,12.37,32.0,710.0,5.6,0.6035502958579881
2026-04-29T16:39:08,04/29/202604:39,142.94,0.6599999999999999,94.34039999999999,55.0,1.05,57.75,57.5,0.7,12.0,198.7,23861.0,45140.0,17.2,19.1,45.2,29.97,12.37,32.0,710.0,5.6,0.6121449559255633
2026-04-29T16:40:01,04/29/202604:40,142.88,0.6699999999999999,95.72959999999999,55.0,1.08,59.400000000000006,59.2,0.7,12.0,198.7,23861.0,45140.0,17.2,19.1,45.5,29.97,12.37,32.0,710.0,5.6,0.6204977352877272
2026-04-29T16:40:07,04/29/202604:40,142.88,0.6799999999999999,97.15839999999999,55.0,1.1199999999999999,61.599999999999994,61.4,0.7,12.0,198.7,23861.0,45140.0,17.2,19.1,45.8,29.97,12.37,32.0,710.0,5.6,0.634016204466109
2026-04-29T16:41:01,04/29/202604:41,142.88,0.69,98.5872,55.0,1.16,63.8,63.6,0.7,12.0,198.7,23861.0,45140.0,17.2,19.1,46.1,29.97,12.37,32.0,710.0,5.6,0.6471428339581609
2026-04-29T16:41:08,04/29/202604:41,142.99,0.6699999999999999,95.8033,55.0,1.1300000000000001,62.150000000000006,61.9,0.7,12.0,198.7,23861.0,45140.0,17.2,19.1,46.4,29.97,12.37,32.0,710.0,5.6,0.6487250439181115
2026-04-29T16:42:01,04/29/202604:42,143.1,0.65,93.015,55.0,1.1,60.50000000000001,60.2,0.7,12.0,198.7,23861.0,45140.0,17.2,19.1,46.7,29.97,12.37,32.0,710.0,5.6,0.6504327259044241
2026-04-29T16:42:07,04/29/202604:42,143.29000000000002,0.65,93.13850000000002,55.0,1.09,59.95,59.6,0.7,12.0,198.7,23861.0,45140.0,17.2,19.1,47.0,29.97,12.37,32.0,710.0,5.6,0.6436650794247276
2026-04-29T16:43:01,04/29/202604:43,143.44,0.6599999999999999,94.67039999999999,55.0,1.12,61.60000000000001,61.2,0.7,12.0,198.7,23861.0,45140.0,17.2,19.1,47.0,29.97,12.37,32.0,710.0,5.6,0.6506785647889944
2026-04-29T16:43:08,04/29/202604:43,143.52,0.6599999999999999,94.72319999999999,55.0,1.12,61.60000000000001,61.2,0.7,12.0,198.7,23861.0,45140.0,17.2,19.1,47.0,29.97,12.37,32.0,710.0,5.6,0.6503158677071722
2026-04-29T16:44:00,04/29/202604:44,143.6,0.6599999999999999,94.77599999999998,55.0,1.12,61.60000000000001,61.2,0.7,12.0,198.7,23861.0,45140.0,17.2,19.1,47.0,29.97,12.37,32.0,710.0,5.6,0.6499535747446613
2026-04-29T16:44:07,04/29/202604:44,143.66,0.65,93.379,55.0,1.09,59.95,59.5,0.7,13.0,198.7,23861.0,45140.0,17.2,19.1,47.0,29.97,12.37,32.0,710.0,5.6,0.642007303569325
2026-04-29T16:44:43,04/29/202604:44,143.73999999999998,0.6399999999999999,91.99359999999997,55.0,1.08,59.400000000000006,58.9,0.7,13.0,198.7,23861.0,45140.0,17.2,19.1,47.0,29.97,12.37,32.0,710.0,5.6,0.6456970919716156
2026-04-29T16:45:01,04/29/202604:45,143.81,0.63,90.6003,55.0,1.06,58.300000000000004,57.8,0.7,13.0,198.7,23861.0,45140.0,17.2,19.1,47.0,29.97,12.37,32.0,710.0,5.6,0.6434857279722032
2026-04-29T16:45:43,04/29/202604:45,144.3,0.6199999999999999,89.466,55.0,1.05,57.75,57.3,0.7,13.0,198.7,23861.0,45140.0,17.2,19.110000000000003,46.9,29.97,12.319999999999999,32.0,703.0,5.56,0.6454966132385488
2026-04-29T16:46:00,04/29/202604:46,144.74,0.63,91.1862,55.0,1.08,59.400000000000006,59.0,0.7,13.0,198.7,23861.0,45140.0,17.2,19.12,46.8,29.97,12.27,32.0,696.0,5.52,0.6514143587516533
2026-04-29T16:46:43,04/29/202604:46,144.6,0.6399999999999999,92.54399999999998,55.0,1.08,59.400000000000006,59.0,0.7,13.0,198.7,23861.0,45140.0,17.2,19.130000000000003,46.7,29.97,12.219999999999999,32.0,689.0,5.4799999999999995,0.6418568464730292
2026-04-29T16:47:01,04/29/202604:47,144.41,0.63,90.9783,55.0,1.06,58.300000000000004,57.9,0.7,13.0,198.7,23861.0,45140.0,17.2,19.14,46.6,29.97,12.169999999999998,32.0,682.0,5.4399999999999995,0.6408121497104254
2026-04-29T16:47:04,04/29/202604:47,144.10999999999999,0.6199999999999999,89.34819999999998,55.0,1.06,58.300000000000004,57.9,0.7,13.0,198.7,23861.0,45140.0,17.2,19.15,46.5,29.97,12.12,32.0,675.0,5.4,0.6525033520540987
2026-04-29T16:49:15,04/29/202604:49,143.78,0.61,87.7058,55.0,1.04,57.2,56.8,0.7,13.0,198.7,23861.0,45140.0,17.2,19.16,46.4,29.97,12.069999999999999,32.0,668.0,5.36,0.6521803575134142
2026-04-29T16:50:00,04/29/202604:50,143.45,0.6,86.07,55.0,1.02,56.1,55.7,0.7,13.0,198.7,23861.0,45140.0,17.2,19.169999999999998,46.3,29.97,12.02,32.0,661.0,5.32,0.651795050540258
2026-04-29T16:50:04,04/29/202604:50,143.34,0.6,86.004,55.0,1.02,56.1,55.7,0.7,13.0,198.7,23861.0,45140.0,17.2,19.18,46.2,29.97,11.969999999999999,32.0,654.0,5.279999999999999,0.6522952420817636
2026-04-29T16:51:00,04/29/202604:51,143.20999999999998,0.6,85.92599999999999,55.0,1.0,55.0,54.6,0.7,13.0,198.7,23861.0,45140.0,17.2,19.19,46.1,29.97,11.919999999999998,32.0,647.0,5.24,0.6400856550985733
2026-04-29T16:51:03,04/29/202604:51,143.2,0.6,85.91999999999999,55.0,0.9800000000000001,53.900000000000006,53.5,0.7,13.0,198.7,23861.0,45140.0,17.2,19.2,46.0,29.97,11.87,32.0,640.0,5.2,0.6273277467411548
2026-04-29T16:52:00,04/29/202604:52,142.77,0.6,85.662,55.0,0.95,52.25,51.8,0.7,13.0,198.7,23861.0,45140.0,17.2,19.2,46.0,29.97,11.87,32.0,640.0,5.2,0.6099554061310732
2026-04-29T16:52:04,04/29/202604:52,142.23,0.61,86.76029999999999,55.0,0.96,52.8,52.3,0.7,13.0,198.7,23861.0,45140.0,17.2,19.2,46.0,29.97,11.87,32.0,640.0,5.2,0.6085732760260165
2026-04-29T16:53:00,04/29/202604:53,142.27,0.6199999999999999,88.20739999999999,55.0,1.0,55.0,54.5,0.7,13.0,198.7,23861.0,45140.0,17.2,19.2,46.0,29.97,11.87,32.0,640.0,5.2,0.6235304520935886
2026-04-29T16:53:04,04/29/202604:53,142.41,0.63,89.7183,55.0,1.05,57.75,57.3,0.7,13.0,198.7,23861.0,45140.0,17.2,19.2,46.0,29.97,11.87,32.0,640.0,5.2,0.6436813894155373
2026-04-29T16:54:00,04/29/202604:54,142.66,0.6399999999999999,91.30239999999998,55.0,1.08,59.400000000000006,59.0,0.7,13.0,198.7,23861.0,45140.0,17.2,19.2,46.0,29.97,11.87,32.0,640.0,5.2,0.6505853077246603
2026-04-29T16:54:04,04/29/202604:54,142.85999999999999,0.6599999999999999,94.28759999999998,55.0,1.1,60.50000000000001,60.1,0.7,13.0,198.7,23861.0,45140.0,17.2,19.2,46.0,29.97,11.87,32.0,640.0,5.2,0.6416538335899951
2026-04-29T16:55:01,04/29/202604:55,143.06,0.6799999999999999,97.2808,55.0,1.1199999999999999,61.599999999999994,61.2,0.7,13.0,198.7,23861.0,45140.0,17.2,19.2,46.0,29.97,11.87,32.0,640.0,5.2,0.6332184768217366
2026-04-29T16:55:04,04/29/202604:55,143.12,0.67,95.89040000000001,55.0,1.1,60.50000000000001,60.1,0.7,13.0,198.7,23861.0,45140.0,17.2,19.2,46.0,29.97,11.87,32.0,640.0,5.2,0.6309286435347021
2026-04-29T16:56:00,04/29/202604:56,143.18,0.6599999999999999,94.49879999999999,55.0,1.08,59.400000000000006,59.0,0.7,13.0,198.7,23861.0,45140.0,17.2,19.2,46.0,29.97,11.87,32.0,640.0,5.2,0.6285794105321973
2026-04-29T16:56:04,04/29/202604:56,143.22,0.6599999999999999,94.52519999999998,55.0,1.09,59.95,59.6,0.7,13.0,198.7,23861.0,45140.0,17.2,19.2,46.0,29.97,11.87,32.0,640.0,5.2,0.6342224084159569
2026-04-29T16:57:01,04/29/202604:57,143.26,0.6599999999999999,94.55159999999998,55.0,1.1,60.50000000000001,60.2,0.7,13.0,198.7,23861.0,45140.0,17.2,19.2,46.0,29.97,11.87,32.0,640.0,5.2,0.6398622551072644
2026-04-29T16:57:04,04/29/202604:57,143.32999999999998,0.65,93.16449999999999,55.0,1.06,58.300000000000004,58.0,0.7,13.0,198.7,23861.0,45140.0,17.2,19.2,46.0,29.97,11.87,32.0,640.0,5.2,0.6257748391286382
2026-04-29T16:57:33,04/29/202604:57,143.57,0.64,91.8848,55.0,1.03,56.65,56.4,0.7,13.0,198.7,23861.0,45140.0,17.2,19.2,46.0,29.97,11.87,32.0,640.0,5.2,0.6165328759490144
2026-04-29T16:58:00,04/29/202604:58,143.70999999999998,0.63,90.53729999999999,55.0,0.99,54.45,54.2,0.7,13.0,198.7,23861.0,45140.0,17.2,19.2,46.0,29.97,11.87,32.0,640.0,5.2,0.6014095847788703
2026-04-29T16:58:33,04/29/202604:58,143.63,0.62,89.0506,55.0,0.96,52.8,52.5,0.7,13.0,198.7,23861.0,45140.0,17.2,19.2,46.0,29.97,11.87,32.0,640.0,5.2,0.5929213278742647
2026-04-29T16:59:01,04/29/202604:59,143.62,0.6,86.172,55.0,0.96,52.8,52.5,0.7,13.0,198.7,23861.0,45140.0,17.2,19.2,46.0,29.97,11.87,32.0,640.0,5.2,0.6127280323074781
2026-04-29T17:00:26,04/29/202605:00,143.65,0.59,84.7535,55.010000000000005,0.97,53.359700000000004,53.1,0.7,13.0,198.7,23861.0,45140.0,17.2,19.2,46.0,29.97,11.87,32.0,640.0,5.2,0.629586978708844
2026-04-29T17:00:34,04/29/202605:00,143.82,0.61,87.7302,55.010000000000005,1.01,55.560100000000006,55.3,0.7,13.0,198.7,23861.0,45140.0,17.2,19.2,46.0,29.97,11.87,32.0,640.0,5.2,0.6333064326765471
2026-04-29T17:01:00,04/29/202605:01,143.99,0.63,90.7137,55.010000000000005,1.05,57.76050000000001,57.5,0.7,13.0,198.7,23861.0,45140.0,17.2,19.2,46.0,29.97,11.87,32.0,640.0,5.2,0.6367340324559576
2026-04-29T17:01:33,04/29/202605:01,143.92000000000002,0.6399999999999999,92.1088,55.010000000000005,1.06,58.31060000000001,58.0,0.7,13.0,198.7,23861.0,45140.0,17.2,19.22,46.0,29.97,11.777,32.3,637.9,5.17,0.633062204697054
2026-04-29T17:02:01,04/29/202605:02,143.85,0.65,93.5025,55.010000000000005,1.07,58.86070000000001,58.5,0.7,13.0,198.7,23861.0,45140.0,17.2,19.24,46.0,29.97,11.684,32.6,635.8,5.140000000000001,0.6295093714071818
2026-04-29T17:02:34,04/29/202605:02,143.81,0.65,93.4765,55.02,1.08,59.421600000000005,59.0,0.7,13.0,198.7,23861.0,45140.0,17.2,19.259999999999998,46.0,29.97,11.591,32.9,633.7,5.11,0.6356849047621596
2026-04-29T17:03:00,04/29/202605:03,143.6,0.65,93.34,55.029999999999994,1.08,59.432399999999994,58.9,0.7,13.0,198.7,23861.0,45140.0,17.2,19.279999999999998,46.0,29.97,11.498,33.2,631.6,5.08,0.636730233554746
2026-04-29T17:03:33,04/29/202605:03,143.36,0.65,93.18400000000001,55.029999999999994,1.08,59.432399999999994,58.9,0.7,13.0,198.7,23861.0,45140.0,17.2,19.3,46.0,29.97,11.405,33.5,629.5,5.05,0.637796188186813
2026-04-29T17:04:01,04/29/202605:04,143.34,0.65,93.171,55.029999999999994,1.07,58.882099999999994,58.4,0.7,13.0,198.7,23861.0,45140.0,17.2,19.32,46.0,29.97,11.312,33.8,627.4,5.0200000000000005,0.6319788346159212
2026-04-29T17:04:33,04/29/202605:04,143.38,0.65,93.197,55.029999999999994,1.06,58.331799999999994,57.9,0.7,13.0,198.7,23861.0,45140.0,17.2,19.339999999999996,46.0,29.97,11.219,34.1,625.3,4.99,0.6258978293292702
2026-04-29T17:05:00,04/29/202605:05,143.38,0.6399999999999999,91.76319999999998,55.02,1.04,57.220800000000004,56.8,0.7,13.0,198.7,23861.0,45140.0,17.2,19.36,46.0,29.97,11.126,34.4,623.2,4.96,0.6235702329474127
2026-04-29T17:05:34,04/29/202605:05,143.29000000000002,0.6399999999999999,91.7056,55.02,1.03,56.67060000000001,56.3,0.7,13.0,198.7,23861.0,45140.0,17.2,19.38,46.0,29.97,11.033,34.7,621.1,4.930000000000001,0.6179622618466049
2026-04-29T17:06:01,04/29/202605:06,143.2,0.6399999999999999,91.64799999999998,55.02,1.02,56.120400000000004,55.8,0.7,13.0,198.7,23861.0,45140.0,17.2,19.4,46.0,29.97,10.94,35.0,619.0,4.9,0.6123472416201119
2026-04-29T17:06:34,04/29/202605:06,143.31,0.6399999999999999,91.71839999999999,55.02,1.02,56.120400000000004,55.8,0.7,13.0,198.7,23861.0,45140.0,17.2,19.4,46.0,29.97,10.94,35.0,619.0,4.9,0.6118772241992884
2026-04-29T17:07:00,04/29/202605:07,143.42000000000002,0.6399999999999999,91.7888,55.02,1.02,56.120400000000004,55.8,0.7,13.0,198.7,23861.0,45140.0,17.2,19.4,46.0,29.97,10.94,35.0,619.0,4.9,0.6114079277646075
2026-04-29T17:07:01,04/29/202605:07,143.44,0.65,93.236,55.010000000000005,1.03,56.66030000000001,56.4,0.7,13.0,198.7,23861.0,45140.0,17.2,19.4,46.0,29.97,10.94,35.0,619.0,4.9,0.60770839589858
2026-04-29T17:08:01,04/29/202605:08,143.5,0.65,93.275,55.0,1.02,56.1,55.9,0.7,13.0,198.7,23861.0,45140.0,17.2,19.4,46.0,29.97,10.94,35.0,619.0,4.9,0.6014473331546502
2026-04-29T17:08:12,04/29/202605:08,143.64000000000001,0.65,93.36600000000001,55.0,1.02,56.1,55.9,0.7,13.0,198.7,23861.0,45140.0,17.2,19.4,46.0,29.97,10.94,35.0,619.0,4.9,0.6008611271769165
2026-04-29T17:09:00,04/29/202605:09,143.78,0.65,93.45700000000001,55.0,1.02,56.1,55.9,0.7,13.0,198.7,23861.0,45140.0,17.2,19.4,46.0,29.97,10.94,35.0,619.0,4.9,0.6002760627882341
2026-04-29T17:09:11,04/29/202605:09,144.23,0.65,93.7495,54.989999999999995,1.02,56.0898,55.9,0.7,13.0,198.7,23861.0,45140.0,17.2,19.4,46.0,29.97,10.94,35.0,619.0,4.9,0.5982943909034182
2026-04-29T17:10:01,04/29/202605:10,144.68,0.65,94.042,54.98,1.02,56.0796,55.9,0.7,13.0,198.7,23861.0,45140.0,17.2,19.4,46.0,29.97,10.94,35.0,619.0,4.9,0.5963250462559282
2026-04-29T17:10:12,04/29/202605:10,144.93,0.6399999999999999,92.75519999999999,54.98,1.01,55.529799999999994,55.3,0.7,13.0,198.7,23861.0,45140.0,17.2,19.4,46.0,29.97,10.94,35.0,619.0,4.9,0.5986704788518595
2026-04-29T17:11:38,04/29/202605:11,145.07999999999998,0.6399999999999999,92.85119999999998,54.98,1.02,56.0796,55.8,0.7,13.0,198.7,23861.0,45140.0,17.2,19.4,46.0,29.97,10.94,35.0,619.0,4.9,0.6039728081058727
2026-04-29T17:12:00,04/29/202605:12,145.17000000000002,0.6399999999999999,92.9088,54.98,1.02,56.0796,55.8,0.7,13.0,198.7,23861.0,45140.0,17.2,19.4,46.0,29.97,10.94,35.0,619.0,4.9,0.6035983674312875
2026-04-29T17:12:12,04/29/202605:12,145.18,0.6399999999999999,92.91519999999998,54.98,1.01,55.529799999999994,55.3,0.7,13.0,198.7,23861.0,45140.0,17.2,19.4,46.0,29.97,10.94,35.0,619.0,4.9,0.597639568122331
2026-04-29T17:13:00,04/29/202605:13,145.32999999999998,0.6399999999999999,93.01119999999997,54.98,1.0,54.98,54.8,0.7,13.0,198.7,23861.0,45140.0,17.2,19.4,46.0,29.97,10.94,35.0,619.0,4.9,0.5911116080644053
2026-04-29T17:13:11,04/29/202605:13,145.35999999999999,0.65,94.484,54.98,1.02,56.0796,55.9,0.7,13.0,198.7,23861.0,45140.0,17.2,19.4,46.0,29.97,10.94,35.0,619.0,4.9,0.5935354134033276
2026-04-29T17:14:00,04/29/202605:14,145.34,0.6599999999999999,95.92439999999999,54.98,1.03,56.6294,56.4,0.7,13.0,198.7,23861.0,45140.0,17.2,19.4,46.0,29.97,10.94,35.0,619.0,4.9,0.5903544874922335
2026-04-29T17:14:12,04/29/202605:14,145.28,0.6699999999999999,97.3376,54.98,1.05,57.729,57.5,0.7,13.0,198.7,23861.0,45140.0,17.2,19.4,46.0,29.97,10.94,35.0,619.0,4.9,0.5930801663488724
2026-04-29T17:15:00,04/29/202605:15,144.85,0.6799999999999999,98.49799999999999,54.989999999999995,1.07,58.8393,58.6,0.7,13.0,198.7,23861.0,45140.0,17.2,19.4,46.0,29.97,10.94,35.0,619.0,4.9,0.5973654287396699
2026-04-29T17:15:12,04/29/202605:15,144.4,0.6699999999999999,96.74799999999999,55.0,1.05,57.75,57.5,0.7,13.0,198.7,23861.0,45140.0,17.2,19.4,46.0,29.97,10.94,35.0,619.0,4.9,0.5969115640633399
2026-04-29T17:16:00,04/29/202605:16,144.07999999999998,0.6599999999999999,95.09279999999998,55.0,1.04,57.2,57.0,0.7,13.0,198.7,23861.0,45140.0,17.2,19.4,46.0,29.97,10.94,35.0,619.0,4.9,0.6015176753655378
2026-04-29T17:16:12,04/29/202605:16,143.79000000000002,0.6599999999999999,94.9014,55.0,1.06,58.300000000000004,58.1,0.7,13.0,198.7,23861.0,45140.0,17.2,19.419999999999998,45.9,29.97,10.895999999999999,35.5,614.2,4.85,0.6143218119016158
2026-04-29T17:17:00,04/29/202605:17,143.5,0.6599999999999999,94.71,55.0,1.08,59.400000000000006,59.2,0.7,13.0,198.7,23861.0,45140.0,17.2,19.439999999999998,45.8,29.97,10.852,36.0,609.4,4.8,0.6271777003484321
2026-04-29T17:17:13,04/29/202605:17,143.26,0.6599999999999999,94.55159999999998,55.010000000000005,1.1,60.51100000000001,60.3,0.7,13.0,198.7,23861.0,45140.0,17.2,19.46,45.7,29.97,10.808,36.5,604.6,4.75,0.6399785936991021
2026-04-29T17:18:00,04/29/202605:18,143.02,0.6599999999999999,94.3932,55.02,1.1199999999999999,61.6224,61.4,0.7,13.0,198.7,23861.0,45140.0,17.2,19.48,45.6,29.97,10.764,37.0,599.8,4.7,0.6528266866681075
2026-04-29T17:18:12,04/29/202605:18,142.88,0.6599999999999999,94.30079999999998,55.02,1.1099999999999999,61.072199999999995,60.9,0.7,13.0,198.7,23861.0,45140.0,17.2,19.5,45.5,29.97,10.72,37.5,595.0,4.65,0.6476318334521023
2026-04-29T17:19:01,04/29/202605:19,142.74,0.6599999999999999,94.2084,55.02,1.1,60.522000000000006,60.4,0.7,13.0,198.7,23861.0,45140.0,17.2,19.52,45.4,29.97,10.675999999999998,38.0,590.2,4.6,0.6424267899677737
2026-04-29T17:19:12,04/29/202605:19,142.65,0.65,92.72250000000001,55.029999999999994,1.08,59.432399999999994,59.3,0.7,13.0,198.7,23861.0,45140.0,17.2,19.54,45.3,29.97,10.632,38.5,585.4,4.55,0.6409706381946129
2026-04-29T17:20:00,04/29/202605:20,142.56,0.6399999999999999,91.23839999999998,55.04,1.06,58.342400000000005,58.2,0.7,13.0,198.7,23861.0,45140.0,17.2,19.560000000000002,45.2,29.97,10.588,39.0,580.6,4.5,0.6394500561167229
2026-04-29T17:20:12,04/29/202605:20,142.48,0.65,92.612,55.04,1.08,59.443200000000004,59.3,0.7,13.0,198.7,23861.0,45140.0,17.2,19.580000000000002,45.1,29.97,10.544,39.5,575.8,4.45,0.6418520278149701
2026-04-29T17:21:01,04/29/202605:21,142.4,0.6599999999999999,93.984,55.04,1.1,60.544000000000004,60.4,0.7,13.0,198.7,23861.0,45140.0,17.2,19.6,45.0,29.97,10.5,40.0,571.0,4.4,0.6441947565543072
2026-04-29T17:21:12,04/29/202605:21,142.32999999999998,0.6599999999999999,93.93779999999998,55.04,1.09,59.9936,59.9,0.7,13.0,198.7,23861.0,45140.0,17.2,19.6,45.0,29.97,10.5,40.0,571.0,4.4,0.63865238487595
2026-04-29T17:22:49,04/29/202605:22,142.28,0.65,92.482,55.04,1.0699999999999998,58.89279999999999,58.8,0.7,13.0,198.7,23861.0,45140.0,17.2,19.6,45.0,29.97,10.5,40.0,571.0,4.4,0.6368028373088815
2026-04-29T17:23:01,04/29/202605:23,142.26,0.6399999999999999,91.04639999999998,55.029999999999994,1.06,58.331799999999994,58.2,0.7,13.0,198.7,23861.0,45140.0,17.2,19.6,45.0,29.97,10.5,40.0,571.0,4.4,0.6406821137354142
2026-04-29T17:23:12,04/29/202605:23,142.26,0.63,89.62379999999999,55.02,1.03,56.67060000000001,56.5,0.7,13.0,198.7,23861.0,45140.0,17.2,19.6,45.0,29.97,10.5,40.0,571.0,4.4,0.6323164159520129
2026-04-29T17:24:00,04/29/202605:24,142.24,0.6199999999999999,88.18879999999999,55.02,1.02,56.120400000000004,55.9,0.7,13.0,198.7,23861.0,45140.0,17.2,19.6,45.0,29.97,10.5,40.0,571.0,4.4,0.6363665227330456
2026-04-29T17:24:12,04/29/202605:24,142.2,0.6199999999999999,88.16399999999997,55.02,1.02,56.120400000000004,55.9,0.7,13.0,198.7,23861.0,45140.0,17.2,19.6,45.0,29.97,10.5,40.0,571.0,4.4,0.6365455287872603
2026-04-29T17:25:01,04/29/202605:25,142.15,0.63,89.5545,55.010000000000005,1.02,56.110200000000006,55.9,0.7,13.0,198.7,23861.0,45140.0,17.2,19.6,45.0,29.97,10.5,40.0,571.0,4.4,0.6265480796609886
2026-04-29T17:25:13,04/29/202605:25,142.12,0.63,89.5356,55.010000000000005,1.0,55.010000000000005,54.8,0.7,13.0,198.7,23861.0,45140.0,17.3,19.6,45.0,29.97,10.5,40.0,571.0,4.4,0.614392487457503
2026-04-29T17:26:00,04/29/202605:26,142.1,0.63,89.523,55.02,0.9800000000000001,53.91960000000001,53.7,0.7,13.0,198.7,23861.0,45140.0,17.3,19.6,45.0,29.97,10.5,40.0,571.0,4.4,0.6022988505747128
2026-04-29T17:26:12,04/29/202605:26,142.06,0.63,89.4978,55.02,0.9800000000000001,53.91960000000001,53.7,0.7,13.0,198.7,23861.0,45140.0,17.2,19.6,45.0,29.97,10.5,40.0,571.0,4.4,0.6024684405650196
2026-04-29T17:26:53,04/29/202605:26,142.06,0.6199999999999999,88.07719999999999,55.010000000000005,0.9700000000000001,53.35970000000001,53.1,0.7,13.0,198.7,23861.0,45140.0,17.2,19.6,45.0,29.97,10.5,40.0,571.0,4.4,0.6058287502327505
2026-04-29T17:27:01,04/29/202605:27,142.04000000000002,0.6199999999999999,88.06479999999999,55.0,0.9700000000000001,53.35,53.1,0.7,13.0,198.7,23861.0,45140.0,17.2,19.6,45.0,29.97,10.5,40.0,571.0,4.4,0.6058039080313588
2026-04-29T17:27:52,04/29/202605:27,142.02,0.6199999999999999,88.05239999999999,55.0,0.96,52.8,52.6,0.7,13.0,198.7,23861.0,45140.0,17.2,19.6,45.0,29.97,10.5,40.0,571.0,4.4,0.5996429398857953
2026-04-29T17:28:00,04/29/202605:28,141.98,0.6199999999999999,88.02759999999998,55.0,0.9700000000000001,53.35,53.2,0.7,13.0,198.7,23861.0,45140.0,17.2,19.6,45.0,29.97,10.5,40.0,571.0,4.4,0.6060599175713074
2026-04-29T17:28:53,04/29/202605:28,141.92000000000002,0.63,89.40960000000001,55.0,1.0,55.0,54.9,0.7,13.0,198.7,23861.0,45140.0,17.3,19.6,45.0,29.97,10.5,40.0,571.0,4.4,0.615146471967216
2026-04-29T17:29:01,04/29/202605:29,141.88,0.63,89.3844,55.0,1.02,56.1,56.0,0.7,13.0,198.7,23861.0,45140.0,17.3,19.6,45.0,29.97,10.5,40.0,571.0,4.4,0.6276262972062239
2026-04-29T17:29:52,04/29/202605:29,141.82999999999998,0.6199999999999999,87.93459999999997,55.0,1.01,55.55,55.4,0.7,13.0,198.7,23861.0,45140.0,17.2,19.59,45.0,29.97,10.581,39.9,571.4,4.4,0.6317194824335359
2026-04-29T17:30:00,04/29/202605:30,141.76,0.6199999999999999,87.89119999999998,54.989999999999995,1.02,56.0898,55.9,0.7,13.0,198.7,23861.0,45140.0,17.2,19.580000000000002,45.0,29.97,10.662,39.8,571.8,4.4,0.6381731049297313
2026-04-29T17:30:52,04/29/202605:30,141.69,0.63,89.2647,54.98,1.05,57.729,57.5,0.7,13.0,198.7,23861.0,45140.0,17.2,19.57,45.0,29.97,10.743,39.7,572.2,4.4,0.6467170113157832
2026-04-29T17:31:00,04/29/202605:31,141.64000000000001,0.6399999999999999,90.64959999999999,54.98,1.06,58.2788,58.0,0.7,13.0,198.7,23861.0,45140.0,17.2,19.560000000000002,45.0,29.97,10.824000000000002,39.6,572.6,4.4,0.6429018991810224
2026-04-29T17:31:52,04/29/202605:31,141.62,0.6399999999999999,90.6368,54.989999999999995,1.06,58.2894,58.0,0.7,13.0,198.7,23861.0,45140.0,17.2,19.560000000000002,45.0,29.97,10.899000000000001,40.0,566.6,4.35,0.6431096419997177
2026-04-29T17:32:00,04/29/202605:32,141.6,0.6399999999999999,90.62399999999998,55.0,1.06,58.300000000000004,58.0,0.7,13.0,198.7,23861.0,45140.0,17.2,19.560000000000002,45.0,29.97,10.974,40.4,560.6,4.3,0.643317443502825
2026-04-29T17:34:00,04/29/202605:33,141.59,0.6399999999999999,90.61759999999998,55.0,1.06,58.300000000000004,58.0,0.7,13.0,198.7,23861.0,45140.0,17.2,19.560000000000002,45.0,29.967000000000002,11.049000000000001,40.8,554.6,4.25,0.643362878734374
2026-04-29T17:34:01,04/29/202605:34,141.57999999999998,0.6399999999999999,90.61119999999998,55.0,1.06,58.300000000000004,58.0,0.7,13.0,198.7,23861.0,45140.0,17.2,19.560000000000002,45.0,29.964,11.124,41.2,548.6,4.2,0.6434083203842352
2026-04-29T17:34:55,04/29/202605:34,141.6,0.6199999999999999,87.79199999999997,55.0,1.03,56.65,56.3,0.7,13.0,198.7,23861.0,45140.0,17.2,19.560000000000002,45.1,29.961000000000002,11.199000000000002,41.6,542.6,4.15,0.6452751959176236
2026-04-29T17:35:01,04/29/202605:35,141.62,0.6,84.972,55.0,1.0,55.0,54.6,0.7,13.0,198.7,23861.0,45140.0,17.2,19.560000000000002,45.2,29.958,11.274000000000001,42.0,536.6,4.1,0.6472720425551947
2026-04-29T17:35:55,04/29/202605:35,141.63,0.61,86.3943,55.0,1.02,56.1,55.7,0.7,13.0,198.7,23861.0,45140.0,17.3,19.57,45.3,29.955000000000002,11.268,42.5,530.2,4.05,0.649348394512138
2026-04-29T17:36:01,04/29/202605:36,141.64000000000001,0.6199999999999999,87.81679999999999,55.0,1.04,57.2,56.8,0.7,13.0,198.7,23861.0,45140.0,17.3,19.580000000000002,45.4,29.951999999999998,11.262,43.0,523.8,4.0,0.6513560047735742
2026-04-29T17:36:55,04/29/202605:36,141.65,0.61,86.40650000000001,55.0,1.02,56.1,55.7,0.7,13.0,198.7,23861.0,45140.0,17.2,19.59,45.5,29.949,11.256,43.5,517.4,3.95,0.6492567110113243
2026-04-29T17:37:01,04/29/202605:37,141.66,0.6,84.996,55.0,1.0,55.0,54.6,0.7,13.0,198.7,23861.0,45140.0,17.2,19.6,45.6,29.946000000000005,11.25,44.0,511.0,3.9,0.6470892747894019
2026-04-29T17:37:54,04/29/202605:37,141.65,0.6,84.99,55.0,0.9800000000000001,53.900000000000006,53.5,0.7,13.0,198.7,23861.0,45140.0,17.2,19.6,45.7,29.943,11.25,44.0,511.0,3.9,0.6341922579126957
2026-04-29T17:38:01,04/29/202605:38,141.64000000000001,0.6,84.98400000000001,55.0,0.96,52.8,52.4,0.7,13.0,198.7,23861.0,45140.0,17.2,19.6,45.8,29.940000000000005,11.25,44.0,511.0,3.9,0.6212934199378706
2026-04-29T17:38:54,04/29/202605:38,141.60999999999999,0.61,86.3821,55.0,0.9700000000000001,53.35,52.9,0.7,13.0,198.7,23861.0,45140.0,17.2,19.6,45.9,29.940000000000005,11.25,44.0,511.0,3.9,0.6176048046991217
2026-04-29T17:39:01,04/29/202605:39,141.57999999999998,0.6199999999999999,87.77959999999997,55.0,0.9800000000000001,53.900000000000006,53.4,0.7,13.0,198.7,23861.0,45140.0,17.2,19.6,46.0,29.940000000000005,11.25,44.0,511.0,3.9,0.6140378857957888
2026-04-29T17:39:54,04/29/202605:39,141.54000000000002,0.63,89.17020000000001,55.0,0.99,54.45,53.9,0.7,13.0,198.7,23861.0,45140.0,17.3,19.6,46.0,29.940000000000005,11.25,44.0,511.0,3.9,0.6106300086800298
2026-04-29T17:40:00,04/29/202605:40,141.5,0.6399999999999999,90.55999999999999,55.0,1.0,55.0,54.4,0.7,13.0,198.7,23861.0,45140.0,17.3,19.6,46.0,29.940000000000005,11.25,44.0,511.0,3.9,0.6073321554770319
2026-04-29T17:40:55,04/29/202605:40,141.45,0.63,89.11349999999999,55.0,1.0,55.0,54.4,0.7,13.0,198.7,23861.0,45140.0,17.2,19.6,46.0,29.940000000000005,11.25,44.0,511.0,3.9,0.6171904369147212
2026-04-29T17:41:01,04/29/202605:41,141.4,0.6199999999999999,87.66799999999999,55.0,1.0,55.0,54.4,0.7,13.0,198.7,23861.0,45140.0,17.2,19.6,46.0,29.940000000000005,11.25,44.0,511.0,3.9,0.6273668841538532
2026-04-29T17:41:54,04/29/202605:41,141.35999999999999,0.63,89.0568,55.0,1.01,55.55,54.4,0.7,13.0,198.7,23861.0,45140.0,17.2,19.6,46.0,29.940000000000005,11.25,44.0,511.0,3.9,0.6237592188356195
2026-04-29T17:42:00,04/29/202605:42,141.32,0.6399999999999999,90.44479999999999,55.0,1.02,56.1,54.4,0.7,13.0,198.7,23861.0,45140.0,17.2,19.6,46.0,29.940000000000005,11.25,44.0,511.0,3.9,0.6202678318709314
2026-04-29T17:42:55,04/29/202605:42,141.31,0.6399999999999999,90.43839999999999,55.0,1.02,56.1,54.4,0.7,14.0,198.7,23861.0,45140.0,17.2,19.6,46.0,29.940000000000005,11.25,44.0,511.0,3.9,0.6203117259924988
2026-04-29T17:43:01,04/29/202605:43,141.3,0.6399999999999999,90.43199999999999,55.0,1.02,56.1,54.4,0.7,14.0,198.7,23861.0,45140.0,17.2,19.6,46.0,29.940000000000005,11.25,44.0,511.0,3.9,0.6203556263269641
2026-04-29T17:45:12,04/29/202605:45,141.32,0.63,89.0316,55.0,1.01,55.55,53.9,0.7,14.0,198.7,23861.0,45140.0,17.3,19.6,46.0,29.940000000000005,11.25,44.0,511.0,3.9,0.6239357711194676
2026-04-29T17:45:55,04/29/202605:45,141.37,0.61,86.2357,55.0,0.97,53.35,51.7,0.7,14.0,198.7,23861.0,45140.0,17.2,19.59,45.9,29.940000000000005,11.268,44.4,507.1,3.85,0.6186532955608872
2026-04-29T17:46:00,04/29/202605:46,141.42000000000002,0.6,84.852,55.0,0.9400000000000001,51.7,50.1,0.7,14.0,198.7,23861.0,45140.0,17.2,19.580000000000002,45.8,29.940000000000005,11.286,44.8,503.2,3.8,0.6092961863008532
2026-04-29T17:46:54,04/29/202605:46,141.44,0.6,84.86399999999999,55.0,0.9400000000000001,51.7,50.2,0.7,14.0,198.7,23861.0,45140.0,17.3,19.57,45.7,29.940000000000005,11.303999999999998,45.2,499.3,3.75,0.6092100301659126
2026-04-29T17:47:00,04/29/202605:47,141.49,0.6,84.894,55.0,0.93,51.150000000000006,49.7,0.7,14.0,198.7,23861.0,45140.0,17.3,19.560000000000002,45.6,29.940000000000005,11.322,45.6,495.4,3.7,0.6025160788748322
2026-04-29T17:47:54,04/29/202605:47,141.53,0.61,86.3333,55.0,0.9099999999999999,50.05,48.6,0.7,14.0,198.7,23861.0,45140.0,17.3,19.55,45.5,29.940000000000005,11.34,46.0,491.5,3.65,0.5797299535636886
2026-04-29T17:48:00,04/29/202605:48,141.56,0.61,86.3516,55.0,0.9,49.5,48.6,0.7,14.0,198.7,23861.0,45140.0,17.3,19.54,45.4,29.940000000000005,11.358,46.4,487.6,3.6,0.5732377859819621
2026-04-29T17:48:54,04/29/202605:48,141.6,0.6,84.96,55.0,0.89,48.95,48.6,0.7,14.0,198.7,23861.0,45140.0,17.2,19.53,45.3,29.940000000000005,11.376,46.8,483.7,3.55,0.5761534839924671
2026-04-29T17:49:01,04/29/202605:49,141.62,0.6,84.972,55.0,0.89,48.95,48.6,0.7,14.0,198.7,23861.0,45140.0,17.2,19.52,45.2,29.940000000000005,11.394,47.2,479.8,3.5,0.5760721178741233
2026-04-29T17:49:55,04/29/202605:49,141.59,0.61,86.3699,55.0,0.93,51.150000000000006,50.8,0.7,14.0,198.7,23861.0,45140.0,17.3,19.509999999999998,45.1,29.940000000000005,11.412,47.6,475.9,3.45,0.5922202063450346
2026-04-29T17:50:00,04/29/202605:50,141.54000000000002,0.6199999999999999,87.7548,55.0,0.96,52.8,52.4,0.7,14.0,198.7,23861.0,45140.0,17.3,19.5,45.0,29.940000000000005,11.43,48.0,472.0,3.4,0.601676489491173
2026-04-29T17:50:55,04/29/202605:50,141.5,0.63,89.145,55.0,0.99,54.45,54.0,0.7,14.0,198.7,23861.0,45140.0,17.2,19.5,45.0,29.940000000000005,11.43,48.0,472.0,3.4,0.6108026249369006
2026-04-29T17:51:01,04/29/202605:51,141.45999999999998,0.6399999999999999,90.53439999999998,55.0,1.02,56.1,55.6,0.7,14.0,198.7,23861.0,45140.0,17.2,19.5,45.0,29.940000000000005,11.43,48.0,472.0,3.4,0.6196539657853812
2026-04-29T17:52:42,04/29/202605:52,141.48,0.6399999999999999,90.54719999999998,55.0,1.03,56.65,56.1,0.7,14.0,198.7,23861.0,45140.0,17.3,19.5,45.0,29.940000000000005,11.43,48.0,472.0,3.4,0.6256405499010462
2026-04-29T17:53:00,04/29/202605:53,141.5,0.6399999999999999,90.55999999999999,55.0,1.04,57.2,56.6,0.7,14.0,198.7,23861.0,45140.0,17.3,19.5,45.0,29.940000000000005,11.43,48.0,472.0,3.4,0.6316254416961132
2026-04-29T17:53:42,04/29/202605:53,141.56,0.6399999999999999,90.59839999999998,55.0,1.05,57.75,57.1,0.7,14.0,198.7,23861.0,45140.0,17.2,19.5,45.0,29.940000000000005,11.43,48.0,472.0,3.4,0.6374284755580674
2026-04-29T17:53:59,04/29/202605:53,141.63,0.63,89.2269,55.0,1.05,57.75,57.1,0.7,14.0,198.7,23861.0,45140.0,17.3,19.5,45.0,29.940000000000005,11.43,48.0,472.0,3.4,0.6472263409353008
2026-04-29T17:54:00,04/29/202605:54,141.69,0.63,89.2647,55.0,1.05,57.75,57.1,0.7,14.0,198.7,23861.0,45140.0,17.3,19.5,45.0,29.940000000000005,11.43,48.0,472.0,3.4,0.6469522666854871
2026-04-29T17:55:00,04/29/202605:55,141.76,0.6399999999999999,90.72639999999998,55.0,1.06,58.300000000000004,57.7,0.7,14.0,198.7,23861.0,45140.0,17.3,19.5,45.0,29.940000000000005,11.43,48.0,472.0,3.4,0.6425913515801356
2026-04-29T17:56:24,04/29/202605:56,141.89000000000001,0.63,89.39070000000001,55.0,1.03,56.65,56.1,0.7,14.0,198.7,23861.0,45140.0,17.2,19.5,45.0,29.940000000000005,11.43,48.0,472.0,3.4,0.6337348292383882
2026-04-29T17:56:59,04/29/202605:56,142.04000000000002,0.6199999999999999,88.06479999999999,55.0,0.99,54.45,53.9,0.7,14.0,198.7,23861.0,45140.0,17.3,19.5,45.0,29.940000000000005,11.43,48.0,472.0,3.4,0.6182947102588096
2026-04-29T17:57:00,04/29/202605:57,142.15,0.6199999999999999,88.13299999999998,55.0,0.9800000000000001,53.900000000000006,53.4,0.7,14.0,198.7,23861.0,45140.0,17.3,19.5,45.0,29.940000000000005,11.43,48.0,472.0,3.4,0.6115756867461679
2026-04-29T17:58:00,04/29/202605:57,142.26,0.61,86.7786,55.0,0.9800000000000001,53.900000000000006,53.5,0.7,14.0,198.7,23861.0,45140.0,17.3,19.5,45.0,29.940000000000005,11.43,48.0,472.0,3.4,0.6211208754232035
2026-04-29T17:58:01,04/29/202605:58,142.34,0.6,85.404,55.0,0.97,53.35,53.0,0.7,14.0,198.7,23861.0,45140.0,17.3,19.5,45.0,29.940000000000005,11.43,48.0,472.0,3.4,0.6246780010303967
2026-04-29T17:58:59,04/29/202605:58,142.39000000000001,0.6,85.43400000000001,55.0,0.97,53.35,53.0,0.7,14.0,198.7,23861.0,45140.0,17.3,19.5,45.0,29.940000000000005,11.43,48.0,472.0,3.4,0.6244586464405272
2026-04-29T17:59:00,04/29/202605:59,142.41,0.59,84.02189999999999,55.0,0.9800000000000001,53.900000000000006,53.6,0.7,14.0,198.7,23861.0,45140.0,17.3,19.5,45.0,29.940000000000005,11.43,48.0,472.0,3.4,0.6414994186039593
2026-04-29T18:00:00,04/29/202605:59,142.44,0.59,84.0396,55.0,0.96,52.8,52.5,0.7,14.0,198.7,23861.0,45140.0,17.3,19.5,45.0,29.940000000000005,11.43,48.0,472.0,3.4,0.6282752416717833
2026-04-29T18:00:01,04/29/202606:00,142.47,0.59,84.0573,55.0,0.9400000000000001,51.7,51.4,0.7,14.0,198.7,23861.0,45140.0,17.3,19.5,45.0,29.940000000000005,11.43,48.0,472.0,3.4,0.6150566339865783
2026-04-29T18:00:59,04/29/202606:00,142.47,0.59,84.0573,55.0,0.96,52.8,52.5,0.7,14.0,198.7,23861.0,45140.0,17.3,19.490000000000002,45.0,29.940000000000005,11.48,48.2,465.8,3.37,0.6281429453479948
2026-04-29T18:01:00,04/29/202606:01,142.45999999999998,0.6,85.47599999999998,55.0,0.9800000000000001,53.900000000000006,53.6,0.7,14.0,198.7,23861.0,45140.0,17.3,19.48,45.0,29.940000000000005,11.53,48.4,459.6,3.34,0.6305863634236513
2026-04-29T18:02:00,04/29/202606:01,142.45,0.6,85.46999999999998,55.0,0.99,54.45,54.2,0.7,14.0,198.7,23861.0,45140.0,17.3,19.47,45.0,29.940000000000005,11.58,48.6,453.4,3.31,0.6370656370656372
2026-04-29T18:02:01,04/29/202606:02,142.44,0.6,85.464,55.0,1.0,55.0,54.8,0.7,14.0,198.7,23861.0,45140.0,17.3,19.46,45.0,29.940000000000005,11.629999999999999,48.8,447.2,3.28,0.6435458204624169
2026-04-29T18:03:00,04/29/202606:03,142.45,0.6,85.46999999999998,55.0,0.9800000000000001,53.900000000000006,53.7,0.7,14.0,198.7,23861.0,45140.0,17.3,19.45,45.0,29.940000000000005,11.68,49.0,441.0,3.25,0.6306306306306309
2026-04-29T18:04:00,04/29/202606:03,142.41,0.61,86.8701,55.0,0.9800000000000001,53.900000000000006,53.7,0.7,14.0,198.7,23861.0,45140.0,17.3,19.439999999999998,45.0,29.940000000000005,11.73,49.2,434.8,3.22,0.6204666507808787
2026-04-29T18:04:01,04/29/202606:04,142.4,0.61,86.864,55.0,0.97,53.35,53.2,0.7,14.0,198.7,23861.0,45140.0,17.3,19.43,45.0,29.940000000000005,11.78,49.4,428.6,3.19,0.6141784859090071
2026-04-29T18:05:00,04/29/202606:05,142.39000000000001,0.61,86.8579,55.0,0.96,52.8,52.7,0.7,14.0,198.7,23861.0,45140.0,17.3,19.419999999999998,45.0,29.940000000000005,11.83,49.6,422.4,3.16,0.6078894378058876
2026-04-29T18:06:00,04/29/202606:05,142.32999999999998,0.63,89.66789999999999,55.010000000000005,1.0,55.010000000000005,54.9,0.7,14.0,198.7,23861.0,45140.0,17.3,19.41,45.0,29.940000000000005,11.879999999999999,49.8,416.2,3.13,0.6134859855087497
2026-04-29T18:06:01,04/29/202606:06,142.27,0.65,92.47550000000001,55.02,1.04,57.220800000000004,57.1,0.7,14.0,198.7,23861.0,45140.0,17.3,19.4,45.0,29.940000000000005,11.93,50.0,410.0,3.1,0.6187671329162859
2026-04-29T18:07:36,04/29/202606:07,142.24,0.65,92.456,55.02,1.03,56.67060000000001,56.5,0.7,14.0,198.7,23861.0,45140.0,17.3,19.4,45.0,29.940000000000005,11.93,50.0,410.0,3.1,0.6129466989703211
2026-04-29T18:08:00,04/29/202606:08,142.24,0.64,91.0336,55.010000000000005,0.99,54.459900000000005,54.3,0.7,14.0,198.7,23861.0,45140.0,17.3,19.4,45.0,29.940000000000005,11.93,50.0,410.0,3.1,0.5982395511107986
2026-04-29T18:08:59,04/29/202606:08,142.19,0.65,92.4235,55.010000000000005,1.01,55.560100000000006,55.4,0.7,14.0,198.7,23861.0,45140.0,17.3,19.4,45.0,29.940000000000005,11.93,50.0,410.0,3.1,0.6011468944586604
2026-04-29T18:09:00,04/29/202606:09,142.14000000000001,0.6599999999999999,93.8124,55.010000000000005,1.03,56.66030000000001,56.5,0.7,14.0,198.7,23861.0,45140.0,17.3,19.4,45.0,29.940000000000005,11.93,50.0,410.0,3.1,0.6039745278875714
2026-04-29T18:10:00,04/29/202606:10,142.06,0.6799999999999999,96.60079999999999,55.010000000000005,1.0699999999999998,58.860699999999994,58.7,0.7,14.0,198.7,23861.0,45140.0,17.3,19.4,45.0,29.940000000000005,11.93,50.0,410.0,3.1,0.609318970443309
2026-04-29T18:10:59,04/29/202606:10,142.03,0.69,98.0007,55.010000000000005,1.08,59.41080000000001,59.2,0.7,14.0,198.7,23861.0,45140.0,17.3,19.4,45.0,29.940000000000005,11.93,50.0,410.0,3.1,0.6062283228589185
2026-04-29T18:11:00,04/29/202606:11,142.0,0.7,99.39999999999999,55.010000000000005,1.09,59.96090000000001,59.7,0.7,14.0,198.7,23861.0,45140.0,17.3,19.4,45.0,29.940000000000005,11.93,50.0,410.0,3.1,0.6032283702213281
2026-04-29T18:12:00,04/29/202606:12,141.97,0.71,100.7987,55.010000000000005,1.08,59.41080000000001,59.1,0.7,14.0,198.7,23861.0,45140.0,17.3,19.4,45.0,29.940000000000005,11.93,50.0,410.0,3.1,0.5894004585376598
2026-04-29T18:13:00,04/29/202606:13,141.97,0.69,97.95929999999998,55.0,1.07,58.85,58.5,0.7,14.0,198.7,23861.0,45140.0,17.3,19.4,45.0,29.940000000000005,11.93,50.0,410.0,3.1,0.6007597032645191
2026-04-29T18:14:00,04/29/202606:14,141.99,0.6699999999999999,95.13329999999999,54.989999999999995,1.05,57.7395,57.4,0.7,14.0,198.7,23861.0,45140.0,17.3,19.4,45.0,29.940000000000005,11.93,50.0,410.0,3.1,0.6069325882735068
2026-04-29T18:14:59,04/29/202606:14,142.0,0.6599999999999999,93.71999999999998,54.989999999999995,1.04,57.1896,56.9,0.7,14.0,198.7,23861.0,45140.0,17.3,19.4,45.0,29.940000000000005,11.93,50.0,410.0,3.1,0.6102176696542895
2026-04-29T18:15:00,04/29/202606:15,141.98,0.6599999999999999,93.70679999999999,55.0,1.06,58.300000000000004,58.0,0.7,14.0,198.7,23861.0,45140.0,17.3,19.4,45.0,29.940000000000005,11.93,50.0,410.0,3.1,0.6221533549326197
2026-04-29T18:16:00,04/29/202606:16,141.99,0.65,92.29350000000001,55.010000000000005,1.03,56.66030000000001,56.3,0.7,14.0,198.7,23861.0,45140.0,17.3,19.389999999999997,45.0,29.940000000000005,11.911,50.5,405.5,3.06,0.6139143059912129
2026-04-29T18:17:00,04/29/202606:17,141.98,0.65,92.28699999999999,55.010000000000005,1.01,55.560100000000006,55.2,0.7,14.0,198.7,23861.0,45140.0,17.3,19.38,45.0,29.940000000000005,11.892,51.0,401.0,3.0200000000000005,0.6020360397455764
2026-04-29T18:18:49,04/29/202606:18,141.95,0.65,92.2675,55.010000000000005,1.01,55.560100000000006,55.2,0.7,14.0,198.7,23861.0,45140.0,17.3,19.369999999999997,45.0,29.940000000000005,11.873000000000001,51.5,396.5,2.98,0.6021632752594359
2026-04-29T18:19:00,04/29/202606:18,141.93,0.6399999999999999,90.83519999999999,55.010000000000005,1.01,55.560100000000006,55.2,0.7,14.0,198.7,23861.0,45140.0,17.3,19.36,45.0,29.940000000000005,11.854,52.0,392.0,2.9400000000000004,0.6116582558303391
2026-04-29T18:19:01,04/29/202606:19,141.91,0.63,89.4033,55.010000000000005,1.01,55.560100000000006,55.2,0.7,14.0,198.7,23861.0,45140.0,17.3,19.35,45.0,29.940000000000005,11.834999999999999,52.5,387.5,2.9,0.6214546890327315
2026-04-29T18:20:00,04/29/202606:19,141.93,0.61,86.57730000000001,55.02,1.0,55.02,54.7,0.7,14.0,198.7,23861.0,45140.0,17.3,19.34,45.0,29.940000000000005,11.815999999999999,53.0,383.0,2.8600000000000003,0.6355014536142846
2026-04-29T18:20:01,04/29/202606:20,141.95,0.6,85.16999999999999,55.029999999999994,0.9800000000000001,53.9294,53.7,0.7,14.0,198.7,23861.0,45140.0,17.3,19.330000000000002,45.0,29.940000000000005,11.797,53.5,378.5,2.8200000000000003,0.6331971351414819
2026-04-29T18:21:00,04/29/202606:20,141.93,0.6,85.158,55.029999999999994,0.99,54.479699999999994,54.3,0.7,14.0,198.7,23861.0,45140.0,17.3,19.32,45.0,29.940000000000005,11.778,54.0,374.0,2.7800000000000002,0.6397484675544282
2026-04-29T18:21:01,04/29/202606:21,141.91,0.6,85.146,55.029999999999994,0.99,54.479699999999994,54.3,0.7,14.0,198.7,23861.0,45140.0,17.3,19.31,45.0,29.940000000000005,11.759,54.5,369.5,2.74,0.6398386301176802
2026-04-29T18:22:00,04/29/202606:21,141.85999999999999,0.61,86.53459999999998,55.029999999999994,1.01,55.580299999999994,55.4,0.8,14.0,198.7,23861.0,45140.0,17.3,19.3,45.0,29.940000000000005,11.74,55.0,365.0,2.7,0.6422899048473096
2026-04-29T18:22:01,04/29/202606:22,141.81,0.6199999999999999,87.92219999999999,55.02,1.04,57.220800000000004,57.1,0.8,14.0,198.7,23861.0,45140.0,17.3,19.3,45.0,29.940000000000005,11.74,55.0,365.0,2.7,0.650811740379563
2026-04-29T18:23:00,04/29/202606:23,141.81,0.6199999999999999,87.92219999999999,55.02,1.04,57.220800000000004,57.1,0.8,14.0,198.7,23861.0,45140.0,17.3,19.3,45.0,29.940000000000005,11.74,55.0,365.0,2.7,0.650811740379563
2026-04-29T18:24:00,04/29/202606:23,141.88,0.61,86.54679999999999,55.02,0.99,54.4698,54.3,0.8,14.0,198.7,23861.0,45140.0,17.3,19.3,45.0,29.940000000000005,11.74,55.0,365.0,2.7,0.6293681568815948
2026-04-29T18:24:01,04/29/202606:24,141.94,0.61,86.5834,55.02,0.95,52.269,52.1,0.8,14.0,198.7,23861.0,45140.0,17.3,19.3,45.0,29.940000000000005,11.74,55.0,365.0,2.7,0.6036838470191745
2026-04-29T18:24:59,04/29/202606:24,141.97,0.6199999999999999,88.02139999999999,55.010000000000005,0.9400000000000001,51.70940000000001,51.6,0.8,14.0,198.7,23861.0,45140.0,17.3,19.3,45.0,29.940000000000005,11.74,55.0,365.0,2.7,0.587463957628486
2026-04-29T18:25:00,04/29/202606:25,141.95999999999998,0.6399999999999999,90.85439999999997,54.989999999999995,0.96,52.79039999999999,52.7,0.8,14.0,198.7,23861.0,45140.0,17.3,19.3,45.0,29.940000000000005,11.74,55.0,365.0,2.7,0.5810439560439561
2026-04-29T18:26:00,04/29/202606:25,141.97,0.65,92.2805,54.98,0.97,53.3306,53.2,0.8,14.0,198.7,23861.0,45140.0,17.3,19.3,45.0,29.940000000000005,11.74,55.0,365.0,2.7,0.577918411798809
2026-04-29T18:26:01,04/29/202606:26,142.0,0.65,92.3,54.98,0.96,52.78079999999999,52.6,0.8,14.0,198.7,23861.0,45140.0,17.3,19.3,45.0,29.940000000000005,11.74,55.0,365.0,2.7,0.571839653304442
2026-04-29T18:27:00,04/29/202606:27,142.01,0.65,92.3065,54.98,0.96,52.78079999999999,52.6,0.8,14.0,198.7,23861.0,45140.0,17.3,19.3,45.0,29.940000000000005,11.74,55.0,365.0,2.7,0.5717993857420658
2026-04-29T18:28:01,04/29/202606:28,142.05,0.6399999999999999,90.91199999999999,54.98,0.9400000000000001,51.6812,51.5,0.8,14.0,198.7,23861.0,45140.0,17.3,19.3,45.0,29.940000000000005,11.74,55.0,365.0,2.7,0.5684750087997185
2026-04-29T18:29:59,04/29/202606:29,142.06,0.6399999999999999,90.91839999999999,54.98,0.9199999999999999,50.581599999999995,50.4,0.8,14.0,198.7,23861.0,45140.0,17.3,19.3,45.0,29.940000000000005,11.74,55.0,365.0,2.7,0.5563406307194143
2026-04-29T18:30:00,04/29/202606:29,142.09,0.63,89.5167,54.98,0.9,49.482,49.8,0.8,14.0,198.7,23861.0,45140.0,17.3,19.3,45.0,29.940000000000005,11.74,55.0,365.0,2.7,0.5527683661260971
2026-04-29T18:30:01,04/29/202606:30,142.07999999999998,0.63,89.51039999999999,54.98,0.9099999999999999,50.03179999999999,50.9,0.8,14.0,198.7,23861.0,45140.0,17.3,19.3,45.0,29.940000000000005,11.74,55.0,365.0,2.7,0.5589495745745745
2026-04-29T18:31:00,04/29/202606:31,142.06,0.63,89.4978,54.98,0.93,51.1314,52.0,0.8,14.0,198.7,23861.0,45140.0,17.3,19.3,45.0,29.940000000000005,11.74,55.0,365.0,2.7,0.571314602146645
2026-04-29T18:32:00,04/29/202606:31,142.03,0.63,89.4789,54.989999999999995,0.95,52.24049999999999,53.1,0.8,14.0,198.7,23861.0,45140.0,17.3,19.28,45.1,29.940000000000005,11.747,55.2,359.8,2.65,0.5838303778879713
2026-04-29T18:32:01,04/29/202606:32,142.0,0.63,89.46,55.0,0.97,53.35,54.2,0.8,14.0,198.7,23861.0,45140.0,17.3,19.26,45.2,29.940000000000005,11.754000000000001,55.4,354.6,2.6,0.5963559132573217
2026-04-29T18:33:00,04/29/202606:33,141.96999999999997,0.6399999999999999,90.86079999999997,55.0,0.99,54.45,55.3,0.8,14.0,198.7,23861.0,45140.0,17.3,19.18,45.3,29.940000000000005,11.761,55.6,349.2,2.55,0.5992683313376068
2026-04-29T18:34:00,04/29/202606:33,141.96999999999997,0.6399999999999999,90.86079999999997,55.0,0.9800000000000001,53.900000000000006,54.8,0.8,14.0,198.7,23861.0,45140.0,17.3,19.1,45.4,29.940000000000005,11.78,55.7,343.8,2.5,0.5932151158695501
2026-04-29T18:34:01,04/29/202606:34,141.98999999999998,0.6399999999999999,90.87359999999997,55.0,0.96,52.8,53.7,0.8,14.0,198.7,23861.0,45140.0,17.3,19.020000000000003,45.5,29.940000000000005,11.799000000000001,55.8,338.4,2.45,0.5810268328755548
2026-04-29T18:35:00,04/29/202606:35,142.0,0.6399999999999999,90.87999999999998,55.0,0.95,52.25,53.1,0.8,14.0,198.7,23861.0,45140.0,17.3,18.94,45.6,29.940000000000005,11.818000000000001,55.9,333.0,2.4,0.5749339788732396
2026-04-29T18:36:01,04/29/202606:36,142.04,0.63,89.48519999999999,55.0,0.9400000000000001,51.7,52.5,0.8,14.0,198.7,23861.0,45140.0,17.3,18.86,45.7,29.940000000000005,11.837,56.0,327.6,2.35,0.5777491696951005
2026-04-29T18:37:00,04/29/202606:37,142.04,0.63,89.48519999999999,55.0,0.95,52.25,52.5,0.8,14.0,198.7,23861.0,45140.0,17.3,18.78,46.2,29.940000000000005,11.856,56.1,322.2,2.3,0.5838954374578144
2026-04-29T18:38:01,04/29/202606:38,142.04,0.63,89.48519999999999,55.0,0.96,52.8,52.5,0.8,14.0,198.7,23861.0,45140.0,17.4,18.7,46.7,29.940000000000005,11.875,56.2,316.8,2.25,0.5900417052205281
2026-04-29T18:39:01,04/29/202606:39,142.04,0.63,89.48519999999999,55.0,0.97,53.35,53.1,0.8,14.0,198.7,23861.0,45140.0,17.3,18.619999999999997,47.2,29.940000000000005,11.894,56.3,311.4,2.2,0.596187972983242
2026-04-29T18:41:11,04/29/202606:41,142.07999999999998,0.6199999999999999,88.08959999999998,55.010000000000005,0.9400000000000001,51.70940000000001,51.4,0.8,14.0,198.7,23861.0,45140.0,17.3,18.56,47.6,29.940000000000005,11.906,56.2,311.2,2.2,0.5870091361522816
2026-04-29T18:42:00,04/29/202606:42,142.1,0.6199999999999999,88.10199999999998,55.010000000000005,0.9400000000000001,51.70940000000001,51.4,0.8,14.0,198.7,23861.0,45140.0,17.3,18.5,48.0,29.940000000000005,11.918,56.1,311.0,2.2,0.586926516991669
2026-04-29T18:43:00,04/29/202606:43,142.11999999999998,0.61,86.69319999999999,55.010000000000005,0.9400000000000001,51.70940000000001,51.4,0.8,15.0,198.7,23861.0,45140.0,17.3,18.5,48.4,29.940000000000005,11.93,56.0,311.0,2.2,0.5964643132333334
2026-04-29T18:44:00,04/29/202606:44,142.1,0.61,86.681,55.010000000000005,0.9700000000000001,53.35970000000001,53.0,0.8,15.0,198.7,23861.0,45140.0,17.3,18.5,48.8,29.940000000000005,11.93,56.0,311.0,2.2,0.6155870375284089
2026-04-29T18:45:00,04/29/202606:45,142.07,0.6199999999999999,88.08339999999998,55.010000000000005,1.0,55.010000000000005,54.6,0.8,15.0,198.7,23861.0,45140.0,17.4,18.5,49.2,29.940000000000005,11.93,56.0,311.0,2.2,0.6245217600592168
2026-04-29T18:46:00,04/29/202606:46,142.05,0.63,89.4915,55.010000000000005,1.02,56.110200000000006,55.7,0.8,15.0,198.7,23861.0,45140.0,17.4,18.5,49.6,29.940000000000005,11.93,56.0,311.0,2.2,0.6269891553946465
2026-04-29T18:46:01,04/29/202606:46,142.03,0.6399999999999999,90.8992,55.010000000000005,1.03,56.66030000000001,56.3,0.8,15.0,198.7,23861.0,45140.0,17.3,18.47,50.1,29.940000000000005,11.905,55.8,305.2,2.16,0.6233311184256848
2026-04-29T18:47:00,04/29/202606:47,141.98,0.65,92.28699999999999,55.010000000000005,1.05,57.76050000000001,57.4,0.8,15.0,198.7,23861.0,45140.0,17.3,18.44,50.2,29.940000000000005,11.879999999999999,55.6,299.4,2.12,0.6258790512206488
2026-04-29T18:48:00,04/29/202606:48,141.93,0.6599999999999999,93.6738,55.010000000000005,1.07,58.86070000000001,58.5,0.8,15.0,198.7,23861.0,45140.0,17.3,18.41,50.3,29.940000000000005,11.855,55.4,293.6,2.08,0.628358196208545
2026-04-29T18:48:01,04/29/202606:48,141.92000000000002,0.6599999999999999,93.6672,55.010000000000005,1.06,58.31060000000001,57.9,0.8,15.0,198.7,23861.0,45140.0,17.3,18.380000000000003,50.4,29.940000000000005,11.83,55.2,287.8,2.04,0.6225295514331592
2026-04-29T18:49:01,04/29/202606:49,141.95999999999998,0.6399999999999999,90.85439999999997,55.0,1.02,56.1,55.7,0.8,15.0,198.7,23861.0,45140.0,17.3,18.35,50.5,29.940000000000005,11.805,55.0,282.0,2.0,0.6174714708368557
2026-04-29T18:50:00,04/29/202606:50,141.95999999999998,0.63,89.43479999999998,55.0,1.0100000000000002,55.55000000000001,55.1,0.8,15.0,198.7,23861.0,45140.0,17.4,18.32,50.6,29.940000000000005,11.78,54.8,276.2,1.9600000000000002,0.6211228738701269
2026-04-29T18:52:22,04/29/202606:52,141.92000000000002,0.63,89.40960000000001,55.0,0.99,54.45,54.0,0.8,15.0,198.7,23861.0,45140.0,17.3,18.29,50.7,29.940000000000005,11.754999999999999,54.6,270.4,1.92,0.6089950072475439
2026-04-29T18:53:00,04/29/202606:53,141.85,0.6399999999999999,90.78399999999998,55.0,1.0,55.0,54.6,0.8,15.0,198.7,23861.0,45140.0,17.3,18.259999999999998,50.8,29.940000000000005,11.73,54.4,264.6,1.8800000000000001,0.6058336270708496
2026-04-29T18:54:00,04/29/202606:53,141.82999999999998,0.63,89.35289999999999,55.0,0.9800000000000001,53.900000000000006,53.5,0.8,15.0,198.7,23861.0,45140.0,17.3,18.229999999999997,50.9,29.940000000000005,11.705,54.2,258.8,1.8400000000000003,0.6032260844359837
2026-04-29T18:54:01,04/29/202606:54,141.81,0.6199999999999999,87.92219999999999,55.0,0.96,52.8,52.4,0.8,15.0,198.7,23861.0,45140.0,17.3,18.2,51.0,29.940000000000005,11.68,54.0,253.0,1.8,0.6005309239304749
2026-04-29T18:55:01,04/29/202606:55,141.79,0.61,86.49189999999999,55.0,0.96,52.8,52.3,0.8,15.0,198.7,23861.0,45140.0,17.3,18.2,51.0,29.940000000000005,11.68,54.0,253.0,1.8,0.6104617889074007
2026-04-29T18:55:34,04/29/202606:55,141.77,0.6,85.062,55.0,0.96,52.8,52.3,0.8,15.0,198.7,23861.0,45140.0,17.4,18.2,51.0,29.940000000000005,11.68,54.0,253.0,1.8,0.6207237074134161
2026-04-29T18:56:01,04/29/202606:56,141.75,0.59,83.6325,55.0,0.96,52.8,52.3,0.8,15.0,198.7,23861.0,45140.0,17.4,18.2,51.0,29.940000000000005,11.68,54.0,253.0,1.8,0.6313335126894449
2026-04-29T18:56:33,04/29/202606:56,141.76,0.58,82.22079999999998,55.0,0.93,51.150000000000006,50.6,0.8,15.0,198.7,23861.0,45140.0,17.3,18.2,51.0,29.940000000000005,11.68,54.0,253.0,1.8,0.6221053553358763
2026-04-29T18:57:01,04/29/202606:57,141.72,0.59,83.61479999999999,55.0,0.9400000000000001,51.7,51.1,0.8,15.0,198.7,23861.0,45140.0,17.3,18.2,51.0,29.940000000000005,11.68,54.0,253.0,1.8,0.6183115907710119
2026-04-29T18:57:34,04/29/202606:57,141.67000000000002,0.6,85.00200000000001,55.0,0.9400000000000001,51.7,51.1,0.8,15.0,198.7,23861.0,45140.0,17.3,18.2,51.0,29.940000000000005,11.68,54.0,253.0,1.8,0.6082209830356933
2026-04-29T18:58:01,04/29/202606:58,141.64000000000001,0.61,86.4004,55.0,0.96,52.8,52.2,0.8,15.0,198.7,23861.0,45140.0,17.3,18.2,51.0,29.940000000000005,11.68,54.0,253.0,1.8,0.6111082819061022
2026-04-29T18:58:33,04/29/202606:58,141.67000000000002,0.6,85.00200000000001,55.0,0.9400000000000001,51.7,51.1,0.8,15.0,198.7,23861.0,45140.0,17.4,18.2,51.0,29.940000000000005,11.68,54.0,253.0,1.8,0.6082209830356933
2026-04-29T18:59:01,04/29/202606:59,141.66,0.6,84.996,55.0,0.95,52.25,51.7,0.8,15.0,198.7,23861.0,45140.0,17.4,18.2,51.0,29.940000000000005,11.68,54.0,253.0,1.8,0.6147348110499318
2026-04-29T18:59:34,04/29/202606:59,141.67000000000002,0.6,85.00200000000001,55.010000000000005,0.96,52.8096,52.3,0.8,15.0,198.7,23861.0,45140.0,17.3,18.2,51.0,29.940000000000005,11.68,54.0,253.0,1.8,0.6212747935342697
2026-04-29T19:00:01,04/29/202607:00,141.68,0.6,85.008,55.02,0.96,52.8192,52.4,0.8,15.0,198.7,23861.0,45140.0,17.3,18.2,51.0,29.940000000000005,11.68,54.0,253.0,1.8,0.6213438735177866
2026-04-29T19:00:34,04/29/202607:00,141.7,0.6,85.02,55.02,0.9400000000000001,51.71880000000001,51.3,0.8,15.0,198.7,23861.0,45140.0,17.4,18.2,51.0,29.940000000000005,11.68,54.0,253.0,1.8,0.6083133380381088
2026-04-29T19:01:01,04/29/202607:01,141.72,0.6,85.032,55.02,0.9199999999999999,50.6184,50.2,0.8,15.0,198.7,23861.0,45140.0,17.4,18.2,51.0,29.940000000000005,11.68,54.0,253.0,1.8,0.5952864803838556
2026-04-29T19:01:34,04/29/202607:01,141.69,0.61,86.4309,55.02,0.9199999999999999,50.6184,50.2,0.8,15.0,198.7,23861.0,45140.0,17.4,18.18,51.0,29.940000000000005,11.662,54.3,248.4,1.77,0.5856516593024024
2026-04-29T19:02:00,04/29/202607:02,141.66,0.6199999999999999,87.82919999999999,55.02,0.9199999999999999,50.6184,50.2,0.8,15.0,198.7,23861.0,45140.0,17.4,18.16,51.0,29.940000000000005,11.644,54.6,243.8,1.7399999999999998,0.5763276905630474
2026-04-29T19:03:35,04/29/202607:03,141.66,0.61,86.4126,55.02,0.9099999999999999,50.0682,49.7,0.8,15.0,198.7,23861.0,45140.0,17.4,18.14,51.0,29.940000000000005,11.626,54.9,239.2,1.7100000000000002,0.5794085584741114
2026-04-29T19:04:00,04/29/202607:04,141.66,0.6,84.996,55.02,0.9,49.518,49.2,0.8,15.0,198.7,23861.0,45140.0,17.4,18.119999999999997,51.0,29.940000000000005,11.608,55.2,234.6,1.6800000000000002,0.582592121982211
2026-04-29T19:04:34,04/29/202607:04,141.62,0.61,86.3882,55.02,0.9099999999999999,50.0682,49.7,0.8,15.0,198.7,23861.0,45140.0,17.4,18.1,51.0,29.940000000000005,11.59,55.5,230.0,1.65,0.5795722100935081
2026-04-29T19:05:01,04/29/202607:05,141.57999999999998,0.6199999999999999,87.77959999999997,55.02,0.9199999999999999,50.6184,50.2,0.8,15.0,198.7,23861.0,45140.0,17.4,18.080000000000002,51.0,29.940000000000005,11.572,55.8,225.4,1.6199999999999999,0.5766533454242218
2026-04-29T19:05:34,04/29/202607:05,141.55,0.61,86.3455,55.0,0.9,49.5,49.1,0.8,15.0,198.7,23861.0,45140.0,17.4,18.06,51.0,29.940000000000005,11.553999999999998,56.1,220.8,1.59,0.5732782831763091
2026-04-29T19:06:00,04/29/202607:06,141.52,0.6,84.912,54.98,0.8800000000000001,48.382400000000004,48.0,0.8,15.0,198.7,23861.0,45140.0,17.4,18.04,51.0,29.940000000000005,11.536,56.4,216.2,1.56,0.5697946108912757
2026-04-29T19:06:35,04/29/202607:06,141.42000000000002,0.6,84.852,54.98,0.8800000000000001,48.382400000000004,48.0,0.8,15.0,198.7,23861.0,45140.0,17.3,18.02,51.0,29.940000000000005,11.518,56.7,211.6,1.53,0.5701975203884411
2026-04-29T19:07:01,04/29/202607:07,141.32,0.6,84.79199999999999,54.98,0.8800000000000001,48.382400000000004,48.0,0.8,15.0,198.7,23861.0,45140.0,17.3,18.0,51.0,29.940000000000005,11.5,57.0,207.0,1.5,0.5706010000943487
2026-04-29T19:07:34,04/29/202607:07,140.97,0.61,85.9917,54.989999999999995,0.9200000000000002,50.5908,50.3,0.8,15.0,198.7,23861.0,45140.0,17.4,18.0,51.0,29.940000000000005,11.5,57.0,207.0,1.5,0.5883218961830038
2026-04-29T19:08:00,04/29/202607:08,140.62,0.6199999999999999,87.18439999999998,55.0,0.96,52.8,52.6,0.8,15.0,198.7,23861.0,45140.0,17.4,18.0,51.0,29.940000000000005,11.5,57.0,207.0,1.5,0.6056129307536671
2026-04-29T19:08:34,04/29/202607:08,139.94,0.63,88.1622,55.0,0.96,52.8,52.6,0.8,15.0,198.7,23861.0,45140.0,17.4,18.0,51.0,29.940000000000005,11.5,57.0,207.0,1.5,0.5988961255504059
2026-04-29T19:09:01,04/29/202607:09,139.26,0.6399999999999999,89.12639999999998,55.0,0.96,52.8,52.6,0.8,15.0,198.7,23861.0,45140.0,17.4,18.0,51.0,29.940000000000005,11.5,57.0,207.0,1.5,0.5924170616113745
2026-04-29T19:09:34,04/29/202607:09,138.17000000000002,0.6399999999999999,88.4288,55.0,0.96,52.8,52.6,0.8,15.0,198.7,23861.0,45140.0,17.4,18.0,51.0,29.940000000000005,11.5,57.0,207.0,1.5,0.5970905406383441
2026-04-29T19:10:01,04/29/202607:10,137.07999999999998,0.6399999999999999,87.73119999999997,55.0,0.96,52.8,52.6,0.8,15.0,198.7,23861.0,45140.0,17.4,18.0,51.0,29.940000000000005,11.5,57.0,207.0,1.5,0.6018383425736797
2026-04-29T19:10:34,04/29/202607:10,135.77,0.6599999999999999,89.6082,55.010000000000005,0.9800000000000001,53.90980000000001,53.7,0.8,15.0,198.7,23861.0,45140.0,17.4,18.0,51.0,29.940000000000005,11.5,57.0,207.0,1.5,0.6016168163181496
2026-04-29T19:11:01,04/29/202607:11,134.45999999999998,0.6799999999999999,91.43279999999997,55.02,1.0,55.02,54.8,0.8,15.0,198.7,23861.0,45140.0,17.4,18.0,51.0,29.940000000000005,11.5,57.0,207.0,1.5,0.601753418904376
2026-04-29T19:11:34,04/29/202607:11,133.26,0.69,91.94939999999998,55.02,1.01,55.57020000000001,55.4,0.8,15.0,198.7,23861.0,45140.0,17.4,18.0,51.0,29.940000000000005,11.5,57.0,207.0,1.5,0.6043563090134358
2026-04-29T19:12:01,04/29/202607:12,132.06,0.7,92.442,55.02,1.02,56.120400000000004,56.0,0.8,15.0,198.7,23861.0,45140.0,17.4,18.0,51.0,29.940000000000005,11.5,57.0,207.0,1.5,0.6070876874148116
2026-04-29T19:12:34,04/29/202607:12,131.09,0.7,91.76299999999999,55.0,1.02,56.1,55.9,0.8,15.0,198.7,23861.0,45140.0,17.4,18.0,51.0,29.940000000000005,11.5,57.0,207.0,1.5,0.6113575188256706
2026-04-29T19:13:01,04/29/202607:13,130.12,0.7,91.084,54.98,1.02,56.0796,55.8,0.8,15.0,198.7,23861.0,45140.0,17.4,18.0,51.0,29.940000000000005,11.5,57.0,207.0,1.5,0.615691010495806
2026-04-29T19:14:49,04/29/202607:14,129.5,0.7,90.64999999999999,54.96,1.01,55.5096,55.2,0.8,15.0,198.7,23861.0,45140.0,17.4,18.0,51.0,29.940000000000005,11.5,57.0,207.0,1.5,0.6123507997793712
2026-04-29T19:15:01,04/29/202607:15,128.88,0.7,90.216,54.94,1.0,54.94,54.6,0.8,15.0,198.7,23861.0,45140.0,17.4,18.0,51.0,29.940000000000005,11.5,57.0,207.0,1.5,0.6089828855191984
2026-04-29T19:15:32,04/29/202607:15,128.68,0.69,88.7892,54.92,0.9800000000000001,53.821600000000004,53.5,0.8,15.0,198.7,23861.0,45140.0,17.4,18.0,51.0,29.940000000000005,11.5,57.0,207.0,1.5,0.6061728228207937
2026-04-29T19:16:01,04/29/202607:16,128.48,0.6799999999999999,87.36639999999998,54.9,0.96,52.70399999999999,52.4,0.8,15.0,198.7,23861.0,45140.0,17.4,18.0,51.0,29.940000000000005,11.5,57.0,207.0,1.5,0.6032525089737016
2026-04-29T19:16:33,04/29/202607:16,128.47,0.6699999999999999,86.07489999999999,54.870000000000005,0.95,52.1265,51.8,0.8,15.0,198.7,23861.0,45140.0,17.4,17.97,51.1,29.940000000000005,11.456,57.1,201.9,1.47,0.6055946623231628
2026-04-29T19:17:01,04/29/202607:17,128.45999999999998,0.6599999999999999,84.78359999999998,54.839999999999996,0.9400000000000001,51.5496,51.2,0.8,15.0,198.7,23861.0,45140.0,17.4,17.94,51.2,29.940000000000005,11.412,57.2,196.8,1.44,0.6080138139923288
2026-04-29T19:17:32,04/29/202607:17,128.4,0.65,83.46000000000001,54.81,0.93,50.9733,50.6,0.8,15.0,198.7,23861.0,45140.0,17.4,17.91,51.3,29.940000000000005,11.368,57.3,191.7,1.41,0.6107512580877067
2026-04-29T19:18:01,04/29/202607:18,128.34,0.6399999999999999,82.13759999999999,54.779999999999994,0.9199999999999999,50.39759999999999,50.0,0.8,15.0,198.7,23861.0,45140.0,17.4,17.880000000000003,51.4,29.940000000000005,11.324000000000002,57.4,186.6,1.3800000000000001,0.6135752688172043
2026-04-29T19:18:33,04/29/202607:18,128.28,0.63,80.8164,54.760000000000005,0.9,49.284000000000006,48.9,0.8,15.0,198.7,23861.0,45140.0,17.4,17.85,51.5,29.940000000000005,11.28,57.5,181.5,1.35,0.609826718339347
2026-04-29T19:19:00,04/29/202607:19,128.22,0.6199999999999999,79.49639999999998,54.739999999999995,0.8800000000000001,48.1712,47.8,0.8,15.0,198.7,23861.0,45140.0,17.4,17.82,51.6,29.940000000000005,11.236,57.6,176.4,1.3199999999999998,0.6059544834734656
2026-04-29T19:19:32,04/29/202607:19,128.24,0.61,78.2264,54.73,0.8700000000000001,47.615100000000005,47.2,0.8,15.0,198.7,23861.0,45140.0,17.4,17.79,51.7,29.940000000000005,11.192,57.7,171.3,1.29,0.6086832578260025
2026-04-29T19:20:01,04/29/202607:20,128.26,0.6,76.95599999999999,54.720000000000006,0.86,47.059200000000004,46.6,0.8,15.0,198.7,23861.0,45140.0,17.4,17.759999999999998,51.8,29.940000000000005,11.148,57.8,166.2,1.26,0.6115078746296586
2026-04-29T19:20:33,04/29/202607:20,127.50999999999999,0.6,76.50599999999999,54.7,0.85,46.495000000000005,46.0,0.8,15.0,198.7,23861.0,45140.0,17.4,17.729999999999997,51.9,29.940000000000005,11.104000000000001,57.9,161.1,1.23,0.6077301126709018
2026-04-29T19:21:00,04/29/202607:21,126.75999999999999,0.6,76.056,54.68000000000001,0.8400000000000001,45.93120000000001,45.4,0.8,15.0,198.7,23861.0,45140.0,17.4,17.7,52.0,29.940000000000005,11.06,58.0,156.0,1.2,0.6039129062795836
2026-04-29T19:21:32,04/29/202607:21,126.03,0.6,75.618,54.67,0.8300000000000001,45.37610000000001,44.8,0.8,15.0,198.7,23861.0,45140.0,17.4,17.7,52.0,29.940000000000005,11.06,58.0,156.0,1.2,0.6000700891322174
2026-04-29T19:22:01,04/29/202607:22,125.3,0.6,75.17999999999999,54.660000000000004,0.8200000000000001,44.821200000000005,44.2,0.8,15.0,198.7,23861.0,45140.0,17.4,17.7,52.0,29.940000000000005,11.06,58.0,156.0,1.2,0.5961851556264965
2026-04-29T19:22:32,04/29/202607:22,124.58,0.6,74.74799999999999,54.64,0.8,43.712,43.1,0.8,15.0,198.7,23861.0,45140.0,17.4,17.7,52.0,29.940000000000005,11.06,58.0,156.0,1.2,0.584791566329534
2026-04-29T19:23:00,04/29/202607:23,123.85999999999999,0.6,74.31599999999999,54.620000000000005,0.78,42.60360000000001,42.0,0.8,15.0,198.7,23861.0,45140.0,17.4,17.7,52.0,29.940000000000005,11.06,58.0,156.0,1.2,0.573276279670596
2026-04-29T19:23:32,04/29/202607:23,121.62,0.59,71.7558,54.589999999999996,0.77,42.034299999999995,41.5,0.8,15.0,198.7,23861.0,45140.0,17.4,17.7,52.0,29.940000000000005,11.06,58.0,156.0,1.2,0.5857965488504066
2026-04-29T19:24:01,04/29/202607:24,119.38,0.58,69.2404,54.56,0.76,41.4656,41.0,0.8,15.0,198.7,23861.0,45140.0,17.4,17.7,52.0,29.940000000000005,11.06,58.0,156.0,1.2,0.5988642468847668
2026-04-29T19:24:33,04/29/202607:24,117.07000000000001,0.5599999999999999,65.5592,54.52,0.76,41.4352,41.0,0.8,15.0,198.7,23861.0,45140.0,17.4,17.7,52.0,29.940000000000005,11.06,58.0,156.0,1.2,0.6320272364519396
2026-04-29T19:25:59,04/29/202607:25,114.75,0.54,61.965,54.48,0.76,41.4048,41.0,0.8,15.0,198.7,23861.0,45140.0,17.4,17.7,52.0,29.940000000000005,11.06,58.0,156.0,1.2,0.6681965625756475
2026-04-29T19:26:01,04/29/202607:26,113.21,0.52,58.8692,54.45,0.76,41.382000000000005,41.0,0.8,15.0,198.7,23861.0,45140.0,17.4,17.7,52.0,29.940000000000005,11.06,58.0,156.0,1.2,0.7029482309934568
2026-04-29T19:26:33,04/29/202607:26,110.30999999999999,0.51,56.25809999999999,54.410000000000004,0.74,40.263400000000004,39.9,0.8,15.0,198.7,23861.0,45140.0,17.4,17.7,52.0,29.940000000000005,11.06,58.0,156.0,1.2,0.7156907183143407
2026-04-29T19:27:00,04/29/202607:27,107.39000000000001,0.5,53.69500000000001,54.370000000000005,0.72,39.1464,38.8,0.8,15.0,198.7,23861.0,45140.0,17.4,17.7,52.0,29.940000000000005,11.06,58.0,156.0,1.2,0.7290511220784057
2026-04-29T19:27:33,04/29/202607:27,104.45,0.49000000000000005,51.18050000000001,54.32000000000001,0.7,38.024,37.7,0.8,15.0,198.7,23861.0,45140.0,17.4,17.7,52.0,29.940000000000005,11.06,58.0,156.0,1.2,0.7429392053614168
2026-04-29T19:28:01,04/29/202607:28,101.52000000000001,0.48,48.729600000000005,54.279999999999994,0.6900000000000001,37.4532,37.1,0.8,15.0,198.7,23861.0,45140.0,17.4,17.7,52.0,29.940000000000005,11.06,58.0,156.0,1.2,0.7685923955870764
2026-04-29T19:28:32,04/29/202607:28,98.58,0.47000000000000003,46.3326,54.239999999999995,0.67,36.3408,36.0,0.8,15.0,198.7,23861.0,45140.0,17.4,17.7,52.0,29.940000000000005,11.06,58.0,156.0,1.2,0.7843462270625866
2026-04-29T19:29:00,04/29/202607:29,97.17,0.47000000000000003,45.669900000000005,54.21,0.65,35.2365,34.9,0.8,15.0,198.7,23861.0,45140.0,17.4,17.7,52.0,29.940000000000005,11.06,58.0,156.0,1.2,0.7715475619609413
2026-04-29T19:29:33,04/29/202607:29,96.42999999999999,0.45999999999999996,44.35779999999999,54.17999999999999,0.63,34.133399999999995,33.8,0.8,15.0,198.7,23861.0,45140.0,17.4,17.7,52.0,29.940000000000005,11.06,58.0,156.0,1.2,0.7695016434539135
2026-04-29T19:30:01,04/29/202607:30,95.7,0.45999999999999996,44.022,54.160000000000004,0.6,32.496,32.2,0.8,15.0,198.7,23861.0,45140.0,17.4,17.7,52.0,29.940000000000005,11.06,58.0,156.0,1.2,0.7381763663622735
2026-04-29T19:30:32,04/29/202607:30,94.97,0.45999999999999996,43.6862,54.14,0.5700000000000001,30.859800000000003,30.6,0.8,15.0,198.7,23861.0,45140.0,17.4,17.7,52.0,29.940000000000005,11.06,58.0,156.1,1.2,0.7063969857758287
2026-04-29T19:31:00,04/29/202607:31,94.24,0.45999999999999996,43.35039999999999,54.120000000000005,0.54,29.224800000000005,29.0,0.8,15.0,198.7,23861.0,45140.0,17.4,17.7,52.0,29.940000000000005,11.06,58.0,156.2,1.2,0.6741529489923971
2026-04-29T19:31:33,04/29/202607:31,94.88,0.45,42.696,54.11,0.53,28.6783,28.5,0.8,15.0,198.7,23861.0,45140.0,17.4,17.669999999999998,52.1,29.940000000000005,10.967,58.1,151.5,1.16,0.6716858722128537
2026-04-29T19:32:01,04/29/202607:32,95.52000000000001,0.44000000000000006,42.02880000000001,54.1,0.52,28.132,28.0,0.8,15.0,198.7,23861.0,45140.0,17.4,17.639999999999997,52.2,29.940000000000005,10.874,58.2,146.8,1.1199999999999999,0.6693505405816962
2026-04-29T19:32:32,04/29/202607:32,94.22999999999999,0.43,40.518899999999995,54.089999999999996,0.5,27.044999999999998,26.9,0.8,15.0,198.7,23861.0,45140.0,17.4,17.6,52.3,29.940000000000005,10.781,58.3,142.1,1.08,0.6674662935074743
2026-04-29T19:33:01,04/29/202607:33,92.94,0.42000000000000004,39.034800000000004,54.08,0.48,25.958399999999997,25.8,0.8,15.0,198.7,23861.0,45140.0,17.4,17.56,52.4,29.940000000000005,10.688,58.4,137.4,1.04,0.6650066094869193
2026-04-29T19:33:33,04/29/202607:33,91.65,0.41000000000000003,37.5765,54.07000000000001,0.47000000000000003,25.412900000000004,25.2,0.8,15.0,198.7,23861.0,45140.0,17.4,17.52,52.5,29.940000000000005,10.576,58.5,132.7,1.0,0.6762976860537837
2026-04-29T19:34:00,04/29/202607:34,90.36,0.4,36.144,54.06,0.45999999999999996,24.8676,24.6,0.8,15.0,198.7,23861.0,45140.0,17.4,17.48,52.6,29.940000000000005,10.464,58.6,128.0,0.96,0.6880146082337317
2026-04-29T19:35:01,04/29/202607:35,88.4,0.4,35.36000000000001,54.06,0.45,24.327,24.0,0.8,15.0,198.7,23861.0,45140.0,17.4,17.44,52.7,29.940000000000005,10.352,58.7,123.3,0.9199999999999999,0.6879807692307691
2026-04-29T19:35:33,04/29/202607:35,88.09,0.39,34.3551,54.06,0.44000000000000006,23.786400000000004,23.4,0.8,15.0,198.7,23861.0,45140.0,17.4,17.4,52.8,29.940000000000005,10.24,58.8,118.6,0.8800000000000001,0.6923688186033515
2026-04-29T19:37:11,04/29/202607:37,87.78999999999999,0.38,33.3602,54.06,0.42000000000000004,22.7052,22.3,0.8,15.0,198.7,23861.0,45140.0,17.4,17.36,52.9,29.940000000000005,10.128,58.9,113.8,0.8400000000000001,0.6806074304110887
2026-04-29T19:38:00,04/29/202607:38,87.49,0.37,32.3713,54.06,0.4,21.624000000000002,21.2,0.8,15.0,198.7,23861.0,45140.0,17.4,17.32,53.0,29.940000000000005,10.016,59.0,109.0,0.8,0.6679991226796577
2026-04-29T19:38:33,04/29/202607:38,83.82,0.36,30.175199999999997,54.05,0.38,20.538999999999998,20.1,0.8,15.0,198.7,23861.0,45140.0,17.4,17.31,53.0,29.940000000000005,9.997,59.0,109.0,0.8,0.6806582889260054
2026-04-29T19:39:00,04/29/202607:39,80.15,0.35,28.0525,54.04,0.36,19.4544,19.0,0.8,15.0,198.7,23861.0,45140.0,17.4,17.3,53.0,29.940000000000005,9.978,59.0,109.0,0.8,0.693499688084841
2026-04-29T19:40:00,04/29/202607:40,78.42999999999999,0.33999999999999997,26.666199999999996,54.05,0.35,18.917499999999997,18.5,0.8,15.0,198.7,23861.0,45140.0,17.4,17.3,53.0,29.940000000000005,9.959,59.0,109.0,0.8,0.7094186648266344
2026-04-29T19:40:33,04/29/202607:40,76.53999999999999,0.32999999999999996,25.258199999999995,54.06,0.33999999999999997,18.380399999999998,18.0,0.8,15.0,198.7,23861.0,45140.0,17.4,17.3,53.0,29.940000000000005,9.94,59.0,109.0,0.8,0.7277003111860704
2026-04-29T19:41:01,04/29/202607:41,74.66,0.32,23.891199999999998,54.07000000000001,0.32999999999999996,17.8431,17.5,0.8,15.0,198.7,23861.0,45140.0,17.4,17.3,53.0,29.940000000000005,9.94,59.0,109.0,0.8,0.7468482118939191
2026-04-29T19:41:33,04/29/202607:41,72.78999999999999,0.31,22.564899999999998,54.07000000000001,0.32,17.302400000000002,17.0,0.8,15.0,198.7,23861.0,45140.0,17.4,17.3,53.0,29.940000000000005,9.94,59.0,109.0,0.8,0.7667838102539787
2026-04-29T19:42:00,04/29/202607:42,70.91999999999999,0.3,21.275999999999996,54.06,0.31,16.7586,16.5,0.8,15.0,198.7,23861.0,45140.0,17.4,17.3,53.0,29.940000000000005,9.94,59.0,109.0,0.8,0.7876762549351384
2026-04-29T19:42:32,04/29/202607:42,67.01,0.3,20.103,54.05,0.3,16.215,16.0,0.8,15.0,198.7,23861.0,45140.0,17.4,17.3,53.0,29.940000000000005,9.94,59.0,109.0,0.8,0.8065960304432174
2026-04-29T19:43:01,04/29/202607:43,63.1,0.3,18.93,54.04,0.3,16.212,16.0,0.8,15.0,198.7,23861.0,45140.0,17.4,17.3,53.0,29.940000000000005,9.94,59.0,109.0,0.8,0.8564183835182251
2026-04-29T19:43:33,04/29/202607:43,67.17999999999999,0.26999999999999996,18.138599999999997,54.029999999999994,0.26999999999999996,14.588099999999997,14.4,0.8,15.0,198.7,23861.0,45140.0,17.4,17.3,53.0,29.940000000000005,9.94,59.0,109.0,0.8,0.8042572194105388
2026-04-29T19:44:00,04/29/202607:44,74.62,0.24,17.9088,54.029999999999994,0.24,12.967199999999998,12.8,0.8,15.0,198.7,23861.0,45140.0,17.4,17.3,53.0,29.940000000000005,9.94,59.0,109.0,0.8,0.7240686143125167
2026-04-29T19:44:32,04/29/202607:44,74.39,0.24,17.8536,54.02,0.24,12.9648,12.8,0.8,15.0,198.7,23861.0,45140.0,17.4,17.3,53.0,29.940000000000005,9.94,59.0,109.0,0.8,0.7261728726979433
2026-04-29T19:45:01,04/29/202607:45,74.16,0.24,17.798399999999997,54.0,0.24,12.959999999999999,12.8,0.8,15.0,198.7,23861.0,45140.0,17.4,17.3,53.0,29.940000000000005,9.94,59.0,109.0,0.8,0.7281553398058253
2026-04-29T19:45:33,04/29/202607:45,81.75,0.21000000000000002,17.1675,53.98,0.21000000000000002,11.3358,11.2,0.8,15.0,198.7,23861.0,45140.0,17.4,17.240000000000002,53.0,29.940000000000005,9.809999999999999,59.0,104.5,0.78,0.6603058103975535
2026-04-29T19:46:00,04/29/202607:46,89.34,0.18,16.0812,53.96,0.18,9.7128,9.6,0.8,15.0,198.7,23861.0,45140.0,17.4,17.18,53.0,29.940000000000005,9.68,59.0,100.0,0.76,0.6039847772554288
2026-04-29T19:46:33,04/29/202607:46,96.91,0.15,14.536499999999998,53.95,0.15,8.0925,8.0,0.8,15.0,198.7,23861.0,45140.0,17.4,17.119999999999997,53.0,29.940000000000005,9.55,59.0,95.5,0.74,0.5567020947270663
2026-04-29T19:48:22,04/29/202607:48,104.45,0.12,12.534,53.92999999999999,0.12,6.471599999999999,6.4,0.8,15.0,198.7,23861.0,45140.0,17.4,17.06,53.0,29.940000000000005,9.42,59.0,91.0,0.72,0.5163235998085207
2026-04-29T19:48:32,04/29/202607:48,112.37,0.09,10.1133,53.910000000000004,0.09,4.8519000000000005,4.8,0.8,15.0,198.7,23861.0,45140.0,17.4,17.0,53.0,29.940000000000005,9.290000000000001,59.0,86.5,0.7,0.4797543828423957
2026-04-29T19:49:01,04/29/202607:49,120.29,0.06,7.2174000000000005,53.89,0.06,3.2334,3.2,0.8,15.0,198.7,23861.0,45140.0,17.4,16.94,53.0,29.940000000000005,9.16,59.0,82.0,0.6799999999999999,0.44800066505943964
2026-04-29T19:49:33,04/29/202607:49,119.77000000000001,0.06,7.1862,53.86,0.06,3.2316,3.2,0.8,15.0,198.7,23861.0,45140.0,17.4,16.880000000000003,53.0,29.940000000000005,9.03,59.0,77.5,0.6599999999999999,0.44969524922768633
2026-04-29T19:50:01,04/29/202607:50,119.25,0.06,7.154999999999999,53.83,0.06,3.2297999999999996,3.2,0.8,15.0,198.7,23861.0,45140.0,17.4,16.82,53.0,29.940000000000005,8.9,59.0,73.0,0.64,0.45140461215932914
2026-04-29T19:50:32,04/29/202607:50,126.82000000000001,0.03,3.8046,53.81,0.03,1.6143,1.6,0.8,15.0,198.7,23861.0,45140.0,17.4,16.759999999999998,53.0,29.940000000000005,8.77,59.0,68.5,0.62,0.4243021605425012
2026-04-29T19:51:01,04/29/202607:51,134.39,0.0,0.0,53.79,0.0,0.0,0.0,0.8,15.0,198.7,23861.0,45140.0,17.4,16.7,53.0,29.940000000000005,8.64,59.0,64.0,0.6,
2026-04-29T19:51:33,04/29/202607:51,134.23,0.0,0.0,53.77,0.0,0.0,0.0,0.8,15.0,198.7,23861.0,45140.0,17.4,16.7,53.0,29.940000000000005,8.64,59.0,64.0,0.6,
2026-04-29T19:52:01,04/29/202607:52,134.07,0.0,0.0,53.75,0.0,0.0,0.0,0.8,15.0,198.7,23861.0,45140.0,17.4,16.7,53.0,29.940000000000005,8.64,59.0,64.0,0.6,
2026-04-29T19:52:33,04/29/202607:52,133.95,0.0,0.0,53.73,0.0,0.0,0.0,0.8,15.0,198.7,23861.0,45140.0,17.4,16.7,53.0,29.940000000000005,8.64,59.0,64.0,0.6,
2026-04-29T19:53:01,04/29/202607:53,133.85999999999999,0.0,0.0,53.720000000000006,0.0,0.0,0.0,0.8,15.0,198.7,23861.0,45140.0,17.4,16.7,53.0,29.940000000000005,8.64,59.0,64.0,0.6,
2026-04-29T19:53:33,04/29/202607:53,133.75,0.0,0.0,53.7,0.0,0.0,0.0,0.8,15.0,198.7,23861.0,45140.0,17.4,16.7,53.0,29.940000000000005,8.64,59.0,64.0,0.6,
2026-04-29T19:54:01,04/29/202607:54,133.64000000000001,0.0,0.0,53.68000000000001,0.0,0.0,0.0,0.8,15.0,198.7,23861.0,45140.0,17.4,16.7,53.0,29.940000000000005,8.64,59.0,64.0,0.6,
2026-04-29T19:54:33,04/29/202607:54,133.97,0.0,0.0,53.67,0.0,0.0,0.0,0.8,15.0,198.7,23861.0,45140.0,17.5,16.7,53.0,29.940000000000005,8.64,59.0,64.0,0.6,
2026-04-29T19:55:01,04/29/202607:55,134.3,0.0,0.0,53.660000000000004,0.0,0.0,0.0,0.8,15.0,198.7,23861.0,45140.0,17.5,16.7,53.0,29.940000000000005,8.64,59.0,64.0,0.6,
2026-04-29T19:55:33,04/29/202607:55,134.18,0.0,0.0,53.64,0.0,0.0,0.0,0.8,15.0,198.7,23861.0,45140.0,17.5,16.7,53.0,29.940000000000005,8.64,59.0,64.0,0.6,
2026-04-29T19:56:01,04/29/202607:56,134.06,0.0,0.0,53.620000000000005,0.0,0.0,0.0,0.8,15.0,198.7,23861.0,45140.0,17.5,16.7,53.0,29.940000000000005,8.64,59.0,64.0,0.6,
2026-04-29T19:56:33,04/29/202607:56,134.0,0.0,0.0,53.6,0.0,0.0,0.0,0.8,15.0,198.7,23861.0,45140.0,17.4,16.7,53.0,29.940000000000005,8.64,59.0,64.0,0.6,
2026-04-29T19:57:01,04/29/202607:57,133.94,0.0,0.0,53.58,0.0,0.0,0.0,0.8,15.0,198.7,23861.0,45140.0,17.4,16.7,53.0,29.940000000000005,8.64,59.0,64.0,0.6,
2026-04-29T19:57:33,04/29/202607:57,133.82,0.0,0.0,53.55,0.0,0.0,0.0,0.8,15.0,198.7,23861.0,45140.0,17.5,16.7,53.0,29.940000000000005,8.64,59.0,64.0,0.6,
2026-04-29T19:58:01,04/29/202607:58,133.7,0.0,0.0,53.52,0.0,0.0,0.0,0.8,15.0,198.7,23861.0,45140.0,17.5,16.7,53.0,29.940000000000005,8.64,59.0,64.0,0.6,
2026-04-29T19:59:34,04/29/202607:59,133.55,0.0,0.0,53.5,0.0,0.0,0.0,0.8,15.0,198.7,23861.0,45140.0,17.5,16.7,53.0,29.940000000000005,8.64,59.0,64.0,0.6,
2026-04-29T20:00:00,04/29/202608:00,133.4,0.0,0.0,53.48,0.0,0.0,0.0,0.8,15.0,198.7,23861.0,45140.0,17.5,16.7,53.0,29.940000000000005,8.64,59.0,64.0,0.6,
2026-04-29T20:00:33,04/29/202608:00,133.21999999999997,0.0,0.0,53.45,0.0,0.0,0.0,0.8,15.0,198.7,23861.0,45140.0,17.5,16.64,53.1,29.940000000000005,8.503,58.7,60.3,0.58,
2026-04-29T20:01:00,04/29/202608:01,133.04,0.0,0.0,53.42,0.0,0.0,0.0,0.8,15.0,198.7,23861.0,45140.0,17.5,16.580000000000002,53.2,29.940000000000005,8.366,58.4,56.6,0.5599999999999999,
2026-04-29T20:01:33,04/29/202608:01,132.85999999999999,0.0,0.0,53.4,0.0,0.0,0.0,0.8,15.0,198.7,23861.0,45140.0,17.5,16.52,53.3,29.940000000000005,8.229000000000001,58.1,52.9,0.54,
2026-04-29T20:02:00,04/29/202608:02,132.68,0.0,0.0,53.379999999999995,0.0,0.0,0.0,0.8,15.0,198.7,23861.0,45140.0,17.5,16.46,53.4,29.940000000000005,8.092,57.8,49.2,0.52,
2026-04-29T20:02:33,04/29/202608:02,132.48,0.0,0.0,53.35,0.0,0.0,0.0,0.8,15.0,198.7,23861.0,45140.0,17.5,16.4,53.5,29.940000000000005,7.955,57.5,45.5,0.5,
2026-04-29T20:03:00,04/29/202608:03,132.28,0.0,0.0,53.32000000000001,0.0,0.0,0.0,0.8,15.0,198.7,23861.0,45140.0,17.5,16.34,53.6,29.940000000000005,7.8180000000000005,57.2,41.8,0.48,
2026-04-29T20:03:33,04/29/202608:03,132.06,0.0,0.0,53.3,0.0,0.0,0.0,0.8,15.0,198.7,23861.0,45140.0,17.5,16.28,53.7,29.940000000000005,7.681,56.9,38.1,0.45999999999999996,
2026-04-29T20:04:00,04/29/202608:04,131.84,0.0,0.0,53.279999999999994,0.0,0.0,0.0,0.8,15.0,198.7,23861.0,45140.0,17.5,16.220000000000002,53.8,29.940000000000005,7.544,56.6,34.4,0.44000000000000006,
2026-04-29T20:04:33,04/29/202608:04,131.64000000000001,0.0,0.0,53.25,0.0,0.0,0.0,0.8,15.0,198.7,23861.0,45140.0,17.5,16.160000000000004,53.9,29.940000000000005,7.406999999999999,56.3,30.7,0.42000000000000004,
2026-04-29T20:05:00,04/29/202608:05,131.44,0.0,0.0,53.220000000000006,0.0,0.0,0.0,0.8,15.0,198.7,23861.0,45140.0,17.5,16.1,54.0,29.940000000000005,7.269999999999999,56.0,27.0,0.4,
2026-04-29T20:05:33,04/29/202608:05,131.23,0.0,0.0,53.2,0.0,0.0,0.0,0.8,15.0,198.7,23861.0,45140.0,17.5,16.1,54.0,29.940000000000005,7.269999999999999,56.0,27.0,0.4,
2026-04-29T20:06:00,04/29/202608:06,131.02,0.0,0.0,53.17999999999999,0.0,0.0,0.0,0.8,15.0,198.7,23861.0,45140.0,17.5,16.1,54.0,29.940000000000005,7.269999999999999,56.0,27.0,0.4,
2026-04-29T20:06:33,04/29/202608:06,130.79000000000002,0.0,0.0,53.15,0.0,0.0,0.0,0.8,15.0,198.7,23861.0,45140.0,17.5,16.1,54.0,29.940000000000005,7.269999999999999,56.0,27.0,0.4,
2026-04-29T20:07:00,04/29/202608:07,130.56,0.0,0.0,53.120000000000005,0.0,0.0,0.0,0.8,15.0,198.7,23861.0,45140.0,17.5,16.1,54.0,29.940000000000005,7.269999999999999,56.0,27.0,0.4,
2026-04-29T20:07:33,04/29/202608:07,130.3,0.0,0.0,53.1,0.0,0.0,0.0,0.8,15.0,198.7,23861.0,45140.0,17.5,16.1,54.0,29.940000000000005,7.269999999999999,56.0,27.0,0.4,
2026-04-29T20:08:00,04/29/202608:08,130.04000000000002,0.0,0.0,53.08,0.0,0.0,0.0,0.8,15.0,198.7,23861.0,45140.0,17.5,16.1,54.0,29.940000000000005,7.269999999999999,56.0,27.0,0.4,
2026-04-29T20:08:33,04/29/202608:08,129.77,0.0,0.0,53.06,0.0,0.0,0.0,0.8,15.0,198.7,23861.0,45140.0,17.5,16.1,54.0,29.940000000000005,7.269999999999999,56.0,27.0,0.4,
2026-04-29T20:09:00,04/29/202608:09,129.5,0.0,0.0,53.04,0.0,0.0,0.0,0.8,15.0,198.7,23861.0,45140.0,17.5,16.1,54.0,29.940000000000005,7.269999999999999,56.0,27.0,0.4,
2026-04-29T20:10:46,04/29/202608:10,128.06,0.0,0.0,53.010000000000005,0.01,0.5301,0.0,0.8,15.0,198.7,23861.0,45140.0,17.5,16.1,54.0,29.940000000000005,7.269999999999999,56.0,27.0,0.4,
2026-04-29T20:11:01,04/29/202608:11,126.62,0.0,0.0,52.98,0.02,1.0595999999999999,0.0,0.8,15.0,198.7,23861.0,45140.0,17.5,16.1,54.0,29.940000000000005,7.269999999999999,56.0,27.0,0.4,
2026-04-29T20:11:32,04/29/202608:11,126.22,0.0,0.0,52.95,0.02,1.0590000000000002,0.0,0.8,15.0,198.7,23861.0,45140.0,17.5,16.1,54.0,29.940000000000005,7.269999999999999,56.0,27.0,0.4,
2026-04-29T20:12:01,04/29/202608:12,125.82000000000001,0.0,0.0,52.92,0.02,1.0584,0.0,0.8,15.0,198.7,23861.0,45140.0,17.5,16.1,54.0,29.940000000000005,7.269999999999999,56.0,27.0,0.4,
2026-04-29T20:12:33,04/29/202608:12,123.54,0.0,0.0,52.9,0.02,1.058,0.0,0.8,15.0,198.7,23861.0,45140.0,17.5,16.1,54.0,29.940000000000005,7.269999999999999,56.0,27.0,0.4,
2026-04-29T20:12:34,04/29/202608:12,122.54,0.0,0.0,52.879999999999995,0.02,1.0575999999999999,0.0,0.8,15.0,198.7,23861.0,45140.0,17.5,16.1,54.0,29.940000000000005,7.269999999999999,56.0,27.0,0.4,
2026-04-29T20:13:01,04/29/202608:13,121.60999999999999,0.0,0.0,52.86,0.02,1.0572,0.0,0.8,15.0,198.7,23861.0,45140.0,17.5,16.1,54.0,29.940000000000005,7.269999999999999,56.0,27.0,0.4,
2026-04-29T20:13:34,04/29/202608:13,121.15,0.0,0.0,52.839999999999996,0.02,1.0568,0.0,0.8,15.0,198.7,23861.0,45140.0,17.5,16.1,54.0,29.940000000000005,7.269999999999999,56.0,27.0,0.4,
2026-04-29T20:13:42,04/29/202608:13,120.72999999999999,0.0,0.0,52.81999999999999,0.02,1.0563999999999998,0.0,0.8,15.0,198.7,23861.0,45140.0,17.5,16.1,54.0,29.940000000000005,7.269999999999999,56.0,27.0,0.4,
2026-04-29T20:14:01,04/29/202608:14,120.30999999999999,0.0,0.0,52.8,0.02,1.056,0.0,0.8,15.0,198.7,23861.0,45140.0,17.5,16.1,54.0,29.940000000000005,7.269999999999999,56.0,27.0,0.4,
2026-04-29T20:14:41,04/29/202608:14,121.0,0.0,0.0,52.8,0.01,0.528,0.0,0.8,15.0,198.7,23861.0,45140.0,17.5,16.1,54.0,29.940000000000005,7.269999999999999,56.0,27.0,0.4,
2026-04-29T20:15:01,04/29/202608:15,121.68999999999998,0.0,0.0,52.8,0.0,0.0,0.0,0.8,15.0,198.7,23861.0,45140.0,17.5,16.1,54.0,29.940000000000005,7.269999999999999,56.0,27.0,0.4,
2026-04-29T20:15:42,04/29/202608:15,121.28,0.0,0.0,52.79,0.0,0.0,0.0,0.8,15.0,198.7,23861.0,45140.0,17.5,16.04,54.2,29.940000000000005,7.214,56.4,24.6,0.38,
2026-04-29T20:16:01,04/29/202608:16,120.87,0.0,0.0,52.779999999999994,0.0,0.0,0.0,0.8,15.0,198.7,23861.0,45140.0,17.5,15.98,54.4,29.940000000000005,7.1579999999999995,56.8,22.2,0.36,
2026-04-29T20:16:42,04/29/202608:16,122.28,0.0,0.0,52.760000000000005,0.0,0.0,0.0,0.8,15.0,198.7,23861.0,45140.0,17.5,15.920000000000002,54.6,29.940000000000005,7.101999999999999,57.2,19.8,0.34,
2026-04-29T20:17:00,04/29/202608:17,122.41,0.0,0.0,52.739999999999995,0.0,0.0,0.0,0.8,15.0,198.7,23861.0,45140.0,17.5,15.860000000000003,54.8,29.940000000000005,7.045999999999999,57.6,17.4,0.32,
2026-04-29T20:17:42,04/29/202608:17,122.35999999999999,0.0,0.0,52.73,0.0,0.0,0.0,0.8,15.0,198.7,23861.0,45140.0,17.5,15.8,55.0,29.940000000000005,6.989999999999999,58.0,15.0,0.3,
2026-04-29T20:18:01,04/29/202608:18,121.84,0.0,0.0,52.720000000000006,0.0,0.0,0.0,0.8,15.0,198.7,23861.0,45140.0,17.5,15.74,55.2,29.940000000000005,6.934,58.4,12.6,0.28,
2026-04-29T20:18:41,04/29/202608:18,121.24000000000001,0.0,0.0,52.7,0.0,0.0,0.0,0.8,15.0,198.7,23861.0,45140.0,17.5,15.680000000000001,55.4,29.940000000000005,6.878,58.8,10.2,0.26,
2026-04-29T20:19:00,04/29/202608:19,120.64000000000001,0.0,0.0,52.67999999999999,0.0,0.0,0.0,0.8,15.0,198.7,23861.0,45140.0,17.5,15.62,55.6,29.940000000000005,6.822,59.2,7.8,0.24000000000000005,
2026-04-29T20:19:42,04/29/202608:19,119.14000000000001,0.0,0.0,52.660000000000004,0.0,0.0,0.0,0.8,15.0,198.7,23861.0,45140.0,17.5,15.540000000000001,55.8,29.940000000000005,6.728999999999999,59.4,5.4,0.22000000000000003,
2026-04-29T20:20:01,04/29/202608:20,117.64000000000001,0.0,0.0,52.64,0.0,0.0,0.0,0.8,15.0,198.7,23861.0,45140.0,17.5,15.459999999999999,56.0,29.940000000000005,6.636,59.6,3.0,0.2,
2026-04-29T20:21:58,04/29/202608:21,110.75,0.0,0.0,52.620000000000005,0.0,0.0,0.0,0.8,15.0,198.7,23861.0,45140.0,17.5,15.440000000000001,56.0,29.940000000000005,6.598999999999999,59.4,3.0,0.2,
2026-04-29T20:22:01,04/29/202608:22,103.85999999999999,0.0,0.0,52.6,0.0,0.0,0.0,0.8,15.0,198.7,23861.0,45140.0,17.5,15.419999999999998,56.0,29.940000000000005,6.562,59.2,3.0,0.2,
2026-04-29T20:22:41,04/29/202608:22,97.07,0.0,0.0,52.589999999999996,0.0,0.0,0.0,0.8,15.0,198.7,23861.0,45140.0,17.5,15.4,56.0,29.940000000000005,6.525,59.0,3.0,0.2,
2026-04-29T20:23:00,04/29/202608:23,90.28,0.0,0.0,52.58,0.0,0.0,0.0,0.8,15.0,198.7,23861.0,45140.0,17.5,15.38,56.0,29.940000000000005,6.4879999999999995,58.8,3.0,0.2,
2026-04-29T20:24:01,04/29/202608:24,83.66999999999999,0.0,0.0,52.56,0.0,0.0,0.0,0.8,15.0,198.7,23861.0,45140.0,17.5,15.36,56.0,29.940000000000005,6.4510000000000005,58.6,3.0,0.2,
2026-04-29T20:25:00,04/29/202608:25,77.06,0.0,0.0,52.54,0.0,0.0,0.0,0.8,15.0,198.7,23861.0,45140.0,17.5,15.34,56.0,29.940000000000005,6.414,58.4,3.0,0.2,
2026-04-29T20:26:01,04/29/202608:26,70.55,0.0,0.0,52.52,0.0,0.0,0.0,0.8,15.0,198.7,23861.0,45140.0,17.5,15.320000000000002,56.0,29.940000000000005,6.377,58.2,3.0,0.2,
2026-04-29T20:27:00,04/29/202608:27,64.03999999999999,0.0,0.0,52.5,0.0,0.0,0.0,0.8,15.0,198.7,23861.0,45140.0,17.5,15.3,56.0,29.940000000000005,6.34,58.0,3.0,0.2,
2026-04-29T20:27:22,04/29/202608:27,58.52,0.0,0.0,52.48,0.0,0.0,0.0,0.8,15.0,198.7,23861.0,45140.0,17.5,15.3,56.0,29.940000000000005,6.34,58.0,3.0,0.2,
2026-04-29T20:28:01,04/29/202608:28,53.0,0.0,0.0,52.46,0.0,0.0,0.0,0.8,15.0,198.7,23861.0,45140.0,17.5,15.3,56.0,29.940000000000005,6.34,58.0,3.0,0.2,
2026-04-29T20:28:23,04/29/202608:28,52.989999999999995,0.0,0.0,52.45,0.0,0.0,0.0,0.8,15.0,198.7,23861.0,45140.0,17.5,15.3,56.0,29.940000000000005,6.34,58.0,3.0,0.2,
2026-04-29T20:29:00,04/29/202608:29,52.98,0.0,0.0,52.44,0.0,0.0,0.0,0.8,15.0,198.7,23861.0,45140.0,17.5,15.3,56.0,29.940000000000005,6.34,58.0,3.0,0.2,
2026-04-29T20:29:23,04/29/202608:29,52.970000000000006,0.0,0.0,52.42,0.0,0.0,0.0,0.8,15.0,198.7,23861.0,45140.0,17.5,15.3,56.0,29.940000000000005,6.34,58.0,3.0,0.2,
2026-04-29T20:30:01,04/29/202608:30,52.96,0.0,0.0,52.4,0.0,0.0,0.0,0.8,15.0,198.7,23861.0,45140.0,17.5,15.3,56.0,29.940000000000005,6.34,58.0,3.0,0.2,
2026-04-29T20:30:23,04/29/202608:30,52.96,0.0,0.0,52.379999999999995,0.0,0.0,0.0,0.8,15.0,198.7,23861.0,45140.0,17.5,15.3,56.0,29.940000000000005,6.34,58.0,3.0,0.2,
2026-04-29T20:30:54,04/29/202608:30,52.970000000000006,0.0,0.0,52.36,0.0,0.0,0.0,0.8,15.0,198.7,23861.0,45140.0,17.5,15.270000000000001,56.2,29.943,6.321,57.9,2.7,0.19,
2026-04-29T20:31:00,04/29/202608:31,52.98,0.0,0.0,52.35,0.0,0.0,0.0,0.8,15.0,198.7,23861.0,45140.0,17.5,15.24,56.4,29.946000000000005,6.302,57.8,2.4,0.18,
2026-04-29T20:33:09,04/29/202608:33,52.220000000000006,0.0,0.0,52.339999999999996,0.0,0.0,0.0,0.8,15.0,198.7,23861.0,45140.0,17.5,15.209999999999999,56.6,29.949,6.2829999999999995,57.7,2.1,0.17,
2026-04-29T20:33:55,04/29/202608:33,50.96,0.0,0.0,52.33,0.0,0.0,0.0,0.8,15.0,198.7,23861.0,45140.0,17.5,15.180000000000001,56.8,29.951999999999998,6.264,57.6,1.8,0.16,
2026-04-29T20:34:00,04/29/202608:34,49.7,0.0,0.0,52.31999999999999,0.0,0.0,0.0,0.8,15.0,198.7,23861.0,45140.0,17.5,15.15,57.0,29.955000000000002,6.245,57.5,1.5,0.15,
2026-04-29T20:34:55,04/29/202608:34,47.97,0.0,0.0,52.3,0.0,0.0,0.0,0.8,15.0,198.7,23861.0,45140.0,17.5,15.12,57.2,29.958,6.226000000000001,57.4,1.2,0.14,
2026-04-29T20:35:00,04/29/202608:35,46.239999999999995,0.0,0.0,52.279999999999994,0.0,0.0,0.0,0.8,15.0,198.7,23861.0,45140.0,17.5,15.09,57.4,29.961000000000002,6.207,57.3,0.9,0.13,
2026-04-29T20:35:55,04/29/202608:35,44.15,0.0,0.0,52.260000000000005,0.0,0.0,0.0,0.8,15.0,198.7,23861.0,45140.0,17.5,15.059999999999999,57.6,29.964,6.188000000000001,57.2,0.6,0.12000000000000002,
2026-04-29T20:36:00,04/29/202608:36,42.06,0.0,0.0,52.239999999999995,0.0,0.0,0.0,0.8,15.0,198.7,23861.0,45140.0,17.5,15.030000000000001,57.8,29.967000000000002,6.1690000000000005,57.1,0.3,0.11000000000000001,
2026-04-29T20:36:55,04/29/202608:36,39.660000000000004,0.0,0.0,52.23,0.0,0.0,0.0,0.8,15.0,198.7,23861.0,45140.0,17.5,15.0,58.0,29.97,6.15,57.0,0.0,0.1,
2026-04-29T20:37:00,04/29/202608:37,37.25,0.0,0.0,52.220000000000006,0.0,0.0,0.0,0.8,15.0,198.7,23861.0,45140.0,17.5,15.0,58.0,29.97,6.15,57.0,0.0,0.1,
2026-04-29T20:37:55,04/29/202608:37,34.61,0.0,0.0,52.2,0.0,0.0,0.0,0.8,15.0,198.7,23861.0,45140.0,17.5,15.0,58.0,29.97,6.15,57.0,0.0,0.1,
2026-04-29T20:38:00,04/29/202608:38,32.739999999999995,0.0,0.0,52.17999999999999,0.0,0.0,0.0,0.8,15.0,198.7,23861.0,45140.0,17.5,15.0,58.0,29.97,6.15,57.0,0.0,0.1,
2026-04-29T20:38:54,04/29/202608:38,31.2,0.0,0.0,52.17,0.0,0.0,0.0,0.8,15.0,198.7,23861.0,45140.0,17.5,15.0,58.0,29.97,6.15,57.0,0.0,0.1,
2026-04-29T20:39:00,04/29/202608:39,29.660000000000004,0.0,0.0,52.160000000000004,0.0,0.0,0.0,0.8,15.0,198.7,23861.0,45140.0,17.5,15.0,58.0,29.97,6.15,57.0,0.0,0.1,
2026-04-29T20:39:55,04/29/202608:39,28.45,0.0,0.0,52.15,0.0,0.0,0.0,0.8,15.0,198.7,23861.0,45140.0,17.5,15.0,58.0,29.97,6.15,57.0,0.0,0.1,
2026-04-29T20:40:00,04/29/202608:40,27.24,0.0,0.0,52.14,0.0,0.0,0.0,0.8,15.0,198.7,23861.0,45140.0,17.5,15.0,58.0,29.97,6.15,57.0,0.0,0.1,
2026-04-29T20:40:55,04/29/202608:40,26.330000000000002,0.0,0.0,52.14,0.0,0.0,0.0,0.8,15.0,198.7,23861.0,45140.0,17.5,15.0,58.0,29.97,6.15,57.0,0.0,0.1,
2026-04-29T20:41:00,04/29/202608:41,25.419999999999998,0.0,0.0,52.14,0.0,0.0,0.0,0.8,15.0,198.7,23861.0,45140.0,17.5,15.0,58.0,29.97,6.15,57.0,0.0,0.1,
2026-04-29T20:41:55,04/29/202608:41,24.77,0.0,0.0,52.13000000000001,0.0,0.0,0.0,0.8,15.0,198.7,23861.0,45140.0,17.5,15.0,58.0,29.97,6.15,57.0,0.0,0.1,
2026-04-29T20:42:00,04/29/202608:42,24.119999999999997,0.0,0.0,52.120000000000005,0.0,0.0,0.0,0.8,15.0,198.7,23861.0,45140.0,17.5,15.0,58.0,29.97,6.15,57.0,0.0,0.1,
2026-04-29T20:42:55,04/29/202608:42,23.66,0.0,0.0,52.120000000000005,0.0,0.0,0.0,0.8,15.0,198.7,23861.0,45140.0,17.5,15.0,58.0,29.97,6.15,57.0,0.0,0.1,
2026-04-29T20:44:20,04/29/202608:44,23.18,0.0,0.0,52.120000000000005,0.0,0.0,0.0,0.8,15.0,198.7,23861.0,45140.0,17.5,15.0,58.0,29.97,6.15,57.0,0.0,0.1,
2026-04-29T20:44:55,04/29/202608:44,22.85,0.0,0.0,52.1,0.0,0.0,0.0,0.8,15.0,198.7,23861.0,45140.0,17.5,15.0,58.0,29.97,6.15,57.0,0.0,0.1,
2026-04-29T20:45:00,04/29/202608:45,22.52,0.0,0.0,52.08,0.0,0.0,0.0,0.8,15.0,198.7,23861.0,45140.0,17.5,15.0,58.0,29.97,6.15,57.0,0.0,0.1,
2026-04-29T20:45:55,04/29/202608:45,22.31,0.0,0.0,52.08,0.0,0.0,0.0,0.8,15.0,198.7,23861.0,45140.0,17.5,15.0,58.0,29.97,6.15,57.0,0.0,0.1,
2026-04-29T20:46:00,04/29/202608:46,22.1,0.0,0.0,52.08,0.0,0.0,0.0,0.8,15.0,198.7,23861.0,45140.0,17.5,15.0,58.0,29.97,6.15,57.0,0.0,0.1,
2026-04-29T20:46:55,04/29/202608:46,21.94,0.0,0.0,52.07000000000001,0.0,0.0,0.0,0.8,15.0,198.7,23861.0,45140.0,17.5,14.959999999999999,58.2,29.97,6.156000000000001,57.3,0.0,0.09,
2026-04-29T20:47:00,04/29/202608:47,21.78,0.0,0.0,52.06,0.0,0.0,0.0,0.8,15.0,198.7,23861.0,45140.0,17.5,14.919999999999998,58.4,29.97,6.162000000000001,57.6,0.0,0.08,
2026-04-29T20:47:55,04/29/202608:47,21.65,0.0,0.0,52.05,0.0,0.0,0.0,0.8,15.0,198.7,23861.0,45140.0,17.5,14.88,58.6,29.97,6.168,57.9,0.0,0.07,
2026-04-29T20:48:00,04/29/202608:48,21.52,0.0,0.0,52.04,0.0,0.0,0.0,0.8,15.0,198.7,23861.0,45140.0,17.5,14.84,58.8,29.97,6.174,58.2,0.0,0.06000000000000001,
2026-04-29T20:48:55,04/29/202608:48,21.419999999999998,0.0,0.0,52.029999999999994,0.0,0.0,0.0,0.8,15.0,198.7,23861.0,45140.0,17.5,14.8,59.0,29.97,6.180000000000001,58.5,0.0,0.05,
2026-04-29T20:49:00,04/29/202608:49,21.34,0.0,0.0,52.02,0.0,0.0,0.0,0.8,15.0,198.7,23861.0,45140.0,17.5,14.76,59.2,29.97,6.186,58.8,0.0,0.04,
2026-04-29T20:49:55,04/29/202608:49,21.28,0.0,0.0,52.02,0.0,0.0,0.0,0.8,15.0,198.7,23861.0,45140.0,17.5,14.719999999999999,59.4,29.97,6.192,59.1,0.0,0.030000000000000006,
2026-04-29T20:50:00,04/29/202608:50,21.22,0.0,0.0,52.02,0.0,0.0,0.0,0.8,15.0,198.7,23861.0,45140.0,17.5,14.680000000000001,59.6,29.97,6.198,59.4,0.0,0.02,
2026-04-29T20:50:55,04/29/202608:50,21.16,0.0,0.0,52.010000000000005,0.0,0.0,0.0,0.8,15.0,198.7,23861.0,45140.0,17.5,14.64,59.8,29.97,6.204,59.7,0.0,0.01,
2026-04-29T20:51:00,04/29/202608:51,21.1,0.0,0.0,52.0,0.0,0.0,0.0,0.8,15.0,198.7,23861.0,45140.0,17.5,14.6,60.0,29.97,6.21,60.0,0.0,0.0,
2026-04-29T20:52:00,04/29/202608:52,21.06,0.0,0.0,52.0,0.0,0.0,0.0,0.8,15.0,198.7,23861.0,45140.0,17.5,14.6,60.0,29.97,6.21,60.0,0.0,0.0,
2026-04-29T20:52:55,04/29/202608:52,21.009999999999998,0.0,0.0,52.0,0.0,0.0,0.0,0.8,15.0,198.7,23861.0,45140.0,17.5,14.6,60.0,29.97,6.21,60.0,0.0,0.0,
2026-04-29T20:53:01,04/29/202608:53,20.97,0.0,0.0,52.0,0.0,0.0,0.0,0.8,15.0,198.7,23861.0,45140.0,17.5,14.6,60.0,29.97,6.21,60.0,0.0,0.0,
2026-04-29T20:54:01,04/29/202608:54,20.93,0.0,0.0,52.0,0.0,0.0,0.0,0.8,15.0,198.7,23861.0,45140.0,17.5,14.6,60.0,29.97,6.21,60.0,0.0,0.0,
2026-04-29T20:55:33,04/29/202608:55,20.89,0.0,0.0,52.0,0.0,0.0,0.0,0.8,15.0,198.7,23861.0,45140.0,17.5,14.6,59.9,29.97,6.21,60.0,0.0,0.0,
2026-04-29T20:56:00,04/29/202608:56,20.85,0.0,0.0,52.0,0.0,0.0,0.0,0.8,15.0,198.7,23861.0,45140.0,17.5,14.6,59.8,29.97,6.21,60.0,0.0,0.0,
2026-04-29T20:57:00,04/29/202608:57,20.82,0.0,0.0,52.0,0.0,0.0,0.0,0.8,15.0,198.7,23861.0,45140.0,17.5,14.6,59.7,29.97,6.21,60.0,0.0,0.0,
2026-04-29T20:58:00,04/29/202608:58,20.79,0.0,0.0,51.989999999999995,0.0,0.0,0.0,0.8,15.0,198.7,23861.0,45140.0,17.5,14.6,59.6,29.97,6.21,60.0,0.0,0.0,
2026-04-29T20:59:00,04/29/202608:59,20.77,0.0,0.0,51.989999999999995,0.0,0.0,0.0,0.8,15.0,198.7,23861.0,45140.0,17.5,14.6,59.5,29.97,6.21,60.0,0.0,0.0,
2026-04-29T20:59:55,04/29/202608:59,20.740000000000002,0.0,0.0,51.989999999999995,0.0,0.0,0.0,0.8,15.0,198.7,23861.0,45140.0,17.5,14.6,59.4,29.97,6.21,60.0,0.0,0.0,
2026-04-29T21:00:00,04/29/202609:00,20.71,0.0,0.0,51.989999999999995,0.0,0.0,0.0,0.8,15.0,198.7,23861.0,45140.0,17.5,14.6,59.3,29.97,6.21,60.0,0.0,0.0,
2026-04-29T21:01:00,04/29/202609:01,20.69,0.0,0.0,51.989999999999995,0.0,0.0,0.0,0.8,15.0,198.7,23861.0,45140.0,17.5,14.6,59.2,29.97,6.21,60.0,0.0,0.0,
2026-04-29T21:02:00,04/29/202609:02,20.669999999999998,0.0,0.0,51.989999999999995,0.0,0.0,0.0,0.8,15.0,198.7,23861.0,45140.0,17.5,14.559999999999999,59.3,29.97,6.21,59.2,0.0,0.0,
2026-04-29T21:03:00,04/29/202609:03,20.65,0.0,0.0,51.989999999999995,0.0,0.0,0.0,0.8,15.0,198.7,23861.0,45140.0,17.5,14.52,59.4,29.97,6.21,58.4,0.0,0.0,
2026-04-29T21:04:00,04/29/202609:04,20.64,0.0,0.0,51.989999999999995,0.0,0.0,0.0,0.8,15.0,198.7,23861.0,45140.0,17.5,14.479999999999999,59.6,29.97,6.21,57.6,0.0,0.0,
2026-04-29T21:04:55,04/29/202609:04,20.62,0.0,0.0,51.989999999999995,0.0,0.0,0.0,0.8,15.0,198.7,23861.0,45140.0,17.5,14.440000000000001,59.8,29.97,6.21,56.8,0.0,0.0,
2026-04-29T21:05:00,04/29/202609:05,20.6,0.0,0.0,51.989999999999995,0.0,0.0,0.0,0.8,15.0,198.7,23861.0,45140.0,17.5,14.4,60.0,29.97,6.21,56.0,0.0,0.0,
2026-04-29T21:06:45,04/29/202609:06,20.59,0.0,0.0,51.989999999999995,0.0,0.0,0.0,0.8,15.0,198.7,23861.0,45140.0,17.5,14.36,60.2,29.97,6.21,55.2,0.0,0.0,
2026-04-29T21:06:55,04/29/202609:06,20.57,0.0,0.0,51.98,0.0,0.0,0.0,0.8,15.0,198.7,23861.0,45140.0,17.5,14.319999999999999,60.4,29.97,6.21,54.4,0.0,0.0,
2026-04-29T21:07:01,04/29/202609:07,20.560000000000002,0.0,0.0,51.970000000000006,0.0,0.0,0.0,0.8,15.0,198.7,23861.0,45140.0,17.5,14.279999999999998,60.6,29.97,6.21,53.6,0.0,0.0,
2026-04-29T21:08:01,04/29/202609:08,20.55,0.0,0.0,51.96,0.0,0.0,0.0,0.8,15.0,198.7,23861.0,45140.0,17.5,14.24,60.8,29.97,6.21,52.8,0.0,0.0,
2026-04-29T21:09:00,04/29/202609:09,20.54,0.0,0.0,51.95,0.0,0.0,0.0,0.8,15.0,198.7,23861.0,45140.0,17.5,14.2,61.0,29.97,6.21,52.0,0.0,0.0,
2026-04-29T21:09:55,04/29/202609:09,20.54,0.0,0.0,51.94,0.0,0.0,0.0,0.8,15.0,198.7,23861.0,45140.0,17.5,14.2,61.0,29.97,6.21,52.0,0.0,0.0,
2026-04-29T21:10:01,04/29/202609:10,20.54,0.0,0.0,51.92999999999999,0.0,0.0,0.0,0.8,15.0,198.7,23861.0,45140.0,17.5,14.2,61.0,29.97,6.21,52.0,0.0,0.0,
2026-04-29T21:10:56,04/29/202609:10,20.53,0.0,0.0,51.92,0.0,0.0,0.0,0.8,15.0,198.7,23861.0,45140.0,17.5,14.2,61.0,29.97,6.21,52.0,0.0,0.0,
2026-04-29T21:11:01,04/29/202609:11,20.53,0.0,0.0,51.910000000000004,0.0,0.0,0.0,0.8,15.0,198.7,23861.0,45140.0,17.5,14.2,61.0,29.97,6.21,52.0,0.0,0.0,
2026-04-29T21:12:01,04/29/202609:12,20.53,0.0,0.0,51.9,0.0,0.0,0.0,0.8,15.0,198.7,23861.0,45140.0,17.5,14.2,61.0,29.97,6.21,52.0,0.0,0.0,
2026-04-29T21:12:56,04/29/202609:12,20.53,0.0,0.0,51.910000000000004,0.0,0.0,0.0,0.8,15.0,198.7,23861.0,45140.0,17.5,14.2,61.0,29.97,6.21,52.0,0.0,0.0,
2026-04-29T21:13:01,04/29/202609:13,20.54,0.0,0.0,51.92,0.0,0.0,0.0,0.8,15.0,198.7,23861.0,45140.0,17.5,14.2,61.0,29.97,6.21,52.0,0.0,0.0,
2026-04-29T21:13:55,04/29/202609:13,20.54,0.0,0.0,51.92,0.0,0.0,0.0,0.8,15.0,198.7,23861.0,45140.0,17.5,14.2,61.0,29.97,6.21,52.0,0.0,0.0,
2026-04-29T21:14:01,04/29/202609:14,20.54,0.0,0.0,51.92,0.0,0.0,0.0,0.8,15.0,198.7,23861.0,45140.0,17.5,14.2,61.0,29.97,6.21,52.0,0.0,0.0,
2026-04-29T21:15:01,04/29/202609:15,20.54,0.0,0.0,51.92,0.0,0.0,0.0,0.8,15.0,198.7,23861.0,45140.0,17.5,14.2,61.0,29.97,6.21,52.0,0.0,0.0,
2026-04-29T21:16:01,04/29/202609:16,20.53,0.0,0.0,51.92,0.0,0.0,0.0,0.8,15.0,198.7,23861.0,45140.0,17.5,14.169999999999998,61.2,29.973000000000003,6.192,51.9,0.0,0.0,
2026-04-29T21:17:56,04/29/202609:17,20.52,0.0,0.0,51.910000000000004,0.0,0.0,0.0,0.8,15.0,198.7,23861.0,45140.0,17.5,14.14,61.4,29.976,6.174,51.8,0.0,0.0,
2026-04-29T21:18:01,04/29/202609:18,20.52,0.0,0.0,51.9,0.0,0.0,0.0,0.8,15.0,198.7,23861.0,45140.0,17.5,14.11,61.6,29.978999999999996,6.156000000000001,51.7,0.0,0.0,
2026-04-29T21:18:55,04/29/202609:18,20.53,0.0,0.0,51.9,0.0,0.0,0.0,0.8,15.0,198.7,23861.0,45140.0,17.5,14.080000000000002,61.8,29.982,6.138,51.6,0.0,0.0,
2026-04-29T21:19:00,04/29/202609:19,20.54,0.0,0.0,51.9,0.0,0.0,0.0,0.8,15.0,198.7,23861.0,45140.0,17.5,14.05,62.0,29.985000000000003,6.12,51.5,0.0,0.0,
2026-04-29T21:20:01,04/29/202609:20,20.54,0.0,0.0,51.89,0.0,0.0,0.0,0.8,15.0,198.7,23861.0,45140.0,17.5,14.02,62.2,29.988,6.102,51.4,0.0,0.0,
2026-04-29T21:20:55,04/29/202609:20,20.53,0.0,0.0,51.879999999999995,0.0,0.0,0.0,0.8,15.0,198.7,23861.0,45140.0,17.5,13.99,62.4,29.990999999999996,6.0840000000000005,51.3,0.0,0.0,
2026-04-29T21:21:00,04/29/202609:21,20.53,0.0,0.0,51.879999999999995,0.0,0.0,0.0,0.8,15.0,198.7,23861.0,45140.0,17.5,13.959999999999999,62.6,29.994,6.066000000000001,51.2,0.0,0.0,
2026-04-29T21:21:56,04/29/202609:21,20.54,0.0,0.0,51.879999999999995,0.0,0.0,0.0,0.8,15.0,198.7,23861.0,45140.0,17.5,13.930000000000001,62.8,29.997000000000003,6.048,51.1,0.0,0.0,
2026-04-29T21:22:01,04/29/202609:22,20.55,0.0,0.0,51.879999999999995,0.0,0.0,0.0,0.8,15.0,198.7,23861.0,45140.0,17.5,13.9,63.0,30.0,6.03,51.0,0.0,0.0,
2026-04-29T21:23:00,04/29/202609:23,20.560000000000002,0.0,0.0,51.879999999999995,0.0,0.0,0.0,0.8,15.0,198.7,23861.0,45140.0,17.5,13.9,63.0,30.0,6.03,51.0,0.0,0.0,
2026-04-29T21:24:00,04/29/202609:24,20.57,0.0,0.0,51.879999999999995,0.0,0.0,0.0,0.8,15.0,198.7,23861.0,45140.0,17.5,13.9,63.0,30.0,6.03,51.0,0.0,0.0,
2026-04-29T21:24:55,04/29/202609:24,20.57,0.0,0.0,51.89,0.0,0.0,0.0,0.8,15.0,198.7,23861.0,45140.0,17.5,13.9,63.0,30.0,6.03,51.0,0.0,0.0,
2026-04-29T21:25:00,04/29/202609:25,20.560000000000002,0.0,0.0,51.89,0.0,0.0,0.0,0.8,15.0,198.7,23861.0,45140.0,17.5,13.9,63.0,30.0,6.03,51.0,0.0,0.0,
2026-04-29T21:25:56,04/29/202609:25,20.560000000000002,0.0,0.0,51.89,0.0,0.0,0.0,0.8,15.0,198.7,23861.0,45140.0,17.5,13.9,63.0,30.0,6.03,51.0,0.0,0.0,
2026-04-29T21:26:00,04/29/202609:26,20.560000000000002,0.0,0.0,51.89,0.0,0.0,0.0,0.8,15.0,198.7,23861.0,45140.0,17.5,13.9,63.0,30.0,6.03,51.0,0.0,0.0,
2026-04-29T21:26:55,04/29/202609:26,20.560000000000002,0.0,0.0,51.89,0.0,0.0,0.0,0.8,15.0,198.7,23861.0,45140.0,17.5,13.9,63.0,30.0,6.03,51.0,0.0,0.0,
2026-04-29T21:27:00,04/29/202609:27,20.560000000000002,0.0,0.0,51.89,0.0,0.0,0.0,0.8,15.0,198.7,23861.0,45140.0,17.5,13.9,63.0,30.0,6.03,51.0,0.0,0.0,
2026-04-29T21:29:07,04/29/202609:29,20.560000000000002,0.0,0.0,51.89,0.0,0.0,0.0,0.8,15.0,198.7,23861.0,45140.0,17.5,13.9,63.0,30.0,6.03,51.0,0.0,0.0,
2026-04-29T21:29:55,04/29/202609:29,20.55,0.0,0.0,51.89,0.0,0.0,0.0,0.8,15.0,198.7,23861.0,45140.0,17.5,13.9,63.0,30.0,6.03,51.0,0.0,0.0,
2026-04-29T21:30:00,04/29/202609:30,20.54,0.0,0.0,51.89,0.0,0.0,0.0,0.8,15.0,198.7,23861.0,45140.0,17.5,13.9,63.0,30.0,6.03,51.0,0.0,0.0,
2026-04-29T21:30:56,04/29/202609:30,20.54,0.0,0.0,51.9,0.0,0.0,0.0,0.8,15.0,198.7,23861.0,45140.0,17.5,13.87,63.2,30.0,5.9990000000000006,51.0,0.0,0.0,
2026-04-29T21:31:01,04/29/202609:31,20.55,0.0,0.0,51.9,0.0,0.0,0.0,0.8,15.0,198.7,23861.0,45140.0,17.5,13.84,63.4,30.0,5.968,51.0,0.0,0.0,
2026-04-29T21:32:00,04/29/202609:32,20.560000000000002,0.0,0.0,51.9,0.0,0.0,0.0,0.8,15.0,198.7,23861.0,45140.0,17.5,13.809999999999999,63.6,30.0,5.937,51.0,0.0,0.0,
2026-04-29T21:32:56,04/29/202609:32,20.55,0.0,0.0,51.9,0.0,0.0,0.0,0.8,15.0,198.7,23861.0,45140.0,17.5,13.780000000000001,63.8,29.997000000000003,5.906000000000001,51.0,0.0,0.0,
2026-04-29T21:33:01,04/29/202609:33,20.54,0.0,0.0,51.9,0.0,0.0,0.0,0.8,15.0,198.7,23861.0,45140.0,17.5,13.75,64.0,29.994,5.875,51.0,0.0,0.0,
2026-04-29T21:34:00,04/29/202609:34,20.54,0.0,0.0,51.9,0.0,0.0,0.0,0.8,15.0,198.7,23861.0,45140.0,17.5,13.719999999999999,64.2,29.990999999999996,5.843999999999999,51.0,0.0,0.0,
2026-04-29T21:35:01,04/29/202609:35,20.54,0.0,0.0,51.89,0.0,0.0,0.0,0.8,15.0,198.7,23861.0,45140.0,17.5,13.690000000000001,64.4,29.988,5.813,51.0,0.0,0.0,
2026-04-29T21:35:56,04/29/202609:35,20.54,0.0,0.0,51.89,0.0,0.0,0.0,0.8,15.0,198.7,23861.0,45140.0,17.5,13.66,64.6,29.985000000000003,5.782,51.0,0.0,0.0,
2026-04-29T21:36:00,04/29/202609:36,20.55,0.0,0.0,51.89,0.0,0.0,0.0,0.8,15.0,198.7,23861.0,45140.0,17.5,13.63,64.8,29.982,5.7509999999999994,51.0,0.0,0.0,
2026-04-29T21:37:01,04/29/202609:37,20.560000000000002,0.0,0.0,51.879999999999995,0.0,0.0,0.0,0.8,15.0,198.7,23861.0,45140.0,17.5,13.6,65.0,29.978999999999996,5.72,51.0,0.0,0.0,
2026-04-29T21:37:55,04/29/202609:37,20.55,0.0,0.0,51.86999999999999,0.0,0.0,0.0,0.8,15.0,198.7,23861.0,45140.0,17.5,13.6,65.0,29.976,5.72,51.0,0.0,0.0,
2026-04-29T21:38:00,04/29/202609:38,20.54,0.0,0.0,51.86,0.0,0.0,0.0,0.8,15.0,198.7,23861.0,45140.0,17.5,13.6,65.0,29.973000000000003,5.72,51.0,0.0,0.0,
2026-04-29T21:40:19,04/29/202609:40,20.53,0.0,0.0,51.85,0.0,0.0,0.0,0.8,15.0,198.7,23861.0,45140.0,17.5,13.6,65.0,29.97,5.72,51.0,0.0,0.0,
2026-04-29T21:41:00,04/29/202609:41,20.53,0.0,0.0,51.839999999999996,0.0,0.0,0.0,0.8,15.0,198.7,23861.0,45140.0,17.5,13.6,65.0,29.97,5.72,51.0,0.0,0.0,
2026-04-29T21:42:00,04/29/202609:42,20.53,0.0,0.0,51.83,0.0,0.0,0.0,0.8,15.0,198.7,23861.0,45140.0,17.5,13.6,65.0,29.97,5.72,51.0,0.0,0.0,
2026-04-29T21:43:00,04/29/202609:43,20.53,0.0,0.0,51.83,0.0,0.0,0.0,0.8,15.0,198.7,23861.0,45140.0,17.5,13.6,65.0,29.97,5.72,51.0,0.0,0.0,
2026-04-29T21:44:01,04/29/202609:44,20.53,0.0,0.0,51.839999999999996,0.0,0.0,0.0,0.8,15.0,198.7,23861.0,45140.0,17.5,13.6,65.0,29.97,5.72,51.0,0.0,0.0,
2026-04-29T21:45:00,04/29/202609:45,20.52,0.0,0.0,51.83,0.0,0.0,0.0,0.8,15.0,198.7,23861.0,45140.0,17.5,13.6,65.0,29.97,5.72,51.0,0.0,0.0,
2026-04-29T21:46:01,04/29/202609:46,20.509999999999998,0.0,0.0,51.81999999999999,0.0,0.0,0.0,0.8,15.0,198.7,23861.0,45140.0,17.5,13.6,65.0,29.97,5.72,51.0,0.0,0.0,
2026-04-29T21:47:00,04/29/202609:47,20.5,0.0,0.0,51.81999999999999,0.0,0.0,0.0,0.8,15.0,198.7,23861.0,45140.0,17.5,13.559999999999999,65.1,29.973000000000003,5.608,50.6,0.0,0.0,
2026-04-29T21:48:01,04/29/202609:48,20.5,0.0,0.0,51.83,0.0,0.0,0.0,0.8,15.0,198.7,23861.0,45140.0,17.5,13.52,65.2,29.976,5.4959999999999996,50.2,0.0,0.0,
2026-04-29T21:49:00,04/29/202609:49,20.5,0.0,0.0,51.83,0.0,0.0,0.0,0.8,15.0,198.7,23861.0,45140.0,17.5,13.479999999999999,65.3,29.978999999999996,5.3839999999999995,49.8,0.0,0.0,
2026-04-29T21:49:12,04/29/202609:49,20.509999999999998,0.0,0.0,51.839999999999996,0.0,0.0,0.0,0.8,15.0,198.7,23861.0,45140.0,17.5,13.440000000000001,65.4,29.982,5.272,49.4,0.0,0.0,
2026-04-29T21:50:01,04/29/202609:50,20.52,0.0,0.0,51.85,0.0,0.0,0.0,0.8,15.0,198.7,23861.0,45140.0,17.5,13.4,65.5,29.985000000000003,5.159999999999999,49.0,0.0,0.0,
2026-04-29T21:51:30,04/29/202609:51,20.52,0.0,0.0,51.85,0.0,0.0,0.0,0.8,15.0,198.7,23861.0,45140.0,17.5,13.36,65.6,29.988,5.048,48.6,0.0,0.0,
2026-04-29T21:52:00,04/29/202609:52,20.52,0.0,0.0,51.839999999999996,0.0,0.0,0.0,0.8,15.0,198.7,23861.0,45140.0,17.5,13.319999999999999,65.7,29.990999999999996,4.936,48.2,0.0,0.0,
2026-04-29T21:53:01,04/29/202609:53,20.52,0.0,0.0,51.83,0.0,0.0,0.0,0.8,15.0,198.7,23861.0,45140.0,17.5,13.279999999999998,65.8,29.994,4.824,47.8,0.0,0.0,
2026-04-29T21:54:00,04/29/202609:54,20.52,0.0,0.0,51.83,0.0,0.0,0.0,0.8,15.0,198.7,23861.0,45140.0,17.5,13.24,65.9,29.997000000000003,4.712,47.4,0.0,0.0,
2026-04-29T21:55:01,04/29/202609:55,20.52,0.0,0.0,51.83,0.0,0.0,0.0,0.8,15.0,198.7,23861.0,45140.0,17.5,13.2,66.0,30.0,4.6,47.0,0.0,0.0,
2026-04-29T21:56:00,04/29/202609:56,20.52,0.0,0.0,51.83,0.0,0.0,0.0,0.8,15.0,198.7,23861.0,45140.0,17.5,13.2,66.0,30.0,4.6,47.0,0.0,0.0,
2026-04-29T21:57:01,04/29/202609:57,20.52,0.0,0.0,51.83,0.0,0.0,0.0,0.8,15.0,198.7,23861.0,45140.0,17.5,13.2,66.0,30.0,4.6,47.0,0.0,0.0,
2026-04-29T21:58:00,04/29/202609:58,20.52,0.0,0.0,51.83,0.0,0.0,0.0,0.8,15.0,198.7,23861.0,45140.0,17.5,13.2,66.0,30.0,4.6,47.0,0.0,0.0,
2026-04-29T21:59:01,04/29/202609:59,20.509999999999998,0.0,0.0,51.81999999999999,0.0,0.0,0.0,0.8,15.0,198.7,23861.0,45140.0,17.5,13.2,66.0,30.0,4.6,47.0,0.0,0.0,
2026-04-29T22:00:00,04/29/202610:00,20.5,0.0,0.0,51.81,0.0,0.0,0.0,0.8,15.0,198.7,23861.0,45140.0,17.5,13.2,66.0,30.0,4.6,47.0,0.0,0.0,
2026-04-29T22:01:01,04/29/202610:01,20.5,0.0,0.0,51.81,0.0,0.0,0.0,0.8,15.0,198.7,23861.0,45140.0,17.5,13.2,66.0,30.0,4.6,47.0,0.0,0.0,
2026-04-29T22:02:41,04/29/202610:02,20.5,0.0,0.0,51.81,0.0,0.0,0.0,0.8,15.0,198.7,23861.0,45140.0,17.5,13.16,66.1,30.0,4.519,46.3,0.0,0.0,
2026-04-29T22:03:00,04/29/202610:03,20.5,0.0,0.0,51.81,0.0,0.0,0.0,0.8,15.0,198.7,23861.0,45140.0,17.5,13.12,66.2,30.0,4.438,45.6,0.0,0.0,
2026-04-29T22:04:00,04/29/202610:04,20.5,0.0,0.0,51.81,0.0,0.0,0.0,0.8,15.0,198.7,23861.0,45140.0,17.5,13.080000000000002,66.3,30.0,4.357,44.9,0.0,0.0,
2026-04-29T22:05:00,04/29/202610:05,20.5,0.0,0.0,51.81,0.0,0.0,0.0,0.8,15.0,198.7,23861.0,45140.0,17.5,13.040000000000001,66.4,30.0,4.276,44.2,0.0,0.0,
2026-04-29T22:06:00,04/29/202610:06,20.5,0.0,0.0,51.81,0.0,0.0,0.0,0.8,15.0,198.7,23861.0,45140.0,17.5,13.0,66.5,30.0,4.194999999999999,43.5,0.0,0.0,
2026-04-29T22:07:00,04/29/202610:07,20.5,0.0,0.0,51.8,0.0,0.0,0.0,0.8,15.0,198.7,23861.0,45140.0,17.5,12.959999999999999,66.6,30.0,4.114,42.8,0.0,0.0,
2026-04-29T22:08:00,04/29/202610:08,20.5,0.0,0.0,51.8,0.0,0.0,0.0,0.8,15.0,198.7,23861.0,45140.0,17.5,12.919999999999998,66.7,30.0,4.0329999999999995,42.1,0.0,0.0,
2026-04-29T22:09:00,04/29/202610:09,20.5,0.0,0.0,51.8,0.0,0.0,0.0,0.8,15.0,198.7,23861.0,45140.0,17.5,12.88,66.8,30.0,3.9519999999999995,41.4,0.0,0.0,
2026-04-29T22:10:00,04/29/202610:10,20.5,0.0,0.0,51.8,0.0,0.0,0.0,0.8,15.0,198.7,23861.0,45140.0,17.5,12.84,66.9,30.0,3.871,40.7,0.0,0.0,
2026-04-29T22:11:00,04/29/202610:11,20.5,0.0,0.0,51.8,0.0,0.0,0.0,0.8,15.0,198.7,23861.0,45140.0,17.4,12.8,67.0,30.0,3.79,40.0,0.0,0.0,
2026-04-29T22:12:00,04/29/202610:12,20.5,0.0,0.0,51.8,0.0,0.0,0.0,0.8,15.0,198.7,23861.0,45140.0,17.5,12.8,67.0,30.0,3.79,40.0,0.0,0.0,
2026-04-29T22:13:52,04/29/202610:13,20.5,0.0,0.0,51.8,0.0,0.0,0.0,0.8,15.0,198.7,23861.0,45140.0,17.4,12.8,67.0,30.0,3.79,40.0,0.0,0.0,
2026-04-29T22:14:01,04/29/202610:14,20.5,0.0,0.0,51.8,0.0,0.0,0.0,0.8,15.0,198.7,23861.0,45140.0,17.4,12.8,67.0,30.0,3.79,40.0,0.0,0.0,
2026-04-29T22:15:00,04/29/202610:15,20.5,0.0,0.0,51.8,0.0,0.0,0.0,0.8,15.0,198.7,23861.0,45140.0,17.5,12.8,67.0,30.0,3.79,40.0,0.0,0.0,
2026-04-29T22:16:01,04/29/202610:16,20.5,0.0,0.0,51.8,0.0,0.0,0.0,0.8,15.0,198.7,23861.0,45140.0,17.5,12.77,67.1,30.0,3.821,38.9,0.0,0.0,
2026-04-29T22:17:00,04/29/202610:17,20.5,0.0,0.0,51.8,0.0,0.0,0.0,0.8,15.0,198.7,23861.0,45140.0,17.5,12.74,67.2,30.0,3.8519999999999994,37.8,0.0,0.0,
2026-04-29T22:18:00,04/29/202610:18,20.5,0.0,0.0,51.8,0.0,0.0,0.0,0.8,15.0,198.7,23861.0,45140.0,17.4,12.71,67.3,30.0,3.883,36.7,0.0,0.0,
2026-04-29T22:19:01,04/29/202610:19,20.5,0.0,0.0,51.8,0.0,0.0,0.0,0.8,15.0,198.7,23861.0,45140.0,17.5,12.680000000000001,67.4,30.0,3.914,35.6,0.0,0.0,
2026-04-29T22:20:00,04/29/202610:20,20.5,0.0,0.0,51.8,0.0,0.0,0.0,0.8,15.0,198.7,23861.0,45140.0,17.4,12.65,67.5,30.0,3.9449999999999994,34.5,0.0,0.0,
2026-04-29T22:21:01,04/29/202610:21,20.5,0.0,0.0,51.8,0.0,0.0,0.0,0.8,15.0,198.7,23861.0,45140.0,17.5,12.620000000000001,67.6,30.0,3.976,33.4,0.0,0.0,
2026-04-29T22:22:00,04/29/202610:22,20.5,0.0,0.0,51.8,0.0,0.0,0.0,0.8,15.0,198.7,23861.0,45140.0,17.4,12.59,67.7,30.0,4.007,32.3,0.0,0.0,
2026-04-29T22:22:04,04/29/202610:22,20.509999999999998,0.0,0.0,51.8,0.0,0.0,0.0,0.8,15.0,198.7,23861.0,45140.0,17.5,12.559999999999999,67.8,30.0,4.037999999999999,31.2,0.0,0.0,
2026-04-29T22:23:01,04/29/202610:23,20.52,0.0,0.0,51.8,0.0,0.0,0.0,0.8,15.0,198.7,23861.0,45140.0,17.5,12.53,67.9,30.0,4.069,30.1,0.0,0.0,
2026-04-29T22:25:03,04/29/202610:25,20.52,0.0,0.0,51.8,0.0,0.0,0.0,0.8,15.0,198.7,23861.0,45140.0,17.4,12.5,68.0,30.0,4.1,29.0,0.0,0.0,
2026-04-29T22:26:01,04/29/202610:26,20.52,0.0,0.0,51.8,0.0,0.0,0.0,0.8,15.0,198.7,23861.0,45140.0,17.5,12.5,68.0,30.0,4.1,29.0,0.0,0.0,
2026-04-29T22:27:01,04/29/202610:27,20.52,0.0,0.0,51.8,0.0,0.0,0.0,0.8,15.0,198.7,23861.0,45140.0,17.5,12.5,68.0,30.0,4.1,29.0,0.0,0.0,
2026-04-29T22:28:01,04/29/202610:28,20.52,0.0,0.0,51.8,0.0,0.0,0.0,0.8,15.0,198.7,23861.0,45140.0,17.4,12.5,68.0,30.0,4.1,29.0,0.0,0.0,
2026-04-29T22:29:01,04/29/202610:29,20.52,0.0,0.0,51.8,0.0,0.0,0.0,0.8,15.0,198.7,23861.0,45140.0,17.4,12.5,68.0,30.0,4.1,29.0,0.0,0.0,
2026-04-29T22:30:01,04/29/202610:30,20.52,0.0,0.0,51.8,0.0,0.0,0.0,0.8,15.0,198.7,23861.0,45140.0,17.4,12.5,68.0,30.0,4.1,29.0,0.0,0.0,
2026-04-29T22:30:11,04/29/202610:30,20.53,0.0,0.0,51.8,0.0,0.0,0.0,0.8,15.0,198.7,23861.0,45140.0,17.5,12.45,68.0,30.0,4.162,28.0,0.0,0.0,
2026-04-29T22:31:01,04/29/202610:31,20.54,0.0,0.0,51.8,0.0,0.0,0.0,0.8,15.0,198.7,23861.0,45140.0,17.5,12.4,68.0,30.0,4.223999999999999,27.0,0.0,0.0,
2026-04-29T22:31:10,04/29/202610:31,20.53,0.0,0.0,51.8,0.0,0.0,0.0,0.8,15.0,198.7,23861.0,45140.0,17.4,12.33,68.2,30.0,4.2299999999999995,25.7,0.0,0.0,
2026-04-29T22:32:01,04/29/202610:32,20.52,0.0,0.0,51.8,0.0,0.0,0.0,0.8,15.0,198.7,23861.0,45140.0,17.4,12.26,68.4,30.0,4.236,24.4,0.0,0.0,
2026-04-29T22:33:01,04/29/202610:33,20.52,0.0,0.0,51.8,0.0,0.0,0.0,0.8,15.0,198.7,23861.0,45140.0,17.5,12.190000000000001,68.6,30.0,4.242,23.1,0.0,0.0,
2026-04-29T22:33:10,04/29/202610:33,20.53,0.0,0.0,51.8,0.0,0.0,0.0,0.8,15.0,198.7,23861.0,45140.0,17.4,12.120000000000001,68.8,30.0,4.247999999999999,21.8,0.0,0.0,
2026-04-29T22:34:01,04/29/202610:34,20.54,0.0,0.0,51.8,0.0,0.0,0.0,0.8,15.0,198.7,23861.0,45140.0,17.4,12.05,69.0,30.0,4.254,20.5,0.0,0.0,
2026-04-29T22:34:11,04/29/202610:34,20.54,0.0,0.0,51.8,0.0,0.0,0.0,0.8,15.0,198.7,23861.0,45140.0,17.5,11.98,69.2,30.0,4.26,19.2,0.0,0.0,
2026-04-29T22:36:13,04/29/202610:36,20.54,0.0,0.0,51.8,0.0,0.0,0.0,0.8,15.0,198.7,23861.0,45140.0,17.4,11.91,69.4,30.0,4.266,17.9,0.0,0.0,
2026-04-29T22:37:01,04/29/202610:37,20.54,0.0,0.0,51.8,0.0,0.0,0.0,0.8,15.0,198.7,23861.0,45140.0,17.4,11.84,69.6,30.0,4.272,16.6,0.0,0.0,
2026-04-29T22:38:01,04/29/202610:38,20.53,0.0,0.0,51.8,0.0,0.0,0.0,0.8,15.0,198.7,23861.0,45140.0,17.4,11.82,70.2,30.0,4.216,16.3,0.0,0.0,
2026-04-29T22:38:11,04/29/202610:38,20.53,0.0,0.0,51.8,0.0,0.0,0.0,0.8,15.0,198.7,23861.0,45140.0,17.4,11.8,70.8,30.0,4.16,16.0,0.0,0.0,
2026-04-29T22:39:01,04/29/202610:39,20.54,0.0,0.0,51.8,0.0,0.0,0.0,0.8,15.0,198.7,23861.0,45140.0,17.4,11.8,71.2,30.0,4.16,16.0,0.0,0.0,
2026-04-29T22:40:01,04/29/202610:40,20.55,0.0,0.0,51.8,0.0,0.0,0.0,0.8,15.0,198.7,23861.0,45140.0,17.4,11.8,71.6,30.0,4.16,16.0,0.0,0.0,
2026-04-29T22:40:11,04/29/202610:40,20.55,0.0,0.0,51.8,0.0,0.0,0.0,0.8,15.0,198.7,23861.0,45140.0,17.5,11.8,72.0,30.0,4.16,16.0,0.0,0.0,
2026-04-29T22:41:01,04/29/202610:41,20.54,0.0,0.0,51.8,0.0,0.0,0.0,0.8,15.0,198.7,23861.0,45140.0,17.5,11.8,72.4,30.0,4.16,16.0,0.0,0.0,
2026-04-29T22:41:11,04/29/202610:41,20.54,0.0,0.0,51.79,0.0,0.0,0.0,0.8,15.0,198.7,23861.0,45140.0,17.4,11.8,72.8,30.0,4.16,16.0,0.0,0.0,
2026-04-29T22:42:01,04/29/202610:42,20.55,0.0,0.0,51.779999999999994,0.0,0.0,0.0,0.8,15.0,198.7,23861.0,45140.0,17.4,11.8,73.2,30.0,4.16,16.0,0.0,0.0,
2026-04-29T22:43:01,04/29/202610:43,20.560000000000002,0.0,0.0,51.77,0.0,0.0,0.0,0.8,15.0,198.7,23861.0,45140.0,17.4,11.8,73.6,30.0,4.16,16.0,0.0,0.0,
2026-04-29T22:44:01,04/29/202610:44,20.57,0.0,0.0,51.77,0.0,0.0,0.0,0.8,15.0,198.7,23861.0,45140.0,17.4,11.8,74.0,30.0,4.16,16.0,0.0,0.0,
2026-04-29T22:44:10,04/29/202610:44,20.57,0.0,0.0,51.77,0.0,0.0,0.0,0.8,15.0,198.7,23861.0,45140.0,17.4,11.8,74.0,30.0,4.16,16.0,0.0,0.0,
2026-04-29T22:45:01,04/29/202610:45,20.560000000000002,0.0,0.0,51.77,0.0,0.0,0.0,0.8,15.0,198.7,23861.0,45140.0,17.4,11.8,74.0,30.0,4.16,16.0,0.0,0.0,
2026-04-29T22:47:24,04/29/202610:47,20.55,0.0,0.0,51.77,0.0,0.0,0.0,0.8,15.0,198.7,23861.0,45140.0,17.4,11.780000000000001,74.2,30.0,4.247,15.7,0.0,0.0,
2026-04-29T22:47:38,04/29/202610:47,20.55,0.0,0.0,51.77,0.0,0.0,0.0,0.8,15.0,198.7,23861.0,45140.0,17.4,11.760000000000002,74.4,30.0,4.3340000000000005,15.4,0.0,0.0,
2026-04-29T22:48:00,04/29/202610:48,20.560000000000002,0.0,0.0,51.77,0.0,0.0,0.0,0.8,15.0,198.7,23861.0,45140.0,17.4,11.74,74.6,30.0,4.421,15.1,0.0,0.0,
2026-04-29T22:48:38,04/29/202610:48,20.560000000000002,0.0,0.0,51.760000000000005,0.0,0.0,0.0,0.8,15.0,198.7,23861.0,45140.0,17.4,11.72,74.8,30.0,4.508,14.8,0.0,0.0,
2026-04-29T22:49:00,04/29/202610:49,20.55,0.0,0.0,51.760000000000005,0.0,0.0,0.0,0.8,15.0,198.7,23861.0,45140.0,17.4,11.7,75.0,30.0,4.595000000000001,14.5,0.0,0.0,
2026-04-29T22:49:38,04/29/202610:49,20.55,0.0,0.0,51.760000000000005,0.0,0.0,0.0,0.8,15.0,198.7,23861.0,45140.0,17.4,11.68,75.2,30.0,4.682,14.2,0.0,0.0,
2026-04-29T22:50:00,04/29/202610:50,20.55,0.0,0.0,51.760000000000005,0.0,0.0,0.0,0.8,15.0,198.7,23861.0,45140.0,17.4,11.66,75.4,30.0,4.769,13.9,0.0,0.0,
2026-04-29T22:50:37,04/29/202610:50,20.54,0.0,0.0,51.760000000000005,0.0,0.0,0.0,0.8,15.0,198.7,23861.0,45140.0,17.4,11.64,75.6,30.0,4.856,13.6,0.0,0.0,
2026-04-29T22:51:00,04/29/202610:51,20.54,0.0,0.0,51.760000000000005,0.0,0.0,0.0,0.8,15.0,198.7,23861.0,45140.0,17.4,11.620000000000001,75.8,30.0,4.943,13.3,0.0,0.0,
2026-04-29T22:52:00,04/29/202610:52,20.54,0.0,0.0,51.760000000000005,0.0,0.0,0.0,0.8,15.0,198.7,23861.0,45140.0,17.5,11.6,76.0,30.0,5.03,13.0,0.0,0.0,
2026-04-29T22:53:27,04/29/202610:53,20.55,0.0,0.0,51.760000000000005,0.0,0.0,0.0,0.8,15.0,198.7,23861.0,45140.0,17.4,11.6,76.0,30.0,5.03,13.0,0.0,0.0,
2026-04-29T22:54:00,04/29/202610:54,20.55,0.0,0.0,51.760000000000005,0.0,0.0,0.0,0.8,15.0,198.7,23861.0,45140.0,17.4,11.6,76.0,30.0,5.03,13.0,0.0,0.0,
2026-04-29T22:54:26,04/29/202610:54,20.54,0.0,0.0,51.75,0.0,0.0,0.0,0.8,15.0,198.7,23861.0,45140.0,17.4,11.6,76.0,30.0,5.03,13.0,0.0,0.0,
2026-04-29T22:55:00,04/29/202610:55,20.54,0.0,0.0,51.75,0.0,0.0,0.0,0.8,15.0,198.7,23861.0,45140.0,17.4,11.6,76.0,30.0,5.03,13.0,0.0,0.0,
2026-04-29T22:56:00,04/29/202610:56,20.54,0.0,0.0,51.760000000000005,0.0,0.0,0.0,0.8,15.0,198.7,23861.0,45140.0,17.5,11.6,76.0,30.0,5.03,13.0,0.0,0.0,
2026-04-29T22:57:00,04/29/202610:57,20.53,0.0,0.0,51.760000000000005,0.0,0.0,0.0,0.8,15.0,198.7,23861.0,45140.0,17.4,11.6,76.0,30.0,5.03,13.0,0.0,0.0,
2026-04-29T22:58:35,04/29/202610:58,20.52,0.0,0.0,51.760000000000005,0.0,0.0,0.0,0.8,15.0,198.7,23861.0,45140.0,17.4,11.6,76.0,30.0,5.03,13.0,0.0,0.0,
2026-04-29T22:59:00,04/29/202610:59,20.52,0.0,0.0,51.75,0.0,0.0,0.0,0.8,15.0,198.7,23861.0,45140.0,17.4,11.6,76.0,30.0,5.03,13.0,0.0,0.0,
2026-04-29T23:00:01,04/29/202611:00,20.52,0.0,0.0,51.739999999999995,0.0,0.0,0.0,0.8,15.0,198.7,23861.0,45140.0,17.4,11.6,76.0,30.0,5.03,13.0,0.0,0.0,
2026-04-29T23:01:00,04/29/202611:01,20.52,0.0,0.0,51.739999999999995,0.0,0.0,0.0,0.8,15.0,198.7,23861.0,45140.0,17.4,11.6,76.0,30.0,5.03,13.0,0.0,0.0,
2026-04-29T23:02:01,04/29/202611:02,20.509999999999998,0.0,0.0,51.73,0.0,0.0,0.0,0.8,15.0,198.7,23861.0,45140.0,17.4,11.59,76.1,30.0,5.036,13.2,0.0,0.0,
2026-04-29T23:03:00,04/29/202611:03,20.5,0.0,0.0,51.73,0.0,0.0,0.0,0.8,15.0,198.7,23861.0,45140.0,17.5,11.58,76.2,30.0,5.042,13.4,0.0,0.0,
2026-04-29T23:04:01,04/29/202611:04,20.5,0.0,0.0,51.739999999999995,0.0,0.0,0.0,0.8,15.0,198.7,23861.0,45140.0,17.4,11.57,76.3,30.0,5.048,13.6,0.0,0.0,
2026-04-29T23:05:00,04/29/202611:05,20.5,0.0,0.0,51.75,0.0,0.0,0.0,0.8,15.0,198.7,23861.0,45140.0,17.4,11.559999999999999,76.4,30.0,5.054,13.8,0.0,0.0,
2026-04-29T23:06:01,04/29/202611:06,20.5,0.0,0.0,51.75,0.0,0.0,0.0,0.8,15.0,198.7,23861.0,45140.0,17.4,11.55,76.5,30.0,5.0600000000000005,14.0,0.0,0.0,
2026-04-29T23:07:01,04/29/202611:07,20.5,0.0,0.0,51.760000000000005,0.0,0.0,0.0,0.8,15.0,198.7,23861.0,45140.0,17.4,11.540000000000001,76.6,30.0,5.066,14.2,0.0,0.0,
2026-04-29T23:08:01,04/29/202611:08,20.5,0.0,0.0,51.77,0.0,0.0,0.0,0.8,15.0,198.7,23861.0,45140.0,17.4,11.53,76.7,30.0,5.072,14.4,0.0,0.0,
2026-04-29T23:09:47,04/29/202611:09,20.5,0.0,0.0,51.779999999999994,0.0,0.0,0.0,0.8,15.0,198.7,23861.0,45140.0,17.4,11.52,76.8,30.0,5.078,14.6,0.0,0.0,
2026-04-29T23:10:01,04/29/202611:10,20.5,0.0,0.0,51.79,0.0,0.0,0.0,0.8,15.0,198.7,23861.0,45140.0,17.4,11.51,76.9,30.0,5.084,14.8,0.0,0.0,
2026-04-29T23:11:00,04/29/202611:11,20.5,0.0,0.0,51.779999999999994,0.0,0.0,0.0,0.8,15.0,198.7,23861.0,45140.0,17.4,11.5,77.0,30.0,5.09,15.0,0.0,0.0,
2026-04-29T23:12:00,04/29/202611:12,20.5,0.0,0.0,51.779999999999994,0.0,0.0,0.0,0.8,15.0,198.7,23861.0,45140.0,17.4,11.5,77.0,30.0,5.09,15.0,0.0,0.0,
2026-04-29T23:12:05,04/29/202611:12,20.509999999999998,0.0,0.0,51.77,0.0,0.0,0.0,0.8,15.0,198.7,23861.0,45140.0,17.4,11.5,77.0,30.0,5.09,15.0,0.0,0.0,
2026-04-29T23:13:00,04/29/202611:13,20.52,0.0,0.0,51.760000000000005,0.0,0.0,0.0,0.8,15.0,198.7,23861.0,45140.0,17.4,11.5,77.0,30.0,5.09,15.0,0.0,0.0,
2026-04-29T23:13:05,04/29/202611:13,20.52,0.0,0.0,51.75,0.0,0.0,0.0,0.8,15.0,198.7,23861.0,45140.0,17.4,11.5,77.0,30.0,5.09,15.0,0.0,0.0,
2026-04-29T23:14:00,04/29/202611:14,20.52,0.0,0.0,51.739999999999995,0.0,0.0,0.0,0.8,15.0,198.7,23861.0,45140.0,17.4,11.5,77.0,30.0,5.09,15.0,0.0,0.0,
2026-04-29T23:14:06,04/29/202611:14,20.53,0.0,0.0,51.73,0.0,0.0,0.0,0.8,15.0,198.7,23861.0,45140.0,17.4,11.5,77.0,30.0,5.09,15.0,0.0,0.0,
2026-04-29T23:15:00,04/29/202611:15,20.54,0.0,0.0,51.720000000000006,0.0,0.0,0.0,0.8,15.0,198.7,23861.0,45140.0,17.4,11.5,77.0,30.0,5.09,15.0,0.0,0.0,
2026-04-29T23:16:00,04/29/202611:16,20.55,0.0,0.0,51.720000000000006,0.0,0.0,0.0,0.8,15.0,198.7,23861.0,45140.0,17.4,11.5,77.0,30.0,5.09,15.0,0.0,0.0,
2026-04-29T23:16:06,04/29/202611:16,20.55,0.0,0.0,51.71,0.0,0.0,0.0,0.8,15.0,198.7,23861.0,45140.0,17.4,11.48,77.1,30.0,5.035,15.5,0.0,0.0,
2026-04-29T23:17:00,04/29/202611:17,20.55,0.0,0.0,51.71,0.0,0.0,0.0,0.8,15.0,198.7,23861.0,45140.0,17.4,11.459999999999999,77.2,30.0,4.9799999999999995,16.0,0.0,0.0,
2026-04-29T23:18:00,04/29/202611:18,20.55,0.0,0.0,51.71,0.0,0.0,0.0,0.8,15.0,198.7,23861.0,45140.0,17.4,11.440000000000001,77.3,30.0,4.925,16.5,0.0,0.0,
2026-04-29T23:18:05,04/29/202611:18,20.55,0.0,0.0,51.7,0.0,0.0,0.0,0.8,15.0,198.7,23861.0,45140.0,17.4,11.42,77.4,30.0,4.87,17.0,0.0,0.0,
2026-04-29T23:19:00,04/29/202611:19,20.55,0.0,0.0,51.69,0.0,0.0,0.0,0.8,15.0,198.7,23861.0,45140.0,17.4,11.4,77.5,30.0,4.8149999999999995,17.5,0.0,0.0,
2026-04-29T23:23:25,04/29/202611:23,20.55,0.0,0.0,51.69,0.0,0.0,0.0,0.8,15.0,198.7,23861.0,45140.0,17.4,11.38,77.6,30.0,4.76,18.0,0.0,0.0,
2026-04-29T23:24:00,04/29/202611:24,20.55,0.0,0.0,51.69,0.0,0.0,0.0,0.8,15.0,198.7,23861.0,45140.0,17.4,11.360000000000001,77.7,30.0,4.705,18.5,0.0,0.0,
2026-04-29T23:24:05,04/29/202611:24,20.55,0.0,0.0,51.69,0.0,0.0,0.0,0.8,15.0,198.7,23861.0,45140.0,17.4,11.34,77.8,30.0,4.65,19.0,0.0,0.0,
2026-04-29T23:25:00,04/29/202611:25,20.55,0.0,0.0,51.69,0.0,0.0,0.0,0.8,15.0,198.7,23861.0,45140.0,17.4,11.32,77.9,30.0,4.595000000000001,19.5,0.0,0.0,
2026-04-29T23:26:00,04/29/202611:26,20.55,0.0,0.0,51.68000000000001,0.0,0.0,0.0,0.8,15.0,198.7,23861.0,45140.0,17.4,11.3,78.0,30.0,4.54,20.0,0.0,0.0,
2026-04-29T23:26:05,04/29/202611:26,20.55,0.0,0.0,51.68000000000001,0.0,0.0,0.0,0.8,15.0,198.7,23861.0,45140.0,17.4,11.3,78.0,30.0,4.54,20.0,0.0,0.0,
2026-04-29T23:27:00,04/29/202611:27,20.55,0.0,0.0,51.68000000000001,0.0,0.0,0.0,0.8,15.0,198.7,23861.0,45140.0,17.4,11.3,78.0,30.0,4.54,20.0,0.0,0.0,
2026-04-29T23:27:09,04/29/202611:27,20.560000000000002,0.0,0.0,51.68000000000001,0.0,0.0,0.0,0.8,15.0,198.7,23861.0,45140.0,17.4,11.3,78.0,30.0,4.54,20.0,0.0,0.0,
2026-04-29T23:28:00,04/29/202611:28,20.560000000000002,0.0,0.0,51.69,0.0,0.0,0.0,0.8,15.0,198.7,23861.0,45140.0,17.4,11.3,78.0,30.0,4.54,20.0,0.0,0.0,
2026-04-29T23:28:09,04/29/202611:28,20.55,0.0,0.0,51.7,0.0,0.0,0.0,0.8,15.0,198.7,23861.0,45140.0,17.5,11.3,78.0,30.0,4.54,20.0,0.0,0.0,
2026-04-29T23:29:00,04/29/202611:29,20.55,0.0,0.0,51.7,0.0,0.0,0.0,0.8,15.0,198.7,23861.0,45140.0,17.5,11.3,78.0,30.0,4.54,20.0,0.0,0.0,
2026-04-29T23:30:00,04/29/202611:30,20.55,0.0,0.0,51.7,0.0,0.0,0.0,0.8,15.0,198.7,23861.0,45140.0,17.4,11.3,78.0,30.0,4.54,20.0,0.0,0.0,
2026-04-29T23:30:09,04/29/202611:30,20.55,0.0,0.0,51.7,0.0,0.0,0.0,0.8,15.0,198.7,23861.0,45140.0,17.4,11.3,78.0,30.0,4.54,20.0,0.0,0.0,
2026-04-29T23:31:00,04/29/202611:31,20.55,0.0,0.0,51.7,0.0,0.0,0.0,0.8,15.0,198.7,23861.0,45140.0,17.4,11.3,78.0,30.0,4.54,20.0,0.0,0.0,
2026-04-29T23:32:00,04/29/202611:32,20.55,0.0,0.0,51.7,0.0,0.0,0.0,0.8,15.0,198.7,23861.0,45140.0,17.4,11.280000000000001,78.0,30.0,4.589,20.1,0.0,0.0,
2026-04-29T23:33:00,04/29/202611:33,20.560000000000002,0.0,0.0,51.7,0.0,0.0,0.0,0.8,15.0,198.7,23861.0,45140.0,17.4,11.260000000000002,78.0,30.0,4.644,21.0,0.0,0.0,
2026-04-29T23:34:37,04/29/202611:34,20.57,0.0,0.0,51.7,0.0,0.0,0.0,0.8,15.0,198.7,23861.0,45140.0,17.4,11.24,77.9,29.997000000000003,4.699,21.9,0.0,0.0,
2026-04-29T23:35:00,04/29/202611:35,20.57,0.0,0.0,51.7,0.0,0.0,0.0,0.8,15.0,198.7,23861.0,45140.0,17.4,11.22,77.8,29.994,4.754,22.8,0.0,0.0,
2026-04-29T23:35:42,04/29/202611:35,20.560000000000002,0.0,0.0,51.7,0.0,0.0,0.0,0.8,15.0,198.7,23861.0,45140.0,17.4,11.2,77.7,29.990999999999996,4.809,23.7,0.0,0.0,
2026-04-29T23:36:00,04/29/202611:36,20.560000000000002,0.0,0.0,51.7,0.0,0.0,0.0,0.8,15.0,198.7,23861.0,45140.0,17.4,11.18,77.6,29.988,4.864,24.6,0.0,0.0,
2026-04-29T23:37:00,04/29/202611:37,20.560000000000002,0.0,0.0,51.7,0.0,0.0,0.0,0.8,15.0,198.7,23861.0,45140.0,17.4,11.16,77.5,29.985000000000003,4.919,25.5,0.0,0.0,
2026-04-29T23:37:42,04/29/202611:37,20.57,0.0,0.0,51.7,0.0,0.0,0.0,0.8,15.0,198.7,23861.0,45140.0,17.4,11.14,77.4,29.982,4.974,26.4,0.0,0.0,
2026-04-29T23:38:01,04/29/202611:38,20.57,0.0,0.0,51.7,0.0,0.0,0.0,0.8,15.0,198.7,23861.0,45140.0,17.4,11.120000000000001,77.3,29.978999999999996,5.029,27.3,0.0,0.0,
2026-04-29T23:38:43,04/29/202611:38,20.560000000000002,0.0,0.0,51.7,0.0,0.0,0.0,0.8,15.0,198.7,23861.0,45140.0,17.4,11.1,77.2,29.976,5.084,28.2,0.0,0.0,
2026-04-29T23:39:00,04/29/202611:39,20.55,0.0,0.0,51.7,0.0,0.0,0.0,0.8,15.0,198.7,23861.0,45140.0,17.4,11.1,77.1,29.973000000000003,5.09,29.0,0.0,0.0,
2026-04-29T23:39:42,04/29/202611:39,20.55,0.0,0.0,51.7,0.0,0.0,0.0,0.8,15.0,198.7,23861.0,45140.0,17.4,11.1,77.0,29.97,5.09,29.0,0.0,0.0,
2026-04-29T23:40:01,04/29/202611:40,20.55,0.0,0.0,51.7,0.0,0.0,0.0,0.8,15.0,198.7,23861.0,45140.0,17.4,11.1,77.0,29.97,5.09,29.0,0.0,0.0,
2026-04-29T23:40:42,04/29/202611:40,20.54,0.0,0.0,51.69,0.0,0.0,0.0,0.8,15.0,198.7,23861.0,45140.0,17.4,11.1,77.0,29.97,5.09,29.0,0.0,0.0,
2026-04-29T23:41:00,04/29/202611:41,20.54,0.0,0.0,51.68000000000001,0.0,0.0,0.0,0.8,15.0,198.7,23861.0,45140.0,17.4,11.1,77.0,29.97,5.09,29.0,0.0,0.0,
2026-04-29T23:41:43,04/29/202611:41,20.55,0.0,0.0,51.68000000000001,0.0,0.0,0.0,0.8,15.0,198.7,23861.0,45140.0,17.4,11.1,77.0,29.97,5.09,29.0,0.0,0.0,
2026-04-29T23:42:01,04/29/202611:42,20.560000000000002,0.0,0.0,51.68000000000001,0.0,0.0,0.0,0.8,15.0,198.7,23861.0,45140.0,17.4,11.1,77.0,29.97,5.09,29.0,0.0,0.0,
2026-04-29T23:42:43,04/29/202611:42,20.55,0.0,0.0,51.68000000000001,0.0,0.0,0.0,0.8,15.0,198.7,23861.0,45140.0,17.4,11.1,77.0,29.97,5.09,29.0,0.0,0.0,
2026-04-29T23:43:00,04/29/202611:43,20.54,0.0,0.0,51.68000000000001,0.0,0.0,0.0,0.8,15.0,198.7,23861.0,45140.0,17.4,11.1,77.0,29.97,5.09,29.0,0.0,0.0,
2026-04-29T23:43:43,04/29/202611:43,20.55,0.0,0.0,51.68000000000001,0.0,0.0,0.0,0.8,15.0,198.7,23861.0,45140.0,17.4,11.1,77.0,29.97,5.09,29.0,0.0,0.0,
2026-04-29T23:44:01,04/29/202611:44,20.560000000000002,0.0,0.0,51.68000000000001,0.0,0.0,0.0,0.8,15.0,198.7,23861.0,45140.0,17.4,11.1,77.0,29.97,5.09,29.0,0.0,0.0,
2026-04-29T23:45:48,04/29/202611:45,20.55,0.0,0.0,51.68000000000001,0.0,0.0,0.0,0.8,15.0,198.7,23861.0,45140.0,17.4,11.08,77.1,29.97,5.0280000000000005,28.8,0.0,0.0,
2026-04-29T23:46:01,04/29/202611:46,20.54,0.0,0.0,51.68000000000001,0.0,0.0,0.0,0.8,15.0,198.7,23861.0,45140.0,17.4,11.059999999999999,77.2,29.97,4.965999999999999,28.6,0.0,0.0,
2026-04-29T23:46:32,04/29/202611:46,20.55,0.0,0.0,51.68000000000001,0.0,0.0,0.0,0.8,15.0,198.7,23861.0,45140.0,17.4,11.040000000000001,77.3,29.97,4.904,28.4,0.0,0.0,
2026-04-29T23:47:00,04/29/202611:47,20.560000000000002,0.0,0.0,51.68000000000001,0.0,0.0,0.0,0.8,15.0,198.7,23861.0,45140.0,17.4,11.02,77.4,29.97,4.8420000000000005,28.2,0.0,0.0,
2026-04-29T23:48:01,04/29/202611:48,20.560000000000002,0.0,0.0,51.68000000000001,0.0,0.0,0.0,0.8,15.0,198.7,23861.0,45140.0,17.4,11.0,77.5,29.97,4.779999999999999,28.0,0.0,0.0,
2026-04-29T23:49:00,04/29/202611:49,20.560000000000002,0.0,0.0,51.68000000000001,0.0,0.0,0.0,0.8,15.0,198.7,23861.0,45140.0,17.4,10.98,77.6,29.97,4.718,27.8,0.0,0.0,
2026-04-29T23:49:33,04/29/202611:49,20.560000000000002,0.0,0.0,51.68000000000001,0.0,0.0,0.0,0.8,15.0,198.7,23861.0,45140.0,17.4,10.959999999999999,77.7,29.97,4.656,27.6,0.0,0.0,
2026-04-29T23:50:01,04/29/202611:50,20.560000000000002,0.0,0.0,51.68000000000001,0.0,0.0,0.0,0.8,15.0,198.7,23861.0,45140.0,17.4,10.940000000000001,77.8,29.97,4.593999999999999,27.4,0.0,0.0,
2026-04-29T23:50:32,04/29/202611:50,20.560000000000002,0.0,0.0,51.68000000000001,0.0,0.0,0.0,0.8,15.0,198.7,23861.0,45140.0,17.4,10.92,77.9,29.97,4.532,27.2,0.0,0.0,
2026-04-29T23:51:53,04/29/202611:51,20.67,0.0,0.0,51.68000000000001,0.0,0.0,0.0,0.8,15.0,198.7,23861.0,45140.0,17.4,10.9,78.0,29.97,4.47,27.0,0.0,0.0,
2026-04-29T23:52:00,04/29/202611:52,20.79,0.0,0.0,51.68000000000001,0.0,0.0,0.0,0.8,15.0,198.7,23861.0,45140.0,17.4,10.9,78.0,29.97,4.47,27.0,0.0,0.0,
2026-04-29T23:52:53,04/29/202611:52,20.92,0.0,0.0,51.68000000000001,0.0,0.0,0.0,0.8,15.0,198.7,23861.0,45140.0,17.4,10.9,78.0,29.97,4.47,27.0,0.0,0.0,
2026-04-29T23:53:00,04/29/202611:53,21.04,0.0,0.0,51.69,0.0,0.0,0.0,0.8,15.0,198.7,23861.0,45140.0,17.4,10.9,78.0,29.97,4.47,27.0,0.0,0.0,
2026-04-29T23:54:00,04/29/202611:54,21.16,0.0,0.0,51.69,0.0,0.0,0.0,0.8,15.0,198.7,23861.0,45140.0,17.4,10.9,78.0,29.97,4.47,27.0,0.0,0.0,
2026-04-29T23:55:00,04/29/202611:55,21.28,0.0,0.0,51.69,0.0,0.0,0.0,0.8,15.0,198.7,23861.0,45140.0,17.4,10.9,78.0,29.97,4.47,27.0,0.0,0.0,
2026-04-29T23:59:26,04/29/202611:59,21.27,0.0,0.0,51.69,0.0,0.0,0.0,0.8,15.0,198.7,23861.0,45140.0,17.4,10.9,78.0,29.97,4.47,27.0,0.0,0.0,
