timestamp,HMI_Timestamp,PV_Voltage_V,PV_Current_A,PV_Power_W,Battery_Voltage_V,Battery_Current_A,Battery_Power_W,Avg_Power_to_Battery_W,Daily_Energy_kWh,Daily_Charge_Ah,History_Max_Input_Voltage_V,Lifetime_Energy_Gen_kWh,Lifetime_Charge_Ah,Battery_Temp_C,Air_Temp_C,Humidity_pct,Air_Pressure_inHg,Wind_Speed_ms,Wind_Direction_deg,Solar_Irradiance_Wm2,UV_Index,Est_Efficiency
2026-04-30T00:00:00,04/30/202600:00,21.27,0.0,0.0,51.68000000000001,0.0,0.0,0.0,0.8,15.0,198.7,23861.0,45140.0,17.4,10.9,78.0,29.97,4.47,27.0,0.0,0.0,
2026-04-30T00:00:42,04/30/202600:00,21.28,0.0,0.0,51.68000000000001,0.0,0.0,0.0,0.0,0.0,198.7,23869.0,45155.0,17.4,10.879999999999999,78.0,29.97,4.508,26.5,0.0,0.0,
2026-04-30T00:01:00,04/30/202600:01,21.28,0.0,0.0,51.68000000000001,0.0,0.0,0.0,0.0,0.0,198.7,23869.0,45155.0,17.4,10.86,78.0,29.97,4.545999999999999,26.0,0.0,0.0,
2026-04-30T00:01:41,04/30/202600:01,21.16,0.0,0.0,51.68000000000001,0.0,0.0,0.0,0.0,0.0,198.7,23869.0,45155.0,17.4,10.84,78.0,29.97,4.584,25.5,0.0,0.0,
2026-04-30T00:02:00,04/30/202600:02,21.04,0.0,0.0,51.68000000000001,0.0,0.0,0.0,0.0,0.0,198.7,23869.0,45155.0,17.4,10.82,78.0,29.97,4.622,25.0,0.0,0.0,
2026-04-30T00:03:00,04/30/202600:03,20.91,0.0,0.0,51.67,0.0,0.0,0.0,0.0,0.0,198.7,23869.0,45155.0,17.4,10.8,78.0,29.97,4.659999999999999,24.5,0.0,0.0,
2026-04-30T00:03:41,04/30/202600:03,20.79,0.0,0.0,51.67,0.0,0.0,0.0,0.0,0.0,198.7,23869.0,45155.0,17.4,10.78,78.0,29.97,4.6979999999999995,24.0,0.0,0.0,
2026-04-30T00:04:01,04/30/202600:04,20.67,0.0,0.0,51.68000000000001,0.0,0.0,0.0,0.0,0.0,198.7,23869.0,45155.0,17.4,10.76,78.0,29.97,4.736,23.5,0.0,0.0,
2026-04-30T00:05:00,04/30/202600:05,20.55,0.0,0.0,51.67,0.0,0.0,0.0,0.0,0.0,198.7,23869.0,45155.0,17.4,10.739999999999998,78.0,29.97,4.773999999999999,23.0,0.0,0.0,
2026-04-30T00:06:33,04/30/202600:06,20.560000000000002,0.0,0.0,51.67,0.0,0.0,0.0,0.0,0.0,198.7,23869.0,45155.0,17.4,10.719999999999999,78.0,29.97,4.811999999999999,22.5,0.0,0.0,
2026-04-30T00:06:34,04/30/202600:06,20.560000000000002,0.0,0.0,51.68000000000001,0.0,0.0,0.0,0.0,0.0,198.7,23869.0,45155.0,17.4,10.7,78.0,29.97,4.85,22.0,0.0,0.0,
2026-04-30T00:07:00,04/30/202600:07,20.55,0.0,0.0,51.68000000000001,0.0,0.0,0.0,0.0,0.0,198.7,23869.0,45155.0,17.4,10.7,78.0,29.97,4.85,22.0,0.0,0.0,
2026-04-30T00:07:33,04/30/202600:07,20.55,0.0,0.0,51.68000000000001,0.0,0.0,0.0,0.0,0.0,198.7,23869.0,45155.0,17.3,10.7,78.0,29.97,4.85,22.0,0.0,0.0,
2026-04-30T00:08:01,04/30/202600:08,20.560000000000002,0.0,0.0,51.68000000000001,0.0,0.0,0.0,0.0,0.0,198.7,23869.0,45155.0,17.3,10.7,78.0,29.97,4.85,22.0,0.0,0.0,
2026-04-30T00:08:34,04/30/202600:08,20.560000000000002,0.0,0.0,51.68000000000001,0.0,0.0,0.0,0.0,0.0,198.7,23869.0,45155.0,17.3,10.7,78.0,29.97,4.85,22.0,0.0,0.0,
2026-04-30T00:09:00,04/30/202600:09,20.560000000000002,0.0,0.0,51.69,0.0,0.0,0.0,0.0,0.0,198.7,23869.0,45155.0,17.3,10.7,78.0,29.97,4.85,22.0,0.0,0.0,
2026-04-30T00:10:38,04/30/202600:10,20.560000000000002,0.0,0.0,51.69,0.0,0.0,0.0,0.0,0.0,198.7,23869.0,45155.0,17.4,10.7,78.0,29.97,4.85,22.0,0.0,0.0,
2026-04-30T00:11:01,04/30/202600:11,20.560000000000002,0.0,0.0,51.69,0.0,0.0,0.0,0.0,0.0,198.7,23869.0,45155.0,17.4,10.7,78.0,29.97,4.85,22.0,0.0,0.0,
2026-04-30T00:12:00,04/30/202600:12,20.560000000000002,0.0,0.0,51.69,0.0,0.0,0.0,0.0,0.0,198.7,23869.0,45155.0,17.4,10.7,78.0,29.97,4.85,22.0,0.0,0.0,
2026-04-30T00:12:34,04/30/202600:12,20.55,0.0,0.0,51.68000000000001,0.0,0.0,0.0,0.0,0.0,198.7,23869.0,45155.0,17.4,10.7,78.0,29.97,4.85,22.0,0.0,0.0,
2026-04-30T00:13:00,04/30/202600:13,20.55,0.0,0.0,51.67,0.0,0.0,0.0,0.0,0.0,198.7,23869.0,45155.0,17.4,10.7,78.0,29.97,4.85,22.0,0.0,0.0,
2026-04-30T00:14:00,04/30/202600:14,20.55,0.0,0.0,51.660000000000004,0.0,0.0,0.0,0.0,0.0,198.7,23869.0,45155.0,17.4,10.7,78.0,29.97,4.85,22.0,0.0,0.0,
2026-04-30T00:15:01,04/30/202600:15,20.54,0.0,0.0,51.660000000000004,0.0,0.0,0.0,0.0,0.0,198.7,23869.0,45155.0,17.4,10.7,78.0,29.97,4.85,22.0,0.0,0.0,
2026-04-30T00:16:00,04/30/202600:16,20.53,0.0,0.0,51.660000000000004,0.0,0.0,0.0,0.0,0.0,198.7,23869.0,45155.0,17.4,10.7,78.0,29.97,4.85,22.0,0.0,0.0,
2026-04-30T00:16:34,04/30/202600:16,20.54,0.0,0.0,51.660000000000004,0.0,0.0,0.0,0.0,0.0,198.7,23869.0,45155.0,17.4,10.69,78.0,29.97,4.868,21.1,0.0,0.0,
2026-04-30T00:17:00,04/30/202600:17,20.55,0.0,0.0,51.660000000000004,0.0,0.0,0.0,0.0,0.0,198.7,23869.0,45155.0,17.4,10.68,78.0,29.97,4.886,20.2,0.0,0.0,
2026-04-30T00:18:00,04/30/202600:18,20.55,0.0,0.0,51.660000000000004,0.0,0.0,0.0,0.0,0.0,198.7,23869.0,45155.0,17.4,10.669999999999998,78.0,29.97,4.904,19.3,0.0,0.0,
2026-04-30T00:18:34,04/30/202600:18,20.54,0.0,0.0,51.660000000000004,0.0,0.0,0.0,0.0,0.0,198.7,23869.0,45155.0,17.3,10.66,78.0,29.97,4.922,18.4,0.0,0.0,
2026-04-30T00:19:00,04/30/202600:19,20.53,0.0,0.0,51.67,0.0,0.0,0.0,0.0,0.0,198.7,23869.0,45155.0,17.3,10.65,78.0,29.97,4.9399999999999995,17.5,0.0,0.0,
2026-04-30T00:19:34,04/30/202600:19,20.54,0.0,0.0,51.68000000000001,0.0,0.0,0.0,0.0,0.0,198.7,23869.0,45155.0,17.3,10.639999999999999,78.0,29.97,4.958,16.6,0.0,0.0,
2026-04-30T00:20:00,04/30/202600:20,20.55,0.0,0.0,51.69,0.0,0.0,0.0,0.0,0.0,198.7,23869.0,45155.0,17.3,10.629999999999999,78.0,29.97,4.976,15.7,0.0,0.0,
2026-04-30T01:09:44,04/30/202601:09,20.55,0.0,0.0,51.69,0.0,0.0,0.0,0.0,0.0,198.7,23869.0,45155.0,17.3,10.59,77.6,29.973000000000003,5.174,16.7,0.0,0.0,
2026-04-30T01:10:01,04/30/202601:10,20.55,0.0,0.0,51.68000000000001,0.0,0.0,0.0,0.0,0.0,198.7,23869.0,45155.0,17.3,10.55,77.2,29.976,5.372,17.7,0.0,0.0,
2026-04-30T01:11:00,04/30/202601:11,20.55,0.0,0.0,51.67,0.0,0.0,0.0,0.0,0.0,198.7,23869.0,45155.0,17.3,10.51,76.8,29.978999999999996,5.57,18.7,0.0,0.0,
2026-04-30T01:12:00,04/30/202601:12,20.54,0.0,0.0,51.67,0.0,0.0,0.0,0.0,0.0,198.7,23869.0,45155.0,17.3,10.48,76.4,29.982,5.75,20.6,0.0,0.0,
2026-04-30T01:12:16,04/30/202601:12,20.54,0.0,0.0,51.660000000000004,0.0,0.0,0.0,0.0,0.0,198.7,23869.0,45155.0,17.3,10.45,76.0,29.985000000000003,5.930000000000001,22.5,0.0,0.0,
2026-04-30T01:13:00,04/30/202601:13,20.54,0.0,0.0,51.65,0.0,0.0,0.0,0.0,0.0,198.7,23869.0,45155.0,17.3,10.42,75.6,29.988,6.11,24.4,0.0,0.0,
2026-04-30T01:13:15,04/30/202601:13,20.54,0.0,0.0,51.64,0.0,0.0,0.0,0.0,0.0,198.7,23869.0,45155.0,17.3,10.39,75.2,29.990999999999996,6.29,26.3,0.0,0.0,
2026-04-30T01:14:00,04/30/202601:14,20.54,0.0,0.0,51.63000000000001,0.0,0.0,0.0,0.0,0.0,198.7,23869.0,45155.0,17.3,10.360000000000001,74.8,29.994,6.470000000000001,28.2,0.0,0.0,
2026-04-30T01:15:00,04/30/202601:15,20.53,0.0,0.0,51.620000000000005,0.0,0.0,0.0,0.0,0.0,198.7,23869.0,45155.0,17.3,10.330000000000002,74.4,29.997000000000003,6.65,30.1,0.0,0.0,
2026-04-30T01:16:00,04/30/202601:16,20.52,0.0,0.0,51.61,0.0,0.0,0.0,0.0,0.0,198.7,23869.0,45155.0,17.3,10.3,74.0,30.0,6.83,32.0,0.0,0.0,
2026-04-30T01:17:00,04/30/202601:17,20.52,0.0,0.0,51.61,0.0,0.0,0.0,0.0,0.0,198.7,23869.0,45155.0,17.3,10.290000000000001,74.0,30.0,6.793000000000001,32.2,0.0,0.0,
2026-04-30T01:18:00,04/30/202601:18,20.52,0.0,0.0,51.61,0.0,0.0,0.0,0.0,0.0,198.7,23869.0,45155.0,17.3,10.280000000000001,74.0,30.0,6.756,32.4,0.0,0.0,
2026-04-30T01:18:16,04/30/202601:18,20.53,0.0,0.0,51.61,0.0,0.0,0.0,0.0,0.0,198.7,23869.0,45155.0,17.3,10.27,74.0,30.0,6.718999999999999,32.6,0.0,0.0,
2026-04-30T01:19:00,04/30/202601:19,20.54,0.0,0.0,51.6,0.0,0.0,0.0,0.0,0.0,198.7,23869.0,45155.0,17.3,10.26,74.0,30.0,6.6819999999999995,32.8,0.0,0.0,
2026-04-30T01:19:15,04/30/202601:19,20.53,0.0,0.0,51.6,0.0,0.0,0.0,0.0,0.0,198.7,23869.0,45155.0,17.3,10.25,74.0,30.0,6.6450000000000005,33.0,0.0,0.0,
2026-04-30T01:20:56,04/30/202601:20,20.52,0.0,0.0,51.589999999999996,0.0,0.0,0.0,0.0,0.0,198.7,23869.0,45155.0,17.3,10.24,74.0,30.0,6.608,33.2,0.0,0.0,
2026-04-30T01:21:01,04/30/202601:21,20.52,0.0,0.0,51.58,0.0,0.0,0.0,0.0,0.0,198.7,23869.0,45155.0,17.3,10.23,74.0,30.0,6.571,33.4,0.0,0.0,
2026-04-30T01:22:00,04/30/202601:22,20.52,0.0,0.0,51.58,0.0,0.0,0.0,0.0,0.0,198.7,23869.0,45155.0,17.3,10.219999999999999,74.0,30.0,6.534000000000001,33.6,0.0,0.0,
2026-04-30T01:23:01,04/30/202601:23,20.52,0.0,0.0,51.58,0.0,0.0,0.0,0.0,0.0,198.7,23869.0,45155.0,17.3,10.209999999999999,74.0,30.0,6.497,33.8,0.0,0.0,
2026-04-30T01:24:00,04/30/202601:24,20.52,0.0,0.0,51.58,0.0,0.0,0.0,0.0,0.0,198.7,23869.0,45155.0,17.3,10.2,74.0,30.0,6.459999999999999,34.0,0.0,0.0,
2026-04-30T01:25:01,04/30/202601:25,20.52,0.0,0.0,51.58,0.0,0.0,0.0,0.0,0.0,198.7,23869.0,45155.0,17.3,10.2,74.0,30.0,6.459999999999999,34.0,0.0,0.0,
2026-04-30T01:26:00,04/30/202601:26,20.52,0.0,0.0,51.57000000000001,0.0,0.0,0.0,0.0,0.0,198.7,23869.0,45155.0,17.3,10.2,74.0,30.0,6.459999999999999,34.0,0.0,0.0,
2026-04-30T01:27:01,04/30/202601:27,20.509999999999998,0.0,0.0,51.57000000000001,0.0,0.0,0.0,0.0,0.0,198.7,23869.0,45155.0,17.3,10.2,74.0,30.0,6.459999999999999,34.0,0.0,0.0,
2026-04-30T01:28:00,04/30/202601:28,20.5,0.0,0.0,51.57000000000001,0.0,0.0,0.0,0.0,0.0,198.7,23869.0,45155.0,17.3,10.2,74.0,30.0,6.459999999999999,34.0,0.0,0.0,
2026-04-30T01:29:06,04/30/202601:29,20.5,0.0,0.0,51.57000000000001,0.0,0.0,0.0,0.0,0.0,198.7,23869.0,45155.0,17.3,10.2,74.0,30.0,6.459999999999999,34.0,0.0,0.0,
2026-04-30T01:30:00,04/30/202601:30,20.5,0.0,0.0,51.58,0.0,0.0,0.0,0.0,0.0,198.7,23869.0,45155.0,17.3,10.2,74.0,30.0,6.459999999999999,34.0,0.0,0.0,
2026-04-30T01:32:07,04/30/202601:32,20.5,0.0,0.0,51.589999999999996,0.0,0.0,0.0,0.0,0.0,198.7,23869.0,45155.0,17.3,10.169999999999998,74.1,30.0,6.398,33.8,0.0,0.0,
2026-04-30T01:33:00,04/30/202601:33,20.5,0.0,0.0,51.589999999999996,0.0,0.0,0.0,0.0,0.0,198.7,23869.0,45155.0,17.3,10.139999999999999,74.2,30.0,6.336,33.6,0.0,0.0,
2026-04-30T01:34:00,04/30/202601:34,20.5,0.0,0.0,51.589999999999996,0.0,0.0,0.0,0.0,0.0,198.7,23869.0,45155.0,17.3,10.11,74.3,30.0,6.274,33.4,0.0,0.0,
2026-04-30T01:35:00,04/30/202601:35,20.5,0.0,0.0,51.589999999999996,0.0,0.0,0.0,0.0,0.0,198.7,23869.0,45155.0,17.3,10.08,74.4,30.0,6.212,33.2,0.0,0.0,
2026-04-30T01:35:06,04/30/202601:35,20.490000000000002,0.0,0.0,51.589999999999996,0.0,0.0,0.0,0.0,0.0,198.7,23869.0,45155.0,17.3,10.05,74.5,30.0,6.15,33.0,0.0,0.0,
2026-04-30T01:36:00,04/30/202601:36,20.48,0.0,0.0,51.6,0.0,0.0,0.0,0.0,0.0,198.7,23869.0,45155.0,17.3,10.02,74.6,30.0,6.087999999999999,32.8,0.0,0.0,
2026-04-30T01:36:05,04/30/202601:36,20.48,0.0,0.0,51.6,0.0,0.0,0.0,0.0,0.0,198.7,23869.0,45155.0,17.3,9.99,74.7,30.0,6.026,32.6,0.0,0.0,
2026-04-30T01:37:00,04/30/202601:37,20.48,0.0,0.0,51.6,0.0,0.0,0.0,0.0,0.0,198.7,23869.0,45155.0,17.3,9.959999999999999,74.8,30.0,5.964,32.4,0.0,0.0,
2026-04-30T01:38:00,04/30/202601:38,20.48,0.0,0.0,51.589999999999996,0.0,0.0,0.0,0.0,0.0,198.7,23869.0,45155.0,17.3,9.93,74.9,30.0,5.901999999999999,32.2,0.0,0.0,
2026-04-30T01:39:00,04/30/202601:39,20.48,0.0,0.0,51.589999999999996,0.0,0.0,0.0,0.0,0.0,198.7,23869.0,45155.0,17.3,9.9,75.0,30.0,5.84,32.0,0.0,0.0,
2026-04-30T01:40:00,04/30/202601:40,20.48,0.0,0.0,51.589999999999996,0.0,0.0,0.0,0.0,0.0,198.7,23869.0,45155.0,17.3,9.9,75.0,30.0,5.84,32.0,0.0,0.0,
2026-04-30T01:41:00,04/30/202601:41,20.48,0.0,0.0,51.58,0.0,0.0,0.0,0.0,0.0,198.7,23869.0,45155.0,17.3,9.9,75.0,30.0,5.84,32.0,0.0,0.0,
2026-04-30T01:42:00,04/30/202601:42,20.48,0.0,0.0,51.58,0.0,0.0,0.0,0.0,0.0,198.7,23869.0,45155.0,17.3,9.9,75.0,30.0,5.84,32.0,0.0,0.0,
2026-04-30T01:43:18,04/30/202601:43,20.48,0.0,0.0,51.57000000000001,0.0,0.0,0.0,0.0,0.0,198.7,23869.0,45155.0,17.3,9.9,75.0,30.0,5.84,32.0,0.0,0.0,
2026-04-30T01:44:00,04/30/202601:44,20.490000000000002,0.0,0.0,51.56,0.0,0.0,0.0,0.0,0.0,198.7,23869.0,45155.0,17.3,9.9,75.0,30.0,5.84,32.0,0.0,0.0,
2026-04-30T01:45:00,04/30/202601:45,20.5,0.0,0.0,51.56,0.0,0.0,0.0,0.0,0.0,198.7,23869.0,45155.0,17.3,9.9,75.0,30.0,5.84,32.0,0.0,0.0,
2026-04-30T01:46:00,04/30/202601:46,20.5,0.0,0.0,51.56,0.0,0.0,0.0,0.0,0.0,198.7,23869.0,45155.0,17.3,9.879999999999999,75.1,30.0,5.871,32.1,0.0,0.0,
2026-04-30T01:47:00,04/30/202601:47,20.5,0.0,0.0,51.56,0.0,0.0,0.0,0.0,0.0,198.7,23869.0,45155.0,17.3,9.86,75.2,30.0,5.901999999999999,32.2,0.0,0.0,
2026-04-30T01:48:00,04/30/202601:48,20.5,0.0,0.0,51.57000000000001,0.0,0.0,0.0,0.0,0.0,198.7,23869.0,45155.0,17.3,9.84,75.3,30.0,5.933,32.3,0.0,0.0,
2026-04-30T01:49:00,04/30/202601:49,20.5,0.0,0.0,51.57000000000001,0.0,0.0,0.0,0.0,0.0,198.7,23869.0,45155.0,17.3,9.82,75.4,30.0,5.964,32.4,0.0,0.0,
2026-04-30T01:50:00,04/30/202601:50,20.5,0.0,0.0,51.57000000000001,0.0,0.0,0.0,0.0,0.0,198.7,23869.0,45155.0,17.3,9.8,75.5,30.0,5.995,32.5,0.0,0.0,
2026-04-30T01:51:00,04/30/202601:51,20.5,0.0,0.0,51.58,0.0,0.0,0.0,0.0,0.0,198.7,23869.0,45155.0,17.3,9.78,75.6,30.0,6.026000000000001,32.6,0.0,0.0,
2026-04-30T01:52:00,04/30/202601:52,20.5,0.0,0.0,51.58,0.0,0.0,0.0,0.0,0.0,198.7,23869.0,45155.0,17.3,9.76,75.7,30.0,6.057,32.7,0.0,0.0,
2026-04-30T01:53:00,04/30/202601:53,20.5,0.0,0.0,51.589999999999996,0.0,0.0,0.0,0.0,0.0,198.7,23869.0,45155.0,17.2,9.739999999999998,75.8,30.0,6.088,32.8,0.0,0.0,
2026-04-30T01:54:29,04/30/202601:54,20.5,0.0,0.0,51.589999999999996,0.0,0.0,0.0,0.0,0.0,198.7,23869.0,45155.0,17.3,9.719999999999999,75.9,30.0,6.119000000000001,32.9,0.0,0.0,
2026-04-30T01:55:00,04/30/202601:55,20.5,0.0,0.0,51.58,0.0,0.0,0.0,0.0,0.0,198.7,23869.0,45155.0,17.3,9.7,76.0,30.0,6.15,33.0,0.0,0.0,
2026-04-30T01:56:01,04/30/202601:56,20.5,0.0,0.0,51.57000000000001,0.0,0.0,0.0,0.0,0.0,198.7,23869.0,45155.0,17.3,9.7,76.0,30.0,6.15,33.0,0.0,0.0,
2026-04-30T01:57:00,04/30/202601:57,20.5,0.0,0.0,51.57000000000001,0.0,0.0,0.0,0.0,0.0,198.7,23869.0,45155.0,17.3,9.7,76.0,30.0,6.15,33.0,0.0,0.0,
2026-04-30T01:58:41,04/30/202601:58,20.5,0.0,0.0,51.57000000000001,0.0,0.0,0.0,0.0,0.0,198.7,23869.0,45155.0,17.2,9.7,76.0,30.0,6.15,33.0,0.0,0.0,
2026-04-30T01:59:01,04/30/202601:59,20.5,0.0,0.0,51.56,0.0,0.0,0.0,0.0,0.0,198.7,23869.0,45155.0,17.3,9.7,76.0,30.0,6.15,33.0,0.0,0.0,
2026-04-30T02:00:01,04/30/202602:00,20.5,0.0,0.0,51.56,0.0,0.0,0.0,0.0,0.0,198.7,23869.0,45155.0,17.2,9.7,76.0,30.0,6.15,33.0,0.0,0.0,
2026-04-30T02:01:01,04/30/202602:01,20.5,0.0,0.0,51.56,0.0,0.0,0.0,0.0,0.0,198.7,23869.0,45155.0,17.2,9.7,76.0,30.0,6.15,33.0,0.0,0.0,
2026-04-30T02:02:01,04/30/202602:02,20.5,0.0,0.0,51.56,0.0,0.0,0.0,0.0,0.0,198.7,23869.0,45155.0,17.3,9.69,76.0,30.0,6.2,33.0,0.0,0.0,
2026-04-30T02:03:01,04/30/202602:03,20.5,0.0,0.0,51.55,0.0,0.0,0.0,0.0,0.0,198.7,23869.0,45155.0,17.3,9.68,76.0,30.0,6.25,33.0,0.0,0.0,
2026-04-30T02:04:01,04/30/202602:04,20.5,0.0,0.0,51.56,0.0,0.0,0.0,0.0,0.0,198.7,23869.0,45155.0,17.2,9.669999999999998,76.0,30.0,6.3,33.0,0.0,0.0,
2026-04-30T02:05:41,04/30/202602:05,20.5,0.0,0.0,51.57000000000001,0.0,0.0,0.0,0.0,0.0,198.7,23869.0,45155.0,17.2,9.66,76.0,30.0,6.35,33.0,0.0,0.0,
2026-04-30T02:06:01,04/30/202602:06,20.5,0.0,0.0,51.57000000000001,0.0,0.0,0.0,0.0,0.0,198.7,23869.0,45155.0,17.2,9.65,76.0,30.0,6.4,33.0,0.0,0.0,
2026-04-30T02:07:00,04/30/202602:07,20.5,0.0,0.0,51.56,0.0,0.0,0.0,0.0,0.0,198.7,23869.0,45155.0,17.3,9.639999999999999,76.0,30.0,6.45,33.0,0.0,0.0,
2026-04-30T02:08:01,04/30/202602:08,20.5,0.0,0.0,51.55,0.0,0.0,0.0,0.0,0.0,198.7,23869.0,45155.0,17.2,9.629999999999999,76.0,30.0,6.5,33.0,0.0,0.0,
2026-04-30T02:09:00,04/30/202602:09,20.5,0.0,0.0,51.55,0.0,0.0,0.0,0.0,0.0,198.7,23869.0,45155.0,17.2,9.62,76.0,30.0,6.55,33.0,0.0,0.0,
2026-04-30T02:10:01,04/30/202602:10,20.5,0.0,0.0,51.55,0.0,0.0,0.0,0.0,0.0,198.7,23869.0,45155.0,17.2,9.61,76.0,30.0,6.6,33.0,0.0,0.0,
2026-04-30T02:11:00,04/30/202602:11,20.5,0.0,0.0,51.55,0.0,0.0,0.0,0.0,0.0,198.7,23869.0,45155.0,17.2,9.6,76.0,30.0,6.65,33.0,0.0,0.0,
2026-04-30T02:11:56,04/30/202602:11,20.490000000000002,0.0,0.0,51.55,0.0,0.0,0.0,0.0,0.0,198.7,23869.0,45155.0,17.3,9.6,76.0,30.0,6.65,33.0,0.0,0.0,
2026-04-30T02:12:00,04/30/202602:12,20.48,0.0,0.0,51.56,0.0,0.0,0.0,0.0,0.0,198.7,23869.0,45155.0,17.3,9.6,76.0,30.0,6.65,33.0,0.0,0.0,
2026-04-30T02:12:56,04/30/202602:12,20.48,0.0,0.0,51.56,0.0,0.0,0.0,0.0,0.0,198.7,23869.0,45155.0,17.2,9.6,76.0,30.0,6.65,33.0,0.0,0.0,
2026-04-30T02:13:00,04/30/202602:13,20.48,0.0,0.0,51.56,0.0,0.0,0.0,0.0,0.0,198.7,23869.0,45155.0,17.2,9.6,76.0,30.0,6.65,33.0,0.0,0.0,
2026-04-30T02:14:00,04/30/202602:14,20.48,0.0,0.0,51.56,0.0,0.0,0.0,0.0,0.0,198.7,23869.0,45155.0,17.2,9.6,76.0,30.0,6.65,33.0,0.0,0.0,
2026-04-30T02:15:01,04/30/202602:15,20.48,0.0,0.0,51.57000000000001,0.0,0.0,0.0,0.0,0.0,198.7,23869.0,45155.0,17.2,9.6,76.0,30.0,6.65,33.0,0.0,0.0,
2026-04-30T02:16:52,04/30/202602:16,20.48,0.0,0.0,51.58,0.0,0.0,0.0,0.0,0.0,198.7,23869.0,45155.0,17.2,9.6,76.0,30.0,6.7,32.9,0.0,0.0,
2026-04-30T02:17:01,04/30/202602:17,20.48,0.0,0.0,51.589999999999996,0.0,0.0,0.0,0.0,0.0,198.7,23869.0,45155.0,17.2,9.6,76.0,30.0,6.75,32.8,0.0,0.0,
2026-04-30T02:18:48,04/30/202602:18,20.48,0.0,0.0,51.58,0.0,0.0,0.0,0.0,0.0,198.7,23869.0,45155.0,17.2,9.6,76.0,30.0,6.8,32.7,0.0,0.0,
2026-04-30T02:19:01,04/30/202602:19,20.48,0.0,0.0,51.57000000000001,0.0,0.0,0.0,0.0,0.0,198.7,23869.0,45155.0,17.2,9.6,76.0,30.0,6.85,32.6,0.0,0.0,
2026-04-30T02:20:00,04/30/202602:20,20.490000000000002,0.0,0.0,51.57000000000001,0.0,0.0,0.0,0.0,0.0,198.7,23869.0,45155.0,17.2,9.57,76.0,30.0,6.862,32.0,0.0,0.0,
2026-04-30T02:21:00,04/30/202602:21,20.5,0.0,0.0,51.56,0.0,0.0,0.0,0.0,0.0,198.7,23869.0,45155.0,17.2,9.540000000000001,76.0,30.0,6.8740000000000006,31.4,0.0,0.0,
2026-04-30T02:22:00,04/30/202602:22,20.5,0.0,0.0,51.55,0.0,0.0,0.0,0.0,0.0,198.7,23869.0,45155.0,17.2,9.51,76.0,30.0,6.868,30.9,0.0,0.0,
2026-04-30T02:23:00,04/30/202602:23,20.5,0.0,0.0,51.55,0.0,0.0,0.0,0.0,0.0,198.7,23869.0,45155.0,17.2,9.48,76.0,30.0,6.862,30.4,0.0,0.0,
2026-04-30T02:24:00,04/30/202602:24,20.5,0.0,0.0,51.56,0.0,0.0,0.0,0.0,0.0,198.7,23869.0,45155.0,17.2,9.45,76.0,30.0,6.856,29.9,0.0,0.0,
2026-04-30T02:25:00,04/30/202602:25,20.5,0.0,0.0,51.55,0.0,0.0,0.0,0.0,0.0,198.7,23869.0,45155.0,17.2,9.42,76.0,30.0,6.85,29.4,0.0,0.0,
2026-04-30T02:26:00,04/30/202602:26,20.5,0.0,0.0,51.54,0.0,0.0,0.0,0.0,0.0,198.7,23869.0,45155.0,17.2,9.39,76.0,30.0,6.794,29.0,0.0,0.0,
2026-04-30T02:28:03,04/30/202602:28,20.5,0.0,0.0,51.54,0.0,0.0,0.0,0.0,0.0,198.7,23869.0,45155.0,17.2,9.360000000000001,76.0,30.0,6.7379999999999995,28.6,0.0,0.0,
2026-04-30T02:29:01,04/30/202602:29,20.5,0.0,0.0,51.54,0.0,0.0,0.0,0.0,0.0,198.7,23869.0,45155.0,17.3,9.330000000000002,76.0,30.0,6.6819999999999995,28.2,0.0,0.0,
2026-04-30T02:30:01,04/30/202602:30,20.5,0.0,0.0,51.55,0.0,0.0,0.0,0.0,0.0,198.7,23869.0,45155.0,17.2,9.3,76.0,30.0,6.6259999999999994,27.8,0.0,0.0,
2026-04-30T02:31:01,04/30/202602:31,20.5,0.0,0.0,51.54,0.0,0.0,0.0,0.0,0.0,198.7,23869.0,45155.0,17.2,9.31,76.1,30.0,6.664,28.3,0.0,0.0,
2026-04-30T02:31:50,04/30/202602:31,20.490000000000002,0.0,0.0,51.55,0.0,0.0,0.0,0.0,0.0,198.7,23869.0,45155.0,17.2,9.32,76.2,30.0,6.702,28.8,0.0,0.0,
2026-04-30T02:32:01,04/30/202602:32,20.48,0.0,0.0,51.56,0.0,0.0,0.0,0.0,0.0,198.7,23869.0,45155.0,17.2,9.330000000000002,76.3,30.0,6.758,29.2,0.0,0.0,
2026-04-30T02:33:01,04/30/202602:33,20.47,0.0,0.0,51.56,0.0,0.0,0.0,0.0,0.0,198.7,23869.0,45155.0,17.2,9.34,76.4,30.0,6.814,29.6,0.0,0.0,
2026-04-30T02:34:00,04/30/202602:34,20.46,0.0,0.0,51.55,0.0,0.0,0.0,0.0,0.0,198.7,23869.0,45155.0,17.2,9.35,76.5,30.0,6.87,30.0,0.0,0.0,
2026-04-30T02:34:50,04/30/202602:34,20.46,0.0,0.0,51.55,0.0,0.0,0.0,0.0,0.0,198.7,23869.0,45155.0,17.2,9.360000000000001,76.6,30.0,6.926,30.4,0.0,0.0,
2026-04-30T02:35:01,04/30/202602:35,20.46,0.0,0.0,51.55,0.0,0.0,0.0,0.0,0.0,198.7,23869.0,45155.0,17.2,9.370000000000001,76.7,30.0,6.982000000000001,30.8,0.0,0.0,
2026-04-30T02:36:00,04/30/202602:36,20.46,0.0,0.0,51.54,0.0,0.0,0.0,0.0,0.0,198.7,23869.0,45155.0,17.2,9.38,76.8,30.0,7.037999999999999,31.2,0.0,0.0,
2026-04-30T02:37:01,04/30/202602:37,20.46,0.0,0.0,51.55,0.0,0.0,0.0,0.0,0.0,198.7,23869.0,45155.0,17.2,9.39,76.9,30.0,7.093999999999999,31.6,0.0,0.0,
2026-04-30T02:39:14,04/30/202602:39,20.45,0.0,0.0,51.55,0.0,0.0,0.0,0.0,0.0,198.7,23869.0,45155.0,17.2,9.4,77.0,30.0,7.15,32.0,0.0,0.0,
2026-04-30T02:39:50,04/30/202602:39,20.45,0.0,0.0,51.55,0.0,0.0,0.0,0.0,0.0,198.7,23869.0,45155.0,17.2,9.4,77.0,30.0,7.15,32.0,0.0,0.0,
2026-04-30T02:40:01,04/30/202602:40,20.46,0.0,0.0,51.54,0.0,0.0,0.0,0.0,0.0,198.7,23869.0,45155.0,17.2,9.4,77.0,30.0,7.15,32.0,0.0,0.0,
2026-04-30T02:41:01,04/30/202602:41,20.47,0.0,0.0,51.54,0.0,0.0,0.0,0.0,0.0,198.7,23869.0,45155.0,17.2,9.4,77.0,30.0,7.15,32.0,0.0,0.0,
2026-04-30T02:41:50,04/30/202602:41,20.47,0.0,0.0,51.529999999999994,0.0,0.0,0.0,0.0,0.0,198.7,23869.0,45155.0,17.2,9.4,77.0,30.0,7.15,32.0,0.0,0.0,
2026-04-30T02:42:01,04/30/202602:42,20.47,0.0,0.0,51.529999999999994,0.0,0.0,0.0,0.0,0.0,198.7,23869.0,45155.0,17.2,9.4,77.0,30.0,7.15,32.0,0.0,0.0,
2026-04-30T02:42:49,04/30/202602:42,20.47,0.0,0.0,51.529999999999994,0.0,0.0,0.0,0.0,0.0,198.7,23869.0,45155.0,17.2,9.4,77.0,30.0,7.15,32.0,0.0,0.0,
2026-04-30T02:43:01,04/30/202602:43,20.47,0.0,0.0,51.529999999999994,0.0,0.0,0.0,0.0,0.0,198.7,23869.0,45155.0,17.2,9.4,77.0,30.0,7.15,32.0,0.0,0.0,
2026-04-30T02:44:01,04/30/202602:44,20.47,0.0,0.0,51.54,0.0,0.0,0.0,0.0,0.0,198.7,23869.0,45155.0,17.2,9.4,77.0,30.0,7.15,32.0,0.0,0.0,
2026-04-30T02:45:00,04/30/202602:45,20.47,0.0,0.0,51.529999999999994,0.0,0.0,0.0,0.0,0.0,198.7,23869.0,45155.0,17.2,9.4,77.0,30.0,7.15,32.0,0.0,0.0,
2026-04-30T02:46:01,04/30/202602:46,20.48,0.0,0.0,51.52,0.0,0.0,0.0,0.0,0.0,198.7,23869.0,45155.0,17.2,9.379999999999999,77.0,30.0,7.038000000000001,31.9,0.0,0.0,
2026-04-30T02:47:00,04/30/202602:47,20.48,0.0,0.0,51.52,0.0,0.0,0.0,0.0,0.0,198.7,23869.0,45155.0,17.2,9.36,77.0,30.0,6.926,31.8,0.0,0.0,
2026-04-30T02:48:01,04/30/202602:48,20.48,0.0,0.0,51.52,0.0,0.0,0.0,0.0,0.0,198.7,23869.0,45155.0,17.2,9.34,77.0,30.0,6.814,31.7,0.0,0.0,
2026-04-30T02:49:00,04/30/202602:49,20.48,0.0,0.0,51.510000000000005,0.0,0.0,0.0,0.0,0.0,198.7,23869.0,45155.0,17.2,9.32,77.0,30.0,6.702000000000001,31.6,0.0,0.0,
2026-04-30T02:50:25,04/30/202602:50,20.490000000000002,0.0,0.0,51.510000000000005,0.0,0.0,0.0,0.0,0.0,198.7,23869.0,45155.0,17.2,9.3,77.0,30.0,6.590000000000001,31.5,0.0,0.0,
2026-04-30T02:51:01,04/30/202602:51,20.5,0.0,0.0,51.510000000000005,0.0,0.0,0.0,0.0,0.0,198.7,23869.0,45155.0,17.2,9.28,77.0,30.0,6.478,31.4,0.0,0.0,
2026-04-30T02:51:50,04/30/202602:51,20.490000000000002,0.0,0.0,51.510000000000005,0.0,0.0,0.0,0.0,0.0,198.7,23869.0,45155.0,17.2,9.26,77.0,30.0,6.3660000000000005,31.3,0.0,0.0,
2026-04-30T02:52:01,04/30/202602:52,20.48,0.0,0.0,51.510000000000005,0.0,0.0,0.0,0.0,0.0,198.7,23869.0,45155.0,17.2,9.239999999999998,77.0,30.0,6.2540000000000004,31.2,0.0,0.0,
2026-04-30T02:53:01,04/30/202602:53,20.47,0.0,0.0,51.5,0.0,0.0,0.0,0.0,0.0,198.7,23869.0,45155.0,17.2,9.219999999999999,77.0,30.0,6.142,31.1,0.0,0.0,
2026-04-30T02:53:50,04/30/202602:53,20.47,0.0,0.0,51.510000000000005,0.0,0.0,0.0,0.0,0.0,198.7,23869.0,45155.0,17.2,9.2,77.0,30.0,6.03,31.0,0.0,0.0,
2026-04-30T02:54:01,04/30/202602:54,20.47,0.0,0.0,51.52,0.0,0.0,0.0,0.0,0.0,198.7,23869.0,45155.0,17.2,9.2,77.0,30.0,6.03,31.0,0.0,0.0,
2026-04-30T02:54:50,04/30/202602:54,20.46,0.0,0.0,51.52,0.0,0.0,0.0,0.0,0.0,198.7,23869.0,45155.0,17.2,9.2,77.0,30.0,6.03,31.0,0.0,0.0,
2026-04-30T02:55:01,04/30/202602:55,20.45,0.0,0.0,51.52,0.0,0.0,0.0,0.0,0.0,198.7,23869.0,45155.0,17.2,9.2,77.0,30.0,6.03,31.0,0.0,0.0,
2026-04-30T02:56:01,04/30/202602:56,20.439999999999998,0.0,0.0,51.52,0.0,0.0,0.0,0.0,0.0,198.7,23869.0,45155.0,17.2,9.2,77.0,30.0,6.03,31.0,0.0,0.0,
2026-04-30T02:56:50,04/30/202602:56,20.439999999999998,0.0,0.0,51.529999999999994,0.0,0.0,0.0,0.0,0.0,198.7,23869.0,45155.0,17.2,9.2,77.0,30.0,6.03,31.0,0.0,0.0,
2026-04-30T02:57:01,04/30/202602:57,20.439999999999998,0.0,0.0,51.54,0.0,0.0,0.0,0.0,0.0,198.7,23869.0,45155.0,17.2,9.2,77.0,30.0,6.03,31.0,0.0,0.0,
2026-04-30T02:58:49,04/30/202602:58,20.45,0.0,0.0,51.54,0.0,0.0,0.0,0.0,0.0,198.7,23869.0,45155.0,17.2,9.2,77.0,30.0,6.03,31.0,0.0,0.0,
2026-04-30T02:59:01,04/30/202602:59,20.46,0.0,0.0,51.54,0.0,0.0,0.0,0.0,0.0,198.7,23869.0,45155.0,17.2,9.2,77.0,30.0,6.03,31.0,0.0,0.0,
2026-04-30T03:00:01,04/30/202603:00,20.47,0.0,0.0,51.54,0.0,0.0,0.0,0.0,0.0,198.7,23869.0,45155.0,17.2,9.2,77.0,30.0,6.03,31.0,0.0,0.0,
2026-04-30T03:01:36,04/30/202603:01,20.46,0.0,0.0,51.529999999999994,0.0,0.0,0.0,0.0,0.0,198.7,23869.0,45155.0,17.2,9.18,77.0,30.0,6.017,30.8,0.0,0.0,
2026-04-30T03:02:00,04/30/202603:02,20.45,0.0,0.0,51.52,0.0,0.0,0.0,0.0,0.0,198.7,23869.0,45155.0,17.2,9.16,77.0,30.0,6.0040000000000004,30.6,0.0,0.0,
2026-04-30T03:02:08,04/30/202603:02,20.46,0.0,0.0,51.52,0.0,0.0,0.0,0.0,0.0,198.7,23869.0,45155.0,17.2,9.139999999999999,76.6,30.0,5.9910000000000005,30.4,0.0,0.0,
2026-04-30T03:03:00,04/30/202603:03,20.47,0.0,0.0,51.52,0.0,0.0,0.0,0.0,0.0,198.7,23869.0,45155.0,17.2,9.12,76.2,30.0,5.978,30.2,0.0,0.0,
2026-04-30T03:04:00,04/30/202603:04,20.48,0.0,0.0,51.52,0.0,0.0,0.0,0.0,0.0,198.7,23869.0,45155.0,17.2,9.1,75.8,30.0,5.965000000000001,30.0,0.0,0.0,
2026-04-30T03:05:00,04/30/202603:05,20.48,0.0,0.0,51.510000000000005,0.0,0.0,0.0,0.0,0.0,198.7,23869.0,45155.0,17.2,9.08,75.4,30.0,5.952,29.8,0.0,0.0,
2026-04-30T03:06:00,04/30/202603:06,20.48,0.0,0.0,51.5,0.0,0.0,0.0,0.0,0.0,198.7,23869.0,45155.0,17.2,9.059999999999999,75.0,30.0,5.939,29.6,0.0,0.0,
2026-04-30T03:07:00,04/30/202603:07,20.48,0.0,0.0,51.5,0.0,0.0,0.0,0.0,0.0,198.7,23869.0,45155.0,17.2,9.040000000000001,74.6,30.0,5.926,29.4,0.0,0.0,
2026-04-30T03:08:00,04/30/202603:08,20.48,0.0,0.0,51.489999999999995,0.0,0.0,0.0,0.0,0.0,198.7,23869.0,45155.0,17.2,9.02,74.2,30.0,5.913,29.2,0.0,0.0,
2026-04-30T03:08:25,04/30/202603:08,20.47,0.0,0.0,51.489999999999995,0.0,0.0,0.0,0.0,0.0,198.7,23869.0,45155.0,17.2,9.0,73.8,30.0,5.9,29.0,0.0,0.0,
2026-04-30T03:09:00,04/30/202603:09,20.47,0.0,0.0,51.489999999999995,0.0,0.0,0.0,0.0,0.0,198.7,23869.0,45155.0,17.2,9.0,73.4,30.0,5.9,29.0,0.0,0.0,
2026-04-30T03:09:24,04/30/202603:09,20.48,0.0,0.0,51.489999999999995,0.0,0.0,0.0,0.0,0.0,198.7,23869.0,45155.0,17.2,9.0,73.0,30.0,5.9,29.0,0.0,0.0,
2026-04-30T03:10:00,04/30/202603:10,20.48,0.0,0.0,51.489999999999995,0.0,0.0,0.0,0.0,0.0,198.7,23869.0,45155.0,17.2,9.0,73.0,30.0,5.9,29.0,0.0,0.0,
2026-04-30T03:10:25,04/30/202603:10,20.47,0.0,0.0,51.489999999999995,0.0,0.0,0.0,0.0,0.0,198.7,23869.0,45155.0,17.2,9.0,73.0,30.0,5.9,29.0,0.0,0.0,
2026-04-30T03:11:00,04/30/202603:11,20.46,0.0,0.0,51.489999999999995,0.0,0.0,0.0,0.0,0.0,198.7,23869.0,45155.0,17.2,9.0,73.0,30.0,5.9,29.0,0.0,0.0,
2026-04-30T03:11:24,04/30/202603:11,20.46,0.0,0.0,51.489999999999995,0.0,0.0,0.0,0.0,0.0,198.7,23869.0,45155.0,17.2,9.0,73.0,30.0,5.9,29.0,0.0,0.0,
2026-04-30T03:12:48,04/30/202603:12,20.46,0.0,0.0,51.489999999999995,0.0,0.0,0.0,0.0,0.0,198.7,23869.0,45155.0,17.2,9.0,73.0,30.0,5.9,29.0,0.0,0.0,
2026-04-30T03:13:01,04/30/202603:13,20.46,0.0,0.0,51.489999999999995,0.0,0.0,0.0,0.0,0.0,198.7,23869.0,45155.0,17.2,9.0,73.0,30.0,5.9,29.0,0.0,0.0,
2026-04-30T03:14:01,04/30/202603:14,20.46,0.0,0.0,51.5,0.0,0.0,0.0,0.0,0.0,198.7,23869.0,45155.0,17.2,9.0,73.0,30.0,5.9,29.0,0.0,0.0,
2026-04-30T03:14:25,04/30/202603:14,20.46,0.0,0.0,51.5,0.0,0.0,0.0,0.0,0.0,198.7,23869.0,45155.0,17.2,9.0,73.0,30.0,5.9,29.0,0.0,0.0,
2026-04-30T03:15:01,04/30/202603:15,20.46,0.0,0.0,51.5,0.0,0.0,0.0,0.0,0.0,198.7,23869.0,45155.0,17.2,9.0,73.0,30.0,5.9,29.0,0.0,0.0,
2026-04-30T03:16:01,04/30/202603:16,20.45,0.0,0.0,51.5,0.0,0.0,0.0,0.0,0.0,198.7,23869.0,45155.0,17.2,9.0,73.0,30.0,5.9,29.0,0.0,0.0,
2026-04-30T03:17:01,04/30/202603:17,20.439999999999998,0.0,0.0,51.489999999999995,0.0,0.0,0.0,0.0,0.0,198.7,23869.0,45155.0,17.2,8.99,73.1,30.0,5.869000000000001,29.8,0.0,0.0,
2026-04-30T03:18:01,04/30/202603:18,20.439999999999998,0.0,0.0,51.489999999999995,0.0,0.0,0.0,0.0,0.0,198.7,23869.0,45155.0,17.2,8.98,73.2,30.0,5.838,30.6,0.0,0.0,
2026-04-30T03:18:25,04/30/202603:18,20.45,0.0,0.0,51.489999999999995,0.0,0.0,0.0,0.0,0.0,198.7,23869.0,45155.0,17.2,8.97,73.3,30.0,5.807,31.4,0.0,0.0,
2026-04-30T03:19:00,04/30/202603:19,20.45,0.0,0.0,51.489999999999995,0.0,0.0,0.0,0.0,0.0,198.7,23869.0,45155.0,17.2,8.959999999999999,73.4,30.0,5.776000000000001,32.2,0.0,0.0,
2026-04-30T03:19:25,04/30/202603:19,20.439999999999998,0.0,0.0,51.489999999999995,0.0,0.0,0.0,0.0,0.0,198.7,23869.0,45155.0,17.2,8.95,73.5,30.0,5.745,33.0,0.0,0.0,
2026-04-30T03:20:01,04/30/202603:20,20.43,0.0,0.0,51.489999999999995,0.0,0.0,0.0,0.0,0.0,198.7,23869.0,45155.0,17.2,8.940000000000001,73.6,30.0,5.714,33.8,0.0,0.0,
2026-04-30T03:20:25,04/30/202603:20,20.43,0.0,0.0,51.489999999999995,0.0,0.0,0.0,0.0,0.0,198.7,23869.0,45155.0,17.2,8.93,73.7,30.0,5.683,34.6,0.0,0.0,
2026-04-30T03:21:01,04/30/202603:21,20.439999999999998,0.0,0.0,51.489999999999995,0.0,0.0,0.0,0.0,0.0,198.7,23869.0,45155.0,17.2,8.92,73.8,30.0,5.651999999999999,35.4,0.0,0.0,
2026-04-30T03:22:01,04/30/202603:22,20.45,0.0,0.0,51.489999999999995,0.0,0.0,0.0,0.0,0.0,198.7,23869.0,45155.0,17.2,8.91,73.9,30.0,5.621,36.2,0.0,0.0,
2026-04-30T03:22:25,04/30/202603:22,20.45,0.0,0.0,51.48,0.0,0.0,0.0,0.0,0.0,198.7,23869.0,45155.0,17.1,8.9,74.0,30.0,5.59,37.0,0.0,0.0,
2026-04-30T03:24:24,04/30/202603:24,20.45,0.0,0.0,51.489999999999995,0.0,0.0,0.0,0.0,0.0,198.7,23869.0,45155.0,17.1,8.9,74.0,30.0,5.59,37.0,0.0,0.0,
2026-04-30T03:25:01,04/30/202603:25,20.45,0.0,0.0,51.489999999999995,0.0,0.0,0.0,0.0,0.0,198.7,23869.0,45155.0,17.1,8.9,74.0,30.0,5.59,37.0,0.0,0.0,
2026-04-30T03:26:01,04/30/202603:26,20.439999999999998,0.0,0.0,51.489999999999995,0.0,0.0,0.0,0.0,0.0,198.7,23869.0,45155.0,17.2,8.9,74.0,30.0,5.59,37.0,0.0,0.0,
2026-04-30T03:26:24,04/30/202603:26,20.55,0.0,0.0,51.489999999999995,0.0,0.0,0.0,0.0,0.0,198.7,23869.0,45155.0,17.1,8.9,74.0,30.0,5.59,37.0,0.0,0.0,
2026-04-30T03:27:01,04/30/202603:27,20.669999999999998,0.0,0.0,51.489999999999995,0.0,0.0,0.0,0.0,0.0,198.7,23869.0,45155.0,17.1,8.9,74.0,30.0,5.59,37.0,0.0,0.0,
2026-04-30T03:27:25,04/30/202603:27,20.8,0.0,0.0,51.489999999999995,0.0,0.0,0.0,0.0,0.0,198.7,23869.0,45155.0,17.2,8.9,74.0,30.0,5.59,37.0,0.0,0.0,
2026-04-30T03:28:01,04/30/202603:28,20.919999999999998,0.0,0.0,51.489999999999995,0.0,0.0,0.0,0.0,0.0,198.7,23869.0,45155.0,17.2,8.9,74.0,30.0,5.59,37.0,0.0,0.0,
2026-04-30T03:29:01,04/30/202603:29,21.04,0.0,0.0,51.48,0.0,0.0,0.0,0.0,0.0,198.7,23869.0,45155.0,17.2,8.9,74.0,30.0,5.59,37.0,0.0,0.0,
2026-04-30T03:29:24,04/30/202603:29,21.15,0.0,0.0,51.48,0.0,0.0,0.0,0.0,0.0,198.7,23869.0,45155.0,17.1,8.9,74.0,30.0,5.59,37.0,0.0,0.0,
2026-04-30T03:30:01,04/30/202603:30,21.27,0.0,0.0,51.489999999999995,0.0,0.0,0.0,0.0,0.0,198.7,23869.0,45155.0,17.1,8.9,74.0,30.0,5.59,37.0,0.0,0.0,
2026-04-30T03:31:01,04/30/202603:31,21.39,0.0,0.0,51.489999999999995,0.0,0.0,0.0,0.0,0.0,198.7,23869.0,45155.0,17.1,8.84,74.1,30.0,5.4719999999999995,35.7,0.0,0.0,
2026-04-30T03:32:00,04/30/202603:32,21.509999999999998,0.0,0.0,51.489999999999995,0.0,0.0,0.0,0.0,0.0,198.7,23869.0,45155.0,17.2,8.780000000000001,74.2,30.0,5.354,34.4,0.0,0.0,
2026-04-30T03:33:01,04/30/202603:33,21.630000000000003,0.0,0.0,51.489999999999995,0.0,0.0,0.0,0.0,0.0,198.7,23869.0,45155.0,17.1,8.72,74.3,30.0,5.236,33.1,0.0,0.0,
2026-04-30T03:35:10,04/30/202603:35,21.62,0.0,0.0,51.489999999999995,0.0,0.0,0.0,0.0,0.0,198.7,23869.0,45155.0,17.2,8.66,74.4,30.0,5.118,31.8,0.0,0.0,
2026-04-30T03:35:25,04/30/202603:35,21.62,0.0,0.0,51.489999999999995,0.0,0.0,0.0,0.0,0.0,198.7,23869.0,45155.0,17.2,8.6,74.5,30.0,5.0,30.5,0.0,0.0,
2026-04-30T03:36:01,04/30/202603:36,21.610000000000003,0.0,0.0,51.489999999999995,0.0,0.0,0.0,0.0,0.0,198.7,23869.0,45155.0,17.2,8.540000000000001,74.6,30.0,4.882,29.2,0.0,0.0,
2026-04-30T03:37:01,04/30/202603:37,21.6,0.0,0.0,51.489999999999995,0.0,0.0,0.0,0.0,0.0,198.7,23869.0,45155.0,17.1,8.48,74.7,30.0,4.764,27.9,0.0,0.0,
2026-04-30T03:38:01,04/30/202603:38,21.59,0.0,0.0,51.489999999999995,0.0,0.0,0.0,0.0,0.0,198.7,23869.0,45155.0,17.2,8.42,74.8,30.0,4.646,26.6,0.0,0.0,
2026-04-30T03:39:01,04/30/202603:39,21.59,0.0,0.0,51.489999999999995,0.0,0.0,0.0,0.0,0.0,198.7,23869.0,45155.0,17.1,8.360000000000001,74.9,30.0,4.5280000000000005,25.3,0.0,0.0,
2026-04-30T03:40:01,04/30/202603:40,21.59,0.0,0.0,51.489999999999995,0.0,0.0,0.0,0.0,0.0,198.7,23869.0,45155.0,17.1,8.3,75.0,30.0,4.41,24.0,0.0,0.0,
2026-04-30T03:41:01,04/30/202603:41,21.59,0.0,0.0,51.489999999999995,0.0,0.0,0.0,0.0,0.0,198.7,23869.0,45155.0,17.1,8.3,75.0,30.0,4.41,24.0,0.0,0.0,
2026-04-30T03:42:01,04/30/202603:42,21.59,0.0,0.0,51.48,0.0,0.0,0.0,0.0,0.0,198.7,23869.0,45155.0,17.1,8.3,75.0,30.0,4.41,24.0,0.0,0.0,
2026-04-30T03:43:01,04/30/202603:43,21.59,0.0,0.0,51.48,0.0,0.0,0.0,0.0,0.0,198.7,23869.0,45155.0,17.2,8.3,75.0,30.0,4.41,24.0,0.0,0.0,
2026-04-30T03:44:30,04/30/202603:44,21.6,0.0,0.0,51.48,0.0,0.0,0.0,0.0,0.0,198.7,23869.0,45155.0,17.2,8.3,75.0,30.0,4.41,24.0,0.0,0.0,
2026-04-30T03:45:01,04/30/202603:45,21.6,0.0,0.0,51.48,0.0,0.0,0.0,0.0,0.0,198.7,23869.0,45155.0,17.2,8.3,75.0,30.0,4.41,24.0,0.0,0.0,
2026-04-30T03:46:21,04/30/202603:46,21.610000000000003,0.0,0.0,51.48,0.0,0.0,0.0,0.0,0.0,198.7,23869.0,45155.0,17.1,8.3,75.0,30.0,4.41,24.0,0.0,0.0,
2026-04-30T03:47:00,04/30/202603:47,21.62,0.0,0.0,51.48,0.0,0.0,0.0,0.0,0.0,198.7,23869.0,45155.0,17.2,8.27,75.1,30.0,4.367,24.3,0.0,0.0,
2026-04-30T03:47:31,04/30/202603:47,21.62,0.0,0.0,51.48,0.0,0.0,0.0,0.0,0.0,198.7,23869.0,45155.0,17.1,8.24,75.2,30.0,4.324,24.6,0.0,0.0,
2026-04-30T03:48:01,04/30/202603:48,21.62,0.0,0.0,51.470000000000006,0.0,0.0,0.0,0.0,0.0,198.7,23869.0,45155.0,17.1,8.21,75.3,30.0,4.281000000000001,24.9,0.0,0.0,
2026-04-30T03:49:00,04/30/202603:49,21.62,0.0,0.0,51.470000000000006,0.0,0.0,0.0,0.0,0.0,198.7,23869.0,45155.0,17.1,8.180000000000001,75.4,30.0,4.238,25.2,0.0,0.0,
2026-04-30T03:50:01,04/30/202603:50,21.62,0.0,0.0,51.470000000000006,0.0,0.0,0.0,0.0,0.0,198.7,23869.0,45155.0,17.1,8.15,75.5,30.0,4.195,25.5,0.0,0.0,
2026-04-30T03:51:00,04/30/202603:51,21.62,0.0,0.0,51.48,0.0,0.0,0.0,0.0,0.0,198.7,23869.0,45155.0,17.1,8.120000000000001,75.6,30.0,4.152,25.8,0.0,0.0,
2026-04-30T03:52:01,04/30/202603:52,21.62,0.0,0.0,51.470000000000006,0.0,0.0,0.0,0.0,0.0,198.7,23869.0,45155.0,17.1,8.09,75.7,30.0,4.109,26.1,0.0,0.0,
2026-04-30T03:53:00,04/30/202603:53,21.62,0.0,0.0,51.46,0.0,0.0,0.0,0.0,0.0,198.7,23869.0,45155.0,17.1,8.059999999999999,75.8,30.0,4.066,26.4,0.0,0.0,
2026-04-30T03:54:01,04/30/202603:54,21.62,0.0,0.0,51.45,0.0,0.0,0.0,0.0,0.0,198.7,23869.0,45155.0,17.1,8.03,75.9,30.0,4.023,26.7,0.0,0.0,
2026-04-30T03:55:00,04/30/202603:55,21.610000000000003,0.0,0.0,51.44,0.0,0.0,0.0,0.0,0.0,198.7,23869.0,45155.0,17.1,8.0,76.0,30.0,3.9799999999999995,27.0,0.0,0.0,
2026-04-30T03:56:01,04/30/202603:56,21.6,0.0,0.0,51.42999999999999,0.0,0.0,0.0,0.0,0.0,198.7,23869.0,45155.0,17.1,8.0,76.0,30.0,3.9799999999999995,27.0,0.0,0.0,
2026-04-30T03:57:32,04/30/202603:57,21.6,0.0,0.0,51.44,0.0,0.0,0.0,0.0,0.0,198.7,23869.0,45155.0,17.1,8.0,76.0,30.0,3.9799999999999995,27.0,0.0,0.0,
2026-04-30T03:58:00,04/30/202603:58,21.6,0.0,0.0,51.44,0.0,0.0,0.0,0.0,0.0,198.7,23869.0,45155.0,17.1,8.0,76.0,30.0,3.9799999999999995,27.0,0.0,0.0,
2026-04-30T03:59:01,04/30/202603:59,21.6,0.0,0.0,51.44,0.0,0.0,0.0,0.0,0.0,198.7,23869.0,45155.0,17.1,8.0,76.0,30.0,3.9799999999999995,27.0,0.0,0.0,
2026-04-30T04:00:00,04/30/202604:00,21.6,0.0,0.0,51.42999999999999,0.0,0.0,0.0,0.0,0.0,198.7,23869.0,45155.0,17.1,8.0,76.0,30.0,3.9799999999999995,27.0,0.0,0.0,
2026-04-30T04:01:01,04/30/202604:01,21.6,0.0,0.0,51.42,0.0,0.0,0.0,0.0,0.0,198.7,23869.0,45155.0,17.1,7.9799999999999995,76.1,30.0,3.992,27.2,0.0,0.0,
2026-04-30T04:02:00,04/30/202604:02,21.6,0.0,0.0,51.42999999999999,0.0,0.0,0.0,0.0,0.0,198.7,23869.0,45155.0,17.1,7.959999999999999,76.2,30.0,4.004,27.4,0.0,0.0,
2026-04-30T04:03:01,04/30/202604:03,21.6,0.0,0.0,51.42999999999999,0.0,0.0,0.0,0.0,0.0,198.7,23869.0,45155.0,17.1,7.94,76.3,30.0,4.016,27.6,0.0,0.0,
2026-04-30T04:04:00,04/30/202604:04,21.6,0.0,0.0,51.42,0.0,0.0,0.0,0.0,0.0,198.7,23869.0,45155.0,17.1,7.92,76.4,30.0,4.0280000000000005,27.8,0.0,0.0,
2026-04-30T04:05:01,04/30/202604:05,21.6,0.0,0.0,51.42,0.0,0.0,0.0,0.0,0.0,198.7,23869.0,45155.0,17.1,7.9,76.5,30.0,4.04,28.0,0.0,0.0,
2026-04-30T04:06:00,04/30/202604:06,21.6,0.0,0.0,51.42999999999999,0.0,0.0,0.0,0.0,0.0,198.7,23869.0,45155.0,17.1,7.88,76.6,30.0,4.052,28.2,0.0,0.0,
2026-04-30T04:07:01,04/30/202604:07,21.6,0.0,0.0,51.42999999999999,0.0,0.0,0.0,0.0,0.0,198.7,23869.0,45155.0,17.1,7.859999999999999,76.7,30.0,4.064,28.4,0.0,0.0,
2026-04-30T04:08:43,04/30/202604:08,21.6,0.0,0.0,51.42999999999999,0.0,0.0,0.0,0.0,0.0,198.7,23869.0,45155.0,17.1,7.840000000000001,76.8,30.0,4.076,28.6,0.0,0.0,
2026-04-30T04:09:01,04/30/202604:09,21.6,0.0,0.0,51.42,0.0,0.0,0.0,0.0,0.0,198.7,23869.0,45155.0,17.1,7.82,76.9,30.0,4.087999999999999,28.8,0.0,0.0,
2026-04-30T04:10:00,04/30/202604:10,21.6,0.0,0.0,51.42,0.0,0.0,0.0,0.0,0.0,198.7,23869.0,45155.0,17.1,7.8,77.0,30.0,4.1,29.0,0.0,0.0,
2026-04-30T04:11:01,04/30/202604:11,21.6,0.0,0.0,51.42,0.0,0.0,0.0,0.0,0.0,198.7,23869.0,45155.0,17.1,7.8,77.0,30.0,4.1,29.0,0.0,0.0,
2026-04-30T04:12:00,04/30/202604:12,21.6,0.0,0.0,51.410000000000004,0.0,0.0,0.0,0.0,0.0,198.7,23869.0,45155.0,17.1,7.8,77.0,30.0,4.1,29.0,0.0,0.0,
2026-04-30T04:13:00,04/30/202604:13,21.6,0.0,0.0,51.410000000000004,0.0,0.0,0.0,0.0,0.0,198.7,23869.0,45155.0,17.2,7.8,77.0,30.0,4.1,29.0,0.0,0.0,
2026-04-30T04:14:01,04/30/202604:14,21.6,0.0,0.0,51.42,0.0,0.0,0.0,0.0,0.0,198.7,23869.0,45155.0,17.1,7.8,77.0,30.0,4.1,29.0,0.0,0.0,
2026-04-30T04:14:32,04/30/202604:14,21.59,0.0,0.0,51.42,0.0,0.0,0.0,0.0,0.0,198.7,23869.0,45155.0,17.1,7.8,77.0,30.0,4.1,29.0,0.0,0.0,
2026-04-30T04:15:00,04/30/202604:15,21.580000000000002,0.0,0.0,51.410000000000004,0.0,0.0,0.0,0.0,0.0,198.7,23869.0,45155.0,17.1,7.8,77.0,30.0,4.1,29.0,0.0,0.0,
2026-04-30T04:16:01,04/30/202604:16,21.57,0.0,0.0,51.39,0.0,0.0,0.0,0.0,0.0,198.7,23869.0,45155.0,17.1,7.8,77.0,30.0,4.1,29.0,0.0,0.0,
2026-04-30T04:16:31,04/30/202604:16,21.57,0.0,0.0,51.39,0.0,0.0,0.0,0.0,0.0,198.7,23869.0,45155.0,17.1,7.7700000000000005,77.1,30.0,4.119,30.0,0.0,0.0,
2026-04-30T04:17:00,04/30/202604:17,21.57,0.0,0.0,51.39,0.0,0.0,0.0,0.0,0.0,198.7,23869.0,45155.0,17.1,7.74,77.2,30.0,4.138,31.0,0.0,0.0,
2026-04-30T04:18:01,04/30/202604:18,21.57,0.0,0.0,51.39,0.0,0.0,0.0,0.0,0.0,198.7,23869.0,45155.0,17.1,7.709999999999999,77.3,30.0,4.157,32.0,0.0,0.0,
2026-04-30T04:19:55,04/30/202604:19,21.560000000000002,0.0,0.0,51.39,0.0,0.0,0.0,0.0,0.0,198.7,23869.0,45155.0,17.1,7.68,77.4,30.0,4.176,33.0,0.0,0.0,
2026-04-30T04:20:01,04/30/202604:20,21.55,0.0,0.0,51.39,0.0,0.0,0.0,0.0,0.0,198.7,23869.0,45155.0,17.1,7.65,77.5,30.0,4.194999999999999,34.0,0.0,0.0,
2026-04-30T04:20:31,04/30/202604:20,21.55,0.0,0.0,51.39,0.0,0.0,0.0,0.0,0.0,198.7,23869.0,45155.0,17.1,7.62,77.6,30.0,4.214,35.0,0.0,0.0,
2026-04-30T04:21:00,04/30/202604:21,21.55,0.0,0.0,51.39,0.0,0.0,0.0,0.0,0.0,198.7,23869.0,45155.0,17.1,7.590000000000001,77.7,30.0,4.233,36.0,0.0,0.0,
2026-04-30T04:22:01,04/30/202604:22,21.560000000000002,0.0,0.0,51.39,0.0,0.0,0.0,0.0,0.0,198.7,23869.0,45155.0,17.1,7.56,77.8,30.0,4.252,37.0,0.0,0.0,
2026-04-30T04:23:00,04/30/202604:23,21.57,0.0,0.0,51.4,0.0,0.0,0.0,0.0,0.0,198.7,23869.0,45155.0,17.1,7.529999999999999,77.9,30.0,4.271,38.0,0.0,0.0,
2026-04-30T04:24:01,04/30/202604:24,21.580000000000002,0.0,0.0,51.410000000000004,0.0,0.0,0.0,0.0,0.0,198.7,23869.0,45155.0,17.1,7.5,78.0,30.0,4.29,39.0,0.0,0.0,
2026-04-30T04:25:00,04/30/202604:25,21.580000000000002,0.0,0.0,51.410000000000004,0.0,0.0,0.0,0.0,0.0,198.7,23869.0,45155.0,17.1,7.5,78.0,30.0,4.29,39.0,0.0,0.0,
2026-04-30T04:26:01,04/30/202604:26,21.580000000000002,0.0,0.0,51.410000000000004,0.0,0.0,0.0,0.0,0.0,198.7,23869.0,45155.0,17.1,7.5,78.0,30.0,4.29,39.0,0.0,0.0,
2026-04-30T04:27:00,04/30/202604:27,21.580000000000002,0.0,0.0,51.410000000000004,0.0,0.0,0.0,0.0,0.0,198.7,23869.0,45155.0,17.1,7.5,78.0,30.0,4.29,39.0,0.0,0.0,
2026-04-30T04:28:09,04/30/202604:28,21.580000000000002,0.0,0.0,51.410000000000004,0.0,0.0,0.0,0.0,0.0,198.7,23869.0,45155.0,17.1,7.5,78.0,30.0,4.29,39.0,0.0,0.0,
2026-04-30T04:29:00,04/30/202604:29,21.580000000000002,0.0,0.0,51.410000000000004,0.0,0.0,0.0,0.0,0.0,198.7,23869.0,45155.0,17.1,7.5,78.0,30.0,4.29,39.0,0.0,0.0,
2026-04-30T04:29:08,04/30/202604:29,21.580000000000002,0.0,0.0,51.410000000000004,0.0,0.0,0.0,0.0,0.0,198.7,23869.0,45155.0,17.1,7.5,78.0,30.0,4.29,39.0,0.0,0.0,
2026-04-30T04:31:05,04/30/202604:31,21.580000000000002,0.0,0.0,51.410000000000004,0.0,0.0,0.0,0.0,0.0,198.7,23869.0,45155.0,17.1,7.5,78.0,30.0,4.29,39.0,0.0,0.0,
2026-04-30T04:32:00,04/30/202604:32,21.580000000000002,0.0,0.0,51.410000000000004,0.0,0.0,0.0,0.0,0.0,198.7,23869.0,45155.0,17.1,7.49,78.0,30.002999999999997,4.308,37.8,0.0,0.0,
2026-04-30T04:33:00,04/30/202604:33,21.580000000000002,0.0,0.0,51.4,0.0,0.0,0.0,0.0,0.0,198.7,23869.0,45155.0,17.1,7.4799999999999995,78.0,30.006,4.326,36.6,0.0,0.0,
2026-04-30T04:34:00,04/30/202604:34,21.580000000000002,0.0,0.0,51.4,0.0,0.0,0.0,0.0,0.0,198.7,23869.0,45155.0,17.1,7.470000000000001,78.0,30.009000000000004,4.343999999999999,35.4,0.0,0.0,
2026-04-30T04:34:09,04/30/202604:34,21.470000000000002,0.0,0.0,51.4,0.0,0.0,0.0,0.0,0.0,198.7,23869.0,45155.0,17.1,7.459999999999999,78.0,30.012,4.362,34.2,0.0,0.0,
2026-04-30T04:35:00,04/30/202604:35,21.360000000000003,0.0,0.0,51.4,0.0,0.0,0.0,0.0,0.0,198.7,23869.0,45155.0,17.1,7.45,78.0,30.014999999999997,4.38,33.0,0.0,0.0,
2026-04-30T04:35:09,04/30/202604:35,21.240000000000002,0.0,0.0,51.4,0.0,0.0,0.0,0.0,0.0,198.7,23869.0,45155.0,17.1,7.44,78.0,30.018,4.398,31.8,0.0,0.0,
2026-04-30T04:36:00,04/30/202604:36,21.130000000000003,0.0,0.0,51.4,0.0,0.0,0.0,0.0,0.0,198.7,23869.0,45155.0,17.1,7.43,78.0,30.021000000000004,4.4159999999999995,30.6,0.0,0.0,
2026-04-30T04:37:01,04/30/202604:37,21.02,0.0,0.0,51.4,0.0,0.0,0.0,0.0,0.0,198.7,23869.0,45155.0,17.1,7.42,78.0,30.024,4.433999999999999,29.4,0.0,0.0,
2026-04-30T04:38:00,04/30/202604:38,20.9,0.0,0.0,51.4,0.0,0.0,0.0,0.0,0.0,198.7,23869.0,45155.0,17.1,7.42,78.0,30.026999999999997,4.452,28.2,0.0,0.0,
2026-04-30T04:39:00,04/30/202604:39,20.78,0.0,0.0,51.4,0.0,0.0,0.0,0.0,0.0,198.7,23869.0,45155.0,17.1,7.42,78.0,30.03,4.47,27.0,0.0,0.0,
2026-04-30T04:39:09,04/30/202604:39,20.65,0.0,0.0,51.4,0.0,0.0,0.0,0.0,0.0,198.7,23869.0,45155.0,17.1,7.43,78.0,30.03,4.47,27.0,0.0,0.0,
2026-04-30T04:40:00,04/30/202604:40,20.52,0.0,0.0,51.4,0.0,0.0,0.0,0.0,0.0,198.7,23869.0,45155.0,17.1,7.44,78.0,30.03,4.47,27.0,0.0,0.0,
2026-04-30T04:40:09,04/30/202604:40,20.4,0.0,0.0,51.4,0.0,0.0,0.0,0.0,0.0,198.7,23869.0,45155.0,17.1,7.45,78.0,30.03,4.47,27.0,0.0,0.0,
2026-04-30T04:41:00,04/30/202604:41,20.389999999999997,0.0,0.0,51.4,0.0,0.0,0.0,0.0,0.0,198.7,23869.0,45155.0,17.1,7.459999999999999,78.0,30.03,4.47,27.0,0.0,0.0,
2026-04-30T04:42:16,04/30/202604:42,20.369999999999997,0.0,0.0,51.4,0.0,0.0,0.0,0.0,0.0,198.7,23869.0,45155.0,17.1,7.470000000000001,78.0,30.03,4.47,27.0,0.0,0.0,
2026-04-30T04:43:00,04/30/202604:43,20.36,0.0,0.0,51.4,0.0,0.0,0.0,0.0,0.0,198.7,23869.0,45155.0,17.1,7.4799999999999995,78.0,30.03,4.47,27.0,0.0,0.0,
2026-04-30T04:43:09,04/30/202604:43,20.36,0.0,0.0,51.4,0.0,0.0,0.0,0.0,0.0,198.7,23869.0,45155.0,17.1,7.49,78.0,30.03,4.47,27.0,0.0,0.0,
2026-04-30T04:44:00,04/30/202604:44,20.36,0.0,0.0,51.4,0.0,0.0,0.0,0.0,0.0,198.7,23869.0,45155.0,17.1,7.5,78.0,30.03,4.47,27.0,0.0,0.0,
2026-04-30T04:45:00,04/30/202604:45,20.36,0.0,0.0,51.4,0.0,0.0,0.0,0.0,0.0,198.7,23869.0,45155.0,17.1,7.5,78.0,30.03,4.47,27.0,0.0,0.0,
2026-04-30T04:46:00,04/30/202604:46,20.36,0.0,0.0,51.4,0.0,0.0,0.0,0.0,0.0,198.7,23869.0,45155.0,17.1,7.5,78.0,30.03,4.458,26.4,0.0,0.0,
2026-04-30T04:47:00,04/30/202604:47,20.369999999999997,0.0,0.0,51.39,0.0,0.0,0.0,0.0,0.0,198.7,23869.0,45155.0,17.1,7.49,78.1,30.03,4.458,26.4,0.0,0.0,
2026-04-30T04:47:09,04/30/202604:47,20.369999999999997,0.0,0.0,51.39,0.0,0.0,0.0,0.0,0.0,198.7,23869.0,45155.0,17.1,7.4799999999999995,78.2,30.03,4.458,26.4,0.0,0.0,
2026-04-30T04:48:00,04/30/202604:48,20.36,0.0,0.0,51.39,0.0,0.0,0.0,0.0,0.0,198.7,23869.0,45155.0,17.1,7.470000000000001,78.3,30.03,4.458,26.4,0.0,0.0,
2026-04-30T04:49:00,04/30/202604:49,20.35,0.0,0.0,51.39,0.0,0.0,0.0,0.0,0.0,198.7,23869.0,45155.0,17.1,7.459999999999999,78.4,30.03,4.458,26.4,0.0,0.0,
2026-04-30T04:50:00,04/30/202604:50,20.35,0.0,0.0,51.39,0.0,0.0,0.0,0.0,0.0,198.7,23869.0,45155.0,17.1,7.45,78.5,30.03,4.458,26.4,0.0,0.0,
2026-04-30T04:51:00,04/30/202604:51,20.35,0.0,0.0,51.379999999999995,0.0,0.0,0.0,0.0,0.0,198.7,23869.0,45155.0,17.1,7.44,78.6,30.03,4.458,26.4,0.0,0.0,
2026-04-30T04:51:02,04/30/202604:51,20.35,0.0,0.0,51.379999999999995,0.0,0.0,0.0,0.0,0.0,198.7,23869.0,45155.0,17.1,7.43,78.7,30.03,4.458,26.4,0.0,0.0,
2026-04-30T04:52:00,04/30/202604:52,20.35,0.0,0.0,51.379999999999995,0.0,0.0,0.0,0.0,0.0,198.7,23869.0,45155.0,17.1,7.42,78.8,30.03,4.458,26.4,0.0,0.0,
2026-04-30T04:53:27,04/30/202604:53,20.35,0.0,0.0,51.36999999999999,0.0,0.0,0.0,0.0,0.0,198.7,23869.0,45155.0,17.1,7.410000000000001,78.9,30.03,4.458,26.4,0.0,0.0,
2026-04-30T04:54:00,04/30/202604:54,20.35,0.0,0.0,51.36,0.0,0.0,0.0,0.0,0.0,198.7,23869.0,45155.0,17.1,7.4,79.0,30.03,4.47,27.0,0.0,0.0,
2026-04-30T04:55:01,04/30/202604:55,20.35,0.0,0.0,51.36,0.0,0.0,0.0,0.0,0.0,198.7,23869.0,45155.0,17.1,7.4,79.0,30.03,4.47,27.0,0.0,0.0,
2026-04-30T04:55:02,04/30/202604:55,20.35,0.0,0.0,51.35,0.0,0.0,0.0,0.0,0.0,198.7,23869.0,45155.0,17.1,7.4,79.0,30.03,4.47,27.0,0.0,0.0,
2026-04-30T04:56:01,04/30/202604:56,20.35,0.0,0.0,51.339999999999996,0.0,0.0,0.0,0.0,0.0,198.7,23869.0,45155.0,17.1,7.4,79.0,30.03,4.47,27.0,0.0,0.0,
2026-04-30T04:57:01,04/30/202604:57,20.35,0.0,0.0,51.33,0.0,0.0,0.0,0.0,0.0,198.7,23869.0,45155.0,17.1,7.4,79.0,30.03,4.47,27.0,0.0,0.0,
2026-04-30T04:57:02,04/30/202604:57,20.36,0.0,0.0,51.31999999999999,0.0,0.0,0.0,0.0,0.0,198.7,23869.0,45155.0,17.1,7.4,79.0,30.03,4.47,27.0,0.0,0.0,
2026-04-30T04:58:01,04/30/202604:58,20.369999999999997,0.0,0.0,51.31999999999999,0.0,0.0,0.0,0.0,0.0,198.7,23869.0,45155.0,17.1,7.4,79.0,30.03,4.47,27.0,0.0,0.0,
2026-04-30T04:59:01,04/30/202604:59,20.369999999999997,0.0,0.0,51.31999999999999,0.0,0.0,0.0,0.0,0.0,198.7,23869.0,45155.0,17.1,7.4,79.0,30.03,4.47,27.0,0.0,0.0,
2026-04-30T04:59:02,04/30/202604:59,20.36,0.0,0.0,51.31,0.0,0.0,0.0,0.0,0.0,198.7,23869.0,45155.0,17.1,7.4,79.0,30.03,4.47,27.0,0.0,0.0,
2026-04-30T05:00:01,04/30/202605:00,20.35,0.0,0.0,51.31,0.0,0.0,0.0,0.0,0.0,198.7,23869.0,45155.0,17.1,7.4,79.0,30.03,4.47,27.0,0.0,0.0,
2026-04-30T05:00:03,04/30/202605:00,20.35,0.0,0.0,51.31,0.0,0.0,0.0,0.0,0.0,198.7,23869.0,45155.0,17.1,7.4,79.0,30.03,4.47,27.0,0.0,0.0,
2026-04-30T05:01:01,04/30/202605:01,20.35,0.0,0.0,51.31,0.0,0.0,0.0,0.0,0.0,198.7,23869.0,45155.0,17.1,7.4,79.0,30.03,4.47,27.0,0.0,0.0,
2026-04-30T05:01:02,04/30/202605:01,20.35,0.0,0.0,51.31,0.0,0.0,0.0,0.0,0.0,198.7,23869.0,45155.0,17.1,7.390000000000001,79.0,30.03,4.483,27.2,0.0,0.0,
2026-04-30T05:02:01,04/30/202605:02,20.35,0.0,0.0,51.31,0.0,0.0,0.0,0.0,0.0,198.7,23869.0,45155.0,17.1,7.38,79.0,30.03,4.4959999999999996,27.4,0.0,0.0,
2026-04-30T05:02:02,04/30/202605:02,20.36,0.0,0.0,51.31999999999999,0.0,0.0,0.0,0.0,0.0,198.7,23869.0,45155.0,17.1,7.37,79.0,30.03,4.5089999999999995,27.6,0.0,0.0,
2026-04-30T05:03:01,04/30/202605:03,20.36,0.0,0.0,51.33,0.0,0.0,0.0,0.0,0.0,198.7,23869.0,45155.0,17.1,7.359999999999999,79.0,30.03,4.522,27.8,0.0,0.0,
2026-04-30T05:03:02,04/30/202605:03,20.35,0.0,0.0,51.33,0.0,0.0,0.0,0.0,0.0,198.7,23869.0,45155.0,17.1,7.35,79.0,30.03,4.534999999999999,28.0,0.0,0.0,
2026-04-30T05:04:38,04/30/202605:04,20.34,0.0,0.0,51.31999999999999,0.0,0.0,0.0,0.0,0.0,198.7,23869.0,45155.0,17.1,7.340000000000001,79.0,30.03,4.548,28.2,0.0,0.0,
2026-04-30T05:05:00,04/30/202605:05,20.34,0.0,0.0,51.31999999999999,0.0,0.0,0.0,0.0,0.0,198.7,23869.0,45155.0,17.1,7.33,79.0,30.03,4.561,28.4,0.0,0.0,
2026-04-30T05:05:02,04/30/202605:05,20.35,0.0,0.0,51.31999999999999,0.0,0.0,0.0,0.0,0.0,198.7,23869.0,45155.0,17.1,7.32,79.0,30.03,4.574,28.6,0.0,0.0,
2026-04-30T05:06:01,04/30/202605:06,20.35,0.0,0.0,51.31999999999999,0.0,0.0,0.0,0.0,0.0,198.7,23869.0,45155.0,17.1,7.31,79.0,30.03,4.587,28.8,0.0,0.0,
2026-04-30T05:06:02,04/30/202605:06,20.34,0.0,0.0,51.31999999999999,0.0,0.0,0.0,0.0,0.0,198.7,23869.0,45155.0,17.1,7.3,79.0,30.03,4.6,29.0,0.0,0.0,
2026-04-30T05:07:00,04/30/202605:07,20.34,0.0,0.0,51.31999999999999,0.0,0.0,0.0,0.0,0.0,198.7,23869.0,45155.0,17.1,7.3,79.0,30.03,4.6,29.0,0.0,0.0,
2026-04-30T05:07:02,04/30/202605:07,20.35,0.0,0.0,51.33,0.0,0.0,0.0,0.0,0.0,198.7,23869.0,45155.0,17.1,7.3,79.0,30.03,4.6,29.0,0.0,0.0,
2026-04-30T05:08:01,04/30/202605:08,20.35,0.0,0.0,51.33,0.0,0.0,0.0,0.0,0.0,198.7,23869.0,45155.0,17.1,7.3,79.0,30.03,4.6,29.0,0.0,0.0,
2026-04-30T05:09:00,04/30/202605:09,20.35,0.0,0.0,51.31999999999999,0.0,0.0,0.0,0.0,0.0,198.7,23869.0,45155.0,17.1,7.3,79.0,30.03,4.6,29.0,0.0,0.0,
2026-04-30T05:09:02,04/30/202605:09,20.35,0.0,0.0,51.33,0.0,0.0,0.0,0.0,0.0,198.7,23869.0,45155.0,17.1,7.3,79.0,30.03,4.6,29.0,0.0,0.0,
2026-04-30T05:09:33,04/30/202605:09,20.36,0.0,0.0,51.339999999999996,0.0,0.0,0.0,0.0,0.0,198.7,23869.0,45155.0,17.1,7.3,79.0,30.03,4.6,29.0,0.0,0.0,
2026-04-30T05:10:01,04/30/202605:10,20.369999999999997,0.0,0.0,51.35,0.0,0.0,0.0,0.0,0.0,198.7,23869.0,45155.0,17.1,7.3,79.0,30.03,4.6,29.0,0.0,0.0,
2026-04-30T05:10:33,04/30/202605:10,20.36,0.0,0.0,51.36,0.0,0.0,0.0,0.0,0.0,198.7,23869.0,45155.0,17.1,7.3,79.0,30.03,4.6,29.0,0.0,0.0,
2026-04-30T05:11:00,04/30/202605:11,20.35,0.0,0.0,51.36999999999999,0.0,0.0,0.0,0.0,0.0,198.7,23869.0,45155.0,17.1,7.3,79.0,30.03,4.6,29.0,0.0,0.0,
2026-04-30T05:11:35,04/30/202605:11,20.36,0.0,0.0,51.36999999999999,0.0,0.0,0.0,0.0,0.0,198.7,23869.0,45155.0,17.1,7.3,79.0,30.03,4.6,29.0,0.0,0.0,
2026-04-30T05:12:01,04/30/202605:12,20.369999999999997,0.0,0.0,51.36999999999999,0.0,0.0,0.0,0.0,0.0,198.7,23869.0,45155.0,17.1,7.3,79.0,30.03,4.6,29.0,0.0,0.0,
2026-04-30T05:12:35,04/30/202605:12,20.36,0.0,0.0,51.36,0.0,0.0,0.0,0.0,0.0,198.7,23869.0,45155.0,17.1,7.3,79.0,30.03,4.6,29.0,0.0,0.0,
2026-04-30T05:13:00,04/30/202605:13,20.35,0.0,0.0,51.35,0.0,0.0,0.0,0.0,0.0,198.7,23869.0,45155.0,17.1,7.3,79.0,30.03,4.6,29.0,0.0,0.0,
2026-04-30T05:13:35,04/30/202605:13,20.35,0.0,0.0,51.35,0.0,0.0,0.0,0.0,0.0,198.7,23869.0,45155.0,17.1,7.3,79.0,30.03,4.6,29.0,0.0,0.0,
2026-04-30T05:14:01,04/30/202605:14,20.36,0.0,0.0,51.339999999999996,0.0,0.0,0.0,0.0,0.0,198.7,23869.0,45155.0,17.1,7.3,79.0,30.03,4.6,29.0,0.0,0.0,
2026-04-30T05:14:35,04/30/202605:14,20.35,0.0,0.0,51.33,0.0,0.0,0.0,0.0,0.0,198.7,23869.0,45155.0,17.1,7.3,79.0,30.03,4.6,29.0,0.0,0.0,
2026-04-30T05:15:50,04/30/202605:15,20.34,0.0,0.0,51.31999999999999,0.0,0.0,0.0,0.0,0.0,198.7,23869.0,45155.0,17.1,7.3,79.0,30.03,4.6,29.0,0.0,0.0,
2026-04-30T05:16:01,04/30/202605:16,20.34,0.0,0.0,51.31,0.0,0.0,0.0,0.0,0.0,198.7,23869.0,45155.0,17.1,7.3,79.0,30.03,4.6,29.0,0.0,0.0,
2026-04-30T05:17:01,04/30/202605:17,20.34,0.0,0.0,51.3,0.0,0.0,0.0,0.0,0.0,198.7,23869.0,45155.0,17.1,7.290000000000001,79.1,30.03,4.625,28.3,0.0,0.0,
2026-04-30T05:18:01,04/30/202605:18,20.330000000000002,0.0,0.0,51.29,0.0,0.0,0.0,0.0,0.0,198.7,23869.0,45155.0,17.1,7.279999999999999,79.2,30.03,4.65,27.6,0.0,0.0,
2026-04-30T05:19:01,04/30/202605:19,20.32,0.0,0.0,51.29,0.0,0.0,0.0,0.0,0.0,198.7,23869.0,45155.0,17.1,7.2700000000000005,79.3,30.03,4.675,26.9,0.0,0.0,
2026-04-30T05:20:00,04/30/202605:20,20.32,0.0,0.0,51.29,0.0,0.0,0.0,0.0,0.0,198.7,23869.0,45155.0,17.1,7.26,79.4,30.03,4.7,26.2,0.0,0.0,
2026-04-30T05:21:01,04/30/202605:21,20.32,0.0,0.0,51.29,0.0,0.0,0.0,0.0,0.0,198.7,23869.0,45155.0,17.1,7.25,79.5,30.03,4.725,25.5,0.0,0.0,
2026-04-30T05:22:00,04/30/202605:22,20.31,0.0,0.0,51.29,0.0,0.0,0.0,0.0,0.0,198.7,23869.0,45155.0,17.1,7.24,79.6,30.03,4.75,24.8,0.0,0.0,
2026-04-30T05:23:01,04/30/202605:23,20.3,0.0,0.0,51.29,0.0,0.0,0.0,0.0,0.0,198.7,23869.0,45155.0,17.1,7.2299999999999995,79.7,30.03,4.775,24.1,0.0,0.0,
2026-04-30T05:24:00,04/30/202605:24,20.3,0.0,0.0,51.29,0.0,0.0,0.0,0.0,0.0,198.7,23869.0,45155.0,17.1,7.220000000000001,79.8,30.03,4.8,23.4,0.0,0.0,
2026-04-30T05:25:01,04/30/202605:25,20.3,0.0,0.0,51.3,0.0,0.0,0.0,0.0,0.0,198.7,23869.0,45155.0,17.1,7.209999999999999,79.9,30.03,4.825,22.7,0.0,0.0,
2026-04-30T05:27:02,04/30/202605:27,20.3,0.0,0.0,51.3,0.0,0.0,0.0,0.0,0.0,198.7,23869.0,45155.0,17.1,7.2,80.0,30.03,4.85,22.0,0.0,0.0,
2026-04-30T05:28:01,04/30/202605:28,20.3,0.0,0.0,51.3,0.0,0.0,0.0,0.0,0.0,198.7,23869.0,45155.0,17.1,7.2,80.0,30.03,4.85,22.0,0.0,0.0,
2026-04-30T05:29:01,04/30/202605:29,20.3,0.0,0.0,51.31,0.0,0.0,0.0,0.0,0.0,198.7,23869.0,45155.0,17.1,7.2,80.0,30.03,4.85,22.0,0.0,0.0,
2026-04-30T05:30:01,04/30/202605:30,20.3,0.0,0.0,51.31,0.0,0.0,0.0,0.0,0.0,198.7,23869.0,45155.0,17.1,7.2,80.0,30.03,4.85,22.0,0.0,0.0,
2026-04-30T05:31:01,04/30/202605:31,20.3,0.0,0.0,51.31,0.0,0.0,0.0,0.0,0.0,198.7,23869.0,45155.0,17.1,7.2,80.0,30.03,4.85,22.0,0.0,0.0,
2026-04-30T05:32:01,04/30/202605:32,20.3,0.0,0.0,51.31,0.0,0.0,0.0,0.0,0.0,198.7,23869.0,45155.0,17.1,7.2,80.1,30.03,4.825,22.7,0.0,0.0,
2026-04-30T05:33:01,04/30/202605:33,20.3,0.0,0.0,51.31,0.0,0.0,0.0,0.0,0.0,198.7,23869.0,45155.0,17.1,7.2,80.2,30.03,4.8,23.4,0.0,0.0,
2026-04-30T05:34:01,04/30/202605:34,20.3,0.0,0.0,51.31,0.0,0.0,0.0,0.0,0.0,198.7,23869.0,45155.0,17.1,7.19,80.3,30.03,4.775,24.1,0.0,0.0,
2026-04-30T05:35:01,04/30/202605:35,20.3,0.0,0.0,51.3,0.0,0.0,0.0,0.0,0.0,198.7,23869.0,45155.0,17.1,7.18,80.4,30.03,4.75,24.8,0.0,0.0,
2026-04-30T05:36:01,04/30/202605:36,20.3,0.0,0.0,51.29,0.0,0.0,0.0,0.0,0.0,198.7,23869.0,45155.0,17.1,7.17,80.5,30.03,4.725,25.5,0.0,0.0,
2026-04-30T05:38:13,04/30/202605:38,20.3,0.0,0.0,51.29,0.0,0.0,0.0,0.0,0.0,198.7,23869.0,45155.0,17.1,7.159999999999999,80.6,30.03,4.712,25.8,0.0,0.0,
2026-04-30T05:39:00,04/30/202605:39,20.3,0.0,0.0,51.29,0.0,0.0,0.0,0.0,0.0,198.7,23869.0,45155.0,17.1,7.15,80.7,30.03,4.699,26.1,0.0,0.0,
2026-04-30T05:40:01,04/30/202605:40,20.3,0.0,0.0,51.279999999999994,0.0,0.0,0.0,0.0,0.0,198.7,23869.0,45155.0,17.1,7.140000000000001,80.8,30.03,4.686,26.4,0.0,0.0,
2026-04-30T05:41:00,04/30/202605:41,20.3,0.0,0.0,51.27,0.0,0.0,0.0,0.0,0.0,198.7,23869.0,45155.0,17.1,7.13,80.9,30.03,4.673,26.7,0.0,0.0,
2026-04-30T05:42:11,04/30/202605:42,20.3,0.0,0.0,51.27,0.0,0.0,0.0,0.0,0.0,198.7,23869.0,45155.0,17.1,7.12,81.0,30.026999999999997,4.659999999999999,27.0,0.0,0.0,
2026-04-30T05:43:01,04/30/202605:43,20.3,0.0,0.0,51.27,0.0,0.0,0.0,0.0,0.0,198.7,23869.0,45155.0,17.1,7.109999999999999,81.0,30.024,4.672,26.6,0.0,0.0,
2026-04-30T05:44:01,04/30/202605:44,20.3,0.0,0.0,51.27,0.0,0.0,0.0,0.0,0.0,198.7,23869.0,45155.0,17.1,7.1,81.1,30.021000000000004,4.683999999999999,26.2,0.0,0.0,
2026-04-30T05:45:01,04/30/202605:45,20.3,0.0,0.0,51.27,0.0,0.0,0.0,0.0,0.0,198.7,23869.0,45155.0,17.1,7.1,81.2,30.018,4.696,25.8,0.0,0.0,
2026-04-30T05:46:01,04/30/202605:46,20.3,0.0,0.0,51.27,0.0,0.0,0.0,0.0,0.0,198.7,23869.0,45155.0,17.1,7.1,81.3,30.014999999999997,4.708,25.4,0.0,0.0,
2026-04-30T05:47:01,04/30/202605:47,20.3,0.0,0.0,51.27,0.0,0.0,0.0,0.0,0.0,198.7,23869.0,45155.0,17.1,7.08,81.5,30.014999999999997,4.694999999999999,25.2,0.0,0.0,
2026-04-30T05:48:00,04/30/202605:48,20.3,0.0,0.0,51.27,0.0,0.0,0.0,0.0,0.0,198.7,23869.0,45155.0,17.1,7.06,81.7,30.014999999999997,4.67,25.4,0.0,0.0,
2026-04-30T05:49:24,04/30/202605:49,20.3,0.0,0.0,51.27,0.0,0.0,0.0,0.0,0.0,198.7,23869.0,45155.0,17.1,7.040000000000001,81.9,30.014999999999997,4.645,25.6,0.0,0.0,
2026-04-30T05:50:00,04/30/202605:50,20.3,0.0,0.0,51.279999999999994,0.0,0.0,0.0,0.0,0.0,198.7,23869.0,45155.0,17.1,7.0200000000000005,82.1,30.014999999999997,4.619999999999999,25.8,0.0,0.0,
2026-04-30T05:51:01,04/30/202605:51,20.3,0.0,0.0,51.279999999999994,0.0,0.0,0.0,0.0,0.0,198.7,23869.0,45155.0,17.1,7.0,82.3,30.014999999999997,4.595,26.0,0.0,0.0,
2026-04-30T05:51:50,04/30/202605:51,20.31,0.0,0.0,51.27,0.0,0.0,0.0,0.0,0.0,198.7,23869.0,45155.0,17.1,6.9799999999999995,82.5,30.018,4.569999999999999,26.2,0.0,0.0,
2026-04-30T05:52:00,04/30/202605:52,20.32,0.0,0.0,51.260000000000005,0.0,0.0,0.0,0.0,0.0,198.7,23869.0,45155.0,17.1,6.959999999999999,82.7,30.021000000000004,4.545,26.4,0.0,0.0,
2026-04-30T05:53:01,04/30/202605:53,20.330000000000002,0.0,0.0,51.260000000000005,0.0,0.0,0.0,0.0,0.0,198.7,23869.0,45155.0,17.1,6.94,82.8,30.024,4.52,26.6,0.0,0.0,
2026-04-30T05:53:51,04/30/202605:53,20.330000000000002,0.0,0.0,51.25,0.0,0.0,0.0,0.0,0.0,198.7,23869.0,45155.0,17.1,6.92,82.9,30.026999999999997,4.494999999999999,26.8,0.0,0.0,
2026-04-30T05:54:00,04/30/202605:54,20.330000000000002,0.0,0.0,51.25,0.0,0.0,0.0,0.0,0.0,198.7,23869.0,45155.0,17.1,6.9,83.0,30.03,4.47,27.0,0.0,0.0,
2026-04-30T05:54:51,04/30/202605:54,20.34,0.0,0.0,51.25,0.0,0.0,0.0,0.0,0.0,198.7,23869.0,45155.0,17.1,6.9,83.0,30.03,4.47,27.0,0.0,0.0,
2026-04-30T05:55:01,04/30/202605:55,20.35,0.0,0.0,51.25,0.0,0.0,0.0,0.0,0.0,198.7,23869.0,45155.0,17.1,6.9,83.0,30.03,4.47,27.0,0.0,0.0,
2026-04-30T05:56:00,04/30/202605:56,20.36,0.0,0.0,51.239999999999995,0.0,0.0,0.0,0.0,0.0,198.7,23869.0,45155.0,17.1,6.9,83.0,30.03,4.47,27.0,0.0,0.0,
2026-04-30T05:56:51,04/30/202605:56,20.36,0.0,0.0,51.23,0.0,0.0,0.0,0.0,0.0,198.7,23869.0,45155.0,17.1,6.9,83.0,30.03,4.47,27.0,0.0,0.0,
2026-04-30T05:57:01,04/30/202605:57,20.36,0.0,0.0,51.23,0.0,0.0,0.0,0.0,0.0,198.7,23869.0,45155.0,17.1,6.9,83.0,30.03,4.47,27.0,0.0,0.0,
2026-04-30T05:57:50,04/30/202605:57,20.36,0.0,0.0,51.23,0.0,0.0,0.0,0.0,0.0,198.7,23869.0,45155.0,17.0,6.9,83.0,30.03,4.47,27.0,0.0,0.0,
2026-04-30T05:58:00,04/30/202605:58,20.36,0.0,0.0,51.23,0.0,0.0,0.0,0.0,0.0,198.7,23869.0,45155.0,17.0,6.9,83.0,30.03,4.47,27.0,0.0,0.0,
2026-04-30T05:59:01,04/30/202605:59,20.36,0.0,0.0,51.220000000000006,0.0,0.0,0.0,0.0,0.0,198.7,23869.0,45155.0,17.1,6.9,83.0,30.03,4.47,27.0,0.0,0.0,
2026-04-30T06:00:35,04/30/202606:00,20.38,0.0,0.0,51.220000000000006,0.0,0.0,0.0,0.0,0.0,198.7,23869.0,45155.0,17.1,6.9,83.0,30.03,4.47,27.0,0.0,0.0,
2026-04-30T06:01:00,04/30/202606:01,20.4,0.0,0.0,51.220000000000006,0.0,0.0,0.0,0.0,0.0,198.7,23869.0,45155.0,17.0,6.9,83.0,30.03,4.47,27.0,0.0,0.0,
2026-04-30T06:02:15,04/30/202606:02,20.41,0.0,0.0,51.21,0.0,0.0,0.0,0.0,0.0,198.7,23869.0,45155.0,17.0,6.890000000000001,83.1,30.03,4.446,26.8,0.0,0.0,
2026-04-30T06:03:00,04/30/202606:03,20.419999999999998,0.0,0.0,51.2,0.0,0.0,0.0,0.0,0.0,198.7,23869.0,45155.0,17.0,6.88,83.2,30.03,4.422,26.6,0.0,0.0,
2026-04-30T06:03:03,04/30/202606:03,20.44,0.0,0.0,51.2,0.0,0.0,0.0,0.0,0.0,198.7,23869.0,45155.0,17.1,6.87,83.3,30.03,4.398,26.4,0.0,0.0,
2026-04-30T06:04:01,04/30/202606:04,20.47,0.0,0.0,51.2,0.0,0.0,0.0,0.0,0.0,198.7,23869.0,45155.0,17.1,6.859999999999999,83.4,30.03,4.3740000000000006,26.2,0.0,0.0,
2026-04-30T06:04:03,04/30/202606:04,20.509999999999998,0.0,0.0,51.190000000000005,0.0,0.0,0.0,0.0,0.0,198.7,23869.0,45155.0,17.1,6.85,83.5,30.03,4.35,26.0,0.0,0.0,
2026-04-30T06:05:00,04/30/202606:05,20.54,0.0,0.0,51.18,0.0,0.0,0.0,0.0,0.0,198.7,23869.0,45155.0,17.1,6.840000000000001,83.6,30.03,4.3260000000000005,25.8,0.0,0.0,
2026-04-30T06:05:03,04/30/202606:05,20.580000000000002,0.0,0.0,51.18,0.0,0.0,0.0,0.0,0.0,198.7,23869.0,45155.0,17.1,6.83,83.7,30.03,4.3020000000000005,25.6,0.0,0.0,
2026-04-30T06:06:01,04/30/202606:06,20.619999999999997,0.0,0.0,51.18,0.0,0.0,0.0,0.0,0.0,198.7,23869.0,45155.0,17.1,6.82,83.8,30.03,4.2780000000000005,25.4,0.0,0.0,
2026-04-30T06:06:03,04/30/202606:06,20.66,0.0,0.0,51.18,0.0,0.0,0.0,0.0,0.0,198.7,23869.0,45155.0,17.0,6.81,83.9,30.03,4.2540000000000004,25.2,0.0,0.0,
2026-04-30T06:07:00,04/30/202606:07,20.7,0.0,0.0,51.18,0.0,0.0,0.0,0.0,0.0,198.7,23869.0,45155.0,17.0,6.8,84.0,30.03,4.23,25.0,0.0,0.0,
2026-04-30T06:07:03,04/30/202606:07,20.759999999999998,0.0,0.0,51.18,0.0,0.0,0.0,0.0,0.0,198.7,23869.0,45155.0,17.0,6.8,84.0,30.03,4.23,25.0,0.0,0.0,
2026-04-30T06:08:01,04/30/202606:08,20.82,0.0,0.0,51.18,0.0,0.0,0.0,0.0,0.0,198.7,23869.0,45155.0,17.0,6.8,84.0,30.03,4.23,25.0,0.0,0.0,
2026-04-30T06:08:03,04/30/202606:08,20.89,0.0,0.0,51.18,0.0,0.0,0.0,0.0,0.0,198.7,23869.0,45155.0,17.1,6.8,84.0,30.03,4.23,25.0,0.0,0.0,
2026-04-30T06:09:00,04/30/202606:09,20.96,0.0,0.0,51.18,0.0,0.0,0.0,0.0,0.0,198.7,23869.0,45155.0,17.1,6.8,84.0,30.03,4.23,25.0,0.0,0.0,
2026-04-30T06:09:03,04/30/202606:09,21.05,0.0,0.0,51.190000000000005,0.0,0.0,0.0,0.0,0.0,198.7,23869.0,45155.0,17.1,6.8,84.0,30.03,4.23,25.0,0.0,0.0,
2026-04-30T06:10:01,04/30/202606:10,21.14,0.0,0.0,51.2,0.0,0.0,0.0,0.0,0.0,198.7,23869.0,45155.0,17.1,6.8,84.0,30.03,4.23,25.0,0.0,0.0,
2026-04-30T06:10:04,04/30/202606:10,21.25,0.0,0.0,51.2,0.0,0.0,0.0,0.0,0.0,198.7,23869.0,45155.0,17.1,6.8,84.0,30.03,4.23,25.0,0.0,0.0,
2026-04-30T06:11:46,04/30/202606:11,21.39,0.0,0.0,51.2,0.0,0.0,0.0,0.0,0.0,198.7,23869.0,45155.0,17.0,6.8,84.0,30.03,4.23,25.0,0.0,0.0,
2026-04-30T06:12:01,04/30/202606:12,21.52,0.0,0.0,51.2,0.0,0.0,0.0,0.0,0.0,198.7,23869.0,45155.0,17.0,6.8,84.0,30.03,4.23,25.0,0.0,0.0,
2026-04-30T06:12:04,04/30/202606:12,21.69,0.0,0.0,51.2,0.0,0.0,0.0,0.0,0.0,198.7,23869.0,45155.0,17.0,6.8,84.0,30.03,4.23,25.0,0.0,0.0,
2026-04-30T06:13:01,04/30/202606:13,21.84,0.0,0.0,51.2,0.0,0.0,0.0,0.0,0.0,198.7,23869.0,45155.0,17.0,6.8,84.0,30.03,4.23,25.0,0.0,0.0,
2026-04-30T06:13:04,04/30/202606:13,22.02,0.0,0.0,51.2,0.0,0.0,0.0,0.0,0.0,198.7,23869.0,45155.0,17.1,6.8,84.0,30.03,4.23,25.0,0.0,0.0,
2026-04-30T06:14:01,04/30/202606:14,22.18,0.0,0.0,51.2,0.0,0.0,0.0,0.0,0.0,198.7,23869.0,45155.0,17.1,6.8,84.0,30.03,4.23,25.0,0.0,0.0,
2026-04-30T06:14:03,04/30/202606:14,22.39,0.0,0.0,51.2,0.0,0.0,0.0,0.0,0.0,198.7,23869.0,45155.0,17.0,6.8,84.0,30.03,4.23,25.0,0.0,0.0,
2026-04-30T06:15:01,04/30/202606:15,22.57,0.0,0.0,51.2,0.0,0.0,0.0,0.0,0.0,198.7,23869.0,45155.0,17.0,6.8,84.0,30.03,4.23,25.0,0.0,0.0,
2026-04-30T06:15:04,04/30/202606:15,22.81,0.0,0.0,51.2,0.0,0.0,0.0,0.0,0.0,198.7,23869.0,45155.0,17.0,6.8,84.0,30.03,4.23,25.0,0.0,0.0,
2026-04-30T06:16:00,04/30/202606:16,23.02,0.0,0.0,51.2,0.0,0.0,0.0,0.0,0.0,198.7,23869.0,45155.0,17.0,6.8,84.0,30.03,4.23,25.0,0.0,0.0,
2026-04-30T06:16:03,04/30/202606:16,23.28,0.0,0.0,51.2,0.0,0.0,0.0,0.0,0.0,198.7,23869.0,45155.0,17.0,6.790000000000001,84.1,30.03,4.23,25.0,0.0,0.0,
2026-04-30T06:17:01,04/30/202606:17,23.54,0.0,0.0,51.2,0.0,0.0,0.0,0.0,0.0,198.7,23869.0,45155.0,17.0,6.779999999999999,84.2,30.03,4.23,25.0,0.0,0.0,
2026-04-30T06:17:04,04/30/202606:17,23.89,0.0,0.0,51.2,0.0,0.0,0.0,0.0,0.0,198.7,23869.0,45155.0,17.0,6.7700000000000005,84.3,30.03,4.23,25.0,0.0,0.0,
2026-04-30T06:18:00,04/30/202606:18,24.240000000000002,0.0,0.0,51.2,0.0,0.0,0.0,0.0,0.0,198.7,23869.0,45155.0,17.0,6.76,84.4,30.03,4.23,25.0,0.0,0.0,
2026-04-30T06:18:03,04/30/202606:18,24.75,0.0,0.0,51.21,0.0,0.0,0.0,0.0,0.0,198.7,23869.0,45155.0,17.1,6.75,84.5,30.03,4.23,25.0,0.0,0.0,
2026-04-30T06:19:01,04/30/202606:19,25.259999999999998,0.0,0.0,51.220000000000006,0.0,0.0,0.0,0.0,0.0,198.7,23869.0,45155.0,17.1,6.74,84.6,30.03,4.23,25.0,0.0,0.0,
2026-04-30T06:19:04,04/30/202606:19,25.93,0.0,0.0,51.220000000000006,0.0,0.0,0.0,0.0,0.0,198.7,23869.0,45155.0,17.0,6.7299999999999995,84.7,30.03,4.23,25.0,0.0,0.0,
2026-04-30T06:20:00,04/30/202606:20,26.6,0.0,0.0,51.220000000000006,0.0,0.0,0.0,0.0,0.0,198.7,23869.0,45155.0,17.0,6.720000000000001,84.8,30.03,4.23,25.0,0.0,0.0,
2026-04-30T06:20:03,04/30/202606:20,27.49,0.0,0.0,51.220000000000006,0.0,0.0,0.0,0.0,0.0,198.7,23869.0,45155.0,17.0,6.709999999999999,84.9,30.03,4.23,25.0,0.0,0.0,
2026-04-30T06:21:01,04/30/202606:21,28.380000000000003,0.0,0.0,51.220000000000006,0.0,0.0,0.0,0.0,0.0,198.7,23869.0,45155.0,17.0,6.7,85.0,30.03,4.23,25.0,0.0,0.0,
2026-04-30T06:21:04,04/30/202606:21,29.55,0.0,0.0,51.21,0.0,0.0,0.0,0.0,0.0,198.7,23869.0,45155.0,17.1,6.7,85.0,30.03,4.23,25.0,0.0,0.0,
2026-04-30T06:22:57,04/30/202606:22,31.169999999999998,0.0,0.0,51.2,0.0,0.0,0.0,0.0,0.0,198.7,23869.0,45155.0,17.0,6.7,85.0,30.03,4.23,25.0,0.0,0.0,
2026-04-30T06:23:01,04/30/202606:23,32.660000000000004,0.0,0.0,51.190000000000005,0.0,0.0,0.0,0.0,0.0,198.7,23869.0,45155.0,17.0,6.7,85.0,30.03,4.23,25.0,0.0,0.0,
2026-04-30T06:23:04,04/30/202606:23,34.71,0.0,0.0,51.190000000000005,0.0,0.0,0.0,0.0,0.0,198.7,23869.0,45155.0,17.0,6.7,85.0,30.03,4.23,25.0,0.0,0.0,
2026-04-30T06:24:01,04/30/202606:24,36.57,0.0,0.0,51.18,0.0,0.0,0.0,0.0,0.0,198.7,23869.0,45155.0,17.0,6.7,85.0,30.03,4.23,25.0,0.0,0.0,
2026-04-30T06:24:04,04/30/202606:24,39.07,0.0,0.0,51.17,0.0,0.0,0.0,0.0,0.0,198.7,23869.0,45155.0,17.0,6.7,85.0,30.03,4.23,25.0,0.0,0.0,
2026-04-30T06:25:01,04/30/202606:25,41.36,0.0,0.0,51.17,0.0,0.0,0.0,0.0,0.0,198.7,23869.0,45155.0,17.0,6.7,85.0,30.03,4.23,25.0,0.0,0.0,
2026-04-30T06:25:05,04/30/202606:25,43.64,0.0,0.0,51.17,0.0,0.0,0.0,0.0,0.0,198.7,23869.0,45155.0,17.0,6.7,85.0,30.03,4.23,25.0,0.0,0.0,
2026-04-30T06:26:00,04/30/202606:26,45.64,0.0,0.0,51.17,0.0,0.0,0.0,0.0,0.0,198.7,23869.0,45155.0,17.0,6.7,85.0,30.03,4.23,25.0,0.0,0.0,
2026-04-30T06:27:01,04/30/202606:27,47.64,0.0,0.0,51.17,0.0,0.0,0.0,0.0,0.0,198.7,23869.0,45155.0,17.0,6.7,85.0,30.03,4.23,25.0,0.0,0.0,
2026-04-30T06:28:01,04/30/202606:28,49.28,0.0,0.0,51.17,0.0,0.0,0.0,0.0,0.0,198.7,23869.0,45155.0,17.0,6.7,85.0,30.03,4.23,25.0,0.0,0.0,
2026-04-30T06:29:01,04/30/202606:29,50.47,0.0,0.0,51.18,0.0,0.0,0.0,0.0,0.0,198.7,23869.0,45155.0,17.1,6.7,85.0,30.03,4.23,25.0,0.0,0.0,
2026-04-30T06:30:01,04/30/202606:30,51.660000000000004,0.0,0.0,51.18,0.0,0.0,0.0,0.0,0.0,198.7,23869.0,45155.0,17.0,6.7,85.0,30.03,4.23,25.0,0.0,0.0,
2026-04-30T06:30:05,04/30/202606:30,52.3,0.0,0.0,51.17,0.0,0.0,0.0,0.0,0.0,198.7,23869.0,45155.0,17.0,6.7,85.0,30.03,4.23,25.0,0.0,0.0,
2026-04-30T06:31:01,04/30/202606:31,52.94,0.0,0.0,51.160000000000004,0.0,0.0,0.0,0.0,0.0,198.7,23869.0,45155.0,17.0,6.7,85.0,30.03,4.23,25.0,0.0,0.0,
2026-04-30T06:31:05,04/30/202606:31,52.92999999999999,0.0,0.0,51.15,0.0,0.0,0.0,0.0,0.0,198.7,23869.0,45155.0,17.0,6.69,85.0,30.03,4.2170000000000005,24.7,0.0,0.0,
2026-04-30T06:32:01,04/30/202606:32,52.92,0.0,0.0,51.14,0.0,0.0,0.0,0.0,0.0,198.7,23869.0,45155.0,17.0,6.68,85.0,30.03,4.204000000000001,24.4,0.0,0.0,
2026-04-30T06:32:05,04/30/202606:32,52.92999999999999,0.0,0.0,51.13,0.0,0.0,0.0,0.0,0.0,198.7,23869.0,45155.0,17.0,6.67,85.0,30.03,4.191000000000001,24.1,0.0,0.0,
2026-04-30T06:34:09,04/30/202606:34,52.94,0.0,0.0,51.120000000000005,0.0,0.0,0.0,0.0,0.0,198.7,23869.0,45155.0,17.0,6.67,85.0,30.03,4.178,23.8,0.0,0.0,
2026-04-30T06:35:00,04/30/202606:35,52.95,0.0,0.0,51.11,0.0,0.0,0.0,0.0,0.0,198.7,23869.0,45155.0,17.0,6.67,85.0,30.03,4.165,23.5,0.0,0.0,
2026-04-30T06:36:01,04/30/202606:36,52.96,0.0,0.0,51.11,0.0,0.0,0.0,0.0,0.0,198.7,23869.0,45155.0,17.0,6.67,85.0,30.03,4.177,23.1,0.0,0.0,
2026-04-30T06:37:00,04/30/202606:37,52.970000000000006,0.0,0.0,51.11,0.0,0.0,0.0,0.0,0.0,198.7,23869.0,45155.0,17.0,6.67,85.0,30.03,4.189,22.7,0.0,0.0,
2026-04-30T06:37:05,04/30/202606:37,52.989999999999995,0.0,0.0,51.120000000000005,0.0,0.0,0.0,0.0,0.0,198.7,23869.0,45155.0,17.1,6.67,85.0,30.03,4.201,22.3,0.0,0.0,
2026-04-30T06:38:01,04/30/202606:38,53.0,0.0,0.0,51.13,0.0,0.0,0.0,0.0,0.0,198.7,23869.0,45155.0,17.1,6.67,85.0,30.03,4.212999999999999,21.9,0.0,0.0,
2026-04-30T06:39:00,04/30/202606:39,53.010000000000005,0.0,0.0,51.13,0.0,0.0,0.0,0.0,0.0,198.7,23869.0,45155.0,17.0,6.67,85.0,30.03,4.225,21.5,0.0,0.0,
2026-04-30T06:40:01,04/30/202606:40,53.029999999999994,0.0,0.0,51.13,0.0,0.0,0.0,0.0,0.0,198.7,23869.0,45155.0,17.0,6.68,85.0,30.026999999999997,4.25,21.4,0.0,0.0,
2026-04-30T06:40:05,04/30/202606:40,52.83,0.0,0.0,51.14,0.01,0.5114,0.5,0.0,0.0,198.7,23869.0,45155.0,17.0,6.69,84.9,30.024,4.275,21.3,0.0,0.0,
2026-04-30T06:41:00,04/30/202606:41,52.620000000000005,0.0,0.0,51.15,0.02,1.023,1.0,0.0,0.0,198.7,23869.0,45155.0,17.0,6.7,84.8,30.021000000000004,4.3,21.2,0.0,0.0,
2026-04-30T06:41:05,04/30/202606:41,60.42,0.0,0.0,51.160000000000004,0.02,1.0232,1.0,0.0,0.0,198.7,23869.0,45155.0,17.0,6.7,84.7,30.018,4.325,21.1,0.0,0.0,
2026-04-30T06:41:45,04/30/202606:41,67.2,0.0,0.0,51.160000000000004,0.02,1.0232,1.0,0.0,0.0,198.7,23869.0,45155.0,17.0,6.7,84.6,30.014999999999997,4.35,21.0,0.0,0.0,
2026-04-30T06:42:01,04/30/202606:42,73.97999999999999,0.0,0.0,51.160000000000004,0.02,1.0232,1.0,0.0,0.0,198.7,23869.0,45155.0,17.0,6.7,84.5,30.012,4.35,21.0,0.0,0.0,
2026-04-30T06:42:44,04/30/202606:42,81.84,0.0,0.0,51.160000000000004,0.02,1.0232,1.0,0.0,0.0,198.7,23869.0,45155.0,17.0,6.7,84.4,30.009000000000004,4.35,21.0,0.0,0.0,
2026-04-30T06:43:00,04/30/202606:43,89.69,0.0,0.0,51.160000000000004,0.02,1.0232,1.0,0.0,0.0,198.7,23869.0,45155.0,17.0,6.7,84.3,30.006,4.35,21.0,0.0,0.0,
2026-04-30T06:43:44,04/30/202606:43,97.4,0.0,0.0,51.160000000000004,0.02,1.0232,1.0,0.0,0.0,198.7,23869.0,45155.0,17.1,6.7,84.2,30.002999999999997,4.35,21.0,0.0,0.0,
2026-04-30T06:43:57,04/30/202606:43,105.21,0.0,0.0,51.160000000000004,0.02,1.0232,1.0,0.0,0.0,198.7,23869.0,45155.0,17.0,6.7,84.1,30.0,4.35,21.0,0.0,0.0,
2026-04-30T06:44:01,04/30/202606:44,113.02000000000001,0.0,0.0,51.160000000000004,0.02,1.0232,1.0,0.0,0.0,198.7,23869.0,45155.0,17.0,6.7,84.0,30.0,4.35,21.0,0.0,0.0,
2026-04-30T06:45:21,04/30/202606:45,121.03,0.0,0.0,51.15,0.01,0.5115,0.5,0.0,0.0,198.7,23869.0,45155.0,17.0,6.7,84.0,30.0,4.35,21.0,0.0,0.0,
2026-04-30T06:46:00,04/30/202606:46,129.04,0.0,0.0,51.14,0.0,0.0,0.0,0.0,0.0,198.7,23869.0,45155.0,17.0,6.7,84.0,30.0,4.35,21.0,0.0,0.0,
2026-04-30T06:46:05,04/30/202606:46,127.63999999999999,0.0,0.0,51.14,0.0,0.0,0.0,0.0,0.0,198.7,23869.0,45155.0,17.0,6.69,84.1,30.002999999999997,4.313,21.6,0.0,0.0,
2026-04-30T06:47:01,04/30/202606:47,127.25999999999999,0.0,0.0,51.15,0.0,0.0,0.0,0.0,0.0,198.7,23869.0,45155.0,17.0,6.68,84.2,30.006,4.276,22.2,0.0,0.0,
2026-04-30T06:47:06,04/30/202606:47,128.48,0.0,0.0,51.15,0.0,0.0,0.0,0.0,0.0,198.7,23869.0,45155.0,17.0,6.67,84.3,30.009000000000004,4.239,22.8,0.0,0.0,
2026-04-30T06:48:00,04/30/202606:48,128.62,0.0,0.0,51.14,0.0,0.0,0.0,0.0,0.0,198.7,23869.0,45155.0,17.0,6.659999999999999,84.4,30.012,4.202,23.4,0.0,0.0,
2026-04-30T06:48:05,04/30/202606:48,128.84,0.0,0.0,51.13,0.0,0.0,0.0,0.0,0.0,198.7,23869.0,45155.0,17.0,6.65,84.5,30.014999999999997,4.165,24.0,0.0,0.0,
2026-04-30T06:49:01,04/30/202606:49,129.2,0.0,0.0,51.120000000000005,0.0,0.0,0.0,0.0,0.0,198.7,23869.0,45155.0,17.0,6.640000000000001,84.6,30.018,4.128,24.6,0.0,0.0,
2026-04-30T06:49:06,04/30/202606:49,129.66,0.0,0.0,51.120000000000005,0.0,0.0,0.0,0.0,0.0,198.7,23869.0,45155.0,17.0,6.63,84.7,30.021000000000004,4.090999999999999,25.2,0.0,0.0,
2026-04-30T06:50:00,04/30/202606:50,130.12,0.0,0.0,51.120000000000005,0.0,0.0,0.0,0.0,0.0,198.7,23869.0,45155.0,17.0,6.62,84.8,30.024,4.054,25.8,0.0,0.0,
2026-04-30T06:50:05,04/30/202606:50,130.71,0.0,0.0,51.13,0.0,0.0,0.0,0.0,0.0,198.7,23869.0,45155.0,17.0,6.609999999999999,84.9,30.026999999999997,4.017,26.4,0.0,0.0,
2026-04-30T06:51:01,04/30/202606:51,131.3,0.0,0.0,51.14,0.0,0.0,0.0,0.0,0.0,198.7,23869.0,45155.0,17.0,6.6,85.0,30.03,3.9799999999999995,27.0,0.0,0.0,
2026-04-30T06:51:06,04/30/202606:51,133.33,0.0,0.0,51.13,0.0,0.0,0.0,0.0,0.0,198.7,23869.0,45155.0,17.0,6.6,85.0,30.03,3.9799999999999995,27.0,0.0,0.0,
2026-04-30T06:52:00,04/30/202606:52,135.36,0.0,0.0,51.120000000000005,0.0,0.0,0.0,0.0,0.0,198.7,23869.0,45155.0,17.0,6.6,85.0,30.03,3.9799999999999995,27.0,0.0,0.0,
2026-04-30T06:53:01,04/30/202606:53,135.79000000000002,0.0,0.0,51.13,0.0,0.0,0.0,0.0,0.0,198.7,23869.0,45155.0,17.0,6.6,85.0,30.03,3.9799999999999995,27.0,0.0,0.0,
2026-04-30T06:53:07,04/30/202606:53,136.21,0.0,0.0,51.15,0.0,0.0,0.0,0.0,0.0,198.7,23869.0,45155.0,17.0,6.6,85.0,30.03,3.9799999999999995,27.0,0.0,0.0,
2026-04-30T06:54:00,04/30/202606:54,136.55,0.0,0.0,51.17,0.0,0.0,0.0,0.0,0.0,198.7,23869.0,45155.0,17.0,6.6,85.0,30.03,3.9799999999999995,27.0,0.0,0.0,
2026-04-30T06:54:06,04/30/202606:54,136.88,0.0,0.0,51.18,0.0,0.0,0.0,0.0,0.0,198.7,23869.0,45155.0,17.0,6.6,85.0,30.03,3.9799999999999995,27.0,0.0,0.0,
2026-04-30T06:55:01,04/30/202606:55,137.01,0.0,0.0,51.190000000000005,0.0,0.0,0.0,0.0,0.0,198.7,23869.0,45155.0,17.0,6.6,85.0,30.03,3.9799999999999995,27.0,0.0,0.0,
2026-04-30T06:55:06,04/30/202606:55,137.15,0.0,0.0,51.2,0.0,0.0,0.0,0.0,0.0,198.7,23869.0,45155.0,17.0,6.6,85.0,30.03,3.9799999999999995,27.0,0.0,0.0,
2026-04-30T06:56:32,04/30/202606:56,137.19,0.0,0.0,51.2,0.0,0.0,0.0,0.0,0.0,198.7,23869.0,45155.0,17.0,6.6,85.0,30.03,3.9799999999999995,27.0,0.0,0.0,
2026-04-30T06:57:00,04/30/202606:57,137.23,0.0,0.0,51.2,0.0,0.0,0.0,0.0,0.0,198.7,23869.0,45155.0,17.0,6.6,85.0,30.03,3.9799999999999995,27.0,0.0,0.0,
2026-04-30T06:57:06,04/30/202606:57,137.25,0.0,0.0,51.21,0.0,0.0,0.0,0.0,0.0,198.7,23869.0,45155.0,17.0,6.6,85.0,30.03,3.9799999999999995,27.0,0.0,0.0,
2026-04-30T06:58:00,04/30/202606:58,137.27,0.0,0.0,51.220000000000006,0.0,0.0,0.0,0.0,0.0,198.7,23869.0,45155.0,17.0,6.6,85.0,30.03,3.9799999999999995,27.0,0.0,0.0,
2026-04-30T06:58:06,04/30/202606:58,137.34,0.0,0.0,51.23,0.0,0.0,0.0,0.0,0.0,198.7,23869.0,45155.0,17.0,6.6,85.0,30.03,3.9799999999999995,27.0,0.0,0.0,
2026-04-30T06:59:00,04/30/202606:59,137.42000000000002,0.0,0.0,51.23,0.0,0.0,0.0,0.0,0.0,198.7,23869.0,45155.0,17.0,6.6,85.0,30.03,3.9799999999999995,27.0,0.0,0.0,
2026-04-30T06:59:06,04/30/202606:59,137.56,0.0,0.0,51.220000000000006,0.0,0.0,0.0,0.0,0.0,198.7,23869.0,45155.0,17.0,6.6,85.0,30.03,3.9799999999999995,27.0,0.0,0.0,
2026-04-30T07:00:00,04/30/202607:00,137.70999999999998,0.0,0.0,51.220000000000006,0.0,0.0,0.0,0.0,0.0,198.7,23869.0,45155.0,17.0,6.6,85.0,30.03,3.9799999999999995,27.0,0.0,0.0,
2026-04-30T07:00:06,04/30/202607:00,137.94,0.0,0.0,51.23,0.0,0.0,0.0,0.0,0.0,198.7,23869.0,45155.0,17.0,6.6,85.0,30.03,3.9799999999999995,27.0,0.0,0.0,
2026-04-30T07:01:00,04/30/202607:01,138.16,0.0,0.0,51.239999999999995,0.0,0.0,0.0,0.0,0.0,198.7,23869.0,45155.0,17.0,6.6,85.0,30.03,3.9799999999999995,27.0,0.0,0.0,
2026-04-30T07:01:06,04/30/202607:01,138.44,0.0,0.0,51.25,0.0,0.0,0.0,0.0,0.0,198.7,23869.0,45155.0,17.0,6.6,85.0,30.03,3.918,25.1,1.4,0.0,
2026-04-30T07:02:00,04/30/202607:02,138.72,0.0,0.0,51.260000000000005,0.0,0.0,0.0,0.0,0.0,198.7,23869.0,45155.0,17.0,6.6,85.0,30.03,3.8560000000000003,23.2,2.8,0.0,
2026-04-30T07:02:07,04/30/202607:02,131.0,0.03,3.9299999999999997,51.279999999999994,0.04,2.0511999999999997,2.0,0.0,0.0,198.7,23869.0,45155.0,17.0,6.6,85.0,30.03,3.7939999999999996,21.3,4.2,0.0,0.5219338422391857
2026-04-30T07:02:48,04/30/202607:02,123.3,0.06,7.398,51.29,0.08,4.1032,4.0,0.0,0.0,198.7,23869.0,45155.0,17.0,6.6,85.0,30.03,3.732,19.4,5.6,0.0,0.5546363882130306
2026-04-30T07:03:00,04/30/202607:03,115.55,0.09,10.3995,51.29,0.12000000000000002,6.154800000000001,6.0,0.0,0.0,198.7,23869.0,45155.0,17.0,6.6,85.0,30.03,3.6700000000000004,17.5,7.0,0.0,0.5918361459685563
2026-04-30T07:03:48,04/30/202607:03,107.83,0.12,12.939599999999999,51.3,0.15,7.694999999999999,7.5,0.0,0.0,198.7,23869.0,45155.0,17.0,6.6,85.0,30.03,3.6079999999999997,15.6,8.4,0.0,0.5946860799406474
2026-04-30T07:04:01,04/30/202607:04,100.05,0.15,15.007499999999999,51.31999999999999,0.18,9.237599999999999,9.0,0.0,0.0,198.7,23869.0,45155.0,17.0,6.6,85.0,30.03,3.5460000000000003,13.7,9.8,0.0,0.6155322338830584
2026-04-30T07:04:48,04/30/202607:04,92.27000000000001,0.16999999999999998,15.6859,51.339999999999996,0.21000000000000002,10.7814,10.5,0.0,0.0,198.7,23869.0,45155.0,17.0,6.6,85.0,30.03,3.4839999999999995,11.8,11.2,0.0,0.6873306600195079
2026-04-30T07:05:00,04/30/202607:05,84.41,0.19,16.0379,51.35,0.24,12.324,12.0,0.0,0.0,198.7,23869.0,45155.0,17.0,6.6,85.0,30.03,3.4219999999999997,9.9,12.6,0.0,0.7684297819539965
2026-04-30T07:05:48,04/30/202607:05,84.44,0.19,16.0436,51.36999999999999,0.24,12.328799999999998,12.0,0.0,0.0,198.7,23869.0,45155.0,17.0,6.6,85.0,30.03,3.3600000000000003,8.0,14.0,0.0,0.7684559575157693
2026-04-30T07:06:01,04/30/202607:06,84.4,0.19,16.036,51.39,0.24,12.3336,12.0,0.0,0.0,198.7,23869.0,45155.0,17.0,6.6,85.0,30.03,3.3600000000000003,8.0,14.0,0.0,0.7691194811673734
2026-04-30T07:07:43,04/30/202607:07,84.38,0.19,16.0322,51.4,0.24,12.335999999999999,12.0,0.0,0.0,198.7,23869.0,45155.0,17.0,6.6,85.0,30.03,3.3600000000000003,8.0,14.0,0.0,0.7694514788987162
2026-04-30T07:08:01,04/30/202607:08,92.34,0.16,14.7744,51.4,0.2,10.280000000000001,10.0,0.0,0.0,198.7,23869.0,45155.0,17.0,6.6,85.0,30.03,3.3600000000000003,8.0,14.0,0.0,0.6957981373186052
2026-04-30T07:08:34,04/30/202607:08,92.36999999999999,0.16999999999999998,15.702899999999996,51.42,0.19,9.7698,9.5,0.0,0.0,198.7,23869.0,45155.0,16.9,6.6,85.0,30.03,3.3600000000000003,8.0,14.0,0.0,0.6221653325181974
2026-04-30T07:09:00,04/30/202607:09,92.4,0.18,16.632,51.44,0.18,9.2592,9.0,0.0,0.0,198.7,23869.0,45155.0,16.9,6.6,85.0,30.03,3.3600000000000003,8.0,14.0,0.0,0.5567099567099566
2026-04-30T07:09:33,04/30/202607:09,100.42999999999999,0.15,15.064499999999999,51.46,0.15,7.718999999999999,7.5,0.0,0.0,198.7,23869.0,45155.0,17.0,6.6,85.0,30.03,3.3600000000000003,8.0,14.0,0.0,0.512396694214876
2026-04-30T07:10:01,04/30/202607:10,108.46,0.12000000000000002,13.015200000000002,51.48,0.12,6.177599999999999,6.0,0.0,0.0,198.7,23869.0,45155.0,17.0,6.6,85.0,30.03,3.3600000000000003,8.0,14.0,0.0,0.47464503042596334
2026-04-30T07:10:34,04/30/202607:10,108.78,0.13,14.1414,51.489999999999995,0.13,6.6937,6.5,0.0,0.0,198.7,23869.0,45155.0,16.9,6.6,85.0,30.03,3.3600000000000003,8.0,14.0,0.0,0.47334068762640186
2026-04-30T07:11:00,04/30/202607:11,109.1,0.13999999999999999,15.273999999999997,51.5,0.13999999999999999,7.209999999999999,7.0,0.0,0.0,198.7,23869.0,45155.0,16.9,6.6,85.0,30.03,3.3600000000000003,8.0,14.0,0.0,0.47204399633363886
2026-04-30T07:11:34,04/30/202607:11,109.14000000000001,0.13999999999999999,15.2796,51.510000000000005,0.13999999999999999,7.2114,7.0,0.0,0.0,198.7,23869.0,45155.0,16.9,6.6,85.0,30.03,3.3600000000000003,8.0,14.0,0.0,0.4719626168224299
2026-04-30T07:12:01,04/30/202607:12,109.17999999999999,0.13999999999999999,15.285199999999998,51.52,0.13999999999999999,7.2128,7.0,0.0,0.0,198.7,23869.0,45155.0,16.9,6.6,85.0,30.03,3.3600000000000003,8.0,14.0,0.0,0.4718812969408317
2026-04-30T07:12:34,04/30/202607:12,101.17999999999999,0.16999999999999998,17.200599999999998,51.54,0.16,8.2464,8.0,0.0,0.0,198.7,23869.0,45155.0,16.9,6.6,85.0,30.03,3.3600000000000003,8.0,14.0,0.0,0.47942513633245354
2026-04-30T07:13:00,04/30/202607:13,93.17999999999999,0.2,18.636,51.56,0.18,9.2808,9.0,0.0,0.0,198.7,23869.0,45155.0,16.9,6.6,85.0,30.03,3.3600000000000003,8.0,14.0,0.0,0.4980038634900193
2026-04-30T07:13:33,04/30/202607:13,101.00999999999999,0.16,16.1616,51.57000000000001,0.15,7.735500000000001,7.5,0.0,0.0,198.7,23869.0,45155.0,16.9,6.6,85.0,30.03,3.3600000000000003,8.0,14.0,0.0,0.4786345411345412
2026-04-30T07:14:01,04/30/202607:14,108.83999999999999,0.12,13.060799999999999,51.58,0.12000000000000002,6.189600000000001,6.0,0.0,0.0,198.7,23869.0,45155.0,16.9,6.6,85.0,30.03,3.3600000000000003,8.0,14.0,0.0,0.47390665196618903
2026-04-30T07:14:34,04/30/202607:14,108.71,0.12,13.0452,51.58,0.12000000000000002,6.189600000000001,6.0,0.0,0.0,198.7,23869.0,45155.0,16.9,6.6,85.0,30.03,3.3600000000000003,8.0,14.0,0.0,0.4744733695152241
2026-04-30T07:15:00,04/30/202607:15,108.58,0.12,13.029599999999999,51.58,0.12000000000000002,6.189600000000001,6.0,0.0,0.0,198.7,23869.0,45155.0,16.9,6.6,85.0,30.03,3.3600000000000003,8.0,14.0,0.0,0.47504144409651883
2026-04-30T07:15:33,04/30/202607:15,108.27000000000001,0.13,14.075100000000003,51.589999999999996,0.1,5.159,5.0,0.0,0.0,198.7,23869.0,45155.0,16.9,6.6,85.0,30.03,3.3600000000000003,8.0,14.0,0.0,0.3665338079303166
2026-04-30T07:16:01,04/30/202607:16,107.96,0.13999999999999999,15.114399999999998,51.6,0.08,4.128,4.0,0.0,0.0,198.7,23869.0,45155.0,16.9,6.6,85.0,30.03,3.3600000000000003,8.0,14.0,0.0,0.27311702747049177
2026-04-30T07:16:34,04/30/202607:16,108.05999999999999,0.13999999999999999,15.128399999999997,51.61,0.08,4.1288,4.0,0.0,0.0,198.7,23869.0,45155.0,17.0,6.639999999999999,84.8,30.03,3.2909999999999995,42.7,17.2,0.01,0.2729171624229926
2026-04-30T07:17:00,04/30/202607:17,108.16,0.13999999999999999,15.142399999999999,51.620000000000005,0.08,4.129600000000001,4.0,0.0,0.0,198.7,23869.0,45155.0,17.0,6.68,84.6,30.03,3.222,77.4,20.4,0.02,0.27271766694843624
2026-04-30T07:17:35,04/30/202607:17,108.47,0.16,17.3552,51.620000000000005,0.1,5.162000000000001,5.0,0.0,0.0,198.7,23869.0,45155.0,16.9,6.720000000000001,84.4,30.03,3.1529999999999996,112.1,23.6,0.030000000000000006,0.29743246980732
2026-04-30T07:18:54,04/30/202607:18,116.63,0.13,15.1619,51.63000000000001,0.08,4.130400000000001,4.0,0.0,0.0,198.7,23869.0,45155.0,16.9,6.76,84.2,30.03,3.084,146.8,26.8,0.04,0.2724196835488957
2026-04-30T07:19:01,04/30/202607:19,116.87,0.13,15.193100000000001,51.64,0.08,4.1312,4.0,0.0,0.0,198.7,23869.0,45155.0,16.9,6.8,84.0,30.03,3.0149999999999997,181.5,30.0,0.05,0.2719129078331611
2026-04-30T07:19:34,04/30/202607:19,109.29,0.17,18.579300000000003,51.660000000000004,0.13,6.715800000000001,6.5,0.0,0.0,198.7,23869.0,45155.0,16.9,6.840000000000001,83.8,30.03,2.946,216.2,33.2,0.06000000000000001,0.3614667936897515
2026-04-30T07:20:01,04/30/202607:20,101.64,0.21000000000000002,21.344400000000004,51.67999999999999,0.18,9.302399999999999,9.0,0.0,0.0,198.7,23869.0,45155.0,16.9,6.88,83.6,30.03,2.877,250.9,36.4,0.07,0.43582391634339673
2026-04-30T07:20:34,04/30/202607:20,94.0,0.25,23.5,51.7,0.22999999999999998,11.891,11.5,0.0,0.0,198.7,23869.0,45155.0,16.9,6.92,83.4,30.03,2.808,285.6,39.6,0.08,0.506
2026-04-30T07:21:01,04/30/202607:21,94.25,0.25,23.5625,51.720000000000006,0.26,13.447200000000002,13.0,0.0,0.0,198.7,23869.0,45155.0,16.9,6.959999999999999,83.2,30.03,2.739,320.3,42.8,0.09,0.5707034482758622
2026-04-30T07:22:01,04/30/202607:22,94.5,0.25,23.625,51.739999999999995,0.29,15.004599999999998,14.5,0.0,0.0,198.7,23869.0,45155.0,16.9,7.0,83.0,30.03,2.67,355.0,46.0,0.1,0.6351153439153439
2026-04-30T07:22:34,04/30/202607:22,90.22,0.28,25.2616,51.77,0.32,16.5664,16.5,0.0,0.0,198.7,23869.0,45155.0,17.0,7.0,83.0,30.03,2.67,355.0,46.0,0.1,0.6557937739493935
2026-04-30T07:23:00,04/30/202607:23,85.94,0.31,26.6414,51.8,0.35,18.13,18.5,0.0,0.0,198.7,23869.0,45155.0,17.0,7.0,83.0,30.03,2.67,355.0,46.0,0.1,0.6805197925033969
2026-04-30T07:23:34,04/30/202607:23,89.47999999999999,0.29,25.949199999999994,51.83,0.35,18.1405,18.5,0.0,0.0,198.7,23869.0,45155.0,17.0,7.0,83.0,30.03,2.67,355.0,46.0,0.1,0.6990774282058794
2026-04-30T07:24:01,04/30/202607:24,85.17,0.32,27.2544,51.85,0.39,20.221500000000002,20.5,0.0,0.0,198.7,23869.0,45155.0,17.0,7.0,83.0,30.03,2.67,355.0,46.0,0.1,0.7419535928143713
2026-04-30T07:24:34,04/30/202607:24,77.74,0.36,27.986399999999996,51.879999999999995,0.43,22.3084,23.1,0.0,0.0,198.7,23869.0,45155.0,16.9,7.0,83.0,30.03,2.67,355.0,46.0,0.1,0.7971157419317955
2026-04-30T07:25:01,04/30/202607:25,78.13,0.36,28.126799999999996,51.9,0.42000000000000004,21.798000000000002,23.2,0.0,0.0,198.7,23869.0,45155.0,16.9,7.0,83.0,30.03,2.67,355.0,46.0,0.1,0.7749904006143609
2026-04-30T07:25:34,04/30/202607:25,78.53,0.37,29.0561,51.92,0.42000000000000004,21.806400000000004,23.3,0.0,0.0,198.7,23869.0,45155.0,16.9,7.0,83.0,30.03,2.67,355.0,46.0,0.1,0.7504930117944254
2026-04-30T07:26:01,04/30/202607:26,78.92,0.38,29.9896,51.94,0.42000000000000004,21.8148,23.4,0.0,0.0,198.7,23869.0,45155.0,16.9,7.0,83.0,30.03,2.67,355.0,46.0,0.1,0.7274121695521115
2026-04-30T07:27:38,04/30/202607:27,82.84,0.38,31.479200000000002,51.98,0.42000000000000004,21.8316,23.5,0.0,0.0,198.7,23869.0,45155.0,17.0,7.0,83.0,30.03,2.67,355.0,46.0,0.1,0.6935246130778419
2026-04-30T07:28:01,04/30/202607:28,86.76,0.38,32.9688,52.02,0.42000000000000004,21.848400000000005,23.6,0.0,0.0,198.7,23869.0,45155.0,17.0,7.0,83.0,30.03,2.67,355.0,46.0,0.1,0.6626992793186286
2026-04-30T07:28:37,04/30/202607:28,87.21000000000001,0.39,34.011900000000004,52.05,0.44000000000000006,22.902,24.2,0.0,0.0,198.7,23869.0,45155.0,16.9,7.0,83.0,30.03,2.67,355.0,46.0,0.1,0.6733525618974535
2026-04-30T07:30:06,04/30/202607:30,87.62,0.4,35.048,52.08,0.45999999999999996,23.956799999999998,24.8,0.0,0.0,198.7,23869.0,45155.0,16.9,7.0,83.0,30.03,2.67,355.0,46.0,0.1,0.6835425701894544
2026-04-30T07:30:37,04/30/202607:30,87.81,0.42000000000000004,36.8802,52.14,0.48,25.0272,25.9,0.0,0.0,198.7,23869.0,45155.0,16.9,7.07,82.6,30.03,2.664,352.4,48.3,0.11000000000000001,0.6786080335789936
2026-04-30T07:31:01,04/30/202607:31,88.0,0.44000000000000006,38.720000000000006,52.2,0.5,26.1,27.0,0.0,0.0,198.7,23869.0,45155.0,16.9,7.140000000000001,82.2,30.03,2.658,349.8,50.6,0.12000000000000002,0.6740702479338843
2026-04-30T07:31:37,04/30/202607:31,91.28,0.45999999999999996,41.9888,52.25,0.53,27.692500000000003,28.0,0.0,0.0,198.7,23869.0,45155.0,16.9,7.25,81.8,30.03,2.652,347.2,52.9,0.13,0.6595211103913425
2026-04-30T07:32:01,04/30/202607:32,94.56,0.48,45.388799999999996,52.3,0.5599999999999999,29.287999999999997,29.0,0.0,0.0,198.7,23869.0,45155.0,16.9,7.359999999999999,81.4,30.03,2.646,344.6,55.2,0.14,0.6452693175408911
2026-04-30T07:32:37,04/30/202607:32,97.85,0.49000000000000005,47.9465,52.370000000000005,0.5900000000000001,30.898300000000006,30.6,0.0,0.0,198.7,23869.0,45155.0,16.9,7.470000000000001,81.0,30.03,2.6399999999999997,342.0,57.5,0.15,0.644432857455706
2026-04-30T07:33:01,04/30/202607:33,101.14,0.5,50.57,52.44,0.62,32.5128,32.2,0.0,0.0,198.7,23869.0,45155.0,16.9,7.58,80.6,30.03,2.634,339.4,59.8,0.16,0.6429266363456595
2026-04-30T07:33:38,04/30/202607:33,100.39,0.53,53.206700000000005,52.5,0.65,34.125,33.8,0.0,0.0,198.7,23869.0,45155.0,17.0,7.69,80.2,30.03,2.6279999999999997,336.8,62.1,0.17,0.6413665948085485
2026-04-30T07:34:01,04/30/202607:34,99.64,0.5599999999999999,55.798399999999994,52.56,0.6799999999999999,35.7408,35.4,0.0,0.0,198.7,23869.0,45155.0,17.0,7.8,79.8,30.03,2.622,334.2,64.4,0.18,0.6405344956127775
2026-04-30T07:34:37,04/30/202607:34,98.85,0.59,58.32149999999999,52.620000000000005,0.71,37.3602,37.0,0.0,0.0,198.7,23869.0,45155.0,16.9,7.909999999999999,79.4,30.03,2.616,331.6,66.7,0.19,0.6405905197911577
2026-04-30T07:35:01,04/30/202607:35,98.1,0.6199999999999999,60.82199999999999,52.67999999999999,0.74,38.9832,38.6,0.0,0.0,198.7,23869.0,45155.0,16.9,8.02,79.0,30.03,2.61,329.0,69.0,0.2,0.6409391338660354
2026-04-30T07:35:38,04/30/202607:35,97.58,0.6399999999999999,62.451199999999986,52.73,0.76,40.074799999999996,39.7,0.0,0.0,198.7,23869.0,45155.0,17.0,8.059999999999999,79.0,30.03,2.61,329.0,69.0,0.2,0.6416978376716541
2026-04-30T07:36:01,04/30/202607:36,97.06,0.6599999999999999,64.05959999999999,52.779999999999994,0.78,41.1684,40.8,0.0,0.0,198.7,23869.0,45155.0,17.0,8.1,79.0,30.03,2.61,329.0,69.0,0.2,0.6426577749470807
2026-04-30T07:36:38,04/30/202607:36,98.12,0.65,63.778000000000006,52.839999999999996,0.79,41.7436,41.4,0.0,0.0,198.7,23869.0,45155.0,16.9,8.1,79.0,30.03,2.61,329.0,69.0,0.2,0.6545140957697011
2026-04-30T07:37:01,04/30/202607:37,99.17999999999999,0.6399999999999999,63.47519999999999,52.9,0.8,42.32,42.0,0.0,0.0,198.7,23869.0,45155.0,16.9,8.1,79.0,30.03,2.61,329.0,69.0,0.2,0.6667170800564631
2026-04-30T07:37:37,04/30/202607:37,100.16999999999999,0.63,63.107099999999996,52.95,0.8,42.36000000000001,42.5,0.0,0.0,198.7,23869.0,45155.0,16.9,8.1,79.0,30.03,2.61,329.0,69.0,0.2,0.6712398446450559
2026-04-30T07:38:01,04/30/202607:38,101.16,0.6199999999999999,62.71919999999999,53.0,0.8,42.400000000000006,43.0,0.0,0.0,198.7,23869.0,45155.0,16.9,8.1,79.0,30.03,2.61,329.0,69.0,0.2,0.6760290309825383
2026-04-30T07:38:38,04/30/202607:38,102.7,0.6,61.62,53.06,0.8200000000000001,43.50920000000001,44.1,0.0,0.0,198.7,23869.0,45155.0,16.9,8.1,79.0,30.03,2.61,329.0,69.0,0.2,0.7060889321648817
2026-04-30T07:39:01,04/30/202607:39,104.24000000000001,0.58,60.4592,53.120000000000005,0.8400000000000001,44.62080000000001,45.2,0.0,0.0,198.7,23869.0,45155.0,16.9,8.1,79.0,30.03,2.61,329.0,69.0,0.2,0.7380315981686825
2026-04-30T07:39:38,04/30/202607:39,104.7,0.5900000000000001,61.77300000000001,53.17,0.86,45.7262,46.3,0.0,0.0,198.7,23869.0,45155.0,16.9,8.1,79.1,30.03,2.61,329.0,69.0,0.2,0.740229550127078
2026-04-30T07:40:01,04/30/202607:40,105.16,0.6,63.096,53.220000000000006,0.8800000000000001,46.83360000000001,47.4,0.0,0.0,198.7,23869.0,45155.0,16.9,8.1,79.2,30.03,2.61,329.0,69.0,0.2,0.7422594142259417
2026-04-30T07:41:18,04/30/202607:41,105.59,0.61,64.40990000000001,53.279999999999994,0.9099999999999999,48.48479999999999,49.0,0.0,0.0,198.7,23869.0,45155.0,16.9,8.1,79.3,30.03,2.61,329.0,69.0,0.2,0.7527538468465249
2026-04-30T07:41:38,04/30/202607:41,108.09,0.61,65.9349,53.36,0.95,50.692,51.2,0.0,0.0,198.7,23869.0,45155.0,16.9,8.1,79.4,30.03,2.61,329.0,69.0,0.2,0.7688189411070617
2026-04-30T07:42:00,04/30/202607:42,109.04,0.63,68.6952,53.42999999999999,0.99,52.89569999999999,53.4,0.0,0.0,198.7,23869.0,45155.0,16.9,8.1,79.5,30.03,2.61,329.0,69.0,0.2,0.7700057645949061
2026-04-30T07:42:38,04/30/202607:42,109.47999999999999,0.6599999999999999,72.25679999999998,53.510000000000005,1.04,55.650400000000005,56.2,0.0,0.0,198.7,23869.0,45155.0,16.9,8.1,79.6,30.03,2.61,329.0,69.0,0.2,0.7701752637814021
2026-04-30T07:43:01,04/30/202607:43,109.97,0.6900000000000001,75.8793,53.58,1.09,58.4022,58.5,0.0,0.0,198.7,23869.0,45155.0,16.9,8.1,79.7,30.03,2.61,329.0,69.0,0.2,0.7696723612368591
2026-04-30T07:43:37,04/30/202607:43,110.42,0.72,79.5024,53.660000000000004,1.1400000000000001,61.17240000000001,60.8,0.0,0.0,198.7,23869.0,45155.0,16.9,8.1,79.8,30.03,2.6719999999999997,297.7,69.0,0.2,0.7694409225381877
2026-04-30T07:44:00,04/30/202607:44,110.83,0.75,83.1225,53.720000000000006,1.17,62.8524,62.5,0.0,0.0,198.7,23869.0,45155.0,16.9,8.1,79.9,30.03,2.734,266.4,69.0,0.2,0.7561418388522964
2026-04-30T07:44:38,04/30/202607:44,111.25999999999999,0.78,86.7828,53.8,1.2,64.55999999999999,64.2,0.0,0.0,198.7,23869.0,45155.0,16.9,8.1,80.0,30.03,2.7960000000000003,235.1,69.0,0.2,0.7439262157939129
2026-04-30T07:45:01,04/30/202607:45,112.79,0.78,87.9762,53.879999999999995,1.23,66.27239999999999,65.9,0.0,0.0,198.7,23869.0,45155.0,16.9,8.1,80.0,30.03,2.8579999999999997,203.8,69.0,0.2,0.7532991877348645
2026-04-30T07:45:38,04/30/202607:45,113.64000000000001,0.78,88.63920000000002,53.96,1.25,67.45,67.1,0.0,0.0,198.7,23869.0,45155.0,16.9,8.2,79.6,30.03,2.995,174.7,74.1,0.21000000000000002,0.7609500085740845
2026-04-30T07:46:00,04/30/202607:46,114.5,0.78,89.31,54.02,1.26,68.0652,67.8,0.0,0.0,198.7,23869.0,45155.0,16.9,8.3,79.2,30.03,3.132,145.6,79.2,0.22000000000000003,0.7621229425596238
2026-04-30T07:46:38,04/30/202607:46,113.24000000000001,0.79,89.45960000000001,54.07000000000001,1.27,68.66890000000001,68.4,0.0,0.0,198.7,23869.0,45155.0,16.9,8.4,78.8,30.03,3.2689999999999997,116.5,84.3,0.22999999999999998,0.7675967699386091
2026-04-30T07:47:01,04/30/202607:47,111.97999999999999,0.8,89.584,54.120000000000005,1.28,69.2736,69.0,0.0,0.0,198.7,23869.0,45155.0,16.9,8.5,78.4,30.03,3.406,87.4,89.4,0.24,0.7732809430255403
2026-04-30T07:47:37,04/30/202607:47,111.25,0.8,89.0,54.17999999999999,1.28,69.3504,69.0,0.0,0.0,198.7,23869.0,45155.0,16.9,8.6,78.0,30.03,3.543,58.3,94.5,0.25,0.7792179775280899
2026-04-30T07:48:01,04/30/202607:48,110.52000000000001,0.8,88.41600000000001,54.239999999999995,1.28,69.4272,69.0,0.0,0.0,198.7,23869.0,45155.0,16.9,8.7,77.6,30.03,3.6799999999999997,29.2,99.6,0.26,0.7852334419109662
2026-04-30T07:48:38,04/30/202607:48,110.91,0.8,88.72800000000001,54.3,1.29,70.047,69.6,0.0,0.0,198.7,23869.0,45155.0,16.9,8.8,77.2,30.03,3.755,31.4,104.7,0.27,0.7894576683797673
2026-04-30T07:49:00,04/30/202607:49,111.3,0.8,89.04,54.36,1.3,70.668,70.2,0.0,0.0,198.7,23869.0,45155.0,16.9,8.9,76.8,30.03,3.8299999999999996,33.6,109.8,0.27999999999999997,0.7936657681940701
2026-04-30T07:49:37,04/30/202607:49,111.94000000000001,0.8099999999999999,90.6714,54.39,1.31,71.2509,70.8,0.0,0.0,198.7,23869.0,45155.0,16.9,9.0,76.4,30.03,3.905,35.8,114.9,0.29,0.7858144905670366
2026-04-30T07:50:01,04/30/202607:50,112.58,0.8200000000000001,92.3156,54.42,1.3199999999999998,71.83439999999999,71.4,0.0,0.0,198.7,23869.0,45155.0,16.9,9.1,76.0,30.03,3.9799999999999995,38.0,120.0,0.3,0.7781393393965915
2026-04-30T07:50:38,04/30/202607:50,114.17999999999999,0.8200000000000001,93.6276,54.45,1.34,72.96300000000001,72.5,0.0,0.0,198.7,23869.0,45155.0,16.9,9.1,76.0,30.03,3.9799999999999995,38.0,120.0,0.3,0.779289440293247
2026-04-30T07:51:00,04/30/202607:51,115.78,0.8200000000000001,94.93960000000001,54.48,1.3599999999999999,74.09279999999998,73.6,0.0,0.0,198.7,23869.0,45155.0,16.9,9.1,76.0,30.03,3.9799999999999995,38.0,120.0,0.3,0.7804203935976134
2026-04-30T07:52:30,04/30/202607:52,117.44000000000001,0.8200000000000001,96.30080000000002,54.5,1.38,75.21,74.7,0.0,0.0,198.7,23869.0,45155.0,16.9,9.1,76.0,30.03,3.9799999999999995,38.0,120.0,0.3,0.7809903967568284
2026-04-30T07:52:38,04/30/202607:52,118.75,0.8200000000000001,97.37500000000001,54.52,1.41,76.8732,76.4,0.0,0.0,198.7,23869.0,45155.0,16.8,9.1,76.0,30.03,3.9799999999999995,38.0,120.0,0.3,0.7894551989730422
2026-04-30T07:53:00,04/30/202607:53,120.04,0.8200000000000001,98.43280000000001,54.52,1.44,78.50880000000001,78.1,0.0,0.0,198.7,23869.0,45155.0,16.8,9.1,76.0,30.03,3.9799999999999995,38.0,120.0,0.3,0.7975877959379394
2026-04-30T07:53:38,04/30/202607:53,121.7,0.8400000000000001,102.22800000000001,54.52,1.47,80.1444,79.8,0.0,0.0,198.7,23869.0,45155.0,16.9,9.1,76.0,30.03,3.9799999999999995,38.0,120.0,0.3,0.7839769926047658
2026-04-30T07:54:01,04/30/202607:54,122.28,0.86,105.1608,54.510000000000005,1.49,81.21990000000001,80.9,0.0,0.0,198.7,23869.0,45155.0,16.9,9.1,76.0,30.03,3.9799999999999995,38.0,120.0,0.3,0.7723400734874594
2026-04-30T07:54:38,04/30/202607:54,122.3,0.8800000000000001,107.62400000000001,54.5,1.54,83.93,83.6,0.0,0.0,198.7,23869.0,45155.0,16.8,9.1,76.0,30.03,3.9799999999999995,38.0,120.0,0.3,0.7798446443172526
2026-04-30T07:55:00,04/30/202607:55,122.05,0.89,108.6245,54.5,1.59,86.655,86.3,0.0,0.0,198.7,23869.0,45155.0,16.8,9.1,76.0,30.03,3.9799999999999995,38.0,120.0,0.3,0.7977482059756317
2026-04-30T07:55:38,04/30/202607:55,121.17,0.9,109.053,54.5,1.6300000000000001,88.83500000000001,88.5,0.0,0.0,198.7,23869.0,45155.0,16.8,9.1,76.0,30.03,3.9799999999999995,38.0,120.0,0.3,0.8146039081914299
2026-04-30T07:56:01,04/30/202607:56,120.00999999999999,0.9199999999999999,110.40919999999998,54.5,1.67,91.015,90.7,0.0,0.0,198.7,23869.0,45155.0,16.8,9.1,76.0,30.03,3.9799999999999995,38.0,120.0,0.3,0.8243425366726687
2026-04-30T07:56:38,04/30/202607:56,118.85999999999999,0.95,112.91699999999999,54.470000000000006,1.72,93.68840000000002,93.3,0.0,0.0,198.7,23869.0,45155.0,16.8,9.1,76.0,30.03,3.9799999999999995,38.0,120.0,0.3,0.8297103181983229
2026-04-30T07:57:00,04/30/202607:57,117.7,0.9800000000000001,115.34600000000002,54.44,1.7600000000000002,95.8144,95.4,0.0,0.0,198.7,23869.0,45155.0,16.8,9.1,76.0,30.03,3.9799999999999995,38.0,120.0,0.3,0.8306694640473011
2026-04-30T07:57:38,04/30/202607:57,116.88,1.01,118.0488,54.410000000000004,1.7899999999999998,97.3939,96.9,0.0,0.0,198.7,23869.0,45155.0,16.8,9.1,76.0,30.03,3.9799999999999995,38.0,120.0,0.3,0.8250308347056472
2026-04-30T07:58:01,04/30/202607:58,116.05999999999999,1.04,120.7024,54.379999999999995,1.8199999999999998,98.97159999999998,98.4,0.0,0.0,198.7,23869.0,45155.0,16.8,9.1,76.0,30.03,3.9799999999999995,38.0,120.0,0.3,0.8199638118214715
2026-04-30T07:58:38,04/30/202607:58,115.22,1.05,120.98100000000001,54.35,1.85,100.54750000000001,99.9,0.0,0.0,198.7,23869.0,45155.0,16.8,9.1,76.0,30.03,3.9799999999999995,38.0,120.0,0.3,0.8311015779337252
2026-04-30T07:59:00,04/30/202607:59,114.38,1.06,121.2428,54.32000000000001,1.8800000000000001,102.12160000000002,101.4,0.0,0.0,198.7,23869.0,45155.0,16.8,9.1,76.0,30.03,3.9799999999999995,38.0,120.0,0.3,0.8422900163968501
2026-04-30T08:00:01,04/30/202608:00,114.1,1.07,122.087,54.28000000000001,1.8800000000000001,102.04640000000002,101.3,0.0,0.0,198.7,23869.0,45155.0,16.8,9.1,76.0,30.03,3.9799999999999995,38.0,120.0,0.3,0.835849844782819
2026-04-30T08:00:38,04/30/202608:00,114.57000000000001,1.08,123.73560000000002,54.239999999999995,1.89,102.51359999999998,101.8,0.0,0.0,198.7,23869.0,45155.0,16.8,9.1,76.0,30.03,3.9799999999999995,38.0,120.0,0.3,0.8284891332809633
2026-04-30T08:01:00,04/30/202608:01,115.67,1.09,126.08030000000001,54.2,1.9099999999999997,103.52199999999999,102.8,0.0,0.0,198.7,23869.0,45155.0,16.8,9.1,76.0,30.03,3.9799999999999995,38.0,120.0,0.3,0.8210798990801893
2026-04-30T08:01:38,04/30/202608:01,116.78,1.1,128.458,54.160000000000004,1.9300000000000002,104.52880000000002,103.8,0.0,0.0,198.7,23869.0,45155.0,16.8,9.2,75.7,30.03,4.265,39.1,122.9,0.31,0.8137196593439102
2026-04-30T08:02:01,04/30/202608:02,117.88,1.1,129.668,54.15,1.94,105.05099999999999,104.4,0.0,0.0,198.7,23869.0,45155.0,16.8,9.3,75.4,30.03,4.55,40.2,125.8,0.32,0.8101536230989911
2026-04-30T08:03:41,04/30/202608:03,118.7,1.1,130.57000000000002,54.14,1.95,105.573,105.0,0.0,0.0,198.7,23869.0,45155.0,16.9,9.4,75.1,30.03,4.835,41.3,128.7,0.32999999999999996,0.8085547981925402
2026-04-30T08:04:00,04/30/202608:04,119.53,1.1,131.483,54.13000000000001,1.9600000000000002,106.09480000000003,105.6,0.0,0.0,198.7,23869.0,45155.0,16.9,9.5,74.8,30.03,5.12,42.4,131.6,0.33999999999999997,0.8069088779538042
2026-04-30T08:04:38,04/30/202608:04,120.42999999999999,1.09,131.2687,54.120000000000005,1.97,106.61640000000001,106.2,0.0,0.0,198.7,23869.0,45155.0,16.8,9.6,74.5,30.03,5.404999999999999,43.5,134.5,0.35,0.8121997094509202
2026-04-30T08:05:01,04/30/202608:05,120.97999999999999,1.08,130.6584,54.11,1.98,107.1378,106.8,0.0,0.0,198.7,23869.0,45155.0,16.8,9.7,74.2,30.03,5.6899999999999995,44.6,137.4,0.36,0.8199840193971455
2026-04-30T08:05:38,04/30/202608:05,121.3,1.08,131.00400000000002,54.1,1.9899999999999998,107.65899999999999,107.4,0.0,0.0,198.7,23869.0,45155.0,16.8,9.8,73.9,30.03,5.975,45.7,140.3,0.37,0.8217993343714693
2026-04-30T08:06:00,04/30/202608:06,121.62,1.08,131.3496,54.1,2.0,108.2,108.0,0.0,0.0,198.7,23869.0,45155.0,16.8,9.9,73.6,30.03,6.26,46.8,143.2,0.38,0.8237558393782699
2026-04-30T08:06:38,04/30/202608:06,121.27000000000001,1.07,129.7589,54.1,2.0,108.2,108.0,0.0,0.0,198.7,23869.0,45155.0,16.8,10.0,73.3,30.03,6.545,47.9,146.1,0.39,0.8338541710819065
2026-04-30T08:07:01,04/30/202608:07,120.92,1.06,128.17520000000002,54.1,2.0,108.2,108.0,0.0,0.0,198.7,23869.0,45155.0,16.8,10.1,73.0,30.03,6.83,49.0,149.0,0.4,0.844157060024092
2026-04-30T08:07:38,04/30/202608:07,120.60999999999999,1.07,129.0527,54.089999999999996,2.0,108.17999999999999,108.0,0.0,1.0,198.7,23869.0,45155.0,16.9,10.1,73.0,30.03,6.83,49.0,149.0,0.4,0.8382621983112326
2026-04-30T08:08:00,04/30/202608:08,120.3,1.08,129.924,54.08,2.0,108.16,108.0,0.0,1.0,198.7,23869.0,45155.0,16.9,10.1,73.0,30.03,6.83,49.0,149.0,0.4,0.8324866845232597
2026-04-30T08:08:38,04/30/202608:08,119.97999999999999,1.08,129.5784,54.08,2.0100000000000002,108.70080000000002,108.5,0.0,1.0,198.7,23869.0,45155.0,16.8,10.1,73.0,30.03,6.83,49.0,149.0,0.4,0.8388805541664354
2026-04-30T08:09:01,04/30/202608:09,119.66,1.08,129.2328,54.07000000000001,2.02,109.22140000000002,109.0,0.0,1.0,198.7,23869.0,45155.0,16.8,10.1,73.0,30.03,6.83,49.0,149.0,0.4,0.8451523142731568
2026-04-30T08:10:00,04/30/202608:10,119.27000000000001,1.09,130.00430000000003,54.07000000000001,2.0300000000000002,109.76210000000003,109.5,0.0,1.0,198.7,23869.0,45155.0,16.8,10.1,73.0,30.03,6.83,49.0,149.0,0.4,0.8442959194426647
2026-04-30T08:10:41,04/30/202608:10,118.89000000000001,1.1,130.77900000000002,54.07000000000001,2.04,110.30280000000002,110.0,0.0,1.0,198.7,23869.0,45155.0,16.8,10.1,73.0,30.03,6.83,49.0,149.0,0.4,0.8434289908930332
2026-04-30T08:11:01,04/30/202608:11,118.74000000000001,1.1,130.61400000000003,54.07000000000001,2.05,110.8435,110.5,0.0,1.0,198.7,23869.0,45155.0,16.8,10.1,73.0,30.03,6.83,49.0,149.0,0.4,0.8486341433536985
2026-04-30T08:12:00,04/30/202608:12,118.59,1.1,130.449,54.07000000000001,2.06,111.38420000000002,111.0,0.0,1.0,198.7,23869.0,45155.0,16.8,10.1,73.0,30.03,6.83,49.0,149.0,0.4,0.8538524634148212
2026-04-30T08:12:41,04/30/202608:12,118.35999999999999,1.12,132.5632,54.08,2.08,112.4864,112.1,0.0,1.0,198.7,23869.0,45155.0,16.8,10.1,73.0,30.03,6.83,49.0,149.0,0.4,0.8485492202964322
2026-04-30T08:13:01,04/30/202608:13,118.13,1.1400000000000001,134.6682,54.089999999999996,2.1,113.589,113.2,0.0,1.0,198.7,23869.0,45155.0,16.8,10.1,73.0,30.03,6.83,49.0,149.0,0.4,0.8434730693660418
2026-04-30T08:14:52,04/30/202608:14,118.3,1.1300000000000001,133.679,54.11,2.1100000000000003,114.17210000000001,113.7,0.0,1.0,198.7,23869.0,45155.0,16.8,10.1,73.0,30.03,6.83,49.0,149.0,0.4,0.8540765565272033
2026-04-30T08:15:01,04/30/202608:15,118.47,1.12,132.68640000000002,54.13000000000001,2.12,114.75560000000003,114.2,0.0,1.0,198.7,23869.0,45155.0,16.8,10.1,73.0,30.03,6.83,49.0,149.0,0.4,0.8648633168131776
2026-04-30T08:16:01,04/30/202608:16,118.92999999999999,1.12,133.2016,54.13000000000001,2.12,114.75560000000003,114.2,0.0,1.0,198.7,23869.0,45155.0,16.8,10.1,73.0,30.03,6.83,49.0,149.0,0.4,0.8615181799618024
2026-04-30T08:16:41,04/30/202608:16,119.52000000000001,1.11,132.66720000000004,54.14,2.13,115.31819999999999,114.8,0.0,1.0,198.7,23869.0,45155.0,16.8,10.2,72.6,30.03,6.8549999999999995,50.3,155.5,0.41000000000000003,0.8692291689279638
2026-04-30T08:17:01,04/30/202608:17,120.10999999999999,1.1,132.12099999999998,54.14,2.14,115.85960000000001,115.4,0.0,1.0,198.7,23869.0,45155.0,16.8,10.3,72.2,30.03,6.88,51.6,162.0,0.42000000000000004,0.876920398725411
2026-04-30T08:17:41,04/30/202608:17,120.69000000000001,1.1,132.75900000000001,54.14,2.15,116.401,116.0,0.0,1.0,198.7,23869.0,45155.0,16.8,10.4,71.8,30.03,6.904999999999999,52.9,168.5,0.43,0.8767842481489012
2026-04-30T08:18:01,04/30/202608:18,121.27000000000001,1.1,133.39700000000002,54.14,2.16,116.9424,116.6,0.0,1.0,198.7,23869.0,45155.0,16.8,10.5,71.4,30.03,6.93,54.2,175.0,0.44000000000000006,0.8766493999115421
2026-04-30T08:18:41,04/30/202608:18,121.85999999999999,1.1,134.046,54.14,2.1700000000000004,117.48380000000002,117.2,0.0,1.0,198.7,23869.0,45155.0,16.8,10.6,71.0,30.03,6.955,55.5,181.5,0.45,0.8764439073153993
2026-04-30T08:19:01,04/30/202608:19,122.45,1.09,133.47050000000002,54.13000000000001,2.1700000000000004,117.46210000000004,117.2,0.0,1.0,198.7,23869.0,45155.0,16.8,10.7,70.6,30.03,6.9799999999999995,56.8,188.0,0.45999999999999996,0.8800603878759727
2026-04-30T08:19:41,04/30/202608:19,122.88,1.1,135.168,54.120000000000005,2.18,117.98160000000001,117.7,0.0,1.0,198.7,23869.0,45155.0,16.8,10.8,70.2,30.03,7.005,58.1,194.5,0.47000000000000003,0.8728515625000001
2026-04-30T08:20:01,04/30/202608:20,122.85999999999999,1.12,137.6032,54.11,2.2,119.042,118.8,0.0,1.0,198.7,23869.0,45155.0,16.8,10.9,69.8,30.03,7.029999999999999,59.4,201.0,0.48,0.8651106951001141
2026-04-30T08:20:41,04/30/202608:20,122.85999999999999,1.1300000000000001,138.8318,54.11,2.2199999999999998,120.12419999999999,119.9,0.0,1.0,198.7,23869.0,45155.0,16.8,10.989999999999998,69.4,30.03,7.055,60.7,203.6,0.49000000000000005,0.8652498923157375
2026-04-30T08:21:01,04/30/202608:21,122.85999999999999,1.1400000000000001,140.0604,54.120000000000005,2.2399999999999998,121.22879999999999,121.0,0.0,1.0,198.7,23869.0,45155.0,16.8,11.08,69.0,30.03,7.08,62.0,206.2,0.5,0.8655465784761431
2026-04-30T08:21:42,04/30/202608:21,122.78,1.1800000000000002,144.8804,54.13000000000001,2.2600000000000002,122.33380000000004,122.0,0.0,1.0,198.7,23869.0,45155.0,16.8,11.07,69.0,30.03,7.08,62.0,202.3,0.5,0.8443778454504546
2026-04-30T08:22:01,04/30/202608:22,122.7,1.22,149.694,54.14,2.2800000000000002,123.43920000000001,123.0,0.0,1.0,198.7,23869.0,45155.0,16.8,11.059999999999999,69.0,30.03,7.08,62.0,198.4,0.5,0.8246102048178285
2026-04-30T08:22:41,04/30/202608:22,122.64000000000001,1.25,153.3,54.15,2.31,125.0865,124.6,0.0,1.0,198.7,23869.0,45155.0,16.8,11.05,69.0,30.03,7.08,62.0,194.5,0.5,0.8159589041095889
2026-04-30T08:23:01,04/30/202608:23,122.58,1.28,156.9024,54.160000000000004,2.34,126.73440000000001,126.2,0.0,1.0,198.7,23869.0,45155.0,16.8,11.040000000000001,69.0,30.03,7.08,62.0,190.6,0.5,0.8077276064610867
2026-04-30T08:23:41,04/30/202608:23,122.52000000000001,1.31,160.5012,54.17,2.37,128.3829,127.8,0.0,1.0,198.7,23869.0,45155.0,16.8,11.03,69.0,30.03,7.037000000000001,62.8,186.7,0.5,0.7998874774768039
2026-04-30T08:24:01,04/30/202608:24,122.46,1.3399999999999999,164.09639999999996,54.18000000000001,2.4,130.032,129.4,0.0,1.0,198.7,23869.0,45155.0,16.8,11.02,69.0,30.03,6.994,63.6,182.8,0.5,0.7924122649857038
2026-04-30T08:24:41,04/30/202608:24,123.22999999999999,1.3399999999999999,165.12819999999996,54.19,2.43,131.6817,131.0,0.0,1.0,198.7,23869.0,45155.0,16.8,11.01,69.0,30.03,6.9510000000000005,64.4,178.9,0.5,0.7974513135854447
2026-04-30T08:26:04,04/30/202608:26,123.42,1.35,166.61700000000002,54.19,2.5100000000000002,136.01690000000002,135.3,0.0,1.0,198.7,23869.0,45155.0,16.8,11.0,69.0,30.03,6.9079999999999995,65.2,175.0,0.5,0.8163446707118722
2026-04-30T08:26:41,04/30/202608:26,123.39000000000001,1.3599999999999999,167.81040000000002,54.19,2.54,137.6426,136.9,0.0,1.0,198.7,23869.0,45155.0,16.8,11.0,69.0,30.03,6.865,66.0,175.0,0.5,0.820226875092366
2026-04-30T08:27:00,04/30/202608:27,123.35999999999999,1.3699999999999999,169.00319999999996,54.19,2.57,139.26829999999998,138.5,0.0,1.0,198.7,23869.0,45155.0,16.8,11.0,69.0,30.03,6.822,66.8,175.0,0.5,0.8240571776155718
2026-04-30T08:27:41,04/30/202608:27,123.29,1.3599999999999999,167.6744,54.19,2.6,140.894,139.7,0.0,1.0,198.7,23869.0,45155.0,16.8,11.0,69.0,30.03,6.779000000000001,67.6,175.0,0.5,0.8402833109884396
2026-04-30T08:28:01,04/30/202608:28,123.22,1.35,166.347,54.19,2.63,142.5197,140.9,0.0,1.0,198.7,23869.0,45155.0,16.8,11.0,69.0,30.03,6.736,68.4,175.0,0.5,0.8567614684965764
2026-04-30T08:28:41,04/30/202608:28,123.17,1.34,165.04780000000002,54.19,2.65,143.6035,142.0,0.0,1.0,198.7,23869.0,45155.0,16.8,11.0,69.0,30.03,6.6930000000000005,69.2,175.0,0.5,0.870072185148787
2026-04-30T08:29:01,04/30/202608:29,123.12,1.33,163.74960000000002,54.19,2.6700000000000004,144.68730000000002,143.1,0.0,1.0,198.7,23869.0,45155.0,16.8,11.0,69.0,30.03,6.65,70.0,175.0,0.5,0.8835887232701638
2026-04-30T08:29:41,04/30/202608:29,123.88,1.34,165.9992,54.2,2.71,146.882,145.3,0.1,1.0,198.7,23869.0,45155.0,16.8,11.0,69.0,30.03,6.65,70.0,175.0,0.5,0.8848355895691064
2026-04-30T08:30:01,04/30/202608:30,124.64000000000001,1.35,168.26400000000004,54.21,2.75,149.07750000000001,147.5,0.1,1.0,198.7,23869.0,45155.0,16.8,11.0,69.0,30.03,6.65,70.0,175.0,0.5,0.8859738268435314
2026-04-30T08:30:40,04/30/202608:30,124.72,1.3699999999999999,170.86639999999997,54.23,2.79,151.30169999999998,149.8,0.1,1.0,198.7,23869.0,45155.0,16.8,11.08,68.5,30.03,6.675,69.5,181.3,0.51,0.8854970901242141
2026-04-30T08:31:01,04/30/202608:31,125.38,1.3800000000000001,173.0244,54.260000000000005,2.7800000000000002,150.84280000000004,149.4,0.1,1.0,198.7,23869.0,45155.0,16.8,11.16,68.0,30.03,6.7,69.0,187.6,0.52,0.8718007402424168
2026-04-30T08:31:41,04/30/202608:31,125.04,1.41,176.3064,54.279999999999994,2.82,153.06959999999998,151.7,0.1,1.0,198.7,23869.0,45155.0,16.8,11.24,67.5,30.03,6.725,68.5,193.9,0.53,0.8682021753039026
2026-04-30T08:32:01,04/30/202608:32,124.7,1.44,179.56799999999998,54.3,2.8600000000000003,155.298,154.0,0.1,1.0,198.7,23869.0,45155.0,16.8,11.32,67.0,30.03,6.75,68.0,200.2,0.54,0.8648422881582466
2026-04-30T08:32:41,04/30/202608:32,124.33,1.48,184.0084,54.33,2.8899999999999997,157.01369999999997,156.2,0.1,2.0,198.7,23869.0,45155.0,16.8,11.4,66.5,30.03,6.775,67.5,206.5,0.55,0.8532963712526166
2026-04-30T08:33:01,04/30/202608:33,123.96,1.52,188.4192,54.36,2.92,158.7312,158.4,0.1,2.0,198.7,23869.0,45155.0,16.8,11.48,66.0,30.03,6.8,67.0,212.8,0.5599999999999999,0.8424364395985123
2026-04-30T08:33:41,04/30/202608:33,123.52000000000001,1.56,192.6912,54.39,2.96,160.9944,160.6,0.1,2.0,198.7,23869.0,45155.0,16.9,11.56,65.5,30.03,6.825,66.5,219.1,0.5700000000000001,0.8355046831406935
2026-04-30T08:34:00,04/30/202608:34,123.08,1.6,196.928,54.42,3.0,163.26,162.8,0.1,2.0,198.7,23869.0,45155.0,16.9,11.64,65.0,30.03,6.85,66.0,225.4,0.58,0.8290339616509587
2026-04-30T08:34:41,04/30/202608:34,121.94000000000001,1.6199999999999999,197.5428,54.44,3.02,164.40879999999999,164.0,0.1,2.0,198.7,23869.0,45155.0,16.8,11.72,64.5,30.03,6.875,65.5,231.7,0.59,0.8322692601299566
2026-04-30T08:35:01,04/30/202608:35,120.8,1.64,198.112,54.46,3.04,165.5584,165.2,0.1,2.0,198.7,23869.0,45155.0,16.8,11.8,64.0,30.03,6.9,65.0,238.0,0.6,0.8356808270069456
2026-04-30T08:35:41,04/30/202608:35,119.64000000000001,1.65,197.406,54.48,3.05,166.164,165.8,0.1,2.0,198.7,23869.0,45155.0,16.8,11.8,64.0,30.03,6.9,65.0,238.0,0.6,0.8417373332117564
2026-04-30T08:36:00,04/30/202608:36,118.47999999999999,1.6600000000000001,196.6768,54.5,3.06,166.77,166.4,0.1,2.0,198.7,23869.0,45155.0,16.8,11.8,64.0,30.03,6.9,65.0,238.0,0.6,0.8479393604126162
2026-04-30T08:37:15,04/30/202608:37,118.55,1.6600000000000001,196.793,54.510000000000005,3.06,166.80060000000003,166.4,0.1,2.0,198.7,23869.0,45155.0,16.8,11.8,64.0,30.03,6.9,65.0,238.0,0.6,0.8475941725569508
2026-04-30T08:37:41,04/30/202608:37,118.50999999999999,1.6600000000000001,196.7266,54.529999999999994,3.06,166.8618,166.4,0.1,2.0,198.7,23869.0,45155.0,16.8,11.8,64.0,30.03,6.9,65.0,238.0,0.6,0.8481913477892669
2026-04-30T08:38:00,04/30/202608:38,118.49000000000001,1.65,195.5085,54.54,3.06,166.8924,166.4,0.1,2.0,198.7,23869.0,45155.0,16.8,11.8,64.0,30.03,6.9,65.0,238.0,0.6,0.8536324507630103
2026-04-30T08:38:41,04/30/202608:38,118.44000000000001,1.64,194.2416,54.55,3.06,166.923,166.4,0.1,2.0,198.7,23869.0,45155.0,16.8,11.8,64.0,30.03,6.9,65.0,238.0,0.6,0.8593576247312625
2026-04-30T08:39:01,04/30/202608:39,118.42,1.6300000000000001,193.02460000000002,54.56,3.05,166.408,165.9,0.1,2.0,198.7,23869.0,45155.0,16.8,11.8,64.0,30.03,6.9,65.0,238.0,0.6,0.8621077313461598
2026-04-30T08:39:41,04/30/202608:39,118.42,1.6199999999999999,191.8404,54.57000000000001,3.04,165.89280000000002,165.4,0.1,2.0,198.7,23869.0,45155.0,16.8,11.8,64.0,30.03,6.9,65.0,238.0,0.6,0.8647438182989612
2026-04-30T08:40:00,04/30/202608:40,118.3,1.61,190.463,54.58,3.0300000000000002,165.3774,164.8,0.1,2.0,198.7,23869.0,45155.0,16.8,11.8,64.0,30.03,6.9,65.0,238.0,0.6,0.8682914791849335
2026-04-30T08:40:41,04/30/202608:40,118.87,1.59,189.00330000000002,54.589999999999996,3.02,164.8618,164.2,0.1,2.0,198.7,23869.0,45155.0,16.8,11.8,64.0,30.03,6.9,65.0,238.0,0.6,0.8722694259835673
2026-04-30T08:41:01,04/30/202608:41,119.47,1.58,188.76260000000002,54.589999999999996,3.0100000000000002,164.3159,163.6,0.1,2.0,198.7,23869.0,45155.0,16.8,11.8,64.0,30.03,6.9,65.0,238.0,0.6,0.8704897050580993
2026-04-30T08:41:41,04/30/202608:41,120.05999999999999,1.58,189.6948,54.589999999999996,3.0100000000000002,164.3159,163.6,0.1,2.0,198.7,23869.0,45155.0,16.8,11.8,64.0,30.03,6.9,65.0,238.0,0.6,0.8662119362259799
2026-04-30T08:42:00,04/30/202608:42,120.62,1.58,190.57960000000003,54.6,3.02,164.892,164.2,0.1,2.0,198.7,23869.0,45155.0,16.8,11.8,64.0,30.03,6.9,65.0,238.0,0.6,0.8652132757126155
2026-04-30T08:42:42,04/30/202608:42,121.19000000000001,1.57,190.26830000000004,54.6,3.0300000000000002,165.43800000000002,164.8,0.1,2.0,198.7,23869.0,45155.0,16.8,11.8,64.0,30.03,6.9,65.0,238.0,0.6,0.8694984923920589
2026-04-30T08:43:01,04/30/202608:43,121.75999999999999,1.56,189.94559999999998,54.6,3.04,165.984,165.4,0.1,2.0,198.7,23869.0,45155.0,16.8,11.8,64.0,30.03,6.9,65.0,238.0,0.6,0.8738501971090671
2026-04-30T08:43:41,04/30/202608:43,122.37,1.56,190.89720000000003,54.61,3.05,166.5605,166.0,0.1,2.0,198.7,23869.0,45155.0,16.8,11.8,64.0,30.03,6.9,65.0,238.0,0.6,0.8725141070691449
2026-04-30T08:44:01,04/30/202608:44,122.97999999999999,1.56,191.84879999999998,54.620000000000005,3.06,167.1372,166.6,0.1,2.0,198.7,23869.0,45155.0,16.8,11.8,64.0,30.03,6.9,65.0,238.0,0.6,0.8711923139472335
2026-04-30T08:44:41,04/30/202608:44,123.54,1.55,191.48700000000002,54.63000000000001,3.07,167.71410000000003,167.2,0.1,2.0,198.7,23869.0,45155.0,16.8,11.8,64.0,30.03,6.9,65.0,238.0,0.6,0.8758511021635934
2026-04-30T08:45:00,04/30/202608:45,124.1,1.54,191.114,54.64,3.08,168.2912,167.8,0.1,2.0,198.7,23869.0,45155.0,16.8,11.8,64.0,30.03,6.9,65.0,238.0,0.6,0.88058017727639
2026-04-30T08:45:42,04/30/202608:45,124.67,1.54,191.9918,54.65,3.1,169.415,169.0,0.1,2.0,198.7,23869.0,45155.0,16.8,11.870000000000001,63.6,30.03,6.931,65.3,241.7,0.61,0.8824074778193651
2026-04-30T08:46:01,04/30/202608:46,125.24000000000001,1.54,192.86960000000002,54.660000000000004,3.12,170.53920000000002,170.2,0.1,2.0,198.7,23869.0,45155.0,16.8,11.940000000000001,63.2,30.03,6.962000000000001,65.6,245.4,0.6199999999999999,0.8842202192569487
2026-04-30T08:46:41,04/30/202608:46,125.57000000000001,1.52,190.86640000000003,54.67,3.1100000000000003,170.02370000000002,169.7,0.1,2.0,198.7,23869.0,45155.0,16.8,12.010000000000002,62.8,30.03,6.993,65.9,249.1,0.63,0.8907995330765394
2026-04-30T08:47:00,04/30/202608:47,125.9,1.5,188.85000000000002,54.68000000000001,3.1,169.50800000000004,169.2,0.1,2.0,198.7,23869.0,45155.0,16.8,12.080000000000002,62.4,30.03,7.024000000000001,66.2,252.8,0.6399999999999999,0.8975800900185333
2026-04-30T08:48:27,04/30/202608:48,126.28,1.49,188.1572,54.69,3.1,169.539,169.2,0.1,2.0,198.7,23869.0,45155.0,16.8,12.15,62.0,30.03,7.055,66.5,256.5,0.65,0.9010497605193954
2026-04-30T08:48:41,04/30/202608:48,126.65,1.49,188.70850000000002,54.71,3.1100000000000003,170.14810000000003,169.2,0.1,2.0,198.7,23869.0,45155.0,16.8,12.22,61.6,30.03,7.086,66.8,260.2,0.6599999999999999,0.9016451299226056
2026-04-30T08:49:00,04/30/202608:49,127.00999999999999,1.48,187.9748,54.720000000000006,3.12,170.7264,169.2,0.1,2.0,198.7,23869.0,45155.0,16.8,12.290000000000001,61.2,30.03,7.117,67.1,263.9,0.6699999999999999,0.9082408918642287
2026-04-30T08:49:42,04/30/202608:49,127.37,1.46,185.96020000000001,54.73,3.13,171.30489999999998,169.8,0.1,2.0,198.7,23869.0,45155.0,16.8,12.36,60.8,30.03,7.148000000000001,67.4,267.6,0.6799999999999999,0.9211912011279831
2026-04-30T08:50:01,04/30/202608:50,127.75999999999999,1.45,185.25199999999998,54.739999999999995,3.14,171.8836,170.4,0.1,2.0,198.7,23869.0,45155.0,16.8,12.43,60.4,30.03,7.179,67.7,271.3,0.69,0.9278366765271091
2026-04-30T08:50:41,04/30/202608:50,128.17000000000002,1.45,185.84650000000002,54.75,3.15,172.4625,171.0,0.1,2.0,198.7,23869.0,45155.0,16.8,12.5,60.0,30.03,7.209999999999999,68.0,275.0,0.7,0.9279835778451571
2026-04-30T08:51:01,04/30/202608:51,127.88,1.45,185.426,54.760000000000005,3.15,172.494,171.0,0.1,2.0,198.7,23869.0,45155.0,16.8,12.5,60.0,30.03,7.209999999999999,68.0,275.0,0.7,0.9302578926364157
2026-04-30T08:51:41,04/30/202608:51,127.92999999999999,1.46,186.77779999999998,54.77,3.14,171.97780000000003,170.4,0.1,3.0,198.7,23869.0,45155.0,16.8,12.5,60.0,30.03,7.209999999999999,68.0,275.0,0.7,0.9207614609445022
2026-04-30T08:52:01,04/30/202608:52,128.23,1.48,189.7804,54.779999999999994,3.15,172.557,170.9,0.1,3.0,198.7,23869.0,45155.0,16.8,12.5,60.0,30.03,7.209999999999999,68.0,275.0,0.7,0.9092456333741524
2026-04-30T08:52:41,04/30/202608:52,128.48,1.49,191.43519999999998,54.79,3.16,173.1364,171.4,0.1,3.0,198.7,23869.0,45155.0,16.8,12.5,60.0,30.03,7.209999999999999,68.0,275.0,0.7,0.9044125636246627
2026-04-30T08:53:00,04/30/202608:53,128.78,1.5,193.17000000000002,54.8,3.16,173.168,171.4,0.1,3.0,198.7,23869.0,45155.0,16.8,12.5,60.0,30.03,7.209999999999999,68.0,275.0,0.7,0.8964539007092198
2026-04-30T08:53:42,04/30/202608:53,129.15,1.5,193.72500000000002,54.8,3.14,172.072,170.9,0.1,3.0,198.7,23869.0,45155.0,16.8,12.5,60.0,30.03,7.209999999999999,68.0,275.0,0.7,0.8882281584720608
2026-04-30T08:54:01,04/30/202608:54,129.52,1.5,194.28000000000003,54.8,3.12,170.976,170.4,0.1,3.0,198.7,23869.0,45155.0,16.8,12.5,60.0,30.03,7.209999999999999,68.0,275.0,0.7,0.8800494132180356
2026-04-30T08:54:41,04/30/202608:54,128.67000000000002,1.52,195.57840000000002,54.8,3.1,169.88,169.3,0.1,3.0,198.7,23869.0,45155.0,16.8,12.5,60.0,30.03,7.209999999999999,68.0,275.0,0.7,0.8686030768223892
2026-04-30T08:55:00,04/30/202608:55,127.82000000000001,1.54,196.8428,54.8,3.08,168.784,168.2,0.1,3.0,198.7,23869.0,45155.0,16.8,12.5,60.0,30.03,7.209999999999999,68.0,275.0,0.7,0.8574557972148332
2026-04-30T08:55:41,04/30/202608:55,126.95,1.54,195.50300000000001,54.81,3.05,167.1705,166.5,0.1,3.0,198.7,23869.0,45155.0,16.8,12.5,60.0,30.03,7.209999999999999,68.0,275.0,0.7,0.8550789501951376
2026-04-30T08:56:01,04/30/202608:56,126.08,1.54,194.1632,54.81999999999999,3.02,165.55639999999997,164.8,0.1,3.0,198.7,23869.0,45155.0,16.8,12.5,60.0,30.03,7.209999999999999,68.0,275.0,0.7,0.8526662106928603
2026-04-30T08:56:41,04/30/202608:56,124.92,1.53,191.1276,54.83,3.0,164.49,163.7,0.1,3.0,198.7,23869.0,45155.0,16.8,12.5,60.2,30.03,7.209999999999999,68.0,275.0,0.7,0.8606292340823618
2026-04-30T08:57:01,04/30/202608:57,123.75999999999999,1.52,188.1152,54.839999999999996,2.98,163.42319999999998,162.6,0.1,3.0,198.7,23869.0,45155.0,16.8,12.5,60.4,30.03,7.209999999999999,68.0,275.0,0.7,0.868740006123907
2026-04-30T08:57:42,04/30/202608:57,123.72999999999999,1.51,186.83229999999998,54.839999999999996,2.96,162.32639999999998,161.6,0.1,3.0,198.7,23869.0,45155.0,16.8,12.5,60.6,30.03,7.209999999999999,68.0,275.0,0.7,0.8688347785688021
2026-04-30T08:58:01,04/30/202608:58,123.7,1.5,185.55,54.839999999999996,2.94,161.22959999999998,160.6,0.1,3.0,198.7,23869.0,45155.0,16.8,12.5,60.8,30.03,7.209999999999999,68.0,275.0,0.7,0.8689280517380759
2026-04-30T08:59:38,04/30/202608:59,123.59,1.49,184.1491,54.839999999999996,2.93,160.6812,160.0,0.1,3.0,198.7,23869.0,45155.0,16.8,12.5,61.0,30.03,7.209999999999999,68.0,275.0,0.7,0.872560332904152
2026-04-30T08:59:42,04/30/202608:59,123.46,1.48,182.7208,54.85,2.9099999999999997,159.6135,158.9,0.1,3.0,198.7,23869.0,45155.0,16.7,12.5,61.2,30.03,7.209999999999999,68.0,275.0,0.7,0.8735376596424709
2026-04-30T09:00:01,04/30/202609:00,124.55,1.46,181.843,54.86,2.8899999999999997,158.54539999999997,157.8,0.1,3.0,198.7,23869.0,45155.0,16.7,12.5,61.4,30.03,7.209999999999999,68.0,275.0,0.7,0.8718806882860488
2026-04-30T09:00:41,04/30/202609:00,124.57000000000001,1.44,179.3808,54.86,2.87,157.4482,156.7,0.1,3.0,198.7,23869.0,45155.0,16.7,12.53,61.3,30.03,7.2780000000000005,68.7,275.1,0.71,0.8777316189915533
2026-04-30T09:01:01,04/30/202609:01,124.59,1.43,178.1637,54.85,2.86,156.871,156.2,0.1,3.0,198.7,23869.0,45155.0,16.7,12.559999999999999,61.2,30.03,7.345999999999999,69.4,275.2,0.72,0.8804880006421061
2026-04-30T09:02:01,04/30/202609:02,124.60999999999999,1.42,176.94619999999998,54.83,2.85,156.2655,155.7,0.1,3.0,198.7,23869.0,45155.0,16.8,12.59,61.1,30.03,7.414,70.1,275.3,0.73,0.8831243620942412
2026-04-30T09:02:42,04/30/202609:02,124.60999999999999,1.42,176.94619999999998,54.81999999999999,2.84,155.6888,155.2,0.1,3.0,198.7,23869.0,45155.0,16.8,12.620000000000001,60.8,30.03,7.481999999999999,70.8,275.4,0.74,0.879865179359602
2026-04-30T09:03:01,04/30/202609:03,124.60999999999999,1.42,176.94619999999998,54.81,2.8299999999999996,155.11229999999998,154.7,0.1,3.0,198.7,23869.0,45155.0,16.8,12.65,60.5,30.03,7.55,71.5,275.5,0.75,0.8766071269120218
2026-04-30T09:03:41,04/30/202609:03,123.32000000000001,1.43,176.3476,54.81,2.82,154.5642,154.1,0.1,3.0,198.7,23869.0,45155.0,16.7,12.680000000000001,60.2,30.03,7.617999999999999,72.2,275.6,0.76,0.8764746443955007
2026-04-30T09:04:00,04/30/202609:04,122.03,1.44,175.7232,54.81,2.8099999999999996,154.0161,153.5,0.1,3.0,198.7,23869.0,45155.0,16.7,12.71,59.9,30.03,7.686,72.9,275.7,0.77,0.8764699254281734
2026-04-30T09:05:01,04/30/202609:05,120.75999999999999,1.45,175.10199999999998,54.81,2.8,153.468,153.0,0.1,3.0,198.7,23869.0,45155.0,16.7,12.74,59.6,30.03,7.754,73.6,275.8,0.78,0.8764491553494536
2026-04-30T09:05:41,04/30/202609:05,119.53,1.47,175.7091,54.8,2.8099999999999996,153.98799999999997,153.6,0.1,3.0,198.7,23869.0,45155.0,16.8,12.77,59.3,30.03,7.822,74.3,275.9,0.79,0.8763803354521762
2026-04-30T09:06:00,04/30/202609:06,118.3,1.49,176.267,54.79,2.82,154.50779999999997,154.2,0.1,3.0,198.7,23869.0,45155.0,16.8,12.8,59.0,30.03,7.889999999999999,75.0,276.0,0.8,0.8765554528073887
2026-04-30T09:06:42,04/30/202609:06,118.92,1.49,177.1908,54.79,2.8299999999999996,155.05569999999997,154.8,0.2,3.0,198.7,23869.0,45155.0,16.7,12.8,59.0,30.03,7.889999999999999,75.0,276.0,0.8,0.8750775999656866
2026-04-30T09:07:01,04/30/202609:07,119.54,1.49,178.1146,54.79,2.84,155.6036,155.4,0.2,3.0,198.7,23869.0,45155.0,16.7,12.8,59.0,30.03,7.889999999999999,75.0,276.0,0.8,0.8736150770346732
2026-04-30T09:07:50,04/30/202609:07,120.15,1.5,180.22500000000002,54.81,2.85,156.20850000000002,156.0,0.2,3.0,198.7,23869.0,45155.0,16.8,12.8,59.0,30.03,7.889999999999999,75.0,276.0,0.8,0.8667415730337078
2026-04-30T09:08:00,04/30/202609:08,120.72999999999999,1.5,181.09499999999997,54.81999999999999,2.86,156.78519999999997,156.6,0.2,3.0,198.7,23869.0,45155.0,16.8,12.8,59.0,30.03,7.889999999999999,75.0,276.0,0.8,0.8657621690273061
2026-04-30T09:08:50,04/30/202609:08,121.28,1.5,181.92000000000002,54.83,2.88,157.91039999999998,157.7,0.2,3.0,198.7,23869.0,45155.0,16.8,12.8,59.0,30.03,7.889999999999999,75.0,276.0,0.8,0.8680211081794194
2026-04-30T09:09:01,04/30/202609:09,122.04,1.5,183.06,54.839999999999996,2.9,159.03599999999997,158.8,0.2,3.0,198.7,23869.0,45155.0,16.8,12.8,59.0,30.03,7.889999999999999,75.0,276.0,0.8,0.8687643395607996
2026-04-30T09:10:50,04/30/202609:10,122.28,1.5,183.42000000000002,54.86,2.93,160.7398,160.5,0.2,3.0,198.7,23869.0,45155.0,16.8,12.8,59.0,30.03,7.889999999999999,75.0,276.0,0.8,0.8763482717260931
2026-04-30T09:11:01,04/30/202609:11,122.52000000000001,1.5,183.78000000000003,54.879999999999995,2.96,162.4448,162.2,0.2,3.0,198.7,23869.0,45155.0,16.8,12.8,59.0,30.03,7.889999999999999,75.0,276.0,0.8,0.883909021656328
2026-04-30T09:11:49,04/30/202609:11,123.64000000000001,1.51,186.6964,54.910000000000004,3.0,164.73000000000002,164.4,0.2,3.0,198.7,23869.0,45155.0,16.8,12.8,59.0,30.03,7.889999999999999,75.0,276.0,0.8,0.8823415984453905
2026-04-30T09:12:01,04/30/202609:12,124.75999999999999,1.52,189.6352,54.94,3.04,167.0176,166.6,0.2,3.0,198.7,23869.0,45155.0,16.8,12.8,59.0,30.03,7.889999999999999,75.0,276.0,0.8,0.8807310035267714
2026-04-30T09:12:50,04/30/202609:12,125.33,1.55,194.2615,54.98,3.09,169.88819999999998,169.4,0.2,4.0,198.7,23869.0,45155.0,16.8,12.8,59.0,30.03,7.889999999999999,75.0,276.0,0.8,0.8745335539980901
2026-04-30T09:13:01,04/30/202609:13,125.9,1.58,198.92200000000003,55.02,3.1399999999999997,172.7628,172.2,0.2,4.0,198.7,23869.0,45155.0,16.8,12.8,59.0,30.03,7.889999999999999,75.0,276.0,0.8,0.8684951890690822
2026-04-30T09:13:49,04/30/202609:13,126.47999999999999,1.6,202.368,55.06,3.2,176.192,175.6,0.2,4.0,198.7,23869.0,45155.0,16.8,12.8,59.0,30.03,7.889999999999999,75.0,276.0,0.8,0.8706514864010121
2026-04-30T09:14:01,04/30/202609:14,127.05999999999999,1.6199999999999999,205.83719999999997,55.1,3.2600000000000002,179.626,179.0,0.2,4.0,198.7,23869.0,45155.0,16.8,12.8,59.0,30.03,7.889999999999999,75.0,276.0,0.8,0.8726605297779023
2026-04-30T09:14:50,04/30/202609:14,127.65,1.64,209.346,55.15,3.3200000000000003,183.098,182.5,0.2,4.0,198.7,23869.0,45155.0,16.8,12.8,59.0,30.03,7.889999999999999,75.0,276.0,0.8,0.8746190517134314
2026-04-30T09:15:01,04/30/202609:15,128.24,1.6600000000000001,212.87840000000003,55.2,3.38,186.576,186.0,0.2,4.0,198.7,23869.0,45155.0,16.8,12.8,59.0,30.03,7.889999999999999,75.0,276.0,0.8,0.8764440168659665
2026-04-30T09:15:49,04/30/202609:15,130.22,1.67,217.4674,55.239999999999995,3.41,188.36839999999998,187.8,0.2,4.0,198.7,23869.0,45155.0,16.8,12.870000000000001,58.7,30.03,7.914999999999999,74.9,288.1,0.8200000000000001,0.8661914383489202
2026-04-30T09:16:01,04/30/202609:16,132.2,1.6800000000000002,222.096,55.279999999999994,3.44,190.1632,189.6,0.2,4.0,198.7,23869.0,45155.0,16.8,12.940000000000001,58.4,30.03,7.94,74.8,300.2,0.8400000000000001,0.8562207333765578
2026-04-30T09:16:50,04/30/202609:16,133.32999999999998,1.6600000000000001,221.3278,55.31,3.4299999999999997,189.7133,189.2,0.2,4.0,198.7,23869.0,45155.0,16.8,13.01,58.1,30.03,7.965000000000001,74.7,312.3,0.86,0.8571598326102731
2026-04-30T09:17:01,04/30/202609:17,134.45999999999998,1.64,220.51439999999997,55.339999999999996,3.4200000000000004,189.2628,188.8,0.2,4.0,198.7,23869.0,45155.0,16.8,13.080000000000002,57.8,30.03,7.99,74.6,324.4,0.8800000000000001,0.8582786430273942
2026-04-30T09:17:50,04/30/202609:17,135.4,1.61,217.99400000000003,55.36,3.3899999999999997,187.67039999999997,187.2,0.2,4.0,198.7,23869.0,45155.0,16.7,13.15,57.5,30.03,8.015,74.5,336.5,0.9,0.8608970889107037
2026-04-30T09:18:00,04/30/202609:18,136.34,1.58,215.4172,55.379999999999995,3.3600000000000003,186.0768,185.6,0.2,4.0,198.7,23869.0,45155.0,16.7,13.219999999999999,57.2,30.03,8.040000000000001,74.4,348.6,0.9199999999999999,0.863797319805475
2026-04-30T09:18:50,04/30/202609:18,137.34,1.54,211.5036,55.39,3.31,183.3409,182.9,0.2,4.0,198.7,23869.0,45155.0,16.8,13.290000000000001,56.9,30.03,8.065000000000001,74.3,360.7,0.9400000000000001,0.866845292467835
2026-04-30T09:19:01,04/30/202609:19,138.34,1.5,207.51,55.4,3.2600000000000002,180.604,180.2,0.2,4.0,198.7,23869.0,45155.0,16.8,13.36,56.6,30.03,8.09,74.2,372.8,0.96,0.8703387788540312
2026-04-30T09:19:50,04/30/202609:19,139.31,1.47,204.7857,55.4,3.21,177.834,177.5,0.2,4.0,198.7,23869.0,45155.0,16.8,13.430000000000001,56.3,30.03,8.115,74.1,384.9,0.9800000000000001,0.868390712828093
2026-04-30T09:20:00,04/30/202609:20,140.28,1.44,202.0032,55.4,3.16,175.064,174.8,0.2,4.0,198.7,23869.0,45155.0,16.8,13.5,56.0,30.03,8.14,74.0,397.0,1.0,0.8666397364002154
2026-04-30T09:22:01,04/30/202609:22,140.47,1.42,199.4674,55.4,3.12,172.848,172.6,0.2,4.0,198.7,23869.0,45155.0,16.8,13.5,56.0,30.03,8.14,74.0,397.0,1.0,0.8665476163022129
2026-04-30T09:23:39,04/30/202609:23,140.74,1.3900000000000001,195.62860000000003,55.4,3.06,169.524,169.3,0.2,4.0,198.7,23869.0,45155.0,16.7,13.5,56.0,30.03,8.14,74.0,397.0,1.0,0.8665604109010644
2026-04-30T09:24:01,04/30/202609:24,140.95999999999998,1.3699999999999999,193.11519999999996,55.4,3.02,167.308,167.1,0.2,4.0,198.7,23869.0,45155.0,16.7,13.5,56.0,30.03,8.14,74.0,397.0,1.0,0.8663637041517189
2026-04-30T09:24:39,04/30/202609:24,141.20999999999998,1.35,190.6335,55.410000000000004,2.98,165.1218,164.9,0.2,4.0,198.7,23869.0,45155.0,16.7,13.5,56.0,30.03,8.14,74.0,397.0,1.0,0.8661740984664291
2026-04-30T09:25:00,04/30/202609:25,141.42000000000002,1.34,189.50280000000004,55.42,2.95,163.489,163.3,0.2,4.0,198.7,23869.0,45155.0,16.7,13.5,56.0,30.03,8.14,74.0,397.0,1.0,0.8627260388764703
2026-04-30T09:25:39,04/30/202609:25,141.57999999999998,1.33,188.3014,55.42,2.93,162.38060000000002,162.2,0.2,4.0,198.7,23869.0,45155.0,16.7,13.5,56.0,30.03,8.14,74.0,397.0,1.0,0.8623440930338278
2026-04-30T09:26:00,04/30/202609:26,141.68,1.33,188.4344,55.42,2.92,161.8264,161.6,0.2,4.0,198.7,23869.0,45155.0,16.7,13.5,56.0,30.03,8.14,74.0,397.0,1.0,0.8587943602654292
2026-04-30T09:26:39,04/30/202609:26,141.84,1.33,188.64720000000003,55.42,2.9,160.718,160.5,0.2,4.0,198.7,23869.0,45155.0,16.8,13.5,56.0,30.03,8.14,74.0,397.0,1.0,0.8519500952041693
2026-04-30T09:27:00,04/30/202609:27,142.05,1.3199999999999998,187.506,55.42,2.87,159.05540000000002,158.8,0.2,4.0,198.7,23869.0,45155.0,16.8,13.5,56.0,30.03,8.14,74.0,397.0,1.0,0.8482683220803602
2026-04-30T09:27:40,04/30/202609:27,142.27,1.31,186.3737,55.42,2.84,157.3928,157.1,0.2,4.0,198.7,23869.0,45155.0,16.7,13.5,56.0,30.03,8.14,74.0,397.0,1.0,0.8445011286463701
2026-04-30T09:28:00,04/30/202609:28,142.4,1.3,185.12,55.42,2.82,156.2844,156.0,0.2,4.0,198.7,23869.0,45155.0,16.7,13.5,56.0,30.03,8.14,74.0,397.0,1.0,0.844232929991357
2026-04-30T09:28:39,04/30/202609:28,142.48,1.3,185.224,55.42,2.82,156.2844,156.0,0.2,4.0,198.7,23869.0,45155.0,16.7,13.5,56.0,30.03,8.14,74.0,397.0,1.0,0.8437589081328555
2026-04-30T09:29:00,04/30/202609:29,142.56,1.3,185.328,55.42,2.82,156.2844,156.0,0.2,4.0,198.7,23869.0,45155.0,16.7,13.5,56.0,30.03,8.14,74.0,397.0,1.0,0.8432854182854183
2026-04-30T09:29:39,04/30/202609:29,142.68,1.29,184.05720000000002,55.410000000000004,2.8,155.148,154.9,0.2,4.0,198.7,23869.0,45155.0,16.8,13.469999999999999,56.0,30.03,7.979000000000001,74.8,391.2,1.0,0.8429336097691369
2026-04-30T09:30:00,04/30/202609:30,142.8,1.28,182.78400000000002,55.4,2.78,154.01199999999997,153.8,0.2,4.0,198.7,23869.0,45155.0,16.8,13.440000000000001,56.0,30.03,7.8180000000000005,75.6,385.4,1.0,0.8425901610644255
2026-04-30T09:30:11,04/30/202609:30,142.95999999999998,1.27,181.55919999999998,55.410000000000004,2.76,152.9316,152.7,0.2,4.0,198.7,23869.0,45155.0,16.8,13.41,56.0,30.03,7.657000000000001,76.4,379.6,1.0,0.8423236057440219
2026-04-30T09:31:00,04/30/202609:31,143.11999999999998,1.26,180.33119999999997,55.42,2.7399999999999998,151.8508,151.6,0.2,4.0,198.7,23869.0,45155.0,16.8,13.38,56.0,30.03,7.496,77.2,373.8,1.0,0.8420661538325038
2026-04-30T09:31:10,04/30/202609:31,143.23,1.25,179.0375,55.42,2.7199999999999998,150.7424,150.5,0.2,4.0,198.7,23869.0,45155.0,16.8,13.419999999999998,55.8,30.03,7.365,76.5,376.5,1.02,0.8419599245968024
2026-04-30T09:33:13,04/30/202609:33,143.26999999999998,1.24,177.65479999999997,55.42,2.71,150.1882,149.9,0.2,5.0,198.7,23869.0,45155.0,16.8,13.459999999999999,56.2,30.03,7.234,75.8,379.2,1.04,0.8453934259023681
2026-04-30T09:34:00,04/30/202609:34,143.3,1.23,176.25900000000001,55.42,2.7,149.63400000000001,149.3,0.2,5.0,198.7,23869.0,45155.0,16.8,13.5,56.6,30.03,7.103,75.1,381.9,1.06,0.8489438837165761
2026-04-30T09:34:11,04/30/202609:34,143.28,1.23,176.2344,55.42,2.6900000000000004,149.07980000000003,148.7,0.2,5.0,198.7,23869.0,45155.0,16.8,13.540000000000001,57.0,30.03,6.9719999999999995,74.4,384.6,1.08,0.8459177095958567
2026-04-30T09:35:01,04/30/202609:35,143.23,1.23,176.1729,55.42,2.68,148.52560000000003,148.1,0.2,5.0,198.7,23869.0,45155.0,16.8,13.580000000000002,57.4,30.03,6.840999999999999,73.7,387.3,1.1,0.8430672367884052
2026-04-30T09:35:12,04/30/202609:35,143.22,1.21,173.2962,55.42,2.64,146.30880000000002,145.8,0.2,5.0,198.7,23869.0,45155.0,16.8,13.62,57.8,30.03,6.709999999999999,73.0,390.0,1.1199999999999999,0.8442700994020643
2026-04-30T09:36:00,04/30/202609:36,143.14000000000001,1.2,171.768,55.42,2.62,145.2004,144.6,0.2,5.0,198.7,23869.0,45155.0,16.8,13.690000000000001,58.2,30.03,6.74,71.5,398.5,1.1400000000000001,0.8453285827395091
2026-04-30T09:36:11,04/30/202609:36,143.0,1.21,173.03,55.42,2.63,145.7546,145.1,0.2,5.0,198.7,23869.0,45155.0,16.7,13.76,58.6,30.03,6.7700000000000005,70.0,407.0,1.16,0.8423660636883777
2026-04-30T09:37:00,04/30/202609:37,142.87,1.22,174.3014,55.410000000000004,2.63,145.7283,145.1,0.2,5.0,198.7,23869.0,45155.0,16.7,13.830000000000002,59.0,30.03,6.8,68.5,415.5,1.18,0.8360707372402058
2026-04-30T09:37:12,04/30/202609:37,142.82,1.21,172.8122,55.4,2.6,144.04,143.4,0.2,5.0,198.7,23869.0,45155.0,16.7,13.9,59.4,30.03,6.83,67.0,424.0,1.2,0.8335059677499621
2026-04-30T09:38:00,04/30/202609:38,142.76,1.2,171.31199999999998,55.4,2.58,142.932,142.2,0.2,5.0,198.7,23869.0,45155.0,16.7,13.9,60.0,30.03,6.83,67.0,424.0,1.2,0.8343373493975904
2026-04-30T09:38:11,04/30/202609:38,142.72,1.2100000000000002,172.69120000000004,55.4,2.58,142.932,142.2,0.2,5.0,198.7,23869.0,45155.0,16.7,13.9,60.0,30.03,6.83,67.0,424.0,1.2,0.8276739057925357
2026-04-30T09:39:01,04/30/202609:39,142.68,1.2200000000000002,174.06960000000004,55.4,2.58,142.932,142.2,0.2,5.0,198.7,23869.0,45155.0,16.7,13.9,60.0,30.03,6.83,67.0,424.0,1.2,0.8211198279308963
2026-04-30T09:39:12,04/30/202609:39,142.82999999999998,1.19,169.96769999999998,55.4,2.52,139.608,138.9,0.2,5.0,198.7,23869.0,45155.0,16.7,13.9,60.0,30.03,6.83,67.0,424.0,1.2,0.8213795915341563
2026-04-30T09:40:00,04/30/202609:40,142.98,1.1600000000000001,165.85680000000002,55.4,2.46,136.284,135.6,0.2,5.0,198.7,23869.0,45155.0,16.7,13.9,60.0,30.03,6.83,67.0,424.0,1.2,0.8216967890372898
2026-04-30T09:40:11,04/30/202609:40,143.04000000000002,1.1600000000000001,165.92640000000006,55.4,2.46,136.284,135.6,0.2,5.0,198.7,23869.0,45155.0,16.7,13.9,60.0,30.03,6.83,67.0,424.0,1.2,0.8213521175653781
2026-04-30T09:41:01,04/30/202609:41,143.1,1.1600000000000001,165.996,55.4,2.46,136.284,135.6,0.2,5.0,198.7,23869.0,45155.0,16.7,13.9,60.0,30.03,6.83,67.0,424.0,1.2,0.8210077351261476
2026-04-30T09:41:12,04/30/202609:41,143.16,1.15,164.634,55.4,2.45,135.73000000000002,135.1,0.2,5.0,198.7,23869.0,45155.0,16.8,13.9,60.0,30.03,6.83,67.0,424.0,1.2,0.8244348069050137
2026-04-30T09:42:00,04/30/202609:42,143.22,1.1400000000000001,163.2708,55.4,2.44,135.176,134.6,0.2,5.0,198.7,23869.0,45155.0,16.8,13.9,60.0,30.03,6.83,67.0,424.0,1.2,0.8279251403190282
2026-04-30T09:42:11,04/30/202609:42,143.25,1.1300000000000001,161.87250000000003,55.4,2.42,134.06799999999998,133.5,0.2,5.0,198.7,23869.0,45155.0,16.7,13.9,60.0,30.03,6.83,67.0,424.0,1.2,0.8282320962485904
2026-04-30T09:43:01,04/30/202609:43,143.28,1.1199999999999999,160.47359999999998,55.4,2.4,132.95999999999998,132.4,0.2,5.0,198.7,23869.0,45155.0,16.7,13.9,60.0,30.03,6.83,67.0,424.0,1.2,0.8285474994017707
2026-04-30T09:44:24,04/30/202609:44,143.28,1.1,157.608,55.4,2.3600000000000003,130.74400000000003,130.2,0.2,5.0,198.7,23869.0,45155.0,16.7,13.9,60.0,30.03,6.83,67.0,424.0,1.2,0.8295517994010458
2026-04-30T09:44:37,04/30/202609:44,143.3,1.08,154.764,55.4,2.31,127.974,127.4,0.3,5.0,198.7,23869.0,45155.0,16.7,13.9,60.0,30.03,6.83,67.0,424.0,1.2,0.8268977281538342
2026-04-30T09:44:43,04/30/202609:44,143.14000000000001,1.09,156.02260000000004,55.4,2.34,129.636,129.0,0.3,5.0,198.7,23869.0,45155.0,16.7,13.9,60.0,30.03,6.83,67.0,424.0,1.2,0.8308796289768274
2026-04-30T09:45:00,04/30/202609:45,142.98,1.1,157.278,55.4,2.37,131.298,130.6,0.3,5.0,198.7,23869.0,45155.0,16.7,13.9,60.0,30.03,6.83,67.0,424.0,1.2,0.8348147865562889
2026-04-30T09:45:42,04/30/202609:45,142.85,1.1099999999999999,158.56349999999998,55.4,2.3899999999999997,132.40599999999998,131.8,0.3,5.0,198.7,23869.0,45155.0,16.7,13.940000000000001,59.9,30.03,6.88,66.6,424.3,1.22,0.8350345445200188
2026-04-30T09:46:00,04/30/202609:46,142.72,1.1199999999999999,159.8464,55.4,2.41,133.514,133.0,0.3,5.0,198.7,23869.0,45155.0,16.7,13.98,59.8,30.03,6.93,66.2,424.6,1.2399999999999998,0.8352643537796286
2026-04-30T09:46:43,04/30/202609:46,142.72,1.1099999999999999,158.4192,55.4,2.38,131.852,131.3,0.3,5.0,198.7,23869.0,45155.0,16.8,14.020000000000001,59.7,30.03,6.9799999999999995,65.8,424.9,1.26,0.8322981052801681
2026-04-30T09:47:00,04/30/202609:47,142.72,1.1,156.99200000000002,55.4,2.35,130.19,129.6,0.3,5.0,198.7,23869.0,45155.0,16.8,14.059999999999999,59.6,30.03,7.029999999999999,65.4,425.2,1.2799999999999998,0.8292779249898082
2026-04-30T09:47:42,04/30/202609:47,142.7,1.1,156.97,55.410000000000004,2.35,130.2135,129.6,0.3,5.0,198.7,23869.0,45155.0,16.8,14.1,59.5,30.03,7.08,65.0,425.5,1.3,0.8295438618844366
2026-04-30T09:48:01,04/30/202609:48,142.68,1.1,156.948,55.42,2.35,130.237,129.6,0.3,5.0,198.7,23869.0,45155.0,16.8,14.14,59.4,30.03,7.13,64.6,425.8,1.3199999999999998,0.8298098733338429
2026-04-30T09:48:43,04/30/202609:48,142.79000000000002,1.09,155.64110000000002,55.42,2.33,129.1286,128.5,0.3,5.0,198.7,23869.0,45155.0,16.7,14.180000000000001,59.3,30.03,7.18,64.2,426.1,1.3399999999999999,0.8296561769352696
2026-04-30T09:49:00,04/30/202609:49,142.88,1.08,154.31040000000002,55.42,2.32,128.5744,128.0,0.3,5.0,198.7,23869.0,45155.0,16.7,14.220000000000002,59.2,30.03,7.2299999999999995,63.8,426.4,1.3599999999999999,0.8332192775081911
2026-04-30T09:49:43,04/30/202609:49,142.95,1.08,154.386,55.42,2.32,128.5744,128.0,0.3,5.0,198.7,23869.0,45155.0,16.7,14.26,59.1,30.03,7.279999999999999,63.4,426.7,1.38,0.832811265270167
2026-04-30T09:50:01,04/30/202609:50,143.01999999999998,1.08,154.4616,55.42,2.32,128.5744,128.0,0.3,5.0,198.7,23869.0,45155.0,16.7,14.3,59.0,30.03,7.33,63.0,427.0,1.4,0.8324036524288236
2026-04-30T09:50:42,04/30/202609:50,143.18,1.06,151.7708,55.42,2.2800000000000002,126.35760000000002,125.7,0.3,5.0,198.7,23869.0,45155.0,16.8,14.3,59.0,30.03,7.33,63.0,427.0,1.4,0.8325554059147083
2026-04-30T09:51:00,04/30/202609:51,143.34,1.04,149.0736,55.42,2.2399999999999998,124.14079999999998,123.4,0.3,5.0,198.7,23869.0,45155.0,16.8,14.3,59.0,30.03,7.33,63.0,427.0,1.4,0.8327483873737536
2026-04-30T09:51:43,04/30/202609:51,143.45,1.03,147.7535,55.42,2.2199999999999998,123.0324,122.3,0.3,5.0,198.7,23869.0,45155.0,16.7,14.3,59.0,30.03,7.33,63.0,427.0,1.4,0.8326868737457995
2026-04-30T09:52:01,04/30/202609:52,143.56,1.02,146.43120000000002,55.42,2.2,121.924,121.2,0.3,5.0,198.7,23869.0,45155.0,16.7,14.3,59.0,30.03,7.33,63.0,427.0,1.4,0.832636760471812
2026-04-30T09:52:42,04/30/202609:52,143.64000000000001,1.02,146.51280000000003,55.410000000000004,2.2,121.90200000000002,121.3,0.3,5.0,198.7,23869.0,45155.0,16.8,14.3,59.0,30.03,7.33,63.0,427.0,1.4,0.8320228676265827
2026-04-30T09:53:00,04/30/202609:53,143.72,1.02,146.5944,55.4,2.2,121.88000000000001,121.4,0.3,5.0,198.7,23869.0,45155.0,16.8,14.3,59.0,30.03,7.33,63.0,427.0,1.4,0.8314096582134106
2026-04-30T09:53:43,04/30/202609:53,143.7,1.03,148.011,55.4,2.24,124.096,123.6,0.3,5.0,198.7,23869.0,45155.0,16.8,14.3,59.0,30.03,7.33,63.0,427.0,1.4,0.8384241711764666
2026-04-30T09:54:00,04/30/202609:54,143.68,1.04,149.4272,55.4,2.2800000000000002,126.31200000000001,125.8,0.3,5.0,198.7,23869.0,45155.0,16.8,14.3,59.0,30.03,7.33,63.0,427.0,1.4,0.8453079492890184
2026-04-30T09:55:35,04/30/202609:55,143.74,1.04,149.48960000000002,55.4,2.2800000000000002,126.31200000000001,125.8,0.3,5.0,198.7,23869.0,45155.0,16.7,14.3,59.0,30.03,7.33,63.0,427.0,1.4,0.8449551005554901
2026-04-30T09:55:43,04/30/202609:55,143.85,1.04,149.60399999999998,55.4,2.2600000000000002,125.20400000000001,124.7,0.3,5.0,198.7,23869.0,45155.0,16.8,14.3,59.0,30.03,7.33,63.0,427.0,1.4,0.836902756610786
2026-04-30T09:56:01,04/30/202609:56,143.89000000000001,1.05,151.08450000000002,55.4,2.2600000000000002,125.20400000000001,124.7,0.3,5.0,198.7,23869.0,45155.0,16.8,14.3,59.0,30.03,7.33,63.0,427.0,1.4,0.8287018191806571
2026-04-30T09:56:43,04/30/202609:56,143.94,1.06,152.5764,55.4,2.25,124.64999999999999,124.2,0.3,5.0,198.7,23869.0,45155.0,16.7,14.3,59.0,30.03,7.33,63.0,427.0,1.4,0.8169677617246178
2026-04-30T09:57:01,04/30/202609:57,143.97,1.07,154.0479,55.4,2.25,124.64999999999999,124.2,0.3,5.0,198.7,23869.0,45155.0,16.7,14.3,59.0,30.03,7.33,63.0,427.0,1.4,0.8091639029159112
2026-04-30T09:57:43,04/30/202609:57,144.01,1.08,155.5308,55.4,2.25,124.64999999999999,124.2,0.3,6.0,198.7,23869.0,45155.0,16.8,14.3,59.0,30.03,7.33,63.0,427.0,1.4,0.8014489734509177
2026-04-30T09:58:00,04/30/202609:58,144.05,1.09,157.01450000000003,55.4,2.24,124.096,123.6,0.3,6.0,198.7,23869.0,45155.0,16.8,14.3,59.0,30.03,7.33,63.0,427.0,1.4,0.7903473882985328
2026-04-30T09:58:42,04/30/202609:58,144.09,1.09,157.05810000000002,55.4,2.23,123.542,123.0,0.3,6.0,198.7,23869.0,45155.0,16.8,14.3,59.0,30.03,7.33,63.0,427.0,1.4,0.7866006274111299
2026-04-30T09:59:01,04/30/202609:59,144.18,1.08,155.7144,55.4,2.1900000000000004,121.32600000000002,120.8,0.3,6.0,198.7,23869.0,45155.0,16.8,14.3,59.0,30.03,7.33,63.0,427.0,1.4,0.779157226306623
2026-04-30T09:59:43,04/30/202609:59,144.26,1.08,155.8008,55.4,2.16,119.664,119.1,0.3,6.0,198.7,23869.0,45155.0,16.7,14.3,59.0,30.03,7.33,63.0,427.0,1.4,0.7680576736448079
2026-04-30T10:00:00,04/30/202610:00,144.32,1.08,155.8656,55.4,2.14,118.556,118.0,0.3,6.0,198.7,23869.0,45155.0,16.7,14.3,59.0,30.03,7.33,63.0,427.0,1.4,0.7606296706906462
2026-04-30T10:00:42,04/30/202610:00,144.35,1.07,154.4545,55.4,2.13,118.002,118.0,0.3,6.0,198.7,23869.0,45155.0,16.8,14.36,58.9,30.032999999999998,7.268000000000001,63.1,440.0,1.41,0.7639919846945217
2026-04-30T10:01:01,04/30/202610:01,144.38000000000002,1.06,153.04280000000003,55.4,2.12,117.44800000000001,118.0,0.3,6.0,198.7,23869.0,45155.0,16.8,14.420000000000002,58.8,30.036,7.206,63.2,453.0,1.42,0.7674193101537609
2026-04-30T10:01:43,04/30/202610:01,144.42000000000002,1.04,150.19680000000002,55.4,2.1100000000000003,116.89400000000002,117.4,0.3,6.0,198.7,23869.0,45155.0,16.8,14.48,58.7,30.038999999999998,7.144,63.3,466.0,1.43,0.778272240154251
2026-04-30T10:02:00,04/30/202610:02,144.45999999999998,1.02,147.34919999999997,55.4,2.1,116.34,116.8,0.3,6.0,198.7,23869.0,45155.0,16.8,14.540000000000001,58.6,30.042,7.081999999999999,63.4,479.0,1.44,0.7895529802672836
2026-04-30T10:02:43,04/30/202610:02,144.47,1.01,145.9147,55.4,2.1100000000000003,116.89400000000002,117.4,0.3,6.0,198.7,23869.0,45155.0,16.8,14.6,58.5,30.044999999999998,7.0200000000000005,63.5,492.0,1.45,0.8011118824902496
2026-04-30T10:03:01,04/30/202610:03,144.48,1.0,144.48,55.4,2.12,117.44800000000001,118.0,0.3,6.0,198.7,23869.0,45155.0,16.8,14.66,58.4,30.048000000000002,6.958,63.6,505.0,1.46,0.8129014396456258
2026-04-30T10:03:42,04/30/202610:03,144.54000000000002,1.0,144.54000000000002,55.4,2.1100000000000003,116.89400000000002,117.4,0.3,6.0,198.7,23869.0,45155.0,16.7,14.720000000000002,58.3,30.051,6.895999999999999,63.7,518.0,1.47,0.8087311470873115
2026-04-30T10:04:00,04/30/202610:04,144.6,1.0,144.6,55.4,2.1,116.34,116.8,0.3,6.0,198.7,23869.0,45155.0,16.7,14.780000000000001,58.2,30.053999999999995,6.8340000000000005,63.8,531.0,1.48,0.8045643153526971
2026-04-30T10:04:43,04/30/202610:04,144.68,0.99,143.2332,55.4,2.0900000000000003,115.78600000000002,116.3,0.3,6.0,198.7,23869.0,45155.0,16.8,14.84,58.1,30.057,6.772,63.9,544.0,1.49,0.808374036187141
2026-04-30T10:05:01,04/30/202610:05,144.76,0.9800000000000001,141.8648,55.4,2.08,115.232,115.8,0.3,6.0,198.7,23869.0,45155.0,16.8,14.9,58.0,30.059999999999995,6.709999999999999,64.0,557.0,1.5,0.8122663268125708
2026-04-30T10:06:46,04/30/202610:06,144.85,0.9800000000000001,141.953,55.4,2.07,114.67799999999998,114.7,0.3,6.0,198.7,23869.0,45155.0,16.8,14.9,58.0,30.059999999999995,6.709999999999999,64.0,557.0,1.5,0.8078589392263635
2026-04-30T10:07:01,04/30/202610:07,144.94,0.9800000000000001,142.0412,55.4,2.06,114.124,113.6,0.3,6.0,198.7,23869.0,45155.0,16.8,14.9,58.0,30.059999999999995,6.709999999999999,64.0,557.0,1.5,0.8034570251448171
2026-04-30T10:07:42,04/30/202610:07,145.02,0.99,143.56980000000001,55.4,2.06,114.124,113.6,0.3,6.0,198.7,23869.0,45155.0,16.8,14.9,58.0,30.059999999999995,6.709999999999999,64.0,557.0,1.5,0.7949025491433434
2026-04-30T10:08:01,04/30/202610:08,145.1,1.0,145.1,55.4,2.06,114.124,113.6,0.3,6.0,198.7,23869.0,45155.0,16.8,14.9,58.0,30.059999999999995,6.709999999999999,64.0,557.0,1.5,0.7865196416264645
2026-04-30T10:09:27,04/30/202610:09,145.17000000000002,1.0,145.17000000000002,55.410000000000004,2.04,113.03640000000001,112.4,0.3,6.0,198.7,23869.0,45155.0,16.8,14.9,58.0,30.059999999999995,6.709999999999999,64.0,557.0,1.5,0.7786484810911345
2026-04-30T10:09:28,04/30/202610:09,145.18,1.0,145.18,55.410000000000004,2.04,113.03640000000001,112.3,0.3,6.0,198.7,23869.0,45155.0,16.8,14.9,58.0,30.059999999999995,6.709999999999999,64.0,557.0,1.5,0.7785948477751757
2026-04-30T10:10:01,04/30/202610:10,145.14000000000001,1.0,145.14000000000001,55.410000000000004,2.06,114.14460000000001,113.4,0.3,6.0,198.7,23869.0,45155.0,16.8,14.9,58.0,30.059999999999995,6.709999999999999,64.0,557.0,1.5,0.7864448119057462
2026-04-30T10:10:28,04/30/202610:10,145.1,1.0,145.1,55.410000000000004,2.06,114.14460000000001,113.4,0.3,6.0,198.7,23869.0,45155.0,16.8,14.9,58.0,30.059999999999995,6.709999999999999,64.0,557.0,1.5,0.7866616126809098
2026-04-30T10:11:00,04/30/202610:11,145.05,1.0,145.05,55.410000000000004,2.05,113.59049999999999,112.8,0.3,6.0,198.7,23869.0,45155.0,16.8,14.9,58.0,30.059999999999995,6.709999999999999,64.0,557.0,1.5,0.7831127197518096
2026-04-30T10:11:28,04/30/202610:11,145.02,0.99,143.56980000000001,55.410000000000004,2.0300000000000002,112.48230000000002,111.7,0.3,6.0,198.7,23869.0,45155.0,16.8,14.9,58.0,30.059999999999995,6.709999999999999,64.0,557.0,1.5,0.7834676930663692
2026-04-30T10:12:01,04/30/202610:12,144.95999999999998,0.9800000000000001,142.0608,55.410000000000004,2.02,111.9282,111.2,0.3,6.0,198.7,23869.0,45155.0,16.8,14.9,58.0,30.059999999999995,6.709999999999999,64.0,557.0,1.5,0.7878894107311799
2026-04-30T10:12:09,04/30/202610:12,144.87,0.9800000000000001,141.97260000000003,55.410000000000004,2.0300000000000002,112.48230000000002,111.8,0.3,6.0,198.7,23869.0,45155.0,16.8,14.9,58.0,30.059999999999995,6.709999999999999,64.0,557.0,1.5,0.79228175014052
2026-04-30T10:13:01,04/30/202610:13,144.77,0.9800000000000001,141.87460000000002,55.410000000000004,2.04,113.03640000000001,112.4,0.3,6.0,198.7,23869.0,45155.0,16.8,14.9,58.0,30.059999999999995,6.709999999999999,64.0,557.0,1.5,0.7967345811019027
2026-04-30T10:13:09,04/30/202610:13,144.70999999999998,0.97,140.3687,55.410000000000004,2.0300000000000002,112.48230000000002,111.9,0.3,6.0,198.7,23869.0,45155.0,16.8,14.9,58.0,30.059999999999995,6.709999999999999,64.0,557.0,1.5,0.8013346280189246
2026-04-30T10:14:01,04/30/202610:14,144.68,0.96,138.8928,55.4,2.02,111.908,111.4,0.3,6.0,198.7,23869.0,45155.0,16.8,14.9,58.0,30.059999999999995,6.709999999999999,64.0,557.0,1.5,0.8057149110681043
2026-04-30T10:14:09,04/30/202610:14,144.70999999999998,0.95,137.47449999999998,55.4,1.97,109.13799999999999,108.7,0.3,6.0,198.7,23869.0,45155.0,16.8,14.9,58.0,30.059999999999995,6.709999999999999,64.0,557.0,1.5,0.793878137400027
2026-04-30T10:15:01,04/30/202610:15,144.74,0.9400000000000001,136.05560000000003,55.4,1.92,106.368,106.0,0.3,6.0,198.7,23869.0,45155.0,16.8,14.9,58.0,30.059999999999995,6.709999999999999,64.0,557.0,1.5,0.7817980296290632
2026-04-30T10:15:09,04/30/202610:15,144.72,0.9400000000000001,136.0368,55.4,1.9300000000000002,106.92200000000001,106.6,0.3,6.0,198.7,23869.0,45155.0,16.8,14.9,58.0,30.059999999999995,6.709999999999999,64.0,557.0,1.5,0.7859784999353117
2026-04-30T10:16:01,04/30/202610:16,144.7,0.9400000000000001,136.018,55.4,1.94,107.476,107.2,0.3,6.0,198.7,23869.0,45155.0,16.8,14.9,58.0,30.059999999999995,6.709999999999999,64.0,557.0,1.5,0.7901601258656943
2026-04-30T10:16:09,04/30/202610:16,144.67000000000002,0.95,137.4365,55.4,1.95,108.03,107.7,0.3,6.0,198.7,23869.0,45155.0,16.8,14.940000000000001,57.8,30.059999999999995,6.729000000000001,64.1,555.5,1.52,0.7860357328657235
2026-04-30T10:17:57,04/30/202610:17,144.66,0.95,137.427,55.4,1.95,108.03,107.7,0.3,6.0,198.7,23869.0,45155.0,16.8,14.98,57.6,30.059999999999995,6.748,64.2,554.0,1.54,0.7860900696369709
2026-04-30T10:18:01,04/30/202610:18,144.68,0.9400000000000001,135.9992,55.4,1.9300000000000002,106.92200000000001,106.6,0.3,6.0,198.7,23869.0,45155.0,16.8,15.020000000000001,57.4,30.059999999999995,6.767,64.3,552.5,1.56,0.7861958011517716
2026-04-30T10:18:09,04/30/202610:18,144.7,0.93,134.571,55.4,1.9,105.25999999999999,104.9,0.3,6.0,198.7,23869.0,45155.0,16.8,15.059999999999999,57.2,30.059999999999995,6.786,64.4,551.0,1.58,0.7821893275668605
2026-04-30T10:19:01,04/30/202610:19,144.68,0.93,134.5524,55.4,1.89,104.70599999999999,104.3,0.3,6.0,198.7,23869.0,45155.0,16.8,15.1,57.0,30.059999999999995,6.805,64.5,549.5,1.6,0.7781800993516279
2026-04-30T10:19:10,04/30/202610:19,144.65,0.93,134.52450000000002,55.4,1.8699999999999999,103.59799999999998,103.2,0.3,6.0,198.7,23869.0,45155.0,16.8,15.14,56.8,30.059999999999995,6.824000000000001,64.6,548.0,1.6199999999999999,0.7701050737969661
2026-04-30T10:20:01,04/30/202610:20,144.62,0.93,134.4966,55.4,1.8699999999999999,103.59799999999998,103.2,0.3,6.0,198.7,23869.0,45155.0,16.8,15.180000000000001,56.6,30.059999999999995,6.843000000000001,64.7,546.5,1.64,0.7702648245383154
2026-04-30T10:20:09,04/30/202610:20,144.56,0.93,134.4408,55.4,1.89,104.70599999999999,104.3,0.3,6.0,198.7,23869.0,45155.0,16.8,15.220000000000002,56.4,30.059999999999995,6.862,64.8,545.0,1.6600000000000001,0.7788260706571218
2026-04-30T10:21:01,04/30/202610:21,144.55,0.9199999999999999,132.986,55.4,1.8699999999999999,103.59799999999998,103.2,0.3,6.0,198.7,23869.0,45155.0,16.8,15.26,56.2,30.059999999999995,6.881,64.9,543.5,1.6800000000000002,0.7790143323357346
2026-04-30T10:21:09,04/30/202610:21,144.56,0.9099999999999999,131.5496,55.4,1.8399999999999999,101.93599999999999,101.5,0.3,6.0,198.7,23869.0,45155.0,16.8,15.3,56.0,30.059999999999995,6.9,65.0,542.0,1.7,0.7748864306694965
2026-04-30T10:22:01,04/30/202610:22,144.56,0.9,130.104,55.4,1.8199999999999998,100.82799999999999,100.4,0.3,6.0,198.7,23869.0,45155.0,16.8,15.3,56.0,30.059999999999995,6.9,65.0,542.0,1.7,0.7749800159872101
2026-04-30T10:22:09,04/30/202610:22,144.53,0.9,130.077,55.4,1.8199999999999998,100.82799999999999,100.4,0.3,6.0,198.7,23869.0,45155.0,16.8,15.3,56.0,30.059999999999995,6.9,65.0,542.0,1.7,0.775140878095282
2026-04-30T10:22:38,04/30/202610:22,144.54000000000002,0.9,130.086,55.4,1.7899999999999998,99.16599999999998,98.7,0.3,6.0,198.7,23869.0,45155.0,16.8,15.3,56.0,30.059999999999995,6.9,65.0,542.0,1.7,0.7623110865119995
2026-04-30T10:23:01,04/30/202610:23,144.55,0.9,130.09500000000003,55.4,1.77,98.05799999999999,97.6,0.3,6.0,198.7,23869.0,45155.0,16.8,15.3,56.0,30.059999999999995,6.9,65.0,542.0,1.7,0.7537414965986392
2026-04-30T10:23:38,04/30/202610:23,144.55,0.9,130.09500000000003,55.4,1.7600000000000002,97.504,97.1,0.3,6.0,198.7,23869.0,45155.0,16.8,15.3,56.0,30.059999999999995,6.9,65.0,542.0,1.7,0.7494830700641838
2026-04-30T10:24:00,04/30/202610:24,144.56,0.9,130.104,55.4,1.7600000000000002,97.504,97.1,0.3,6.0,198.7,23869.0,45155.0,16.8,15.3,56.0,30.059999999999995,6.9,65.0,542.0,1.7,0.7494312242513681
2026-04-30T10:24:38,04/30/202610:24,144.56,0.9,130.104,55.4,1.77,98.05799999999999,97.6,0.3,6.0,198.7,23869.0,45155.0,16.8,15.3,56.0,30.059999999999995,6.9,65.0,542.0,1.7,0.7536893562073417
2026-04-30T10:25:01,04/30/202610:25,144.59,0.9,130.131,55.4,1.7600000000000002,97.504,97.0,0.3,6.0,198.7,23869.0,45155.0,16.8,15.3,56.0,30.059999999999995,6.9,65.0,542.0,1.7,0.7492757298414675
2026-04-30T10:25:38,04/30/202610:25,144.60999999999999,0.9,130.149,55.4,1.75,96.95,96.4,0.3,6.0,198.7,23869.0,45155.0,16.8,15.3,56.0,30.059999999999995,6.9,65.0,542.0,1.7,0.7449154430690977
2026-04-30T10:26:01,04/30/202610:26,144.60999999999999,0.9,130.149,55.4,1.75,96.95,96.4,0.3,6.0,198.7,23869.0,45155.0,16.8,15.3,56.0,30.059999999999995,6.9,65.0,542.0,1.7,0.7449154430690977
2026-04-30T10:26:38,04/30/202610:26,144.62,0.89,128.7118,55.4,1.7399999999999998,96.39599999999999,95.9,0.3,6.0,198.7,23869.0,45155.0,16.8,15.3,56.0,30.059999999999995,6.9,65.0,542.0,1.7,0.7489290026244678
2026-04-30T10:27:01,04/30/202610:27,144.64000000000001,0.8800000000000001,127.28320000000004,55.4,1.72,95.288,94.8,0.3,6.0,198.7,23869.0,45155.0,16.8,15.3,56.0,30.059999999999995,6.9,65.0,542.0,1.7,0.7486298270313755
2026-04-30T10:27:38,04/30/202610:27,144.57999999999998,0.8800000000000001,127.2304,55.4,1.7399999999999998,96.39599999999999,95.9,0.3,6.0,198.7,23869.0,45155.0,16.8,15.3,56.0,30.059999999999995,6.9,65.0,542.0,1.7,0.7576491153057758
2026-04-30T10:29:08,04/30/202610:29,144.51999999999998,0.8800000000000001,127.1776,55.4,1.7600000000000002,97.504,97.0,0.3,7.0,198.7,23869.0,45155.0,16.8,15.3,56.0,30.059999999999995,6.9,65.0,542.0,1.7,0.7666758926100194
2026-04-30T10:29:38,04/30/202610:29,144.44,0.8800000000000001,127.10720000000002,55.4,1.7899999999999998,99.16599999999998,98.6,0.3,7.0,198.7,23869.0,45155.0,16.8,15.3,56.0,30.059999999999995,6.9,65.0,542.0,1.7,0.7801761033206613
2026-04-30T10:30:00,04/30/202610:30,144.35999999999999,0.8800000000000001,127.0368,55.4,1.8199999999999998,100.82799999999999,100.2,0.3,7.0,198.7,23869.0,45155.0,16.8,15.3,56.0,30.059999999999995,6.9,65.0,542.0,1.7,0.793691276858359
2026-04-30T10:30:38,04/30/202610:30,144.32,0.8800000000000001,127.00160000000001,55.410000000000004,1.83,101.40030000000002,100.8,0.3,7.0,198.7,23869.0,45155.0,16.8,15.290000000000001,56.0,30.059999999999995,6.931,63.9,547.0,1.7,0.7984175002519653
2026-04-30T10:31:00,04/30/202610:31,144.28,0.8800000000000001,126.96640000000002,55.42,1.8399999999999999,101.97279999999999,101.4,0.3,7.0,198.7,23869.0,45155.0,16.8,15.280000000000001,56.0,30.059999999999995,6.962000000000001,62.8,552.0,1.7,0.803147919449555
2026-04-30T10:31:38,04/30/202610:31,144.26,0.8800000000000001,126.9488,55.42,1.8199999999999998,100.86439999999999,100.3,0.3,7.0,198.7,23869.0,45155.0,16.8,15.309999999999999,55.9,30.057,7.018000000000001,61.4,562.6,1.72,0.7945281877418297
2026-04-30T10:32:00,04/30/202610:32,144.24,0.8800000000000001,126.93120000000002,55.42,1.8,99.756,99.2,0.3,7.0,198.7,23869.0,45155.0,16.8,15.34,55.8,30.053999999999995,7.074000000000001,60.0,573.2,1.7399999999999998,0.785906065648162
2026-04-30T10:32:38,04/30/202610:32,144.2,0.89,128.338,55.42,1.81,100.31020000000001,99.7,0.3,7.0,198.7,23869.0,45155.0,16.8,15.37,55.7,30.051,7.13,58.6,583.8,1.7599999999999998,0.781609499914289
2026-04-30T10:33:01,04/30/202610:33,144.16,0.9,129.744,55.42,1.8199999999999998,100.86439999999999,100.2,0.3,7.0,198.7,23869.0,45155.0,16.8,15.4,55.6,30.048000000000002,7.186,57.2,594.4,1.78,0.7774109014675051
2026-04-30T10:34:19,04/30/202610:34,144.19,0.89,128.3291,55.42,1.8,99.756,99.1,0.3,7.0,198.7,23869.0,45155.0,16.8,15.430000000000001,55.7,30.048000000000002,7.242,55.8,605.0,1.8,0.777345122813142
2026-04-30T10:35:00,04/30/202610:35,144.22,0.8800000000000001,126.91360000000002,55.42,1.78,98.64760000000001,98.0,0.3,7.0,198.7,23869.0,45155.0,16.8,15.459999999999999,55.8,30.048000000000002,7.298,54.4,615.6,1.8199999999999998,0.7772815521740775
2026-04-30T10:35:19,04/30/202610:35,144.24,0.8800000000000001,126.93120000000002,55.42,1.7600000000000002,97.53920000000002,96.9,0.3,7.0,198.7,23869.0,45155.0,16.8,15.49,55.9,30.048000000000002,7.354000000000001,53.0,626.2,1.8399999999999999,0.7684414864115364
2026-04-30T10:36:00,04/30/202610:36,144.26,0.8800000000000001,126.9488,55.42,1.7399999999999998,96.43079999999999,95.8,0.3,7.0,198.7,23869.0,45155.0,16.8,15.52,56.0,30.048000000000002,7.409999999999999,51.6,636.8,1.8599999999999999,0.7596038717971338
2026-04-30T10:36:19,04/30/202610:36,144.24,0.8800000000000001,126.93120000000002,55.42,1.73,95.8766,95.2,0.3,7.0,198.7,23869.0,45155.0,16.8,15.559999999999999,56.1,30.048000000000002,7.435,51.3,642.4,1.8800000000000001,0.7553430519840668
2026-04-30T10:37:01,04/30/202610:37,144.22,0.8800000000000001,126.91360000000002,55.42,1.72,95.3224,94.6,0.3,7.0,198.7,23869.0,45155.0,16.8,15.6,56.2,30.048000000000002,7.459999999999999,51.0,648.0,1.9,0.7510810504154006
2026-04-30T10:37:19,04/30/202610:37,144.16,0.8800000000000001,126.86080000000001,55.42,1.75,96.985,96.3,0.3,7.0,198.7,23869.0,45155.0,16.8,15.6,56.4,30.051,7.459999999999999,51.0,648.0,1.9,0.7644993567753001
2026-04-30T10:38:00,04/30/202610:38,144.1,0.8800000000000001,126.808,55.42,1.78,98.64760000000001,98.0,0.3,7.0,198.7,23869.0,45155.0,16.8,15.6,56.6,30.053999999999995,7.459999999999999,51.0,648.0,1.9,0.7779288372973314
2026-04-30T10:38:19,04/30/202610:38,144.07,0.8700000000000001,125.3409,55.42,1.77,98.0934,97.5,0.3,7.0,198.7,23869.0,45155.0,16.8,15.6,56.8,30.057,7.459999999999999,51.0,648.0,1.9,0.7826128582130812
2026-04-30T10:39:01,04/30/202610:39,144.04000000000002,0.86,123.87440000000002,55.42,1.7600000000000002,97.53920000000002,97.0,0.3,7.0,198.7,23869.0,45155.0,16.8,15.6,57.0,30.059999999999995,7.459999999999999,51.0,648.0,1.9,0.7874040156803989
2026-04-30T10:40:20,04/30/202610:40,143.95999999999998,0.8700000000000001,125.2452,55.42,1.78,98.64760000000001,98.1,0.4,7.0,198.7,23869.0,45155.0,16.8,15.6,57.0,30.059999999999995,7.459999999999999,51.0,648.0,1.9,0.7876357736663762
2026-04-30T10:41:00,04/30/202610:41,143.88,0.8800000000000001,126.61440000000002,55.42,1.8,99.756,99.2,0.4,7.0,198.7,23869.0,45155.0,16.8,15.6,57.0,30.059999999999995,7.459999999999999,51.0,648.0,1.9,0.7878724694821441
2026-04-30T10:41:18,04/30/202610:41,143.9,0.8700000000000001,125.19300000000003,55.42,1.77,98.0934,97.5,0.4,7.0,198.7,23869.0,45155.0,16.8,15.6,57.0,30.059999999999995,7.459999999999999,51.0,648.0,1.9,0.7835374182262586
2026-04-30T10:42:01,04/30/202610:42,143.92000000000002,0.86,123.77120000000001,55.42,1.7399999999999998,96.43079999999999,95.8,0.4,7.0,198.7,23869.0,45155.0,16.8,15.6,57.0,30.059999999999995,7.459999999999999,51.0,648.0,1.9,0.7791053169073257
2026-04-30T10:42:19,04/30/202610:42,143.95999999999998,0.86,123.80559999999998,55.410000000000004,1.72,95.3052,94.7,0.4,7.0,198.7,23869.0,45155.0,16.8,15.6,57.0,30.059999999999995,7.459999999999999,51.0,648.0,1.9,0.769797165879411
2026-04-30T10:43:00,04/30/202610:43,144.0,0.86,123.84,55.4,1.7,94.17999999999999,93.6,0.4,7.0,198.7,23869.0,45155.0,16.8,15.6,57.0,30.059999999999995,7.459999999999999,51.0,648.0,1.9,0.7604974160206718
2026-04-30T10:43:19,04/30/202610:43,144.10999999999999,0.85,122.49349999999998,55.4,1.6600000000000001,91.964,91.4,0.4,7.0,198.7,23869.0,45155.0,16.8,15.6,57.0,30.059999999999995,7.459999999999999,51.0,648.0,1.9,0.7507663671949941
2026-04-30T10:44:01,04/30/202610:44,144.22,0.8400000000000001,121.1448,55.4,1.6199999999999999,89.74799999999999,89.2,0.4,7.0,198.7,23869.0,45155.0,16.8,15.6,57.0,30.059999999999995,7.459999999999999,51.0,648.0,1.9,0.740832458347366
2026-04-30T10:44:19,04/30/202610:44,144.27,0.8400000000000001,121.18680000000002,55.4,1.6199999999999999,89.74799999999999,89.2,0.4,7.0,198.7,23869.0,45155.0,16.8,15.6,57.0,30.059999999999995,7.459999999999999,51.0,648.0,1.9,0.7405757062650385
2026-04-30T10:45:00,04/30/202610:45,144.32,0.8400000000000001,121.2288,55.4,1.6199999999999999,89.74799999999999,89.2,0.4,7.0,198.7,23869.0,45155.0,16.8,15.6,57.0,30.059999999999995,7.459999999999999,51.0,648.0,1.9,0.7403191320874246
2026-04-30T10:45:20,04/30/202610:45,144.4,0.8300000000000001,119.85200000000002,55.4,1.6,88.64,88.1,0.4,7.0,198.7,23869.0,45155.0,16.8,15.6,57.0,30.059999999999995,7.459999999999999,51.0,648.0,1.9,0.7395788138704401
2026-04-30T10:46:01,04/30/202610:46,144.48000000000002,0.8200000000000001,118.47360000000002,55.4,1.58,87.532,87.0,0.4,7.0,198.7,23869.0,45155.0,16.8,15.6,57.0,30.059999999999995,7.459999999999999,51.0,648.0,1.9,0.7388312670502118
2026-04-30T10:46:19,04/30/202610:46,144.46,0.8300000000000001,119.90180000000002,55.39,1.61,89.17790000000001,88.7,0.4,7.0,198.7,23869.0,45155.0,16.8,15.64,56.9,30.057,7.4719999999999995,50.6,642.2,1.92,0.7437578084732672
2026-04-30T10:47:00,04/30/202610:47,144.44,0.8400000000000001,121.32960000000001,55.379999999999995,1.64,90.82319999999999,90.4,0.4,7.0,198.7,23869.0,45155.0,16.8,15.680000000000001,56.8,30.053999999999995,7.484,50.2,636.4,1.94,0.7485658899394705
2026-04-30T10:47:19,04/30/202610:47,144.42000000000002,0.8300000000000001,119.86860000000003,55.379999999999995,1.65,91.37699999999998,91.0,0.4,7.0,198.7,23869.0,45155.0,16.8,15.719999999999999,56.7,30.051,7.4959999999999996,49.8,630.6,1.9600000000000002,0.7623097291534227
2026-04-30T10:48:01,04/30/202610:48,144.4,0.8200000000000001,118.40800000000002,55.379999999999995,1.6600000000000001,91.9308,91.6,0.4,7.0,198.7,23869.0,45155.0,16.8,15.76,56.6,30.048000000000002,7.508,49.4,624.8,1.98,0.776390108776434
2026-04-30T10:48:19,04/30/202610:48,144.32,0.8300000000000001,119.7856,55.39,1.67,92.5013,92.1,0.4,7.0,198.7,23869.0,45155.0,16.8,15.8,56.5,30.044999999999998,7.5200000000000005,49.0,619.0,2.0,0.7722238733203323
2026-04-30T10:49:00,04/30/202610:49,144.24,0.8400000000000001,121.16160000000002,55.4,1.6800000000000002,93.072,92.6,0.4,7.0,198.7,23869.0,45155.0,16.8,15.84,56.4,30.042,7.531999999999999,48.6,613.2,2.02,0.7681641708264003
2026-04-30T10:49:20,04/30/202610:49,144.22,0.8400000000000001,121.1448,55.410000000000004,1.67,92.5347,92.0,0.4,7.0,198.7,23869.0,45155.0,16.8,15.88,56.3,30.038999999999998,7.544,48.2,607.4,2.04,0.7638355092418329
2026-04-30T10:50:01,04/30/202610:50,144.2,0.8400000000000001,121.128,55.42,1.6600000000000001,91.9972,91.4,0.4,7.0,198.7,23869.0,45155.0,16.8,15.919999999999998,56.2,30.036,7.556,47.8,601.6,2.06,0.7595039957730666
2026-04-30T10:51:32,04/30/202610:51,144.2,0.85,122.57,55.42,1.6800000000000002,93.10560000000001,92.5,0.4,7.0,198.7,23869.0,45155.0,16.8,15.959999999999999,56.1,30.032999999999998,7.5680000000000005,47.4,595.8,2.08,0.759611650485437
2026-04-30T10:52:00,04/30/202610:52,144.2,0.86,124.01199999999999,55.42,1.7,94.214,93.6,0.4,7.0,198.7,23869.0,45155.0,16.8,16.0,56.0,30.03,7.58,47.0,590.0,2.1,0.7597168015998452
2026-04-30T10:52:19,04/30/202610:52,144.25,0.86,124.05499999999999,55.42999999999999,1.69,93.67669999999998,93.1,0.4,7.0,198.7,23869.0,45155.0,16.9,16.0,56.0,30.03,7.58,47.0,590.0,2.1,0.7551223247753012
2026-04-30T10:53:01,04/30/202610:53,144.3,0.86,124.09800000000001,55.44,1.6800000000000002,93.1392,92.6,0.4,7.0,198.7,23869.0,45155.0,16.9,16.0,56.0,30.03,7.58,47.0,590.0,2.1,0.7505294202968621
2026-04-30T10:53:20,04/30/202610:53,144.37,0.86,124.15820000000001,55.44,1.67,92.58479999999999,92.0,0.4,7.0,198.7,23869.0,45155.0,16.8,16.0,56.0,30.03,7.58,47.0,590.0,2.1,0.7457002437213167
2026-04-30T10:54:24,04/30/202610:54,144.45,0.86,124.22699999999999,55.44,1.6600000000000001,92.0304,91.4,0.4,7.0,198.7,23869.0,45155.0,16.8,16.0,56.0,30.03,7.58,47.0,590.0,2.1,0.7408244584510614
2026-04-30T10:55:01,04/30/202610:55,144.55,0.85,122.8675,55.42999999999999,1.6600000000000001,92.01379999999999,91.4,0.4,7.0,198.7,23869.0,45155.0,16.8,16.0,56.0,30.03,7.58,47.0,590.0,2.1,0.7488864020184344
2026-04-30T10:55:24,04/30/202610:55,144.64000000000001,0.8400000000000001,121.49760000000002,55.42,1.67,92.5514,92.0,0.4,7.0,198.7,23869.0,45155.0,16.8,16.0,56.0,30.03,7.58,47.0,590.0,2.1,0.7617549647071217
2026-04-30T10:56:00,04/30/202610:56,144.70999999999998,0.8400000000000001,121.5564,55.410000000000004,1.6800000000000002,93.08880000000002,92.6,0.4,7.0,198.7,23869.0,45155.0,16.8,16.0,56.0,30.03,7.58,47.0,590.0,2.1,0.7658074770230118
2026-04-30T10:56:25,04/30/202610:56,144.78,0.85,123.063,55.4,1.6800000000000002,93.072,92.6,0.4,7.0,198.7,23869.0,45155.0,16.8,16.0,56.0,30.03,7.58,47.0,590.0,2.1,0.7562955559347652
2026-04-30T10:57:01,04/30/202610:57,144.82,0.85,123.097,55.4,1.6600000000000001,91.964,91.5,0.4,7.0,198.7,23869.0,45155.0,16.8,16.0,56.0,30.03,7.58,47.0,590.0,2.1,0.7470856316563361
2026-04-30T10:57:25,04/30/202610:57,144.87,0.85,123.1395,55.4,1.64,90.856,90.4,0.4,7.0,198.7,23869.0,45155.0,16.9,16.0,56.0,30.03,7.58,47.0,590.0,2.1,0.737829859630744
2026-04-30T10:58:00,04/30/202610:58,144.91,0.85,123.17349999999999,55.4,1.6300000000000001,90.302,89.8,0.4,7.0,198.7,23869.0,45155.0,16.9,16.0,56.0,30.03,7.58,47.0,590.0,2.1,0.7331284732511458
2026-04-30T10:58:25,04/30/202610:58,144.95,0.85,123.20749999999998,55.4,1.6300000000000001,90.302,89.8,0.4,7.0,198.7,23869.0,45155.0,16.8,16.0,56.0,30.03,7.58,47.0,590.0,2.1,0.7329261611509041
2026-04-30T10:58:43,04/30/202610:58,144.97,0.85,123.22449999999999,55.4,1.6300000000000001,90.302,89.8,0.4,7.0,198.7,23869.0,45155.0,16.8,16.0,56.0,30.03,7.58,47.0,590.0,2.1,0.7328250469671211
2026-04-30T10:59:01,04/30/202610:59,144.98,0.85,123.23299999999999,55.4,1.6300000000000001,90.302,89.8,0.4,7.0,198.7,23869.0,45155.0,16.8,16.0,56.0,30.03,7.58,47.0,590.0,2.1,0.7327745003367606
2026-04-30T11:00:01,04/30/202611:00,144.99,0.85,123.2415,55.4,1.6300000000000001,90.302,89.8,0.4,7.0,198.7,23869.0,45155.0,16.8,16.0,56.0,30.03,7.58,47.0,590.0,2.1,0.7327239606788298
2026-04-30T11:00:43,04/30/202611:00,145.03,0.8400000000000001,121.82520000000001,55.4,1.61,89.194,88.7,0.4,7.0,198.7,23869.0,45155.0,16.8,16.0,56.0,30.03,7.58,47.0,590.0,2.1,0.7321473718081316
2026-04-30T11:01:01,04/30/202611:01,145.07,0.8300000000000001,120.4081,55.4,1.59,88.086,87.6,0.4,7.0,198.7,23869.0,45155.0,16.8,16.0,56.0,30.03,7.58,47.0,590.0,2.1,0.7315620792953298
2026-04-30T11:02:43,04/30/202611:02,145.1,0.8300000000000001,120.433,55.39,1.6,88.62400000000001,88.2,0.4,7.0,198.7,23869.0,45155.0,16.8,16.03,55.9,30.03,7.537000000000001,46.7,595.0,2.1100000000000003,0.7358780400720734
2026-04-30T11:03:01,04/30/202611:03,145.13,0.8300000000000001,120.45790000000001,55.379999999999995,1.61,89.1618,88.8,0.4,7.0,198.7,23869.0,45155.0,16.8,16.06,55.8,30.03,7.494,46.4,600.0,2.12,0.7401905562026234
2026-04-30T11:03:44,04/30/202611:03,145.14000000000001,0.82,119.01480000000001,55.379999999999995,1.6199999999999999,89.71559999999998,89.4,0.4,8.0,198.7,23869.0,45155.0,16.8,16.09,55.7,30.03,7.4510000000000005,46.1,605.0,2.13,0.7538188527813345
2026-04-30T11:04:01,04/30/202611:04,145.15,0.8099999999999999,117.5715,55.379999999999995,1.6300000000000001,90.2694,90.0,0.4,8.0,198.7,23869.0,45155.0,16.8,16.119999999999997,55.6,30.03,7.4079999999999995,45.8,610.0,2.14,0.7677830086372973
2026-04-30T11:04:43,04/30/202611:04,145.19,0.8099999999999999,117.6039,55.379999999999995,1.61,89.1618,88.9,0.4,8.0,198.7,23869.0,45155.0,16.8,16.15,55.5,30.03,7.365,45.5,615.0,2.15,0.7581534285852766
2026-04-30T11:05:01,04/30/202611:05,145.22,0.82,119.0804,55.379999999999995,1.6,88.608,88.4,0.4,8.0,198.7,23869.0,45155.0,16.8,16.18,55.4,30.03,7.322,45.2,620.0,2.16,0.7441023039895734
2026-04-30T11:05:44,04/30/202611:05,145.24,0.82,119.0968,55.379999999999995,1.6,88.608,88.4,0.4,8.0,198.7,23869.0,45155.0,16.8,16.21,55.3,30.03,7.279000000000001,44.9,625.0,2.1700000000000004,0.7439998387866005
2026-04-30T11:06:01,04/30/202611:06,145.26,0.82,119.11319999999999,55.379999999999995,1.6,88.608,88.4,0.4,8.0,198.7,23869.0,45155.0,16.8,16.240000000000002,55.2,30.03,7.236,44.6,630.0,2.18,0.7438974017992969
2026-04-30T11:06:43,04/30/202611:06,145.25,0.8400000000000001,122.01,55.379999999999995,1.6199999999999999,89.71559999999998,89.5,0.4,8.0,198.7,23869.0,45155.0,16.8,16.270000000000003,55.1,30.03,7.1930000000000005,44.3,635.0,2.1900000000000004,0.7353134988935331
2026-04-30T11:07:01,04/30/202611:07,145.24,0.86,124.9064,55.379999999999995,1.64,90.82319999999999,90.6,0.4,8.0,198.7,23869.0,45155.0,16.8,16.3,55.0,30.03,7.15,44.0,640.0,2.2,0.72713007500016
2026-04-30T11:07:44,04/30/202611:07,145.28,0.85,123.488,55.4,1.64,90.856,90.6,0.4,8.0,198.7,23869.0,45155.0,16.8,16.3,55.0,30.03,7.15,44.0,640.0,2.2,0.7357476030059601
2026-04-30T11:08:01,04/30/202611:08,145.32,0.8400000000000001,122.06880000000001,55.42,1.64,90.8888,90.6,0.4,8.0,198.7,23869.0,45155.0,16.8,16.3,55.0,30.03,7.15,44.0,640.0,2.2,0.7445702751235369
2026-04-30T11:08:03,04/30/202611:08,145.39000000000001,0.8400000000000001,122.12760000000003,55.42,1.6300000000000001,90.33460000000001,90.0,0.4,8.0,198.7,23869.0,45155.0,16.8,16.3,55.0,30.03,7.15,44.0,640.0,2.2,0.7396739148235123
2026-04-30T11:09:01,04/30/202611:09,145.45999999999998,0.8400000000000001,122.18639999999999,55.42,1.6199999999999999,89.7804,89.4,0.4,8.0,198.7,23869.0,45155.0,16.8,16.3,55.0,30.03,7.15,44.0,640.0,2.2,0.7347822670935554
2026-04-30T11:09:03,04/30/202611:09,145.53,0.8300000000000001,120.78990000000002,55.42,1.64,90.8888,90.5,0.4,8.0,198.7,23869.0,45155.0,16.8,16.3,55.0,30.03,7.15,44.0,640.0,2.2,0.7524536405775648
2026-04-30T11:10:01,04/30/202611:10,145.6,0.8200000000000001,119.39200000000001,55.42,1.6600000000000001,91.9972,91.6,0.4,8.0,198.7,23869.0,45155.0,16.8,16.3,55.0,30.03,7.15,44.0,640.0,2.2,0.7705474403645135
2026-04-30T11:10:03,04/30/202611:10,145.70999999999998,0.8200000000000001,119.48219999999999,55.42,1.6600000000000001,91.9972,91.6,0.4,8.0,198.7,23869.0,45155.0,16.8,16.3,55.0,30.03,7.15,44.0,640.0,2.2,0.769965735481938
2026-04-30T11:11:00,04/30/202611:11,145.82,0.8200000000000001,119.5724,55.42,1.6600000000000001,91.9972,91.6,0.4,8.0,198.7,23869.0,45155.0,16.8,16.3,55.0,30.03,7.15,44.0,640.0,2.2,0.7693849082229679
2026-04-30T11:11:04,04/30/202611:11,146.26,0.7300000000000001,106.7698,55.39,1.49,82.5311,82.2,0.4,8.0,198.7,23869.0,45155.0,16.8,16.3,55.0,30.03,7.15,44.0,640.0,2.2,0.7729816858325106
2026-04-30T11:12:01,04/30/202611:12,146.7,0.64,93.88799999999999,55.36,1.3199999999999998,73.0752,72.8,0.4,8.0,198.7,23869.0,45155.0,16.8,16.3,55.0,30.03,7.15,44.0,640.0,2.2,0.7783231083844581
2026-04-30T11:12:03,04/30/202611:12,146.82,0.64,93.9648,55.31,1.27,70.2437,70.0,0.4,8.0,198.7,23869.0,45155.0,16.8,16.3,55.0,30.03,7.15,44.0,640.0,2.2,0.7475533391227354
2026-04-30T11:13:55,04/30/202611:13,146.93,0.6300000000000001,92.56590000000003,55.260000000000005,1.23,67.9698,67.7,0.4,8.0,198.7,23869.0,45155.0,16.8,16.3,55.0,30.03,7.15,44.0,640.0,2.2,0.7342855198296564
2026-04-30T11:14:01,04/30/202611:14,147.02,0.62,91.1524,55.220000000000006,1.2,66.26400000000001,66.0,0.4,8.0,198.7,23869.0,45155.0,16.8,16.3,55.0,30.03,7.15,44.0,640.0,2.2,0.7269583686222196
2026-04-30T11:14:14,04/30/202611:14,147.10999999999999,0.61,89.73709999999998,55.17999999999999,1.1800000000000002,65.1124,64.9,0.4,8.0,198.7,23869.0,45155.0,16.8,16.3,55.0,30.03,7.15,44.0,640.0,2.2,0.7255906419975685
2026-04-30T11:15:17,04/30/202611:15,147.15,0.61,89.7615,55.14,1.16,63.962399999999995,63.7,0.4,8.0,198.7,23869.0,45155.0,16.8,16.3,55.0,30.03,7.15,44.0,640.0,2.2,0.7125816747714777
2026-04-30T11:15:18,04/30/202611:15,147.18,0.61,89.77980000000001,55.1,1.16,63.916,63.6,0.4,8.0,198.7,23869.0,45155.0,16.8,16.3,55.0,30.03,7.15,44.0,640.0,2.2,0.7119196077514095
2026-04-30T11:16:01,04/30/202611:16,147.18,0.61,89.77980000000001,55.06,1.17,64.4202,64.1,0.4,8.0,198.7,23869.0,45155.0,16.8,16.3,55.0,30.03,7.15,44.0,640.0,2.2,0.7175355703621527
2026-04-30T11:16:18,04/30/202611:16,147.20999999999998,0.61,89.79809999999999,55.02,1.15,63.272999999999996,63.0,0.4,8.0,198.7,23869.0,45155.0,16.8,16.32,54.8,30.03,7.112,44.2,639.0,2.23,0.7046140174458034
2026-04-30T11:17:01,04/30/202611:17,146.92000000000002,0.6900000000000001,101.37480000000002,55.010000000000005,1.29,70.9629,70.7,0.4,8.0,198.7,23869.0,45155.0,16.8,16.34,54.6,30.03,7.074000000000001,44.4,638.0,2.2600000000000002,0.700005326767599
2026-04-30T11:17:18,04/30/202611:17,146.63,0.77,112.9051,55.0,1.45,79.75,79.5,0.4,8.0,198.7,23869.0,45155.0,16.8,16.36,54.4,30.03,7.036,44.6,637.0,2.29,0.7063454175232119
2026-04-30T11:18:00,04/30/202611:18,146.61999999999998,0.77,112.89739999999999,55.0,1.49,81.95,81.7,0.4,8.0,198.7,23869.0,45155.0,16.8,16.380000000000003,54.2,30.03,6.998,44.8,636.0,2.3200000000000003,0.7258803125669857
2026-04-30T11:18:18,04/30/202611:18,146.65,0.77,112.9205,55.0,1.5,82.5,82.3,0.4,8.0,198.7,23869.0,45155.0,16.8,16.4,54.0,30.03,6.959999999999999,45.0,635.0,2.35,0.7306025035312455
2026-04-30T11:19:01,04/30/202611:19,146.68,0.77,112.9436,55.0,1.51,83.05,82.9,0.4,8.0,198.7,23869.0,45155.0,16.8,16.419999999999998,53.8,30.03,6.922,45.2,634.0,2.38,0.7353227628657134
2026-04-30T11:19:17,04/30/202611:19,146.73,0.77,112.98209999999999,55.0,1.49,81.95,81.8,0.4,8.0,198.7,23869.0,45155.0,16.8,16.44,53.6,30.03,6.884,45.4,633.0,2.41,0.7253361373173274
2026-04-30T11:20:01,04/30/202611:20,146.8,0.76,111.56800000000001,55.0,1.46,80.3,80.2,0.4,8.0,198.7,23869.0,45155.0,16.8,16.46,53.4,30.03,6.845999999999999,45.6,632.0,2.44,0.7197404273626845
2026-04-30T11:20:18,04/30/202611:20,146.85,0.77,113.0745,55.010000000000005,1.45,79.7645,79.7,0.4,8.0,198.7,23869.0,45155.0,16.8,16.48,53.2,30.03,6.808,45.8,631.0,2.4699999999999998,0.705415456181544
2026-04-30T11:21:01,04/30/202611:21,146.9,0.78,114.58200000000001,55.02,1.44,79.2288,79.2,0.4,8.0,198.7,23869.0,45155.0,16.8,16.5,53.0,30.03,6.769999999999999,46.0,630.0,2.5,0.691459391527465
2026-04-30T11:21:18,04/30/202611:21,146.94,0.77,113.1438,55.02,1.44,79.2288,79.2,0.4,8.0,198.7,23869.0,45155.0,16.8,16.5,53.0,30.03,6.769999999999999,46.0,630.0,2.5,0.7002487100486284
2026-04-30T11:22:01,04/30/202611:22,146.98,0.76,111.70479999999999,55.02,1.44,79.2288,79.2,0.4,8.0,198.7,23869.0,45155.0,16.8,16.5,53.0,30.03,6.769999999999999,46.0,630.0,2.5,0.7092694315732181
2026-04-30T11:23:01,04/30/202611:23,147.02,0.75,110.26500000000001,55.02,1.42,78.1284,78.1,0.4,8.0,198.7,23869.0,45155.0,16.8,16.5,53.0,30.03,6.769999999999999,46.0,630.0,2.5,0.7085512175214256
2026-04-30T11:23:17,04/30/202611:23,147.05,0.75,110.28750000000001,55.02,1.41,77.5782,77.5,0.4,8.0,198.7,23869.0,45155.0,16.8,16.5,53.0,30.03,6.769999999999999,46.0,630.0,2.5,0.7034178850731043
2026-04-30T11:25:06,04/30/202611:25,147.07,0.75,110.3025,55.02,1.42,78.1284,78.0,0.4,8.0,198.7,23869.0,45155.0,16.8,16.5,53.0,30.03,6.769999999999999,46.0,630.0,2.5,0.7083103284150405
2026-04-30T11:25:18,04/30/202611:25,147.1,0.75,110.32499999999999,55.02,1.42,78.1284,78.0,0.4,8.0,198.7,23869.0,45155.0,16.8,16.5,53.0,30.03,6.769999999999999,46.0,630.0,2.5,0.7081658735554045
2026-04-30T11:26:00,04/30/202611:26,147.10999999999999,0.75,110.33249999999998,55.02,1.44,79.2288,79.1,0.4,8.0,198.7,23869.0,45155.0,16.8,16.5,53.0,30.03,6.769999999999999,46.0,630.0,2.5,0.7180912242539598
2026-04-30T11:26:18,04/30/202611:26,147.1,0.75,110.32499999999999,55.02,1.44,79.2288,79.1,0.4,8.0,198.7,23869.0,45155.0,16.8,16.5,53.0,30.03,6.769999999999999,46.0,630.0,2.5,0.7181400407885793
2026-04-30T11:27:01,04/30/202611:27,147.12,0.73,107.3976,55.010000000000005,1.4,77.014,76.9,0.4,8.0,198.7,23869.0,45155.0,16.8,16.5,53.0,30.03,6.769999999999999,46.0,630.0,2.5,0.7170923745037133
2026-04-30T11:27:18,04/30/202611:27,147.12,0.72,105.9264,55.0,1.3699999999999999,75.35,75.8,0.4,8.0,198.7,23869.0,45155.0,16.8,16.5,53.0,30.03,6.769999999999999,46.0,630.0,2.5,0.7113429702132801
2026-04-30T11:28:00,04/30/202611:28,147.1,0.73,107.383,55.0,1.3599999999999999,74.8,75.8,0.4,8.0,198.7,23869.0,45155.0,16.8,16.5,53.0,30.03,6.769999999999999,46.0,630.0,2.5,0.696572083104402
2026-04-30T11:28:05,04/30/202611:28,147.09,0.73,107.3757,55.0,1.35,74.25,75.2,0.4,8.0,198.7,23869.0,45155.0,16.8,16.5,53.0,30.03,6.769999999999999,46.0,630.0,2.5,0.6914972382019395
2026-04-30T11:29:01,04/30/202611:29,147.07999999999998,0.73,107.36839999999998,55.0,1.34,73.7,74.6,0.4,8.0,198.7,23869.0,45155.0,16.8,16.5,53.0,30.03,6.769999999999999,46.0,630.0,2.5,0.686421703219942
2026-04-30T11:29:05,04/30/202611:29,147.09,0.72,105.9048,55.0,1.3199999999999998,72.6,73.5,0.4,8.0,198.7,23869.0,45155.0,16.8,16.5,53.0,30.03,6.769999999999999,46.0,630.0,2.5,0.6855213361434043
2026-04-30T11:30:58,04/30/202611:30,147.06,0.72,105.8832,55.0,1.31,72.05,72.9,0.4,8.0,198.7,23869.0,45155.0,16.9,16.5,52.9,30.03,6.808,46.5,637.0,2.54,0.6804667784879943
2026-04-30T11:31:01,04/30/202611:31,147.02,0.72,105.8544,55.0,1.31,72.05,72.8,0.4,8.0,198.7,23869.0,45155.0,16.9,16.5,52.8,30.03,6.845999999999999,47.0,644.0,2.58,0.6806519143276047
2026-04-30T11:31:58,04/30/202611:31,146.97,0.72,105.8184,55.0,1.3,71.5,72.2,0.4,8.0,198.7,23869.0,45155.0,16.8,16.5,52.7,30.03,6.884,47.5,651.0,2.62,0.6756858920565799
2026-04-30T11:32:00,04/30/202611:32,146.94,0.72,105.79679999999999,55.0,1.31,72.05,72.7,0.4,8.0,198.7,23869.0,45155.0,16.8,16.5,52.6,30.03,6.922,48.0,658.0,2.66,0.6810224883928436
2026-04-30T11:32:58,04/30/202611:32,146.91000000000003,0.72,105.77520000000001,55.0,1.31,72.05,72.7,0.4,8.0,198.7,23869.0,45155.0,16.8,16.5,52.5,30.03,6.959999999999999,48.5,665.0,2.7,0.6811615577186334
2026-04-30T11:33:00,04/30/202611:33,146.9,0.71,104.29899999999999,55.0,1.3,71.5,71.6,0.4,8.0,198.7,23869.0,45155.0,16.8,16.5,52.4,30.03,6.998,49.0,672.0,2.7399999999999998,0.6855291038264989
2026-04-30T11:33:57,04/30/202611:33,146.88,0.7,102.81599999999999,55.0,1.3,71.5,71.0,0.4,8.0,198.7,23869.0,45155.0,16.8,16.5,52.7,30.03,7.036,49.5,679.0,2.7800000000000002,0.6954170557111734
2026-04-30T11:34:00,04/30/202611:34,146.85,0.7,102.79499999999999,55.0,1.3,71.5,71.0,0.4,8.0,198.7,23869.0,45155.0,16.8,16.5,53.0,30.03,7.074000000000001,50.0,686.0,2.82,0.6955591225254147
2026-04-30T11:34:58,04/30/202611:34,146.8,0.71,104.22800000000001,55.010000000000005,1.31,72.0631,71.6,0.4,8.0,198.7,23869.0,45155.0,16.8,16.5,53.3,30.03,7.112,50.5,693.0,2.86,0.6913986644663622
2026-04-30T11:35:00,04/30/202611:35,146.74,0.72,105.6528,55.02,1.3199999999999998,72.62639999999999,72.2,0.4,8.0,198.7,23869.0,45155.0,16.8,16.5,53.6,30.03,7.15,51.0,700.0,2.9,0.6874062968515742
2026-04-30T11:36:18,04/30/202611:36,146.7,0.72,105.62399999999998,55.02,1.31,72.0762,71.7,0.4,8.0,198.7,23869.0,45155.0,16.8,16.5,54.0,30.03,7.15,51.0,700.0,2.9,0.6823846852987958
2026-04-30T11:36:55,04/30/202611:36,146.66,0.72,105.59519999999999,55.02,1.31,72.0762,71.8,0.4,8.0,198.7,23869.0,45155.0,16.8,16.5,54.4,30.03,7.15,51.0,700.0,2.9,0.682570798672667
2026-04-30T11:37:01,04/30/202611:37,146.63,0.72,105.5736,55.02,1.3199999999999998,72.62639999999999,72.4,0.4,8.0,198.7,23869.0,45155.0,16.8,16.5,54.8,30.03,7.15,51.0,700.0,2.9,0.6879219804951237
2026-04-30T11:38:32,04/30/202611:38,146.59,0.73,107.0107,55.02,1.35,74.27700000000002,74.1,0.4,8.0,198.7,23869.0,45155.0,16.8,16.5,55.2,30.03,7.15,51.0,700.0,2.9,0.6941081592775303
2026-04-30T11:38:33,04/30/202611:38,146.56,0.73,106.9888,55.02,1.3699999999999999,75.3774,75.2,0.4,8.0,198.7,23869.0,45155.0,16.8,16.5,55.6,30.03,7.15,51.0,700.0,2.9,0.7045354280074175
2026-04-30T11:39:01,04/30/202611:39,146.53,0.73,106.9669,55.02,1.3900000000000001,76.47780000000002,76.3,0.4,8.0,198.7,23869.0,45155.0,16.8,16.5,56.0,30.03,7.15,51.0,700.0,2.9,0.7149669664167141
2026-04-30T11:39:33,04/30/202611:39,146.5,0.74,108.41,55.02,1.4,77.028,76.9,0.4,8.0,198.7,23869.0,45155.0,16.8,16.5,56.0,30.03,7.15,51.0,700.0,2.9,0.7105248593303202
2026-04-30T11:40:01,04/30/202611:40,146.47,0.75,109.85249999999999,55.02,1.41,77.5782,77.5,0.4,8.0,198.7,23869.0,45155.0,16.8,16.5,56.0,30.03,7.15,51.0,700.0,2.9,0.7062033180856148
2026-04-30T11:40:32,04/30/202611:40,146.45,0.74,108.37299999999999,55.010000000000005,1.4,77.014,76.9,0.4,8.0,198.7,23869.0,45155.0,16.8,16.5,56.0,30.03,7.15,51.0,700.0,2.9,0.7106382586068486
2026-04-30T11:41:01,04/30/202611:41,146.43,0.73,106.8939,55.0,1.3900000000000001,76.45,76.3,0.4,8.0,198.7,23869.0,45155.0,16.8,16.5,56.0,30.03,7.15,51.0,700.0,2.9,0.7151951608089891
2026-04-30T11:41:33,04/30/202611:41,146.41000000000003,0.74,108.34340000000002,55.0,1.4,77.0,76.9,0.4,8.0,198.7,23869.0,45155.0,16.8,16.5,56.0,30.03,7.15,51.0,700.0,2.9,0.7107031900420329
2026-04-30T11:42:01,04/30/202611:42,146.39000000000001,0.75,109.79250000000002,55.0,1.4,77.0,76.9,0.4,8.0,198.7,23869.0,45155.0,16.8,16.5,56.0,30.03,7.15,51.0,700.0,2.9,0.7013229501104354
2026-04-30T11:42:33,04/30/202611:42,146.42000000000002,0.75,109.81500000000001,55.0,1.3900000000000001,76.45,76.3,0.4,8.0,198.7,23869.0,45155.0,16.8,16.5,56.0,30.03,7.15,51.0,700.0,2.9,0.6961708327641942
2026-04-30T11:43:01,04/30/202611:43,146.46,0.74,108.38040000000001,55.0,1.3599999999999999,74.8,74.6,0.4,8.0,198.7,23869.0,45155.0,16.8,16.5,56.0,30.03,7.15,51.0,700.0,2.9,0.6901616897520215
2026-04-30T11:43:33,04/30/202611:43,146.5,0.74,108.41,55.0,1.3699999999999999,75.35,75.1,0.4,8.0,198.7,23869.0,45155.0,16.8,16.5,56.0,30.03,7.15,51.0,700.0,2.9,0.6950465824185961
2026-04-30T11:44:01,04/30/202611:44,146.54000000000002,0.74,108.43960000000001,55.0,1.3800000000000001,75.9,75.6,0.4,8.0,198.7,23869.0,45155.0,16.8,16.5,56.0,30.03,7.15,51.0,700.0,2.9,0.6999288082951246
2026-04-30T11:44:32,04/30/202611:44,146.61,0.73,107.0253,55.0,1.3800000000000001,75.9,75.6,0.4,8.0,198.7,23869.0,45155.0,16.8,16.5,56.0,30.03,7.15,51.0,700.0,2.9,0.7091781102225362
2026-04-30T11:45:01,04/30/202611:45,146.68,0.72,105.6096,55.0,1.3800000000000001,75.9,75.6,0.4,8.0,198.7,23869.0,45155.0,16.8,16.5,56.0,30.03,7.15,51.0,700.0,2.9,0.7186846650304518
2026-04-30T11:45:33,04/30/202611:45,146.76000000000002,0.72,105.66720000000001,55.0,1.35,74.25,74.0,0.4,8.0,198.7,23869.0,45155.0,16.8,16.5,56.0,30.03,7.15,51.0,700.0,2.9,0.7026778413736713
2026-04-30T11:46:01,04/30/202611:46,146.84,0.72,105.7248,55.0,1.3199999999999998,72.6,72.4,0.4,8.0,198.7,23869.0,45155.0,16.8,16.5,56.0,30.03,7.15,51.0,700.0,2.9,0.6866884590937982
2026-04-30T11:47:30,04/30/202611:47,146.89000000000001,0.72,105.7608,55.0,1.3199999999999998,72.6,72.4,0.4,8.0,198.7,23869.0,45155.0,16.8,16.57,56.0,30.026999999999997,7.168000000000001,50.9,716.0,2.93,0.6864547166814169
2026-04-30T11:47:33,04/30/202611:47,146.93,0.71,104.3203,55.0,1.31,72.05,71.8,0.4,9.0,198.7,23869.0,45155.0,16.8,16.64,56.0,30.024,7.186,50.8,732.0,2.96,0.6906613573772314
2026-04-30T11:47:50,04/30/202611:47,146.9,0.72,105.768,55.0,1.33,73.15,72.9,0.4,9.0,198.7,23869.0,45155.0,16.8,16.71,56.0,30.021000000000004,7.204000000000001,50.7,748.0,2.9899999999999998,0.6916080478027381
2026-04-30T11:48:00,04/30/202611:48,146.87,0.73,107.2151,55.0,1.35,74.25,74.0,0.4,9.0,198.7,23869.0,45155.0,16.8,16.78,56.0,30.018,7.2219999999999995,50.6,764.0,3.02,0.6925330480501347
2026-04-30T11:48:49,04/30/202611:48,146.82,0.73,107.17859999999999,55.0,1.34,73.7,73.5,0.4,9.0,198.7,23869.0,45155.0,16.8,16.85,56.0,30.014999999999997,7.24,50.5,780.0,3.05,0.6876372708731034
2026-04-30T11:49:01,04/30/202611:49,146.77,0.73,107.1421,55.0,1.3299999999999998,73.14999999999999,73.0,0.4,9.0,198.7,23869.0,45155.0,16.8,16.919999999999998,56.0,30.012,7.258,50.4,796.0,3.08,0.6827381580163165
2026-04-30T11:49:50,04/30/202611:49,146.68,0.73,107.0764,55.0,1.3299999999999998,73.14999999999999,73.0,0.4,9.0,198.7,23869.0,45155.0,16.9,16.990000000000002,56.0,30.009000000000004,7.276000000000001,50.3,812.0,3.1100000000000003,0.6831570728937467
2026-04-30T11:50:00,04/30/202611:50,146.59,0.73,107.0107,55.0,1.3299999999999998,73.14999999999999,73.0,0.4,9.0,198.7,23869.0,45155.0,16.9,17.06,56.0,30.006,7.294,50.2,828.0,3.14,0.6835765021628677
2026-04-30T11:50:50,04/30/202611:50,146.5,0.73,106.945,55.0,1.3599999999999999,74.8,74.6,0.4,9.0,198.7,23869.0,45155.0,16.8,17.13,56.0,30.002999999999997,7.312,50.1,844.0,3.1700000000000004,0.6994249380522699
2026-04-30T11:51:01,04/30/202611:51,146.41,0.73,106.8793,55.0,1.3900000000000001,76.45,76.2,0.4,9.0,198.7,23869.0,45155.0,16.8,17.2,56.0,30.0,7.33,50.0,860.0,3.2,0.715292858392598
2026-04-30T11:51:50,04/30/202611:51,146.32,0.73,106.8136,55.0,1.4,77.0,76.7,0.4,9.0,198.7,23869.0,45155.0,16.8,17.2,56.0,30.0,7.33,50.0,860.0,3.2,0.7208819850655722
2026-04-30T11:52:00,04/30/202611:52,146.24,0.74,108.2176,55.0,1.42,78.1,77.8,0.4,9.0,198.7,23869.0,45155.0,16.8,17.2,56.0,30.0,7.33,50.0,860.0,3.2,0.7216940682476787
2026-04-30T11:52:51,04/30/202611:52,146.22,0.74,108.2028,54.989999999999995,1.4,76.98599999999999,76.7,0.4,9.0,198.7,23869.0,45155.0,16.8,17.2,56.0,30.0,7.33,50.0,860.0,3.2,0.7114972995153545
2026-04-30T11:53:01,04/30/202611:53,146.2,0.74,108.18799999999999,54.98,1.3800000000000001,75.8724,75.6,0.4,9.0,198.7,23869.0,45155.0,16.8,17.2,56.0,30.0,7.33,50.0,860.0,3.2,0.7013014382371429
2026-04-30T11:53:50,04/30/202611:53,146.19,0.74,108.1806,54.98,1.3599999999999999,74.77279999999999,74.5,0.5,9.0,198.7,23869.0,45155.0,16.8,17.2,56.0,30.0,7.33,50.0,860.0,3.2,0.6911849259479056
2026-04-30T11:54:00,04/30/202611:54,146.18,0.74,108.17320000000001,54.98,1.34,73.6732,73.4,0.5,9.0,198.7,23869.0,45155.0,16.8,17.2,56.0,30.0,7.33,50.0,860.0,3.2,0.681067029541513
2026-04-30T11:54:16,04/30/202611:54,146.14000000000001,0.74,108.1436,54.98,1.31,72.0238,71.7,0.5,9.0,198.7,23869.0,45155.0,16.8,17.2,56.0,30.0,7.33,50.0,860.0,3.2,0.6660015017069895
2026-04-30T11:55:01,04/30/202611:55,146.1,0.74,108.11399999999999,54.98,1.28,70.3744,70.0,0.5,9.0,198.7,23869.0,45155.0,16.8,17.2,56.0,30.0,7.33,50.0,860.0,3.2,0.650927724439018
2026-04-30T11:55:16,04/30/202611:55,146.07,0.73,106.63109999999999,54.98,1.26,69.2748,68.9,0.5,9.0,198.7,23869.0,45155.0,16.8,17.2,56.0,30.0,7.33,50.0,860.0,3.2,0.649667873631614
2026-04-30T11:56:00,04/30/202611:56,146.04000000000002,0.72,105.14880000000001,54.98,1.24,68.17519999999999,67.8,0.5,9.0,198.7,23869.0,45155.0,16.8,17.2,56.0,30.0,7.33,50.0,860.0,3.2,0.6483687878511213
2026-04-30T11:56:15,04/30/202611:56,145.98000000000002,0.71,103.64580000000001,54.989999999999995,1.23,67.6377,67.3,0.5,9.0,198.7,23869.0,45155.0,16.8,17.2,56.0,30.0,7.33,50.0,860.0,3.2,0.6525850540977057
2026-04-30T11:57:01,04/30/202611:57,145.92000000000002,0.7,102.144,55.0,1.22,67.1,66.8,0.5,9.0,198.7,23869.0,45155.0,16.8,17.2,56.0,30.0,7.33,50.0,860.0,3.2,0.6569157268170425
2026-04-30T11:57:16,04/30/202611:57,145.74,0.69,100.5606,55.010000000000005,1.23,67.6623,67.4,0.5,9.0,198.7,23869.0,45155.0,16.8,17.2,56.0,30.0,7.33,50.0,860.0,3.2,0.6728509973090854
2026-04-30T11:58:42,04/30/202611:58,145.66000000000003,0.6799999999999999,99.04880000000001,55.02,1.21,66.5742,66.3,0.5,9.0,198.7,23869.0,45155.0,16.8,17.2,56.0,30.0,7.33,50.0,860.0,3.2,0.6721353514631171
2026-04-30T11:59:01,04/30/202611:59,145.58,0.6799999999999999,98.9944,55.02,1.2,66.024,65.7,0.5,9.0,198.7,23869.0,45155.0,16.8,17.2,56.0,30.0,7.33,50.0,860.0,3.2,0.6669468171936999
2026-04-30T11:59:16,04/30/202611:59,145.45,0.6799999999999999,98.90599999999998,55.02,1.1800000000000002,64.92360000000001,64.6,0.5,9.0,198.7,23869.0,45155.0,16.8,17.2,56.0,30.0,7.33,50.0,860.0,3.2,0.6564172042141025
2026-04-30T11:59:55,04/30/202611:59,145.32,0.69,100.2708,55.02,1.22,67.12440000000001,66.8,0.5,9.0,198.7,23869.0,45155.0,16.9,17.2,56.0,30.0,7.33,50.0,860.0,3.2,0.6694311803635755
2026-04-30T12:00:00,04/30/202600:00,145.19,0.7,101.633,55.02,1.26,69.32520000000001,69.0,0.5,9.0,198.7,23869.0,45155.0,16.9,17.2,56.0,30.0,7.33,50.0,860.0,3.2,0.6821130931882362
2026-04-30T12:00:55,04/30/202600:00,145.04000000000002,0.7,101.528,55.02,1.26,69.32520000000001,69.0,0.5,9.0,198.7,23869.0,45155.0,16.8,17.240000000000002,55.9,30.0,7.336,50.5,863.0,3.22,0.6828185328185329
2026-04-30T12:01:00,04/30/202600:01,144.89000000000001,0.7,101.423,55.02,1.26,69.32520000000001,69.0,0.5,9.0,198.7,23869.0,45155.0,16.8,17.28,55.8,30.0,7.3420000000000005,51.0,866.0,3.2399999999999998,0.6835254330871696
2026-04-30T12:01:55,04/30/202600:01,144.81,0.7,101.36699999999999,55.010000000000005,1.25,68.7625,68.4,0.5,9.0,198.7,23869.0,45155.0,16.8,17.32,55.7,30.0,7.348000000000001,51.5,869.0,3.2600000000000002,0.6783519291288093
2026-04-30T12:02:00,04/30/202600:02,144.73,0.7,101.31099999999999,55.0,1.24,68.2,67.8,0.5,9.0,198.7,23869.0,45155.0,16.8,17.36,55.6,30.0,7.353999999999999,52.0,872.0,3.28,0.6731746799459092
2026-04-30T12:02:55,04/30/202600:02,144.7,0.7,101.28999999999999,55.0,1.23,67.65,67.2,0.5,9.0,198.7,23869.0,45155.0,16.8,17.4,55.5,30.0,7.359999999999999,52.5,875.0,3.3,0.6678842926251358
2026-04-30T12:03:00,04/30/202600:03,144.57,0.7,101.19899999999998,55.0,1.25,68.75,68.3,0.5,9.0,198.7,23869.0,45155.0,16.8,17.44,55.4,30.0,7.366,53.0,878.0,3.3200000000000003,0.6793545390764731
2026-04-30T12:03:55,04/30/202600:03,144.41,0.7,101.08699999999999,55.0,1.26,69.3,68.9,0.5,9.0,198.7,23869.0,45155.0,16.8,17.48,55.3,30.0,7.372,53.5,881.0,3.34,0.6855480922373798
2026-04-30T12:04:00,04/30/202600:04,144.3,0.7,101.01,55.0,1.28,70.4,70.0,0.5,9.0,198.7,23869.0,45155.0,16.8,17.520000000000003,55.2,30.0,7.378,54.0,884.0,3.3600000000000003,0.696960696960697
2026-04-30T12:05:15,04/30/202600:05,144.26,0.7,100.98199999999999,55.0,1.25,68.75,68.4,0.5,9.0,198.7,23869.0,45155.0,16.8,17.560000000000002,55.1,30.0,7.384,54.5,887.0,3.38,0.6808144025667942
2026-04-30T12:06:00,04/30/202600:06,144.22,0.7,100.954,55.0,1.22,67.1,66.8,0.5,9.0,198.7,23869.0,45155.0,16.8,17.6,55.0,30.0,7.389999999999999,55.0,890.0,3.4,0.6646591516928502
2026-04-30T12:07:04,04/30/202600:07,144.31,0.71,102.4601,55.0,1.23,67.65,67.4,0.5,9.0,198.7,23869.0,45155.0,16.8,17.6,55.0,30.0,7.389999999999999,55.0,890.0,3.4,0.660257017121787
2026-04-30T12:08:01,04/30/202600:08,144.4,0.72,103.968,55.0,1.24,68.2,68.0,0.5,9.0,198.7,23869.0,45155.0,16.8,17.6,55.0,30.0,7.389999999999999,55.0,890.0,3.4,0.6559710680209295
2026-04-30T12:08:04,04/30/202600:08,144.45999999999998,0.72,104.01119999999999,55.0,1.24,68.2,68.0,0.5,9.0,198.7,23869.0,45155.0,16.9,17.6,55.0,30.0,7.389999999999999,55.0,890.0,3.4,0.6556986170720077
2026-04-30T12:09:53,04/30/202600:09,144.43,0.73,105.43390000000001,55.0,1.26,69.3,69.1,0.5,9.0,198.7,23869.0,45155.0,16.8,17.6,55.0,30.0,7.389999999999999,55.0,890.0,3.4,0.6572838527266845
2026-04-30T12:10:01,04/30/202600:10,144.43,0.74,106.8782,55.0,1.28,70.4,70.2,0.5,9.0,198.7,23869.0,45155.0,16.8,17.6,55.0,30.0,7.389999999999999,55.0,890.0,3.4,0.6586937280006587
2026-04-30T12:10:04,04/30/202600:10,144.44,0.75,108.33,55.0,1.31,72.05,71.9,0.5,9.0,198.7,23869.0,45155.0,16.8,17.6,55.0,30.0,7.389999999999999,55.0,890.0,3.4,0.6650973876119265
2026-04-30T12:11:00,04/30/202600:11,144.48,0.76,109.8048,55.0,1.35,74.25,74.1,0.5,9.0,198.7,23869.0,45155.0,16.8,17.6,55.0,30.0,7.389999999999999,55.0,890.0,3.4,0.6761999475432768
2026-04-30T12:11:03,04/30/202600:11,144.57,0.76,109.8732,55.0,1.3599999999999999,74.8,74.6,0.5,9.0,198.7,23869.0,45155.0,16.9,17.6,55.0,30.0,7.389999999999999,55.0,890.0,3.4,0.6807847591587394
2026-04-30T12:12:01,04/30/202600:12,144.64000000000001,0.75,108.48000000000002,55.0,1.3699999999999999,75.35,75.1,0.5,9.0,198.7,23869.0,45155.0,16.9,17.6,55.0,30.0,7.389999999999999,55.0,890.0,3.4,0.6945980825958701
2026-04-30T12:12:04,04/30/202600:12,144.63,0.75,108.4725,55.0,1.3800000000000001,75.9,75.6,0.5,9.0,198.7,23869.0,45155.0,16.8,17.6,55.0,30.0,7.389999999999999,55.0,890.0,3.4,0.6997165180114776
2026-04-30T12:13:01,04/30/202600:13,144.5,0.76,109.82000000000001,55.0,1.3900000000000001,76.45,76.1,0.5,9.0,198.7,23869.0,45155.0,16.8,17.6,55.0,30.0,7.389999999999999,55.0,890.0,3.4,0.6961391367692588
2026-04-30T12:13:04,04/30/202600:13,144.35,0.76,109.706,55.0,1.4,77.0,76.6,0.5,9.0,198.7,23869.0,45155.0,16.8,17.6,55.0,30.0,7.389999999999999,55.0,890.0,3.4,0.7018759229212622
2026-04-30T12:14:00,04/30/202600:14,144.22,0.76,109.6072,55.0,1.4,77.0,76.6,0.5,9.0,198.7,23869.0,45155.0,16.8,17.6,55.0,30.0,7.389999999999999,55.0,890.0,3.4,0.7025085943259202
2026-04-30T12:15:01,04/30/202600:15,144.18,0.75,108.135,55.0,1.3800000000000001,75.9,75.5,0.5,9.0,198.7,23869.0,45155.0,16.8,17.6,55.0,30.0,7.389999999999999,55.0,890.0,3.4,0.7019004022749341
2026-04-30T12:15:05,04/30/202600:15,144.01000000000002,0.74,106.5674,55.0,1.35,74.25,73.9,0.5,9.0,198.7,23869.0,45155.0,16.8,17.6,55.0,30.0,7.389999999999999,55.0,890.0,3.4,0.6967421556686191
2026-04-30T12:16:00,04/30/202600:16,143.83,0.73,104.9959,55.0,1.31,72.05,71.7,0.5,9.0,198.7,23869.0,45155.0,16.8,17.6,55.0,30.0,7.389999999999999,55.0,890.0,3.4,0.6862172713410714
2026-04-30T12:16:04,04/30/202600:16,143.74,0.72,103.4928,55.0,1.29,70.95,70.5,0.5,9.0,198.7,23869.0,45155.0,16.9,17.65,54.8,30.0,7.414999999999999,54.5,893.0,3.45,0.6855549371550484
2026-04-30T12:17:01,04/30/202600:17,143.6,0.72,103.392,55.0,1.3,71.5,71.0,0.5,9.0,198.7,23869.0,45155.0,16.9,17.7,54.6,30.0,7.4399999999999995,54.0,896.0,3.5,0.691542865985763
2026-04-30T12:17:05,04/30/202600:17,143.52,0.72,103.3344,55.0,1.3,71.5,71.0,0.5,9.0,198.7,23869.0,45155.0,16.9,17.75,54.4,30.0,7.464999999999999,53.5,899.0,3.55,0.6919283413848631
2026-04-30T12:18:00,04/30/202600:18,143.52,0.71,101.89920000000001,55.0,1.3,71.5,71.0,0.5,9.0,198.7,23869.0,45155.0,16.9,17.8,54.2,30.0,7.489999999999999,53.0,902.0,3.6,0.701673810981833
2026-04-30T12:18:04,04/30/202600:18,143.55,0.7,100.485,55.0,1.27,69.85,69.4,0.5,9.0,198.7,23869.0,45155.0,16.9,17.85,54.0,30.0,7.514999999999999,52.5,905.0,3.65,0.6951286261631089
2026-04-30T12:19:01,04/30/202600:19,143.6,0.7,100.52,55.0,1.24,68.2,67.8,0.5,9.0,198.7,23869.0,45155.0,16.9,17.9,53.8,30.0,7.539999999999999,52.0,908.0,3.7,0.6784719458814167
2026-04-30T12:19:05,04/30/202600:19,143.82999999999998,0.69,99.24269999999999,55.010000000000005,1.21,66.5621,66.2,0.5,9.0,198.7,23869.0,45155.0,16.9,17.95,53.6,30.0,7.5649999999999995,51.5,911.0,3.75,0.6707002127108594
2026-04-30T12:21:04,04/30/202600:21,143.99,0.69,99.3531,55.010000000000005,1.21,66.5621,66.2,0.5,9.0,198.7,23869.0,45155.0,16.8,18.0,53.4,30.0,7.589999999999999,51.0,914.0,3.8,0.669954938497138
2026-04-30T12:21:13,04/30/202600:21,144.31,0.7,101.017,55.010000000000005,1.24,68.2124,67.8,0.5,9.0,198.7,23869.0,45155.0,16.9,18.05,53.2,30.0,7.614999999999999,50.5,917.0,3.85,0.67525663997149
2026-04-30T12:22:00,04/30/202600:22,144.63,0.71,102.6873,55.010000000000005,1.27,69.8627,69.4,0.5,9.0,198.7,23869.0,45155.0,16.9,18.1,53.0,30.0,7.639999999999999,50.0,920.0,3.9,0.6803441126604751
2026-04-30T12:22:13,04/30/202600:22,144.82999999999998,0.71,102.82929999999999,55.010000000000005,1.26,69.3126,68.9,0.5,9.0,198.7,23869.0,45155.0,16.9,18.1,53.0,30.0,7.639999999999999,50.0,920.0,3.9,0.6740549629337165
2026-04-30T12:23:01,04/30/202600:23,145.03,0.71,102.9713,55.010000000000005,1.25,68.7625,68.4,0.5,9.0,198.7,23869.0,45155.0,16.9,18.1,53.0,30.0,7.639999999999999,50.0,920.0,3.9,0.6677831589967302
2026-04-30T12:23:13,04/30/202600:23,145.12,0.71,103.0352,55.010000000000005,1.26,69.3126,69.0,0.5,9.0,198.7,23869.0,45155.0,16.9,18.1,53.0,30.0,7.639999999999999,50.0,920.0,3.9,0.6727079677624734
2026-04-30T12:24:00,04/30/202600:24,145.20999999999998,0.71,103.09909999999998,55.010000000000005,1.27,69.8627,69.6,0.5,9.0,198.7,23869.0,45155.0,16.9,18.1,53.0,30.0,7.639999999999999,50.0,920.0,3.9,0.6776266718138182
2026-04-30T12:24:13,04/30/202600:24,145.27,0.71,103.1417,55.010000000000005,1.3,71.513,71.8,0.5,9.0,198.7,23869.0,45155.0,16.9,18.1,53.0,30.0,7.639999999999999,50.0,920.0,3.9,0.6933471137280073
2026-04-30T12:25:01,04/30/202600:25,145.32999999999998,0.71,103.18429999999998,55.010000000000005,1.33,73.1633,74.0,0.5,9.0,198.7,23869.0,45155.0,16.9,18.1,53.0,30.0,7.639999999999999,50.0,920.0,3.9,0.7090545751630822
2026-04-30T12:25:13,04/30/202600:25,145.17000000000002,0.72,104.5224,55.0,1.34,73.7,74.5,0.5,9.0,198.7,23869.0,45155.0,16.9,18.1,53.0,30.0,7.639999999999999,50.0,920.0,3.9,0.7051120142667983
2026-04-30T12:26:01,04/30/202600:26,145.07999999999998,0.72,104.45759999999999,55.0,1.3199999999999998,72.6,73.4,0.5,9.0,198.7,23869.0,45155.0,16.9,18.1,53.0,30.0,7.639999999999999,50.0,920.0,3.9,0.6950188401801305
2026-04-30T12:26:13,04/30/202600:26,144.79000000000002,0.71,102.80090000000001,55.0,1.27,69.85,70.7,0.5,9.0,198.7,23869.0,45155.0,16.9,18.1,53.0,30.0,7.639999999999999,50.0,920.0,3.9,0.6794687595147512
2026-04-30T12:27:01,04/30/202600:27,144.5,0.7,101.14999999999999,55.0,1.22,67.1,68.0,0.5,9.0,198.7,23869.0,45155.0,16.9,18.1,53.0,30.0,7.639999999999999,50.0,920.0,3.9,0.6633712308452793
2026-04-30T12:27:13,04/30/202600:27,144.29000000000002,0.69,99.5601,55.0,1.2,66.0,66.9,0.5,9.0,198.7,23869.0,45155.0,16.8,18.1,53.0,30.0,7.639999999999999,50.0,920.0,3.9,0.6629161682240174
2026-04-30T12:28:01,04/30/202600:28,144.08,0.6799999999999999,97.9744,55.0,1.1800000000000002,64.9,65.8,0.5,9.0,198.7,23869.0,45155.0,16.8,18.1,53.0,30.0,7.639999999999999,50.0,920.0,3.9,0.6624179377470033
2026-04-30T12:28:13,04/30/202600:28,143.85,0.6799999999999999,97.81799999999998,55.0,1.1700000000000002,64.35000000000001,65.2,0.5,9.0,198.7,23869.0,45155.0,16.9,18.1,53.0,30.0,7.639999999999999,50.0,920.0,3.9,0.6578543826289642
2026-04-30T12:29:00,04/30/202600:29,143.62,0.6799999999999999,97.66159999999999,55.0,1.1600000000000001,63.80000000000001,64.6,0.5,9.0,198.7,23869.0,45155.0,16.9,18.1,53.0,30.0,7.639999999999999,50.0,920.0,3.9,0.6532762109160614
2026-04-30T12:29:13,04/30/202600:29,143.54000000000002,0.6699999999999999,96.1718,55.0,1.1300000000000001,62.150000000000006,62.4,0.5,9.0,198.7,23869.0,45155.0,16.8,18.1,53.0,30.0,7.639999999999999,50.0,920.0,3.9,0.6462393341915198
2026-04-30T12:30:01,04/30/202600:30,143.45999999999998,0.6599999999999999,94.68359999999997,55.0,1.1,60.50000000000001,60.2,0.5,9.0,198.7,23869.0,45155.0,16.8,18.1,53.0,30.0,7.639999999999999,50.0,920.0,3.9,0.6389702123704636
2026-04-30T12:30:13,04/30/202600:30,143.39000000000001,0.6599999999999999,94.6374,55.0,1.1099999999999999,61.04999999999999,60.8,0.5,9.0,198.7,23869.0,45155.0,16.9,18.1,53.0,30.0,7.639999999999999,50.0,920.0,3.9,0.6450938001255316
2026-04-30T12:32:17,04/30/202600:32,143.22,0.6599999999999999,94.52519999999998,55.0,1.1099999999999999,61.04999999999999,60.8,0.5,9.0,198.7,23869.0,45155.0,16.9,18.130000000000003,52.7,30.0,7.628,50.3,922.0,3.96,0.6458595168272587
2026-04-30T12:33:00,04/30/202600:33,143.22,0.6599999999999999,94.52519999999998,55.0,1.12,61.60000000000001,61.3,0.5,9.0,198.7,23869.0,45155.0,16.9,18.160000000000004,52.4,30.0,7.616,50.6,924.0,4.0200000000000005,0.65167807103291
2026-04-30T12:33:11,04/30/202600:33,143.25,0.6599999999999999,94.54499999999999,54.989999999999995,1.1300000000000001,62.1387,61.8,0.5,9.0,198.7,23869.0,45155.0,16.9,18.19,52.1,30.0,7.603999999999999,50.9,926.0,4.08,0.657239409804855
2026-04-30T12:34:00,04/30/202600:34,143.23,0.6699999999999999,95.96409999999999,54.98,1.1300000000000001,62.1274,61.8,0.5,9.0,198.7,23869.0,45155.0,16.9,18.22,51.8,30.0,7.5920000000000005,51.2,928.0,4.14,0.6474025182333811
2026-04-30T12:34:11,04/30/202600:34,143.35,0.6799999999999999,97.47799999999998,54.98,1.1400000000000001,62.677200000000006,62.4,0.5,9.0,198.7,23869.0,45155.0,16.9,18.25,51.5,30.0,7.58,51.5,930.0,4.2,0.6429881614312976
2026-04-30T12:35:00,04/30/202600:35,143.54000000000002,0.6799999999999999,97.6072,54.98,1.1300000000000001,62.1274,61.9,0.5,9.0,198.7,23869.0,45155.0,16.9,18.28,51.2,30.0,7.568,51.8,932.0,4.26,0.6365042742748486
2026-04-30T12:35:11,04/30/202600:35,143.57,0.6799999999999999,97.62759999999999,54.98,1.1300000000000001,62.1274,61.9,0.5,10.0,198.7,23869.0,45155.0,16.9,18.31,50.9,30.0,7.556,52.1,934.0,4.32,0.6363712720583115
2026-04-30T12:36:00,04/30/202600:36,143.45,0.69,98.98049999999998,54.98,1.16,63.776799999999994,63.5,0.5,10.0,198.7,23869.0,45155.0,16.9,18.339999999999996,50.6,30.0,7.544,52.4,936.0,4.38,0.6443370158768648
2026-04-30T12:36:11,04/30/202600:36,143.39000000000001,0.7,100.373,54.98,1.19,65.4262,65.1,0.5,10.0,198.7,23869.0,45155.0,16.9,18.33,50.3,30.0,7.531999999999999,52.7,938.0,4.4399999999999995,0.6518306715949508
2026-04-30T12:37:00,04/30/202600:37,143.35999999999999,0.7,100.35199999999999,54.98,1.2,65.976,65.6,0.5,10.0,198.7,23869.0,45155.0,16.9,18.32,50.0,30.0,7.519999999999999,53.0,940.0,4.5,0.6574457908163266
2026-04-30T12:37:11,04/30/202600:37,143.51,0.69,99.02189999999999,54.98,1.2,65.976,65.6,0.5,10.0,198.7,23869.0,45155.0,16.9,18.279999999999998,50.0,30.0,7.519999999999999,53.0,940.0,4.5,0.666276853908075
2026-04-30T12:38:00,04/30/202600:38,143.66,0.6799999999999999,97.68879999999999,54.98,1.2,65.976,65.6,0.5,10.0,198.7,23869.0,45155.0,16.9,18.24,50.0,30.0,7.519999999999999,53.0,940.0,4.5,0.6753691313640868
2026-04-30T12:38:11,04/30/202600:38,143.65,0.6799999999999999,97.68199999999999,54.989999999999995,1.2200000000000002,67.0878,66.7,0.5,10.0,198.7,23869.0,45155.0,16.9,18.2,50.0,30.0,7.519999999999999,53.0,940.0,4.5,0.6867979771093959
2026-04-30T12:38:43,04/30/202600:38,143.63,0.6799999999999999,97.66839999999999,55.0,1.24,68.2,67.8,0.5,10.0,198.7,23869.0,45155.0,16.9,18.16,50.0,30.0,7.519999999999999,53.0,940.0,4.5,0.6982811226558437
2026-04-30T12:39:00,04/30/202600:39,143.47,0.6799999999999999,97.55959999999999,55.0,1.25,68.75,68.3,0.5,10.0,198.7,23869.0,45155.0,16.9,18.119999999999997,50.0,30.0,7.519999999999999,53.0,940.0,4.5,0.704697436233851
2026-04-30T12:39:43,04/30/202600:39,143.32,0.6799999999999999,97.45759999999999,55.0,1.24,68.2,67.7,0.5,10.0,198.7,23869.0,45155.0,16.9,18.080000000000002,50.0,30.0,7.519999999999999,53.0,940.0,4.5,0.6997914990724172
2026-04-30T12:40:00,04/30/202600:40,143.32999999999998,0.6799999999999999,97.46439999999998,55.0,1.2200000000000002,67.10000000000001,66.6,0.5,10.0,198.7,23869.0,45155.0,16.9,18.04,50.0,30.0,7.519999999999999,53.0,940.0,4.5,0.6884565030924114
2026-04-30T12:40:43,04/30/202600:40,143.39000000000001,0.6799999999999999,97.5052,55.0,1.2,66.0,65.5,0.5,10.0,198.7,23869.0,45155.0,16.9,18.0,50.5,30.0,7.519999999999999,53.0,940.0,4.5,0.6768869762843417
2026-04-30T12:41:00,04/30/202600:41,143.39000000000001,0.6799999999999999,97.5052,55.0,1.1800000000000002,64.9,64.4,0.5,10.0,198.7,23869.0,45155.0,16.9,18.0,51.0,30.0,7.519999999999999,53.0,940.0,4.5,0.6656055266796028
2026-04-30T12:41:43,04/30/202600:41,143.41,0.6799999999999999,97.51879999999998,55.010000000000005,1.1600000000000001,63.81160000000001,63.3,0.5,10.0,198.7,23869.0,45155.0,16.9,18.0,51.5,30.0,7.483,52.1,940.0,4.5,0.654351776272883
2026-04-30T12:42:00,04/30/202600:42,143.35,0.69,98.91149999999999,55.02,1.1600000000000001,63.823200000000014,63.3,0.5,10.0,198.7,23869.0,45155.0,16.9,18.0,52.0,30.0,7.446,51.2,940.0,4.5,0.6452556072853007
2026-04-30T12:43:27,04/30/202600:43,143.32999999999998,0.69,98.89769999999999,55.02,1.15,63.272999999999996,62.8,0.5,10.0,198.7,23869.0,45155.0,16.9,18.0,52.5,30.0,7.409000000000001,50.3,940.0,4.5,0.6397823205190819
2026-04-30T12:44:31,04/30/202600:44,143.42000000000002,0.6799999999999999,97.5256,55.02,1.1400000000000001,62.722800000000014,62.3,0.5,10.0,198.7,23869.0,45155.0,16.9,18.0,53.0,30.0,7.372,49.4,940.0,4.5,0.6431419032541201
2026-04-30T12:45:01,04/30/202600:45,143.52,0.6699999999999999,96.1584,55.02,1.1300000000000001,62.17260000000001,61.8,0.5,10.0,198.7,23869.0,45155.0,16.9,18.0,53.5,30.0,7.334999999999999,48.5,940.0,4.5,0.6465644187091301
2026-04-30T12:45:31,04/30/202600:45,143.56,0.6699999999999999,96.1852,55.02,1.1400000000000001,62.722800000000014,62.4,0.5,10.0,198.7,23869.0,45155.0,16.9,18.05,53.6,30.0,7.329000000000001,47.3,941.0,4.5600000000000005,0.6521044817705844
2026-04-30T12:46:00,04/30/202600:46,143.59,0.6699999999999999,96.2053,55.02,1.17,64.3734,64.1,0.5,10.0,198.7,23869.0,45155.0,16.9,18.1,53.7,30.0,7.323,46.1,942.0,4.62,0.6691252976707105
2026-04-30T12:46:30,04/30/202600:46,143.5,0.6699999999999999,96.145,55.02,1.17,64.3734,64.1,0.5,10.0,198.7,23869.0,45155.0,16.9,18.15,53.8,30.0,7.317,44.9,943.0,4.68,0.6695449581361486
2026-04-30T12:47:01,04/30/202600:47,143.35999999999999,0.6699999999999999,96.05119999999998,55.02,1.17,64.3734,64.1,0.5,10.0,198.7,23869.0,45155.0,16.9,18.2,53.4,30.0,7.311,43.7,944.0,4.74,0.6701988106343285
2026-04-30T12:47:31,04/30/202600:47,143.34,0.6699999999999999,96.03779999999999,55.02,1.17,64.3734,64.1,0.5,10.0,198.7,23869.0,45155.0,16.9,18.25,53.0,30.0,7.305,42.5,945.0,4.8,0.6702923223980559
2026-04-30T12:48:01,04/30/202600:48,143.3,0.6699999999999999,96.011,55.010000000000005,1.17,64.3617,64.1,0.5,10.0,198.7,23869.0,45155.0,16.9,18.3,52.6,30.0,7.336,42.2,946.0,4.859999999999999,0.6703575631958838
2026-04-30T12:48:30,04/30/202600:48,143.35,0.6599999999999999,94.61099999999999,55.0,1.15,63.24999999999999,63.6,0.5,10.0,198.7,23869.0,45155.0,16.9,18.35,52.2,30.0,7.367,41.9,947.0,4.92,0.6685269154749448
2026-04-30T12:49:01,04/30/202600:49,143.35999999999999,0.6599999999999999,94.61759999999998,55.0,1.1400000000000001,62.70000000000001,63.6,0.5,10.0,198.7,23869.0,45155.0,16.9,18.4,51.8,30.0,7.398000000000001,41.6,948.0,4.9799999999999995,0.6626674107142859
2026-04-30T12:49:31,04/30/202600:49,143.37,0.6599999999999999,94.62419999999999,55.0,1.1199999999999999,61.599999999999994,62.5,0.5,10.0,198.7,23869.0,45155.0,16.9,18.45,51.4,30.0,7.429,41.3,949.0,5.04,0.6509962567715236
2026-04-30T12:50:00,04/30/202600:50,143.38,0.6599999999999999,94.63079999999998,55.0,1.1,60.50000000000001,61.4,0.5,10.0,198.7,23869.0,45155.0,16.9,18.5,51.0,30.0,7.459999999999999,41.0,950.0,5.1,0.6393267308318225
2026-04-30T12:50:31,04/30/202600:50,143.38,0.6599999999999999,94.63079999999998,55.0,1.08,59.400000000000006,60.3,0.5,10.0,198.7,23869.0,45155.0,16.9,18.5,51.0,30.0,7.459999999999999,41.0,950.0,4.99,0.627702608453062
2026-04-30T12:51:01,04/30/202600:51,143.38,0.6599999999999999,94.63079999999998,55.0,1.06,58.300000000000004,59.2,0.5,10.0,198.7,23869.0,45155.0,16.9,18.5,51.0,30.0,7.459999999999999,41.0,950.0,4.88,0.6160784860743016
2026-04-30T12:51:31,04/30/202600:51,143.53,0.6599999999999999,94.72979999999998,55.0,1.0699999999999998,58.849999999999994,59.8,0.5,10.0,198.7,23869.0,45155.0,16.9,18.5,51.0,30.0,7.459999999999999,41.0,950.0,4.77,0.6212406233307788
2026-04-30T12:52:00,04/30/202600:52,143.68,0.6599999999999999,94.82879999999999,55.0,1.08,59.400000000000006,60.4,0.5,10.0,198.7,23869.0,45155.0,16.9,18.5,51.0,30.0,7.459999999999999,41.0,950.0,4.659999999999999,0.6263919821826283
2026-04-30T12:52:07,04/30/202600:52,143.7,0.6599999999999999,94.84199999999998,55.0,1.1,60.50000000000001,61.5,0.5,10.0,198.7,23869.0,45155.0,16.9,18.5,51.0,30.0,7.459999999999999,41.0,950.0,4.55,0.6379030387381119
2026-04-30T12:53:01,04/30/202600:53,143.72,0.6599999999999999,94.85519999999998,55.0,1.1199999999999999,61.599999999999994,62.6,0.5,10.0,198.7,23869.0,45155.0,16.9,18.5,51.0,30.0,7.459999999999999,41.0,950.0,4.4399999999999995,0.6494108915483812
2026-04-30T12:53:08,04/30/202600:53,143.60999999999999,0.6699999999999999,96.21869999999998,55.0,1.15,63.24999999999999,63.7,0.5,10.0,198.7,23869.0,45155.0,16.9,18.5,51.0,30.0,7.459999999999999,41.0,950.0,4.33,0.6573566261028262
2026-04-30T12:54:38,04/30/202600:54,143.53,0.6799999999999999,97.6004,55.0,1.17,64.35,64.2,0.5,10.0,198.7,23869.0,45155.0,16.9,18.5,51.0,30.0,7.459999999999999,41.0,950.0,4.220000000000001,0.6593210683562772
2026-04-30T12:55:01,04/30/202600:55,143.47,0.69,98.9943,55.0,1.1800000000000002,64.9,64.7,0.5,10.0,198.7,23869.0,45155.0,16.9,18.5,51.0,30.0,7.459999999999999,41.0,950.0,4.11,0.6555933018365705
2026-04-30T12:55:08,04/30/202600:55,143.28,0.7,100.29599999999999,55.0,1.21,66.55,66.3,0.5,10.0,198.7,23869.0,45155.0,16.9,18.5,51.0,30.0,7.459999999999999,41.0,950.0,4.0,0.6635359336364361
2026-04-30T12:56:00,04/30/202600:56,143.16,0.7,100.21199999999999,55.0,1.22,67.1,66.8,0.5,10.0,198.7,23869.0,45155.0,16.9,18.5,51.0,30.0,7.459999999999999,41.0,950.0,4.0,0.6695804893625514
2026-04-30T12:56:07,04/30/202600:56,142.97,0.7,100.079,55.0,1.24,68.2,67.9,0.5,10.0,198.7,23869.0,45155.0,16.9,18.5,51.0,30.0,7.459999999999999,41.0,950.0,4.0,0.6814616453002129
2026-04-30T12:57:00,04/30/202600:57,142.75,0.7,99.925,55.0,1.26,69.3,69.0,0.5,10.0,198.7,23869.0,45155.0,16.9,18.5,51.0,30.0,7.459999999999999,41.0,950.0,4.0,0.6935201401050788
2026-04-30T12:57:08,04/30/202600:57,142.65,0.7,99.855,55.0,1.28,70.4,70.1,0.5,10.0,198.7,23869.0,45155.0,16.9,18.5,51.0,30.0,7.459999999999999,41.0,950.0,4.0,0.7050222823093486
2026-04-30T12:58:00,04/30/202600:58,142.56,0.7,99.792,55.0,1.29,70.95,70.7,0.5,10.0,198.7,23869.0,45155.0,16.9,18.5,51.0,30.0,7.459999999999999,41.0,950.0,4.0,0.710978835978836
2026-04-30T12:58:08,04/30/202600:58,142.64000000000001,0.69,98.4216,55.0,1.27,69.85,69.6,0.5,10.0,198.7,23869.0,45155.0,16.9,18.5,51.0,30.0,7.459999999999999,41.0,950.0,4.0,0.7097019353475253
2026-04-30T12:59:00,04/30/202600:59,142.76,0.6799999999999999,97.07679999999999,55.0,1.26,69.3,69.0,0.5,10.0,198.7,23869.0,45155.0,16.9,18.5,51.0,30.0,7.459999999999999,41.0,950.0,4.0,0.7138677830336394
2026-04-30T12:59:08,04/30/202600:59,142.82999999999998,0.6699999999999999,95.69609999999997,55.010000000000005,1.26,69.3126,69.0,0.5,10.0,198.7,23869.0,45155.0,16.9,18.5,51.0,30.0,7.459999999999999,41.0,950.0,4.0,0.7242991093680936
2026-04-30T13:00:00,04/30/202601:00,142.9,0.6599999999999999,94.314,55.02,1.26,69.32520000000001,69.0,0.5,10.0,198.7,23869.0,45155.0,16.9,18.5,51.0,30.0,7.459999999999999,41.0,950.0,4.0,0.735046758699663
2026-04-30T13:00:07,04/30/202601:00,143.06,0.6599999999999999,94.41959999999999,55.02,1.25,68.775,68.5,0.5,10.0,198.7,23869.0,45155.0,16.9,18.5,51.0,30.0,7.459999999999999,41.0,950.0,4.0,0.7283974937407065
2026-04-30T13:01:00,04/30/202601:01,143.22,0.6599999999999999,94.52519999999998,55.02,1.24,68.2248,68.0,0.5,10.0,198.7,23869.0,45155.0,16.9,18.5,51.0,30.0,7.459999999999999,41.0,950.0,4.0,0.7217630853994492
2026-04-30T13:01:08,04/30/202601:01,143.5,0.6399999999999999,91.83999999999999,55.02,1.17,64.3734,64.1,0.5,10.0,198.7,23869.0,45155.0,16.9,18.53,50.8,30.0,7.5280000000000005,40.6,952.0,4.029999999999999,0.7009298780487806
2026-04-30T13:02:00,04/30/202601:02,143.78,0.6199999999999999,89.14359999999998,55.02,1.1,60.522000000000006,60.2,0.5,10.0,198.7,23869.0,45155.0,16.9,18.56,50.6,30.0,7.596000000000001,40.2,954.0,4.0600000000000005,0.6789270345824043
2026-04-30T13:02:07,04/30/202601:02,143.9,0.6199999999999999,89.21799999999999,55.02,1.0699999999999998,58.871399999999994,58.5,0.5,10.0,198.7,23869.0,45155.0,16.9,18.59,50.4,30.0,7.664,39.8,956.0,4.09,0.6598601179134256
2026-04-30T13:03:00,04/30/202601:03,144.02,0.6199999999999999,89.29239999999999,55.02,1.04,57.220800000000004,56.8,0.5,10.0,198.7,23869.0,45155.0,16.9,18.619999999999997,50.2,30.0,7.732000000000001,39.4,958.0,4.12,0.6408249750258702
2026-04-30T13:03:08,04/30/202601:03,143.93,0.6199999999999999,89.23659999999998,55.02,1.04,57.220800000000004,56.8,0.5,10.0,198.7,23869.0,45155.0,16.9,18.65,50.0,30.0,7.8,39.0,960.0,4.15,0.6412256854250388
2026-04-30T13:04:29,04/30/202601:04,143.87,0.61,87.7607,55.02,1.02,56.120400000000004,55.7,0.5,10.0,198.7,23869.0,45155.0,16.9,18.68,49.8,30.0,7.868,38.6,962.0,4.18,0.6394707425989082
2026-04-30T13:05:51,04/30/202601:05,143.81,0.6199999999999999,89.16219999999998,55.010000000000005,1.03,56.66030000000001,56.3,0.5,10.0,198.7,23869.0,45155.0,16.9,18.71,49.6,30.0,7.936,38.2,964.0,4.21,0.6354744499350623
2026-04-30T13:06:01,04/30/202601:06,143.74,0.6199999999999999,89.1188,55.0,1.04,57.2,56.9,0.5,10.0,198.7,23869.0,45155.0,16.9,18.740000000000002,49.4,30.0,8.004000000000001,37.8,966.0,4.24,0.6418398811474123
2026-04-30T13:07:00,04/30/202601:07,143.70999999999998,0.61,87.66309999999999,55.0,1.01,55.55,55.2,0.5,10.0,198.7,23869.0,45155.0,16.9,18.770000000000003,49.2,30.0,8.072,37.4,968.0,4.27,0.6336759708474832
2026-04-30T13:08:01,04/30/202601:08,143.60999999999999,0.61,87.6021,55.0,1.01,55.55,55.2,0.5,10.0,198.7,23869.0,45155.0,16.9,18.8,49.0,30.0,8.14,37.0,970.0,4.3,0.6341172186511511
2026-04-30T13:09:00,04/30/202601:09,143.45999999999998,0.63,90.37979999999999,55.0,1.06,58.300000000000004,58.0,0.5,10.0,198.7,23869.0,45155.0,16.9,18.8,49.0,30.0,8.14,37.0,970.0,4.3,0.6450556429644678
2026-04-30T13:09:01,04/30/202601:09,143.14000000000001,0.65,93.04100000000001,55.0,1.1199999999999999,61.599999999999994,61.3,0.5,10.0,198.7,23869.0,45155.0,16.9,18.8,49.0,30.0,8.14,37.0,970.0,4.3,0.6620737094399242
2026-04-30T13:09:08,04/30/202601:09,142.85999999999999,0.65,92.859,55.0,1.1300000000000001,62.150000000000006,61.9,0.5,10.0,198.7,23869.0,45155.0,16.9,18.8,49.0,30.0,8.14,37.0,970.0,4.3,0.669294306421564
2026-04-30T13:10:00,04/30/202601:10,142.57999999999998,0.65,92.67699999999999,55.0,1.1400000000000001,62.70000000000001,62.5,0.5,10.0,198.7,23869.0,45155.0,16.9,18.8,49.0,30.0,8.14,37.0,970.0,4.3,0.6765432631613023
2026-04-30T13:10:08,04/30/202601:10,142.35,0.6599999999999999,93.95099999999998,55.0,1.16,63.8,63.6,0.5,10.0,198.7,23869.0,45155.0,16.9,18.8,49.0,30.0,8.14,37.0,970.0,4.3,0.6790773914061586
2026-04-30T13:11:01,04/30/202601:11,142.09,0.6799999999999999,96.62119999999999,55.0,1.2,66.0,65.8,0.5,10.0,198.7,23869.0,45155.0,16.9,18.8,49.0,30.0,8.14,37.0,970.0,4.3,0.6830799037892306
2026-04-30T13:11:08,04/30/202601:11,141.92000000000002,0.6799999999999999,96.5056,55.0,1.2,66.0,65.8,0.5,10.0,198.7,23869.0,45155.0,16.9,18.8,49.0,30.0,8.14,37.0,970.0,4.3,0.683898136481199
2026-04-30T13:12:00,04/30/202601:12,141.76,0.69,97.81439999999999,55.0,1.2,66.0,65.8,0.5,10.0,198.7,23869.0,45155.0,16.9,18.8,49.0,30.0,8.14,37.0,970.0,4.3,0.6747472764746295
2026-04-30T13:12:08,04/30/202601:12,141.57999999999998,0.69,97.69019999999998,55.0,1.21,66.55,66.4,0.5,10.0,198.7,23869.0,45155.0,16.9,18.8,49.0,30.0,8.14,37.0,970.0,4.3,0.6812351699556354
2026-04-30T13:13:01,04/30/202601:13,141.47,0.6799999999999999,96.19959999999999,55.0,1.19,65.45,65.3,0.5,10.0,198.7,23869.0,45155.0,16.9,18.8,49.0,30.0,8.14,37.0,970.0,4.3,0.6803562592775855
2026-04-30T13:13:09,04/30/202601:13,141.53,0.6799999999999999,96.2404,55.0,1.19,65.45,65.3,0.5,10.0,198.7,23869.0,45155.0,16.9,18.8,49.0,30.0,8.14,37.0,970.0,4.3,0.6800678301420194
2026-04-30T13:14:00,04/30/202601:14,141.76,0.6799999999999999,96.39679999999998,55.0,1.1800000000000002,64.9,64.8,0.5,10.0,198.7,23869.0,45155.0,16.9,18.8,49.0,30.0,8.14,37.0,970.0,4.3,0.6732588633647592
2026-04-30T13:14:08,04/30/202601:14,141.82,0.69,97.85579999999999,55.0,1.1800000000000002,64.9,64.8,0.5,10.0,198.7,23869.0,45155.0,16.9,18.8,49.0,30.0,8.14,37.0,970.0,4.3,0.663220779963988
2026-04-30T13:15:01,04/30/202601:15,141.88,0.7,99.31599999999999,55.0,1.1800000000000002,64.9,64.8,0.5,10.0,198.7,23869.0,45155.0,16.9,18.8,49.0,30.0,8.14,37.0,970.0,4.3,0.6534697329735392
2026-04-30T13:15:08,04/30/202601:15,142.12,0.7,99.484,55.0,1.16,63.8,63.7,0.5,10.0,198.7,23869.0,45155.0,16.9,18.8,49.0,30.0,8.14,37.0,970.0,4.3,0.6413091552410438
2026-04-30T13:17:02,04/30/202601:17,142.37,0.69,98.2353,55.0,1.1300000000000001,62.150000000000006,62.1,0.5,10.0,198.7,23869.0,45155.0,16.9,18.82,48.7,30.0,8.202000000000002,37.1,971.0,4.319999999999999,0.632664632774573
2026-04-30T13:17:08,04/30/202601:17,142.5,0.6799999999999999,96.89999999999999,55.0,1.1199999999999999,61.599999999999994,61.5,0.5,10.0,198.7,23869.0,45155.0,16.9,18.84,48.4,30.0,8.264,37.2,972.0,4.34,0.6357069143446853
2026-04-30T13:18:01,04/30/202601:18,142.63,0.67,95.5621,55.0,1.1099999999999999,61.04999999999999,60.9,0.5,10.0,198.7,23869.0,45155.0,16.9,18.86,48.1,30.0,8.326,37.3,973.0,4.36,0.6388515949314633
2026-04-30T13:18:08,04/30/202601:18,142.76,0.67,95.6492,55.0,1.1099999999999999,61.04999999999999,60.9,0.5,10.0,198.7,23869.0,45155.0,16.9,18.880000000000003,47.8,30.0,8.388,37.4,974.0,4.38,0.6382698443897074
2026-04-30T13:19:01,04/30/202601:19,142.89000000000001,0.67,95.73630000000001,55.0,1.1099999999999999,61.04999999999999,60.9,0.5,10.0,198.7,23869.0,45155.0,16.9,18.9,47.5,30.0,8.45,37.5,975.0,4.4,0.6376891523904724
2026-04-30T13:19:08,04/30/202601:19,142.85,0.67,95.7095,55.0,1.1099999999999999,61.04999999999999,60.9,0.5,10.0,198.7,23869.0,45155.0,16.9,18.919999999999998,47.2,30.0,8.512,37.6,976.0,4.42,0.6378677142812363
2026-04-30T13:20:01,04/30/202601:20,142.81,0.67,95.68270000000001,55.0,1.1099999999999999,61.04999999999999,60.9,0.5,10.0,198.7,23869.0,45155.0,16.9,18.94,46.9,30.0,8.574,37.7,977.0,4.4399999999999995,0.6380463761996681
2026-04-30T13:20:09,04/30/202601:20,142.95,0.6599999999999999,94.34699999999998,55.0,1.1300000000000001,62.150000000000006,62.0,0.5,10.0,198.7,23869.0,45155.0,16.9,18.96,46.6,30.0,8.636,37.8,978.0,4.46,0.6587384866503442
2026-04-30T13:21:01,04/30/202601:21,143.09,0.65,93.00850000000001,55.0,1.15,63.24999999999999,63.1,0.5,10.0,198.7,23869.0,45155.0,16.9,18.98,46.3,30.0,8.698,37.9,979.0,4.4799999999999995,0.6800453721971647
2026-04-30T13:21:08,04/30/202601:21,143.06,0.65,92.989,55.0,1.1400000000000001,62.70000000000001,62.6,0.5,10.0,198.7,23869.0,45155.0,16.9,19.0,46.0,30.0,8.76,38.0,980.0,4.5,0.674273301143146
2026-04-30T13:22:01,04/30/202601:22,143.02,0.6599999999999999,94.3932,55.0,1.1400000000000001,62.70000000000001,62.6,0.5,10.0,198.7,23869.0,45155.0,16.9,19.0,46.0,30.0,8.76,38.0,980.0,4.5,0.6642427632498953
2026-04-30T13:22:08,04/30/202601:22,142.95,0.6599999999999999,94.34699999999998,55.010000000000005,1.1300000000000001,62.16130000000001,62.0,0.5,10.0,198.7,23869.0,45155.0,16.9,19.0,46.0,30.0,8.76,38.0,980.0,4.5,0.6588582572842806
2026-04-30T13:23:01,04/30/202601:23,142.88,0.6599999999999999,94.30079999999998,55.02,1.1199999999999999,61.6224,61.4,0.5,10.0,198.7,23869.0,45155.0,16.9,19.0,46.0,30.0,8.76,38.0,980.0,4.5,0.6534663544741933
2026-04-30T13:23:08,04/30/202601:23,142.81,0.6599999999999999,94.2546,55.02,1.1300000000000001,62.17260000000001,61.9,0.5,10.0,198.7,23869.0,45155.0,16.9,19.0,46.0,30.0,8.76,38.0,980.0,4.5,0.6596240395694217
2026-04-30T13:24:01,04/30/202601:24,142.74,0.6599999999999999,94.2084,55.02,1.1400000000000001,62.722800000000014,62.4,0.5,10.0,198.7,23869.0,45155.0,16.9,19.0,46.0,30.0,8.76,38.0,980.0,4.5,0.66578776414842
2026-04-30T13:24:08,04/30/202601:24,142.66,0.6599999999999999,94.15559999999999,55.02,1.1400000000000001,62.722800000000014,62.4,0.5,10.0,198.7,23869.0,45155.0,16.9,19.0,46.0,30.0,8.76,38.0,980.0,4.5,0.6661611205281472
2026-04-30T13:25:00,04/30/202601:25,142.57999999999998,0.6599999999999999,94.10279999999997,55.02,1.1400000000000001,62.722800000000014,62.4,0.5,10.0,198.7,23869.0,45155.0,16.9,19.0,46.0,30.0,8.76,38.0,980.0,4.5,0.6665348958798254
2026-04-30T13:25:08,04/30/202601:25,142.44,0.6599999999999999,94.01039999999999,55.02,1.1199999999999999,61.6224,61.3,0.6,10.0,198.7,23869.0,45155.0,16.9,19.0,46.0,30.0,8.76,38.0,980.0,4.5,0.6554849250721198
2026-04-30T13:26:01,04/30/202601:26,142.3,0.6599999999999999,93.91799999999999,55.02,1.1,60.522000000000006,60.2,0.6,10.0,198.7,23869.0,45155.0,16.9,19.0,46.0,30.0,8.76,38.0,980.0,4.5,0.6444132115249475
2026-04-30T13:26:08,04/30/202601:26,142.13,0.6599999999999999,93.80579999999999,55.02,1.1199999999999999,61.6224,61.3,0.6,11.0,198.7,23869.0,45155.0,16.9,19.0,46.0,30.0,8.76,38.0,980.0,4.5,0.6569146044274449
2026-04-30T13:28:13,04/30/202601:28,142.0,0.6599999999999999,93.71999999999998,55.02,1.1099999999999999,61.072199999999995,60.7,0.6,11.0,198.7,23869.0,45155.0,16.9,19.0,46.0,30.0,8.76,38.0,980.0,4.5,0.6516453265044815
2026-04-30T13:28:26,04/30/202601:28,141.93,0.6699999999999999,95.09309999999999,55.010000000000005,1.1099999999999999,61.061099999999996,60.8,0.6,11.0,198.7,23869.0,45155.0,16.9,19.0,46.0,30.0,8.76,38.0,980.0,4.5,0.6421191442912262
2026-04-30T13:29:01,04/30/202601:29,141.85999999999999,0.6799999999999999,96.46479999999998,55.0,1.1099999999999999,61.04999999999999,60.9,0.6,11.0,198.7,23869.0,45155.0,16.9,19.0,46.0,30.0,8.76,38.0,980.0,4.5,0.6328733382539538
2026-04-30T13:29:26,04/30/202601:29,141.78,0.6799999999999999,96.4104,55.0,1.08,59.400000000000006,59.3,0.6,11.0,198.7,23869.0,45155.0,16.9,19.0,46.0,30.0,8.76,38.0,980.0,4.5,0.616116103656867
2026-04-30T13:30:01,04/30/202601:30,141.7,0.6799999999999999,96.35599999999998,55.0,1.05,57.75,57.7,0.6,11.0,198.7,23869.0,45155.0,16.9,19.0,46.0,30.0,8.76,38.0,980.0,4.5,0.5993399476939684
2026-04-30T13:30:26,04/30/202601:30,141.6,0.69,97.704,55.010000000000005,1.0699999999999998,58.860699999999994,58.8,0.6,11.0,198.7,23869.0,45155.0,16.9,19.0,46.0,30.0,8.76,38.0,981.0,4.5,0.6024389994268402
2026-04-30T13:31:01,04/30/202601:31,141.5,0.7,99.05,55.02,1.09,59.97180000000001,59.9,0.6,11.0,198.7,23869.0,45155.0,16.9,19.0,46.0,30.0,8.76,38.0,982.0,4.5,0.605469964664311
2026-04-30T13:31:27,04/30/202601:31,141.49,0.7,99.043,55.02,1.1,60.522000000000006,60.4,0.6,11.0,198.7,23869.0,45155.0,16.9,19.009999999999998,45.8,30.0,8.741,38.3,983.0,4.5200000000000005,0.611067919994346
2026-04-30T13:32:01,04/30/202601:32,141.48,0.7,99.03599999999999,55.02,1.1099999999999999,61.072199999999995,60.9,0.6,11.0,198.7,23869.0,45155.0,16.9,19.02,45.6,30.0,8.722,38.6,984.0,4.54,0.6166666666666667
2026-04-30T13:32:26,04/30/202601:32,141.45999999999998,0.7,99.02199999999998,55.02,1.1199999999999999,61.6224,61.4,0.6,11.0,198.7,23869.0,45155.0,16.9,19.03,45.4,30.0,8.716,39.0,985.0,4.5600000000000005,0.6223101936943307
2026-04-30T13:33:01,04/30/202601:33,141.4,0.7,98.98,55.02,1.16,63.8232,63.6,0.6,11.0,198.7,23869.0,45155.0,16.9,19.04,45.2,30.0,8.709999999999999,39.4,986.0,4.58,0.6448090523338048
2026-04-30T13:33:26,04/30/202601:33,141.2,0.7,98.83999999999999,55.02,1.19,65.4738,65.2,0.6,11.0,198.7,23869.0,45155.0,16.9,19.05,45.0,30.0,8.703999999999999,39.8,987.0,4.6,0.6624220963172806
2026-04-30T13:34:01,04/30/202601:34,141.0,0.7,98.69999999999999,55.02,1.22,67.12440000000001,66.8,0.6,11.0,198.7,23869.0,45155.0,16.9,19.060000000000002,44.8,30.0,8.697999999999999,40.2,988.0,4.62,0.6800851063829789
2026-04-30T13:34:26,04/30/202601:34,141.20999999999998,0.7,98.84699999999998,55.02,1.26,69.32520000000001,69.0,0.6,11.0,198.7,23869.0,45155.0,16.9,19.07,44.6,30.0,8.692,40.6,989.0,4.64,0.7013384321223711
2026-04-30T13:35:01,04/30/202601:35,141.42000000000002,0.7,98.994,55.02,1.3,71.52600000000001,71.2,0.6,11.0,198.7,23869.0,45155.0,16.9,19.080000000000002,44.4,30.0,8.686,41.0,990.0,4.66,0.7225286380992788
2026-04-30T13:35:26,04/30/202601:35,141.6,0.69,97.704,55.010000000000005,1.27,69.8627,69.5,0.6,11.0,198.7,23869.0,45155.0,16.9,19.09,44.2,30.0,8.68,41.4,990.0,4.680000000000001,0.7150444198804553
2026-04-30T13:36:01,04/30/202601:36,141.78,0.6799999999999999,96.4104,55.0,1.24,68.2,67.8,0.6,11.0,198.7,23869.0,45155.0,16.9,19.1,44.0,30.0,8.674,41.8,990.0,4.7,0.7073925634578843
2026-04-30T13:36:27,04/30/202601:36,141.81,0.6799999999999999,96.43079999999999,55.0,1.23,67.65,67.3,0.6,11.0,198.7,23869.0,45155.0,16.9,19.1,44.0,30.0,8.687,41.9,990.0,4.7,0.7015393422018692
2026-04-30T13:36:32,04/30/202601:36,141.82,0.6699999999999999,95.01939999999999,55.0,1.2,66.0,65.7,0.6,11.0,198.7,23869.0,45155.0,16.9,19.1,44.0,30.0,8.7,42.0,990.0,4.7,0.6945949984950442
2026-04-30T13:37:01,04/30/202601:37,141.85,0.6599999999999999,93.62099999999998,55.0,1.17,64.35,64.1,0.6,11.0,198.7,23869.0,45155.0,16.9,19.1,44.0,30.0,8.7,42.0,990.0,4.7,0.6873457878040184
2026-04-30T13:37:31,04/30/202601:37,141.81,0.65,92.1765,54.989999999999995,1.1400000000000001,62.6886,62.5,0.6,11.0,198.7,23869.0,45155.0,16.9,19.1,44.0,30.0,8.7,42.0,990.0,4.7,0.6800930822932092
2026-04-30T13:38:00,04/30/202601:38,141.93,0.6399999999999999,90.83519999999999,54.98,1.1099999999999999,61.02779999999999,60.9,0.6,11.0,198.7,23869.0,45155.0,16.9,19.1,44.0,30.0,8.7,42.0,990.0,4.7,0.6718518812090467
2026-04-30T13:39:25,04/30/202601:39,141.91,0.63,89.4033,54.98,1.09,59.928200000000004,59.8,0.6,11.0,198.7,23869.0,45155.0,16.9,19.1,43.8,30.0,8.7,42.0,990.0,4.7,0.6703130645065675
2026-04-30T13:39:32,04/30/202601:39,141.75,0.63,89.3025,54.98,1.0699999999999998,58.82859999999999,58.7,0.6,11.0,198.7,23869.0,45155.0,16.9,19.1,43.6,30.0,8.7,42.0,990.0,4.7,0.6587564737829287
2026-04-30T13:40:00,04/30/202601:40,141.59,0.63,89.2017,54.98,1.05,57.729,57.6,0.6,11.0,198.7,23869.0,45155.0,16.9,19.1,43.4,30.0,8.7,42.0,990.0,4.7,0.6471737646255621
2026-04-30T13:40:31,04/30/202601:40,141.38,0.63,89.0694,54.98,1.06,58.2788,58.1,0.6,11.0,198.7,23869.0,45155.0,16.9,19.1,43.2,30.0,8.669,42.2,990.0,4.7,0.6543077645072269
2026-04-30T13:41:00,04/30/202601:41,141.17000000000002,0.63,88.93710000000002,54.98,1.0699999999999998,58.82859999999999,58.6,0.6,11.0,198.7,23869.0,45155.0,16.9,19.1,43.0,30.0,8.638,42.4,990.0,4.7,0.6614629890113347
2026-04-30T13:41:32,04/30/202601:41,141.24,0.6199999999999999,87.5688,54.98,1.05,57.729,57.5,0.6,11.0,198.7,23869.0,45155.0,16.9,19.1,42.8,30.0,8.607,42.6,990.0,4.7,0.6592416477101434
2026-04-30T13:42:00,04/30/202601:42,141.32999999999998,0.6199999999999999,87.62459999999997,54.98,1.05,57.729,57.5,0.6,11.0,198.7,23869.0,45155.0,16.9,19.1,42.6,30.0,8.575999999999999,42.8,990.0,4.7,0.658821837703111
2026-04-30T13:42:31,04/30/202601:42,141.42000000000002,0.63,89.09460000000001,54.98,1.05,57.729,57.5,0.6,11.0,198.7,23869.0,45155.0,16.9,19.1,42.4,30.0,8.545,43.0,990.0,4.7,0.6479517277141374
2026-04-30T13:43:00,04/30/202601:43,141.57999999999998,0.6399999999999999,90.61119999999998,54.989999999999995,1.05,57.7395,57.5,0.6,11.0,198.7,23869.0,45155.0,16.9,19.1,42.2,30.0,8.514,43.2,990.0,4.7,0.6372225508546406
2026-04-30T13:43:32,04/30/202601:43,141.74,0.6399999999999999,90.71359999999999,55.010000000000005,1.03,56.66030000000001,56.4,0.6,11.0,198.7,23869.0,45155.0,16.9,19.1,42.0,30.0,8.483,43.4,990.0,4.7,0.6246064537180755
2026-04-30T13:44:00,04/30/202601:44,142.04000000000002,0.6399999999999999,90.90559999999999,55.02,1.0,55.02,54.8,0.6,11.0,198.7,23869.0,45155.0,16.9,19.1,42.0,30.0,8.452000000000002,43.6,990.0,4.7,0.6052432413404676
2026-04-30T13:44:31,04/30/202601:44,142.07999999999998,0.65,92.35199999999999,55.02,1.02,56.120400000000004,55.9,0.6,11.0,198.7,23869.0,45155.0,16.9,19.1,42.0,30.0,8.421000000000001,43.8,990.0,4.7,0.6076793139293141
2026-04-30T13:45:00,04/30/202601:45,142.12,0.6599999999999999,93.79919999999998,55.02,1.04,57.220800000000004,57.0,0.6,11.0,198.7,23869.0,45155.0,16.9,19.1,42.0,30.0,8.39,44.0,990.0,4.7,0.6100350536038688
2026-04-30T13:45:32,04/30/202601:45,141.95,0.65,92.2675,55.02,1.03,56.67060000000001,56.5,0.6,11.0,198.7,23869.0,45155.0,16.9,19.130000000000003,41.8,30.0,8.471,44.3,990.0,4.720000000000001,0.6141989324518385
2026-04-30T13:45:45,04/30/202601:45,141.87,0.65,92.2155,55.02,1.03,56.67060000000001,56.6,0.6,11.0,198.7,23869.0,45155.0,16.9,19.160000000000004,41.6,30.0,8.552000000000001,44.6,990.0,4.74,0.6145452770954992
2026-04-30T13:46:00,04/30/202601:46,141.62,0.6599999999999999,93.46919999999999,55.02,1.05,57.77100000000001,57.7,0.6,11.0,198.7,23869.0,45155.0,16.9,19.19,41.4,30.0,8.633,44.9,990.0,4.76,0.6180752590158043
2026-04-30T13:46:45,04/30/202601:46,141.52,0.6599999999999999,93.4032,55.02,1.05,57.77100000000001,57.7,0.6,11.0,198.7,23869.0,45155.0,16.9,19.22,41.2,30.0,8.714,45.2,990.0,4.78,0.6185119995888793
2026-04-30T13:47:01,04/30/202601:47,141.42000000000002,0.65,91.92300000000002,55.02,1.05,57.77100000000001,57.7,0.6,11.0,198.7,23869.0,45155.0,16.9,19.25,41.0,30.0,8.795,45.5,990.0,4.8,0.6284716556248164
2026-04-30T13:47:45,04/30/202601:47,141.35999999999999,0.6399999999999999,90.47039999999998,55.02,1.06,58.321200000000005,58.2,0.6,11.0,198.7,23869.0,45155.0,16.9,19.28,40.8,30.0,8.876,45.8,990.0,4.82,0.6446439940577251
2026-04-30T13:48:00,04/30/202601:48,141.3,0.6399999999999999,90.43199999999999,55.010000000000005,1.09,59.96090000000001,59.8,0.6,11.0,198.7,23869.0,45155.0,16.9,19.31,40.6,30.0,8.956999999999999,46.1,990.0,4.840000000000001,0.6630495842179761
2026-04-30T13:48:45,04/30/202601:48,141.17000000000002,0.65,91.76050000000001,55.0,1.1300000000000001,62.150000000000006,62.0,0.6,11.0,198.7,23869.0,45155.0,16.9,19.339999999999996,40.4,30.0,9.038,46.4,990.0,4.86,0.6773066842486691
2026-04-30T13:49:01,04/30/202601:49,141.06,0.65,91.68900000000001,55.0,1.1300000000000001,62.150000000000006,62.0,0.6,11.0,198.7,23869.0,45155.0,16.9,19.369999999999997,40.2,30.0,9.119,46.7,990.0,4.880000000000001,0.6778348547808353
2026-04-30T13:50:36,04/30/202601:50,140.79000000000002,0.6399999999999999,90.1056,55.0,1.09,59.95,59.7,0.6,11.0,198.7,23869.0,45155.0,16.9,19.4,40.0,30.0,9.2,47.0,990.0,4.9,0.6653304567085732
2026-04-30T13:50:45,04/30/202601:50,140.76,0.6399999999999999,90.08639999999998,55.010000000000005,1.08,59.41080000000001,59.2,0.6,11.0,198.7,23869.0,45155.0,17.0,19.4,40.0,30.0,9.2,47.0,990.0,4.9,0.6594868925831204
2026-04-30T13:51:00,04/30/202601:51,140.64000000000001,0.63,88.60320000000002,55.02,1.06,58.321200000000005,58.1,0.6,11.0,198.7,23869.0,45155.0,17.0,19.4,40.0,30.0,9.2,47.0,990.0,4.9,0.6582290481607888
2026-04-30T13:51:04,04/30/202601:51,140.64000000000001,0.6199999999999999,87.1968,55.02,1.04,57.220800000000004,57.0,0.6,11.0,198.7,23869.0,45155.0,16.9,19.4,40.0,30.0,9.2,47.0,990.0,4.9,0.6562259165473963
2026-04-30T13:52:00,04/30/202601:52,140.49,0.6199999999999999,87.10379999999999,55.02,1.04,57.220800000000004,57.0,0.6,11.0,198.7,23869.0,45155.0,16.9,19.4,40.0,30.0,9.2,47.0,990.0,4.9,0.656926563479435
2026-04-30T13:52:04,04/30/202601:52,140.27,0.6199999999999999,86.96739999999998,55.029999999999994,1.05,57.781499999999994,57.5,0.6,11.0,198.7,23869.0,45155.0,16.9,19.4,40.0,30.0,9.2,47.0,990.0,4.9,0.6644041330429564
2026-04-30T13:53:01,04/30/202601:53,140.01,0.6199999999999999,86.80619999999998,55.04,1.05,57.792,57.5,0.6,11.0,198.7,23869.0,45155.0,16.9,19.4,40.0,30.0,9.2,47.0,990.0,4.9,0.6657588974059458
2026-04-30T13:53:04,04/30/202601:53,140.02,0.63,88.21260000000001,55.05,1.05,57.8025,57.5,0.6,11.0,198.7,23869.0,45155.0,17.0,19.4,40.0,30.0,9.2,47.0,990.0,4.9,0.6552635337808884
2026-04-30T13:54:00,04/30/202601:54,140.1,0.63,88.26299999999999,55.06,1.04,57.26240000000001,56.9,0.6,11.0,198.7,23869.0,45155.0,17.0,19.4,40.0,30.0,9.2,47.0,990.0,4.9,0.6487701528386755
2026-04-30T13:54:04,04/30/202601:54,140.13,0.63,88.2819,55.06,1.04,57.26240000000001,56.9,0.6,11.0,198.7,23869.0,45155.0,16.9,19.4,40.0,30.0,9.2,47.0,990.0,4.9,0.6486312596353274
2026-04-30T13:55:01,04/30/202601:55,140.32,0.6399999999999999,89.80479999999999,55.06,1.08,59.464800000000004,59.2,0.6,11.0,198.7,23869.0,45155.0,16.9,19.4,40.0,30.0,9.2,47.0,990.0,4.9,0.6621561431014825
2026-04-30T13:55:04,04/30/202601:55,140.7,0.65,91.455,55.05,1.1099999999999999,61.10549999999999,60.8,0.6,11.0,198.7,23869.0,45155.0,16.9,19.4,40.0,30.0,9.2,47.0,990.0,4.9,0.6681482696408069
2026-04-30T13:56:00,04/30/202601:56,141.07999999999998,0.6599999999999999,93.11279999999998,55.04,1.1400000000000001,62.7456,62.4,0.6,11.0,198.7,23869.0,45155.0,16.9,19.4,40.0,30.0,9.2,47.0,990.0,4.9,0.6738665360723769
2026-04-30T13:56:04,04/30/202601:56,141.29000000000002,0.6599999999999999,93.2514,55.04,1.15,63.29599999999999,62.9,0.6,11.0,198.7,23869.0,45155.0,16.9,19.4,40.0,30.0,9.2,47.0,990.0,4.9,0.6787672892846648
2026-04-30T13:57:01,04/30/202601:57,141.5,0.6599999999999999,93.38999999999999,55.04,1.1600000000000001,63.84640000000001,63.4,0.6,11.0,198.7,23869.0,45155.0,16.9,19.4,40.0,30.0,9.2,47.0,990.0,4.9,0.6836534960916588
2026-04-30T13:57:04,04/30/202601:57,141.63,0.6799999999999999,96.30839999999999,55.029999999999994,1.1600000000000001,63.8348,63.4,0.6,11.0,198.7,23869.0,45155.0,16.9,19.4,40.0,30.0,9.2,47.0,990.0,4.9,0.6628165352139586
2026-04-30T13:58:01,04/30/202601:58,141.76,0.7,99.23199999999999,55.02,1.1600000000000001,63.823200000000014,63.4,0.6,11.0,198.7,23869.0,45155.0,16.9,19.4,40.0,30.0,9.2,47.0,990.0,4.9,0.643171557562077
2026-04-30T13:58:04,04/30/202601:58,141.79000000000002,0.69,97.83510000000001,55.010000000000005,1.15,63.2615,62.9,0.6,11.0,198.7,23869.0,45155.0,16.9,19.4,40.0,30.0,9.2,47.0,990.0,4.9,0.6466135364506194
2026-04-30T13:59:00,04/30/202601:59,141.82,0.6799999999999999,96.43759999999999,55.0,1.1400000000000001,62.70000000000001,62.4,0.6,11.0,198.7,23869.0,45155.0,16.9,19.4,40.0,30.0,9.2,47.0,990.0,4.9,0.6501613478560231
2026-04-30T13:59:04,04/30/202601:59,141.84,0.6799999999999999,96.4512,55.0,1.1400000000000001,62.70000000000001,62.4,0.6,11.0,198.7,23869.0,45155.0,16.9,19.4,40.0,30.0,9.2,47.0,990.0,4.9,0.6500696725390664
2026-04-30T14:00:00,04/30/202602:00,141.85999999999999,0.6799999999999999,96.46479999999998,55.0,1.1400000000000001,62.70000000000001,62.4,0.6,11.0,198.7,23869.0,45155.0,16.9,19.4,40.0,30.0,9.2,47.0,990.0,4.9,0.6499780230716284
2026-04-30T14:00:04,04/30/202602:00,141.75,0.6799999999999999,96.38999999999999,54.989999999999995,1.1400000000000001,62.6886,62.4,0.6,11.0,198.7,23869.0,45155.0,16.9,19.4,40.0,30.0,9.2,47.0,990.0,4.9,0.6503641456582634
2026-04-30T14:01:48,04/30/202602:01,141.69,0.67,94.9323,54.989999999999995,1.1099999999999999,61.038899999999984,60.8,0.6,11.0,198.7,23869.0,45155.0,16.9,19.419999999999998,39.9,30.0,9.136999999999999,47.2,989.0,4.91,0.6429729396633178
2026-04-30T14:02:01,04/30/202602:02,141.68,0.67,94.92560000000002,54.989999999999995,1.1,60.489,60.3,0.6,11.0,198.7,23869.0,45155.0,16.9,19.439999999999998,39.8,30.0,9.074,47.4,988.0,4.92,0.6372253638639102
2026-04-30T14:02:04,04/30/202602:02,141.7,0.6799999999999999,96.35599999999998,54.98,1.1199999999999999,61.57759999999999,61.4,0.6,11.0,198.7,23869.0,45155.0,16.9,19.46,39.7,30.0,9.011,47.6,987.0,4.930000000000001,0.6390634729544605
2026-04-30T14:03:01,04/30/202602:03,141.87,0.6699999999999999,95.0529,54.970000000000006,1.1400000000000001,62.66580000000001,62.5,0.6,11.0,198.7,23869.0,45155.0,16.9,19.48,39.6,30.0,8.947999999999999,47.8,986.0,4.94,0.6592728890964927
2026-04-30T14:03:05,04/30/202602:03,142.10999999999999,0.65,92.3715,54.970000000000006,1.1400000000000001,62.66580000000001,62.5,0.6,11.0,198.7,23869.0,45155.0,16.9,19.5,39.5,30.0,8.885,48.0,985.0,4.95,0.6784105487082056
2026-04-30T14:04:01,04/30/202602:04,142.18,0.65,92.417,54.970000000000006,1.15,63.2155,63.0,0.6,11.0,198.7,23869.0,45155.0,16.9,19.52,39.4,30.0,8.822,48.2,984.0,4.96,0.6840245842215177
2026-04-30T14:04:04,04/30/202602:04,142.27,0.6599999999999999,93.89819999999999,54.970000000000006,1.15,63.2155,63.0,0.6,11.0,198.7,23869.0,45155.0,16.9,19.54,39.3,30.0,8.759,48.4,983.0,4.970000000000001,0.6732344176991679
2026-04-30T14:05:01,04/30/202602:05,142.42000000000002,0.6599999999999999,93.99719999999999,54.970000000000006,1.1300000000000001,62.11610000000001,61.9,0.6,11.0,198.7,23869.0,45155.0,16.9,19.560000000000002,39.2,30.0,8.696000000000002,48.6,982.0,4.9799999999999995,0.6608292587438777
2026-04-30T14:05:04,04/30/202602:05,142.52,0.6599999999999999,94.0632,54.970000000000006,1.1300000000000001,62.11610000000001,61.9,0.6,11.0,198.7,23869.0,45155.0,16.9,19.580000000000002,39.1,30.0,8.633,48.8,981.0,4.99,0.6603655839903385
2026-04-30T14:06:00,04/30/202602:06,142.64000000000001,0.6599999999999999,94.1424,54.98,1.1199999999999999,61.57759999999999,61.4,0.6,11.0,198.7,23869.0,45155.0,16.9,19.6,39.0,30.0,8.57,49.0,980.0,5.0,0.6540899743367493
2026-04-30T14:06:04,04/30/202602:06,142.78,0.6599999999999999,94.23479999999999,54.98,1.1300000000000001,62.1274,61.4,0.6,11.0,198.7,23869.0,45155.0,16.9,19.6,39.0,30.0,8.57,49.0,980.0,5.0,0.6592829825075238
2026-04-30T14:07:01,04/30/202602:07,142.92000000000002,0.6599999999999999,94.3272,54.98,1.1400000000000001,62.677200000000006,61.4,0.6,11.0,198.7,23869.0,45155.0,16.9,19.6,39.0,30.0,8.57,49.0,980.0,5.0,0.664465816858764
2026-04-30T14:07:05,04/30/202602:07,142.93,0.65,92.90450000000001,54.989999999999995,1.12,61.5888,60.3,0.6,11.0,198.7,23869.0,45155.0,16.9,19.6,39.0,30.0,8.57,49.0,980.0,5.0,0.6629259077870285
2026-04-30T14:08:01,04/30/202602:08,142.94,0.6399999999999999,91.48159999999999,55.0,1.1,60.50000000000001,59.2,0.6,11.0,198.7,23869.0,45155.0,16.9,19.6,39.0,30.0,8.57,49.0,980.0,5.0,0.6613351755981532
2026-04-30T14:08:04,04/30/202602:08,142.85999999999999,0.65,92.859,55.0,1.1099999999999999,61.04999999999999,59.8,0.6,11.0,198.7,23869.0,45155.0,16.9,19.6,39.0,30.0,8.57,49.0,980.0,5.0,0.6574483894937485
2026-04-30T14:09:01,04/30/202602:09,142.78,0.6599999999999999,94.23479999999999,55.0,1.1199999999999999,61.599999999999994,60.4,0.6,11.0,198.7,23869.0,45155.0,16.9,19.6,39.0,30.0,8.57,49.0,980.0,5.0,0.6536863239482654
2026-04-30T14:09:04,04/30/202602:09,142.74,0.6599999999999999,94.2084,55.010000000000005,1.15,63.2615,62.0,0.6,11.0,198.7,23869.0,45155.0,17.0,19.6,39.0,30.0,8.57,49.0,980.0,5.0,0.6715059378993805
2026-04-30T14:10:00,04/30/202602:10,142.7,0.6599999999999999,94.18199999999999,55.02,1.1800000000000002,64.92360000000001,63.6,0.6,11.0,198.7,23869.0,45155.0,17.0,19.6,39.0,30.0,8.57,49.0,980.0,5.0,0.6893419124673507
2026-04-30T14:10:05,04/30/202602:10,142.78,0.6599999999999999,94.23479999999999,55.02,1.2,66.024,64.7,0.6,11.0,198.7,23869.0,45155.0,16.9,19.6,39.0,30.0,8.57,49.0,980.0,5.0,0.7006328872136409
2026-04-30T14:11:01,04/30/202602:11,142.85999999999999,0.6599999999999999,94.28759999999998,55.02,1.22,67.12440000000001,65.8,0.6,11.0,198.7,23869.0,45155.0,16.9,19.6,39.0,30.0,8.57,49.0,980.0,5.0,0.7119112163211283
2026-04-30T14:11:05,04/30/202602:11,142.85999999999999,0.6599999999999999,94.28759999999998,55.02,1.2,66.024,65.2,0.6,11.0,198.7,23869.0,45155.0,16.9,19.6,39.0,30.0,8.57,49.0,980.0,5.0,0.7002405406437328
2026-04-30T14:13:00,04/30/202602:12,142.91,0.6599999999999999,94.32059999999998,55.02,1.19,65.4738,65.2,0.6,11.0,198.7,23869.0,45155.0,16.9,19.6,39.0,30.0,8.57,49.0,980.0,5.0,0.6941622508762668
2026-04-30T14:13:01,04/30/202602:13,143.06,0.6599999999999999,94.41959999999999,55.02,1.1800000000000002,64.92360000000001,64.7,0.6,11.0,198.7,23869.0,45155.0,16.9,19.6,39.0,30.0,8.57,49.0,980.0,5.0,0.687607234091227
2026-04-30T14:13:04,04/30/202602:13,143.3,0.6599999999999999,94.578,55.02,1.17,64.3734,64.2,0.6,11.0,198.7,23869.0,45155.0,17.0,19.6,39.0,30.0,8.57,49.0,980.0,5.0,0.68063820338768
2026-04-30T14:14:00,04/30/202602:14,143.56,0.65,93.31400000000001,55.02,1.15,63.272999999999996,63.1,0.6,11.0,198.7,23869.0,45155.0,17.0,19.6,39.0,30.0,8.57,49.0,980.0,5.0,0.6780654564159718
2026-04-30T14:14:04,04/30/202602:14,143.82,0.65,93.483,55.02,1.15,63.272999999999996,63.1,0.6,11.0,198.7,23869.0,45155.0,17.0,19.6,39.0,30.0,8.57,49.0,980.0,5.0,0.6768396392927055
2026-04-30T14:15:01,04/30/202602:15,144.02,0.65,93.61300000000001,55.010000000000005,1.1400000000000001,62.71140000000001,62.6,0.6,11.0,198.7,23869.0,45155.0,17.0,19.6,39.0,30.0,8.57,49.0,980.0,5.0,0.6699005480008119
2026-04-30T14:15:05,04/30/202602:15,144.2,0.6399999999999999,92.28799999999998,55.0,1.1199999999999999,61.599999999999994,61.5,0.6,11.0,198.7,23869.0,45155.0,17.0,19.6,39.0,30.0,8.57,49.0,980.0,5.0,0.6674757281553398
2026-04-30T14:16:01,04/30/202602:16,144.31,0.63,90.9153,55.0,1.09,59.95,59.8,0.6,11.0,198.7,23869.0,45155.0,17.0,19.6,39.0,30.0,8.57,49.0,980.0,5.0,0.6594049626410516
2026-04-30T14:16:04,04/30/202602:16,144.43,0.6199999999999999,89.54659999999998,55.0,1.05,57.75,57.6,0.6,11.0,198.7,23869.0,45155.0,16.9,19.630000000000003,38.8,29.997000000000003,8.558,49.1,977.0,5.0,0.6449156081861289
2026-04-30T14:16:54,04/30/202602:16,144.51,0.63,91.04129999999999,55.0,1.06,58.300000000000004,58.2,0.6,11.0,198.7,23869.0,45155.0,16.9,19.660000000000004,38.6,29.994,8.546000000000001,49.2,974.0,5.0,0.6403687117824549
2026-04-30T14:17:01,04/30/202602:17,144.54000000000002,0.6399999999999999,92.5056,55.0,1.06,58.300000000000004,58.2,0.6,11.0,198.7,23869.0,45155.0,16.9,19.69,38.4,29.990999999999996,8.534,49.3,971.0,5.0,0.6302321156773212
2026-04-30T14:17:54,04/30/202602:17,144.52,0.6399999999999999,92.49279999999999,55.0,1.06,58.300000000000004,58.2,0.6,11.0,198.7,23869.0,45155.0,16.9,19.72,38.2,29.988,8.522,49.4,968.0,5.0,0.6303193329642958
2026-04-30T14:18:00,04/30/202602:18,144.41,0.6399999999999999,92.42239999999998,55.0,1.06,58.300000000000004,58.2,0.6,11.0,198.7,23869.0,45155.0,16.9,19.75,38.0,29.985000000000003,8.51,49.5,965.0,5.0,0.6307994598712002
2026-04-30T14:18:54,04/30/202602:18,144.31,0.65,93.8015,55.0,1.08,59.400000000000006,59.3,0.6,11.0,198.7,23869.0,45155.0,17.0,19.78,37.8,29.982,8.498,49.6,962.0,5.0,0.6332521334946669
2026-04-30T14:19:01,04/30/202602:19,144.20999999999998,0.65,93.73649999999999,55.0,1.08,59.400000000000006,59.3,0.6,11.0,198.7,23869.0,45155.0,17.0,19.81,37.6,29.978999999999996,8.486,49.7,959.0,5.0,0.6336912515402219
2026-04-30T14:19:54,04/30/202602:19,144.2,0.65,93.72999999999999,55.0,1.08,59.400000000000006,59.3,0.6,11.0,198.7,23869.0,45155.0,17.0,19.839999999999996,37.4,29.976,8.474,49.8,956.0,5.0,0.6337351968419931
2026-04-30T14:20:01,04/30/202602:20,144.20999999999998,0.6599999999999999,95.17859999999997,55.0,1.09,59.95,59.9,0.6,11.0,198.7,23869.0,45155.0,17.0,19.869999999999997,37.2,29.973000000000003,8.462,49.9,953.0,5.0,0.6298684788387308
2026-04-30T14:20:54,04/30/202602:20,144.18,0.6699999999999999,96.6006,55.0,1.1,60.50000000000001,60.5,0.6,12.0,198.7,23869.0,45155.0,17.0,19.9,37.0,29.97,8.45,50.0,950.0,5.0,0.6262901058585558
2026-04-30T14:21:00,04/30/202602:21,144.14000000000001,0.6799999999999999,98.01520000000001,55.0,1.1199999999999999,61.599999999999994,61.6,0.6,12.0,198.7,23869.0,45155.0,17.0,19.9,37.0,29.97,8.45,50.0,950.0,5.0,0.6284739509790317
2026-04-30T14:21:55,04/30/202602:21,144.13,0.6699999999999999,96.56709999999998,55.0,1.1300000000000001,62.150000000000006,62.1,0.6,12.0,198.7,23869.0,45155.0,17.0,19.889999999999997,37.0,29.97,8.45,50.0,952.0,5.0,0.6435939362370829
2026-04-30T14:22:01,04/30/202602:22,144.12,0.6599999999999999,95.11919999999999,55.0,1.1400000000000001,62.70000000000001,62.6,0.6,12.0,198.7,23869.0,45155.0,17.0,19.88,37.0,29.97,8.45,50.0,954.0,5.0,0.6591729114626702
2026-04-30T14:24:12,04/30/202602:24,144.07,0.6699999999999999,96.52689999999998,55.010000000000005,1.15,63.2615,63.1,0.6,12.0,198.7,23869.0,45155.0,16.9,19.869999999999997,37.0,29.97,8.511999999999999,50.7,956.0,5.0,0.655376894938095
2026-04-30T14:24:54,04/30/202602:24,144.0,0.6799999999999999,97.91999999999999,55.010000000000005,1.17,64.3617,64.2,0.6,12.0,198.7,23869.0,45155.0,17.0,19.86,37.0,29.97,8.574,51.4,958.0,5.0,0.6572886029411765
2026-04-30T14:25:00,04/30/202602:25,143.92000000000002,0.6799999999999999,97.8656,55.010000000000005,1.17,64.3617,64.2,0.6,12.0,198.7,23869.0,45155.0,17.0,19.85,37.0,29.97,8.636,52.1,960.0,5.0,0.657653966255763
2026-04-30T14:26:01,04/30/202602:26,143.84,0.6799999999999999,97.8112,55.010000000000005,1.17,64.3617,64.2,0.6,12.0,198.7,23869.0,45155.0,17.0,19.84,37.0,29.97,8.697999999999999,52.8,962.0,5.0,0.6580197359811555
2026-04-30T14:26:54,04/30/202602:26,143.64000000000001,0.6799999999999999,97.6752,55.010000000000005,1.17,64.3617,64.2,0.6,12.0,198.7,23869.0,45155.0,16.9,19.830000000000002,37.0,29.97,8.76,53.5,964.0,5.0,0.6589359427981719
2026-04-30T14:27:00,04/30/202602:27,143.44,0.6799999999999999,97.5392,55.010000000000005,1.17,64.3617,64.2,0.6,12.0,198.7,23869.0,45155.0,16.9,19.82,37.0,29.97,8.822,54.2,966.0,5.0,0.65985470457006
2026-04-30T14:27:54,04/30/202602:27,143.24,0.6799999999999999,97.4032,55.010000000000005,1.17,64.3617,64.2,0.6,12.0,198.7,23869.0,45155.0,17.0,19.81,37.0,29.97,8.884,54.9,968.0,5.0,0.6607760319989487
2026-04-30T14:28:00,04/30/202602:28,143.04000000000002,0.6799999999999999,97.2672,55.010000000000005,1.17,64.3617,64.2,0.6,12.0,198.7,23869.0,45155.0,17.0,19.8,37.0,29.97,8.946000000000002,55.6,970.0,5.0,0.661699935846822
2026-04-30T14:28:55,04/30/202602:28,142.92000000000002,0.6799999999999999,97.18560000000001,55.02,1.1800000000000002,64.92360000000001,64.8,0.6,12.0,198.7,23869.0,45155.0,16.9,19.8,37.0,29.97,9.008,56.3,970.0,5.0,0.6680372400849509
2026-04-30T14:29:01,04/30/202602:29,142.8,0.6799999999999999,97.104,55.029999999999994,1.19,65.4857,65.4,0.6,12.0,198.7,23869.0,45155.0,16.9,19.8,37.0,29.97,9.07,57.0,970.0,5.0,0.6743872549019607
2026-04-30T14:29:55,04/30/202602:29,142.75,0.6699999999999999,95.64249999999998,55.02,1.16,63.8232,63.8,0.6,12.0,198.7,23869.0,45155.0,17.0,19.8,37.0,29.97,9.07,57.0,970.0,5.0,0.6673100347648797
2026-04-30T14:30:00,04/30/202602:30,142.72,0.6599999999999999,94.19519999999999,55.02,1.1199999999999999,61.6224,61.6,0.6,12.0,198.7,23869.0,45155.0,17.0,19.8,37.0,29.97,9.07,57.0,970.0,5.0,0.6541989400733796
2026-04-30T14:30:54,04/30/202602:30,142.66,0.6599999999999999,94.15559999999999,55.02,1.1199999999999999,61.6224,61.6,0.6,12.0,198.7,23869.0,45155.0,17.0,19.82,36.9,29.97,9.076,56.7,967.0,4.99,0.6544740833258988
2026-04-30T14:31:00,04/30/202602:31,142.6,0.6599999999999999,94.11599999999999,55.02,1.1199999999999999,61.6224,61.6,0.6,12.0,198.7,23869.0,45155.0,17.0,19.84,36.8,29.97,9.082,56.4,964.0,4.9799999999999995,0.6547494581155171
2026-04-30T14:31:54,04/30/202602:31,142.54000000000002,0.65,92.65100000000001,55.02,1.1,60.522000000000006,60.5,0.6,12.0,198.7,23869.0,45155.0,16.9,19.86,36.7,29.97,9.088000000000001,56.1,961.0,4.970000000000001,0.6532255453260083
2026-04-30T14:32:01,04/30/202602:32,142.48,0.6399999999999999,91.18719999999998,55.02,1.08,59.421600000000005,59.4,0.6,12.0,198.7,23869.0,45155.0,16.9,19.880000000000003,36.6,29.97,9.094,55.8,958.0,4.96,0.6516440903986527
2026-04-30T14:32:54,04/30/202602:32,142.44,0.6399999999999999,91.16159999999998,55.02,1.08,59.421600000000005,59.4,0.6,12.0,198.7,23869.0,45155.0,16.9,19.9,36.5,29.97,9.1,55.5,955.0,4.95,0.6518270850884585
2026-04-30T14:33:01,04/30/202602:33,142.4,0.6399999999999999,91.136,55.02,1.08,59.421600000000005,59.4,0.6,12.0,198.7,23869.0,45155.0,16.9,19.919999999999998,36.4,29.97,9.106,55.2,952.0,4.94,0.6520101825842698
2026-04-30T14:33:55,04/30/202602:33,142.32999999999998,0.65,92.5145,55.010000000000005,1.08,59.41080000000001,59.4,0.6,12.0,198.7,23869.0,45155.0,16.9,19.94,36.3,29.97,9.112,54.9,949.0,4.930000000000001,0.6421782531386973
2026-04-30T14:34:00,04/30/202602:34,142.26,0.6599999999999999,93.89159999999998,55.0,1.08,59.400000000000006,59.4,0.6,12.0,198.7,23869.0,45155.0,16.9,19.96,36.2,29.97,9.118,54.6,946.0,4.92,0.632644453816955
2026-04-30T14:35:23,04/30/202602:35,142.17000000000002,0.6599999999999999,93.8322,55.0,1.1,60.50000000000001,60.5,0.6,12.0,198.7,23869.0,45155.0,17.0,19.98,36.1,29.97,9.124,54.3,943.0,4.91,0.6447680007502755
2026-04-30T14:35:54,04/30/202602:35,142.15,0.6699999999999999,95.2405,55.0,1.1199999999999999,61.599999999999994,61.6,0.6,12.0,198.7,23869.0,45155.0,16.9,20.0,36.0,29.97,9.13,54.0,940.0,4.9,0.6467836687123649
2026-04-30T14:36:01,04/30/202602:36,142.16,0.6699999999999999,95.24719999999999,55.0,1.1,60.50000000000001,60.5,0.6,12.0,198.7,23869.0,45155.0,16.9,20.0,36.0,29.97,9.13,54.0,940.0,4.9,0.6351892759052236
2026-04-30T14:36:55,04/30/202602:36,142.14000000000001,0.6699999999999999,95.2338,55.0,1.08,59.400000000000006,59.4,0.6,12.0,198.7,23869.0,45155.0,16.9,20.0,36.0,29.97,9.13,54.0,940.0,4.9,0.6237281301386693
2026-04-30T14:37:01,04/30/202602:37,142.15,0.6799999999999999,96.66199999999999,55.0,1.08,59.400000000000006,59.4,0.6,12.0,198.7,23869.0,45155.0,16.9,20.0,36.0,29.97,9.13,54.0,940.0,4.9,0.614512424737746
2026-04-30T14:37:54,04/30/202602:37,142.15,0.69,98.0835,55.0,1.09,59.95,59.9,0.6,12.0,198.7,23869.0,45155.0,17.0,20.0,36.0,29.97,9.13,54.0,940.0,4.9,0.6112139146747414
2026-04-30T14:38:01,04/30/202602:38,142.17000000000002,0.69,98.0973,55.0,1.08,59.400000000000006,59.3,0.6,12.0,198.7,23869.0,45155.0,17.0,20.0,36.0,29.97,9.13,54.0,940.0,4.9,0.6055212528785197
2026-04-30T14:38:54,04/30/202602:38,142.25,0.6799999999999999,96.72999999999999,55.010000000000005,1.06,58.31060000000001,58.2,0.6,12.0,198.7,23869.0,45155.0,16.9,20.0,36.0,29.97,9.13,54.0,940.0,4.9,0.6028181536234882
2026-04-30T14:39:01,04/30/202602:39,142.3,0.6699999999999999,95.341,55.02,1.04,57.220800000000004,57.1,0.6,12.0,198.7,23869.0,45155.0,16.9,20.0,36.0,29.97,9.13,54.0,940.0,4.9,0.6001699164053241
2026-04-30T14:39:54,04/30/202602:39,142.35,0.6599999999999999,93.95099999999998,55.02,1.03,56.67060000000001,56.5,0.6,12.0,198.7,23869.0,45155.0,17.0,20.0,36.0,29.97,9.13,54.0,940.0,4.9,0.6031931538780856
2026-04-30T14:40:00,04/30/202602:40,142.44,0.6599999999999999,94.01039999999999,55.02,1.04,57.220800000000004,57.0,0.6,12.0,198.7,23869.0,45155.0,17.0,20.0,36.0,29.97,9.13,54.0,940.0,4.9,0.6086645732812541
2026-04-30T14:40:55,04/30/202602:40,142.51999999999998,0.6599999999999999,94.06319999999998,55.029999999999994,1.06,58.331799999999994,58.1,0.6,12.0,198.7,23869.0,45155.0,17.0,20.0,36.0,29.97,9.13,54.0,940.0,4.9,0.6201341225899183
2026-04-30T14:41:01,04/30/202602:41,142.6,0.6599999999999999,94.11599999999999,55.04,1.08,59.443200000000004,59.2,0.6,12.0,198.7,23869.0,45155.0,17.0,20.0,36.0,29.97,9.13,54.0,940.0,4.9,0.6315950529134261
2026-04-30T14:41:54,04/30/202602:41,142.68,0.6599999999999999,94.16879999999999,55.04,1.08,59.443200000000004,59.2,0.6,12.0,198.7,23869.0,45155.0,17.0,20.0,36.0,29.97,9.13,54.0,940.0,4.9,0.631240920559676
2026-04-30T14:42:01,04/30/202602:42,142.76,0.6599999999999999,94.22159999999998,55.04,1.08,59.443200000000004,59.2,0.6,12.0,198.7,23869.0,45155.0,17.0,20.0,36.0,29.97,9.13,54.0,940.0,4.9,0.6308871851040527
2026-04-30T14:42:54,04/30/202602:42,142.81,0.6599999999999999,94.2546,55.04,1.09,59.9936,59.8,0.6,12.0,198.7,23869.0,45155.0,17.0,20.0,36.0,29.97,9.13,54.0,940.0,4.9,0.6365058044912397
2026-04-30T14:43:00,04/30/202602:43,142.85999999999999,0.6599999999999999,94.28759999999998,55.04,1.1,60.544000000000004,60.4,0.6,12.0,198.7,23869.0,45155.0,17.0,20.0,36.0,29.97,9.13,54.0,940.0,4.9,0.642120490923515
2026-04-30T14:43:55,04/30/202602:43,142.82999999999998,0.6699999999999999,95.69609999999997,55.04,1.1199999999999999,61.64479999999999,61.5,0.6,12.0,198.7,23869.0,45155.0,17.0,20.0,36.0,29.97,9.13,54.0,940.0,4.9,0.6441725420367184
2026-04-30T14:44:01,04/30/202602:44,142.8,0.6799999999999999,97.104,55.04,1.1400000000000001,62.7456,62.6,0.6,12.0,198.7,23869.0,45155.0,17.0,20.0,36.0,29.97,9.13,54.0,940.0,4.9,0.6461690558576372
2026-04-30T14:44:55,04/30/202602:44,142.72,0.69,98.4768,55.04,1.1400000000000001,62.7456,62.6,0.6,12.0,198.7,23869.0,45155.0,17.0,20.0,36.0,29.97,9.13,54.0,940.0,4.9,0.6371612400077988
2026-04-30T14:45:01,04/30/202602:45,142.64000000000001,0.7,99.848,55.04,1.1400000000000001,62.7456,62.6,0.6,12.0,198.7,23869.0,45155.0,17.0,20.0,36.0,29.97,9.13,54.0,940.0,4.9,0.6284111850012019
2026-04-30T14:46:36,04/30/202602:46,142.49,0.69,98.3181,55.029999999999994,1.1199999999999999,61.63359999999999,61.5,0.6,12.0,198.7,23869.0,45155.0,17.0,20.0,36.0,29.97,9.13,54.0,940.0,4.9,0.6268794860763175
2026-04-30T14:46:55,04/30/202602:46,142.35,0.6799999999999999,96.79799999999999,55.02,1.1,60.522000000000006,60.4,0.6,12.0,198.7,23869.0,45155.0,17.0,19.98,35.8,29.97,9.205000000000002,53.8,922.0,4.890000000000001,0.6252401909130355
2026-04-30T14:47:01,04/30/202602:47,142.24,0.6699999999999999,95.3008,55.02,1.1,60.522000000000006,60.4,0.6,12.0,198.7,23869.0,45155.0,17.0,19.96,35.6,29.97,9.280000000000001,53.6,904.0,4.880000000000001,0.6350628746033612
2026-04-30T14:48:00,04/30/202602:48,142.13,0.6599999999999999,93.80579999999999,55.02,1.1,60.522000000000006,60.4,0.6,12.0,198.7,23869.0,45155.0,17.0,19.94,35.4,29.97,9.355,53.4,886.0,4.87,0.6451839864912405
2026-04-30T14:48:12,04/30/202602:48,142.05,0.6599999999999999,93.753,55.02,1.09,59.97180000000001,59.8,0.6,12.0,198.7,23869.0,45155.0,17.0,19.919999999999998,35.2,29.97,9.430000000000001,53.2,868.0,4.86,0.6396787302806312
2026-04-30T14:49:00,04/30/202602:49,141.97,0.6599999999999999,93.70019999999998,55.02,1.08,59.421600000000005,59.2,0.6,12.0,198.7,23869.0,45155.0,17.0,19.9,35.0,29.97,9.505,53.0,850.0,4.85,0.6341672696536402
2026-04-30T14:49:12,04/30/202602:49,141.88000000000002,0.6599999999999999,93.6408,55.010000000000005,1.06,58.31060000000001,58.1,0.6,12.0,198.7,23869.0,45155.0,17.0,19.880000000000003,34.8,29.97,9.580000000000002,52.8,832.0,4.84,0.6227050601874398
2026-04-30T14:50:01,04/30/202602:50,141.79000000000002,0.6599999999999999,93.5814,55.0,1.04,57.2,57.0,0.6,12.0,198.7,23869.0,45155.0,17.0,19.86,34.6,29.97,9.655000000000001,52.6,814.0,4.83,0.6112325739944049
2026-04-30T14:50:13,04/30/202602:50,141.75,0.6599999999999999,93.55499999999999,55.0,1.05,57.75,57.5,0.6,12.0,198.7,23869.0,45155.0,17.0,19.84,34.4,29.97,9.73,52.4,796.0,4.82,0.617283950617284
2026-04-30T14:51:00,04/30/202602:51,141.71,0.6599999999999999,93.5286,55.0,1.06,58.300000000000004,58.0,0.6,12.0,198.7,23869.0,45155.0,17.0,19.82,34.2,29.97,9.805000000000001,52.2,778.0,4.8100000000000005,0.6233387434431822
2026-04-30T14:51:13,04/30/202602:51,141.47,0.6699999999999999,94.7849,55.0,1.0699999999999998,58.849999999999994,58.5,0.6,12.0,198.7,23869.0,45155.0,17.0,19.8,34.0,29.97,9.88,52.0,760.0,4.8,0.6208794860784788
2026-04-30T14:51:27,04/30/202602:51,141.37,0.6699999999999999,94.71789999999999,55.0,1.08,59.400000000000006,59.0,0.6,12.0,198.7,23869.0,45155.0,17.0,19.8,34.0,29.97,9.88,52.0,760.0,4.8,0.6271253902377483
2026-04-30T14:52:00,04/30/202602:52,141.27,0.6699999999999999,94.6509,55.0,1.09,59.95,59.5,0.6,12.0,198.7,23869.0,45155.0,17.0,19.8,34.0,29.97,9.88,52.0,760.0,4.8,0.6333801369030829
2026-04-30T14:52:27,04/30/202602:52,140.89000000000001,0.6699999999999999,94.3963,55.0,1.08,59.400000000000006,58.9,0.6,12.0,198.7,23869.0,45155.0,17.0,19.8,34.0,29.97,9.88,52.0,760.0,4.8,0.6292619520044749
2026-04-30T14:53:00,04/30/202602:53,140.52,0.6599999999999999,92.7432,55.0,1.06,58.300000000000004,57.8,0.6,12.0,198.7,23869.0,45155.0,17.0,19.8,34.0,29.97,9.88,52.0,760.0,4.8,0.6286175158933486
2026-04-30T14:53:28,04/30/202602:53,140.48,0.65,91.312,55.0,1.06,58.300000000000004,57.8,0.6,12.0,198.7,23869.0,45155.0,17.0,19.8,34.0,29.97,9.88,52.0,760.0,4.8,0.638470299632031
2026-04-30T14:54:01,04/30/202602:54,140.47,0.6399999999999999,89.90079999999999,55.0,1.07,58.85,58.3,0.6,12.0,198.7,23869.0,45155.0,17.0,19.8,34.0,29.97,9.88,52.0,760.0,4.8,0.654610415035239
2026-04-30T14:55:03,04/30/202602:55,140.41,0.6399999999999999,89.86239999999998,55.0,1.06,58.300000000000004,57.7,0.6,12.0,198.7,23869.0,45155.0,17.0,19.8,34.0,29.97,9.88,52.0,760.0,4.8,0.6487696745246067
2026-04-30T14:56:00,04/30/202602:56,140.35,0.6399999999999999,89.82399999999998,55.0,1.03,56.65,56.1,0.6,12.0,198.7,23869.0,45155.0,17.0,19.8,34.0,29.97,9.88,52.0,760.0,4.8,0.6306777698610617
2026-04-30T14:56:03,04/30/202602:56,140.22,0.6399999999999999,89.74079999999998,55.0,1.0100000000000002,55.55000000000001,55.1,0.6,12.0,198.7,23869.0,45155.0,17.0,19.8,34.0,29.97,9.88,52.0,760.0,4.8,0.6190049564969337
2026-04-30T14:57:47,04/30/202602:57,140.27,0.63,88.37010000000001,55.0,0.9800000000000001,53.900000000000006,53.5,0.6,12.0,198.7,23869.0,45155.0,17.0,19.8,34.0,29.97,9.88,52.0,760.0,4.8,0.609934808266597
2026-04-30T14:58:01,04/30/202602:58,140.17000000000002,0.63,88.3071,55.0,0.95,52.25,51.9,0.6,12.0,198.7,23869.0,45155.0,17.0,19.8,34.0,29.97,9.88,52.0,760.0,4.8,0.5916851532889201
2026-04-30T14:58:03,04/30/202602:58,140.06,0.63,88.23780000000001,55.0,0.9400000000000001,51.7,51.4,0.6,12.0,198.7,23869.0,45155.0,17.0,19.8,34.0,29.97,9.88,52.0,760.0,4.8,0.5859166932992437
2026-04-30T14:59:00,04/30/202602:59,140.23,0.63,88.3449,55.0,0.95,52.25,52.0,0.6,12.0,198.7,23869.0,45155.0,17.0,19.8,34.0,29.97,9.88,52.0,760.0,4.8,0.5914319898488765
2026-04-30T14:59:03,04/30/202602:59,140.42000000000002,0.6199999999999999,87.06039999999999,55.0,0.95,52.25,52.0,0.6,12.0,198.7,23869.0,45155.0,17.0,19.8,34.0,29.97,9.88,52.0,760.0,4.8,0.600158051192046
2026-04-30T15:00:01,04/30/202603:00,140.28,0.61,85.5708,55.0,0.93,51.150000000000006,50.9,0.6,12.0,198.7,23869.0,45155.0,17.0,19.8,34.0,29.97,9.88,52.0,760.0,4.8,0.5977506345622573
2026-04-30T15:00:04,04/30/202603:00,140.15,0.6199999999999999,86.89299999999999,55.0,0.9400000000000001,51.7,51.5,0.6,12.0,198.7,23869.0,45155.0,17.0,19.8,34.2,29.97,9.88,52.0,760.0,4.8,0.5949846362768003
2026-04-30T15:01:01,04/30/202603:01,140.07,0.6199999999999999,86.84339999999997,55.0,0.97,53.35,53.2,0.6,12.0,198.7,23869.0,45155.0,17.0,19.8,34.4,29.97,9.88,52.0,760.0,4.8,0.6143241743183709
2026-04-30T15:01:03,04/30/202603:01,140.05,0.6,84.03,55.0,0.96,52.8,53.2,0.6,12.0,198.7,23869.0,45155.0,17.0,19.81,34.5,29.97,9.905000000000001,51.7,762.0,4.79,0.6283470189218135
2026-04-30T15:02:00,04/30/202603:02,140.1,0.58,81.258,55.0,0.9400000000000001,51.7,52.6,0.6,12.0,198.7,23869.0,45155.0,17.0,19.82,34.6,29.97,9.930000000000001,51.4,764.0,4.779999999999999,0.6362450466415616
2026-04-30T15:02:03,04/30/202603:02,140.14000000000001,0.59,82.68260000000001,55.0,0.96,52.8,53.7,0.6,12.0,198.7,23869.0,45155.0,17.0,19.830000000000002,34.7,29.97,9.955000000000002,51.1,766.0,4.7700000000000005,0.6385865950030598
2026-04-30T15:03:00,04/30/202603:03,140.18,0.6,84.108,55.0,0.9800000000000001,53.900000000000006,54.8,0.6,12.0,198.7,23869.0,45155.0,17.0,19.84,34.8,29.97,9.98,50.8,768.0,4.76,0.6408427260189281
2026-04-30T15:03:03,04/30/202603:03,140.28,0.61,85.5708,55.0,0.9800000000000001,53.900000000000006,54.8,0.6,12.0,198.7,23869.0,45155.0,17.0,19.85,34.9,29.97,10.005,50.5,770.0,4.75,0.6298877654527012
2026-04-30T15:04:01,04/30/202603:04,140.38,0.6199999999999999,87.03559999999997,55.0,0.9800000000000001,53.900000000000006,54.8,0.6,12.0,198.7,23869.0,45155.0,17.0,19.86,35.0,29.97,10.030000000000001,50.2,772.0,4.74,0.6192868205653781
2026-04-30T15:04:04,04/30/202603:04,140.49,0.6399999999999999,89.91359999999999,55.0,1.0,55.0,55.9,0.6,12.0,198.7,23869.0,45155.0,17.0,19.869999999999997,35.1,29.97,10.055000000000001,49.9,774.0,4.7299999999999995,0.6116983415189694
2026-04-30T15:05:01,04/30/202603:05,140.6,0.6599999999999999,92.79599999999998,55.0,1.02,56.1,57.0,0.6,12.0,198.7,23869.0,45155.0,17.0,19.88,35.2,29.97,10.080000000000002,49.6,776.0,4.720000000000001,0.6045519203413942
2026-04-30T15:05:03,04/30/202603:05,140.73,0.65,91.47449999999999,55.0,1.01,55.55,56.4,0.6,12.0,198.7,23869.0,45155.0,17.0,19.889999999999997,35.1,29.97,10.105,49.3,778.0,4.71,0.607273065171168
2026-04-30T15:06:00,04/30/202603:06,140.85999999999999,0.6399999999999999,90.15039999999998,55.0,1.0,55.0,55.8,0.6,12.0,198.7,23869.0,45155.0,17.0,19.9,35.0,29.97,10.13,49.0,780.0,4.7,0.6100915802924891
2026-04-30T15:07:01,04/30/202603:07,140.93,0.65,91.6045,55.0,1.03,56.65,56.9,0.7,12.0,198.7,23869.0,45155.0,17.0,19.9,35.0,29.97,10.13,49.0,780.0,4.7,0.6184194007936291
2026-04-30T15:07:03,04/30/202603:07,141.03,0.65,91.6695,55.0,1.04,57.2,56.9,0.7,12.0,198.7,23869.0,45155.0,17.0,19.9,35.0,29.97,10.13,49.0,780.0,4.7,0.6239807133234064
2026-04-30T15:08:59,04/30/202603:08,141.18,0.6399999999999999,90.3552,55.010000000000005,1.04,57.21040000000001,56.9,0.7,12.0,198.7,23869.0,45155.0,17.0,19.9,35.0,29.97,10.13,49.0,780.0,4.7,0.6331721915285452
2026-04-30T15:09:00,04/30/202603:09,141.32999999999998,0.63,89.0379,55.02,1.04,57.220800000000004,56.9,0.7,12.0,198.7,23869.0,45155.0,17.0,19.9,35.0,29.97,10.13,49.0,780.0,4.7,0.6426566664308121
2026-04-30T15:09:03,04/30/202603:09,141.45,0.6199999999999999,87.69899999999997,55.02,1.03,56.67060000000001,56.3,0.7,12.0,198.7,23869.0,45155.0,17.0,19.9,35.0,29.97,10.13,49.0,780.0,4.7,0.6461943693770742
2026-04-30T15:10:00,04/30/202603:10,141.57,0.61,86.3577,55.02,1.02,56.120400000000004,55.7,0.7,12.0,198.7,23869.0,45155.0,17.0,19.9,35.0,29.97,10.13,49.0,780.0,4.7,0.6498598272070703
2026-04-30T15:10:03,04/30/202603:10,141.66,0.6,84.996,55.02,1.01,55.57020000000001,55.2,0.7,12.0,198.7,23869.0,45155.0,17.0,19.9,35.0,29.97,10.13,49.0,780.0,4.7,0.6537978257800369
2026-04-30T15:11:00,04/30/202603:11,141.75,0.59,83.6325,55.02,1.0,55.02,54.7,0.7,12.0,198.7,23869.0,45155.0,17.0,19.9,35.0,29.97,10.13,49.0,780.0,4.7,0.6578782172002512
2026-04-30T15:11:03,04/30/202603:11,141.8,0.59,83.662,55.02,0.99,54.4698,54.2,0.7,12.0,198.7,23869.0,45155.0,17.0,19.9,35.0,29.97,10.13,49.0,780.0,4.7,0.6510697807845856
2026-04-30T15:11:26,04/30/202603:11,141.84,0.59,83.6856,55.02,0.9800000000000001,53.91960000000001,53.7,0.7,12.0,198.7,23869.0,45155.0,17.0,19.9,35.0,29.97,10.13,49.0,780.0,4.7,0.6443115661475811
2026-04-30T15:12:00,04/30/202603:12,141.88,0.59,83.7092,55.02,0.97,53.3694,53.2,0.7,12.0,198.7,23869.0,45155.0,17.0,19.9,35.0,29.97,10.13,49.0,780.0,4.7,0.6375571621757227
2026-04-30T15:12:25,04/30/202603:12,141.86,0.61,86.53460000000001,55.02,1.0,55.02,54.9,0.7,12.0,198.7,23869.0,45155.0,17.0,19.9,35.0,29.97,10.13,49.0,780.0,4.7,0.635815038146591
2026-04-30T15:13:00,04/30/202603:13,141.82999999999998,0.6199999999999999,87.93459999999997,55.010000000000005,1.02,56.110200000000006,56.0,0.7,12.0,198.7,23869.0,45155.0,17.0,19.9,35.0,29.97,10.13,49.0,780.0,4.7,0.6380901260709666
2026-04-30T15:13:25,04/30/202603:13,141.82,0.6199999999999999,87.92839999999998,55.0,1.03,56.65,56.5,0.7,12.0,198.7,23869.0,45155.0,17.0,19.9,35.0,29.97,10.13,49.0,780.0,4.7,0.644274204921277
2026-04-30T15:14:00,04/30/202603:14,141.79000000000002,0.6199999999999999,87.90979999999999,55.0,1.05,57.75,57.6,0.7,12.0,198.7,23869.0,45155.0,17.0,19.9,35.0,29.97,10.13,49.0,780.0,4.7,0.6569233464300909
2026-04-30T15:14:25,04/30/202603:14,141.54000000000002,0.63,89.17020000000001,55.0,1.09,59.95,59.8,0.7,12.0,198.7,23869.0,45155.0,17.0,19.9,35.0,29.97,10.13,49.0,780.0,4.7,0.6723098075365985
2026-04-30T15:15:00,04/30/202603:15,141.29000000000002,0.6399999999999999,90.4256,55.0,1.1199999999999999,61.599999999999994,61.4,0.7,12.0,198.7,23869.0,45155.0,17.0,19.9,35.0,29.97,10.13,49.0,780.0,4.7,0.6812230164909051
2026-04-30T15:15:25,04/30/202603:15,141.24,0.6399999999999999,90.39359999999999,55.0,1.1099999999999999,61.04999999999999,60.8,0.7,12.0,198.7,23869.0,45155.0,17.0,19.9,35.0,29.97,10.13,49.0,780.0,4.7,0.6753796728971962
2026-04-30T15:16:00,04/30/202603:16,141.2,0.6399999999999999,90.36799999999998,55.0,1.1,60.50000000000001,60.2,0.7,12.0,198.7,23869.0,45155.0,17.0,19.9,35.0,29.97,10.13,49.0,780.0,4.7,0.669484773371105
2026-04-30T15:16:25,04/30/202603:16,140.93,0.6399999999999999,90.19519999999999,55.0,1.08,59.400000000000006,59.1,0.7,12.0,198.7,23869.0,45155.0,17.0,19.88,34.9,29.97,10.099,48.8,763.0,4.7,0.6585716313063225
2026-04-30T15:17:00,04/30/202603:17,140.66,0.6399999999999999,90.02239999999999,55.0,1.06,58.300000000000004,58.0,0.7,12.0,198.7,23869.0,45155.0,17.0,19.86,34.8,29.97,10.068000000000001,48.6,746.0,4.7,0.6476165932034694
2026-04-30T15:17:26,04/30/202603:17,140.70999999999998,0.63,88.64729999999999,55.0,1.03,56.65,56.3,0.7,12.0,198.7,23869.0,45155.0,17.0,19.839999999999996,34.7,29.97,10.037,48.4,729.0,4.7,0.6390493562691701
2026-04-30T15:18:00,04/30/202603:18,140.76,0.6199999999999999,87.27119999999998,55.0,1.0,55.0,54.6,0.7,12.0,198.7,23869.0,45155.0,17.0,19.82,34.6,29.97,10.006,48.2,712.0,4.7,0.6302193621721714
2026-04-30T15:18:25,04/30/202603:18,140.72,0.63,88.6536,55.010000000000005,1.01,55.560100000000006,55.2,0.7,13.0,198.7,23869.0,45155.0,17.0,19.8,34.5,29.97,9.975,48.0,695.0,4.7,0.6267100264399867
2026-04-30T15:20:43,04/30/202603:20,140.7,0.63,88.64099999999999,55.02,1.0,55.02,54.7,0.7,13.0,198.7,23869.0,45155.0,17.0,19.779999999999998,34.4,29.97,9.943999999999999,47.8,678.0,4.7,0.6207059938403223
2026-04-30T15:21:00,04/30/202603:21,140.9,0.6199999999999999,87.35799999999999,55.029999999999994,0.97,53.379099999999994,53.1,0.7,13.0,198.7,23869.0,45155.0,17.0,19.759999999999998,34.3,29.97,9.913,47.6,661.0,4.7,0.6110384853133085
2026-04-30T15:21:43,04/30/202603:21,141.04000000000002,0.6199999999999999,87.4448,55.029999999999994,0.9400000000000001,51.7282,51.5,0.7,13.0,198.7,23869.0,45155.0,17.0,19.74,34.2,29.97,9.882000000000001,47.4,644.0,4.7,0.5915526137631969
2026-04-30T15:22:01,04/30/202603:22,140.98,0.63,88.81739999999999,55.029999999999994,0.95,52.278499999999994,52.1,0.7,13.0,198.7,23869.0,45155.0,17.0,19.72,34.1,29.97,9.851,47.2,627.0,4.7,0.5886065117871048
2026-04-30T15:22:43,04/30/202603:22,140.88,0.6399999999999999,90.16319999999999,55.029999999999994,0.97,53.379099999999994,53.2,0.7,13.0,198.7,23869.0,45155.0,17.0,19.7,34.0,29.97,9.82,47.0,610.0,4.7,0.5920275677881885
2026-04-30T15:22:47,04/30/202603:22,141.02,0.65,91.66300000000001,55.029999999999994,1.01,55.580299999999994,55.4,0.7,13.0,198.7,23869.0,45155.0,17.0,19.7,34.0,29.97,9.82,47.0,610.0,4.7,0.6063547996465312
2026-04-30T15:23:00,04/30/202603:23,141.16,0.6599999999999999,93.16559999999998,55.029999999999994,1.05,57.781499999999994,57.6,0.7,13.0,198.7,23869.0,45155.0,17.0,19.7,34.0,29.97,9.82,47.0,610.0,4.7,0.6202020917591902
2026-04-30T15:23:48,04/30/202603:23,140.93,0.6599999999999999,93.01379999999999,55.029999999999994,1.06,58.331799999999994,58.2,0.7,13.0,198.7,23869.0,45155.0,17.0,19.7,34.0,29.97,9.82,47.0,610.0,4.7,0.6271305978252689
2026-04-30T15:24:01,04/30/202603:24,140.7,0.6599999999999999,92.86199999999998,55.029999999999994,1.0699999999999998,58.88209999999999,58.8,0.7,13.0,198.7,23869.0,45155.0,17.0,19.7,34.0,29.97,9.82,47.0,610.0,4.7,0.6340817557235467
2026-04-30T15:24:47,04/30/202603:24,140.60999999999999,0.65,91.39649999999999,55.02,1.05,57.77100000000001,57.7,0.7,13.0,198.7,23869.0,45155.0,17.0,19.7,34.0,29.97,9.82,47.0,610.0,4.7,0.6320920385353926
2026-04-30T15:25:00,04/30/202603:25,140.5,0.65,91.325,55.010000000000005,1.05,57.76050000000001,57.7,0.7,13.0,198.7,23869.0,45155.0,17.0,19.7,34.0,29.97,9.82,47.0,610.0,4.7,0.6324719408705174
2026-04-30T15:25:48,04/30/202603:25,140.37,0.65,91.24050000000001,55.010000000000005,1.06,58.31060000000001,58.2,0.7,13.0,198.7,23869.0,45155.0,17.0,19.7,34.0,29.97,9.82,47.0,610.0,4.7,0.6390868090376532
2026-04-30T15:26:01,04/30/202603:26,140.3,0.6399999999999999,89.79199999999999,55.02,1.0699999999999998,58.871399999999994,58.7,0.7,13.0,198.7,23869.0,45155.0,17.0,19.7,34.0,29.97,9.82,47.0,610.0,4.7,0.6556419280114042
2026-04-30T15:26:09,04/30/202603:26,140.27,0.63,88.37010000000001,55.010000000000005,1.09,59.96090000000001,59.8,0.7,13.0,198.7,23869.0,45155.0,17.0,19.7,34.0,29.97,9.82,47.0,610.0,4.7,0.6785202234692503
2026-04-30T15:27:00,04/30/202603:27,140.28,0.6199999999999999,86.97359999999999,55.0,1.1,60.50000000000001,60.4,0.7,13.0,198.7,23869.0,45155.0,17.0,19.7,34.0,29.97,9.82,47.0,610.0,4.7,0.6956133815318672
2026-04-30T15:27:08,04/30/202603:27,140.32,0.61,85.59519999999999,55.0,1.09,59.95,59.8,0.7,13.0,198.7,23869.0,45155.0,17.0,19.7,34.0,29.97,9.82,47.0,610.0,4.7,0.7003897414808308
2026-04-30T15:28:01,04/30/202603:28,140.35999999999999,0.6,84.216,55.0,1.08,59.400000000000006,59.2,0.7,13.0,198.7,23869.0,45155.0,17.0,19.7,34.0,29.97,9.82,47.0,610.0,4.7,0.7053291536050158
2026-04-30T15:28:09,04/30/202603:28,140.45999999999998,0.6,84.27599999999998,55.0,1.06,58.300000000000004,58.1,0.7,13.0,198.7,23869.0,45155.0,17.0,19.7,34.0,29.97,9.82,47.0,610.0,4.7,0.6917746452133469
2026-04-30T15:29:00,04/30/202603:29,140.56,0.6,84.336,55.0,1.04,57.2,57.0,0.7,13.0,198.7,23869.0,45155.0,17.0,19.7,34.0,29.97,9.82,47.0,610.0,4.7,0.6782394232593436
2026-04-30T15:29:08,04/30/202603:29,140.55,0.61,85.7355,55.0,1.04,57.2,57.0,0.7,13.0,198.7,23869.0,45155.0,17.0,19.7,34.0,29.97,9.82,47.0,610.0,4.7,0.667168209201556
2026-04-30T15:30:01,04/30/202603:30,140.54000000000002,0.6199999999999999,87.1348,55.0,1.04,57.2,57.0,0.7,13.0,198.7,23869.0,45155.0,17.0,19.7,34.0,29.97,9.82,47.0,610.0,4.7,0.6564541377268325
2026-04-30T15:31:23,04/30/202603:31,140.34,0.6199999999999999,87.01079999999999,54.989999999999995,1.02,56.0898,55.9,0.7,13.0,198.7,23869.0,45155.0,17.0,19.75,33.9,29.97,9.901,46.5,635.0,4.720000000000001,0.6446303217531617
2026-04-30T15:32:00,04/30/202603:32,140.14000000000001,0.6199999999999999,86.8868,54.98,1.0,54.98,54.8,0.7,13.0,198.7,23869.0,45155.0,17.0,19.8,33.8,29.97,9.982000000000001,46.0,660.0,4.74,0.63277736088796
2026-04-30T15:32:09,04/30/202603:32,139.91,0.63,88.1433,54.989999999999995,1.0,54.989999999999995,54.8,0.7,13.0,198.7,23869.0,45155.0,17.0,19.85,33.7,29.97,10.063,45.5,685.0,4.76,0.6238704473283846
2026-04-30T15:33:01,04/30/202603:33,139.68,0.6399999999999999,89.39519999999999,55.0,1.0,55.0,54.8,0.7,13.0,198.7,23869.0,45155.0,17.0,19.9,33.6,29.97,10.144,45.0,710.0,4.78,0.6152455612829325
2026-04-30T15:33:09,04/30/202603:33,139.57999999999998,0.6399999999999999,89.33119999999998,55.010000000000005,0.9800000000000001,53.90980000000001,53.7,0.7,13.0,198.7,23869.0,45155.0,17.0,19.95,33.5,29.97,10.225,44.5,735.0,4.8,0.6034823219658979
2026-04-30T15:34:00,04/30/202603:34,139.48,0.6399999999999999,89.26719999999997,55.02,0.96,52.8192,52.6,0.7,13.0,198.7,23869.0,45155.0,17.0,20.0,33.4,29.97,10.306000000000001,44.0,760.0,4.82,0.5916977344422142
2026-04-30T15:34:08,04/30/202603:34,139.56,0.6399999999999999,89.31839999999998,55.02,0.9800000000000001,53.91960000000001,53.7,0.7,13.0,198.7,23869.0,45155.0,17.0,20.05,33.3,29.97,10.387,43.5,785.0,4.840000000000001,0.6036785253654344
2026-04-30T15:35:00,04/30/202603:35,139.64000000000001,0.6399999999999999,89.36959999999999,55.02,1.0,55.02,54.8,0.7,13.0,198.7,23869.0,45155.0,17.0,20.1,33.2,29.97,10.468,43.0,810.0,4.86,0.6156455886565455
2026-04-30T15:35:08,04/30/202603:35,139.85,0.6399999999999999,89.50399999999998,55.02,1.0,55.02,54.8,0.7,13.0,198.7,23869.0,45155.0,17.0,20.15,33.1,29.97,10.549000000000001,42.5,835.0,4.880000000000001,0.6147211297819094
2026-04-30T15:36:01,04/30/202603:36,140.06,0.6399999999999999,89.63839999999999,55.02,1.0,55.02,54.8,0.7,13.0,198.7,23869.0,45155.0,17.0,20.2,33.0,29.97,10.63,42.0,860.0,4.9,0.6137994430958161
2026-04-30T15:36:08,04/30/202603:36,140.60999999999999,0.65,91.39649999999999,55.02,1.02,56.120400000000004,55.9,0.7,13.0,198.7,23869.0,45155.0,17.0,20.2,33.0,29.97,10.63,42.0,860.0,4.9,0.61403226600581
2026-04-30T15:37:00,04/30/202603:37,141.16,0.6599999999999999,93.16559999999998,55.02,1.04,57.220800000000004,57.0,0.7,13.0,198.7,23869.0,45155.0,17.0,20.2,33.0,29.97,10.63,42.0,860.0,4.9,0.6141837759859864
2026-04-30T15:37:08,04/30/202603:37,141.77,0.6399999999999999,90.7328,55.02,1.0,55.02,54.8,0.7,13.0,198.7,23869.0,45155.0,17.0,20.2,33.0,29.97,10.63,42.0,860.0,4.9,0.6063959229738309
2026-04-30T15:38:00,04/30/202603:38,142.38,0.6199999999999999,88.27559999999998,55.02,0.96,52.8192,52.6,0.7,13.0,198.7,23869.0,45155.0,17.0,20.2,33.0,29.97,10.63,42.0,860.0,4.9,0.5983442763345705
2026-04-30T15:38:08,04/30/202603:38,142.81,0.6199999999999999,88.54219999999998,55.010000000000005,0.9800000000000001,53.90980000000001,53.7,0.7,13.0,198.7,23869.0,45155.0,17.0,20.2,33.0,29.97,10.63,42.0,860.0,4.9,0.6088599560435591
2026-04-30T15:39:00,04/30/202603:39,143.24,0.6199999999999999,88.80879999999999,55.0,1.0,55.0,54.8,0.7,13.0,198.7,23869.0,45155.0,17.0,20.2,33.0,29.97,10.63,42.0,860.0,4.9,0.6193079965048509
2026-04-30T15:39:08,04/30/202603:39,143.4,0.6199999999999999,88.90799999999999,55.0,1.0100000000000002,55.55000000000001,55.3,0.7,13.0,198.7,23869.0,45155.0,17.0,20.2,33.0,29.97,10.63,42.0,860.0,4.9,0.6248031673190266
2026-04-30T15:40:44,04/30/202603:40,143.38,0.6199999999999999,88.89559999999999,55.010000000000005,1.0100000000000002,55.56010000000002,55.3,0.7,13.0,198.7,23869.0,45155.0,17.0,20.2,33.0,29.97,10.63,42.0,860.0,4.9,0.6250039372027415
2026-04-30T15:41:00,04/30/202603:41,143.27,0.61,87.3947,55.02,1.0100000000000002,55.570200000000014,55.3,0.7,13.0,198.7,23869.0,45155.0,17.0,20.2,33.0,29.97,10.63,42.0,860.0,4.9,0.6358532039128233
2026-04-30T15:42:35,04/30/202603:42,143.44,0.61,87.4984,55.02,1.0100000000000002,55.570200000000014,55.3,0.7,13.0,198.7,23869.0,45155.0,17.0,20.2,33.0,29.97,10.63,42.0,860.0,4.9,0.635099613250071
2026-04-30T15:42:44,04/30/202603:42,143.39000000000001,0.61,87.4679,55.02,1.0100000000000002,55.570200000000014,55.3,0.7,13.0,198.7,23869.0,45155.0,17.0,20.2,33.0,29.97,10.63,42.0,860.0,4.9,0.6353210720732979
2026-04-30T15:43:01,04/30/202603:43,143.34,0.61,87.4374,55.02,1.0100000000000002,55.570200000000014,55.3,0.7,13.0,198.7,23869.0,45155.0,17.0,20.2,33.0,29.97,10.63,42.0,860.0,4.9,0.6355426853954945
2026-04-30T15:43:44,04/30/202603:43,143.12,0.6199999999999999,88.73439999999998,55.029999999999994,1.04,57.231199999999994,56.9,0.7,13.0,198.7,23869.0,45155.0,17.1,20.2,33.0,29.97,10.63,42.0,860.0,4.9,0.6449719612686851
2026-04-30T15:44:00,04/30/202603:44,142.9,0.63,90.027,55.04,1.07,58.8928,58.5,0.7,13.0,198.7,23869.0,45155.0,17.1,20.2,33.0,29.97,10.63,42.0,860.0,4.9,0.6541681939862486
2026-04-30T15:44:44,04/30/202603:44,142.65,0.6199999999999999,88.44299999999998,55.04,1.05,57.792,57.4,0.7,13.0,198.7,23869.0,45155.0,17.0,20.2,33.0,29.97,10.63,42.0,860.0,4.9,0.6534378074013772
2026-04-30T15:45:01,04/30/202603:45,142.4,0.61,86.864,55.04,1.03,56.6912,56.3,0.7,13.0,198.7,23869.0,45155.0,17.0,20.2,33.0,29.97,10.63,42.0,860.0,4.9,0.6526432123779702
2026-04-30T15:45:44,04/30/202603:45,142.19,0.61,86.7359,55.04,1.01,55.5904,55.2,0.7,13.0,198.7,23869.0,45155.0,17.0,20.2,33.0,29.97,10.63,42.0,860.0,4.9,0.6409156992663938
2026-04-30T15:46:00,04/30/202603:46,142.16,0.61,86.71759999999999,55.029999999999994,1.0,55.029999999999994,54.6,0.7,13.0,198.7,23869.0,45155.0,17.0,20.2,33.0,29.97,10.63,42.0,860.0,4.9,0.6345885956253402
2026-04-30T15:46:44,04/30/202603:46,142.07999999999998,0.61,86.66879999999999,55.010000000000005,1.0100000000000002,55.56010000000002,55.1,0.7,13.0,198.7,23869.0,45155.0,17.0,20.21,32.9,29.97,10.642,42.3,858.0,4.91,0.6410622969280759
2026-04-30T15:47:00,04/30/202603:47,141.71999999999997,0.6,85.03199999999998,55.0,1.02,56.1,55.6,0.7,13.0,198.7,23869.0,45155.0,17.0,20.22,32.8,29.97,10.654,42.6,856.0,4.92,0.6597516229184308
2026-04-30T15:47:44,04/30/202603:47,141.43,0.59,83.44369999999999,55.0,0.99,54.45,54.0,0.7,13.0,198.7,23869.0,45155.0,17.0,20.23,32.7,29.97,10.666,42.9,854.0,4.930000000000001,0.6525357816108347
2026-04-30T15:48:00,04/30/202603:48,141.14000000000001,0.58,81.8612,55.0,0.9600000000000002,52.80000000000001,52.4,0.7,13.0,198.7,23869.0,45155.0,17.0,20.240000000000002,32.6,29.97,10.678,43.2,852.0,4.94,0.6449942097110721
2026-04-30T15:48:44,04/30/202603:48,140.94,0.58,81.7452,54.989999999999995,0.9400000000000001,51.690599999999996,51.3,0.7,13.0,198.7,23869.0,45155.0,17.1,20.25,32.5,29.97,10.690000000000001,43.5,850.0,4.95,0.6323380455366187
2026-04-30T15:49:00,04/30/202603:49,140.74,0.58,81.6292,54.98,0.9200000000000002,50.58160000000001,50.2,0.7,13.0,198.7,23869.0,45155.0,17.1,20.259999999999998,32.4,29.97,10.702000000000002,43.8,848.0,4.96,0.6196508112293151
2026-04-30T15:49:44,04/30/202603:49,140.60999999999999,0.59,82.95989999999999,54.98,0.9200000000000002,50.58160000000001,50.2,0.7,13.0,198.7,23869.0,45155.0,17.1,20.27,32.3,29.97,10.714,44.1,846.0,4.970000000000001,0.6097114388999989
2026-04-30T15:50:00,04/30/202603:50,140.48,0.6,84.288,54.98,0.9200000000000002,50.58160000000001,50.2,0.7,13.0,198.7,23869.0,45155.0,17.1,20.28,32.2,29.97,10.726,44.4,844.0,4.9799999999999995,0.6001044039483676
2026-04-30T15:50:44,04/30/202603:50,140.4,0.6,84.24,54.98,0.93,51.1314,50.8,0.7,13.0,198.7,23869.0,45155.0,17.0,20.29,32.1,29.97,10.738,44.7,842.0,4.99,0.6069729344729345
2026-04-30T15:51:00,04/30/202603:51,140.32,0.6,84.192,54.98,0.9400000000000001,51.6812,51.4,0.7,13.0,198.7,23869.0,45155.0,17.0,20.3,32.0,29.97,10.75,45.0,840.0,5.0,0.613849296845306
2026-04-30T15:51:44,04/30/202603:51,140.28,0.6,84.16799999999999,54.989999999999995,0.9200000000000002,50.5908,50.3,0.7,13.0,198.7,23869.0,45155.0,17.1,20.3,32.0,29.97,10.75,45.0,840.0,5.0,0.6010692899914457
2026-04-30T15:52:00,04/30/202603:52,140.24,0.6,84.144,55.0,0.9,49.5,49.2,0.7,13.0,198.7,23869.0,45155.0,17.1,20.3,32.0,29.97,10.75,45.0,840.0,5.0,0.5882772390188248
2026-04-30T15:53:46,04/30/202603:53,140.23,0.6,84.13799999999999,55.010000000000005,0.9,49.50900000000001,49.2,0.7,13.0,198.7,23869.0,45155.0,17.0,20.3,32.0,29.97,10.75,45.0,840.0,5.0,0.5884261570277403
2026-04-30T15:54:01,04/30/202603:54,140.21999999999997,0.6,84.13199999999998,55.02,0.9,49.518,49.2,0.7,13.0,198.7,23869.0,45155.0,17.0,20.3,32.0,29.97,10.75,45.0,840.0,5.0,0.5885750962772788
2026-04-30T15:54:44,04/30/202603:54,140.23,0.6,84.13799999999999,55.02,0.89,48.967800000000004,48.7,0.7,13.0,198.7,23869.0,45155.0,17.0,20.3,32.0,29.97,10.75,45.0,840.0,5.0,0.5819938672181417
2026-04-30T15:55:00,04/30/202603:55,140.24,0.6,84.144,55.02,0.8800000000000001,48.41760000000001,48.2,0.7,13.0,198.7,23869.0,45155.0,17.0,20.3,32.0,29.97,10.75,45.0,840.0,5.0,0.5754135767256133
2026-04-30T15:55:44,04/30/202603:55,140.23,0.6,84.13799999999999,55.02,0.8800000000000001,48.41760000000001,48.2,0.7,13.0,198.7,23869.0,45155.0,17.0,20.3,32.0,29.97,10.75,45.0,840.0,5.0,0.5754546102831065
2026-04-30T15:56:01,04/30/202603:56,140.22,0.6,84.13199999999999,55.02,0.8800000000000001,48.41760000000001,48.2,0.7,13.0,198.7,23869.0,45155.0,17.0,20.3,32.0,29.97,10.75,45.0,840.0,5.0,0.5754956496933392
2026-04-30T15:56:44,04/30/202603:56,140.2,0.6,84.11999999999999,55.02,0.89,48.967800000000004,48.7,0.7,13.0,198.7,23869.0,45155.0,17.0,20.3,32.0,29.97,10.75,45.0,840.0,5.0,0.5821184022824537
2026-04-30T15:57:00,04/30/202603:57,140.18,0.6,84.108,55.02,0.9,49.518,49.2,0.7,13.0,198.7,23869.0,45155.0,17.0,20.3,32.0,29.97,10.75,45.0,840.0,5.0,0.5887430446568697
2026-04-30T15:57:44,04/30/202603:57,140.16,0.6,84.09599999999999,55.02,0.9200000000000002,50.61840000000001,50.3,0.7,13.0,198.7,23869.0,45155.0,17.0,20.3,32.0,29.97,10.75,45.0,840.0,5.0,0.6019121004566211
2026-04-30T15:58:01,04/30/202603:58,140.14000000000001,0.6,84.084,55.02,0.9400000000000001,51.71880000000001,51.4,0.7,13.0,198.7,23869.0,45155.0,17.0,20.3,32.0,29.97,10.75,45.0,840.0,5.0,0.6150849150849151
2026-04-30T15:58:44,04/30/202603:58,140.1,0.6,84.05999999999999,55.010000000000005,0.9700000000000001,53.35970000000001,53.0,0.7,13.0,198.7,23869.0,45155.0,17.0,20.3,32.0,29.97,10.75,45.0,840.0,5.0,0.6347811087318584
2026-04-30T15:59:00,04/30/202603:59,140.06,0.6,84.036,55.0,1.0,55.0,54.6,0.7,13.0,198.7,23869.0,45155.0,17.0,20.3,32.0,29.97,10.75,45.0,840.0,5.0,0.6544814127278785
2026-04-30T15:59:45,04/30/202603:59,139.99,0.61,85.3939,55.0,1.02,56.1,55.7,0.7,13.0,198.7,23869.0,45155.0,17.0,20.3,32.0,29.97,10.75,45.0,840.0,5.0,0.6569555905047082
2026-04-30T16:00:01,04/30/202604:00,139.92000000000002,0.6199999999999999,86.7504,55.0,1.04,57.2,56.8,0.7,13.0,198.7,23869.0,45155.0,17.0,20.3,32.0,29.97,10.75,45.0,840.0,5.0,0.6593629539460337
2026-04-30T16:00:44,04/30/202604:00,139.85999999999999,0.6199999999999999,86.71319999999997,55.0,1.04,57.2,56.8,0.7,13.0,198.7,23869.0,45155.0,17.0,20.3,32.0,29.97,10.75,45.0,840.0,5.0,0.6596458209361438
2026-04-30T16:01:00,04/30/202604:01,139.8,0.6199999999999999,86.67599999999999,55.0,1.04,57.2,56.8,0.7,13.0,198.7,23869.0,45155.0,17.0,20.3,32.0,29.97,10.75,45.0,840.0,5.0,0.6599289307305368
2026-04-30T16:01:45,04/30/202604:01,139.64000000000001,0.63,87.9732,55.0,1.05,57.75,57.4,0.7,13.0,198.7,23869.0,45155.0,17.0,20.3,32.0,29.97,10.769,45.2,837.0,5.01,0.6564499188389191
2026-04-30T16:02:01,04/30/202604:02,139.48,0.6399999999999999,89.26719999999997,55.0,1.06,58.300000000000004,58.0,0.7,13.0,198.7,23869.0,45155.0,17.0,20.3,32.0,29.97,10.788,45.4,834.0,5.0200000000000005,0.6530954258675081
2026-04-30T16:02:44,04/30/202604:02,139.48,0.6399999999999999,89.26719999999997,55.0,1.04,57.2,56.9,0.7,13.0,198.7,23869.0,45155.0,17.0,20.3,32.0,29.97,10.806999999999999,45.6,831.0,5.029999999999999,0.6407728706624608
2026-04-30T16:03:00,04/30/202604:03,139.48,0.6399999999999999,89.26719999999997,55.0,1.02,56.1,55.8,0.7,13.0,198.7,23869.0,45155.0,17.0,20.3,32.0,29.97,10.825999999999999,45.8,828.0,5.04,0.6284503154574135
2026-04-30T16:04:57,04/30/202604:04,139.55,0.6399999999999999,89.312,55.0,1.01,55.55,55.3,0.7,13.0,198.7,23869.0,45155.0,17.1,20.3,32.0,29.97,10.845,46.0,825.0,5.05,0.6219768900035829
2026-04-30T16:05:01,04/30/202604:05,139.62,0.6399999999999999,89.35679999999999,55.0,1.0,55.0,54.8,0.7,13.0,198.7,23869.0,45155.0,17.1,20.3,32.0,29.97,10.864,46.2,822.0,5.06,0.6155099555937545
2026-04-30T16:05:45,04/30/202604:05,139.7,0.6399999999999999,89.40799999999997,55.0,0.99,54.45,54.2,0.7,13.0,198.7,23869.0,45155.0,17.1,20.3,32.0,29.97,10.883,46.4,819.0,5.069999999999999,0.6090059055118112
2026-04-30T16:06:01,04/30/202604:06,139.78,0.6399999999999999,89.45919999999998,55.0,0.9800000000000001,53.900000000000006,53.6,0.7,13.0,198.7,23869.0,45155.0,17.1,20.3,32.0,29.97,10.902,46.6,816.0,5.08,0.6025093003290888
2026-04-30T16:06:44,04/30/202604:06,139.81,0.65,90.87650000000001,55.0,1.01,55.55,55.3,0.7,13.0,198.7,23869.0,45155.0,17.0,20.3,32.0,29.97,10.921,46.8,813.0,5.09,0.6112691399866852
2026-04-30T16:07:01,04/30/202604:07,139.84,0.6599999999999999,92.2944,55.0,1.04,57.2,57.0,0.7,13.0,198.7,23869.0,45155.0,17.0,20.3,32.0,29.97,10.94,47.0,810.0,5.1,0.6197559115179253
2026-04-30T16:07:45,04/30/202604:07,140.02,0.65,91.013,55.010000000000005,1.01,55.560100000000006,55.3,0.7,13.0,198.7,23869.0,45155.0,17.1,20.3,32.0,29.97,10.94,47.0,810.0,5.1,0.6104633404019206
2026-04-30T16:08:01,04/30/202604:08,140.2,0.6399999999999999,89.72799999999998,55.02,0.9800000000000001,53.91960000000001,53.6,0.7,13.0,198.7,23869.0,45155.0,17.1,20.3,32.0,29.97,10.94,47.0,810.0,5.1,0.6009227888730387
2026-04-30T16:08:44,04/30/202604:08,140.18,0.6399999999999999,89.7152,55.02,0.99,54.4698,54.2,0.7,13.0,198.7,23869.0,45155.0,17.0,20.3,32.0,29.97,10.94,47.0,810.0,5.1,0.6071412648023969
2026-04-30T16:09:01,04/30/202604:09,140.16,0.6399999999999999,89.70239999999998,55.02,1.0,55.02,54.8,0.7,13.0,198.7,23869.0,45155.0,17.0,20.3,32.0,29.97,10.94,47.0,810.0,5.1,0.6133615154109591
2026-04-30T16:09:45,04/30/202604:09,140.05,0.65,91.03250000000001,55.02,1.02,56.120400000000004,55.9,0.7,13.0,198.7,23869.0,45155.0,17.0,20.3,32.0,29.97,10.94,47.0,810.0,5.1,0.6164875181940516
2026-04-30T16:10:01,04/30/202604:10,139.94,0.6599999999999999,92.36039999999998,55.02,1.04,57.220800000000004,57.0,0.7,13.0,198.7,23869.0,45155.0,17.0,20.3,32.0,29.97,10.94,47.0,810.0,5.1,0.6195382436628687
2026-04-30T16:10:44,04/30/202604:10,139.85,0.65,90.9025,55.02,1.06,58.321200000000005,58.1,0.7,13.0,198.7,23869.0,45155.0,17.1,20.3,32.0,29.97,10.94,47.0,810.0,5.1,0.6415797145293034
2026-04-30T16:11:01,04/30/202604:11,139.76,0.6399999999999999,89.44639999999998,55.02,1.08,59.421600000000005,59.2,0.7,13.0,198.7,23869.0,45155.0,17.1,20.3,32.0,29.97,10.94,47.0,810.0,5.1,0.664326345163137
2026-04-30T16:11:44,04/30/202604:11,139.68,0.6399999999999999,89.39519999999999,55.02,1.0699999999999998,58.871399999999994,58.6,0.7,13.0,198.7,23869.0,45155.0,17.1,20.3,32.0,29.97,10.94,47.0,810.0,5.1,0.6585521370274914
2026-04-30T16:12:01,04/30/202604:12,139.6,0.6399999999999999,89.34399999999998,55.02,1.06,58.321200000000005,58.0,0.7,13.0,198.7,23869.0,45155.0,17.1,20.3,32.0,29.97,10.94,47.0,810.0,5.1,0.6527713108882524
2026-04-30T16:12:20,04/30/202604:12,139.5,0.65,90.675,55.010000000000005,1.05,57.76050000000001,57.5,0.7,13.0,198.7,23869.0,45155.0,17.0,20.3,32.0,29.97,10.94,47.0,810.0,5.1,0.6370057899090158
2026-04-30T16:13:01,04/30/202604:13,139.4,0.6599999999999999,92.00399999999999,55.0,1.04,57.2,57.0,0.7,13.0,198.7,23869.0,45155.0,17.0,20.3,32.0,29.97,10.94,47.0,810.0,5.1,0.621712099473936
2026-04-30T16:13:21,04/30/202604:13,139.32999999999998,0.6699999999999999,93.35109999999997,55.0,1.04,57.2,57.0,0.7,13.0,198.7,23869.0,45155.0,17.0,20.3,32.0,29.97,10.94,47.0,810.0,5.1,0.6127405033256171
2026-04-30T16:13:34,04/30/202604:13,139.28,0.6699999999999999,93.31759999999998,55.0,1.02,56.1,55.9,0.7,13.0,198.7,23869.0,45155.0,17.0,20.3,32.0,29.97,10.94,47.0,810.0,5.1,0.6011727691239381
2026-04-30T16:14:01,04/30/202604:14,139.26,0.6599999999999999,91.91159999999998,55.0,0.9800000000000001,53.900000000000006,53.7,0.7,13.0,198.7,23869.0,45155.0,17.0,20.3,32.0,29.97,10.94,47.0,810.0,5.1,0.5864330508880274
2026-04-30T16:14:34,04/30/202604:14,139.17,0.6599999999999999,91.85219999999998,55.0,0.9700000000000001,53.35,53.1,0.7,13.0,198.7,23869.0,45155.0,17.1,20.3,32.0,29.97,10.94,47.0,810.0,5.1,0.580824411391344
2026-04-30T16:16:09,04/30/202604:16,139.11999999999998,0.6599999999999999,91.81919999999997,55.0,0.9700000000000001,53.35,53.1,0.7,13.0,198.7,23869.0,45155.0,17.1,20.31,31.9,29.97,10.94,47.2,806.0,5.08,0.5810331608203951
2026-04-30T16:16:34,04/30/202604:16,139.08999999999997,0.6599999999999999,91.79939999999998,55.0,0.9600000000000002,52.80000000000001,52.6,0.7,14.0,198.7,23869.0,45155.0,17.0,20.32,31.8,29.97,10.94,47.4,802.0,5.06,0.5751671579552811
2026-04-30T16:17:00,04/30/202604:17,139.08999999999997,0.65,90.40849999999999,55.0,0.95,52.25,52.1,0.7,14.0,198.7,23869.0,45155.0,17.0,20.330000000000002,31.7,29.97,10.94,47.6,798.0,5.04,0.5779323846762197
2026-04-30T16:17:33,04/30/202604:17,139.10999999999999,0.65,90.4215,55.0,0.95,52.25,52.1,0.7,14.0,198.7,23869.0,45155.0,17.0,20.34,31.6,29.97,10.94,47.8,794.0,5.0200000000000005,0.577849294692081
2026-04-30T16:18:01,04/30/202604:18,139.13,0.65,90.4345,55.0,0.9800000000000001,53.900000000000006,53.7,0.7,14.0,198.7,23869.0,45155.0,17.0,20.35,31.5,29.97,10.94,48.0,790.0,5.0,0.5960114779204839
2026-04-30T16:18:34,04/30/202604:18,139.16,0.6599999999999999,91.84559999999999,55.0,1.0100000000000002,55.55000000000001,55.3,0.7,14.0,198.7,23869.0,45155.0,17.1,20.36,31.4,29.97,10.94,48.2,786.0,4.9799999999999995,0.6048193925457509
2026-04-30T16:19:00,04/30/202604:19,139.20999999999998,0.67,93.27069999999999,55.0,1.02,56.1,55.8,0.7,14.0,198.7,23869.0,45155.0,17.1,20.369999999999997,31.3,29.97,10.94,48.4,782.0,4.96,0.6014750613000653
2026-04-30T16:19:34,04/30/202604:19,139.23,0.6799999999999999,94.67639999999999,55.0,1.05,57.75,57.4,0.7,14.0,198.7,23869.0,45155.0,17.1,20.38,31.2,29.97,10.94,48.6,778.0,4.94,0.6099724957856446
2026-04-30T16:20:01,04/30/202604:20,139.25,0.69,96.0825,55.0,1.08,59.400000000000006,59.0,0.7,14.0,198.7,23869.0,45155.0,17.1,20.389999999999997,31.1,29.97,10.94,48.8,774.0,4.92,0.6182187182889705
2026-04-30T16:20:04,04/30/202604:20,139.35,0.6799999999999999,94.75799999999998,55.0,1.05,57.75,57.4,0.7,14.0,198.7,23869.0,45155.0,17.1,20.4,31.0,29.97,10.94,49.0,770.0,4.9,0.6094472234534288
2026-04-30T16:21:00,04/30/202604:21,139.4,0.6799999999999999,94.792,55.0,1.02,56.1,55.8,0.7,14.0,198.7,23869.0,45155.0,17.1,20.4,31.0,29.97,10.94,49.0,770.0,4.9,0.5918220946915351
2026-04-30T16:21:04,04/30/202604:21,139.43,0.6799999999999999,94.8124,55.0,1.0100000000000002,55.55000000000001,55.2,0.7,14.0,198.7,23869.0,45155.0,17.1,20.4,31.0,29.97,10.94,49.0,770.0,4.9,0.5858938282334379
2026-04-30T16:21:42,04/30/202604:21,139.42000000000002,0.7,97.59400000000001,55.0,1.05,57.75,57.4,0.7,14.0,198.7,23869.0,45155.0,17.1,20.4,31.0,29.97,10.94,49.0,770.0,4.9,0.5917371969588294
2026-04-30T16:22:01,04/30/202604:22,139.39000000000001,0.71,98.96690000000001,55.0,1.08,59.400000000000006,59.1,0.7,14.0,198.7,23869.0,45155.0,17.1,20.4,31.0,29.97,10.94,49.0,770.0,4.9,0.6002006731543577
2026-04-30T16:22:42,04/30/202604:22,139.38,0.71,98.95979999999999,55.010000000000005,1.09,59.96090000000001,59.7,0.7,14.0,198.7,23869.0,45155.0,17.0,20.4,31.0,29.97,10.94,49.0,770.0,4.9,0.6059116934351122
2026-04-30T16:23:00,04/30/202604:23,139.35999999999999,0.7,97.55199999999998,55.02,1.1,60.522000000000006,60.3,0.7,14.0,198.7,23869.0,45155.0,17.0,20.4,31.0,29.97,10.94,49.0,770.0,4.9,0.6204075774971299
2026-04-30T16:23:43,04/30/202604:23,139.35999999999999,0.6799999999999999,94.76479999999998,55.02,1.09,59.97180000000001,59.8,0.7,14.0,198.7,23869.0,45155.0,17.0,20.4,31.0,29.97,10.94,49.0,770.0,4.9,0.6328489059228746
2026-04-30T16:24:01,04/30/202604:24,139.37,0.67,93.37790000000001,55.02,1.08,59.421600000000005,59.3,0.7,14.0,198.7,23869.0,45155.0,17.0,20.4,31.0,29.97,10.94,49.0,770.0,4.9,0.6363561399431771
2026-04-30T16:24:42,04/30/202604:24,139.39000000000001,0.6599999999999999,91.9974,55.02,1.0699999999999998,58.871399999999994,58.8,0.7,14.0,198.7,23869.0,45155.0,17.1,20.4,31.0,29.97,10.94,49.0,770.0,4.9,0.6399246065649681
2026-04-30T16:25:00,04/30/202604:25,139.4,0.6599999999999999,92.00399999999999,55.02,1.09,59.97180000000001,59.9,0.7,14.0,198.7,23869.0,45155.0,17.1,20.4,31.0,29.97,10.94,49.0,770.0,4.9,0.6518390504760664
2026-04-30T16:25:42,04/30/202604:25,139.38,0.67,93.3846,55.010000000000005,1.1099999999999999,61.061099999999996,61.0,0.7,14.0,198.7,23869.0,45155.0,17.1,20.4,31.0,29.97,10.94,49.0,770.0,4.9,0.6538669116749442
2026-04-30T16:27:21,04/30/202604:27,139.35,0.6799999999999999,94.75799999999998,55.010000000000005,1.1400000000000001,62.71140000000001,62.7,0.7,14.0,198.7,23869.0,45155.0,17.1,20.4,31.0,29.97,10.94,49.0,770.0,4.9,0.6618058633571838
2026-04-30T16:27:42,04/30/202604:27,139.37,0.6699999999999999,93.3779,55.010000000000005,1.1099999999999999,61.061099999999996,61.0,0.7,14.0,198.7,23869.0,45155.0,17.1,20.4,31.0,29.97,10.94,49.0,770.0,4.9,0.6539138275759039
2026-04-30T16:28:00,04/30/202604:28,139.39000000000001,0.6599999999999999,91.9974,55.010000000000005,1.08,59.41080000000001,59.3,0.7,14.0,198.7,23869.0,45155.0,17.1,20.4,31.0,29.97,10.94,49.0,770.0,4.9,0.6457878157426189
2026-04-30T16:28:42,04/30/202604:28,139.41,0.65,90.6165,55.0,1.0699999999999998,58.849999999999994,58.7,0.7,14.0,198.7,23869.0,45155.0,17.1,20.4,31.0,29.97,10.94,49.0,770.0,4.9,0.6494402233588805
2026-04-30T16:29:00,04/30/202604:29,139.43,0.6399999999999999,89.23519999999999,54.989999999999995,1.06,58.2894,58.1,0.7,14.0,198.7,23869.0,45155.0,17.1,20.4,31.0,29.97,10.94,49.0,770.0,4.9,0.6532108405651582
2026-04-30T16:29:42,04/30/202604:29,139.4,0.65,90.61000000000001,54.989999999999995,1.09,59.939099999999996,59.7,0.7,14.0,198.7,23869.0,45155.0,17.1,20.389999999999997,31.0,29.97,10.971,49.0,770.0,4.9,0.6615064562410329
2026-04-30T16:30:00,04/30/202604:30,139.37,0.6599999999999999,91.98419999999999,54.989999999999995,1.12,61.5888,61.3,0.7,14.0,198.7,23869.0,45155.0,17.1,20.38,31.0,29.97,11.001999999999999,49.0,770.0,4.9,0.669558467649879
2026-04-30T16:30:42,04/30/202604:30,139.35999999999999,0.6599999999999999,91.97759999999998,54.989999999999995,1.12,61.5888,61.3,0.7,14.0,198.7,23869.0,45155.0,17.1,20.38,30.9,29.97,10.983,48.9,766.0,4.87,0.6696065128900951
2026-04-30T16:31:00,04/30/202604:31,139.35,0.6599999999999999,91.97099999999999,54.989999999999995,1.12,61.5888,61.3,0.7,14.0,198.7,23869.0,45155.0,17.1,20.38,30.8,29.97,10.964,48.8,762.0,4.840000000000001,0.6696545650259321
2026-04-30T16:31:43,04/30/202604:31,139.35,0.65,90.5775,55.010000000000005,1.1099999999999999,61.061099999999996,60.7,0.7,14.0,198.7,23869.0,45155.0,17.1,20.38,30.7,29.97,10.945,48.7,758.0,4.8100000000000005,0.6741309927962241
2026-04-30T16:32:00,04/30/202604:32,139.35999999999999,0.6399999999999999,89.19039999999998,55.02,1.08,59.421600000000005,59.0,0.7,14.0,198.7,23869.0,45155.0,17.1,20.38,30.6,29.97,10.925999999999998,48.6,754.0,4.779999999999999,0.6662331371986224
2026-04-30T16:32:42,04/30/202604:32,139.35,0.63,87.7905,55.02,1.06,58.321200000000005,57.9,0.7,14.0,198.7,23869.0,45155.0,17.1,20.38,30.5,29.97,10.907,48.5,750.0,4.75,0.6643224494677671
2026-04-30T16:33:00,04/30/202604:33,139.34,0.6199999999999999,86.39079999999998,55.02,1.04,57.220800000000004,56.8,0.7,14.0,198.7,23869.0,45155.0,17.1,20.38,30.4,29.97,10.888,48.4,746.0,4.720000000000001,0.6623483056066157
2026-04-30T16:33:26,04/30/202604:33,139.26,0.63,87.73379999999999,55.02,1.05,57.77100000000001,57.4,0.7,14.0,198.7,23869.0,45155.0,17.1,20.38,30.3,29.97,10.869,48.3,742.0,4.6899999999999995,0.6584805399971279
2026-04-30T16:34:00,04/30/202604:34,139.18,0.6399999999999999,89.0752,55.02,1.06,58.321200000000005,58.0,0.7,14.0,198.7,23869.0,45155.0,17.1,20.38,30.2,29.97,10.85,48.2,738.0,4.659999999999999,0.6547411625233511
2026-04-30T16:34:26,04/30/202604:34,139.14000000000001,0.6399999999999999,89.0496,55.02,1.05,57.77100000000001,57.5,0.7,14.0,198.7,23869.0,45155.0,17.1,20.389999999999997,30.1,29.97,10.8,48.1,734.0,4.63,0.6487508085381631
2026-04-30T16:35:00,04/30/202604:35,139.1,0.6399999999999999,89.02399999999999,55.02,1.04,57.220800000000004,57.0,0.7,14.0,198.7,23869.0,45155.0,17.1,20.4,30.0,29.97,10.75,48.0,730.0,4.6,0.6427570093457945
2026-04-30T16:35:26,04/30/202604:35,139.06,0.63,87.6078,55.02,1.02,56.120400000000004,55.9,0.7,14.0,198.7,23869.0,45155.0,17.1,20.4,30.0,29.967000000000002,10.75,48.0,730.0,4.6,0.6405867970660147
2026-04-30T16:36:00,04/30/202604:36,139.02,0.6199999999999999,86.19239999999999,55.02,1.0,55.02,54.8,0.7,14.0,198.7,23869.0,45155.0,17.1,20.4,30.0,29.964,10.75,48.0,730.0,4.6,0.6383393431439431
2026-04-30T16:36:26,04/30/202604:36,138.99,0.6199999999999999,86.17379999999999,55.010000000000005,1.0,55.010000000000005,54.8,0.7,14.0,198.7,23869.0,45155.0,17.1,20.4,30.2,29.961000000000002,10.75,48.0,730.0,4.6,0.6383610795856747
2026-04-30T16:37:00,04/30/202604:37,138.95999999999998,0.6199999999999999,86.15519999999997,55.0,1.0,55.0,54.8,0.7,14.0,198.7,23869.0,45155.0,17.1,20.4,30.4,29.958,10.75,48.0,730.0,4.6,0.6383828254127438
2026-04-30T16:38:32,04/30/202604:38,138.9,0.63,87.507,55.0,1.01,55.55,55.4,0.7,14.0,198.7,23869.0,45155.0,17.1,20.4,30.6,29.955000000000002,10.75,48.0,730.0,4.6,0.6348063583484749
2026-04-30T16:39:00,04/30/202604:39,138.84,0.6399999999999999,88.85759999999999,55.0,1.02,56.1,56.0,0.7,14.0,198.7,23869.0,45155.0,17.1,20.4,30.8,29.951999999999998,10.75,48.0,730.0,4.6,0.6313472342264478
2026-04-30T16:39:26,04/30/202604:39,138.88,0.63,87.4944,55.0,0.99,54.45,54.3,0.7,14.0,198.7,23869.0,45155.0,17.1,20.4,31.0,29.949,10.75,48.0,730.0,4.6,0.6223255431204741
2026-04-30T16:40:00,04/30/202604:40,138.92000000000002,0.6199999999999999,86.1304,55.0,0.96,52.8,52.6,0.7,14.0,198.7,23869.0,45155.0,17.1,20.4,31.2,29.946000000000005,10.75,48.0,730.0,4.6,0.6130239729526392
2026-04-30T16:40:08,04/30/202604:40,138.93,0.6199999999999999,86.13659999999999,55.0,0.95,52.25,52.0,0.7,14.0,198.7,23869.0,45155.0,17.1,20.4,31.4,29.943,10.75,48.0,730.0,4.6,0.6065946415344929
2026-04-30T16:41:00,04/30/202604:41,138.94,0.6199999999999999,86.14279999999998,55.0,0.9400000000000001,51.7,51.4,0.7,14.0,198.7,23869.0,45155.0,17.1,20.4,31.6,29.940000000000005,10.75,48.0,730.0,4.6,0.6001662355994931
2026-04-30T16:41:08,04/30/202604:41,138.94,0.63,87.5322,55.0,0.96,52.8,52.5,0.7,14.0,198.7,23869.0,45155.0,17.1,20.4,31.8,29.940000000000005,10.75,48.0,730.0,4.6,0.6032065914029351
2026-04-30T16:41:45,04/30/202604:41,138.93,0.6399999999999999,88.91519999999998,55.0,0.9800000000000001,53.900000000000006,53.6,0.7,14.0,198.7,23869.0,45155.0,17.1,20.4,32.0,29.940000000000005,10.75,48.0,730.0,4.6,0.6061955661124309
2026-04-30T16:42:00,04/30/202604:42,138.93,0.6399999999999999,88.91519999999998,55.0,0.99,54.45,54.2,0.7,14.0,198.7,23869.0,45155.0,17.1,20.4,32.0,29.940000000000005,10.75,48.0,730.0,4.6,0.6123812351543945
2026-04-30T16:42:45,04/30/202604:42,138.92000000000002,0.65,90.29800000000002,55.0,1.01,55.55,55.3,0.7,14.0,198.7,23869.0,45155.0,17.1,20.4,32.0,29.940000000000005,10.75,48.0,730.0,4.6,0.6151852754213823
2026-04-30T16:43:00,04/30/202604:43,138.95,0.65,90.3175,55.0,1.02,56.1,55.8,0.7,14.0,198.7,23869.0,45155.0,17.1,20.4,32.0,29.940000000000005,10.75,48.0,730.0,4.6,0.621142082099261
2026-04-30T16:43:44,04/30/202604:43,138.97,0.65,90.3305,55.0,1.01,55.55,55.2,0.7,14.0,198.7,23869.0,45155.0,17.1,20.4,32.0,29.940000000000005,10.75,48.0,730.0,4.6,0.6149639379832946
2026-04-30T16:44:01,04/30/202604:44,138.94,0.6599999999999999,91.70039999999999,55.0,1.01,55.55,55.2,0.7,14.0,198.7,23869.0,45155.0,17.1,20.4,32.0,29.940000000000005,10.75,48.0,730.0,4.6,0.6057770740367545
2026-04-30T16:44:45,04/30/202604:44,138.91000000000003,0.6599999999999999,91.6806,55.0,1.0,55.0,54.7,0.7,14.0,198.7,23869.0,45155.0,17.1,20.4,32.0,29.940000000000005,10.75,48.0,730.0,4.6,0.5999088138602933
2026-04-30T16:45:00,04/30/202604:45,138.9,0.65,90.28500000000001,55.0,0.9700000000000001,53.35,53.1,0.7,14.0,198.7,23869.0,45155.0,17.1,20.4,32.0,29.940000000000005,10.75,48.0,730.0,4.6,0.5909065736279558
2026-04-30T16:45:38,04/30/202604:45,138.91000000000003,0.6399999999999999,88.9024,55.0,0.9400000000000001,51.7,51.5,0.7,14.0,198.7,23869.0,45155.0,17.1,20.389999999999997,31.9,29.940000000000005,10.756,48.4,725.0,4.569999999999999,0.5815366064358218
2026-04-30T16:46:01,04/30/202604:46,138.9,0.6399999999999999,88.89599999999999,55.0,0.9200000000000002,50.60000000000001,50.4,0.7,14.0,198.7,23869.0,45155.0,17.1,20.38,31.8,29.940000000000005,10.762,48.8,720.0,4.54,0.5692044636429088
2026-04-30T16:46:38,04/30/202604:46,138.9,0.65,90.28500000000001,55.010000000000005,0.93,51.15930000000001,50.9,0.7,14.0,198.7,23869.0,45155.0,17.1,20.369999999999997,31.7,29.940000000000005,10.768,49.2,715.0,4.51,0.56664229938528
2026-04-30T16:47:00,04/30/202604:47,138.9,0.6599999999999999,91.67399999999999,55.02,0.9400000000000001,51.71880000000001,51.4,0.7,14.0,198.7,23869.0,45155.0,17.1,20.36,31.6,29.940000000000005,10.774000000000001,49.6,710.0,4.4799999999999995,0.564159958112442
2026-04-30T16:47:38,04/30/202604:47,138.96,0.6399999999999999,88.9344,55.02,0.9100000000000001,50.06820000000001,49.8,0.7,14.0,198.7,23869.0,45155.0,17.1,20.35,31.5,29.940000000000005,10.78,50.0,705.0,4.45,0.5629790047495684
2026-04-30T16:48:01,04/30/202604:48,139.02,0.6199999999999999,86.19239999999999,55.02,0.8800000000000001,48.41760000000001,48.2,0.7,14.0,198.7,23869.0,45155.0,17.1,20.34,31.4,29.940000000000005,10.786,50.4,700.0,4.42,0.56173862196667
2026-04-30T16:49:43,04/30/202604:49,139.12,0.61,84.8632,55.02,0.85,46.767,46.6,0.7,14.0,198.7,23869.0,45155.0,17.1,20.330000000000002,31.3,29.940000000000005,10.792,50.8,695.0,4.39,0.5510869257817287
2026-04-30T16:50:01,04/30/202604:50,139.22,0.6,83.532,55.02,0.8200000000000001,45.116400000000006,45.0,0.7,14.0,198.7,23869.0,45155.0,17.1,20.32,31.2,29.940000000000005,10.798,51.2,690.0,4.359999999999999,0.5401091797155582
2026-04-30T16:50:38,04/30/202604:50,139.28,0.62,86.3536,55.02,0.86,47.3172,47.2,0.7,14.0,198.7,23869.0,45155.0,17.1,20.31,31.1,29.940000000000005,10.804,51.6,685.0,4.33,0.5479470456356191
2026-04-30T16:51:51,04/30/202604:51,139.35,0.63,87.7905,55.02,0.89,48.967800000000004,48.8,0.7,14.0,198.7,23869.0,45155.0,17.1,20.3,31.0,29.940000000000005,10.81,52.0,680.0,4.3,0.5577801698361441
2026-04-30T16:52:01,04/30/202604:52,139.4,0.6399999999999999,89.216,55.02,0.9200000000000002,50.61840000000001,50.4,0.7,14.0,198.7,23869.0,45155.0,17.1,20.3,31.0,29.940000000000005,10.81,52.0,680.0,4.3,0.5673690817790532
2026-04-30T16:52:51,04/30/202604:52,139.45999999999998,0.6399999999999999,89.25439999999998,55.02,0.9400000000000001,51.71880000000001,51.5,0.7,14.0,198.7,23869.0,45155.0,17.1,20.3,31.0,29.940000000000005,10.81,52.0,680.0,4.3,0.5794537860318374
2026-04-30T16:53:01,04/30/202604:53,139.52,0.63,87.89760000000001,55.010000000000005,0.93,51.15930000000001,51.0,0.7,14.0,198.7,23869.0,45155.0,17.1,20.3,31.0,29.940000000000005,10.81,52.0,680.0,4.3,0.5820329565312363
2026-04-30T16:54:00,04/30/202604:54,139.57999999999998,0.62,86.5396,55.0,0.9199999999999999,50.599999999999994,50.5,0.8,14.0,198.7,23869.0,45155.0,17.1,20.3,31.0,29.940000000000005,10.81,52.0,680.0,4.3,0.5847034190127988
2026-04-30T16:54:51,04/30/202604:54,139.57,0.63,87.92909999999999,55.0,0.93,51.150000000000006,51.0,0.8,14.0,198.7,23869.0,45155.0,17.1,20.3,31.0,29.940000000000005,10.81,52.0,680.0,4.3,0.5817186801639049
2026-04-30T16:55:01,04/30/202604:55,139.56,0.6399999999999999,89.31839999999998,55.0,0.9400000000000001,51.7,51.5,0.8,14.0,198.7,23869.0,45155.0,17.1,20.3,31.0,29.940000000000005,10.81,52.0,680.0,4.3,0.5788281026081973
2026-04-30T16:55:51,04/30/202604:55,139.52,0.6399999999999999,89.2928,55.0,0.9400000000000001,51.7,51.5,0.8,14.0,198.7,23869.0,45155.0,17.1,20.3,31.0,29.940000000000005,10.81,52.0,680.0,4.3,0.5789940510321101
2026-04-30T16:56:00,04/30/202604:56,139.48,0.6399999999999999,89.26719999999997,55.0,0.9400000000000001,51.7,51.5,0.8,14.0,198.7,23869.0,45155.0,17.1,20.3,31.0,29.940000000000005,10.81,52.0,680.0,4.3,0.5791600946372242
2026-04-30T16:56:51,04/30/202604:56,139.45999999999998,0.6199999999999999,86.46519999999997,55.0,0.9099999999999999,50.05,49.8,0.8,14.0,198.7,23869.0,45155.0,17.1,20.3,31.0,29.940000000000005,10.81,52.0,680.0,4.3,0.5788455933716687
2026-04-30T16:57:01,04/30/202604:57,139.43,0.61,85.0523,55.0,0.89,48.95,48.7,0.8,14.0,198.7,23869.0,45155.0,17.1,20.3,31.0,29.940000000000005,10.81,52.0,680.0,4.3,0.5755282338043769
2026-04-30T16:57:51,04/30/202604:57,139.42000000000002,0.59,82.2578,55.0,0.85,46.75,46.5,0.8,14.0,198.7,23869.0,45155.0,17.1,20.3,31.0,29.940000000000005,10.81,52.0,680.0,4.3,0.5683351609209096
2026-04-30T16:58:00,04/30/202604:58,139.4,0.58,80.852,55.0,0.82,45.099999999999994,44.8,0.8,14.0,198.7,23869.0,45155.0,17.1,20.3,31.0,29.940000000000005,10.81,52.0,680.0,4.3,0.5578093306288031
2026-04-30T16:58:52,04/30/202604:58,139.35,0.58,80.823,55.0,0.82,45.099999999999994,44.8,0.8,14.0,198.7,23869.0,45155.0,17.1,20.3,31.0,29.940000000000005,10.81,52.0,680.0,4.3,0.5580094775002165
2026-04-30T16:59:01,04/30/202604:59,139.3,0.58,80.794,55.0,0.82,45.099999999999994,44.8,0.8,14.0,198.7,23869.0,45155.0,17.1,20.3,31.0,29.940000000000005,10.81,52.0,680.0,4.3,0.558209768052083
2026-04-30T17:00:55,04/30/202605:00,139.26,0.58,80.7708,55.0,0.8300000000000001,45.650000000000006,45.4,0.8,14.0,198.7,23869.0,45155.0,17.1,20.3,30.9,29.940000000000005,10.804,52.2,675.5,4.279999999999999,0.5651794955602768
2026-04-30T17:01:00,04/30/202605:01,139.22,0.58,80.74759999999999,55.0,0.8400000000000001,46.2,46.0,0.8,14.0,198.7,23869.0,45155.0,17.1,20.3,30.8,29.940000000000005,10.798,52.4,671.0,4.26,0.5721532280835593
2026-04-30T17:01:51,04/30/202605:01,139.2,0.59,82.12799999999999,55.010000000000005,0.86,47.308600000000006,47.1,0.8,14.0,198.7,23869.0,45155.0,17.1,20.3,30.7,29.940000000000005,10.792,52.6,666.5,4.24,0.5760349698032341
2026-04-30T17:02:00,04/30/202605:02,139.18,0.6,83.508,55.02,0.8800000000000001,48.41760000000001,48.2,0.8,14.0,198.7,23869.0,45155.0,17.1,20.3,30.6,29.940000000000005,10.786,52.8,662.0,4.22,0.5797959476936343
2026-04-30T17:02:34,04/30/202605:02,138.94,0.6,83.36399999999999,55.02,0.8699999999999999,47.867399999999996,47.6,0.8,14.0,198.7,23869.0,45155.0,17.1,20.3,30.5,29.940000000000005,10.78,53.0,657.5,4.2,0.5741974953217216
2026-04-30T17:03:00,04/30/202605:03,138.7,0.6,83.21999999999998,55.02,0.86,47.3172,47.0,0.8,14.0,198.7,23869.0,45155.0,17.1,20.3,30.4,29.940000000000005,10.774000000000001,53.2,653.0,4.18,0.5685796683489547
2026-04-30T17:03:35,04/30/202605:03,138.14000000000001,0.61,84.26540000000001,55.02,0.8800000000000001,48.41760000000001,48.1,0.8,14.0,198.7,23869.0,45155.0,17.1,20.3,30.3,29.940000000000005,10.768,53.4,648.5,4.159999999999999,0.5745845863189399
2026-04-30T17:04:00,04/30/202605:04,137.57999999999998,0.6199999999999999,85.29959999999997,55.02,0.9,49.518,49.2,0.8,14.0,198.7,23869.0,45155.0,17.1,20.3,30.2,29.940000000000005,10.762,53.6,644.0,4.14,0.5805185487387985
2026-04-30T17:04:34,04/30/202605:04,137.12,0.63,86.3856,55.02,0.93,51.168600000000005,50.8,0.8,14.0,198.7,23869.0,45155.0,17.1,20.3,30.1,29.940000000000005,10.756,53.8,639.5,4.119999999999999,0.5923278879813303
2026-04-30T17:05:01,04/30/202605:05,136.66,0.6399999999999999,87.46239999999999,55.02,0.96,52.8192,52.4,0.8,14.0,198.7,23869.0,45155.0,17.1,20.3,30.0,29.940000000000005,10.75,54.0,635.0,4.1,0.6039075076833017
2026-04-30T17:05:34,04/30/202605:05,136.39000000000001,0.65,88.65350000000001,55.02,0.9800000000000001,53.91960000000001,53.5,0.8,14.0,198.7,23869.0,45155.0,17.1,20.3,30.0,29.940000000000005,10.75,54.0,635.0,4.1,0.6082061057939055
2026-04-30T17:06:00,04/30/202605:06,136.12,0.6599999999999999,89.83919999999999,55.02,1.0,55.02,54.6,0.8,14.0,198.7,23869.0,45155.0,17.1,20.3,30.0,29.940000000000005,10.75,54.0,635.0,4.1,0.612427537199797
2026-04-30T17:06:34,04/30/202605:06,136.3,0.65,88.59500000000001,55.0,1.01,55.55,55.1,0.8,14.0,198.7,23869.0,45155.0,17.1,20.3,30.0,29.940000000000005,10.75,54.0,635.0,4.1,0.627010553642982
2026-04-30T17:07:01,04/30/202605:07,136.48000000000002,0.6399999999999999,87.3472,54.98,1.02,56.0796,55.6,0.8,14.0,198.7,23869.0,45155.0,17.1,20.3,30.0,29.940000000000005,10.75,54.0,635.0,4.1,0.6420308836459554
2026-04-30T17:07:34,04/30/202605:07,136.82,0.65,88.93299999999999,54.98,1.05,57.729,57.3,0.8,14.0,198.7,23869.0,45155.0,17.1,20.3,30.0,29.940000000000005,10.75,54.0,635.0,4.1,0.6491291196743616
2026-04-30T17:08:00,04/30/202605:08,137.16,0.6599999999999999,90.52559999999998,54.98,1.08,59.3784,59.0,0.8,14.0,198.7,23869.0,45155.0,17.1,20.3,30.0,29.940000000000005,10.75,54.0,635.0,4.1,0.6559293724648056
2026-04-30T17:08:34,04/30/202605:08,137.76,0.6599999999999999,90.92159999999998,54.98,1.07,58.8286,58.5,0.8,14.0,198.7,23869.0,45155.0,17.1,20.3,30.0,29.940000000000005,10.75,54.0,635.0,4.1,0.647025569281667
2026-04-30T17:09:01,04/30/202605:09,138.35999999999999,0.6599999999999999,91.31759999999998,54.98,1.06,58.2788,58.0,0.8,14.0,198.7,23869.0,45155.0,17.1,20.3,30.0,29.940000000000005,10.75,54.0,635.0,4.1,0.6381989890229266
2026-04-30T17:09:34,04/30/202605:09,139.15,0.65,90.4475,54.989999999999995,1.03,56.6397,56.3,0.8,14.0,198.7,23869.0,45155.0,17.1,20.3,30.0,29.940000000000005,10.75,54.0,635.0,4.1,0.6262163133309377
2026-04-30T17:10:00,04/30/202605:10,139.94,0.6399999999999999,89.56159999999998,55.0,1.0,55.0,54.6,0.8,14.0,198.7,23869.0,45155.0,17.1,20.3,30.0,29.940000000000005,10.75,54.0,635.0,4.1,0.6141024724882094
2026-04-30T17:10:34,04/30/202605:10,140.51,0.63,88.5213,55.0,0.96,52.8,52.9,0.8,14.0,198.7,23869.0,45155.0,17.1,20.3,30.0,29.940000000000005,10.75,54.0,635.0,4.1,0.5964666131202321
2026-04-30T17:12:06,04/30/202605:12,141.0,0.63,88.83,55.0,0.96,52.8,52.9,0.8,14.0,198.7,23869.0,45155.0,17.1,20.3,30.0,29.940000000000005,10.75,54.0,635.0,4.1,0.5943937858831476
2026-04-30T17:12:57,04/30/202605:12,140.95999999999998,0.6399999999999999,90.21439999999997,55.02,0.99,54.4698,54.6,0.8,14.0,198.7,23869.0,45155.0,17.1,20.3,30.0,29.940000000000005,10.75,54.0,635.0,4.1,0.6037816579171398
2026-04-30T17:13:01,04/30/202605:13,140.92000000000002,0.65,91.59800000000001,55.04,1.02,56.1408,56.3,0.8,14.0,198.7,23869.0,45155.0,17.1,20.3,30.0,29.940000000000005,10.75,54.0,635.0,4.1,0.6129042118823554
2026-04-30T17:13:53,04/30/202605:13,140.95,0.6399999999999999,90.20799999999998,55.04,0.99,54.489599999999996,54.7,0.8,14.0,198.7,23869.0,45155.0,17.1,20.3,30.0,29.940000000000005,10.75,54.0,635.0,4.1,0.604043987229514
2026-04-30T17:14:01,04/30/202605:14,140.98,0.63,88.81739999999999,55.04,0.96,52.8384,53.1,0.8,14.0,198.7,23869.0,45155.0,17.1,20.3,30.0,29.940000000000005,10.75,54.0,635.0,4.1,0.594910456734829
2026-04-30T17:14:53,04/30/202605:14,141.02,0.65,91.66300000000001,55.05,1.0,55.05,55.3,0.8,14.0,198.7,23869.0,45155.0,17.1,20.3,30.0,29.940000000000005,10.75,54.0,635.0,4.1,0.6005694773245475
2026-04-30T17:15:01,04/30/202605:15,141.06,0.67,94.51020000000001,55.06,1.04,57.26240000000001,57.5,0.8,14.0,198.7,23869.0,45155.0,17.1,20.3,30.0,29.940000000000005,10.75,54.0,635.0,4.1,0.6058859255403121
2026-04-30T17:15:52,04/30/202605:15,140.82,0.67,94.3494,55.05,1.02,56.150999999999996,56.5,0.8,14.0,198.7,23869.0,45155.0,17.1,20.3,30.0,29.940000000000005,10.75,54.0,635.0,4.1,0.5951389198023517
2026-04-30T17:16:01,04/30/202605:16,140.57999999999998,0.67,94.1886,55.04,1.0,55.04,55.5,0.8,14.0,198.7,23869.0,45155.0,17.1,20.3,30.0,29.940000000000005,10.75,54.0,635.0,4.1,0.5843594660075636
2026-04-30T17:16:53,04/30/202605:16,140.32,0.67,94.0144,55.04,1.0,55.04,55.0,0.8,15.0,198.7,23869.0,45155.0,17.1,20.31,30.0,29.940000000000005,10.756,53.8,629.8,4.06,0.5854422301264487
2026-04-30T17:17:01,04/30/202605:17,140.14000000000001,0.6599999999999999,92.4924,55.04,0.96,52.8384,52.8,0.8,15.0,198.7,23869.0,45155.0,17.1,20.32,30.0,29.940000000000005,10.762,53.6,624.6,4.02,0.5712728829611946
2026-04-30T17:17:52,04/30/202605:17,140.01,0.65,91.0065,55.029999999999994,0.9400000000000001,51.7282,51.7,0.8,15.0,198.7,23869.0,45155.0,17.1,20.330000000000002,30.0,29.940000000000005,10.768,53.4,619.4,3.9799999999999995,0.5684011581590326
2026-04-30T17:18:01,04/30/202605:18,139.88,0.64,89.5232,55.02,0.9199999999999999,50.6184,50.6,0.8,15.0,198.7,23869.0,45155.0,17.1,20.34,30.0,29.940000000000005,10.774000000000001,53.2,614.2,3.94,0.5654221475550472
2026-04-30T17:18:53,04/30/202605:18,139.78,0.65,90.857,55.02,0.93,51.168600000000005,51.1,0.8,15.0,198.7,23869.0,45155.0,17.1,20.35,30.0,29.940000000000005,10.78,53.0,609.0,3.9,0.56317730059324
2026-04-30T17:19:01,04/30/202605:19,139.68,0.6599999999999999,92.18879999999999,55.02,0.9400000000000001,51.71880000000001,51.6,0.8,15.0,198.7,23869.0,45155.0,17.1,20.36,30.0,29.940000000000005,10.786,52.8,603.8,3.8600000000000003,0.5610095803394775
2026-04-30T17:19:31,04/30/202605:19,139.24,0.65,90.50600000000001,55.010000000000005,0.9,49.50900000000001,49.4,0.8,15.0,198.7,23869.0,45155.0,17.1,20.369999999999997,30.0,29.940000000000005,10.792,52.6,598.6,3.8200000000000003,0.5470245066625417
2026-04-30T17:20:01,04/30/202605:20,138.8,0.6399999999999999,88.832,55.0,0.86,47.3,47.2,0.8,15.0,198.7,23869.0,45155.0,17.1,20.38,30.0,29.940000000000005,10.798,52.4,593.4,3.78,0.5324657780979827
2026-04-30T17:20:30,04/30/202605:20,138.63000000000002,0.65,90.10950000000003,55.010000000000005,0.9,49.50900000000001,49.4,0.8,15.0,198.7,23869.0,45155.0,17.1,20.389999999999997,30.0,29.940000000000005,10.804,52.2,588.2,3.7399999999999998,0.5494315249779435
2026-04-30T17:21:01,04/30/202605:21,138.46,0.6599999999999999,91.3836,55.02,0.9400000000000001,51.71880000000001,51.6,0.8,15.0,198.7,23869.0,45155.0,17.1,20.4,30.0,29.940000000000005,10.81,52.0,583.0,3.7,0.565952753010387
2026-04-30T17:21:31,04/30/202605:21,138.48000000000002,0.6599999999999999,91.3968,55.02,0.95,52.269,52.1,0.8,15.0,198.7,23869.0,45155.0,17.1,20.4,30.0,29.940000000000005,10.81,52.0,583.0,3.7,0.5718909195945591
2026-04-30T17:23:18,04/30/202605:23,138.47,0.6599999999999999,91.3902,55.02,0.9800000000000001,53.91960000000001,53.7,0.8,15.0,198.7,23869.0,45155.0,17.1,20.4,30.0,29.940000000000005,10.81,52.0,583.0,3.7,0.5899932377869839
2026-04-30T17:23:36,04/30/202605:23,138.42000000000002,0.65,89.97300000000001,55.02,0.96,52.8192,52.6,0.8,15.0,198.7,23869.0,45155.0,17.1,20.4,30.0,29.940000000000005,10.81,52.0,583.0,3.7,0.5870561168350504
2026-04-30T17:25:00,04/30/202605:24,138.32,0.6599999999999999,91.29119999999999,55.02,0.95,52.269,52.0,0.8,15.0,198.7,23869.0,45155.0,17.1,20.4,30.0,29.940000000000005,10.81,52.0,583.0,3.7,0.5725524475524476
2026-04-30T17:25:01,04/30/202605:25,138.2,0.6599999999999999,91.21199999999997,55.02,0.95,52.269,52.0,0.8,15.0,198.7,23869.0,45155.0,17.1,20.4,30.0,29.940000000000005,10.81,52.0,583.0,3.7,0.5730495987370084
2026-04-30T17:25:59,04/30/202605:25,138.07,0.6599999999999999,91.12619999999998,55.02,0.96,52.8192,52.6,0.8,15.0,198.7,23869.0,45155.0,17.1,20.4,30.0,29.940000000000005,10.81,52.0,583.0,3.7,0.5796269349539431
2026-04-30T17:26:00,04/30/202605:26,138.31,0.6599999999999999,91.2846,55.02,0.9800000000000001,53.91960000000001,53.7,0.8,15.0,198.7,23869.0,45155.0,17.1,20.4,30.0,29.940000000000005,10.81,52.0,583.0,3.7,0.5906757547275227
2026-04-30T17:27:00,04/30/202605:26,138.56,0.6599999999999999,91.44959999999999,55.02,1.02,56.120400000000004,55.9,0.8,15.0,198.7,23869.0,45155.0,17.1,20.4,30.0,29.940000000000005,10.81,52.0,583.0,3.7,0.6136757295821962
2026-04-30T17:27:01,04/30/202605:27,138.56,0.6599999999999999,91.44959999999999,55.010000000000005,1.02,56.110200000000006,55.9,0.8,15.0,198.7,23869.0,45155.0,17.1,20.4,30.0,29.940000000000005,10.81,52.0,583.0,3.7,0.613564192735671
2026-04-30T17:28:50,04/30/202605:28,138.43,0.65,89.9795,55.0,1.0,55.0,54.8,0.8,15.0,198.7,23869.0,45155.0,17.1,20.4,30.0,29.940000000000005,10.81,52.0,583.0,3.7,0.6112503403553031
2026-04-30T17:29:01,04/30/202605:29,138.17000000000002,0.65,89.81050000000002,55.0,1.01,55.55,55.4,0.8,15.0,198.7,23869.0,45155.0,17.1,20.4,30.0,29.940000000000005,10.81,52.0,583.0,3.7,0.6185245600458742
2026-04-30T17:29:49,04/30/202605:29,138.28,0.6399999999999999,88.49919999999999,54.989999999999995,0.9800000000000001,53.8902,53.7,0.8,15.0,198.7,23869.0,45155.0,17.1,20.389999999999997,30.0,29.940000000000005,10.81,52.0,583.3,3.7,0.6089343180503327
2026-04-30T17:30:00,04/30/202605:30,138.44,0.6399999999999999,88.60159999999999,54.98,0.9800000000000001,53.8804,53.6,0.8,15.0,198.7,23869.0,45155.0,17.1,20.38,30.0,29.940000000000005,10.81,52.0,583.6,3.7,0.6081199436579025
2026-04-30T17:30:50,04/30/202605:30,138.72,0.6399999999999999,88.78079999999999,54.98,0.97,53.3306,53.1,0.8,15.0,198.7,23869.0,45155.0,17.1,20.369999999999997,30.0,29.940000000000005,10.81,52.0,583.9,3.7,0.6006997008362169
2026-04-30T17:31:01,04/30/202605:31,139.0,0.6399999999999999,88.95999999999998,54.98,0.96,52.78079999999999,52.6,0.8,15.0,198.7,23869.0,45155.0,17.1,20.36,30.0,29.940000000000005,10.81,52.0,584.2,3.7,0.5933093525179857
2026-04-30T17:31:49,04/30/202605:31,139.1,0.63,87.633,54.98,0.95,52.230999999999995,52.0,0.8,15.0,198.7,23869.0,45155.0,17.1,20.330000000000002,29.9,29.943,10.841,52.0,579.3,3.65,0.5960197642440633
2026-04-30T17:32:00,04/30/202605:32,139.2,0.6199999999999999,86.30399999999997,54.98,0.9400000000000001,51.6812,51.4,0.8,15.0,198.7,23869.0,45155.0,17.1,20.3,29.8,29.946000000000005,10.872,52.0,574.4,3.6,0.5988274008157213
2026-04-30T17:32:50,04/30/202605:32,139.32999999999998,0.61,84.9913,54.98,0.9199999999999999,50.581599999999995,50.3,0.8,15.0,198.7,23869.0,45155.0,17.1,20.27,29.7,29.949,10.965,51.6,569.5,3.55,0.5951385612409741
2026-04-30T17:33:01,04/30/202605:33,139.45999999999998,0.6,83.67599999999999,54.98,0.9,49.482,49.2,0.8,15.0,198.7,23869.0,45155.0,17.1,20.240000000000002,29.6,29.951999999999998,11.058,51.2,564.6,3.5,0.5913523590993834
2026-04-30T17:34:30,04/30/202605:34,139.91,0.6,83.946,54.98,0.89,48.932199999999995,48.6,0.8,15.0,198.7,23869.0,45155.0,17.1,20.21,29.5,29.955000000000002,11.151,50.8,559.7,3.45,0.5829009124913634
2026-04-30T17:35:00,04/30/202605:35,140.35999999999999,0.6,84.216,54.98,0.8800000000000001,48.382400000000004,48.0,0.8,15.0,198.7,23869.0,45155.0,17.1,20.18,29.4,29.958,11.244,50.4,554.8,3.4,0.574503657262278
2026-04-30T17:35:22,04/30/202605:35,140.20999999999998,0.61,85.52809999999998,54.989999999999995,0.9,49.491,49.2,0.8,15.0,198.7,23869.0,45155.0,17.1,20.160000000000004,29.3,29.961000000000002,11.337,50.0,549.6,3.35,0.5786519284305394
2026-04-30T17:36:01,04/30/202605:36,140.06,0.6199999999999999,86.83719999999998,55.0,0.9199999999999999,50.599999999999994,50.4,0.8,15.0,198.7,23869.0,45155.0,17.1,20.14,29.2,29.964,11.43,49.6,544.4,3.3,0.5826995803641758
2026-04-30T17:36:22,04/30/202605:36,140.01,0.6199999999999999,86.80619999999998,55.010000000000005,0.9400000000000001,51.70940000000001,51.5,0.8,15.0,198.7,23869.0,45155.0,17.1,20.12,29.1,29.967000000000002,11.523,49.2,539.2,3.25,0.595687865613286
2026-04-30T17:37:00,04/30/202605:37,139.95999999999998,0.6199999999999999,86.77519999999997,55.02,0.96,52.8192,52.6,0.8,15.0,198.7,23869.0,45155.0,17.1,20.1,29.0,29.97,11.616,48.8,534.0,3.2,0.6086900404723933
2026-04-30T17:37:22,04/30/202605:37,140.34,0.6199999999999999,87.01079999999999,55.02,0.9400000000000001,51.71880000000001,51.5,0.8,15.0,198.7,23869.0,45155.0,17.1,20.1,29.0,29.97,11.678,48.4,534.0,3.2,0.594395178529562
2026-04-30T17:38:01,04/30/202605:38,140.72,0.6199999999999999,87.24639999999998,55.02,0.9199999999999999,50.6184,50.4,0.8,15.0,198.7,23869.0,45155.0,17.1,20.1,29.0,29.97,11.74,48.0,534.0,3.2,0.5801775202185995
2026-04-30T17:38:22,04/30/202605:38,140.94,0.63,88.7922,55.02,0.93,51.168600000000005,50.9,0.8,15.0,198.7,23869.0,45155.0,17.1,20.1,29.0,29.97,11.74,48.0,534.0,3.2,0.5762735915992622
2026-04-30T17:39:00,04/30/202605:39,141.16,0.6399999999999999,90.34239999999998,55.02,0.9400000000000001,51.71880000000001,51.4,0.8,15.0,198.7,23869.0,45155.0,17.1,20.1,29.0,29.97,11.74,48.0,534.0,3.2,0.5724753825446304
2026-04-30T17:39:23,04/30/202605:39,141.01,0.65,91.6565,55.02,0.96,52.8192,52.5,0.8,15.0,198.7,23869.0,45155.0,17.1,20.1,29.0,29.97,11.74,48.0,534.0,3.2,0.5762733685008702
2026-04-30T17:40:01,04/30/202605:40,140.85999999999999,0.6599999999999999,92.96759999999998,55.02,0.9800000000000001,53.91960000000001,53.6,0.8,15.0,198.7,23869.0,45155.0,17.1,20.1,29.0,29.97,11.74,48.0,534.0,3.2,0.579982703651595
2026-04-30T17:41:13,04/30/202605:41,141.05,0.6699999999999999,94.5035,55.02,1.0,55.02,54.6,0.8,15.0,198.7,23869.0,45155.0,17.1,20.1,29.0,29.97,11.74,48.0,534.0,3.2,0.5822006592348432
2026-04-30T17:42:01,04/30/202605:42,141.24,0.6799999999999999,96.0432,55.02,1.02,56.120400000000004,55.6,0.8,15.0,198.7,23869.0,45155.0,17.1,20.1,29.0,29.97,11.74,48.0,534.0,3.2,0.5843245539507222
2026-04-30T17:42:12,04/30/202605:42,141.31,0.6799999999999999,96.09079999999999,55.010000000000005,1.03,56.66030000000001,56.1,0.8,15.0,198.7,23869.0,45155.0,17.2,20.1,29.0,29.97,11.74,48.0,534.0,3.2,0.5896537441669756
2026-04-30T17:43:01,04/30/202605:43,141.38000000000002,0.6799999999999999,96.1384,55.0,1.04,57.2,56.6,0.8,15.0,198.7,23869.0,45155.0,17.2,20.1,29.0,29.97,11.74,48.0,534.0,3.2,0.5949755768766695
2026-04-30T17:43:13,04/30/202605:43,141.25,0.6799999999999999,96.05,55.010000000000005,1.06,58.31060000000001,57.7,0.8,15.0,198.7,23869.0,45155.0,17.1,20.1,29.0,29.97,11.74,48.0,534.0,3.2,0.6070858927641855
2026-04-30T17:44:01,04/30/202605:44,141.12,0.6799999999999999,95.96159999999999,55.02,1.08,59.421600000000005,58.8,0.8,15.0,198.7,23869.0,45155.0,17.1,20.1,29.0,29.97,11.74,48.0,534.0,3.2,0.6192226890756304
2026-04-30T17:44:12,04/30/202605:44,141.22,0.6699999999999999,94.61739999999999,55.02,1.07,58.87140000000001,58.3,0.8,15.0,198.7,23869.0,45155.0,17.2,20.1,29.0,29.97,11.74,48.0,534.0,3.2,0.6222047953124903
2026-04-30T17:45:41,04/30/202605:45,141.2,0.6599999999999999,93.19199999999998,55.02,1.06,58.321200000000005,57.8,0.8,15.0,198.7,23869.0,45155.0,17.1,20.1,29.0,29.97,11.74,48.0,534.0,3.2,0.6258176667525112
2026-04-30T17:46:01,04/30/202605:46,141.35999999999999,0.65,91.884,55.02,1.05,57.77100000000001,57.3,0.8,15.0,198.7,23869.0,45155.0,17.1,20.1,29.0,29.97,11.74,48.0,534.0,3.2,0.6287384092986811
2026-04-30T17:46:13,04/30/202605:46,141.44,0.6399999999999999,90.52159999999998,55.029999999999994,1.04,57.231199999999994,56.8,0.8,15.0,198.7,23869.0,45155.0,17.1,20.080000000000002,29.0,29.97,11.74,48.3,526.6,3.16,0.6322380514705883
2026-04-30T17:47:01,04/30/202605:47,141.44,0.63,89.1072,55.04,1.02,56.1408,55.8,0.8,15.0,198.7,23869.0,45155.0,17.1,20.060000000000002,29.0,29.97,11.74,48.6,519.2,3.12,0.63003663003663
2026-04-30T17:47:12,04/30/202605:47,141.5,0.63,89.145,55.04,1.03,56.6912,56.4,0.8,15.0,198.7,23869.0,45155.0,17.1,20.04,29.0,29.97,11.74,48.9,511.8,3.08,0.6359436872511078
2026-04-30T17:48:00,04/30/202605:48,141.51,0.63,89.15129999999999,55.04,1.05,57.792,57.5,0.8,15.0,198.7,23869.0,45155.0,17.1,20.02,29.0,29.97,11.74,49.2,504.4,3.04,0.6482462959037053
2026-04-30T17:48:12,04/30/202605:48,141.5,0.63,89.145,55.04,1.04,57.2416,57.0,0.8,15.0,198.7,23869.0,45155.0,17.1,20.0,29.0,29.97,11.74,49.5,497.0,3.0,0.6421178978069437
2026-04-30T17:49:01,04/30/202605:49,141.45,0.6399999999999999,90.52799999999998,55.029999999999994,1.05,57.781499999999994,57.6,0.8,15.0,198.7,23869.0,45155.0,17.1,19.98,29.0,29.97,11.74,49.8,489.6,2.96,0.638272136797455
2026-04-30T17:49:12,04/30/202605:49,141.42000000000002,0.6399999999999999,90.5088,55.02,1.04,57.220800000000004,57.1,0.8,15.0,198.7,23869.0,45155.0,17.1,19.96,29.0,29.97,11.74,50.1,482.2,2.92,0.632212558336869
2026-04-30T17:50:01,04/30/202605:50,141.28,0.6399999999999999,90.41919999999999,55.02,1.02,56.120400000000004,56.0,0.8,15.0,198.7,23869.0,45155.0,17.1,19.939999999999998,29.0,29.97,11.74,50.4,474.8,2.88,0.6206690614382787
2026-04-30T17:50:13,04/30/202605:50,141.05,0.6399999999999999,90.27199999999999,55.02,1.0,55.02,54.9,0.8,15.0,198.7,23869.0,45155.0,17.1,19.919999999999998,29.0,29.97,11.74,50.7,467.4,2.84,0.6094913151364765
2026-04-30T17:51:01,04/30/202605:51,140.82,0.6399999999999999,90.12479999999998,55.02,0.9800000000000001,53.91960000000001,53.8,0.8,15.0,198.7,23869.0,45155.0,17.1,19.9,29.0,29.97,11.74,51.0,460.0,2.8,0.5982770558159355
2026-04-30T17:51:12,04/30/202605:51,140.62,0.65,91.403,55.010000000000005,1.0,55.010000000000005,54.9,0.8,15.0,198.7,23869.0,45155.0,17.1,19.9,29.0,29.97,11.74,51.0,460.0,2.8,0.6018402021815477
2026-04-30T17:52:01,04/30/202605:52,140.42000000000002,0.6599999999999999,92.6772,55.0,1.02,56.1,56.0,0.8,15.0,198.7,23869.0,45155.0,17.1,19.9,29.0,29.97,11.74,51.0,460.0,2.8,0.6053268765133172
2026-04-30T17:52:13,04/30/202605:52,140.2,0.65,91.13,55.0,0.9800000000000001,53.900000000000006,53.8,0.8,15.0,198.7,23869.0,45155.0,17.1,19.9,29.0,29.97,11.74,51.0,460.0,2.8,0.5914627455283662
2026-04-30T17:53:01,04/30/202605:53,139.98,0.6399999999999999,89.58719999999998,55.0,0.9400000000000001,51.7,51.6,0.8,15.0,198.7,23869.0,45155.0,17.1,19.9,29.0,29.97,11.74,51.0,460.0,2.8,0.5770913701957424
2026-04-30T17:53:12,04/30/202605:53,139.73,0.6399999999999999,89.42719999999998,55.0,0.93,51.150000000000006,51.0,0.8,15.0,198.7,23869.0,45155.0,17.1,19.9,29.0,29.97,11.74,51.0,460.0,2.8,0.5719736277105849
2026-04-30T17:54:01,04/30/202605:54,139.48,0.6399999999999999,89.26719999999997,55.0,0.9199999999999999,50.599999999999994,50.4,0.8,15.0,198.7,23869.0,45155.0,17.1,19.9,29.0,29.97,11.74,51.0,460.0,2.8,0.5668375394321767
2026-04-30T17:54:13,04/30/202605:54,139.22,0.6399999999999999,89.10079999999999,55.0,0.9199999999999999,50.599999999999994,50.4,0.8,15.0,198.7,23869.0,45155.0,17.2,19.9,29.0,29.97,11.74,51.0,460.0,2.8,0.5678961356126994
2026-04-30T17:54:15,04/30/202605:54,138.95,0.65,90.3175,55.0,0.93,51.150000000000006,50.9,0.8,15.0,198.7,23869.0,45155.0,17.1,19.9,29.0,29.97,11.74,51.0,460.0,2.8,0.566335427796385
2026-04-30T17:55:01,04/30/202605:55,138.89000000000001,0.6599999999999999,91.6674,55.0,0.9400000000000001,51.7,51.4,0.8,15.0,198.7,23869.0,45155.0,17.1,19.9,29.0,29.97,11.74,51.0,460.0,2.8,0.5639954880360958
2026-04-30T17:55:15,04/30/202605:55,138.81,0.6699999999999999,93.00269999999999,55.0,0.96,52.8,52.4,0.8,15.0,198.7,23869.0,45155.0,17.2,19.9,29.0,29.97,11.74,51.0,460.0,2.8,0.5677254531320058
2026-04-30T17:56:54,04/30/202605:56,138.81,0.6599999999999999,91.6146,55.0,0.9400000000000001,51.7,51.3,0.8,15.0,198.7,23869.0,45155.0,17.1,19.9,29.0,29.97,11.74,51.0,460.0,2.8,0.564320534063348
2026-04-30T17:57:01,04/30/202605:57,138.81,0.65,90.2265,55.0,0.9199999999999999,50.599999999999994,50.2,0.8,15.0,198.7,23869.0,45155.0,17.1,19.9,29.0,29.97,11.74,51.0,460.0,2.8,0.560810848254116
2026-04-30T17:57:15,04/30/202605:57,138.78,0.65,90.20700000000001,55.0,0.9400000000000001,51.7,51.3,0.8,15.0,198.7,23869.0,45155.0,17.2,19.9,29.0,29.97,11.74,51.0,460.0,2.8,0.5731262540601062
2026-04-30T17:58:00,04/30/202605:58,138.75,0.65,90.1875,55.0,0.96,52.8,52.4,0.8,15.0,198.7,23869.0,45155.0,17.2,19.9,29.0,29.97,11.74,51.0,460.0,2.8,0.5854469854469854
2026-04-30T17:58:15,04/30/202605:58,138.82999999999998,0.6399999999999999,88.85119999999998,55.010000000000005,0.9700000000000001,53.35970000000001,53.0,0.8,15.0,198.7,23869.0,45155.0,17.2,19.9,29.0,29.97,11.74,51.0,460.0,2.8,0.6005512587337034
2026-04-30T17:59:01,04/30/202605:59,138.91,0.63,87.5133,55.02,0.9800000000000001,53.91960000000001,53.6,0.8,15.0,198.7,23869.0,45155.0,17.2,19.9,29.0,29.97,11.74,51.0,460.0,2.8,0.6161303481870757
2026-04-30T17:59:16,04/30/202605:59,138.94,0.65,90.311,55.02,1.01,55.57020000000001,55.2,0.8,15.0,198.7,23869.0,45155.0,17.2,19.9,29.0,29.97,11.74,51.0,460.0,2.8,0.6153203928646566
2026-04-30T18:00:00,04/30/202606:00,138.98,0.6599999999999999,91.72679999999998,55.02,1.03,56.67060000000001,56.3,0.8,15.0,198.7,23869.0,45155.0,17.2,19.9,29.0,29.97,11.74,51.0,460.0,2.8,0.6178194377215821
2026-04-30T18:01:09,04/30/202606:01,139.16,0.6599999999999999,91.84559999999999,55.02,1.04,57.220800000000004,56.9,0.8,15.0,198.7,23869.0,45155.0,17.2,19.889999999999997,28.9,29.97,11.672,51.3,455.2,2.77,0.6230107920248766
2026-04-30T18:02:00,04/30/202606:02,139.35999999999999,0.6599999999999999,91.97759999999998,55.02,1.04,57.220800000000004,57.0,0.8,15.0,198.7,23869.0,45155.0,17.2,19.88,28.8,29.97,11.604000000000001,51.6,450.4,2.7399999999999998,0.6221166892808686
2026-04-30T18:02:08,04/30/202606:02,139.62,0.6599999999999999,92.1492,55.02,1.04,57.220800000000004,57.0,0.8,15.0,198.7,23869.0,45155.0,17.2,19.869999999999997,28.7,29.97,11.536,51.9,445.6,2.71,0.6209581852039954
2026-04-30T18:03:01,04/30/202606:03,139.88,0.6599999999999999,92.32079999999999,55.02,1.04,57.220800000000004,57.0,0.8,15.0,198.7,23869.0,45155.0,17.2,19.86,28.6,29.97,11.468,52.2,440.8,2.6799999999999997,0.6198039878337277
2026-04-30T18:03:09,04/30/202606:03,140.22,0.67,93.9474,55.02,1.05,57.77100000000001,57.6,0.8,15.0,198.7,23869.0,45155.0,17.2,19.85,28.5,29.97,11.4,52.5,436.0,2.65,0.6149292050658135
2026-04-30T18:04:00,04/30/202606:04,140.56,0.6799999999999999,95.5808,55.02,1.06,58.321200000000005,58.2,0.8,15.0,198.7,23869.0,45155.0,17.2,19.84,28.4,29.97,11.332,52.8,431.2,2.62,0.6101769393016171
2026-04-30T18:04:09,04/30/202606:04,140.87,0.69,97.2003,55.010000000000005,1.0699999999999998,58.860699999999994,58.7,0.8,15.0,198.7,23869.0,45155.0,17.2,19.830000000000002,28.3,29.97,11.264,53.1,426.4,2.59,0.6055608881865591
2026-04-30T18:05:01,04/30/202606:05,141.18,0.7,98.826,55.0,1.08,59.400000000000006,59.2,0.8,15.0,198.7,23869.0,45155.0,17.2,19.82,28.2,29.97,11.196000000000002,53.4,421.6,2.56,0.6010564021613747
2026-04-30T18:05:09,04/30/202606:05,141.56,0.69,97.6764,55.0,1.0699999999999998,58.849999999999994,58.7,0.8,15.0,198.7,23869.0,45155.0,17.2,19.81,28.1,29.97,11.128,53.7,416.8,2.5300000000000002,0.6024996826254857
2026-04-30T18:06:00,04/30/202606:06,141.94,0.6799999999999999,96.51919999999998,55.0,1.06,58.300000000000004,58.2,0.8,15.0,198.7,23869.0,45155.0,17.2,19.8,28.0,29.97,11.06,54.0,412.0,2.5,0.6040248986730102
2026-04-30T18:06:09,04/30/202606:06,142.32,0.6699999999999999,95.35439999999998,55.0,1.04,57.2,57.1,0.8,15.0,198.7,23869.0,45155.0,17.2,19.8,28.0,29.97,11.06,54.0,412.0,2.5,0.5998674418799763
2026-04-30T18:08:04,04/30/202606:08,142.64000000000001,0.6699999999999999,95.5688,55.0,1.0699999999999998,58.849999999999994,58.7,0.8,15.0,198.7,23869.0,45155.0,17.2,19.8,28.0,29.97,11.06,54.0,412.0,2.5,0.6157867421166741
2026-04-30T18:08:09,04/30/202606:08,142.88,0.6699999999999999,95.72959999999999,55.0,1.0699999999999998,58.849999999999994,58.7,0.8,15.0,198.7,23869.0,45155.0,17.2,19.8,28.0,29.97,11.06,54.0,412.0,2.5,0.6147523858869148
2026-04-30T18:09:00,04/30/202606:09,143.12,0.6699999999999999,95.8904,55.0,1.0699999999999998,58.849999999999994,58.7,0.8,15.0,198.7,23869.0,45155.0,17.2,19.8,28.0,29.97,11.06,54.0,412.0,2.5,0.6137214987110283
2026-04-30T18:09:09,04/30/202606:09,143.13,0.6599999999999999,94.46579999999999,55.0,1.04,57.2,57.0,0.8,15.0,198.7,23869.0,45155.0,17.2,19.8,28.0,29.97,11.06,54.0,412.0,2.5,0.6055101422948835
2026-04-30T18:10:01,04/30/202606:10,143.14000000000001,0.65,93.04100000000001,55.0,1.01,55.55,55.3,0.8,15.0,198.7,23869.0,45155.0,17.2,19.8,28.0,29.97,11.06,54.0,412.0,2.5,0.5970486129770746
2026-04-30T18:10:09,04/30/202606:10,143.02,0.65,92.96300000000001,55.0,0.99,54.45,54.2,0.8,15.0,198.7,23869.0,45155.0,17.2,19.8,28.0,29.97,11.06,54.0,412.0,2.5,0.5857168981207577
2026-04-30T18:11:00,04/30/202606:11,142.9,0.65,92.885,55.0,0.97,53.35,53.1,0.8,15.0,198.7,23869.0,45155.0,17.2,19.8,28.0,29.97,11.06,54.0,412.0,2.5,0.5743661516929537
2026-04-30T18:11:09,04/30/202606:11,142.67000000000002,0.6399999999999999,91.30879999999999,55.0,0.96,52.8,52.5,0.8,15.0,198.7,23869.0,45155.0,17.2,19.8,28.0,29.97,11.06,54.0,412.0,2.5,0.5782575173477256
2026-04-30T18:12:01,04/30/202606:12,142.44,0.63,89.7372,55.0,0.95,52.25,51.9,0.8,15.0,198.7,23869.0,45155.0,17.2,19.8,28.0,29.97,11.06,54.0,412.0,2.5,0.5822557423231391
2026-04-30T18:12:09,04/30/202606:12,142.01,0.63,89.46629999999999,55.0,0.95,52.25,51.9,0.8,15.0,198.7,23869.0,45155.0,17.2,19.8,28.0,29.97,11.06,54.0,412.0,2.5,0.5840187869622417
2026-04-30T18:13:00,04/30/202606:13,141.64000000000001,0.6199999999999999,87.81679999999999,55.0,0.9,49.5,49.2,0.8,15.0,198.7,23869.0,45155.0,17.2,19.8,28.0,29.97,11.06,54.0,412.0,2.5,0.5636734656694392
2026-04-30T18:13:08,04/30/202606:13,141.23,0.6199999999999999,87.56259999999997,55.0,0.89,48.95,48.6,0.8,15.0,198.7,23869.0,45155.0,17.2,19.8,28.0,29.97,11.06,54.0,412.0,2.5,0.559028626377015
2026-04-30T18:14:01,04/30/202606:14,140.82,0.6199999999999999,87.30839999999998,55.0,0.8800000000000001,48.400000000000006,48.0,0.8,15.0,198.7,23869.0,45155.0,17.2,19.8,28.0,29.97,11.06,54.0,412.0,2.5,0.5543567400158521
2026-04-30T18:14:09,04/30/202606:14,140.54000000000002,0.63,88.54020000000001,55.0,0.9,49.5,49.1,0.8,15.0,198.7,23869.0,45155.0,17.2,19.8,28.0,29.97,11.06,54.0,412.0,2.5,0.5590680843277968
2026-04-30T18:15:00,04/30/202606:15,140.26,0.6399999999999999,89.76639999999998,55.0,0.9200000000000002,50.60000000000001,50.2,0.8,15.0,198.7,23869.0,45155.0,17.2,19.8,28.0,29.97,11.06,54.0,412.0,2.5,0.5636852987309285
2026-04-30T18:15:09,04/30/202606:15,140.19,0.6399999999999999,89.72159999999998,55.0,0.9200000000000002,50.60000000000001,50.2,0.8,15.0,198.7,23869.0,45155.0,17.2,19.8,28.0,29.97,11.06,54.0,412.0,2.5,0.5639667593979601
2026-04-30T18:16:01,04/30/202606:16,140.11999999999998,0.6399999999999999,89.67679999999997,55.0,0.9200000000000002,50.60000000000001,50.2,0.8,15.0,198.7,23869.0,45155.0,17.2,19.8,28.0,29.97,11.06,54.0,412.0,2.5,0.5642485012846135
2026-04-30T18:16:09,04/30/202606:16,140.17,0.6399999999999999,89.70879999999998,55.0,0.9099999999999999,50.05,49.7,0.8,15.0,198.7,23869.0,45155.0,17.2,19.79,28.0,29.97,11.023,54.3,407.0,2.46,0.5579162802311479
2026-04-30T18:17:00,04/30/202606:17,140.21999999999997,0.6399999999999999,89.74079999999996,55.0,0.9,49.5,49.2,0.8,15.0,198.7,23869.0,45155.0,17.2,19.78,28.0,29.97,10.986,54.6,402.0,2.42,0.5515885750962775
2026-04-30T18:17:09,04/30/202606:17,140.3,0.6399999999999999,89.79199999999999,55.010000000000005,0.9099999999999999,50.0591,49.7,0.8,15.0,198.7,23869.0,45155.0,17.2,19.77,28.0,29.97,10.949000000000002,54.9,397.0,2.38,0.5575006682109765
2026-04-30T18:19:16,04/30/202606:19,140.39,0.6399999999999999,89.84959999999998,55.010000000000005,0.93,51.15930000000001,50.8,0.8,16.0,198.7,23869.0,45155.0,17.2,19.759999999999998,28.0,29.97,10.912,55.2,392.0,2.34,0.5693881775767508
2026-04-30T18:20:00,04/30/202606:20,140.51,0.6399999999999999,89.92639999999999,55.010000000000005,0.9400000000000001,51.70940000000001,51.4,0.8,16.0,198.7,23869.0,45155.0,17.2,19.75,28.0,29.97,10.875,55.5,387.0,2.3,0.5750191267525445
2026-04-30T18:20:09,04/30/202606:20,140.6,0.65,91.39,55.010000000000005,0.95,52.2595,52.0,0.8,16.0,198.7,23869.0,45155.0,17.2,19.740000000000002,28.0,29.97,10.838,55.8,382.0,2.2600000000000002,0.5718295218295218
2026-04-30T18:21:00,04/30/202606:21,140.7,0.65,91.455,55.010000000000005,0.9400000000000001,51.70940000000001,51.5,0.8,16.0,198.7,23869.0,45155.0,17.2,19.73,28.0,29.97,10.800999999999998,56.1,377.0,2.2199999999999998,0.5654081242140945
2026-04-30T18:22:42,04/30/202606:22,140.77,0.65,91.50050000000002,55.010000000000005,0.95,52.2595,52.1,0.8,16.0,198.7,23869.0,45155.0,17.2,19.72,28.0,29.97,10.764,56.4,372.0,2.18,0.5711389555248331
2026-04-30T18:23:00,04/30/202606:23,140.73,0.65,91.47449999999999,55.010000000000005,0.9800000000000001,53.90980000000001,53.8,0.8,16.0,198.7,23869.0,45155.0,17.2,19.71,28.0,29.97,10.727,56.7,367.0,2.14,0.5893423850362671
2026-04-30T18:23:42,04/30/202606:23,140.73,0.6399999999999999,90.06719999999999,55.010000000000005,0.9800000000000001,53.90980000000001,53.8,0.8,16.0,198.7,23869.0,45155.0,17.2,19.7,28.0,29.97,10.69,57.0,362.0,2.1,0.5985508598024588
2026-04-30T18:24:00,04/30/202606:24,140.69,0.6399999999999999,90.04159999999999,55.010000000000005,0.99,54.459900000000005,54.3,0.8,16.0,198.7,23869.0,45155.0,17.2,19.7,28.0,29.97,10.69,57.0,362.0,2.1,0.6048304339327601
2026-04-30T18:24:42,04/30/202606:24,140.57999999999998,0.65,91.377,55.02,1.03,56.67060000000001,56.5,0.8,16.0,198.7,23869.0,45155.0,17.2,19.7,28.0,29.97,10.69,57.0,362.0,2.1,0.6201845103253555
2026-04-30T18:25:01,04/30/202606:25,140.5,0.6599999999999999,92.72999999999999,55.02,1.06,58.321200000000005,58.2,0.8,16.0,198.7,23869.0,45155.0,17.2,19.7,28.0,29.97,10.69,57.0,362.0,2.1,0.6289356195406018
2026-04-30T18:25:42,04/30/202606:25,140.47,0.6699999999999999,94.11489999999999,55.02,1.05,57.77100000000001,57.6,0.8,16.0,198.7,23869.0,45155.0,17.2,19.7,28.0,29.97,10.69,57.0,362.0,2.1,0.6138347913029712
2026-04-30T18:26:00,04/30/202606:26,140.44,0.6799999999999999,95.49919999999999,55.02,1.04,57.220800000000004,57.0,0.8,16.0,198.7,23869.0,45155.0,17.2,19.7,28.0,29.97,10.69,57.0,362.0,2.1,0.5991756999011512
2026-04-30T18:26:27,04/30/202606:26,140.48,0.6699999999999999,94.12159999999999,55.02,1.02,56.120400000000004,55.9,0.8,16.0,198.7,23869.0,45155.0,17.2,19.7,28.0,29.97,10.69,57.0,362.0,2.1,0.5962542073232926
2026-04-30T18:27:01,04/30/202606:27,140.52,0.6599999999999999,92.7432,55.02,1.0,55.02,54.8,0.8,16.0,198.7,23869.0,45155.0,17.2,19.7,28.0,29.97,10.69,57.0,362.0,2.1,0.5932510415857982
2026-04-30T18:27:27,04/30/202606:27,140.62,0.65,91.403,55.02,0.97,53.3694,53.1,0.8,16.0,198.7,23869.0,45155.0,17.2,19.7,28.0,29.97,10.69,57.0,362.0,2.1,0.5838911195474984
2026-04-30T18:28:00,04/30/202606:28,140.72,0.6399999999999999,90.06079999999999,55.02,0.9400000000000001,51.71880000000001,51.4,0.8,16.0,198.7,23869.0,45155.0,17.2,19.7,28.0,29.97,10.69,57.0,362.0,2.1,0.5742653851620241
2026-04-30T18:28:27,04/30/202606:28,140.84,0.6399999999999999,90.13759999999999,55.02,0.95,52.269,52.0,0.8,16.0,198.7,23869.0,45155.0,17.2,19.7,28.0,29.97,10.69,57.0,362.0,2.1,0.5798800944333996
2026-04-30T18:29:01,04/30/202606:29,140.95999999999998,0.6399999999999999,90.21439999999997,55.02,0.96,52.8192,52.6,0.8,16.0,198.7,23869.0,45155.0,17.2,19.7,28.0,29.97,10.69,57.0,362.0,2.1,0.5854852440408629
2026-04-30T18:30:27,04/30/202606:30,141.09,0.6399999999999999,90.29759999999999,55.010000000000005,0.9400000000000001,51.70940000000001,51.5,0.8,16.0,198.7,23869.0,45155.0,17.2,19.7,28.0,29.97,10.69,57.0,362.0,2.1,0.5726553086682261
2026-04-30T18:31:00,04/30/202606:31,141.22,0.6399999999999999,90.38079999999998,55.0,0.9199999999999999,50.599999999999994,50.4,0.8,16.0,198.7,23869.0,45155.0,17.2,19.7,28.0,29.97,10.69,57.0,362.0,2.1,0.5598534201954398
2026-04-30T18:31:28,04/30/202606:31,141.28,0.63,89.0064,55.0,0.9,49.5,49.3,0.8,16.0,198.7,23869.0,45155.0,17.2,19.66,28.1,29.97,10.614999999999998,57.2,351.8,2.06,0.5561397832066008
2026-04-30T18:32:00,04/30/202606:32,141.34,0.6199999999999999,87.63079999999998,55.0,0.8800000000000001,48.400000000000006,48.2,0.8,16.0,198.7,23869.0,45155.0,17.2,19.619999999999997,28.2,29.97,10.54,57.4,341.6,2.02,0.5523172217987284
2026-04-30T18:32:27,04/30/202606:32,141.28,0.6199999999999999,87.59359999999998,55.0,0.89,48.95,48.7,0.8,16.0,198.7,23869.0,45155.0,17.2,19.580000000000002,28.3,29.97,10.552,56.7,331.4,1.97,0.5588307821576007
2026-04-30T18:33:00,04/30/202606:33,141.22,0.6199999999999999,87.55639999999998,55.0,0.9,49.5,49.2,0.8,16.0,198.7,23869.0,45155.0,17.2,19.54,28.4,29.97,10.564,56.0,321.2,1.92,0.5653498773362086
2026-04-30T18:33:28,04/30/202606:33,141.14000000000001,0.6199999999999999,87.5068,55.0,0.89,48.95,48.7,0.8,16.0,198.7,23869.0,45155.0,17.2,19.5,28.5,29.97,10.575999999999999,55.3,311.0,1.8699999999999999,0.5593850992151468
2026-04-30T18:34:00,04/30/202606:34,141.06,0.6199999999999999,87.45719999999999,55.0,0.8800000000000001,48.400000000000006,48.2,0.8,16.0,198.7,23869.0,45155.0,17.2,19.46,28.6,29.97,10.588,54.6,300.8,1.8199999999999998,0.5534135554305422
2026-04-30T18:34:27,04/30/202606:34,140.9,0.6199999999999999,87.35799999999999,55.0,0.8699999999999999,47.849999999999994,47.6,0.8,16.0,198.7,23869.0,45155.0,17.2,19.419999999999998,28.7,29.97,10.6,53.9,290.6,1.77,0.5477460564573364
2026-04-30T18:35:00,04/30/202606:35,140.74,0.6199999999999999,87.2588,55.0,0.86,47.3,47.0,0.8,16.0,198.7,23869.0,45155.0,17.2,19.380000000000003,28.8,29.97,10.612,53.2,280.4,1.72,0.5420656713133805
2026-04-30T18:35:28,04/30/202606:35,140.6,0.61,85.76599999999999,55.0,0.86,47.3,46.9,0.8,16.0,198.7,23869.0,45155.0,17.2,19.34,28.9,29.97,10.624,52.5,270.2,1.67,0.5515005946412331
2026-04-30T18:36:00,04/30/202606:36,140.45999999999998,0.6,84.27599999999998,55.0,0.86,47.3,46.8,0.8,16.0,198.7,23869.0,45155.0,17.2,19.3,29.0,29.97,10.636,51.8,260.0,1.6199999999999999,0.5612511272485643
2026-04-30T18:36:27,04/30/202606:36,140.34,0.61,85.6074,55.0,0.8699999999999999,47.849999999999994,47.4,0.8,16.0,198.7,23869.0,45155.0,17.2,19.3,29.0,29.97,10.723,50.9,260.0,1.61,0.5589470069176262
2026-04-30T18:36:31,04/30/202606:36,140.24,0.61,85.5464,55.0,0.8800000000000001,48.400000000000006,48.0,0.8,16.0,198.7,23869.0,45155.0,17.2,19.3,29.0,29.97,10.81,50.0,260.0,1.6,0.5657748309689244
2026-04-30T18:37:00,04/30/202606:37,140.22,0.61,85.5342,55.0,0.8700000000000001,47.85000000000001,47.5,0.8,16.0,198.7,23869.0,45155.0,17.2,19.3,29.0,29.97,10.81,50.0,260.0,1.6,0.5594253526659513
2026-04-30T18:37:31,04/30/202606:37,140.24,0.61,85.5464,55.010000000000005,0.8800000000000001,48.408800000000014,48.1,0.8,16.0,198.7,23869.0,45155.0,17.2,19.3,29.2,29.97,10.81,50.0,260.0,1.6,0.5658776991200098
2026-04-30T18:38:00,04/30/202606:38,140.25,0.61,85.5525,55.02,0.9,49.518,49.2,0.8,16.0,198.7,23869.0,45155.0,17.2,19.3,29.4,29.97,10.81,50.0,260.0,1.6,0.5788024896993075
2026-04-30T18:38:31,04/30/202606:38,140.2,0.6199999999999999,86.92399999999998,55.02,0.93,51.168600000000005,50.8,0.8,16.0,198.7,23869.0,45155.0,17.2,19.3,29.6,29.97,10.81,50.0,260.0,1.6,0.5886590584878747
2026-04-30T18:39:00,04/30/202606:39,140.17000000000002,0.63,88.3071,55.02,0.95,52.269,51.9,0.8,16.0,198.7,23869.0,45155.0,17.2,19.3,29.8,29.97,10.81,50.0,260.0,1.6,0.5919003115264797
2026-04-30T18:39:31,04/30/202606:39,140.14000000000001,0.63,88.2882,55.010000000000005,0.95,52.2595,51.9,0.8,16.0,198.7,23869.0,45155.0,17.2,19.3,30.0,29.97,10.81,50.0,260.0,1.6,0.5919194184500307
2026-04-30T18:40:00,04/30/202606:40,140.15,0.63,88.2945,55.0,0.9400000000000001,51.7,51.4,0.8,16.0,198.7,23869.0,45155.0,17.2,19.3,30.2,29.97,10.81,50.0,260.0,1.6,0.585540435700978
2026-04-30T18:41:39,04/30/202606:41,140.01,0.6399999999999999,89.60639999999998,55.0,0.9400000000000001,51.7,51.5,0.8,16.0,198.7,23869.0,45155.0,17.2,19.3,30.4,29.97,10.81,50.0,260.0,1.6,0.5769677165916722
2026-04-30T18:42:41,04/30/202606:42,139.98,0.63,88.1874,55.0,0.9400000000000001,51.7,51.5,0.8,16.0,198.7,23869.0,45155.0,17.2,19.3,30.6,29.97,10.81,50.0,260.0,1.6,0.5862515506750398
2026-04-30T18:43:01,04/30/202606:43,139.93,0.63,88.1559,55.0,0.9400000000000001,51.7,51.5,0.8,16.0,198.7,23869.0,45155.0,17.2,19.3,30.8,29.97,10.81,50.0,260.0,1.6,0.5864610309689993
2026-04-30T18:43:40,04/30/202606:43,139.94,0.6199999999999999,86.76279999999998,55.0,0.93,51.150000000000006,50.9,0.8,16.0,198.7,23869.0,45155.0,17.2,19.3,31.0,29.97,10.81,50.0,260.0,1.6,0.589538373588681
2026-04-30T18:44:00,04/30/202606:44,139.91,0.61,85.3451,54.989999999999995,0.9,49.491,49.2,0.8,16.0,198.7,23869.0,45155.0,17.2,19.3,31.0,29.97,10.81,50.0,260.0,1.6,0.5798926944839247
2026-04-30T18:44:41,04/30/202606:44,139.92000000000002,0.6,83.95200000000001,54.98,0.8800000000000001,48.382400000000004,48.1,0.8,16.0,198.7,23869.0,45155.0,17.2,19.3,31.0,29.97,10.81,50.0,260.0,1.6,0.5763102725366875
2026-04-30T18:45:01,04/30/202606:45,139.99,0.58,81.1942,54.98,0.85,46.733,46.5,0.8,16.0,198.7,23869.0,45155.0,17.2,19.3,31.0,29.97,10.81,50.0,260.0,1.6,0.5755706688408778
2026-04-30T18:45:40,04/30/202606:45,140.06,0.5700000000000001,79.83420000000001,54.98,0.8400000000000001,46.1832,46.0,0.8,16.0,198.7,23869.0,45155.0,17.2,19.3,31.0,29.97,10.81,50.0,260.0,1.6,0.5784889182831418
2026-04-30T18:46:00,04/30/202606:46,140.13,0.5700000000000001,79.87410000000001,54.989999999999995,0.85,46.741499999999995,46.6,0.8,16.0,198.7,23869.0,45155.0,17.2,19.3,31.0,29.97,10.81,50.0,260.0,1.6,0.5851896922782227
2026-04-30T18:46:33,04/30/202606:46,140.19,0.5700000000000001,79.90830000000001,55.0,0.86,47.3,47.2,0.8,16.0,198.7,23869.0,45155.0,17.3,19.29,31.1,29.97,10.711,50.5,258.3,1.57,0.5919284980408792
2026-04-30T18:47:01,04/30/202606:47,140.4,0.5599999999999999,78.624,55.0,0.86,47.3,47.2,0.8,16.0,198.7,23869.0,45155.0,17.3,19.28,31.2,29.97,10.612,51.0,256.6,1.54,0.6015974765974766
2026-04-30T18:47:32,04/30/202606:47,140.45999999999998,0.5700000000000001,80.06219999999999,55.0,0.8800000000000001,48.400000000000006,48.3,0.9,16.0,198.7,23869.0,45155.0,17.2,19.27,31.3,29.97,10.513000000000002,51.5,254.9,1.5100000000000002,0.6045299779421501
2026-04-30T18:48:00,04/30/202606:48,140.52,0.58,81.5016,55.0,0.9,49.5,49.4,0.9,16.0,198.7,23869.0,45155.0,17.2,19.259999999999998,31.4,29.97,10.414,52.0,253.2,1.48,0.6073500397538208
2026-04-30T18:48:33,04/30/202606:48,140.48,0.59,82.88319999999999,55.0,0.9099999999999999,50.05,50.0,0.9,16.0,198.7,23869.0,45155.0,17.2,19.25,31.5,29.97,10.315000000000001,52.5,251.5,1.45,0.6038618200069495
2026-04-30T18:49:01,04/30/202606:49,140.44,0.6,84.264,55.0,0.9199999999999999,50.599999999999994,50.6,0.9,16.0,198.7,23869.0,45155.0,17.2,19.240000000000002,31.6,29.97,10.216,53.0,249.8,1.4200000000000002,0.6004936865090668
2026-04-30T18:49:32,04/30/202606:49,140.16,0.6199999999999999,86.89919999999998,55.0,0.95,52.25,52.2,0.9,16.0,198.7,23869.0,45155.0,17.2,19.23,31.7,29.97,10.117,53.5,248.1,1.3900000000000001,0.601271358079246
2026-04-30T18:50:00,04/30/202606:50,139.88,0.6399999999999999,89.52319999999999,55.0,0.9800000000000001,53.900000000000006,53.8,0.9,16.0,198.7,23869.0,45155.0,17.2,19.22,31.8,29.97,10.018,54.0,246.4,1.36,0.6020785673434373
2026-04-30T18:50:33,04/30/202606:50,139.41,0.65,90.6165,55.010000000000005,1.0,55.010000000000005,54.9,0.9,16.0,198.7,23869.0,45155.0,17.2,19.21,31.9,29.97,9.919,54.5,244.7,1.33,0.6070638349527956
2026-04-30T18:51:01,04/30/202606:51,138.94,0.6599999999999999,91.70039999999999,55.02,1.02,56.120400000000004,56.0,0.9,16.0,198.7,23869.0,45155.0,17.2,19.2,32.0,29.97,9.82,55.0,243.0,1.3,0.6119973304369448
2026-04-30T18:52:51,04/30/202606:52,138.45,0.6699999999999999,92.76149999999998,55.02,1.01,55.57020000000001,55.4,0.9,16.0,198.7,23869.0,45155.0,17.3,19.2,32.0,29.97,9.82,55.0,243.0,1.3,0.5990653449976554
2026-04-30T18:53:01,04/30/202606:53,137.95999999999998,0.6799999999999999,93.81279999999998,55.02,1.0,55.02,54.8,0.9,16.0,198.7,23869.0,45155.0,17.3,19.2,32.0,29.97,9.82,55.0,243.0,1.3,0.586487131819965
2026-04-30T18:53:32,04/30/202606:53,137.45999999999998,0.6799999999999999,93.47279999999998,55.02,0.99,54.4698,54.2,0.9,16.0,198.7,23869.0,45155.0,17.2,19.2,32.0,29.97,9.82,55.0,243.0,1.3,0.5827342285670272
2026-04-30T18:54:01,04/30/202606:54,136.95999999999998,0.6799999999999999,93.13279999999997,55.02,0.9800000000000001,53.91960000000001,53.6,0.9,16.0,198.7,23869.0,45155.0,17.2,19.2,32.0,29.97,9.82,55.0,243.0,1.3,0.5789539238592636
2026-04-30T18:54:32,04/30/202606:54,136.6,0.6799999999999999,92.88799999999999,55.02,0.99,54.4698,54.1,0.9,16.0,198.7,23869.0,45155.0,17.2,19.2,32.0,29.97,9.82,55.0,243.0,1.3,0.5864029799328224
2026-04-30T18:55:01,04/30/202606:55,136.24,0.6799999999999999,92.6432,55.02,1.0,55.02,54.6,0.9,16.0,198.7,23869.0,45155.0,17.2,19.2,32.0,29.97,9.82,55.0,243.0,1.3,0.5938914027149322
2026-04-30T18:55:33,04/30/202606:55,135.99,0.6699999999999999,91.1133,55.02,0.97,53.3694,53.0,0.9,16.0,198.7,23869.0,45155.0,17.2,19.2,32.0,29.97,9.82,55.0,243.0,1.3,0.5857476350873034
2026-04-30T18:56:01,04/30/202606:56,135.74,0.6599999999999999,89.5884,55.02,0.9400000000000001,51.71880000000001,51.4,0.9,16.0,198.7,23869.0,45155.0,17.2,19.2,32.0,29.97,9.82,55.0,243.0,1.3,0.5772934888891866
2026-04-30T18:56:32,04/30/202606:56,135.6,0.65,88.14,55.010000000000005,0.9099999999999999,50.0591,49.7,0.9,16.0,198.7,23869.0,45155.0,17.2,19.2,32.0,29.97,9.82,55.0,243.0,1.3,0.5679498525073746
2026-04-30T18:57:01,04/30/202606:57,135.45999999999998,0.6399999999999999,86.69439999999997,55.0,0.8800000000000001,48.400000000000006,48.0,0.9,16.0,198.7,23869.0,45155.0,17.2,19.2,32.0,29.97,9.82,55.0,243.0,1.3,0.5582828879373988
2026-04-30T18:57:33,04/30/202606:57,135.3,0.6399999999999999,86.592,55.0,0.89,48.95,48.6,0.9,16.0,198.7,23869.0,45155.0,17.2,19.2,32.0,29.97,9.82,55.0,243.0,1.3,0.5652947154471545
2026-04-30T18:58:01,04/30/202606:58,135.14000000000001,0.6399999999999999,86.4896,55.0,0.9,49.5,49.2,0.9,16.0,198.7,23869.0,45155.0,17.2,19.2,32.0,29.97,9.82,55.0,243.0,1.3,0.5723231463667309
2026-04-30T18:58:32,04/30/202606:58,135.04000000000002,0.6399999999999999,86.4256,55.0,0.9,49.5,49.2,0.9,16.0,198.7,23869.0,45155.0,17.3,19.2,32.0,29.97,9.82,55.0,243.0,1.3,0.5727469638625592
2026-04-30T18:59:01,04/30/202606:59,134.94,0.6399999999999999,86.36159999999998,55.0,0.9,49.5,49.2,0.9,16.0,198.7,23869.0,45155.0,17.3,19.2,32.0,29.97,9.82,55.0,243.0,1.3,0.5731714095153403
2026-04-30T18:59:33,04/30/202606:59,134.78,0.65,87.607,55.0,0.9099999999999999,50.05,49.8,0.9,16.0,198.7,23869.0,45155.0,17.3,19.2,32.0,29.97,9.82,55.0,243.0,1.3,0.5713013800267102
2026-04-30T19:00:01,04/30/202607:00,134.62,0.6599999999999999,88.8492,55.0,0.9199999999999999,50.599999999999994,50.4,0.9,16.0,198.7,23869.0,45155.0,17.3,19.2,32.0,29.97,9.82,55.0,243.0,1.3,0.5695042836626554
2026-04-30T19:00:32,04/30/202607:00,134.65,0.6699999999999999,90.21549999999999,55.0,0.9400000000000001,51.7,51.5,0.9,16.0,198.7,23869.0,45155.0,17.3,19.2,32.0,29.97,9.82,55.0,243.0,1.3,0.5730722547677506
2026-04-30T19:01:00,04/30/202607:01,134.68,0.6799999999999999,91.58239999999999,55.0,0.96,52.8,52.6,0.9,16.0,198.7,23869.0,45155.0,17.3,19.2,32.0,29.97,9.82,55.0,243.0,1.3,0.5765299882946942
2026-04-30T19:01:33,04/30/202607:01,134.72,0.69,92.95679999999999,55.0,0.9800000000000001,53.900000000000006,53.7,0.9,16.0,198.7,23869.0,45155.0,17.3,19.18,32.0,29.97,9.739,55.5,239.2,1.28,0.5798392371510208
2026-04-30T19:02:01,04/30/202607:02,134.76,0.7,94.332,55.0,1.0,55.0,54.8,0.9,16.0,198.7,23869.0,45155.0,17.3,19.16,32.0,29.97,9.658,56.0,235.4,1.2600000000000002,0.5830471102065047
2026-04-30T19:02:32,04/30/202607:02,134.81,0.7,94.36699999999999,55.0,1.01,55.55,55.3,0.9,16.0,198.7,23869.0,45155.0,17.3,19.14,32.0,29.97,9.577,56.5,231.6,1.24,0.5886591711085444
2026-04-30T19:04:03,04/30/202607:04,134.85,0.69,93.0465,55.0,1.01,55.55,55.3,0.9,16.0,198.7,23869.0,45155.0,17.2,19.119999999999997,32.0,29.97,9.496,57.0,227.8,1.2200000000000002,0.5970133212963411
2026-04-30T19:04:33,04/30/202607:04,134.54,0.69,92.83259999999999,55.0,1.02,56.1,55.9,0.9,16.0,198.7,23869.0,45155.0,17.3,19.1,32.0,29.97,9.415000000000001,57.5,224.0,1.2,0.6043135708791956
2026-04-30T19:05:01,04/30/202607:05,134.23,0.69,92.61869999999999,55.0,1.03,56.65,56.5,0.9,16.0,198.7,23869.0,45155.0,17.3,19.080000000000002,32.0,29.97,9.334,58.0,220.2,1.1800000000000002,0.6116475398596612
2026-04-30T19:05:33,04/30/202607:05,133.86999999999998,0.69,92.37029999999997,55.0,1.02,56.1,55.9,0.9,16.0,198.7,23869.0,45155.0,17.2,19.06,32.0,29.97,9.253,58.5,216.4,1.1600000000000001,0.6073380729520205
2026-04-30T19:06:01,04/30/202607:06,133.51,0.69,92.12189999999998,55.0,1.01,55.55,55.3,0.9,16.0,198.7,23869.0,45155.0,17.2,19.04,32.0,29.97,9.172,59.0,212.6,1.1400000000000001,0.6030053657165126
2026-04-30T19:07:01,04/30/202607:07,133.05,0.69,91.8045,55.0,1.0,55.0,54.7,0.9,16.0,198.7,23869.0,45155.0,17.2,19.02,32.0,29.97,9.091,59.5,208.8,1.12,0.599099172698506
2026-04-30T19:07:33,04/30/202607:07,132.57999999999998,0.69,91.48019999999998,55.0,1.0,55.0,54.7,0.9,16.0,198.7,23869.0,45155.0,17.3,19.0,32.0,29.97,9.01,60.0,205.0,1.1,0.6012229968889444
2026-04-30T19:08:01,04/30/202607:08,132.18,0.69,91.2042,55.0,0.99,54.45,54.2,0.9,16.0,198.7,23869.0,45155.0,17.3,19.0,32.0,29.97,9.01,60.0,205.0,1.1,0.5970119797114607
2026-04-30T19:08:32,04/30/202607:08,131.82,0.69,90.95579999999998,55.0,0.9800000000000001,53.900000000000006,53.7,0.9,16.0,198.7,23869.0,45155.0,17.3,19.0,32.0,29.97,9.01,60.0,205.0,1.1,0.5925955244195534
2026-04-30T19:09:01,04/30/202607:09,131.5,0.69,90.735,55.0,0.97,53.35,53.2,0.9,16.0,198.7,23869.0,45155.0,17.3,19.0,32.0,29.97,9.01,60.0,205.0,1.1,0.5879759739901912
2026-04-30T19:09:32,04/30/202607:09,131.19,0.69,90.52109999999999,55.0,0.97,53.35,53.2,0.9,16.0,198.7,23869.0,45155.0,17.3,19.0,32.0,29.97,9.01,60.0,205.0,1.1,0.5893653523874545
2026-04-30T19:10:00,04/30/202607:10,131.20999999999998,0.6799999999999999,89.22279999999998,55.0,0.97,53.35,53.2,0.9,16.0,198.7,23869.0,45155.0,17.3,19.0,32.0,29.97,9.01,60.0,205.0,1.1,0.5979413333811539
2026-04-30T19:10:33,04/30/202607:10,131.20999999999998,0.6799999999999999,89.22279999999998,55.0,0.9800000000000001,53.900000000000006,53.7,0.9,16.0,198.7,23869.0,45155.0,17.3,19.0,32.0,29.97,9.01,60.0,205.0,1.1,0.6041056770242585
2026-04-30T19:11:01,04/30/202607:11,131.22,0.6799999999999999,89.22959999999999,55.0,1.0,55.0,54.8,0.9,16.0,198.7,23869.0,45155.0,17.3,19.0,32.0,29.97,9.01,60.0,205.0,1.1,0.616387387145073
2026-04-30T19:11:33,04/30/202607:11,131.26,0.6799999999999999,89.25679999999998,55.0,1.0,55.0,54.8,0.9,16.0,198.7,23869.0,45155.0,17.3,19.0,32.0,29.97,9.01,60.0,205.0,1.1,0.6161995500622923
2026-04-30T19:12:00,04/30/202607:12,131.3,0.6799999999999999,89.284,55.0,1.0,55.0,54.8,0.9,16.0,198.7,23869.0,45155.0,17.3,19.0,32.0,29.97,9.01,60.0,205.0,1.1,0.6160118274270866
2026-04-30T19:12:33,04/30/202607:12,131.49,0.6799999999999999,89.4132,55.0,0.99,54.45,54.2,0.9,16.0,198.7,23869.0,45155.0,17.3,19.0,32.0,29.97,9.01,60.0,205.0,1.1,0.6089704875790152
2026-04-30T19:13:01,04/30/202607:13,131.68,0.6799999999999999,89.5424,55.0,0.9800000000000001,53.900000000000006,53.6,0.9,16.0,198.7,23869.0,45155.0,17.3,19.0,32.0,29.97,9.01,60.0,205.0,1.1,0.601949467514831
2026-04-30T19:13:32,04/30/202607:13,131.7,0.6799999999999999,89.55599999999998,55.0,0.9800000000000001,53.900000000000006,53.6,0.9,16.0,198.7,23869.0,45155.0,17.3,19.0,32.0,29.97,9.01,60.0,205.0,1.1,0.6018580552950111
2026-04-30T19:15:13,04/30/202607:15,131.73,0.6699999999999999,88.25909999999999,55.0,0.9800000000000001,53.900000000000006,53.6,0.9,16.0,198.7,23869.0,45155.0,17.3,19.0,32.0,29.97,9.01,60.0,205.0,1.1,0.6107018992942372
2026-04-30T19:15:32,04/30/202607:15,131.78,0.6799999999999999,89.6104,55.0,0.99,54.45,54.1,0.9,16.0,198.7,23869.0,45155.0,17.3,18.98,32.1,29.97,8.928999999999998,60.4,200.4,1.08,0.6076303643327114
2026-04-30T19:16:00,04/30/202607:16,131.82999999999998,0.69,90.96269999999998,55.0,1.0,55.0,54.6,0.9,16.0,198.7,23869.0,45155.0,17.3,18.96,32.2,29.97,8.847999999999999,60.8,195.8,1.06,0.6046434417623928
2026-04-30T19:16:33,04/30/202607:16,131.99,0.69,91.0731,55.0,0.99,54.45,54.1,0.9,16.0,198.7,23869.0,45155.0,17.3,18.94,32.3,29.97,8.767,61.2,191.2,1.04,0.5978713802429039
2026-04-30T19:17:00,04/30/202607:17,132.15,0.69,91.1835,55.0,0.9800000000000001,53.900000000000006,53.6,0.9,16.0,198.7,23869.0,45155.0,17.3,18.919999999999998,32.4,29.97,8.686,61.6,186.6,1.02,0.5911157172076089
2026-04-30T19:17:33,04/30/202607:17,132.28,0.6799999999999999,89.95039999999999,55.0,0.99,54.45,54.2,0.9,16.0,198.7,23869.0,45155.0,17.3,18.9,32.5,29.97,8.605,62.0,182.0,1.0,0.6053336060762377
2026-04-30T19:18:00,04/30/202607:18,132.41000000000003,0.6699999999999999,88.71470000000001,55.0,1.0,55.0,54.8,0.9,16.0,198.7,23869.0,45155.0,17.3,18.880000000000003,32.6,29.97,8.524,62.4,177.4,0.9800000000000001,0.6199648987146437
2026-04-30T19:18:33,04/30/202607:18,132.25,0.6699999999999999,88.60749999999999,55.0,1.0,55.0,54.8,0.9,16.0,198.7,23869.0,45155.0,17.3,18.86,32.7,29.97,8.443,62.8,172.8,0.96,0.6207149507660188
2026-04-30T19:19:59,04/30/202607:19,132.18,0.6599999999999999,87.2388,55.0,1.0,55.0,54.8,0.9,16.0,198.7,23869.0,45155.0,17.3,18.84,32.8,29.97,8.361999999999998,63.2,168.2,0.9400000000000001,0.6304534221011752
2026-04-30T19:20:00,04/30/202607:20,132.24,0.65,85.956,55.0,0.99,54.45,54.2,0.9,16.0,198.7,23869.0,45155.0,17.3,18.82,32.9,29.97,8.280999999999999,63.6,163.6,0.9200000000000002,0.6334636325561915
2026-04-30T19:20:59,04/30/202607:20,132.22,0.6599999999999999,87.2652,55.0,0.99,54.45,54.2,0.9,16.0,198.7,23869.0,45155.0,17.3,18.8,33.0,29.97,8.2,64.0,159.0,0.9,0.6239600665557405
2026-04-30T19:21:00,04/30/202607:21,132.18,0.6599999999999999,87.2388,55.0,0.9800000000000001,53.900000000000006,53.7,0.9,16.0,198.7,23869.0,45155.0,17.3,18.8,33.0,29.97,8.2,64.0,159.0,0.9,0.6178443536591517
2026-04-30T19:22:00,04/30/202607:22,132.05,0.6599999999999999,87.15299999999999,55.0,0.97,53.35,53.2,0.9,17.0,198.7,23869.0,45155.0,17.3,18.8,33.0,29.97,8.2,64.0,159.0,0.9,0.6121418654550045
2026-04-30T19:22:59,04/30/202607:22,131.91,0.65,85.7415,55.0,0.97,53.35,53.2,0.9,17.0,198.7,23869.0,45155.0,17.3,18.8,33.0,29.97,8.2,64.0,159.0,0.9,0.6222191120985754
2026-04-30T19:23:00,04/30/202607:23,131.77,0.6399999999999999,84.33279999999999,55.0,0.97,53.35,53.2,0.9,17.0,198.7,23869.0,45155.0,17.3,18.8,33.0,29.97,8.2,64.0,159.0,0.9,0.6326126963648783
2026-04-30T19:23:59,04/30/202607:23,131.60999999999999,0.6399999999999999,84.23039999999997,54.989999999999995,0.96,52.79039999999999,52.6,0.9,17.0,198.7,23869.0,45155.0,17.3,18.8,33.0,29.97,8.2,64.0,159.0,0.9,0.6267380898108047
2026-04-30T19:24:00,04/30/202607:24,131.45,0.6399999999999999,84.12799999999999,54.98,0.95,52.230999999999995,52.0,0.9,17.0,198.7,23869.0,45155.0,17.3,18.8,33.0,29.97,8.2,64.0,159.0,0.9,0.6208515595283378
2026-04-30T19:24:59,04/30/202607:24,131.42000000000002,0.63,82.79460000000002,54.96,0.95,52.211999999999996,52.0,0.9,17.0,198.7,23869.0,45155.0,17.3,18.8,33.0,29.97,8.2,64.0,159.0,0.9,0.6306208375908572
2026-04-30T19:25:00,04/30/202607:25,131.3,0.63,82.71900000000001,54.94,0.95,52.193,52.0,0.9,17.0,198.7,23869.0,45155.0,17.3,18.8,33.0,29.97,8.2,64.0,159.0,0.9,0.6309674923536309
2026-04-30T19:26:25,04/30/202607:26,131.16,0.63,82.6308,54.910000000000004,0.9400000000000001,51.61540000000001,51.4,0.9,17.0,198.7,23869.0,45155.0,17.3,18.8,33.0,29.97,8.2,64.0,159.0,0.9,0.6246508565813234
2026-04-30T19:26:59,04/30/202607:26,131.07999999999998,0.6199999999999999,81.26959999999997,54.879999999999995,0.9099999999999999,49.94079999999999,49.7,0.9,17.0,198.7,23869.0,45155.0,17.3,18.8,33.0,29.97,8.2,64.0,159.0,0.9,0.614507761819918
2026-04-30T19:27:00,04/30/202607:27,131.0,0.61,79.91,54.85,0.8800000000000001,48.26800000000001,48.0,0.9,17.0,198.7,23869.0,45155.0,17.3,18.8,33.0,29.97,8.2,64.0,159.0,0.9,0.6040295332248781
2026-04-30T19:28:00,04/30/202607:27,130.99,0.59,77.2841,54.82000000000001,0.86,47.1452,46.8,0.9,17.0,198.7,23869.0,45155.0,17.3,18.8,33.0,29.97,8.2,64.0,159.0,0.9,0.6100245716777449
2026-04-30T19:28:01,04/30/202607:28,130.9,0.58,75.922,54.79,0.8400000000000001,46.0236,45.6,0.9,17.0,198.7,23869.0,45155.0,17.3,18.8,33.0,29.97,8.2,64.0,159.0,0.9,0.606195832565001
2026-04-30T19:28:23,04/30/202607:28,130.9,0.58,75.922,54.75,0.8099999999999999,44.3475,43.9,0.9,17.0,198.7,23869.0,45155.0,17.3,18.8,33.0,29.97,8.2,64.0,159.0,0.9,0.5841192276283554
2026-04-30T19:29:00,04/30/202607:29,130.92000000000002,0.58,75.9336,54.720000000000006,0.79,43.22880000000001,42.8,0.9,17.0,198.7,23869.0,45155.0,17.3,18.8,33.0,29.97,8.2,64.0,159.0,0.9,0.5692973861373622
2026-04-30T19:29:24,04/30/202607:29,128.63,0.58,74.60539999999999,54.69,0.79,43.2051,42.8,0.9,17.0,198.7,23869.0,45155.0,17.3,18.8,33.0,29.97,8.2,64.0,159.0,0.9,0.5791149166146151
2026-04-30T19:30:01,04/30/202607:30,126.35999999999999,0.58,73.28879999999998,54.67,0.79,43.1893,42.8,0.9,17.0,198.7,23869.0,45155.0,17.3,18.8,33.0,29.97,8.2,64.0,159.0,0.9,0.5893028675595727
2026-04-30T19:30:23,04/30/202607:30,123.97,0.59,73.14229999999999,54.65,0.8,43.72,43.3,0.9,17.0,198.7,23869.0,45155.0,17.3,18.8,33.0,29.97,8.2,64.0,159.0,0.9,0.5977389280894914
2026-04-30T19:31:00,04/30/202607:31,121.6,0.6,72.96,54.64,0.82,44.8048,44.4,0.9,17.0,198.7,23869.0,45155.0,17.3,18.8,33.0,29.97,8.2,64.0,159.0,0.9,0.6141008771929826
2026-04-30T19:31:24,04/30/202607:31,119.22999999999999,0.6,71.538,54.63000000000001,0.85,46.435500000000005,46.0,0.9,17.0,198.7,23869.0,45155.0,17.3,18.759999999999998,33.2,29.973000000000003,8.081999999999999,64.4,153.7,0.8800000000000001,0.6491025748553217
2026-04-30T19:32:01,04/30/202607:32,116.85999999999999,0.6,70.11599999999999,54.620000000000005,0.8800000000000001,48.06560000000001,47.6,0.9,17.0,198.7,23869.0,45155.0,17.3,18.72,33.4,29.976,7.963999999999999,64.8,148.4,0.86,0.6855154315705405
2026-04-30T19:32:23,04/30/202607:32,114.5,0.61,69.845,54.61,0.9,49.149,48.7,0.9,17.0,198.7,23869.0,45155.0,17.3,18.68,33.6,29.978999999999996,7.845999999999999,65.2,143.1,0.8400000000000001,0.7036867349130217
2026-04-30T19:33:01,04/30/202607:33,112.14000000000001,0.6199999999999999,69.5268,54.6,0.9199999999999999,50.232,49.8,0.9,17.0,198.7,23869.0,45155.0,17.3,18.64,33.8,29.982,7.728,65.6,137.8,0.82,0.722483991784463
2026-04-30T19:33:24,04/30/202607:33,110.0,0.6199999999999999,68.19999999999999,54.6,0.93,50.778000000000006,50.3,0.9,17.0,198.7,23869.0,45155.0,17.3,18.6,34.0,29.985000000000003,7.609999999999999,66.0,132.5,0.8,0.7445454545454547
2026-04-30T19:34:01,04/30/202607:34,107.85999999999999,0.6199999999999999,66.87319999999998,54.6,0.9400000000000001,51.324000000000005,50.8,0.9,17.0,198.7,23869.0,45155.0,17.3,18.56,34.2,29.988,7.491999999999999,66.4,127.2,0.78,0.7674823397115739
2026-04-30T19:34:23,04/30/202607:34,108.00999999999999,0.6199999999999999,66.96619999999999,54.589999999999996,0.93,50.7687,50.2,0.9,17.0,198.7,23869.0,45155.0,17.3,18.55,34.4,29.990999999999996,7.374,66.8,122.2,0.76,0.7581242477548377
2026-04-30T19:35:01,04/30/202607:35,108.16,0.6199999999999999,67.05919999999999,54.58,0.9199999999999999,50.21359999999999,49.6,0.9,17.0,198.7,23869.0,45155.0,17.3,18.54,34.6,29.994,7.256,67.2,117.2,0.74,0.7487950944836801
2026-04-30T19:35:24,04/30/202607:35,108.42,0.61,66.1362,54.56,0.89,48.558400000000006,48.0,0.9,17.0,198.7,23869.0,45155.0,17.3,18.529999999999998,34.8,29.997000000000003,7.119,66.6,112.2,0.72,0.7342181740106024
2026-04-30T19:36:01,04/30/202607:36,108.67999999999999,0.6,65.208,54.54,0.86,46.904399999999995,46.4,0.9,17.0,198.7,23869.0,45155.0,17.3,18.52,35.0,30.0,6.981999999999999,66.0,107.2,0.7,0.7193043798306956
2026-04-30T19:37:37,04/30/202607:37,108.8,0.6,65.28,54.52,0.8400000000000001,45.796800000000005,45.3,0.9,17.0,198.7,23869.0,45155.0,17.3,18.55,35.0,30.0,6.962999999999999,65.0,107.5,0.7,0.7015441176470589
2026-04-30T19:38:00,04/30/202607:38,108.92,0.6,65.352,54.5,0.82,44.69,44.2,0.9,17.0,198.7,23869.0,45155.0,17.3,18.58,35.0,30.0,6.944,64.0,107.8,0.7,0.6838352307503978
2026-04-30T19:39:01,04/30/202607:39,109.05,0.6,65.42999999999999,54.470000000000006,0.8,43.57600000000001,43.1,0.9,17.0,198.7,23869.0,45155.0,17.3,18.61,35.0,30.0,6.925,63.0,108.1,0.7,0.6659941922665445
2026-04-30T19:39:23,04/30/202607:39,108.67,0.6,65.202,54.44,0.78,42.4632,42.0,0.9,17.0,198.7,23869.0,45155.0,17.3,18.639999999999997,35.0,30.0,6.906000000000001,62.0,108.4,0.7,0.6512560964387596
2026-04-30T19:40:00,04/30/202607:40,107.97999999999999,0.6,64.788,54.410000000000004,0.78,42.439800000000005,42.0,0.9,17.0,198.7,23869.0,45155.0,17.3,18.669999999999998,35.0,30.0,6.8870000000000005,61.0,108.7,0.7,0.6550564919429526
2026-04-30T19:40:23,04/30/202607:40,107.28,0.6,64.368,54.370000000000005,0.78,42.40860000000001,42.0,0.9,17.0,198.7,23869.0,45155.0,17.3,18.7,35.0,29.997000000000003,6.868,60.0,109.0,0.7,0.6588460104399704
2026-04-30T19:41:01,04/30/202607:41,106.6,0.6,63.959999999999994,54.339999999999996,0.78,42.3852,42.0,0.9,17.0,198.7,23869.0,45155.0,17.3,18.7,35.0,29.994,6.848999999999999,59.0,109.0,0.7,0.6626829268292683
2026-04-30T19:41:24,04/30/202607:41,105.91,0.6,63.54599999999999,54.31,0.78,42.3618,42.0,0.9,17.0,198.7,23869.0,45155.0,17.3,18.7,35.4,29.990999999999996,6.83,58.0,109.0,0.7,0.6666320460768578
2026-04-30T19:42:00,04/30/202607:42,105.22999999999999,0.6,63.13799999999999,54.29,0.79,42.8891,42.5,0.9,17.0,198.7,23869.0,45155.0,17.3,18.7,35.8,29.988,6.83,58.0,109.0,0.7,0.6792913934556053
2026-04-30T19:42:23,04/30/202607:42,104.45,0.59,61.625499999999995,54.27,0.78,42.330600000000004,41.4,0.9,17.0,198.7,23869.0,45155.0,17.3,18.7,36.2,29.985000000000003,6.83,58.0,109.0,0.7,0.6869007148015027
2026-04-30T19:43:01,04/30/202607:43,103.82000000000001,0.58,60.2156,54.25,0.76,41.230000000000004,39.8,0.9,17.0,198.7,23869.0,45155.0,17.3,18.7,36.6,29.982,6.83,58.0,109.0,0.7,0.6847062887358094
2026-04-30T19:43:24,04/30/202607:43,103.17999999999999,0.5700000000000001,58.8126,54.23,0.7300000000000001,39.587900000000005,38.2,0.9,17.0,198.7,23869.0,45155.0,17.3,18.7,37.0,29.978999999999996,6.83,58.0,109.0,0.7,0.6731193655781245
2026-04-30T19:44:00,04/30/202607:44,102.54,0.5599999999999999,57.422399999999996,54.220000000000006,0.7,37.954,36.6,0.9,17.0,198.7,23869.0,45155.0,17.3,18.7,37.4,29.976,6.83,58.0,109.0,0.7,0.6609615759703531
2026-04-30T19:44:23,04/30/202607:44,102.4,0.54,55.29600000000001,54.2,0.66,35.772000000000006,34.4,0.9,17.0,198.7,23869.0,45155.0,17.3,18.7,37.8,29.973000000000003,6.83,58.0,109.0,0.7,0.6469184027777778
2026-04-30T19:44:47,04/30/202607:44,102.06,0.53,54.091800000000006,54.18000000000001,0.62,33.59160000000001,32.2,0.9,17.0,198.7,23869.0,45155.0,17.3,18.7,38.2,29.97,6.83,58.0,109.0,0.7,0.6210109480549733
2026-04-30T19:45:01,04/30/202607:45,101.73,0.52,52.89960000000001,54.17,0.58,31.418599999999998,30.0,0.9,17.0,198.7,23869.0,45155.0,17.3,18.7,38.6,29.97,6.83,58.0,109.0,0.7,0.5939288765888587
2026-04-30T19:45:47,04/30/202607:45,101.39,0.5,50.695,54.160000000000004,0.54,29.246400000000005,27.8,0.9,17.0,198.7,23869.0,45155.0,17.3,18.63,39.1,29.97,6.787000000000001,58.3,104.5,0.6799999999999999,0.5769089653812014
2026-04-30T19:46:00,04/30/202607:46,101.06,0.48,48.5088,54.15,0.5,27.075,25.6,0.9,17.0,198.7,23869.0,45155.0,17.3,18.56,39.2,29.97,6.744,58.6,100.0,0.6599999999999999,0.558146150801504
2026-04-30T19:46:47,04/30/202607:46,100.74,0.47000000000000003,47.3478,54.13000000000001,0.45,24.358500000000006,22.9,0.9,17.0,198.7,23869.0,45155.0,17.3,18.490000000000002,39.3,29.97,6.7010000000000005,58.9,95.5,0.6399999999999999,0.514458961134414
2026-04-30T19:47:01,04/30/202607:47,100.52000000000001,0.47000000000000003,47.244400000000006,54.11,0.42000000000000004,22.726200000000002,21.8,0.9,17.0,198.7,23869.0,45155.0,17.3,18.419999999999998,39.4,29.97,6.6579999999999995,59.2,91.0,0.6199999999999999,0.48103478930836246
2026-04-30T19:48:49,04/30/202607:48,96.42999999999999,0.45,43.393499999999996,54.1,0.4,21.64,21.2,0.9,17.0,198.7,23869.0,45155.0,17.3,18.35,39.5,29.97,6.615,59.5,86.5,0.6,0.49869220044476714
2026-04-30T19:49:00,04/30/202607:49,92.35,0.43,39.710499999999996,54.089999999999996,0.39,21.0951,20.6,0.9,17.0,198.7,23869.0,45155.0,17.3,18.28,39.6,29.97,6.572,59.8,82.0,0.58,0.531222220823208
2026-04-30T19:49:47,04/30/202607:49,88.28,0.41,36.1948,54.08,0.38,20.5504,20.0,0.9,17.0,198.7,23869.0,45155.0,17.3,18.21,39.7,29.97,6.529000000000001,60.1,77.5,0.5599999999999999,0.5677721661675158
2026-04-30T19:50:00,04/30/202607:50,84.22,0.4,33.688,54.08,0.38,20.5504,20.0,0.9,17.0,198.7,23869.0,45155.0,17.3,18.14,39.8,29.97,6.486,60.4,73.0,0.54,0.610021372595583
2026-04-30T19:50:48,04/30/202607:50,80.35,0.38,30.532999999999998,54.08,0.37,20.0096,19.5,0.9,17.0,198.7,23869.0,45155.0,17.3,18.07,39.9,29.97,6.4430000000000005,60.7,68.5,0.52,0.6553433989454034
2026-04-30T19:51:00,04/30/202607:51,76.47999999999999,0.36,27.532799999999995,54.08,0.36,19.468799999999998,19.0,0.9,17.0,198.7,23869.0,45155.0,17.3,18.0,40.0,29.97,6.4,61.0,64.0,0.5,0.7071129707112972
2026-04-30T19:51:47,04/30/202607:51,79.99,0.32,25.596799999999998,54.08,0.32,17.3056,16.9,0.9,17.0,198.7,23869.0,45155.0,17.3,18.0,40.0,29.97,6.4,61.0,64.0,0.5,0.6760845105638205
2026-04-30T19:52:00,04/30/202607:52,83.5,0.27999999999999997,23.38,54.08,0.27999999999999997,15.142399999999999,14.8,0.9,17.0,198.7,23869.0,45155.0,17.3,18.0,40.0,29.97,6.4,61.0,64.0,0.5,0.6476646706586826
2026-04-30T19:52:48,04/30/202607:52,86.95,0.22999999999999998,19.9985,54.08,0.25,13.52,13.2,0.9,17.0,198.7,23869.0,45155.0,17.3,18.0,40.0,29.97,6.4,61.0,64.0,0.5,0.6760507038027852
2026-04-30T19:53:00,04/30/202607:53,90.4,0.18,16.272000000000002,54.08,0.22000000000000003,11.8976,11.6,0.9,17.0,198.7,23869.0,45155.0,17.3,18.0,40.0,29.97,6.4,61.0,64.0,0.5,0.7311701081612586
2026-04-30T19:53:47,04/30/202607:53,97.66999999999999,0.15,14.650499999999997,54.07000000000001,0.18,9.732600000000001,9.5,0.9,17.0,198.7,23869.0,45155.0,17.3,18.0,40.0,29.97,6.4,61.0,64.0,0.5,0.6643186239377498
2026-04-30T19:54:00,04/30/202607:54,104.93999999999998,0.12,12.592799999999997,54.06,0.13999999999999999,7.5684,7.4,0.9,17.0,198.7,23869.0,45155.0,17.3,18.0,40.0,29.97,6.4,61.0,64.0,0.5,0.6010101010101011
2026-04-30T19:54:47,04/30/202607:54,112.17999999999999,0.09,10.0962,54.04,0.1,5.404,5.3,0.9,17.0,198.7,23869.0,45155.0,17.3,18.0,40.0,29.97,6.4,61.0,64.0,0.5,0.535250886472138
2026-04-30T19:55:00,04/30/202607:55,119.41999999999999,0.06,7.165199999999999,54.02,0.06,3.2412,3.2,0.9,17.0,198.7,23869.0,45155.0,17.3,18.0,40.0,29.97,6.4,61.0,64.0,0.5,0.452353039691844
2026-04-30T19:55:47,04/30/202607:55,126.65,0.03,3.7995,53.989999999999995,0.03,1.6196999999999997,1.6,0.9,17.0,198.7,23869.0,45155.0,17.3,18.0,40.0,29.97,6.4,61.0,64.0,0.5,0.42629293328069473
2026-04-30T19:56:00,04/30/202607:56,133.88,0.0,0.0,53.96,0.0,0.0,0.0,0.9,17.0,198.7,23869.0,45155.0,17.3,18.0,40.0,29.97,6.4,61.0,64.0,0.5,
2026-04-30T19:57:21,04/30/202607:57,133.67000000000002,0.0,0.0,53.92999999999999,0.0,0.0,0.0,0.9,17.0,198.7,23869.0,45155.0,17.4,18.0,40.0,29.97,6.4,61.0,64.0,0.5,
2026-04-30T19:57:55,04/30/202607:57,133.48,0.0,0.0,53.9,0.0,0.0,0.0,0.9,17.0,198.7,23869.0,45155.0,17.3,18.0,40.0,29.97,6.4,61.0,64.0,0.5,
2026-04-30T19:58:00,04/30/202607:58,133.34,0.0,0.0,53.879999999999995,0.0,0.0,0.0,0.9,17.0,198.7,23869.0,45155.0,17.3,18.0,40.0,29.97,6.4,61.0,64.0,0.5,
2026-04-30T20:00:01,04/30/202608:00,133.15,0.0,0.0,53.85,0.0,0.0,0.0,0.9,17.0,198.7,23869.0,45155.0,17.3,18.0,40.0,29.97,6.4,61.0,64.0,0.5,
2026-04-30T20:00:32,04/30/202608:00,132.99,0.0,0.0,53.81,0.0,0.0,0.0,0.9,17.0,198.7,23869.0,45155.0,17.3,18.0,40.0,29.97,6.4,61.0,64.0,0.5,
2026-04-30T20:01:00,04/30/202608:01,132.82999999999998,0.0,0.0,53.77,0.0,0.0,0.0,0.9,17.0,198.7,23869.0,45155.0,17.3,18.0,40.0,29.97,6.4,61.0,64.0,0.5,
2026-04-30T20:01:33,04/30/202608:01,132.64000000000001,0.0,0.0,53.739999999999995,0.0,0.0,0.0,0.9,17.0,198.7,23869.0,45155.0,17.3,17.94,40.1,29.973000000000003,6.369000000000001,61.1,60.4,0.48,
2026-04-30T20:02:01,04/30/202608:02,132.45,0.0,0.0,53.71,0.0,0.0,0.0,0.9,17.0,198.7,23869.0,45155.0,17.3,17.880000000000003,40.2,29.976,6.338,61.2,56.8,0.45999999999999996,
2026-04-30T20:02:33,04/30/202608:02,132.24,0.0,0.0,53.67999999999999,0.0,0.0,0.0,0.9,17.0,198.7,23869.0,45155.0,17.3,17.82,40.3,29.978999999999996,6.307,61.3,53.2,0.44000000000000006,
2026-04-30T20:03:00,04/30/202608:03,132.03,0.0,0.0,53.65,0.0,0.0,0.0,0.9,17.0,198.7,23869.0,45155.0,17.3,17.759999999999998,40.4,29.982,6.276000000000001,61.4,49.6,0.42000000000000004,
2026-04-30T20:03:33,04/30/202608:03,131.85999999999999,0.0,0.0,53.620000000000005,0.0,0.0,0.0,0.9,17.0,198.7,23869.0,45155.0,17.4,17.7,40.5,29.985000000000003,6.245,61.5,46.0,0.4,
2026-04-30T20:04:01,04/30/202608:04,131.67000000000002,0.0,0.0,53.589999999999996,0.0,0.0,0.0,0.9,17.0,198.7,23869.0,45155.0,17.4,17.639999999999997,40.6,29.988,6.214,61.6,42.4,0.38,
2026-04-30T20:04:32,04/30/202608:04,131.45999999999998,0.0,0.0,53.55,0.0,0.0,0.0,0.9,17.0,198.7,23869.0,45155.0,17.4,17.58,40.7,29.990999999999996,6.183,61.7,38.8,0.36,
2026-04-30T20:05:00,04/30/202608:05,131.3,0.0,0.0,53.52,0.0,0.0,0.0,0.9,17.0,198.7,23869.0,45155.0,17.4,17.52,40.8,29.994,6.151999999999999,61.8,35.2,0.33999999999999997,
2026-04-30T20:06:01,04/30/202608:06,131.16,0.0,0.0,53.489999999999995,0.0,0.0,0.0,0.9,17.0,198.7,23869.0,45155.0,17.4,17.46,40.9,29.997000000000003,6.121,61.9,31.6,0.31999999999999995,
2026-04-30T20:07:00,04/30/202608:07,131.01999999999998,0.0,0.0,53.46,0.0,0.0,0.0,0.9,17.0,198.7,23869.0,45155.0,17.4,17.4,41.0,30.0,6.09,62.0,28.0,0.3,
2026-04-30T20:07:33,04/30/202608:07,130.89,0.0,0.0,53.42,0.0,0.0,0.0,0.9,17.0,198.7,23869.0,45155.0,17.3,17.4,41.0,30.0,6.09,62.0,28.0,0.3,
2026-04-30T20:08:01,04/30/202608:08,130.76,0.0,0.0,53.379999999999995,0.0,0.0,0.0,0.9,17.0,198.7,23869.0,45155.0,17.3,17.4,41.0,30.0,6.09,62.0,28.0,0.3,
2026-04-30T20:08:32,04/30/202608:08,130.60999999999999,0.0,0.0,53.35,0.0,0.0,0.0,0.9,17.0,198.7,23869.0,45155.0,17.3,17.4,41.0,30.0,6.09,62.0,28.0,0.3,
2026-04-30T20:09:00,04/30/202608:09,130.45999999999998,0.0,0.0,53.32000000000001,0.0,0.0,0.0,0.9,17.0,198.7,23869.0,45155.0,17.3,17.4,41.0,30.0,6.09,62.0,28.0,0.3,
2026-04-30T20:09:33,04/30/202608:09,130.32,0.0,0.0,53.29,0.0,0.0,0.0,0.9,17.0,198.7,23869.0,45155.0,17.3,17.4,41.0,30.0,6.09,62.0,28.0,0.3,
2026-04-30T20:11:12,04/30/202608:11,130.1,0.0,0.0,53.260000000000005,0.0,0.0,0.0,0.9,17.0,198.7,23869.0,45155.0,17.3,17.4,41.0,30.0,6.09,62.0,28.0,0.3,
2026-04-30T20:11:32,04/30/202608:11,129.78,0.0,0.0,53.23,0.0,0.0,0.0,0.9,17.0,198.7,23869.0,45155.0,17.3,17.4,41.0,30.0,6.09,62.0,28.0,0.3,
2026-04-30T20:12:00,04/30/202608:12,129.45999999999998,0.0,0.0,53.2,0.0,0.0,0.0,0.9,17.0,198.7,23869.0,45155.0,17.3,17.4,41.0,30.0,6.09,62.0,28.0,0.3,
2026-04-30T20:12:15,04/30/202608:12,129.03,0.0,0.0,53.18000000000001,0.0,0.0,0.0,0.9,17.0,198.7,23869.0,45155.0,17.4,17.4,41.0,30.0,6.09,62.0,28.0,0.3,
2026-04-30T20:13:01,04/30/202608:13,128.6,0.0,0.0,53.160000000000004,0.0,0.0,0.0,0.9,17.0,198.7,23869.0,45155.0,17.4,17.4,41.0,30.0,6.09,62.0,28.0,0.3,
2026-04-30T20:13:15,04/30/202608:13,128.06,0.0,0.0,53.15,0.0,0.0,0.0,0.9,17.0,198.7,23869.0,45155.0,17.4,17.4,41.0,30.0,6.09,62.0,28.0,0.3,
2026-04-30T20:14:00,04/30/202608:14,127.52000000000001,0.0,0.0,53.14,0.0,0.0,0.0,0.9,17.0,198.7,23869.0,45155.0,17.4,17.4,41.0,30.0,6.09,62.0,28.0,0.3,
2026-04-30T20:14:15,04/30/202608:14,126.91,0.0,0.0,53.120000000000005,0.0,0.0,0.0,0.9,17.0,198.7,23869.0,45155.0,17.4,17.4,41.0,30.0,6.09,62.0,28.0,0.3,
2026-04-30T20:15:01,04/30/202608:15,126.3,0.0,0.0,53.1,0.0,0.0,0.0,0.9,17.0,198.7,23869.0,45155.0,17.4,17.4,41.0,30.0,6.09,62.0,28.0,0.3,
2026-04-30T20:15:15,04/30/202608:15,125.71,0.0,0.0,53.08,0.0,0.0,0.0,0.9,17.0,198.7,23869.0,45155.0,17.4,17.33,41.2,30.0,6.058999999999999,62.0,25.6,0.29,
2026-04-30T20:16:00,04/30/202608:16,125.2,0.0,0.0,53.06,0.0,0.0,0.0,0.9,17.0,198.7,23869.0,45155.0,17.4,17.259999999999998,41.4,30.0,6.0280000000000005,62.0,23.2,0.27999999999999997,
2026-04-30T20:16:15,04/30/202608:16,124.96,0.0,0.0,53.05,0.0,0.0,0.0,0.9,17.0,198.7,23869.0,45155.0,17.4,17.189999999999998,41.6,30.0,5.997,62.0,20.8,0.27,
2026-04-30T20:17:01,04/30/202608:17,124.72,0.0,0.0,53.04,0.0,0.0,0.0,0.9,17.0,198.7,23869.0,45155.0,17.4,17.119999999999997,41.8,30.0,5.965999999999999,62.0,18.4,0.26,
2026-04-30T20:17:16,04/30/202608:17,124.72,0.0,0.0,53.02,0.0,0.0,0.0,0.9,17.0,198.7,23869.0,45155.0,17.4,17.05,42.0,30.0,5.9350000000000005,62.0,16.0,0.25,
2026-04-30T20:18:00,04/30/202608:18,124.72,0.0,0.0,53.0,0.0,0.0,0.0,0.9,17.0,198.7,23869.0,45155.0,17.4,16.979999999999997,42.2,30.0,5.904,62.0,13.6,0.24,
2026-04-30T20:18:15,04/30/202608:18,124.91,0.0,0.0,52.98,0.0,0.0,0.0,0.9,17.0,198.7,23869.0,45155.0,17.4,16.91,42.4,30.0,5.873,62.0,11.2,0.22999999999999998,
2026-04-30T20:19:01,04/30/202608:19,125.1,0.0,0.0,52.96,0.0,0.0,0.0,0.9,17.0,198.7,23869.0,45155.0,17.4,16.839999999999996,42.6,30.0,5.8420000000000005,62.0,8.8,0.22000000000000003,
2026-04-30T20:19:16,04/30/202608:19,125.42999999999999,0.0,0.0,52.94,0.0,0.0,0.0,0.9,17.0,198.7,23869.0,45155.0,17.4,16.77,42.8,30.0,5.811,62.0,6.4,0.21000000000000002,
2026-04-30T20:20:00,04/30/202608:20,125.75999999999999,0.0,0.0,52.92,0.0,0.0,0.0,0.9,17.0,198.7,23869.0,45155.0,17.4,16.7,43.0,30.0,5.78,62.0,4.0,0.2,
2026-04-30T20:20:15,04/30/202608:20,126.05999999999999,0.0,0.0,52.9,0.0,0.0,0.0,0.9,17.0,198.7,23869.0,45155.0,17.4,16.69,43.0,30.0,5.78,62.0,4.0,0.2,
2026-04-30T20:22:23,04/30/202608:22,126.13,0.0,0.0,52.879999999999995,0.0,0.0,0.0,0.9,17.0,198.7,23869.0,45155.0,17.4,16.68,43.0,30.0,5.78,62.0,4.0,0.2,
2026-04-30T20:23:01,04/30/202608:23,126.05,0.0,0.0,52.86,0.0,0.0,0.0,0.9,17.0,198.7,23869.0,45155.0,17.4,16.669999999999998,43.0,30.0,5.78,62.0,4.0,0.2,
2026-04-30T20:23:03,04/30/202608:23,125.80999999999999,0.0,0.0,52.83,0.0,0.0,0.0,0.9,17.0,198.7,23869.0,45155.0,17.4,16.66,43.0,30.0,5.78,62.0,4.0,0.2,
2026-04-30T20:24:01,04/30/202608:24,125.44000000000001,0.0,0.0,52.81,0.0,0.0,0.0,0.9,17.0,198.7,23869.0,45155.0,17.4,16.65,43.0,30.0,5.78,62.0,4.0,0.2,
2026-04-30T20:24:02,04/30/202608:24,122.35999999999999,0.0,0.0,52.779999999999994,0.0,0.0,0.0,0.9,17.0,198.7,23869.0,45155.0,17.4,16.64,43.0,30.0,5.929,60.3,4.0,0.2,
2026-04-30T20:25:01,04/30/202608:25,119.24000000000001,0.0,0.0,52.75,0.0,0.0,0.0,0.9,17.0,198.7,23869.0,45155.0,17.4,16.630000000000003,43.0,30.0,6.078,58.6,4.0,0.2,
2026-04-30T20:25:03,04/30/202608:25,113.67999999999999,0.0,0.0,52.720000000000006,0.0,0.0,0.0,0.9,17.0,198.7,23869.0,45155.0,17.4,16.62,43.0,30.0,6.227,56.9,4.0,0.2,
2026-04-30T20:26:01,04/30/202608:26,108.10999999999999,0.0,0.0,52.7,0.0,0.0,0.0,0.9,17.0,198.7,23869.0,45155.0,17.4,16.610000000000003,43.0,30.0,6.3759999999999994,55.2,4.0,0.2,
2026-04-30T20:26:02,04/30/202608:26,100.72,0.0,0.0,52.67999999999999,0.0,0.0,0.0,0.9,17.0,198.7,23869.0,45155.0,17.4,16.6,43.0,30.0,6.525,53.5,4.0,0.2,
2026-04-30T20:27:01,04/30/202608:27,93.36,0.0,0.0,52.660000000000004,0.0,0.0,0.0,0.9,17.0,198.7,23869.0,45155.0,17.4,16.6,43.0,30.0,6.6739999999999995,51.8,4.0,0.2,
2026-04-30T20:28:01,04/30/202608:28,86.22999999999999,0.0,0.0,52.64,0.0,0.0,0.0,0.9,17.0,198.7,23869.0,45155.0,17.4,16.6,43.0,30.0,6.823,50.1,4.0,0.2,
2026-04-30T20:28:02,04/30/202608:28,79.09,0.0,0.0,52.61,0.0,0.0,0.0,0.9,17.0,198.7,23869.0,45155.0,17.4,16.6,43.0,30.0,6.9719999999999995,48.4,4.0,0.2,
2026-04-30T20:29:01,04/30/202608:29,72.11,0.0,0.0,52.589999999999996,0.0,0.0,0.0,0.9,17.0,198.7,23869.0,45155.0,17.4,16.6,43.0,30.0,7.1209999999999996,46.7,4.0,0.2,
2026-04-30T20:29:02,04/30/202608:29,65.14,0.0,0.0,52.58,0.0,0.0,0.0,0.9,17.0,198.7,23869.0,45155.0,17.4,16.6,43.0,30.0,7.269999999999999,45.0,4.0,0.2,
2026-04-30T20:30:01,04/30/202608:30,60.879999999999995,0.0,0.0,52.58,0.0,0.0,0.0,0.9,17.0,198.7,23869.0,45155.0,17.4,16.6,43.0,30.0,7.269999999999999,45.0,4.0,0.2,
2026-04-30T20:31:01,04/30/202608:31,56.620000000000005,0.0,0.0,52.57000000000001,0.0,0.0,0.0,0.9,17.0,198.7,23869.0,45155.0,17.4,16.6,43.0,30.0,7.269999999999999,45.0,4.0,0.2,
2026-04-30T20:31:02,04/30/202608:31,54.55,0.0,0.0,52.56,0.0,0.0,0.0,0.9,17.0,198.7,23869.0,45155.0,17.4,16.54,43.3,30.0,7.164,45.4,3.6,0.19,
2026-04-30T20:32:01,04/30/202608:32,52.48,0.0,0.0,52.55,0.0,0.0,0.0,0.9,17.0,198.7,23869.0,45155.0,17.4,16.48,43.6,30.0,7.058,45.8,3.2,0.18,
2026-04-30T20:32:02,04/30/202608:32,51.67999999999999,0.0,0.0,52.529999999999994,0.0,0.0,0.0,0.9,17.0,198.7,23869.0,45155.0,17.4,16.42,43.9,30.0,6.952,46.2,2.8,0.17,
2026-04-30T20:33:35,04/30/202608:33,50.45,0.0,0.0,52.510000000000005,0.0,0.0,0.0,0.9,17.0,198.7,23869.0,45155.0,17.4,16.360000000000003,44.2,30.0,6.845999999999999,46.6,2.4,0.16,
2026-04-30T20:34:00,04/30/202608:34,49.22,0.0,0.0,52.489999999999995,0.0,0.0,0.0,0.9,17.0,198.7,23869.0,45155.0,17.4,16.3,44.5,30.0,6.739999999999999,47.0,2.0,0.15,
2026-04-30T20:34:03,04/30/202608:34,47.62,0.0,0.0,52.48,0.0,0.0,0.0,0.9,17.0,198.7,23869.0,45155.0,17.4,16.240000000000002,44.8,30.0,6.634,47.4,1.6,0.14,
2026-04-30T20:35:00,04/30/202608:35,46.019999999999996,0.0,0.0,52.470000000000006,0.0,0.0,0.0,0.9,17.0,198.7,23869.0,45155.0,17.4,16.18,45.1,30.0,6.5280000000000005,47.8,1.2,0.13,
2026-04-30T20:35:02,04/30/202608:35,44.08,0.0,0.0,52.45,0.0,0.0,0.0,0.9,17.0,198.7,23869.0,45155.0,17.4,16.119999999999997,45.4,30.0,6.422,48.2,0.8,0.12000000000000002,
2026-04-30T20:36:00,04/30/202608:36,42.14,0.0,0.0,52.42999999999999,0.0,0.0,0.0,0.9,17.0,198.7,23869.0,45155.0,17.4,16.06,45.7,30.0,6.316,48.6,0.4,0.11000000000000001,
2026-04-30T20:36:03,04/30/202608:36,39.92,0.0,0.0,52.410000000000004,0.0,0.0,0.0,0.9,17.0,198.7,23869.0,45155.0,17.5,16.0,46.0,30.0,6.21,49.0,0.0,0.1,
2026-04-30T20:37:00,04/30/202608:37,37.95,0.0,0.0,52.39,0.0,0.0,0.0,0.9,17.0,198.7,23869.0,45155.0,17.5,16.0,46.0,30.0,6.21,49.0,0.0,0.1,
2026-04-30T20:37:02,04/30/202608:37,35.75,0.0,0.0,52.379999999999995,0.0,0.0,0.0,0.9,17.0,198.7,23869.0,45155.0,17.4,16.0,46.0,30.0,6.21,49.0,0.0,0.1,
2026-04-30T20:38:00,04/30/202608:38,34.1,0.0,0.0,52.379999999999995,0.0,0.0,0.0,0.9,17.0,198.7,23869.0,45155.0,17.4,16.0,46.0,30.0,6.21,49.0,0.0,0.1,
2026-04-30T20:38:03,04/30/202608:38,32.67,0.0,0.0,52.36999999999999,0.0,0.0,0.0,0.9,17.0,198.7,23869.0,45155.0,17.4,16.0,46.0,30.0,6.21,49.0,0.0,0.1,
2026-04-30T20:39:00,04/30/202608:39,31.24,0.0,0.0,52.36,0.0,0.0,0.0,0.9,17.0,198.7,23869.0,45155.0,17.4,16.0,46.0,30.0,6.21,49.0,0.0,0.1,
2026-04-30T20:39:02,04/30/202608:39,30.03,0.0,0.0,52.339999999999996,0.0,0.0,0.0,0.9,17.0,198.7,23869.0,45155.0,17.4,16.0,46.0,30.0,6.21,49.0,0.0,0.1,
2026-04-30T20:40:00,04/30/202608:40,28.82,0.0,0.0,52.32000000000001,0.0,0.0,0.0,0.9,17.0,198.7,23869.0,45155.0,17.4,16.0,46.0,30.0,6.21,49.0,0.0,0.1,
2026-04-30T20:40:03,04/30/202608:40,27.810000000000002,0.0,0.0,52.31,0.0,0.0,0.0,0.9,17.0,198.7,23869.0,45155.0,17.4,16.0,46.0,30.0,6.21,49.0,0.0,0.1,
2026-04-30T20:41:00,04/30/202608:41,26.8,0.0,0.0,52.3,0.0,0.0,0.0,0.9,17.0,198.7,23869.0,45155.0,17.4,16.0,46.0,30.0,6.21,49.0,0.0,0.1,
2026-04-30T20:41:02,04/30/202608:41,26.0,0.0,0.0,52.29,0.0,0.0,0.0,0.9,17.0,198.7,23869.0,45155.0,17.4,16.0,46.0,30.0,6.21,49.0,0.0,0.1,
2026-04-30T20:42:00,04/30/202608:42,25.2,0.0,0.0,52.279999999999994,0.0,0.0,0.0,0.9,17.0,198.7,23869.0,45155.0,17.4,16.0,46.0,30.0,6.21,49.0,0.0,0.1,
2026-04-30T20:42:02,04/30/202608:42,24.6,0.0,0.0,52.260000000000005,0.0,0.0,0.0,0.9,17.0,198.7,23869.0,45155.0,17.4,16.0,46.0,30.0,6.21,49.0,0.0,0.1,
2026-04-30T20:43:00,04/30/202608:43,24.0,0.0,0.0,52.239999999999995,0.0,0.0,0.0,0.9,17.0,198.7,23869.0,45155.0,17.4,16.0,46.0,30.0,6.21,49.0,0.0,0.1,
2026-04-30T20:43:02,04/30/202608:43,23.580000000000002,0.0,0.0,52.23,0.0,0.0,0.0,0.9,17.0,198.7,23869.0,45155.0,17.4,16.0,46.0,30.0,6.21,49.0,0.0,0.1,
2026-04-30T20:43:03,04/30/202608:43,23.15,0.0,0.0,52.220000000000006,0.0,0.0,0.0,0.9,17.0,198.7,23869.0,45155.0,17.4,16.0,46.0,30.0,6.21,49.0,0.0,0.1,
2026-04-30T20:44:46,04/30/202608:44,22.86,0.0,0.0,52.220000000000006,0.0,0.0,0.0,0.9,17.0,198.7,23869.0,45155.0,17.4,16.0,46.0,30.0,6.21,49.0,0.0,0.1,
2026-04-30T20:45:01,04/30/202608:45,22.57,0.0,0.0,52.220000000000006,0.0,0.0,0.0,0.9,17.0,198.7,23869.0,45155.0,17.4,16.0,46.0,30.0,6.21,49.0,0.0,0.1,
2026-04-30T20:45:03,04/30/202608:45,22.39,0.0,0.0,52.21,0.0,0.0,0.0,0.9,17.0,198.7,23869.0,45155.0,17.4,16.0,46.0,30.0,6.21,49.0,0.0,0.1,
2026-04-30T20:46:01,04/30/202608:46,22.21,0.0,0.0,52.2,0.0,0.0,0.0,0.9,17.0,198.7,23869.0,45155.0,17.4,16.0,46.0,30.0,6.21,49.0,0.0,0.1,
2026-04-30T20:46:03,04/30/202608:46,22.09,0.0,0.0,52.2,0.0,0.0,0.0,0.9,17.0,198.7,23869.0,45155.0,17.4,15.959999999999999,46.2,30.0,6.111,50.6,0.0,0.09,
2026-04-30T20:47:00,04/30/202608:47,21.97,0.0,0.0,52.2,0.0,0.0,0.0,0.9,17.0,198.7,23869.0,45155.0,17.4,15.919999999999998,46.4,30.0,6.012,52.2,0.0,0.08,
2026-04-30T20:47:03,04/30/202608:47,21.86,0.0,0.0,52.19,0.0,0.0,0.0,0.9,17.0,198.7,23869.0,45155.0,17.4,15.88,46.6,30.0,5.912999999999999,53.8,0.0,0.07,
2026-04-30T20:48:01,04/30/202608:48,21.75,0.0,0.0,52.18000000000001,0.0,0.0,0.0,0.9,17.0,198.7,23869.0,45155.0,17.4,15.84,46.8,30.0,5.814,55.4,0.0,0.06000000000000001,
2026-04-30T20:48:03,04/30/202608:48,21.66,0.0,0.0,52.17,0.0,0.0,0.0,0.9,17.0,198.7,23869.0,45155.0,17.4,15.8,47.0,30.0,5.715,57.0,0.0,0.05,
2026-04-30T20:49:00,04/30/202608:49,21.580000000000002,0.0,0.0,52.160000000000004,0.0,0.0,0.0,0.9,17.0,198.7,23869.0,45155.0,17.4,15.76,47.2,30.0,5.616,58.6,0.0,0.04,
2026-04-30T20:49:03,04/30/202608:49,21.509999999999998,0.0,0.0,52.15,0.0,0.0,0.0,0.9,17.0,198.7,23869.0,45155.0,17.4,15.719999999999999,47.4,30.0,5.517,60.2,0.0,0.030000000000000006,
2026-04-30T20:50:01,04/30/202608:50,21.44,0.0,0.0,52.14,0.0,0.0,0.0,0.9,17.0,198.7,23869.0,45155.0,17.4,15.680000000000001,47.6,30.0,5.418,61.8,0.0,0.02,
2026-04-30T20:50:03,04/30/202608:50,21.380000000000003,0.0,0.0,52.13000000000001,0.0,0.0,0.0,0.9,17.0,198.7,23869.0,45155.0,17.4,15.64,47.8,30.0,5.319,63.4,0.0,0.01,
2026-04-30T20:51:56,04/30/202608:51,21.3,0.0,0.0,52.120000000000005,0.0,0.0,0.0,0.9,17.0,198.7,23869.0,45155.0,17.5,15.6,48.0,30.0,5.22,65.0,0.0,0.0,
2026-04-30T20:52:01,04/30/202608:52,21.23,0.0,0.0,52.11,0.0,0.0,0.0,0.9,17.0,198.7,23869.0,45155.0,17.5,15.6,48.0,30.0,5.22,65.0,0.0,0.0,
2026-04-30T20:53:00,04/30/202608:53,21.16,0.0,0.0,52.1,0.0,0.0,0.0,0.9,17.0,198.7,23869.0,45155.0,17.4,15.6,48.0,30.0,5.22,65.0,0.0,0.0,
2026-04-30T20:54:01,04/30/202608:54,21.11,0.0,0.0,52.1,0.0,0.0,0.0,0.9,17.0,198.7,23869.0,45155.0,17.4,15.6,48.0,30.0,5.22,65.0,0.0,0.0,
2026-04-30T20:55:58,04/30/202608:55,21.05,0.0,0.0,52.1,0.0,0.0,0.0,0.9,17.0,198.7,23869.0,45155.0,17.4,15.6,48.0,30.0,5.22,65.0,0.0,0.0,
2026-04-30T20:56:01,04/30/202608:56,21.0,0.0,0.0,52.1,0.0,0.0,0.0,0.9,17.0,198.7,23869.0,45155.0,17.4,15.6,48.0,30.0,5.22,65.0,0.0,0.0,
2026-04-30T20:57:01,04/30/202608:57,20.95,0.0,0.0,52.089999999999996,0.0,0.0,0.0,0.9,17.0,198.7,23869.0,45155.0,17.4,15.6,48.0,30.0,5.22,65.0,0.0,0.0,
2026-04-30T20:57:21,04/30/202608:57,20.9,0.0,0.0,52.08,0.0,0.0,0.0,0.9,17.0,198.7,23869.0,45155.0,17.4,15.6,48.0,30.0,5.22,65.0,0.0,0.0,
2026-04-30T20:58:01,04/30/202608:58,20.85,0.0,0.0,52.07000000000001,0.0,0.0,0.0,0.9,17.0,198.7,23869.0,45155.0,17.4,15.6,48.0,30.0,5.22,65.0,0.0,0.0,
2026-04-30T20:58:22,04/30/202608:58,20.82,0.0,0.0,52.06,0.0,0.0,0.0,0.9,17.0,198.7,23869.0,45155.0,17.4,15.6,48.0,30.0,5.22,65.0,0.0,0.0,
2026-04-30T20:59:01,04/30/202608:59,20.81,0.0,0.0,52.05,0.0,0.0,0.0,0.9,17.0,198.7,23869.0,45155.0,17.4,15.6,48.0,30.0,5.22,65.0,0.0,0.0,
2026-04-30T20:59:21,04/30/202608:59,20.79,0.0,0.0,52.04,0.0,0.0,0.0,0.9,17.0,198.7,23869.0,45155.0,17.5,15.6,48.3,30.0,5.22,65.0,0.0,0.0,
2026-04-30T21:00:00,04/30/202609:00,20.77,0.0,0.0,52.029999999999994,0.0,0.0,0.0,0.9,17.0,198.7,23869.0,45155.0,17.5,15.6,48.6,30.0,5.22,65.0,0.0,0.0,
2026-04-30T21:01:01,04/30/202609:01,20.75,0.0,0.0,52.02,0.0,0.0,0.0,0.9,17.0,198.7,23869.0,45155.0,17.5,15.6,48.9,30.0,5.22,65.0,0.0,0.0,
2026-04-30T21:01:21,04/30/202609:01,20.73,0.0,0.0,52.02,0.0,0.0,0.0,0.9,17.0,198.7,23869.0,45155.0,17.4,15.569999999999999,49.3,30.0,5.17,65.0,0.0,0.0,
2026-04-30T21:02:01,04/30/202609:02,20.71,0.0,0.0,52.02,0.0,0.0,0.0,0.9,17.0,198.7,23869.0,45155.0,17.4,15.540000000000001,49.7,30.0,5.119999999999999,65.0,0.0,0.0,
2026-04-30T21:02:22,04/30/202609:02,20.7,0.0,0.0,52.02,0.0,0.0,0.0,0.9,17.0,198.7,23869.0,45155.0,17.5,15.51,50.1,30.0,5.069999999999999,65.0,0.0,0.0,
2026-04-30T21:03:01,04/30/202609:03,20.7,0.0,0.0,52.02,0.0,0.0,0.0,0.9,17.0,198.7,23869.0,45155.0,17.5,15.48,50.5,30.0,5.02,65.0,0.0,0.0,
2026-04-30T21:03:21,04/30/202609:03,20.69,0.0,0.0,52.02,0.0,0.0,0.0,0.9,17.0,198.7,23869.0,45155.0,17.4,15.45,50.9,30.0,4.97,65.0,0.0,0.0,
2026-04-30T21:04:01,04/30/202609:04,20.669999999999998,0.0,0.0,52.02,0.0,0.0,0.0,0.9,17.0,198.7,23869.0,45155.0,17.4,15.419999999999998,51.3,30.0,4.92,65.0,0.0,0.0,
2026-04-30T21:04:22,04/30/202609:04,20.66,0.0,0.0,52.010000000000005,0.0,0.0,0.0,0.9,17.0,198.7,23869.0,45155.0,17.4,15.39,51.7,30.0,4.869999999999999,65.0,0.0,0.0,
2026-04-30T21:05:01,04/30/202609:05,20.66,0.0,0.0,52.0,0.0,0.0,0.0,0.9,17.0,198.7,23869.0,45155.0,17.4,15.36,51.8,30.0,4.819999999999999,65.0,0.0,0.0,
2026-04-30T21:05:21,04/30/202609:05,20.65,0.0,0.0,52.0,0.0,0.0,0.0,0.9,17.0,198.7,23869.0,45155.0,17.5,15.330000000000002,51.9,30.0,4.77,65.0,0.0,0.0,
2026-04-30T21:07:09,04/30/202609:07,20.64,0.0,0.0,52.0,0.0,0.0,0.0,0.9,17.0,198.7,23869.0,45155.0,17.4,15.3,52.0,30.0,4.72,65.0,0.0,0.0,
2026-04-30T21:08:00,04/30/202609:08,20.64,0.0,0.0,51.98,0.0,0.0,0.0,0.9,17.0,198.7,23869.0,45155.0,17.4,15.3,52.0,30.0,4.72,65.0,0.0,0.0,
2026-04-30T21:09:01,04/30/202609:09,20.64,0.0,0.0,51.96,0.0,0.0,0.0,0.9,17.0,198.7,23869.0,45155.0,17.4,15.3,52.0,30.0,4.72,65.0,0.0,0.0,
2026-04-30T21:10:00,04/30/202609:10,20.630000000000003,0.0,0.0,51.95,0.0,0.0,0.0,0.9,17.0,198.7,23869.0,45155.0,17.5,15.3,52.0,30.0,4.72,65.0,0.0,0.0,
2026-04-30T21:10:25,04/30/202609:10,20.610000000000003,0.0,0.0,51.95,0.0,0.0,0.0,0.9,17.0,198.7,23869.0,45155.0,17.5,15.3,52.0,30.0,4.72,65.0,0.0,0.0,
2026-04-30T21:11:01,04/30/202609:11,20.6,0.0,0.0,51.95,0.0,0.0,0.0,0.9,17.0,198.7,23869.0,45155.0,17.5,15.3,52.0,30.0,4.72,65.0,0.0,0.0,
2026-04-30T21:11:25,04/30/202609:11,20.6,0.0,0.0,51.94,0.0,0.0,0.0,0.9,17.0,198.7,23869.0,45155.0,17.4,15.3,52.0,30.0,4.72,65.0,0.0,0.0,
2026-04-30T21:12:00,04/30/202609:12,20.59,0.0,0.0,51.94,0.0,0.0,0.0,0.9,17.0,198.7,23869.0,45155.0,17.4,15.3,52.0,30.0,4.72,65.0,0.0,0.0,
2026-04-30T21:13:01,04/30/202609:13,20.580000000000002,0.0,0.0,51.94,0.0,0.0,0.0,0.9,17.0,198.7,23869.0,45155.0,17.5,15.3,52.0,30.0,4.72,65.0,0.0,0.0,
2026-04-30T21:14:00,04/30/202609:14,20.580000000000002,0.0,0.0,51.94,0.0,0.0,0.0,0.9,17.0,198.7,23869.0,45155.0,17.5,15.3,52.0,30.0,4.72,65.0,0.0,0.0,
2026-04-30T21:14:25,04/30/202609:14,20.57,0.0,0.0,51.92999999999999,0.0,0.0,0.0,0.9,17.0,198.7,23869.0,45155.0,17.5,15.3,52.0,30.0,4.72,65.0,0.0,0.0,
2026-04-30T21:15:01,04/30/202609:15,20.560000000000002,0.0,0.0,51.92999999999999,0.0,0.0,0.0,0.9,17.0,198.7,23869.0,45155.0,17.5,15.3,52.0,30.0,4.72,65.0,0.0,0.0,
2026-04-30T21:15:25,04/30/202609:15,20.560000000000002,0.0,0.0,51.92999999999999,0.0,0.0,0.0,0.9,17.0,198.7,23869.0,45155.0,17.5,15.3,52.0,30.0,4.72,65.0,0.0,0.0,
2026-04-30T21:16:00,04/30/202609:16,20.560000000000002,0.0,0.0,51.92999999999999,0.0,0.0,0.0,0.9,17.0,198.7,23869.0,45155.0,17.5,15.3,52.0,30.0,4.72,65.0,0.0,0.0,
2026-04-30T21:16:26,04/30/202609:16,20.560000000000002,0.0,0.0,51.92,0.0,0.0,0.0,0.9,17.0,198.7,23869.0,45155.0,17.4,15.25,52.1,30.0,4.689,66.0,0.0,0.0,
2026-04-30T21:18:19,04/30/202609:18,20.57,0.0,0.0,51.910000000000004,0.0,0.0,0.0,0.9,17.0,198.7,23869.0,45155.0,17.4,15.2,52.2,30.0,4.6579999999999995,67.0,0.0,0.0,
2026-04-30T21:18:24,04/30/202609:18,20.560000000000002,0.0,0.0,51.92,0.0,0.0,0.0,0.9,17.0,198.7,23869.0,45155.0,17.4,15.15,52.3,30.0,4.627,68.0,0.0,0.0,
2026-04-30T21:19:00,04/30/202609:19,20.55,0.0,0.0,51.92999999999999,0.0,0.0,0.0,0.9,17.0,198.7,23869.0,45155.0,17.4,15.1,52.4,30.0,4.596,69.0,0.0,0.0,
2026-04-30T21:19:24,04/30/202609:19,20.55,0.0,0.0,51.92999999999999,0.0,0.0,0.0,0.9,17.0,198.7,23869.0,45155.0,17.4,15.05,52.5,30.0,4.5649999999999995,70.0,0.0,0.0,
2026-04-30T21:20:01,04/30/202609:20,20.55,0.0,0.0,51.92,0.0,0.0,0.0,0.9,17.0,198.7,23869.0,45155.0,17.4,15.0,52.6,30.0,4.534000000000001,71.0,0.0,0.0,
2026-04-30T21:21:00,04/30/202609:21,20.560000000000002,0.0,0.0,51.92,0.0,0.0,0.0,0.9,17.0,198.7,23869.0,45155.0,17.4,14.95,52.7,30.0,4.503,72.0,0.0,0.0,
2026-04-30T21:22:50,04/30/202609:22,20.57,0.0,0.0,51.92,0.0,0.0,0.0,0.9,17.0,198.7,23869.0,45155.0,17.5,14.9,52.8,30.0,4.4719999999999995,73.0,0.0,0.0,
2026-04-30T21:23:01,04/30/202609:23,20.57,0.0,0.0,51.92,0.0,0.0,0.0,0.9,17.0,198.7,23869.0,45155.0,17.5,14.85,52.9,30.0,4.441000000000001,74.0,0.0,0.0,
2026-04-30T21:23:50,04/30/202609:23,20.560000000000002,0.0,0.0,51.92,0.0,0.0,0.0,0.9,17.0,198.7,23869.0,45155.0,17.4,14.8,53.0,30.0,4.41,75.0,0.0,0.0,
2026-04-30T21:24:01,04/30/202609:24,20.560000000000002,0.0,0.0,51.92,0.0,0.0,0.0,0.9,17.0,198.7,23869.0,45155.0,17.4,14.8,53.0,30.0,4.41,75.0,0.0,0.0,
2026-04-30T21:24:50,04/30/202609:24,20.560000000000002,0.0,0.0,51.92,0.0,0.0,0.0,0.9,17.0,198.7,23869.0,45155.0,17.5,14.8,53.0,30.0,4.41,75.0,0.0,0.0,
2026-04-30T21:25:00,04/30/202609:25,20.57,0.0,0.0,51.910000000000004,0.0,0.0,0.0,0.9,17.0,198.7,23869.0,45155.0,17.5,14.8,53.0,30.0,4.41,75.0,0.0,0.0,
2026-04-30T21:25:51,04/30/202609:25,20.57,0.0,0.0,51.9,0.0,0.0,0.0,0.9,17.0,198.7,23869.0,45155.0,17.5,14.8,53.0,30.0,4.41,75.0,0.0,0.0,
2026-04-30T21:26:01,04/30/202609:26,20.560000000000002,0.0,0.0,51.9,0.0,0.0,0.0,0.9,17.0,198.7,23869.0,45155.0,17.5,14.8,53.0,30.0,4.41,75.0,0.0,0.0,
2026-04-30T21:27:01,04/30/202609:27,20.55,0.0,0.0,51.9,0.0,0.0,0.0,0.9,17.0,198.7,23869.0,45155.0,17.4,14.8,53.0,30.0,4.41,75.0,0.0,0.0,
2026-04-30T21:27:25,04/30/202609:27,20.55,0.0,0.0,51.9,0.0,0.0,0.0,0.9,17.0,198.7,23869.0,45155.0,17.5,14.8,53.0,30.0,4.41,75.0,0.0,0.0,
2026-04-30T21:28:01,04/30/202609:28,20.55,0.0,0.0,51.9,0.0,0.0,0.0,0.9,17.0,198.7,23869.0,45155.0,17.5,14.8,53.0,30.0,4.41,75.0,0.0,0.0,
2026-04-30T21:29:30,04/30/202609:29,20.54,0.0,0.0,51.9,0.0,0.0,0.0,0.9,17.0,198.7,23869.0,45155.0,17.4,14.790000000000001,53.0,30.0,4.41,75.0,0.0,0.0,
2026-04-30T21:30:00,04/30/202609:30,20.54,0.0,0.0,51.9,0.0,0.0,0.0,0.9,17.0,198.7,23869.0,45155.0,17.4,14.780000000000001,53.0,30.0,4.41,75.0,0.0,0.0,
2026-04-30T21:31:01,04/30/202609:31,20.54,0.0,0.0,51.9,0.0,0.0,0.0,0.9,17.0,198.7,23869.0,45155.0,17.5,14.77,53.0,30.0,4.41,74.1,0.0,0.0,
2026-04-30T21:32:00,04/30/202609:32,20.53,0.0,0.0,51.9,0.0,0.0,0.0,0.9,17.0,198.7,23869.0,45155.0,17.4,14.719999999999999,53.1,30.0,4.398000000000001,71.7,0.0,0.0,
2026-04-30T21:32:25,04/30/202609:32,20.53,0.0,0.0,51.9,0.0,0.0,0.0,0.9,17.0,198.7,23869.0,45155.0,17.4,14.669999999999998,52.9,30.0,4.386,69.3,0.0,0.0,
2026-04-30T21:32:34,04/30/202609:32,20.53,0.0,0.0,51.9,0.0,0.0,0.0,0.9,17.0,198.7,23869.0,45155.0,17.5,14.62,52.7,30.0,4.3740000000000006,66.9,0.0,0.0,
2026-04-30T21:33:01,04/30/202609:33,20.53,0.0,0.0,51.9,0.0,0.0,0.0,0.9,17.0,198.7,23869.0,45155.0,17.5,14.569999999999999,52.5,30.0,4.362,64.5,0.0,0.0,
2026-04-30T21:34:00,04/30/202609:34,20.53,0.0,0.0,51.9,0.0,0.0,0.0,0.9,17.0,198.7,23869.0,45155.0,17.5,14.52,52.3,30.0,4.35,62.1,0.0,0.0,
2026-04-30T21:34:33,04/30/202609:34,20.53,0.0,0.0,51.9,0.0,0.0,0.0,0.9,17.0,198.7,23869.0,45155.0,17.5,14.469999999999999,52.1,30.0,4.338,59.7,0.0,0.0,
2026-04-30T21:35:01,04/30/202609:35,20.53,0.0,0.0,51.9,0.0,0.0,0.0,0.9,17.0,198.7,23869.0,45155.0,17.5,14.419999999999998,51.9,30.0,4.326,57.3,0.0,0.0,
2026-04-30T21:35:33,04/30/202609:35,20.53,0.0,0.0,51.89,0.0,0.0,0.0,0.9,17.0,198.7,23869.0,45155.0,17.4,14.38,51.7,30.0,4.314,54.9,0.0,0.0,
2026-04-30T21:36:00,04/30/202609:36,20.53,0.0,0.0,51.879999999999995,0.0,0.0,0.0,0.9,17.0,198.7,23869.0,45155.0,17.4,14.34,51.5,30.0,4.3020000000000005,52.5,0.0,0.0,
2026-04-30T21:37:01,04/30/202609:37,20.53,0.0,0.0,51.879999999999995,0.0,0.0,0.0,0.9,17.0,198.7,23869.0,45155.0,17.5,14.3,51.3,30.0,4.29,51.0,0.0,0.0,
2026-04-30T21:38:00,04/30/202609:38,20.53,0.0,0.0,51.879999999999995,0.0,0.0,0.0,0.9,17.0,198.7,23869.0,45155.0,17.5,14.3,51.0,30.0,4.29,51.0,0.0,0.0,
2026-04-30T21:39:01,04/30/202609:39,20.52,0.0,0.0,51.879999999999995,0.0,0.0,0.0,0.9,17.0,198.7,23869.0,45155.0,17.4,14.3,51.0,30.0,4.29,51.0,0.0,0.0,
2026-04-30T21:40:42,04/30/202609:40,20.52,0.0,0.0,51.879999999999995,0.0,0.0,0.0,0.9,17.0,198.7,23869.0,45155.0,17.5,14.3,51.0,30.0,4.29,51.0,0.0,0.0,
2026-04-30T21:41:01,04/30/202609:41,20.52,0.0,0.0,51.879999999999995,0.0,0.0,0.0,0.9,17.0,198.7,23869.0,45155.0,17.5,14.3,51.0,30.0,4.29,51.0,0.0,0.0,
2026-04-30T21:41:33,04/30/202609:41,20.53,0.0,0.0,51.86999999999999,0.0,0.0,0.0,0.9,17.0,198.7,23869.0,45155.0,17.5,14.3,51.0,30.0,4.29,51.0,0.0,0.0,
2026-04-30T21:42:01,04/30/202609:42,20.53,0.0,0.0,51.86,0.0,0.0,0.0,0.9,17.0,198.7,23869.0,45155.0,17.5,14.3,51.0,30.0,4.29,51.0,0.0,0.0,
2026-04-30T21:43:01,04/30/202609:43,20.53,0.0,0.0,51.85,0.0,0.0,0.0,0.9,17.0,198.7,23869.0,45155.0,17.5,14.3,51.0,30.0,4.29,51.0,0.0,0.0,
2026-04-30T21:43:33,04/30/202609:43,20.53,0.0,0.0,51.85,0.0,0.0,0.0,0.9,17.0,198.7,23869.0,45155.0,17.5,14.3,51.0,30.0,4.29,51.0,0.0,0.0,
2026-04-30T21:44:00,04/30/202609:44,20.53,0.0,0.0,51.85,0.0,0.0,0.0,0.9,17.0,198.7,23869.0,45155.0,17.5,14.3,51.0,30.0,4.29,51.0,0.0,0.0,
2026-04-30T21:44:34,04/30/202609:44,20.54,0.0,0.0,51.839999999999996,0.0,0.0,0.0,0.9,17.0,198.7,23869.0,45155.0,17.5,14.3,51.0,30.0,4.29,51.0,0.0,0.0,
2026-04-30T21:45:01,04/30/202609:45,20.55,0.0,0.0,51.83,0.0,0.0,0.0,0.9,17.0,198.7,23869.0,45155.0,17.5,14.3,51.0,30.0,4.29,51.0,0.0,0.0,
2026-04-30T21:45:33,04/30/202609:45,20.55,0.0,0.0,51.81999999999999,0.0,0.0,0.0,0.9,17.0,198.7,23869.0,45155.0,17.5,14.270000000000001,51.1,30.0,4.296,51.4,0.0,0.0,
2026-04-30T21:46:01,04/30/202609:46,20.55,0.0,0.0,51.81,0.0,0.0,0.0,0.9,17.0,198.7,23869.0,45155.0,17.5,14.24,51.2,30.0,4.302,51.8,0.0,0.0,
2026-04-30T21:46:34,04/30/202609:46,20.560000000000002,0.0,0.0,51.8,0.0,0.0,0.0,0.9,17.0,198.7,23869.0,45155.0,17.5,14.209999999999999,51.3,30.0,4.308,52.2,0.0,0.0,
2026-04-30T21:47:00,04/30/202609:47,20.560000000000002,0.0,0.0,51.8,0.0,0.0,0.0,0.9,17.0,198.7,23869.0,45155.0,17.5,14.180000000000001,51.4,30.0,4.314,52.6,0.0,0.0,
2026-04-30T21:48:01,04/30/202609:48,20.560000000000002,0.0,0.0,51.81,0.0,0.0,0.0,0.9,17.0,198.7,23869.0,45155.0,17.5,14.15,51.5,30.0,4.319999999999999,53.0,0.0,0.0,
2026-04-30T21:48:33,04/30/202609:48,20.55,0.0,0.0,51.81,0.0,0.0,0.0,0.9,17.0,198.7,23869.0,45155.0,17.5,14.12,51.6,30.0,4.326,53.4,0.0,0.0,
2026-04-30T21:49:00,04/30/202609:49,20.55,0.0,0.0,51.81,0.0,0.0,0.0,0.9,17.0,198.7,23869.0,45155.0,17.5,14.09,51.7,30.0,4.332,53.8,0.0,0.0,
2026-04-30T21:50:01,04/30/202609:50,20.55,0.0,0.0,51.81,0.0,0.0,0.0,0.9,17.0,198.7,23869.0,45155.0,17.5,14.059999999999999,51.8,30.0,4.337999999999999,54.2,0.0,0.0,
2026-04-30T21:52:54,04/30/202609:52,20.54,0.0,0.0,51.81,0.0,0.0,0.0,0.9,17.0,198.7,23869.0,45155.0,17.5,14.030000000000001,51.9,30.0,4.343999999999999,54.6,0.0,0.0,
2026-04-30T21:53:01,04/30/202609:53,20.53,0.0,0.0,51.81,0.0,0.0,0.0,0.9,17.0,198.7,23869.0,45155.0,17.5,14.0,52.0,30.0,4.35,55.0,0.0,0.0,
2026-04-30T21:54:01,04/30/202609:54,20.53,0.0,0.0,51.81,0.0,0.0,0.0,0.9,17.0,198.7,23869.0,45155.0,17.5,14.0,52.0,30.0,4.35,55.0,0.0,0.0,
2026-04-30T21:55:01,04/30/202609:55,20.53,0.0,0.0,51.81,0.0,0.0,0.0,0.9,17.0,198.7,23869.0,45155.0,17.5,14.0,52.0,30.0,4.35,55.0,0.0,0.0,
2026-04-30T21:56:01,04/30/202609:56,20.52,0.0,0.0,51.81,0.0,0.0,0.0,0.9,17.0,198.7,23869.0,45155.0,17.5,14.0,52.0,30.0,4.35,55.0,0.0,0.0,
2026-04-30T21:57:01,04/30/202609:57,20.509999999999998,0.0,0.0,51.81,0.0,0.0,0.0,0.9,17.0,198.7,23869.0,45155.0,17.5,14.0,52.0,30.0,4.35,55.0,0.0,0.0,
2026-04-30T21:58:01,04/30/202609:58,20.5,0.0,0.0,51.8,0.0,0.0,0.0,0.9,17.0,198.7,23869.0,45155.0,17.5,14.0,52.0,30.0,4.35,55.0,0.0,0.0,
2026-04-30T21:58:54,04/30/202609:58,20.509999999999998,0.0,0.0,51.8,0.0,0.0,0.0,0.9,17.0,198.7,23869.0,45155.0,17.5,14.0,52.0,30.0,4.35,55.0,0.0,0.0,
2026-04-30T21:59:01,04/30/202609:59,20.52,0.0,0.0,51.8,0.0,0.0,0.0,0.9,17.0,198.7,23869.0,45155.0,17.5,14.0,52.0,30.0,4.35,55.0,0.0,0.0,
2026-04-30T22:00:00,04/30/202610:00,20.53,0.0,0.0,51.8,0.0,0.0,0.0,0.9,17.0,198.7,23869.0,45155.0,17.5,14.0,52.0,30.0,4.35,55.0,0.0,0.0,
2026-04-30T22:01:01,04/30/202610:01,20.54,0.0,0.0,51.8,0.0,0.0,0.0,0.9,17.0,198.7,23869.0,45155.0,17.5,13.969999999999999,52.0,30.002999999999997,4.375,55.6,0.0,0.0,
2026-04-30T22:03:07,04/30/202610:03,20.54,0.0,0.0,51.81,0.0,0.0,0.0,0.9,17.0,198.7,23869.0,45155.0,17.5,13.940000000000001,52.0,30.006,4.4,56.2,0.0,0.0,
2026-04-30T22:04:00,04/30/202610:04,20.54,0.0,0.0,51.81,0.0,0.0,0.0,0.9,17.0,198.7,23869.0,45155.0,17.5,13.91,52.0,30.009000000000004,4.425,56.8,0.0,0.0,
2026-04-30T22:04:54,04/30/202610:04,20.55,0.0,0.0,51.81,0.0,0.0,0.0,0.9,17.0,198.7,23869.0,45155.0,17.5,13.88,52.0,30.012,4.45,57.4,0.0,0.0,
2026-04-30T22:05:01,04/30/202610:05,20.560000000000002,0.0,0.0,51.81,0.0,0.0,0.0,0.9,17.0,198.7,23869.0,45155.0,17.5,13.85,52.0,30.014999999999997,4.475,58.0,0.0,0.0,
2026-04-30T22:05:54,04/30/202610:05,20.560000000000002,0.0,0.0,51.81,0.0,0.0,0.0,0.9,17.0,198.7,23869.0,45155.0,17.5,13.819999999999999,52.0,30.018,4.5,58.6,0.0,0.0,
2026-04-30T22:06:00,04/30/202610:06,20.560000000000002,0.0,0.0,51.81,0.0,0.0,0.0,0.9,17.0,198.7,23869.0,45155.0,17.5,13.790000000000001,52.0,30.021000000000004,4.525,59.2,0.0,0.0,
2026-04-30T22:07:01,04/30/202610:07,20.55,0.0,0.0,51.81,0.0,0.0,0.0,0.9,17.0,198.7,23869.0,45155.0,17.5,13.76,52.0,30.024,4.55,59.8,0.0,0.0,
2026-04-30T22:08:00,04/30/202610:08,20.54,0.0,0.0,51.81,0.0,0.0,0.0,0.9,17.0,198.7,23869.0,45155.0,17.5,13.729999999999999,52.0,30.026999999999997,4.575,60.4,0.0,0.0,
2026-04-30T22:09:01,04/30/202610:09,20.53,0.0,0.0,51.81,0.0,0.0,0.0,0.9,17.0,198.7,23869.0,45155.0,17.5,13.7,52.0,30.03,4.6,61.0,0.0,0.0,
2026-04-30T22:10:00,04/30/202610:10,20.52,0.0,0.0,51.81,0.0,0.0,0.0,0.9,17.0,198.7,23869.0,45155.0,17.5,13.7,52.0,30.03,4.6,61.0,0.0,0.0,
2026-04-30T22:11:01,04/30/202610:11,20.52,0.0,0.0,51.8,0.0,0.0,0.0,0.9,17.0,198.7,23869.0,45155.0,17.5,13.7,52.0,30.03,4.6,61.0,0.0,0.0,
2026-04-30T22:16:43,04/30/202610:16,20.53,0.0,0.0,51.8,0.0,0.0,0.0,0.9,17.0,198.7,23869.0,45155.0,17.5,13.679999999999998,52.1,30.03,4.625,61.7,0.0,0.0,
2026-04-30T22:17:01,04/30/202610:17,20.53,0.0,0.0,51.8,0.0,0.0,0.0,0.9,17.0,198.7,23869.0,45155.0,17.5,13.66,52.2,30.03,4.65,62.4,0.0,0.0,
2026-04-30T22:17:57,04/30/202610:17,20.52,0.0,0.0,51.8,0.0,0.0,0.0,0.9,17.0,198.7,23869.0,45155.0,17.5,13.64,52.3,30.03,4.675,63.1,0.0,0.0,
2026-04-30T22:18:01,04/30/202610:18,20.52,0.0,0.0,51.8,0.0,0.0,0.0,0.9,17.0,198.7,23869.0,45155.0,17.5,13.62,52.4,30.03,4.7,63.8,0.0,0.0,
2026-04-30T22:19:01,04/30/202610:19,20.52,0.0,0.0,51.8,0.0,0.0,0.0,0.9,17.0,198.7,23869.0,45155.0,17.5,13.6,52.5,30.03,4.725,64.5,0.0,0.0,
2026-04-30T22:20:01,04/30/202610:20,20.52,0.0,0.0,51.8,0.0,0.0,0.0,0.9,17.0,198.7,23869.0,45155.0,17.5,13.580000000000002,52.6,30.03,4.75,65.2,0.0,0.0,
2026-04-30T22:21:01,04/30/202610:21,20.52,0.0,0.0,51.8,0.0,0.0,0.0,0.9,17.0,198.7,23869.0,45155.0,17.5,13.559999999999999,52.7,30.03,4.775,65.9,0.0,0.0,
2026-04-30T22:22:01,04/30/202610:22,20.52,0.0,0.0,51.8,0.0,0.0,0.0,0.9,17.0,198.7,23869.0,45155.0,17.5,13.540000000000001,52.8,30.03,4.8,66.6,0.0,0.0,
2026-04-30T22:23:00,04/30/202610:23,20.52,0.0,0.0,51.8,0.0,0.0,0.0,0.9,17.0,198.7,23869.0,45155.0,17.5,13.52,52.9,30.03,4.825,67.3,0.0,0.0,
2026-04-30T22:24:01,04/30/202610:24,20.52,0.0,0.0,51.8,0.0,0.0,0.0,0.9,17.0,198.7,23869.0,45155.0,17.5,13.5,53.0,30.03,4.85,68.0,0.0,0.0,
2026-04-30T22:25:23,04/30/202610:25,20.509999999999998,0.0,0.0,51.8,0.0,0.0,0.0,0.9,17.0,198.7,23869.0,45155.0,17.5,13.5,53.0,30.03,4.85,68.0,0.0,0.0,
2026-04-30T22:26:01,04/30/202610:26,20.5,0.0,0.0,51.8,0.0,0.0,0.0,0.9,17.0,198.7,23869.0,45155.0,17.5,13.5,53.0,30.03,4.85,68.0,0.0,0.0,
2026-04-30T22:27:55,04/30/202610:27,20.5,0.0,0.0,51.8,0.0,0.0,0.0,0.9,17.0,198.7,23869.0,45155.0,17.5,13.5,53.0,30.03,4.85,68.0,0.0,0.0,
2026-04-30T22:28:01,04/30/202610:28,20.5,0.0,0.0,51.8,0.0,0.0,0.0,0.9,17.0,198.7,23869.0,45155.0,17.5,13.5,53.0,30.03,4.85,68.0,0.0,0.0,
2026-04-30T22:28:59,04/30/202610:28,20.509999999999998,0.0,0.0,51.8,0.0,0.0,0.0,0.9,17.0,198.7,23869.0,45155.0,17.5,13.469999999999999,53.0,30.03,4.763,67.5,0.0,0.0,
2026-04-30T22:29:00,04/30/202610:29,20.52,0.0,0.0,51.8,0.0,0.0,0.0,0.9,17.0,198.7,23869.0,45155.0,17.5,13.440000000000001,53.0,30.03,4.676,67.0,0.0,0.0,
2026-04-30T22:30:00,04/30/202610:29,20.52,0.0,0.0,51.8,0.0,0.0,0.0,0.9,17.0,198.7,23869.0,45155.0,17.5,13.41,53.0,30.03,4.589,66.5,0.0,0.0,
2026-04-30T22:30:01,04/30/202610:30,20.52,0.0,0.0,51.8,0.0,0.0,0.0,0.9,17.0,198.7,23869.0,45155.0,17.5,13.38,53.0,30.03,4.502,66.0,0.0,0.0,
2026-04-30T22:30:36,04/30/202610:30,20.53,0.0,0.0,51.8,0.0,0.0,0.0,0.9,17.0,198.7,23869.0,45155.0,17.5,13.35,53.0,30.03,4.415,65.5,0.0,0.0,
2026-04-30T22:31:00,04/30/202610:31,20.54,0.0,0.0,51.8,0.0,0.0,0.0,0.9,17.0,198.7,23869.0,45155.0,17.5,13.319999999999999,53.0,30.03,4.328,65.0,0.0,0.0,
2026-04-30T22:32:01,04/30/202610:32,20.55,0.0,0.0,51.8,0.0,0.0,0.0,0.9,17.0,198.7,23869.0,45155.0,17.5,13.26,53.2,30.03,4.172,64.4,0.0,0.0,
2026-04-30T22:32:23,04/30/202610:32,20.55,0.0,0.0,51.8,0.0,0.0,0.0,0.9,17.0,198.7,23869.0,45155.0,17.5,13.2,53.4,30.03,4.0969999999999995,62.1,0.0,0.0,
2026-04-30T22:33:00,04/30/202610:33,20.55,0.0,0.0,51.8,0.0,0.0,0.0,0.9,17.0,198.7,23869.0,45155.0,17.5,13.14,53.6,30.03,4.022,59.8,0.0,0.0,
2026-04-30T22:34:01,04/30/202610:34,20.55,0.0,0.0,51.8,0.0,0.0,0.0,0.9,17.0,198.7,23869.0,45155.0,17.5,13.080000000000002,54.1,30.03,3.947,57.5,0.0,0.0,
2026-04-30T22:35:00,04/30/202610:35,20.54,0.0,0.0,51.79,0.0,0.0,0.0,0.9,17.0,198.7,23869.0,45155.0,17.5,13.05,54.6,30.03,3.9589999999999996,55.7,0.0,0.0,
2026-04-30T22:36:00,04/30/202610:36,20.53,0.0,0.0,51.79,0.0,0.0,0.0,0.9,17.0,198.7,23869.0,45155.0,17.5,13.02,55.1,30.03,3.971,53.9,0.0,0.0,
2026-04-30T22:37:00,04/30/202610:37,20.53,0.0,0.0,51.779999999999994,0.0,0.0,0.0,0.9,17.0,198.7,23869.0,45155.0,17.5,12.99,55.6,30.03,3.9829999999999997,52.1,0.0,0.0,
2026-04-30T22:39:09,04/30/202610:39,20.53,0.0,0.0,51.79,0.0,0.0,0.0,0.9,17.0,198.7,23869.0,45155.0,17.5,12.959999999999999,56.1,30.03,3.9949999999999997,50.3,0.0,0.0,
2026-04-30T22:40:00,04/30/202610:40,20.52,0.0,0.0,51.79,0.0,0.0,0.0,0.9,17.0,198.7,23869.0,45155.0,17.5,12.930000000000001,56.6,30.03,4.007,48.5,0.0,0.0,
2026-04-30T22:41:01,04/30/202610:41,20.509999999999998,0.0,0.0,51.79,0.0,0.0,0.0,0.9,17.0,198.7,23869.0,45155.0,17.5,12.9,57.1,30.03,4.019,46.7,0.0,0.0,
2026-04-30T22:42:00,04/30/202610:42,20.5,0.0,0.0,51.79,0.0,0.0,0.0,0.9,17.0,198.7,23869.0,45155.0,17.5,12.9,57.4,30.03,4.1,45.0,0.0,0.0,
2026-04-30T22:43:01,04/30/202610:43,20.5,0.0,0.0,51.77,0.0,0.0,0.0,0.9,17.0,198.7,23869.0,45155.0,17.5,12.9,57.7,30.03,4.1,45.0,0.0,0.0,
2026-04-30T22:44:00,04/30/202610:44,20.5,0.0,0.0,51.77,0.0,0.0,0.0,0.9,17.0,198.7,23869.0,45155.0,17.5,12.9,58.0,30.03,4.1,45.0,0.0,0.0,
2026-04-30T22:44:23,04/30/202610:44,20.509999999999998,0.0,0.0,51.77,0.0,0.0,0.0,0.9,17.0,198.7,23869.0,45155.0,17.5,12.9,58.0,30.03,4.1,45.0,0.0,0.0,
2026-04-30T22:45:01,04/30/202610:45,20.52,0.0,0.0,51.779999999999994,0.0,0.0,0.0,0.9,17.0,198.7,23869.0,45155.0,17.5,12.9,58.0,30.03,4.1,45.0,0.0,0.0,
2026-04-30T22:45:24,04/30/202610:45,20.52,0.0,0.0,51.779999999999994,0.0,0.0,0.0,0.9,17.0,198.7,23869.0,45155.0,17.5,12.9,58.0,30.03,4.1,45.0,0.0,0.0,
2026-04-30T22:46:00,04/30/202610:46,20.52,0.0,0.0,51.79,0.0,0.0,0.0,0.9,17.0,198.7,23869.0,45155.0,17.5,12.9,58.0,30.03,4.1,45.0,0.0,0.0,
2026-04-30T22:47:01,04/30/202610:47,20.52,0.0,0.0,51.779999999999994,0.0,0.0,0.0,0.9,17.0,198.7,23869.0,45155.0,17.5,12.89,58.1,30.03,4.119,45.2,0.0,0.0,
2026-04-30T22:48:00,04/30/202610:48,20.52,0.0,0.0,51.779999999999994,0.0,0.0,0.0,0.9,17.0,198.7,23869.0,45155.0,17.5,12.88,58.2,30.03,4.138,45.4,0.0,0.0,
2026-04-30T22:50:17,04/30/202610:50,20.52,0.0,0.0,51.769999999999996,0.0,0.0,0.0,0.9,17.0,198.7,23869.0,45155.0,17.5,12.870000000000001,58.3,30.03,4.157,45.6,0.0,0.0,
2026-04-30T22:51:00,04/30/202610:51,20.52,0.0,0.0,51.769999999999996,0.0,0.0,0.0,0.9,17.0,198.7,23869.0,45155.0,17.5,12.86,58.4,30.03,4.176,45.8,0.0,0.0,
2026-04-30T22:52:00,04/30/202610:52,20.52,0.0,0.0,51.79,0.0,0.0,0.0,0.9,17.0,198.7,23869.0,45155.0,17.5,12.85,58.5,30.03,4.194999999999999,46.0,0.0,0.0,
2026-04-30T22:53:00,04/30/202610:53,20.52,0.0,0.0,51.79,0.0,0.0,0.0,0.9,17.0,198.7,23869.0,45155.0,17.5,12.84,58.6,30.03,4.214,46.2,0.0,0.0,
2026-04-30T22:54:00,04/30/202610:54,20.509999999999998,0.0,0.0,51.79,0.0,0.0,0.0,0.9,17.0,198.7,23869.0,45155.0,17.5,12.830000000000002,58.7,30.03,4.233,46.4,0.0,0.0,
2026-04-30T22:55:00,04/30/202610:55,20.5,0.0,0.0,51.779999999999994,0.0,0.0,0.0,0.9,17.0,198.7,23869.0,45155.0,17.5,12.820000000000002,58.8,30.03,4.252,46.6,0.0,0.0,
2026-04-30T22:56:00,04/30/202610:56,20.5,0.0,0.0,51.779999999999994,0.0,0.0,0.0,0.9,17.0,198.7,23869.0,45155.0,17.5,12.809999999999999,58.9,30.03,4.271,46.8,0.0,0.0,
2026-04-30T22:57:00,04/30/202610:57,20.5,0.0,0.0,51.779999999999994,0.0,0.0,0.0,0.9,17.0,198.7,23869.0,45155.0,17.5,12.8,59.0,30.03,4.29,47.0,0.0,0.0,
2026-04-30T22:58:00,04/30/202610:58,20.5,0.0,0.0,51.779999999999994,0.0,0.0,0.0,0.9,17.0,198.7,23869.0,45155.0,17.5,12.8,59.0,30.03,4.29,47.0,0.0,0.0,
2026-04-30T22:58:47,04/30/202610:58,20.509999999999998,0.0,0.0,51.779999999999994,0.0,0.0,0.0,0.9,17.0,198.7,23869.0,45155.0,17.5,12.8,59.0,30.03,4.29,47.0,0.0,0.0,
2026-04-30T22:59:00,04/30/202610:59,20.52,0.0,0.0,51.79,0.0,0.0,0.0,0.9,17.0,198.7,23869.0,45155.0,17.5,12.8,59.0,30.03,4.29,47.0,0.0,0.0,
2026-04-30T22:59:47,04/30/202610:59,20.52,0.0,0.0,51.79,0.0,0.0,0.0,0.9,17.0,198.7,23869.0,45155.0,17.5,12.8,59.0,30.03,4.29,47.0,0.0,0.0,
2026-04-30T23:00:00,04/30/202611:00,20.52,0.0,0.0,51.79,0.0,0.0,0.0,0.9,17.0,198.7,23869.0,45155.0,17.5,12.8,59.0,30.03,4.29,47.0,0.0,0.0,
2026-04-30T23:01:29,04/30/202611:01,20.52,0.0,0.0,51.779999999999994,0.0,0.0,0.0,0.9,17.0,198.7,23869.0,45155.0,17.5,12.8,59.0,30.03,4.29,47.0,0.0,0.0,
2026-04-30T23:02:00,04/30/202611:02,20.52,0.0,0.0,51.779999999999994,0.0,0.0,0.0,0.9,17.0,198.7,23869.0,45155.0,17.5,12.77,59.1,30.03,4.3020000000000005,47.2,0.0,0.0,
2026-04-30T23:03:00,04/30/202611:03,20.52,0.0,0.0,51.79,0.0,0.0,0.0,0.9,17.0,198.7,23869.0,45155.0,17.5,12.74,59.2,30.03,4.314,47.4,0.0,0.0,
2026-04-30T23:04:00,04/30/202611:04,20.52,0.0,0.0,51.79,0.0,0.0,0.0,0.9,17.0,198.7,23869.0,45155.0,17.5,12.71,59.3,30.03,4.326,47.6,0.0,0.0,
2026-04-30T23:05:00,04/30/202611:05,20.52,0.0,0.0,51.779999999999994,0.0,0.0,0.0,0.9,17.0,198.7,23869.0,45155.0,17.5,12.680000000000001,59.4,30.03,4.338,47.8,0.0,0.0,
2026-04-30T23:06:00,04/30/202611:06,20.52,0.0,0.0,51.779999999999994,0.0,0.0,0.0,0.9,17.0,198.7,23869.0,45155.0,17.5,12.65,59.5,30.03,4.35,48.0,0.0,0.0,
2026-04-30T23:07:00,04/30/202611:07,20.509999999999998,0.0,0.0,51.779999999999994,0.0,0.0,0.0,0.9,17.0,198.7,23869.0,45155.0,17.5,12.620000000000001,59.6,30.03,4.362,48.2,0.0,0.0,
2026-04-30T23:08:00,04/30/202611:08,20.5,0.0,0.0,51.779999999999994,0.0,0.0,0.0,0.9,17.0,198.7,23869.0,45155.0,17.5,12.59,59.7,30.03,4.3740000000000006,48.4,0.0,0.0,
2026-04-30T23:09:00,04/30/202611:09,20.5,0.0,0.0,51.779999999999994,0.0,0.0,0.0,0.9,17.0,198.7,23869.0,45155.0,17.5,12.559999999999999,59.8,30.03,4.386,48.6,0.0,0.0,
2026-04-30T23:10:00,04/30/202611:10,20.5,0.0,0.0,51.779999999999994,0.0,0.0,0.0,0.9,17.0,198.7,23869.0,45155.0,17.5,12.53,59.9,30.03,4.398000000000001,48.8,0.0,0.0,
2026-04-30T23:11:00,04/30/202611:11,20.5,0.0,0.0,51.779999999999994,0.0,0.0,0.0,0.9,17.0,198.7,23869.0,45155.0,17.5,12.5,60.0,30.03,4.41,49.0,0.0,0.0,
2026-04-30T23:12:40,04/30/202611:12,20.5,0.0,0.0,51.779999999999994,0.0,0.0,0.0,0.9,17.0,198.7,23869.0,45155.0,17.5,12.5,60.0,30.03,4.41,49.0,0.0,0.0,
2026-04-30T23:12:51,04/30/202611:12,20.509999999999998,0.0,0.0,51.77,0.0,0.0,0.0,0.9,17.0,198.7,23869.0,45155.0,17.5,12.5,60.0,30.03,4.41,49.0,0.0,0.0,
2026-04-30T23:13:01,04/30/202611:13,20.52,0.0,0.0,51.760000000000005,0.0,0.0,0.0,0.9,17.0,198.7,23869.0,45155.0,17.5,12.5,60.0,30.03,4.41,49.0,0.0,0.0,
2026-04-30T23:13:51,04/30/202611:13,20.52,0.0,0.0,51.77,0.0,0.0,0.0,0.9,17.0,198.7,23869.0,45155.0,17.5,12.5,60.0,30.03,4.41,49.0,0.0,0.0,
2026-04-30T23:14:00,04/30/202611:14,20.52,0.0,0.0,51.77,0.0,0.0,0.0,0.9,17.0,198.7,23869.0,45155.0,17.5,12.5,60.0,30.03,4.41,49.0,0.0,0.0,
2026-04-30T23:15:01,04/30/202611:15,20.52,0.0,0.0,51.760000000000005,0.0,0.0,0.0,0.9,17.0,198.7,23869.0,45155.0,17.5,12.5,60.0,30.03,4.41,49.0,0.0,0.0,
2026-04-30T23:15:51,04/30/202611:15,20.53,0.0,0.0,51.760000000000005,0.0,0.0,0.0,0.9,17.0,198.7,23869.0,45155.0,17.5,12.48,60.1,30.03,4.429,48.4,0.0,0.0,
2026-04-30T23:16:00,04/30/202611:16,20.54,0.0,0.0,51.760000000000005,0.0,0.0,0.0,0.9,17.0,198.7,23869.0,45155.0,17.5,12.459999999999999,60.2,30.03,4.448,47.8,0.0,0.0,
2026-04-30T23:17:01,04/30/202611:17,20.55,0.0,0.0,51.760000000000005,0.0,0.0,0.0,0.9,17.0,198.7,23869.0,45155.0,17.5,12.440000000000001,60.3,30.03,4.4670000000000005,47.2,0.0,0.0,
2026-04-30T23:18:00,04/30/202611:18,20.560000000000002,0.0,0.0,51.760000000000005,0.0,0.0,0.0,0.9,17.0,198.7,23869.0,45155.0,17.5,12.42,60.4,30.03,4.486,46.6,0.0,0.0,
2026-04-30T23:18:51,04/30/202611:18,20.560000000000002,0.0,0.0,51.75,0.0,0.0,0.0,0.9,17.0,198.7,23869.0,45155.0,17.5,12.4,60.5,30.03,4.505,46.0,0.0,0.0,
2026-04-30T23:19:01,04/30/202611:19,20.55,0.0,0.0,51.75,0.0,0.0,0.0,0.9,17.0,198.7,23869.0,45155.0,17.5,12.38,60.6,30.03,4.523999999999999,45.4,0.0,0.0,
2026-04-30T23:20:00,04/30/202611:20,20.54,0.0,0.0,51.760000000000005,0.0,0.0,0.0,0.9,17.0,198.7,23869.0,45155.0,17.5,12.360000000000001,60.7,30.03,4.543,44.8,0.0,0.0,
2026-04-30T23:21:01,04/30/202611:21,20.54,0.0,0.0,51.760000000000005,0.0,0.0,0.0,0.9,17.0,198.7,23869.0,45155.0,17.5,12.34,60.8,30.03,4.561999999999999,44.2,0.0,0.0,
2026-04-30T23:21:51,04/30/202611:21,20.55,0.0,0.0,51.75,0.0,0.0,0.0,0.9,17.0,198.7,23869.0,45155.0,17.5,12.32,60.9,30.03,4.5809999999999995,43.6,0.0,0.0,
2026-04-30T23:22:00,04/30/202611:22,20.560000000000002,0.0,0.0,51.75,0.0,0.0,0.0,0.9,17.0,198.7,23869.0,45155.0,17.5,12.3,61.0,30.03,4.6,43.0,0.0,0.0,
2026-04-30T23:23:51,04/30/202611:23,20.55,0.0,0.0,51.75,0.0,0.0,0.0,0.9,17.0,198.7,23869.0,45155.0,17.5,12.3,61.0,30.03,4.6,43.0,0.0,0.0,
2026-04-30T23:24:00,04/30/202611:24,20.54,0.0,0.0,51.75,0.0,0.0,0.0,0.9,17.0,198.7,23869.0,45155.0,17.5,12.3,61.0,30.03,4.6,43.0,0.0,0.0,
2026-04-30T23:25:00,04/30/202611:25,20.53,0.0,0.0,51.75,0.0,0.0,0.0,0.9,17.0,198.7,23869.0,45155.0,17.5,12.3,61.0,30.03,4.6,43.0,0.0,0.0,
2026-04-30T23:26:00,04/30/202611:26,20.52,0.0,0.0,51.75,0.0,0.0,0.0,0.9,17.0,198.7,23869.0,45155.0,17.5,12.3,61.0,30.03,4.6,43.0,0.0,0.0,
2026-04-30T23:27:00,04/30/202611:27,20.52,0.0,0.0,51.75,0.0,0.0,0.0,0.9,17.0,198.7,23869.0,45155.0,17.5,12.3,61.0,30.03,4.6,43.0,0.0,0.0,
2026-04-30T23:28:01,04/30/202611:28,20.52,0.0,0.0,51.75,0.0,0.0,0.0,0.9,17.0,198.7,23869.0,45155.0,17.5,12.3,61.0,30.03,4.6,43.0,0.0,0.0,
2026-04-30T23:29:00,04/30/202611:29,20.52,0.0,0.0,51.739999999999995,0.0,0.0,0.0,0.9,17.0,198.7,23869.0,45155.0,17.5,12.3,61.0,30.03,4.6,43.0,0.0,0.0,
2026-04-30T23:30:01,04/30/202611:30,20.52,0.0,0.0,51.739999999999995,0.0,0.0,0.0,0.9,17.0,198.7,23869.0,45155.0,17.5,12.3,61.0,30.03,4.6,43.0,0.0,0.0,
2026-04-30T23:31:00,04/30/202611:31,20.509999999999998,0.0,0.0,51.75,0.0,0.0,0.0,0.9,17.0,198.7,23869.0,45155.0,17.5,12.3,61.0,30.03,4.6,43.0,0.0,0.0,
2026-04-30T23:32:00,04/30/202611:32,20.5,0.0,0.0,51.760000000000005,0.0,0.0,0.0,0.9,17.0,198.7,23869.0,45155.0,17.5,12.22,61.1,30.03,4.531999999999999,41.1,0.0,0.0,
2026-04-30T23:33:00,04/30/202611:33,20.5,0.0,0.0,51.75,0.0,0.0,0.0,0.9,17.0,198.7,23869.0,45155.0,17.5,12.14,61.2,30.03,4.464,39.2,0.0,0.0,
2026-04-30T23:37:29,04/30/202611:37,20.5,0.0,0.0,51.739999999999995,0.0,0.0,0.0,0.9,17.0,198.7,23869.0,45155.0,17.5,12.06,61.7,30.03,4.414,37.1,0.0,0.0,
2026-04-30T23:38:00,04/30/202611:38,20.5,0.0,0.0,51.73,0.0,0.0,0.0,0.9,17.0,198.7,23869.0,45155.0,17.5,11.98,62.2,30.03,4.364,35.0,0.0,0.0,
2026-04-30T23:39:01,04/30/202611:39,20.5,0.0,0.0,51.73,0.0,0.0,0.0,0.9,17.0,198.7,23869.0,45155.0,17.5,11.9,62.7,30.03,4.314,32.9,0.0,0.0,
2026-04-30T23:40:00,04/30/202611:40,20.5,0.0,0.0,51.739999999999995,0.0,0.0,0.0,0.9,17.0,198.7,23869.0,45155.0,17.5,11.82,63.2,30.03,4.264,30.8,0.0,0.0,
2026-04-30T23:41:01,04/30/202611:41,20.5,0.0,0.0,51.75,0.0,0.0,0.0,0.9,17.0,198.7,23869.0,45155.0,17.5,11.74,63.7,30.03,4.214,28.7,0.0,0.0,
2026-04-30T23:41:15,04/30/202611:41,20.619999999999997,0.0,0.0,51.75,0.0,0.0,0.0,0.9,17.0,198.7,23869.0,45155.0,17.5,11.66,64.2,30.03,4.164,26.6,0.0,0.0,
2026-04-30T23:42:00,04/30/202611:42,20.740000000000002,0.0,0.0,51.739999999999995,0.0,0.0,0.0,0.9,17.0,198.7,23869.0,45155.0,17.5,11.58,64.7,30.03,4.114,24.5,0.0,0.0,
2026-04-30T23:42:14,04/30/202611:42,20.869999999999997,0.0,0.0,51.73,0.0,0.0,0.0,0.9,17.0,198.7,23869.0,45155.0,17.5,11.5,65.2,30.03,4.064,22.4,0.0,0.0,
2026-04-30T23:43:01,04/30/202611:43,21.0,0.0,0.0,51.720000000000006,0.0,0.0,0.0,0.9,17.0,198.7,23869.0,45155.0,17.5,11.5,65.6,30.03,4.081999999999999,22.2,0.0,0.0,
2026-04-30T23:44:00,04/30/202611:44,21.130000000000003,0.0,0.0,51.73,0.0,0.0,0.0,0.9,17.0,198.7,23869.0,45155.0,17.5,11.5,66.0,30.03,4.1,22.0,0.0,0.0,
2026-04-30T23:45:01,04/30/202611:45,21.259999999999998,0.0,0.0,51.739999999999995,0.0,0.0,0.0,0.9,17.0,198.7,23869.0,45155.0,17.5,11.5,66.0,30.03,4.1,22.0,0.0,0.0,
2026-04-30T23:45:19,04/30/202611:45,21.380000000000003,0.0,0.0,51.739999999999995,0.0,0.0,0.0,0.9,17.0,198.7,23869.0,45155.0,17.5,11.5,66.0,30.03,4.1,22.0,0.0,0.0,
2026-04-30T23:46:00,04/30/202611:46,21.5,0.0,0.0,51.739999999999995,0.0,0.0,0.0,0.9,17.0,198.7,23869.0,45155.0,17.5,11.5,66.0,30.03,4.1,22.0,0.0,0.0,
2026-04-30T23:46:19,04/30/202611:46,21.630000000000003,0.0,0.0,51.73,0.0,0.0,0.0,0.9,17.0,198.7,23869.0,45155.0,17.5,11.48,66.0,30.03,4.0569999999999995,21.2,0.0,0.0,
2026-04-30T23:47:01,04/30/202611:47,21.759999999999998,0.0,0.0,51.720000000000006,0.0,0.0,0.0,0.9,17.0,198.7,23869.0,45155.0,17.5,11.459999999999999,66.0,30.03,4.014,20.4,0.0,0.0,
2026-04-30T23:48:41,04/30/202611:48,21.759999999999998,0.0,0.0,51.73,0.0,0.0,0.0,0.9,17.0,198.7,23869.0,45155.0,17.5,11.440000000000001,66.0,30.03,3.970999999999999,19.6,0.0,0.0,
2026-04-30T23:49:01,04/30/202611:49,21.759999999999998,0.0,0.0,51.739999999999995,0.0,0.0,0.0,0.9,17.0,198.7,23869.0,45155.0,17.5,11.42,66.0,30.03,3.928,18.8,0.0,0.0,
2026-04-30T23:49:19,04/30/202611:49,21.630000000000003,0.0,0.0,51.75,0.0,0.0,0.0,0.9,17.0,198.7,23869.0,45155.0,17.5,11.4,66.0,30.03,3.8849999999999993,18.0,0.0,0.0,
2026-04-30T23:50:01,04/30/202611:50,21.5,0.0,0.0,51.760000000000005,0.0,0.0,0.0,0.9,17.0,198.7,23869.0,45155.0,17.5,11.38,66.0,30.03,3.842,17.2,0.0,0.0,
2026-04-30T23:51:00,04/30/202611:51,21.369999999999997,0.0,0.0,51.75,0.0,0.0,0.0,0.9,17.0,198.7,23869.0,45155.0,17.5,11.360000000000001,66.0,30.03,3.7989999999999995,16.4,0.0,0.0,
2026-04-30T23:52:01,04/30/202611:52,21.240000000000002,0.0,0.0,51.739999999999995,0.0,0.0,0.0,0.9,17.0,198.7,23869.0,45155.0,17.5,11.34,66.0,30.03,3.7560000000000002,15.6,0.0,0.0,
2026-04-30T23:53:00,04/30/202611:53,21.119999999999997,0.0,0.0,51.739999999999995,0.0,0.0,0.0,0.9,17.0,198.7,23869.0,45155.0,17.5,11.32,66.0,30.03,3.7129999999999996,14.8,0.0,0.0,
2026-04-30T23:54:01,04/30/202611:54,21.0,0.0,0.0,51.75,0.0,0.0,0.0,0.9,17.0,198.7,23869.0,45155.0,17.5,11.3,66.0,30.03,3.6700000000000004,14.0,0.0,0.0,
2026-04-30T23:55:00,04/30/202611:55,20.869999999999997,0.0,0.0,51.75,0.0,0.0,0.0,0.9,17.0,198.7,23869.0,45155.0,17.5,11.3,66.0,30.03,3.6700000000000004,14.0,0.0,0.0,
2026-04-30T23:56:01,04/30/202611:56,20.740000000000002,0.0,0.0,51.75,0.0,0.0,0.0,0.9,17.0,198.7,23869.0,45155.0,17.5,11.3,66.0,30.03,3.6700000000000004,14.0,0.0,0.0,
2026-04-30T23:57:00,04/30/202611:57,20.619999999999997,0.0,0.0,51.739999999999995,0.0,0.0,0.0,0.9,17.0,198.7,23869.0,45155.0,17.5,11.3,66.0,30.03,3.6700000000000004,14.0,0.0,0.0,
2026-04-30T23:58:01,04/30/202611:58,20.5,0.0,0.0,51.73,0.0,0.0,0.0,0.9,17.0,198.7,23869.0,45155.0,17.5,11.3,66.0,30.03,3.6700000000000004,14.0,0.0,0.0,
2026-04-30T23:59:52,04/30/202611:59,20.5,0.0,0.0,51.720000000000006,0.0,0.0,0.0,0.9,17.0,198.7,23869.0,45155.0,17.5,11.3,66.0,30.03,3.6700000000000004,14.0,0.0,0.0,
