timestamp,HMI_Timestamp,PV_Voltage_V,PV_Current_A,PV_Power_W,Battery_Voltage_V,Battery_Current_A,Battery_Power_W,Avg_Power_to_Battery_W,Daily_Energy_kWh,Daily_Charge_Ah,History_Max_Input_Voltage_V,Lifetime_Energy_Gen_kWh,Lifetime_Charge_Ah,Battery_Temp_C,Air_Temp_C,Humidity_pct,Air_Pressure_inHg,Wind_Speed_ms,Wind_Direction_deg,Solar_Irradiance_Wm2,UV_Index,Est_Efficiency
2026-04-22T00:01:21,04/22/202600:01,20.68,0,0,51.67,0,0,0,0,0,198.7,23803,45030,19.7,15.5,89,30,9.45,173,0,0,
2026-04-22T00:02:01,04/22/202600:02,20.69,0,0,51.67,0,0,0,0,0,198.7,23803,45030,19.7,15.5,89,30,9.468,173.6,0,0,
2026-04-22T00:03:00,04/22/202600:03,20.7,0,0,51.67,0,0,0,0,0,198.7,23803,45030,19.6,15.5,89,30,9.486,174.2,0,0,
2026-04-22T00:04:00,04/22/202600:04,20.7,0,0,51.67,0,0,0,0,0,198.7,23803,45030,19.7,15.5,89,30,9.504,174.8,0,0,
2026-04-22T00:05:00,04/22/202600:05,20.7,0,0,51.67,0,0,0,0,0,198.7,23803,45030,19.7,15.5,89,30,9.522,175.4,0,0,
2026-04-22T00:06:00,04/22/202600:06,20.7,0,0,51.660000000000004,0,0,0,0,0,198.7,23803,45030,19.7,15.5,89,30,9.540000000000001,176,0,0,
2026-04-22T00:07:00,04/22/202600:07,20.7,0,0,51.64,0,0,0,0,0,198.7,23803,45030,19.6,15.5,89,30,9.558,176.6,0,0,
2026-04-22T00:08:00,04/22/202600:08,20.7,0,0,51.64,0,0,0,0,0,198.7,23803,45030,19.7,15.5,89,30,9.576,177.2,0,0,
2026-04-22T00:09:00,04/22/202600:09,20.7,0,0,51.63000000000001,0,0,0,0,0,198.7,23803,45030,19.7,15.5,89,30,9.594,177.8,0,0,
2026-04-22T00:10:00,04/22/202600:10,20.7,0,0,51.63000000000001,0,0,0,0,0,198.7,23803,45030,19.7,15.5,89,30,9.612,178.4,0,0,
2026-04-22T00:11:01,04/22/202600:11,20.7,0,0,51.64,0,0,0,0,0,198.7,23803,45030,19.7,15.5,89,30,9.63,179,0,0,
2026-04-22T00:12:33,04/22/202600:12,20.71,0,0,51.63000000000001,0,0,0,0,0,198.7,23803,45030,19.7,15.5,89,30,9.63,179,0,0,
2026-04-22T00:13:00,04/22/202600:13,20.72,0,0,51.620000000000005,0,0,0,0,0,198.7,23803,45030,19.7,15.5,89,30,9.63,179,0,0,
2026-04-22T00:13:14,04/22/202600:13,20.72,0,0,51.61,0,0,0,0,0,198.7,23803,45030,19.6,15.5,89,30,9.63,179,0,0,
2026-04-22T00:14:01,04/22/202600:14,20.72,0,0,51.6,0,0,0,0,0,198.7,23803,45030,19.6,15.5,89,30,9.63,179,0,0,
2026-04-22T00:15:00,04/22/202600:15,20.72,0,0,51.6,0,0,0,0,0,198.7,23803,45030,19.6,15.5,89,30,9.63,179,0,0,
2026-04-22T00:16:01,04/22/202600:16,20.72,0,0,51.61,0,0,0,0,0,198.7,23803,45030,19.7,15.5,89,30,9.605,179.4,0,0,
2026-04-22T00:17:00,04/22/202600:17,20.72,0,0,51.61,0,0,0,0,0,198.7,23803,45030,19.6,15.5,89,30,9.580000000000002,179.8,0,0,
2026-04-22T00:17:15,04/22/202600:17,20.71,0,0,51.61,0,0,0,0,0,198.7,23803,45030,19.6,15.5,89,30,9.555000000000001,180.2,0,0,
2026-04-22T00:18:01,04/22/202600:18,20.7,0,0,51.61,0,0,0,0,0,198.7,23803,45030,19.6,15.5,89,30,9.530000000000001,180.6,0,0,
2026-04-22T00:18:14,04/22/202600:18,20.7,0,0,51.6,0,0,0,0,0,198.7,23803,45030,19.7,15.5,89,30,9.505,181,0,0,
2026-04-22T00:19:01,04/22/202600:19,20.69,0,0,51.6,0,0,0,0,0,198.7,23803,45030,19.7,15.5,89,30,9.48,181.4,0,0,
2026-04-22T00:19:14,04/22/202600:19,20.69,0,0,51.6,0,0,0,0,0,198.7,23803,45030,19.6,15.5,89,30,9.455000000000002,181.8,0,0,
2026-04-22T00:20:00,04/22/202600:20,20.7,0,0,51.6,0,0,0,0,0,198.7,23803,45030,19.6,15.5,89,30,9.430000000000001,182.2,0,0,
2026-04-22T00:21:01,04/22/202600:21,20.71,0,0,51.6,0,0,0,0,0,198.7,23803,45030,19.6,15.5,89,30,9.405000000000001,182.6,0,0,
2026-04-22T00:21:14,04/22/202600:21,20.71,0,0,51.6,0,0,0,0,0,198.7,23803,45030,19.6,15.5,89,30,9.38,183,0,0,
2026-04-22T00:22:01,04/22/202600:22,20.71,0,0,51.6,0,0,0,0,0,198.7,23803,45030,19.6,15.5,89,30,9.38,183,0,0,
2026-04-22T00:22:14,04/22/202600:22,20.72,0,0,51.6,0,0,0,0,0,198.7,23803,45030,19.6,15.5,89,30,9.38,183,0,0,
2026-04-22T00:23:44,04/22/202600:23,20.73,0,0,51.6,0,0,0,0,0,198.7,23803,45030,19.6,15.5,89,30,9.38,183,0,0,
2026-04-22T00:24:01,04/22/202600:24,20.740000000000002,0,0,51.6,0,0,0,0,0,198.7,23803,45030,19.6,15.5,89,30,9.38,183,0,0,
2026-04-22T00:24:35,04/22/202600:24,20.75,0,0,51.6,0,0,0,0,0,198.7,23803,45030,19.7,15.5,89,30,9.38,183,0,0,
2026-04-22T00:25:01,04/22/202600:25,20.759999999999998,0,0,51.6,0,0,0,0,0,198.7,23803,45030,19.7,15.5,89,30,9.38,183,0,0,
2026-04-22T00:26:00,04/22/202600:26,20.759999999999998,0,0,51.6,0,0,0,0,0,198.7,23803,45030,19.7,15.5,89,30,9.38,183,0,0,
2026-04-22T00:27:01,04/22/202600:27,20.759999999999998,0,0,51.6,0,0,0,0,0,198.7,23803,45030,19.6,15.5,89,30,9.38,183,0,0,
2026-04-22T00:28:00,04/22/202600:28,20.759999999999998,0,0,51.6,0,0,0,0,0,198.7,23803,45030,19.6,15.5,89,30,9.38,183,0,0,
2026-04-22T00:28:17,04/22/202600:28,20.759999999999998,0,0,51.589999999999996,0,0,0,0,0,198.7,23803,45030,19.6,15.5,89,30,9.38,183,0,0,
2026-04-22T00:29:01,04/22/202600:29,20.759999999999998,0,0,51.58,0,0,0,0,0,198.7,23803,45030,19.6,15.5,89,30,9.38,183,0,0,
2026-04-22T00:30:01,04/22/202600:30,20.75,0,0,51.58,0,0,0,0,0,198.7,23803,45030,19.6,15.5,89,30,9.38,183,0,0,
2026-04-22T00:31:01,04/22/202600:31,20.75,0,0,51.589999999999996,0,0,0,0,0,198.7,23803,45030,19.6,15.459999999999999,89,30,9.542,182.5,0,0,
2026-04-22T00:32:01,04/22/202600:32,20.75,0,0,51.589999999999996,0,0,0,0,0,198.7,23803,45030,19.6,15.419999999999998,89,30,9.704,182,0,0,
2026-04-22T00:33:00,04/22/202600:33,20.740000000000002,0,0,51.6,0,0,0,0,0,198.7,23803,45030,19.6,15.38,89,30,9.866000000000001,181.5,0,0,
2026-04-22T01:08:55,04/22/202601:08,20.72,0,0,51.6,0,0,0,0,0,198.7,23803,45030,19.6,15.35,88.9,30,10.047,181.3,0,0,
2026-04-22T01:09:01,04/22/202601:09,20.7,0,0,51.6,0,0,0,0,0,198.7,23803,45030,19.6,15.319999999999999,88.8,30,10.228,181.1,0,0,
2026-04-22T01:10:01,04/22/202601:10,20.68,0,0,51.61,0,0,0,0,0,198.7,23803,45030,19.6,15.290000000000001,88.7,30,10.409,180.9,0,0,
2026-04-22T01:11:01,04/22/202601:11,20.66,0,0,51.61,0,0,0,0,0,198.7,23803,45030,19.6,15.26,88.6,30,10.59,180.7,0,0,
2026-04-22T01:12:20,04/22/202601:12,20.65,0,0,51.620000000000005,0,0,0,0,0,198.7,23803,45030,19.6,15.229999999999999,88.5,30,10.770999999999999,180.5,0,0,
2026-04-22T01:13:00,04/22/202601:13,20.64,0,0,51.63000000000001,0,0,0,0,0,198.7,23803,45030,19.6,15.2,88.4,30,10.952,180.3,0,0,
2026-04-22T01:13:21,04/22/202601:13,20.62,0,0,51.63000000000001,0,0,0,0,0,198.7,23803,45030,19.5,15.169999999999998,88.3,30,11.133,180.1,0,0,
2026-04-22T01:14:01,04/22/202601:14,20.6,0,0,51.620000000000005,0,0,0,0,0,198.7,23803,45030,19.5,15.179999999999998,88.2,30,11.152,180.4,0,0,
2026-04-22T01:14:21,04/22/202601:14,20.59,0,0,51.620000000000005,0,0,0,0,0,198.7,23803,45030,19.6,15.190000000000001,88.1,30,11.171,180.7,0,0,
2026-04-22T01:15:00,04/22/202601:15,20.580000000000002,0,0,51.61,0,0,0,0,0,198.7,23803,45030,19.6,15.2,88,30,11.19,181,0,0,
2026-04-22T01:16:01,04/22/202601:16,20.580000000000002,0,0,51.61,0,0,0,0,0,198.7,23803,45030,19.6,15.2,88,30,11.19,181,0,0,
2026-04-22T01:17:01,04/22/202601:17,20.580000000000002,0,0,51.61,0,0,0,0,0,198.7,23803,45030,19.5,15.190000000000001,88,30,11.145999999999999,181.1,0,0,
2026-04-22T01:18:00,04/22/202601:18,20.580000000000002,0,0,51.6,0,0,0,0,0,198.7,23803,45030,19.5,15.179999999999998,88,30,11.102,181.2,0,0,
2026-04-22T01:20:07,04/22/202601:20,20.580000000000002,0,0,51.61,0,0,0,0,0,198.7,23803,45030,19.6,15.169999999999998,88,30,11.058,181.3,0,0,
2026-04-22T01:20:57,04/22/202601:20,20.59,0,0,51.61,0,0,0,0,0,198.7,23803,45030,19.5,15.16,88,30,11.014,181.4,0,0,
2026-04-22T01:21:00,04/22/202601:21,20.6,0,0,51.61,0,0,0,0,0,198.7,23803,45030,19.5,15.15,88,30,10.97,181.5,0,0,
2026-04-22T01:22:01,04/22/202601:22,20.62,0,0,51.61,0,0,0,0,0,198.7,23803,45030,19.6,15.14,88,30,10.925999999999998,181.6,0,0,
2026-04-22T01:23:00,04/22/202601:23,20.64,0,0,51.61,0,0,0,0,0,198.7,23803,45030,19.5,15.129999999999999,88,30,10.882,181.7,0,0,
2026-04-22T01:23:17,04/22/202601:23,20.64,0,0,51.61,0,0,0,0,0,198.7,23803,45030,19.5,15.12,88,30,10.838,181.8,0,0,
2026-04-22T01:24:00,04/22/202601:24,20.64,0,0,51.61,0,0,0,0,0,198.7,23803,45030,19.5,15.11,88,30,10.794,181.9,0,0,
2026-04-22T01:24:17,04/22/202601:24,20.65,0,0,51.6,0,0,0,0,0,198.7,23803,45030,19.5,15.1,88,30,10.75,182,0,0,
2026-04-22T01:25:00,04/22/202601:25,20.66,0,0,51.589999999999996,0,0,0,0,0,198.7,23803,45030,19.5,15.1,88,30,10.75,182,0,0,
2026-04-22T01:25:17,04/22/202601:25,20.66,0,0,51.589999999999996,0,0,0,0,0,198.7,23803,45030,19.5,15.1,88,30,10.75,182,0,0,
2026-04-22T01:26:00,04/22/202601:26,20.66,0,0,51.58,0,0,0,0,0,198.7,23803,45030,19.5,15.1,88,30,10.75,182,0,0,
2026-04-22T01:26:17,04/22/202601:26,20.66,0,0,51.58,0,0,0,0,0,198.7,23803,45030,19.5,15.1,88,30,10.75,182,0,0,
2026-04-22T01:27:01,04/22/202601:27,20.66,0,0,51.58,0,0,0,0,0,198.7,23803,45030,19.5,15.1,88,30,10.75,182,0,0,
2026-04-22T01:27:17,04/22/202601:27,20.65,0,0,51.58,0,0,0,0,0,198.7,23803,45030,19.5,15.1,88,30,10.75,182,0,0,
2026-04-22T01:28:00,04/22/202601:28,20.64,0,0,51.58,0,0,0,0,0,198.7,23803,45030,19.5,15.1,88,30,10.75,182,0,0,
2026-04-22T01:28:17,04/22/202601:28,20.65,0,0,51.58,0,0,0,0,0,198.7,23803,45030,19.5,15.1,88,30,10.75,182,0,0,
2026-04-22T01:28:20,04/22/202601:28,20.65,0,0,51.58,0,0,0,0,0,198.7,23803,45030,19.5,15.1,88,30,10.75,182,0,0,
2026-04-22T01:29:00,04/22/202601:29,20.64,0,0,51.589999999999996,0,0,0,0,0,198.7,23803,45030,19.5,15.1,88,30,10.75,182,0,0,
2026-04-22T01:29:21,04/22/202601:29,20.64,0,0,51.6,0,0,0,0,0,198.7,23803,45030,19.5,15.1,88,30,10.75,182,0,0,
2026-04-22T01:30:00,04/22/202601:30,20.65,0,0,51.6,0,0,0,0,0,198.7,23803,45030,19.5,15.1,88,30,10.75,182,0,0,
2026-04-22T01:31:18,04/22/202601:31,20.66,0,0,51.6,0,0,0,0,0,198.7,23803,45030,19.6,15.1,88,30,10.75,182,0,0,
2026-04-22T01:32:20,04/22/202601:32,20.66,0,0,51.6,0,0,0,0,0,198.7,23803,45030,19.5,15.09,88,30,10.775,182.4,0,0,
2026-04-22T01:33:01,04/22/202601:33,20.66,0,0,51.6,0,0,0,0,0,198.7,23803,45030,19.5,15.080000000000002,88,30,10.8,182.8,0,0,
2026-04-22T01:34:31,04/22/202601:34,20.669999999999998,0,0,51.6,0,0,0,0,0,198.7,23803,45030,19.5,15.069999999999999,88,30,10.825,183.2,0,0,
2026-04-22T01:35:01,04/22/202601:35,20.68,0,0,51.6,0,0,0,0,0,198.7,23803,45030,19.5,15.059999999999999,88,30,10.85,183.6,0,0,
2026-04-22T01:35:31,04/22/202601:35,20.669999999999998,0,0,51.6,0,0,0,0,0,198.7,23803,45030,19.5,15.05,88,30,10.875,184,0,0,
2026-04-22T01:36:01,04/22/202601:36,20.669999999999998,0,0,51.6,0,0,0,0,0,198.7,23803,45030,19.5,15.040000000000001,88,30,10.9,184.4,0,0,
2026-04-22T01:36:32,04/22/202601:36,20.68,0,0,51.589999999999996,0,0,0,0,0,198.7,23803,45030,19.5,15.030000000000001,88,30,10.925,184.8,0,0,
2026-04-22T01:37:01,04/22/202601:37,20.68,0,0,51.58,0,0,0,0,0,198.7,23803,45030,19.5,15.02,88,30,10.95,185.2,0,0,
2026-04-22T01:38:01,04/22/202601:38,20.68,0,0,51.58,0,0,0,0,0,198.7,23803,45030,19.6,15.01,88.2,29.997000000000003,10.975,185.6,0,0,
2026-04-22T01:39:01,04/22/202601:39,20.68,0,0,51.58,0,0,0,0,0,198.7,23803,45030,19.5,15,88.4,29.994,11,186,0,0,
2026-04-22T01:40:01,04/22/202601:40,20.68,0,0,51.58,0,0,0,0,0,198.7,23803,45030,19.5,15,88.6,29.990999999999996,11,186,0,0,
2026-04-22T01:41:01,04/22/202601:41,20.68,0,0,51.58,0,0,0,0,0,198.7,23803,45030,19.5,15,88.8,29.988,11,186,0,0,
2026-04-22T01:42:29,04/22/202601:42,20.68,0,0,51.58,0,0,0,0,0,198.7,23803,45030,19.5,15,89,29.985000000000003,11,186,0,0,
2026-04-22T01:43:01,04/22/202601:43,20.68,0,0,51.57000000000001,0,0,0,0,0,198.7,23803,45030,19.5,15,89.2,29.982,11,186,0,0,
2026-04-22T01:44:01,04/22/202601:44,20.69,0,0,51.56,0,0,0,0,0,198.7,23803,45030,19.5,15,89.4,29.978999999999996,11,186,0,0,
2026-04-22T01:45:01,04/22/202601:45,20.7,0,0,51.56,0,0,0,0,0,198.7,23803,45030,19.5,15,89.6,29.976,11,186,0,0,
2026-04-22T01:46:01,04/22/202601:46,20.7,0,0,51.57000000000001,0,0,0,0,0,198.7,23803,45030,19.5,14.99,89.8,29.973000000000003,10.95,185.6,0,0,
2026-04-22T01:47:01,04/22/202601:47,20.7,0,0,51.57000000000001,0,0,0,0,0,198.7,23803,45030,19.5,14.98,90,29.97,10.9,185.2,0,0,
2026-04-22T01:48:01,04/22/202601:48,20.7,0,0,51.56,0,0,0,0,0,198.7,23803,45030,19.5,14.969999999999999,90,29.97,10.85,184.8,0,0,
2026-04-22T01:49:01,04/22/202601:49,20.7,0,0,51.56,0,0,0,0,0,198.7,23803,45030,19.5,14.959999999999999,90,29.97,10.8,184.4,0,0,
2026-04-22T01:50:01,04/22/202601:50,20.7,0,0,51.56,0,0,0,0,0,198.7,23803,45030,19.5,14.95,90,29.97,10.75,184,0,0,
2026-04-22T01:51:00,04/22/202601:51,20.7,0,0,51.56,0,0,0,0,0,198.7,23803,45030,19.5,14.940000000000001,90,29.97,10.7,183.6,0,0,
2026-04-22T01:52:01,04/22/202601:52,20.7,0,0,51.56,0,0,0,0,0,198.7,23803,45030,19.5,14.930000000000001,90,29.97,10.65,183.2,0,0,
2026-04-22T01:53:41,04/22/202601:53,20.7,0,0,51.57000000000001,0,0,0,0,0,198.7,23803,45030,19.5,14.919999999999998,90,29.97,10.6,182.8,0,0,
2026-04-22T01:54:01,04/22/202601:54,20.7,0,0,51.57000000000001,0,0,0,0,0,198.7,23803,45030,19.5,14.91,90,29.97,10.55,182.4,0,0,
2026-04-22T01:55:01,04/22/202601:55,20.7,0,0,51.56,0,0,0,0,0,198.7,23803,45030,19.5,14.9,90,29.97,10.5,182,0,0,
2026-04-22T01:56:00,04/22/202601:56,20.7,0,0,51.55,0,0,0,0,0,198.7,23803,45030,19.5,14.9,90,29.97,10.5,182,0,0,
2026-04-22T01:57:01,04/22/202601:57,20.7,0,0,51.56,0,0,0,0,0,198.7,23803,45030,19.5,14.9,90,29.97,10.5,182,0,0,
2026-04-22T01:58:23,04/22/202601:58,20.7,0,0,51.57000000000001,0,0,0,0,0,198.7,23803,45030,19.5,14.9,90,29.97,10.5,182,0,0,
2026-04-22T01:59:01,04/22/202601:59,20.7,0,0,51.57000000000001,0,0,0,0,0,198.7,23803,45030,19.5,14.9,90,29.97,10.5,182,0,0,
2026-04-22T02:00:01,04/22/202602:00,20.7,0,0,51.57000000000001,0,0,0,0,0,198.7,23803,45030,19.5,14.9,90,29.97,10.5,182,0,0,
2026-04-22T02:01:00,04/22/202602:01,20.7,0,0,51.57000000000001,0,0,0,0,0,198.7,23803,45030,19.5,14.9,90,29.97,10.5,182,0,0,
2026-04-22T02:02:01,04/22/202602:02,20.7,0,0,51.57000000000001,0,0,0,0,0,198.7,23803,45030,19.5,14.9,90,29.97,10.5,182,0,0,
2026-04-22T02:03:01,04/22/202602:03,20.7,0,0,51.57000000000001,0,0,0,0,0,198.7,23803,45030,19.5,14.9,90,29.97,10.5,182,0,0,
2026-04-22T02:04:53,04/22/202602:04,20.7,0,0,51.57000000000001,0,0,0,0,0,198.7,23803,45030,19.5,14.9,90,29.97,10.5,182,0,0,
2026-04-22T02:05:01,04/22/202602:05,20.7,0,0,51.57000000000001,0,0,0,0,0,198.7,23803,45030,19.5,14.9,90,29.97,10.5,182,0,0,
2026-04-22T02:06:01,04/22/202602:06,20.7,0,0,51.58,0,0,0,0,0,198.7,23803,45030,19.5,14.9,90,29.97,10.5,182,0,0,
2026-04-22T02:07:00,04/22/202602:07,20.7,0,0,51.57000000000001,0,0,0,0,0,198.7,23803,45030,19.5,14.9,90,29.97,10.5,182,0,0,
2026-04-22T02:08:01,04/22/202602:08,20.7,0,0,51.56,0,0,0,0,0,198.7,23803,45030,19.5,14.9,90,29.97,10.5,182,0,0,
2026-04-22T02:09:00,04/22/202602:09,20.7,0,0,51.55,0,0,0,0,0,198.7,23803,45030,19.5,14.9,90,29.97,10.5,182,0,0,
2026-04-22T02:10:01,04/22/202602:10,20.7,0,0,51.54,0,0,0,0,0,198.7,23803,45030,19.5,14.9,90,29.97,10.5,182,0,0,
2026-04-22T02:11:00,04/22/202602:11,20.7,0,0,51.54,0,0,0,0,0,198.7,23803,45030,19.5,14.9,90,29.97,10.5,182,0,0,
2026-04-22T02:12:01,04/22/202602:12,20.7,0,0,51.54,0,0,0,0,0,198.7,23803,45030,19.5,14.9,90,29.97,10.5,182,0,0,
2026-04-22T02:13:01,04/22/202602:13,20.7,0,0,51.529999999999994,0,0,0,0,0,198.7,23803,45030,19.5,14.9,90,29.97,10.5,182,0,0,
2026-04-22T02:14:01,04/22/202602:14,20.7,0,0,51.529999999999994,0,0,0,0,0,198.7,23803,45030,19.5,14.9,90,29.97,10.5,182,0,0,
2026-04-22T02:16:04,04/22/202602:16,20.7,0,0,51.52,0,0,0,0,0,198.7,23803,45030,19.5,14.9,90,29.97,10.5,182,0,0,
2026-04-22T02:17:00,04/22/202602:17,20.7,0,0,51.510000000000005,0,0,0,0,0,198.7,23803,45030,19.5,14.9,90,29.97,10.456999999999999,181.9,0,0,
2026-04-22T02:18:22,04/22/202602:18,20.7,0,0,51.510000000000005,0,0,0,0,0,198.7,23803,45030,19.4,14.9,90,29.97,10.414,181.8,0,0,
2026-04-22T02:19:00,04/22/202602:19,20.7,0,0,51.510000000000005,0,0,0,0,0,198.7,23803,45030,19.4,14.9,90,29.97,10.371,181.7,0,0,
2026-04-22T02:20:00,04/22/202602:20,20.7,0,0,51.510000000000005,0,0,0,0,0,198.7,23803,45030,19.4,14.9,90,29.97,10.328,181.6,0,0,
2026-04-22T02:21:00,04/22/202602:21,20.7,0,0,51.510000000000005,0,0,0,0,0,198.7,23803,45030,19.5,14.930000000000001,90,29.97,10.285,181.5,0,0,
2026-04-22T02:22:00,04/22/202602:22,20.7,0,0,51.5,0,0,0,0,0,198.7,23803,45030,19.5,14.959999999999999,90,29.97,10.242,181.3,0,0,
2026-04-22T02:23:00,04/22/202602:23,20.7,0,0,51.489999999999995,0,0,0,0,0,198.7,23803,45030,19.5,14.99,90,29.97,10.199000000000002,181.1,0,0,
2026-04-22T02:23:22,04/22/202602:23,20.69,0,0,51.489999999999995,0,0,0,0,0,198.7,23803,45030,19.5,15.02,90,29.97,10.156,180.9,0,0,
2026-04-22T02:24:00,04/22/202602:24,20.68,0,0,51.489999999999995,0,0,0,0,0,198.7,23803,45030,19.5,15.05,90,29.97,10.113,180.7,0,0,
2026-04-22T02:24:22,04/22/202602:24,20.68,0,0,51.5,0,0,0,0,0,198.7,23803,45030,19.5,15.080000000000002,90,29.97,10.07,180.5,0,0,
2026-04-22T02:25:00,04/22/202602:25,20.68,0,0,51.5,0,0,0,0,0,198.7,23803,45030,19.5,15.11,90,29.97,10.07,180.4,0,0,
2026-04-22T02:26:01,04/22/202602:26,20.68,0,0,51.5,0,0,0,0,0,198.7,23803,45030,19.4,15.14,90,29.97,10.07,180.3,0,0,
2026-04-22T02:27:15,04/22/202602:27,20.669999999999998,0,0,51.5,0,0,0,0,0,198.7,23803,45030,19.4,15.169999999999998,90,29.97,10.07,180.2,0,0,
2026-04-22T02:27:22,04/22/202602:27,20.669999999999998,0,0,51.5,0,0,0,0,0,198.7,23803,45030,19.4,15.2,90,29.97,10.07,180.1,0,0,
2026-04-22T02:28:00,04/22/202602:28,20.669999999999998,0,0,51.5,0,0,0,0,0,198.7,23803,45030,19.4,15.2,90,29.97,10.07,180,0,0,
2026-04-22T02:28:22,04/22/202602:28,20.66,0,0,51.5,0,0,0,0,0,198.7,23803,45030,19.4,15.2,90,29.97,10.07,180,0,0,
2026-04-22T02:29:00,04/22/202602:29,20.65,0,0,51.5,0,0,0,0,0,198.7,23803,45030,19.4,15.2,90,29.97,10.07,180,0,0,
2026-04-22T02:29:22,04/22/202602:29,20.66,0,0,51.5,0,0,0,0,0,198.7,23803,45030,19.4,15.2,90,29.97,10.07,180,0,0,
2026-04-22T02:30:00,04/22/202602:30,20.669999999999998,0,0,51.5,0,0,0,0,0,198.7,23803,45030,19.4,15.2,90,29.97,10.07,180,0,0,
2026-04-22T02:31:00,04/22/202602:31,20.669999999999998,0,0,51.5,0,0,0,0,0,198.7,23803,45030,19.5,15.2,90,29.97,10.07,180,0,0,
2026-04-22T02:32:38,04/22/202602:32,20.669999999999998,0,0,51.5,0,0,0,0,0,198.7,23803,45030,19.4,15.2,90,29.97,10.07,180.1,0,0,
2026-04-22T02:33:00,04/22/202602:33,20.669999999999998,0,0,51.5,0,0,0,0,0,198.7,23803,45030,19.4,15.2,90,29.97,10.07,180.2,0,0,
2026-04-22T02:34:00,04/22/202602:34,20.68,0,0,51.510000000000005,0,0,0,0,0,198.7,23803,45030,19.4,15.2,90,29.97,10.07,180.3,0,0,
2026-04-22T02:35:00,04/22/202602:35,20.68,0,0,51.510000000000005,0,0,0,0,0,198.7,23803,45030,19.4,15.2,90,29.97,10.07,180.4,0,0,
2026-04-22T02:36:01,04/22/202602:36,20.68,0,0,51.510000000000005,0,0,0,0,0,198.7,23803,45030,19.4,15.2,90,29.97,10.07,180.5,0,0,
2026-04-22T02:37:00,04/22/202602:37,20.69,0,0,51.5,0,0,0,0,0,198.7,23803,45030,19.5,15.2,90,29.97,10.07,180.6,0,0,
2026-04-22T02:38:27,04/22/202602:38,20.7,0,0,51.510000000000005,0,0,0,0,0,198.7,23803,45030,19.4,15.2,90,29.97,10.07,180.7,0,0,
2026-04-22T02:39:01,04/22/202602:39,20.7,0,0,51.510000000000005,0,0,0,0,0,198.7,23803,45030,19.4,15.2,90,29.97,10.07,180.8,0,0,
2026-04-22T02:40:01,04/22/202602:40,20.7,0,0,51.5,0,0,0,0,0,198.7,23803,45030,19.4,15.2,90,29.97,10.07,180.9,0,0,
2026-04-22T02:41:01,04/22/202602:41,20.7,0,0,51.510000000000005,0,0,0,0,0,198.7,23803,45030,19.4,15.2,90,29.97,10.07,181,0,0,
2026-04-22T02:42:01,04/22/202602:42,20.7,0,0,51.510000000000005,0,0,0,0,0,198.7,23803,45030,19.4,15.2,90,29.97,10.07,181,0,0,
2026-04-22T02:43:01,04/22/202602:43,20.7,0,0,51.510000000000005,0,0,0,0,0,198.7,23803,45030,19.5,15.2,90,29.97,10.07,181,0,0,
2026-04-22T02:44:01,04/22/202602:44,20.7,0,0,51.489999999999995,0,0,0,0,0,198.7,23803,45030,19.4,15.2,90,29.97,10.07,181,0,0,
2026-04-22T02:45:01,04/22/202602:45,20.7,0,0,51.5,0,0,0,0,0,198.7,23803,45030,19.4,15.2,90,29.97,10.07,181,0,0,
2026-04-22T02:46:01,04/22/202602:46,20.7,0,0,51.5,0,0,0,0,0,198.7,23803,45030,19.4,15.2,90,29.97,10.07,181,0,0,
2026-04-22T02:47:00,04/22/202602:47,20.7,0,0,51.510000000000005,0,0,0,0,0,198.7,23803,45030,19.4,15.2,90,29.97,10.051,181.2,0,0,
2026-04-22T02:48:01,04/22/202602:48,20.7,0,0,51.5,0,0,0,0,0,198.7,23803,45030,19.4,15.2,90,29.97,10.032,181.4,0,0,
2026-04-22T02:49:39,04/22/202602:49,20.7,0,0,51.5,0,0,0,0,0,198.7,23803,45030,19.4,15.2,90,29.97,10.013000000000002,181.6,0,0,
2026-04-22T02:50:00,04/22/202602:50,20.7,0,0,51.510000000000005,0,0,0,0,0,198.7,23803,45030,19.4,15.2,90,29.97,9.994,181.8,0,0,
2026-04-22T02:51:01,04/22/202602:51,20.7,0,0,51.5,0,0,0,0,0,198.7,23803,45030,19.4,15.2,90,29.97,9.975,182,0,0,
2026-04-22T02:52:42,04/22/202602:52,20.7,0,0,51.5,0,0,0,0,0,198.7,23803,45030,19.4,15.2,90,29.97,9.956,182.2,0,0,
2026-04-22T02:53:01,04/22/202602:53,20.7,0,0,51.5,0,0,0,0,0,198.7,23803,45030,19.4,15.2,90,29.97,9.937000000000001,182.4,0,0,
2026-04-22T02:54:01,04/22/202602:54,20.7,0,0,51.510000000000005,0,0,0,0,0,198.7,23803,45030,19.4,15.2,90,29.97,9.918000000000001,182.6,0,0,
2026-04-22T02:55:01,04/22/202602:55,20.7,0,0,51.5,0,0,0,0,0,198.7,23803,45030,19.4,15.2,90,29.97,9.899000000000001,182.8,0,0,
2026-04-22T02:56:01,04/22/202602:56,20.7,0,0,51.5,0,0,0,0,0,198.7,23803,45030,19.4,15.2,90,29.97,9.88,183,0,0,
2026-04-22T02:57:01,04/22/202602:57,20.7,0,0,51.5,0,0,0,0,0,198.7,23803,45030,19.4,15.2,90,29.97,9.88,183,0,0,
2026-04-22T02:58:01,04/22/202602:58,20.7,0,0,51.5,0,0,0,0,0,198.7,23803,45030,19.4,15.2,90,29.97,9.88,183,0,0,
2026-04-22T02:59:01,04/22/202602:59,20.7,0,0,51.489999999999995,0,0,0,0,0,198.7,23803,45030,19.4,15.2,90,29.97,9.88,183,0,0,
2026-04-22T03:00:51,04/22/202603:00,20.7,0,0,51.489999999999995,0,0,0,0,0,198.7,23803,45030,19.4,15.2,90,29.97,9.88,183,0,0,
2026-04-22T03:01:01,04/22/202603:01,20.7,0,0,51.489999999999995,0,0,0,0,0,198.7,23803,45030,19.4,15.2,90,29.97,9.88,183,0,0,
2026-04-22T03:02:01,04/22/202603:02,20.7,0,0,51.489999999999995,0,0,0,0,0,198.7,23803,45030,19.4,15.2,90,29.97,9.812000000000001,183.1,0,0,
2026-04-22T03:03:01,04/22/202603:03,20.7,0,0,51.489999999999995,0,0,0,0,0,198.7,23803,45030,19.4,15.2,90,29.97,9.744,183.2,0,0,
2026-04-22T03:04:01,04/22/202603:04,20.7,0,0,51.489999999999995,0,0,0,0,0,198.7,23803,45030,19.4,15.2,90,29.97,9.676,183.3,0,0,
2026-04-22T03:05:01,04/22/202603:05,20.7,0,0,51.48,0,0,0,0,0,198.7,23803,45030,19.4,15.2,89.9,29.97,9.608,183.4,0,0,
2026-04-22T03:06:00,04/22/202603:06,20.7,0,0,51.48,0,0,0,0,0,198.7,23803,45030,19.4,15.2,89.8,29.97,9.540000000000001,183.5,0,0,
2026-04-22T03:07:01,04/22/202603:07,20.7,0,0,51.48,0,0,0,0,0,198.7,23803,45030,19.4,15.2,89.7,29.97,9.472,183.6,0,0,
2026-04-22T03:08:01,04/22/202603:08,20.7,0,0,51.48,0,0,0,0,0,198.7,23803,45030,19.4,15.2,89.6,29.97,9.404,183.7,0,0,
2026-04-22T03:09:01,04/22/202603:09,20.7,0,0,51.48,0,0,0,0,0,198.7,23803,45030,19.4,15.2,89.5,29.97,9.336,183.8,0,0,
2026-04-22T03:10:01,04/22/202603:10,20.7,0,0,51.48,0,0,0,0,0,198.7,23803,45030,19.4,15.2,89.4,29.97,9.267999999999999,183.9,0,0,
2026-04-22T03:12:03,04/22/202603:12,20.7,0,0,51.48,0,0,0,0,0,198.7,23803,45030,19.4,15.2,89.3,29.97,9.2,184,0,0,
2026-04-22T03:13:01,04/22/202603:13,20.7,0,0,51.48,0,0,0,0,0,198.7,23803,45030,19.4,15.2,89.2,29.97,9.2,184,0,0,
2026-04-22T03:14:01,04/22/202603:14,20.7,0,0,51.470000000000006,0,0,0,0,0,198.7,23803,45030,19.4,15.2,89.1,29.97,9.2,184,0,0,
2026-04-22T03:15:01,04/22/202603:15,20.7,0,0,51.46,0,0,0,0,0,198.7,23803,45030,19.4,15.2,89,29.97,9.2,184,0,0,
2026-04-22T03:15:18,04/22/202603:15,20.69,0,0,51.470000000000006,0,0,0,0,0,198.7,23803,45030,19.4,15.2,89,29.97,9.2,184,0,0,
2026-04-22T03:16:00,04/22/202603:16,20.68,0,0,51.470000000000006,0,0,0,0,0,198.7,23803,45030,19.4,15.2,89,29.97,9.2,184,0,0,
2026-04-22T03:16:18,04/22/202603:16,20.68,0,0,51.470000000000006,0,0,0,0,0,198.7,23803,45030,19.4,15.2,89,29.97,9.15,183.7,0,0,
2026-04-22T03:17:01,04/22/202603:17,20.68,0,0,51.470000000000006,0,0,0,0,0,198.7,23803,45030,19.4,15.2,89,29.97,9.1,183.4,0,0,
2026-04-22T03:17:18,04/22/202603:17,20.669999999999998,0,0,51.48,0,0,0,0,0,198.7,23803,45030,19.4,15.2,89,29.97,9.05,183.1,0,0,
2026-04-22T03:18:00,04/22/202603:18,20.66,0,0,51.48,0,0,0,0,0,198.7,23803,45030,19.4,15.2,89,29.97,9,182.8,0,0,
2026-04-22T03:18:19,04/22/202603:18,20.66,0,0,51.48,0,0,0,0,0,198.7,23803,45030,19.4,15.2,89,29.97,8.95,182.5,0,0,
2026-04-22T03:19:01,04/22/202603:19,20.66,0,0,51.48,0,0,0,0,0,198.7,23803,45030,19.4,15.2,89,29.97,8.9,182.2,0,0,
2026-04-22T03:20:00,04/22/202603:20,20.66,0,0,51.48,0,0,0,0,0,198.7,23803,45030,19.4,15.2,89,29.97,8.85,181.9,0,0,
2026-04-22T03:21:01,04/22/202603:21,20.66,0,0,51.489999999999995,0,0,0,0,0,198.7,23803,45030,19.4,15.2,89,29.97,8.8,181.6,0,0,
2026-04-22T03:23:14,04/22/202603:23,20.66,0,0,51.489999999999995,0,0,0,0,0,198.7,23803,45030,19.4,15.2,89,29.97,8.75,181.3,0,0,
2026-04-22T03:24:01,04/22/202603:24,20.66,0,0,51.48,0,0,0,0,0,198.7,23803,45030,19.4,15.2,89,29.97,8.7,181,0,0,
2026-04-22T03:24:14,04/22/202603:24,20.66,0,0,51.48,0,0,0,0,0,198.7,23803,45030,19.4,15.2,89,29.97,8.7,181,0,0,
2026-04-22T03:25:01,04/22/202603:25,20.66,0,0,51.48,0,0,0,0,0,198.7,23803,45030,19.4,15.2,89,29.97,8.7,181,0,0,
2026-04-22T03:26:00,04/22/202603:26,20.669999999999998,0,0,51.48,0,0,0,0,0,198.7,23803,45030,19.4,15.2,89,29.97,8.7,181,0,0,
2026-04-22T03:27:01,04/22/202603:27,20.68,0,0,51.470000000000006,0,0,0,0,0,198.7,23803,45030,19.4,15.2,89,29.97,8.7,181,0,0,
2026-04-22T03:28:01,04/22/202603:28,20.68,0,0,51.46,0,0,0,0,0,198.7,23803,45030,19.3,15.2,89,29.97,8.7,181,0,0,
2026-04-22T03:29:00,04/22/202603:29,20.68,0,0,51.45,0,0,0,0,0,198.7,23803,45030,19.4,15.2,89,29.97,8.7,181,0,0,
2026-04-22T03:29:59,04/22/202603:29,20.669999999999998,0,0,51.45,0,0,0,0,0,198.7,23803,45030,19.3,15.2,89,29.97,8.7,181,0,0,
2026-04-22T03:30:00,04/22/202603:30,20.66,0,0,51.44,0,0,0,0,0,198.7,23803,45030,19.3,15.2,89,29.97,8.7,181,0,0,
2026-04-22T03:30:59,04/22/202603:30,20.669999999999998,0,0,51.42999999999999,0,0,0,0,0,198.7,23803,45030,19.4,15.2,89,29.97,8.7,180.8,0,0,
2026-04-22T03:31:00,04/22/202603:31,20.68,0,0,51.42999999999999,0,0,0,0,0,198.7,23803,45030,19.4,15.2,89,29.97,8.7,180.6,0,0,
2026-04-22T03:31:59,04/22/202603:31,20.669999999999998,0,0,51.42,0,0,0,0,0,198.7,23803,45030,19.3,15.169999999999998,89,29.97,8.767999999999999,180.5,0,0,
2026-04-22T03:32:01,04/22/202603:32,20.66,0,0,51.410000000000004,0,0,0,0,0,198.7,23803,45030,19.3,15.14,89,29.97,8.836,180.4,0,0,
2026-04-22T03:33:01,04/22/202603:33,20.65,0,0,51.4,0,0,0,0,0,198.7,23803,45030,19.4,15.11,89,29.97,8.904,180.3,0,0,
2026-04-22T03:34:26,04/22/202603:34,20.64,0,0,51.4,0,0,0,0,0,198.7,23803,45030,19.4,15.080000000000002,89,29.97,8.972,180.2,0,0,
2026-04-22T03:35:00,04/22/202603:35,20.630000000000003,0,0,51.4,0,0,0,0,0,198.7,23803,45030,19.3,15.05,89,29.97,9.040000000000001,180.1,0,0,
2026-04-22T03:36:01,04/22/202603:36,20.62,0,0,51.4,0,0,0,0,0,198.7,23803,45030,19.3,15.02,89,29.97,9.108,180,0,0,
2026-04-22T03:37:01,04/22/202603:37,20.62,0,0,51.4,0,0,0,0,0,198.7,23803,45030,19.4,14.99,89,29.97,9.176,179.9,0,0,
2026-04-22T03:38:00,04/22/202603:38,20.62,0,0,51.4,0,0,0,0,0,198.7,23803,45030,19.3,14.959999999999999,89,29.97,9.244,179.8,0,0,
2026-04-22T03:39:01,04/22/202603:39,20.610000000000003,0,0,51.4,0,0,0,0,0,198.7,23803,45030,19.3,14.930000000000001,89.2,29.97,9.312000000000001,179.9,0,0,
2026-04-22T03:40:00,04/22/202603:40,20.6,0,0,51.4,0,0,0,0,0,198.7,23803,45030,19.3,14.9,89.4,29.97,9.38,180,0,0,
2026-04-22T03:40:48,04/22/202603:40,20.610000000000003,0,0,51.4,0,0,0,0,0,198.7,23803,45030,19.3,14.9,89.6,29.97,9.38,180,0,0,
2026-04-22T03:41:01,04/22/202603:41,20.62,0,0,51.4,0,0,0,0,0,198.7,23803,45030,19.3,14.9,89.8,29.97,9.38,180,0,0,
2026-04-22T03:42:01,04/22/202603:42,20.630000000000003,0,0,51.410000000000004,0,0,0,0,0,198.7,23803,45030,19.3,14.9,90,29.97,9.38,180,0,0,
2026-04-22T03:43:00,04/22/202603:43,20.64,0,0,51.410000000000004,0,0,0,0,0,198.7,23803,45030,19.3,14.9,90.2,29.97,9.38,180,0,0,
2026-04-22T03:44:01,04/22/202603:44,20.65,0,0,51.410000000000004,0,0,0,0,0,198.7,23803,45030,19.3,14.9,90.4,29.97,9.38,180,0,0,
2026-04-22T03:45:37,04/22/202603:45,20.66,0,0,51.4,0,0,0,0,0,198.7,23803,45030,19.3,14.9,90.6,29.97,9.38,180,0,0,
2026-04-22T03:46:00,04/22/202603:46,20.669999999999998,0,0,51.39,0,0,0,0,0,198.7,23803,45030,19.3,14.9,90.8,29.97,9.38,180,0,0,
2026-04-22T03:47:01,04/22/202603:47,20.68,0,0,51.39,0,0,0,0,0,198.7,23803,45030,19.3,14.91,90.9,29.97,9.362,180,0,0,
2026-04-22T03:47:16,04/22/202603:47,20.68,0,0,51.39,0,0,0,0,0,198.7,23803,45030,19.3,14.919999999999998,90.8,29.97,9.344,180,0,0,
2026-04-22T03:48:01,04/22/202603:48,20.68,0,0,51.39,0,0,0,0,0,198.7,23803,45030,19.3,14.930000000000001,90.7,29.97,9.326,180,0,0,
2026-04-22T03:49:00,04/22/202603:49,20.669999999999998,0,0,51.39,0,0,0,0,0,198.7,23803,45030,19.3,14.940000000000001,90.6,29.97,9.308,180,0,0,
2026-04-22T03:50:01,04/22/202603:50,20.66,0,0,51.39,0,0,0,0,0,198.7,23803,45030,19.3,14.95,90.5,29.97,9.290000000000001,180,0,0,
2026-04-22T03:50:16,04/22/202603:50,20.66,0,0,51.379999999999995,0,0,0,0,0,198.7,23803,45030,19.3,14.959999999999999,90.4,29.97,9.272,180,0,0,
2026-04-22T03:51:01,04/22/202603:51,20.66,0,0,51.379999999999995,0,0,0,0,0,198.7,23803,45030,19.3,14.969999999999999,90.3,29.97,9.254,180,0,0,
2026-04-22T03:51:16,04/22/202603:51,20.65,0,0,51.379999999999995,0,0,0,0,0,198.7,23803,45030,19.3,14.98,90.2,29.97,9.236,180,0,0,
2026-04-22T03:52:01,04/22/202603:52,20.64,0,0,51.39,0,0,0,0,0,198.7,23803,45030,19.3,14.99,90.1,29.97,9.218,180,0,0,
2026-04-22T03:53:01,04/22/202603:53,20.630000000000003,0,0,51.4,0,0,0,0,0,198.7,23803,45030,19.3,15,90,29.97,9.2,180,0,0,
2026-04-22T03:54:01,04/22/202603:54,20.62,0,0,51.4,0,0,0,0,0,198.7,23803,45030,19.3,15,90,29.97,9.2,180,0,0,
2026-04-22T03:55:01,04/22/202603:55,20.62,0,0,51.4,0,0,0,0,0,198.7,23803,45030,19.3,15,90,29.97,9.2,180,0,0,
2026-04-22T03:56:48,04/22/202603:56,20.62,0,0,51.4,0,0,0,0,0,198.7,23803,45030,19.3,15,90,29.97,9.2,180,0,0,
2026-04-22T03:57:01,04/22/202603:57,20.62,0,0,51.4,0,0,0,0,0,198.7,23803,45030,19.3,15,90,29.97,9.2,180,0,0,
2026-04-22T03:57:16,04/22/202603:57,20.610000000000003,0,0,51.4,0,0,0,0,0,198.7,23803,45030,19.3,15,90,29.97,9.2,180,0,0,
2026-04-22T03:58:01,04/22/202603:58,20.59,0,0,51.4,0,0,0,0,0,198.7,23803,45030,19.3,15,90,29.97,9.2,180,0,0,
2026-04-22T03:58:17,04/22/202603:58,20.580000000000002,0,0,51.4,0,0,0,0,0,198.7,23803,45030,19.3,15,90,29.97,9.2,180,0,0,
2026-04-22T03:59:01,04/22/202603:59,20.580000000000002,0,0,51.4,0,0,0,0,0,198.7,23803,45030,19.3,15,90,29.97,9.2,180,0,0,
2026-04-22T04:00:01,04/22/202604:00,20.580000000000002,0,0,51.39,0,0,0,0,0,198.7,23803,45030,19.3,15,90,29.97,9.2,180,0,0,
2026-04-22T04:01:01,04/22/202604:01,20.580000000000002,0,0,51.39,0,0,0,0,0,198.7,23803,45030,19.4,15,90,29.97,9.2,180,0,0,
2026-04-22T04:02:01,04/22/202604:02,20.580000000000002,0,0,51.379999999999995,0,0,0,0,0,198.7,23803,45030,19.3,15.01,90,29.97,9.175,180,0,0,
2026-04-22T04:03:01,04/22/202604:03,20.580000000000002,0,0,51.379999999999995,0,0,0,0,0,198.7,23803,45030,19.3,15.02,90,29.97,9.15,180,0,0,
2026-04-22T04:04:01,04/22/202604:04,20.580000000000002,0,0,51.379999999999995,0,0,0,0,0,198.7,23803,45030,19.3,15.030000000000001,90,29.97,9.125,180,0,0,
2026-04-22T04:05:01,04/22/202604:05,20.580000000000002,0,0,51.36999999999999,0,0,0,0,0,198.7,23803,45030,19.3,15.040000000000001,90,29.97,9.1,180,0,0,
2026-04-22T04:06:01,04/22/202604:06,20.59,0,0,51.36999999999999,0,0,0,0,0,198.7,23803,45030,19.3,15.05,90,29.97,9.075,180,0,0,
2026-04-22T04:06:28,04/22/202604:06,20.59,0,0,51.36999999999999,0,0,0,0,0,198.7,23803,45030,19.3,15.059999999999999,90,29.97,9.05,180,0,0,
2026-04-22T04:08:00,04/22/202604:07,20.59,0,0,51.36999999999999,0,0,0,0,0,198.7,23803,45030,19.3,15.069999999999999,90,29.97,9.025,180,0,0,
2026-04-22T04:08:01,04/22/202604:08,20.59,0,0,51.36999999999999,0,0,0,0,0,198.7,23803,45030,19.3,15.080000000000002,90,29.97,9,180,0,0,
2026-04-22T04:09:00,04/22/202604:09,20.59,0,0,51.379999999999995,0,0,0,0,0,198.7,23803,45030,19.3,15.09,90,29.97,8.975,180,0,0,
2026-04-22T04:09:29,04/22/202604:09,20.580000000000002,0,0,51.379999999999995,0,0,0,0,0,198.7,23803,45030,19.3,15.1,90,29.97,8.95,180,0,0,
2026-04-22T04:10:01,04/22/202604:10,20.57,0,0,51.39,0,0,0,0,0,198.7,23803,45030,19.3,15.1,90,29.97,8.95,180,0,0,
2026-04-22T04:10:28,04/22/202604:10,20.57,0,0,51.379999999999995,0,0,0,0,0,198.7,23803,45030,19.3,15.1,90,29.97,8.95,180,0,0,
2026-04-22T04:11:01,04/22/202604:11,20.57,0,0,51.36999999999999,0,0,0,0,0,198.7,23803,45030,19.3,15.1,90,29.97,8.95,180,0,0,
2026-04-22T04:12:00,04/22/202604:12,20.57,0,0,51.379999999999995,0,0,0,0,0,198.7,23803,45030,19.3,15.1,90,29.97,8.95,180,0,0,
2026-04-22T04:12:28,04/22/202604:12,20.560000000000002,0,0,51.36999999999999,0,0,0,0,0,198.7,23803,45030,19.3,15.1,90,29.97,8.95,180,0,0,
2026-04-22T04:13:01,04/22/202604:13,20.560000000000002,0,0,51.36,0,0,0,0,0,198.7,23803,45030,19.3,15.1,90,29.97,8.95,180,0,0,
2026-04-22T04:13:28,04/22/202604:13,20.560000000000002,0,0,51.36,0,0,0,0,0,198.7,23803,45030,19.3,15.1,90,29.97,8.95,180,0,0,
2026-04-22T04:14:00,04/22/202604:14,20.560000000000002,0,0,51.36,0,0,0,0,0,198.7,23803,45030,19.3,15.1,90,29.97,8.95,180,0,0,
2026-04-22T04:15:01,04/22/202604:15,20.560000000000002,0,0,51.36,0,0,0,0,0,198.7,23803,45030,19.3,15.1,90,29.97,8.95,180,0,0,
2026-04-22T04:16:00,04/22/202604:16,20.57,0,0,51.36,0,0,0,0,0,198.7,23803,45030,19.3,15.11,90,29.97,8.863,180.5,0,0,
2026-04-22T04:17:01,04/22/202604:17,20.580000000000002,0,0,51.35,0,0,0,0,0,198.7,23803,45030,19.3,15.12,90,29.97,8.776,181,0,0,
2026-04-22T04:19:11,04/22/202604:19,20.580000000000002,0,0,51.35,0,0,0,0,0,198.7,23803,45030,19.3,15.129999999999999,90,29.97,8.689,181.5,0,0,
2026-04-22T04:20:01,04/22/202604:20,20.580000000000002,0,0,51.36,0,0,0,0,0,198.7,23803,45030,19.3,15.14,90,29.97,8.602,182,0,0,
2026-04-22T04:21:01,04/22/202604:21,20.580000000000002,0,0,51.36,0,0,0,0,0,198.7,23803,45030,19.3,15.15,90,29.97,8.514999999999999,182.5,0,0,
2026-04-22T04:22:01,04/22/202604:22,20.59,0,0,51.36,0,0,0,0,0,198.7,23803,45030,19.3,15.16,90,29.97,8.428,183,0,0,
2026-04-22T04:23:01,04/22/202604:23,20.6,0,0,51.36999999999999,0,0,0,0,0,198.7,23803,45030,19.3,15.169999999999998,90,29.97,8.341,183.5,0,0,
2026-04-22T04:24:01,04/22/202604:24,20.6,0,0,51.36,0,0,0,0,0,198.7,23803,45030,19.3,15.179999999999998,90,29.97,8.254,184,0,0,
2026-04-22T04:25:31,04/22/202604:25,20.59,0,0,51.35,0,0,0,0,0,198.7,23803,45030,19.3,15.190000000000001,90,29.97,8.167,184.5,0,0,
2026-04-22T04:26:00,04/22/202604:26,20.580000000000002,0,0,51.339999999999996,0,0,0,0,0,198.7,23803,45030,19.3,15.2,90,29.97,8.08,185,0,0,
2026-04-22T04:26:31,04/22/202604:26,20.580000000000002,0,0,51.31999999999999,0,0,0,0,0,198.7,23803,45030,19.3,15.2,90,29.97,8.08,185,0,0,
2026-04-22T04:27:01,04/22/202604:27,20.580000000000002,0,0,51.31,0,0,0,0,0,198.7,23803,45030,19.3,15.2,90,29.97,8.08,185,0,0,
2026-04-22T04:28:01,04/22/202604:28,20.580000000000002,0,0,51.32000000000001,0,0,0,0,0,198.7,23803,45030,19.3,15.2,90,29.97,8.08,185,0,0,
2026-04-22T04:29:01,04/22/202604:29,20.580000000000002,0,0,51.31,0,0,0,0,0,198.7,23803,45030,19.3,15.2,90,29.97,8.08,185,0,0,
2026-04-22T04:30:23,04/22/202604:30,20.580000000000002,0,0,51.3,0,0,0,0,0,198.7,23803,45030,19.3,15.179999999999998,90,29.97,8.08,184.5,0,0,
2026-04-22T04:31:26,04/22/202604:31,20.580000000000002,0,0,51.3,0,0,0,0,0,198.7,23803,45030,19.3,15.169999999999998,90,29.97,8.142,184.1,0,0,
2026-04-22T04:32:01,04/22/202604:32,20.580000000000002,0,0,51.29,0,0,0,0,0,198.7,23803,45030,19.3,15.16,90,29.97,8.203999999999999,183.7,0,0,
2026-04-22T04:33:01,04/22/202604:33,20.580000000000002,0,0,51.29,0,0,0,0,0,198.7,23803,45030,19.3,15.15,90,29.97,8.266,183.3,0,0,
2026-04-22T04:34:01,04/22/202604:34,20.59,0,0,51.29,0,0,0,0,0,198.7,23803,45030,19.3,15.14,90,29.97,8.328,182.9,0,0,
2026-04-22T04:35:01,04/22/202604:35,20.6,0,0,51.3,0,0,0,0,0,198.7,23803,45030,19.3,15.129999999999999,90,29.97,8.389999999999999,182.5,0,0,
2026-04-22T04:36:01,04/22/202604:36,20.6,0,0,51.31,0,0,0,0,0,198.7,23803,45030,19.3,15.12,90,29.97,8.452,182.1,0,0,
2026-04-22T04:37:01,04/22/202604:37,20.6,0,0,51.33,0,0,0,0,0,198.7,23803,45030,19.3,15.11,90,29.97,8.514,181.7,0,0,
2026-04-22T04:38:01,04/22/202604:38,20.6,0,0,51.31999999999999,0,0,0,0,0,198.7,23803,45030,19.3,15.1,90,29.97,8.575999999999999,181.3,0,0,
2026-04-22T04:39:01,04/22/202604:39,20.6,0,0,51.31999999999999,0,0,0,0,0,198.7,23803,45030,19.2,15.09,90,29.97,8.638,180.9,0,0,
2026-04-22T04:40:01,04/22/202604:40,20.6,0,0,51.31999999999999,0,0,0,0,0,198.7,23803,45030,19.3,15.1,90,29.97,8.7,181,0,0,
2026-04-22T04:41:34,04/22/202604:41,20.6,0,0,51.31999999999999,0,0,0,0,0,198.7,23803,45030,19.2,15.1,90.2,29.97,8.7,181,0,0,
2026-04-22T04:42:00,04/22/202604:42,20.6,0,0,51.31999999999999,0,0,0,0,0,198.7,23803,45030,19.2,15.1,90.4,29.97,8.7,181,0,0,
2026-04-22T04:43:01,04/22/202604:43,20.6,0,0,51.33,0,0,0,0,0,198.7,23803,45030,19.2,15.1,90.6,29.97,8.7,181,0,0,
2026-04-22T04:44:01,04/22/202604:44,20.6,0,0,51.33,0,0,0,0,0,198.7,23803,45030,19.3,15.1,90.8,29.97,8.7,181,0,0,
2026-04-22T04:45:01,04/22/202604:45,20.6,0,0,51.31999999999999,0,0,0,0,0,198.7,23803,45030,19.3,15.1,91,29.97,8.7,181,0,0,
2026-04-22T04:46:01,04/22/202604:46,20.6,0,0,51.31999999999999,0,0,0,0,0,198.7,23803,45030,19.2,15.09,91.1,29.97,8.657,181.2,0,0,
2026-04-22T04:47:00,04/22/202604:47,20.6,0,0,51.31,0,0,0,0,0,198.7,23803,45030,19.2,15.080000000000002,91.2,29.97,8.613999999999999,181.4,0,0,
2026-04-22T04:48:01,04/22/202604:48,20.6,0,0,51.31,0,0,0,0,0,198.7,23803,45030,19.2,15.069999999999999,91.3,29.97,8.571,181.6,0,0,
2026-04-22T04:49:01,04/22/202604:49,20.6,0,0,51.31,0,0,0,0,0,198.7,23803,45030,19.2,15.059999999999999,91.4,29.97,8.528,181.8,0,0,
2026-04-22T04:50:00,04/22/202604:50,20.6,0,0,51.31,0,0,0,0,0,198.7,23803,45030,19.2,15.05,91.5,29.97,8.485,182,0,0,
2026-04-22T04:51:27,04/22/202604:51,20.6,0,0,51.3,0,0,0,0,0,198.7,23803,45030,19.3,15.040000000000001,91.4,29.97,8.441999999999998,182.2,0,0,
2026-04-22T04:52:46,04/22/202604:52,20.6,0,0,51.3,0,0,0,0,0,198.7,23803,45030,19.2,15.030000000000001,91.3,29.97,8.399,182.4,0,0,
2026-04-22T04:53:01,04/22/202604:53,20.6,0,0,51.29,0,0,0,0,0,198.7,23803,45030,19.2,15.02,91.2,29.97,8.356,182.6,0,0,
2026-04-22T04:54:01,04/22/202604:54,20.6,0,0,51.279999999999994,0,0,0,0,0,198.7,23803,45030,19.3,15.01,91.1,29.97,8.312999999999999,182.8,0,0,
2026-04-22T04:55:00,04/22/202604:55,20.6,0,0,51.279999999999994,0,0,0,0,0,198.7,23803,45030,19.2,15,91,29.97,8.27,183,0,0,
2026-04-22T04:56:01,04/22/202604:56,20.6,0,0,51.27,0,0,0,0,0,198.7,23803,45030,19.2,15,91,29.97,8.27,183,0,0,
2026-04-22T04:57:01,04/22/202604:57,20.6,0,0,51.260000000000005,0,0,0,0,0,198.7,23803,45030,19.3,15,91,29.97,8.27,183,0,0,
2026-04-22T04:58:01,04/22/202604:58,20.6,0,0,51.260000000000005,0,0,0,0,0,198.7,23803,45030,19.2,15,91,29.97,8.27,183,0,0,
2026-04-22T04:59:01,04/22/202604:59,20.6,0,0,51.260000000000005,0,0,0,0,0,198.7,23803,45030,19.2,15,91,29.97,8.27,183,0,0,
2026-04-22T05:00:00,04/22/202605:00,20.6,0,0,51.25,0,0,0,0,0,198.7,23803,45030,19.2,15,91,29.97,8.27,183,0,0,
2026-04-22T05:01:01,04/22/202605:01,20.6,0,0,51.260000000000005,0,0,0,0,0,198.7,23803,45030,19.2,15,91,29.97,8.27,183,0,0,
2026-04-22T05:02:01,04/22/202605:02,20.6,0,0,51.260000000000005,0,0,0,0,0,198.7,23803,45030,19.2,15.01,91,29.97,8.232,183.4,0,0,
2026-04-22T05:03:58,04/22/202605:03,20.6,0,0,51.25,0,0,0,0,0,198.7,23803,45030,19.2,15.02,91,29.97,8.193999999999999,183.8,0,0,
2026-04-22T05:04:01,04/22/202605:04,20.6,0,0,51.25,0,0,0,0,0,198.7,23803,45030,19.2,15.030000000000001,91,29.97,8.156,184.2,0,0,
2026-04-22T05:04:27,04/22/202605:04,20.59,0,0,51.239999999999995,0,0,0,0,0,198.7,23803,45030,19.2,15.040000000000001,91,29.97,8.117999999999999,184.6,0,0,
2026-04-22T05:05:01,04/22/202605:05,20.580000000000002,0,0,51.239999999999995,0,0,0,0,0,198.7,23803,45030,19.2,15.05,91,29.97,8.08,185,0,0,
2026-04-22T05:06:00,04/22/202605:06,20.57,0,0,51.25,0,0,0,0,0,198.7,23803,45030,19.2,15.059999999999999,91,29.97,8.042,185.4,0,0,
2026-04-22T05:06:25,04/22/202605:06,20.57,0,0,51.25,0,0,0,0,0,198.7,23803,45030,19.2,15.069999999999999,91,29.97,8.004,185.8,0,0,
2026-04-22T05:07:01,04/22/202605:07,20.57,0,0,51.25,0,0,0,0,0,198.7,23803,45030,19.2,15.080000000000002,91,29.97,7.965999999999999,186.2,0,0,
2026-04-22T05:08:00,04/22/202605:08,20.57,0,0,51.260000000000005,0,0,0,0,0,198.7,23803,45030,19.2,15.09,91,29.97,7.928,186.6,0,0,
2026-04-22T05:09:01,04/22/202605:09,20.57,0,0,51.260000000000005,0,0,0,0,0,198.7,23803,45030,19.2,15.1,91,29.97,7.889999999999999,187,0,0,
2026-04-22T05:10:01,04/22/202605:10,20.57,0,0,51.25,0,0,0,0,0,198.7,23803,45030,19.2,15.1,91,29.97,7.889999999999999,187,0,0,
2026-04-22T05:11:28,04/22/202605:11,20.57,0,0,51.25,0,0,0,0,0,198.7,23803,45030,19.2,15.1,91,29.97,7.889999999999999,187,0,0,
2026-04-22T05:12:00,04/22/202605:12,20.57,0,0,51.25,0,0,0,0,0,198.7,23803,45030,19.2,15.1,91,29.97,7.889999999999999,187,0,0,
2026-04-22T05:13:01,04/22/202605:13,20.580000000000002,0,0,51.25,0,0,0,0,0,198.7,23803,45030,19.2,15.1,91,29.97,7.889999999999999,187,0,0,
2026-04-22T05:15:10,04/22/202605:15,20.59,0,0,51.25,0,0,0,0,0,198.7,23803,45030,19.2,15.1,91,29.97,7.889999999999999,187,0,0,
2026-04-22T05:16:01,04/22/202605:16,20.6,0,0,51.239999999999995,0,0,0,0,0,198.7,23803,45030,19.2,15.1,91,29.97,7.889999999999999,187,0,0,
2026-04-22T05:17:00,04/22/202605:17,20.6,0,0,51.23,0,0,0,0,0,198.7,23803,45030,19.2,15.1,91,29.97,7.809,187.4,0,0,
2026-04-22T05:18:01,04/22/202605:18,20.6,0,0,51.220000000000006,0,0,0,0,0,198.7,23803,45030,19.2,15.1,91,29.97,7.728,187.8,0,0,
2026-04-22T05:19:01,04/22/202605:19,20.6,0,0,51.21,0,0,0,0,0,198.7,23803,45030,19.2,15.1,91,29.97,7.647,188.2,0,0,
2026-04-22T05:20:01,04/22/202605:20,20.6,0,0,51.21,0,0,0,0,0,198.7,23803,45030,19.2,15.1,91,29.97,7.566,188.6,0,0,
2026-04-22T05:21:01,04/22/202605:21,20.6,0,0,51.21,0,0,0,0,0,198.7,23803,45030,19.2,15.1,91,29.97,7.484999999999999,189,0,0,
2026-04-22T05:22:00,04/22/202605:22,20.6,0,0,51.21,0,0,0,0,0,198.7,23803,45030,19.2,15.1,91,29.97,7.403999999999999,189.4,0,0,
2026-04-22T05:23:01,04/22/202605:23,20.6,0,0,51.21,0,0,0,0,0,198.7,23803,45030,19.2,15.1,91,29.97,7.323,189.8,0,0,
2026-04-22T05:24:01,04/22/202605:24,20.6,0,0,51.21,0,0,0,0,0,198.7,23803,45030,19.2,15.1,91,29.97,7.242,190.2,0,0,
2026-04-22T05:25:01,04/22/202605:25,20.6,0,0,51.21,0,0,0,0,0,198.7,23803,45030,19.2,15.1,91,29.97,7.161,190.6,0,0,
2026-04-22T05:26:21,04/22/202605:26,20.6,0,0,51.21,0,0,0,0,0,198.7,23803,45030,19.2,15.1,91,29.97,7.08,191,0,0,
2026-04-22T05:27:01,04/22/202605:27,20.6,0,0,51.21,0,0,0,0,0,198.7,23803,45030,19.2,15.1,91,29.97,7.08,191,0,0,
2026-04-22T05:28:01,04/22/202605:28,20.6,0,0,51.21,0,0,0,0,0,198.7,23803,45030,19.2,15.1,91,29.97,7.08,191,0,0,
2026-04-22T05:28:19,04/22/202605:28,20.59,0,0,51.21,0,0,0,0,0,198.7,23803,45030,19.2,15.1,91,29.97,7.08,191,0,0,
2026-04-22T05:29:01,04/22/202605:29,20.580000000000002,0,0,51.2,0,0,0,0,0,198.7,23803,45030,19.2,15.1,91,29.97,7.08,191,0,0,
2026-04-22T05:29:19,04/22/202605:29,20.580000000000002,0,0,51.2,0,0,0,0,0,198.7,23803,45030,19.2,15.1,91,29.97,7.08,191,0,0,
2026-04-22T05:30:01,04/22/202605:30,20.580000000000002,0,0,51.2,0,0,0,0,0,198.7,23803,45030,19.2,15.1,91,29.97,7.08,191,0,0,
2026-04-22T05:31:01,04/22/202605:31,20.580000000000002,0,0,51.2,0,0,0,0,0,198.7,23803,45030,19.2,15.1,91,29.97,7,190.3,0,0,
2026-04-22T05:32:01,04/22/202605:32,20.580000000000002,0,0,51.2,0,0,0,0,0,198.7,23803,45030,19.2,15.1,91,29.97,6.92,189.6,0,0,
2026-04-22T05:33:01,04/22/202605:33,20.580000000000002,0,0,51.2,0,0,0,0,0,198.7,23803,45030,19.2,15.1,91,29.97,6.840000000000001,188.9,0,0,
2026-04-22T05:34:01,04/22/202605:34,20.580000000000002,0,0,51.2,0,0,0,0,0,198.7,23803,45030,19.2,15.1,91,29.97,6.766,188.8,0,0,
2026-04-22T05:35:01,04/22/202605:35,20.580000000000002,0,0,51.2,0,0,0,0,0,198.7,23803,45030,19.2,15.1,91,29.97,6.891,188.5,0,0,
2026-04-22T05:36:01,04/22/202605:36,20.580000000000002,0,0,51.2,0,0,0,0,0,198.7,23803,45030,19.2,15.1,91,29.97,7.016,188.2,0,0,
2026-04-22T05:37:32,04/22/202605:37,20.580000000000002,0,0,51.2,0,0,0,0,0,198.7,23803,45030,19.2,15.1,91,29.97,7.141,187.9,0,0,
2026-04-22T05:37:52,04/22/202605:37,20.59,0,0,51.2,0,0,0,0,0,198.7,23803,45030,19.2,15.1,91,29.97,7.266,187.6,0,0,
2026-04-22T05:38:00,04/22/202605:38,20.59,0,0,51.2,0,0,0,0,0,198.7,23803,45030,19.2,15.1,91,29.97,7.391,187.3,0,0,
2026-04-22T05:39:01,04/22/202605:39,20.59,0,0,51.190000000000005,0,0,0,0,0,198.7,23803,45030,19.2,15.1,91,29.97,7.516,187,0,0,
2026-04-22T05:40:01,04/22/202605:40,20.59,0,0,51.190000000000005,0,0,0,0,0,198.7,23803,45030,19.2,15.1,91,29.97,7.721000000000001,187.4,0,0,
2026-04-22T05:41:01,04/22/202605:41,20.59,0,0,51.18,0,0,0,0,0,198.7,23803,45030,19.2,15.1,91,29.97,7.926,187.8,0,0,
2026-04-22T05:42:01,04/22/202605:42,20.59,0,0,51.18,0,0,0,0,0,198.7,23803,45030,19.2,15.1,91,29.97,8.131,188.2,0,0,
2026-04-22T05:42:52,04/22/202605:42,20.580000000000002,0,0,51.18,0,0,0,0,0,198.7,23803,45030,19.2,15.1,91,29.97,8.33,188,0,0,
2026-04-22T05:43:01,04/22/202605:43,20.57,0,0,51.18,0,0,0,0,0,198.7,23803,45030,19.2,15.1,91,29.97,8.33,188,0,0,
2026-04-22T05:43:52,04/22/202605:43,20.57,0,0,51.17,0,0,0,0,0,198.7,23803,45030,19.2,15.1,91,29.97,8.33,188,0,0,
2026-04-22T05:44:01,04/22/202605:44,20.580000000000002,0,0,51.160000000000004,0,0,0,0,0,198.7,23803,45030,19.2,15.1,91,29.97,8.33,188,0,0,
2026-04-22T05:45:01,04/22/202605:45,20.580000000000002,0,0,51.160000000000004,0,0,0,0,0,198.7,23803,45030,19.2,15.1,91,29.97,8.33,188,0,0,
2026-04-22T05:46:01,04/22/202605:46,20.580000000000002,0,0,51.15,0,0,0,0,0,198.7,23803,45030,19.2,15.1,91,29.97,8.33,187.8,0,0,
2026-04-22T05:46:53,04/22/202605:46,20.57,0,0,51.15,0,0,0,0,0,198.7,23803,45030,19.2,15.1,91.1,29.97,8.33,187.6,0,0,
2026-04-22T05:47:01,04/22/202605:47,20.560000000000002,0,0,51.14,0,0,0,0,0,198.7,23803,45030,19.2,15.1,91.2,29.97,8.33,187.4,0,0,
2026-04-22T05:48:44,04/22/202605:48,20.560000000000002,0,0,51.14,0,0,0,0,0,198.7,23803,45030,19.2,15.1,91.3,29.97,8.33,187.2,0,0,
2026-04-22T05:49:00,04/22/202605:49,20.560000000000002,0,0,51.13,0,0,0,0,0,198.7,23803,45030,19.2,15.1,91.4,29.97,8.33,187,0,0,
2026-04-22T05:49:52,04/22/202605:49,20.560000000000002,0,0,51.120000000000005,0,0,0,0,0,198.7,23803,45030,19.2,15.1,91.5,29.97,8.33,186.8,0,0,
2026-04-22T05:50:00,04/22/202605:50,20.560000000000002,0,0,51.11,0,0,0,0,0,198.7,23803,45030,19.2,15.1,91.6,29.97,8.33,186.6,0,0,
2026-04-22T05:51:00,04/22/202605:51,20.55,0,0,51.120000000000005,0,0,0,0,0,198.7,23803,45030,19.2,15.1,91.7,29.97,8.33,186.4,0,0,
2026-04-22T05:52:01,04/22/202605:52,20.54,0,0,51.13,0,0,0,0,0,198.7,23803,45030,19.2,15.1,91.8,29.97,8.33,186.2,0,0,
2026-04-22T05:53:00,04/22/202605:53,20.53,0,0,51.13,0,0,0,0,0,198.7,23803,45030,19.2,15.1,91.9,29.97,8.33,186,0,0,
2026-04-22T05:53:53,04/22/202605:53,20.53,0,0,51.13,0,0,0,0,0,198.7,23803,45030,19.2,15.1,92,29.97,8.33,186,0,0,
2026-04-22T05:54:00,04/22/202605:54,20.54,0,0,51.13,0,0,0,0,0,198.7,23803,45030,19.2,15.1,92,29.97,8.33,186,0,0,
2026-04-22T05:55:01,04/22/202605:55,20.55,0,0,51.13,0,0,0,0,0,198.7,23803,45030,19.2,15.1,92,29.97,8.33,186,0,0,
2026-04-22T05:55:53,04/22/202605:55,20.54,0,0,51.13,0,0,0,0,0,198.7,23803,45030,19.2,15.1,92,29.97,8.33,186,0,0,
2026-04-22T05:56:00,04/22/202605:56,20.53,0,0,51.13,0,0,0,0,0,198.7,23803,45030,19.2,15.1,92,29.97,8.33,186,0,0,
2026-04-22T05:56:51,04/22/202605:56,20.54,0,0,51.13,0,0,0,0,0,198.7,23803,45030,19.2,15.1,92,29.97,8.33,186,0,0,
2026-04-22T05:57:01,04/22/202605:57,20.55,0,0,51.13,0,0,0,0,0,198.7,23803,45030,19.2,15.1,92,29.97,8.33,186,0,0,
2026-04-22T05:57:51,04/22/202605:57,20.55,0,0,51.120000000000005,0,0,0,0,0,198.7,23803,45030,19.2,15.1,92,29.97,8.33,186,0,0,
2026-04-22T05:58:00,04/22/202605:58,20.55,0,0,51.11,0,0,0,0,0,198.7,23803,45030,19.2,15.1,92,29.97,8.33,186,0,0,
2026-04-22T05:59:56,04/22/202605:59,20.55,0,0,51.1,0,0,0,0,0,198.7,23803,45030,19.2,15.1,92,29.97,8.33,186,0,0,
2026-04-22T06:00:01,04/22/202606:00,20.54,0,0,51.1,0,0,0,0,0,198.7,23803,45030,19.2,15.1,92,29.97,8.33,186,0,0,
2026-04-22T06:00:50,04/22/202606:00,20.54,0,0,51.1,0,0,0,0,0,198.7,23803,45030,19.2,15.11,92,29.97,8.348,185.7,0,0,
2026-04-22T06:01:01,04/22/202606:01,20.54,0,0,51.1,0,0,0,0,0,198.7,23803,45030,19.2,15.12,92,29.97,8.366,185.4,0,0,
2026-04-22T06:02:01,04/22/202606:02,20.55,0,0,51.1,0,0,0,0,0,198.7,23803,45030,19.2,15.129999999999999,92,29.97,8.384,185.1,0,0,
2026-04-22T06:02:51,04/22/202606:02,20.55,0,0,51.1,0,0,0,0,0,198.7,23803,45030,19.2,15.14,92,29.97,8.402,184.8,0,0,
2026-04-22T06:03:01,04/22/202606:03,20.54,0,0,51.1,0,0,0,0,0,198.7,23803,45030,19.2,15.15,92,29.97,8.42,184.5,0,0,
2026-04-22T06:04:00,04/22/202606:04,20.53,0,0,51.1,0,0,0,0,0,198.7,23803,45030,19.2,15.16,92,29.97,8.437999999999999,184.2,0,0,
2026-04-22T06:04:51,04/22/202606:04,20.54,0,0,51.1,0,0,0,0,0,198.7,23803,45030,19.2,15.169999999999998,92,29.97,8.456,183.9,0,0,
2026-04-22T06:05:01,04/22/202606:05,20.55,0,0,51.1,0,0,0,0,0,198.7,23803,45030,19.2,15.179999999999998,92,29.97,8.474,183.6,0,0,
2026-04-22T06:06:01,04/22/202606:06,20.560000000000002,0,0,51.1,0,0,0,0,0,198.7,23803,45030,19.2,15.190000000000001,92,29.97,8.492,183.3,0,0,
2026-04-22T06:07:00,04/22/202606:07,20.57,0,0,51.1,0,0,0,0,0,198.7,23803,45030,19.2,15.2,92,29.97,8.51,183,0,0,
2026-04-22T06:08:01,04/22/202606:08,20.57,0,0,51.1,0,0,0,0,0,198.7,23803,45030,19.2,15.2,92,29.97,8.51,183,0,0,
2026-04-22T06:08:54,04/22/202606:08,20.560000000000002,0,0,51.1,0,0,0,0,0,198.7,23803,45030,19.2,15.2,92,29.97,8.51,183,0,0,
2026-04-22T06:09:00,04/22/202606:09,20.55,0,0,51.1,0,0,0,0,0,198.7,23803,45030,19.2,15.2,92,29.97,8.51,183,0,0,
2026-04-22T06:11:44,04/22/202606:11,20.560000000000002,0,0,51.1,0,0,0,0,0,198.7,23803,45030,19.2,15.2,92,29.97,8.51,183,0,0,
2026-04-22T06:12:00,04/22/202606:12,20.57,0,0,51.1,0,0,0,0,0,198.7,23803,45030,19.2,15.2,92,29.97,8.51,183,0,0,
2026-04-22T06:12:45,04/22/202606:12,20.59,0,0,51.09,0,0,0,0,0,198.7,23803,45030,19.2,15.2,92,29.97,8.51,183,0,0,
2026-04-22T06:13:00,04/22/202606:13,20.6,0,0,51.08,0,0,0,0,0,198.7,23803,45030,19.2,15.2,92,29.97,8.51,183,0,0,
2026-04-22T06:14:01,04/22/202606:14,20.61,0,0,51.08,0,0,0,0,0,198.7,23803,45030,19.2,15.2,92,29.97,8.51,183,0,0,
2026-04-22T06:15:00,04/22/202606:15,20.619999999999997,0,0,51.08,0,0,0,0,0,198.7,23803,45030,19.2,15.2,92,29.97,8.51,183,0,0,
2026-04-22T06:15:45,04/22/202606:15,20.64,0,0,51.08,0,0,0,0,0,198.7,23803,45030,19.2,15.209999999999999,92,29.97,8.492,183.2,0,0,
2026-04-22T06:16:00,04/22/202606:16,20.66,0,0,51.08,0,0,0,0,0,198.7,23803,45030,19.2,15.219999999999999,92,29.97,8.474,183.4,0,0,
2026-04-22T06:16:46,04/22/202606:16,20.7,0,0,51.08,0,0,0,0,0,198.7,23803,45030,19.2,15.23,92,29.97,8.456,183.6,0,0,
2026-04-22T06:17:01,04/22/202606:17,20.740000000000002,0,0,51.08,0,0,0,0,0,198.7,23803,45030,19.2,15.24,92,29.97,8.437999999999999,183.8,0,0,
2026-04-22T06:17:45,04/22/202606:17,20.79,0,0,51.07,0,0,0,0,0,198.7,23803,45030,19.2,15.25,92,29.97,8.42,184,0,0,
2026-04-22T06:18:00,04/22/202606:18,20.84,0,0,51.06,0,0,0,0,0,198.7,23803,45030,19.2,15.26,92,29.97,8.402,184.2,0,0,
2026-04-22T06:18:45,04/22/202606:18,20.89,0,0,51.06,0,0,0,0,0,198.7,23803,45030,19.2,15.27,92,29.97,8.384,184.4,0,0,
2026-04-22T06:19:01,04/22/202606:19,20.94,0,0,51.06,0,0,0,0,0,198.7,23803,45030,19.2,15.280000000000001,92,29.97,8.366,184.6,0,0,
2026-04-22T06:19:45,04/22/202606:19,21,0,0,51.06,0,0,0,0,0,198.7,23803,45030,19.2,15.290000000000001,92,29.97,8.348,184.8,0,0,
2026-04-22T06:20:00,04/22/202606:20,21.06,0,0,51.06,0,0,0,0,0,198.7,23803,45030,19.2,15.3,92,29.97,8.33,185,0,0,
2026-04-22T06:20:45,04/22/202606:20,21.130000000000003,0,0,51.06,0,0,0,0,0,198.7,23803,45030,19.2,15.3,92,29.97,8.33,185,0,0,
2026-04-22T06:21:00,04/22/202606:21,21.2,0,0,51.06,0,0,0,0,0,198.7,23803,45030,19.2,15.3,92,29.97,8.33,185,0,0,
2026-04-22T06:22:19,04/22/202606:22,21.27,0,0,51.06,0,0,0,0,0,198.7,23803,45030,19.2,15.3,92,29.97,8.33,185,0,0,
2026-04-22T06:22:25,04/22/202606:22,21.380000000000003,0,0,51.05,0,0,0,0,0,198.7,23803,45030,19.2,15.3,92,29.97,8.33,185,0,0,
2026-04-22T06:23:00,04/22/202606:23,21.47,0,0,51.05,0,0,0,0,0,198.7,23803,45030,19.2,15.3,92,29.97,8.33,185,0,0,
2026-04-22T06:23:25,04/22/202606:23,21.61,0,0,51.05,0,0,0,0,0,198.7,23803,45030,19.2,15.3,92,29.97,8.33,185,0,0,
2026-04-22T06:24:01,04/22/202606:24,21.740000000000002,0,0,51.05,0,0,0,0,0,198.7,23803,45030,19.2,15.3,92,29.97,8.33,185,0,0,
2026-04-22T06:24:25,04/22/202606:24,21.91,0,0,51.06,0,0,0,0,0,198.7,23803,45030,19.2,15.3,92,29.97,8.33,185,0,0,
2026-04-22T06:25:00,04/22/202606:25,22.07,0,0,51.06,0,0,0,0,0,198.7,23803,45030,19.2,15.3,92,29.97,8.33,185,0,0,
2026-04-22T06:25:25,04/22/202606:25,22.29,0,0,51.06,0,0,0,0,0,198.7,23803,45030,19.2,15.3,92,29.97,8.33,185,0,0,
2026-04-22T06:26:01,04/22/202606:26,22.490000000000002,0,0,51.06,0,0,0,0,0,198.7,23803,45030,19.2,15.3,92,29.97,8.33,185,0,0,
2026-04-22T06:26:10,04/22/202606:26,22.759999999999998,0,0,51.05,0,0,0,0,0,198.7,23803,45030,19.2,15.3,92,29.97,8.33,185,0,0,
2026-04-22T06:27:01,04/22/202606:27,23.02,0,0,51.04,0,0,0,0,0,198.7,23803,45030,19.2,15.3,92,29.97,8.33,185,0,0,
2026-04-22T06:27:10,04/22/202606:27,23.35,0,0,51.04,0,0,0,0,0,198.7,23803,45030,19.2,15.3,92,29.97,8.33,185,0,0,
2026-04-22T06:28:00,04/22/202606:28,23.68,0,0,51.04,0,0,0,0,0,198.7,23803,45030,19.2,15.3,92,29.97,8.33,185,0,0,
2026-04-22T06:28:09,04/22/202606:28,24.02,0,0,51.05,0,0,0,0,0,198.7,23803,45030,19.2,15.3,92,29.97,8.33,185,0,0,
2026-04-22T06:29:01,04/22/202606:29,24.36,0,0,51.06,0,0,0,0,0,198.7,23803,45030,19.2,15.3,92,29.97,8.33,185,0,0,
2026-04-22T06:29:10,04/22/202606:29,24.84,0,0,51.05,0,0,0,0,0,198.7,23803,45030,19.2,15.3,92,29.97,8.33,185,0,0,
2026-04-22T06:30:01,04/22/202606:30,25.32,0,0,51.04,0,0,0,0,0,198.7,23803,45030,19.2,15.3,92,29.97,8.33,185,0,0,
2026-04-22T06:30:10,04/22/202606:30,26.1,0,0,51.03,0,0,0,0,0,198.7,23803,45030,19.2,15.3,92,29.97,8.33,185,0,0,
2026-04-22T06:31:51,04/22/202606:31,27.47,0,0,51.019999999999996,0,0,0,0,0,198.7,23803,45030,19.2,15.3,92,29.97,8.348,185,0,0,
2026-04-22T06:32:01,04/22/202606:32,28.77,0,0,51.019999999999996,0,0,0,0,0,198.7,23803,45030,19.2,15.3,92,29.97,8.366,185,0,0,
2026-04-22T06:33:30,04/22/202606:33,30.310000000000002,0,0,51.019999999999996,0,0,0,0,0,198.7,23803,45030,19.2,15.3,92,29.97,8.384,185,0,0,
2026-04-22T06:33:50,04/22/202606:33,31.9,0,0,51.019999999999996,0,0,0,0,0,198.7,23803,45030,19.2,15.3,92,29.97,8.402,185,0,0,
2026-04-22T06:34:00,04/22/202606:34,33.49,0,0,51.019999999999996,0,0,0,0,0,198.7,23803,45030,19.2,15.3,92,29.97,8.42,185,0,0,
2026-04-22T06:34:51,04/22/202606:34,35.260000000000005,0,0,51.019999999999996,0,0,0,0,0,198.7,23803,45030,19.2,15.3,92,29.97,8.437999999999999,185,0,0,
2026-04-22T06:35:01,04/22/202606:35,37.03,0,0,51.019999999999996,0,0,0,0,0,198.7,23803,45030,19.2,15.3,92,29.97,8.456,185,0,0,
2026-04-22T06:35:50,04/22/202606:35,38.96,0,0,51.03,0,0,0,0,0,198.7,23803,45030,19.2,15.270000000000001,92,29.97,8.474,185,0,0,
2026-04-22T06:36:00,04/22/202606:36,40.89,0,0,51.04,0,0,0,0,0,198.7,23803,45030,19.2,15.24,92,29.97,8.492,185,0,0,
2026-04-22T06:36:51,04/22/202606:36,43.06,0,0,51.05,0,0,0,0,0,198.7,23803,45030,19.2,15.209999999999999,92,29.967000000000002,8.535,183.9,0,0,
2026-04-22T06:37:00,04/22/202606:37,44.64,0,0,51.06,0,0,0,0,0,198.7,23803,45030,19.2,15.180000000000001,92,29.964,8.559999999999999,182.8,0,0,
2026-04-22T06:37:23,04/22/202606:37,46.21,0,0,51.07,0,0,0,0,0,198.7,23803,45030,19.2,15.15,92.2,29.961000000000002,8.584999999999999,181.7,0,0,
2026-04-22T06:38:01,04/22/202606:38,47.54,0,0,51.08,0,0,0,0,0,198.7,23803,45030,19.2,15.12,92.4,29.958,8.61,180.6,0,0,
2026-04-22T06:38:24,04/22/202606:38,48.72,0,0,51.08,0,0,0,0,0,198.7,23803,45030,19.2,15.09,92.6,29.955000000000002,8.635,179.5,0,0,
2026-04-22T06:39:26,04/22/202606:39,49.9,0,0,51.09,0,0,0,0,0,198.7,23803,45030,19.2,15.059999999999999,92.8,29.951999999999998,8.66,178.4,0,0,
2026-04-22T06:40:01,04/22/202606:40,50.839999999999996,0,0,51.09,0,0,0,0,0,198.7,23803,45030,19.2,15.030000000000001,93,29.949,8.684999999999999,177.3,0,0,
2026-04-22T06:40:26,04/22/202606:40,51.77,0,0,51.08,0,0,0,0,0,198.7,23803,45030,19.2,15,93.2,29.946000000000005,8.709999999999999,176.2,0,0,
2026-04-22T06:41:01,04/22/202606:41,52.36,0,0,51.07,0,0,0,0,0,198.7,23803,45030,19.2,15,93.4,29.943,8.735,175.1,0,0,
2026-04-22T06:42:00,04/22/202606:42,52.95,0,0,51.07,0,0,0,0,0,198.7,23803,45030,19.2,15,93.6,29.940000000000005,8.76,174,0,0,
2026-04-22T06:43:01,04/22/202606:43,52.94,0,0,51.06,0,0,0,0,0,198.7,23803,45030,19.2,15,93.8,29.940000000000005,8.76,174,0,0,
2026-04-22T06:44:41,04/22/202606:44,52.92999999999999,0,0,51.06,0,0,0,0,0,198.7,23803,45030,19.2,15,94,29.940000000000005,8.76,174,0,0,
2026-04-22T06:45:46,04/22/202606:45,52.94,0,0,51.05,0,0,0,0,0,198.7,23803,45030,19.2,15,93.9,29.943,8.785,174,0,0,
2026-04-22T06:46:01,04/22/202606:46,52.95,0,0,51.04,0,0,0,0,0,198.7,23803,45030,19.2,15,93.8,29.946000000000005,8.809999999999999,174,0,0,
2026-04-22T06:47:01,04/22/202606:47,52.95,0,0,51.04,0,0,0,0,0,198.7,23803,45030,19.1,15,93.7,29.949,8.834999999999999,174,0,0,
2026-04-22T06:48:01,04/22/202606:48,52.95,0,0,51.03,0,0,0,0,0,198.7,23803,45030,19.1,15,93.6,29.951999999999998,8.86,174,0,0,
2026-04-22T06:49:01,04/22/202606:49,52.95,0,0,51.019999999999996,0,0,0,0,0,198.7,23803,45030,19.1,15,93.5,29.955000000000002,8.885,174,0,0,
2026-04-22T06:50:01,04/22/202606:50,52.96,0,0,51.03,0,0,0,0,0,198.7,23803,45030,19.2,15,93.4,29.958,8.91,174,0,0,
2026-04-22T06:51:01,04/22/202606:51,52.970000000000006,0,0,51.04,0,0,0,0,0,198.7,23803,45030,19.1,15,93.3,29.961000000000002,8.934999999999999,174,0,0,
2026-04-22T06:51:47,04/22/202606:51,52.989999999999995,0,0,51.03,0,0,0,0,0,198.7,23803,45030,19.1,15,93.2,29.964,8.959999999999999,174,0,0,
2026-04-22T06:52:01,04/22/202606:52,53.010000000000005,0,0,51.03,0,0,0,0,0,198.7,23803,45030,19.1,15,93.1,29.967000000000002,8.985,174,0,0,
2026-04-22T06:53:01,04/22/202606:53,53.029999999999994,0,0,51.019999999999996,0,0,0,0,0,198.7,23803,45030,19.1,15,93,29.97,9.01,174,0,0,
2026-04-22T06:55:53,04/22/202606:55,53.04,0,0,51.03,0,0,0,0,0,198.7,23803,45030,19.1,15,93,29.97,9.01,174,0,0,
2026-04-22T06:56:01,04/22/202606:56,53.05,0,0,51.04,0,0,0,0,0,198.7,23803,45030,19.1,15,93,29.97,9.01,174,0,0,
2026-04-22T06:57:01,04/22/202606:57,53.06,0,0,51.04,0,0,0,0,0,198.7,23803,45030,19.1,15,93,29.97,9.01,174,0,0,
2026-04-22T06:58:00,04/22/202606:58,53.07000000000001,0,0,51.05,0,0,0,0,0,198.7,23803,45030,19.1,15,93,29.97,9.01,174,0,0,
2026-04-22T06:59:01,04/22/202606:59,53.08,0,0,51.06,0,0,0,0,0,198.7,23803,45030,19.1,15,93,29.97,9.01,174,0,0,
2026-04-22T07:00:01,04/22/202607:00,53.089999999999996,0,0,51.06,0,0,0,0,0,198.7,23803,45030,19.1,15,93,29.97,9.01,174,0,0,
2026-04-22T07:00:41,04/22/202607:00,53.089999999999996,0,0,51.05,0,0,0,0,0,198.7,23803,45030,19.1,15.01,93,29.97,8.985,174.2,0,0,
2026-04-22T07:01:01,04/22/202607:01,53.08,0,0,51.05,0,0,0,0,0,198.7,23803,45030,19.1,15.02,93,29.97,8.959999999999999,174.4,0,0,
2026-04-22T07:02:37,04/22/202607:02,53.089999999999996,0,0,51.05,0,0,0,0,0,198.7,23803,45030,19.2,15.030000000000001,93,29.97,8.934999999999999,174.6,0,0,
2026-04-22T07:03:00,04/22/202607:03,53.1,0,0,51.05,0,0,0,0,0,198.7,23803,45030,19.2,15.040000000000001,93,29.97,8.91,174.8,0,0,
2026-04-22T07:04:01,04/22/202607:04,53.11,0,0,51.04,0,0,0,0,0,198.7,23803,45030,19.1,15.05,93,29.97,8.885,175,0,0,
2026-04-22T07:04:37,04/22/202607:04,53.129999999999995,0,0,51.03,0,0,0,0,0,198.7,23803,45030,19.1,15.059999999999999,93,29.97,8.86,175.2,0,0,
2026-04-22T07:05:01,04/22/202607:05,53.15,0,0,51.03,0,0,0,0,0,198.7,23803,45030,19.1,15.069999999999999,93,29.97,8.834999999999999,175.4,0,0,
2026-04-22T07:07:04,04/22/202607:07,52.92,0,0,51.019999999999996,0,0,0,0,0,198.7,23803,45030,19.2,15.080000000000002,93,29.97,8.809999999999999,175.6,0,0,
2026-04-22T07:07:42,04/22/202607:07,52.67999999999999,0.01,0.5267999999999999,51,0.01,0.51,1,0,0,198.7,23803,45030,19.1,15.09,93,29.97,8.785,175.8,0,0,0.968109339
2026-04-22T07:07:53,04/22/202607:07,52.45,0.02,1.0490000000000002,50.989999999999995,0.02,1.0197999999999998,2,0,0,198.7,23803,45030,19.1,15.1,93,29.97,8.76,176,0,0,0.9721639656816012
2026-04-22T07:08:01,04/22/202607:08,52.23,0.030000000000000006,1.5669000000000002,50.989999999999995,0.030000000000000006,1.5297,3,0,0,198.7,23803,45030,19.1,15.1,93,29.97,8.76,176,0,0,0.9762588550641393
2026-04-22T07:08:53,04/22/202607:08,59.629999999999995,0.030000000000000006,1.7889000000000002,51,0.030000000000000006,1.5300000000000002,3,0,0,198.7,23803,45030,19.1,15.1,93,29.97,8.76,176,0,0,0.8552741908435352
2026-04-22T07:09:00,04/22/202607:09,67.01,0.030000000000000006,2.0103000000000004,51.010000000000005,0.030000000000000006,1.5303000000000004,3,0,0,198.7,23803,45030,19.1,15.1,93,29.97,8.76,176,0,0,0.7612296672138488
2026-04-22T07:09:53,04/22/202607:09,74.26,0.030000000000000006,2.2278000000000007,51.010000000000005,0.030000000000000006,1.5303000000000004,3,0,0,198.7,23803,45030,19.1,15.1,93,29.97,8.76,176,0,0,0.6869108537570697
2026-04-22T07:10:01,04/22/202607:10,81.51,0.030000000000000006,2.4453000000000005,51.010000000000005,0.030000000000000006,1.5303000000000004,3,0,0,198.7,23803,45030,19.1,15.1,93,29.97,8.76,176,0,0,0.6258127837075206
2026-04-22T07:10:53,04/22/202607:10,88.78,0.030000000000000006,2.6634000000000007,51.019999999999996,0.030000000000000006,1.5306000000000002,3,0,0,198.7,23803,45030,19.1,15.1,93,29.97,8.76,176,0,0,0.5746789817526469
2026-04-22T07:11:01,04/22/202607:11,96.05,0.030000000000000006,2.8815000000000004,51.03,0.030000000000000006,1.5309000000000004,3,0,0,198.7,23803,45030,19.1,15.1,93,29.97,8.76,176,0,0,0.5312857886517439
2026-04-22T07:11:09,04/22/202607:11,103.6,0.030000000000000006,3.1080000000000005,51.04,0.030000000000000006,1.5312000000000003,3,0,0,198.7,23803,45030,19.1,15.1,93,29.97,8.76,176,0,0,0.49266409266409267
2026-04-22T07:12:00,04/22/202607:12,111.16,0.02,2.2232,51.06,0.02,1.0212,2,0,0,198.7,23803,45030,19.1,15.1,93,29.97,8.76,176,0,0,0.45933789132781583
2026-04-22T07:12:09,04/22/202607:12,118.63,0.01,1.1863,51.06,0.01,0.5106,1,0,0,198.7,23803,45030,19.1,15.1,93,29.97,8.76,176,0,0,0.4304138919329007
2026-04-22T07:13:01,04/22/202607:13,126.1,0,0,51.06,0,0,0,0,0,198.7,23803,45030,19.1,15.1,93,29.97,8.76,176,0,0,
2026-04-22T07:13:09,04/22/202607:13,125.92999999999999,0,0,51.06,0,0,0,0,0,198.7,23803,45030,19.1,15.1,93,29.97,8.76,176,0,0,
2026-04-22T07:14:00,04/22/202607:14,125.75999999999999,0,0,51.06,0,0,0,0,0,198.7,23803,45030,19.1,15.1,93,29.97,8.76,176,0,0,
2026-04-22T07:14:09,04/22/202607:14,125.80999999999999,0,0,51.07,0,0,0,0,0,198.7,23803,45030,19.2,15.1,93,29.97,8.76,176,0,0,
2026-04-22T07:15:01,04/22/202607:15,125.85999999999999,0,0,51.08,0,0,0,0,0,198.7,23803,45030,19.2,15.1,93,29.97,8.76,176,0,0,
2026-04-22T07:15:09,04/22/202607:15,125.96,0,0,51.07,0,0,0,0,0,198.7,23803,45030,19.1,15.1,93,29.97,8.76,176,0,0,
2026-04-22T07:16:01,04/22/202607:16,126.05999999999999,0,0,51.06,0,0,0,0,0,198.7,23803,45030,19.1,15.1,93,29.97,8.76,176,0,0,
2026-04-22T07:16:09,04/22/202607:16,126.21,0,0,51.05,0,0,0,0,0,198.7,23803,45030,19.1,15.1,93,29.97,8.735,176.1,0.6,0,
2026-04-22T07:17:01,04/22/202607:17,126.35999999999999,0,0,51.04,0,0,0,0,0,198.7,23803,45030,19.1,15.1,93,29.97,8.709999999999999,176.2,1.2,0,
2026-04-22T07:18:15,04/22/202607:18,126.62,0,0,51.05,0,0,0,0,0,198.7,23803,45030,19.1,15.1,93,29.97,8.684999999999999,176.3,1.8,0,
2026-04-22T07:19:01,04/22/202607:19,126.88,0,0,51.06,0,0,0,0,0,198.7,23803,45030,19.1,15.1,93,29.97,8.66,176.4,2.4,0,
2026-04-22T07:19:09,04/22/202607:19,127.39000000000001,0,0,51.06,0,0,0,0,0,198.7,23803,45030,19.1,15.1,93,29.97,8.635,176.5,3,0,
2026-04-22T07:20:01,04/22/202607:20,127.9,0,0,51.06,0,0,0,0,0,198.7,23803,45030,19.1,15.1,93,29.97,8.61,176.6,3.6,0,
2026-04-22T07:20:09,04/22/202607:20,127.19000000000001,0,0,51.05,0,0,0,0,0,198.7,23803,45030,19.1,15.1,93,29.97,8.584999999999999,176.7,4.2,0,
2026-04-22T07:20:41,04/22/202607:20,127.75,0,0,51.04,0,0,0,0,0,198.7,23803,45030,19.1,15.1,93,29.97,8.559999999999999,176.8,4.8,0,
2026-04-22T07:21:01,04/22/202607:21,128.23,0,0,51.04,0,0,0,0,0,198.7,23803,45030,19.1,15.1,93,29.97,8.535,176.9,5.4,0,
2026-04-22T07:21:41,04/22/202607:21,128.85,0,0,51.04,0,0,0,0,0,198.7,23803,45030,19.1,15.1,93,29.97,8.51,177,6,0,
2026-04-22T07:22:01,04/22/202607:22,129.39000000000001,0,0,51.04,0,0,0,0,0,198.7,23803,45030,19.1,15.1,93,29.97,8.51,177,6,0,
2026-04-22T07:22:40,04/22/202607:22,129.92000000000002,0,0,51.05,0.01,0.5105,0.5,0,0,198.7,23803,45030,19.1,15.1,93,29.97,8.51,177,6,0,
2026-04-22T07:23:01,04/22/202607:23,130.42000000000002,0,0,51.05,0.02,1.021,1,0,0,198.7,23803,45030,19.1,15.1,93,29.97,8.51,177,6,0,
2026-04-22T07:23:41,04/22/202607:23,130.99,0,0,51.05,0.02,1.021,1,0,0,198.7,23803,45030,19.1,15.1,93,29.97,8.51,177,6,0,
2026-04-22T07:24:01,04/22/202607:24,131.32999999999998,0,0,51.05,0.02,1.021,1,0,0,198.7,23803,45030,19.1,15.1,93,29.97,8.51,177,6,0,
2026-04-22T07:24:40,04/22/202607:24,131.47,0,0,51.05,0.02,1.021,1,0,0,198.7,23803,45030,19.1,15.1,93,29.97,8.51,177,6,0,
2026-04-22T07:25:01,04/22/202607:25,132.74,0,0,51.06,0.02,1.0212,1,0,0,198.7,23803,45030,19.1,15.1,93,29.97,8.51,177,6,0,
2026-04-22T07:25:41,04/22/202607:25,132.95,0,0,51.07,0.02,1.0214,1,0,0,198.7,23803,45030,19.1,15.1,93,29.97,8.51,177,6,0,
2026-04-22T07:26:01,04/22/202607:26,133.16,0,0,51.08,0.02,1.0216,1,0,0,198.7,23803,45030,19.1,15.1,93,29.97,8.51,177,6,0,
2026-04-22T07:26:41,04/22/202607:26,132.92000000000002,0,0,51.09,0.02,1.0218,1,0,0,198.7,23803,45030,19.1,15.1,93,29.97,8.51,177,6,0,
2026-04-22T07:27:01,04/22/202607:27,132.68,0,0,51.1,0.02,1.022,1,0,0,198.7,23803,45030,19.1,15.1,93,29.97,8.51,177,6,0,
2026-04-22T07:27:40,04/22/202607:27,132.76000000000002,0,0,51.1,0.01,0.511,0.5,0,0,198.7,23803,45030,19.1,15.1,93,29.97,8.51,177,6,0,
2026-04-22T07:28:00,04/22/202607:28,132.84,0,0,51.1,0,0,0,0,0,198.7,23803,45030,19.1,15.1,93,29.97,8.51,177,6,0,
2026-04-22T07:29:27,04/22/202607:29,132.66000000000003,0,0,51.1,0,0,0,0,0,198.7,23803,45030,19.1,15.1,93,29.97,8.51,177,6,0,
2026-04-22T07:29:41,04/22/202607:29,132.72,0,0,51.1,0,0,0,0,0,198.7,23803,45030,19.1,15.1,93,29.97,8.51,177,6,0,
2026-04-22T07:30:00,04/22/202607:30,132.98000000000002,0,0,51.1,0,0,0,0,0,198.7,23803,45030,19.1,15.1,93,29.97,8.51,177,6,0,
2026-04-22T07:30:41,04/22/202607:30,132.61,0,0,51.1,0,0,0,0,0,198.7,23803,45030,19.1,15.1,93,29.97,8.51,177,6,0,
2026-04-22T07:31:00,04/22/202607:31,132.03,0,0,51.1,0,0,0,0,0,198.7,23803,45030,19.1,15.1,93,29.97,8.51,177,6,0,
2026-04-22T07:31:10,04/22/202607:31,132.07,0,0,51.11,0,0,0,0,0,198.7,23803,45030,19.1,15.12,92.9,29.97,8.553999999999998,176.9,6.9,0,
2026-04-22T07:32:00,04/22/202607:32,132.42000000000002,0,0,51.120000000000005,0,0,0,0,0,198.7,23803,45030,19.1,15.14,92.8,29.97,8.597999999999999,176.8,7.8,0,
2026-04-22T07:32:11,04/22/202607:32,132.72,0,0,51.13,0,0,0,0,0,198.7,23803,45030,19.1,15.13,92.7,29.97,8.642,176.7,8.7,0,
2026-04-22T07:33:00,04/22/202607:33,132.71,0,0,51.14,0,0,0,0,0,198.7,23803,45030,19.1,15.12,92.6,29.97,8.686,176.6,9.6,0,
2026-04-22T07:33:11,04/22/202607:33,132.69,0,0,51.15,0,0,0,0,0,198.7,23803,45030,19.1,15.11,92.5,29.97,8.73,176.5,10.5,0,
2026-04-22T07:34:00,04/22/202607:34,132.85999999999999,0,0,51.160000000000004,0,0,0,0,0,198.7,23803,45030,19.1,15.1,92.4,29.97,8.774,176.4,11.4,0,
2026-04-22T07:35:00,04/22/202607:35,132.79000000000002,0,0,51.17,0,0,0,0,0,198.7,23803,45030,19.1,15.09,92.3,29.97,8.818,176.3,12.3,0,
2026-04-22T07:35:11,04/22/202607:35,132.64000000000001,0,0,51.18,0,0,0,0,0,198.7,23803,45030,19.1,15.080000000000002,92.2,29.97,8.905,174.8,13.2,0,
2026-04-22T07:36:00,04/22/202607:36,133.12,0,0,51.190000000000005,0,0,0,0,0,198.7,23803,45030,19.1,15.069999999999999,92.1,29.97,8.992,173.3,14.1,0,
2026-04-22T07:37:00,04/22/202607:37,133.6,0,0,51.190000000000005,0,0,0,0,0,198.7,23803,45030,19.1,15.059999999999999,92,29.97,9.078999999999999,171.8,15,0,
2026-04-22T07:38:00,04/22/202607:38,133.45999999999998,0,0,51.18,0,0,0,0,0,198.7,23803,45030,19.1,15.030000000000001,92,29.97,9.122,170.4,15,0,
2026-04-22T07:38:11,04/22/202607:38,133.26,0,0,51.17,0,0,0,0,0,198.7,23803,45030,19.1,15,92,29.97,9.165000000000001,169,15,0,
2026-04-22T07:39:00,04/22/202607:39,133.10999999999999,0,0,51.160000000000004,0,0,0,0,0,198.7,23803,45030,19.1,15,92,29.97,9.208,167.6,15,0,
2026-04-22T07:39:10,04/22/202607:39,133.02,0,0,51.15,0,0,0,0,0,198.7,23803,45030,19.1,15,92,29.97,9.251000000000001,166.2,15,0,
2026-04-22T07:40:39,04/22/202607:40,132.95999999999998,0,0,51.14,0,0,0,0,0,198.7,23803,45030,19.1,15,92,29.97,9.294,164.8,15,0,
2026-04-22T07:41:01,04/22/202607:41,132.9,0,0,51.13,0,0,0,0,0,198.7,23803,45030,19.1,15,92,29.97,9.337,163.4,15,0,
2026-04-22T07:41:11,04/22/202607:41,132.81,0,0,51.120000000000005,0,0,0,0,0,198.7,23803,45030,19,15,92,29.97,9.38,162,15,0,
2026-04-22T07:42:00,04/22/202607:42,132.8,0,0,51.11,0,0,0,0,0,198.7,23803,45030,19,15,92,29.97,9.38,162,15,0,
2026-04-22T07:42:11,04/22/202607:42,132.82999999999998,0,0,51.1,0,0,0,0,0,198.7,23803,45030,19.1,15,92,29.97,9.38,162,15,0,
2026-04-22T07:43:00,04/22/202607:43,132.85999999999999,0,0,51.1,0,0,0,0,0,198.7,23803,45030,19.1,15,92,29.97,9.38,162,15,0,
2026-04-22T07:44:01,04/22/202607:44,132.89000000000001,0,0,51.1,0,0,0,0,0,198.7,23803,45030,19,15,92,29.97,9.38,162,15,0,
2026-04-22T07:44:11,04/22/202607:44,133.19,0,0,51.11,0,0,0,0,0,198.7,23803,45030,19,15,92,29.97,9.38,162,15,0,
2026-04-22T07:45:00,04/22/202607:45,133.49,0,0,51.120000000000005,0,0,0,0,0,198.7,23803,45030,19,15,92,29.97,9.38,162,15,0,
2026-04-22T07:45:11,04/22/202607:45,133.5,0,0,51.120000000000005,0,0,0,0,0,198.7,23803,45030,19.1,15,92,29.97,9.38,162,15,0,
2026-04-22T07:46:30,04/22/202607:46,133.68,0,0,51.120000000000005,0,0,0,0,0,198.7,23803,45030,19,15.02,91.9,29.967000000000002,9.399000000000001,162.2,15.7,0.01,
2026-04-22T07:47:01,04/22/202607:47,133.85999999999999,0,0,51.120000000000005,0,0,0,0,0,198.7,23803,45030,19,15.040000000000001,91.8,29.964,9.418000000000001,162.4,16.4,0.02,
2026-04-22T07:48:00,04/22/202607:48,134.07,0,0,51.13,0,0,0,0,0,198.7,23803,45030,19,15.059999999999999,91.7,29.961000000000002,9.437000000000001,162.6,17.1,0.030000000000000006,
2026-04-22T07:48:30,04/22/202607:48,134.27,0,0,51.14,0,0,0,0,0,198.7,23803,45030,19.1,15.080000000000002,91.6,29.958,9.456,162.8,17.8,0.04,
2026-04-22T07:49:00,04/22/202607:49,134.43,0,0,51.15,0,0,0,0,0,198.7,23803,45030,19.1,15.1,91.5,29.955000000000002,9.475,163,18.5,0.05,
2026-04-22T07:49:30,04/22/202607:49,134.61,0,0,51.160000000000004,0,0,0,0,0,198.7,23803,45030,19.1,15.12,91.4,29.951999999999998,9.494,163.2,19.2,0.06,
2026-04-22T07:50:00,04/22/202607:50,134.79000000000002,0,0,51.17,0,0,0,0,0,198.7,23803,45030,19.1,15.14,91.3,29.949,9.513000000000002,163.4,19.9,0.07,
2026-04-22T07:50:31,04/22/202607:50,134.82999999999998,0,0,51.17,0,0,0,0,0,198.7,23803,45030,19.1,15.16,91.2,29.946000000000005,9.532,163.6,20.6,0.08,
2026-04-22T07:51:51,04/22/202607:51,134.55,0,0,51.17,0,0,0,0,0,198.7,23803,45030,19,15.179999999999998,91.1,29.943,9.551,163.8,21.3,0.09,
2026-04-22T07:52:01,04/22/202607:52,134.5,0,0,51.18,0,0,0,0,0,198.7,23803,45030,19,15.2,91,29.940000000000005,9.57,164,22,0.1,
2026-04-22T07:52:12,04/22/202607:52,126.64000000000001,0.04,5.065600000000001,51.2,0.03,1.536,1.5,0,0,198.7,23803,45030,19,15.2,91.2,29.940000000000005,9.57,164,22,0.1,0.3032217308907138
2026-04-22T07:52:39,04/22/202607:52,118.79,0.08,9.503200000000001,51.220000000000006,0.06,3.0732000000000004,3,0,0,198.7,23803,45030,19,15.2,91.4,29.940000000000005,9.57,164,22,0.1,0.3233858068861015
2026-04-22T07:53:00,04/22/202607:53,110.94000000000001,0.12000000000000002,13.312800000000005,51.23,0.09,4.6107,4.5,0,0,198.7,23803,45030,19,15.2,91.6,29.940000000000005,9.57,164,22,0.1,0.34633585722011884
2026-04-22T07:53:40,04/22/202607:53,105.19000000000001,0.15,15.778500000000001,51.23,0.12,6.1476,6,0,0,198.7,23803,45030,19.1,15.2,91.8,29.940000000000005,9.57,164,22,0.1,0.3896187850556136
2026-04-22T07:54:00,04/22/202607:54,99.44,0.18,17.8992,51.23,0.15,7.684499999999999,7.5,0,0,198.7,23803,45030,19.1,15.2,92,29.940000000000005,9.57,164,22,0.1,0.4293208635022794
2026-04-22T07:54:14,04/22/202607:54,91.67999999999999,0.2,18.336,51.239999999999995,0.18,9.223199999999999,9,0,0,198.7,23803,45030,19,15.2,92.2,29.940000000000005,9.57,164,22,0.1,0.5030104712041884
2026-04-22T07:55:01,04/22/202607:55,83.91999999999999,0.22000000000000003,18.4624,51.25,0.21000000000000002,10.762500000000001,10.5,0,0,198.7,23803,45030,19,15.2,92.4,29.940000000000005,9.57,164,22,0.1,0.5829415460611839
2026-04-22T07:55:15,04/22/202607:55,84.02,0.22000000000000003,18.4844,51.260000000000005,0.21000000000000002,10.764600000000002,10.5,0,0,198.7,23803,45030,19.1,15.2,92.6,29.940000000000005,9.57,164,22,0.1,0.5823613425374912
2026-04-22T07:56:00,04/22/202607:56,84.44,0.22000000000000003,18.576800000000002,51.27,0.21000000000000002,10.766700000000002,10.5,0,0,198.7,23803,45030,19.1,15.2,92.8,29.940000000000005,9.57,164,22,0.1,0.5795777528960855
2026-04-22T07:56:14,04/22/202607:56,77.08,0.24,18.4992,51.279999999999994,0.24,12.307199999999998,12,0,0,198.7,23803,45030,19,15.2,93,29.940000000000005,9.57,164,22,0.1,0.6652828230409963
2026-04-22T07:57:00,04/22/202607:57,77.34,0.22000000000000003,17.014800000000005,51.279999999999994,0.24,12.307199999999998,12,0,0,198.7,23803,45030,19,15.2,93,29.940000000000005,9.57,164,22,0.1,0.723323224
2026-04-22T07:57:15,04/22/202607:57,85.34,0.18,15.3612,51.279999999999994,0.21000000000000002,10.7688,10.5,0,0,198.7,23803,45030,19,15.2,93,29.940000000000005,9.57,164,22,0.1,0.7010389813295836
2026-04-22T07:58:00,04/22/202607:58,93.34,0.13999999999999999,13.067599999999999,51.279999999999994,0.18,9.230399999999998,9,0,0,198.7,23803,45030,19,15.2,93,29.940000000000005,9.57,164,22,0.1,0.7063577091432244
2026-04-22T07:58:15,04/22/202607:58,99.24,0.11000000000000001,10.916400000000001,51.3,0.15,7.694999999999999,7.5,0,0,198.7,23803,45030,19,15.2,93,29.940000000000005,9.57,164,22,0.1,0.7049027151808287
2026-04-22T07:59:00,04/22/202607:59,105.14000000000001,0.08,8.411200000000001,51.31999999999999,0.12,6.1583999999999985,6,0,0,198.7,23803,45030,19,15.2,93,29.940000000000005,9.57,164,22,0.1,0.7321666349629063
2026-04-22T07:59:15,04/22/202607:59,113.05,0.06,6.783000000000001,51.33,0.09,4.6197,4.5,0,0,198.7,23803,45030,19,15.2,93,29.940000000000005,9.57,164,22,0.1,0.6810703228659883
2026-04-22T08:00:01,04/22/202608:00,120.96,0.04,4.8384,51.339999999999996,0.06,3.0803999999999996,3,0,0,198.7,23803,45030,19,15.2,93,29.940000000000005,9.57,164,22,0.1,0.6366567460317459
2026-04-22T08:00:15,04/22/202608:00,113.04,0.08,9.0432,51.35,0.11000000000000001,5.648500000000001,5.5,0,0,198.7,23803,45030,19,15.209999999999999,93,29.940000000000005,9.576,164.3,22.8,0.1,0.6246129688605804
2026-04-22T08:01:00,04/22/202608:01,105.12,0.12000000000000002,12.614400000000003,51.36,0.16,8.217600000000001,8,0,0,198.7,23803,45030,19,15.219999999999999,93,29.940000000000005,9.582,164.6,23.6,0.1,0.6514459665144595
2026-04-22T08:01:14,04/22/202608:01,105,0.14,14.700000000000001,51.379999999999995,0.18,9.248399999999998,9,0,0,198.7,23803,45030,19,15.23,93,29.940000000000005,9.588000000000001,164.9,24.4,0.1,0.629142857
2026-04-22T08:03:03,04/22/202608:03,104.88,0.16,16.7808,51.39,0.2,10.278,10,0,0,198.7,23803,45030,19,15.24,93,29.940000000000005,9.594,165.2,25.2,0.1,0.6124856979405034
2026-04-22T08:03:15,04/22/202608:03,99.49000000000001,0.2,19.898000000000003,51.410000000000004,0.22999999999999998,11.8243,11.5,0,0,198.7,23803,45030,19,15.25,93,29.940000000000005,9.6,165.5,26,0.1,0.594245653
2026-04-22T08:04:00,04/22/202608:04,94.1,0.24000000000000005,22.584000000000003,51.42999999999999,0.26,13.371799999999999,13,0,0,198.7,23803,45030,19,15.26,93,29.940000000000005,9.606,165.8,26.8,0.1,0.5920917463691108
2026-04-22T08:04:15,04/22/202608:04,88.72999999999999,0.28,24.8444,51.44,0.3,15.431999999999999,15,0,0,198.7,23803,45030,19,15.27,93,29.940000000000005,9.612,166.1,27.6,0.1,0.6211460127835648
2026-04-22T08:05:01,04/22/202608:05,83.36,0.32,26.6752,51.45,0.33999999999999997,17.493,17,0,0,198.7,23803,45030,19,15.280000000000001,93,29.940000000000005,9.618,166.4,28.4,0.1,0.6557776511516314
2026-04-22T08:05:15,04/22/202608:05,75.7,0.34,25.738000000000003,51.46,0.39,20.0694,19.5,0,0,198.7,23803,45030,19,15.290000000000001,93,29.940000000000005,9.624,166.7,29.2,0.1,0.7797575569197296
2026-04-22T08:05:49,04/22/202608:05,68.03999999999999,0.37,25.174799999999998,51.48,0.44000000000000006,22.651200000000003,22,0,0,198.7,23803,45030,19,15.3,93,29.940000000000005,9.63,167,30,0.1,0.8997569
2026-04-22T08:06:00,04/22/202608:06,68.28,0.36,24.5808,51.5,0.44000000000000006,22.660000000000004,22,0,0,198.7,23803,45030,19,15.3,93,29.940000000000005,9.63,167,30,0.1,0.9218577100826663
2026-04-22T08:06:49,04/22/202608:06,68.53,0.36,24.6708,51.52,0.44000000000000006,22.668800000000005,22,0,0,198.7,23803,45030,19,15.3,93,29.940000000000005,9.63,167,30,0.1,0.9188514357053684
2026-04-22T08:07:00,04/22/202608:07,68.76,0.36,24.753600000000002,51.529999999999994,0.44000000000000006,22.6732,22,0,0,198.7,23803,45030,19,15.3,93,29.940000000000005,9.63,167,30,0.1,0.9159556589748562
2026-04-22T08:07:49,04/22/202608:07,68.97999999999999,0.35,24.142999999999994,51.56,0.44000000000000006,22.686400000000003,22,0,0,198.7,23803,45030,19,15.3,93,29.940000000000005,9.63,167,30,0.1,0.9396678126164938
2026-04-22T08:08:01,04/22/202608:08,66.72,0.33999999999999997,22.6848,51.58,0.45999999999999996,23.726799999999997,23,0,0,198.7,23803,45030,19,15.3,93,29.940000000000005,9.63,167,30,0.1,1.0459338411623642
2026-04-22T08:08:49,04/22/202608:08,68.27,0.35,23.894499999999997,51.61,0.48,24.7728,24,0,0,198.7,23803,45030,19,15.3,93,29.940000000000005,9.63,167,30,0.1,1.0367574127937393
2026-04-22T08:09:00,04/22/202608:09,69.81,0.36,25.1316,51.64,0.49000000000000005,25.303600000000003,24.5,0,0,198.7,23803,45030,19,15.3,93,29.940000000000005,9.63,167,30,0.1,1.0068439733244203
2026-04-22T08:09:49,04/22/202608:09,71.3,0.37,26.381,51.67,0.5,25.835,25,0,0,198.7,23803,45030,19,15.3,93,29.940000000000005,9.63,167,30,0.1,0.9793032864561616
2026-04-22T08:10:00,04/22/202608:10,75.06,0.4,30.024,51.7,0.5,25.85,25,0,0,198.7,23803,45030,19,15.3,93,29.940000000000005,9.63,167,30,0.1,0.8609778843591793
2026-04-22T08:10:49,04/22/202608:10,78.83,0.41,32.320299999999996,51.720000000000006,0.5,25.860000000000003,25,0,0,198.7,23803,45030,19,15.3,93,29.940000000000005,9.63,167,30,0.1,0.8001163355538162
2026-04-22T08:11:00,04/22/202608:11,82.6,0.42000000000000004,34.692,51.739999999999995,0.5,25.869999999999997,25,0,0,198.7,23803,45030,19,15.3,93,29.940000000000005,9.63,167,30,0.1,0.7457050616856912
2026-04-22T08:11:49,04/22/202608:11,85.35,0.44000000000000006,37.554,51.779999999999994,0.51,26.407799999999998,25.6,0,0,198.7,23803,45030,19,15.3,93,29.940000000000005,9.63,167,30,0.1,0.7031953986259785
2026-04-22T08:12:00,04/22/202608:12,88.1,0.45999999999999996,40.525999999999996,51.82000000000001,0.52,26.946400000000004,26.2,0,0,198.7,23803,45030,19,15.3,93,29.940000000000005,9.63,167,30,0.1,0.6649163499975326
2026-04-22T08:14:14,04/22/202608:14,90.88,0.49000000000000005,44.531200000000005,51.85,0.53,27.480500000000003,26.8,0,0,198.7,23803,45030,19,15.3,93,29.940000000000005,9.63,167,30,0.1,0.6171066578039667
2026-04-22T08:14:49,04/22/202608:14,94.92999999999999,0.52,49.3636,51.89,0.54,28.0206,27.4,0,0,198.7,23803,45030,19,15.3,93,29.940000000000005,9.63,167,30,0.1,0.5676368822371141
2026-04-22T08:15:00,04/22/202608:15,95.17,0.53,50.4401,51.92,0.55,28.556000000000004,28,0,0,198.7,23803,45030,19,15.3,93,29.940000000000005,9.63,167,30,0.1,0.5661368633289784
2026-04-22T08:15:49,04/22/202608:15,95.44,0.55,52.492000000000004,51.95,0.5700000000000001,29.611500000000007,29.1,0,0,198.7,23803,45030,19,15.330000000000002,92.9,29.940000000000005,9.668000000000001,167.3,33.1,0.11000000000000001,0.5641145317381697
2026-04-22T08:16:00,04/22/202608:16,95.76,0.5700000000000001,54.58320000000001,51.98,0.59,30.668199999999995,30.2,0,0,198.7,23803,45030,19,15.36,92.8,29.940000000000005,9.706,167.6,36.2,0.12000000000000002,0.5618615251579239
2026-04-22T08:16:49,04/22/202608:16,96.08,0.58,55.7264,52.02,0.6,31.212,30.8,0,0,198.7,23803,45030,19,15.39,92.7,29.940000000000005,9.744,167.9,39.3,0.13,0.5600936001607856
2026-04-22T08:17:00,04/22/202608:17,96.39,0.6,57.833999999999996,52.06,0.61,31.756600000000002,31.4,0,0,198.7,23803,45030,19,15.419999999999998,92.6,29.940000000000005,9.782,168.2,42.4,0.14,0.549099146
2026-04-22T08:17:49,04/22/202608:17,96.66,0.61,58.962599999999995,52.11,0.6199999999999999,32.30819999999999,32,0,0,198.7,23803,45030,19,15.45,92.5,29.940000000000005,9.82,168.5,45.5,0.15,0.5479439509112555
2026-04-22T08:18:00,04/22/202608:18,97.94,0.6,58.763999999999996,52.14,0.6199999999999999,32.32679999999999,32,0,0,198.7,23803,45030,19,15.48,92.4,29.940000000000005,9.858,168.8,48.6,0.16,0.5501123136614252
2026-04-22T08:18:50,04/22/202608:18,99.24,0.59,58.55159999999999,52.17999999999999,0.63,32.8734,32.5,0,0,198.7,23803,45030,19,15.51,92.3,29.940000000000005,9.896,169.1,51.7,0.17,0.56144324
2026-04-22T08:19:00,04/22/202608:19,100.52000000000001,0.58,58.3016,52.220000000000006,0.6399999999999999,33.4208,33,0,0,198.7,23803,45030,19,15.540000000000001,92.2,29.940000000000005,9.934000000000001,169.4,54.8,0.18,0.573239842
2026-04-22T08:19:49,04/22/202608:19,100.53999999999999,0.5700000000000001,57.3078,52.260000000000005,0.6399999999999999,33.4464,33,0,0,198.7,23803,45030,19,15.569999999999999,92.1,29.940000000000005,9.972,169.7,57.9,0.19,0.5836273596264382
2026-04-22T08:20:00,04/22/202608:20,100.56,0.5599999999999999,56.313599999999994,52.3,0.6399999999999999,33.471999999999994,33,0,0,198.7,23803,45030,19,15.6,92,29.940000000000005,10.01,170,61,0.2,0.5943857256506421
2026-04-22T08:20:49,04/22/202608:20,100.56,0.55,55.30800000000001,52.33,0.63,32.9679,32.5,0,0,198.7,23803,45030,19,15.6,92,29.940000000000005,10.01,170,61.2,0.2,0.5960783250162724
2026-04-22T08:21:00,04/22/202608:21,100.56,0.54,54.302400000000006,52.36,0.6199999999999999,32.46319999999999,32,0,0,198.7,23803,45030,19,15.6,92,29.940000000000005,10.01,170,61.4,0.2,0.5978225640119035
2026-04-22T08:21:50,04/22/202608:21,100.59,0.55,55.32450000000001,52.410000000000004,0.6399999999999999,33.5424,33.1,0,0,198.7,23803,45030,18.9,15.580000000000002,92,29.940000000000005,10.016,169.7,61.6,0.2,0.606284738
2026-04-22T08:22:00,04/22/202608:22,100.62,0.5599999999999999,56.347199999999994,52.46,0.6599999999999999,34.623599999999996,34.2,0,0,198.7,23803,45030,18.9,15.559999999999999,92,29.940000000000005,10.022,169.4,61.8,0.2,0.6144688644688645
2026-04-22T08:22:49,04/22/202608:22,100.71000000000001,0.5700000000000001,57.40470000000001,52.510000000000005,0.6799999999999999,35.7068,34.7,0,0,198.7,23803,45030,19,15.540000000000001,92,29.940000000000005,10.028,169.1,62,0.2,0.6220187545619086
2026-04-22T08:23:00,04/22/202608:23,100.8,0.58,58.46399999999999,52.56,0.7,36.792,35.2,0,0,198.7,23803,45030,19,15.52,92,29.940000000000005,10.034,168.8,62.2,0.2,0.6293103448275863
2026-04-22T08:23:49,04/22/202608:23,100.3,0.59,59.17699999999999,52.6,0.71,37.346,35.8,0,0,198.7,23803,45030,18.9,15.5,92,29.940000000000005,10.040000000000001,168.5,62.4,0.2,0.6310897815029488
2026-04-22T08:24:00,04/22/202608:24,99.8,0.6,59.879999999999995,52.64,0.72,37.9008,36.4,0,0,198.7,23803,45030,18.9,15.48,92,29.940000000000005,10.046000000000001,168.2,62.6,0.2,0.6329458917835671
2026-04-22T08:25:26,04/22/202608:25,99.26,0.61,60.5486,52.69,0.74,38.9906,37.5,0,0,198.7,23803,45030,18.9,15.459999999999999,92,29.940000000000005,10.052,167.9,62.8,0.2,0.6439554341471149
2026-04-22T08:25:49,04/22/202608:25,98.72,0.61,60.2192,52.739999999999995,0.75,39.55499999999999,38.1,0,0,198.7,23803,45030,19,15.440000000000001,92,29.940000000000005,10.058,167.6,63,0.2,0.656850307
2026-04-22T08:26:00,04/22/202608:26,98.17,0.6,58.902,52.79,0.76,40.1204,38.7,0,0,198.7,23803,45030,19,15.419999999999998,92,29.940000000000005,10.064,167.3,63,0.2,0.6811381616923023
2026-04-22T08:26:53,04/22/202608:26,98.67,0.61,60.1887,52.85,0.78,41.223,39.8,0,0,198.7,23803,45030,18.9,15.4,92,29.940000000000005,10.07,167,63,0.2,0.6848960020734789
2026-04-22T08:27:01,04/22/202608:27,99.14,0.61,60.4754,52.879999999999995,0.78,41.2464,39.8,0,0,198.7,23803,45030,18.9,15.4,92,29.940000000000005,10.07,167,63,0.2,0.6820360014154516
2026-04-22T08:27:52,04/22/202608:27,99.64,0.61,60.7804,52.92999999999999,0.8,42.343999999999994,40.9,0,0,198.7,23803,45030,19,15.4,92,29.940000000000005,10.07,167,63,0.2,0.6966719534586806
2026-04-22T08:28:00,04/22/202608:28,100.12,0.6199999999999999,62.07439999999999,52.970000000000006,0.82,43.4354,42.6,0,0,198.7,23803,45030,19,15.4,92,29.940000000000005,10.07,167,63,0.2,0.6997312901937032
2026-04-22T08:28:53,04/22/202608:28,100.6,0.6199999999999999,62.371999999999986,53.010000000000005,0.8099999999999999,42.9381,43.2,0,0,198.7,23803,45030,19,15.4,92,29.940000000000005,10.07,167,63,0.2,0.6884194831013918
2026-04-22T08:29:01,04/22/202608:29,101.65,0.6199999999999999,63.02299999999999,53.05,0.8,42.44,43.2,0,0,198.7,23803,45030,19,15.4,92,29.940000000000005,10.07,167,63,0.2,0.6734049474001556
2026-04-22T08:29:52,04/22/202608:29,101.53,0.6199999999999999,62.94859999999999,53.1,0.79,41.949000000000005,42.7,0,0,198.7,23803,45030,19,15.4,92,29.940000000000005,10.07,167,63,0.2,0.6664008413213321
2026-04-22T08:30:01,04/22/202608:30,101.44,0.6199999999999999,62.89279999999999,53.129999999999995,0.78,41.441399999999994,42.2,0,0,198.7,23803,45030,19,15.4,92,29.940000000000005,10.07,167,63,0.2,0.6589212119670297
2026-04-22T08:30:53,04/22/202608:30,101.32000000000001,0.63,63.8316,53.17,0.79,42.0043,42.7,0,0,198.7,23803,45030,18.9,15.41,91.9,29.940000000000005,10.045,167.1,60.6,0.21000000000000002,0.6580486780842091
2026-04-22T08:31:01,04/22/202608:31,101.2,0.6399999999999999,64.76799999999999,53.220000000000006,0.8,42.57600000000001,43.2,0,0,198.7,23803,45030,18.9,15.419999999999998,91.8,29.940000000000005,10.02,167.2,58.2,0.22000000000000003,0.6573616600790516
2026-04-22T08:31:53,04/22/202608:31,100.05,0.63,63.0315,53.260000000000005,0.8099999999999999,43.1406,43.8,0,0,198.7,23803,45030,18.9,15.430000000000001,91.7,29.940000000000005,9.995000000000001,167.3,55.8,0.22999999999999998,0.6844292139644463
2026-04-22T08:32:01,04/22/202608:32,98.9,0.6199999999999999,61.31799999999999,53.3,0.82,43.705999999999996,44.4,0,0,198.7,23803,45030,18.9,15.440000000000001,91.6,29.940000000000005,9.97,167.4,53.4,0.24,0.7127760200919796
2026-04-22T08:32:52,04/22/202608:32,99.33,0.6199999999999999,61.58459999999999,53.33,0.82,43.730599999999995,44.4,0,0,198.7,23803,45030,18.9,15.45,91.5,29.940000000000005,9.945,167.5,51,0.25,0.7100898601273695
2026-04-22T08:33:00,04/22/202608:33,99.76,0.6199999999999999,61.85119999999999,53.36,0.82,43.755199999999995,44.4,0,0,198.7,23803,45030,18.9,15.459999999999999,91.4,29.940000000000005,9.92,167.6,48.6,0.26,0.7074268567141786
2026-04-22T08:33:53,04/22/202608:33,100.21000000000001,0.6399999999999999,64.1344,53.410000000000004,0.85,45.3985,45.5,0,0,198.7,23803,45030,19,15.469999999999999,91.3,29.940000000000005,9.895,167.7,46.2,0.27,0.7078650459036024
2026-04-22T08:34:01,04/22/202608:34,100.66,0.6599999999999999,66.4356,53.46,0.8800000000000001,47.04480000000001,46.6,0,0,198.7,23803,45030,19,15.48,91.2,29.940000000000005,9.870000000000001,167.8,43.8,0.27999999999999997,0.7081263659845025
2026-04-22T08:34:53,04/22/202608:34,102.31,0.6799999999999999,69.57079999999999,53.5,0.9099999999999999,48.684999999999995,48.2,0,0,198.7,23803,45030,18.9,15.49,91.1,29.940000000000005,9.845,167.9,41.4,0.29,0.6997907167949772
2026-04-22T08:35:01,04/22/202608:35,103.96,0.7,72.77199999999999,53.54,0.9400000000000001,50.327600000000004,49.8,0,0,198.7,23803,45030,18.9,15.5,91,29.940000000000005,9.82,168,39,0.3,0.691579179
2026-04-22T08:36:38,04/22/202608:36,104.54,0.72,75.2688,53.58,0.96,51.4368,50.9,0,0,198.7,23803,45030,18.9,15.5,91,29.940000000000005,9.82,168,39,0.3,0.6833747847713794
2026-04-22T08:36:53,04/22/202608:36,105.74000000000001,0.74,78.2476,53.64,1.01,54.1764,53.7,0,0,198.7,23803,45030,18.9,15.5,91,29.940000000000005,9.82,168,39,0.3,0.6923713954166006
2026-04-22T08:37:00,04/22/202608:37,106.92,0.76,81.2592,53.7,1.05,56.385000000000005,55.9,0,0,198.7,23803,45030,18.9,15.5,91,29.940000000000005,9.82,168,39,0.3,0.6938906609959241
2026-04-22T08:37:52,04/22/202608:37,109.17999999999999,0.78,85.1604,53.77,1.1,59.147000000000006,58.6,0,0,198.7,23803,45030,18.9,15.5,91,29.940000000000005,9.82,168,39,0.3,0.6945364277293203
2026-04-22T08:38:00,04/22/202608:38,109.83,0.79,86.76570000000001,53.83,1.1400000000000001,61.366200000000006,60.8,0,0,198.7,23803,45030,18.9,15.5,91,29.940000000000005,9.82,168,39,0.3,0.7072633540673331
2026-04-22T08:38:53,04/22/202608:38,110.52000000000001,0.8099999999999999,89.52120000000001,53.92,1.19,64.1648,63.6,0,0,198.7,23803,45030,18.9,15.5,91,29.940000000000005,9.82,168,39,0.3,0.7167553607413663
2026-04-22T08:38:59,04/22/202608:38,111.17,0.8200000000000001,91.1594,53.98,1.26,68.0148,67.5,0,0,198.7,23803,45030,18.9,15.5,91,29.940000000000005,9.82,168,39,0.3,0.7461084649525994
2026-04-22T08:39:00,04/22/202608:39,111.82000000000001,0.8300000000000001,92.81060000000001,54.04,1.33,71.8732,71.4,0,0,198.7,23803,45030,18.9,15.5,91,29.940000000000005,9.82,168,39,0.3,0.7744072336565003
2026-04-22T08:40:00,04/22/202608:39,113,0.85,96.05,54.11,1.4,75.75399999999999,75.3,0,0,198.7,23803,45030,18.9,15.5,91,29.940000000000005,9.82,168,39,0.3,0.7886933888599686
2026-04-22T08:40:01,04/22/202608:40,114.17999999999999,0.8700000000000001,99.3366,54.17999999999999,1.47,79.64459999999998,79.2,0,0,198.7,23803,45030,18.9,15.5,91,29.940000000000005,9.82,168,39,0.3,0.8017649084023409
2026-04-22T08:40:59,04/22/202608:40,116.46,0.89,103.6494,54.25,1.53,83.0025,82.6,0,0,198.7,23803,45030,18.9,15.5,91,29.940000000000005,9.82,168,39,0.3,0.8008005835055485
2026-04-22T08:41:00,04/22/202608:41,118.12,0.9099999999999999,107.4892,54.3,1.56,84.708,84.3,0,0,198.7,23803,45030,18.9,15.5,91,29.940000000000005,9.82,168,39,0.3,0.7880605679454308
2026-04-22T08:42:00,04/22/202608:41,119.33,0.9199999999999999,109.78359999999999,54.339999999999996,1.56,84.7704,84.3,0,0,198.7,23803,45030,18.9,15.5,91,29.940000000000005,9.82,168,39,0.3,0.7721590474351361
2026-04-22T08:42:01,04/22/202608:42,119.46,0.93,111.0978,54.370000000000005,1.55,84.27350000000001,83.8,0,0,198.7,23803,45030,18.9,15.5,91,29.940000000000005,9.82,168,39,0.3,0.7585523745744741
2026-04-22T08:43:00,04/22/202608:42,119.22999999999999,0.9400000000000001,112.0762,54.410000000000004,1.53,83.24730000000001,82.8,0,0,198.7,23803,45030,18.9,15.5,91,29.940000000000005,9.82,168,39,0.3,0.742774113
2026-04-22T08:43:01,04/22/202608:43,118.96,0.9400000000000001,111.8224,54.42,1.5,81.63,81.2,0,0,198.7,23803,45030,18.9,15.5,91,29.940000000000005,9.82,168,39,0.3,0.7299968521512684
2026-04-22T08:43:59,04/22/202608:43,118.75999999999999,0.9400000000000001,111.6344,54.44,1.47,80.0268,79.6,0,0,198.7,23803,45030,18.9,15.5,91,29.940000000000005,9.82,168,39,0.3,0.716865052
2026-04-22T08:44:00,04/22/202608:44,118.55999999999999,0.9400000000000001,111.4464,54.46,1.44,78.4224,78,0,0,198.7,23803,45030,18.9,15.5,91,29.940000000000005,9.82,168,39,0.3,0.7036781807218537
2026-04-22T08:44:25,04/22/202608:44,117.8,0.93,109.554,54.470000000000006,1.4,76.25800000000001,76.4,0,0,198.7,23803,45030,18.9,15.5,91,29.940000000000005,9.82,168,39,0.3,0.6960768205633752
2026-04-22T08:45:00,04/22/202608:45,117.04,0.9199999999999999,107.6768,54.48,1.3599999999999999,74.09279999999998,74.8,0,0,198.7,23803,45030,18.9,15.5,91,29.940000000000005,9.82,168,39,0.3,0.6881036583553745
2026-04-22T08:46:01,04/22/202608:46,116.28,0.9099999999999999,105.81479999999999,54.48,1.33,72.4584,73.1,0,0,198.7,23803,45030,18.9,15.5,91,29.940000000000005,9.82,168,39,0.3,0.6847662141779789
2026-04-22T08:46:25,04/22/202608:46,114.72999999999999,0.9,103.25699999999999,54.48,1.3,70.824,71.4,0,0,198.7,23803,45030,18.9,15.51,91,29.940000000000005,9.863,168.1,39.6,0.31,0.6859002295243907
2026-04-22T08:47:49,04/22/202608:47,114.22,0.9,102.798,54.48,1.3199999999999998,71.91359999999999,72.5,0,0,198.7,23803,45030,18.9,15.52,91,29.940000000000005,9.906,168.2,40.2,0.32,0.6995622482927683
2026-04-22T08:48:01,04/22/202608:48,113.71,0.9,102.339,54.48,1.34,73.0032,73.6,0,0,198.7,23803,45030,18.9,15.530000000000001,91,29.940000000000005,9.949000000000002,168.3,40.8,0.32999999999999996,0.713346818
2026-04-22T08:48:24,04/22/202608:48,113.42,0.89,100.9438,54.48,1.3800000000000001,75.1824,75.8,0,0,198.7,23803,45030,18.9,15.540000000000001,91,29.940000000000005,9.992,168.4,41.4,0.33999999999999997,0.7447946282981224
2026-04-22T08:49:01,04/22/202608:49,113.13,0.8800000000000001,99.55440000000002,54.48,1.42,77.3616,78,0,0,198.7,23803,45030,18.9,15.55,91,29.940000000000005,10.035,168.5,42,0.35,0.7770786625201898
2026-04-22T08:49:25,04/22/202608:49,113.67999999999999,0.8800000000000001,100.03840000000001,54.48,1.45,78.996,79.6,0,0,198.7,23803,45030,18.9,15.559999999999999,91,29.940000000000005,10.078,168.6,42.6,0.36,0.7896567717996288
2026-04-22T08:50:00,04/22/202608:50,114.22999999999999,0.8800000000000001,100.5224,54.48,1.48,80.6304,81.2,0,0,198.7,23803,45030,18.9,15.569999999999999,91,29.940000000000005,10.121,168.7,43.2,0.37,0.8021137577296203
2026-04-22T08:50:24,04/22/202608:50,114.03,0.8800000000000001,100.34640000000002,54.48,1.52,82.8096,82.8,0,0,198.7,23803,45030,18.9,15.580000000000002,91,29.940000000000005,10.164,168.8,43.8,0.38,0.8252373777235654
2026-04-22T08:51:01,04/22/202608:51,113.83,0.8800000000000001,100.17040000000001,54.48,1.56,84.9888,84.4,0,0,198.7,23803,45030,18.9,15.59,91,29.940000000000005,10.206999999999999,168.9,44.4,0.39,0.8484422543985048
2026-04-22T08:51:25,04/22/202608:51,113.62,0.8700000000000001,98.84940000000002,54.48,1.58,86.0784,85.5,0,0,198.7,23803,45030,18.9,15.6,91,29.940000000000005,10.25,169,45,0.4,0.8708034646644288
2026-04-22T08:52:00,04/22/202608:52,114.2,0.86,98.212,54.48,1.6,87.168,86.6,0,0,198.7,23803,45030,18.9,15.6,91,29.940000000000005,10.25,169,45,0.4,0.8875493829674582
2026-04-22T08:52:25,04/22/202608:52,114.55999999999999,0.8700000000000001,99.66720000000001,54.489999999999995,1.61,87.7289,87.2,0,0,198.7,23803,45030,18.9,15.6,91,29.940000000000005,10.25,169,45,0.4,0.8802183667244589
2026-04-22T08:53:01,04/22/202608:53,114.92,0.8800000000000001,101.12960000000001,54.5,1.6199999999999999,88.28999999999999,87.8,0,0,198.7,23803,45030,18.9,15.6,91,29.940000000000005,10.25,169,45,0.4,0.8730381609340884
2026-04-22T08:53:25,04/22/202608:53,115.34,0.9,103.80600000000001,54.5,1.61,87.745,87.2,0,0,198.7,23803,45030,18.9,15.6,91,29.940000000000005,10.25,169,45,0.4,0.8452786929464577
2026-04-22T08:54:01,04/22/202608:54,115.75999999999999,0.9199999999999999,106.49919999999999,54.5,1.6,87.2,86.6,0,0,198.7,23803,45030,18.9,15.6,91,29.940000000000005,10.25,169,45,0.4,0.8187854932243623
2026-04-22T08:54:25,04/22/202608:54,115,0.9400000000000001,108.10000000000001,54.5,1.6,87.2,86.6,0,0,198.7,23803,45030,18.9,15.6,91,29.940000000000005,10.25,169,45,0.4,0.8066604995374653
2026-04-22T08:55:01,04/22/202608:55,114.24000000000001,0.96,109.6704,54.5,1.6,87.2,86.6,0,0,198.7,23803,45030,18.9,15.6,91,29.940000000000005,10.25,169,45,0.4,0.7951097105508871
2026-04-22T08:55:24,04/22/202608:55,114.38,0.96,109.80479999999999,54.5,1.58,86.11,85.5,0,0,198.7,23803,45030,18.8,15.6,91,29.940000000000005,10.25,169,45,0.4,0.7842097977501895
2026-04-22T08:56:00,04/22/202608:56,114.52000000000001,0.96,109.9392,54.5,1.56,85.02,84.4,0,0,198.7,23803,45030,18.8,15.6,91,29.940000000000005,10.25,169,45,0.4,0.7733365351030388
2026-04-22T08:56:25,04/22/202608:56,115.03,0.9800000000000001,112.72940000000001,54.5,1.56,85.02,85,0,0,198.7,23803,45030,18.9,15.6,91,29.940000000000005,10.25,169,45,0.4,0.7541954450214406
2026-04-22T08:57:01,04/22/202608:57,115.54,1,115.54,54.5,1.56,85.02,85.6,0,0,198.7,23803,45030,18.9,15.6,91,29.940000000000005,10.25,169,45,0.4,0.7358490566037735
2026-04-22T08:57:25,04/22/202608:57,115.67,1.01,116.8267,54.5,1.58,86.11,86.6,0,0,198.7,23803,45030,18.8,15.6,91,29.940000000000005,10.25,169,45,0.4,0.7370746584470844
2026-04-22T08:59:00,04/22/202608:58,115.37,1.03,118.8311,54.5,1.6199999999999999,88.28999999999999,88.8,0,0,198.7,23803,45030,18.9,15.6,91,29.940000000000005,10.25,169,45,0.4,0.742987316
2026-04-22T08:59:01,04/22/202608:59,115.15,1.05,120.90750000000001,54.5,1.67,91.015,91.6,0,0,198.7,23803,45030,18.9,15.6,91,29.940000000000005,10.25,169,45,0.4,0.7527655439075326
2026-04-22T08:59:24,04/22/202608:59,116.15,1.06,123.11900000000001,54.510000000000005,1.75,95.39250000000001,96,0,1,198.7,23803,45030,18.8,15.6,91,29.943,10.25,169,45,0.4,0.7747991780310106
2026-04-22T09:00:01,04/22/202609:00,117.44000000000001,1.06,124.48640000000002,54.52,1.81,98.6812,99.3,0,1,198.7,23803,45030,18.8,15.6,91,29.946000000000005,10.25,169,45,0.4,0.7927066731787568
2026-04-22T09:00:25,04/22/202609:00,118.85999999999999,1.05,124.80299999999998,54.52,1.83,99.7716,100.4,0,1,198.7,23803,45030,18.9,15.6,91,29.949,10.25,169,45,0.4,0.7994327059445688
2026-04-22T09:01:00,04/22/202609:01,120.13,1.06,127.3378,54.52,1.8699999999999999,101.9524,102.6,0,1,198.7,23803,45030,18.9,15.6,91,29.951999999999998,10.25,169,45,0.4,0.8006452129689691
2026-04-22T09:01:25,04/22/202609:01,120.5,1.0699999999999998,128.93499999999997,54.52,1.8800000000000001,102.4976,103.2,0,1,198.7,23803,45030,18.8,15.63,90.9,29.955000000000002,10.226,169.1,47.7,0.41000000000000003,0.7949555977818282
2026-04-22T09:02:01,04/22/202609:02,120.50999999999999,1.0699999999999998,128.94569999999996,54.52,1.89,103.0428,103.2,0,1,198.7,23803,45030,18.8,15.66,90.8,29.958,10.202,169.2,50.4,0.42000000000000004,0.7991177681768374
2026-04-22T09:02:25,04/22/202609:02,120.53,1.06,127.76180000000001,54.52,1.8800000000000001,102.4976,102.6,0,1,198.7,23803,45030,18.8,15.690000000000001,90.7,29.961000000000002,10.178,169.3,53.1,0.43,0.802255447
2026-04-22T09:03:01,04/22/202609:03,120.55999999999999,1.04,125.38239999999999,54.52,1.8399999999999999,100.3168,101,0,1,198.7,23803,45030,18.8,15.719999999999999,90.6,29.964,10.154,169.4,55.8,0.44000000000000006,0.8000867745393293
2026-04-22T09:03:25,04/22/202609:03,120.42999999999999,1.02,122.8386,54.52,1.7899999999999998,97.5908,98.2,0,1,198.7,23803,45030,18.8,15.75,90.5,29.967000000000002,10.129999999999999,169.5,58.5,0.45,0.7944636295105936
2026-04-22T09:04:00,04/22/202609:04,120.3,1,120.3,54.52,1.7399999999999998,94.86479999999999,95.4,0,1,198.7,23803,45030,18.8,15.780000000000001,90.4,29.97,10.106,169.6,61.2,0.45999999999999996,0.7885685785536158
2026-04-22T09:04:25,04/22/202609:04,119.97,0.9800000000000001,117.57060000000001,54.510000000000005,1.65,89.9415,90.5,0,1,198.7,23803,45030,18.8,15.809999999999999,90.3,29.97,10.081999999999999,169.7,63.9,0.47000000000000003,0.7649999234502503
2026-04-22T09:05:01,04/22/202609:05,119.64000000000001,0.96,114.85440000000001,54.5,1.56,85.02,85.6,0,1,198.7,23803,45030,18.8,15.84,90.2,29.97,10.058,169.8,66.6,0.48,0.7402415580073552
2026-04-22T09:05:25,04/22/202609:05,119.17,0.95,113.2115,54.5,1.51,82.295,82.9,0,1,198.7,23803,45030,18.8,15.87,90.1,29.97,10.034,169.9,69.3,0.49000000000000005,0.7269137852603313
2026-04-22T09:06:01,04/22/202609:06,118.7,0.9400000000000001,111.578,54.5,1.46,79.57,80.2,0,1,198.7,23803,45030,18.8,15.9,90,29.97,10.01,170,72,0.5,0.7131334133969062
2026-04-22T09:07:01,04/22/202609:07,119.13,0.93,110.79090000000001,54.5,1.44,78.48,79.1,0,1,198.7,23803,45030,18.8,15.9,90,29.97,10.01,170,72,0.5,0.708361427
2026-04-22T09:07:25,04/22/202609:07,118.54,0.9400000000000001,111.42760000000001,54.5,1.45,79.02499999999999,79.6,0,1,198.7,23803,45030,18.8,15.9,90,29.97,10.01,170,72,0.5,0.7092049007606731
2026-04-22T09:08:01,04/22/202609:08,117.94000000000001,0.96,113.22240000000001,54.5,1.48,80.66,80.7,0,1,198.7,23803,45030,18.8,15.9,90,29.97,10.01,170,72,0.5,0.7124031993669097
2026-04-22T09:08:25,04/22/202609:08,117.47999999999999,0.99,116.30519999999999,54.489999999999995,1.5399999999999998,83.91459999999998,83.5,0,1,198.7,23803,45030,18.8,15.9,90,29.97,10.01,170,72,0.5,0.7215034237506147
2026-04-22T09:10:12,04/22/202609:10,117.91,1.03,121.4473,54.489999999999995,1.65,89.90849999999999,89.5,0,1,198.7,23803,45030,18.8,15.9,90,29.97,10.01,170,72,0.5,0.7403087594372209
2026-04-22T09:11:00,04/22/202609:11,118.34,1.0699999999999998,126.62379999999999,54.489999999999995,1.7600000000000002,95.9024,95.5,0,1,198.7,23803,45030,18.8,15.9,90,29.97,10.01,170,72,0.5,0.7573805240405043
2026-04-22T09:11:08,04/22/202609:11,118.46,1.08,127.9368,54.46,1.8199999999999998,99.1172,98.7,0,1,198.7,23803,45030,18.9,15.9,90,29.97,10.01,170,72,0.5,0.7747356507275467
2026-04-22T09:12:01,04/22/202609:12,118.58,1.09,129.25220000000002,54.42999999999999,1.8800000000000001,102.32839999999999,101.9,0,1,198.7,23803,45030,18.9,15.9,90,29.97,10.01,170,72,0.5,0.7916956152390441
2026-04-22T09:12:09,04/22/202609:12,118.12,1.1,129.93200000000002,54.4,1.9,103.36,102.9,0,1,198.7,23803,45030,18.8,15.9,90,29.97,10.01,170,72,0.5,0.7954930271218791
2026-04-22T09:13:00,04/22/202609:13,117.66,1.1099999999999999,130.6026,54.370000000000005,1.92,104.3904,103.9,0,1,198.7,23803,45030,18.8,15.9,90,29.97,10.01,170,72,0.5,0.799298023
2026-04-22T09:13:08,04/22/202609:13,116.9,1.1199999999999999,130.928,54.339999999999996,1.9300000000000002,104.8762,104.4,0,1,198.7,23803,45030,18.8,15.9,90,29.97,10.01,170,72,0.5,0.8010219357203959
2026-04-22T09:14:01,04/22/202609:14,117.16,1.1099999999999999,130.0476,54.31,1.9100000000000001,103.73210000000002,103.3,0,1,198.7,23803,45030,18.8,15.9,90,29.97,10.01,170,72,0.5,0.7976471691903582
2026-04-22T09:14:08,04/22/202609:14,117.99000000000001,1.1,129.78900000000002,54.27,1.9100000000000001,103.65570000000001,103.2,0,1,198.7,23803,45030,18.8,15.9,90,29.97,10.01,170,72,0.5,0.7986478052839608
2026-04-22T09:15:00,04/22/202609:15,118.67999999999999,1.08,128.1744,54.239999999999995,1.8800000000000001,101.9712,101.4,0,1,198.7,23803,45030,18.8,15.9,90,29.97,10.01,170,72,0.5,0.7955660412687713
2026-04-22T09:15:08,04/22/202609:15,118.94000000000001,1.05,124.88700000000001,54.2,1.81,98.102,97.5,0,1,198.7,23803,45030,18.8,15.9,90,29.97,10.01,170,72,0.5,0.785526116
2026-04-22T09:15:58,04/22/202609:15,119.17999999999999,1.01,120.3718,54.160000000000004,1.73,93.69680000000001,93.1,0,1,198.7,23803,45030,18.8,15.9,90,29.97,10.01,170,72,0.5,0.7783949396785628
2026-04-22T09:16:00,04/22/202609:16,118.71,1.01,119.8971,54.15,1.7100000000000002,92.5965,92,0,1,198.7,23803,45030,18.8,15.9,90,29.97,10.01,170,72,0.5,0.7722997470330809
2026-04-22T09:17:12,04/22/202609:17,117.65,1.02,120.00300000000001,54.15,1.69,91.5135,90.9,0,1,198.7,23803,45030,18.8,15.930000000000001,89.9,29.97,10.034,169.9,78.1,0.52,0.7625934351641207
2026-04-22T09:18:01,04/22/202609:18,117.17999999999999,1.03,120.69539999999999,54.15,1.7100000000000002,92.5965,92,0,1,198.7,23803,45030,18.8,15.959999999999999,89.8,29.97,10.058,169.8,84.2,0.54,0.767191625
2026-04-22T09:18:12,04/22/202609:18,117.92,1.04,122.63680000000001,54.14,1.78,96.3692,95.8,0,1,198.7,23803,45030,18.8,15.99,89.7,29.97,10.081999999999999,169.7,90.3,0.5599999999999999,0.785809806
2026-04-22T09:19:00,04/22/202609:19,118.96,1.05,124.908,54.13000000000001,1.86,100.68180000000002,100.1,0,1,198.7,23803,45030,18.8,16.02,89.6,29.97,10.106,169.6,96.4,0.58,0.8060476510711886
2026-04-22T09:19:12,04/22/202609:19,118.63,1.09,129.3067,54.120000000000005,1.9600000000000002,106.07520000000002,105.5,0,1,198.7,23803,45030,18.8,16.05,89.5,29.97,10.129999999999999,169.5,102.5,0.6,0.8203380025938333
2026-04-22T09:20:01,04/22/202609:20,117.72999999999999,1.1300000000000001,133.0349,54.120000000000005,2.04,110.40480000000001,109.9,0,1,198.7,23803,45030,18.8,16.080000000000002,89.4,29.97,10.154,169.4,108.6,0.6199999999999999,0.829893509
2026-04-22T09:21:24,04/22/202609:21,117.85999999999999,1.16,136.71759999999998,54.13000000000001,2.12,114.75560000000003,114.3,0,1,198.7,23803,45030,18.8,16.11,89.3,29.97,10.178,169.3,114.7,0.6399999999999999,0.8393623059503681
2026-04-22T09:22:00,04/22/202609:22,118.12,1.1800000000000002,139.38160000000002,54.14,2.18,118.02520000000001,117.6,0,1,198.7,23803,45030,18.8,16.14,89.2,29.97,10.202,169.2,120.8,0.6599999999999999,0.8467774799543124
2026-04-22T09:22:12,04/22/202609:22,118.03,1.21,142.81629999999998,54.14,2.2399999999999998,121.27359999999999,120.8,0,1,198.7,23803,45030,18.8,16.169999999999998,89.1,29.97,10.226,169.1,126.9,0.6799999999999999,0.8491579742648423
2026-04-22T09:23:01,04/22/202609:23,117.94000000000001,1.24,146.24560000000002,54.14,2.3,124.52199999999999,124,0,1,198.7,23803,45030,18.8,16.2,89,29.97,10.25,169,133,0.7,0.8514580951495291
2026-04-22T09:24:00,04/22/202609:24,118.44000000000001,1.26,149.23440000000002,54.14,2.36,127.7704,127.2,0,1,198.7,23803,45030,18.8,16.2,89,29.97,10.25,169,133,0.7,0.8561725714714569
2026-04-22T09:24:12,04/22/202609:24,118.5,1.3,154.05,54.14,2.45,132.643,132.1,0,1,198.7,23803,45030,18.8,16.2,89,29.97,10.25,169,133,0.7,0.8610386238234339
2026-04-22T09:25:00,04/22/202609:25,117.35,1.34,157.249,54.15,2.4899999999999998,134.8335,134.3,0,1,198.7,23803,45030,18.8,16.2,89,29.97,10.25,169,133,0.7,0.8574521936546495
2026-04-22T09:25:41,04/22/202609:25,116.25,1.3800000000000001,160.425,54.160000000000004,2.54,137.56640000000002,137,0.1,1,198.7,23803,45030,18.8,16.2,89,29.97,10.25,169,133,0.7,0.8575122331307465
2026-04-22T09:26:00,04/22/202609:26,116.52000000000001,1.3900000000000001,161.96280000000002,54.17,2.57,139.2169,138.6,0.1,1,198.7,23803,45030,18.8,16.2,89,29.97,10.25,169,133,0.7,0.8595609609120118
2026-04-22T09:26:41,04/22/202609:26,118.02000000000001,1.41,166.4082,54.17,2.6399999999999997,143.00879999999998,142.4,0.1,1,198.7,23803,45030,18.8,16.2,89,29.97,10.25,169,133,0.7,0.8593855350878141
2026-04-22T09:27:00,04/22/202609:27,118.49000000000001,1.44,170.62560000000002,54.160000000000004,2.71,146.77360000000002,146.2,0.1,1,198.7,23803,45030,18.8,16.2,89,29.97,10.25,169,133,0.7,0.8602085501823876
2026-04-22T09:27:40,04/22/202609:27,118.79,1.48,175.8092,54.17,2.82,152.7594,152.2,0.1,1,198.7,23803,45030,18.8,16.2,89,29.97,10.25,169,133,0.7,0.8688930954694066
2026-04-22T09:28:01,04/22/202609:28,119.46,1.52,181.5792,54.19,2.94,159.3186,158.8,0.1,1,198.7,23803,45030,18.8,16.2,89,29.97,10.25,169,133,0.7,0.8774055618705227
2026-04-22T09:28:41,04/22/202609:28,120.5,1.58,190.39000000000001,54.220000000000006,3.09,167.5398,167.1,0.1,2,198.7,23803,45030,18.8,16.2,89,29.97,10.25,169,133,0.7,0.8799821419192184
2026-04-22T09:29:00,04/22/202609:29,121.54,1.64,199.3256,54.239999999999995,3.2399999999999998,175.73759999999996,175.4,0.1,2,198.7,23803,45030,18.8,16.2,89,29.97,10.25,169,133,0.7,0.8816609607596814
2026-04-22T09:29:41,04/22/202609:29,123.21,1.69,208.2249,54.279999999999994,3.4200000000000004,185.6376,185.3,0.1,2,198.7,23803,45030,18.8,16.2,89,29.97,10.25,169,133,0.7,0.8915245006721099
2026-04-22T09:30:00,04/22/202609:30,124.88,1.7399999999999998,217.29119999999998,54.32000000000001,3.6,195.55200000000002,195.2,0.1,2,198.7,23803,45030,18.8,16.2,89,29.97,10.25,169,133,0.7,0.8999536106386271
2026-04-22T09:30:08,04/22/202609:30,126.50999999999999,1.7899999999999998,226.45289999999997,54.36,3.75,203.85,204.1,0.1,2,198.7,23803,45030,18.8,16.2,89,29.97,10.25,169,133,0.7,0.9001871912437421
2026-04-22T09:31:00,04/22/202609:31,128.14000000000001,1.8399999999999999,235.7776,54.4,3.9,212.16,213,0.1,2,198.7,23803,45030,18.8,16.2,89,29.97,10.25,169,133,0.7,0.8998310272052985
2026-04-22T09:31:08,04/22/202609:31,128.62,1.85,237.94700000000003,54.44,3.9299999999999997,213.94919999999996,214.8,0.1,2,198.7,23803,45030,18.8,16.2,88.9,29.97,10.275,169,131,0.72,0.8991464485788849
2026-04-22T09:32:35,04/22/202609:32,129.07,1.8800000000000001,242.6516,54.5,4,218,218.8,0.1,2,198.7,23803,45030,18.8,16.2,88.8,29.97,10.3,169,129,0.74,0.898407429
2026-04-22T09:33:00,04/22/202609:33,129.69,1.9,246.41099999999997,54.54,4.029999999999999,219.79619999999997,220.6,0.1,2,198.7,23803,45030,18.8,16.2,88.7,29.97,10.325,169,127,0.76,0.8919902114759487
2026-04-22T09:33:34,04/22/202609:33,130.16,1.8800000000000001,244.70080000000002,54.57000000000001,3.9799999999999995,217.1886,218,0.1,2,198.7,23803,45030,18.8,16.2,88.6,29.97,10.35,169,125,0.78,0.887568001
2026-04-22T09:34:00,04/22/202609:34,130.26,1.8399999999999999,239.67839999999995,54.589999999999996,3.9,212.90099999999998,213.7,0.1,2,198.7,23803,45030,18.8,16.2,88.5,29.97,10.375,169,123,0.8,0.8882777922416039
2026-04-22T09:34:35,04/22/202609:34,130.14000000000001,1.81,235.55340000000004,54.61,3.84,209.70239999999998,210.5,0.1,2,198.7,23803,45030,18.8,16.2,88.4,29.97,10.4,169,121,0.82,0.8902541844014985
2026-04-22T09:35:00,04/22/202609:35,129.82999999999998,1.77,229.79909999999998,54.61,3.72,203.1492,204,0.1,2,198.7,23803,45030,18.8,16.2,88.3,29.97,10.425,169,119,0.8400000000000001,0.8840295719173836
2026-04-22T09:35:34,04/22/202609:35,129.5,1.7399999999999998,225.32999999999998,54.620000000000005,3.62,197.72440000000003,198.6,0.1,2,198.7,23803,45030,18.8,16.2,88.2,29.97,10.45,169,117,0.86,0.8774881285226115
2026-04-22T09:36:35,04/22/202609:36,129.16,1.7100000000000002,220.86360000000002,54.63000000000001,3.54,193.39020000000005,193.7,0.1,2,198.7,23803,45030,18.8,16.2,88.1,29.97,10.475,169,115,0.8800000000000001,0.8756091995240503
2026-04-22T09:36:36,04/22/202609:36,129.16,1.67,215.69719999999998,54.64,3.4299999999999997,187.4152,187.7,0.1,2,198.7,23803,45030,18.8,16.2,88,29.97,10.5,169,113,0.9,0.8688810054094351
2026-04-22T09:37:00,04/22/202609:37,129.07999999999998,1.6600000000000001,214.2728,54.660000000000004,3.4,185.844,186.6,0.1,2,198.7,23803,45030,18.8,16.2,88,29.97,10.5,169,113,0.9,0.8673242707427168
2026-04-22T09:37:35,04/22/202609:37,128.81,1.6199999999999999,208.67219999999998,54.65,3.3200000000000003,181.43800000000002,182.2,0.1,2,198.7,23803,45030,18.8,16.2,88.2,29.97,10.5,169,113,0.9,0.8694881253947581
2026-04-22T09:38:00,04/22/202609:38,128.54000000000002,1.58,203.09320000000005,54.64,3.2399999999999998,177.03359999999998,177.8,0.1,2,198.7,23803,45030,18.8,16.2,88.4,29.97,10.5,169,113,0.9,0.8716864966429203
2026-04-22T09:38:35,04/22/202609:38,128.47,1.59,204.2673,54.64,3.2700000000000005,178.67280000000002,179.4,0.1,2,198.7,23803,45030,18.8,16.2,88.6,29.97,10.5,169,113,0.9,0.8747009433227934
2026-04-22T09:39:00,04/22/202609:39,128.4,1.6,205.44000000000003,54.64,3.3,180.31199999999998,181,0.1,2,198.7,23803,45030,18.8,16.2,88.8,29.97,10.5,169,113,0.9,0.8776869158878503
2026-04-22T09:39:35,04/22/202609:39,128.13,1.6300000000000001,208.8519,54.660000000000004,3.37,184.20420000000001,184.8,0.1,2,198.7,23803,45030,18.8,16.2,89,29.97,10.5,169,113,0.9,0.881984794
2026-04-22T09:40:00,04/22/202609:40,127.85999999999999,1.6600000000000001,212.2476,54.67999999999999,3.44,188.09919999999997,188.6,0.1,2,198.7,23803,45030,18.8,16.2,89.2,29.97,10.5,169,113,0.9,0.8862253330544136
2026-04-22T09:40:35,04/22/202609:40,128.1,1.65,211.36499999999998,54.67999999999999,3.4299999999999997,187.55239999999995,188,0.1,2,198.7,23803,45030,18.8,16.2,89.4,29.97,10.5,169,113,0.9,0.887338963
2026-04-22T09:41:00,04/22/202609:41,128.34,1.64,210.4776,54.67999999999999,3.4200000000000004,187.0056,187.4,0.1,2,198.7,23803,45030,18.8,16.2,89.6,29.97,10.5,169,113,0.9,0.888482195
2026-04-22T09:42:00,04/22/202609:42,128.24,1.64,210.3136,54.67999999999999,3.44,188.09919999999997,188,0.1,2,198.7,23803,45030,18.8,16.2,89.8,29.97,10.5,169,113,0.9,0.8943748763750892
2026-04-22T09:43:46,04/22/202609:43,126.69000000000001,1.65,209.0385,54.67999999999999,3.4299999999999997,187.55239999999995,186.9,0.1,2,198.7,23803,45030,18.7,16.2,90,29.97,10.5,169,113,0.9,0.8972146279273912
2026-04-22T09:44:01,04/22/202609:44,125.35999999999999,1.67,209.35119999999998,54.69,3.4299999999999997,187.58669999999998,186.9,0.1,2,198.7,23803,45030,18.7,16.2,90,29.97,10.5,169,113,0.9,0.8960383317602192
2026-04-22T09:44:35,04/22/202609:44,124.05999999999999,1.7100000000000002,212.14260000000002,54.71,3.4799999999999995,190.39079999999998,189.6,0.1,2,198.7,23803,45030,18.8,16.2,90,29.97,10.5,169,113,0.9,0.8974661383427938
2026-04-22T09:45:00,04/22/202609:45,122.71,1.7399999999999998,213.51539999999997,54.73,3.5,191.55499999999998,190.7,0.1,2,198.7,23803,45030,18.8,16.2,90,29.97,10.5,169,113,0.9,0.897148402
2026-04-22T09:45:35,04/22/202609:45,121.92,1.81,220.67520000000002,54.77,3.6,197.17200000000003,196.4,0.1,3,198.7,23803,45030,18.7,16.19,90,29.967000000000002,10.456999999999999,168.9,105.5,0.9200000000000002,0.8934941488667508
2026-04-22T09:46:00,04/22/202609:46,121.55,1.85,224.8675,54.79,3.6399999999999997,199.43559999999997,198.8,0.1,3,198.7,23803,45030,18.7,16.18,90,29.964,10.414,168.8,98,0.9400000000000001,0.8869027316086138
2026-04-22T09:46:35,04/22/202609:46,121.22,1.8199999999999998,220.6204,54.79,3.53,193.40869999999998,192.8,0.1,3,198.7,23803,45030,18.8,16.169999999999998,90,29.961000000000002,10.371,168.7,90.5,0.96,0.8766582782009279
2026-04-22T09:47:00,04/22/202609:47,120.4,1.8199999999999998,219.128,54.8,3.4799999999999995,190.70399999999995,190.1,0.1,3,198.7,23803,45030,18.8,16.16,90,29.958,10.328,168.6,83,0.9800000000000001,0.8702858603190827
2026-04-22T09:47:35,04/22/202609:47,119.60999999999999,1.81,216.49409999999997,54.8,3.4299999999999997,187.96399999999997,187.4,0.1,3,198.7,23803,45030,18.8,16.15,90,29.955000000000002,10.285,168.5,75.5,1,0.8682176558160245
2026-04-22T09:48:00,04/22/202609:48,118.82000000000001,1.8,213.876,54.8,3.38,185.224,184.6,0.1,3,198.7,23803,45030,18.8,16.14,90,29.951999999999998,10.242,168.4,68,1.02,0.8660345246778507
2026-04-22T09:48:35,04/22/202609:48,119.71,1.7899999999999998,214.28089999999997,54.8,3.37,184.676,184.1,0.1,3,198.7,23803,45030,18.7,16.130000000000003,90,29.949,10.199000000000002,168.3,60.5,1.04,0.8618406960209707
2026-04-22T09:48:52,04/22/202609:48,120.55,1.78,214.579,54.8,3.3600000000000003,184.12800000000001,183.6,0.1,3,198.7,23803,45030,18.7,16.12,90,29.946000000000005,10.156,168.2,53,1.06,0.8580895614202695
2026-04-22T09:49:00,04/22/202609:49,121.35999999999999,1.75,212.37999999999997,54.79,3.3,180.807,180.4,0.1,3,198.7,23803,45030,18.7,16.110000000000003,90,29.943,10.113,168.1,45.5,1.08,0.8513372257274697
2026-04-22T09:49:52,04/22/202609:49,122.42,1.7399999999999998,213.01079999999996,54.79,3.31,181.3549,181,0.1,3,198.7,23803,45030,18.7,16.1,90,29.940000000000005,10.07,168,38,1.1,0.8513882864155246
2026-04-22T09:50:00,04/22/202609:50,122.92,1.69,207.7348,54.77,3.2399999999999998,177.4548,177,0.1,3,198.7,23803,45030,18.7,16.1,90,29.940000000000005,10.07,168,38,1.1,0.8542372293905499
2026-04-22T09:50:53,04/22/202609:50,123.34,1.6300000000000001,201.04420000000002,54.75,3.15,172.4625,171.9,0.1,3,198.7,23803,45030,18.8,16.1,90,29.940000000000005,10.07,168,38,1.1,0.8578337499912954
2026-04-22T09:51:00,04/22/202609:51,123.72,1.64,202.90079999999998,54.75,3.21,175.7475,175.2,0.1,3,198.7,23803,45030,18.8,16.1,90,29.940000000000005,10.07,168,38,1.1,0.8661745049797734
2026-04-22T09:51:36,04/22/202609:51,124.15,1.6600000000000001,206.08900000000003,54.75,3.2600000000000002,178.485,178,0.1,3,198.7,23803,45030,18.7,16.1,90,29.940000000000005,10.07,168,38,1.1,0.8660578682025726
2026-04-22T09:52:00,04/22/202609:52,124.55,1.69,210.4895,54.760000000000005,3.31,181.25560000000002,180.8,0.1,3,198.7,23803,45030,18.7,16.1,90,29.940000000000005,10.07,168,38,1.1,0.8611146874309646
2026-04-22T09:52:36,04/22/202609:52,124.94000000000001,1.73,216.14620000000002,54.779999999999994,3.38,185.15639999999996,184.7,0.1,3,198.7,23803,45030,18.8,16.1,90,29.940000000000005,10.07,168,38,1.1,0.8566257468324677
2026-04-22T09:53:00,04/22/202609:53,125.1,1.7600000000000002,220.17600000000002,54.8,3.44,188.512,188,0.1,3,198.7,23803,45030,18.8,16.1,90,29.940000000000005,10.07,168,38,1.1,0.8561877770510864
2026-04-22T09:53:36,04/22/202609:53,125.30999999999999,1.78,223.0518,54.81999999999999,3.4899999999999998,191.32179999999997,190.8,0.1,3,198.7,23803,45030,18.7,16.1,90,29.940000000000005,10.07,168,38,1.1,0.8577460482273623
2026-04-22T09:54:58,04/22/202609:54,125.54,1.77,222.2058,54.83,3.4799999999999995,190.80839999999998,190.2,0.1,3,198.7,23803,45030,18.7,16.1,90,29.940000000000005,10.07,168,38,1.1,0.8587012580229677
2026-04-22T09:55:01,04/22/202609:55,125.52000000000001,1.7399999999999998,218.4048,54.83,3.4,186.422,185.8,0.1,3,198.7,23803,45030,18.7,16.1,90,29.940000000000005,10.07,168,38,1.1,0.8535618264800041
2026-04-22T09:56:37,04/22/202609:56,125.79,1.73,217.6167,54.839999999999996,3.38,185.3592,184.8,0.1,3,198.7,23803,45030,18.8,16.1,90,29.940000000000005,10.07,168,38,1.1,0.8517691886698033
2026-04-22T09:57:00,04/22/202609:57,126.14000000000001,1.73,218.22220000000002,54.85,3.38,185.393,184.9,0.1,3,198.7,23803,45030,18.8,16.1,90,29.940000000000005,10.07,168,38,1.1,0.8495606771446718
2026-04-22T09:57:38,04/22/202609:57,126.50999999999999,1.72,217.5972,54.86,3.3600000000000003,184.32960000000003,183.9,0.2,3,198.7,23803,45030,18.7,16.1,90,29.940000000000005,10.07,168,38,1.1,0.8471138415384023
2026-04-22T09:58:00,04/22/202609:58,126.83,1.7,215.611,54.86999999999999,3.35,183.81449999999998,183.4,0.2,3,198.7,23803,45030,18.7,16.1,90,29.940000000000005,10.07,168,38,1.1,0.8525283960465838
2026-04-22T09:58:38,04/22/202609:58,127.09,1.67,212.2403,54.879999999999995,3.31,181.65279999999998,181.2,0.2,3,198.7,23803,45030,18.8,16.1,90,29.940000000000005,10.07,168,38,1.1,0.8558826952280033
2026-04-22T09:59:01,04/22/202609:59,127.35999999999999,1.6300000000000001,207.5968,54.879999999999995,3.25,178.35999999999999,177.9,0.2,3,198.7,23803,45030,18.8,16.1,90,29.940000000000005,10.07,168,38,1.1,0.8591654591978296
2026-04-22T09:59:37,04/22/202609:59,127.74000000000001,1.56,199.2744,54.86999999999999,3.12,171.19439999999997,170.8,0.2,3,198.7,23803,45030,18.7,16.1,90,29.940000000000005,10.07,168,38,1.1,0.8590887740723342
2026-04-22T10:00:00,04/22/202610:00,128.12,1.5,192.18,54.86,3,164.57999999999998,164.2,0.2,3,198.7,23803,45030,18.7,16.1,90,29.940000000000005,10.07,168,38,1.1,0.8563846394005619
2026-04-22T10:00:37,04/22/202610:00,127.35999999999999,1.47,187.21919999999997,54.85,2.94,161.25900000000001,160.9,0.2,3,198.7,23803,45030,18.7,16.1,90,29.940000000000005,10.07,168,38,1.1,0.8613379396984927
2026-04-22T10:01:01,04/22/202610:01,126.6,1.44,182.30399999999997,54.839999999999996,2.88,157.93919999999997,157.6,0.2,3,198.7,23803,45030,18.7,16.1,90,29.940000000000005,10.07,168,38,1.1,0.8663507109004739
2026-04-22T10:01:37,04/22/202610:01,125.27000000000001,1.4300000000000002,179.13610000000003,54.82000000000001,2.8299999999999996,155.1406,154.8,0.2,3,198.7,23803,45030,18.7,16.12,89.9,29.940000000000005,10.07,167.9,44.6,1.11,0.8660487752049977
2026-04-22T10:02:00,04/22/202610:02,123.94000000000001,1.42,175.9948,54.8,2.78,152.344,152,0.2,3,198.7,23803,45030,18.7,16.14,89.8,29.940000000000005,10.07,167.8,51.2,1.12,0.8656164841233945
2026-04-22T10:02:37,04/22/202610:02,123.59,1.42,175.49779999999998,54.79,2.76,151.22039999999998,150.8,0.2,3,198.7,23803,45030,18.7,16.160000000000004,89.7,29.940000000000005,10.07,167.7,57.8,1.1300000000000001,0.8616655023595737
2026-04-22T10:03:01,04/22/202610:03,123.24000000000001,1.42,175.0008,54.779999999999994,2.7399999999999998,150.09719999999996,149.6,0.2,3,198.7,23803,45030,18.7,16.18,89.6,29.940000000000005,10.07,167.6,64.4,1.1400000000000001,0.8576943648257606
2026-04-22T10:03:37,04/22/202610:03,122.94000000000001,1.42,174.5748,54.77,2.7399999999999998,150.0698,150.1,0.2,4,198.7,23803,45030,18.7,16.2,89.5,29.940000000000005,10.07,167.5,71,1.15,0.8596303704772967
2026-04-22T10:04:01,04/22/202610:04,122.64000000000001,1.42,174.14880000000002,54.760000000000005,2.7399999999999998,150.04240000000001,150.6,0.2,4,198.7,23803,45030,18.7,16.220000000000002,89.4,29.940000000000005,10.07,167.4,77.6,1.16,0.8615758477807484
2026-04-22T10:04:37,04/22/202610:04,122.3,1.47,179.781,54.77,2.84,155.5468,156.1,0.2,4,198.7,23803,45030,18.7,16.240000000000002,89.3,29.940000000000005,10.07,167.3,84.2,1.17,0.8652015507756659
2026-04-22T10:06:07,04/22/202610:06,122.07000000000001,1.49,181.8843,54.779999999999994,2.8899999999999997,158.31419999999997,158.8,0.2,4,198.7,23803,45030,18.7,16.26,89.2,29.940000000000005,10.07,167.2,90.8,1.1800000000000002,0.8704115748308127
2026-04-22T10:06:37,04/22/202610:06,122.99000000000001,1.51,185.71490000000003,54.79,2.92,159.9868,160.5,0.2,4,198.7,23803,45030,18.8,16.28,89.1,29.940000000000005,10.07,167.1,97.4,1.19,0.8614645351557682
2026-04-22T10:07:01,04/22/202610:07,123.91,1.53,189.5823,54.8,2.95,161.66,162.2,0.2,4,198.7,23803,45030,18.8,16.3,89,29.940000000000005,10.07,167,104,1.2,0.852716736
2026-04-22T10:07:37,04/22/202610:07,125.05999999999999,1.5,187.58999999999997,54.81,2.92,160.0452,160.5,0.2,4,198.7,23803,45030,18.7,16.3,89,29.940000000000005,10.07,167,104,1.2,0.8531648808571887
2026-04-22T10:08:01,04/22/202610:08,126.21,1.47,185.5287,54.81999999999999,2.8899999999999997,158.42979999999997,158.8,0.2,4,198.7,23803,45030,18.7,16.3,89,29.940000000000005,10.07,167,104,1.2,0.8539368841586233
2026-04-22T10:08:37,04/22/202610:08,126.4,1.46,184.544,54.81999999999999,2.87,157.33339999999998,157.7,0.2,4,198.7,23803,45030,18.8,16.3,89,29.940000000000005,10.07,167,104,1.2,0.852552237
2026-04-22T10:08:58,04/22/202610:08,126.7,1.44,182.448,54.81999999999999,2.84,155.6888,156.1,0.2,4,198.7,23803,45030,18.7,16.3,89,29.940000000000005,10.07,167,104,1.2,0.8533324563711303
2026-04-22T10:09:01,04/22/202610:09,127.00999999999999,1.43,181.62429999999998,54.81999999999999,2.82,154.59239999999997,154.5,0.2,4,198.7,23803,45030,18.7,16.3,89,29.940000000000005,10.07,167,104,1.2,0.8511658406942242
2026-04-22T10:09:58,04/22/202610:09,127.28,1.42,180.7376,54.83,2.8,153.52399999999997,152.9,0.2,4,198.7,23803,45030,18.8,16.3,89,29.940000000000005,10.07,167,104,1.2,0.8494303343631872
2026-04-22T10:10:01,04/22/202610:10,127.47999999999999,1.39,177.19719999999998,54.83,2.75,150.7825,150.1,0.2,4,198.7,23803,45030,18.8,16.3,89,29.940000000000005,10.07,167,104,1.2,0.8509304887436145
2026-04-22T10:10:58,04/22/202610:10,126.42,1.39,175.72379999999998,54.81999999999999,2.73,149.65859999999998,149,0.2,4,198.7,23803,45030,18.7,16.3,89,29.940000000000005,10.07,167,104,1.2,0.851669495
2026-04-22T10:11:00,04/22/202610:11,125.33,1.39,174.2087,54.81999999999999,2.73,149.65859999999998,149,0.2,4,198.7,23803,45030,18.7,16.3,89,29.940000000000005,10.07,167,104,1.2,0.8590764984756788
2026-04-22T10:11:58,04/22/202610:11,125.17999999999999,1.4,175.25199999999998,54.81999999999999,2.7800000000000002,152.3996,151.7,0.2,4,198.7,23803,45030,18.7,16.3,89,29.940000000000005,10.07,167,104,1.2,0.8696026293565837
2026-04-22T10:12:01,04/22/202610:12,125.08,1.42,177.6136,54.81999999999999,2.82,154.59239999999997,153.9,0.2,4,198.7,23803,45030,18.7,16.3,89,29.940000000000005,10.07,167,104,1.2,0.8703860515185773
2026-04-22T10:12:57,04/22/202610:12,124.81000000000002,1.44,179.7264,54.83,2.8600000000000003,156.81380000000001,156.2,0.2,4,198.7,23803,45030,18.7,16.3,89,29.940000000000005,10.07,167,104,1.2,0.8725139990563434
2026-04-22T10:13:01,04/22/202610:13,124.5,1.44,179.28,54.839999999999996,2.88,157.93919999999997,157.4,0.2,4,198.7,23803,45030,18.7,16.3,89,29.940000000000005,10.07,167,104,1.2,0.8809638554216865
2026-04-22T10:13:58,04/22/202610:13,124.1,1.45,179.945,54.86,2.92,160.19119999999998,159.7,0.2,4,198.7,23803,45030,18.7,16.3,89,29.940000000000005,10.07,167,104,1.2,0.8902231237322514
2026-04-22T10:14:00,04/22/202610:13,123.69000000000001,1.46,180.5874,54.879999999999995,2.96,162.4448,162,0.2,4,198.7,23803,45030,18.7,16.3,89,29.940000000000005,10.07,167,104,1.2,0.8995356265165786
2026-04-22T10:14:01,04/22/202610:14,123.32000000000001,1.47,181.28040000000001,54.89,3,164.67000000000002,164.3,0.2,4,198.7,23803,45030,18.7,16.3,89,29.940000000000005,10.07,167,104,1.2,0.9083717820569681
2026-04-22T10:15:00,04/22/202610:14,122.97,1.46,179.5362,54.89,3,164.67000000000002,164.3,0.2,4,198.7,23803,45030,18.7,16.3,89,29.940000000000005,10.07,167,104,1.2,0.9171966433510346
2026-04-22T10:15:01,04/22/202610:15,123.77000000000001,1.45,179.4665,54.9,3.02,165.798,165.4,0.2,4,198.7,23803,45030,18.7,16.3,89,29.940000000000005,10.07,167,104,1.2,0.9238381536387014
2026-04-22T10:15:59,04/22/202610:15,124.55,1.48,184.334,54.92999999999999,3.1100000000000003,170.8323,170.4,0.2,4,198.7,23803,45030,18.7,16.28,88.9,29.940000000000005,10.07,167,99.4,1.22,0.9267541527878742
2026-04-22T10:16:00,04/22/202610:16,124.39000000000001,1.5,186.58500000000004,54.96,3.15,173.124,172.7,0.2,4,198.7,23803,45030,18.7,16.26,88.8,29.940000000000005,10.07,167,94.8,1.2399999999999998,0.9278559369724252
2026-04-22T10:17:19,04/22/202610:17,125.89000000000001,1.49,187.57610000000003,55,3.18,174.9,174.5,0.2,4,198.7,23803,45030,18.7,16.240000000000002,88.7,29.940000000000005,10.07,167,90.2,1.26,0.9324215611690401
2026-04-22T10:17:59,04/22/202610:17,127.44000000000001,1.47,187.3368,55.029999999999994,3.18,174.9954,174.6,0.2,4,198.7,23803,45030,18.8,16.220000000000002,88.6,29.940000000000005,10.07,167,85.6,1.2799999999999998,0.9341218596666537
2026-04-22T10:18:00,04/22/202610:18,128.99,1.45,187.0355,55.06,3.18,175.09080000000003,174.7,0.2,4,198.7,23803,45030,18.8,16.2,88.5,29.940000000000005,10.07,167,81,1.3,0.9361367227077213
2026-04-22T10:18:59,04/22/202610:18,130.38,1.4300000000000002,186.44340000000003,55.07000000000001,3.17,174.57190000000003,174.2,0.2,4,198.7,23803,45030,18.7,16.18,88.4,29.940000000000005,10.07,167,76.4,1.3199999999999998,0.936326521
2026-04-22T10:19:01,04/22/202610:19,131.78,1.41,185.8098,55.08,3.16,174.0528,173.7,0.2,4,198.7,23803,45030,18.7,16.160000000000004,88.3,29.940000000000005,10.07,167,71.8,1.3399999999999999,0.9367256194237332
2026-04-22T10:20:00,04/22/202610:20,133.55,1.3800000000000001,184.29900000000004,55.1,3.13,172.463,172.1,0.2,4,198.7,23803,45030,18.7,16.14,88.2,29.940000000000005,10.07,167,67.2,1.3599999999999999,0.9357782733492854
2026-04-22T10:21:00,04/22/202610:20,135.19,1.3800000000000001,186.56220000000002,55.120000000000005,3.16,174.1792,173.9,0.2,4,198.7,23803,45030,18.7,16.12,88.1,29.940000000000005,10.07,167,62.6,1.38,0.9336253539034166
2026-04-22T10:21:01,04/22/202610:21,136.82999999999998,1.3800000000000001,188.8254,55.14,3.19,175.8966,175.7,0.2,4,198.7,23803,45030,18.7,16.1,88,29.940000000000005,10.07,167,58,1.4,0.9315303979231608
2026-04-22T10:22:08,04/22/202610:22,138.43,1.34,185.49620000000002,55.15,3.15,173.7225,173.6,0.2,4,198.7,23803,45030,18.7,16.1,88,29.940000000000005,10.07,167,58,1.4,0.9365286189151044
2026-04-22T10:23:00,04/22/202610:23,140.03,1.3,182.03900000000002,55.160000000000004,3.1100000000000003,171.54760000000002,171.5,0.2,4,198.7,23803,45030,18.7,16.1,88,29.940000000000005,10.07,167,58,1.4,0.9423672949203192
2026-04-22T10:23:08,04/22/202610:23,140.1,1.29,180.72899999999998,55.160000000000004,3.07,169.34120000000001,169.3,0.2,4,198.7,23803,45030,18.7,16.1,88,29.940000000000005,10.07,167,58,1.4,0.936989636
2026-04-22T10:24:00,04/22/202610:24,140.29000000000002,1.29,180.97410000000002,55.160000000000004,3.06,168.7896,168.7,0.2,4,198.7,23803,45030,18.7,16.1,88,29.940000000000005,10.07,167,58,1.4,0.9326726863125717
2026-04-22T10:24:08,04/22/202610:24,140.51,1.28,179.8528,55.160000000000004,3.04,167.68640000000002,167.6,0.2,5,198.7,23803,45030,18.7,16.1,88,29.940000000000005,10.07,167,58,1.4,0.9323535691409865
2026-04-22T10:25:00,04/22/202610:25,140.87,1.27,178.9049,55.17,3.02,166.6134,166.5,0.2,5,198.7,23803,45030,18.7,16.1,88,29.940000000000005,10.07,167,58,1.4,0.9312959007830418
2026-04-22T10:25:08,04/22/202610:25,141,1.25,176.25,55.18000000000001,2.9699999999999998,163.8846,163.7,0.2,5,198.7,23803,45030,18.7,16.1,88,29.940000000000005,10.07,167,58,1.4,0.9298417021276596
2026-04-22T10:26:01,04/22/202610:26,140.76,1.24,174.5424,55.18000000000001,2.94,162.22920000000002,162,0.2,5,198.7,23803,45030,18.7,16.1,88,29.940000000000005,10.07,167,58,1.4,0.9294543904518331
2026-04-22T10:26:09,04/22/202610:26,140.49,1.24,174.2076,55.2,2.92,161.184,160.9,0.2,5,198.7,23803,45030,18.8,16.1,88,29.940000000000005,10.07,167,58,1.4,0.9252409194547194
2026-04-22T10:27:00,04/22/202610:27,140.22,1.24,173.87279999999998,55.220000000000006,2.9,160.138,159.8,0.2,5,198.7,23803,45030,18.8,16.1,88,29.940000000000005,10.07,167,58,1.4,0.9210066209320839
2026-04-22T10:27:08,04/22/202610:27,140.06,1.23,172.2738,55.220000000000006,2.87,158.48140000000004,158.1,0.2,5,198.7,23803,45030,18.7,16.1,88,29.940000000000005,10.07,167,58,1.4,0.9199390737303063
2026-04-22T10:28:31,04/22/202610:28,140.27,1.22,171.1294,55.220000000000006,2.83,156.2726,155.9,0.2,5,198.7,23803,45030,18.7,16.1,88,29.940000000000005,10.07,167,58,1.4,0.9131838246379641
2026-04-22T10:29:00,04/22/202610:29,140.35,1.21,169.8235,55.220000000000006,2.8,154.616,154.3,0.2,5,198.7,23803,45030,18.7,16.1,88,29.940000000000005,10.07,167,58,1.4,0.910451145
2026-04-22T10:29:08,04/22/202610:29,140.35,1.19,167.01649999999998,55.220000000000006,2.77,152.95940000000002,152.7,0.2,5,198.7,23803,45030,18.7,16.1,88,29.940000000000005,10.07,167,58,1.4,0.9158340642990366
2026-04-22T10:30:00,04/22/202610:30,140.32,1.1800000000000002,165.57760000000002,55.220000000000006,2.75,151.85500000000002,151.6,0.2,5,198.7,23803,45030,18.7,16.1,88,29.940000000000005,10.07,167,58,1.4,0.9171228475349322
2026-04-22T10:30:08,04/22/202610:30,140.26,1.1800000000000002,165.5068,55.220000000000006,2.7399999999999998,151.3028,151,0.2,5,198.7,23803,45030,18.7,16.1,88,29.940000000000005,10.07,167,58,1.4,0.9141787527763209
2026-04-22T10:31:00,04/22/202610:31,140.43,1.19,167.1117,55.220000000000006,2.7600000000000002,152.40720000000002,152.1,0.2,5,198.7,23803,45030,18.7,16.1,88,29.940000000000005,10.07,167,58,1.4,0.912007956
2026-04-22T10:31:08,04/22/202610:31,140.48,1.2,168.576,55.220000000000006,2.77,152.95940000000002,152.7,0.2,5,198.7,23803,45030,18.7,16.160000000000004,87.8,29.940000000000005,10.119,167,70.3,1.41,0.9073616647684132
2026-04-22T10:32:01,04/22/202610:32,140.67000000000002,1.19,167.3973,55.21,2.75,151.82750000000001,151.6,0.2,5,198.7,23803,45030,18.7,16.220000000000002,87.6,29.940000000000005,10.168000000000001,167,82.6,1.42,0.9069889418766014
2026-04-22T10:32:08,04/22/202610:32,140.60999999999999,1.1800000000000002,165.9198,55.2,2.7399999999999998,151.248,151,0.2,5,198.7,23803,45030,18.7,16.28,87.4,29.940000000000005,10.217,167,94.9,1.43,0.911572941
2026-04-22T10:33:00,04/22/202610:33,140.5,1.1800000000000002,165.79000000000002,55.2,2.7399999999999998,151.248,151,0.2,5,198.7,23803,45030,18.7,16.34,87.2,29.940000000000005,10.266,167,107.2,1.44,0.9122866276614994
2026-04-22T10:33:08,04/22/202610:33,140.32999999999998,1.17,164.18609999999998,55.2,2.7199999999999998,150.144,149.9,0.2,5,198.7,23803,45030,18.7,16.419999999999998,87,29.940000000000005,10.315000000000001,167,122.9,1.45,0.9144744896187925
2026-04-22T10:34:00,04/22/202610:34,140.16,1.16,162.58559999999997,55.2,2.7,149.04000000000002,148.8,0.2,5,198.7,23803,45030,18.7,16.5,86.8,29.940000000000005,10.364,167,138.6,1.46,0.916686349
2026-04-22T10:34:08,04/22/202610:34,140.03,1.16,162.4348,55.2,2.7,149.04000000000002,148.8,0.2,5,198.7,23803,45030,18.7,16.580000000000002,86.6,29.940000000000005,10.413,167,154.3,1.47,0.9175373749959985
2026-04-22T10:35:00,04/22/202610:35,139.9,1.16,162.284,55.2,2.7,149.04000000000002,148.8,0.2,5,198.7,23803,45030,18.7,16.66,86.4,29.940000000000005,10.462,167,170,1.48,0.9183899829927783
2026-04-22T10:35:08,04/22/202610:35,139.65,1.15,160.5975,55.2,2.67,147.38400000000001,147.2,0.2,5,198.7,23803,45030,18.7,16.74,86.2,29.940000000000005,10.617,166.7,185.7,1.49,0.9177228786251344
2026-04-22T10:36:00,04/22/202610:36,139.4,1.1400000000000001,158.91600000000003,55.2,2.6399999999999997,145.72799999999998,145.6,0.2,5,198.7,23803,45030,18.7,16.82,86,29.940000000000005,10.772,166.4,201.4,1.5,0.9170127614588837
2026-04-22T10:36:09,04/22/202610:36,139.51999999999998,1.12,156.26239999999999,55.2,2.62,144.62400000000002,144.5,0.3,5,198.7,23803,45030,18.7,16.839999999999996,86,29.940000000000005,10.878,166.1,204.8,1.5,0.925520151
2026-04-22T10:37:00,04/22/202610:37,139.64,1.1,153.60399999999998,55.2,2.6,143.52,143.4,0.3,5,198.7,23803,45030,18.7,16.86,86,29.940000000000005,10.984,165.8,208.2,1.5,0.9343506679513556
2026-04-22T10:37:09,04/22/202610:37,140.07999999999998,1.1,154.088,55.2,2.59,142.968,142.9,0.3,5,198.7,23803,45030,18.7,16.88,86,29.940000000000005,11.09,165.5,211.6,1.5,0.927833446
2026-04-22T10:38:00,04/22/202610:38,140.51999999999998,1.1,154.572,55.2,2.58,142.41600000000003,142.4,0.3,5,198.7,23803,45030,18.7,16.9,86,29.940000000000005,11.196,165.2,215,1.5,0.9213570374970889
2026-04-22T10:38:08,04/22/202610:38,140.73,1.1,154.803,55.2,2.5900000000000003,142.96800000000002,142.9,0.3,5,198.7,23803,45030,18.7,16.9,86.1,29.940000000000005,11.302,164.9,215,1.5,0.9235479932559448
2026-04-22T10:39:43,04/22/202610:39,141.1,1.09,153.799,55.2,2.58,142.41600000000003,142.3,0.3,5,198.7,23803,45030,18.7,16.9,86.2,29.940000000000005,11.408,164.6,215,1.5,0.925987815
2026-04-22T10:40:00,04/22/202610:40,141.51,1.08,152.8308,55.2,2.55,140.76,140.6,0.3,5,198.7,23803,45030,18.7,16.9,86.3,29.940000000000005,11.514,164.3,215,1.5,0.9210185381480696
2026-04-22T10:40:09,04/22/202610:40,141.9,1.06,150.41400000000002,55.2,2.4899999999999998,137.448,137.2,0.3,5,198.7,23803,45030,18.8,16.9,86.4,29.940000000000005,11.62,164,215,1.5,0.9137979177470181
2026-04-22T10:41:00,04/22/202610:41,142.44,1.04,148.1376,55.2,2.45,135.24,134.9,0.3,5,198.7,23803,45030,18.8,16.9,86.5,29.940000000000005,11.62,164,215,1.5,0.9129350009720694
2026-04-22T10:42:08,04/22/202610:42,142.95999999999998,1.04,148.67839999999998,55.2,2.4699999999999998,136.344,136,0.3,5,198.7,23803,45030,18.7,16.9,86.6,29.940000000000005,11.62,164,215,1.5,0.9170397313933968
2026-04-22T10:42:09,04/22/202610:42,143.07,1.06,151.6542,55.2,2.46,135.792,135.4,0.3,5,198.7,23803,45030,18.7,16.9,86.7,29.940000000000005,11.62,164,215,1.5,0.8954054684934541
2026-04-22T10:43:00,04/22/202610:43,143.18,1.08,154.63440000000003,55.2,2.45,135.24,134.8,0.3,5,198.7,23803,45030,18.7,16.9,86.8,29.940000000000005,11.62,164,215,1.5,0.874579007
2026-04-22T10:43:08,04/22/202610:43,143.14000000000001,1.0699999999999998,153.1598,55.2,2.42,133.584,133.1,0.3,5,198.7,23803,45030,18.7,16.9,86.9,29.940000000000005,11.62,164,215,1.5,0.8721870882568403
2026-04-22T10:44:01,04/22/202610:44,143.1,1.06,151.686,55.2,2.3899999999999997,131.928,131.4,0.3,5,198.7,23803,45030,18.7,16.9,87,29.940000000000005,11.62,164,215,1.5,0.8697440765792491
2026-04-22T10:44:09,04/22/202610:44,143.24,1.05,150.40200000000002,55.2,2.3600000000000003,130.27200000000002,129.8,0.3,5,198.7,23803,45030,18.7,16.9,87,29.940000000000005,11.62,164,215,1.5,0.8661586946982088
2026-04-22T10:45:01,04/22/202610:45,143.22,1.05,150.381,55.2,2.35,129.72,129.3,0.3,5,198.7,23803,45030,18.7,16.9,87,29.940000000000005,11.62,164,215,1.5,0.8626089732080515
2026-04-22T10:45:09,04/22/202610:45,143.1,1.04,148.824,55.2,2.33,128.616,128.2,0.3,5,198.7,23803,45030,18.7,16.9,87,29.940000000000005,11.62,164,215,1.5,0.8642154491211095
2026-04-22T10:46:00,04/22/202610:46,143,1.04,148.72,55.2,2.34,129.168,128.8,0.3,5,198.7,23803,45030,18.7,16.9,87,29.940000000000005,11.62,164,215,1.5,0.8685314685314686
2026-04-22T10:46:09,04/22/202610:46,142.85999999999999,1.05,150.003,55.2,2.37,130.824,130.5,0.3,5,198.7,23803,45030,18.7,16.919999999999998,86.9,29.940000000000005,11.569999999999999,164.1,214,1.51,0.8721425571488571
2026-04-22T10:47:01,04/22/202610:47,142.74,1.04,148.4496,55.2,2.34,129.168,128.8,0.3,5,198.7,23803,45030,18.7,16.939999999999998,86.8,29.940000000000005,11.52,164.2,213,1.52,0.8701134930643127
2026-04-22T10:47:09,04/22/202610:47,142.70999999999998,1.02,145.56419999999997,55.2,2.34,129.168,128.8,0.3,6,198.7,23803,45030,18.7,16.96,86.7,29.940000000000005,11.469999999999999,164.3,212,1.53,0.887361041
2026-04-22T10:48:00,04/22/202610:48,142.68,1,142.68,55.2,2.34,129.168,128.8,0.3,6,198.7,23803,45030,18.7,16.98,86.6,29.940000000000005,11.419999999999998,164.4,211,1.54,0.9052985702270816
2026-04-22T10:48:08,04/22/202610:48,142.81,0.99,141.3819,55.2,2.33,128.616,128.2,0.3,6,198.7,23803,45030,18.7,17,86.5,29.940000000000005,11.37,164.5,210,1.55,0.9097062636730728
2026-04-22T10:49:01,04/22/202610:49,142.94,0.9800000000000001,140.08120000000002,55.2,2.32,128.064,127.6,0.3,6,198.7,23803,45030,18.7,17.02,86.4,29.940000000000005,11.319999999999999,164.6,209,1.56,0.9142126138268374
2026-04-22T10:49:09,04/22/202610:49,142.85999999999999,0.9800000000000001,140.0028,55.2,2.32,128.064,127.5,0.3,6,198.7,23803,45030,18.7,17.04,86.3,29.940000000000005,11.27,164.7,208,1.57,0.914724563
2026-04-22T10:50:54,04/22/202610:50,142.79000000000002,0.97,138.5063,55.2,2.3,126.96,126.3,0.3,6,198.7,23803,45030,18.7,17.060000000000002,86.2,29.940000000000005,11.219999999999999,164.8,207,1.58,0.9166370049593411
2026-04-22T10:51:01,04/22/202610:51,142.82,0.97,138.53539999999998,55.2,2.29,126.40800000000002,125.7,0.3,6,198.7,23803,45030,18.7,17.080000000000002,86.1,29.940000000000005,11.169999999999998,164.9,206,1.59,0.9124599199915692
2026-04-22T10:51:09,04/22/202610:51,142.57999999999998,0.99,141.15419999999997,55.2,2.3,126.96,126.2,0.3,6,198.7,23803,45030,18.7,17.1,86,29.940000000000005,11.12,165,205,1.6,0.8994418869576677
2026-04-22T10:52:01,04/22/202610:52,142.38,1,142.38,55.2,2.29,126.40800000000002,125.6,0.3,6,198.7,23803,45030,18.7,17.1,86,29.940000000000005,11.12,165,205,1.6,0.8878213232195534
2026-04-22T10:52:09,04/22/202610:52,142.42000000000002,0.99,140.9958,55.2,2.26,124.752,123.9,0.3,6,198.7,23803,45030,18.7,17.1,86,29.940000000000005,11.12,165,205,1.6,0.8847923129625137
2026-04-22T10:53:00,04/22/202610:53,142.53,0.9800000000000001,139.67940000000002,55.2,2.23,123.096,122.2,0.3,6,198.7,23803,45030,18.7,17.1,86,29.940000000000005,11.12,165,205,1.6,0.8812752632098935
2026-04-22T10:53:08,04/22/202610:53,142.75,0.9700000000000001,138.4675,55.2,2.2,121.44000000000001,120.5,0.3,6,198.7,23803,45030,18.7,17.1,86,29.940000000000005,11.12,165,205,1.6,0.8770289056998936
2026-04-22T10:54:01,04/22/202610:54,142.89000000000001,0.96,137.17440000000002,55.2,2.18,120.33600000000001,119.4,0.3,6,198.7,23803,45030,18.7,17.1,86,29.940000000000005,11.12,165,205,1.6,0.8772482329064315
2026-04-22T10:54:09,04/22/202610:54,142.76,0.95,135.62199999999999,55.2,2.17,119.784,118.9,0.3,6,198.7,23803,45030,18.7,17.1,86,29.940000000000005,11.12,165,205,1.6,0.8832195366533455
2026-04-22T10:55:01,04/22/202610:55,142.57999999999998,0.9400000000000001,134.02519999999998,55.2,2.16,119.23200000000001,118.4,0.3,6,198.7,23803,45030,18.7,17.1,86,29.940000000000005,11.12,165,205,1.6,0.8896237424006831
2026-04-22T10:55:09,04/22/202610:55,142.23999999999998,0.9400000000000001,133.7056,55.2,2.16,119.23200000000001,118.4,0.3,6,198.7,23803,45030,18.7,17.1,86,29.940000000000005,11.12,165,205,1.6,0.8917502333484911
2026-04-22T10:56:00,04/22/202610:56,141.9,0.9400000000000001,133.38600000000002,55.2,2.16,119.23200000000001,118.4,0.3,6,198.7,23803,45030,18.7,17.1,86,29.940000000000005,11.12,165,205,1.6,0.8938869146687058
2026-04-22T10:56:09,04/22/202610:56,141.87,0.9200000000000002,130.52040000000002,55.19,2.13,117.55469999999998,116.8,0.3,6,198.7,23803,45030,18.7,17.1,86,29.940000000000005,11.12,165,205,1.6,0.9006615057876007
2026-04-22T10:57:01,04/22/202610:57,141.84,0.9,127.656,55.18000000000001,2.1,115.87800000000001,115.2,0.3,6,198.7,23803,45030,18.7,17.1,86,29.940000000000005,11.12,165,205,1.6,0.9077364166196654
2026-04-22T10:57:09,04/22/202610:57,141.59,0.9,127.43100000000001,55.18000000000001,2.1,115.87800000000001,115.2,0.3,6,198.7,23803,45030,18.7,17.1,86,29.940000000000005,11.12,165,205,1.6,0.9093391717870848
2026-04-22T10:58:00,04/22/202610:58,141.34,0.9,127.206,55.18000000000001,2.1,115.87800000000001,115.2,0.3,6,198.7,23803,45030,18.7,17.1,86,29.940000000000005,11.12,165,205,1.6,0.9109475968114712
2026-04-22T10:58:08,04/22/202610:58,140.95999999999998,0.9,126.86399999999999,55.18000000000001,2.1,115.87800000000001,115.8,0.3,6,198.7,23803,45030,18.7,17.1,86,29.940000000000005,11.12,165,205,1.6,0.9134033295497542
2026-04-22T10:59:01,04/22/202610:59,140.57999999999998,0.9,126.52199999999999,55.18000000000001,2.1,115.87800000000001,116.4,0.3,6,198.7,23803,45030,18.7,17.1,86,29.940000000000005,11.12,165,205,1.6,0.9158723384075499
2026-04-22T10:59:09,04/22/202610:59,140.60999999999999,0.9099999999999999,127.95509999999997,55.18000000000001,2.0900000000000003,115.32620000000003,115.8,0.3,6,198.7,23803,45030,18.7,17.1,86,29.940000000000005,11.12,165,205,1.6,0.9013020973763457
2026-04-22T10:59:56,04/22/202610:59,140.88,0.9,126.792,55.19,2.04,112.5876,113,0.3,6,198.7,23803,45030,18.7,17.1,86,29.940000000000005,11.12,165,205,1.6,0.8879708498958925
2026-04-22T11:00:01,04/22/202611:00,141.3,0.89,125.757,55.2,2,110.4,110.8,0.3,6,198.7,23803,45030,18.7,17.1,86,29.940000000000005,11.12,165,205,1.6,0.8778835372981226
2026-04-22T11:02:06,04/22/202611:02,141.59,0.9,127.43100000000001,55.2,2.02,111.504,111.9,0.3,6,198.7,23803,45030,18.7,17.12,85.9,29.940000000000005,11.133,165.2,200.5,1.61,0.8750147138451397
2026-04-22T11:02:55,04/22/202611:02,141.81,0.9099999999999999,129.0471,55.220000000000006,2.04,112.64880000000001,113,0.3,6,198.7,23803,45030,18.7,17.14,85.8,29.940000000000005,11.145999999999999,165.4,196,1.6199999999999999,0.872927791
2026-04-22T11:02:58,04/22/202611:02,142.06,0.9199999999999999,130.6952,55.23,2.05,113.22149999999998,113.5,0.3,6,198.7,23803,45030,18.7,17.160000000000004,85.7,29.940000000000005,11.158999999999999,165.6,191.5,1.6300000000000001,0.8663018993811554
2026-04-22T11:03:00,04/22/202611:03,142.29000000000002,0.93,132.32970000000003,55.23,2.05,113.22149999999998,113.5,0.3,6,198.7,23803,45030,18.7,17.18,85.6,29.940000000000005,11.172,165.8,187,1.64,0.855601577
2026-04-22T11:03:58,04/22/202611:03,142.53,0.95,135.4035,55.239999999999995,2.1,116.00399999999999,116.3,0.3,6,198.7,23803,45030,18.7,17.2,85.5,29.940000000000005,11.184999999999999,166,182.5,1.65,0.8567282234211079
2026-04-22T11:04:00,04/22/202611:04,142.79000000000002,0.9700000000000001,138.50630000000004,55.25,2.15,118.7875,118.5,0.3,6,198.7,23803,45030,18.7,17.220000000000002,85.4,29.940000000000005,11.197999999999999,166.2,178,1.6600000000000001,0.8576324687035893
2026-04-22T11:04:59,04/22/202611:04,143,0.9700000000000001,138.71,55.25,2.15,118.7875,117.9,0.3,6,198.7,23803,45030,18.8,17.240000000000002,85.3,29.940000000000005,11.211,166.4,173.5,1.67,0.856373008
2026-04-22T11:05:01,04/22/202611:05,143.07,0.96,137.3472,55.25,2.15,118.7875,117.9,0.3,6,198.7,23803,45030,18.8,17.26,85.2,29.940000000000005,11.224,166.6,169,1.6800000000000002,0.864870198
2026-04-22T11:05:58,04/22/202611:05,142.82999999999998,0.9700000000000001,138.5451,55.239999999999995,2.2,121.52799999999999,120.7,0.3,6,198.7,23803,45030,18.7,17.28,85.1,29.940000000000005,11.237,166.8,164.5,1.69,0.8771728484082079
2026-04-22T11:06:00,04/22/202611:06,142.59,0.9800000000000001,139.7382,55.23,2.25,124.2675,123.5,0.3,6,198.7,23803,45030,18.7,17.3,85,29.940000000000005,11.25,167,160,1.7,0.889287969
2026-04-22T11:06:58,04/22/202611:06,142.59,0.9800000000000001,139.7382,55.23,2.22,122.6106,121.9,0.3,6,198.7,23803,45030,18.7,17.3,85,29.940000000000005,11.25,167,160,1.7,0.8774307955877491
2026-04-22T11:07:01,04/22/202611:07,142.62,0.9800000000000001,139.76760000000002,55.220000000000006,2.2,121.48400000000002,120.8,0.3,6,198.7,23803,45030,18.7,17.3,85,29.940000000000005,11.25,167,160,1.7,0.8691857054138442
2026-04-22T11:07:58,04/22/202611:07,142.67000000000002,0.9800000000000001,139.81660000000002,55.220000000000006,2.2,121.48400000000002,120.8,0.3,6,198.7,23803,45030,18.7,17.3,85,29.940000000000005,11.25,167,160,1.7,0.8688810913725552
2026-04-22T11:08:00,04/22/202611:08,142.72,0.9800000000000001,139.8656,55.220000000000006,2.2,121.48400000000002,120.8,0.3,6,198.7,23803,45030,18.7,17.3,85,29.940000000000005,11.25,167,160,1.7,0.8685766907659926
2026-04-22T11:08:58,04/22/202611:08,142.8,0.96,137.088,55.21,2.15,118.7015,118,0.3,6,198.7,23803,45030,18.7,17.3,85,29.940000000000005,11.25,167,160,1.7,0.8658781220821662
2026-04-22T11:09:00,04/22/202611:09,142.88000000000002,0.9400000000000001,134.30720000000002,55.2,2.1,115.92000000000002,115.2,0.3,6,198.7,23803,45030,18.7,17.3,85,29.940000000000005,11.25,167,160,1.7,0.8630959472016392
2026-04-22T11:09:59,04/22/202611:09,143.01000000000002,0.9400000000000001,134.42940000000002,55.2,2.0900000000000003,115.36800000000002,114.7,0.3,6,198.7,23803,45030,18.7,17.3,85,29.940000000000005,11.25,167,160,1.7,0.8582051247718134
2026-04-22T11:10:01,04/22/202611:10,143.14000000000001,0.9400000000000001,134.55160000000004,55.2,2.08,114.81600000000002,114.2,0.3,6,198.7,23803,45030,18.7,17.3,85,29.940000000000005,11.25,167,160,1.7,0.8533231860490695
2026-04-22T11:10:58,04/22/202611:10,143.43,0.9400000000000001,134.82420000000002,55.2,2.06,113.712,113.1,0.3,6,198.7,23803,45030,18.7,17.3,85,29.940000000000005,11.25,167,160,1.7,0.8434094175971375
2026-04-22T11:11:00,04/22/202611:11,143.72,0.9400000000000001,135.0968,55.2,2.04,112.608,112,0.3,6,198.7,23803,45030,18.7,17.3,85,29.940000000000005,11.25,167,160,1.7,0.8335356573952899
2026-04-22T11:11:59,04/22/202611:11,143.81,0.93,133.7433,55.2,2.05,113.16,112.6,0.3,6,198.7,23803,45030,18.7,17.3,85,29.940000000000005,11.25,167,160,1.7,0.8460984587639155
2026-04-22T11:12:01,04/22/202611:12,143.9,0.9199999999999999,132.388,55.2,2.06,113.712,113.2,0.3,6,198.7,23803,45030,18.7,17.3,85,29.940000000000005,11.25,167,160,1.7,0.8589298123697011
2026-04-22T11:13:18,04/22/202611:13,144.02,0.9,129.61800000000002,55.2,2.05,113.16,112.7,0.3,6,198.7,23803,45030,18.7,17.3,85,29.940000000000005,11.25,167,160,1.7,0.8730268944128129
2026-04-22T11:14:00,04/22/202611:14,144.14000000000001,0.8800000000000001,126.84320000000002,55.2,2.04,112.608,112.2,0.3,6,198.7,23803,45030,18.7,17.3,85,29.940000000000005,11.25,167,160,1.7,0.8877732507536863
2026-04-22T11:14:14,04/22/202611:14,144.26,0.8800000000000001,126.9488,55.2,2.02,111.504,111.1,0.3,6,198.7,23803,45030,18.7,17.3,85,29.940000000000005,11.25,167,160,1.7,0.8783383537300077
2026-04-22T11:15:01,04/22/202611:15,144.38,0.8800000000000001,127.05440000000002,55.2,2,110.4,110,0.3,6,198.7,23803,45030,18.7,17.3,85,29.940000000000005,11.25,167,160,1.7,0.8689191401478421
2026-04-22T11:15:14,04/22/202611:15,144.48,0.8700000000000001,125.69760000000001,55.2,1.97,108.744,108.3,0.3,6,198.7,23803,45030,18.7,17.3,85,29.940000000000005,11.25,167,160,1.7,0.865123916
2026-04-22T11:16:00,04/22/202611:16,144.57999999999998,0.86,124.33879999999998,55.2,1.94,107.08800000000001,106.6,0.3,6,198.7,23803,45030,18.7,17.3,85,29.940000000000005,11.25,167,160,1.7,0.8612597194118009
2026-04-22T11:16:14,04/22/202611:16,144.56,0.86,124.3216,55.2,1.9300000000000002,106.53600000000002,106,0.3,7,198.7,23803,45030,18.7,17.32,84.9,29.940000000000005,11.244,167.1,160,1.73,0.8569387781367036
2026-04-22T11:17:01,04/22/202611:17,144.54000000000002,0.86,124.30440000000002,55.2,1.92,105.984,105.4,0.3,7,198.7,23803,45030,18.7,17.34,84.8,29.940000000000005,11.238,167.2,160,1.7600000000000002,0.8526166410843058
2026-04-22T11:17:14,04/22/202611:17,144.44,0.85,122.774,55.2,1.9,104.88,104.2,0.3,7,198.7,23803,45030,18.7,17.36,84.7,29.940000000000005,11.232,167.3,160,1.7899999999999998,0.8542525290370925
2026-04-22T11:18:00,04/22/202611:18,144.34,0.8400000000000001,121.24560000000001,55.2,1.8800000000000001,103.77600000000001,103,0.3,7,198.7,23803,45030,18.7,17.380000000000003,84.6,29.940000000000005,11.225999999999999,167.4,160,1.8199999999999998,0.8559155961123538
2026-04-22T11:18:14,04/22/202611:18,144.09,0.85,122.4765,55.21,1.8800000000000001,103.79480000000001,103,0.3,7,198.7,23803,45030,18.7,17.4,84.5,29.940000000000005,11.22,167.5,160,1.85,0.8474670651104498
2026-04-22T11:19:00,04/22/202611:19,143.84,0.86,123.7024,55.220000000000006,1.8800000000000001,103.81360000000002,103,0.3,7,198.7,23803,45030,18.7,17.419999999999998,84.4,29.940000000000005,11.214,167.6,160,1.8800000000000001,0.839220581
2026-04-22T11:19:14,04/22/202611:19,143.77,0.85,122.20450000000001,55.220000000000006,1.8699999999999999,103.26140000000001,102.5,0.3,7,198.7,23803,45030,18.7,17.44,84.3,29.940000000000005,11.208,167.7,160,1.9100000000000001,0.8449885233358837
2026-04-22T11:20:01,04/22/202611:20,143.63,0.8400000000000001,120.64920000000001,55.220000000000006,1.8699999999999999,103.26140000000001,102.5,0.3,7,198.7,23803,45030,18.7,17.46,84.2,29.940000000000005,11.202,167.8,160,1.94,0.8558813485708981
2026-04-22T11:21:00,04/22/202611:21,143.41,0.85,121.8985,55.220000000000006,1.8699999999999999,103.26140000000001,102.5,0.3,7,198.7,23803,45030,18.7,17.48,84.1,29.940000000000005,11.196,167.9,160,1.97,0.8471096855170491
2026-04-22T11:22:01,04/22/202611:22,143.20999999999998,0.86,123.16059999999997,55.220000000000006,1.89,104.36580000000001,103.6,0.3,7,198.7,23803,45030,18.7,17.5,84,29.940000000000005,11.19,168,160,2,0.8473960016433829
2026-04-22T11:23:00,04/22/202611:23,143.06,0.85,121.601,55.220000000000006,1.89,104.36580000000001,103.7,0.3,7,198.7,23803,45030,18.7,17.5,84,29.940000000000005,11.19,168,160,2,0.8582643234841819
2026-04-22T11:24:29,04/22/202611:24,142.85,0.85,121.42249999999999,55.220000000000006,1.9,104.918,104.3,0.3,7,198.7,23803,45030,18.8,17.5,84,29.940000000000005,11.19,168,160,2,0.8640737919248905
2026-04-22T11:25:00,04/22/202611:25,142.85,0.85,121.42249999999999,55.220000000000006,1.89,104.36580000000001,103.8,0.3,7,198.7,23803,45030,18.7,17.5,84,29.940000000000005,11.19,168,160,2,0.8595260351252858
2026-04-22T11:26:01,04/22/202611:26,142.85,0.85,121.42249999999999,55.220000000000006,1.8800000000000001,103.81360000000002,103.3,0.3,7,198.7,23803,45030,18.7,17.5,84,29.940000000000005,11.19,168,160,2,0.8549782783256813
2026-04-22T11:27:01,04/22/202611:27,142.98,0.8400000000000001,120.1032,55.21,1.86,102.6906,102.2,0.4,7,198.7,23803,45030,18.7,17.5,84,29.940000000000005,11.19,168,160,2,0.8550196830725576
2026-04-22T11:28:01,04/22/202611:28,142.99,0.8300000000000001,118.68170000000002,55.2,1.83,101.016,100.5,0.4,7,198.7,23803,45030,18.7,17.5,84,29.940000000000005,11.19,168,160,2,0.8511505986179839
2026-04-22T11:29:01,04/22/202611:29,142.69,0.8300000000000001,118.43270000000001,55.19,1.83,100.9977,100.5,0.4,7,198.7,23803,45030,18.7,17.5,84,29.940000000000005,11.19,168,160,2,0.8527855904661464
2026-04-22T11:30:00,04/22/202611:30,142.46,0.8300000000000001,118.24180000000001,55.19,1.81,99.8939,99.4,0.4,7,198.7,23803,45030,18.7,17.5,84,29.940000000000005,11.19,168,160,2,0.8448272945777212
2026-04-22T11:31:01,04/22/202611:31,142.4,0.8200000000000001,116.76800000000001,55.19,1.81,99.8939,99.4,0.4,7,198.7,23803,45030,18.8,17.52,83.8,29.940000000000005,11.202,167.8,153,2.02,0.855490374
2026-04-22T11:32:00,04/22/202611:32,142.32,0.8099999999999999,115.27919999999999,55.19,1.7899999999999998,98.79009999999998,98.3,0.4,7,198.7,23803,45030,18.8,17.54,83.6,29.940000000000005,11.214,167.6,146,2.04,0.8569637887840997
2026-04-22T11:32:01,04/22/202611:32,142.16000000000003,0.8099999999999999,115.1496,55.19,1.7899999999999998,98.79009999999998,98.2,0.4,7,198.7,23803,45030,18.7,17.53,83.4,29.940000000000005,11.225999999999999,167.4,139,2.06,0.8579282950179591
2026-04-22T11:33:01,04/22/202611:33,142.06,0.8099999999999999,115.06859999999999,55.19,1.78,98.23819999999999,97.6,0.4,7,198.7,23803,45030,18.8,17.52,83.2,29.940000000000005,11.244,167,132,2.08,0.8537359453404317
2026-04-22T11:34:01,04/22/202611:34,141.99,0.8099999999999999,115.0119,55.19,1.7899999999999998,98.79009999999998,98.2,0.4,7,198.7,23803,45030,18.7,17.509999999999998,83,29.940000000000005,11.225,166.5,125,2.1,0.8589554646084447
2026-04-22T11:34:19,04/22/202611:34,141.91,0.8200000000000001,116.3662,55.19,1.81,99.8939,99.3,0.4,7,198.7,23803,45030,18.7,17.5,82.8,29.940000000000005,11.206,166,118,2.12,0.8584442905242243
2026-04-22T11:35:41,04/22/202611:35,141.72,0.8300000000000001,117.62760000000002,55.18000000000001,1.8,99.32400000000001,98.7,0.4,7,198.7,23803,45030,18.8,17.49,82.6,29.940000000000005,11.187000000000001,165.5,111,2.14,0.8443936627118125
2026-04-22T11:36:00,04/22/202611:36,141.65,0.8400000000000001,118.98600000000002,55.17,1.8,99.30600000000001,98.7,0.4,7,198.7,23803,45030,18.8,17.479999999999997,82.4,29.940000000000005,11.168000000000001,165,104,2.16,0.83460239
2026-04-22T11:36:18,04/22/202611:36,141.66,0.8300000000000001,117.57780000000001,55.17,1.77,97.65090000000001,97,0.4,7,198.7,23803,45030,18.7,17.47,82.2,29.940000000000005,11.149,164.5,97,2.18,0.8305215780529998
2026-04-22T11:37:01,04/22/202611:37,141.67000000000002,0.82,116.16940000000001,55.160000000000004,1.75,96.53,95.9,0.4,7,198.7,23803,45030,18.7,17.46,82,29.940000000000005,11.129999999999999,164,90,2.2,0.8309417109841317
2026-04-22T11:37:18,04/22/202611:37,141.5,0.82,116.02999999999999,55.160000000000004,1.75,96.53,95.9,0.4,7,198.7,23803,45030,18.7,17.43,82,29.940000000000005,11.099,163.7,90,2.2,0.8319400155132295
2026-04-22T11:38:00,04/22/202611:38,141.32999999999998,0.82,115.89059999999998,55.160000000000004,1.75,96.53,95.9,0.4,7,198.7,23803,45030,18.7,17.4,82,29.940000000000005,11.068000000000001,163.4,90,2.2,0.8329407216806196
2026-04-22T11:38:19,04/22/202611:38,141.35,0.8300000000000001,117.32050000000001,55.160000000000004,1.7600000000000002,97.08160000000002,96.5,0.4,7,198.7,23803,45030,18.7,17.4,82,29.940000000000005,11.037,163.1,90,2.2,0.8274905067741786
2026-04-22T11:39:00,04/22/202611:39,141.37,0.8300000000000001,117.33710000000002,55.160000000000004,1.77,97.6332,97.1,0.4,7,198.7,23803,45030,18.7,17.4,82,29.940000000000005,11,163,90,2.2,0.8320744248835192
2026-04-22T11:39:18,04/22/202611:39,141.4,0.8300000000000001,117.36200000000001,55.160000000000004,1.75,96.53,95.9,0.4,7,198.7,23803,45030,18.7,17.4,82,29.940000000000005,11,163,90,2.2,0.8224979124418466
2026-04-22T11:40:01,04/22/202611:40,141.44,0.82,115.98079999999999,55.160000000000004,1.72,94.8752,94.2,0.4,7,198.7,23803,45030,18.7,17.4,82,29.940000000000005,11,163,90,2.2,0.818025052
2026-04-22T11:40:18,04/22/202611:40,141.52,0.8099999999999999,114.6312,55.17,1.7399999999999998,95.99579999999999,95.4,0.4,7,198.7,23803,45030,18.7,17.4,82,29.940000000000005,11,163,90,2.2,0.8374316939890709
2026-04-22T11:41:00,04/22/202611:41,141.6,0.8,113.28,55.18000000000001,1.7600000000000002,97.11680000000003,96.6,0.4,7,198.7,23803,45030,18.7,17.4,82,29.940000000000005,11,163,90,2.2,0.8573163841807911
2026-04-22T11:41:19,04/22/202611:41,141.87,0.8099999999999999,114.9147,55.19,1.78,98.23819999999999,97.7,0.4,7,198.7,23803,45030,18.7,17.4,82,29.940000000000005,11,163,90,2.2,0.8548793148309136
2026-04-22T11:42:01,04/22/202611:42,142.14000000000001,0.8200000000000001,116.55480000000001,55.2,1.8,99.36000000000001,98.8,0.4,7,198.7,23803,45030,18.7,17.4,82,29.940000000000005,11,163,90,2.2,0.8524745441629173
2026-04-22T11:42:18,04/22/202611:42,142.31,0.8200000000000001,116.69420000000001,55.2,1.8,99.36000000000001,98.8,0.4,7,198.7,23803,45030,18.7,17.4,82,29.940000000000005,11,163,90,2.2,0.8514561991941331
2026-04-22T11:42:45,04/22/202611:42,142.48,0.8200000000000001,116.8336,55.2,1.81,99.912,99.4,0.4,7,198.7,23803,45030,18.8,17.4,82,29.940000000000005,11,163,90,2.2,0.8551649525478972
2026-04-22T11:43:01,04/22/202611:43,142.52,0.8099999999999999,115.4412,55.2,1.7899999999999998,98.80799999999999,98.3,0.4,7,198.7,23803,45030,18.8,17.4,82,29.940000000000005,11,163,90,2.2,0.8559162586667498
2026-04-22T11:43:44,04/22/202611:43,142.7,0.79,112.73299999999999,55.19,1.73,95.47869999999999,95,0.4,7,198.7,23803,45030,18.7,17.4,82,29.940000000000005,11,163,90,2.2,0.8469454374495489
2026-04-22T11:44:00,04/22/202611:44,142.8,0.78,111.38400000000001,55.18000000000001,1.7,93.80600000000001,93.4,0.4,7,198.7,23803,45030,18.7,17.4,82,29.940000000000005,11,163,90,2.2,0.8421855921855922
2026-04-22T11:44:44,04/22/202611:44,142.8,0.78,111.38400000000001,55.19,1.7,93.823,93.4,0.4,7,198.7,23803,45030,18.8,17.4,82,29.940000000000005,11,163,90,2.2,0.8423382173382171
2026-04-22T11:45:01,04/22/202611:45,142.81,0.78,111.3918,55.2,1.6800000000000002,92.73600000000002,92.2,0.4,7,198.7,23803,45030,18.8,17.4,82,29.940000000000005,11,163,90,2.2,0.8325208857384476
2026-04-22T11:46:53,04/22/202611:46,142.91,0.77,110.0407,55.2,1.6600000000000001,91.63200000000002,91,0.4,7,198.7,23803,45030,18.7,17.46,82.2,29.940000000000005,11.074,163.4,101,2.23,0.832710079
2026-04-22T11:47:01,04/22/202611:47,142.82999999999998,0.76,108.5508,55.2,1.6600000000000001,91.63200000000002,91,0.4,7,198.7,23803,45030,18.7,17.52,82.4,29.940000000000005,11.148,163.8,112,2.2600000000000002,0.8441393338418512
2026-04-22T11:47:44,04/22/202611:47,142.84,0.75,107.13,55.2,1.6600000000000001,91.63200000000002,91,0.4,7,198.7,23803,45030,18.7,17.58,82.6,29.940000000000005,11.222,164.2,123,2.29,0.85533464
2026-04-22T11:48:00,04/22/202611:48,143.06,0.74,105.8644,55.2,1.6600000000000001,91.63200000000002,91,0.4,7,198.7,23803,45030,18.7,17.639999999999997,82.8,29.940000000000005,11.296000000000001,164.6,134,2.3200000000000003,0.8655600938559139
2026-04-22T11:48:44,04/22/202611:48,143.35,0.73,104.6455,55.2,1.65,91.08,90.4,0.4,8,198.7,23803,45030,18.7,17.7,83,29.940000000000005,11.370000000000001,165,145,2.35,0.8703670965306678
2026-04-22T11:49:00,04/22/202611:49,143.64000000000001,0.72,103.4208,55.2,1.64,90.528,89.8,0.4,8,198.7,23803,45030,18.7,17.759999999999998,83.2,29.940000000000005,11.443999999999999,165.4,156,2.38,0.8753364893715772
2026-04-22T11:49:44,04/22/202611:49,143.63,0.73,104.84989999999999,55.21,1.6800000000000002,92.75280000000001,92,0.4,8,198.7,23803,45030,18.8,17.82,83.4,29.940000000000005,11.518,165.8,167,2.41,0.8846245919166352
2026-04-22T11:50:01,04/22/202611:50,143.62,0.74,106.2788,55.220000000000006,1.72,94.97840000000001,94.2,0.4,8,198.7,23803,45030,18.8,17.880000000000003,83.6,29.940000000000005,11.592,166.2,178,2.44,0.8936721152290015
2026-04-22T11:50:44,04/22/202611:50,143.82,0.73,104.98859999999999,55.21,1.7,93.857,93.1,0.4,8,198.7,23803,45030,18.7,17.94,83.8,29.940000000000005,11.666,166.6,189,2.4699999999999998,0.8939732504290943
2026-04-22T11:51:00,04/22/202611:51,144.02,0.72,103.6944,55.2,1.6800000000000002,92.73600000000002,92,0.4,8,198.7,23803,45030,18.7,18,84,29.940000000000005,11.74,167,200,2.5,0.8943202333009306
2026-04-22T11:51:44,04/22/202611:51,143.93,0.73,105.0689,55.2,1.69,93.288,92.6,0.4,8,198.7,23803,45030,18.8,18,84,29.940000000000005,11.74,167,200,2.5,0.8878745280477858
2026-04-22T11:52:00,04/22/202611:52,143.84,0.74,106.44160000000001,55.2,1.7,93.84,93.2,0.4,8,198.7,23803,45030,18.8,18,84,29.940000000000005,11.74,167,200,2.5,0.8816101975167603
2026-04-22T11:52:45,04/22/202611:52,143.75,0.75,107.8125,55.19,1.7,93.823,93.2,0.4,8,198.7,23803,45030,18.7,18,84,29.940000000000005,11.74,167,200,2.5,0.8702423188405797
2026-04-22T11:53:01,04/22/202611:53,143.66000000000003,0.76,109.18160000000002,55.18000000000001,1.7,93.80600000000001,93.2,0.4,8,198.7,23803,45030,18.7,18,84,29.940000000000005,11.74,167,200,2.5,0.859174073
2026-04-22T11:53:44,04/22/202611:53,143.56,0.76,109.10560000000001,55.18000000000001,1.7,93.80600000000001,93.3,0.4,8,198.7,23803,45030,18.7,18,84,29.940000000000005,11.74,167,200,2.5,0.8597725506298486
2026-04-22T11:54:00,04/22/202611:54,143.46,0.76,109.0296,55.18000000000001,1.7,93.80600000000001,93.4,0.4,8,198.7,23803,45030,18.7,18,84,29.940000000000005,11.74,167,200,2.5,0.8603718623199572
2026-04-22T11:55:04,04/22/202611:55,143.45,0.75,107.58749999999999,55.18000000000001,1.69,93.25420000000001,92.8,0.4,8,198.7,23803,45030,18.8,18,84,29.940000000000005,11.74,167,200,2.5,0.8667754153595912
2026-04-22T11:56:01,04/22/202611:56,143.44,0.74,106.1456,55.18000000000001,1.6800000000000002,92.70240000000003,92.2,0.4,8,198.7,23803,45030,18.8,18,84,29.940000000000005,11.74,167,200,2.5,0.8733513212040822
2026-04-22T11:56:05,04/22/202611:56,143.31,0.71,101.7501,55.14,1.6199999999999999,89.32679999999999,88.9,0.4,8,198.7,23803,45030,18.7,18,84,29.940000000000005,11.74,167,200,2.5,0.8779038054999453
2026-04-22T11:58:05,04/22/202611:58,142.95999999999998,0.72,102.93119999999998,55.1,1.6300000000000001,89.813,89.4,0.4,8,198.7,23803,45030,18.7,18,84,29.940000000000005,11.74,167,200,2.5,0.8725537057762858
2026-04-22T11:59:00,04/22/202611:59,142.81,0.72,102.8232,55.06,1.61,88.6466,88.2,0.4,8,198.7,23803,45030,18.7,18,84,29.940000000000005,11.74,167,200,2.5,0.8621264461716812
2026-04-22T11:59:04,04/22/202611:59,142.84,0.71,101.4164,55.02,1.5699999999999998,86.3814,85.9,0.4,8,198.7,23803,45030,18.7,18,84,29.940000000000005,11.74,167,200,2.5,0.8517498156116763
2026-04-22T12:00:01,04/22/202600:00,142.78,0.7,99.946,54.989999999999995,1.54,84.68459999999999,84.2,0.4,8,198.7,23803,45030,18.7,18,84,29.940000000000005,11.74,167,200,2.5,0.8473035439137133
2026-04-22T12:00:05,04/22/202600:00,142.77,0.69,98.5113,54.970000000000006,1.51,83.00470000000001,82.5,0.4,8,198.7,23803,45030,18.8,18,84,29.940000000000005,11.74,167,200,2.5,0.8425906469613131
2026-04-22T12:01:00,04/22/202600:01,142.7,0.69,98.46299999999998,54.94,1.48,81.3112,80.7,0.4,8,198.7,23803,45030,18.8,18,84,29.940000000000005,11.74,167,200,2.5,0.8258046169627171
2026-04-22T12:01:04,04/22/202600:01,142.64,0.69,98.42159999999998,54.9,1.46,80.154,79.5,0.4,8,198.7,23803,45030,18.7,18,84,29.940000000000005,11.74,167,200,2.5,0.8143944012289986
2026-04-22T12:02:00,04/22/202600:02,142.65,0.69,98.4285,54.86,1.44,78.99839999999999,78.4,0.4,8,198.7,23803,45030,18.7,18,84,29.940000000000005,11.74,167,200,2.5,0.8025968088510949
2026-04-22T12:02:04,04/22/202600:02,142.69,0.7,99.883,54.81999999999999,1.46,80.03719999999998,79.5,0.4,8,198.7,23803,45030,18.7,18.03,83.9,29.940000000000005,11.827,167.1,205,2.52,0.8013095321526185
2026-04-22T12:03:00,04/22/202600:03,142.74,0.74,105.6276,54.81999999999999,1.56,85.5192,85,0.4,8,198.7,23803,45030,18.7,18.06,83.8,29.940000000000005,11.914,167.2,210,2.54,0.809629301
2026-04-22T12:03:04,04/22/202600:03,143.07,0.73,104.44109999999999,54.81999999999999,1.56,85.5192,85,0.4,8,198.7,23803,45030,18.7,18.09,83.7,29.940000000000005,12.001000000000001,167.3,215,2.56,0.8188270709519528
2026-04-22T12:04:00,04/22/202600:04,143.4,0.72,103.248,54.81999999999999,1.56,85.5192,85,0.4,8,198.7,23803,45030,18.7,18.119999999999997,83.6,29.940000000000005,12.088,167.4,220,2.58,0.8282891678289167
2026-04-22T12:04:04,04/22/202600:04,143.52,0.73,104.76960000000001,54.81999999999999,1.5699999999999998,86.06739999999998,85.6,0.4,8,198.7,23803,45030,18.7,18.15,83.5,29.940000000000005,12.175,167.5,225,2.6,0.8214921122157569
2026-04-22T12:05:07,04/22/202600:05,143.63,0.72,103.41359999999999,54.81999999999999,1.56,85.5192,85.1,0.4,8,198.7,23803,45030,18.7,18.18,83.4,29.940000000000005,12.262,167.6,230,2.62,0.8269627979298662
2026-04-22T12:06:00,04/22/202600:06,143.69,0.71,102.01989999999999,54.81,1.55,84.9555,84.6,0.4,8,198.7,23803,45030,18.7,18.21,83.3,29.940000000000005,12.349,167.7,235,2.64,0.8327345939370653
2026-04-22T12:06:07,04/22/202600:06,143.88,0.71,102.1548,54.8,1.56,85.488,85.2,0.4,8,198.7,23803,45030,18.7,18.240000000000002,83.2,29.940000000000005,12.436,167.8,240,2.66,0.836847608
2026-04-22T12:07:00,04/22/202600:07,144.06,0.71,102.2826,54.8,1.56,85.488,85.2,0.4,8,198.7,23803,45030,18.7,18.270000000000003,83.1,29.940000000000005,12.523,167.9,245,2.68,0.8358019839151527
2026-04-22T12:07:07,04/22/202600:07,144.18,0.71,102.3678,54.81,1.5699999999999998,86.0517,85.7,0.4,8,198.7,23803,45030,18.7,18.3,83,29.940000000000005,12.61,168,250,2.7,0.8406129661866328
2026-04-22T12:07:50,04/22/202600:07,144.18,0.7,100.926,54.81,1.54,84.40740000000001,84,0.4,8,198.7,23803,45030,18.7,18.3,83,29.940000000000005,12.61,168,250,2.7,0.8363295880149814
2026-04-22T12:09:16,04/22/202600:09,144.19,0.6799999999999999,98.04919999999998,54.81,1.49,81.6669,81.2,0.4,8,198.7,23803,45030,18.7,18.3,83,29.940000000000005,12.61,168,250,2.7,0.832917556
2026-04-22T12:09:50,04/22/202600:09,144.10999999999999,0.6799999999999999,97.99479999999998,54.81999999999999,1.48,81.13359999999999,80.7,0.4,8,198.7,23803,45030,18.8,18.3,83,29.940000000000005,12.61,168,250,2.7,0.8279378089449644
2026-04-22T12:10:01,04/22/202600:10,144.03,0.6799999999999999,97.9404,54.83,1.47,80.6001,80.2,0.4,8,198.7,23803,45030,18.8,18.3,83,29.940000000000005,12.61,168,250,2.7,0.8229504882561232
2026-04-22T12:10:49,04/22/202600:10,144.10999999999999,0.6699999999999999,96.55369999999998,54.83,1.45,79.50349999999999,79.1,0.4,8,198.7,23803,45030,18.7,18.3,83,29.940000000000005,12.61,168,250,2.7,0.8234122565991775
2026-04-22T12:11:01,04/22/202600:11,144.2,0.6799999999999999,98.05599999999998,54.83,1.45,79.50349999999999,79.1,0.4,8,198.7,23803,45030,18.7,18.3,83,29.940000000000005,12.61,168,250,2.7,0.8107968915721628
2026-04-22T12:11:50,04/22/202600:11,144.35999999999999,0.69,99.60839999999999,54.83,1.47,80.6001,80.2,0.4,8,198.7,23803,45030,18.7,18.3,83,29.940000000000005,12.61,168,250,2.7,0.8091697085787947
2026-04-22T12:12:01,04/22/202600:12,144.39000000000001,0.69,99.62910000000001,54.83,1.47,80.6001,80.2,0.4,8,198.7,23803,45030,18.7,18.3,83,29.940000000000005,12.61,168,250,2.7,0.8090015868857592
2026-04-22T12:12:49,04/22/202600:12,144.39000000000001,0.69,99.62910000000001,54.83,1.46,80.0518,79.6,0.4,8,198.7,23803,45030,18.7,18.3,83,29.940000000000005,12.61,168,250,2.7,0.8034981747300738
2026-04-22T12:13:01,04/22/202600:13,144.45,0.69,99.67049999999999,54.81999999999999,1.44,78.94079999999998,78.5,0.4,8,198.7,23803,45030,18.7,18.3,83,29.940000000000005,12.61,168,250,2.7,0.7920176983159509
2026-04-22T12:13:49,04/22/202600:13,144.56,0.6799999999999999,98.3008,54.81999999999999,1.41,77.29619999999998,76.9,0.4,8,198.7,23803,45030,18.8,18.3,83,29.940000000000005,12.61,168,250,2.7,0.7863232038803345
2026-04-22T12:14:01,04/22/202600:14,144.66,0.6799999999999999,98.3688,54.81999999999999,1.4,76.74799999999999,76.4,0.4,8,198.7,23803,45030,18.8,18.3,83,29.940000000000005,12.61,168,250,2.7,0.7802067322159059
2026-04-22T12:14:49,04/22/202600:14,144.78,0.6699999999999999,97.00259999999999,54.81,1.3900000000000001,76.1859,75.8,0.4,8,198.7,23803,45030,18.7,18.3,83,29.940000000000005,12.61,168,250,2.7,0.7854005975097577
2026-04-22T12:15:01,04/22/202600:15,144.9,0.6599999999999999,95.63399999999999,54.8,1.3800000000000001,75.62400000000001,75.2,0.4,8,198.7,23803,45030,18.7,18.3,83,29.940000000000005,12.61,168,250,2.7,0.790764791
2026-04-22T12:15:49,04/22/202600:15,144.8,0.65,94.12,54.8,1.3800000000000001,75.62400000000001,75.2,0.4,8,198.7,23803,45030,18.7,18.259999999999998,82.8,29.940000000000005,12.61,167.9,245,2.73,0.8034849128771782
2026-04-22T12:16:01,04/22/202600:16,144.7,0.6399999999999999,92.60799999999998,54.8,1.3800000000000001,75.62400000000001,75.2,0.4,8,198.7,23803,45030,18.7,18.22,82.6,29.940000000000005,12.61,167.8,240,2.7600000000000002,0.8166033172080169
2026-04-22T12:16:49,04/22/202600:16,144.60999999999999,0.63,91.1043,54.8,1.35,73.98,73.5,0.4,8,198.7,23803,45030,18.8,18.18,82.4,29.940000000000005,12.61,167.7,235,2.79,0.8120363144220416
2026-04-22T12:17:01,04/22/202600:17,144.51999999999998,0.6199999999999999,89.60239999999997,54.8,1.3199999999999998,72.33599999999998,71.8,0.4,8,198.7,23803,45030,18.8,18.14,82.2,29.940000000000005,12.61,167.6,230,2.8200000000000003,0.8072998044695232
2026-04-22T12:17:49,04/22/202600:17,144.45999999999998,0.6199999999999999,89.56519999999998,54.8,1.3199999999999998,72.33599999999998,71.8,0.4,8,198.7,23803,45030,18.7,18.1,82,29.940000000000005,12.61,167.5,225,2.85,0.8076351082786618
2026-04-22T12:18:01,04/22/202600:18,144.4,0.6199999999999999,89.52799999999999,54.8,1.3199999999999998,72.33599999999998,71.8,0.4,8,198.7,23803,45030,18.7,18.06,81.8,29.940000000000005,12.61,167.4,220,2.88,0.8079706907336252
2026-04-22T12:18:50,04/22/202600:18,144.45999999999998,0.6199999999999999,89.56519999999998,54.8,1.3199999999999998,72.33599999999998,71.8,0.4,8,198.7,23803,45030,18.7,18.02,81.6,29.940000000000005,12.61,167.3,215,2.91,0.8076351082786618
2026-04-22T12:19:01,04/22/202600:19,144.52,0.6199999999999999,89.60239999999999,54.8,1.3199999999999998,72.33599999999998,71.8,0.4,8,198.7,23803,45030,18.7,17.979999999999997,81.4,29.940000000000005,12.61,167.2,210,2.94,0.8072998044695231
2026-04-22T12:20:28,04/22/202600:20,144.49,0.6199999999999999,89.58379999999998,54.8,1.31,71.788,71.3,0.4,8,198.7,23803,45030,18.7,17.939999999999998,81.2,29.940000000000005,12.61,167.1,205,2.9699999999999998,0.8013502441289609
2026-04-22T12:20:49,04/22/202600:20,144.41,0.63,90.9783,54.8,1.31,71.788,71.3,0.4,8,198.7,23803,45030,18.7,17.9,81,29.940000000000005,12.61,167,200,3,0.7890672830773932
2026-04-22T12:21:00,04/22/202600:21,144.42000000000002,0.6399999999999999,92.4288,54.8,1.3199999999999998,72.33599999999998,71.8,0.4,8,198.7,23803,45030,18.7,17.9,81,29.940000000000005,12.61,167,200,3,0.7826132114665557
2026-04-22T12:21:50,04/22/202600:21,144.5,0.65,93.925,54.8,1.3599999999999999,74.52799999999999,74,0.4,8,198.7,23803,45030,18.7,17.9,81,29.940000000000005,12.61,167,200,3,0.7934841628959275
2026-04-22T12:22:01,04/22/202600:22,144.5,0.6599999999999999,95.36999999999999,54.8,1.41,77.26799999999999,76.8,0.4,8,198.7,23803,45030,18.7,17.9,81,29.940000000000005,12.61,167,200,3,0.8101918842403271
2026-04-22T12:22:49,04/22/202600:22,144.44,0.6599999999999999,95.33039999999998,54.8,1.43,78.36399999999999,77.9,0.4,8,198.7,23803,45030,18.7,17.9,81,29.940000000000005,12.61,167,200,3,0.8220252930859412
2026-04-22T12:23:01,04/22/202600:23,144.38000000000002,0.65,93.84700000000002,54.8,1.43,78.36399999999999,77.9,0.4,8,198.7,23803,45030,18.7,17.9,81,29.940000000000005,12.61,167,200,3,0.8350187006510594
2026-04-22T12:23:50,04/22/202600:23,144.54000000000002,0.65,93.95100000000002,54.8,1.43,78.36399999999999,77.9,0.4,8,198.7,23803,45030,18.7,17.9,81,29.940000000000005,12.61,167,200,3,0.8340943683409434
2026-04-22T12:24:01,04/22/202600:24,144.62,0.6599999999999999,95.44919999999999,54.8,1.44,78.91199999999999,78.4,0.4,8,198.7,23803,45030,18.7,17.9,81,29.940000000000005,12.61,167,200,3,0.8267434404898103
2026-04-22T12:24:50,04/22/202600:24,144.65,0.6699999999999999,96.9155,54.8,1.44,78.91199999999999,78.4,0.4,8,198.7,23803,45030,18.7,17.9,81,29.940000000000005,12.61,167,200,3,0.8142350810757825
2026-04-22T12:24:54,04/22/202600:24,144.8,0.6599999999999999,95.568,54.8,1.41,77.26799999999999,76.7,0.4,8,198.7,23803,45030,18.7,17.9,81,29.940000000000005,12.61,167,200,3,0.8085133098945252
2026-04-22T12:25:01,04/22/202600:25,145,0.6399999999999999,92.79999999999998,54.8,1.3699999999999999,75.076,74.5,0.4,8,198.7,23803,45030,18.7,17.9,81,29.940000000000005,12.61,167,200,3,0.8090086206896553
2026-04-22T12:25:54,04/22/202600:25,145.10999999999999,0.63,91.41929999999999,54.8,1.3599999999999999,74.52799999999999,74,0.4,8,198.7,23803,45030,18.8,17.9,81,29.940000000000005,12.61,167,200,3,0.8152326696879105
2026-04-22T12:26:00,04/22/202600:26,145.15,0.6199999999999999,89.99299999999998,54.8,1.3199999999999998,72.33599999999998,71.8,0.4,8,198.7,23803,45030,18.8,17.9,81,29.940000000000005,12.61,167,200,3,0.8037958507883947
2026-04-22T12:26:54,04/22/202600:26,145.09,0.6199999999999999,89.95579999999998,54.8,1.29,70.692,70.1,0.4,8,198.7,23803,45030,18.7,17.9,81,29.940000000000005,12.61,167,200,3,0.7858526076139616
2026-04-22T12:27:01,04/22/202600:27,145.09,0.63,91.4067,54.8,1.29,70.692,70.1,0.4,8,198.7,23803,45030,18.7,17.9,81,29.940000000000005,12.61,167,200,3,0.7733787566994541
2026-04-22T12:27:54,04/22/202600:27,145.07999999999998,0.6399999999999999,92.85119999999998,54.8,1.3,71.24,70.7,0.4,8,198.7,23803,45030,18.7,17.9,81,29.940000000000005,12.61,167,200,3,0.7672491039426524
2026-04-22T12:28:00,04/22/202600:28,144.85,0.6399999999999999,92.70399999999998,54.8,1.31,71.788,71.3,0.4,8,198.7,23803,45030,18.7,17.9,81,29.940000000000005,12.61,167,200,3,0.7743786675871592
2026-04-22T12:28:54,04/22/202600:28,144.51000000000002,0.6399999999999999,92.4864,54.8,1.33,72.884,72.4,0.4,8,198.7,23803,45030,18.7,17.9,81,29.940000000000005,12.61,167,200,2.95,0.7880509999308006
2026-04-22T12:29:01,04/22/202600:29,144.22,0.6399999999999999,92.30079999999998,54.8,1.3599999999999999,74.52799999999999,74,0.4,8,198.7,23803,45030,18.7,17.9,81,29.940000000000005,12.61,167,200,2.9,0.8074469560393843
2026-04-22T12:29:54,04/22/202600:29,143.95,0.65,93.5675,54.8,1.4,76.71999999999998,76.2,0.4,9,198.7,23803,45030,18.7,17.9,81,29.940000000000005,12.61,167,205,2.85,0.8199428220268788
2026-04-22T12:30:00,04/22/202600:30,143.68,0.6599999999999999,94.82879999999999,54.8,1.44,78.91199999999999,78.4,0.4,9,198.7,23803,45030,18.7,17.9,81,29.940000000000005,12.61,167,210,2.8,0.8321522575420126
2026-04-22T12:31:42,04/22/202600:31,143.60999999999999,0.6699999999999999,96.21869999999998,54.81,1.42,77.8302,77.3,0.4,9,198.7,23803,45030,18.8,17.869999999999997,80.8,29.940000000000005,12.553999999999998,166.1,208,2.8,0.8088885008839239
2026-04-22T12:31:54,04/22/202600:31,143.5,0.6699999999999999,96.145,54.81,1.42,77.8302,77.3,0.4,9,198.7,23803,45030,18.8,17.839999999999996,80.6,29.940000000000005,12.498,165.2,206,2.8,0.8095085547870405
2026-04-22T12:32:00,04/22/202600:32,143.49,0.6599999999999999,94.70339999999999,54.81,1.41,77.2821,76.8,0.4,9,198.7,23803,45030,18.8,17.81,80.4,29.940000000000005,12.442,164.3,204,2.8,0.8160435633778725
2026-04-22T12:32:55,04/22/202600:32,143.51,0.6599999999999999,94.71659999999999,54.81,1.42,77.8302,77.4,0.4,9,198.7,23803,45030,18.8,17.78,80.2,29.940000000000005,12.386,163.4,202,2.8,0.8217165734411921
2026-04-22T12:33:01,04/22/202600:33,143.54000000000002,0.6599999999999999,94.7364,54.81,1.42,77.8302,77.4,0.4,9,198.7,23803,45030,18.8,17.75,80,29.940000000000005,12.33,162.5,200,2.8,0.8215448338758914
2026-04-22T12:33:54,04/22/202600:33,143.66,0.65,93.379,54.81,1.4,76.734,76.3,0.4,9,198.7,23803,45030,18.7,17.72,79.8,29.940000000000005,12.274000000000001,161.6,198,2.8,0.8217479304768737
2026-04-22T12:34:00,04/22/202600:34,143.89000000000001,0.6399999999999999,92.08959999999999,54.81,1.3699999999999999,75.0897,74.7,0.4,9,198.7,23803,45030,18.7,17.69,79.6,29.940000000000005,12.218,160.7,196,2.85,0.8153982642991174
2026-04-22T12:34:55,04/22/202600:34,144.09,0.6199999999999999,89.33579999999999,54.81,1.3199999999999998,72.3492,72,0.4,9,198.7,23803,45030,18.7,17.660000000000004,79.4,29.940000000000005,12.162,159.8,194,2.9,0.8098567427615805
2026-04-22T12:35:01,04/22/202600:35,144.25,0.61,87.99249999999999,54.81,1.29,70.70490000000001,70.4,0.4,9,198.7,23803,45030,18.7,17.630000000000003,79.2,29.940000000000005,12.106,158.9,187,2.95,0.8035332556751997
2026-04-22T12:35:54,04/22/202600:35,144.41,0.61,88.09009999999999,54.81,1.3,71.253,71,0.4,9,198.7,23803,45030,18.7,17.6,79,29.940000000000005,12.05,158,180,3,0.8088650143432691
2026-04-22T12:36:00,04/22/202600:36,144.45999999999998,0.6,86.67599999999999,54.8,1.34,73.432,73.2,0.4,9,198.7,23803,45030,18.7,17.6,79,29.940000000000005,12.05,158,180,3,0.8472010706539297
2026-04-22T12:36:54,04/22/202600:36,144.57999999999998,0.61,88.19379999999998,54.8,1.35,73.98,73.7,0.4,9,198.7,23803,45030,18.8,17.6,79,29.940000000000005,12.05,158,180,3,0.8388344758928634
2026-04-22T12:37:01,04/22/202600:37,144.7,0.6199999999999999,89.71399999999997,54.8,1.3599999999999999,74.52799999999999,74.2,0.4,9,198.7,23803,45030,18.8,17.6,79,29.940000000000005,12.05,158,180,3,0.8307287602826763
2026-04-22T12:37:54,04/22/202600:37,144.88,0.6199999999999999,89.82559999999998,54.8,1.35,73.98,73.6,0.4,9,198.7,23803,45030,18.7,17.6,79,29.940000000000005,12.05,158,180,3,0.8235959459218755
2026-04-22T12:38:00,04/22/202600:38,145.06,0.6199999999999999,89.93719999999999,54.8,1.34,73.432,73,0.4,9,198.7,23803,45030,18.7,17.6,79,29.940000000000005,12.05,158,180,3,0.8164808332925643
2026-04-22T12:38:54,04/22/202600:38,145.12,0.63,91.4256,54.8,1.3599999999999999,74.52799999999999,74.1,0.5,9,198.7,23803,45030,18.7,17.6,79,29.940000000000005,12.05,158,180,3,0.815176493
2026-04-22T12:39:00,04/22/202600:39,145.18,0.6399999999999999,92.91519999999998,54.8,1.3800000000000001,75.62400000000001,75.2,0.5,9,198.7,23803,45030,18.7,17.6,79,29.940000000000005,12.05,158,180,3,0.81390343
2026-04-22T12:40:36,04/22/202600:40,145.27,0.6599999999999999,95.87819999999999,54.81,1.4300000000000002,78.37830000000001,77.9,0.5,9,198.7,23803,45030,18.8,17.6,79.5,29.940000000000005,12.05,158,180,3,0.8174777999586977
2026-04-22T12:41:00,04/22/202600:41,145.35999999999999,0.6799999999999999,98.84479999999998,54.81999999999999,1.48,81.13359999999999,80.6,0.5,9,198.7,23803,45030,18.8,17.6,80,29.940000000000005,12.05,158,180,3,0.8208180905824081
2026-04-22T12:42:51,04/22/202600:42,145.44,0.69,100.35359999999999,54.81999999999999,1.48,81.13359999999999,80.6,0.5,9,198.7,23803,45030,18.8,17.6,80.5,29.940000000000005,12.05,158,180,3,0.8084772245340476
2026-04-22T12:43:01,04/22/202600:43,145.52,0.7,101.864,54.81999999999999,1.48,81.13359999999999,80.6,0.5,9,198.7,23803,45030,18.8,17.6,81,29.940000000000005,12.05,158,180,3,0.7964894368962536
2026-04-22T12:43:36,04/22/202600:43,145.41,0.69,100.3329,54.81999999999999,1.45,79.48899999999999,79,0.5,9,198.7,23803,45030,18.7,17.6,81.5,29.940000000000005,12.05,158,180,3,0.7922525911241477
2026-04-22T12:44:01,04/22/202600:44,145.3,0.6799999999999999,98.804,54.81999999999999,1.42,77.8444,77.4,0.5,9,198.7,23803,45030,18.7,17.6,82,29.940000000000005,12.05,158,180,3,0.7878668879802436
2026-04-22T12:44:36,04/22/202600:44,145.13,0.6799999999999999,98.68839999999999,54.81999999999999,1.42,77.8444,77.4,0.5,9,198.7,23803,45030,18.7,17.6,82.5,29.940000000000005,12.05,158,180,3,0.7887897665784429
2026-04-22T12:45:00,04/22/202600:45,144.95999999999998,0.6799999999999999,98.57279999999997,54.81999999999999,1.42,77.8444,77.4,0.5,9,198.7,23803,45030,18.7,17.6,83,29.940000000000005,12.05,158,180,3,0.7897148097649658
2026-04-22T12:45:36,04/22/202600:45,144.88,0.6599999999999999,95.62079999999999,54.81999999999999,1.3699999999999999,75.10339999999998,74.6,0.5,9,198.7,23803,45030,18.8,17.6,83.5,29.940000000000005,12.05,158,180,3,0.7854295299767413
2026-04-22T12:46:01,04/22/202600:46,144.8,0.6399999999999999,92.672,54.81999999999999,1.3199999999999998,72.36239999999998,71.8,0.5,9,198.7,23803,45030,18.8,17.6,84,29.940000000000005,12.05,158,180,3,0.7808442679558009
2026-04-22T12:46:36,04/22/202600:46,144.73,0.63,91.17989999999999,54.81,1.3,71.253,70.7,0.5,9,198.7,23803,45030,18.7,17.630000000000003,83.9,29.937,12.019000000000002,158.4,184,3.0300000000000002,0.7814551233331031
2026-04-22T12:47:00,04/22/202600:47,144.66,0.6199999999999999,89.68919999999999,54.8,1.28,70.14399999999999,69.6,0.5,9,198.7,23803,45030,18.7,17.660000000000004,83.8,29.934000000000005,11.988000000000001,158.8,188,3.06,0.7820785557235431
2026-04-22T12:47:36,04/22/202600:47,144.57,0.6199999999999999,89.63339999999998,54.8,1.28,70.14399999999999,69.6,0.5,9,198.7,23803,45030,18.7,17.69,83.7,29.931,11.957,159.2,192,3.09,0.7825654276196151
2026-04-22T12:48:01,04/22/202600:48,144.48,0.6199999999999999,89.57759999999998,54.8,1.28,70.14399999999999,69.6,0.5,9,198.7,23803,45030,18.7,17.72,83.6,29.928000000000004,11.926,159.6,196,3.12,0.7830529060836638
2026-04-22T12:48:36,04/22/202600:48,144.43,0.6199999999999999,89.54659999999998,54.8,1.31,71.788,71.2,0.5,9,198.7,23803,45030,18.7,17.75,83.5,29.925,11.895,160,200,3.15,0.8016831459820921
2026-04-22T12:49:01,04/22/202600:49,144.38,0.6199999999999999,89.51559999999998,54.8,1.3399999999999999,73.43199999999999,72.8,0.5,9,198.7,23803,45030,18.7,17.78,83.4,29.922000000000004,11.864,160.4,204,3.1799999999999997,0.8203262894959091
2026-04-22T12:49:36,04/22/202600:49,144.31,0.6199999999999999,89.47219999999999,54.8,1.35,73.98,73.4,0.5,9,198.7,23803,45030,18.7,17.81,83.3,29.919,11.833,160.8,208,3.21,0.8268490100835793
2026-04-22T12:50:00,04/22/202600:50,144.24,0.6199999999999999,89.4288,54.8,1.3599999999999999,74.52799999999999,74,0.5,9,198.7,23803,45030,18.7,17.839999999999996,83.2,29.916000000000004,11.802000000000001,161.2,212,3.2399999999999998,0.8333780616535165
2026-04-22T12:50:35,04/22/202600:50,144.2,0.63,90.84599999999999,54.79,1.38,75.61019999999999,75.1,0.5,9,198.7,23803,45030,18.8,17.869999999999997,83.1,29.913,11.771,161.6,216,3.2699999999999996,0.8322898091275345
2026-04-22T12:51:01,04/22/202600:51,144.16,0.6399999999999999,92.26239999999999,54.779999999999994,1.4,76.692,76.2,0.5,9,198.7,23803,45030,18.8,17.9,83,29.910000000000004,11.74,162,220,3.3,0.8312378607103219
2026-04-22T12:51:36,04/22/202600:51,144.19,0.6399999999999999,92.28159999999998,54.779999999999994,1.38,75.59639999999999,75.1,0.5,9,198.7,23803,45030,18.7,17.9,83,29.910000000000004,11.74,162,220,3.3,0.8191925584298495
2026-04-22T12:52:00,04/22/202600:52,144.22,0.6399999999999999,92.30079999999998,54.779999999999994,1.3599999999999999,74.50079999999998,74,0.5,9,198.7,23803,45030,18.7,17.9,83,29.910000000000004,11.74,162,220,3.3,0.8071522673692969
2026-04-22T12:52:37,04/22/202600:52,144.27,0.6199999999999999,89.44739999999999,54.779999999999994,1.31,71.7618,71.2,0.5,9,198.7,23803,45030,18.7,17.9,83,29.910000000000004,11.74,162,220,3.3,0.8022793284097693
2026-04-22T12:54:02,04/22/202600:54,144.26,0.61,87.9986,54.779999999999994,1.2799999999999998,70.11839999999998,69.5,0.5,9,198.7,23803,45030,18.8,17.9,83,29.910000000000004,11.74,162,220,3.3,0.7968126765653089
2026-04-22T12:54:36,04/22/202600:54,144.20999999999998,0.6199999999999999,89.41019999999997,54.779999999999994,1.29,70.66619999999999,70.1,0.5,9,198.7,23803,45030,18.7,17.9,83,29.910000000000004,11.74,162,220,3.3,0.7903594891857977
2026-04-22T12:55:00,04/22/202600:55,144.16,0.63,90.8208,54.779999999999994,1.3,71.214,70.7,0.5,9,198.7,23803,45030,18.7,17.9,83,29.910000000000004,11.74,162,220,3.3,0.7841155330056551
2026-04-22T12:55:36,04/22/202600:55,144.13,0.63,90.8019,54.779999999999994,1.3,71.214,70.7,0.5,9,198.7,23803,45030,18.8,17.9,83,29.910000000000004,11.74,162,220,3.3,0.784278743
2026-04-22T12:56:01,04/22/202600:56,144.1,0.63,90.783,54.779999999999994,1.3,71.214,70.7,0.5,9,198.7,23803,45030,18.8,17.9,83,29.910000000000004,11.74,162,220,3.3,0.7844420210832425
2026-04-22T12:56:36,04/22/202600:56,143.98,0.63,90.70739999999999,54.79,1.28,70.1312,69.6,0.5,9,198.7,23803,45030,18.7,17.9,83,29.910000000000004,11.74,162,220,3.3,0.77315853
2026-04-22T12:57:00,04/22/202600:57,143.85999999999999,0.63,90.6318,54.8,1.26,69.048,68.5,0.5,9,198.7,23803,45030,18.7,17.9,83,29.910000000000004,11.74,162,220,3.3,0.7618518003614626
2026-04-22T12:57:36,04/22/202600:57,143.58999999999997,0.63,90.46169999999998,54.8,1.26,69.048,68.5,0.5,9,198.7,23803,45030,18.7,17.9,83,29.910000000000004,11.74,162,220,3.3,0.7632843512779444
2026-04-22T12:58:00,04/22/202600:58,143.32,0.63,90.2916,54.8,1.26,69.048,68.5,0.5,9,198.7,23803,45030,18.7,17.9,83,29.910000000000004,11.74,162,220,3.3,0.7647222997488139
2026-04-22T12:58:36,04/22/202600:58,143.07,0.6399999999999999,91.56479999999998,54.8,1.28,70.14399999999999,69.6,0.5,9,198.7,23803,45030,18.8,17.9,83,29.910000000000004,11.74,162,220,3.3,0.7660585727266374
2026-04-22T12:59:00,04/22/202600:59,142.88,0.6399999999999999,91.44319999999998,54.8,1.28,70.14399999999999,69.6,0.5,9,198.7,23803,45030,18.8,17.9,83,29.910000000000004,11.74,162,220,3.3,0.7670772676371782
2026-04-22T13:00:33,04/22/202601:00,142.89,0.63,90.02069999999999,54.8,1.27,69.596,69,0.5,9,198.7,23803,45030,18.8,17.9,83,29.910000000000004,11.74,162,220,3.3,0.7731110733420203
2026-04-22T13:01:01,04/22/202601:01,142.9,0.6199999999999999,88.59799999999998,54.8,1.26,69.048,68.4,0.5,9,198.7,23803,45030,18.8,17.9,83,29.910000000000004,11.74,162,220,3.3,0.779340391
2026-04-22T13:01:34,04/22/202601:01,142.85,0.61,87.1385,54.8,1.24,67.952,67.3,0.5,9,198.7,23803,45030,18.8,17.939999999999998,82.9,29.910000000000004,11.753,162.2,222,3.3299999999999996,0.7798160399823271
2026-04-22T13:02:00,04/22/202601:02,142.8,0.6,85.68,54.8,1.22,66.856,66.2,0.5,9,198.7,23803,45030,18.8,17.979999999999997,82.8,29.910000000000004,11.766,162.4,224,3.3600000000000003,0.780298786
2026-04-22T13:02:33,04/22/202601:02,142.78,0.6,85.66799999999999,54.8,1.23,67.404,66.8,0.5,9,198.7,23803,45030,18.7,18.02,82.7,29.910000000000004,11.779,162.6,226,3.3899999999999997,0.7868048746323014
2026-04-22T13:03:00,04/22/202601:03,142.76,0.6,85.65599999999999,54.8,1.24,67.952,67.4,0.5,9,198.7,23803,45030,18.7,18.06,82.6,29.910000000000004,11.792,162.8,228,3.4200000000000004,0.7933127860278323
2026-04-22T13:03:20,04/22/202601:03,142.88,0.61,87.15679999999999,54.81,1.25,68.5125,68,0.5,9,198.7,23803,45030,18.7,18.1,82.5,29.910000000000004,11.805,163,230,3.45,0.7860832430745508
2026-04-22T13:03:39,04/22/202601:03,143.03,0.6199999999999999,88.67859999999999,54.81,1.26,69.06060000000001,68.6,0.5,9,198.7,23803,45030,18.7,18.14,82.4,29.910000000000004,11.818,163.2,232,3.4799999999999995,0.7787741349096627
2026-04-22T13:05:14,04/22/202601:05,143.12,0.6199999999999999,88.73439999999998,54.81,1.27,69.6087,69.2,0.5,9,198.7,23803,45030,18.8,18.18,82.3,29.910000000000004,11.831,163.4,234,3.5100000000000002,0.7844612686849747
2026-04-22T13:05:39,04/22/202601:05,143.19,0.61,87.3459,54.81,1.26,69.06060000000001,68.7,0.5,9,198.7,23803,45030,18.7,18.22,82.2,29.910000000000004,11.844,163.6,236,3.54,0.7906564589751781
2026-04-22T13:06:00,04/22/202601:06,143.22,0.6,85.932,54.81,1.23,67.4163,67.1,0.5,9,198.7,23803,45030,18.7,18.259999999999998,82.1,29.910000000000004,11.857,163.8,238,3.5700000000000003,0.7845307917888563
2026-04-22T13:06:39,04/22/202601:06,143.3,0.61,87.41300000000001,54.81,1.23,67.4163,67.1,0.5,9,198.7,23803,45030,18.7,18.3,82,29.910000000000004,11.87,164,240,3.6,0.7712388317527141
2026-04-22T13:07:01,04/22/202601:07,143.41,0.6199999999999999,88.91419999999998,54.81,1.24,67.9644,67.6,0.5,9,198.7,23803,45030,18.7,18.3,82,29.910000000000004,11.87,164,240,3.6,0.7643818422704136
2026-04-22T13:07:40,04/22/202601:07,143.54000000000002,0.6199999999999999,88.9948,54.81,1.24,67.9644,67.6,0.5,9,198.7,23803,45030,18.8,18.3,82,29.910000000000004,11.87,164,240,3.6,0.7636895638846315
2026-04-22T13:08:01,04/22/202601:08,143.64000000000001,0.6199999999999999,89.0568,54.81,1.26,69.06060000000001,68.7,0.5,9,198.7,23803,45030,18.8,18.3,82,29.910000000000004,11.87,164,240,3.6,0.7754668930390494
2026-04-22T13:08:39,04/22/202601:08,143.70999999999998,0.6199999999999999,89.10019999999997,54.81,1.29,70.70490000000001,70.3,0.5,9,198.7,23803,45030,18.8,18.3,82,29.910000000000004,11.87,164,240,3.6,0.7935436733026416
2026-04-22T13:09:00,04/22/202601:09,143.70999999999998,0.61,87.66309999999999,54.8,1.3,71.24,70.8,0.5,9,198.7,23803,45030,18.8,18.3,82,29.910000000000004,11.87,164,240,3.6,0.8126566366008048
2026-04-22T13:09:40,04/22/202601:09,143.74,0.6,86.244,54.8,1.28,70.14399999999999,69.7,0.5,9,198.7,23803,45030,18.7,18.3,82,29.910000000000004,11.87,164,240,3.6,0.8133203469226844
2026-04-22T13:10:01,04/22/202601:10,143.82,0.6,86.29199999999999,54.8,1.26,69.048,68.6,0.5,9,198.7,23803,45030,18.7,18.3,82,29.910000000000004,11.87,164,240,3.6,0.8001668752607427
2026-04-22T13:10:39,04/22/202601:10,143.95,0.61,87.80949999999999,54.8,1.26,69.048,68.6,0.5,9,198.7,23803,45030,18.8,18.3,82,29.910000000000004,11.87,164,240,3.6,0.7863386080093842
2026-04-22T13:11:00,04/22/202601:11,144.07999999999998,0.6199999999999999,89.32959999999997,54.8,1.26,69.048,68.6,0.5,9,198.7,23803,45030,18.8,18.3,82,29.910000000000004,11.87,164,240,3.6,0.7729576758431699
2026-04-22T13:11:40,04/22/202601:11,144.17000000000002,0.61,87.9437,54.8,1.24,67.952,67.5,0.5,9,198.7,23803,45030,18.7,18.3,82,29.910000000000004,11.87,164,240,3.6,0.7726761553130013
2026-04-22T13:12:01,04/22/202601:12,144.26,0.6,86.556,54.8,1.22,66.856,66.4,0.5,9,198.7,23803,45030,18.7,18.3,82,29.910000000000004,11.87,164,240,3.6,0.7724016821479736
2026-04-22T13:12:39,04/22/202601:12,144.25,0.6,86.55,54.8,1.22,66.856,66.4,0.5,9,198.7,23803,45030,18.7,18.3,82,29.910000000000004,11.87,164,240,3.6,0.7724552281917966
2026-04-22T13:13:00,04/22/202601:13,144.24,0.6,86.544,54.8,1.22,66.856,66.4,0.5,9,198.7,23803,45030,18.7,18.3,82,29.910000000000004,11.87,164,240,3.6,0.772508782
2026-04-22T13:13:39,04/22/202601:13,144.2,0.61,87.96199999999999,54.8,1.22,66.856,66.4,0.5,9,198.7,23803,45030,18.8,18.3,82,29.910000000000004,11.87,164,240,3.6,0.7600554785020804
2026-04-22T13:14:01,04/22/202601:14,144.16,0.6199999999999999,89.37919999999998,54.8,1.22,66.856,66.4,0.5,9,198.7,23803,45030,18.8,18.3,82,29.910000000000004,11.87,164,240,3.6,0.7480040098814937
2026-04-22T13:14:39,04/22/202601:14,144.09,0.6199999999999999,89.33579999999999,54.8,1.24,67.952,67.5,0.5,9,198.7,23803,45030,18.7,18.3,82,29.910000000000004,11.87,164,240,3.6,0.7606357137899924
2026-04-22T13:15:00,04/22/202601:15,144.02,0.6199999999999999,89.29239999999999,54.8,1.26,69.048,68.6,0.5,9,198.7,23803,45030,18.7,18.3,82,29.910000000000004,11.87,164,240,3.6,0.7732796968163025
2026-04-22T13:16:25,04/22/202601:16,143.94,0.63,90.6822,54.8,1.27,69.596,69.1,0.5,9,198.7,23803,45030,18.7,18.3,82,29.910000000000004,11.87,164,240,3.6,0.7674714552580331
2026-04-22T13:16:39,04/22/202601:16,144.02,0.63,90.7326,54.8,1.28,70.14399999999999,69.6,0.5,10,198.7,23803,45030,18.8,18.29,81.9,29.910000000000004,11.876,164.3,234,3.62,0.7730848669607174
2026-04-22T13:17:00,04/22/202601:17,144.09,0.63,90.7767,54.8,1.28,70.14399999999999,69.6,0.5,10,198.7,23803,45030,18.8,18.28,81.8,29.910000000000004,11.882,164.6,228,3.6399999999999997,0.7727092965485636
2026-04-22T13:17:40,04/22/202601:17,144.25,0.63,90.8775,54.8,1.28,70.14399999999999,69.6,0.5,10,198.7,23803,45030,18.7,18.27,81.7,29.910000000000004,11.888,164.9,222,3.66,0.7718522186459794
2026-04-22T13:18:01,04/22/202601:18,144.49,0.63,91.0287,54.8,1.27,69.596,69,0.5,10,198.7,23803,45030,18.7,18.259999999999998,81.6,29.910000000000004,11.894,165.2,216,3.6799999999999997,0.764550081
2026-04-22T13:18:39,04/22/202601:18,144.7,0.63,91.16099999999999,54.8,1.2799999999999998,70.14399999999999,69.5,0.5,10,198.7,23803,45030,18.8,18.25,81.5,29.910000000000004,11.9,165.5,210,3.7,0.7694518489266243
2026-04-22T13:19:00,04/22/202601:19,144.97,0.6199999999999999,89.88139999999999,54.8,1.2799999999999998,70.14399999999999,69.5,0.5,10,198.7,23803,45030,18.8,18.240000000000002,81.4,29.910000000000004,11.906,165.8,204,3.72,0.7804061796990256
2026-04-22T13:19:39,04/22/202601:19,145.17000000000002,0.6199999999999999,90.0054,54.81,1.29,70.70490000000001,70.1,0.5,10,198.7,23803,45030,18.7,18.23,81.3,29.910000000000004,11.911999999999999,166.1,198,3.7399999999999998,0.7855628662280265
2026-04-22T13:20:01,04/22/202601:20,145.34,0.63,91.5642,54.81999999999999,1.31,71.8142,71.2,0.5,10,198.7,23803,45030,18.7,18.22,81.2,29.910000000000004,11.918,166.4,192,3.7600000000000002,0.7843043460216984
2026-04-22T13:20:40,04/22/202601:20,145.46,0.63,91.63980000000001,54.81999999999999,1.31,71.8142,71.2,0.5,10,198.7,23803,45030,18.7,18.21,81.1,29.910000000000004,11.924,166.7,186,3.78,0.7836573191997362
2026-04-22T13:21:01,04/22/202601:21,145.56,0.6199999999999999,90.24719999999998,54.81999999999999,1.3199999999999998,72.36239999999998,71.8,0.5,10,198.7,23803,45030,18.7,18.2,81,29.910000000000004,11.93,167,180,3.8,0.8018243225274578
2026-04-22T13:21:39,04/22/202601:21,145.39000000000001,0.6199999999999999,90.14179999999999,54.81999999999999,1.31,71.8142,71.3,0.5,10,198.7,23803,45030,18.8,18.2,81,29.910000000000004,11.93,167,180,3.8,0.7966803414176332
2026-04-22T13:22:00,04/22/202601:22,145.22,0.6199999999999999,90.03639999999999,54.81999999999999,1.3,71.26599999999999,70.8,0.5,10,198.7,23803,45030,18.8,18.2,81,29.910000000000004,11.93,167,180,3.8,0.7915243168318591
2026-04-22T13:22:40,04/22/202601:22,144.93,0.61,88.4073,54.81999999999999,1.28,70.16959999999999,69.7,0.5,10,198.7,23803,45030,18.8,18.2,81,29.910000000000004,11.93,167,180,3.8,0.7937082118784307
2026-04-22T13:23:01,04/22/202601:23,144.64000000000001,0.6,86.784,54.81999999999999,1.26,69.07319999999999,68.6,0.5,10,198.7,23803,45030,18.8,18.2,81,29.910000000000004,11.93,167,180,3.8,0.7959209070796458
2026-04-22T13:23:39,04/22/202601:23,144.31,0.6,86.586,54.81999999999999,1.25,68.52499999999999,68.1,0.5,10,198.7,23803,45030,18.7,18.2,81,29.910000000000004,11.93,167,180,3.8,0.7914096967177141
2026-04-22T13:23:44,04/22/202601:23,143.97,0.61,87.82169999999999,54.81999999999999,1.25,68.52499999999999,68.1,0.5,10,198.7,23803,45030,18.8,18.2,81,29.910000000000004,11.93,167,180,3.8,0.7802741235935993
2026-04-22T13:24:01,04/22/202601:24,143.7,0.61,87.657,54.81,1.24,67.9644,67.5,0.5,10,198.7,23803,45030,18.8,18.2,81,29.910000000000004,11.93,167,180,3.8,0.7753448098839796
2026-04-22T13:24:45,04/22/202601:24,143.48,0.59,84.65319999999998,54.8,1.19,65.21199999999999,64.7,0.5,10,198.7,23803,45030,18.7,18.2,81,29.910000000000004,11.93,167,180,3.8,0.7703429994377059
2026-04-22T13:25:01,04/22/202601:25,143.31,0.58,83.1198,54.8,1.16,63.56799999999999,63,0.5,10,198.7,23803,45030,18.7,18.2,81,29.910000000000004,11.93,167,180,3.8,0.7647756611541413
2026-04-22T13:27:37,04/22/202601:27,143.12,0.5700000000000001,81.57840000000002,54.8,1.15,63.01999999999999,62.4,0.5,10,198.7,23803,45030,18.7,18.2,81,29.910000000000004,11.93,167,180,3.8,0.772508409
2026-04-22T13:28:00,04/22/202601:28,143.04000000000002,0.5599999999999999,80.1024,54.8,1.16,63.56799999999999,62.9,0.5,10,198.7,23803,45030,18.7,18.2,81,29.910000000000004,11.93,167,180,3.8,0.7935842122083732
2026-04-22T13:28:36,04/22/202601:28,142.97,0.5599999999999999,80.0632,54.8,1.16,63.56799999999999,62.9,0.5,10,198.7,23803,45030,18.7,18.2,81,29.910000000000004,11.93,167,180,3.8,0.7939727615184003
2026-04-22T13:29:01,04/22/202601:29,142.93,0.5700000000000001,81.47010000000002,54.8,1.17,64.116,63.5,0.5,10,198.7,23803,45030,18.7,18.2,81,29.910000000000004,11.93,167,180,3.8,0.7869881097482387
2026-04-22T13:29:35,04/22/202601:29,142.93,0.58,82.8994,54.8,1.19,65.21199999999999,64.6,0.5,10,198.7,23803,45030,18.7,18.2,81,29.910000000000004,11.93,167,180,3.8,0.7866401928120106
2026-04-22T13:30:00,04/22/202601:30,143,0.58,82.94,54.8,1.1800000000000002,64.664,64,0.5,10,198.7,23803,45030,18.7,18.2,81,29.910000000000004,11.93,167,180,3.8,0.779647938
2026-04-22T13:30:35,04/22/202601:30,143.1,0.5700000000000001,81.56700000000001,54.8,1.16,63.56799999999999,62.9,0.5,10,198.7,23803,45030,18.7,18.2,80.9,29.910000000000004,11.967,167.1,178,3.81,0.7793347799968122
2026-04-22T13:31:01,04/22/202601:31,143.2,0.5599999999999999,80.19199999999998,54.8,1.1400000000000001,62.472,61.8,0.5,10,198.7,23803,45030,18.7,18.2,80.8,29.910000000000004,12.004,167.2,176,3.8199999999999994,0.779030327
2026-04-22T13:31:35,04/22/202601:31,143.37,0.5700000000000001,81.72090000000001,54.8,1.16,63.56799999999999,62.9,0.5,10,198.7,23803,45030,18.8,18.169999999999998,80.7,29.910000000000004,12.041,167.3,168,3.8299999999999996,0.7778671062115075
2026-04-22T13:32:00,04/22/202601:32,143.54000000000002,0.58,83.2532,54.8,1.1800000000000002,64.664,64,0.5,10,198.7,23803,45030,18.8,18.139999999999997,80.6,29.910000000000004,12.078,167.4,160,3.84,0.7767148890372982
2026-04-22T13:32:35,04/22/202601:32,143.77,0.58,83.3866,54.8,1.1800000000000002,64.664,64,0.5,10,198.7,23803,45030,18.7,18.11,80.5,29.910000000000004,12.134,167.2,152,3.85,0.7754723180942742
2026-04-22T13:33:01,04/22/202601:33,144,0.58,83.52,54.8,1.1800000000000002,64.664,64,0.5,10,198.7,23803,45030,18.7,18.08,80.4,29.910000000000004,12.190000000000001,167,144,3.8600000000000003,0.7742337164750959
2026-04-22T13:33:34,04/22/202601:33,144.14000000000001,0.58,83.6012,54.8,1.21,66.30799999999999,65.6,0.5,10,198.7,23803,45030,18.7,18.05,80.3,29.910000000000004,12.246,166.8,136,3.8699999999999997,0.79314651
2026-04-22T13:34:01,04/22/202601:34,144.28,0.58,83.6824,54.8,1.2399999999999998,67.95199999999998,67.2,0.5,10,198.7,23803,45030,18.7,18.02,80.2,29.910000000000004,12.302000000000001,166.6,128,3.88,0.8120225997342331
2026-04-22T13:34:35,04/22/202601:34,144.32,0.59,85.1488,54.8,1.2399999999999998,67.95199999999998,67.2,0.5,10,198.7,23803,45030,18.8,17.99,80.1,29.910000000000004,12.402000000000001,166.5,120,3.8899999999999997,0.798038258
2026-04-22T13:34:47,04/22/202601:34,144.35999999999999,0.59,85.17239999999998,54.8,1.23,67.404,66.7,0.5,10,198.7,23803,45030,18.7,17.96,80,29.910000000000004,12.502,166.4,112,3.9,0.7913831241106275
2026-04-22T13:35:00,04/22/202601:35,144.38,0.59,85.18419999999999,54.8,1.22,66.856,66.2,0.5,10,198.7,23803,45030,18.7,17.93,80,29.910000000000004,12.565000000000001,166.2,106,3.9,0.7848403811974521
2026-04-22T13:35:47,04/22/202601:35,144.4,0.58,83.752,54.8,1.2,65.75999999999999,65.1,0.5,10,198.7,23803,45030,18.7,17.9,80,29.910000000000004,12.628,166,100,3.9,0.7851752793963128
2026-04-22T13:36:01,04/22/202601:36,144.3,0.5700000000000001,82.25100000000002,54.8,1.1800000000000002,64.664,64,0.5,10,198.7,23803,45030,18.7,17.9,80,29.910000000000004,12.690999999999999,165.8,100,3.9,0.7861788914420492
2026-04-22T13:36:48,04/22/202601:36,144.14000000000001,0.5700000000000001,82.15980000000002,54.8,1.19,65.21199999999999,64.6,0.5,10,198.7,23803,45030,18.7,17.9,80,29.910000000000004,12.754,165.6,100,3.9,0.7937215037037575
2026-04-22T13:37:01,04/22/202601:37,143.94,0.58,83.48519999999999,54.8,1.2,65.75999999999999,65.2,0.5,10,198.7,23803,45030,18.7,17.9,80,29.910000000000004,12.798,165.7,100,3.9,0.7876845237239655
2026-04-22T13:38:48,04/22/202601:38,143.79000000000002,0.59,84.8361,54.8,1.2,65.75999999999999,65.2,0.5,10,198.7,23803,45030,18.7,17.9,80,29.910000000000004,12.841999999999999,165.8,100,3.9,0.7751417144352462
2026-04-22T13:39:01,04/22/202601:39,143.72,0.59,84.7948,54.8,1.1800000000000002,64.664,64.1,0.5,10,198.7,23803,45030,18.7,17.9,80,29.910000000000004,12.886,165.9,100,3.9,0.7625939326468133
2026-04-22T13:39:47,04/22/202601:39,143.54000000000002,0.59,84.68860000000001,54.8,1.1800000000000002,64.664,64.1,0.5,10,198.7,23803,45030,18.8,17.9,80,29.910000000000004,12.930000000000001,166,100,3.9,0.7635502299010728
2026-04-22T13:40:01,04/22/202601:40,143.42000000000002,0.58,83.1836,54.8,1.2,65.75999999999999,65.2,0.5,10,198.7,23803,45030,18.8,17.9,80,29.910000000000004,12.930000000000001,166,100,3.9,0.7905404430681047
2026-04-22T13:40:47,04/22/202601:40,143.34,0.58,83.13719999999999,54.8,1.19,65.21199999999999,64.6,0.5,10,198.7,23803,45030,18.8,17.9,80,29.910000000000004,12.930000000000001,166,100,3.9,0.7843901406349985
2026-04-22T13:41:01,04/22/202601:41,143.26,0.58,83.09079999999999,54.8,1.1800000000000002,64.664,64,0.5,10,198.7,23803,45030,18.8,17.9,80,29.910000000000004,12.930000000000001,166,100,3.9,0.7782329692336578
2026-04-22T13:41:47,04/22/202601:41,143.18,0.59,84.4762,54.8,1.2,65.75999999999999,65.1,0.5,10,198.7,23803,45030,18.8,17.9,80,29.910000000000004,12.930000000000001,166,100,3.9,0.778444106
2026-04-22T13:42:01,04/22/202601:42,143.1,0.6,85.86,54.8,1.22,66.856,66.2,0.5,10,198.7,23803,45030,18.8,17.9,80,29.910000000000004,12.930000000000001,166,100,3.9,0.77866294
2026-04-22T13:42:47,04/22/202601:42,143.1,0.59,84.42899999999999,54.8,1.19,65.21199999999999,64.5,0.5,10,198.7,23803,45030,18.8,17.9,80.3,29.910000000000004,12.930000000000001,166,100,3.9,0.7723886342370513
2026-04-22T13:43:01,04/22/202601:43,143.1,0.58,82.99799999999999,54.8,1.16,63.56799999999999,62.8,0.5,10,198.7,23803,45030,18.8,17.9,80.6,29.910000000000004,12.930000000000001,166,100,3.9,0.7658979734451432
2026-04-22T13:43:45,04/22/202601:43,143.12,0.58,83.00959999999999,54.8,1.16,63.56799999999999,62.8,0.5,10,198.7,23803,45030,18.7,17.9,80.9,29.910000000000004,12.930000000000001,166,100,3.9,0.7657909446618222
2026-04-22T13:44:01,04/22/202601:44,143.14000000000001,0.58,83.02120000000001,54.8,1.16,63.56799999999999,62.8,0.5,10,198.7,23803,45030,18.7,17.9,81.2,29.910000000000004,12.930000000000001,166,100,3.9,0.7656839457873409
2026-04-22T13:44:45,04/22/202601:44,143.3,0.5700000000000001,81.68100000000001,54.8,1.1300000000000001,61.92400000000001,61.2,0.5,10,198.7,23803,45030,18.7,17.9,81.5,29.910000000000004,12.930000000000001,166,100,3.9,0.7581200034279698
2026-04-22T13:45:01,04/22/202601:45,143.45999999999998,0.5599999999999999,80.33759999999998,54.8,1.1,60.28,59.6,0.5,10,198.7,23803,45030,18.7,17.9,81.8,29.910000000000004,12.930000000000001,166,100,3.9,0.7503335922407443
2026-04-22T13:45:46,04/22/202601:45,143.62,0.5599999999999999,80.4272,54.8,1.1300000000000001,61.92400000000001,61.3,0.5,10,198.7,23803,45030,18.7,17.889999999999997,82.1,29.910000000000004,12.979,165.9,102,3.9,0.7699385282590965
2026-04-22T13:46:01,04/22/202601:46,143.78,0.5599999999999999,80.51679999999999,54.8,1.16,63.56799999999999,63,0.5,10,198.7,23803,45030,18.7,17.88,82.4,29.910000000000004,13.028,165.8,104,3.9,0.7894998310911512
2026-04-22T13:46:45,04/22/202601:46,143.95,0.5599999999999999,80.61199999999998,54.8,1.15,63.01999999999999,62.5,0.5,10,198.7,23803,45030,18.7,17.869999999999997,82.7,29.910000000000004,13.077000000000002,165.7,106,3.9,0.7817694636034338
2026-04-22T13:47:01,04/22/202601:47,144.11999999999998,0.5599999999999999,80.70719999999997,54.8,1.1400000000000001,62.472,62,0.5,10,198.7,23803,45030,18.7,17.86,83,29.910000000000004,13.126,165.6,108,3.9,0.7740573331747356
2026-04-22T13:47:46,04/22/202601:47,144.3,0.5599999999999999,80.80799999999999,54.8,1.1400000000000001,62.472,62,0.5,10,198.7,23803,45030,18.8,17.85,83,29.910000000000004,13.175,165.5,110,3.9,0.7730917730917731
2026-04-22T13:48:01,04/22/202601:48,144.48,0.5599999999999999,80.90879999999999,54.8,1.1400000000000001,62.472,62,0.5,10,198.7,23803,45030,18.8,17.84,83,29.910000000000004,13.224,165.4,112,3.9,0.7721286188894164
2026-04-22T13:50:02,04/22/202601:50,144.55,0.5599999999999999,80.948,54.8,1.1400000000000001,62.472,62,0.5,10,198.7,23803,45030,18.8,17.830000000000002,83,29.910000000000004,13.273,165.3,114,3.9,0.7717547067253052
2026-04-22T13:50:45,04/22/202601:50,144.64,0.5599999999999999,80.99839999999999,54.8,1.1400000000000001,62.472,62,0.5,10,198.7,23803,45030,18.7,17.82,83,29.910000000000004,13.322,165.2,116,3.9,0.7712744943109988
2026-04-22T13:51:00,04/22/202601:51,144.7,0.5700000000000001,82.479,54.8,1.15,63.01999999999999,62.5,0.5,10,198.7,23803,45030,18.7,17.81,83,29.910000000000004,13.371,165.1,118,3.9,0.7640732792589627
2026-04-22T13:51:45,04/22/202601:51,144.81,0.58,83.9898,54.8,1.17,64.116,63.6,0.5,10,198.7,23803,45030,18.7,17.8,83,29.910000000000004,13.419999999999998,165,120,3.9,0.7633784102355285
2026-04-22T13:52:00,04/22/202601:52,144.88,0.58,84.03039999999999,54.8,1.17,64.116,63.6,0.5,10,198.7,23803,45030,18.7,17.8,83,29.910000000000004,13.419999999999998,165,120,3.9,0.7630095774862432
2026-04-22T13:52:46,04/22/202601:52,144.91,0.5700000000000001,82.59870000000001,54.8,1.1300000000000001,61.92400000000001,61.4,0.5,10,198.7,23803,45030,18.7,17.8,83,29.910000000000004,13.419999999999998,165,120,3.9,0.7496970291299985
2026-04-22T13:53:01,04/22/202601:53,144.93,0.5599999999999999,81.1608,54.8,1.1099999999999999,60.82799999999999,60.3,0.5,10,198.7,23803,45030,18.7,17.8,83,29.910000000000004,13.419999999999998,165,120,3.9,0.7494751160658839
2026-04-22T13:53:45,04/22/202601:53,144.93,0.55,79.71150000000002,54.79,1.09,59.72110000000001,59.2,0.5,10,198.7,23803,45030,18.7,17.8,83,29.910000000000004,13.419999999999998,165,120,3.9,0.749215609
2026-04-22T13:54:00,04/22/202601:54,144.9,0.55,79.69500000000001,54.779999999999994,1.08,59.1624,58.7,0.5,10,198.7,23803,45030,18.7,17.8,83,29.910000000000004,13.419999999999998,165,120,3.9,0.7423602484472048
2026-04-22T13:54:44,04/22/202601:54,144.8,0.5599999999999999,81.088,54.779999999999994,1.09,59.7102,59.3,0.5,10,198.7,23803,45030,18.8,17.8,83,29.910000000000004,13.419999999999998,165,120,3.9,0.7363629636937649
2026-04-22T13:55:00,04/22/202601:55,144.74,0.5599999999999999,81.0544,54.779999999999994,1.08,59.1624,58.8,0.5,10,198.7,23803,45030,18.8,17.8,83,29.910000000000004,13.419999999999998,165,120,3.9,0.7299097889812274
2026-04-22T13:55:43,04/22/202601:55,144.62,0.5599999999999999,80.98719999999999,54.779999999999994,1.09,59.7102,59.4,0.5,10,198.7,23803,45030,18.8,17.8,83,29.910000000000004,13.419999999999998,165,120,3.9,0.7372794713238636
2026-04-22T13:56:01,04/22/202601:56,144.5,0.5599999999999999,80.91999999999999,54.779999999999994,1.1,60.257999999999996,60,0.5,10,198.7,23803,45030,18.8,17.8,83,29.910000000000004,13.419999999999998,165,120,3.9,0.7446613939693525
2026-04-22T13:56:44,04/22/202601:56,144.32999999999998,0.5599999999999999,80.82479999999998,54.779999999999994,1.09,59.7102,59.4,0.5,10,198.7,23803,45030,18.7,17.8,83,29.910000000000004,13.419999999999998,165,120,3.9,0.7387608753748851
2026-04-22T13:57:00,04/22/202601:57,144.16,0.5599999999999999,80.72959999999999,54.779999999999994,1.08,59.1624,58.8,0.5,10,198.7,23803,45030,18.7,17.8,83,29.910000000000004,13.419999999999998,165,120,3.9,0.7328464404629778
2026-04-22T13:57:44,04/22/202601:57,144,0.5700000000000001,82.08000000000001,54.77,1.1300000000000001,61.89010000000001,61.5,0.5,10,198.7,23803,45030,18.7,17.8,83,29.910000000000004,13.419999999999998,165,120,3.9,0.7540216861598441
2026-04-22T13:58:00,04/22/202601:58,143.84,0.58,83.4272,54.760000000000005,1.1800000000000002,64.61680000000001,64.2,0.5,10,198.7,23803,45030,18.7,17.8,83,29.910000000000004,13.419999999999998,165,120,3.9,0.7745291703425263
2026-04-22T13:58:44,04/22/202601:58,143.82,0.58,83.41559999999998,54.77,1.2,65.724,65.3,0.5,10,198.7,23803,45030,18.7,17.8,83,29.910000000000004,13.419999999999998,165,120,3.9,0.787910175
2026-04-22T13:59:00,04/22/202601:59,143.8,0.58,83.404,54.779999999999994,1.22,66.8316,66.4,0.5,10,198.7,23803,45030,18.7,17.8,83,29.910000000000004,13.419999999999998,165,120,3.9,0.8012996978562179
2026-04-22T13:59:44,04/22/202601:59,143.87,0.58,83.4446,54.779999999999994,1.22,66.8316,66.4,0.5,10,198.7,23803,45030,18.8,17.8,83,29.910000000000004,13.419999999999998,165,120,3.9,0.8009098252013911
2026-04-22T14:01:13,04/22/202602:01,143.92000000000002,0.5700000000000001,82.03440000000002,54.779999999999994,1.21,66.28379999999999,65.8,0.5,10,198.7,23803,45030,18.7,17.86,83,29.907,13.482,165.1,135,3.9,0.8080000585120385
2026-04-22T14:02:01,04/22/202602:02,144.01,0.5599999999999999,80.64559999999999,54.779999999999994,1.1800000000000002,64.6404,64.1,0.5,10,198.7,23803,45030,18.7,17.919999999999998,83,29.904000000000003,13.544,165.2,150,3.9,0.8015365996408981
2026-04-22T14:02:44,04/22/202602:02,144.20999999999998,0.55,79.3155,54.779999999999994,1.16,63.54479999999999,63,0.5,10,198.7,23803,45030,18.8,17.98,83,29.901,13.606,165.3,165,3.9,0.8011649677553566
2026-04-22T14:03:01,04/22/202602:03,144.41,0.54,77.98140000000001,54.779999999999994,1.15,62.996999999999986,62.5,0.5,10,198.7,23803,45030,18.8,18.04,83,29.898000000000003,13.668000000000001,165.4,180,3.9,0.8078464864698502
2026-04-22T14:03:44,04/22/202602:03,144.63,0.53,76.65390000000001,54.77,1.1300000000000001,61.89010000000001,61.4,0.5,10,198.7,23803,45030,18.8,18.1,83,29.895,13.729999999999999,165.5,195,3.9,0.8073966230028741
2026-04-22T14:04:01,04/22/202602:04,144.88,0.52,75.3376,54.77,1.09,59.69930000000001,59.2,0.5,10,198.7,23803,45030,18.8,18.16,83,29.892000000000003,13.791999999999998,165.6,210,3.9,0.7924237034362657
2026-04-22T14:04:43,04/22/202602:04,145.03,0.51,73.9653,54.779999999999994,1.05,57.519,57,0.5,10,198.7,23803,45030,18.8,18.22,83,29.889,13.854,165.7,225,3.9,0.7776484378485587
2026-04-22T14:05:01,04/22/202602:05,145.06,0.51,73.9806,54.779999999999994,1.04,56.971199999999996,56.4,0.5,10,198.7,23803,45030,18.8,18.279999999999998,83,29.886000000000003,13.916,165.8,240,3.9,0.7700829676969367
2026-04-22T14:06:26,04/22/202602:06,144.94,0.53,76.8182,54.779999999999994,1.0699999999999998,58.61459999999998,58,0.5,10,198.7,23803,45030,18.8,18.339999999999996,83,29.883,13.978,165.9,255,3.9,0.763030115
2026-04-22T14:07:01,04/22/202602:07,144.8,0.54,78.19200000000001,54.779999999999994,1.1,60.257999999999996,59.6,0.5,10,198.7,23803,45030,18.8,18.4,83,29.880000000000003,14.039999999999997,166,270,3.9,0.7706414978514424
2026-04-22T14:07:26,04/22/202602:07,144.75,0.55,79.61250000000001,54.779999999999994,1.1199999999999999,61.353599999999986,60.7,0.5,11,198.7,23803,45030,18.7,18.4,83,29.880000000000003,14.039999999999997,166,270,3.9,0.7706528497409324
2026-04-22T14:08:01,04/22/202602:08,144.7,0.5599999999999999,81.03199999999998,54.779999999999994,1.1400000000000001,62.4492,61.8,0.5,11,198.7,23803,45030,18.7,18.4,83,29.880000000000003,14.039999999999997,166,270,3.9,0.7706733142462239
2026-04-22T14:08:26,04/22/202602:08,144.65,0.5599999999999999,81.00399999999999,54.779999999999994,1.1400000000000001,62.4492,61.8,0.6,11,198.7,23803,45030,18.8,18.4,83,29.880000000000003,14.039999999999997,166,270,3.9,0.7709397066811516
2026-04-22T14:09:01,04/22/202602:09,144.6,0.5599999999999999,80.97599999999998,54.779999999999994,1.1400000000000001,62.4492,61.8,0.6,11,198.7,23803,45030,18.8,18.4,83,29.880000000000003,14.039999999999997,166,270,3.9,0.771206283
2026-04-22T14:09:26,04/22/202602:09,144.5,0.55,79.47500000000001,54.79,1.1300000000000001,61.91270000000001,61.3,0.6,11,198.7,23803,45030,18.8,18.4,83,29.880000000000003,14.039999999999997,166,270,3.9,0.7790210758100031
2026-04-22T14:10:00,04/22/202602:10,144.4,0.54,77.97600000000001,54.8,1.1199999999999999,61.37599999999999,60.8,0.6,11,198.7,23803,45030,18.8,18.4,83,29.880000000000003,14.039999999999997,166,270,3.9,0.7871139837898838
2026-04-22T14:10:27,04/22/202602:10,144.23,0.55,79.3265,54.8,1.16,63.56799999999999,63,0.6,11,198.7,23803,45030,18.7,18.4,83,29.880000000000003,14.039999999999997,166,270,3.9,0.8013463344531776
2026-04-22T14:11:01,04/22/202602:11,144.06,0.5599999999999999,80.6736,54.8,1.2,65.75999999999999,65.2,0.6,11,198.7,23803,45030,18.7,18.4,83,29.880000000000003,14.039999999999997,166,270,3.9,0.8151365502469209
2026-04-22T14:12:29,04/22/202602:12,143.99,0.55,79.1945,54.8,1.19,65.21199999999999,64.7,0.6,11,198.7,23803,45030,18.7,18.4,83,29.880000000000003,14.039999999999997,166,270,3.9,0.8234410217881291
2026-04-22T14:13:00,04/22/202602:13,143.92000000000002,0.54,77.71680000000002,54.8,1.1800000000000002,64.664,64.2,0.6,11,198.7,23803,45030,18.7,18.4,83,29.880000000000003,14.039999999999997,166,270,3.9,0.8320466102567268
2026-04-22T14:13:26,04/22/202602:13,143.78,0.53,76.2034,54.8,1.17,64.116,63.7,0.6,11,198.7,23803,45030,18.8,18.4,83,29.880000000000003,14.039999999999997,166,270,3.9,0.8413797809546555
2026-04-22T14:14:01,04/22/202602:14,143.64000000000001,0.52,74.6928,54.8,1.16,63.56799999999999,63.2,0.6,11,198.7,23803,45030,18.8,18.4,83,29.880000000000003,14.039999999999997,166,270,3.9,0.8510592721119035
2026-04-22T14:14:27,04/22/202602:14,143.45,0.53,76.0285,54.8,1.17,64.116,63.7,0.6,11,198.7,23803,45030,18.7,18.4,83,29.880000000000003,14.039999999999997,166,270,3.9,0.8433153356964823
2026-04-22T14:14:44,04/22/202602:14,143.28,0.53,75.9384,54.8,1.17,64.116,63.7,0.6,11,198.7,23803,45030,18.7,18.4,83,29.880000000000003,14.039999999999997,166,270,3.9,0.8443159192187352
2026-04-22T14:15:00,04/22/202602:15,143.14000000000001,0.54,77.29560000000001,54.8,1.19,65.21199999999999,64.8,0.6,11,198.7,23803,45030,18.7,18.4,83,29.880000000000003,14.039999999999997,166,270,3.9,0.8436702735990145
2026-04-22T14:15:45,04/22/202602:15,143.04000000000002,0.5599999999999999,80.1024,54.8,1.22,66.856,66.4,0.6,11,198.7,23803,45030,18.8,18.4,83,29.880000000000003,14.039999999999997,166,270,3.9,0.8346316714605304
2026-04-22T14:16:01,04/22/202602:16,143.10999999999999,0.5599999999999999,80.14159999999998,54.8,1.2,65.75999999999999,65.3,0.6,11,198.7,23803,45030,18.8,18.4,83,29.880000000000003,14.039999999999997,166,270,3.9,0.8205476306936723
2026-04-22T14:16:44,04/22/202602:16,143.24,0.5599999999999999,80.2144,54.8,1.19,65.21199999999999,64.8,0.6,11,198.7,23803,45030,18.7,18.4,83,29.880000000000003,14.078,166.2,268,3.8899999999999997,0.8129712370846132
2026-04-22T14:17:00,04/22/202602:17,143.42000000000002,0.5599999999999999,80.3152,54.8,1.19,65.21199999999999,64.8,0.6,11,198.7,23803,45030,18.7,18.4,83,29.880000000000003,14.116,166.4,266,3.88,0.8119509134011991
2026-04-22T14:17:45,04/22/202602:17,143.5,0.5599999999999999,80.35999999999999,54.8,1.1800000000000002,64.664,64.2,0.6,11,198.7,23803,45030,18.8,18.4,83,29.880000000000003,14.154,166.6,264,3.8699999999999997,0.8046789447486313
2026-04-22T14:18:00,04/22/202602:18,143.57999999999998,0.5700000000000001,81.8406,54.8,1.19,65.21199999999999,64.7,0.6,11,198.7,23803,45030,18.8,18.4,83,29.880000000000003,14.191999999999998,166.8,262,3.8600000000000003,0.7968172276351835
2026-04-22T14:18:44,04/22/202602:18,143.73,0.5700000000000001,81.9261,54.79,1.17,64.1043,63.6,0.6,11,198.7,23803,45030,18.7,18.4,83,29.880000000000003,14.229999999999999,167,260,3.85,0.7824649287589668
2026-04-22T14:19:01,04/22/202602:19,143.82,0.5599999999999999,80.5392,54.779999999999994,1.1400000000000001,62.4492,62,0.6,11,198.7,23803,45030,18.7,18.4,83,29.880000000000003,14.268,167.2,258,3.84,0.7753888789558376
2026-04-22T14:19:18,04/22/202602:19,143.93,0.5599999999999999,80.60079999999999,54.79,1.1300000000000001,61.91270000000001,61.4,0.6,11,198.7,23803,45030,18.8,18.4,83,29.880000000000003,14.306000000000001,167.4,256,3.8299999999999996,0.7681400184613554
2026-04-22T14:20:01,04/22/202602:20,144.04000000000002,0.5599999999999999,80.6624,54.8,1.1199999999999999,61.37599999999999,60.8,0.6,11,198.7,23803,45030,18.8,18.4,83,29.880000000000003,14.344,167.6,254,3.8199999999999994,0.76089975
2026-04-22T14:20:18,04/22/202602:20,144.12,0.55,79.266,54.8,1.1,60.28,59.7,0.6,11,198.7,23803,45030,18.8,18.49,83,29.880000000000003,14.382,167.8,258,3.81,0.7604773799611435
2026-04-22T14:21:00,04/22/202602:21,144.2,0.54,77.868,54.8,1.08,59.184,58.6,0.6,11,198.7,23803,45030,18.8,18.58,83,29.880000000000003,14.419999999999998,168,262,3.8,0.7600554785020804
2026-04-22T14:21:18,04/22/202602:21,144.1,0.53,76.373,54.8,1.05,57.54,56.9,0.6,11,198.7,23803,45030,18.7,18.669999999999998,83,29.880000000000003,14.419999999999998,168,268,3.8,0.7534076178754271
2026-04-22T14:22:01,04/22/202602:22,144,0.52,74.88,54.8,1.02,55.896,55.2,0.6,11,198.7,23803,45030,18.7,18.759999999999998,83,29.880000000000003,14.419999999999998,168,274,3.8,0.746474359
2026-04-22T14:23:35,04/22/202602:23,144.07,0.51,73.4757,54.8,0.9800000000000001,53.704,53,0.6,11,198.7,23803,45030,18.8,18.85,83,29.880000000000003,14.288999999999998,167.5,280,3.8,0.7309083139051414
2026-04-22T14:24:00,04/22/202602:24,144.14000000000001,0.5,72.07000000000001,54.8,0.9400000000000001,51.512,50.8,0.6,11,198.7,23803,45030,18.8,18.94,83,29.880000000000003,14.157999999999998,167,286,3.8,0.7147495490495351
2026-04-22T14:25:30,04/22/202602:25,144.14000000000001,0.51,73.51140000000001,54.81,0.96,52.6176,51.9,0.6,11,198.7,23803,45030,18.7,19.03,83,29.880000000000003,14.027000000000001,166.5,292,3.8,0.7157746961695737
2026-04-22T14:26:00,04/22/202602:26,144.14000000000001,0.52,74.95280000000001,54.81999999999999,0.9800000000000001,53.7236,53,0.6,11,198.7,23803,45030,18.7,19.119999999999997,83,29.880000000000003,13.896,166,298,3.8,0.7167657512461174
2026-04-22T14:26:31,04/22/202602:26,144.17000000000002,0.52,74.96840000000002,54.81,0.9800000000000001,53.713800000000006,53,0.6,11,198.7,23803,45030,18.8,19.21,83,29.880000000000003,13.765,165.5,304,3.8,0.716485879
2026-04-22T14:27:01,04/22/202602:27,144.2,0.52,74.984,54.8,0.9800000000000001,53.704,53,0.6,11,198.7,23803,45030,18.8,19.3,83,29.880000000000003,13.634,165,310,3.8,0.7162061239731143
2026-04-22T14:27:30,04/22/202602:27,144.26,0.52,75.0152,54.8,0.9700000000000001,53.156,52.5,0.6,11,198.7,23803,45030,18.8,19.3,83,29.880000000000003,13.503,164.5,310,3.8,0.7086030564472268
2026-04-22T14:28:01,04/22/202602:28,144.32,0.52,75.0464,54.8,0.96,52.608,52,0.6,11,198.7,23803,45030,18.8,19.3,83,29.880000000000003,13.372,164,310,3.8,0.7010063107624083
2026-04-22T14:28:30,04/22/202602:28,144.44,0.52,75.1088,54.8,0.9700000000000001,53.156,52.6,0.6,11,198.7,23803,45030,18.7,19.3,83,29.880000000000003,13.241,163.5,310,3.8,0.7077200008520972
2026-04-22T14:29:01,04/22/202602:29,144.56,0.52,75.1712,54.8,0.9800000000000001,53.704,53.2,0.6,11,198.7,23803,45030,18.7,19.3,83,29.880000000000003,13.11,163,310,3.8,0.7144225448043932
2026-04-22T14:29:30,04/22/202602:29,144.47,0.53,76.5691,54.8,1.02,55.896,56,0.6,11,198.7,23803,45030,18.7,19.3,83,29.880000000000003,13.11,163,310,3.8,0.7300072744749513
2026-04-22T14:30:01,04/22/202602:30,144.38,0.54,77.9652,54.8,1.06,58.088,58.8,0.6,11,198.7,23803,45030,18.7,19.3,83,29.880000000000003,13.11,163,310,3.8,0.7450503557997671
2026-04-22T14:30:30,04/22/202602:30,144.2,0.53,76.426,54.8,1.03,56.443999999999996,57.1,0.6,11,198.7,23803,45030,18.8,19.3,83,29.880000000000003,13.11,163,310,3.8,0.7385444743935309
2026-04-22T14:31:01,04/22/202602:31,144.02,0.52,74.89040000000001,54.8,1,54.8,55.4,0.6,11,198.7,23803,45030,18.8,19.3,83,29.880000000000003,13.11,163,310,3.8,0.7317359768408233
2026-04-22T14:31:31,04/22/202602:31,143.72,0.53,76.1716,54.8,1.01,55.348,56,0.6,11,198.7,23803,45030,18.8,19.330000000000002,82.9,29.880000000000003,13.116,163.2,311,3.78,0.7266225207295107
2026-04-22T14:32:01,04/22/202602:32,143.42000000000002,0.54,77.44680000000001,54.8,1.02,55.896,56.6,0.6,11,198.7,23803,45030,18.8,19.360000000000003,82.8,29.880000000000003,13.122,163.4,312,3.7600000000000002,0.7217341452455104
2026-04-22T14:32:30,04/22/202602:32,143.3,0.54,77.382,54.8,1.04,56.992,57.7,0.6,11,198.7,23803,45030,18.7,19.39,82.7,29.880000000000003,13.128,163.6,313,3.7399999999999998,0.7365020288956087
2026-04-22T14:33:01,04/22/202602:33,143.18,0.54,77.31720000000001,54.8,1.06,58.088,58.8,0.6,11,198.7,23803,45030,18.7,19.42,82.6,29.880000000000003,13.134,163.8,314,3.72,0.7512946666459726
2026-04-22T14:34:47,04/22/202602:34,143.15,0.54,77.301,54.8,1.05,57.54,58.2,0.6,11,198.7,23803,45030,18.8,19.45,82.5,29.880000000000003,13.14,164,315,3.7,0.7443629448519424
2026-04-22T14:35:01,04/22/202602:35,143.12,0.54,77.2848,54.8,1.04,56.992,57.6,0.6,11,198.7,23803,45030,18.8,19.48,82.4,29.880000000000003,13.146,164.2,316,3.6799999999999997,0.7374283170817547
2026-04-22T14:36:01,04/22/202602:36,143.23000000000002,0.53,75.91190000000002,54.8,1.02,55.896,55.9,0.6,11,198.7,23803,45030,18.8,19.51,82.3,29.880000000000003,13.152000000000001,164.4,317,3.66,0.7363272425008462
2026-04-22T14:36:30,04/22/202602:36,143.28000000000003,0.52,74.50560000000002,54.8,0.9800000000000001,53.704,53.1,0.6,11,198.7,23803,45030,18.7,19.54,82.2,29.880000000000003,13.157999999999998,164.6,318,3.6399999999999997,0.7208048790963363
2026-04-22T14:37:00,04/22/202602:37,143.42000000000002,0.52,74.57840000000002,54.8,0.9800000000000001,53.704,53.1,0.6,11,198.7,23803,45030,18.7,19.57,82.1,29.880000000000003,13.163999999999998,164.8,319,3.62,0.7201012625639593
2026-04-22T14:37:31,04/22/202602:37,143.49,0.52,74.6148,54.81,0.9800000000000001,53.713800000000006,53.1,0.6,11,198.7,23803,45030,18.8,19.6,82,29.880000000000003,13.169999999999998,165,320,3.6,0.7198813104102672
2026-04-22T14:38:01,04/22/202602:38,143.60999999999999,0.51,73.24109999999999,54.81999999999999,0.95,52.07899999999999,51.4,0.6,11,198.7,23803,45030,18.8,19.6,82,29.880000000000003,13.169999999999998,165,320,3.6,0.7110625045227339
2026-04-22T14:38:30,04/22/202602:38,143.85999999999999,0.49000000000000005,70.4914,54.81999999999999,0.9099999999999999,49.88619999999999,49.2,0.6,11,198.7,23803,45030,18.7,19.6,82,29.880000000000003,13.169999999999998,165,320,3.6,0.7076920021449423
2026-04-22T14:39:01,04/22/202602:39,143.89000000000001,0.48,69.0672,54.81999999999999,0.8699999999999999,47.69339999999999,47,0.6,11,198.7,23803,45030,18.7,19.6,82,29.880000000000003,13.169999999999998,165,320,3.6,0.6905361734658418
2026-04-22T14:39:30,04/22/202602:39,143.89000000000001,0.49000000000000005,70.50610000000002,54.81999999999999,0.8800000000000001,48.2416,47.5,0.6,11,198.7,23803,45030,18.7,19.6,82,29.880000000000003,13.169999999999998,165,320,3.6,0.6842188122729804
2026-04-22T14:39:54,04/22/202602:39,143.78,0.5,71.89,54.81999999999999,0.9,49.337999999999994,48.6,0.6,11,198.7,23803,45030,18.7,19.6,82,29.880000000000003,13.169999999999998,165,320,3.6,0.6862985116149672
2026-04-22T14:40:01,04/22/202602:40,143.67000000000002,0.51,73.27170000000001,54.81999999999999,0.9199999999999999,50.43439999999999,49.7,0.6,11,198.7,23803,45030,18.7,19.6,82,29.880000000000003,13.169999999999998,165,320,3.6,0.6883203201235946
2026-04-22T14:40:54,04/22/202602:40,143.45,0.51,73.1595,54.81999999999999,0.93,50.9826,50.3,0.6,11,198.7,23803,45030,18.7,19.6,82,29.880000000000003,13.169999999999998,165,320,3.6,0.6968691694175057
2026-04-22T14:41:01,04/22/202602:41,143.29000000000002,0.51,73.07790000000001,54.81999999999999,0.96,52.627199999999995,52,0.6,11,198.7,23803,45030,18.7,19.6,82,29.880000000000003,13.169999999999998,165,320,3.6,0.7201520569146074
2026-04-22T14:41:54,04/22/202602:41,143.10999999999999,0.51,72.9861,54.81999999999999,0.9800000000000001,53.7236,53.1,0.6,11,198.7,23803,45030,18.8,19.6,82,29.880000000000003,13.169999999999998,165,320,3.6,0.7360798837038833
2026-04-22T14:42:01,04/22/202602:42,143,0.51,72.93,54.81,1,54.81,54.2,0.6,11,198.7,23803,45030,18.8,19.6,82,29.880000000000003,13.169999999999998,165,320,3.6,0.7515425750719869
2026-04-22T14:42:54,04/22/202602:42,142.91,0.52,74.3132,54.8,1.02,55.896,55.3,0.6,11,198.7,23803,45030,18.8,19.6,82,29.880000000000003,13.169999999999998,165,320,3.6,0.7521678517410098
2026-04-22T14:43:01,04/22/202602:43,142.69,0.54,77.0526,54.8,1.05,57.54,56.9,0.6,11,198.7,23803,45030,18.8,19.6,82,29.880000000000003,13.169999999999998,165,320,3.6,0.7467626011322136
2026-04-22T14:43:54,04/22/202602:43,142.59,0.55,78.42450000000001,54.8,1.09,59.732,59.1,0.6,11,198.7,23803,45030,18.8,19.6,82,29.880000000000003,13.169999999999998,165,320,3.6,0.7616497395584287
2026-04-22T14:44:00,04/22/202602:44,142.52,0.54,76.9608,54.8,1.08,59.184,58.6,0.6,11,198.7,23803,45030,18.8,19.6,82,29.880000000000003,13.169999999999998,165,320,3.6,0.7690148751052482
2026-04-22T14:45:59,04/22/202602:45,142.49,0.53,75.51970000000001,54.8,1.07,58.636,58.1,0.6,11,198.7,23803,45030,18.8,19.580000000000002,81.9,29.880000000000003,13.163999999999998,165.1,305,3.5700000000000003,0.7764331690936271
2026-04-22T14:46:01,04/22/202602:46,142.45999999999998,0.52,74.07919999999999,54.8,1.06,58.088,57.6,0.6,11,198.7,23803,45030,18.8,19.560000000000002,81.8,29.880000000000003,13.157999999999998,165.2,290,3.54,0.7841337379453344
2026-04-22T14:47:14,04/22/202602:47,142.44,0.52,74.0688,54.8,1.05,57.54,57,0.6,11,198.7,23803,45030,18.7,19.54,81.7,29.880000000000003,13.152000000000001,165.3,275,3.5100000000000002,0.7768453113861707
2026-04-22T14:48:01,04/22/202602:48,142.42000000000002,0.52,74.0584,54.8,1.04,56.992,56.4,0.6,11,198.7,23803,45030,18.7,19.52,81.6,29.880000000000003,13.146,165.4,260,3.4799999999999995,0.7695548378036792
2026-04-22T14:48:14,04/22/202602:48,142.48,0.52,74.08959999999999,54.8,1.04,56.992,56.4,0.6,11,198.7,23803,45030,18.7,19.5,81.5,29.880000000000003,13.14,165.5,245,3.45,0.7692307692307693
2026-04-22T14:49:00,04/22/202602:49,142.54000000000002,0.52,74.12080000000002,54.8,1.04,56.992,56.4,0.6,11,198.7,23803,45030,18.7,19.48,81.4,29.880000000000003,13.134,165.6,230,3.4200000000000004,0.7689069734811279
2026-04-22T14:49:15,04/22/202602:49,142.78,0.51,72.8178,54.8,1.02,55.896,55.3,0.6,11,198.7,23803,45030,18.8,19.46,81.3,29.880000000000003,13.128,165.7,215,3.3899999999999997,0.7676145118363916
2026-04-22T14:50:00,04/22/202602:50,143.02,0.5,71.51,54.8,1,54.8,54.2,0.6,11,198.7,23803,45030,18.8,19.439999999999998,81.2,29.880000000000003,13.122,165.8,200,3.3600000000000003,0.7663263879177736
2026-04-22T14:50:14,04/22/202602:50,143.29000000000002,0.5,71.64500000000001,54.8,0.9800000000000001,53.704,53.1,0.6,11,198.7,23803,45030,18.7,19.419999999999998,81.1,29.880000000000003,13.116,165.9,185,3.3299999999999996,0.7495847581827063
2026-04-22T14:51:01,04/22/202602:51,143.56,0.5,71.78,54.8,0.96,52.608,52,0.6,11,198.7,23803,45030,18.7,19.4,81,29.880000000000003,13.11,166,170,3.3,0.7329061019782669
2026-04-22T14:51:15,04/22/202602:51,143.81,0.5,71.905,54.8,0.96,52.608,52,0.6,11,198.7,23803,45030,18.8,19.4,81,29.880000000000003,13.11,166,170,3.3,0.7316320144635282
2026-04-22T14:52:00,04/22/202602:52,144.06,0.5,72.03,54.8,0.96,52.608,52,0.6,11,198.7,23803,45030,18.8,19.4,81,29.880000000000003,13.11,166,170,3.3,0.7303623490212411
2026-04-22T14:52:15,04/22/202602:52,144.31,0.51,73.5981,54.8,0.9800000000000001,53.704,53.1,0.6,11,198.7,23803,45030,18.8,19.4,81,29.880000000000003,13.11,166,170,3.3,0.7296927502204541
2026-04-22T14:52:45,04/22/202602:52,144.56,0.51,73.7256,54.8,0.9800000000000001,53.704,53.1,0.6,11,198.7,23803,45030,18.8,19.4,81,29.880000000000003,13.11,166,170,3.3,0.7284308299966362
2026-04-22T14:53:00,04/22/202602:53,144.75,0.51,73.8225,54.8,0.9800000000000001,53.704,53.1,0.6,11,198.7,23803,45030,18.8,19.4,81,29.880000000000003,13.11,166,170,3.3,0.7274746859019946
2026-04-22T14:53:44,04/22/202602:53,144.85,0.52,75.322,54.8,1.01,55.348,54.8,0.6,11,198.7,23803,45030,18.7,19.4,81,29.880000000000003,13.11,166,170,3.3,0.7348185125195825
2026-04-22T14:54:01,04/22/202602:54,144.75,0.53,76.7175,54.8,1.06,58.088,57.6,0.6,11,198.7,23803,45030,18.7,19.4,81,29.880000000000003,13.11,166,170,3.3,0.7571675302245251
2026-04-22T14:54:45,04/22/202602:54,144.64000000000001,0.53,76.65920000000001,54.81,1.07,58.6467,58.2,0.6,11,198.7,23803,45030,18.7,19.4,81,29.880000000000003,13.11,166,170,3.3,0.7650314639338787
2026-04-22T14:55:00,04/22/202602:55,144.38,0.53,76.5214,54.81999999999999,1.07,58.657399999999996,58.2,0.6,11,198.7,23803,45030,18.7,19.4,81,29.880000000000003,13.11,166,170,3.3,0.7665489653874602
2026-04-22T14:55:45,04/22/202602:55,144.18,0.54,77.8572,54.81999999999999,1.1,60.302,59.8,0.6,11,198.7,23803,45030,18.7,19.4,81,29.880000000000003,13.11,166,170,3.3,0.7745205324619945
2026-04-22T14:57:11,04/22/202602:57,144.18,0.54,77.8572,54.81999999999999,1.09,59.7538,59.2,0.6,11,198.7,23803,45030,18.8,19.4,81,29.880000000000003,13.11,166,170,3.3,0.767479437
2026-04-22T14:57:45,04/22/202602:57,144.25,0.54,77.89500000000001,54.81999999999999,1.09,59.7538,59.2,0.6,11,198.7,23803,45030,18.8,19.4,81,29.880000000000003,13.11,166,170,3.3,0.7671070030168816
2026-04-22T14:58:00,04/22/202602:58,144.42000000000002,0.53,76.54260000000001,54.81999999999999,1.08,59.2056,58.7,0.6,11,198.7,23803,45030,18.8,19.4,81,29.880000000000003,13.11,166,170,3.3,0.7734986791668952
2026-04-22T14:58:45,04/22/202602:58,144.6,0.53,76.638,54.81999999999999,1.07,58.657399999999996,58.2,0.6,11,198.7,23803,45030,18.7,19.4,81,29.880000000000003,13.11,166,170,3.3,0.7653827083170228
2026-04-22T14:59:01,04/22/202602:59,144.78,0.53,76.7334,54.81999999999999,1.06,58.109199999999994,57.7,0.6,11,198.7,23803,45030,18.7,19.4,81,29.880000000000003,13.11,166,170,3.3,0.757286918
2026-04-22T14:59:44,04/22/202602:59,145.01,0.52,75.4052,54.81999999999999,1.04,57.01279999999999,56.6,0.6,11,198.7,23803,45030,18.7,19.4,81,29.880000000000003,13.11,166,170,3.3,0.7560857871870905
2026-04-22T14:59:58,04/22/202602:59,145.22,0.52,75.51440000000001,54.81999999999999,1.04,57.01279999999999,56.6,0.6,11,198.7,23803,45030,18.7,19.4,81,29.880000000000003,13.11,166,170,3.3,0.7549924252857731
2026-04-22T15:00:01,04/22/202603:00,145.44,0.53,77.0832,54.81,1.08,59.19480000000001,58.8,0.6,11,198.7,23803,45030,18.7,19.4,81,29.880000000000003,13.11,166,170,3.3,0.7679338688585841
2026-04-22T15:00:58,04/22/202603:00,145.55,0.54,78.59700000000001,54.8,1.1099999999999999,60.82799999999999,60.4,0.6,11,198.7,23803,45030,18.8,19.41,81,29.880000000000003,13.123,166.2,174,3.29,0.7739226688041526
2026-04-22T15:01:00,04/22/202603:01,145.6,0.54,78.624,54.8,1.1099999999999999,60.82799999999999,60.4,0.6,11,198.7,23803,45030,18.8,19.419999999999998,81,29.880000000000003,13.136,166.4,178,3.28,0.7736568986568986
2026-04-22T15:01:58,04/22/202603:01,145.60999999999999,0.54,78.6294,54.81,1.1099999999999999,60.839099999999995,60.4,0.6,12,198.7,23803,45030,18.7,19.43,81,29.880000000000003,13.149000000000001,166.6,182,3.2700000000000005,0.7737449351006112
2026-04-22T15:02:01,04/22/202603:02,145.55,0.54,78.59700000000001,54.81999999999999,1.1,60.302,59.8,0.6,12,198.7,23803,45030,18.7,19.439999999999998,81,29.880000000000003,13.162,166.8,186,3.2600000000000002,0.7672303014109952
2026-04-22T15:02:23,04/22/202603:02,145.6,0.55,80.08,54.81999999999999,1.1199999999999999,61.39839999999999,60.9,0.6,12,198.7,23803,45030,18.8,19.45,81,29.880000000000003,13.175,167,190,3.25,0.7667132867132865
2026-04-22T15:03:00,04/22/202603:03,145.64000000000001,0.5599999999999999,81.5584,54.81999999999999,1.16,63.591199999999986,63.1,0.6,12,198.7,23803,45030,18.8,19.46,81,29.880000000000003,13.187999999999999,167.2,194,3.2399999999999998,0.7797014164083649
2026-04-22T15:03:23,04/22/202603:03,145.84,0.5599999999999999,81.67039999999999,54.81999999999999,1.17,64.1394,63.6,0.6,12,198.7,23803,45030,18.7,19.47,80.7,29.880000000000003,13.200999999999999,167.4,198,3.2299999999999995,0.7853445067001019
2026-04-22T15:04:01,04/22/202603:04,146.07999999999998,0.5599999999999999,81.80479999999999,54.81999999999999,1.16,63.591199999999986,63,0.6,12,198.7,23803,45030,18.7,19.48,80.4,29.880000000000003,13.213999999999999,167.6,202,3.22,0.7773529181661711
2026-04-22T15:04:22,04/22/202603:04,146.53,0.54,79.12620000000001,54.83,1.1099999999999999,60.86129999999999,60.2,0.6,12,198.7,23803,45030,18.8,19.490000000000002,80.1,29.880000000000003,13.227,167.8,206,3.21,0.7691674818201807
2026-04-22T15:05:01,04/22/202603:05,146.98,0.52,76.4296,54.839999999999996,1.06,58.1304,57.4,0.6,12,198.7,23803,45030,18.8,19.5,79.8,29.880000000000003,13.24,168,210,3.2,0.7605744371290705
2026-04-22T15:05:23,04/22/202603:05,147.10999999999999,0.51,75.0261,54.839999999999996,1.05,57.582,56.9,0.6,12,198.7,23803,45030,18.8,19.5,79.5,29.880000000000003,13.24,168,210,3.2,0.7674929124664617
2026-04-22T15:06:01,04/22/202603:06,147.24,0.5,73.62,54.839999999999996,1.04,57.0336,56.4,0.6,12,198.7,23803,45030,18.8,19.5,79.2,29.880000000000003,13.24,168,210,3.2,0.7747025264873675
2026-04-22T15:08:22,04/22/202603:08,147.2,0.51,75.07199999999999,54.839999999999996,1.06,58.1304,57.5,0.6,12,198.7,23803,45030,18.8,19.5,78.9,29.880000000000003,13.24,168,210,3.2,0.7743286445012789
2026-04-22T15:09:00,04/22/202603:09,147.16,0.52,76.5232,54.839999999999996,1.08,59.2272,58.6,0.6,12,198.7,23803,45030,18.8,19.5,78.6,29.880000000000003,13.24,168,210,3.2,0.773977042
2026-04-22T15:09:18,04/22/202603:09,147.06,0.51,75.0006,54.839999999999996,1.06,58.1304,57.5,0.6,12,198.7,23803,45030,18.8,19.5,78.3,29.880000000000003,13.24,168,210,3.2,0.7750657994736042
2026-04-22T15:10:00,04/22/202603:10,146.95999999999998,0.5,73.47999999999999,54.839999999999996,1.04,57.0336,56.4,0.6,12,198.7,23803,45030,18.8,19.5,78,29.880000000000003,13.24,168,210,3.2,0.7761785519869353
2026-04-22T15:10:17,04/22/202603:10,146.17000000000002,0.51,74.54670000000002,54.85,1.06,58.141000000000005,57.5,0.6,12,198.7,23803,45030,18.7,19.5,78,29.880000000000003,13.24,168,210,3.2,0.7799272134111904
2026-04-22T15:11:00,04/22/202603:11,145.38,0.52,75.5976,54.86,1.08,59.2488,58.6,0.6,12,198.7,23803,45030,18.7,19.5,78,29.880000000000003,13.24,168,210,3.2,0.7837391663227404
2026-04-22T15:11:18,04/22/202603:11,144.81,0.53,76.7493,54.839999999999996,1.1099999999999999,60.87239999999999,60.3,0.6,12,198.7,23803,45030,18.7,19.5,78,29.880000000000003,13.24,168,210,3.2,0.793132967
2026-04-22T15:12:00,04/22/202603:12,144.24,0.54,77.88960000000002,54.82000000000001,1.1400000000000001,62.49480000000001,62,0.6,12,198.7,23803,45030,18.7,19.5,78,29.880000000000003,13.24,168,210,3.2,0.8023510199050964
2026-04-22T15:12:18,04/22/202603:12,144.43,0.54,77.99220000000001,54.82000000000001,1.12,61.39840000000002,60.9,0.6,12,198.7,23803,45030,18.8,19.5,78,29.880000000000003,13.24,168,210,3.2,0.7872376981287873
2026-04-22T15:13:00,04/22/202603:13,144.62,0.54,78.0948,54.82000000000001,1.1,60.302000000000014,59.8,0.6,12,198.7,23803,45030,18.8,19.5,78,29.880000000000003,13.24,168,210,3.2,0.7721640877497606
2026-04-22T15:13:18,04/22/202603:13,144.48,0.54,78.0192,54.81,1.1,60.291000000000004,59.3,0.6,12,198.7,23803,45030,18.8,19.5,78,29.880000000000003,13.24,168,210,3.2,0.7727713178294574
2026-04-22T15:14:00,04/22/202603:14,144.34,0.54,77.9436,54.8,1.1,60.28,58.8,0.6,12,198.7,23803,45030,18.8,19.5,78,29.880000000000003,13.24,168,210,3.2,0.7733797258530527
2026-04-22T15:14:18,04/22/202603:14,144.10999999999999,0.55,79.2605,54.8,1.1099999999999999,60.82799999999999,59.3,0.6,12,198.7,23803,45030,18.8,19.5,78,29.880000000000003,13.24,168,210,3.2,0.7674440610392314
2026-04-22T15:15:00,04/22/202603:15,143.88,0.5599999999999999,80.57279999999999,54.8,1.1199999999999999,61.37599999999999,59.8,0.6,12,198.7,23803,45030,18.8,19.5,78,29.880000000000003,13.24,168,210,3.2,0.7617458993605782
2026-04-22T15:15:17,04/22/202603:15,144.01,0.5599999999999999,80.64559999999999,54.79,1.1199999999999999,61.364799999999995,59.8,0.6,12,198.7,23803,45030,18.7,19.5,78,29.880000000000003,13.24,168,210,3.2,0.7609193805985696
2026-04-22T15:16:00,04/22/202603:16,144.14000000000001,0.5599999999999999,80.7184,54.779999999999994,1.1199999999999999,61.353599999999986,59.8,0.6,12,198.7,23803,45030,18.7,19.5,78,29.880000000000003,13.24,168,210,3.2,0.7600943527126403
2026-04-22T15:16:18,04/22/202603:16,144.25,0.5700000000000001,82.22250000000001,54.79,1.1300000000000001,61.91270000000001,60.3,0.6,12,198.7,23803,45030,18.8,19.54,77.9,29.877,13.258000000000001,167.7,216,3.18,0.7529897534129952
2026-04-22T15:17:00,04/22/202603:17,144.35999999999999,0.58,83.72879999999999,54.8,1.1400000000000001,62.472,60.8,0.6,12,198.7,23803,45030,18.8,19.580000000000002,77.8,29.874000000000002,13.276,167.4,222,3.16,0.7461231977527446
2026-04-22T15:17:17,04/22/202603:17,143.60999999999999,0.59,84.72989999999999,54.81,1.18,64.6758,63,0.6,12,198.7,23803,45030,18.7,19.619999999999997,77.7,29.871,13.294,167.1,228,3.14,0.7633173177355338
2026-04-22T15:18:00,04/22/202603:18,142.85999999999999,0.6,85.716,54.81999999999999,1.22,66.8804,65.2,0.6,12,198.7,23803,45030,18.7,19.66,77.6,29.868000000000002,13.312000000000001,166.8,234,3.12,0.780255728
2026-04-22T15:19:35,04/22/202603:19,143.20999999999998,0.6,85.92599999999999,54.81999999999999,1.21,66.33219999999999,65.2,0.6,12,198.7,23803,45030,18.8,19.7,77.5,29.865,13.330000000000002,166.5,240,3.1,0.7719689034750832
2026-04-22T15:20:00,04/22/202603:20,143.56,0.6,86.136,54.81999999999999,1.2,65.78399999999999,65.2,0.6,12,198.7,23803,45030,18.8,19.74,77.4,29.862000000000002,13.347999999999999,166.2,246,3.08,0.7637224853719699
2026-04-22T15:20:18,04/22/202603:20,143.85,0.59,84.8715,54.81999999999999,1.17,64.1394,63.6,0.6,12,198.7,23803,45030,18.7,19.779999999999998,77.3,29.859,13.366,165.9,252,3.06,0.7557236528163164
2026-04-22T15:21:00,04/22/202603:21,144.14,0.58,83.60119999999999,54.81999999999999,1.1400000000000001,62.4948,62,0.6,12,198.7,23803,45030,18.7,19.82,77.2,29.856,13.384,165.6,258,3.04,0.7475347243819467
2026-04-22T15:21:18,04/22/202603:21,143.82999999999998,0.5700000000000001,81.9831,54.81999999999999,1.1199999999999999,61.39839999999999,60.9,0.6,12,198.7,23803,45030,18.8,19.86,77.1,29.853,13.402000000000001,165.3,264,3.02,0.7489153252316635
2026-04-22T15:22:00,04/22/202603:22,143.51999999999998,0.5599999999999999,80.37119999999999,54.81999999999999,1.1,60.302,59.8,0.6,12,198.7,23803,45030,18.8,19.9,77,29.85,13.419999999999998,165,270,3,0.7502936375218985
2026-04-22T15:22:18,04/22/202603:22,142.91,0.55,78.60050000000001,54.81999999999999,1.09,59.7538,59.3,0.6,12,198.7,23803,45030,18.8,19.9,77,29.85,13.419999999999998,165,270,3,0.7602216270888861
2026-04-22T15:23:01,04/22/202603:23,142.3,0.54,76.84200000000001,54.81999999999999,1.08,59.2056,58.8,0.6,12,198.7,23803,45030,18.8,19.9,77,29.85,13.419999999999998,165,270,3,0.7704848910751931
2026-04-22T15:23:27,04/22/202603:23,142.33999999999997,0.54,76.86359999999999,54.81,1.07,58.6467,58.2,0.6,12,198.7,23803,45030,18.7,19.9,77,29.85,13.419999999999998,165,270,3,0.7629970493185332
2026-04-22T15:24:00,04/22/202603:24,142.38,0.54,76.8852,54.8,1.06,58.088,57.6,0.6,12,198.7,23803,45030,18.7,19.9,77,29.85,13.419999999999998,165,270,3,0.7555160160863209
2026-04-22T15:24:27,04/22/202603:24,142.02,0.54,76.69080000000001,54.8,1.04,56.992,56.5,0.6,12,198.7,23803,45030,18.8,19.9,77,29.85,13.419999999999998,165,270,3,0.7431399855002163
2026-04-22T15:25:01,04/22/202603:25,141.66,0.54,76.49640000000001,54.8,1.02,55.896,55.4,0.6,12,198.7,23803,45030,18.8,19.9,77,29.85,13.419999999999998,165,270,3,0.7307010525985536
2026-04-22T15:25:27,04/22/202603:25,141.14000000000001,0.54,76.21560000000001,54.8,1.02,55.896,55.4,0.6,12,198.7,23803,45030,18.7,19.9,77,29.85,13.419999999999998,165,270,3,0.7333931636043014
2026-04-22T15:26:00,04/22/202603:26,140.62,0.54,75.93480000000001,54.8,1.02,55.896,55.4,0.6,12,198.7,23803,45030,18.7,19.9,77,29.85,13.419999999999998,165,270,3,0.736105185
2026-04-22T15:26:26,04/22/202603:26,140.87,0.54,76.0698,54.8,1.03,56.443999999999996,56,0.6,12,198.7,23803,45030,18.7,19.9,77,29.85,13.419999999999998,165,270,3,0.7420027395891667
2026-04-22T15:27:01,04/22/202603:27,141.12,0.54,76.2048,54.8,1.04,56.992,56.6,0.6,12,198.7,23803,45030,18.7,19.9,77,29.85,13.419999999999998,165,270,3,0.7478793986730494
2026-04-22T15:27:27,04/22/202603:27,141.81,0.54,76.57740000000001,54.8,1.02,55.896,55.5,0.6,12,198.7,23803,45030,18.8,19.9,77,29.85,13.419999999999998,165,270,3,0.7299281511255278
2026-04-22T15:28:00,04/22/202603:28,142.5,0.54,76.95,54.8,1,54.8,54.4,0.6,12,198.7,23803,45030,18.8,19.9,77,29.85,13.419999999999998,165,270,3,0.7121507472384665
2026-04-22T15:28:27,04/22/202603:28,143.17000000000002,0.53,75.88010000000001,54.81,1,54.81,54.4,0.6,12,198.7,23803,45030,18.8,19.9,77,29.85,13.419999999999998,165,270,3,0.7223237713181716
2026-04-22T15:29:00,04/22/202603:29,143.84,0.52,74.7968,54.81999999999999,1,54.81999999999999,54.4,0.6,12,198.7,23803,45030,18.8,19.9,77,29.85,13.419999999999998,165,270,3,0.732919055
2026-04-22T15:30:46,04/22/202603:30,144.18,0.51,73.5318,54.81999999999999,0.99,54.27179999999999,53.8,0.6,12,198.7,23803,45030,18.7,19.919999999999998,77,29.85,13.419999999999998,165,261,3,0.7380725074049593
2026-04-22T15:31:00,04/22/202603:31,144.52,0.5,72.26,54.81999999999999,0.9800000000000001,53.7236,53.2,0.6,12,198.7,23803,45030,18.7,19.939999999999998,77,29.85,13.419999999999998,165,252,3,0.7434763354553002
2026-04-22T15:31:27,04/22/202603:31,144.86,0.5,72.43,54.81999999999999,0.99,54.27179999999999,53.7,0.6,12,198.7,23803,45030,18.8,20,76.9,29.85,13.463999999999999,165.6,260,2.98,0.7493000138064336
2026-04-22T15:32:00,04/22/202603:32,145.2,0.5,72.6,54.81999999999999,1,54.81999999999999,54.2,0.6,12,198.7,23803,45030,18.8,20.06,76.8,29.85,13.508,166.2,268,2.96,0.7550964187327823
2026-04-22T15:32:26,04/22/202603:32,145.59,0.5,72.795,54.81999999999999,1,54.81999999999999,54.2,0.6,12,198.7,23803,45030,18.8,20.119999999999997,76.7,29.85,13.527000000000001,166.8,276,2.94,0.7530737001167661
2026-04-22T15:33:00,04/22/202603:33,145.98000000000002,0.5,72.99000000000001,54.81999999999999,1,54.81999999999999,54.2,0.6,12,198.7,23803,45030,18.8,20.18,76.6,29.85,13.546000000000001,167.4,284,2.92,0.7510617892862034
2026-04-22T15:33:27,04/22/202603:33,145.78000000000003,0.5,72.89000000000001,54.81999999999999,1.01,55.368199999999995,54.7,0.6,12,198.7,23803,45030,18.7,20.240000000000002,76.5,29.85,13.565000000000001,168,292,2.9,0.7596131156537246
2026-04-22T15:34:00,04/22/202603:34,145.58,0.5,72.79,54.81999999999999,1.02,55.916399999999996,55.2,0.6,12,198.7,23803,45030,18.7,20.3,76.4,29.85,13.584,168.6,300,2.88,0.7681879379035581
2026-04-22T15:34:27,04/22/202603:34,145.14000000000001,0.5,72.57000000000001,54.81,1,54.81,54.1,0.6,12,198.7,23803,45030,18.8,20.36,76.3,29.85,13.603,169.2,308,2.86,0.7552707730467134
2026-04-22T15:35:00,04/22/202603:35,144.7,0.5,72.35,54.8,0.9800000000000001,53.704,53,0.6,12,198.7,23803,45030,18.8,20.419999999999998,76.2,29.85,13.622,169.8,316,2.84,0.742280581
2026-04-22T15:35:27,04/22/202603:35,144.34,0.5,72.17,54.8,1.02,55.896,55.2,0.6,12,198.7,23803,45030,18.7,20.46,76.1,29.85,13.641,170.4,333,2.82,0.7745046418179299
2026-04-22T15:36:00,04/22/202603:36,143.98000000000002,0.5,71.99000000000001,54.8,1.06,58.088,57.4,0.6,12,198.7,23803,45030,18.7,20.5,76,29.85,13.66,171,350,2.8,0.8068898458119182
2026-04-22T15:36:28,04/22/202603:36,143.85,0.5,71.925,54.8,1.04,56.992,56.3,0.6,12,198.7,23803,45030,18.8,20.5,76,29.85,13.635,171,350,2.8,0.7923809523809524
2026-04-22T15:37:01,04/22/202603:37,143.72,0.5,71.86,54.8,1.02,55.896,55.2,0.6,12,198.7,23803,45030,18.8,20.5,76,29.85,13.61,171,350,2.8,0.7778458112997495
2026-04-22T15:37:27,04/22/202603:37,143.52,0.5,71.76,54.79,0.99,54.2421,53.5,0.6,12,198.7,23803,45030,18.8,20.5,76,29.853,13.61,171,350,2.8,0.7558821070234113
2026-04-22T15:38:00,04/22/202603:38,143.32,0.5,71.66,54.779999999999994,0.96,52.58879999999999,51.8,0.6,12,198.7,23803,45030,18.8,20.5,76,29.856,13.61,171,350,2.8,0.7338654758582193
2026-04-22T15:38:27,04/22/202603:38,143.09,0.5,71.545,54.779999999999994,0.96,52.58879999999999,51.8,0.6,12,198.7,23803,45030,18.7,20.5,76,29.859,13.61,171,350,2.8,0.7350450765252637
2026-04-22T15:39:01,04/22/202603:39,142.85999999999999,0.5,71.42999999999999,54.779999999999994,0.96,52.58879999999999,51.8,0.6,12,198.7,23803,45030,18.7,20.5,76,29.862000000000002,13.61,171,350,2.8,0.7362284754304913
2026-04-22T15:39:26,04/22/202603:39,142.02,0.5,71.01,54.779999999999994,0.95,52.04099999999999,51.3,0.6,12,198.7,23803,45030,18.8,20.5,76,29.865,13.61,171,350,2.8,0.7328686100549217
2026-04-22T15:40:01,04/22/202603:40,141.18,0.5,70.59,54.779999999999994,0.9400000000000001,51.493199999999995,50.8,0.6,12,198.7,23803,45030,18.8,20.5,76,29.868000000000002,13.61,171,350,2.8,0.7294687632809178
2026-04-22T15:40:27,04/22/202603:40,140.32999999999998,0.52,72.9716,54.79,0.95,52.0505,51.4,0.6,12,198.7,23803,45030,18.7,20.5,76,29.871,13.61,171,350,2.8,0.71329805
2026-04-22T15:41:59,04/22/202603:41,139.7,0.52,72.64399999999999,54.79,0.9400000000000001,51.5026,50.9,0.6,12,198.7,23803,45030,18.7,20.5,76,29.874000000000002,13.61,171,350,2.8,0.7089725235394527
2026-04-22T15:42:01,04/22/202603:42,139.1,0.52,72.332,54.79,0.9700000000000001,53.146300000000004,52.6,0.6,12,198.7,23803,45030,18.7,20.5,76,29.877,13.61,171,350,2.8,0.7347550185256873
2026-04-22T15:42:27,04/22/202603:42,138.48,0.53,73.3944,54.79,1,54.79,54.3,0.6,12,198.7,23803,45030,18.8,20.5,76,29.880000000000003,13.61,171,350,2.8,0.7465147204691366
2026-04-22T15:43:00,04/22/202603:43,137.88,0.54,74.4552,54.8,1.03,56.443999999999996,56,0.6,12,198.7,23803,45030,18.8,20.5,76,29.880000000000003,13.61,171,350,2.8,0.7580934575422534
2026-04-22T15:43:26,04/22/202603:43,137.35,0.54,74.169,54.81,1.03,56.4543,56,0.6,12,198.7,23803,45030,18.8,20.5,76,29.880000000000003,13.61,171,350,2.8,0.7611576265016382
2026-04-22T15:44:01,04/22/202603:44,136.91,0.54,73.9314,54.81,1.0100000000000002,55.358100000000015,54.9,0.6,12,198.7,23803,45030,18.8,20.5,76,29.880000000000003,13.61,171,350,2.8,0.7487765685486818
2026-04-22T15:44:27,04/22/202603:44,136.52,0.55,75.08600000000001,54.81,1.02,55.906200000000005,55.5,0.6,12,198.7,23803,45030,18.8,20.5,76,29.880000000000003,13.61,171,350,2.8,0.7445622353035186
2026-04-22T15:45:00,04/22/202603:45,136.88,0.5599999999999999,76.65279999999998,54.81,1.04,57.0024,56.6,0.6,12,198.7,23803,45030,18.8,20.5,76,29.880000000000003,13.61,171,350,2.8,0.7436440677966103
2026-04-22T15:45:27,04/22/202603:45,137.27,0.5599999999999999,76.8712,54.81,1.05,57.55050000000001,57.1,0.6,12,198.7,23803,45030,18.7,20.5,76,29.880000000000003,13.61,171,350,2.8,0.748661397
2026-04-22T15:46:00,04/22/202603:46,137.62,0.54,74.3148,54.8,1.02,55.896,55.4,0.6,12,198.7,23803,45030,18.7,20.5,76,29.880000000000003,13.61,171,350,2.8,0.7521516575433157
2026-04-22T15:46:27,04/22/202603:46,137.82,0.54,74.4228,54.8,1.0100000000000002,55.34800000000001,54.8,0.6,12,198.7,23803,45030,18.7,20.5,76,29.877,13.616,171.4,334,2.78,0.743696824
2026-04-22T15:47:00,04/22/202603:47,138.02,0.54,74.53080000000001,54.8,1,54.8,54.2,0.6,12,198.7,23803,45030,18.7,20.5,76,29.874000000000002,13.622,171.8,318,2.76,0.7352664938522059
2026-04-22T15:47:27,04/22/202603:47,138.3,0.53,73.299,54.8,0.99,54.251999999999995,53.6,0.6,12,198.7,23803,45030,18.7,20.5,76,29.871,13.628,172.2,302,2.7399999999999998,0.7401465231449268
2026-04-22T15:48:00,04/22/202603:48,138.57999999999998,0.52,72.0616,54.8,0.9800000000000001,53.704,53,0.6,12,198.7,23803,45030,18.7,20.5,76,29.868000000000002,13.634,172.6,286,2.7199999999999998,0.7452512850117122
2026-04-22T15:48:27,04/22/202603:48,138.64,0.52,72.0928,54.8,1.01,55.348,54.1,0.6,12,198.7,23803,45030,18.8,20.5,76,29.865,13.64,173,270,2.7,0.7677327000754584
2026-04-22T15:49:00,04/22/202603:49,138.7,0.52,72.124,54.8,1.04,56.992,55.2,0.6,12,198.7,23803,45030,18.8,20.5,76,29.862000000000002,13.646,173.4,254,2.68,0.790194665
2026-04-22T15:49:16,04/22/202603:49,138.7,0.52,72.124,54.8,1.03,56.443999999999996,54.6,0.7,12,198.7,23803,45030,18.8,20.5,76,29.859,13.652000000000001,173.8,238,2.66,0.7825966391215129
2026-04-22T15:50:00,04/22/202603:50,138.7,0.52,72.124,54.8,1.02,55.896,54,0.7,12,198.7,23803,45030,18.8,20.5,76,29.856,13.657999999999998,174.2,222,2.6399999999999997,0.774998613
2026-04-22T15:50:15,04/22/202603:50,138.73999999999998,0.52,72.14479999999999,54.8,1.01,55.348,53.5,0.7,12,198.7,23803,45030,18.7,20.5,76,29.853,13.663999999999998,174.6,206,2.62,0.7671793393286835
2026-04-22T15:51:00,04/22/202603:51,138.78,0.52,72.1656,54.8,1,54.8,53,0.7,12,198.7,23803,45030,18.7,20.5,76,29.85,13.669999999999998,175,190,2.6,0.7593645725941446
2026-04-22T15:51:15,04/22/202603:51,138.78,0.53,73.55340000000001,54.8,1.01,55.348,53.6,0.7,12,198.7,23803,45030,18.8,20.5,76,29.85,13.669999999999998,175,190,2.6,0.7524873085404616
2026-04-22T15:53:10,04/22/202603:53,138.8,0.54,74.95200000000001,54.8,1.03,56.443999999999996,54.7,0.7,12,198.7,23803,45030,18.8,20.5,76,29.85,13.669999999999998,175,190,2.6,0.7530686305902442
2026-04-22T15:53:15,04/22/202603:53,138.78,0.54,74.94120000000001,54.79,1.04,56.9816,55.3,0.7,12,198.7,23803,45030,18.8,20.5,76,29.85,13.669999999999998,175,190,2.6,0.7603507816795033
2026-04-22T15:53:55,04/22/202603:53,138.78,0.54,74.94120000000001,54.79,1.04,56.9816,55.3,0.7,12,198.7,23803,45030,18.8,20.5,76,29.85,13.669999999999998,175,190,2.6,0.7603507816795033
2026-04-22T15:54:01,04/22/202603:54,138.93,0.54,75.02220000000001,54.79,1.03,56.4337,55.3,0.7,12,198.7,23803,45030,18.8,20.5,76,29.85,13.669999999999998,175,190,2.6,0.7522266742377589
2026-04-22T15:54:55,04/22/202603:54,139.17000000000002,0.55,76.54350000000001,54.79,1.05,57.5295,57,0.7,12,198.7,23803,45030,18.7,20.5,76,29.85,13.669999999999998,175,190,2.6,0.7515922318681533
2026-04-22T15:55:01,04/22/202603:55,139.42000000000002,0.55,76.68100000000001,54.79,1.08,59.1732,58.7,0.7,12,198.7,23803,45030,18.7,20.5,76,29.85,13.669999999999998,175,190,2.6,0.7716800772029576
2026-04-22T15:55:55,04/22/202603:55,139.82999999999998,0.54,75.5082,54.79,1.07,58.6253,58.2,0.7,12,198.7,23803,45030,18.8,20.5,76,29.85,13.669999999999998,175,190,2.6,0.7764097144416103
2026-04-22T15:56:01,04/22/202603:56,140.17000000000002,0.54,75.69180000000001,54.79,1.07,58.6253,58.2,0.7,12,198.7,23803,45030,18.8,20.5,76,29.85,13.669999999999998,175,190,2.6,0.7745264348317782
2026-04-22T15:56:54,04/22/202603:56,140.52,0.55,77.28600000000002,54.79,1.09,59.72110000000001,59.3,0.7,13,198.7,23803,45030,18.8,20.5,76,29.85,13.669999999999998,175,190,2.6,0.7727285666226742
2026-04-22T15:57:01,04/22/202603:57,140.84,0.55,77.462,54.79,1.09,59.72110000000001,59.3,0.7,13,198.7,23803,45030,18.8,20.5,76,29.85,13.669999999999998,175,190,2.6,0.7709728641140172
2026-04-22T15:57:54,04/22/202603:57,141.26,0.55,77.693,54.79,1.09,59.72110000000001,59.9,0.7,13,198.7,23803,45030,18.8,20.5,76,29.85,13.669999999999998,175,190,2.6,0.7686805761136783
2026-04-22T15:58:01,04/22/202603:58,141.66,0.5599999999999999,79.32959999999999,54.8,1.1,60.28,61,0.7,13,198.7,23803,45030,18.8,20.5,76,29.85,13.669999999999998,175,190,2.6,0.7598676912526978
2026-04-22T15:58:55,04/22/202603:58,142.14000000000001,0.5599999999999999,79.5984,54.8,1.1099999999999999,60.82799999999999,61.6,0.7,13,198.7,23803,45030,18.7,20.5,76,29.85,13.669999999999998,175,190,2.6,0.7641862147982873
2026-04-22T15:59:01,04/22/202603:59,142.62,0.5599999999999999,79.8672,54.8,1.12,61.376000000000005,62.2,0.7,13,198.7,23803,45030,18.7,20.5,76,29.85,13.669999999999998,175,190,2.6,0.7684756696115552
2026-04-22T15:59:54,04/22/202603:59,143.04000000000002,0.55,78.67200000000001,54.8,1.09,59.732,60.5,0.7,13,198.7,23803,45030,18.8,20.5,76,29.85,13.669999999999998,175,190,2.6,0.7592536099247508
2026-04-22T16:00:01,04/22/202604:00,143.45999999999998,0.54,77.46839999999999,54.8,1.06,58.088,58.8,0.7,13,198.7,23803,45030,18.8,20.5,76,29.85,13.669999999999998,175,190,2.6,0.7498283170944541
2026-04-22T16:00:55,04/22/202604:00,143.55,0.55,78.95250000000001,54.8,1.09,59.732,60.4,0.7,13,198.7,23803,45030,18.8,20.5,76,29.85,13.669999999999998,175,190,2.6,0.7565561571831163
2026-04-22T16:01:01,04/22/202604:01,143.64000000000001,0.5599999999999999,80.4384,54.8,1.1199999999999999,61.37599999999999,62,0.7,13,198.7,23803,45030,18.8,20.5,76,29.85,13.669999999999998,175,190,2.6,0.7630186577554997
2026-04-22T16:01:55,04/22/202604:01,143.78,0.5599999999999999,80.51679999999999,54.8,1.1099999999999999,60.82799999999999,61.4,0.7,13,198.7,23803,45030,18.8,20.47,76,29.85,13.588999999999999,174.7,184,2.5900000000000003,0.7554696659579119
2026-04-22T16:02:01,04/22/202604:02,143.92000000000002,0.5599999999999999,80.5952,54.8,1.1,60.28,60.8,0.7,13,198.7,23803,45030,18.8,20.44,76,29.85,13.508,174.4,178,2.58,0.7479353609147938
2026-04-22T16:02:54,04/22/202604:02,143.89000000000001,0.55,79.13950000000001,54.8,1.0699999999999998,58.63599999999999,58.6,0.7,13,198.7,23803,45030,18.8,20.41,76,29.85,13.427000000000001,174.1,172,2.57,0.7409195155390162
2026-04-22T16:03:01,04/22/202604:03,143.85999999999999,0.54,77.6844,54.8,1.04,56.992,56.4,0.7,13,198.7,23803,45030,18.8,20.380000000000003,76,29.85,13.346,173.8,166,2.56,0.7336350670147417
2026-04-22T16:04:22,04/22/202604:04,143.77,0.54,77.63580000000002,54.8,1.03,56.443999999999996,55.8,0.7,13,198.7,23803,45030,18.7,20.35,76,29.85,13.265,173.5,160,2.55,0.7270357232101683
2026-04-22T16:04:55,04/22/202604:04,144.41,0.54,77.98140000000001,54.81,1.03,56.4543,55.8,0.7,13,198.7,23803,45030,18.8,20.32,76,29.85,13.184000000000001,173.2,154,2.54,0.7239457101308774
2026-04-22T16:05:00,04/22/202604:05,145.02,0.54,78.31080000000001,54.81999999999999,1.04,57.01279999999999,56.4,0.7,13,198.7,23803,45030,18.8,20.29,76,29.85,13.103,172.9,148,2.5300000000000002,0.7280324042149995
2026-04-22T16:05:54,04/22/202604:05,144.81,0.53,76.7493,54.81999999999999,1.04,57.01279999999999,55.9,0.7,13,198.7,23803,45030,18.7,20.259999999999998,76,29.85,13.022,172.6,142,2.52,0.7428445601458252
2026-04-22T16:06:00,04/22/202604:06,144.76999999999998,0.51,73.83269999999999,54.81999999999999,1.02,55.916399999999996,54.3,0.7,13,198.7,23803,45030,18.7,20.229999999999997,76,29.85,12.940999999999999,172.3,136,2.5100000000000002,0.7573392277405541
2026-04-22T16:06:55,04/22/202604:06,144.64,0.5,72.32,54.81999999999999,1,54.81999999999999,53.2,0.7,13,198.7,23803,45030,18.8,20.2,76,29.85,12.86,172,130,2.5,0.7580199115044247
2026-04-22T16:07:00,04/22/202604:07,144.45,0.49000000000000005,70.7805,54.81999999999999,1,54.81999999999999,53.2,0.7,13,198.7,23803,45030,18.8,20.2,76,29.85,12.86,172,130,2.5,0.774507103
2026-04-22T16:07:54,04/22/202604:07,144.14000000000001,0.5,72.07000000000001,54.81999999999999,1.01,55.368199999999995,53.8,0.7,13,198.7,23803,45030,18.8,20.2,76,29.85,12.86,172,130,2.5,0.7682558623560426
2026-04-22T16:08:00,04/22/202604:08,143.88,0.52,74.8176,54.81999999999999,1.03,56.4646,54.9,0.7,13,198.7,23803,45030,18.8,20.2,76,29.85,12.86,172,130,2.5,0.7546967558435448
2026-04-22T16:08:55,04/22/202604:08,143.54000000000002,0.53,76.07620000000001,54.81,1.05,57.55050000000001,56,0.7,13,198.7,23803,45030,18.8,20.2,76,29.85,12.86,172,130,2.5,0.756484945
2026-04-22T16:09:00,04/22/202604:09,143.16,0.54,77.3064,54.8,1.06,58.088,56.6,0.7,13,198.7,23803,45030,18.8,20.2,76,29.85,12.86,172,130,2.5,0.7513996253867726
2026-04-22T16:09:55,04/22/202604:09,142.07,0.55,78.13850000000001,54.79,1.07,58.6253,57.1,0.7,13,198.7,23803,45030,18.8,20.2,76,29.85,12.86,172,130,2.5,0.7502741926195153
2026-04-22T16:10:01,04/22/202604:10,140.98,0.5599999999999999,78.94879999999999,54.779999999999994,1.08,59.1624,57.6,0.7,13,198.7,23803,45030,18.8,20.2,76,29.85,12.86,172,130,2.5,0.7493768113004885
2026-04-22T16:10:55,04/22/202604:10,140.94,0.5700000000000001,80.3358,54.779999999999994,1.08,59.1624,58.1,0.7,13,198.7,23803,45030,18.8,20.2,76,29.85,12.86,172,130,2.5,0.7364387981447872
2026-04-22T16:11:00,04/22/202604:11,140.9,0.58,81.722,54.779999999999994,1.08,59.1624,58.6,0.7,13,198.7,23803,45030,18.8,20.2,76,29.85,12.86,172,130,2.5,0.7239470399647586
2026-04-22T16:11:55,04/22/202604:11,140.96,0.58,81.7568,54.779999999999994,1.09,59.7102,59.2,0.7,13,198.7,23803,45030,18.8,20.2,76,29.85,12.86,172,130,2.5,0.7303392500684959
2026-04-22T16:12:00,04/22/202604:12,141.02,0.58,81.7916,54.779999999999994,1.1,60.257999999999996,59.8,0.7,13,198.7,23803,45030,18.8,20.2,76,29.85,12.86,172,130,2.5,0.7367260207649684
2026-04-22T16:12:55,04/22/202604:12,141.16000000000003,0.5599999999999999,79.04960000000001,54.779999999999994,1.09,59.7102,59.2,0.7,13,198.7,23803,45030,18.8,20.2,76,29.85,12.86,172,130,2.5,0.7553510707201553
2026-04-22T16:13:00,04/22/202604:13,141.3,0.54,76.302,54.779999999999994,1.08,59.1624,58.6,0.7,13,198.7,23803,45030,18.8,20.2,76,29.85,12.86,172,130,2.5,0.7753715498938428
2026-04-22T16:13:55,04/22/202604:13,141.49,0.54,76.40460000000002,54.79,1.0699999999999998,58.62529999999999,58,0.7,13,198.7,23803,45030,18.8,20.2,76,29.85,12.86,172,130,2.5,0.76730066
2026-04-22T16:13:58,04/22/202604:13,141.67000000000002,0.54,76.50180000000002,54.8,1.0699999999999998,58.63599999999999,58,0.7,13,198.7,23803,45030,18.8,20.2,76,29.85,12.86,172,130,2.5,0.7664656256454093
2026-04-22T16:14:00,04/22/202604:14,141.82999999999998,0.54,76.5882,54.8,1.06,58.088,57.5,0.7,13,198.7,23803,45030,18.8,20.2,76,29.85,12.86,172,130,2.5,0.7584458180241865
2026-04-22T16:15:34,04/22/202604:15,142.03,0.54,76.6962,54.8,1.05,57.54,57,0.7,13,198.7,23803,45030,18.8,20.2,76,29.85,12.86,172,130,2.5,0.750232736
2026-04-22T16:15:58,04/22/202604:15,142.03,0.54,76.6962,54.8,1.06,58.088,57.6,0.7,13,198.7,23803,45030,18.8,20.19,76,29.85,12.834999999999999,172.1,131,2.4699999999999998,0.7573778101131476
2026-04-22T16:16:00,04/22/202604:16,142.03,0.54,76.6962,54.8,1.07,58.636,58.2,0.7,13,198.7,23803,45030,18.8,20.18,76,29.85,12.809999999999999,172.2,132,2.44,0.7645228837934605
2026-04-22T16:16:58,04/22/202604:16,142.06,0.54,76.7124,54.8,1.07,58.636,58.2,0.7,13,198.7,23803,45030,18.8,20.169999999999998,76,29.85,12.785,172.3,133,2.41,0.764361433
2026-04-22T16:17:01,04/22/202604:17,142.09,0.54,76.7286,54.8,1.07,58.636,58.2,0.7,13,198.7,23803,45030,18.8,20.16,76,29.85,12.76,172.4,134,2.38,0.7642000505678457
2026-04-22T16:17:59,04/22/202604:17,142.07999999999998,0.53,75.30239999999999,54.8,1.06,58.088,57.7,0.7,13,198.7,23803,45030,18.7,20.15,76,29.85,12.735,172.5,135,2.35,0.7713963963963965
2026-04-22T16:18:01,04/22/202604:18,142.07,0.52,73.8764,54.8,1.05,57.54,57.2,0.7,13,198.7,23803,45030,18.7,20.14,76,29.85,12.709999999999999,172.6,136,2.3200000000000003,0.778868488
2026-04-22T16:18:31,04/22/202604:18,142.02,0.52,73.85040000000001,54.8,1.07,58.636,58.3,0.7,13,198.7,23803,45030,18.8,20.130000000000003,76,29.85,12.684999999999999,172.7,137,2.29,0.7939835126146912
2026-04-22T16:19:01,04/22/202604:19,141.98,0.52,73.8296,54.8,1.08,59.184,58.8,0.7,13,198.7,23803,45030,18.8,20.12,76,29.85,12.66,172.8,138,2.2600000000000002,0.801629699
2026-04-22T16:19:30,04/22/202604:19,141.9,0.52,73.78800000000001,54.8,1.09,59.732,59.3,0.7,13,198.7,23803,45030,18.8,20.110000000000003,76,29.85,12.635,172.9,139,2.23,0.809508321
2026-04-22T16:20:01,04/22/202604:20,141.78,0.52,73.7256,54.8,1.1,60.28,59.8,0.7,13,198.7,23803,45030,18.8,20.1,76,29.85,12.61,173,140,2.2,0.817626442
2026-04-22T16:20:30,04/22/202604:20,141.5,0.55,77.825,54.8,1.1400000000000001,62.472,62,0.7,13,198.7,23803,45030,18.8,20.1,76,29.85,12.61,173,140,2.2,0.8027240603919049
2026-04-22T16:21:00,04/22/202604:21,141.22,0.58,81.90759999999999,54.8,1.1800000000000002,64.664,64.2,0.7,13,198.7,23803,45030,18.8,20.1,76,29.85,12.61,173,140,2.2,0.7894749693557132
2026-04-22T16:21:31,04/22/202604:21,140.95,0.5900000000000001,83.1605,54.8,1.1800000000000002,64.664,64.2,0.7,13,198.7,23803,45030,18.8,20.1,76,29.85,12.61,173,140,2.2,0.7775807023767294
2026-04-22T16:22:01,04/22/202604:22,140.68,0.6,84.408,54.8,1.1800000000000002,64.664,64.2,0.7,13,198.7,23803,45030,18.8,20.1,76,29.85,12.61,173,140,2.2,0.766088522
2026-04-22T16:22:30,04/22/202604:22,140.49,0.61,85.69890000000001,54.8,1.19,65.21199999999999,64.7,0.7,13,198.7,23803,45030,18.8,20.1,76,29.85,12.61,173,140,2.2,0.7609432559811151
2026-04-22T16:23:01,04/22/202604:23,140.3,0.62,86.986,54.8,1.2,65.75999999999999,65.2,0.7,13,198.7,23803,45030,18.8,20.1,76,29.85,12.61,173,140,2.2,0.7559837215184051
2026-04-22T16:23:30,04/22/202604:23,140.14000000000001,0.61,85.48540000000001,54.8,1.1800000000000002,64.664,64.1,0.7,13,198.7,23803,45030,18.8,20.1,76,29.85,12.61,173,140,2.2,0.7564332622880632
2026-04-22T16:24:01,04/22/202604:24,139.98,0.6,83.98799999999999,54.8,1.16,63.56799999999999,63,0.7,13,198.7,23803,45030,18.8,20.1,76,29.85,12.61,173,140,2.2,0.7568700290517694
2026-04-22T16:24:30,04/22/202604:24,139.97,0.6,83.982,54.8,1.17,64.116,63.6,0.7,13,198.7,23803,45030,18.8,20.1,76,29.85,12.61,173,140,2.2,0.763449311
2026-04-22T16:25:01,04/22/202604:25,139.95999999999998,0.6,83.97599999999998,54.8,1.1800000000000002,64.664,64.2,0.7,13,198.7,23803,45030,18.8,20.1,76,29.85,12.61,173,140,2.2,0.7700295322473089
2026-04-22T16:26:45,04/22/202604:26,139.84,0.5900000000000001,82.50560000000002,54.8,1.1400000000000001,62.472,62,0.7,13,198.7,23803,45030,18.8,20.1,76,29.85,12.61,173,140,2.2,0.7571849668386145
2026-04-22T16:27:00,04/22/202604:27,139.72,0.58,81.0376,54.8,1.1,60.28,59.8,0.7,13,198.7,23803,45030,18.8,20.1,76,29.85,12.61,173,140,2.2,0.7438522364926898
2026-04-22T16:27:30,04/22/202604:27,139.53,0.58,80.92739999999999,54.8,1.1,60.28,59.8,0.7,13,198.7,23803,45030,18.8,20.1,76,29.85,12.61,173,140,2.2,0.7448651507400461
2026-04-22T16:28:00,04/22/202604:28,139.34,0.58,80.8172,54.8,1.1,60.28,59.8,0.7,13,198.7,23803,45030,18.8,20.1,76,29.85,12.61,173,140,2.2,0.7458808273486337
2026-04-22T16:28:31,04/22/202604:28,139.24,0.59,82.1516,54.8,1.1,60.28,60.4,0.7,13,198.7,23803,45030,18.8,20.1,76,29.85,12.61,173,140,2.2,0.7337653801021526
2026-04-22T16:29:00,04/22/202604:29,139.14000000000001,0.6,83.48400000000001,54.8,1.1,60.28,61,0.7,13,198.7,23803,45030,18.8,20.1,76,29.85,12.61,173,140,2.2,0.7220545254180442
2026-04-22T16:29:21,04/22/202604:29,139,0.61,84.78999999999999,54.8,1.1300000000000001,61.92400000000001,62.7,0.7,13,198.7,23803,45030,18.8,20.1,76,29.85,12.61,173,140,2.2,0.7303219719306523
2026-04-22T16:30:00,04/22/202604:30,138.85999999999999,0.6199999999999999,86.09319999999998,54.8,1.1600000000000001,63.568000000000005,64.4,0.7,13,198.7,23803,45030,18.8,20.1,76,29.85,12.61,173,140,2.2,0.7383626116812945
2026-04-22T16:30:21,04/22/202604:30,138.70999999999998,0.61,84.61309999999999,54.8,1.15,63.01999999999999,63.8,0.7,13,198.7,23803,45030,18.8,20.1,76,29.85,12.61,173,140,2.2,0.7448019278338697
2026-04-22T16:31:00,04/22/202604:31,138.56,0.6,83.136,54.8,1.1400000000000001,62.472,63.2,0.7,13,198.7,23803,45030,18.8,20.1,76,29.85,12.61,173,140,2.2,0.7514434180138568
2026-04-22T16:31:21,04/22/202604:31,138.85999999999999,0.58,80.53879999999998,54.8,1.15,63.01999999999999,63.7,0.7,13,198.7,23803,45030,18.8,20.110000000000003,76,29.85,12.566999999999998,173.1,136,2.16,0.7824799972187318
2026-04-22T16:32:01,04/22/202604:32,139.16,0.5599999999999999,77.9296,54.8,1.16,63.56799999999999,64.2,0.7,13,198.7,23803,45030,18.8,20.12,76,29.85,12.524,173.2,132,2.12,0.8157105900710384
2026-04-22T16:32:21,04/22/202604:32,139.63,0.5599999999999999,78.19279999999999,54.8,1.15,63.01999999999999,63.6,0.7,13,198.7,23803,45030,18.8,20.130000000000003,76,29.85,12.524,173.2,128,2.08,0.8059565586601324
2026-04-22T16:33:00,04/22/202604:33,140.1,0.5599999999999999,78.45599999999999,54.8,1.1400000000000001,62.472,63,0.7,13,198.7,23803,45030,18.8,20.14,76,29.85,12.524,173.2,124,2.04,0.7962679718568371
2026-04-22T16:33:21,04/22/202604:33,140.59,0.55,77.32450000000001,54.8,1.1300000000000001,61.92400000000001,61.9,0.7,13,198.7,23803,45030,18.8,20.15,76,29.85,12.524,173.2,120,2,0.8008328537526915
2026-04-22T16:34:00,04/22/202604:34,141.07999999999998,0.54,76.1832,54.8,1.1199999999999999,61.37599999999999,60.8,0.7,13,198.7,23803,45030,18.8,20.16,76,29.85,12.524,173.2,116,1.9600000000000002,0.8056369383276102
2026-04-22T16:34:21,04/22/202604:34,141.60999999999999,0.53,75.0533,54.8,1.09,59.732,59.1,0.7,13,198.7,23803,45030,18.8,20.169999999999998,76,29.85,12.524,173.2,112,1.92,0.7958610747295589
2026-04-22T16:35:00,04/22/202604:35,142.14000000000001,0.52,73.9128,54.8,1.06,58.088,57.4,0.7,13,198.7,23803,45030,18.8,20.18,76,29.85,12.524,173.2,108,1.8800000000000001,0.7858990594321957
2026-04-22T16:35:21,04/22/202604:35,142.41000000000003,0.53,75.47730000000001,54.8,1.0699999999999998,58.63599999999999,58,0.7,13,198.7,23803,45030,18.8,20.19,76,29.85,12.524,173.2,104,1.8400000000000003,0.7768693368734703
2026-04-22T16:35:32,04/22/202604:35,142.69,0.53,75.62570000000001,54.8,1.05,57.54,56.9,0.7,13,198.7,23803,45030,18.8,20.2,76,29.85,12.524,173.2,100,1.8,0.7608524615309344
2026-04-22T16:36:00,04/22/202604:36,142.76000000000002,0.53,75.66280000000002,54.8,1.03,56.443999999999996,55.8,0.7,13,198.7,23803,45030,18.8,20.2,76,29.85,12.566999999999998,173.1,100,1.8,0.7459940684193551
2026-04-22T16:36:32,04/22/202604:36,142.74,0.53,75.65220000000001,54.8,1.02,55.896,55.3,0.7,13,198.7,23803,45030,18.8,20.2,76,29.85,12.61,173,100,1.8,0.7388549176362352
2026-04-22T16:37:57,04/22/202604:37,142.45999999999998,0.53,75.5038,54.8,1.04,56.992,56.4,0.7,13,198.7,23803,45030,18.8,20.2,76,29.85,12.61,173,100,1.8,0.7548229360641451
2026-04-22T16:38:01,04/22/202604:38,142.18,0.53,75.3554,54.8,1.06,58.088,57.5,0.7,13,198.7,23803,45030,18.8,20.2,76,29.85,12.61,173,100,1.8,0.7708538472358981
2026-04-22T16:38:36,04/22/202604:38,141.84,0.54,76.59360000000001,54.8,1.08,59.184,58.6,0.7,13,198.7,23803,45030,18.8,20.2,76,29.85,12.61,173,100,1.8,0.772701636
2026-04-22T16:39:00,04/22/202604:39,141.5,0.55,77.825,54.8,1.1,60.28,59.7,0.7,13,198.7,23803,45030,18.8,20.2,76,29.85,12.61,173,100,1.8,0.7745583038869258
2026-04-22T16:39:37,04/22/202604:39,141.13,0.5599999999999999,79.0328,54.81,1.1,60.291000000000004,59.7,0.7,13,198.7,23803,45030,18.8,20.2,76,29.85,12.61,173,100,1.8,0.7628604832424007
2026-04-22T16:40:00,04/22/202604:40,140.76,0.5700000000000001,80.2332,54.81999999999999,1.1,60.302,59.7,0.7,13,198.7,23803,45030,18.8,20.2,76,29.85,12.61,173,100,1.8,0.7515841322544782
2026-04-22T16:40:36,04/22/202604:40,140.45,0.5599999999999999,78.65199999999999,54.81999999999999,1.06,58.109199999999994,57.5,0.7,13,198.7,23803,45030,18.8,20.2,76,29.85,12.61,173,100,1.8,0.7388140161725067
2026-04-22T16:41:01,04/22/202604:41,140.13,0.5599999999999999,78.47279999999999,54.81999999999999,1.05,57.56099999999999,57,0.7,13,198.7,23803,45030,18.8,20.2,76,29.85,12.61,173,100,1.8,0.7335153072147291
2026-04-22T16:41:36,04/22/202604:41,139.65,0.5700000000000001,79.60050000000001,54.81,1.0699999999999998,58.646699999999996,58.1,0.7,13,198.7,23803,45030,18.8,20.2,76,29.85,12.61,173,100,1.8,0.73676296
2026-04-22T16:42:00,04/22/202604:42,139.26,0.58,80.7708,54.8,1.08,59.184,58.6,0.7,13,198.7,23803,45030,18.8,20.2,76,29.85,12.61,173,100,1.8,0.7327400496218931
2026-04-22T16:42:36,04/22/202604:42,138.99,0.58,80.6142,54.8,1.08,59.184,58.6,0.7,13,198.7,23803,45030,18.8,20.2,76,29.85,12.61,173,100,1.8,0.7341634600355769
2026-04-22T16:43:01,04/22/202604:43,138.72,0.58,80.4576,54.8,1.08,59.184,58.6,0.7,13,198.7,23803,45030,18.8,20.2,76,29.85,12.61,173,100,1.8,0.7355924114067534
2026-04-22T16:43:37,04/22/202604:43,138.51000000000002,0.58,80.3358,54.8,1.08,59.184,58.6,0.7,13,198.7,23803,45030,18.8,20.2,76,29.85,12.61,173,100,1.8,0.7367076695570343
2026-04-22T16:44:00,04/22/202604:44,138.3,0.58,80.214,54.8,1.08,59.184,58.6,0.7,13,198.7,23803,45030,18.8,20.2,76,29.85,12.61,173,100,1.8,0.7378263146084224
2026-04-22T16:44:37,04/22/202604:44,137.96,0.58,80.0168,54.79,1.1,60.269000000000005,59.7,0.7,13,198.7,23803,45030,18.8,20.2,76,29.85,12.61,173,100,1.8,0.7532043270913109
2026-04-22T16:45:01,04/22/202604:45,137.62,0.58,79.8196,54.779999999999994,1.1199999999999999,61.353599999999986,60.8,0.7,13,198.7,23803,45030,18.8,20.2,76,29.85,12.61,173,100,1.8,0.7686533132213139
2026-04-22T16:45:36,04/22/202604:45,137.17000000000002,0.59,80.9303,54.779999999999994,1.1199999999999999,61.353599999999986,60.8,0.7,13,198.7,23803,45030,18.8,20.2,76,29.85,12.61,173,100,1.8,0.7581041958327102
2026-04-22T16:46:00,04/22/202604:46,136.72,0.6,82.032,54.779999999999994,1.1199999999999999,61.353599999999986,60.8,0.7,13,198.7,23803,45030,18.8,20.2,76,29.85,12.61,173,100,1.8,0.7479227618490344
2026-04-22T16:46:04,04/22/202604:46,136.29000000000002,0.6,81.77400000000002,54.79,1.1,60.269000000000005,59.7,0.7,13,198.7,23803,45030,18.8,20.2,76.2,29.85,12.747,173.1,106,1.7600000000000002,0.737019101
2026-04-22T16:47:00,04/22/202604:47,135.86,0.6,81.516,54.8,1.08,59.184,58.6,0.7,13,198.7,23803,45030,18.8,20.2,76.4,29.85,12.884,173.2,112,1.72,0.7260415133225379
2026-04-22T16:47:05,04/22/202604:47,135.43,0.6,81.258,54.8,1.0699999999999998,58.63599999999999,58.1,0.7,13,198.7,23803,45030,18.8,20.2,76.6,29.85,13.021,173.3,118,1.6800000000000002,0.7216027960323905
2026-04-22T16:49:09,04/22/202604:49,135.24,0.59,79.7916,54.8,1.04,56.992,56.5,0.7,13,198.7,23803,45030,18.8,20.2,76.8,29.85,13.157999999999998,173.4,124,1.64,0.7142606489906205
2026-04-22T16:50:01,04/22/202604:50,134.94,0.58,78.2652,54.8,1.02,55.896,55.4,0.7,13,198.7,23803,45030,18.8,20.2,77,29.85,13.294999999999998,173.5,130,1.6,0.7141871483111268
2026-04-22T16:50:05,04/22/202604:50,134.61,0.5700000000000001,76.72770000000001,54.8,1.01,55.348,54.8,0.7,13,198.7,23803,45030,18.8,20.2,77.2,29.85,13.431999999999999,173.6,136,1.56,0.721356173
2026-04-22T16:51:01,04/22/202604:51,134.48,0.5599999999999999,75.30879999999999,54.8,0.99,54.251999999999995,53.7,0.7,13,198.7,23803,45030,18.8,20.2,77.4,29.85,13.568999999999999,173.7,142,1.52,0.720393898
2026-04-22T16:51:05,04/22/202604:51,134.37,0.55,73.90350000000001,54.8,0.96,52.608,52.1,0.7,13,198.7,23803,45030,18.8,20.2,77.6,29.85,13.706,173.8,148,1.48,0.7118472061539709
2026-04-22T16:52:01,04/22/202604:52,134.47,0.54,72.6138,54.8,0.96,52.608,52.1,0.7,13,198.7,23803,45030,18.8,20.2,77.8,29.85,13.843,173.9,154,1.44,0.7244903861249514
2026-04-22T16:52:05,04/22/202604:52,134.6,0.53,71.338,54.8,0.97,53.156,52.6,0.7,13,198.7,23803,45030,18.8,20.2,78,29.85,13.98,174,160,1.4,0.7451288233480053
2026-04-22T16:53:01,04/22/202604:53,134.87,0.52,70.1324,54.8,0.97,53.156,52.6,0.7,13,198.7,23803,45030,18.8,20.2,78,29.85,13.98,174,160,1.4,0.7579378432792832
2026-04-22T16:53:05,04/22/202604:53,134.94,0.52,70.1688,54.8,0.97,53.156,52.6,0.7,13,198.7,23803,45030,18.8,20.2,78,29.85,13.98,174,160,1.4,0.7575446637251884
2026-04-22T16:54:01,04/22/202604:54,135,0.52,70.2,54.8,0.96,52.608,52,0.7,13,198.7,23803,45030,18.8,20.2,78,29.85,13.98,174,160,1.4,0.7494017094017094
2026-04-22T16:54:06,04/22/202604:54,134.87,0.53,71.48110000000001,54.8,0.96,52.608,52,0.7,14,198.7,23803,45030,18.8,20.2,78,29.85,13.98,174,160,1.4,0.735970767
2026-04-22T16:55:01,04/22/202604:55,134.74,0.54,72.7596,54.8,0.96,52.608,52,0.7,14,198.7,23803,45030,18.8,20.2,78,29.85,13.98,174,160,1.4,0.7230386093381491
2026-04-22T16:55:05,04/22/202604:55,134.63,0.55,74.04650000000001,54.8,0.97,53.156,52.6,0.7,14,198.7,23803,45030,18.8,20.2,78,29.85,13.98,174,160,1.4,0.717873228
2026-04-22T16:56:01,04/22/202604:56,134.52,0.5599999999999999,75.3312,54.8,0.9800000000000001,53.704,53.2,0.7,14,198.7,23803,45030,18.8,20.2,78,29.85,13.98,174,160,1.4,0.7129051442164734
2026-04-22T16:56:05,04/22/202604:56,134.35999999999999,0.5700000000000001,76.5852,54.8,1,54.8,54.3,0.7,14,198.7,23803,45030,18.8,20.2,78,29.85,13.98,174,160,1.4,0.7155429508573458
2026-04-22T16:57:00,04/22/202604:57,134.2,0.58,77.83599999999998,54.8,1.02,55.896,55.4,0.7,14,198.7,23803,45030,18.8,20.2,78,29.85,13.98,174,160,1.4,0.7181252890693254
2026-04-22T16:57:06,04/22/202604:57,134.15,0.59,79.1485,54.8,1.03,56.443999999999996,56,0.7,14,198.7,23803,45030,18.8,20.2,78,29.85,13.98,174,160,1.4,0.7131404890806522
2026-04-22T16:57:42,04/22/202604:57,134.14,0.59,79.14259999999999,54.8,1.04,56.992,56.6,0.7,14,198.7,23803,45030,18.8,20.2,78,29.85,13.98,174,160,1.4,0.7201178631988335
2026-04-22T16:58:00,04/22/202604:58,134.32999999999998,0.58,77.91139999999999,54.8,1.05,57.54,57.2,0.7,14,198.7,23803,45030,18.8,20.2,78,29.85,13.98,174,160,1.4,0.7385312033925717
2026-04-22T16:58:42,04/22/202604:58,134.44,0.5700000000000001,76.63080000000001,54.8,1.06,58.088,57.8,0.7,14,198.7,23803,45030,18.8,20.2,78,29.85,13.98,174,160,1.4,0.7580241887074126
2026-04-22T17:00:20,04/22/202605:00,134.75,0.55,74.11250000000001,54.8,1.05,57.54,57.2,0.7,14,198.7,23803,45030,18.8,20.2,78,29.85,13.98,174,160,1.4,0.7763872491145217
2026-04-22T17:00:42,04/22/202605:00,135.10999999999999,0.55,74.3105,54.8,1.08,59.184,58.8,0.7,14,198.7,23803,45030,18.8,20.2,78,29.85,13.98,174,160,1.4,0.7964419563857058
2026-04-22T17:01:00,04/22/202605:01,135.48,0.55,74.514,54.8,1.09,59.732,59.3,0.7,14,198.7,23803,45030,18.8,20.2,78,29.85,13.98,174,160,1.4,0.8016211718603216
2026-04-22T17:01:42,04/22/202605:01,136.01,0.54,73.4454,54.81,1.06,58.098600000000005,57.6,0.7,14,198.7,23803,45030,18.8,20.169999999999998,78.1,29.85,13.993,173.6,156.8,1.3699999999999999,0.7910447761194029
2026-04-22T17:02:01,04/22/202605:02,136.57,0.53,72.3821,54.81999999999999,1.03,56.4646,55.9,0.7,14,198.7,23803,45030,18.8,20.139999999999997,78.2,29.85,14.006,173.2,153.6,1.3399999999999999,0.7800906577731235
2026-04-22T17:02:42,04/22/202605:02,137.03,0.53,72.6259,54.81999999999999,1.03,56.4646,55.9,0.7,14,198.7,23803,45030,18.8,20.11,78.3,29.85,14.019,172.8,150.4,1.31,0.7774719487125116
2026-04-22T17:03:00,04/22/202605:03,137.35,0.53,72.7955,54.81999999999999,1.03,56.4646,55.9,0.7,14,198.7,23803,45030,18.8,20.08,78.4,29.85,14.032,172.4,147.2,1.28,0.7756605834151835
2026-04-22T17:03:42,04/22/202605:03,137.57999999999998,0.54,74.2932,54.81999999999999,1.03,56.4646,55.9,0.7,14,198.7,23803,45030,18.8,20.05,78.5,29.85,14.044999999999998,172,144,1.25,0.760023798
2026-04-22T17:04:01,04/22/202605:04,137.81,0.55,75.7955,54.81999999999999,1.03,56.4646,55.9,0.7,14,198.7,23803,45030,18.8,20.02,78.6,29.85,14.057999999999998,171.6,140.8,1.22,0.7449597931275602
2026-04-22T17:04:41,04/22/202605:04,138,0.5700000000000001,78.66000000000001,54.81999999999999,1.05,57.56099999999999,57,0.7,14,198.7,23803,45030,18.8,19.99,78.7,29.85,14.071000000000002,171.2,137.6,1.19,0.7317696414950418
2026-04-22T17:05:01,04/22/202605:05,137.94,0.6,82.764,54.81999999999999,1.1,60.302,59.8,0.7,14,198.7,23803,45030,18.8,19.96,78.8,29.85,14.084,170.8,134.4,1.1600000000000001,0.728601808
2026-04-22T17:05:42,04/22/202605:05,137.55,0.6,82.53,54.81999999999999,1.11,60.8502,60.4,0.7,14,198.7,23803,45030,18.8,19.93,78.9,29.85,14.097,170.4,131.2,1.1300000000000001,0.7373100690657942
2026-04-22T17:06:00,04/22/202605:06,137.16000000000003,0.6,82.296,54.81999999999999,1.12,61.398399999999995,61,0.7,14,198.7,23803,45030,18.8,19.9,79,29.85,14.11,170,128,1.1,0.7460678526295323
2026-04-22T17:06:10,04/22/202605:06,136.3,0.6199999999999999,84.50599999999999,54.81,1.1800000000000002,64.67580000000001,64.3,0.7,14,198.7,23803,45030,18.8,19.9,79,29.85,14.11,170,128,1.1,0.7653397391901169
2026-04-22T17:07:01,04/22/202605:07,135.44,0.6399999999999999,86.68159999999999,54.8,1.24,67.952,67.6,0.7,14,198.7,23803,45030,18.8,19.9,79,29.85,14.11,170,128,1.1,0.7839264619019493
2026-04-22T17:07:10,04/22/202605:07,135.04000000000002,0.6399999999999999,86.4256,54.8,1.25,68.5,68.1,0.7,14,198.7,23803,45030,18.8,19.9,79,29.85,14.11,170,128,1.1,0.7925892328199052
2026-04-22T17:08:00,04/22/202605:08,134.64000000000001,0.6399999999999999,86.1696,54.8,1.26,69.048,68.6,0.7,14,198.7,23803,45030,18.8,19.9,79,29.85,14.11,170,128,1.1,0.8013034759358288
2026-04-22T17:08:10,04/22/202605:08,134.5,0.63,84.735,54.8,1.26,69.048,68.6,0.7,14,198.7,23803,45030,18.8,19.9,79,29.85,14.11,170,128,1.1,0.8148698884758364
2026-04-22T17:09:53,04/22/202605:09,134.45999999999998,0.63,84.70979999999999,54.8,1.26,69.048,68.6,0.7,14,198.7,23803,45030,18.8,19.9,79,29.85,14.11,170,128,1.1,0.8151123010560763
2026-04-22T17:10:01,04/22/202605:10,134.54000000000002,0.6199999999999999,83.4148,54.8,1.24,67.952,67.5,0.7,14,198.7,23803,45030,18.8,19.9,79,29.85,14.11,170,128,1.1,0.8146276200386502
2026-04-22T17:11:31,04/22/202605:11,134.65,0.61,82.1365,54.8,1.23,67.404,66.9,0.7,14,198.7,23803,45030,18.8,19.9,79,29.85,14.11,170,128,1.1,0.8206339447139822
2026-04-22T17:11:52,04/22/202605:11,135.10999999999999,0.61,82.41709999999999,54.8,1.21,66.30799999999999,65.8,0.7,14,198.7,23803,45030,18.8,19.9,79,29.85,14.11,170,128,1.1,0.8045417759178617
2026-04-22T17:12:01,04/22/202605:12,135.57,0.61,82.6977,54.8,1.19,65.21199999999999,64.7,0.7,14,198.7,23803,45030,18.8,19.9,79,29.85,14.11,170,128,1.1,0.7885588111882191
2026-04-22T17:12:52,04/22/202605:12,136.42000000000002,0.59,80.48780000000001,54.8,1.16,63.56799999999999,63.1,0.7,14,198.7,23803,45030,18.8,19.9,79,29.85,14.11,170,128,1.1,0.7897842902899568
2026-04-22T17:13:01,04/22/202605:13,137.27,0.5700000000000001,78.24390000000001,54.8,1.1300000000000001,61.92400000000001,61.5,0.7,14,198.7,23803,45030,18.8,19.9,79,29.85,14.11,170,128,1.1,0.7914227179371172
2026-04-22T17:13:52,04/22/202605:13,137.74,0.5599999999999999,77.1344,54.8,1.12,61.376000000000005,61,0.7,14,198.7,23803,45030,18.8,19.9,79,29.85,14.11,170,128,1.1,0.7957020473355598
2026-04-22T17:14:01,04/22/202605:14,138.20999999999998,0.55,76.01549999999999,54.8,1.11,60.828,60.5,0.7,14,198.7,23803,45030,18.8,19.9,79,29.85,14.11,170,128,1.1,0.8002052213035501
2026-04-22T17:14:52,04/22/202605:14,138.53,0.55,76.1915,54.8,1.11,60.828,60.5,0.7,14,198.7,23803,45030,18.8,19.9,79,29.85,14.11,170,128,1.1,0.7983567720808752
2026-04-22T17:15:01,04/22/202605:15,138.75,0.54,74.92500000000001,54.8,1.11,60.828,60.5,0.7,14,198.7,23803,45030,18.8,19.9,79,29.85,14.11,170,128,1.1,0.8118518518518517
2026-04-22T17:15:52,04/22/202605:15,139.02,0.53,73.68060000000001,54.81,1.11,60.83910000000001,60.5,0.7,14,198.7,23803,45030,18.8,19.9,79,29.85,14.11,170,128,1.1,0.8257139599840392
2026-04-22T17:16:01,04/22/202605:16,139.26,0.52,72.4152,54.81999999999999,1.1,60.302,60,0.7,14,198.7,23803,45030,18.8,19.9,79,29.85,14.11,170,128,1.1,0.832725726
2026-04-22T17:16:53,04/22/202605:16,139.42000000000002,0.52,72.4984,54.81999999999999,1.1,60.302,60,0.7,14,198.7,23803,45030,18.8,19.869999999999997,79.1,29.85,14.023,169.8,127.4,1.08,0.8317700804431546
2026-04-22T17:17:01,04/22/202605:17,139.57999999999998,0.52,72.5816,54.81999999999999,1.1,60.302,60,0.7,14,198.7,23803,45030,18.8,19.839999999999996,79.2,29.85,13.935999999999998,169.6,126.8,1.06,0.8308166257012797
2026-04-22T17:17:43,04/22/202605:17,139.57,0.52,72.57639999999999,54.83,1.08,59.2164,59.4,0.7,14,198.7,23803,45030,18.8,19.81,79.3,29.85,13.849,169.4,126.2,1.04,0.8159181221443886
2026-04-22T17:18:01,04/22/202605:18,139.56,0.52,72.5712,54.839999999999996,1.06,58.1304,58.8,0.7,14,198.7,23803,45030,18.8,19.78,79.4,29.85,13.762,169.2,125.6,1.02,0.8010119716912494
2026-04-22T17:18:43,04/22/202605:18,139.44,0.53,73.9032,54.839999999999996,1.05,57.582,58.2,0.7,14,198.7,23803,45030,18.8,19.75,79.5,29.85,13.675,169,125,1,0.779154353
2026-04-22T17:19:01,04/22/202605:19,139.32,0.54,75.2328,54.839999999999996,1.04,57.0336,57.6,0.7,14,198.7,23803,45030,18.8,19.72,79.6,29.85,13.588,168.8,124.4,0.9800000000000001,0.7580948735126168
2026-04-22T17:19:42,04/22/202605:19,139.35999999999999,0.54,75.2544,54.839999999999996,1.02,55.9368,56.5,0.7,14,198.7,23803,45030,18.8,19.69,79.7,29.85,13.501,168.6,123.8,0.96,0.7433027171833141
2026-04-22T17:20:01,04/22/202605:20,139.4,0.54,75.27600000000001,54.839999999999996,1,54.839999999999996,55.4,0.7,14,198.7,23803,45030,18.8,19.660000000000004,79.8,29.85,13.413999999999998,168.4,123.2,0.9400000000000001,0.7285190498963812
2026-04-22T17:20:43,04/22/202605:20,139.51,0.54,75.3354,54.83,0.9800000000000001,53.7334,54.3,0.7,14,198.7,23803,45030,18.8,19.630000000000003,79.9,29.85,13.327000000000002,168.2,122.6,0.9200000000000002,0.7132556540484287
2026-04-22T17:21:01,04/22/202605:21,139.62,0.54,75.3948,54.81999999999999,0.96,52.627199999999995,53.2,0.7,14,198.7,23803,45030,18.8,19.6,80,29.85,13.24,168,122,0.9,0.6980216142227315
2026-04-22T17:22:43,04/22/202605:22,139.35,0.52,72.462,54.81999999999999,0.93,50.9826,51.5,0.7,14,198.7,23803,45030,18.8,19.6,80,29.85,13.24,168,122,0.9,0.7035770472799535
2026-04-22T17:23:01,04/22/202605:23,139.07999999999998,0.5,69.53999999999999,54.81999999999999,0.9,49.337999999999994,49.8,0.7,14,198.7,23803,45030,18.8,19.6,80,29.85,13.24,168,122,0.9,0.7094909404659189
2026-04-22T17:23:43,04/22/202605:23,138.54000000000002,0.51,70.65540000000001,54.81999999999999,0.9099999999999999,49.88619999999999,49.8,0.7,14,198.7,23803,45030,18.8,19.6,80,29.85,13.24,168,122,0.9,0.7060493606999604
2026-04-22T17:24:01,04/22/202605:24,138,0.52,71.76,54.81999999999999,0.9199999999999999,50.43439999999999,49.8,0.7,14,198.7,23803,45030,18.8,19.6,80,29.85,13.24,168,122,0.9,0.7028205128205126
2026-04-22T17:24:42,04/22/202605:24,137.78,0.52,71.6456,54.81999999999999,0.93,50.9826,50.4,0.7,14,198.7,23803,45030,18.8,19.6,80,29.85,13.24,168,122,0.9,0.7115942919034804
2026-04-22T17:25:01,04/22/202605:25,137.56,0.52,71.5312,54.81999999999999,0.9400000000000001,51.5308,51,0.7,14,198.7,23803,45030,18.8,19.6,80,29.85,13.24,168,122,0.9,0.7203961348334713
2026-04-22T17:25:43,04/22/202605:25,137.3,0.53,72.769,54.81999999999999,0.9700000000000001,53.175399999999996,52.6,0.7,14,198.7,23803,45030,18.8,19.6,80,29.85,13.24,168,122,0.9,0.7307424864983715
2026-04-22T17:26:01,04/22/202605:26,137.04000000000002,0.54,74.00160000000001,54.81999999999999,1,54.81999999999999,54.2,0.7,14,198.7,23803,45030,18.8,19.6,80,29.85,13.24,168,122,0.9,0.7407947936260836
2026-04-22T17:26:42,04/22/202605:26,136.79000000000002,0.55,75.23450000000001,54.81999999999999,1.03,56.4646,55.8,0.7,14,198.7,23803,45030,18.7,19.6,80,29.85,13.24,168,122,0.9,0.7505147239630753
2026-04-22T17:27:01,04/22/202605:27,136.54000000000002,0.5599999999999999,76.4624,54.81999999999999,1.06,58.109199999999994,57.4,0.7,14,198.7,23803,45030,18.7,19.6,80,29.85,13.24,168,122,0.9,0.7599709138086169
2026-04-22T17:27:43,04/22/202605:27,136.79000000000002,0.5700000000000001,77.97030000000002,54.81999999999999,1.08,59.2056,58.5,0.7,14,198.7,23803,45030,18.8,19.6,80,29.85,13.24,168,122,0.9,0.7593352853586556
2026-04-22T17:28:01,04/22/202605:28,137.04000000000002,0.58,79.48320000000001,54.81999999999999,1.1,60.302,59.6,0.7,14,198.7,23803,45030,18.8,19.6,80,29.85,13.24,168,122,0.9,0.758676047
2026-04-22T17:28:42,04/22/202605:28,137.57,0.5700000000000001,78.4149,54.81,1.1,60.291000000000004,59.6,0.7,14,198.7,23803,45030,18.8,19.6,80,29.85,13.24,168,122,0.9,0.7688717322855733
2026-04-22T17:29:01,04/22/202605:29,138.1,0.5599999999999999,77.33599999999998,54.8,1.1,60.28,59.6,0.7,14,198.7,23803,45030,18.8,19.6,80,29.85,13.24,168,122,0.9,0.7794558808316956
2026-04-22T17:29:42,04/22/202605:29,138.23,0.55,76.0265,54.8,1.1,60.28,59.6,0.7,14,198.7,23803,45030,18.8,19.580000000000002,80,29.85,13.24,168,132.2,0.9,0.7928814295015554
2026-04-22T17:30:00,04/22/202605:30,138.35999999999999,0.54,74.7144,54.8,1.1,60.28,59.6,0.7,14,198.7,23803,45030,18.8,19.560000000000002,80,29.85,13.24,168,142.4,0.9,0.8068056492456609
2026-04-22T17:30:43,04/22/202605:30,138.41,0.52,71.9732,54.8,1.06,58.088,57.4,0.7,14,198.7,23803,45030,18.8,19.470000000000002,80,29.847,13.159,167.8,134.5,0.89,0.8070781902152467
2026-04-22T17:31:01,04/22/202605:31,138.45999999999998,0.5,69.22999999999999,54.8,1.02,55.896,55.2,0.7,14,198.7,23803,45030,18.8,19.380000000000003,80,29.844,13.078,167.6,126.6,0.8800000000000001,0.8073956377293082
2026-04-22T17:31:42,04/22/202605:31,138.23,0.5,69.115,54.8,0.99,54.251999999999995,53.6,0.7,14,198.7,23803,45030,18.8,19.29,80,29.841,13.102,168.2,118.7,0.8700000000000001,0.7849526152065398
2026-04-22T17:32:01,04/22/202605:32,138,0.5,69,54.8,0.96,52.608,52,0.7,14,198.7,23803,45030,18.8,19.2,80,29.838,13.126,168.8,110.8,0.86,0.7624347826086956
2026-04-22T17:33:55,04/22/202605:33,137.9,0.5,68.95,54.8,0.96,52.608,52,0.7,14,198.7,23803,45030,18.7,19.11,80,29.835,13.15,169.4,102.9,0.85,0.7629876722262509
2026-04-22T17:34:01,04/22/202605:34,137.8,0.5,68.9,54.8,0.96,52.608,52,0.7,14,198.7,23803,45030,18.7,19.02,80,29.832,13.174000000000001,170,95,0.8400000000000001,0.7635413642960812
2026-04-22T17:34:43,04/22/202605:34,137.83,0.51,70.2933,54.8,0.9800000000000001,53.704,53.1,0.8,14,198.7,23803,45030,18.8,18.93,80.2,29.829,13.197999999999999,170.6,87.1,0.8300000000000001,0.7639988448401199
2026-04-22T17:35:01,04/22/202605:35,137.86,0.52,71.6872,54.8,1,54.8,54.2,0.8,14,198.7,23803,45030,18.8,18.839999999999996,80.4,29.826,13.222,171.2,79.2,0.8200000000000001,0.7644321440926691
2026-04-22T17:35:42,04/22/202605:35,138.26000000000002,0.52,71.89520000000002,54.8,0.99,54.251999999999995,53.6,0.8,14,198.7,23803,45030,18.8,18.77,80.6,29.823,13.246,171.8,61.1,0.8099999999999999,0.7545983598348706
2026-04-22T17:36:00,04/22/202605:36,138.66000000000003,0.52,72.10320000000002,54.8,0.9800000000000001,53.704,53,0.8,14,198.7,23803,45030,18.8,18.7,80.8,29.82,13.27,172.4,43,0.8,0.7448213116754873
2026-04-22T17:36:43,04/22/202605:36,139,0.53,73.67,54.8,0.99,54.251999999999995,53.6,0.8,14,198.7,23803,45030,18.8,18.7,81,29.82,13.375,173.2,43,0.8,0.7364191665535496
2026-04-22T17:37:01,04/22/202605:37,139.34,0.54,75.2436,54.8,1,54.8,54.2,0.8,14,198.7,23803,45030,18.8,18.7,81.2,29.82,13.48,174,43,0.8,0.7283011445491709
2026-04-22T17:37:43,04/22/202605:37,139.82,0.54,75.50280000000001,54.81,1.03,56.4543,55.8,0.8,14,198.7,23803,45030,18.8,18.7,81.4,29.82,13.48,174,43,0.8,0.7477113431554856
2026-04-22T17:38:01,04/22/202605:38,140.3,0.54,75.76200000000001,54.81999999999999,1.06,58.109199999999994,57.4,0.8,14,198.7,23803,45030,18.8,18.7,81.6,29.82,13.48,174,43,0.8,0.7669966473957919
2026-04-22T17:38:43,04/22/202605:38,140.45,0.55,77.2475,54.83,1.0699999999999998,58.66809999999999,58,0.8,14,198.7,23803,45030,18.8,18.7,81.8,29.82,13.48,174,43,0.8,0.7594821838894461
2026-04-22T17:39:01,04/22/202605:39,140.6,0.5599999999999999,78.73599999999999,54.839999999999996,1.08,59.2272,58.6,0.8,14,198.7,23803,45030,18.8,18.7,82,29.82,13.48,174,43,0.8,0.7522251574883155
2026-04-22T17:39:43,04/22/202605:39,140.65,0.5599999999999999,78.764,54.839999999999996,1.0699999999999998,58.67879999999999,58.1,0.8,14,198.7,23803,45030,18.8,18.7,82,29.82,13.48,174,43,0.8,0.7449951754608704
2026-04-22T17:40:01,04/22/202605:40,140.7,0.5599999999999999,78.79199999999999,54.839999999999996,1.06,58.1304,57.6,0.8,14,198.7,23803,45030,18.8,18.7,82,29.82,13.48,174,43,0.8,0.7377703320134025
2026-04-22T17:40:43,04/22/202605:40,140.79000000000002,0.55,77.43450000000001,54.839999999999996,1.03,56.4852,56,0.8,14,198.7,23803,45030,18.8,18.7,82,29.82,13.48,174,43,0.8,0.7294577998179105
2026-04-22T17:41:01,04/22/202605:41,140.88000000000002,0.54,76.07520000000002,54.839999999999996,1,54.839999999999996,54.4,0.8,14,198.7,23803,45030,18.8,18.7,82,29.82,13.48,174,43,0.8,0.7208656697583441
2026-04-22T17:41:43,04/22/202605:41,140.97,0.54,76.1238,54.839999999999996,1,54.839999999999996,54.4,0.8,14,198.7,23803,45030,18.8,18.7,82,29.82,13.48,174,43,0.8,0.7204054448148935
2026-04-22T17:42:01,04/22/202605:42,141.06,0.54,76.17240000000001,54.839999999999996,1,54.839999999999996,54.4,0.8,14,198.7,23803,45030,18.8,18.7,82,29.82,13.48,174,43,0.8,0.7199458071427445
2026-04-22T17:42:42,04/22/202605:42,141.14000000000001,0.53,74.80420000000001,54.81999999999999,0.9800000000000001,53.7236,53.3,0.8,14,198.7,23803,45030,18.8,18.7,82,29.82,13.48,174,43,0.8,0.7181896203689097
2026-04-22T17:43:01,04/22/202605:43,141.22,0.52,73.4344,54.8,0.96,52.608,52.2,0.8,14,198.7,23803,45030,18.8,18.7,82,29.82,13.48,174,43,0.8,0.716394496
2026-04-22T17:43:43,04/22/202605:43,141.38,0.51,72.10379999999999,54.79,0.95,52.0505,51.6,0.8,14,198.7,23803,45030,18.7,18.7,82,29.82,13.48,174,43,0.8,0.7218828966018436
2026-04-22T17:45:06,04/22/202605:45,141.5,0.5,70.75,54.779999999999994,0.95,52.04099999999999,51.6,0.8,14,198.7,23803,45030,18.8,18.7,82,29.82,13.48,174,43,0.8,0.7355618374558303
2026-04-22T17:45:42,04/22/202605:45,141.55,0.5,70.775,54.779999999999994,0.95,52.04099999999999,51.6,0.8,14,198.7,23803,45030,18.8,18.69,82.1,29.82,13.306000000000001,173.7,44.4,0.79,0.7353020134228185
2026-04-22T17:46:00,04/22/202605:46,141.6,0.5,70.8,54.779999999999994,0.95,52.04099999999999,51.6,0.8,14,198.7,23803,45030,18.8,18.68,82.2,29.82,13.132,173.4,45.8,0.78,0.7350423728813558
2026-04-22T17:46:43,04/22/202605:46,141.43,0.52,73.54360000000001,54.779999999999994,0.9800000000000001,53.6844,53.2,0.8,14,198.7,23803,45030,18.7,18.669999999999998,82.3,29.82,12.958000000000002,173.1,47.2,0.77,0.7299669855704641
2026-04-22T17:47:00,04/22/202605:47,141.26,0.54,76.2804,54.779999999999994,1.01,55.327799999999996,54.8,0.8,14,198.7,23803,45030,18.7,18.66,82.4,29.82,12.784,172.8,48.6,0.76,0.7253213145185394
2026-04-22T17:47:43,04/22/202605:47,141.16,0.55,77.638,54.779999999999994,1.03,56.423399999999994,55.9,0.8,14,198.7,23803,45030,18.8,18.65,82.5,29.82,12.610000000000001,172.5,50,0.75,0.7267497874752054
2026-04-22T17:48:01,04/22/202605:48,141.06,0.5599999999999999,78.99359999999999,54.779999999999994,1.05,57.519,57,0.8,14,198.7,23803,45030,18.8,18.64,82.6,29.82,12.436,172.2,51.4,0.74,0.7281475967673332
2026-04-22T17:49:27,04/22/202605:49,140.75,0.5599999999999999,78.82,54.79,1.05,57.5295,57,0.8,14,198.7,23803,45030,18.8,18.630000000000003,82.7,29.82,12.262,171.9,52.8,0.73,0.7298845470692719
2026-04-22T17:50:00,04/22/202605:50,140.44,0.5599999999999999,78.64639999999999,54.8,1.05,57.54,57,0.8,14,198.7,23803,45030,18.8,18.62,82.8,29.82,12.088,171.6,54.2,0.72,0.7316291654799204
2026-04-22T17:50:27,04/22/202605:50,140.04000000000002,0.5700000000000001,79.82280000000002,54.81,1.06,58.098600000000005,57.6,0.8,14,198.7,23803,45030,18.7,18.610000000000003,82.9,29.82,11.914,171.3,55.6,0.71,0.7278446759572452
2026-04-22T17:51:01,04/22/202605:51,139.68,0.58,81.0144,54.81999999999999,1.06,58.109199999999994,57.6,0.8,14,198.7,23803,45030,18.7,18.6,83,29.82,11.74,171,57,0.7,0.7172700161946518
2026-04-22T17:51:27,04/22/202605:51,139.42000000000002,0.58,80.8636,54.81999999999999,1.06,58.109199999999994,57.6,0.8,15,198.7,23803,45030,18.8,18.6,83,29.82,11.74,171,57,0.7,0.7186076306273773
2026-04-22T17:52:00,04/22/202605:52,139.16,0.58,80.71279999999999,54.81999999999999,1.06,58.109199999999994,57.6,0.8,15,198.7,23803,45030,18.8,18.6,83,29.82,11.74,171,57,0.7,0.7199502433319127
2026-04-22T17:52:27,04/22/202605:52,139.13,0.5700000000000001,79.3041,54.83,1.06,58.1198,57.6,0.8,15,198.7,23803,45030,18.8,18.6,83,29.82,11.74,171,57,0.7,0.7328725753145171
2026-04-22T17:53:01,04/22/202605:53,139.1,0.5599999999999999,77.89599999999999,54.839999999999996,1.06,58.1304,57.6,0.8,15,198.7,23803,45030,18.8,18.6,83,29.82,11.74,171,57,0.7,0.7462565471911268
2026-04-22T17:53:27,04/22/202605:53,139.10999999999999,0.5599999999999999,77.90159999999999,54.839999999999996,1.06,58.1304,57,0.8,15,198.7,23803,45030,18.8,18.6,83,29.82,11.74,171,57,0.7,0.7462029021226779
2026-04-22T17:54:01,04/22/202605:54,139.12,0.5599999999999999,77.90719999999999,54.839999999999996,1.06,58.1304,56.4,0.8,15,198.7,23803,45030,18.8,18.6,83,29.82,11.74,171,57,0.7,0.7461492647662862
2026-04-22T17:54:27,04/22/202605:54,139.34,0.5700000000000001,79.42380000000001,54.839999999999996,1.07,58.6788,57,0.8,15,198.7,23803,45030,18.8,18.6,83,29.82,11.74,171,57,0.7,0.7388062520302477
2026-04-22T17:56:19,04/22/202605:56,139.52,0.5700000000000001,79.52640000000001,54.839999999999996,1.06,58.1304,56.5,0.8,15,198.7,23803,45030,18.8,18.6,83,29.82,11.74,171,57,0.7,0.7309572670207628
2026-04-22T17:56:27,04/22/202605:56,139.82999999999998,0.5599999999999999,78.30479999999999,54.83,1.05,57.5715,55.9,0.8,15,198.7,23803,45030,18.8,18.6,83,29.82,11.74,171,57,0.7,0.7352231280841023
2026-04-22T17:57:00,04/22/202605:57,140.14000000000001,0.55,77.07700000000001,54.81999999999999,1.04,57.01279999999999,55.3,0.8,15,198.7,23803,45030,18.8,18.6,83,29.82,11.74,171,57,0.7,0.7396862877382355
2026-04-22T17:57:28,04/22/202605:57,140.42000000000002,0.54,75.82680000000002,54.81999999999999,1.03,56.4646,54.7,0.8,15,198.7,23803,45030,18.7,18.6,83,29.82,11.74,171,57,0.7,0.7446522865266632
2026-04-22T17:58:01,04/22/202605:58,140.7,0.53,74.571,54.81999999999999,1.02,55.916399999999996,54.1,0.8,15,198.7,23803,45030,18.7,18.6,83,29.82,11.74,171,57,0.7,0.749841091
2026-04-22T17:58:27,04/22/202605:58,140.82999999999998,0.52,73.2316,54.81,1.01,55.3581,53.6,0.8,15,198.7,23803,45030,18.8,18.6,83,29.82,11.74,171,57,0.7,0.7559318654788371
2026-04-22T17:59:01,04/22/202605:59,140.95999999999998,0.51,71.88959999999999,54.8,1,54.8,53.1,0.8,15,198.7,23803,45030,18.8,18.6,83,29.82,11.74,171,57,0.7,0.7622799403529857
2026-04-22T17:59:27,04/22/202605:59,140.9,0.5,70.45,54.8,1,54.8,53.7,0.8,15,198.7,23803,45030,18.7,18.6,83,29.82,11.74,171,57,0.7,0.7778566359119943
2026-04-22T18:00:01,04/22/202606:00,140.83999999999997,0.49000000000000005,69.0116,54.8,1,54.8,54.3,0.8,15,198.7,23803,45030,18.7,18.6,83,29.82,11.74,171,57,0.7,0.7940694028250322
2026-04-22T18:00:27,04/22/202606:00,140.79,0.48,67.5792,54.8,0.9800000000000001,53.704,53.2,0.8,15,198.7,23803,45030,18.7,18.6,83,29.82,11.74,171,57,0.7,0.7946823874801714
2026-04-22T18:01:01,04/22/202606:01,140.78,0.48,67.5744,54.8,0.9800000000000001,53.704,53.2,0.8,15,198.7,23803,45030,18.7,18.6,83,29.82,11.74,171,57,0.7,0.7947388360089028
2026-04-22T18:01:27,04/22/202606:01,140.68,0.49000000000000005,68.93320000000001,54.8,1,54.8,54.3,0.8,15,198.7,23803,45030,18.7,18.62,83.1,29.82,11.728,170.8,60.4,0.69,0.7949725241248047
2026-04-22T18:02:39,04/22/202606:02,140.45,0.5,70.225,54.79,1.01,55.3379,54.9,0.8,15,198.7,23803,45030,18.7,18.64,83.2,29.82,11.716,170.6,63.8,0.6799999999999999,0.7880085439658242
2026-04-22T18:03:01,04/22/202606:03,140.26999999999998,0.51,71.53769999999999,54.779999999999994,1.02,55.87559999999999,55.5,0.8,15,198.7,23803,45030,18.7,18.660000000000004,83.3,29.82,11.703999999999999,170.4,67.2,0.6699999999999999,0.7810650887573964
2026-04-22T18:03:38,04/22/202606:03,140.07999999999998,0.51,71.4408,54.779999999999994,1.03,56.423399999999994,56.1,0.8,15,198.7,23803,45030,18.7,18.68,83.4,29.82,11.692,170.2,70.6,0.6599999999999999,0.7897923875432525
2026-04-22T18:04:00,04/22/202606:04,139.82999999999998,0.52,72.71159999999999,54.779999999999994,1.05,57.519,57.2,0.8,15,198.7,23803,45030,18.7,18.7,83.5,29.82,11.68,170,74,0.65,0.791056723
2026-04-22T18:04:39,04/22/202606:04,139.43,0.54,75.29220000000001,54.779999999999994,1.08,59.1624,58.8,0.8,15,198.7,23803,45030,18.8,18.720000000000002,83.6,29.82,11.668,169.8,77.4,0.6399999999999999,0.7857706375959261
2026-04-22T18:05:01,04/22/202606:05,139.07,0.55,76.4885,54.779999999999994,1.09,59.7102,59.3,0.8,15,198.7,23803,45030,18.8,18.740000000000002,83.7,29.82,11.656,169.6,80.8,0.63,0.7806428417343784
2026-04-22T18:05:38,04/22/202606:05,138.75,0.55,76.3125,54.779999999999994,1.07,58.614599999999996,58.2,0.8,15,198.7,23803,45030,18.7,18.76,83.8,29.82,11.644,169.4,84.2,0.6199999999999999,0.7680864864864865
2026-04-22T18:06:01,04/22/202606:06,138.44,0.55,76.14200000000001,54.779999999999994,1.07,58.614599999999996,58.2,0.8,15,198.7,23803,45030,18.7,18.78,83.9,29.82,11.632,169.2,87.6,0.61,0.7698064143311181
2026-04-22T18:07:29,04/22/202606:07,138,0.5599999999999999,77.27999999999999,54.79,1.07,58.6253,58.2,0.8,15,198.7,23803,45030,18.8,18.8,84,29.82,11.62,169,91,0.6,0.7586089544513459
2026-04-22T18:08:00,04/22/202606:08,137.61999999999998,0.5599999999999999,77.06719999999999,54.8,1.04,56.992,56.6,0.8,15,198.7,23803,45030,18.8,18.8,84,29.82,11.62,169,91,0.6,0.7395104532148568
2026-04-22T18:08:27,04/22/202606:08,137.41,0.55,75.5755,54.81,1.02,55.906200000000005,55.5,0.8,15,198.7,23803,45030,18.8,18.8,84,29.82,11.62,169,91,0.6,0.7397397304682073
2026-04-22T18:09:00,04/22/202606:09,137.2,0.54,74.088,54.81999999999999,1,54.81999999999999,54.4,0.8,15,198.7,23803,45030,18.8,18.8,84,29.82,11.62,169,91,0.6,0.7399308929921175
2026-04-22T18:09:27,04/22/202606:09,137.13,0.54,74.0502,54.81999999999999,0.9800000000000001,53.7236,53.3,0.8,15,198.7,23803,45030,18.8,18.8,84,29.82,11.62,169,91,0.6,0.7255024294330061
2026-04-22T18:10:00,04/22/202606:10,137.06,0.54,74.0124,54.81999999999999,0.96,52.627199999999995,52.2,0.8,15,198.7,23803,45030,18.8,18.8,84,29.82,11.62,169,91,0.6,0.7110592279131605
2026-04-22T18:10:27,04/22/202606:10,137.26,0.53,72.7478,54.81999999999999,0.95,52.07899999999999,51.7,0.8,15,198.7,23803,45030,18.7,18.8,84,29.82,11.62,169,91,0.6,0.7158841916868963
2026-04-22T18:11:01,04/22/202606:11,137.45999999999998,0.52,71.47919999999999,54.81999999999999,0.9400000000000001,51.5308,51.2,0.8,15,198.7,23803,45030,18.7,18.8,84,29.82,11.62,169,91,0.6,0.7209202117539089
2026-04-22T18:11:27,04/22/202606:11,137.79000000000002,0.53,73.02870000000001,54.81999999999999,0.96,52.627199999999995,52.3,0.8,15,198.7,23803,45030,18.7,18.8,84,29.82,11.62,169,91,0.6,0.7206372289250662
2026-04-22T18:12:00,04/22/202606:12,138.12,0.54,74.5848,54.81999999999999,0.9800000000000001,53.7236,53.4,0.8,15,198.7,23803,45030,18.7,18.8,84,29.82,11.62,169,91,0.6,0.7203022599779043
2026-04-22T18:12:27,04/22/202606:12,138.5,0.53,73.405,54.81,0.99,54.261900000000004,53.9,0.8,15,198.7,23803,45030,18.8,18.8,84,29.82,11.62,169,91,0.6,0.7392125876983857
2026-04-22T18:13:00,04/22/202606:13,138.88,0.52,72.2176,54.8,1,54.8,54.4,0.8,15,198.7,23803,45030,18.8,18.8,84,29.82,11.62,169,91,0.6,0.7588177951081176
2026-04-22T18:13:27,04/22/202606:13,139.17000000000002,0.52,72.36840000000001,54.79,1.02,55.8858,55.5,0.8,15,198.7,23803,45030,18.7,18.8,84,29.82,11.62,169,91,0.6,0.7722403701062894
2026-04-22T18:14:01,04/22/202606:14,139.45999999999998,0.52,72.5192,54.779999999999994,1.04,56.971199999999996,56.6,0.8,15,198.7,23803,45030,18.7,18.8,84,29.82,11.62,169,91,0.6,0.7856016061953248
2026-04-22T18:14:27,04/22/202606:14,139.56,0.52,72.5712,54.77,1.04,56.960800000000006,56.6,0.8,15,198.7,23803,45030,18.7,18.8,84,29.82,11.62,169,91,0.6,0.7848953854972772
2026-04-22T18:15:00,04/22/202606:15,139.66,0.52,72.6232,54.760000000000005,1.04,56.95040000000001,56.6,0.8,15,198.7,23803,45030,18.7,18.8,84,29.82,11.62,169,91,0.6,0.7841901761420594
2026-04-22T18:15:27,04/22/202606:15,139.4,0.53,73.882,54.760000000000005,1.03,56.402800000000006,56,0.8,15,198.7,23803,45030,18.8,18.8,84,29.82,11.62,169,91,0.6,0.7634173411656425
2026-04-22T18:16:00,04/22/202606:16,139.14000000000001,0.54,75.13560000000001,54.760000000000005,1.02,55.8552,55.4,0.8,15,198.7,23803,45030,18.8,18.8,84,29.82,11.62,169,91,0.6,0.7433919473591746
2026-04-22T18:16:27,04/22/202606:16,138.56,0.54,74.8224,54.760000000000005,1.01,55.30760000000001,54.8,0.8,15,198.7,23803,45030,18.8,18.8,84,29.818,11.613999999999999,169.2,87.2,0.6,0.7391850568813618
2026-04-22T18:17:00,04/22/202606:17,137.98,0.54,74.50919999999999,54.760000000000005,1,54.760000000000005,54.2,0.8,15,198.7,23803,45030,18.8,18.8,84,29.816000000000003,11.608,169.4,83.4,0.6,0.7349427990100553
2026-04-22T18:18:41,04/22/202606:18,136.38,0.54,73.6452,54.760000000000005,0.99,54.2124,53.7,0.8,15,198.7,23803,45030,18.8,18.8,84,29.814,11.602,169.6,79.6,0.6,0.7361294422447084
2026-04-22T18:19:00,04/22/202606:19,134.78,0.54,72.7812,54.760000000000005,0.9800000000000001,53.66480000000001,53.2,0.8,15,198.7,23803,45030,18.8,18.8,84,29.812,11.596,169.8,75.8,0.6,0.7373442592317797
2026-04-22T18:19:26,04/22/202606:19,133.20999999999998,0.53,70.6013,54.739999999999995,0.95,52.00299999999999,51.5,0.8,15,198.7,23803,45030,18.7,18.8,84,29.810000000000002,11.59,170,72,0.6,0.7365728393103242
2026-04-22T18:20:01,04/22/202606:20,131.64000000000001,0.52,68.45280000000001,54.720000000000006,0.9199999999999999,50.342400000000005,49.8,0.8,15,198.7,23803,45030,18.7,18.8,84,29.808,11.584,170.2,68.2,0.6,0.7354322978753243
2026-04-22T18:20:03,04/22/202606:20,130.13,0.52,67.6676,54.7,0.9099999999999999,49.777,49.2,0.8,15,198.7,23803,45030,18.7,18.8,84,29.806,11.578,170.4,64.4,0.6,0.7356105433028511
2026-04-22T18:21:00,04/22/202606:21,128.62,0.52,66.8824,54.67999999999999,0.9,49.211999999999996,48.6,0.8,15,198.7,23803,45030,18.7,18.8,84,29.804000000000002,11.572,170.6,60.6,0.6,0.7357989545829694
2026-04-22T18:21:02,04/22/202606:21,127.32000000000001,0.5,63.660000000000004,54.65,0.8800000000000001,48.092000000000006,47.5,0.8,15,198.7,23803,45030,18.7,18.8,84,29.802,11.565999999999999,170.8,56.8,0.6,0.7554508325479108
2026-04-22T18:22:44,04/22/202606:22,126.05999999999999,0.49000000000000005,61.7694,54.6,0.85,46.41,45.9,0.8,15,198.7,23803,45030,18.7,18.8,84,29.8,11.56,171,53,0.6,0.7513428979397565
2026-04-22T18:23:00,04/22/202606:23,124.95,0.48,59.976,54.55,0.82,44.730999999999995,44.3,0.8,15,198.7,23803,45030,18.7,18.8,84,29.8,11.56,171,53,0.6,0.7458149926637321
2026-04-22T18:23:44,04/22/202606:23,123.84,0.47000000000000003,58.204800000000006,54.5,0.8,43.6,42.6,0.8,15,198.7,23803,45030,18.8,18.8,84,29.8,11.56,171,53,0.6,0.7490791137500686
2026-04-22T18:24:01,04/22/202606:24,123.83,0.47000000000000003,58.200100000000006,54.45,0.79,43.0155,41.4,0.8,15,198.7,23803,45030,18.8,18.8,84,29.8,11.56,171,53,0.6,0.7390966682187831
2026-04-22T18:24:43,04/22/202606:24,123.82000000000001,0.47000000000000003,58.19540000000001,54.39,0.77,41.8803,40.2,0.8,15,198.7,23803,45030,18.7,18.8,84,29.8,11.56,171,53,0.6,0.7196496630317859
2026-04-22T18:25:01,04/22/202606:25,123.83,0.48,59.438399999999994,54.36,0.76,41.3136,39.6,0.8,15,198.7,23803,45030,18.7,18.8,84,29.8,11.56,171,53,0.6,0.6950658160381169
2026-04-22T18:25:44,04/22/202606:25,121.00999999999999,0.49000000000000005,59.2949,54.32000000000001,0.76,41.28320000000001,39.6,0.8,15,198.7,23803,45030,18.7,18.8,84,29.8,11.56,171,53,0.6,0.6962352580070126
2026-04-22T18:26:01,04/22/202606:26,118.19000000000001,0.49000000000000005,57.913100000000014,54.279999999999994,0.76,41.25279999999999,39.6,0.8,15,198.7,23803,45030,18.7,18.8,84,29.8,11.56,171,53,0.6,0.712322428
2026-04-22T18:27:01,04/22/202606:27,115.37,0.49000000000000005,56.53130000000001,54.239999999999995,0.76,41.22239999999999,39.6,0.8,15,198.7,23803,45030,18.8,18.8,84,29.8,11.56,171,53,0.6,0.7291960383009056
2026-04-22T18:28:01,04/22/202606:28,112.58,0.5,56.29,54.2,0.76,41.192,39.6,0.8,15,198.7,23803,45030,18.7,18.8,84,29.8,11.56,171,53,0.59,0.7317818440220288
2026-04-22T18:28:23,04/22/202606:28,110.21,0.51,56.2071,54.17999999999999,0.76,41.17679999999999,39.5,0.8,15,198.7,23803,45030,18.7,18.8,84,29.8,11.56,171,53,0.58,0.7325907225243785
2026-04-22T18:29:52,04/22/202606:29,107.83,0.52,56.071600000000004,54.160000000000004,0.75,40.620000000000005,38.9,0.8,15,198.7,23803,45030,18.7,18.8,84,29.8,11.56,171,53.3,0.5700000000000001,0.7244309061985034
2026-04-22T18:30:00,04/22/202606:30,105.45,0.53,55.88850000000001,54.14,0.73,39.5222,38.4,0.8,15,198.7,23803,45030,18.7,18.8,84,29.8,11.56,171,53.6,0.5599999999999999,0.7071615806471813
2026-04-22T18:30:16,04/22/202606:30,103.08,0.54,55.6632,54.120000000000005,0.7,37.884,37.4,0.8,15,198.7,23803,45030,18.7,18.8,84,29.8,11.591,170.3,53.9,0.55,0.6805932824559134
2026-04-22T18:31:00,04/22/202606:31,100.71000000000001,0.55,55.39050000000001,54.11,0.6799999999999999,36.794799999999995,36.4,0.8,15,198.7,23803,45030,18.7,18.8,84,29.8,11.622,169.6,54.2,0.54,0.6642799758081257
2026-04-22T18:31:15,04/22/202606:31,98.53,0.54,53.2062,54.1,0.6599999999999999,35.705999999999996,35.4,0.8,15,198.7,23803,45030,18.7,18.81,83.9,29.8,11.622,169,54.3,0.52,0.6710872041228276
2026-04-22T18:32:01,04/22/202606:32,99.17999999999999,0.53,52.5654,54.1,0.63,34.083,33.8,0.8,15,198.7,23803,45030,18.7,18.82,83.8,29.8,11.622,168.4,54.4,0.5,0.648392288
2026-04-22T18:32:16,04/22/202606:32,99.83,0.52,51.9116,54.1,0.5900000000000001,31.919000000000004,32.2,0.8,15,198.7,23803,45030,18.7,18.830000000000002,83.8,29.8,11.622,167.8,54.5,0.48,0.6148722058268288
2026-04-22T18:33:00,04/22/202606:33,100.47999999999999,0.51,51.2448,54.1,0.55,29.755000000000003,30.6,0.8,15,198.7,23803,45030,18.7,18.84,83.8,29.8,11.622,167.2,54.6,0.45999999999999996,0.5806442800049957
2026-04-22T18:34:00,04/22/202606:34,101.13,0.5,50.565,54.1,0.51,27.591,28.4,0.8,15,198.7,23803,45030,18.7,18.85,83.8,29.8,11.622,166.6,54.7,0.45,0.5456541085731238
2026-04-22T18:34:16,04/22/202606:34,100.77,0.49000000000000005,49.377300000000005,54.1,0.48,25.968,26.8,0.8,15,198.7,23803,45030,18.7,18.86,83.8,29.8,11.622,166,54.8,0.44000000000000006,0.5259096791440601
2026-04-22T18:35:00,04/22/202606:35,100.41999999999999,0.48,48.20159999999999,54.1,0.45999999999999996,24.886,25.7,0.8,15,198.7,23803,45030,18.7,18.869999999999997,83.8,29.8,11.622,165.4,54.6,0.43,0.5162899156874461
2026-04-22T18:35:15,04/22/202606:35,100.08,0.48,48.038399999999996,54.1,0.45,24.345000000000002,25.2,0.8,15,198.7,23803,45030,18.7,18.88,83.8,29.8,11.622,164.8,54.4,0.42000000000000004,0.5067820743405277
2026-04-22T18:36:00,04/22/202606:36,99.72999999999999,0.48,47.8704,54.1,0.45,24.345000000000002,25.2,0.8,15,198.7,23803,45030,18.7,18.889999999999997,83.8,29.8,11.591,164.9,54.2,0.41000000000000003,0.5085606136568737
2026-04-22T18:36:15,04/22/202606:36,99.38,0.48,47.7024,54.1,0.45999999999999996,24.886,25.7,0.8,15,198.7,23803,45030,18.7,18.9,83.8,29.8,11.56,165,54,0.4,0.5216928288723419
2026-04-22T18:37:01,04/22/202606:37,98.84,0.5,49.42,54.1,0.47000000000000003,25.427000000000003,26.2,0.8,15,198.7,23803,45030,18.7,18.9,83.9,29.8,11.56,165,54,0.4,0.5145082962363416
2026-04-22T18:37:16,04/22/202606:37,97.65,0.51,49.801500000000004,54.1,0.47000000000000003,25.427000000000003,26.7,0.8,15,198.7,23803,45030,18.7,18.9,84,29.8,11.56,165,54,0.4,0.5105669507946548
2026-04-22T18:38:00,04/22/202606:38,96.46000000000001,0.52,50.159200000000006,54.1,0.48,25.968,27.2,0.8,15,198.7,23803,45030,18.7,18.9,84,29.8,11.56,165,54,0.4,0.5177116062457136
2026-04-22T18:39:00,04/22/202606:39,95.27000000000001,0.53,50.493100000000005,54.1,0.49000000000000005,26.509000000000004,27.2,0.8,15,198.7,23803,45030,18.8,18.9,84,29.8,11.56,165,54,0.4,0.5250024260740577
2026-04-22T18:39:16,04/22/202606:39,94.07000000000001,0.53,49.85710000000001,54.1,0.49000000000000005,26.509000000000004,27.2,0.8,15,198.7,23803,45030,18.7,18.9,84,29.8,11.56,165,54,0.4,0.5316995974495107
2026-04-22T18:41:04,04/22/202606:41,94.03,0.53,49.8359,54.1,0.51,27.591,28.3,0.8,15,198.7,23803,45030,18.7,18.9,84,29.8,11.56,165,54,0.4,0.5536370367546287
2026-04-22T18:41:07,04/22/202606:41,94,0.54,50.760000000000005,54.1,0.55,29.755000000000003,30.5,0.8,15,198.7,23803,45030,18.7,18.9,84,29.8,11.56,165,54,0.4,0.5861899133175729
2026-04-22T18:42:45,04/22/202606:42,93.96000000000001,0.53,49.79880000000001,54.1,0.58,31.378,32.1,0.8,15,198.7,23803,45030,18.7,18.9,84,29.8,11.56,165,54,0.4,0.6300955043093407
2026-04-22T18:43:00,04/22/202606:43,93.92,0.52,48.8384,54.1,0.61,33.001,33.7,0.8,15,198.7,23803,45030,18.7,18.9,84,29.8,11.56,165,54,0.4,0.6757182872493774
2026-04-22T18:43:45,04/22/202606:43,93.59,0.51,47.730900000000005,54.1,0.61,33.001,33.7,0.8,15,198.7,23803,45030,18.7,18.9,84,29.8,11.56,165,54,0.4,0.6913969776392231
2026-04-22T18:44:00,04/22/202606:44,93.26,0.5,46.63,54.1,0.61,33.001,33.7,0.8,15,198.7,23803,45030,18.7,18.9,84,29.8,11.56,165,54,0.4,0.7077203517049109
2026-04-22T18:44:45,04/22/202606:44,93.57000000000001,0.5,46.785000000000004,54.1,0.61,33.001,33.2,0.8,15,198.7,23803,45030,18.7,18.9,84,29.8,11.56,165,54,0.4,0.7053756545901463
2026-04-22T18:45:00,04/22/202606:45,93.88,0.5,46.94,54.1,0.61,33.001,32.7,0.8,15,198.7,23803,45030,18.7,18.9,84,29.8,11.56,165,54,0.4,0.7030464422667234
2026-04-22T18:45:27,04/22/202606:45,94.19,0.5,47.095,54.1,0.6,32.46,32.1,0.8,15,198.7,23803,45030,18.7,18.919999999999998,83.8,29.8,11.516,165,55.9,0.4,0.6892451427964752
2026-04-22T18:46:01,04/22/202606:46,94.51,0.51,48.200100000000006,54.1,0.6,32.46,32.1,0.8,15,198.7,23803,45030,18.7,18.939999999999998,83.6,29.8,11.472,165,57.8,0.4,0.6734425862187007
2026-04-22T18:46:27,04/22/202606:46,94.77000000000001,0.5,47.385000000000005,54.1,0.61,33.001,32.6,0.8,15,198.7,23803,45030,18.7,18.96,83.4,29.8,11.428,165,59.7,0.4,0.6964440223699482
2026-04-22T18:47:00,04/22/202606:47,95.02000000000001,0.48,45.6096,54.1,0.6,32.46,32,0.8,15,198.7,23803,45030,18.7,18.98,83.2,29.8,11.384,165,61.6,0.4,0.711692275
2026-04-22T18:48:00,04/22/202606:48,95.27000000000001,0.47000000000000003,44.776900000000005,54.089999999999996,0.5900000000000001,31.913100000000004,31.4,0.8,15,198.7,23803,45030,18.8,19,83,29.8,11.34,165,63.5,0.4,0.7127134750284186
2026-04-22T18:48:27,04/22/202606:48,95.47999999999999,0.47000000000000003,44.8756,54.089999999999996,0.5900000000000001,31.913100000000004,31.4,0.8,15,198.7,23803,45030,18.7,19.02,82.8,29.8,11.296,165,65.4,0.4,0.7111459233971246
2026-04-22T18:49:01,04/22/202606:49,95.97999999999999,0.47000000000000003,45.1106,54.089999999999996,0.61,32.994899999999994,32.5,0.8,15,198.7,23803,45030,18.7,19.04,82.6,29.8,11.251999999999999,165,67.3,0.4,0.7314223264598564
2026-04-22T18:49:28,04/22/202606:49,94.67999999999999,0.47000000000000003,44.4996,54.089999999999996,0.61,32.994899999999994,32.5,0.8,15,198.7,23803,45030,18.8,19.060000000000002,82.4,29.8,11.208,165,69.2,0.4,0.7414650918210499
2026-04-22T18:50:00,04/22/202606:50,93.39,0.47000000000000003,43.8933,54.089999999999996,0.62,33.535799999999995,33,0.8,15,198.7,23803,45030,18.8,19.080000000000002,82.2,29.8,11.163999999999998,165,71.1,0.4,0.7640300455878231
2026-04-22T18:52:17,04/22/202606:52,92.1,0.47000000000000003,43.287,54.089999999999996,0.63,34.076699999999995,33.5,0.8,15,198.7,23803,45030,18.7,19.1,82,29.8,11.12,165,73,0.4,0.7872271120659782
2026-04-22T18:52:27,04/22/202606:52,92.87,0.47000000000000003,43.648900000000005,54.089999999999996,0.65,35.1585,34.6,0.8,15,198.7,23803,45030,18.7,19.1,82,29.8,11.12,165,73,0.4,0.8054842160970836
2026-04-22T18:53:00,04/22/202606:53,93.64,0.47000000000000003,44.0108,54.089999999999996,0.67,36.2403,35.7,0.8,15,198.7,23803,45030,18.7,19.1,82,29.8,11.12,165,73,0.4,0.8234410644659946
2026-04-22T18:53:28,04/22/202606:53,93.85,0.48,45.047999999999995,54.089999999999996,0.65,35.1585,34.7,0.8,15,198.7,23803,45030,18.7,19.1,82,29.8,11.12,165,73,0.4,0.7804675013319127
2026-04-22T18:54:01,04/22/202606:54,94.06,0.49000000000000005,46.089400000000005,54.089999999999996,0.63,34.076699999999995,33.7,0.8,15,198.7,23803,45030,18.7,19.1,82,29.8,11.12,165,73,0.4,0.739360894
2026-04-22T18:54:27,04/22/202606:54,94.26,0.49000000000000005,46.187400000000004,54.1,0.61,33.001,32.7,0.8,15,198.7,23803,45030,18.7,19.1,82,29.8,11.12,165,73,0.4,0.7145022235501456
2026-04-22T18:55:01,04/22/202606:55,94.5,0.48,45.36,54.1,0.58,31.378,31.1,0.8,15,198.7,23803,45030,18.7,19.1,82,29.8,11.12,165,73,0.4,0.6917548500881834
2026-04-22T18:55:28,04/22/202606:55,94.53999999999999,0.48,45.3792,54.1,0.5700000000000001,30.837000000000003,30.5,0.8,15,198.7,23803,45030,18.7,19.1,82,29.8,11.12,165,73,0.4,0.6795404061772796
2026-04-22T18:56:01,04/22/202606:56,96.38,0.48,46.2624,54.1,0.58,31.378,31,0.8,15,198.7,23803,45030,18.7,19.1,82,29.8,11.12,165,73,0.4,0.6782613958635955
2026-04-22T18:57:01,04/22/202606:57,98.22,0.48,47.145599999999995,54.11,0.59,31.924899999999997,31.5,0.8,15,198.7,23803,45030,18.7,19.1,82,29.8,11.12,165,73,0.4,0.6771554503495555
2026-04-22T18:57:28,04/22/202606:57,100.07000000000001,0.49000000000000005,49.03430000000001,54.11,0.63,34.0893,33.7,0.8,15,198.7,23803,45030,18.8,19.1,82,29.8,11.12,165,73,0.4,0.6952133506545417
2026-04-22T18:58:01,04/22/202606:58,99.86,0.5,49.93,54.11,0.67,36.2537,35.9,0.8,15,198.7,23803,45030,18.8,19.1,82,29.8,11.12,165,73,0.4,0.7260905267374325
2026-04-22T18:58:27,04/22/202606:58,99.25,0.53,52.6025,54.1,0.73,39.493,39.1,0.8,15,198.7,23803,45030,18.8,19.1,82,29.8,11.12,165,73,0.4,0.750781807
2026-04-22T18:59:01,04/22/202606:59,98.65,0.5599999999999999,55.244,54.089999999999996,0.8,43.272,42.8,0.8,15,198.7,23803,45030,18.8,19.1,82,29.8,11.12,165,73,0.4,0.7832886829338932
2026-04-22T18:59:27,04/22/202606:59,99.39,0.6,59.634,54.1,0.89,48.149,47.6,0.8,15,198.7,23803,45030,18.7,19.1,82,29.8,11.12,165,73,0.4,0.8074085253378945
2026-04-22T19:00:00,04/22/202607:00,100.14,0.65,65.09100000000001,54.11,0.9799999999999999,53.02779999999999,52.4,0.8,15,198.7,23803,45030,18.7,19.1,82,29.8,11.12,165,73,0.4,0.814671767
2026-04-22T19:00:28,04/22/202607:00,100.89,0.7,70.62299999999999,54.11,1.0699999999999998,57.89769999999999,57.2,0.8,15,198.7,23803,45030,18.7,19.110000000000003,81.9,29.8,11.151,164.8,70.1,0.4,0.8198136584398851
2026-04-22T19:01:01,04/22/202607:01,101.84,0.74,75.3616,54.11,1.14,61.685399999999994,61,0.8,15,198.7,23803,45030,18.7,19.12,81.8,29.8,11.181999999999999,164.6,67.2,0.4,0.8185256151674062
2026-04-22T19:01:28,04/22/202607:01,102.78,0.77,79.1406,54.120000000000005,1.2,64.944,64.3,0.8,15,198.7,23803,45030,18.7,19.130000000000003,81.7,29.8,11.213,164.4,64.3,0.4,0.8206154615961971
2026-04-22T19:02:01,04/22/202607:02,103.72,0.8,82.976,54.120000000000005,1.26,68.19120000000001,67.6,0.8,15,198.7,23803,45030,18.7,19.14,81.6,29.8,11.244,164.2,61.4,0.4,0.8218183571153106
2026-04-22T19:03:28,04/22/202607:03,105.54,0.8099999999999999,85.4874,54.13000000000001,1.2799999999999998,69.2864,68.6,0.8,16,198.7,23803,45030,18.7,19.15,81.5,29.8,11.275,164,58.5,0.4,0.8104866916060145
2026-04-22T19:04:00,04/22/202607:04,107.35999999999999,0.82,88.03519999999999,54.14,1.3,70.382,69.6,0.8,16,198.7,23803,45030,18.7,19.16,81.4,29.8,11.306000000000001,163.8,55.6,0.4,0.7994756642797428
2026-04-22T19:04:28,04/22/202607:04,108.2,0.82,88.724,54.15,1.3,70.395,69.6,0.8,16,198.7,23803,45030,18.7,19.169999999999998,81.3,29.8,11.337,163.6,52.7,0.4,0.7934155358189441
2026-04-22T19:05:01,04/22/202607:05,109.04,0.82,89.4128,54.160000000000004,1.3,70.408,69.6,0.8,16,198.7,23803,45030,18.7,19.18,81.2,29.8,11.367999999999999,163.4,49.8,0.4,0.7874487769088989
2026-04-22T19:05:28,04/22/202607:05,108.74000000000001,0.8099999999999999,88.0794,54.15,1.2799999999999998,69.31199999999998,68.5,0.8,16,198.7,23803,45030,18.7,19.19,81.1,29.8,11.399,163.2,46.9,0.4,0.7869263414600914
2026-04-22T19:06:00,04/22/202607:06,108.44000000000001,0.8,86.75200000000001,54.14,1.26,68.21640000000001,67.4,0.8,16,198.7,23803,45030,18.7,19.2,81,29.8,11.43,163,44,0.4,0.786338067
2026-04-22T19:06:27,04/22/202607:06,108.15,0.79,85.4385,54.14,1.24,67.1336,66.3,0.8,16,198.7,23803,45030,18.7,19.2,81,29.8,11.43,163,44,0.4,0.7857534952041527
2026-04-22T19:07:01,04/22/202607:07,107.85999999999999,0.78,84.1308,54.14,1.22,66.0508,65.2,0.8,16,198.7,23803,45030,18.7,19.2,81,29.8,11.43,163,44,0.4,0.7850965401493865
2026-04-22T19:07:28,04/22/202607:07,107.57000000000001,0.78,83.9046,54.13000000000001,1.21,65.49730000000001,64.6,0.8,16,198.7,23803,45030,18.7,19.2,81,29.8,11.43,163,44,0.4,0.7806163190099232
2026-04-22T19:07:53,04/22/202607:07,108.10999999999999,0.77,83.2447,54.120000000000005,1.19,64.4028,63.5,0.8,16,198.7,23803,45030,18.7,19.2,81,29.8,11.43,163,44,0.4,0.7736564610119323
2026-04-22T19:08:00,04/22/202607:08,107.75999999999999,0.77,82.9752,54.11,1.1800000000000002,63.84980000000001,63,0.8,16,198.7,23803,45030,18.7,19.2,81,29.8,11.43,163,44,0.4,0.7695046230680975
2026-04-22T19:08:54,04/22/202607:08,107.47,0.77,82.7519,54.1,1.16,62.756,62,0.8,16,198.7,23803,45030,18.7,19.2,81,29.8,11.43,163,44,0.4,0.7583632520824295
2026-04-22T19:09:01,04/22/202607:09,108.55999999999999,0.76,82.50559999999999,54.1,1.1400000000000001,61.67400000000001,61,0.8,16,198.7,23803,45030,18.7,19.2,81,29.8,11.43,163,44,0.4,0.7475128960943259
2026-04-22T19:09:53,04/22/202607:09,109.64000000000001,0.74,81.13360000000002,54.1,1.1099999999999999,60.050999999999995,59.4,0.8,16,198.7,23803,45030,18.7,19.2,81,29.8,11.43,163,44,0.4,0.7401495804450928
2026-04-22T19:10:00,04/22/202607:10,110.52000000000001,0.72,79.57440000000001,54.1,1.08,58.428000000000004,57.8,0.8,16,198.7,23803,45030,18.7,19.2,81,29.8,11.43,163,44,0.4,0.7342562432138979
2026-04-22T19:10:54,04/22/202607:10,111.47,0.7,78.029,54.1,1.04,56.264,55.7,0.8,16,198.7,23803,45030,18.7,19.2,81,29.8,11.43,163,44,0.4,0.7210652449730229
2026-04-22T19:11:00,04/22/202607:11,112.41,0.6799999999999999,76.43879999999999,54.1,1,54.1,53.6,0.8,16,198.7,23803,45030,18.7,19.2,81,29.8,11.43,163,44,0.4,0.7077557470813254
2026-04-22T19:11:54,04/22/202607:11,112.80999999999999,0.65,73.3265,54.1,0.95,51.394999999999996,50.9,0.8,16,198.7,23803,45030,18.8,19.2,81,29.8,11.43,163,44,0.4,0.7009062208069388
2026-04-22T19:12:01,04/22/202607:12,113.22,0.6199999999999999,70.19639999999998,54.1,0.9,48.690000000000005,48.2,0.8,16,198.7,23803,45030,18.8,19.2,81,29.8,11.43,163,44,0.4,0.693625314
2026-04-22T19:12:53,04/22/202607:12,112.80999999999999,0.6,67.68599999999999,54.1,0.8400000000000001,45.444,45,0.8,16,198.7,23803,45030,18.7,19.2,81,29.8,11.43,163,44,0.4,0.6713943799308573
2026-04-22T19:13:00,04/22/202607:13,112.4,0.58,65.192,54.1,0.78,42.198,41.8,0.8,16,198.7,23803,45030,18.7,19.2,81,29.8,11.43,163,44,0.4,0.6472880107988711
2026-04-22T19:14:40,04/22/202607:14,111.92999999999999,0.5599999999999999,62.68079999999999,54.1,0.73,39.493,39.1,0.8,16,198.7,23803,45030,18.7,19.2,81,29.8,11.43,163,44,0.4,0.6300653469643018
2026-04-22T19:14:53,04/22/202607:14,110.46,0.53,58.5438,54.1,0.6599999999999999,35.705999999999996,35.3,0.8,16,198.7,23803,45030,18.7,19.2,81,29.8,11.43,163,44,0.4,0.6099023295378844
2026-04-22T19:15:00,04/22/202607:15,109,0.51,55.59,54.1,0.6,32.46,32.1,0.8,16,198.7,23803,45030,18.7,19.2,81,29.8,11.43,163,44,0.4,0.583917971
2026-04-22T19:15:54,04/22/202607:15,107.54,0.48,51.6192,54.1,0.55,29.755000000000003,29.4,0.8,16,198.7,23803,45030,18.7,19.21,81,29.797000000000004,11.399,163.2,43.5,0.39,0.5764328001983758
2026-04-22T19:16:01,04/22/202607:16,106.00999999999999,0.45,47.704499999999996,54.1,0.51,27.591,27.2,0.8,16,198.7,23803,45030,18.7,19.22,81,29.794,11.367999999999999,163.4,43,0.38,0.5783731094550829
2026-04-22T19:16:54,04/22/202607:16,104.47999999999999,0.43,44.926399999999994,54.1,0.47000000000000003,25.427000000000003,25,0.8,16,198.7,23803,45030,18.8,19.23,81,29.791000000000004,11.337,163.6,42.5,0.37,0.5659701200185193
2026-04-22T19:17:01,04/22/202607:17,103.49000000000001,0.42000000000000004,43.46580000000001,54.1,0.44000000000000006,23.804000000000002,23.4,0.8,16,198.7,23803,45030,18.8,19.240000000000002,81,29.788,11.306000000000001,163.8,42,0.36,0.5476489561908442
2026-04-22T19:18:48,04/22/202607:18,101.16,0.41,41.47559999999999,54.1,0.42000000000000004,22.722,22.4,0.8,16,198.7,23803,45030,18.7,19.25,81,29.785000000000004,11.275,164,41.5,0.35,0.547840176
2026-04-22T19:19:00,04/22/202607:19,98.82000000000001,0.4,39.528000000000006,54.1,0.42000000000000004,22.722,22.4,0.8,16,198.7,23803,45030,18.7,19.259999999999998,81,29.782,11.244,164.2,41,0.33999999999999997,0.5748330297510625
2026-04-22T19:19:37,04/22/202607:19,96.47999999999999,0.39,37.627199999999995,54.1,0.41,22.181,21.8,0.8,16,198.7,23803,45030,18.7,19.27,81,29.779000000000003,11.213,164.4,40.5,0.32999999999999996,0.5894937704639198
2026-04-22T19:20:01,04/22/202607:20,94.14,0.38,35.7732,54.1,0.4,21.64,21.2,0.8,16,198.7,23803,45030,18.7,19.28,81,29.776,11.181999999999999,164.6,40,0.32,0.6049221204700725
2026-04-22T19:20:37,04/22/202607:20,92.78999999999999,0.37,34.3323,54.1,0.4,21.64,21.2,0.8,16,198.7,23803,45030,18.8,19.29,81,29.773000000000003,11.151,164.8,39.5,0.31,0.6303102326380697
2026-04-22T19:21:01,04/22/202607:21,91.44,0.36,32.9184,54.1,0.4,21.64,21.2,0.8,16,198.7,23803,45030,18.8,19.3,81,29.77,11.12,165,39,0.3,0.6573831048896667
2026-04-22T19:21:37,04/22/202607:21,88.9,0.37,32.893,54.1,0.39,21.099,20.7,0.8,16,198.7,23803,45030,18.7,19.3,81,29.77,11.12,165,39,0.3,0.6414434682151218
2026-04-22T19:22:01,04/22/202607:22,86.35999999999999,0.38,32.81679999999999,54.1,0.38,20.558,20.2,0.8,16,198.7,23803,45030,18.7,19.3,81,29.77,11.12,165,39,0.3,0.6264474293654471
2026-04-22T19:22:37,04/22/202607:22,89.86999999999999,0.34,30.555799999999998,54.1,0.33999999999999997,18.394,18.1,0.8,16,198.7,23803,45030,18.7,19.3,81,29.77,11.12,165,39,0.3,0.6019806387003449
2026-04-22T19:23:01,04/22/202607:23,93.38,0.3,28.014,54.1,0.3,16.23,16,0.8,16,198.7,23803,45030,18.7,19.3,81,29.77,11.12,165,39,0.3,0.5793531805525809
2026-04-22T19:23:37,04/22/202607:23,90.72,0.29,26.308799999999998,54.1,0.27999999999999997,15.148,14.9,0.8,16,198.7,23803,45030,18.7,19.3,81,29.77,11.12,165,39,0.3,0.575776926
2026-04-22T19:24:00,04/22/202607:24,88.05999999999999,0.27999999999999997,24.656799999999993,54.1,0.26,14.066,13.8,0.8,16,198.7,23803,45030,18.7,19.3,81,29.77,11.12,165,39,0.3,0.5704714318159698
2026-04-22T19:25:52,04/22/202607:25,92.75999999999999,0.24,22.262399999999996,54.08,0.22000000000000003,11.8976,11.7,0.8,16,198.7,23803,45030,18.7,19.3,81,29.77,11.12,165,39,0.3,0.5344257582291219
2026-04-22T19:26:01,04/22/202607:26,97.46,0.2,19.492,54.06,0.18,9.7308,9.6,0.8,16,198.7,23803,45030,18.7,19.3,81,29.77,11.12,165,39,0.3,0.49922019289965114
2026-04-22T19:26:37,04/22/202607:26,102.11999999999999,0.16999999999999998,17.3604,54.029999999999994,0.15,8.104499999999998,8,0.8,16,198.7,23803,45030,18.8,19.3,81,29.77,11.12,165,39,0.3,0.46683832169765666
2026-04-22T19:27:00,04/22/202607:27,106.78,0.13999999999999999,14.9492,54,0.12,6.4799999999999995,6.4,0.8,16,198.7,23803,45030,18.8,19.3,81,29.77,11.12,165,39,0.3,0.4334680116661761
2026-04-22T19:27:37,04/22/202607:27,112.57000000000001,0.1,11.257000000000001,53.970000000000006,0.09,4.8573,4.8,0.8,16,198.7,23803,45030,18.7,19.3,81,29.77,11.12,165,39,0.3,0.4314915163898019
2026-04-22T19:28:00,04/22/202607:28,118.35999999999999,0.06,7.101599999999999,53.94,0.06,3.2363999999999997,3.2,0.8,16,198.7,23803,45030,18.7,19.3,81,29.77,11.12,165,39,0.3,0.4557282865833052
2026-04-22T19:28:37,04/22/202607:28,118.05,0.06,7.082999999999999,53.9,0.06,3.234,3.2,0.8,16,198.7,23803,45030,18.7,19.3,81,29.77,11.12,165,39,0.3,0.456586192
2026-04-22T19:29:01,04/22/202607:29,117.74000000000001,0.06,7.0644,53.86,0.06,3.2316,3.2,0.8,16,198.7,23803,45030,18.7,19.3,81,29.77,11.12,165,39,0.3,0.45744861559368094
2026-04-22T19:29:37,04/22/202607:29,124.99000000000001,0.03,3.7497000000000003,53.82000000000001,0.03,1.6146000000000003,1.6,0.8,16,198.7,23803,45030,18.7,19.3,81,29.77,11.12,165,39,0.3,0.4305944475558045
2026-04-22T19:29:55,04/22/202607:29,131.85,0,0,53.77,0,0,0,0.8,16,198.7,23803,45030,18.7,19.3,81,29.77,11.12,165,39,0.3,
2026-04-22T19:30:00,04/22/202607:30,131.35,0,0,53.739999999999995,0,0,0,0.8,16,198.7,23803,45030,18.7,19.3,81,29.77,11.12,165,39,0.3,
2026-04-22T19:30:56,04/22/202607:30,131.22,0,0,53.71,0,0,0,0.8,16,198.7,23803,45030,18.7,19.29,81.1,29.77,11.181999999999999,165.1,38.4,0.3,
2026-04-22T19:31:00,04/22/202607:31,131.14000000000001,0,0,53.69,0,0,0,0.8,16,198.7,23803,45030,18.7,19.28,81.2,29.77,11.244,165.2,37.8,0.3,
2026-04-22T19:31:56,04/22/202607:31,130.9,0,0,53.660000000000004,0,0,0,0.8,16,198.7,23803,45030,18.7,19.27,81.3,29.77,11.306000000000001,165.3,37.9,0.3,
2026-04-22T19:32:01,04/22/202607:32,130.72,0,0,53.629999999999995,0,0,0,0.8,16,198.7,23803,45030,18.7,19.259999999999998,81.4,29.77,11.367999999999999,165.4,38,0.3,
2026-04-22T19:32:56,04/22/202607:32,130.7,0,0,53.6,0,0,0,0.8,16,198.7,23803,45030,18.8,19.240000000000002,81.5,29.77,11.43,165.5,38.1,0.3,
2026-04-22T19:33:00,04/22/202607:33,130.73,0,0,53.58,0,0,0,0.8,16,198.7,23803,45030,18.8,19.22,81.6,29.77,11.492,165.6,38.2,0.3,
2026-04-22T19:33:56,04/22/202607:33,130.69,0,0,53.56,0,0,0,0.8,16,198.7,23803,45030,18.7,19.2,81.7,29.77,11.553999999999998,165.7,38.3,0.3,
2026-04-22T19:34:01,04/22/202607:34,130.6,0,0,53.54,0,0,0,0.8,16,198.7,23803,45030,18.7,19.18,81.8,29.77,11.616,165.8,38.4,0.3,
2026-04-22T19:34:55,04/22/202607:34,130.89000000000001,0,0,53.52,0,0,0,0.8,16,198.7,23803,45030,18.7,19.16,81.9,29.77,11.678,165.9,38.5,0.3,
2026-04-22T19:35:00,04/22/202607:35,131.18,0,0,53.5,0,0,0,0.8,16,198.7,23803,45030,18.7,19.14,82,29.77,11.74,166,38.6,0.3,
2026-04-22T19:37:02,04/22/202607:37,131.15,0,0,53.48,0,0,0,0.8,16,198.7,23803,45030,18.7,19.130000000000003,82,29.77,11.865,165.9,39.3,0.3,
2026-04-22T19:37:55,04/22/202607:37,131.02,0,0,53.45,0,0,0,0.8,16,198.7,23803,45030,18.8,19.12,82,29.77,11.99,165.8,40,0.3,
2026-04-22T19:38:00,04/22/202607:38,131.05,0,0,53.42999999999999,0,0,0,0.8,16,198.7,23803,45030,18.8,19.110000000000003,82,29.77,12.115,165.7,40,0.3,
2026-04-22T19:38:55,04/22/202607:38,131.01,0,0,53.410000000000004,0,0,0,0.8,16,198.7,23803,45030,18.8,19.1,82.2,29.77,12.24,165.6,40,0.3,
2026-04-22T19:39:00,04/22/202607:39,130.81,0,0,53.39,0,0,0,0.8,16,198.7,23803,45030,18.8,19.1,82.4,29.77,12.365,165.5,40,0.3,
2026-04-22T19:39:36,04/22/202607:39,130.63,0,0,53.36999999999999,0,0,0,0.8,16,198.7,23803,45030,18.8,19.1,82.6,29.77,12.49,165.4,40,0.3,
2026-04-22T19:40:00,04/22/202607:40,130.52,0,0,53.35,0,0,0,0.8,16,198.7,23803,45030,18.8,19.1,82.8,29.77,12.615,165.3,40,0.3,
2026-04-22T19:40:35,04/22/202607:40,130.42000000000002,0,0,53.31999999999999,0,0,0,0.8,16,198.7,23803,45030,18.8,19.1,83,29.77,12.74,165.2,40,0.3,
2026-04-22T19:41:00,04/22/202607:41,130.32999999999998,0,0,53.3,0,0,0,0.8,16,198.7,23803,45030,18.8,19.1,83.2,29.77,12.865,165.1,40,0.3,
2026-04-22T19:41:35,04/22/202607:41,130.15,0,0,53.279999999999994,0,0,0,0.8,16,198.7,23803,45030,18.7,19.1,83.4,29.77,12.99,165,40,0.3,
2026-04-22T19:42:00,04/22/202607:42,129.92000000000002,0,0,53.260000000000005,0,0,0,0.8,16,198.7,23803,45030,18.7,19.1,83.6,29.77,12.99,165,40,0.3,
2026-04-22T19:42:36,04/22/202607:42,129.68,0,0,53.239999999999995,0,0,0,0.8,16,198.7,23803,45030,18.8,19.1,83.8,29.77,12.99,165,40,0.3,
2026-04-22T19:43:00,04/22/202607:43,129.44,0,0,53.220000000000006,0,0,0,0.8,16,198.7,23803,45030,18.8,19.1,84,29.77,12.99,165,40,0.3,
2026-04-22T19:43:35,04/22/202607:43,129.10999999999999,0,0,53.19,0,0,0,0.8,16,198.7,23803,45030,18.8,19.1,84,29.77,12.99,165,40,0.3,
2026-04-22T19:44:00,04/22/202607:44,128.78,0,0,53.160000000000004,0,0,0,0.8,16,198.7,23803,45030,18.8,19.1,84,29.77,12.99,165,40,0.3,
2026-04-22T19:44:35,04/22/202607:44,128.33999999999997,0,0,53.129999999999995,0,0,0,0.8,16,198.7,23803,45030,18.8,19.1,84,29.77,12.99,165,40,0.3,
2026-04-22T19:45:00,04/22/202607:45,127.9,0,0,53.1,0,0,0,0.8,16,198.7,23803,45030,18.8,19.1,84,29.77,12.99,165,40,0.3,
2026-04-22T19:45:35,04/22/202607:45,127.23999999999998,0,0,53.08,0,0,0,0.8,16,198.7,23803,45030,18.8,19.1,84,29.77,12.99,165,40,0.3,
2026-04-22T19:46:00,04/22/202607:46,126.58,0,0,53.06,0,0,0,0.8,16,198.7,23803,45030,18.8,19.1,84,29.77,12.99,165,40,0.3,
2026-04-22T19:46:35,04/22/202607:46,125.91,0,0,53.04,0,0,0,0.8,16,198.7,23803,45030,18.8,19.07,84.1,29.77,12.921000000000001,164.9,38.3,0.3,
2026-04-22T19:48:11,04/22/202607:48,125.32000000000001,0,0,53.010000000000005,0,0,0,0.8,16,198.7,23803,45030,18.8,19.04,84.2,29.77,12.852,164.8,36.6,0.3,
2026-04-22T19:48:35,04/22/202607:48,124.82000000000001,0,0,52.989999999999995,0,0,0,0.8,16,198.7,23803,45030,18.8,19.01,84.3,29.77,12.783,164.7,34.9,0.3,
2026-04-22T19:49:00,04/22/202607:49,124.32000000000001,0,0,52.970000000000006,0,0,0,0.8,16,198.7,23803,45030,18.8,18.98,84.4,29.77,12.714,164.6,33.2,0.3,
2026-04-22T19:49:36,04/22/202607:49,123.85,0,0,52.96,0,0,0,0.8,16,198.7,23803,45030,18.8,18.95,84.5,29.77,12.645,164.5,31.5,0.3,
2026-04-22T19:49:57,04/22/202607:49,123.35999999999999,0,0,52.94,0,0,0,0.8,16,198.7,23803,45030,18.8,18.92,84.6,29.77,12.576,164.4,29.8,0.3,
2026-04-22T19:50:00,04/22/202607:50,122.96,0,0,52.92,0,0,0,0.8,16,198.7,23803,45030,18.8,18.89,84.7,29.77,12.507000000000001,164.3,28.1,0.3,
2026-04-22T19:50:58,04/22/202607:50,122.38,0,0,52.9,0,0,0,0.8,16,198.7,23803,45030,18.8,18.860000000000003,84.8,29.77,12.438,164.2,26.4,0.3,
2026-04-22T19:51:00,04/22/202607:51,122.00999999999999,0,0,52.879999999999995,0,0,0,0.8,16,198.7,23803,45030,18.8,18.830000000000002,84.9,29.77,12.369000000000002,164.1,24.7,0.3,
2026-04-22T19:51:57,04/22/202607:51,121.85999999999999,0,0,52.86,0,0,0,0.8,16,198.7,23803,45030,18.8,18.8,85,29.77,12.3,164,23,0.3,
2026-04-22T19:52:00,04/22/202607:52,121.80999999999999,0,0,52.839999999999996,0,0,0,0.8,16,198.7,23803,45030,18.8,18.8,85,29.77,12.3,164,23,0.3,
2026-04-22T19:52:58,04/22/202607:52,121.41,0,0,52.81999999999999,0,0,0.5,0.8,16,198.7,23803,45030,18.8,18.8,85,29.77,12.3,164,23,0.3,
2026-04-22T19:53:00,04/22/202607:53,121.03,0,0,52.8,0,0,1,0.8,16,198.7,23803,45030,18.8,18.8,85,29.77,12.3,164,23,0.3,
2026-04-22T19:53:58,04/22/202607:53,120.75,0,0,52.779999999999994,0,0,1,0.8,16,198.7,23803,45030,18.8,18.8,85,29.77,12.3,164,23,0.3,
2026-04-22T19:54:01,04/22/202607:54,120.6,0,0,52.760000000000005,0,0,1,0.8,16,198.7,23803,45030,18.8,18.8,85,29.77,12.3,164,23,0.3,
2026-04-22T19:54:57,04/22/202607:54,118.03,0,0,52.75,0,0,1,0.8,16,198.7,23803,45030,18.8,18.8,85,29.77,12.3,164,23,0.3,
2026-04-22T19:55:00,04/22/202607:55,115.46,0,0,52.739999999999995,0,0,1,0.8,16,198.7,23803,45030,18.8,18.8,85,29.77,12.3,164,23,0.3,
2026-04-22T19:55:58,04/22/202607:55,115.30999999999999,0,0,52.720000000000006,0,0,1,0.8,16,198.7,23803,45030,18.8,18.8,85,29.77,12.3,164,23,0.3,
2026-04-22T19:56:01,04/22/202607:56,115.16,0,0,52.7,0,0,1,0.8,16,198.7,23803,45030,18.8,18.8,85,29.77,12.3,164,23,0.3,
2026-04-22T19:56:57,04/22/202607:56,112.37,0,0,52.68000000000001,0,0,1,0.8,16,198.7,23803,45030,18.8,18.8,85,29.77,12.3,164,23,0.3,
2026-04-22T19:57:00,04/22/202607:57,109.58,0,0,52.660000000000004,0,0,1,0.8,16,198.7,23803,45030,18.8,18.8,85,29.77,12.3,164,23,0.3,
2026-04-22T19:57:40,04/22/202607:57,107.03,0,0,52.65,0,0,0.5,0.8,16,198.7,23803,45030,18.8,18.8,85,29.77,12.3,164,23,0.3,
2026-04-22T19:58:00,04/22/202607:58,104.47999999999999,0,0,52.64,0,0,0,0.8,16,198.7,23803,45030,18.8,18.8,85,29.77,12.3,164,23,0.3,
2026-04-22T19:59:23,04/22/202607:59,103.85999999999999,0,0,52.63000000000001,0,0,0,0.8,16,198.7,23803,45030,18.8,18.8,85,29.77,12.3,164,23,0.3,
2026-04-22T19:59:41,04/22/202607:59,100.32000000000001,0,0,52.61,0,0,0,0.8,16,198.7,23803,45030,18.8,18.8,85,29.77,12.3,164,23,0.3,
2026-04-22T20:00:00,04/22/202608:00,99.22,0,0,52.589999999999996,0,0,0,0.8,16,198.7,23803,45030,18.8,18.8,85,29.77,12.3,164,23,0.3,
2026-04-22T20:00:41,04/22/202608:00,94.92999999999999,0,0,52.57000000000001,0,0,0,0.8,16,198.7,23803,45030,18.8,18.8,85,29.77,12.3,164,23,0.3,
2026-04-22T20:01:00,04/22/202608:01,88.4,0,0,52.56,0,0,0,0.8,16,198.7,23803,45030,18.8,18.8,85,29.77,12.3,164,23,0.3,
2026-04-22T20:01:41,04/22/202608:01,81.87,0,0,52.54,0,0,0,0.8,16,198.7,23803,45030,18.8,18.78,85,29.77,12.331,164.3,21.4,0.3,
2026-04-22T20:02:00,04/22/202608:02,77.76,0,0,52.52,0,0,0,0.8,16,198.7,23803,45030,18.8,18.76,85,29.77,12.362,164.6,19.8,0.3,
2026-04-22T20:03:00,04/22/202608:03,73.65,0,0,52.5,0,0,0,0.8,16,198.7,23803,45030,18.8,18.740000000000002,85,29.77,12.393,164.9,18.2,0.3,
2026-04-22T20:03:15,04/22/202608:03,69.56,0,0,52.48,0,0,0,0.8,16,198.7,23803,45030,18.8,18.720000000000002,85,29.77,12.424000000000001,165.2,16.6,0.3,
2026-04-22T20:04:00,04/22/202608:04,65.47,0,0,52.46,0,0,0,0.8,16,198.7,23803,45030,18.8,18.7,85,29.77,12.455,165.5,15,0.3,
2026-04-22T20:04:15,04/22/202608:04,59.36,0,0,52.44,0,0,0,0.8,16,198.7,23803,45030,18.8,18.68,85,29.77,12.486,165.8,13.4,0.3,
2026-04-22T20:05:00,04/22/202608:05,56.17,0,0,52.42999999999999,0,0,0,0.8,16,198.7,23803,45030,18.8,18.660000000000004,85,29.77,12.517,166.1,11.8,0.3,
2026-04-22T20:06:00,04/22/202608:06,52.98,0,0,52.410000000000004,0,0,0,0.8,16,198.7,23803,45030,18.8,18.64,85,29.77,12.547999999999998,166.4,10.2,0.3,
2026-04-22T20:06:15,04/22/202608:06,52.970000000000006,0,0,52.39,0,0,0,0.8,16,198.7,23803,45030,18.8,18.62,85,29.77,12.578999999999999,166.7,8.6,0.3,
2026-04-22T20:07:01,04/22/202608:07,52.96,0,0,52.36999999999999,0,0,0,0.8,16,198.7,23803,45030,18.8,18.6,85,29.77,12.61,167,7,0.3,
2026-04-22T20:07:16,04/22/202608:07,52.96,0,0,52.36,0,0,0,0.8,16,198.7,23803,45030,18.8,18.6,85,29.77,12.61,167,7,0.3,
2026-04-22T20:08:00,04/22/202608:08,52.96,0,0,52.35,0,0,0,0.8,16,198.7,23803,45030,18.8,18.6,85,29.77,12.61,167,7,0.3,
2026-04-22T20:09:00,04/22/202608:09,52.96,0,0,52.339999999999996,0,0,0,0.8,16,198.7,23803,45030,18.8,18.6,85,29.77,12.61,167,7,0.3,
2026-04-22T20:10:38,04/22/202608:10,52.970000000000006,0,0,52.33,0,0,0,0.8,16,198.7,23803,45030,18.8,18.6,85,29.77,12.61,167,7,0.3,
2026-04-22T20:11:00,04/22/202608:11,52.98,0,0,52.31999999999999,0,0,0,0.8,16,198.7,23803,45030,18.8,18.6,85,29.77,12.61,167,7,0.3,
2026-04-22T20:12:01,04/22/202608:12,52.98,0,0,52.3,0,0,0,0.8,16,198.7,23803,45030,18.8,18.6,85,29.77,12.61,167,7,0.3,
2026-04-22T20:12:58,04/22/202608:12,52.96,0,0,52.29,0,0,0,0.8,16,198.7,23803,45030,18.8,18.6,85,29.77,12.61,167,7,0.3,
2026-04-22T20:13:00,04/22/202608:13,52.94,0,0,52.29,0,0,0,0.8,16,198.7,23803,45030,18.8,18.6,85,29.77,12.61,167,7,0.3,
2026-04-22T20:13:59,04/22/202608:13,52.07000000000001,0,0,52.279999999999994,0,0,0,0.8,16,198.7,23803,45030,18.8,18.6,85,29.77,12.61,167,7,0.3,
2026-04-22T20:14:01,04/22/202608:14,51.2,0,0,52.27,0,0,0,0.8,16,198.7,23803,45030,18.8,18.6,85,29.77,12.61,167,7,0.3,
2026-04-22T20:14:58,04/22/202608:14,49.86,0,0,52.260000000000005,0,0,0,0.8,16,198.7,23803,45030,18.8,18.6,85,29.77,12.61,167,7,0.3,
2026-04-22T20:15:00,04/22/202608:15,48.519999999999996,0,0,52.25,0,0,0,0.8,16,198.7,23803,45030,18.8,18.6,85,29.77,12.61,167,7,0.3,
2026-04-22T20:15:59,04/22/202608:15,47.25,0,0,52.239999999999995,0,0,0,0.8,16,198.7,23803,45030,18.8,18.59,85.1,29.77,12.586,166.6,6.3,0.29,
2026-04-22T20:16:01,04/22/202608:16,45.980000000000004,0,0,52.23,0,0,0,0.8,16,198.7,23803,45030,18.8,18.580000000000002,85.2,29.77,12.562,166.2,5.6,0.27999999999999997,
2026-04-22T20:16:58,04/22/202608:16,44.480000000000004,0,0,52.220000000000006,0,0,0,0.8,16,198.7,23803,45030,18.8,18.57,85.3,29.77,12.538,165.8,4.9,0.27,
2026-04-22T20:17:00,04/22/202608:17,42.980000000000004,0,0,52.220000000000006,0,0,0,0.8,16,198.7,23803,45030,18.8,18.560000000000002,85.4,29.77,12.514,165.4,4.2,0.26,
2026-04-22T20:17:59,04/22/202608:17,41.18,0,0,52.2,0,0,0,0.8,16,198.7,23803,45030,18.8,18.55,85.5,29.77,12.489999999999998,165,3.5,0.25,
2026-04-22T20:18:01,04/22/202608:18,39.38,0,0,52.18000000000001,0,0,0,0.8,16,198.7,23803,45030,18.8,18.54,85.6,29.77,12.466,164.6,2.8,0.24,
2026-04-22T20:18:20,04/22/202608:18,38.25,0,0,52.17,0,0,0,0.8,16,198.7,23803,45030,18.8,18.53,85.7,29.77,12.441999999999998,164.2,2.1,0.22999999999999998,
2026-04-22T20:19:00,04/22/202608:19,37.12,0,0,52.160000000000004,0,0,0,0.8,16,198.7,23803,45030,18.8,18.52,85.8,29.77,12.418,163.8,1.4,0.22000000000000003,
2026-04-22T20:19:20,04/22/202608:19,36.019999999999996,0,0,52.160000000000004,0,0,0,0.8,16,198.7,23803,45030,18.8,18.509999999999998,85.9,29.77,12.394,163.4,0.7,0.21000000000000002,
2026-04-22T20:20:00,04/22/202608:20,34.92,0,0,52.160000000000004,0,0,0,0.8,16,198.7,23803,45030,18.8,18.5,86,29.77,12.37,163,0,0.2,
2026-04-22T20:20:20,04/22/202608:20,33.559999999999995,0,0,52.15,0,0,0,0.8,16,198.7,23803,45030,18.8,18.5,86,29.77,12.37,163,0,0.2,
2026-04-22T20:21:47,04/22/202608:21,32.019999999999996,0,0,52.13000000000001,0,0,0,0.8,16,198.7,23803,45030,18.8,18.53,86,29.77,12.37,163,0,0.2,
2026-04-22T20:22:01,04/22/202608:22,30.709999999999997,0,0,52.11,0,0,0,0.8,16,198.7,23803,45030,18.8,18.56,86,29.77,12.37,163,0,0.2,
2026-04-22T20:22:20,04/22/202608:22,29.24,0,0,52.1,0,0,0,0.8,16,198.7,23803,45030,18.8,18.59,86,29.77,12.288999999999998,163.7,0,0.2,
2026-04-22T20:23:00,04/22/202608:23,28.089999999999996,0,0,52.1,0,0,0,0.8,16,198.7,23803,45030,18.8,18.619999999999997,86,29.77,12.208,164.4,0,0.2,
2026-04-22T20:23:21,04/22/202608:23,26.889999999999997,0,0,52.089999999999996,0,0,0,0.8,16,198.7,23803,45030,18.8,18.65,86,29.77,12.126999999999999,165.1,0,0.2,
2026-04-22T20:24:00,04/22/202608:24,25.880000000000003,0,0,52.08,0,0,0,0.8,16,198.7,23803,45030,18.8,18.68,86,29.77,12.046,165.8,0,0.2,
2026-04-22T20:24:20,04/22/202608:24,24.86,0,0,52.07000000000001,0,0,0,0.8,16,198.7,23803,45030,18.8,18.71,86,29.77,11.965,166.5,0,0.2,
2026-04-22T20:25:23,04/22/202608:25,24.27,0,0,52.05,0,0,0,0.8,16,198.7,23803,45030,18.8,18.740000000000002,86,29.77,11.884,167.2,0,0.2,
2026-04-22T20:25:24,04/22/202608:25,23.630000000000003,0,0,52.04,0,0,0,0.8,16,198.7,23803,45030,18.8,18.770000000000003,86,29.77,11.803,167.9,0,0.2,
2026-04-22T20:26:00,04/22/202608:26,23.18,0,0,52.04,0,0,0,0.8,16,198.7,23803,45030,18.8,18.8,86,29.77,11.722,168.6,0,0.2,
2026-04-22T20:26:23,04/22/202608:26,22.880000000000003,0,0,52.04,0,0,0,0.8,16,198.7,23803,45030,18.8,18.8,86,29.77,11.641,169.3,0,0.2,
2026-04-22T20:27:00,04/22/202608:27,22.580000000000002,0,0,52.04,0,0,0,0.8,16,198.7,23803,45030,18.8,18.8,86,29.77,11.56,170,0,0.2,
2026-04-22T20:27:20,04/22/202608:27,22.419999999999998,0,0,52.04,0,0,0,0.8,16,198.7,23803,45030,18.8,18.8,86,29.77,11.56,170,0,0.2,
2026-04-22T20:28:00,04/22/202608:28,22.259999999999998,0,0,52.04,0,0,0,0.8,16,198.7,23803,45030,18.8,18.8,86,29.77,11.56,170,0,0.2,
2026-04-22T20:28:21,04/22/202608:28,22.119999999999997,0,0,52.04,0,0,0,0.8,16,198.7,23803,45030,18.8,18.8,86,29.77,11.56,170,0,0.2,
2026-04-22T20:29:00,04/22/202608:29,21.979999999999997,0,0,52.04,0,0,0,0.8,16,198.7,23803,45030,18.8,18.8,86,29.77,11.56,170,0,0.2,
2026-04-22T20:30:01,04/22/202608:30,21.85,0,0,52.04,0,0,0,0.8,16,198.7,23803,45030,18.8,18.8,86,29.77,11.56,170,0,0.2,
2026-04-22T20:30:20,04/22/202608:30,21.71,0,0,52.04,0,0,0,0.8,16,198.7,23803,45030,18.8,18.8,86,29.77,11.56,170,0,0.2,
2026-04-22T20:31:00,04/22/202608:31,21.619999999999997,0,0,52.029999999999994,0,0,0,0.8,16,198.7,23803,45030,18.8,18.8,86,29.77,11.56,170,0,0.2,
2026-04-22T20:32:59,04/22/202608:32,21.52,0,0,52.02,0,0,0,0.8,16,198.7,23803,45030,18.8,18.770000000000003,86,29.77,11.435,169.7,0,0.19,
2026-04-22T20:33:01,04/22/202608:33,21.45,0,0,52.02,0,0,0,0.8,16,198.7,23803,45030,18.8,18.740000000000002,86,29.77,11.31,169.4,0,0.18,
2026-04-22T20:33:21,04/22/202608:33,21.369999999999997,0,0,52.010000000000005,0,0,0,0.8,16,198.7,23803,45030,18.8,18.71,86,29.77,11.185,169.1,0,0.17,
2026-04-22T20:34:00,04/22/202608:34,21.31,0,0,51.989999999999995,0,0,0,0.8,16,198.7,23803,45030,18.8,18.68,86,29.77,11.06,168.8,0,0.16,
2026-04-22T20:35:01,04/22/202608:35,21.25,0,0,51.98,0,0,0,0.8,16,198.7,23803,45030,18.8,18.65,86,29.77,10.935,168.5,0,0.15,
2026-04-22T20:36:00,04/22/202608:36,21.22,0,0,51.98,0,0,0,0.8,16,198.7,23803,45030,18.8,18.619999999999997,86,29.77,10.81,168.2,0,0.14,
2026-04-22T20:36:21,04/22/202608:36,21.18,0,0,51.98,0,0,0,0.8,16,198.7,23803,45030,18.8,18.59,86,29.77,10.685,167.9,0,0.13,
2026-04-22T20:37:00,04/22/202608:37,21.14,0,0,51.98,0,0,0,0.8,16,198.7,23803,45030,18.8,18.56,86,29.77,10.56,167.6,0,0.12000000000000002,
2026-04-22T20:38:01,04/22/202608:38,21.11,0,0,51.98,0,0,0,0.8,16,198.7,23803,45030,18.8,18.53,86,29.77,10.435,167.3,0,0.11000000000000001,
2026-04-22T20:39:00,04/22/202608:39,21.080000000000002,0,0,51.98,0,0,0,0.8,16,198.7,23803,45030,18.8,18.5,86,29.77,10.31,167,0,0.1,
2026-04-22T20:39:17,04/22/202608:39,21.05,0,0,51.98,0,0,0,0.8,16,198.7,23803,45030,18.8,18.5,86,29.77,10.31,167,0,0.1,
2026-04-22T20:40:01,04/22/202608:40,21.02,0,0,51.98,0,0,0,0.8,16,198.7,23803,45030,18.8,18.5,86,29.77,10.31,167,0,0.1,
2026-04-22T20:41:01,04/22/202608:41,21,0,0,51.989999999999995,0,0,0,0.8,16,198.7,23803,45030,18.8,18.5,86,29.77,10.31,167,0,0.1,
2026-04-22T20:42:00,04/22/202608:42,20.98,0,0,52,0,0,0,0.8,16,198.7,23803,45030,18.8,18.5,86,29.77,10.31,167,0,0.1,
2026-04-22T20:44:11,04/22/202608:44,20.96,0,0,51.989999999999995,0,0,0,0.8,16,198.7,23803,45030,18.8,18.5,86,29.77,10.31,167,0,0.1,
2026-04-22T20:45:00,04/22/202608:45,20.939999999999998,0,0,51.98,0,0,0,0.8,16,198.7,23803,45030,18.8,18.5,86,29.77,10.31,167,0,0.1,
2026-04-22T20:46:00,04/22/202608:46,20.93,0,0,51.970000000000006,0,0,0,0.8,16,198.7,23803,45030,18.8,18.5,86,29.77,10.31,167,0,0.1,
2026-04-22T20:47:00,04/22/202608:47,20.919999999999998,0,0,51.970000000000006,0,0,0,0.8,16,198.7,23803,45030,18.8,18.5,86.1,29.773000000000003,10.255,166.7,0,0.09,
2026-04-22T20:47:01,04/22/202608:47,20.9,0,0,51.95,0,0,0,0.8,16,198.7,23803,45030,18.8,18.5,86.2,29.776,10.2,166.4,0,0.08,
2026-04-22T20:48:00,04/22/202608:48,20.88,0,0,51.95,0,0,0,0.8,16,198.7,23803,45030,18.8,18.5,86.3,29.779000000000003,10.145,166.1,0,0.07,
2026-04-22T20:49:01,04/22/202608:49,20.869999999999997,0,0,51.94,0,0,0,0.8,16,198.7,23803,45030,18.8,18.5,86.4,29.782,10.09,165.8,0,0.06,
2026-04-22T20:49:21,04/22/202608:49,20.869999999999997,0,0,51.92999999999999,0,0,0,0.8,16,198.7,23803,45030,18.8,18.5,86.5,29.785000000000004,10.035,165.5,0,0.05,
2026-04-22T20:50:00,04/22/202608:50,20.869999999999997,0,0,51.92,0,0,0,0.8,16,198.7,23803,45030,18.8,18.5,86.6,29.788,9.98,165.2,0,0.04,
2026-04-22T20:51:01,04/22/202608:51,20.869999999999997,0,0,51.910000000000004,0,0,0,0.8,16,198.7,23803,45030,18.8,18.5,86.7,29.791000000000004,9.925,164.9,0,0.030000000000000006,
2026-04-22T20:52:00,04/22/202608:52,20.869999999999997,0,0,51.92,0,0,0,0.8,16,198.7,23803,45030,18.8,18.5,86.8,29.794,9.870000000000001,164.6,0,0.02,
2026-04-22T20:53:00,04/22/202608:53,20.869999999999997,0,0,51.92,0,0,0,0.8,16,198.7,23803,45030,18.8,18.5,86.9,29.797000000000004,9.815000000000001,164.3,0,0.01,
2026-04-22T20:55:21,04/22/202608:55,20.869999999999997,0,0,51.92,0,0,0,0.8,16,198.7,23803,45030,18.8,18.5,86.9,29.8,9.76,164,0,0,
2026-04-22T20:56:00,04/22/202608:56,20.869999999999997,0,0,51.910000000000004,0,0,0,0.8,16,198.7,23803,45030,18.8,18.5,86.8,29.8,9.76,164,0,0,
2026-04-22T20:56:12,04/22/202608:56,20.869999999999997,0,0,51.92,0,0,0,0.8,16,198.7,23803,45030,18.8,18.5,86.7,29.8,9.76,164,0,0,
2026-04-22T20:57:01,04/22/202608:57,20.869999999999997,0,0,51.910000000000004,0,0,0,0.8,16,198.7,23803,45030,18.8,18.5,86.6,29.8,9.76,164,0,0,
2026-04-22T20:58:00,04/22/202608:58,20.869999999999997,0,0,51.910000000000004,0,0,0,0.8,16,198.7,23803,45030,18.8,18.5,86.5,29.8,9.76,164,0,0,
2026-04-22T20:59:01,04/22/202608:59,20.86,0,0,51.910000000000004,0,0,0,0.8,16,198.7,23803,45030,18.8,18.5,86.4,29.8,9.76,164,0,0,
2026-04-22T21:00:00,04/22/202609:00,20.85,0,0,51.910000000000004,0,0,0,0.8,16,198.7,23803,45030,18.8,18.5,86.3,29.8,9.76,164,0,0,
2026-04-22T21:00:12,04/22/202609:00,20.85,0,0,51.910000000000004,0,0,0,0.8,16,198.7,23803,45030,18.8,18.5,86.2,29.8,9.76,164,0,0,
2026-04-22T21:01:01,04/22/202609:01,20.85,0,0,51.9,0,0,0,0.8,16,198.7,23803,45030,18.8,18.5,86.1,29.8,9.76,164,0,0,
2026-04-22T21:01:13,04/22/202609:01,20.84,0,0,51.9,0,0,0,0.8,16,198.7,23803,45030,18.8,18.5,86.1,29.8,9.834,164.5,0,0,
2026-04-22T21:02:00,04/22/202609:02,20.830000000000002,0,0,51.9,0,0,0,0.8,16,198.7,23803,45030,18.8,18.5,86.2,29.8,9.908,165,0,0,
2026-04-22T21:02:12,04/22/202609:02,20.830000000000002,0,0,51.9,0,0,0,0.8,16,198.7,23803,45030,18.8,18.5,86.3,29.8,9.982,165.5,0,0,
2026-04-22T21:03:00,04/22/202609:03,20.84,0,0,51.9,0,0,0,0.8,16,198.7,23803,45030,18.8,18.5,86.4,29.8,10.056000000000001,166,0,0,
2026-04-22T21:04:01,04/22/202609:04,20.85,0,0,51.9,0,0,0,0.8,16,198.7,23803,45030,18.8,18.5,86.5,29.8,10.129999999999999,166.5,0,0,
2026-04-22T21:05:00,04/22/202609:05,20.86,0,0,51.89,0,0,0,0.8,16,198.7,23803,45030,18.7,18.5,86.6,29.8,10.203999999999999,167,0,0,
2026-04-22T21:06:33,04/22/202609:06,20.869999999999997,0,0,51.89,0,0,0,0.8,16,198.7,23803,45030,18.8,18.5,86.7,29.8,10.278,167.5,0,0,
2026-04-22T21:06:59,04/22/202609:06,20.869999999999997,0,0,51.879999999999995,0,0,0,0.8,16,198.7,23803,45030,18.8,18.5,86.8,29.8,10.352,168,0,0,
2026-04-22T21:07:00,04/22/202609:07,20.86,0,0,51.86999999999999,0,0,0,0.8,16,198.7,23803,45030,18.8,18.5,86.9,29.8,10.426,168.5,0,0,
2026-04-22T21:08:00,04/22/202609:08,20.85,0,0,51.86999999999999,0,0,0,0.8,16,198.7,23803,45030,18.8,18.5,87,29.8,10.5,169,0,0,
2026-04-22T21:09:00,04/22/202609:09,20.85,0,0,51.86999999999999,0,0,0,0.8,16,198.7,23803,45030,18.7,18.5,87,29.8,10.5,169,0,0,
2026-04-22T21:09:58,04/22/202609:09,20.84,0,0,51.86,0,0,0,0.8,16,198.7,23803,45030,18.7,18.5,87,29.8,10.5,169,0,0,
2026-04-22T21:10:01,04/22/202609:10,20.82,0,0,51.85,0,0,0,0.8,16,198.7,23803,45030,18.7,18.5,87,29.8,10.5,169,0,0,
2026-04-22T21:11:00,04/22/202609:11,20.8,0,0,51.85,0,0,0,0.8,16,198.7,23803,45030,18.8,18.5,87,29.8,10.5,169,0,0,
2026-04-22T21:11:59,04/22/202609:11,20.79,0,0,51.85,0,0,0,0.8,16,198.7,23803,45030,18.8,18.5,87,29.8,10.5,169,0,0,
2026-04-22T21:12:00,04/22/202609:12,20.78,0,0,51.86,0,0,0,0.8,16,198.7,23803,45030,18.8,18.5,87,29.8,10.5,169,0,0,
2026-04-22T21:13:00,04/22/202609:13,20.77,0,0,51.86,0,0,0,0.8,16,198.7,23803,45030,18.7,18.5,87,29.8,10.5,169,0,0,
2026-04-22T21:14:00,04/22/202609:14,20.77,0,0,51.86999999999999,0,0,0,0.8,16,198.7,23803,45030,18.8,18.5,87,29.8,10.5,169,0,0,
2026-04-22T21:14:10,04/22/202609:14,20.78,0,0,51.86999999999999,0,0,0,0.8,16,198.7,23803,45030,18.8,18.5,87,29.8,10.5,169,0,0,
2026-04-22T21:15:00,04/22/202609:15,20.79,0,0,51.86,0,0,0,0.8,16,198.7,23803,45030,18.8,18.5,87,29.8,10.5,169,0,0,
2026-04-22T21:15:44,04/22/202609:15,20.79,0,0,51.85,0,0,0,0.8,16,198.7,23803,45030,18.7,18.5,87,29.8,10.5,169,0,0,
2026-04-22T21:16:00,04/22/202609:16,20.8,0,0,51.85,0,0,0,0.8,16,198.7,23803,45030,18.8,18.5,87,29.8,10.5,169,0,0,
2026-04-22T21:17:45,04/22/202609:17,20.8,0,0,51.86,0,0,0,0.8,16,198.7,23803,45030,18.8,18.5,87.1,29.8,10.5,168.5,0,0,
2026-04-22T21:17:52,04/22/202609:17,20.81,0,0,51.86,0,0,0,0.8,16,198.7,23803,45030,18.8,18.5,87.2,29.8,10.5,168,0,0,
2026-04-22T21:18:00,04/22/202609:18,20.81,0,0,51.86,0,0,0,0.8,16,198.7,23803,45030,18.8,18.5,87.3,29.8,10.5,167.5,0,0,
2026-04-22T21:19:00,04/22/202609:19,20.81,0,0,51.86,0,0,0,0.8,16,198.7,23803,45030,18.7,18.5,87.4,29.8,10.5,167,0,0,
2026-04-22T21:19:37,04/22/202609:19,20.8,0,0,51.85,0,0,0,0.8,16,198.7,23803,45030,18.7,18.5,87.5,29.8,10.5,166.5,0,0,
2026-04-22T21:20:00,04/22/202609:20,20.79,0,0,51.839999999999996,0,0,0,0.8,16,198.7,23803,45030,18.7,18.5,87.6,29.8,10.5,166,0,0,
2026-04-22T21:20:36,04/22/202609:20,20.78,0,0,51.839999999999996,0,0,0,0.8,16,198.7,23803,45030,18.8,18.5,87.7,29.8,10.5,165.5,0,0,
2026-04-22T21:21:01,04/22/202609:21,20.77,0,0,51.839999999999996,0,0,0,0.8,16,198.7,23803,45030,18.8,18.5,87.8,29.8,10.5,165,0,0,
2026-04-22T21:21:36,04/22/202609:21,20.759999999999998,0,0,51.839999999999996,0,0,0,0.8,16,198.7,23803,45030,18.8,18.5,87.9,29.8,10.5,164.5,0,0,
2026-04-22T21:22:00,04/22/202609:22,20.75,0,0,51.839999999999996,0,0,0,0.8,16,198.7,23803,45030,18.8,18.5,88,29.8,10.5,164,0,0,
2026-04-22T21:22:35,04/22/202609:22,20.759999999999998,0,0,51.83,0,0,0,0.8,16,198.7,23803,45030,18.8,18.5,88,29.8,10.5,164,0,0,
2026-04-22T21:23:01,04/22/202609:23,20.759999999999998,0,0,51.81999999999999,0,0,0,0.8,16,198.7,23803,45030,18.8,18.5,88,29.8,10.5,164,0,0,
2026-04-22T21:24:00,04/22/202609:24,20.759999999999998,0,0,51.81,0,0,0,0.8,16,198.7,23803,45030,18.7,18.5,88,29.8,10.5,164,0,0,
2026-04-22T21:24:37,04/22/202609:24,20.77,0,0,51.8,0,0,0,0.8,16,198.7,23803,45030,18.8,18.5,88,29.8,10.5,164,0,0,
2026-04-22T21:25:00,04/22/202609:25,20.79,0,0,51.8,0,0,0,0.8,16,198.7,23803,45030,18.8,18.5,88,29.8,10.5,164,0,0,
2026-04-22T21:26:01,04/22/202609:26,20.81,0,0,51.8,0,0,0,0.8,16,198.7,23803,45030,18.7,18.5,88,29.8,10.5,164,0,0,
2026-04-22T21:27:00,04/22/202609:27,20.82,0,0,51.8,0,0,0,0.8,16,198.7,23803,45030,18.8,18.5,88,29.8,10.5,164,0,0,
2026-04-22T21:28:56,04/22/202609:28,20.83,0,0,51.8,0,0,0,0.8,16,198.7,23803,45030,18.7,18.5,88,29.8,10.5,164,0,0,
2026-04-22T21:29:01,04/22/202609:29,20.85,0,0,51.8,0,0,0,0.8,16,198.7,23803,45030,18.7,18.5,88,29.8,10.5,164,0,0,
2026-04-22T21:30:00,04/22/202609:30,20.869999999999997,0,0,51.81,0,0,0,0.8,16,198.7,23803,45030,18.7,18.54,88,29.8,10.5,164,0,0,
2026-04-22T21:31:01,04/22/202609:31,20.88,0,0,51.81,0,0,0,0.8,16,198.7,23803,45030,18.8,18.580000000000002,88.1,29.797000000000004,10.637,163.4,0,0,
2026-04-22T21:32:00,04/22/202609:32,20.889999999999997,0,0,51.81,0,0,0,0.8,16,198.7,23803,45030,18.7,18.619999999999997,88.2,29.794,10.774,162.8,0,0,
2026-04-22T21:33:00,04/22/202609:33,20.9,0,0,51.81,0,0,0,0.8,16,198.7,23803,45030,18.7,18.66,88.3,29.791000000000004,10.911,162.2,0,0,
2026-04-22T21:34:01,04/22/202609:34,20.9,0,0,51.81,0,0,0,0.8,16,198.7,23803,45030,18.7,18.7,88.4,29.788,11.047999999999998,161.6,0,0,
2026-04-22T21:35:00,04/22/202609:35,20.9,0,0,51.81,0,0,0,0.8,16,198.7,23803,45030,18.7,18.74,88.5,29.785000000000004,11.184999999999999,161,0,0,
2026-04-22T21:36:01,04/22/202609:36,20.9,0,0,51.81,0,0,0,0.8,16,198.7,23803,45030,18.7,18.779999999999998,88.6,29.782,11.322,160.4,0,0,
2026-04-22T21:37:00,04/22/202609:37,20.9,0,0,51.81,0,0,0,0.8,16,198.7,23803,45030,18.7,18.82,88.7,29.779000000000003,11.459,159.8,0,0,
2026-04-22T21:37:33,04/22/202609:37,20.889999999999997,0,0,51.81,0,0,0,0.8,16,198.7,23803,45030,18.8,18.86,88.8,29.776,11.596,159.2,0,0,
2026-04-22T21:38:01,04/22/202609:38,20.88,0,0,51.81,0,0,0,0.8,16,198.7,23803,45030,18.8,18.9,88.9,29.773000000000003,11.733,158.6,0,0,
2026-04-22T21:40:08,04/22/202609:40,20.88,0,0,51.8,0,0,0,0.8,16,198.7,23803,45030,18.7,18.9,89,29.77,11.87,158,0,0,
2026-04-22T21:40:33,04/22/202609:40,20.869999999999997,0,0,51.81,0,0,0,0.8,16,198.7,23803,45030,18.8,18.9,89,29.77,11.87,158,0,0,
2026-04-22T21:41:00,04/22/202609:41,20.86,0,0,51.81999999999999,0,0,0,0.8,16,198.7,23803,45030,18.8,18.9,89,29.77,11.87,158,0,0,
2026-04-22T21:42:00,04/22/202609:42,20.85,0,0,51.83,0,0,0,0.8,16,198.7,23803,45030,18.7,18.9,89,29.77,11.87,158,0,0,
2026-04-22T21:42:33,04/22/202609:42,20.85,0,0,51.83,0,0,0,0.8,16,198.7,23803,45030,18.7,18.9,89,29.77,11.87,158,0,0,
2026-04-22T21:43:00,04/22/202609:43,20.85,0,0,51.83,0,0,0,0.8,16,198.7,23803,45030,18.7,18.9,89,29.77,11.87,158,0,0,
2026-04-22T21:44:00,04/22/202609:44,20.85,0,0,51.83,0,0,0,0.8,16,198.7,23803,45030,18.7,18.9,89,29.77,11.87,158,0,0,
2026-04-22T21:45:01,04/22/202609:45,20.85,0,0,51.83,0,0,0,0.8,16,198.7,23803,45030,18.7,18.9,89,29.77,11.87,158,0,0,
2026-04-22T21:46:00,04/22/202609:46,20.86,0,0,51.839999999999996,0,0,0,0.8,16,198.7,23803,45030,18.7,18.9,89.1,29.77,11.876,157.9,0,0,
2026-04-22T21:47:00,04/22/202609:47,20.869999999999997,0,0,51.839999999999996,0,0,0,0.8,16,198.7,23803,45030,18.7,18.9,89.2,29.77,11.882,157.8,0,0,
2026-04-22T21:48:00,04/22/202609:48,20.869999999999997,0,0,51.839999999999996,0,0,0,0.8,16,198.7,23803,45030,18.7,18.9,89.3,29.77,11.888,157.7,0,0,
2026-04-22T21:49:00,04/22/202609:49,20.88,0,0,51.83,0,0,0,0.8,16,198.7,23803,45030,18.7,18.9,89.4,29.77,11.894,157.6,0,0,
2026-04-22T21:49:49,04/22/202609:49,20.88,0,0,51.81999999999999,0,0,0,0.8,16,198.7,23803,45030,18.7,18.9,89.5,29.77,11.9,157.5,0,0,
2026-04-22T21:51:21,04/22/202609:51,20.88,0,0,51.81,0,0,0,0.8,16,198.7,23803,45030,18.7,18.9,89.6,29.77,11.906,157.4,0,0,
2026-04-22T21:51:49,04/22/202609:51,20.88,0,0,51.81,0,0,0,0.8,16,198.7,23803,45030,18.7,18.9,89.7,29.77,11.911999999999999,157.3,0,0,
2026-04-22T21:52:00,04/22/202609:52,20.88,0,0,51.81,0,0,0,0.8,16,198.7,23803,45030,18.7,18.9,89.8,29.77,11.918,157.2,0,0,
2026-04-22T21:52:49,04/22/202609:52,20.869999999999997,0,0,51.81,0,0,0,0.8,16,198.7,23803,45030,18.8,18.9,89.9,29.77,11.924,157.1,0,0,
2026-04-22T21:53:01,04/22/202609:53,20.86,0,0,51.81,0,0,0,0.8,16,198.7,23803,45030,18.8,18.9,90,29.77,11.93,157,0,0,
2026-04-22T21:53:34,04/22/202609:53,20.86,0,0,51.8,0,0,0,0.8,16,198.7,23803,45030,18.7,18.9,90,29.77,11.93,157,0,0,
2026-04-22T21:54:00,04/22/202609:54,20.86,0,0,51.8,0,0,0,0.8,16,198.7,23803,45030,18.7,18.9,90,29.77,11.93,157,0,0,
2026-04-22T21:55:00,04/22/202609:55,20.86,0,0,51.8,0,0,0,0.8,16,198.7,23803,45030,18.7,18.9,90,29.77,11.93,157,0,0,
2026-04-22T21:55:34,04/22/202609:55,20.85,0,0,51.8,0,0,0,0.8,16,198.7,23803,45030,18.7,18.9,90,29.77,11.93,157,0,0,
2026-04-22T21:56:01,04/22/202609:56,20.85,0,0,51.8,0,0,0,0.8,16,198.7,23803,45030,18.7,18.9,90,29.77,11.93,157,0,0,
2026-04-22T21:57:01,04/22/202609:57,20.85,0,0,51.8,0,0,0,0.8,16,198.7,23803,45030,18.7,18.9,90,29.77,11.93,157,0,0,
2026-04-22T21:58:00,04/22/202609:58,20.84,0,0,51.8,0,0,0,0.8,16,198.7,23803,45030,18.7,18.9,90,29.77,11.93,157,0,0,
2026-04-22T21:59:01,04/22/202609:59,20.830000000000002,0,0,51.8,0,0,0,0.8,16,198.7,23803,45030,18.7,18.9,90,29.77,11.93,157,0,0,
2026-04-22T22:00:00,04/22/202610:00,20.830000000000002,0,0,51.8,0,0,0,0.8,16,198.7,23803,45030,18.7,18.9,90,29.77,11.93,157,0,0,
2026-04-22T22:02:33,04/22/202610:02,20.84,0,0,51.8,0,0,0,0.8,16,198.7,23803,45030,18.7,18.9,90,29.77,12.011,156.5,0,0,
2026-04-22T22:03:00,04/22/202610:03,20.84,0,0,51.8,0,0,0,0.8,16,198.7,23803,45030,18.7,18.9,90,29.77,12.092,156,0,0,
2026-04-22T22:03:12,04/22/202610:03,20.830000000000002,0,0,51.81,0,0,0,0.8,16,198.7,23803,45030,18.7,18.9,90,29.77,12.173,155.5,0,0,
2026-04-22T22:04:01,04/22/202610:04,20.82,0,0,51.81999999999999,0,0,0,0.8,16,198.7,23803,45030,18.7,18.9,90,29.77,12.254,155,0,0,
2026-04-22T22:05:01,04/22/202610:05,20.82,0,0,51.81999999999999,0,0,0,0.8,16,198.7,23803,45030,18.7,18.9,90,29.77,12.334999999999999,154.5,0,0,
2026-04-22T22:05:50,04/22/202610:05,20.830000000000002,0,0,51.81999999999999,0,0,0,0.8,16,198.7,23803,45030,18.7,18.9,90,29.77,12.416,154,0,0,
2026-04-22T22:06:00,04/22/202610:06,20.84,0,0,51.81999999999999,0,0,0,0.8,16,198.7,23803,45030,18.7,18.9,90,29.77,12.497,153.5,0,0,
2026-04-22T22:07:01,04/22/202610:07,20.85,0,0,51.81999999999999,0,0,0,0.8,16,198.7,23803,45030,18.7,18.9,90,29.77,12.578,153,0,0,
2026-04-22T22:08:00,04/22/202610:08,20.86,0,0,51.81999999999999,0,0,0,0.8,16,198.7,23803,45030,18.7,18.9,90,29.77,12.659,152.5,0,0,
2026-04-22T22:09:00,04/22/202610:09,20.869999999999997,0,0,51.83,0,0,0,0.8,16,198.7,23803,45030,18.7,18.9,90,29.77,12.74,152,0,0,
2026-04-22T22:09:51,04/22/202610:09,20.86,0,0,51.83,0,0,0,0.8,16,198.7,23803,45030,18.7,18.9,90,29.77,12.74,152,0,0,
2026-04-22T22:10:01,04/22/202610:10,20.85,0,0,51.83,0,0,0,0.8,16,198.7,23803,45030,18.7,18.9,90,29.77,12.74,152,0,0,
2026-04-22T22:10:50,04/22/202610:10,20.86,0,0,51.81999999999999,0,0,0,0.8,16,198.7,23803,45030,18.7,18.9,90,29.77,12.74,152,0,0,
2026-04-22T22:11:00,04/22/202610:11,20.869999999999997,0,0,51.81,0,0,0,0.8,16,198.7,23803,45030,18.7,18.9,90,29.77,12.74,152,0,0,
2026-04-22T22:12:01,04/22/202610:12,20.88,0,0,51.81,0,0,0,0.8,16,198.7,23803,45030,18.7,18.9,90,29.77,12.74,152,0,0,
2026-04-22T22:16:08,04/22/202610:16,20.88,0,0,51.81,0,0,0,0.8,16,198.7,23803,45030,18.7,18.9,90,29.77,12.74,152,0,0,
2026-04-22T22:16:34,04/22/202610:16,20.86,0,0,51.81,0,0,0,0.8,16,198.7,23803,45030,18.7,18.9,90,29.767000000000003,12.790000000000001,152.4,0,0,
2026-04-22T22:17:00,04/22/202610:17,20.839999999999996,0,0,51.81,0,0,0,0.8,16,198.7,23803,45030,18.7,18.9,90,29.764,12.84,152.8,0,0,
2026-04-22T22:17:34,04/22/202610:17,20.83,0,0,51.81,0,0,0,0.8,16,198.7,23803,45030,18.7,18.9,90,29.761000000000003,12.89,153.2,0,0,
2026-04-22T22:18:00,04/22/202610:18,20.82,0,0,51.8,0,0,0,0.8,16,198.7,23803,45030,18.7,18.9,90,29.758,12.940000000000001,153.6,0,0,
2026-04-22T22:19:01,04/22/202610:19,20.82,0,0,51.8,0,0,0,0.8,16,198.7,23803,45030,18.7,18.9,90,29.755000000000003,12.99,154,0,0,
2026-04-22T22:19:16,04/22/202610:19,20.81,0,0,51.8,0,0,0,0.8,16,198.7,23803,45030,18.7,18.9,90,29.752,13.040000000000001,154.4,0,0,
2026-04-22T22:20:00,04/22/202610:20,20.79,0,0,51.8,0,0,0,0.8,16,198.7,23803,45030,18.7,18.9,90,29.749000000000002,13.09,154.8,0,0,
2026-04-22T22:21:00,04/22/202610:21,20.77,0,0,51.8,0,0,0,0.8,16,198.7,23803,45030,18.7,18.9,90,29.746,13.14,155.2,0,0,
2026-04-22T22:22:01,04/22/202610:22,20.75,0,0,51.8,0,0,0,0.8,16,198.7,23803,45030,18.7,18.9,90,29.743000000000002,13.190000000000001,155.6,0,0,
2026-04-22T22:22:16,04/22/202610:22,20.740000000000002,0,0,51.8,0,0,0,0.8,16,198.7,23803,45030,18.7,18.9,90,29.74,13.24,156,0,0,
2026-04-22T22:23:00,04/22/202610:23,20.75,0,0,51.8,0,0,0,0.8,16,198.7,23803,45030,18.7,18.9,90,29.74,13.24,156,0,0,
2026-04-22T22:23:16,04/22/202610:23,20.75,0,0,51.8,0,0,0,0.8,16,198.7,23803,45030,18.7,18.9,90,29.74,13.24,156,0,0,
2026-04-22T22:24:01,04/22/202610:24,20.740000000000002,0,0,51.8,0,0,0,0.8,16,198.7,23803,45030,18.7,18.9,90,29.74,13.24,156,0,0,
2026-04-22T22:24:55,04/22/202610:24,20.740000000000002,0,0,51.8,0,0,0,0.8,16,198.7,23803,45030,18.7,18.9,90,29.74,13.24,156,0,0,
2026-04-22T22:25:00,04/22/202610:25,20.740000000000002,0,0,51.8,0,0,0,0.8,16,198.7,23803,45030,18.7,18.9,90,29.74,13.24,156,0,0,
2026-04-22T22:27:19,04/22/202610:27,20.75,0,0,51.8,0,0,0,0.8,16,198.7,23803,45030,18.7,18.9,90,29.74,13.24,156,0,0,
2026-04-22T22:28:00,04/22/202610:28,20.759999999999998,0,0,51.8,0,0,0,0.8,16,198.7,23803,45030,18.7,18.9,90,29.74,13.24,156,0,0,
2026-04-22T22:29:00,04/22/202610:29,20.77,0,0,51.8,0,0,0,0.8,16,198.7,23803,45030,18.7,18.9,90,29.74,13.24,156,0,0,
2026-04-22T22:30:00,04/22/202610:30,20.78,0,0,51.8,0,0,0,0.8,16,198.7,23803,45030,18.7,18.9,90,29.74,13.24,156,0,0,
2026-04-22T22:31:01,04/22/202610:31,20.78,0,0,51.8,0,0,0,0.8,16,198.7,23803,45030,18.7,18.9,90,29.74,13.24,156,0,0,
2026-04-22T22:32:00,04/22/202610:32,20.78,0,0,51.8,0,0,0,0.8,16,198.7,23803,45030,18.7,18.91,90,29.74,13.327000000000002,156.1,0,0,
2026-04-22T22:33:00,04/22/202610:33,20.79,0,0,51.8,0,0,0,0.8,16,198.7,23803,45030,18.7,18.93,90,29.74,13.376,155.9,0,0,
2026-04-22T22:33:32,04/22/202610:33,20.79,0,0,51.8,0,0,0,0.8,16,198.7,23803,45030,18.7,18.95,90,29.74,13.425,155.7,0,0,
2026-04-22T22:34:00,04/22/202610:34,20.78,0,0,51.8,0,0,0,0.8,16,198.7,23803,45030,18.7,18.97,90,29.74,13.474,155.5,0,0,
2026-04-22T22:35:00,04/22/202610:35,20.77,0,0,51.8,0,0,0,0.8,16,198.7,23803,45030,18.7,18.990000000000002,90.1,29.74,13.523,155.3,0,0,
2026-04-22T22:36:00,04/22/202610:36,20.759999999999998,0,0,51.79,0,0,0,0.8,16,198.7,23803,45030,18.7,19.009999999999998,90.2,29.74,13.572,155.1,0,0,
2026-04-22T22:37:00,04/22/202610:37,20.75,0,0,51.79,0,0,0,0.8,16,198.7,23803,45030,18.7,19.03,90.3,29.74,13.621,154.9,0,0,
2026-04-22T22:38:33,04/22/202610:38,20.740000000000002,0,0,51.79,0,0,0,0.8,16,198.7,23803,45030,18.7,19.05,90.4,29.74,13.669999999999998,154.7,0,0,
2026-04-22T22:39:00,04/22/202610:39,20.73,0,0,51.79,0,0,0,0.8,16,198.7,23803,45030,18.7,19.07,90.5,29.74,13.719,154.5,0,0,
2026-04-22T22:39:32,04/22/202610:39,20.73,0,0,51.779999999999994,0,0,0,0.8,16,198.7,23803,45030,18.7,19.09,90.6,29.74,13.768,154.3,0,0,
2026-04-22T22:40:01,04/22/202610:40,20.73,0,0,51.77,0,0,0,0.8,16,198.7,23803,45030,18.7,19.1,90.7,29.74,13.73,154,0,0,
2026-04-22T22:40:33,04/22/202610:40,20.72,0,0,51.77,0,0,0,0.8,16,198.7,23803,45030,18.7,19.1,90.8,29.74,13.73,154,0,0,
2026-04-22T22:41:00,04/22/202610:41,20.72,0,0,51.77,0,0,0,0.8,16,198.7,23803,45030,18.7,19.1,90.9,29.74,13.73,154,0,0,
2026-04-22T22:41:33,04/22/202610:41,20.73,0,0,51.77,0,0,0,0.8,16,198.7,23803,45030,18.6,19.1,91,29.74,13.73,154,0,0,
2026-04-22T22:42:01,04/22/202610:42,20.740000000000002,0,0,51.77,0,0,0,0.8,16,198.7,23803,45030,18.6,19.1,91,29.74,13.73,154,0,0,
2026-04-22T22:43:00,04/22/202610:43,20.75,0,0,51.779999999999994,0,0,0,0.8,16,198.7,23803,45030,18.6,19.1,91,29.74,13.73,154,0,0,
2026-04-22T22:43:33,04/22/202610:43,20.75,0,0,51.77,0,0,0,0.8,16,198.7,23803,45030,18.7,19.1,91,29.74,13.73,154,0,0,
2026-04-22T22:44:00,04/22/202610:44,20.75,0,0,51.760000000000005,0,0,0,0.8,16,198.7,23803,45030,18.7,19.1,91,29.74,13.73,154,0,0,
2026-04-22T22:44:32,04/22/202610:44,20.759999999999998,0,0,51.760000000000005,0,0,0,0.8,16,198.7,23803,45030,18.6,19.1,91,29.74,13.73,154,0,0,
2026-04-22T22:45:01,04/22/202610:45,20.759999999999998,0,0,51.77,0,0,0,0.8,16,198.7,23803,45030,18.7,19.1,91,29.74,13.73,154,0,0,
2026-04-22T22:46:01,04/22/202610:46,20.759999999999998,0,0,51.779999999999994,0,0,0,0.8,16,198.7,23803,45030,18.6,19.12,90.9,29.74,13.836000000000002,153.9,0,0,
2026-04-22T22:46:54,04/22/202610:46,20.759999999999998,0,0,51.779999999999994,0,0,0,0.8,16,198.7,23803,45030,18.6,19.14,90.8,29.74,13.942000000000002,153.8,0,0,
2026-04-22T22:47:00,04/22/202610:47,20.759999999999998,0,0,51.779999999999994,0,0,0,0.8,16,198.7,23803,45030,18.6,19.160000000000004,90.7,29.74,14.047999999999998,153.7,0,0,
2026-04-22T22:47:54,04/22/202610:47,20.759999999999998,0,0,51.77,0,0,0,0.8,16,198.7,23803,45030,18.7,19.18,90.6,29.74,14.154,153.6,0,0,
2026-04-22T22:48:01,04/22/202610:48,20.759999999999998,0,0,51.760000000000005,0,0,0,0.8,16,198.7,23803,45030,18.7,19.2,90.5,29.74,14.26,153.5,0,0,
2026-04-22T22:49:42,04/22/202610:49,20.759999999999998,0,0,51.760000000000005,0,0,0,0.8,16,198.7,23803,45030,18.6,19.220000000000002,90.4,29.74,14.366,153.4,0,0,
2026-04-22T22:49:54,04/22/202610:49,20.759999999999998,0,0,51.760000000000005,0,0,0,0.8,16,198.7,23803,45030,18.7,19.240000000000002,90.3,29.74,14.472,153.3,0,0,
2026-04-22T22:50:00,04/22/202610:50,20.759999999999998,0,0,51.760000000000005,0,0,0,0.8,16,198.7,23803,45030,18.7,19.26,90.2,29.74,14.578,153.2,0,0,
2026-04-22T22:50:01,04/22/202610:50,20.759999999999998,0,0,51.760000000000005,0,0,0,0.8,16,198.7,23803,45030,18.6,19.28,90.1,29.74,14.684000000000001,153.1,0,0,
2026-04-22T22:51:00,04/22/202610:51,20.759999999999998,0,0,51.760000000000005,0,0,0,0.8,16,198.7,23803,45030,18.7,19.3,90,29.74,14.789999999999997,153,0,0,
2026-04-22T22:52:00,04/22/202610:52,20.759999999999998,0,0,51.760000000000005,0,0,0,0.8,16,198.7,23803,45030,18.7,19.3,90,29.74,14.789999999999997,153,0,0,
2026-04-22T22:53:01,04/22/202610:53,20.77,0,0,51.75,0,0,0,0.8,16,198.7,23803,45030,18.6,19.3,90,29.74,14.789999999999997,153,0,0,
2026-04-22T22:54:00,04/22/202610:54,20.78,0,0,51.75,0,0,0,0.8,16,198.7,23803,45030,18.7,19.3,90,29.74,14.789999999999997,153,0,0,
2026-04-22T22:55:00,04/22/202610:55,20.78,0,0,51.760000000000005,0,0,0,0.8,16,198.7,23803,45030,18.7,19.3,90,29.74,14.789999999999997,153,0,0,
2026-04-22T22:56:00,04/22/202610:56,20.77,0,0,51.77,0,0,0,0.8,16,198.7,23803,45030,18.6,19.3,90,29.74,14.789999999999997,153,0,0,
2026-04-22T22:57:00,04/22/202610:57,20.759999999999998,0,0,51.77,0,0,0,0.8,16,198.7,23803,45030,18.6,19.3,90,29.74,14.789999999999997,153,0,0,
2026-04-22T22:57:01,04/22/202610:57,20.77,0,0,51.779999999999994,0,0,0,0.8,16,198.7,23803,45030,18.7,19.3,90,29.74,14.789999999999997,153,0,0,
2026-04-22T22:58:01,04/22/202610:58,20.78,0,0,51.779999999999994,0,0,0,0.8,16,198.7,23803,45030,18.6,19.3,90,29.74,14.789999999999997,153,0,0,
2026-04-22T22:59:00,04/22/202610:59,20.78,0,0,51.77,0,0,0,0.8,16,198.7,23803,45030,18.6,19.3,90,29.74,14.789999999999997,153,0,0,
2026-04-22T23:00:55,04/22/202611:00,20.78,0,0,51.77,0,0,0,0.8,16,198.7,23803,45030,18.6,19.3,90,29.74,14.789999999999997,153,0,0,
2026-04-22T23:01:01,04/22/202611:01,20.78,0,0,51.77,0,0,0,0.8,16,198.7,23803,45030,18.6,19.3,89.9,29.74,14.883,153.3,0,0,
2026-04-22T23:02:01,04/22/202611:02,20.78,0,0,51.779999999999994,0,0,0,0.8,16,198.7,23803,45030,18.6,19.3,89.8,29.74,14.975999999999999,153.6,0,0,
2026-04-22T23:03:00,04/22/202611:03,20.78,0,0,51.779999999999994,0,0,0,0.8,16,198.7,23803,45030,18.6,19.3,89.7,29.74,15.068999999999999,153.9,0,0,
2026-04-22T23:04:01,04/22/202611:04,20.78,0,0,51.77,0,0,0,0.8,16,198.7,23803,45030,18.6,19.3,89.6,29.74,15.162,154.2,0,0,
2026-04-22T23:05:00,04/22/202611:05,20.79,0,0,51.760000000000005,0,0,0,0.8,16,198.7,23803,45030,18.6,19.3,89.5,29.74,15.255,154.5,0,0,
2026-04-22T23:05:01,04/22/202611:05,20.85,0,0,51.75,0,0,0,0.8,16,198.7,23803,45030,18.7,19.3,89.4,29.74,15.347999999999999,154.8,0,0,
2026-04-22T23:06:00,04/22/202611:06,20.96,0,0,51.739999999999995,0,0,0,0.8,16,198.7,23803,45030,18.6,19.3,89.3,29.74,15.440999999999999,155.1,0,0,
2026-04-22T23:07:01,04/22/202611:07,21.080000000000002,0,0,51.75,0,0,0,0.8,16,198.7,23803,45030,18.6,19.3,89.2,29.74,15.534,155.4,0,0,
2026-04-22T23:08:01,04/22/202611:08,21.09,0,0,51.75,0,0,0,0.8,16,198.7,23803,45030,18.6,19.3,89.1,29.74,15.627,155.7,0,0,
2026-04-22T23:09:00,04/22/202611:09,21.1,0,0,51.739999999999995,0,0,0,0.8,16,198.7,23803,45030,18.6,19.3,89,29.74,15.720000000000002,156,0,0,
2026-04-22T23:09:01,04/22/202611:09,21.09,0,0,51.73,0,0,0,0.8,16,198.7,23803,45030,18.6,19.3,89,29.74,15.720000000000002,156,0,0,
2026-04-22T23:10:01,04/22/202611:10,21.09,0,0,51.720000000000006,0,0,0,0.8,16,198.7,23803,45030,18.6,19.3,89,29.74,15.720000000000002,156,0,0,
2026-04-22T23:12:08,04/22/202611:12,21.09,0,0,51.720000000000006,0,0,0,0.8,16,198.7,23803,45030,18.6,19.3,89,29.74,15.720000000000002,156,0,0,
2026-04-22T23:13:00,04/22/202611:13,21.09,0,0,51.73,0,0,0,0.8,16,198.7,23803,45030,18.6,19.3,89,29.74,15.720000000000002,156,0,0,
2026-04-22T23:14:01,04/22/202611:14,21.09,0,0,51.73,0,0,0,0.8,16,198.7,23803,45030,18.6,19.3,89,29.74,15.720000000000002,156,0,0,
2026-04-22T23:14:40,04/22/202611:14,21.03,0,0,51.73,0,0,0,0.8,16,198.7,23803,45030,18.6,19.3,89,29.74,15.720000000000002,156,0,0,
2026-04-22T23:15:00,04/22/202611:15,20.91,0,0,51.73,0,0,0,0.8,16,198.7,23803,45030,18.6,19.3,89,29.74,15.720000000000002,156,0,0,
2026-04-22T23:15:41,04/22/202611:15,20.79,0,0,51.73,0,0,0,0.8,16,198.7,23803,45030,18.6,19.29,89,29.74,15.658000000000001,156.3,0,0,
2026-04-22T23:16:00,04/22/202611:16,20.78,0,0,51.739999999999995,0,0,0,0.8,16,198.7,23803,45030,18.6,19.28,89,29.74,15.596,156.6,0,0,
2026-04-22T23:17:00,04/22/202611:17,20.77,0,0,51.739999999999995,0,0,0,0.8,16,198.7,23803,45030,18.6,19.27,89,29.74,15.534,156.9,0,0,
2026-04-22T23:18:00,04/22/202611:18,20.78,0,0,51.739999999999995,0,0,0,0.8,16,198.7,23803,45030,18.6,19.259999999999998,89,29.74,15.472,157.2,0,0,
2026-04-22T23:19:01,04/22/202611:19,20.78,0,0,51.739999999999995,0,0,0,0.8,16,198.7,23803,45030,18.6,19.25,89,29.74,15.41,157.5,0,0,
2026-04-22T23:20:00,04/22/202611:20,20.78,0,0,51.73,0,0,0,0.8,16,198.7,23803,45030,18.6,19.240000000000002,89,29.74,15.347999999999999,157.8,0,0,
2026-04-22T23:21:01,04/22/202611:21,20.78,0,0,51.73,0,0,0,0.8,16,198.7,23803,45030,18.6,19.23,89,29.74,15.286000000000001,158.1,0,0,
2026-04-22T23:23:17,04/22/202611:23,20.78,0,0,51.739999999999995,0,0,0,0.8,16,198.7,23803,45030,18.6,19.22,89,29.74,15.224,158.4,0,0,
2026-04-22T23:23:41,04/22/202611:23,20.78,0,0,51.75,0,0,0,0.8,16,198.7,23803,45030,18.6,19.21,89,29.74,15.162,158.7,0,0,
2026-04-22T23:24:00,04/22/202611:24,20.79,0,0,51.75,0,0,0,0.8,16,198.7,23803,45030,18.6,19.2,89,29.74,15.1,159,0,0,
2026-04-22T23:25:01,04/22/202611:25,20.79,0,0,51.75,0,0,0,0.8,16,198.7,23803,45030,18.6,19.2,89,29.74,15.1,159,0,0,
2026-04-22T23:26:00,04/22/202611:26,20.79,0,0,51.739999999999995,0,0,0,0.8,16,198.7,23803,45030,18.6,19.2,89,29.74,15.1,159,0,0,
2026-04-22T23:27:00,04/22/202611:27,20.79,0,0,51.75,0,0,0,0.8,16,198.7,23803,45030,18.6,19.2,89,29.74,15.1,159,0,0,
2026-04-22T23:28:01,04/22/202611:28,20.79,0,0,51.760000000000005,0,0,0,0.8,16,198.7,23803,45030,18.6,19.2,89,29.74,15.1,159,0,0,
2026-04-22T23:29:00,04/22/202611:29,20.79,0,0,51.760000000000005,0,0,0,0.8,16,198.7,23803,45030,18.6,19.2,89,29.74,15.1,159,0,0,
2026-04-22T23:30:00,04/22/202611:30,20.79,0,0,51.760000000000005,0,0,0,0.8,16,198.7,23803,45030,18.6,19.2,89,29.74,15.1,159,0,0,
2026-04-22T23:31:00,04/22/202611:31,20.79,0,0,51.760000000000005,0,0,0,0.8,16,198.7,23803,45030,18.6,19.19,89,29.74,15.068999999999999,159.3,0,0,
2026-04-22T23:32:00,04/22/202611:32,20.79,0,0,51.760000000000005,0,0,0,0.8,16,198.7,23803,45030,18.6,19.18,89,29.74,15.038,159.6,0,0,
2026-04-22T23:33:01,04/22/202611:33,20.8,0,0,51.760000000000005,0,0,0,0.8,16,198.7,23803,45030,18.6,19.169999999999998,89.2,29.74,14.988,159.9,0,0,
2026-04-22T23:37:39,04/22/202611:37,20.8,0,0,51.760000000000005,0,0,0,0.8,16,198.7,23803,45030,18.6,19.16,89.4,29.74,14.937999999999999,160.2,0,0,
2026-04-22T23:38:00,04/22/202611:38,20.8,0,0,51.75,0,0,0,0.8,16,198.7,23803,45030,18.6,19.15,89.6,29.74,14.888,160.5,0,0,
2026-04-22T23:39:01,04/22/202611:39,20.8,0,0,51.75,0,0,0,0.8,16,198.7,23803,45030,18.6,19.14,89.8,29.74,14.838,160.8,0,0,
2026-04-22T23:39:40,04/22/202611:39,20.79,0,0,51.739999999999995,0,0,0,0.8,16,198.7,23803,45030,18.6,19.130000000000003,90,29.74,14.788,161.1,0,0,
2026-04-22T23:40:00,04/22/202611:40,20.78,0,0,51.73,0,0,0,0.8,16,198.7,23803,45030,18.6,19.12,90.2,29.74,14.738,161.4,0,0,
2026-04-22T23:40:39,04/22/202611:40,20.78,0,0,51.73,0,0,0,0.8,16,198.7,23803,45030,18.6,19.110000000000003,90.4,29.74,14.687999999999999,161.7,0,0,
2026-04-22T23:41:01,04/22/202611:41,20.78,0,0,51.73,0,0,0,0.8,16,198.7,23803,45030,18.6,19.1,90.6,29.74,14.638,162,0,0,
2026-04-22T23:41:40,04/22/202611:41,20.77,0,0,51.720000000000006,0,0,0,0.8,16,198.7,23803,45030,18.6,19.1,90.8,29.74,14.619,162,0,0,
2026-04-22T23:42:00,04/22/202611:42,20.759999999999998,0,0,51.71,0,0,0,0.8,16,198.7,23803,45030,18.6,19.1,91,29.74,14.6,162,0,0,
2026-04-22T23:42:39,04/22/202611:42,20.759999999999998,0,0,51.71,0,0,0,0.8,16,198.7,23803,45030,18.6,19.1,91,29.74,14.6,162,0,0,
2026-04-22T23:43:01,04/22/202611:43,20.759999999999998,0,0,51.720000000000006,0,0,0,0.8,16,198.7,23803,45030,18.6,19.1,91,29.74,14.6,162,0,0,
2026-04-22T23:44:00,04/22/202611:44,20.759999999999998,0,0,51.720000000000006,0,0,0,0.8,16,198.7,23803,45030,18.6,19.1,91,29.74,14.6,162,0,0,
2026-04-22T23:45:00,04/22/202611:45,20.759999999999998,0,0,51.71,0,0,0,0.8,16,198.7,23803,45030,18.6,19.1,91,29.74,14.6,162,0,0,
2026-04-22T23:46:01,04/22/202611:46,20.77,0,0,51.71,0,0,0,0.8,16,198.7,23803,45030,18.6,19.1,91,29.74,14.6,162,0,0,
2026-04-22T23:48:07,04/22/202611:48,20.78,0,0,51.7,0,0,0,0.8,16,198.7,23803,45030,18.6,19.110000000000003,90.9,29.74,14.526,162,0,0,
2026-04-22T23:48:34,04/22/202611:48,20.77,0,0,51.69,0,0,0,0.8,16,198.7,23803,45030,18.6,19.12,90.8,29.74,14.451999999999998,162,0,0,
2026-04-22T23:49:00,04/22/202611:49,20.759999999999998,0,0,51.67999999999999,0,0,0,0.8,16,198.7,23803,45030,18.6,19.130000000000003,90.7,29.74,14.378,162,0,0,
2026-04-22T23:49:33,04/22/202611:49,20.77,0,0,51.67999999999999,0,0,0,0.8,16,198.7,23803,45030,18.6,19.14,90.6,29.74,14.303999999999998,162,0,0,
2026-04-22T23:50:01,04/22/202611:50,20.78,0,0,51.67999999999999,0,0,0,0.8,16,198.7,23803,45030,18.6,19.15,90.5,29.74,14.229999999999999,162,0,0,
2026-04-22T23:50:33,04/22/202611:50,20.77,0,0,51.67,0,0,0,0.8,16,198.7,23803,45030,18.6,19.16,90.4,29.74,14.156,162,0,0,
2026-04-22T23:51:00,04/22/202611:51,20.759999999999998,0,0,51.660000000000004,0,0,0,0.8,16,198.7,23803,45030,18.6,19.169999999999998,90.3,29.74,14.081999999999999,162,0,0,
2026-04-22T23:51:33,04/22/202611:51,20.759999999999998,0,0,51.660000000000004,0,0,0,0.8,16,198.7,23803,45030,18.6,19.18,90.2,29.74,14.008,162,0,0,
2026-04-22T23:52:00,04/22/202611:52,20.759999999999998,0,0,51.67,0,0,0,0.8,16,198.7,23803,45030,18.6,19.19,90.1,29.74,13.934000000000001,162,0,0,
2026-04-22T23:53:01,04/22/202611:53,20.759999999999998,0,0,51.67,0,0,0,0.8,16,198.7,23803,45030,18.6,19.2,90,29.74,13.86,162,0,0,
2026-04-22T23:54:00,04/22/202611:54,20.759999999999998,0,0,51.68000000000001,0,0,0,0.8,16,198.7,23803,45030,18.6,19.2,90,29.74,13.86,162,0,0,
2026-04-22T23:55:00,04/22/202611:55,20.77,0,0,51.69,0,0,0,0.8,16,198.7,23803,45030,18.6,19.2,90,29.74,13.86,162,0,0,
2026-04-22T23:55:33,04/22/202611:55,20.77,0,0,51.7,0,0,0,0.8,16,198.7,23803,45030,18.6,19.2,90,29.74,13.86,162,0,0,
2026-04-22T23:56:00,04/22/202611:56,20.759999999999998,0,0,51.7,0,0,0,0.8,16,198.7,23803,45030,18.6,19.2,90,29.74,13.86,162,0,0,
2026-04-22T23:57:00,04/22/202611:57,20.75,0,0,51.7,0,0,0,0.8,16,198.7,23803,45030,18.6,19.2,90,29.74,13.86,162,0,0,
2026-04-22T23:59:18,04/22/202611:59,20.75,0,0,51.7,0,0,0,0.8,16,198.7,23803,45030,18.6,19.2,90,29.74,13.86,162,0,0,
