timestamp,HMI_Timestamp,PV_Voltage_V,PV_Current_A,PV_Power_W,Battery_Voltage_V,Battery_Current_A,Battery_Power_W,Avg_Power_to_Battery_W,Daily_Energy_kWh,Daily_Charge_Ah,History_Max_Input_Voltage_V,Lifetime_Energy_Gen_kWh,Lifetime_Charge_Ah,Battery_Temp_C,Air_Temp_C,Humidity_pct,Air_Pressure_inHg,Wind_Speed_ms,Wind_Direction_deg,Solar_Irradiance_Wm2,UV_Index,Est_Efficiency
2026-04-23T14:43:10,04/23/202602:43,141.9,0.7,99.33,55.0,1.3,71.5,71.0,0.6,11.0,198.7,23811.0,45046.0,18.2,27.7,54.0,29.53,23.12,189.0,870.0,3.0,0.7198228128460686
2026-04-23T14:43:13,04/23/202602:43,141.8,0.7,99.26,54.95,1.15,63.192499999999995,62.5,0.6,11.0,198.7,23811.0,45046.0,18.1,27.7,54.0,29.53,23.12,189.0,870.0,3.0,0.6366361071932298
2026-04-23T14:44:01,04/23/202602:44,141.76666666666665,0.6999999999999998,99.23666666666664,54.93333333333334,1.0999999999999999,60.42666666666666,59.666666666666664,0.6,11.0,198.7,23811.0,45046.0,18.1,27.7,54.0,29.53,23.12,189.0,870.0,3.0,0.6089147156628936
2026-04-23T14:44:13,04/23/202602:44,141.75,0.7,99.225,54.925,1.1,60.417500000000004,59.75,0.6,11.0,198.7,23811.0,45046.0,18.1,27.7,54.0,29.53,23.12,189.0,870.0,3.0,0.6088939279415471
2026-04-23T14:45:01,04/23/202602:45,141.73999999999998,0.7,99.21799999999998,54.92,1.1,60.412000000000006,59.8,0.6,11.0,198.7,23811.0,45046.0,18.1,27.7,54.0,29.53,23.12,189.0,870.0,3.0,0.6088814529621643
2026-04-23T14:45:13,04/23/202602:45,141.66666666666666,0.6999999999999998,99.16666666666664,54.916666666666664,1.1166666666666667,61.32361111111111,60.666666666666664,0.6,11.0,198.7,23811.0,45046.0,18.1,27.7,54.0,29.53,23.12,189.0,870.0,3.0,0.618389355742297
2026-04-23T14:47:32,04/23/202602:47,141.1,0.5,70.55,54.8,0.8,43.84,43.0,0.6,11.0,198.7,23811.0,45046.0,18.1,27.5,55.0,29.53,23.99,184.0,850.0,3.7,0.6214032600992205
2026-04-23T14:47:53,04/23/202602:47,136.39999999999998,0.6,81.83999999999999,54.849999999999994,0.9500000000000001,52.1075,51.5,0.6,11.0,198.7,23811.0,45046.0,18.2,27.5,55.0,29.53,23.99,184.0,850.0,3.7,0.6366996578690128
2026-04-23T14:48:00,04/23/202602:48,134.83333333333334,0.6333333333333333,85.39444444444445,54.86666666666667,1.0,54.86666666666667,54.333333333333336,0.6,11.0,198.7,23811.0,45046.0,18.2,27.5,55.0,29.53,23.99,184.0,850.0,3.7000000000000006,0.642508620128814
2026-04-23T14:48:39,04/23/202602:48,136.5,0.6499999999999999,88.725,54.875,1.0750000000000002,58.99062500000001,58.5,0.6,11.0,198.7,23811.0,45046.0,18.1,27.5,55.0,29.53,23.99,184.0,850.0,3.7,0.6648703860242323
2026-04-23T14:49:00,04/23/202602:49,137.5,0.6599999999999999,90.74999999999999,54.879999999999995,1.12,61.4656,61.0,0.6,11.0,198.7,23811.0,45046.0,18.1,27.5,55.0,29.53,23.99,184.0,850.0,3.7,0.6773068870523418
2026-04-23T14:50:08,04/23/202602:50,140.6,0.7,98.41999999999999,54.9,1.1,60.39,60.0,0.6,11.0,198.7,23811.0,45046.0,18.2,27.5,55.0,29.53,23.99,184.0,850.0,3.7,0.6135947978053242
2026-04-23T14:50:23,04/23/202602:50,136.0,0.7,95.19999999999999,54.9,1.05,57.645,57.0,0.6,11.0,198.7,23811.0,45046.0,18.1,27.5,55.0,29.53,23.99,184.0,850.0,3.7,0.605514705882353
2026-04-23T14:51:00,04/23/202602:51,134.46666666666667,0.6999999999999998,94.12666666666665,54.9,1.0333333333333334,56.730000000000004,56.0,0.6,11.0,198.7,23811.0,45046.0,18.1,27.5,55.0,29.53,23.99,184.0,850.0,3.7000000000000006,0.6026984913945749
2026-04-23T14:51:10,04/23/202602:51,134.575,0.7,94.20249999999999,54.9,1.05,57.645,57.0,0.6,11.0,198.7,23811.0,45046.0,18.1,27.5,55.0,29.53,23.99,184.0,850.0,3.7,0.6119264350733793
2026-04-23T14:52:00,04/23/202602:52,134.64000000000001,0.7,94.248,54.9,1.06,58.194,57.6,0.6,11.0,198.7,23811.0,45046.0,18.1,27.5,55.0,29.53,23.99,184.0,850.0,3.7,0.6174560733384262
2026-04-23T14:52:10,04/23/202602:52,135.85,0.6999999999999998,95.09499999999997,54.9,1.0833333333333333,59.474999999999994,58.833333333333336,0.6,11.0,198.7,23811.0,45046.0,18.1,27.5,55.0,29.53,23.99,184.0,850.0,3.7000000000000006,0.6254272043745729
2026-04-23T14:53:01,04/23/202602:53,136.71428571428572,0.7,95.7,54.9,1.1,60.39,59.714285714285715,0.6,11.0,198.7,23811.0,45046.0,18.1,27.5,55.0,29.53,23.99,184.0,850.0,3.7,0.6310344827586207
2026-04-23T14:53:10,04/23/202602:53,136.5375,0.7,95.57624999999999,54.9125,1.1125,61.09015625000001,60.375,0.6,11.0,198.7,23811.0,45046.0,18.2,27.5,55.0,29.53,23.99,184.0,850.0,3.7,0.6391771622134161
2026-04-23T14:54:00,04/23/202602:54,136.4,0.7,95.48,54.922222222222224,1.1222222222222222,61.63493827160494,60.888888888888886,0.6,11.0,198.7,23811.0,45046.0,18.2,27.5,55.0,29.529999999999998,23.99,184.0,850.0,3.7000000000000006,0.6455272127315138
2026-04-23T14:54:09,04/23/202602:54,136.32,0.7,95.42399999999999,54.92,1.1300000000000001,62.05960000000001,61.3,0.6,11.0,198.7,23811.0,45046.0,18.1,27.5,55.0,29.53,23.99,184.0,850.0,3.7,0.6503563044936286
2026-04-23T14:55:01,04/23/202602:55,135.82,0.7,95.07399999999998,54.92,1.1400000000000001,62.60880000000001,61.8,0.6,11.0,198.7,23811.0,45046.0,18.1,27.5,55.0,29.53,23.99,184.0,850.0,3.7,0.6585270420935273
2026-04-23T14:55:10,04/23/202602:55,136.51000000000002,0.71,96.92210000000001,54.92,1.16,63.7072,62.9,0.6,11.0,198.7,23811.0,45046.0,18.1,27.5,55.0,29.53,23.99,184.0,850.0,3.7,0.6573031331347545
2026-04-23T14:56:00,04/23/202602:56,137.2,0.72,98.78399999999999,54.92,1.1800000000000002,64.80560000000001,64.0,0.6,11.0,198.7,23811.0,45046.0,18.1,27.5,55.0,29.53,23.99,184.0,850.0,3.7,0.6560333657272435
2026-04-23T14:56:10,04/23/202602:56,137.46,0.72,98.9712,54.92,1.17,64.2564,63.4,0.6,11.0,198.7,23811.0,45046.0,18.1,27.5,55.0,29.53,23.99,184.0,850.0,3.7,0.6492434162665502
2026-04-23T14:57:01,04/23/202602:57,137.72,0.72,99.1584,54.92,1.16,63.7072,62.8,0.6,11.0,198.7,23811.0,45046.0,18.1,27.5,55.0,29.53,23.99,184.0,850.0,3.7,0.642479104140446
2026-04-23T14:57:10,04/23/202602:57,138.07999999999998,0.71,98.03679999999999,54.92,1.15,63.157999999999994,62.3,0.6,11.0,198.7,23811.0,45046.0,18.1,27.5,55.0,29.53,23.99,184.0,850.0,3.7,0.6442274737649536
2026-04-23T14:58:00,04/23/202602:58,138.44,0.7,96.90799999999999,54.92,1.1400000000000001,62.60880000000001,61.8,0.6,11.0,198.7,23811.0,45046.0,18.1,27.5,55.0,29.53,23.99,184.0,850.0,3.7,0.64606430841623
2026-04-23T14:58:10,04/23/202602:58,138.67000000000002,0.69,95.6823,54.910000000000004,1.1099999999999999,60.9501,60.2,0.6,11.0,198.7,23811.0,45046.0,18.2,27.5,55.0,29.53,23.99,184.0,850.0,3.7,0.6370049633004223
2026-04-23T14:59:01,04/23/202602:59,138.9,0.6799999999999999,94.452,54.9,1.08,59.292,58.6,0.6,11.0,198.7,23811.0,45046.0,18.2,27.5,55.0,29.53,23.99,184.0,850.0,3.7,0.6277474272646424
2026-04-23T14:59:10,04/23/202602:59,139.15,0.6799999999999999,94.622,54.9,1.09,59.841,59.2,0.6,11.0,198.7,23811.0,45046.0,18.1,27.5,55.0,29.53,23.99,184.0,850.0,3.7,0.6324216355604405
2026-04-23T15:01:11,04/23/202603:01,139.88,0.6799999999999999,95.1184,54.9,1.09,59.841,59.3,0.6,11.0,198.7,23811.0,45046.0,18.1,27.48,55.2,29.53,23.99,184.0,847.0,3.75,0.6291211794983936
2026-04-23T15:02:00,04/23/202603:02,140.34,0.6699999999999999,94.0278,54.9,1.09,59.841,59.4,0.6,11.0,198.7,23811.0,45046.0,18.1,27.46,55.4,29.53,23.99,184.0,844.0,3.8,0.6364181656914232
2026-04-23T15:02:10,04/23/202603:02,140.37,0.6599999999999999,92.6442,54.9,1.06,58.194,57.8,0.6,11.0,198.7,23811.0,45046.0,18.1,27.439999999999998,55.6,29.53,23.99,184.0,841.0,3.85,0.628145097048709
2026-04-23T15:03:01,04/23/202603:03,140.48,0.6599999999999999,92.71679999999998,54.9,1.05,57.645,57.3,0.6,11.0,198.7,23811.0,45046.0,18.1,27.419999999999998,55.8,29.53,23.99,184.0,838.0,3.9,0.6217319838475877
2026-04-23T15:03:04,04/23/202603:03,140.72,0.65,91.468,54.9,1.03,56.547,56.2,0.6,11.0,198.7,23811.0,45046.0,18.2,27.4,56.0,29.53,23.99,184.0,835.0,3.95,0.6182162067608343
2026-04-23T15:04:01,04/23/202603:04,140.16,0.65,91.104,54.9,1.0,54.9,54.5,0.6,11.0,198.7,23811.0,45046.0,18.2,27.380000000000003,56.2,29.53,23.99,184.0,832.0,4.0,0.6026080084299262
2026-04-23T15:04:04,04/23/202603:04,140.49,0.65,91.31850000000001,54.9,0.99,54.351,53.9,0.6,11.0,198.7,23811.0,45046.0,18.1,27.360000000000003,56.4,29.53,23.99,184.0,829.0,4.05,0.5951806041492139
2026-04-23T15:05:01,04/23/202603:05,141.60999999999999,0.65,92.0465,54.9,1.0,54.9,54.4,0.6,11.0,198.7,23811.0,45046.0,18.1,27.339999999999996,56.6,29.53,23.99,184.0,826.0,4.1,0.5964376700906607
2026-04-23T15:05:04,04/23/202603:05,142.01,0.6599999999999999,93.72659999999998,54.9,1.02,55.998,55.5,0.6,11.0,198.7,23811.0,45046.0,18.1,27.32,56.8,29.53,23.99,184.0,823.0,4.15,0.5974611262971239
2026-04-23T15:06:01,04/23/202603:06,142.35999999999999,0.6599999999999999,93.95759999999999,54.9,1.0,54.9,54.4,0.6,11.0,198.7,23811.0,45046.0,18.1,27.3,57.0,29.53,23.99,184.0,820.0,4.2,0.5843061125443818
2026-04-23T15:06:04,04/23/202603:06,142.77,0.65,92.80050000000001,54.9,0.99,54.351,53.8,0.6,11.0,198.7,23811.0,45046.0,18.1,27.3,57.0,29.53,23.99,184.0,820.0,4.2,0.5856757237299367
2026-04-23T15:06:18,04/23/202603:06,143.13,0.6399999999999999,91.60319999999999,54.9,0.9800000000000001,53.80200000000001,53.2,0.6,11.0,198.7,23811.0,45046.0,18.1,27.3,57.0,29.53,23.99,184.0,820.0,4.2,0.5873375602599037
2026-04-23T15:07:00,04/23/202603:07,143.92000000000002,0.63,90.66960000000002,54.9,1.0,54.9,54.3,0.6,11.0,198.7,23811.0,45046.0,18.1,27.3,57.0,29.53,23.99,184.0,820.0,4.2,0.6054951163344714
2026-04-23T15:07:18,04/23/202603:07,144.56,0.6399999999999999,92.51839999999999,54.9,1.03,56.547,55.9,0.6,11.0,198.7,23811.0,45046.0,18.2,27.3,57.0,29.53,23.99,184.0,820.0,4.2,0.6111973402047594
2026-04-23T15:08:01,04/23/202603:08,145.07,0.6599999999999999,95.74619999999999,54.9,1.07,58.743,58.1,0.6,11.0,198.7,23811.0,45046.0,18.2,27.3,57.0,29.53,23.99,184.0,820.0,4.2,0.6135282653515232
2026-04-23T15:08:18,04/23/202603:08,145.49,0.67,97.47830000000002,54.9,1.1,60.39,59.8,0.6,11.0,198.7,23811.0,45046.0,18.2,27.3,57.0,29.53,23.99,184.0,820.0,4.2,0.6195224988535909
2026-04-23T15:09:00,04/23/202603:09,145.02,0.6799999999999999,98.61359999999999,54.9,1.11,60.93900000000001,60.4,0.6,11.0,198.7,23811.0,45046.0,18.2,27.3,57.0,29.53,23.99,184.0,820.0,4.2,0.6179573608508361
2026-04-23T15:10:06,04/23/202603:10,144.48,0.69,99.69119999999998,54.9,1.1300000000000001,62.037000000000006,61.5,0.6,11.0,198.7,23811.0,45046.0,18.2,27.3,57.0,29.53,23.99,184.0,820.0,4.2,0.6222916365737399
2026-04-23T15:11:01,04/23/202603:11,144.66,0.69,99.8154,54.9,1.1400000000000001,62.586000000000006,62.0,0.6,11.0,198.7,23811.0,45046.0,18.2,27.3,57.0,29.53,23.99,184.0,820.0,4.2,0.6270174742574793
2026-04-23T15:11:06,04/23/202603:11,144.74,0.6799999999999999,98.4232,54.9,1.12,61.48800000000001,60.9,0.6,11.0,198.7,23811.0,45046.0,18.2,27.3,57.0,29.53,23.99,184.0,820.0,4.2,0.6247307545375481
2026-04-23T15:12:22,04/23/202603:12,144.24,0.6799999999999999,98.08319999999999,54.9,1.12,61.48800000000001,60.9,0.6,11.0,198.7,23811.0,45046.0,18.1,27.3,57.0,29.53,23.99,184.0,820.0,4.2,0.6268963492218852
2026-04-23T15:13:00,04/23/202603:13,143.79000000000002,0.6799999999999999,97.77720000000001,54.9,1.12,61.48800000000001,60.9,0.6,11.0,198.7,23811.0,45046.0,18.1,27.3,57.0,29.53,23.99,184.0,820.0,4.2,0.6288582614351812
2026-04-23T15:13:06,04/23/202603:13,143.28,0.7,100.29599999999999,54.9,1.1099999999999999,60.93899999999999,60.3,0.6,11.0,198.7,23811.0,45046.0,18.1,27.3,57.0,29.53,23.99,184.0,820.0,4.2,0.6075915290739411
2026-04-23T15:14:00,04/23/202603:14,142.92000000000002,0.7,100.04400000000001,54.9,1.09,59.841,59.2,0.6,11.0,198.7,23811.0,45046.0,18.1,27.3,57.0,29.53,23.99,184.0,820.0,4.2,0.5981468154012234
2026-04-23T15:14:06,04/23/202603:14,142.5,0.69,98.32499999999999,54.9,1.08,59.292,58.7,0.6,11.0,198.7,23811.0,45046.0,18.1,27.3,57.0,29.53,23.99,184.0,820.0,4.2,0.6030205949656752
2026-04-23T15:15:00,04/23/202603:15,142.17000000000002,0.69,98.0973,54.9,1.08,59.292,58.7,0.6,11.0,198.7,23811.0,45046.0,18.1,27.3,57.0,29.53,23.99,184.0,820.0,4.2,0.6044203051460132
2026-04-23T15:15:06,04/23/202603:15,141.85,0.69,97.8765,54.9,1.08,59.292,58.7,0.6,11.0,198.7,23811.0,45046.0,18.2,27.3,57.0,29.53,23.99,184.0,820.0,4.2,0.6057838194050666
2026-04-23T15:16:00,04/23/202603:16,141.6,0.69,97.704,54.9,1.07,58.743,58.2,0.6,11.0,198.7,23811.0,45046.0,18.2,27.3,57.0,29.53,23.99,184.0,820.0,4.2,0.6012343404568903
2026-04-23T15:16:06,04/23/202603:16,141.31,0.6799999999999999,96.09079999999999,54.9,1.05,57.645,57.1,0.6,11.0,198.7,23811.0,45046.0,18.1,27.3,57.0,29.53,24.002,184.2,820.0,4.21,0.5999013433127834
2026-04-23T15:17:00,04/23/202603:17,141.12,0.6799999999999999,95.96159999999999,54.9,1.06,58.194,57.6,0.6,11.0,198.7,23811.0,45046.0,18.1,27.3,57.0,29.53,24.014,184.4,820.0,4.220000000000001,0.6064300720288116
2026-04-23T15:17:06,04/23/202603:17,141.04000000000002,0.69,97.31760000000001,54.910000000000004,1.07,58.75370000000001,58.1,0.6,11.0,198.7,23811.0,45046.0,18.1,27.3,57.0,29.53,24.026,184.6,820.0,4.2299999999999995,0.6037314935838944
2026-04-23T15:18:00,04/23/202603:18,140.95999999999998,0.7,98.67199999999998,54.92,1.08,59.31360000000001,58.6,0.6,11.0,198.7,23811.0,45046.0,18.1,27.3,57.0,29.53,24.038,184.8,820.0,4.24,0.6011188584400845
2026-04-23T15:18:05,04/23/202603:18,140.95,0.69,97.25549999999998,54.92,1.1,60.412000000000006,59.7,0.6,12.0,198.7,23811.0,45046.0,18.2,27.3,57.0,29.53,24.05,185.0,820.0,4.25,0.6211679545115703
2026-04-23T15:18:13,04/23/202603:18,140.95,0.6799999999999999,95.84599999999999,54.92,1.1,60.412000000000006,59.7,0.6,12.0,198.7,23811.0,45046.0,18.2,27.3,57.0,29.53,24.062,185.2,820.0,4.26,0.6303027773720344
2026-04-23T15:19:00,04/23/202603:19,141.01,0.6799999999999999,95.88679999999998,54.92,1.09,59.86280000000001,59.1,0.6,12.0,198.7,23811.0,45046.0,18.2,27.3,57.0,29.53,24.073999999999998,185.4,820.0,4.2700000000000005,0.6243069953319959
2026-04-23T15:19:13,04/23/202603:19,141.13,0.6799999999999999,95.96839999999999,54.92,1.0699999999999998,58.764399999999995,58.0,0.6,12.0,198.7,23811.0,45046.0,18.1,27.3,57.0,29.53,24.086,185.6,820.0,4.279999999999999,0.6123307255304872
2026-04-23T15:20:33,04/23/202603:20,141.19,0.6799999999999999,96.00919999999999,54.92,1.0699999999999998,58.764399999999995,58.0,0.6,12.0,198.7,23811.0,45046.0,18.1,27.3,57.0,29.53,24.098,185.8,820.0,4.29,0.612070509909467
2026-04-23T15:21:00,04/23/202603:21,141.25,0.6799999999999999,96.05,54.92,1.0699999999999998,58.764399999999995,58.0,0.6,12.0,198.7,23811.0,45046.0,18.1,27.3,57.0,29.53,24.11,186.0,820.0,4.3,0.611810515356585
2026-04-23T15:21:32,04/23/202603:21,140.57,0.69,96.99329999999999,54.92,1.08,59.31360000000001,58.6,0.6,12.0,198.7,23811.0,45046.0,18.1,27.3,57.0,29.53,24.11,186.0,820.0,4.3,0.6115226515645927
2026-04-23T15:22:01,04/23/202603:22,139.89000000000001,0.7,97.923,54.92,1.09,59.86280000000001,59.2,0.6,12.0,198.7,23811.0,45046.0,18.1,27.3,57.0,29.53,24.11,186.0,820.0,4.3,0.6113252249216221
2026-04-23T15:23:33,04/23/202603:23,140.22,0.7,98.154,54.910000000000004,1.09,59.85190000000001,59.2,0.6,12.0,198.7,23811.0,45046.0,18.1,27.3,57.0,29.53,24.11,186.0,820.0,4.3,0.6097754548974063
2026-04-23T15:24:00,04/23/202603:24,140.55,0.7,98.385,54.9,1.09,59.841,59.2,0.6,12.0,198.7,23811.0,45046.0,18.1,27.3,57.0,29.53,24.11,186.0,820.0,4.3,0.6082329623418203
2026-04-23T15:24:25,04/23/202603:24,140.74,0.7,98.518,54.9,1.08,59.292,58.7,0.6,12.0,198.7,23811.0,45046.0,18.2,27.3,57.0,29.53,24.11,186.0,820.0,4.3,0.601839257800605
2026-04-23T15:25:00,04/23/202603:25,140.92000000000002,0.7,98.644,54.9,1.09,59.841,59.3,0.6,12.0,198.7,23811.0,45046.0,18.2,27.3,57.0,29.53,24.11,186.0,820.0,4.3,0.6066359839422569
2026-04-23T15:25:25,04/23/202603:25,141.08999999999997,0.69,97.35209999999998,54.9,1.09,59.841,59.3,0.6,12.0,198.7,23811.0,45046.0,18.2,27.3,57.0,29.53,24.11,186.0,820.0,4.3,0.6146862779539426
2026-04-23T15:26:00,04/23/202603:26,141.2,0.6799999999999999,96.01599999999998,54.9,1.1,60.39,59.8,0.6,12.0,198.7,23811.0,45046.0,18.2,27.3,57.0,29.53,24.11,186.0,820.0,4.3,0.6289576737210466
2026-04-23T15:26:25,04/23/202603:26,141.31,0.6699999999999999,94.67769999999999,54.9,1.09,59.841,59.2,0.6,12.0,198.7,23811.0,45046.0,18.2,27.3,57.0,29.53,24.11,186.0,820.0,4.3,0.6320495745038167
2026-04-23T15:27:00,04/23/202603:27,141.42,0.6599999999999999,93.33719999999998,54.9,1.08,59.292,58.6,0.6,12.0,198.7,23811.0,45046.0,18.2,27.3,57.0,29.53,24.11,186.0,820.0,4.3,0.6352451112739617
2026-04-23T15:27:25,04/23/202603:27,142.26,0.65,92.469,54.9,1.06,58.194,57.5,0.6,12.0,198.7,23811.0,45046.0,18.2,27.3,57.0,29.53,24.11,186.0,820.0,4.3,0.6293352366739124
2026-04-23T15:28:00,04/23/202603:28,143.1,0.6399999999999999,91.58399999999999,54.9,1.04,57.096000000000004,56.4,0.6,12.0,198.7,23811.0,45046.0,18.2,27.3,57.0,29.53,24.11,186.0,820.0,4.3,0.623427672955975
2026-04-23T15:28:24,04/23/202603:28,142.94,0.63,90.0522,54.9,1.02,55.998,55.3,0.6,12.0,198.7,23811.0,45046.0,18.2,27.3,57.0,29.53,24.11,186.0,820.0,4.3,0.6218393331867517
2026-04-23T15:29:01,04/23/202603:29,142.78,0.6199999999999999,88.52359999999999,54.9,1.0,54.9,54.2,0.6,12.0,198.7,23811.0,45046.0,18.2,27.3,57.0,29.53,24.11,186.0,820.0,4.3,0.620173603423268
2026-04-23T15:29:25,04/23/202603:29,142.74,0.6199999999999999,88.49879999999999,54.9,1.0,54.9,54.2,0.6,12.0,198.7,23811.0,45046.0,18.2,27.380000000000003,57.0,29.53,24.11,186.0,825.0,4.3,0.620347394540943
2026-04-23T15:30:00,04/23/202603:30,142.7,0.6199999999999999,88.47399999999998,54.9,1.0,54.9,54.2,0.6,12.0,198.7,23811.0,45046.0,18.2,27.46,57.0,29.53,24.11,186.0,830.0,4.3,0.6205212830888173
2026-04-23T15:30:24,04/23/202603:30,142.55,0.63,89.80650000000001,54.9,1.02,55.998,54.8,0.6,12.0,198.7,23811.0,45046.0,18.2,27.540000000000003,57.0,29.53,24.11,186.0,835.0,4.3,0.6235406123164803
2026-04-23T15:31:00,04/23/202603:31,142.4,0.6399999999999999,91.136,54.9,1.04,57.096000000000004,55.4,0.6,12.0,198.7,23811.0,45046.0,18.2,27.619999999999997,57.0,29.53,24.11,186.0,840.0,4.3,0.6264922752808989
2026-04-23T15:31:25,04/23/202603:31,141.3,0.6399999999999999,90.43199999999999,54.9,1.03,56.547,54.9,0.6,12.0,198.7,23811.0,45046.0,18.2,27.72,57.0,29.53,24.029,185.8,842.0,4.27,0.6252985668789809
2026-04-23T15:32:00,04/23/202603:32,140.2,0.6399999999999999,89.72799999999998,54.9,1.02,55.998,54.4,0.6,12.0,198.7,23811.0,45046.0,18.2,27.82,57.0,29.53,23.948,185.6,844.0,4.24,0.6240861269614837
2026-04-23T15:32:06,04/23/202603:32,140.28,0.6399999999999999,89.77919999999999,54.9,1.03,56.547,54.9,0.6,12.0,198.7,23811.0,45046.0,18.2,27.919999999999998,57.0,29.53,23.866999999999997,185.4,846.0,4.21,0.6298452202737382
2026-04-23T15:33:00,04/23/202603:33,140.35999999999999,0.6399999999999999,89.83039999999998,54.9,1.04,57.096000000000004,55.4,0.6,12.0,198.7,23811.0,45046.0,18.2,28.02,57.0,29.53,23.786,185.2,848.0,4.18,0.6355977486463381
2026-04-23T15:33:07,04/23/202603:33,140.26,0.6399999999999999,89.76639999999998,54.9,1.04,57.096000000000004,55.4,0.6,12.0,198.7,23811.0,45046.0,18.2,28.119999999999997,56.7,29.53,23.705000000000002,185.0,850.0,4.15,0.6360509054612864
2026-04-23T15:34:45,04/23/202603:34,140.10999999999999,0.6399999999999999,89.67039999999997,54.910000000000004,1.05,57.6555,56.0,0.6,12.0,198.7,23811.0,45046.0,18.2,28.22,56.4,29.53,23.624000000000002,184.8,852.0,4.12,0.6429713707087291
2026-04-23T15:35:01,04/23/202603:35,139.97,0.63,88.1811,54.92,1.05,57.666000000000004,56.0,0.6,12.0,198.7,23811.0,45046.0,18.2,28.240000000000002,56.1,29.53,23.543,184.6,849.0,4.09,0.6539496558786407
2026-04-23T15:35:07,04/23/202603:35,139.82999999999998,0.6199999999999999,86.69459999999998,54.92,1.03,56.567600000000006,54.9,0.6,12.0,198.7,23811.0,45046.0,18.2,28.26,55.8,29.53,23.462,184.4,846.0,4.0600000000000005,0.6524927734830084
2026-04-23T15:36:01,04/23/202603:36,139.81,0.61,85.2841,54.92,1.0,54.92,53.8,0.6,12.0,198.7,23811.0,45046.0,18.2,28.28,55.5,29.53,23.381,184.2,843.0,4.029999999999999,0.6439652877851793
2026-04-23T15:36:07,04/23/202603:36,139.78,0.6,83.868,54.92,0.96,52.7232,52.1,0.6,12.0,198.7,23811.0,45046.0,18.2,28.3,55.2,29.53,23.3,184.0,840.0,4.0,0.6286450135927887
2026-04-23T15:37:00,04/23/202603:37,140.75,0.6,84.45,54.92,0.95,52.174,51.5,0.6,12.0,198.7,23811.0,45046.0,18.2,28.3,54.9,29.53,23.3,184.0,840.0,4.0,0.6178093546477205
2026-04-23T15:37:07,04/23/202603:37,141.69,0.61,86.4309,54.92,0.9700000000000001,53.272400000000005,52.6,0.6,12.0,198.7,23811.0,45046.0,18.2,28.3,54.6,29.53,23.3,184.0,840.0,4.0,0.6163582700168575
2026-04-23T15:38:01,04/23/202603:38,141.5,0.6199999999999999,87.72999999999999,54.92,0.9800000000000001,53.821600000000004,53.2,0.6,12.0,198.7,23811.0,45046.0,18.2,28.3,54.3,29.53,23.3,184.0,840.0,4.0,0.613491394049926
2026-04-23T15:38:07,04/23/202603:38,141.28,0.63,89.0064,54.92,0.99,54.3708,53.8,0.6,12.0,198.7,23811.0,45046.0,18.2,28.3,54.0,29.53,23.3,184.0,840.0,4.0,0.6108639378741304
2026-04-23T15:39:00,04/23/202603:39,141.16,0.6399999999999999,90.34239999999998,54.92,1.0,54.92,54.4,0.6,12.0,198.7,23811.0,45046.0,18.2,28.3,54.0,29.53,23.3,184.0,840.0,4.0,0.6079094644375178
2026-04-23T15:39:06,04/23/202603:39,141.07999999999998,0.65,91.702,54.910000000000004,1.0,54.910000000000004,54.4,0.6,12.0,198.7,23811.0,45046.0,18.2,28.3,54.0,29.53,23.3,184.0,840.0,4.0,0.5987873765021483
2026-04-23T15:40:01,04/23/202603:40,141.0,0.6599999999999999,93.05999999999999,54.9,1.0,54.9,54.4,0.6,12.0,198.7,23811.0,45046.0,18.2,28.3,54.0,29.53,23.3,184.0,840.0,4.0,0.5899419729206964
2026-04-23T15:40:07,04/23/202603:40,140.95,0.6599999999999999,93.02699999999999,54.9,1.0100000000000002,55.44900000000001,54.9,0.6,12.0,198.7,23811.0,45046.0,18.2,28.3,54.0,29.53,23.3,184.0,840.0,4.0,0.5960527588764555
2026-04-23T15:41:00,04/23/202603:41,140.9,0.6599999999999999,92.99399999999999,54.9,1.02,55.998,55.4,0.6,12.0,198.7,23811.0,45046.0,18.2,28.3,54.0,29.53,23.3,184.0,840.0,4.0,0.6021678817988257
2026-04-23T15:41:06,04/23/202603:41,140.82999999999998,0.6699999999999999,94.35609999999998,54.9,1.05,57.645,57.1,0.6,12.0,198.7,23811.0,45046.0,18.2,28.3,54.0,29.53,23.3,184.0,840.0,4.0,0.6109302949146903
2026-04-23T15:42:01,04/23/202603:42,140.76,0.6799999999999999,95.71679999999999,54.9,1.08,59.292,58.8,0.6,12.0,198.7,23811.0,45046.0,18.2,28.3,54.0,29.53,23.3,184.0,840.0,4.0,0.6194523845343765
2026-04-23T15:42:06,04/23/202603:42,140.7,0.6799999999999999,95.67599999999999,54.9,1.09,59.841,59.3,0.6,12.0,198.7,23811.0,45046.0,18.2,28.3,54.0,29.53,23.3,184.0,840.0,4.0,0.6254546594757306
2026-04-23T15:43:00,04/23/202603:43,140.64000000000001,0.6799999999999999,95.6352,54.9,1.1,60.39,59.8,0.6,12.0,198.7,23811.0,45046.0,18.2,28.3,54.0,29.53,23.3,184.0,840.0,4.0,0.6314620558120859
2026-04-23T15:43:06,04/23/202603:43,140.57,0.6799999999999999,95.58759999999998,54.9,1.12,61.48800000000001,60.9,0.6,12.0,198.7,23811.0,45046.0,18.2,28.3,54.0,29.53,23.3,184.0,840.0,4.0,0.6432633521502791
2026-04-23T15:44:01,04/23/202603:44,140.5,0.6799999999999999,95.53999999999999,54.9,1.1400000000000001,62.586000000000006,62.0,0.6,12.0,198.7,23811.0,45046.0,18.2,28.3,54.0,29.53,23.3,184.0,840.0,4.0,0.6550764077873144
2026-04-23T15:44:07,04/23/202603:44,140.48,0.6699999999999999,94.12159999999999,54.9,1.12,61.48800000000001,60.9,0.6,12.0,198.7,23811.0,45046.0,18.2,28.3,54.0,29.53,23.3,184.0,840.0,4.0,0.6532825621323906
2026-04-23T15:45:56,04/23/202603:45,140.47,0.6599999999999999,92.71019999999999,54.9,1.12,61.48800000000001,60.9,0.6,12.0,198.7,23811.0,45046.0,18.2,28.3,54.0,29.53,23.3,184.0,840.0,4.0,0.6632279943307211
2026-04-23T15:46:01,04/23/202603:46,140.43,0.6599999999999999,92.68379999999999,54.9,1.1300000000000001,62.037000000000006,61.5,0.6,12.0,198.7,23811.0,45046.0,18.2,28.3,54.0,29.53,23.3,184.0,840.0,4.0,0.6693402730574276
2026-04-23T15:46:07,04/23/202603:46,140.39000000000001,0.6699999999999999,94.0613,54.9,1.1300000000000001,62.037000000000006,61.5,0.6,12.0,198.7,23811.0,45046.0,18.2,28.29,54.1,29.526999999999997,23.3,183.9,836.0,3.97,0.6595379821456859
2026-04-23T15:47:01,04/23/202603:47,140.38,0.6699999999999999,94.0546,54.9,1.12,61.48800000000001,60.9,0.6,12.0,198.7,23811.0,45046.0,18.2,28.28,54.2,29.524,23.3,183.8,832.0,3.94,0.653747929394203
2026-04-23T15:47:07,04/23/202603:47,140.38,0.6699999999999999,94.0546,54.9,1.12,61.48800000000001,60.9,0.6,12.0,198.7,23811.0,45046.0,18.2,28.27,54.3,29.521000000000004,23.3,183.7,828.0,3.91,0.653747929394203
2026-04-23T15:48:07,04/23/202603:48,140.41,0.6699999999999999,94.07469999999999,54.9,1.1,60.39,59.8,0.6,12.0,198.7,23811.0,45046.0,18.2,28.26,54.4,29.518,23.3,183.6,824.0,3.88,0.6419366737284308
2026-04-23T15:48:08,04/23/202603:48,140.45999999999998,0.6599999999999999,92.70359999999998,54.9,1.1,60.39,58.7,0.6,12.0,198.7,23811.0,45046.0,18.2,28.25,54.5,29.514999999999997,23.3,183.5,820.0,3.85,0.6514310123878686
2026-04-23T15:49:01,04/23/202603:49,140.55,0.65,91.35750000000002,54.9,1.09,59.841,57.0,0.6,12.0,198.7,23811.0,45046.0,18.2,28.24,54.6,29.512,23.3,183.4,816.0,3.8200000000000003,0.6550201132911911
2026-04-23T15:49:08,04/23/202603:49,140.68,0.6399999999999999,90.03519999999999,54.9,1.07,58.743,55.9,0.6,12.0,198.7,23811.0,45046.0,18.2,28.23,54.7,29.509000000000004,23.3,183.3,812.0,3.79,0.6524448215808929
2026-04-23T15:50:00,04/23/202603:50,140.77,0.6399999999999999,90.0928,54.9,1.09,59.841,57.0,0.6,12.0,198.7,23811.0,45046.0,18.2,28.22,54.8,29.506,23.3,183.2,808.0,3.7600000000000002,0.6642151204091781
2026-04-23T15:50:07,04/23/202603:50,139.93,0.65,90.95450000000001,54.9,1.09,59.841,57.0,0.6,12.0,198.7,23811.0,45046.0,18.2,28.21,54.9,29.502999999999997,23.3,183.1,804.0,3.7300000000000004,0.6579223677772952
2026-04-23T15:51:01,04/23/202603:51,139.09,0.6599999999999999,91.79939999999999,54.9,1.09,59.841,57.0,0.6,12.0,198.7,23811.0,45046.0,18.2,28.2,55.0,29.5,23.3,183.0,800.0,3.7,0.6518670056667037
2026-04-23T15:51:08,04/23/202603:51,139.32,0.6599999999999999,91.95119999999999,54.9,1.08,59.292,56.5,0.6,12.0,198.7,23811.0,45046.0,18.2,28.2,55.0,29.5,23.3,183.0,800.0,3.7,0.6448202959830868
2026-04-23T15:52:00,04/23/202603:52,139.55,0.6599999999999999,92.103,54.9,1.07,58.743,56.0,0.6,12.0,198.7,23811.0,45046.0,18.2,28.2,55.0,29.5,23.3,183.0,800.0,3.7,0.6377968144360119
2026-04-23T15:52:07,04/23/202603:52,139.69,0.6599999999999999,92.19539999999999,54.9,1.08,59.292,56.5,0.6,12.0,198.7,23811.0,45046.0,18.2,28.2,55.0,29.5,23.3,183.0,800.0,3.7,0.6431123461691148
2026-04-23T15:52:28,04/23/202603:52,139.82,0.6599999999999999,92.28119999999998,54.9,1.09,59.841,57.1,0.6,12.0,198.7,23811.0,45046.0,18.2,28.2,55.0,29.5,23.3,183.0,800.0,3.7,0.6484636090557991
2026-04-23T15:53:01,04/23/202603:53,139.93,0.6699999999999999,93.75309999999999,54.9,1.08,59.292,57.7,0.6,12.0,198.7,23811.0,45046.0,18.2,28.2,55.0,29.5,23.3,183.0,800.0,3.7,0.6324270877442987
2026-04-23T15:53:28,04/23/202603:53,140.04000000000002,0.6699999999999999,93.8268,54.9,1.07,58.743,58.3,0.6,12.0,198.7,23811.0,45046.0,18.2,28.2,55.0,29.5,23.3,183.0,800.0,3.7,0.6260791159881824
2026-04-23T15:54:00,04/23/202603:54,140.10999999999999,0.6699999999999999,93.87369999999999,54.9,1.07,58.743,58.3,0.6,12.0,198.7,23811.0,45046.0,18.2,28.2,55.0,29.5,23.3,183.0,800.0,3.7,0.6257663221967389
2026-04-23T15:54:28,04/23/202603:54,140.19,0.6699999999999999,93.92729999999999,54.9,1.05,57.645,57.2,0.6,12.0,198.7,23811.0,45046.0,18.2,28.2,55.0,29.5,23.3,183.0,800.0,3.7,0.6137193339955477
2026-04-23T15:55:01,04/23/202603:55,141.19,0.6599999999999999,93.18539999999999,54.9,1.03,56.547,56.1,0.6,12.0,198.7,23811.0,45046.0,18.2,28.2,55.0,29.5,23.3,183.0,800.0,3.7,0.6068225279925826
2026-04-23T15:55:28,04/23/202603:55,142.1,0.6599999999999999,93.78599999999999,54.9,1.05,57.645,57.2,0.6,12.0,198.7,23811.0,45046.0,18.2,28.2,55.0,29.5,23.3,183.0,800.0,3.7,0.6146439767129424
2026-04-23T15:57:07,04/23/202603:57,141.98,0.6599999999999999,93.70679999999999,54.910000000000004,1.06,58.204600000000006,57.7,0.6,12.0,198.7,23811.0,45046.0,18.2,28.2,55.0,29.5,23.3,183.0,800.0,3.7,0.6211352858063663
2026-04-23T15:57:28,04/23/202603:57,141.56,0.6399999999999999,90.59839999999998,54.910000000000004,1.03,56.557300000000005,56.0,0.6,12.0,198.7,23811.0,45046.0,18.2,28.2,55.0,29.5,23.3,183.0,800.0,3.7,0.6242637839078837
2026-04-23T15:58:01,04/23/202603:58,141.22,0.6199999999999999,87.55639999999998,54.910000000000004,0.9700000000000001,53.26270000000001,52.7,0.6,12.0,198.7,23811.0,45046.0,18.2,28.2,55.0,29.5,23.3,183.0,800.0,3.7,0.6083244628605107
2026-04-23T15:58:28,04/23/202603:58,140.57999999999998,0.61,85.75379999999998,54.910000000000004,0.96,52.7136,52.1,0.6,12.0,198.7,23811.0,45046.0,18.2,28.2,55.0,29.5,23.3,183.0,800.0,3.7,0.6147086193264906
2026-04-23T15:58:45,04/23/202603:58,140.8,0.6,84.48,54.910000000000004,0.9400000000000001,51.61540000000001,51.0,0.6,12.0,198.7,23811.0,45046.0,18.2,28.2,55.0,29.5,23.3,183.0,800.0,3.7,0.6109777462121213
2026-04-23T15:59:01,04/23/202603:59,141.01999999999998,0.6,84.61199999999998,54.910000000000004,0.9199999999999999,50.5172,49.9,0.6,12.0,198.7,23811.0,45046.0,18.2,28.2,55.0,29.5,23.3,183.0,800.0,3.7,0.5970453363589091
2026-04-23T15:59:44,04/23/202603:59,141.08999999999997,0.6,84.65399999999998,54.910000000000004,0.9199999999999999,50.5172,49.9,0.6,12.0,198.7,23811.0,45046.0,18.2,28.2,55.0,29.5,23.3,183.0,800.0,3.7,0.5967491199470788
2026-04-23T16:00:01,04/23/202604:00,141.15,0.6,84.69,54.910000000000004,0.9400000000000001,51.61540000000001,51.0,0.6,12.0,198.7,23811.0,45046.0,18.2,28.2,55.0,29.5,23.3,183.0,800.0,3.7,0.6094627464871887
2026-04-23T16:00:45,04/23/202604:00,140.8,0.6,84.48,54.910000000000004,0.95,52.164500000000004,51.5,0.6,12.0,198.7,23811.0,45046.0,18.2,28.2,55.0,29.5,23.3,183.0,800.0,3.7,0.617477509469697
2026-04-23T16:01:01,04/23/202604:01,140.54,0.59,82.9186,54.910000000000004,0.9199999999999999,50.5172,49.8,0.6,12.0,198.7,23811.0,45046.0,18.2,28.2,55.0,29.5,23.3,183.0,800.0,3.7,0.6092384579575633
2026-04-23T16:01:45,04/23/202604:01,140.48,0.58,81.4784,54.9,0.9,49.41,48.7,0.6,12.0,198.7,23811.0,45046.0,18.2,28.18,55.0,29.5,23.275,182.9,797.0,3.6800000000000006,0.6064183881863169
2026-04-23T16:02:01,04/23/202604:02,140.71999999999997,0.59,83.02479999999998,54.9,0.9200000000000002,50.50800000000001,49.8,0.6,12.0,198.7,23811.0,45046.0,18.2,28.160000000000004,55.0,29.5,23.25,182.8,794.0,3.66,0.6083483489270678
2026-04-23T16:02:45,04/23/202604:02,141.16,0.6,84.696,54.9,0.95,52.154999999999994,51.5,0.6,12.0,198.7,23811.0,45046.0,18.2,28.139999999999997,55.0,29.5,23.225,182.7,791.0,3.6399999999999997,0.6157905922357608
2026-04-23T16:03:01,04/23/202604:03,141.9,0.6,85.14,54.9,0.9400000000000001,51.606,51.0,0.6,12.0,198.7,23811.0,45046.0,18.2,28.119999999999997,55.0,29.5,23.2,182.6,788.0,3.62,0.6061310782241015
2026-04-23T16:03:45,04/23/202604:03,141.76,0.6,85.056,54.9,0.95,52.154999999999994,51.5,0.6,12.0,198.7,23811.0,45046.0,18.2,28.1,55.0,29.5,23.175,182.5,785.0,3.6,0.6131842550790068
2026-04-23T16:04:01,04/23/202604:04,141.62,0.6,84.972,54.9,0.96,52.70399999999999,52.0,0.6,12.0,198.7,23811.0,45046.0,18.2,28.080000000000002,55.0,29.5,23.15,182.4,782.0,3.5799999999999996,0.6202513769241632
2026-04-23T16:04:44,04/23/202604:04,141.62,0.6,84.972,54.9,0.9400000000000001,51.606,50.9,0.7,12.0,198.7,23811.0,45046.0,18.2,28.060000000000002,55.0,29.5,23.125,182.3,779.0,3.56,0.6073294732382433
2026-04-23T16:05:01,04/23/202604:05,141.62,0.6,84.972,54.9,0.9199999999999999,50.507999999999996,49.8,0.7,12.0,198.7,23811.0,45046.0,18.2,28.04,55.0,29.5,23.1,182.2,776.0,3.54,0.5944075695523231
2026-04-23T16:05:45,04/23/202604:05,142.02,0.61,86.6322,54.9,0.93,51.057,50.4,0.7,12.0,198.7,23811.0,45046.0,18.2,28.02,55.0,29.5,23.075,182.1,773.0,3.5200000000000005,0.5893536121673004
2026-04-23T16:06:01,04/23/202604:06,142.42000000000002,0.6199999999999999,88.3004,54.9,0.9400000000000001,51.606,51.0,0.7,12.0,198.7,23811.0,45046.0,18.2,28.0,55.0,29.5,23.05,182.0,770.0,3.5,0.5844367635933699
2026-04-23T16:06:44,04/23/202604:06,142.52,0.6199999999999999,88.3624,54.89,0.9700000000000001,53.243300000000005,52.7,0.7,12.0,198.7,23811.0,45046.0,18.2,28.0,55.0,29.5,23.05,182.0,770.0,3.5,0.6025560645704509
2026-04-23T16:07:01,04/23/202604:07,142.62,0.6199999999999999,88.42439999999999,54.879999999999995,1.0,54.879999999999995,54.4,0.7,12.0,198.7,23811.0,45046.0,18.2,28.0,55.0,29.5,23.05,182.0,770.0,3.5,0.620643170889483
2026-04-23T16:08:18,04/23/202604:08,141.89000000000001,0.6399999999999999,90.80959999999999,54.879999999999995,1.03,56.526399999999995,56.0,0.7,12.0,198.7,23811.0,45046.0,18.2,28.0,55.0,29.5,23.05,182.0,770.0,3.5,0.6224716329551061
2026-04-23T16:08:30,04/23/202604:08,141.78,0.6399999999999999,90.73919999999998,54.879999999999995,1.03,56.526399999999995,56.0,0.7,12.0,198.7,23811.0,45046.0,18.2,28.0,55.0,29.5,23.05,182.0,770.0,3.5,0.622954577514459
2026-04-23T16:09:00,04/23/202604:09,141.69,0.6399999999999999,90.68159999999999,54.879999999999995,1.02,55.977599999999995,55.5,0.7,12.0,198.7,23811.0,45046.0,18.2,28.0,55.0,29.5,23.05,182.0,770.0,3.5,0.6172983273343214
2026-04-23T16:09:30,04/23/202604:09,141.6,0.65,92.04,54.86999999999999,1.03,56.516099999999994,56.1,0.7,12.0,198.7,23811.0,45046.0,18.2,28.0,55.0,29.5,23.05,182.0,770.0,3.5,0.6140384615384614
2026-04-23T16:10:01,04/23/202604:10,141.52,0.6599999999999999,93.4032,54.86,1.05,57.603,57.2,0.7,12.0,198.7,23811.0,45046.0,18.2,28.0,55.0,29.5,23.05,182.0,770.0,3.5,0.6167133460095586
2026-04-23T16:10:29,04/23/202604:10,141.47,0.65,91.9555,54.86,1.03,56.5058,56.1,0.7,12.0,198.7,23811.0,45046.0,18.2,28.0,55.0,29.5,23.05,182.0,770.0,3.5,0.6144907047430551
2026-04-23T16:11:01,04/23/202604:11,141.43,0.63,89.10090000000001,54.86,0.99,54.3114,53.9,0.7,12.0,198.7,23811.0,45046.0,18.2,28.0,55.0,29.5,23.05,182.0,770.0,3.5,0.6095493984909243
2026-04-23T16:11:30,04/23/202604:11,141.44,0.62,87.69279999999999,54.86,0.9800000000000001,53.762800000000006,53.3,0.7,12.0,198.7,23811.0,45046.0,18.2,28.0,55.0,29.5,23.05,182.0,770.0,3.5,0.6130811195445921
2026-04-23T16:12:01,04/23/202604:12,141.51,0.62,87.7362,54.86999999999999,0.97,53.223899999999986,52.7,0.7,12.0,198.7,23811.0,45046.0,18.2,28.0,55.0,29.5,23.05,182.0,770.0,3.5,0.606635573457706
2026-04-23T16:12:29,04/23/202604:12,140.34,0.62,87.0108,54.879999999999995,0.96,52.684799999999996,52.1,0.7,12.0,198.7,23811.0,45046.0,18.2,28.0,55.0,29.5,23.05,182.0,770.0,3.5,0.6054972486174129
2026-04-23T16:13:01,04/23/202604:13,139.8,0.6,83.88000000000001,54.879999999999995,0.9400000000000001,51.587199999999996,51.0,0.7,12.0,198.7,23811.0,45046.0,18.2,28.0,55.0,29.5,23.05,182.0,770.0,3.5,0.6150119217930375
2026-04-23T16:13:30,04/23/202604:13,139.89000000000001,0.62,86.7318,54.879999999999995,0.97,53.233599999999996,52.6,0.7,12.0,198.7,23811.0,45046.0,18.2,28.0,55.0,29.5,23.05,182.0,770.0,3.5,0.6137725724590057
2026-04-23T16:14:01,04/23/202604:14,139.98,0.64,89.5872,54.879999999999995,1.0,54.879999999999995,54.2,0.7,12.0,198.7,23811.0,45046.0,18.2,28.0,55.0,29.5,23.05,182.0,770.0,3.5,0.612587512501786
2026-04-23T16:14:29,04/23/202604:14,140.03,0.62,86.8186,54.89,0.96,52.6944,52.0,0.7,12.0,198.7,23811.0,45046.0,18.2,28.0,55.0,29.5,23.05,182.0,770.0,3.5,0.6069482806679675
2026-04-23T16:15:01,04/23/202604:15,140.07999999999998,0.6,84.04799999999999,54.9,0.9199999999999999,50.507999999999996,49.8,0.7,12.0,198.7,23811.0,45046.0,18.2,28.0,55.0,29.5,23.05,182.0,770.0,3.5,0.6009423186750429
2026-04-23T16:15:30,04/23/202604:15,140.07,0.61,85.44269999999999,54.9,0.95,52.154999999999994,51.4,0.7,12.0,198.7,23811.0,45046.0,18.3,28.0,55.0,29.5,23.05,182.0,770.0,3.5,0.6104090811736989
2026-04-23T16:16:01,04/23/202604:16,140.06,0.62,86.8372,54.9,0.9800000000000001,53.80200000000001,53.0,0.7,12.0,198.7,23811.0,45046.0,18.3,28.0,55.0,29.5,23.05,182.0,770.0,3.5,0.6195731783152844
2026-04-23T16:16:29,04/23/202604:16,140.02,0.63,88.21260000000001,54.9,1.01,55.449,54.7,0.7,13.0,198.7,23811.0,45046.0,18.2,27.98,55.1,29.5,23.05,182.1,765.0,3.5200000000000005,0.6285836717203664
2026-04-23T16:17:01,04/23/202604:17,139.98000000000002,0.64,89.58720000000001,54.9,1.04,57.096000000000004,56.4,0.7,13.0,198.7,23811.0,45046.0,18.2,27.96,55.2,29.5,23.05,182.2,760.0,3.54,0.6373231890270038
2026-04-23T16:17:30,04/23/202604:17,141.29000000000002,0.64,90.42560000000002,54.9,1.04,57.096000000000004,56.4,0.7,13.0,198.7,23811.0,45046.0,18.2,27.939999999999998,55.3,29.5,23.05,182.3,755.0,3.56,0.6314141128176091
2026-04-23T16:18:01,04/23/202604:18,142.6,0.64,91.264,54.9,1.04,57.096000000000004,56.4,0.7,13.0,198.7,23811.0,45046.0,18.2,27.919999999999998,55.4,29.5,23.05,182.4,750.0,3.5799999999999996,0.6256136044880786
2026-04-23T16:19:30,04/23/202604:19,142.25,0.64,91.04,54.9,1.02,55.998,55.3,0.7,13.0,198.7,23811.0,45046.0,18.2,27.9,55.5,29.5,23.05,182.5,745.0,3.6,0.615092267135325
2026-04-23T16:19:47,04/23/202604:19,142.34,0.63,89.6742,54.9,1.0,54.9,54.2,0.7,13.0,198.7,23811.0,45046.0,18.2,27.880000000000003,55.6,29.5,23.05,182.6,740.0,3.62,0.6122162227262691
2026-04-23T16:20:00,04/23/202604:20,142.47,0.65,92.6055,54.9,1.03,56.547,55.8,0.7,13.0,198.7,23811.0,45046.0,18.2,27.860000000000003,55.7,29.5,23.05,182.7,735.0,3.6399999999999997,0.6106224792263958
2026-04-23T16:21:27,04/23/202604:21,142.5,0.6599999999999999,94.04999999999998,54.9,1.0699999999999998,58.74299999999999,58.0,0.7,13.0,198.7,23811.0,45046.0,18.2,27.839999999999996,55.8,29.5,23.05,182.8,730.0,3.66,0.6245933014354067
2026-04-23T16:22:00,04/23/202604:22,142.56,0.6599999999999999,94.08959999999999,54.9,1.08,59.292,58.6,0.7,13.0,198.7,23811.0,45046.0,18.2,27.82,55.9,29.5,23.05,182.9,725.0,3.6800000000000006,0.6301652892561984
2026-04-23T16:22:27,04/23/202604:22,142.57,0.6599999999999999,94.09619999999998,54.9,1.08,59.292,58.6,0.7,13.0,198.7,23811.0,45046.0,18.2,27.8,56.0,29.5,23.05,183.0,720.0,3.7,0.6301210888431202
2026-04-23T16:23:01,04/23/202604:23,142.56,0.65,92.664,54.9,1.05,57.645,56.9,0.7,13.0,198.7,23811.0,45046.0,18.2,27.8,56.0,29.5,23.05,183.0,720.0,3.7,0.6220862470862472
2026-04-23T16:23:26,04/23/202604:23,142.53,0.6399999999999999,91.21919999999999,54.9,1.02,55.998,55.2,0.7,13.0,198.7,23811.0,45046.0,18.2,27.8,56.0,29.5,23.05,183.0,720.0,3.7,0.6138839191749106
2026-04-23T16:24:00,04/23/202604:24,142.39,0.6399999999999999,91.12959999999998,54.9,1.02,55.998,55.2,0.7,13.0,198.7,23811.0,45046.0,18.2,27.8,56.0,29.5,23.05,183.0,720.0,3.7,0.6144874991221294
2026-04-23T16:24:27,04/23/202604:24,142.20999999999998,0.6599999999999999,93.85859999999998,54.9,1.03,56.547,55.8,0.7,13.0,198.7,23811.0,45046.0,18.2,27.8,56.0,29.5,23.05,183.0,720.0,3.7,0.6024700986377381
2026-04-23T16:25:01,04/23/202604:25,142.44,0.6599999999999999,94.01039999999999,54.9,1.04,57.096000000000004,56.4,0.7,13.0,198.7,23811.0,45046.0,18.2,27.8,56.0,29.5,23.05,183.0,720.0,3.7,0.6073370605805316
2026-04-23T16:25:27,04/23/202604:25,142.26,0.65,92.469,54.9,1.03,56.547,55.9,0.7,13.0,198.7,23811.0,45046.0,18.2,27.8,56.0,29.5,23.05,183.0,720.0,3.7,0.6115238620510658
2026-04-23T16:26:00,04/23/202604:26,142.07999999999998,0.64,90.93119999999999,54.9,1.02,55.998,55.4,0.7,13.0,198.7,23811.0,45046.0,18.2,27.8,56.0,29.5,23.05,183.0,720.0,3.7,0.6158282305743243
2026-04-23T16:27:01,04/23/202604:27,142.0,0.64,90.88,54.9,1.0,54.9,54.3,0.7,13.0,198.7,23811.0,45046.0,18.2,27.8,56.0,29.5,23.05,183.0,720.0,3.7,0.604093309859155
2026-04-23T16:27:27,04/23/202604:27,141.91,0.64,90.8224,54.9,0.99,54.351,53.7,0.7,13.0,198.7,23811.0,45046.0,18.2,27.8,56.0,29.5,23.05,183.0,720.0,3.7,0.5984316644352053
2026-04-23T16:28:01,04/23/202604:28,141.87,0.64,90.7968,54.9,0.99,54.351,53.7,0.7,13.0,198.7,23811.0,45046.0,18.2,27.8,56.0,29.5,23.05,183.0,720.0,3.7,0.5986003912032142
2026-04-23T16:28:27,04/23/202604:28,141.77,0.65,92.15050000000001,54.9,1.01,55.449,54.8,0.7,13.0,198.7,23811.0,45046.0,18.2,27.8,56.0,29.5,23.05,183.0,720.0,3.7,0.6017221827336802
2026-04-23T16:29:01,04/23/202604:29,141.69,0.6599999999999999,93.51539999999999,54.9,1.03,56.547,55.9,0.7,13.0,198.7,23811.0,45046.0,18.2,27.8,56.0,29.5,23.05,183.0,720.0,3.7,0.6046811541200702
2026-04-23T16:30:41,04/23/202604:30,140.93,0.67,94.4231,54.9,1.03,56.547,55.9,0.7,13.0,198.7,23811.0,45046.0,18.2,27.77,56.1,29.5,23.05,182.8,717.0,3.7399999999999998,0.598868285408973
2026-04-23T16:31:01,04/23/202604:31,140.20999999999998,0.6599999999999999,92.53859999999997,54.9,1.02,55.998,55.3,0.7,13.0,198.7,23811.0,45046.0,18.2,27.74,56.2,29.5,23.05,182.6,714.0,3.78,0.6051312641427471
2026-04-23T16:31:17,04/23/202604:31,140.22,0.65,91.143,54.9,1.02,55.998,55.3,0.7,13.0,198.7,23811.0,45046.0,18.2,27.76,56.3,29.5,23.05,182.4,710.0,3.8200000000000003,0.6143971561173102
2026-04-23T16:32:01,04/23/202604:32,140.2,0.6599999999999999,92.53199999999998,54.9,1.04,57.096000000000004,56.4,0.7,13.0,198.7,23811.0,45046.0,18.2,27.78,56.4,29.5,23.05,182.2,706.0,3.8600000000000003,0.6170405913629881
2026-04-23T16:32:18,04/23/202604:32,140.1,0.6699999999999999,93.86699999999999,54.9,1.0699999999999998,58.74299999999999,58.0,0.7,13.0,198.7,23811.0,45046.0,18.2,27.8,56.5,29.5,23.05,182.0,702.0,3.9,0.6258109878871169
2026-04-23T16:33:00,04/23/202604:33,140.0,0.6799999999999999,95.19999999999999,54.9,1.1,60.39,59.6,0.7,13.0,198.7,23811.0,45046.0,18.2,27.82,56.6,29.5,23.05,181.8,698.0,3.94,0.6343487394957984
2026-04-23T16:33:17,04/23/202604:33,139.95,0.6799999999999999,95.16599999999998,54.89,1.1,60.379000000000005,59.6,0.7,13.0,198.7,23811.0,45046.0,18.2,27.839999999999996,56.7,29.5,23.05,181.6,694.0,3.9799999999999995,0.6344597860580461
2026-04-23T16:34:01,04/23/202604:34,139.9,0.6799999999999999,95.13199999999999,54.879999999999995,1.1,60.368,59.6,0.7,13.0,198.7,23811.0,45046.0,18.2,27.860000000000003,56.8,29.5,23.05,181.4,690.0,4.02,0.6345709119959636
2026-04-23T16:34:17,04/23/202604:34,139.85999999999999,0.6699999999999999,93.70619999999998,54.879999999999995,1.08,59.2704,58.5,0.7,13.0,198.7,23811.0,45046.0,18.2,27.880000000000003,56.9,29.5,23.05,181.4,686.0,4.06,0.6325131101250506
2026-04-23T16:35:00,04/23/202604:35,139.82,0.6599999999999999,92.28119999999998,54.879999999999995,1.06,58.172799999999995,57.4,0.7,13.0,198.7,23811.0,45046.0,18.2,27.9,57.0,29.5,23.05,181.4,682.0,4.1,0.6303862541882854
2026-04-23T16:35:17,04/23/202604:35,140.43,0.6599999999999999,92.68379999999999,54.879999999999995,1.05,57.623999999999995,56.9,0.7,13.0,198.7,23811.0,45046.0,18.3,27.95,57.0,29.5,22.963,181.6,681.0,4.1,0.6217267742582846
2026-04-23T16:36:01,04/23/202604:36,141.04000000000002,0.6599999999999999,93.0864,54.879999999999995,1.04,57.075199999999995,56.4,0.7,13.0,198.7,23811.0,45046.0,18.3,28.0,57.0,29.5,22.875999999999998,181.8,680.0,4.1,0.6131421990752677
2026-04-23T16:36:17,04/23/202604:36,141.01000000000002,0.6599999999999999,93.06660000000001,54.879999999999995,1.05,57.623999999999995,56.9,0.7,13.0,198.7,23811.0,45046.0,18.3,28.0,57.0,29.5,22.789,182.0,680.0,4.1,0.6191694979724196
2026-04-23T16:37:00,04/23/202604:37,140.98000000000002,0.6599999999999999,93.0468,54.879999999999995,1.06,58.172799999999995,57.4,0.7,13.0,198.7,23811.0,45046.0,18.3,28.0,57.0,29.5,22.702,182.2,680.0,4.1,0.6251993620414672
2026-04-23T16:37:18,04/23/202604:37,141.0,0.6599999999999999,93.05999999999999,54.879999999999995,1.06,58.172799999999995,57.4,0.7,13.0,198.7,23811.0,45046.0,18.2,28.0,57.0,29.5,22.615000000000002,182.4,680.0,4.1,0.6251106812808941
2026-04-23T16:38:01,04/23/202604:38,141.02,0.6599999999999999,93.0732,54.879999999999995,1.06,58.172799999999995,57.4,0.7,13.0,198.7,23811.0,45046.0,18.2,28.0,57.0,29.5,22.528,182.6,680.0,4.1,0.6250220256744153
2026-04-23T16:38:18,04/23/202604:38,141.01,0.6599999999999999,93.06659999999998,54.89,1.06,58.183400000000006,57.4,0.7,13.0,198.7,23811.0,45046.0,18.3,28.0,57.0,29.5,22.441,182.8,680.0,4.1,0.6251802472637876
2026-04-23T16:39:00,04/23/202604:39,141.0,0.6599999999999999,93.05999999999999,54.9,1.06,58.194,57.4,0.7,13.0,198.7,23811.0,45046.0,18.3,28.0,57.0,29.5,22.354,183.0,680.0,4.1,0.6253384912959382
2026-04-23T16:39:18,04/23/202604:39,141.01,0.6699999999999999,94.47669999999998,54.9,1.08,59.292,58.5,0.7,13.0,198.7,23811.0,45046.0,18.3,28.0,57.0,29.5,22.267,183.0,680.0,4.1,0.6275833089005015
2026-04-23T16:40:01,04/23/202604:40,141.02,0.6799999999999999,95.89359999999999,54.9,1.1,60.39,59.6,0.7,13.0,198.7,23811.0,45046.0,18.3,28.0,57.0,29.5,22.18,183.0,680.0,4.1,0.6297604845370286
2026-04-23T16:40:17,04/23/202604:40,141.03,0.6799999999999999,95.90039999999999,54.9,1.1199999999999999,61.48799999999999,60.7,0.7,13.0,198.7,23811.0,45046.0,18.3,28.0,57.0,29.5,22.18,183.0,680.0,4.1,0.6411652089042381
2026-04-23T16:41:52,04/23/202604:41,141.07,0.6699999999999999,94.51689999999998,54.9,1.1199999999999999,61.48799999999999,60.7,0.7,13.0,198.7,23811.0,45046.0,18.3,28.0,57.1,29.5,22.18,183.0,680.0,4.1,0.6505503248625378
2026-04-23T16:42:01,04/23/202604:42,141.02,0.6599999999999999,93.0732,54.9,1.09,59.841,59.1,0.7,13.0,198.7,23811.0,45046.0,18.3,28.0,57.2,29.5,22.18,183.0,680.0,4.1,0.6429455525328451
2026-04-23T16:42:33,04/23/202604:42,140.95,0.65,91.61749999999999,54.9,1.08,59.292,58.6,0.7,13.0,198.7,23811.0,45046.0,18.2,28.0,57.3,29.5,22.18,183.0,680.0,4.1,0.647168936065708
2026-04-23T16:43:01,04/23/202604:43,140.91,0.6399999999999999,90.18239999999999,54.9,1.0699999999999998,58.74299999999999,58.1,0.7,13.0,198.7,23811.0,45046.0,18.2,28.0,57.4,29.5,22.18,183.0,680.0,4.1,0.6513798701298701
2026-04-23T16:43:32,04/23/202604:43,140.9,0.63,88.76700000000001,54.9,1.06,58.194,57.6,0.7,13.0,198.7,23811.0,45046.0,18.3,28.0,57.5,29.5,22.18,183.0,680.0,4.1,0.6555814660853695
2026-04-23T16:44:00,04/23/202604:44,140.88,0.63,88.7544,54.9,1.07,58.743,58.2,0.7,13.0,198.7,23811.0,45046.0,18.3,28.0,57.6,29.5,22.18,183.0,680.0,4.1,0.6618601443984748
2026-04-23T16:44:33,04/23/202604:44,140.85,0.6399999999999999,90.14399999999998,54.9,1.09,59.841,59.3,0.7,13.0,198.7,23811.0,45046.0,18.3,28.0,57.7,29.5,22.18,183.0,680.0,4.1,0.6638378594249204
2026-04-23T16:45:01,04/23/202604:45,140.85,0.6399999999999999,90.14399999999998,54.9,1.09,59.841,59.3,0.7,13.0,198.7,23811.0,45046.0,18.3,28.0,57.8,29.5,22.18,183.0,680.0,4.1,0.6638378594249204
2026-04-23T16:45:02,04/23/202604:45,140.87,0.63,88.74810000000001,54.9,1.07,58.743,58.2,0.7,13.0,198.7,23811.0,45046.0,18.3,28.0,57.9,29.5,22.18,183.0,680.0,4.1,0.6619071281526027
2026-04-23T16:46:00,04/23/202604:46,140.92000000000002,0.6199999999999999,87.37039999999999,54.9,1.06,58.194,57.6,0.7,13.0,198.7,23811.0,45046.0,18.3,28.0,58.0,29.5,22.18,183.0,680.0,4.1,0.6660608169357128
2026-04-23T16:46:01,04/23/202604:46,140.93,0.6199999999999999,87.37659999999998,54.9,1.05,57.645,57.0,0.7,13.0,198.7,23811.0,45046.0,18.2,27.99,58.0,29.5,22.241999999999997,182.8,670.0,4.13,0.6597304083702046
2026-04-23T16:47:01,04/23/202604:47,140.91,0.6199999999999999,87.36419999999998,54.9,1.06,58.194,57.5,0.7,13.0,198.7,23811.0,45046.0,18.3,27.98,58.0,29.5,22.304,182.6,660.0,4.159999999999999,0.6661080854629243
2026-04-23T16:48:01,04/23/202604:48,140.91,0.6199999999999999,87.36419999999998,54.9,1.05,57.645,56.9,0.7,13.0,198.7,23811.0,45046.0,18.3,27.97,58.0,29.5,22.366,182.4,650.0,4.1899999999999995,0.6598240469208213
2026-04-23T16:48:02,04/23/202604:48,140.88,0.63,88.7544,54.9,1.06,58.194,57.4,0.7,13.0,198.7,23811.0,45046.0,18.2,27.96,58.0,29.5,22.428,182.2,640.0,4.220000000000001,0.6556745355723209
2026-04-23T16:49:01,04/23/202604:49,140.82,0.6399999999999999,90.12479999999998,54.9,1.0699999999999998,58.74299999999999,57.9,0.7,13.0,198.7,23811.0,45046.0,18.2,27.95,58.0,29.5,22.490000000000002,182.0,630.0,4.25,0.6517961759693226
2026-04-23T16:49:02,04/23/202604:49,140.79000000000002,0.6399999999999999,90.1056,54.9,1.05,57.645,56.8,0.7,13.0,198.7,23811.0,45046.0,18.2,27.939999999999998,58.0,29.5,22.552,181.8,620.0,4.279999999999999,0.6397493607500533
2026-04-23T16:50:01,04/23/202604:50,140.77,0.63,88.6851,54.9,1.02,55.998,55.2,0.7,13.0,198.7,23811.0,45046.0,18.2,27.93,58.0,29.5,22.614,181.6,610.0,4.3100000000000005,0.631425121018074
2026-04-23T16:50:02,04/23/202604:50,140.77,0.6199999999999999,87.27739999999999,54.9,1.0,54.9,54.1,0.7,13.0,198.7,23811.0,45046.0,18.3,27.919999999999998,58.0,29.5,22.676,181.4,600.0,4.340000000000001,0.6290288207485558
2026-04-23T16:50:21,04/23/202604:50,140.75,0.6199999999999999,87.26499999999999,54.9,0.99,54.351,53.6,0.7,13.0,198.7,23811.0,45046.0,18.3,27.909999999999997,58.0,29.5,22.738,181.2,590.0,4.37,0.6228270211424971
2026-04-23T16:51:01,04/23/202604:51,140.73,0.6199999999999999,87.25259999999997,54.9,0.9800000000000001,53.80200000000001,53.1,0.7,13.0,198.7,23811.0,45046.0,18.3,27.9,58.0,29.5,22.8,181.0,580.0,4.4,0.6166234587851827
2026-04-23T16:51:21,04/23/202604:51,140.70999999999998,0.63,88.64729999999999,54.9,1.0,54.9,54.2,0.7,13.0,198.7,23811.0,45046.0,18.3,27.9,58.0,29.5,22.8,181.0,580.0,4.4,0.6193082022802726
2026-04-23T16:53:03,04/23/202604:53,140.74,0.63,88.6662,54.9,0.99,54.351,53.7,0.7,13.0,198.7,23811.0,45046.0,18.3,27.9,58.0,29.5,22.8,181.0,580.0,4.4,0.6129844292413569
2026-04-23T16:53:21,04/23/202604:53,140.76,0.63,88.6788,54.9,0.99,54.351,53.7,0.7,13.0,198.7,23811.0,45046.0,18.3,27.9,58.0,29.5,22.8,181.0,580.0,4.4,0.612897332846182
2026-04-23T16:54:01,04/23/202604:54,140.81,0.6199999999999999,87.30219999999998,54.9,0.97,53.253,52.6,0.7,13.0,198.7,23811.0,45046.0,18.3,27.9,58.0,29.5,22.8,181.0,580.0,4.4,0.6099846281078828
2026-04-23T16:54:21,04/23/202604:54,140.85,0.61,85.9185,54.9,0.95,52.154999999999994,51.5,0.7,13.0,198.7,23811.0,45046.0,18.2,27.9,58.0,29.5,22.8,181.0,580.0,4.4,0.6070287539936102
2026-04-23T16:55:01,04/23/202604:55,140.86,0.61,85.92460000000001,54.9,0.96,52.70399999999999,52.0,0.7,13.0,198.7,23811.0,45046.0,18.2,27.9,58.0,29.5,22.8,181.0,580.0,4.4,0.6133749822518811
2026-04-23T16:55:20,04/23/202604:55,140.83,0.6199999999999999,87.31459999999998,54.9,0.9800000000000001,53.80200000000001,53.1,0.7,13.0,198.7,23811.0,45046.0,18.2,27.9,58.0,29.5,22.8,181.0,580.0,4.4,0.6161856092795479
2026-04-23T16:56:01,04/23/202604:56,140.78000000000003,0.63,88.69140000000002,54.9,0.99,54.351,53.7,0.7,13.0,198.7,23811.0,45046.0,18.2,27.9,58.0,29.5,22.8,181.0,580.0,4.4,0.6128102611978161
2026-04-23T16:56:21,04/23/202604:56,140.73000000000002,0.6399999999999999,90.0672,54.9,0.9800000000000001,53.80200000000001,53.1,0.7,13.0,198.7,23811.0,45046.0,18.3,27.9,58.0,29.5,22.8,181.0,580.0,4.4,0.5973539756981454
2026-04-23T16:57:01,04/23/202604:57,140.68,0.65,91.44200000000001,54.9,0.9700000000000001,53.253,52.5,0.7,13.0,198.7,23811.0,45046.0,18.3,27.9,58.0,29.5,22.8,181.0,580.0,4.4,0.5823691520307954
2026-04-23T16:57:21,04/23/202604:57,140.67000000000002,0.6399999999999999,90.02879999999999,54.9,0.95,52.154999999999994,51.4,0.7,13.0,198.7,23811.0,45046.0,18.3,27.9,58.0,29.5,22.8,181.0,580.0,4.4,0.579314619321817
2026-04-23T16:58:01,04/23/202604:58,140.64000000000001,0.6399999999999999,90.00959999999999,54.9,0.9400000000000001,51.606,50.8,0.7,13.0,198.7,23811.0,45046.0,18.3,27.9,58.0,29.5,22.8,181.0,580.0,4.4,0.5733388438566553
2026-04-23T16:58:21,04/23/202604:58,140.59,0.6399999999999999,89.9776,54.9,0.9400000000000001,51.606,50.8,0.7,13.0,198.7,23811.0,45046.0,18.3,27.9,58.0,29.5,22.8,181.0,580.0,4.4,0.573542748417384
2026-04-23T16:59:01,04/23/202604:59,140.54000000000002,0.6399999999999999,89.9456,54.9,0.9400000000000001,51.606,50.8,0.7,13.0,198.7,23811.0,45046.0,18.3,27.9,58.0,29.5,22.8,181.0,580.0,4.4,0.5737467980646079
2026-04-23T16:59:21,04/23/202604:59,140.47,0.65,91.30550000000001,54.9,0.96,52.70399999999999,51.9,0.7,13.0,198.7,23811.0,45046.0,18.3,27.9,58.0,29.5,22.8,181.0,580.0,4.4,0.5772270016592647
2026-04-23T17:00:01,04/23/202605:00,140.4,0.6599999999999999,92.66399999999999,54.9,0.9800000000000001,53.80200000000001,53.0,0.7,13.0,198.7,23811.0,45046.0,18.3,27.9,58.0,29.5,22.8,181.0,580.0,4.4,0.5806138306138308
2026-04-23T17:00:21,04/23/202605:00,140.38,0.65,91.247,54.9,0.96,52.70399999999999,51.9,0.7,13.0,198.7,23811.0,45046.0,18.3,27.9,58.0,29.5,22.8,181.0,580.0,4.4,0.5775970716845484
2026-04-23T17:01:01,04/23/202605:01,140.35999999999999,0.6399999999999999,89.83039999999998,54.9,0.9400000000000001,51.606,50.8,0.7,13.0,198.7,23811.0,45046.0,18.3,27.9,58.0,29.5,22.8,181.0,580.0,4.4,0.5744825805072672
2026-04-23T17:01:22,04/23/202605:01,140.35999999999999,0.6399999999999999,89.83039999999998,54.89,0.95,52.1455,51.4,0.7,13.0,198.7,23811.0,45046.0,18.3,27.9,58.0,29.5,22.825,180.9,581.5,4.430000000000001,0.5804883424764892
2026-04-23T17:02:01,04/23/202605:02,140.35999999999999,0.6399999999999999,89.83039999999998,54.879999999999995,0.96,52.684799999999996,52.0,0.7,13.0,198.7,23811.0,45046.0,18.3,27.9,58.0,29.5,22.85,180.8,583.0,4.46,0.5864918780279282
2026-04-23T17:02:21,04/23/202605:02,140.3,0.65,91.19500000000001,54.879999999999995,0.99,54.331199999999995,53.7,0.7,13.0,198.7,23811.0,45046.0,18.3,27.9,58.0,29.5,22.875,180.7,584.5,4.49,0.5957695049070671
2026-04-23T17:03:00,04/23/202605:03,140.24,0.6599999999999999,92.55839999999999,54.879999999999995,1.02,55.977599999999995,55.4,0.7,13.0,198.7,23811.0,45046.0,18.3,27.9,58.0,29.5,22.9,180.6,586.0,4.5200000000000005,0.6047814136804439
2026-04-23T17:04:15,04/23/202605:04,140.23,0.6699999999999999,93.95409999999998,54.879999999999995,1.03,56.526399999999995,56.0,0.7,13.0,198.7,23811.0,45046.0,18.3,27.9,58.0,29.5,22.925,180.5,587.5,4.55,0.6016384596308197
2026-04-23T17:04:21,04/23/202605:04,140.26,0.6699999999999999,93.97419999999998,54.879999999999995,1.03,56.526399999999995,56.0,0.7,13.0,198.7,23811.0,45046.0,18.3,27.9,58.0,29.5,22.95,180.4,589.0,4.58,0.6015097760874794
2026-04-23T17:05:01,04/23/202605:05,140.32,0.6599999999999999,92.61119999999998,54.879999999999995,1.01,55.428799999999995,54.9,0.7,13.0,198.7,23811.0,45046.0,18.3,27.9,58.0,29.5,22.975,180.3,590.5,4.61,0.5985107632770119
2026-04-23T17:05:22,04/23/202605:05,140.37,0.6599999999999999,92.6442,54.879999999999995,1.0,54.879999999999995,54.4,0.7,13.0,198.7,23811.0,45046.0,18.3,27.9,58.0,29.5,23.0,180.2,592.0,4.640000000000001,0.5923738345195921
2026-04-23T17:06:36,04/23/202605:06,140.42000000000002,0.6699999999999999,94.0814,54.879999999999995,1.02,55.977599999999995,55.5,0.7,13.0,198.7,23811.0,45046.0,18.3,27.9,58.0,29.5,23.025,180.1,593.5,4.67,0.5949911459650897
2026-04-23T17:07:01,04/23/202605:07,140.47,0.6799999999999999,95.5196,54.879999999999995,1.04,57.075199999999995,56.6,0.7,13.0,198.7,23811.0,45046.0,18.3,27.9,58.0,29.5,23.05,180.0,595.0,4.7,0.5975234402154113
2026-04-23T17:07:37,04/23/202605:07,140.48999999999998,0.6699999999999999,94.12829999999998,54.89,1.03,56.5367,56.0,0.7,13.0,198.7,23811.0,45046.0,18.3,27.9,58.0,29.5,23.05,180.0,595.0,4.7,0.6006344531878299
2026-04-23T17:08:52,04/23/202605:08,140.57,0.6699999999999999,94.18189999999998,54.9,1.05,57.645,57.1,0.7,13.0,198.7,23811.0,45046.0,18.3,27.9,58.0,29.5,23.05,180.0,595.0,4.7,0.6120602790982133
2026-04-23T17:09:01,04/23/202605:09,140.68,0.6699999999999999,94.2556,54.9,1.05,57.645,57.1,0.7,13.0,198.7,23811.0,45046.0,18.3,27.9,58.0,29.5,23.05,180.0,595.0,4.7,0.6115816991245083
2026-04-23T17:09:53,04/23/202605:09,140.76,0.6599999999999999,92.90159999999999,54.9,1.04,57.096000000000004,56.5,0.7,13.0,198.7,23811.0,45046.0,18.3,27.9,58.0,29.5,23.05,180.0,595.0,4.7,0.614585755250717
2026-04-23T17:10:01,04/23/202605:10,140.82,0.65,91.533,54.9,1.03,56.547,55.9,0.7,13.0,198.7,23811.0,45046.0,18.3,27.9,58.0,29.5,23.05,180.0,595.0,4.7,0.6177771951099603
2026-04-23T17:10:53,04/23/202605:10,140.82,0.6599999999999999,92.94119999999998,54.9,1.04,57.096000000000004,56.5,0.7,13.0,198.7,23811.0,45046.0,18.3,27.9,58.0,29.5,23.05,180.0,595.0,4.7,0.6143238951078748
2026-04-23T17:11:01,04/23/202605:11,140.82,0.6699999999999999,94.34939999999999,54.9,1.05,57.645,57.1,0.7,13.0,198.7,23811.0,45046.0,18.3,27.9,58.0,29.5,23.05,180.0,595.0,4.7,0.6109736786879408
2026-04-23T17:11:53,04/23/202605:11,140.8,0.6599999999999999,92.928,54.9,1.05,57.645,57.1,0.7,13.0,198.7,23811.0,45046.0,18.3,27.9,58.0,29.5,23.05,180.0,595.0,4.7,0.6203189566115703
2026-04-23T17:12:01,04/23/202605:12,140.77,0.65,91.50050000000002,54.9,1.05,57.645,57.1,0.7,13.0,198.7,23811.0,45046.0,18.3,27.9,58.0,29.5,23.05,180.0,595.0,4.7,0.6299965573958611
2026-04-23T17:12:53,04/23/202605:12,140.74,0.65,91.48100000000001,54.9,1.03,56.547,56.0,0.7,13.0,198.7,23811.0,45046.0,18.3,27.9,58.0,29.5,23.05,180.0,595.0,4.7,0.6181283545217039
2026-04-23T17:13:01,04/23/202605:13,140.72,0.6599999999999999,92.87519999999999,54.9,1.03,56.547,56.0,0.7,13.0,198.7,23811.0,45046.0,18.3,27.9,58.0,29.5,23.05,180.0,595.0,4.7,0.6088492945371854
2026-04-23T17:14:01,04/23/202605:14,140.64000000000001,0.65,91.41600000000001,54.910000000000004,1.02,56.0082,55.4,0.7,13.0,198.7,23811.0,45046.0,18.3,27.9,58.0,29.5,23.05,180.0,595.0,4.7,0.6126739301653977
2026-04-23T17:15:27,04/23/202605:15,140.57999999999998,0.6399999999999999,89.97119999999998,54.910000000000004,0.99,54.3609,53.7,0.7,13.0,198.7,23811.0,45046.0,18.3,27.9,58.0,29.5,23.05,180.0,595.0,4.7,0.6042033450704226
2026-04-23T17:16:01,04/23/202605:16,140.53,0.65,91.34450000000001,54.910000000000004,1.0,54.910000000000004,54.3,0.7,14.0,198.7,23811.0,45046.0,18.3,27.85,58.1,29.5,23.025,179.2,590.2,4.67,0.6011308836328405
2026-04-23T17:17:01,04/23/202605:17,140.49,0.6599999999999999,92.7234,54.910000000000004,1.03,56.557300000000005,56.0,0.7,14.0,198.7,23811.0,45046.0,18.3,27.8,58.2,29.5,23.0,178.4,585.4,4.640000000000001,0.609957141347276
2026-04-23T17:18:01,04/23/202605:18,140.52,0.65,91.33800000000001,54.910000000000004,0.99,54.3609,53.8,0.7,14.0,198.7,23811.0,45046.0,18.3,27.75,58.3,29.5,22.975,177.6,580.6,4.61,0.5951619260329764
2026-04-23T17:19:01,04/23/202605:19,140.54000000000002,0.6399999999999999,89.9456,54.92,0.9700000000000001,53.272400000000005,52.7,0.7,14.0,198.7,23811.0,45046.0,18.3,27.7,58.4,29.5,22.95,176.8,575.8,4.58,0.5922735520136616
2026-04-23T17:20:01,04/23/202605:20,140.56,0.65,91.364,54.92,0.9800000000000001,53.821600000000004,53.2,0.7,14.0,198.7,23811.0,45046.0,18.3,27.65,58.5,29.5,22.925,176.0,571.0,4.55,0.5890897946674839
2026-04-23T17:21:01,04/23/202605:21,140.60999999999999,0.65,91.39649999999999,54.92,0.96,52.7232,52.1,0.7,14.0,198.7,23811.0,45046.0,18.3,27.6,58.6,29.5,22.9,175.2,566.2,4.5200000000000005,0.576862352497087
2026-04-23T17:22:01,04/23/202605:22,140.66,0.6399999999999999,90.02239999999999,54.92,0.97,53.2724,52.6,0.7,14.0,198.7,23811.0,45046.0,18.3,27.55,58.7,29.5,22.875,174.4,561.4,4.49,0.5917682710081047
2026-04-23T17:23:01,04/23/202605:23,140.7,0.6399999999999999,90.04799999999997,54.92,0.9800000000000001,53.821600000000004,53.2,0.7,14.0,198.7,23811.0,45046.0,18.4,27.5,58.8,29.5,22.85,173.6,556.6,4.46,0.5976990049751246
2026-04-23T17:24:01,04/23/202605:24,140.72,0.6399999999999999,90.06079999999999,54.910000000000004,0.96,52.7136,52.1,0.7,14.0,198.7,23811.0,45046.0,18.3,27.45,58.9,29.5,22.825,172.8,551.8,4.430000000000001,0.5853112563956795
2026-04-23T17:25:01,04/23/202605:25,140.73,0.65,91.47449999999999,54.910000000000004,0.9800000000000001,53.81180000000001,53.2,0.7,14.0,198.7,23811.0,45046.0,18.3,27.4,59.0,29.5,22.8,172.0,547.0,4.4,0.5882710482156231
2026-04-23T17:26:39,04/23/202605:26,140.77,0.6399999999999999,90.0928,54.910000000000004,0.97,53.2627,52.6,0.7,14.0,198.7,23811.0,45046.0,18.3,27.4,59.0,29.5,22.8,172.0,547.0,4.4,0.5911981867585423
2026-04-23T17:26:51,04/23/202605:26,140.79000000000002,0.63,88.69770000000001,54.910000000000004,0.95,52.164500000000004,51.5,0.7,14.0,198.7,23811.0,45046.0,18.3,27.4,59.0,29.5,22.8,172.0,547.0,4.4,0.5881155881155881
2026-04-23T17:27:00,04/23/202605:27,140.76,0.63,88.6788,54.910000000000004,0.99,54.3609,53.7,0.7,14.0,198.7,23811.0,45046.0,18.3,27.4,59.0,29.5,22.8,172.0,547.0,4.4,0.6130089717046239
2026-04-23T17:28:50,04/23/202605:28,140.74,0.6399999999999999,90.0736,54.9,0.99,54.351,53.7,0.7,14.0,198.7,23811.0,45046.0,18.3,27.4,59.0,29.5,22.8,172.0,547.3,4.4,0.6034065475344607
2026-04-23T17:29:00,04/23/202605:29,140.75,0.6399999999999999,90.07999999999998,54.9,0.96,52.70399999999999,52.1,0.7,14.0,198.7,23811.0,45046.0,18.3,27.4,59.0,29.5,22.8,172.0,547.6,4.4,0.5850799289520426
2026-04-23T17:29:51,04/23/202605:29,140.72,0.65,91.468,54.9,0.9700000000000001,53.253,52.6,0.7,14.0,198.7,23811.0,45046.0,18.3,27.43,59.0,29.5,22.8,172.0,547.9,4.4,0.582203612192242
2026-04-23T17:30:01,04/23/202605:30,140.69,0.6599999999999999,92.85539999999999,54.9,0.9700000000000001,53.253,52.6,0.7,14.0,198.7,23811.0,45046.0,18.3,27.459999999999997,59.0,29.5,22.8,172.0,548.2,4.4,0.573504610394226
2026-04-23T17:30:50,04/23/202605:30,140.69,0.65,91.4485,54.9,0.96,52.70399999999999,52.0,0.7,14.0,198.7,23811.0,45046.0,18.3,27.49,59.0,29.5,22.782,172.9,548.5,4.4,0.5763243792954504
2026-04-23T17:31:01,04/23/202605:31,140.70999999999998,0.65,91.46149999999999,54.9,0.96,52.70399999999999,52.0,0.7,14.0,198.7,23811.0,45046.0,18.3,27.52,59.0,29.5,22.764000000000003,173.8,548.8,4.4,0.576242462675552
2026-04-23T17:31:51,04/23/202605:31,140.7,0.65,91.455,54.9,0.9700000000000001,53.253,52.6,0.7,14.0,198.7,23811.0,45046.0,18.3,27.54,59.3,29.497000000000003,22.789,174.4,544.0,4.35,0.5822863703460719
2026-04-23T17:32:01,04/23/202605:32,140.68,0.6599999999999999,92.8488,54.9,0.9800000000000001,53.80200000000001,53.2,0.7,14.0,198.7,23811.0,45046.0,18.3,27.560000000000002,59.6,29.494,22.814,175.0,539.2,4.3,0.5794582159381705
2026-04-23T17:32:51,04/23/202605:32,140.7,0.6599999999999999,92.86199999999998,54.9,0.9700000000000001,53.253,52.6,0.7,14.0,198.7,23811.0,45046.0,18.3,27.580000000000002,59.9,29.490999999999996,22.839000000000002,175.6,534.4,4.25,0.5734638495832527
2026-04-23T17:33:01,04/23/202605:33,140.72,0.6599999999999999,92.87519999999999,54.9,0.96,52.70399999999999,52.0,0.7,14.0,198.7,23811.0,45046.0,18.3,27.6,60.2,29.488,22.864,176.2,529.6,4.2,0.5674711871414543
2026-04-23T17:33:51,04/23/202605:33,140.72,0.6599999999999999,92.87519999999999,54.9,0.9700000000000001,53.253,52.5,0.7,14.0,198.7,23811.0,45046.0,18.3,27.619999999999997,60.5,29.485000000000003,22.889000000000003,176.8,524.5,4.15,0.5733823453408445
2026-04-23T17:34:01,04/23/202605:34,140.72,0.6599999999999999,92.87519999999999,54.9,0.9800000000000001,53.80200000000001,53.0,0.7,14.0,198.7,23811.0,45046.0,18.3,27.639999999999997,60.8,29.482,22.914,177.4,519.4,4.1,0.5792935035402348
2026-04-23T17:34:51,04/23/202605:34,140.77,0.6399999999999999,90.0928,54.9,0.95,52.154999999999994,51.4,0.7,14.0,198.7,23811.0,45046.0,18.3,27.630000000000003,61.1,29.478999999999996,22.939,178.0,514.3,4.05,0.5789030865951552
2026-04-23T17:35:01,04/23/202605:35,140.82,0.6199999999999999,87.30839999999998,54.9,0.9199999999999999,50.507999999999996,49.8,0.7,14.0,198.7,23811.0,45046.0,18.3,27.619999999999997,61.4,29.476,22.964000000000002,178.6,509.2,4.0,0.5785010377008398
2026-04-23T17:35:51,04/23/202605:35,140.82999999999998,0.6199999999999999,87.31459999999997,54.9,0.9199999999999999,50.507999999999996,49.8,0.7,14.0,198.7,23811.0,45046.0,18.3,27.610000000000003,61.7,29.473000000000003,23.006999999999998,178.3,504.1,3.95,0.5784599597318205
2026-04-23T17:36:01,04/23/202605:36,140.84,0.6199999999999999,87.32079999999999,54.9,0.9199999999999999,50.507999999999996,49.8,0.7,14.0,198.7,23811.0,45046.0,18.3,27.6,62.0,29.47,23.05,178.0,499.0,3.9,0.5784188875960825
2026-04-23T17:37:50,04/23/202605:37,140.85999999999999,0.61,85.92459999999998,54.9,0.9099999999999999,49.958999999999996,49.2,0.7,14.0,198.7,23811.0,45046.0,18.4,27.6,61.8,29.47,23.05,178.0,499.0,3.9,0.5814283685929292
2026-04-23T17:38:01,04/23/202605:38,140.88,0.6,84.52799999999999,54.9,0.9,49.41,48.6,0.7,14.0,198.7,23811.0,45046.0,18.4,27.6,61.6,29.47,23.05,178.0,499.0,3.9,0.5845400340715503
2026-04-23T17:38:51,04/23/202605:38,140.85999999999999,0.61,85.92459999999998,54.9,0.89,48.861,48.1,0.7,14.0,198.7,23811.0,45046.0,18.3,27.6,61.4,29.47,23.05,178.0,499.0,3.9,0.5686497231293484
2026-04-23T17:39:01,04/23/202605:39,140.84,0.6199999999999999,87.32079999999999,54.9,0.8800000000000001,48.312000000000005,47.6,0.7,14.0,198.7,23811.0,45046.0,18.3,27.6,61.2,29.47,23.05,178.0,499.0,3.9,0.5532702403092964
2026-04-23T17:39:51,04/23/202605:39,140.85999999999999,0.61,85.92459999999998,54.9,0.86,47.214,46.5,0.7,14.0,198.7,23811.0,45046.0,18.4,27.6,61.0,29.47,23.05,178.0,499.0,3.9,0.5494817549339771
2026-04-23T17:40:01,04/23/202605:40,140.88,0.6,84.52799999999999,54.9,0.8400000000000001,46.116,45.4,0.7,14.0,198.7,23811.0,45046.0,18.4,27.6,60.8,29.47,23.05,178.0,499.0,3.9,0.5455706984667803
2026-04-23T17:40:51,04/23/202605:40,140.84,0.61,85.9124,54.9,0.86,47.214,46.5,0.7,14.0,198.7,23811.0,45046.0,18.3,27.6,60.6,29.47,23.05,178.0,499.0,3.9,0.5495597841522294
2026-04-23T17:41:01,04/23/202605:41,140.8,0.6199999999999999,87.29599999999999,54.9,0.8800000000000001,48.312000000000005,47.6,0.7,14.0,198.7,23811.0,45046.0,18.3,27.6,60.4,29.47,23.05,178.0,499.0,3.9,0.5534274193548389
2026-04-23T17:41:50,04/23/202605:41,140.77,0.6199999999999999,87.27739999999999,54.9,0.9,49.41,48.7,0.7,14.0,198.7,23811.0,45046.0,18.3,27.6,60.2,29.47,23.05,178.0,499.0,3.9,0.5661259386737002
2026-04-23T17:42:00,04/23/202605:42,140.74,0.6199999999999999,87.2588,54.9,0.9199999999999999,50.507999999999996,49.8,0.7,14.0,198.7,23811.0,45046.0,18.3,27.6,60.0,29.47,23.05,178.0,499.0,3.9,0.5788298716003428
2026-04-23T17:43:09,04/23/202605:43,140.73,0.6199999999999999,87.25259999999997,54.9,0.9099999999999999,49.958999999999996,49.3,0.7,14.0,198.7,23811.0,45046.0,18.3,27.6,60.0,29.47,23.05,178.0,499.0,3.9,0.5725789260148123
2026-04-23T17:44:00,04/23/202605:44,140.71999999999997,0.6199999999999999,87.24639999999997,54.9,0.9,49.41,48.8,0.7,14.0,198.7,23811.0,45046.0,18.3,27.6,60.0,29.47,23.05,178.0,499.0,3.9,0.5663270920060887
2026-04-23T17:44:09,04/23/202605:44,140.71999999999997,0.6199999999999999,87.24639999999997,54.9,0.9099999999999999,49.958999999999996,49.3,0.7,14.0,198.7,23811.0,45046.0,18.4,27.6,60.0,29.47,23.05,178.0,499.0,3.9,0.5726196152506008
2026-04-23T17:45:01,04/23/202605:45,140.71999999999997,0.6199999999999999,87.24639999999997,54.9,0.9199999999999999,50.507999999999996,49.8,0.7,14.0,198.7,23811.0,45046.0,18.4,27.6,60.0,29.47,23.05,178.0,499.0,3.9,0.5789121384951129
2026-04-23T17:45:09,04/23/202605:45,140.69,0.6199999999999999,87.22779999999999,54.89,0.9400000000000001,51.5966,50.9,0.7,14.0,198.7,23811.0,45046.0,18.3,27.580000000000002,60.0,29.47,23.162,178.1,494.0,3.85,0.5915155489419659
2026-04-23T17:46:00,04/23/202605:46,140.66,0.6199999999999999,87.20919999999998,54.879999999999995,0.96,52.684799999999996,52.0,0.7,14.0,198.7,23811.0,45046.0,18.3,27.560000000000002,60.0,29.47,23.274,178.2,489.0,3.8,0.6041197488338387
2026-04-23T17:46:09,04/23/202605:46,140.67,0.6199999999999999,87.21539999999997,54.879999999999995,0.96,52.684799999999996,52.0,0.7,14.0,198.7,23811.0,45046.0,18.3,27.54,60.0,29.47,23.386000000000003,178.3,484.0,3.75,0.6040768029499378
2026-04-23T17:47:01,04/23/202605:47,140.68,0.6199999999999999,87.22159999999998,54.879999999999995,0.96,52.684799999999996,52.0,0.7,14.0,198.7,23811.0,45046.0,18.3,27.52,60.0,29.47,23.498,178.4,479.0,3.7,0.6040338631715081
2026-04-23T17:47:09,04/23/202605:47,140.72,0.6199999999999999,87.24639999999998,54.879999999999995,0.95,52.135999999999996,51.5,0.7,14.0,198.7,23811.0,45046.0,18.3,27.5,60.0,29.47,23.610000000000003,178.5,474.0,3.65,0.5975719342001504
2026-04-23T17:49:02,04/23/202605:49,140.76,0.6199999999999999,87.27119999999998,54.879999999999995,0.9400000000000001,51.587199999999996,51.0,0.7,14.0,198.7,23811.0,45046.0,18.3,27.48,60.0,29.47,23.722,178.6,469.0,3.6,0.5911136778226953
2026-04-23T17:49:09,04/23/202605:49,140.77,0.6399999999999999,90.0928,54.86999999999999,0.96,52.67519999999999,52.1,0.7,14.0,198.7,23811.0,45046.0,18.3,27.46,60.0,29.47,23.834,178.7,464.0,3.55,0.5846771329118419
2026-04-23T17:50:01,04/23/202605:50,140.78,0.6599999999999999,92.91479999999999,54.86,0.9800000000000001,53.762800000000006,53.2,0.7,14.0,198.7,23811.0,45046.0,18.3,27.439999999999998,60.0,29.47,23.946,178.8,459.0,3.5,0.5786247185593685
2026-04-23T17:50:09,04/23/202605:50,140.79000000000002,0.6599999999999999,92.9214,54.86,0.9800000000000001,53.762800000000006,53.2,0.7,14.0,198.7,23811.0,45046.0,18.3,27.419999999999998,60.0,29.47,24.058,178.9,454.0,3.45,0.5785836201348667
2026-04-23T17:51:01,04/23/202605:51,140.8,0.6599999999999999,92.928,54.86,0.9800000000000001,53.762800000000006,53.2,0.7,14.0,198.7,23811.0,45046.0,18.3,27.4,60.0,29.47,24.17,179.0,449.0,3.4,0.5785425275482095
2026-04-23T17:51:08,04/23/202605:51,140.13000000000002,0.6599999999999999,92.4858,54.86999999999999,0.9700000000000001,53.22389999999999,52.7,0.7,14.0,198.7,23811.0,45046.0,18.3,27.4,60.0,29.47,24.17,179.0,449.0,3.4,0.5754818577554608
2026-04-23T17:52:01,04/23/202605:52,139.46,0.6599999999999999,92.0436,54.879999999999995,0.96,52.684799999999996,52.2,0.7,14.0,198.7,23811.0,45046.0,18.3,27.4,60.0,29.47,24.17,179.0,449.0,3.4,0.5723896066646675
2026-04-23T17:52:09,04/23/202605:52,139.52,0.6599999999999999,92.08319999999999,54.879999999999995,0.96,52.684799999999996,52.2,0.7,14.0,198.7,23811.0,45046.0,18.4,27.4,60.0,29.47,24.17,179.0,449.0,3.4,0.5721434528773979
2026-04-23T17:53:01,04/23/202605:53,139.58,0.6599999999999999,92.1228,54.879999999999995,0.96,52.684799999999996,52.2,0.7,14.0,198.7,23811.0,45046.0,18.4,27.4,60.0,29.47,24.17,179.0,449.0,3.4,0.57189751071396
2026-04-23T17:53:09,04/23/202605:53,139.6,0.65,90.74,54.879999999999995,0.95,52.135999999999996,51.6,0.7,14.0,198.7,23811.0,45046.0,18.3,27.4,60.0,29.47,24.17,179.0,449.0,3.4,0.5745646903240026
2026-04-23T17:54:01,04/23/202605:54,139.62,0.64,89.3568,54.879999999999995,0.9400000000000001,51.587199999999996,51.0,0.7,14.0,198.7,23811.0,45046.0,18.3,27.4,60.0,29.47,24.17,179.0,449.0,3.4,0.5773170032946568
2026-04-23T17:54:09,04/23/202605:54,139.62,0.63,87.9606,54.89,0.93,51.047700000000006,50.4,0.7,14.0,198.7,23811.0,45046.0,18.3,27.4,60.0,29.47,24.17,179.0,449.0,3.4,0.5803473373305776
2026-04-23T17:55:01,04/23/202605:55,139.62,0.6199999999999999,86.56439999999999,54.9,0.9199999999999999,50.507999999999996,49.8,0.7,14.0,198.7,23811.0,45046.0,18.3,27.4,60.0,29.47,24.17,179.0,449.0,3.4,0.5834731136587327
2026-04-23T17:55:09,04/23/202605:55,139.63,0.6199999999999999,86.57059999999998,54.9,0.93,51.057,50.4,0.8,14.0,198.7,23811.0,45046.0,18.3,27.4,60.0,29.47,24.17,179.0,449.0,3.4,0.5897729714244792
2026-04-23T17:56:01,04/23/202605:56,139.64000000000001,0.6199999999999999,86.57679999999999,54.9,0.9400000000000001,51.606,51.0,0.8,14.0,198.7,23811.0,45046.0,18.3,27.4,60.0,29.47,24.17,179.0,449.0,3.4,0.5960719268903448
2026-04-23T17:56:09,04/23/202605:56,139.74,0.63,88.03620000000001,54.9,0.96,52.70399999999999,52.1,0.8,14.0,198.7,23811.0,45046.0,18.3,27.4,60.0,29.47,24.17,179.0,449.0,3.4,0.5986628227933508
2026-04-23T17:57:01,04/23/202605:57,139.84,0.6399999999999999,89.49759999999999,54.9,0.9800000000000001,53.80200000000001,53.2,0.8,14.0,198.7,23811.0,45046.0,18.3,27.4,60.0,29.47,24.17,179.0,449.0,3.4,0.6011557851830664
2026-04-23T17:57:08,04/23/202605:57,139.82,0.6399999999999999,89.48479999999998,54.9,0.99,54.351,53.7,0.8,14.0,198.7,23811.0,45046.0,18.3,27.4,60.0,29.47,24.17,179.0,449.0,3.4,0.6073768952939494
2026-04-23T17:58:01,04/23/202605:58,139.8,0.6399999999999999,89.472,54.9,1.0,54.9,54.2,0.8,14.0,198.7,23811.0,45046.0,18.3,27.4,60.0,29.47,24.17,179.0,449.0,3.4,0.6135997854077253
2026-04-23T17:58:09,04/23/202605:58,139.49,0.6699999999999999,93.4583,54.89,1.06,58.183400000000006,57.5,0.8,14.0,198.7,23811.0,45046.0,18.3,27.4,60.0,29.47,24.17,179.0,449.0,3.4,0.6225600080463695
2026-04-23T18:00:14,04/23/202606:00,139.5,0.6799999999999999,94.85999999999999,54.89,1.06,58.183400000000006,57.5,0.8,14.0,198.7,23811.0,45046.0,18.4,27.4,60.0,29.47,24.17,179.0,449.0,3.4,0.6133607421463211
2026-04-23T18:00:54,04/23/202606:00,139.54000000000002,0.6799999999999999,94.8872,54.89,1.06,58.183400000000006,57.5,0.8,14.0,198.7,23811.0,45046.0,18.4,27.359999999999996,60.0,29.47,24.189,179.1,443.8,3.3600000000000003,0.6131849185137722
2026-04-23T18:01:01,04/23/202606:01,139.57999999999998,0.6799999999999999,94.91439999999999,54.89,1.06,58.183400000000006,57.5,0.8,14.0,198.7,23811.0,45046.0,18.4,27.32,60.0,29.47,24.208000000000002,179.2,438.6,3.3200000000000003,0.6130091956541897
2026-04-23T18:01:53,04/23/202606:01,139.62,0.6699999999999999,93.54539999999999,54.89,1.04,57.0856,56.4,0.8,14.0,198.7,23811.0,45046.0,18.4,27.28,60.0,29.47,24.227,179.3,433.4,3.28,0.6102448650601741
2026-04-23T18:01:55,04/23/202606:01,139.65,0.6699999999999999,93.5655,54.89,1.04,57.0856,56.4,0.8,14.0,198.7,23811.0,45046.0,18.3,27.24,60.0,29.47,24.246000000000002,179.4,428.2,3.2399999999999998,0.6101137705671428
2026-04-23T18:02:01,04/23/202606:02,140.28,0.6699999999999999,93.98759999999999,54.89,1.04,57.0856,56.4,0.8,14.0,198.7,23811.0,45046.0,18.3,27.2,60.0,29.47,24.265,179.5,423.0,3.2,0.6073737386633983
2026-04-23T18:03:12,04/23/202606:03,140.93,0.6599999999999999,93.01379999999999,54.89,1.02,55.9878,55.3,0.8,14.0,198.7,23811.0,45046.0,18.4,27.160000000000004,60.0,29.47,24.284,179.6,417.8,3.16,0.6019300361881786
2026-04-23T18:04:01,04/23/202606:04,140.95,0.6599999999999999,93.02699999999999,54.89,1.01,55.438900000000004,54.8,0.8,14.0,198.7,23811.0,45046.0,18.4,27.119999999999997,60.0,29.47,24.303,179.7,412.6,3.12,0.5959441882464233
2026-04-23T18:04:11,04/23/202606:04,140.98,0.6699999999999999,94.45659999999998,54.879999999999995,0.99,54.331199999999995,53.7,0.8,14.0,198.7,23811.0,45046.0,18.4,27.080000000000002,60.0,29.47,24.322,179.8,407.4,3.08,0.5751974981102433
2026-04-23T18:05:01,04/23/202606:05,141.32,0.6599999999999999,93.27119999999998,54.879999999999995,0.93,51.038399999999996,50.4,0.8,14.0,198.7,23811.0,45046.0,18.4,27.04,60.0,29.47,24.341,179.9,402.2,3.04,0.5472042817075368
2026-04-23T18:05:12,04/23/202606:05,141.35,0.6599999999999999,93.29099999999998,54.879999999999995,0.9200000000000002,50.4896,50.4,0.8,14.0,198.7,23811.0,45046.0,18.3,27.0,60.0,29.47,24.36,180.0,397.0,3.0,0.541205475340601
2026-04-23T18:05:56,04/23/202606:05,141.38,0.6399999999999999,90.48319999999998,54.86999999999999,0.89,48.83429999999999,48.8,0.8,14.0,198.7,23811.0,45046.0,18.3,27.0,60.0,29.47,24.36,180.0,397.0,3.0,0.5397057133257886
2026-04-23T18:06:01,04/23/202606:06,141.41,0.6199999999999999,87.67419999999998,54.86,0.86,47.1796,47.2,0.8,14.0,198.7,23811.0,45046.0,18.3,27.0,60.0,29.47,24.36,180.0,397.0,3.0,0.5381241003624785
2026-04-23T18:06:56,04/23/202606:06,141.37,0.63,89.0631,54.86,0.8800000000000001,48.27680000000001,48.3,0.8,14.0,198.7,23811.0,45046.0,18.4,27.0,60.0,29.47,24.36,180.0,397.0,3.0,0.5420516465292585
2026-04-23T18:07:01,04/23/202606:07,141.34,0.63,89.0442,54.86,0.8800000000000001,48.27680000000001,48.3,0.8,14.0,198.7,23811.0,45046.0,18.4,27.0,60.0,29.47,24.36,180.0,397.0,3.0,0.5421666992347621
2026-04-23T18:07:55,04/23/202606:07,141.32,0.6199999999999999,87.61839999999998,54.86,0.8699999999999999,47.728199999999994,48.3,0.8,14.0,198.7,23811.0,45046.0,18.3,27.0,60.0,29.47,24.36,180.0,397.0,3.0,0.54472804798992
2026-04-23T18:08:01,04/23/202606:08,141.28,0.6199999999999999,87.59359999999998,54.86,0.8800000000000001,48.27680000000001,49.4,0.8,14.0,198.7,23811.0,45046.0,18.3,27.0,60.0,29.47,24.36,180.0,397.0,3.0,0.5511452891535457
2026-04-23T18:08:56,04/23/202606:08,141.25,0.61,86.1625,54.85,0.85,46.6225,47.7,0.8,14.0,198.7,23811.0,45046.0,18.4,27.0,60.0,29.47,24.36,180.0,397.0,3.0,0.5410996663281591
2026-04-23T18:09:01,04/23/202606:09,141.20999999999998,0.59,83.31389999999999,54.85,0.8300000000000001,45.52550000000001,46.6,0.8,14.0,198.7,23811.0,45046.0,18.4,27.0,60.0,29.47,24.36,180.0,397.0,3.0,0.546433428275474
2026-04-23T18:09:55,04/23/202606:09,141.18,0.58,81.8844,54.85,0.82,44.977,46.1,0.8,14.0,198.7,23811.0,45046.0,18.4,27.0,60.0,29.47,24.36,180.0,397.0,3.0,0.5492743428540723
2026-04-23T18:10:00,04/23/202606:10,141.14000000000001,0.58,81.8612,54.839999999999996,0.82,44.968799999999995,45.6,0.8,14.0,198.7,23811.0,45046.0,18.4,27.0,60.0,29.47,24.36,180.0,397.0,3.0,0.5493298412434706
2026-04-23T18:11:26,04/23/202606:11,141.07999999999998,0.6,84.64799999999998,54.839999999999996,0.86,47.1624,47.8,0.8,14.0,198.7,23811.0,45046.0,18.3,27.0,60.0,29.47,24.36,180.0,397.0,3.0,0.557159058690105
2026-04-23T18:11:55,04/23/202606:11,141.02,0.6199999999999999,87.43239999999999,54.839999999999996,0.9099999999999999,49.904399999999995,50.5,0.8,14.0,198.7,23811.0,45046.0,18.4,27.0,60.0,29.47,24.36,180.0,397.0,3.0,0.5707769659759998
2026-04-23T18:12:00,04/23/202606:12,141.02,0.6199999999999999,87.43239999999999,54.83,0.9199999999999999,50.443599999999996,51.0,0.8,14.0,198.7,23811.0,45046.0,18.4,27.0,60.0,29.47,24.36,180.0,397.0,3.0,0.5769440161770694
2026-04-23T18:12:56,04/23/202606:12,141.09,0.59,83.2431,54.81999999999999,0.86,47.145199999999996,47.7,0.8,14.0,198.7,23811.0,45046.0,18.4,27.0,60.0,29.47,24.36,180.0,397.0,3.0,0.5663556498977091
2026-04-23T18:13:01,04/23/202606:13,141.15,0.5700000000000001,80.45550000000001,54.81,0.8099999999999999,44.3961,44.4,0.8,14.0,198.7,23811.0,45046.0,18.4,27.0,60.0,29.47,24.36,180.0,397.0,3.0,0.5518093853123776
2026-04-23T18:13:55,04/23/202606:13,141.16,0.5700000000000001,80.4612,54.79,0.79,43.2841,42.7,0.8,14.0,198.7,23811.0,45046.0,18.4,27.0,60.0,29.47,24.36,180.0,397.0,3.0,0.5379499684319896
2026-04-23T18:14:00,04/23/202606:14,141.16,0.58,81.8728,54.779999999999994,0.8099999999999999,44.37179999999999,43.8,0.8,14.0,198.7,23811.0,45046.0,18.4,27.0,60.0,29.47,24.36,180.0,397.0,3.0,0.5419602114499564
2026-04-23T18:14:56,04/23/202606:14,141.15,0.6,84.69,54.779999999999994,0.86,47.1108,46.6,0.8,14.0,198.7,23811.0,45046.0,18.4,27.0,60.0,29.47,24.36,180.0,397.0,3.0,0.5562734679419058
2026-04-23T18:15:01,04/23/202606:15,141.13,0.61,86.0893,54.779999999999994,0.9,49.30199999999999,48.8,0.8,14.0,198.7,23811.0,45046.0,18.4,27.0,60.0,29.47,24.36,180.0,397.0,3.0,0.5726844102577208
2026-04-23T18:15:57,04/23/202606:15,141.10999999999999,0.6199999999999999,87.48819999999998,54.79,0.93,50.9547,50.4,0.8,14.0,198.7,23811.0,45046.0,18.4,26.97,60.1,29.47,24.341,180.1,391.5,2.96,0.5824179717950537
2026-04-23T18:16:01,04/23/202606:16,141.12,0.6199999999999999,87.49439999999998,54.8,0.9199999999999999,50.416,49.8,0.8,14.0,198.7,23811.0,45046.0,18.4,26.939999999999998,60.2,29.47,24.322,180.2,386.0,2.92,0.5762197352059104
2026-04-23T18:16:56,04/23/202606:16,141.14000000000001,0.61,86.09540000000001,54.8,0.8800000000000001,48.224000000000004,47.6,0.8,14.0,198.7,23811.0,45046.0,18.4,26.910000000000004,60.3,29.47,24.303,180.3,380.5,2.88,0.5601228404769593
2026-04-23T18:17:01,04/23/202606:17,141.16,0.6,84.696,54.8,0.8400000000000001,46.032000000000004,45.4,0.8,14.0,198.7,23811.0,45046.0,18.4,26.880000000000003,60.4,29.47,24.284,180.4,375.0,2.84,0.5434967412864835
2026-04-23T18:17:56,04/23/202606:17,141.12,0.6199999999999999,87.49439999999998,54.81,0.8800000000000001,48.23280000000001,47.6,0.8,15.0,198.7,23811.0,45046.0,18.4,26.85,60.5,29.47,24.265,180.5,369.5,2.8,0.551267281105991
2026-04-23T18:18:01,04/23/202606:18,141.07999999999998,0.6399999999999999,90.29119999999998,54.82000000000001,0.9200000000000002,50.43440000000002,49.8,0.8,15.0,198.7,23811.0,45046.0,18.4,26.82,60.6,29.47,24.246000000000002,180.6,364.0,2.7600000000000002,0.5585749220300542
2026-04-23T18:18:56,04/23/202606:18,141.07999999999998,0.65,91.702,54.83,0.93,50.9919,50.4,0.8,15.0,198.7,23811.0,45046.0,18.4,26.79,60.7,29.47,24.227,180.7,358.5,2.7199999999999998,0.5560609365117446
2026-04-23T18:19:01,04/23/202606:19,141.07999999999998,0.6599999999999999,93.11279999999998,54.839999999999996,0.9400000000000001,51.5496,51.0,0.8,15.0,198.7,23811.0,45046.0,18.4,26.76,60.8,29.47,24.208000000000002,180.8,353.0,2.68,0.5536252803051783
2026-04-23T18:19:57,04/23/202606:19,141.07,0.6599999999999999,93.10619999999999,54.839999999999996,0.93,51.0012,50.4,0.8,15.0,198.7,23811.0,45046.0,18.4,26.73,60.9,29.47,24.189,180.9,347.5,2.64,0.5477744768876831
2026-04-23T18:20:01,04/23/202606:20,141.06,0.6599999999999999,93.0996,54.839999999999996,0.9199999999999999,50.45279999999999,49.8,0.8,15.0,198.7,23811.0,45046.0,18.4,26.7,61.0,29.47,24.17,181.0,342.0,2.6,0.5419228439219931
2026-04-23T18:20:56,04/23/202606:20,141.07999999999998,0.65,91.702,54.81999999999999,0.9199999999999999,50.43439999999999,49.8,0.8,15.0,198.7,23811.0,45046.0,18.4,26.7,61.0,29.47,24.17,181.0,342.0,2.6,0.5499814616911298
2026-04-23T18:21:01,04/23/202606:21,141.1,0.6399999999999999,90.30399999999999,54.8,0.9199999999999999,50.416,49.8,0.8,15.0,198.7,23811.0,45046.0,18.4,26.7,61.0,29.47,24.17,181.0,342.0,2.6,0.5582919914953933
2026-04-23T18:22:38,04/23/202606:22,141.14,0.6399999999999999,90.32959999999997,54.8,0.9199999999999999,50.416,49.8,0.8,15.0,198.7,23811.0,45046.0,18.4,26.7,61.0,29.47,24.17,181.0,342.0,2.6,0.5581337678900384
2026-04-23T18:22:56,04/23/202606:22,141.15,0.65,91.7475,54.8,0.95,52.059999999999995,51.5,0.8,15.0,198.7,23811.0,45046.0,18.4,26.7,61.0,29.47,24.17,181.0,342.0,2.6,0.5674269053652687
2026-04-23T18:23:00,04/23/202606:23,141.15,0.6599999999999999,93.15899999999999,54.79,0.9700000000000001,53.146300000000004,52.6,0.8,15.0,198.7,23811.0,45046.0,18.4,26.7,61.0,29.47,24.17,181.0,342.0,2.6,0.5704902371214806
2026-04-23T18:23:56,04/23/202606:23,141.10999999999999,0.6699999999999999,94.54369999999999,54.779999999999994,0.9800000000000001,53.6844,53.1,0.8,15.0,198.7,23811.0,45046.0,18.4,26.7,61.0,29.47,24.17,181.0,342.0,2.6,0.5678263067766547
2026-04-23T18:24:01,04/23/202606:24,141.07999999999998,0.6699999999999999,94.52359999999997,54.779999999999994,0.99,54.23219999999999,53.6,0.8,15.0,198.7,23811.0,45046.0,18.4,26.7,61.0,29.47,24.17,181.0,342.0,2.6,0.5737424304618106
2026-04-23T18:24:56,04/23/202606:24,141.07,0.6599999999999999,93.10619999999999,54.779999999999994,0.9800000000000001,53.6844,53.0,0.8,15.0,198.7,23811.0,45046.0,18.4,26.7,61.0,29.47,24.17,181.0,342.0,2.6,0.5765931806904374
2026-04-23T18:25:00,04/23/202606:25,141.07999999999998,0.65,91.702,54.779999999999994,0.96,52.58879999999999,51.9,0.8,15.0,198.7,23811.0,45046.0,18.4,26.7,61.0,29.47,24.17,181.0,342.0,2.6,0.5734749514732502
2026-04-23T18:25:56,04/23/202606:25,139.94,0.65,90.961,54.779999999999994,0.9800000000000001,53.6844,53.0,0.8,15.0,198.7,23811.0,45046.0,18.4,26.7,61.0,29.47,24.17,181.0,342.0,2.6,0.5901914007101945
2026-04-23T18:26:01,04/23/202606:26,138.77,0.6599999999999999,91.5882,54.79,1.0,54.79,54.1,0.8,15.0,198.7,23811.0,45046.0,18.4,26.7,61.0,29.47,24.17,181.0,342.0,2.6,0.598221168229095
2026-04-23T18:26:56,04/23/202606:26,138.75,0.6599999999999999,91.57499999999999,54.8,0.99,54.251999999999995,53.6,0.8,15.0,198.7,23811.0,45046.0,18.4,26.7,61.0,29.47,24.17,181.0,342.0,2.6,0.5924324324324325
2026-04-23T18:27:00,04/23/202606:27,138.7,0.6599999999999999,91.54199999999999,54.8,1.0,54.8,54.2,0.8,15.0,198.7,23811.0,45046.0,18.4,26.7,61.0,29.47,24.17,181.0,342.0,2.6,0.598632321775797
2026-04-23T18:27:56,04/23/202606:27,138.69,0.65,90.1485,54.79,0.99,54.2421,53.6,0.8,15.0,198.7,23811.0,45046.0,18.4,26.7,61.0,29.47,24.17,181.0,342.0,2.6,0.601697199620626
2026-04-23T18:28:01,04/23/202606:28,138.68,0.6399999999999999,88.75519999999999,54.779999999999994,0.9800000000000001,53.6844,53.0,0.8,15.0,198.7,23811.0,45046.0,18.4,26.7,61.0,29.47,24.17,181.0,342.0,2.6,0.6048592082492068
2026-04-23T18:28:56,04/23/202606:28,138.7,0.6399999999999999,88.76799999999997,54.779999999999994,0.9800000000000001,53.6844,53.0,0.8,15.0,198.7,23811.0,45046.0,18.4,26.7,61.0,29.47,24.17,181.0,342.0,2.6,0.6047719899062727
2026-04-23T18:29:00,04/23/202606:29,138.72,0.6399999999999999,88.78079999999999,54.779999999999994,0.9800000000000001,53.6844,53.0,0.8,15.0,198.7,23811.0,45046.0,18.4,26.7,61.0,29.47,24.17,181.0,342.0,2.6,0.6046847967128028
2026-04-23T18:29:56,04/23/202606:29,138.70999999999998,0.65,90.16149999999999,54.779999999999994,1.0,54.779999999999994,54.1,0.8,15.0,198.7,23811.0,45046.0,18.4,26.72,61.0,29.47,24.17,181.0,341.6,2.6,0.6075764045629232
2026-04-23T18:30:01,04/23/202606:30,138.7,0.6599999999999999,91.54199999999999,54.779999999999994,1.02,55.87559999999999,55.2,0.8,15.0,198.7,23811.0,45046.0,18.4,26.74,61.0,29.47,24.17,181.0,341.2,2.6,0.6103821196827686
2026-04-23T18:30:56,04/23/202606:30,139.87,0.65,90.91550000000001,54.79,0.9800000000000001,53.6942,53.0,0.8,15.0,198.7,23811.0,45046.0,18.4,26.74,61.2,29.47,24.046,180.3,335.6,2.55,0.5905945630833026
2026-04-23T18:31:01,04/23/202606:31,141.04000000000002,0.6399999999999999,90.2656,54.8,0.9400000000000001,51.512,50.8,0.8,15.0,198.7,23811.0,45046.0,18.4,26.74,61.4,29.47,23.922000000000004,179.6,330.0,2.5,0.5706714407260352
2026-04-23T18:31:56,04/23/202606:31,141.03,0.65,91.6695,54.8,0.95,52.059999999999995,51.3,0.8,15.0,198.7,23811.0,45046.0,18.4,26.74,61.6,29.47,23.798000000000002,178.9,324.4,2.45,0.5679097191541352
2026-04-23T18:32:01,04/23/202606:32,141.02,0.6599999999999999,93.0732,54.8,0.96,52.608,51.8,0.8,15.0,198.7,23811.0,45046.0,18.4,26.74,61.8,29.47,23.674,178.2,318.8,2.4,0.5652325266564381
2026-04-23T18:33:49,04/23/202606:33,141.0,0.6599999999999999,93.05999999999999,54.81,0.95,52.0695,51.3,0.8,15.0,198.7,23811.0,45046.0,18.4,26.74,61.9,29.47,23.55,177.5,313.2,2.35,0.5595261121856867
2026-04-23T18:33:56,04/23/202606:33,140.95999999999998,0.6599999999999999,93.03359999999998,54.81999999999999,0.9400000000000001,51.5308,50.8,0.8,15.0,198.7,23811.0,45046.0,18.4,26.74,62.0,29.47,23.426,176.8,307.6,2.3,0.5538945069308294
2026-04-23T18:34:01,04/23/202606:34,140.93,0.65,91.6045,54.81999999999999,0.93,50.9826,50.3,0.8,15.0,198.7,23811.0,45046.0,18.4,26.74,62.1,29.47,23.302,176.1,302.0,2.25,0.5565512611280014
2026-04-23T18:34:57,04/23/202606:34,140.54000000000002,0.65,91.35100000000001,54.81999999999999,0.9199999999999999,50.43439999999999,49.8,0.8,15.0,198.7,23811.0,45046.0,18.4,26.74,62.2,29.47,23.178,175.4,296.4,2.2,0.5520946678197282
2026-04-23T18:35:01,04/23/202606:35,140.16,0.65,91.104,54.81999999999999,0.9099999999999999,49.88619999999999,49.3,0.8,15.0,198.7,23811.0,45046.0,18.4,26.72,62.3,29.47,23.054,174.7,291.2,2.15,0.5475742009132419
2026-04-23T18:35:56,04/23/202606:35,140.12,0.6399999999999999,89.67679999999999,54.81999999999999,0.9,49.337999999999994,48.8,0.8,15.0,198.7,23811.0,45046.0,18.4,26.7,62.4,29.47,22.93,174.0,286.0,2.1,0.5501757422209534
2026-04-23T18:36:00,04/23/202606:36,140.05,0.6399999999999999,89.63199999999999,54.81,0.9099999999999999,49.8771,49.4,0.8,15.0,198.7,23811.0,45046.0,18.4,26.7,62.3,29.47,22.93,174.0,286.0,2.1,0.55646532488397
2026-04-23T18:36:56,04/23/202606:36,140.03,0.65,91.01950000000001,54.8,0.9400000000000001,51.512,51.1,0.8,15.0,198.7,23811.0,45046.0,18.4,26.7,62.2,29.47,22.93,174.0,286.0,2.1,0.5659446602101746
2026-04-23T18:37:01,04/23/202606:37,140.04000000000002,0.65,91.02600000000001,54.8,0.95,52.059999999999995,51.7,0.8,15.0,198.7,23811.0,45046.0,18.4,26.7,62.1,29.47,22.93,174.0,286.0,2.1,0.5719245050864586
2026-04-23T18:37:57,04/23/202606:37,140.07,0.6399999999999999,89.64479999999998,54.8,0.95,52.059999999999995,51.7,0.8,15.0,198.7,23811.0,45046.0,18.4,26.7,62.0,29.47,22.93,174.0,286.0,2.1,0.5807364175055331
2026-04-23T18:38:01,04/23/202606:38,140.1,0.6399999999999999,89.66399999999999,54.8,0.96,52.608,52.2,0.8,15.0,198.7,23811.0,45046.0,18.4,26.7,62.0,29.47,22.93,174.0,286.0,2.1,0.5867237687366168
2026-04-23T18:38:56,04/23/202606:38,140.10999999999999,0.6399999999999999,89.67039999999997,54.8,0.9700000000000001,53.156,52.7,0.8,15.0,198.7,23811.0,45046.0,18.4,26.7,62.0,29.47,22.93,174.0,286.0,2.1,0.5927931625151668
2026-04-23T18:39:01,04/23/202606:39,140.12,0.6399999999999999,89.67679999999999,54.8,0.9800000000000001,53.704,53.2,0.8,15.0,198.7,23811.0,45046.0,18.4,26.7,62.0,29.47,22.93,174.0,286.0,2.1,0.5988616899800172
2026-04-23T18:39:57,04/23/202606:39,140.47,0.6399999999999999,89.90079999999999,54.8,0.9800000000000001,53.704,53.2,0.8,15.0,198.7,23811.0,45046.0,18.4,26.7,62.0,29.47,22.93,174.0,286.0,2.1,0.5973695450985976
2026-04-23T18:40:01,04/23/202606:40,140.82,0.6399999999999999,90.12479999999998,54.8,0.9800000000000001,53.704,53.2,0.8,15.0,198.7,23811.0,45046.0,18.4,26.7,62.0,29.47,22.93,174.0,286.0,2.1,0.5958848174975147
2026-04-23T18:40:56,04/23/202606:40,140.82999999999998,0.6399999999999999,90.13119999999998,54.8,0.9800000000000001,53.704,53.2,0.8,15.0,198.7,23811.0,45046.0,18.4,26.7,62.0,29.47,22.93,174.0,286.0,2.1,0.595842505148051
2026-04-23T18:41:01,04/23/202606:41,140.84,0.6399999999999999,90.13759999999999,54.8,0.9800000000000001,53.704,53.2,0.8,15.0,198.7,23811.0,45046.0,18.4,26.7,62.0,29.47,22.93,174.0,286.0,2.1,0.5958001988071571
2026-04-23T18:41:57,04/23/202606:41,140.78,0.63,88.6914,54.8,0.96,52.608,52.1,0.8,15.0,198.7,23811.0,45046.0,18.4,26.7,62.0,29.47,22.93,174.0,286.0,2.1,0.5931578484497932
2026-04-23T18:42:01,04/23/202606:42,140.72,0.6199999999999999,87.24639999999998,54.8,0.9400000000000001,51.512,51.0,0.8,15.0,198.7,23811.0,45046.0,18.4,26.7,62.0,29.47,22.93,174.0,286.0,2.1,0.5904197766326177
2026-04-23T18:42:56,04/23/202606:42,140.63,0.6199999999999999,87.19059999999998,54.8,0.9400000000000001,51.512,51.0,0.8,15.0,198.7,23811.0,45046.0,18.4,26.7,62.0,29.47,22.93,174.0,286.0,2.1,0.5907976318548102
2026-04-23T18:43:01,04/23/202606:43,140.54000000000002,0.6199999999999999,87.1348,54.8,0.9400000000000001,51.512,51.0,0.8,15.0,198.7,23811.0,45046.0,18.4,26.7,62.0,29.47,22.93,174.0,286.0,2.1,0.5911759710242062
2026-04-23T18:43:34,04/23/202606:43,140.48,0.63,88.5024,54.8,0.95,52.059999999999995,51.6,0.8,15.0,198.7,23811.0,45046.0,18.4,26.7,62.0,29.47,22.93,174.0,286.0,2.1,0.5882326354991503
2026-04-23T18:45:00,04/23/202606:45,140.43,0.6399999999999999,89.87519999999999,54.8,0.9400000000000001,51.512,51.1,0.8,15.0,198.7,23811.0,45046.0,18.4,26.7,62.0,29.47,22.93,174.0,286.0,2.1,0.5731503240048423
2026-04-23T18:45:34,04/23/202606:45,140.42000000000002,0.63,88.4646,54.8,0.9199999999999999,50.416,50.0,0.8,15.0,198.7,23811.0,45046.0,18.4,26.7,62.0,29.47,22.93,174.0,286.0,2.1,0.5699002764947786
2026-04-23T18:46:00,04/23/202606:46,140.41,0.6199999999999999,87.05419999999998,54.8,0.9,49.32,48.9,0.8,15.0,198.7,23811.0,45046.0,18.4,26.7,62.0,29.47,22.93,174.0,286.0,2.1,0.566543601572354
2026-04-23T18:46:34,04/23/202606:46,140.39000000000001,0.6199999999999999,87.0418,54.8,0.9,49.32,48.9,0.8,15.0,198.7,23811.0,45046.0,18.4,26.65,62.3,29.47,23.011,174.2,281.0,2.06,0.566624311537675
2026-04-23T18:47:00,04/23/202606:47,140.37,0.6199999999999999,87.02939999999998,54.8,0.9,49.32,48.9,0.8,15.0,198.7,23811.0,45046.0,18.4,26.6,62.6,29.47,23.092,174.4,276.0,2.02,0.5667050445022028
2026-04-23T18:47:34,04/23/202606:47,140.34,0.6199999999999999,87.01079999999999,54.8,0.9099999999999999,49.867999999999995,49.4,0.8,15.0,198.7,23811.0,45046.0,18.4,26.55,62.9,29.47,23.173,174.6,271.0,1.98,0.573124255839505
2026-04-23T18:48:00,04/23/202606:48,140.31,0.6199999999999999,86.99219999999998,54.8,0.9199999999999999,50.416,49.9,0.8,15.0,198.7,23811.0,45046.0,18.4,26.5,63.2,29.47,23.253999999999998,174.8,266.0,1.94,0.5795462121891388
2026-04-23T18:48:34,04/23/202606:48,140.31,0.6199999999999999,86.99219999999998,54.8,0.93,50.964,50.5,0.8,15.0,198.7,23811.0,45046.0,18.4,26.45,63.5,29.47,23.335,175.0,261.0,1.9,0.5858456275390208
2026-04-23T18:49:00,04/23/202606:49,140.31,0.6199999999999999,86.99219999999998,54.8,0.9400000000000001,51.512,51.1,0.8,15.0,198.7,23811.0,45046.0,18.4,26.4,63.8,29.47,23.416,175.2,256.0,1.86,0.5921450428889028
2026-04-23T18:49:34,04/23/202606:49,140.32999999999998,0.6199999999999999,87.00459999999997,54.81,0.9199999999999999,50.4252,50.0,0.8,15.0,198.7,23811.0,45046.0,18.4,26.35,64.1,29.47,23.497,175.4,251.0,1.8199999999999998,0.5795693561030109
2026-04-23T18:50:00,04/23/202606:50,140.34,0.6199999999999999,87.01079999999999,54.81999999999999,0.9199999999999999,50.43439999999999,50.0,0.8,15.0,198.7,23811.0,45046.0,18.4,26.3,64.4,29.47,23.577999999999996,175.6,246.0,1.78,0.5796337925866674
2026-04-23T18:50:34,04/23/202606:50,140.31,0.63,88.3953,54.81,0.95,52.0695,51.6,0.8,15.0,198.7,23811.0,45046.0,18.4,26.25,64.7,29.47,23.659,175.8,241.0,1.7399999999999998,0.5890528116313876
2026-04-23T18:51:01,04/23/202606:51,140.28,0.6399999999999999,89.77919999999999,54.8,0.9800000000000001,53.704,53.2,0.8,15.0,198.7,23811.0,45046.0,18.4,26.2,65.0,29.47,23.74,176.0,236.0,1.7,0.5981786427145709
2026-04-23T18:51:34,04/23/202606:51,140.29000000000002,0.6399999999999999,89.7856,54.79,0.9800000000000001,53.6942,53.2,0.8,15.0,198.7,23811.0,45046.0,18.4,26.2,65.0,29.47,23.74,176.0,236.0,1.7,0.5980268550858935
2026-04-23T18:52:00,04/23/202606:52,140.3,0.6399999999999999,89.79199999999999,54.779999999999994,0.9800000000000001,53.6844,53.2,0.8,15.0,198.7,23811.0,45046.0,18.4,26.2,65.0,29.47,23.74,176.0,236.0,1.7,0.5978750890947969
2026-04-23T18:52:34,04/23/202606:52,140.32999999999998,0.6399999999999999,89.81119999999997,54.79,0.9800000000000001,53.6942,53.2,0.8,15.0,198.7,23811.0,45046.0,18.5,26.2,65.0,29.47,23.74,176.0,236.0,1.7,0.5978563920758215
2026-04-23T18:53:00,04/23/202606:53,140.35999999999999,0.6399999999999999,89.83039999999998,54.8,0.9800000000000001,53.704,53.2,0.8,15.0,198.7,23811.0,45046.0,18.5,26.2,65.0,29.47,23.74,176.0,236.0,1.7,0.597837703049302
2026-04-23T18:53:34,04/23/202606:53,140.34,0.63,88.41420000000001,54.8,0.96,52.608,52.1,0.8,15.0,198.7,23811.0,45046.0,18.4,26.2,65.0,29.47,23.74,176.0,236.0,1.7,0.5950175424309668
2026-04-23T18:54:00,04/23/202606:54,140.32,0.6199999999999999,86.99839999999998,54.8,0.9400000000000001,51.512,51.0,0.8,15.0,198.7,23811.0,45046.0,18.4,26.2,65.0,29.47,23.74,176.0,236.0,1.7,0.592102843270681
2026-04-23T18:54:34,04/23/202606:54,140.26,0.6199999999999999,86.96119999999998,54.8,0.95,52.059999999999995,51.5,0.8,15.0,198.7,23811.0,45046.0,18.4,26.2,65.0,29.47,23.74,176.0,236.0,1.7,0.5986577922107792
2026-04-23T18:56:12,04/23/202606:56,140.20999999999998,0.61,85.52809999999998,54.8,0.95,52.059999999999995,51.5,0.8,15.0,198.7,23811.0,45046.0,18.4,26.2,65.0,29.47,23.74,176.0,236.0,1.7,0.608688840275886
2026-04-23T18:56:34,04/23/202606:56,140.16,0.61,85.49759999999999,54.81,0.95,52.0695,51.5,0.8,15.0,198.7,23811.0,45046.0,18.4,26.2,65.0,29.47,23.74,176.0,236.0,1.7,0.6090170952167079
2026-04-23T18:57:00,04/23/202606:57,140.10999999999999,0.61,85.46709999999999,54.82000000000001,0.95,52.07900000000001,51.5,0.8,15.0,198.7,23811.0,45046.0,18.4,26.2,65.0,29.47,23.74,176.0,236.0,1.7,0.6093455844412647
2026-04-23T18:57:34,04/23/202606:57,140.04000000000002,0.61,85.4244,54.83,0.96,52.636799999999994,52.0,0.8,15.0,198.7,23811.0,45046.0,18.4,26.2,65.0,29.47,23.74,176.0,236.0,1.7,0.6161799204911008
2026-04-23T18:58:00,04/23/202606:58,139.97,0.61,85.3817,54.839999999999996,0.97,53.194799999999994,52.5,0.8,15.0,198.7,23811.0,45046.0,18.4,26.2,65.0,29.47,23.74,176.0,236.0,1.7,0.6230234347641239
2026-04-23T18:59:00,04/23/202606:59,139.91,0.61,85.3451,54.83,0.97,53.1851,52.5,0.8,15.0,198.7,23811.0,45046.0,18.4,26.2,65.0,29.47,23.74,176.0,236.0,1.7,0.6231769603644497
2026-04-23T18:59:34,04/23/202606:59,139.87,0.61,85.3207,54.81999999999999,0.97,53.17539999999999,52.5,0.8,15.0,198.7,23811.0,45046.0,18.5,26.2,65.0,29.47,23.74,176.0,236.0,1.7,0.6232414877046248
2026-04-23T19:00:00,04/23/202607:00,139.85999999999999,0.6199999999999999,86.71319999999997,54.81999999999999,0.9800000000000001,53.7236,53.0,0.8,15.0,198.7,23811.0,45046.0,18.5,26.2,65.0,29.47,23.74,176.0,236.0,1.7,0.6195550389098778
2026-04-23T19:00:35,04/23/202607:00,139.82,0.6399999999999999,89.48479999999998,54.81999999999999,0.9800000000000001,53.7236,53.0,0.8,15.0,198.7,23811.0,45046.0,18.5,26.2,65.0,29.47,23.74,176.0,236.0,1.7,0.6003656486911745
2026-04-23T19:01:00,04/23/202607:01,139.81,0.6399999999999999,89.4784,54.81,0.97,53.1657,52.5,0.8,15.0,198.7,23811.0,45046.0,18.5,26.2,65.0,29.47,23.74,176.0,236.0,1.7,0.5941735659108791
2026-04-23T19:01:34,04/23/202607:01,139.7,0.65,90.80499999999999,54.8,0.9800000000000001,53.704,53.0,0.8,15.0,198.7,23811.0,45046.0,18.4,26.15,65.2,29.47,23.714999999999996,176.1,230.9,1.67,0.591421177247949
2026-04-23T19:02:00,04/23/202607:02,139.60999999999999,0.65,90.7465,54.8,0.9800000000000001,53.704,53.0,0.8,15.0,198.7,23811.0,45046.0,18.4,26.1,65.4,29.47,23.689999999999998,176.2,225.8,1.64,0.5918024386615462
2026-04-23T19:02:34,04/23/202607:02,139.35,0.65,90.5775,54.81,0.99,54.261900000000004,53.6,0.8,15.0,198.7,23811.0,45046.0,18.5,26.05,65.6,29.47,23.665,176.3,220.7,1.6099999999999999,0.5990659932102343
2026-04-23T19:03:00,04/23/202607:03,139.07999999999998,0.6599999999999999,91.79279999999997,54.81999999999999,1.0,54.81999999999999,54.2,0.8,15.0,198.7,23811.0,45046.0,18.5,26.0,65.8,29.47,23.639999999999997,176.4,215.6,1.5799999999999998,0.5972145963517836
2026-04-23T19:03:34,04/23/202607:03,138.59,0.6599999999999999,91.4694,54.81999999999999,1.0,54.81999999999999,54.2,0.8,15.0,198.7,23811.0,45046.0,18.4,25.95,66.0,29.47,23.615,176.5,210.5,1.55,0.5993261134324703
2026-04-23T19:03:59,04/23/202607:03,137.98,0.6599999999999999,91.06679999999999,54.81,1.01,55.3581,54.8,0.8,15.0,198.7,23811.0,45046.0,18.5,25.9,66.2,29.47,23.589999999999996,176.6,205.4,1.52,0.6078845418967177
2026-04-23T19:04:00,04/23/202607:04,137.35,0.6599999999999999,90.65099999999998,54.8,1.02,55.896,55.4,0.8,15.0,198.7,23811.0,45046.0,18.5,25.85,66.4,29.47,23.564999999999998,176.7,200.3,1.4899999999999998,0.6166065459840488
2026-04-23T19:05:00,04/23/202607:05,136.67000000000002,0.6599999999999999,90.2022,54.8,1.01,55.348,54.9,0.8,15.0,198.7,23811.0,45046.0,18.5,25.8,66.6,29.47,23.54,176.8,195.2,1.46,0.6135992248526089
2026-04-23T19:06:00,04/23/202607:05,135.97,0.6599999999999999,89.74019999999999,54.81,1.01,55.3581,54.9,0.8,15.0,198.7,23811.0,45046.0,18.5,25.75,66.8,29.47,23.514999999999997,176.9,190.1,1.43,0.6168707000875863
2026-04-23T19:06:01,04/23/202607:06,135.27,0.6599999999999999,89.2782,54.82000000000001,1.01,55.36820000000001,54.9,0.8,15.0,198.7,23811.0,45046.0,18.5,25.7,67.0,29.47,23.49,177.0,185.0,1.4,0.6201760340150229
2026-04-23T19:07:22,04/23/202607:07,134.54,0.6599999999999999,88.79639999999998,54.82000000000001,1.01,55.36820000000001,54.9,0.8,15.0,198.7,23811.0,45046.0,18.5,25.7,67.0,29.47,23.49,177.0,185.0,1.4,0.6235410444567575
2026-04-23T19:08:00,04/23/202607:07,133.85,0.6599999999999999,88.34099999999998,54.82000000000001,1.01,55.36820000000001,54.9,0.8,15.0,198.7,23811.0,45046.0,18.5,25.7,67.0,29.47,23.49,177.0,185.0,1.4,0.626755413681077
2026-04-23T19:08:01,04/23/202607:08,133.32999999999998,0.6599999999999999,87.99779999999998,54.81,1.0,54.81,54.3,0.8,15.0,198.7,23811.0,45046.0,18.5,25.7,67.0,29.47,23.49,177.0,185.0,1.4,0.6228564805029217
2026-04-23T19:09:00,04/23/202607:08,132.82,0.65,86.333,54.8,0.9800000000000001,53.704,53.2,0.8,15.0,198.7,23811.0,45046.0,18.5,25.7,67.0,29.47,23.49,177.0,185.0,1.4,0.6220564558164318
2026-04-23T19:09:01,04/23/202607:09,132.53,0.65,86.14450000000001,54.8,0.9700000000000001,53.156,52.7,0.8,15.0,198.7,23811.0,45046.0,18.5,25.7,67.0,29.47,23.49,177.0,185.0,1.4,0.6170562252958691
2026-04-23T19:10:00,04/23/202607:09,132.07999999999998,0.6599999999999999,87.17279999999998,54.81,0.96,52.6176,52.1,0.8,15.0,198.7,23811.0,45046.0,18.5,25.7,67.0,29.47,23.49,177.0,185.0,1.4,0.6036011232861628
2026-04-23T19:10:01,04/23/202607:10,131.63,0.6699999999999999,88.19209999999998,54.81999999999999,0.95,52.07899999999999,51.5,0.8,15.0,198.7,23811.0,45046.0,18.5,25.7,67.0,29.47,23.49,177.0,185.0,1.4,0.5905177447866646
2026-04-23T19:11:00,04/23/202607:10,131.17000000000002,0.6699999999999999,87.8839,54.81999999999999,0.95,52.07899999999999,51.5,0.8,15.0,198.7,23811.0,45046.0,18.4,25.7,67.0,29.47,23.49,177.0,185.0,1.4,0.5925886311372162
2026-04-23T19:11:01,04/23/202607:11,130.76,0.6599999999999999,86.30159999999998,54.81,0.95,52.0695,51.5,0.8,15.0,198.7,23811.0,45046.0,18.4,25.7,67.0,29.47,23.49,177.0,185.0,1.4,0.6033433910842906
2026-04-23T19:12:00,04/23/202607:11,130.32999999999998,0.6599999999999999,86.01779999999998,54.779999999999994,0.93,50.9454,50.4,0.8,15.0,198.7,23811.0,45046.0,18.5,25.7,67.0,29.47,23.49,177.0,185.0,1.4,0.5922657868487686
2026-04-23T19:12:01,04/23/202607:12,130.02,0.6599999999999999,85.8132,54.760000000000005,0.9,49.284000000000006,48.8,0.8,15.0,198.7,23811.0,45046.0,18.5,25.7,67.0,29.47,23.49,177.0,185.0,1.4,0.5743172379074549
2026-04-23T19:12:59,04/23/202607:12,129.65,0.65,84.27250000000001,54.739999999999995,0.8800000000000001,48.1712,47.7,0.8,15.0,198.7,23811.0,45046.0,18.5,25.7,67.0,29.47,23.49,177.0,185.0,1.4,0.5716123290515885
2026-04-23T19:13:01,04/23/202607:13,129.28,0.6399999999999999,82.73919999999998,54.720000000000006,0.86,47.059200000000004,46.6,0.8,15.0,198.7,23811.0,45046.0,18.5,25.7,67.0,29.47,23.49,177.0,185.0,1.4,0.5687654702970298
2026-04-23T19:14:00,04/23/202607:13,128.88,0.6399999999999999,82.48319999999998,54.7,0.85,46.495000000000005,46.0,0.8,15.0,198.7,23811.0,45046.0,18.5,25.7,67.0,29.47,23.49,177.0,185.0,1.4,0.5636905454686532
2026-04-23T19:14:01,04/23/202607:14,128.48,0.6399999999999999,82.22719999999998,54.67999999999999,0.8400000000000001,45.9312,45.4,0.8,15.0,198.7,23811.0,45046.0,18.5,25.7,67.0,29.47,23.49,177.0,185.0,1.4,0.5585888854296389
2026-04-23T19:15:00,04/23/202607:14,128.41,0.6199999999999999,79.61419999999998,54.64,0.8,43.712,43.2,0.8,15.0,198.7,23811.0,45046.0,18.5,25.7,67.0,29.47,23.49,177.0,185.0,1.4,0.5490477829331954
2026-04-23T19:15:01,04/23/202607:15,128.34,0.6,77.004,54.6,0.76,41.496,41.0,0.8,15.0,198.7,23811.0,45046.0,18.5,25.7,67.0,29.47,23.49,177.0,185.0,1.4,0.5388810970858656
2026-04-23T19:16:00,04/23/202607:15,128.34,0.6,77.004,54.56,0.75,40.92,40.4,0.8,15.0,198.7,23811.0,45046.0,18.5,25.669999999999998,67.1,29.47,23.377999999999997,177.1,180.0,1.3699999999999999,0.5314009661835749
2026-04-23T19:16:01,04/23/202607:16,128.34,0.6,77.004,54.52,0.74,40.3448,39.8,0.8,15.0,198.7,23811.0,45046.0,18.5,25.639999999999997,67.2,29.47,23.266,177.2,175.0,1.3399999999999999,0.5239312243519817
2026-04-23T19:16:59,04/23/202607:16,126.37,0.6,75.822,54.489999999999995,0.75,40.86749999999999,40.3,0.8,15.0,198.7,23811.0,45046.0,18.5,25.609999999999996,67.3,29.47,23.154,177.3,170.0,1.31,0.538992640658384
2026-04-23T19:17:01,04/23/202607:17,124.4,0.6,74.64,54.46,0.76,41.3896,40.8,0.8,15.0,198.7,23811.0,45046.0,18.5,25.58,67.4,29.47,23.041999999999998,177.4,165.0,1.28,0.5545230439442658
2026-04-23T19:18:33,04/23/202607:18,122.45,0.62,75.919,54.42999999999999,0.78,42.4554,41.9,0.8,15.0,198.7,23811.0,45046.0,18.5,25.55,67.5,29.47,22.93,177.5,160.0,1.25,0.5592196946745874
2026-04-23T19:19:00,04/23/202607:19,120.49000000000001,0.62,74.7038,54.410000000000004,0.78,42.439800000000005,41.9,0.8,15.0,198.7,23811.0,45046.0,18.5,25.52,67.6,29.47,22.818,177.6,155.0,1.22,0.5681076464651063
2026-04-23T19:20:00,04/23/202607:20,117.55,0.62,72.881,54.370000000000005,0.77,41.864900000000006,41.4,0.8,15.0,198.7,23811.0,45046.0,18.5,25.49,67.7,29.47,22.706,177.7,150.0,1.19,0.5744281774399365
2026-04-23T19:21:00,04/23/202607:21,114.60999999999999,0.62,71.05819999999999,54.33,0.77,41.8341,41.4,0.8,15.0,198.7,23811.0,45046.0,18.5,25.46,67.8,29.47,22.594,177.8,145.0,1.1600000000000001,0.5887300832275516
2026-04-23T19:22:00,04/23/202607:22,111.59,0.62,69.1858,54.31,0.78,42.3618,41.9,0.8,15.0,198.7,23811.0,45046.0,18.5,25.43,67.9,29.47,22.482,177.9,140.0,1.1300000000000001,0.6122903832867438
2026-04-23T19:23:00,04/23/202607:23,108.63,0.63,68.4369,54.279999999999994,0.79,42.8812,42.4,0.8,15.0,198.7,23811.0,45046.0,18.5,25.4,68.0,29.47,22.37,178.0,135.0,1.1,0.6265801051771779
2026-04-23T19:24:00,04/23/202607:24,105.66,0.63,66.5658,54.25,0.79,42.8575,42.4,0.8,16.0,198.7,23811.0,45046.0,18.5,25.4,68.0,29.47,22.37,178.0,135.0,1.1,0.6438366248133427
2026-04-23T19:25:00,04/23/202607:25,102.69000000000001,0.63,64.69470000000001,54.220000000000006,0.79,42.833800000000004,42.4,0.8,16.0,198.7,23811.0,45046.0,18.5,25.4,68.0,29.47,22.37,178.0,135.0,1.1,0.6620913305108455
2026-04-23T19:26:00,04/23/202607:26,101.87,0.63,64.1781,54.21,0.79,42.825900000000004,42.4,0.8,16.0,198.7,23811.0,45046.0,18.5,25.4,68.0,29.47,22.37,178.0,135.0,1.1,0.6672977230550609
2026-04-23T19:27:00,04/23/202607:27,101.05,0.62,62.650999999999996,54.2,0.78,42.276,41.8,0.8,16.0,198.7,23811.0,45046.0,18.5,25.4,68.0,29.47,22.37,178.0,135.0,1.1,0.6747857177060224
2026-04-23T19:28:00,04/23/202607:28,100.26,0.59,59.1534,54.18000000000001,0.72,39.009600000000006,38.5,0.8,16.0,198.7,23811.0,45046.0,18.5,25.4,68.0,29.47,22.37,178.0,135.0,1.1,0.659465051882056
2026-04-23T19:30:05,04/23/202607:30,99.51,0.55,54.730500000000006,54.14,0.65,35.191,34.7,0.8,16.0,198.7,23811.0,45046.0,18.5,25.4,68.0,29.47,22.37,178.0,135.0,1.1,0.6429869999360502
2026-04-23T19:30:06,04/23/202607:30,102.54,0.48999999999999994,50.2446,54.120000000000005,0.58,31.3896,30.9,0.8,16.0,198.7,23811.0,45046.0,18.5,25.4,68.0,29.47,22.37,178.0,135.0,1.1,0.624735792503075
2026-04-23T19:31:21,04/23/202607:31,105.57000000000001,0.43,45.3951,54.08,0.5,27.04,26.6,0.8,16.0,198.7,23811.0,45046.0,18.5,25.339999999999996,68.2,29.47,22.302,178.1,130.4,1.07,0.5956590028439193
2026-04-23T19:31:22,04/23/202607:31,108.6,0.38,41.268,54.05,0.43,23.2415,22.9,0.8,16.0,198.7,23811.0,45046.0,18.5,25.279999999999998,68.4,29.47,22.234,178.2,125.8,1.04,0.5631845497722205
2026-04-23T19:32:00,04/23/202607:32,111.57000000000001,0.31999999999999995,35.7024,54.029999999999994,0.36,19.450799999999997,19.2,0.8,16.0,198.7,23811.0,45046.0,18.5,25.22,68.6,29.47,22.166000000000004,178.3,121.2,1.0100000000000002,0.5448037106749126
2026-04-23T19:32:22,04/23/202607:32,114.47,0.26,29.7622,54.0,0.28,15.120000000000001,14.9,0.8,16.0,198.7,23811.0,45046.0,18.5,25.16,68.8,29.47,22.415,178.3,116.6,0.9800000000000001,0.5080269603725531
2026-04-23T19:33:00,04/23/202607:33,117.37,0.2,23.474000000000004,53.970000000000006,0.2,10.794000000000002,10.6,0.8,16.0,198.7,23811.0,45046.0,18.5,25.1,69.0,29.47,22.664,178.3,112.0,0.95,0.4598278946919997
2026-04-23T19:33:21,04/23/202607:33,120.04,0.13,15.605200000000002,53.92,0.12,6.4704,6.3,0.8,16.0,198.7,23811.0,45046.0,18.5,25.04,69.2,29.47,22.913,178.3,107.4,0.9200000000000002,0.41463102042908767
2026-04-23T19:34:00,04/23/202607:34,122.71,0.06999999999999999,8.589699999999999,53.870000000000005,0.05,2.6935000000000002,2.6,0.8,16.0,198.7,23811.0,45046.0,18.5,24.98,69.4,29.47,23.162,178.3,102.8,0.89,0.3135732330581977
2026-04-23T19:34:22,04/23/202607:34,125.3,0.02,2.506,53.83,0.01,0.5383,0.5,0.8,16.0,198.7,23811.0,45046.0,18.5,24.919999999999998,69.5,29.467000000000002,23.411,178.3,98.2,0.8600000000000001,0.21480446927374303
2026-04-23T19:35:00,04/23/202607:35,127.85999999999999,0.0,0.0,53.8,0.0,0.0,0.0,0.8,16.0,198.7,23811.0,45046.0,18.5,24.86,69.6,29.464,23.66,178.3,93.6,0.8300000000000001,
2026-04-23T19:35:21,04/23/202607:35,127.62,0.0,0.0,53.760000000000005,0.0,0.0,0.0,0.8,16.0,198.7,23811.0,45046.0,18.5,24.8,69.7,29.461000000000002,23.909,178.3,89.0,0.8,
2026-04-23T19:36:00,04/23/202607:36,127.38,0.0,0.0,53.739999999999995,0.0,0.0,0.0,0.8,16.0,198.7,23811.0,45046.0,18.5,24.8,69.6,29.458,24.226,178.2,89.0,0.8,
2026-04-23T19:37:00,04/23/202607:37,127.17,0.0,0.0,53.7,0.0,0.0,0.0,0.8,16.0,198.7,23811.0,45046.0,18.5,24.8,69.5,29.455000000000002,24.543,178.1,89.0,0.8,
2026-04-23T19:37:22,04/23/202607:37,126.94000000000001,0.0,0.0,53.660000000000004,0.0,0.0,0.0,0.8,16.0,198.7,23811.0,45046.0,18.5,24.8,69.4,29.451999999999998,24.86,178.0,89.0,0.8,
2026-04-23T19:38:00,04/23/202607:38,126.78,0.0,0.0,53.629999999999995,0.0,0.0,0.0,0.8,16.0,198.7,23811.0,45046.0,18.5,24.8,69.3,29.449,24.86,178.0,89.0,0.8,
2026-04-23T19:38:22,04/23/202607:38,126.6,0.0,0.0,53.589999999999996,0.0,0.0,0.0,0.8,16.0,198.7,23811.0,45046.0,18.5,24.8,69.2,29.446000000000005,24.86,178.0,89.0,0.8,
2026-04-23T19:39:00,04/23/202607:39,126.49000000000001,0.0,0.0,53.56,0.0,0.0,0.0,0.8,16.0,198.7,23811.0,45046.0,18.5,24.8,69.1,29.443,24.86,178.0,89.0,0.8,
2026-04-23T19:39:22,04/23/202607:39,126.34,0.0,0.0,53.529999999999994,0.0,0.0,0.0,0.8,16.0,198.7,23811.0,45046.0,18.5,24.8,69.0,29.440000000000005,24.86,178.0,89.0,0.8,
2026-04-23T19:40:55,04/23/202607:40,126.21,0.0,0.0,53.48,0.0,0.0,0.0,0.8,16.0,198.7,23811.0,45046.0,18.5,24.8,69.0,29.440000000000005,24.86,178.0,89.0,0.8,
2026-04-23T19:41:00,04/23/202607:41,126.08,0.0,0.0,53.42999999999999,0.0,0.0,0.0,0.8,16.0,198.7,23811.0,45046.0,18.5,24.8,69.0,29.440000000000005,24.86,178.0,89.0,0.8,
2026-04-23T19:41:22,04/23/202607:41,125.92,0.0,0.0,53.4,0.0,0.0,0.0,0.8,16.0,198.7,23811.0,45046.0,18.5,24.8,69.0,29.440000000000005,24.86,178.0,89.0,0.8,
2026-04-23T19:42:00,04/23/202607:42,125.75999999999999,0.0,0.0,53.370000000000005,0.0,0.0,0.0,0.8,16.0,198.7,23811.0,45046.0,18.5,24.8,69.0,29.440000000000005,24.86,178.0,89.0,0.8,
2026-04-23T19:42:22,04/23/202607:42,125.55999999999999,0.0,0.0,53.35,0.0,0.0,0.0,0.8,16.0,198.7,23811.0,45046.0,18.5,24.8,69.0,29.440000000000005,24.86,178.0,89.0,0.8,
2026-04-23T19:42:55,04/23/202607:42,125.35999999999999,0.0,0.0,53.32000000000001,0.0,0.0,0.0,0.8,16.0,198.7,23811.0,45046.0,18.5,24.8,69.0,29.440000000000005,24.86,178.0,89.0,0.8,
2026-04-23T19:43:01,04/23/202607:43,125.16,0.0,0.0,53.29,0.0,0.0,0.0,0.8,16.0,198.7,23811.0,45046.0,18.5,24.8,69.0,29.440000000000005,24.86,178.0,89.0,0.8,
2026-04-23T19:43:55,04/23/202607:43,124.92999999999999,0.0,0.0,53.27,0.0,0.0,0.0,0.8,16.0,198.7,23811.0,45046.0,18.5,24.8,69.0,29.440000000000005,24.86,178.0,89.0,0.8,
2026-04-23T19:44:00,04/23/202607:44,124.7,0.0,0.0,53.25,0.0,0.0,0.0,0.8,16.0,198.7,23811.0,45046.0,18.5,24.8,69.0,29.440000000000005,24.86,178.0,89.0,0.8,
2026-04-23T19:44:55,04/23/202607:44,123.92,0.0,0.0,53.220000000000006,0.0,0.0,0.0,0.8,16.0,198.7,23811.0,45046.0,18.5,24.8,69.0,29.440000000000005,24.86,178.0,89.0,0.8,
2026-04-23T19:45:01,04/23/202607:45,123.17,0.0,0.0,53.21,0.0,0.0,0.0,0.8,16.0,198.7,23811.0,45046.0,18.5,24.8,69.0,29.440000000000005,24.86,178.0,89.0,0.8,
2026-04-23T19:45:55,04/23/202607:45,122.97999999999999,0.0,0.0,53.2,0.0,0.0,0.0,0.8,16.0,198.7,23811.0,45046.0,18.5,24.75,69.1,29.440000000000005,24.779,177.7,84.9,0.77,
2026-04-23T19:46:00,04/23/202607:46,122.84,0.0,0.0,53.17999999999999,0.0,0.0,0.0,0.8,16.0,198.7,23811.0,45046.0,18.5,24.7,69.2,29.440000000000005,24.698,177.4,80.8,0.74,
2026-04-23T19:46:55,04/23/202607:46,121.25,0.0,0.0,53.15,0.0,0.0,0.0,0.8,16.0,198.7,23811.0,45046.0,18.5,24.65,69.3,29.440000000000005,24.616999999999997,177.1,76.7,0.7100000000000001,
2026-04-23T19:47:01,04/23/202607:47,119.7,0.0,0.0,53.120000000000005,0.0,0.0,0.0,0.8,16.0,198.7,23811.0,45046.0,18.5,24.6,69.4,29.440000000000005,24.536,176.8,72.6,0.68,
2026-04-23T19:47:55,04/23/202607:47,119.55,0.0,0.0,53.1,0.0,0.0,0.0,0.8,16.0,198.7,23811.0,45046.0,18.5,24.55,69.5,29.440000000000005,24.455000000000002,176.5,68.5,0.65,
2026-04-23T19:48:00,04/23/202607:48,119.4,0.0,0.0,53.08,0.0,0.0,0.0,0.8,16.0,198.7,23811.0,45046.0,18.5,24.5,69.6,29.440000000000005,24.374000000000002,176.2,64.4,0.62,
2026-04-23T19:48:55,04/23/202607:48,118.71,0.0,0.0,53.06,0.0,0.0,0.0,0.8,16.0,198.7,23811.0,45046.0,18.5,24.45,69.7,29.440000000000005,24.293,175.9,60.3,0.5900000000000001,
2026-04-23T19:49:00,04/23/202607:49,118.02000000000001,0.0,0.0,53.04,0.0,0.0,0.0,0.8,16.0,198.7,23811.0,45046.0,18.5,24.4,69.8,29.440000000000005,24.212,175.6,56.2,0.5599999999999999,
2026-04-23T19:49:55,04/23/202607:49,118.42999999999999,0.0,0.0,53.02,0.0,0.0,0.0,0.8,16.0,198.7,23811.0,45046.0,18.5,24.35,69.9,29.440000000000005,24.131,175.3,52.1,0.53,
2026-04-23T19:50:00,04/23/202607:50,118.84,0.0,0.0,53.0,0.0,0.0,0.0,0.8,16.0,198.7,23811.0,45046.0,18.5,24.3,70.0,29.440000000000005,24.05,175.0,48.0,0.5,
2026-04-23T19:52:06,04/23/202607:52,118.55999999999999,0.0,0.0,52.98,0.0,0.0,0.0,0.8,16.0,198.7,23811.0,45046.0,18.5,24.3,70.0,29.440000000000005,24.05,175.0,48.0,0.5,
2026-04-23T19:52:55,04/23/202607:52,117.85,0.0,0.0,52.95,0.0,0.0,0.0,0.8,16.0,198.7,23811.0,45046.0,18.5,24.3,70.0,29.440000000000005,24.05,175.0,48.0,0.5,
2026-04-23T19:53:00,04/23/202607:53,118.59,0.0,0.0,52.92999999999999,0.0,0.0,0.0,0.8,16.0,198.7,23811.0,45046.0,18.5,24.3,70.0,29.440000000000005,24.05,175.0,48.0,0.5,
2026-04-23T19:53:54,04/23/202607:53,119.64000000000001,0.0,0.0,52.910000000000004,0.0,0.0,0.0,0.8,16.0,198.7,23811.0,45046.0,18.5,24.3,70.0,29.440000000000005,24.05,175.0,48.0,0.5,
2026-04-23T19:54:01,04/23/202607:54,119.30999999999999,0.0,0.0,52.89,0.0,0.0,0.0,0.8,16.0,198.7,23811.0,45046.0,18.5,24.3,70.0,29.440000000000005,24.05,175.0,48.0,0.5,
2026-04-23T19:54:55,04/23/202607:54,118.33,0.0,0.0,52.86999999999999,0.0,0.0,0.0,0.8,16.0,198.7,23811.0,45046.0,18.5,24.3,70.0,29.440000000000005,24.05,175.0,48.0,0.5,
2026-04-23T19:55:00,04/23/202607:55,117.94000000000001,0.0,0.0,52.85,0.0,0.0,0.0,0.8,16.0,198.7,23811.0,45046.0,18.5,24.3,70.0,29.440000000000005,24.05,175.0,48.0,0.5,
2026-04-23T19:55:55,04/23/202607:55,118.05999999999999,0.0,0.0,52.81999999999999,0.0,0.0,0.0,0.8,16.0,198.7,23811.0,45046.0,18.5,24.3,70.0,29.440000000000005,24.05,175.0,48.0,0.5,
2026-04-23T19:56:01,04/23/202607:56,117.67,0.0,0.0,52.8,0.0,0.0,0.0,0.8,16.0,198.7,23811.0,45046.0,18.5,24.3,70.0,29.440000000000005,24.05,175.0,48.0,0.5,
2026-04-23T19:56:55,04/23/202607:56,116.79,0.0,0.0,52.779999999999994,0.0,0.0,0.0,0.8,16.0,198.7,23811.0,45046.0,18.5,24.3,70.0,29.440000000000005,24.05,175.0,48.0,0.5,
2026-04-23T19:57:00,04/23/202607:57,116.04,0.0,0.0,52.760000000000005,0.0,0.0,0.0,0.8,16.0,198.7,23811.0,45046.0,18.5,24.3,70.0,29.440000000000005,24.05,175.0,48.0,0.5,
2026-04-23T19:57:55,04/23/202607:57,116.05999999999999,0.0,0.0,52.75,0.0,0.0,0.0,0.8,16.0,198.7,23811.0,45046.0,18.5,24.3,70.0,29.440000000000005,24.05,175.0,48.0,0.5,
2026-04-23T19:58:01,04/23/202607:58,116.08,0.0,0.0,52.739999999999995,0.0,0.0,0.0,0.8,16.0,198.7,23811.0,45046.0,18.5,24.3,70.0,29.440000000000005,24.05,175.0,48.0,0.5,
2026-04-23T19:58:55,04/23/202607:58,115.09,0.0,0.0,52.720000000000006,0.0,0.0,0.0,0.8,16.0,198.7,23811.0,45046.0,18.5,24.3,70.0,29.440000000000005,24.05,175.0,48.0,0.5,
2026-04-23T19:59:00,04/23/202607:59,114.1,0.0,0.0,52.7,0.0,0.0,0.0,0.8,16.0,198.7,23811.0,45046.0,18.5,24.3,70.0,29.440000000000005,24.05,175.0,48.0,0.5,
2026-04-23T19:59:55,04/23/202607:59,114.13,0.0,0.0,52.68000000000001,0.0,0.0,0.0,0.8,16.0,198.7,23811.0,45046.0,18.5,24.3,70.0,29.440000000000005,24.05,175.0,48.0,0.5,
2026-04-23T20:00:00,04/23/202608:00,114.16,0.0,0.0,52.660000000000004,0.0,0.0,0.0,0.8,16.0,198.7,23811.0,45046.0,18.5,24.3,70.0,29.440000000000005,24.05,175.0,48.0,0.5,
2026-04-23T20:01:32,04/23/202608:01,113.02000000000001,0.0,0.0,52.65,0.0,0.0,0.0,0.8,16.0,198.7,23811.0,45046.0,18.5,24.259999999999998,70.1,29.440000000000005,23.887999999999998,175.0,44.8,0.48,
2026-04-23T20:02:00,04/23/202608:02,111.88,0.0,0.0,52.64,0.0,0.0,0.0,0.8,16.0,198.7,23811.0,45046.0,18.5,24.22,70.2,29.440000000000005,23.726,175.0,41.6,0.45999999999999996,
2026-04-23T20:03:18,04/23/202608:03,107.1,0.0,0.0,52.620000000000005,0.0,0.0,0.0,0.8,16.0,198.7,23811.0,45046.0,18.5,24.18,70.3,29.440000000000005,23.564,175.0,38.4,0.44000000000000006,
2026-04-23T20:03:54,04/23/202608:03,101.09,0.0,0.0,52.589999999999996,0.0,0.0,0.0,0.8,16.0,198.7,23811.0,45046.0,18.5,24.14,70.4,29.440000000000005,23.402,175.0,35.2,0.42000000000000004,
2026-04-23T20:04:00,04/23/202608:04,94.74,0.0,0.0,52.56,0.0,0.0,0.0,0.8,16.0,198.7,23811.0,45046.0,18.5,24.1,70.5,29.440000000000005,23.240000000000002,175.0,32.0,0.4,
2026-04-23T20:04:54,04/23/202608:04,88.38,0.0,0.0,52.54,0.0,0.0,0.0,0.8,16.0,198.7,23811.0,45046.0,18.5,24.06,70.6,29.440000000000005,23.078,175.0,28.8,0.38,
2026-04-23T20:05:01,04/23/202608:05,82.72,0.0,0.0,52.529999999999994,0.0,0.0,0.0,0.8,16.0,198.7,23811.0,45046.0,18.5,24.02,70.7,29.440000000000005,22.916,175.0,25.6,0.36,
2026-04-23T20:06:00,04/23/202608:06,77.06,0.0,0.0,52.510000000000005,0.0,0.0,0.0,0.8,16.0,198.7,23811.0,45046.0,18.5,23.979999999999997,70.8,29.440000000000005,22.753999999999998,175.0,22.4,0.33999999999999997,
2026-04-23T20:07:01,04/23/202608:07,71.03,0.0,0.0,52.489999999999995,0.0,0.0,0.0,0.8,16.0,198.7,23811.0,45046.0,18.5,23.939999999999998,70.9,29.440000000000005,22.592,175.0,19.2,0.31999999999999995,
2026-04-23T20:08:00,04/23/202608:08,65.0,0.0,0.0,52.470000000000006,0.0,0.0,0.0,0.8,16.0,198.7,23811.0,45046.0,18.5,23.9,71.0,29.440000000000005,22.43,175.0,16.0,0.3,
2026-04-23T20:09:01,04/23/202608:09,59.629999999999995,0.0,0.0,52.44,0.0,0.0,0.0,0.8,16.0,198.7,23811.0,45046.0,18.5,23.9,71.0,29.440000000000005,22.43,175.0,16.0,0.3,
2026-04-23T20:10:00,04/23/202608:10,54.260000000000005,0.0,0.0,52.410000000000004,0.0,0.0,0.0,0.8,16.0,198.7,23811.0,45046.0,18.5,23.9,71.0,29.440000000000005,22.43,175.0,16.0,0.3,
2026-04-23T20:11:01,04/23/202608:11,53.02,0.0,0.0,52.39,0.0,0.0,0.0,0.8,16.0,198.7,23811.0,45046.0,18.5,23.9,71.0,29.440000000000005,22.43,175.0,16.0,0.3,
2026-04-23T20:12:00,04/23/202608:12,53.010000000000005,0.0,0.0,52.370000000000005,0.0,0.0,0.0,0.8,16.0,198.7,23811.0,45046.0,18.5,23.9,71.0,29.440000000000005,22.43,175.0,16.0,0.3,
2026-04-23T20:13:01,04/23/202608:13,53.0,0.0,0.0,52.36,0.0,0.0,0.0,0.8,16.0,198.7,23811.0,45046.0,18.5,23.9,71.0,29.440000000000005,22.43,175.0,16.0,0.3,
2026-04-23T20:14:29,04/23/202608:14,53.0,0.0,0.0,52.339999999999996,0.0,0.0,0.0,0.8,16.0,198.7,23811.0,45046.0,18.5,23.9,71.0,29.440000000000005,22.43,175.0,16.0,0.3,
2026-04-23T20:15:00,04/23/202608:15,53.0,0.0,0.0,52.31,0.0,0.0,0.0,0.8,16.0,198.7,23811.0,45046.0,18.5,23.9,71.0,29.440000000000005,22.43,175.0,16.0,0.3,
2026-04-23T20:16:00,04/23/202608:16,53.0,0.0,0.0,52.29,0.0,0.0,0.0,0.8,16.0,198.7,23811.0,45046.0,18.5,23.9,71.0,29.440000000000005,22.43,175.0,16.0,0.3,
2026-04-23T20:16:38,04/23/202608:16,53.010000000000005,0.0,0.0,52.27,0.0,0.0,0.0,0.8,16.0,198.7,23811.0,45046.0,18.5,23.86,71.1,29.440000000000005,22.294,175.3,14.4,0.29,
2026-04-23T20:17:40,04/23/202608:17,53.010000000000005,0.0,0.0,52.25,0.0,0.0,0.0,0.8,16.0,198.7,23811.0,45046.0,18.5,23.82,71.2,29.440000000000005,22.157999999999998,175.6,12.8,0.27999999999999997,
2026-04-23T20:17:41,04/23/202608:17,52.7,0.0,0.0,52.239999999999995,0.0,0.0,0.0,0.8,16.0,198.7,23811.0,45046.0,18.5,23.779999999999998,71.3,29.440000000000005,22.022,175.9,11.2,0.27,
2026-04-23T20:18:01,04/23/202608:18,52.39,0.0,0.0,52.23,0.0,0.0,0.0,0.8,16.0,198.7,23811.0,45046.0,18.5,23.74,71.4,29.440000000000005,21.886000000000003,176.2,9.6,0.26,
2026-04-23T20:18:41,04/23/202608:18,51.42999999999999,0.0,0.0,52.220000000000006,0.0,0.0,0.0,0.8,16.0,198.7,23811.0,45046.0,18.5,23.7,71.5,29.440000000000005,21.75,176.5,8.0,0.25,
2026-04-23T20:19:00,04/23/202608:19,50.47,0.0,0.0,52.220000000000006,0.0,0.0,0.0,0.8,16.0,198.7,23811.0,45046.0,18.5,23.66,71.6,29.440000000000005,21.613999999999997,176.8,6.4,0.24,
2026-04-23T20:19:41,04/23/202608:19,49.06,0.0,0.0,52.21,0.0,0.0,0.0,0.8,16.0,198.7,23811.0,45046.0,18.5,23.619999999999997,71.7,29.440000000000005,21.478,177.1,4.8,0.22999999999999998,
2026-04-23T20:20:01,04/23/202608:20,47.65,0.0,0.0,52.2,0.0,0.0,0.0,0.8,16.0,198.7,23811.0,45046.0,18.5,23.580000000000002,71.8,29.440000000000005,21.342000000000002,177.4,3.2,0.22000000000000003,
2026-04-23T20:20:41,04/23/202608:20,45.88,0.0,0.0,52.19,0.0,0.0,0.0,0.8,16.0,198.7,23811.0,45046.0,18.5,23.55,71.9,29.440000000000005,21.206,177.7,1.6,0.21000000000000002,
2026-04-23T20:21:00,04/23/202608:21,44.11,0.0,0.0,52.18000000000001,0.0,0.0,0.0,0.8,16.0,198.7,23811.0,45046.0,18.5,23.52,72.0,29.440000000000005,21.07,178.0,0.0,0.2,
2026-04-23T20:21:41,04/23/202608:21,41.97,0.0,0.0,52.18000000000001,0.0,0.0,0.0,0.8,16.0,198.7,23811.0,45046.0,18.5,23.53,72.0,29.440000000000005,21.07,178.0,0.0,0.2,
2026-04-23T20:22:01,04/23/202608:22,39.839999999999996,0.0,0.0,52.18000000000001,0.0,0.0,0.0,0.8,16.0,198.7,23811.0,45046.0,18.5,23.54,72.0,29.440000000000005,21.07,178.0,0.0,0.2,
2026-04-23T20:22:41,04/23/202608:22,37.72,0.0,0.0,52.17,0.0,0.0,0.0,0.8,16.0,198.7,23811.0,45046.0,18.6,23.55,72.0,29.440000000000005,21.07,178.0,0.0,0.2,
2026-04-23T20:23:00,04/23/202608:23,35.6,0.0,0.0,52.160000000000004,0.0,0.0,0.0,0.8,16.0,198.7,23811.0,45046.0,18.6,23.560000000000002,72.0,29.440000000000005,21.07,178.0,0.0,0.2,
2026-04-23T20:23:31,04/23/202608:23,34.01,0.0,0.0,52.160000000000004,0.0,0.0,0.0,0.8,16.0,198.7,23811.0,45046.0,18.5,23.57,72.0,29.440000000000005,21.231,177.7,0.0,0.2,
2026-04-23T20:24:00,04/23/202608:24,32.42,0.0,0.0,52.160000000000004,0.0,0.0,0.0,0.8,16.0,198.7,23811.0,45046.0,18.5,23.580000000000002,72.0,29.440000000000005,21.392000000000003,177.4,0.0,0.2,
2026-04-23T20:25:40,04/23/202608:25,31.04,0.0,0.0,52.15,0.0,0.0,0.0,0.8,16.0,198.7,23811.0,45046.0,18.5,23.59,72.0,29.440000000000005,21.553,177.1,0.0,0.2,
2026-04-23T20:26:00,04/23/202608:26,29.660000000000004,0.0,0.0,52.14,0.0,0.0,0.0,0.8,16.0,198.7,23811.0,45046.0,18.5,23.6,72.0,29.440000000000005,21.714,176.8,0.0,0.2,
2026-04-23T20:26:31,04/23/202608:26,28.54,0.0,0.0,52.14,0.0,0.0,0.0,0.8,16.0,198.7,23811.0,45046.0,18.5,23.6,72.0,29.440000000000005,21.875,176.5,0.0,0.2,
2026-04-23T20:27:00,04/23/202608:27,27.419999999999998,0.0,0.0,52.14,0.0,0.0,0.0,0.8,16.0,198.7,23811.0,45046.0,18.5,23.6,72.0,29.440000000000005,22.036,176.2,0.0,0.2,
2026-04-23T20:27:31,04/23/202608:27,26.6,0.0,0.0,52.120000000000005,0.0,0.0,0.0,0.8,16.0,198.7,23811.0,45046.0,18.5,23.6,72.0,29.440000000000005,22.197,175.9,0.0,0.2,
2026-04-23T20:28:00,04/23/202608:28,25.78,0.0,0.0,52.1,0.0,0.0,0.0,0.8,16.0,198.7,23811.0,45046.0,18.5,23.6,72.0,29.440000000000005,22.357999999999997,175.6,0.0,0.2,
2026-04-23T20:28:31,04/23/202608:28,25.2,0.0,0.0,52.089999999999996,0.0,0.0,0.0,0.8,16.0,198.7,23811.0,45046.0,18.5,23.6,72.0,29.440000000000005,22.519,175.3,0.0,0.2,
2026-04-23T20:29:01,04/23/202608:29,24.619999999999997,0.0,0.0,52.08,0.0,0.0,0.0,0.8,16.0,198.7,23811.0,45046.0,18.5,23.6,72.0,29.440000000000005,22.68,175.0,0.0,0.2,
2026-04-23T20:29:31,04/23/202608:29,24.119999999999997,0.0,0.0,52.07000000000001,0.0,0.0,0.0,0.8,16.0,198.7,23811.0,45046.0,18.5,23.6,72.0,29.440000000000005,22.68,175.0,0.0,0.2,
2026-04-23T20:30:00,04/23/202608:30,23.619999999999997,0.0,0.0,52.06,0.0,0.0,0.0,0.8,16.0,198.7,23811.0,45046.0,18.5,23.6,72.0,29.440000000000005,22.68,175.0,0.0,0.2,
2026-04-23T20:31:01,04/23/202608:31,23.36,0.0,0.0,52.05,0.0,0.0,0.0,0.8,16.0,198.7,23811.0,45046.0,18.5,23.59,72.2,29.440000000000005,22.674,175.1,0.0,0.19,
2026-04-23T20:31:31,04/23/202608:31,23.09,0.0,0.0,52.05,0.0,0.0,0.0,0.8,16.0,198.7,23811.0,45046.0,18.5,23.580000000000002,72.4,29.440000000000005,22.668,175.2,0.0,0.18,
2026-04-23T20:32:00,04/23/202608:32,22.919999999999998,0.0,0.0,52.05,0.0,0.0,0.0,0.8,16.0,198.7,23811.0,45046.0,18.5,23.57,72.6,29.440000000000005,22.662,175.3,0.0,0.17,
2026-04-23T20:32:31,04/23/202608:32,22.729999999999997,0.0,0.0,52.05,0.0,0.0,0.0,0.8,16.0,198.7,23811.0,45046.0,18.6,23.560000000000002,72.8,29.440000000000005,22.656,175.4,0.0,0.16,
2026-04-23T20:33:01,04/23/202608:33,22.6,0.0,0.0,52.06,0.0,0.0,0.0,0.8,16.0,198.7,23811.0,45046.0,18.6,23.55,73.0,29.440000000000005,22.65,175.5,0.0,0.15,
2026-04-23T20:33:31,04/23/202608:33,22.46,0.0,0.0,52.06,0.0,0.0,0.0,0.8,16.0,198.7,23811.0,45046.0,18.6,23.54,73.2,29.440000000000005,22.644,175.6,0.0,0.14,
2026-04-23T20:34:00,04/23/202608:34,22.380000000000003,0.0,0.0,52.06,0.0,0.0,0.0,0.8,16.0,198.7,23811.0,45046.0,18.6,23.53,73.4,29.440000000000005,22.637999999999998,175.7,0.0,0.13,
2026-04-23T20:35:00,04/23/202608:35,22.3,0.0,0.0,52.06,0.0,0.0,0.0,0.8,16.0,198.7,23811.0,45046.0,18.5,23.52,73.6,29.440000000000005,22.631999999999998,175.8,0.0,0.12000000000000002,
2026-04-23T20:36:51,04/23/202608:36,22.25,0.0,0.0,52.05,0.0,0.0,0.0,0.8,16.0,198.7,23811.0,45046.0,18.5,23.509999999999998,73.8,29.440000000000005,22.626,175.9,0.0,0.11000000000000001,
2026-04-23T20:37:01,04/23/202608:37,22.2,0.0,0.0,52.04,0.0,0.0,0.0,0.8,16.0,198.7,23811.0,45046.0,18.5,23.5,74.0,29.440000000000005,22.62,176.0,0.0,0.1,
2026-04-23T20:38:00,04/23/202608:38,22.15,0.0,0.0,52.04,0.0,0.0,0.0,0.8,16.0,198.7,23811.0,45046.0,18.5,23.5,74.0,29.440000000000005,22.62,176.0,0.0,0.1,
2026-04-23T20:38:27,04/23/202608:38,22.1,0.0,0.0,52.02,0.0,0.0,0.0,0.8,16.0,198.7,23811.0,45046.0,18.5,23.5,74.0,29.440000000000005,22.62,176.0,0.0,0.1,
2026-04-23T20:39:01,04/23/202608:39,22.05,0.0,0.0,52.0,0.0,0.0,0.0,0.8,16.0,198.7,23811.0,45046.0,18.5,23.5,74.0,29.440000000000005,22.62,176.0,0.0,0.1,
2026-04-23T20:40:01,04/23/202608:40,22.02,0.0,0.0,51.989999999999995,0.0,0.0,0.0,0.8,16.0,198.7,23811.0,45046.0,18.5,23.5,74.0,29.440000000000005,22.62,176.0,0.0,0.1,
2026-04-23T20:41:01,04/23/202608:41,21.990000000000002,0.0,0.0,51.970000000000006,0.0,0.0,0.0,0.8,16.0,198.7,23811.0,45046.0,18.6,23.5,74.0,29.440000000000005,22.62,176.0,0.0,0.1,
2026-04-23T20:42:01,04/23/202608:42,21.97,0.0,0.0,51.970000000000006,0.0,0.0,0.0,0.8,16.0,198.7,23811.0,45046.0,18.5,23.5,74.0,29.440000000000005,22.62,176.0,0.0,0.1,
2026-04-23T20:43:00,04/23/202608:43,21.95,0.0,0.0,51.970000000000006,0.0,0.0,0.0,0.8,16.0,198.7,23811.0,45046.0,18.5,23.5,74.0,29.440000000000005,22.62,176.0,0.0,0.1,
2026-04-23T20:43:27,04/23/202608:43,21.919999999999998,0.0,0.0,51.970000000000006,0.0,0.0,0.0,0.8,16.0,198.7,23811.0,45046.0,18.5,23.5,74.0,29.440000000000005,22.62,176.0,0.0,0.1,
2026-04-23T20:44:01,04/23/202608:44,21.9,0.0,0.0,51.970000000000006,0.0,0.0,0.0,0.8,16.0,198.7,23811.0,45046.0,18.5,23.5,74.0,29.440000000000005,22.62,176.0,0.0,0.1,
2026-04-23T20:44:27,04/23/202608:44,21.889999999999997,0.0,0.0,51.970000000000006,0.0,0.0,0.0,0.8,16.0,198.7,23811.0,45046.0,18.5,23.5,74.0,29.440000000000005,22.62,176.0,0.0,0.1,
2026-04-23T20:45:00,04/23/202608:45,21.88,0.0,0.0,51.970000000000006,0.0,0.0,0.0,0.8,16.0,198.7,23811.0,45046.0,18.5,23.5,74.0,29.440000000000005,22.62,176.0,0.0,0.1,
2026-04-23T20:45:27,04/23/202608:45,21.869999999999997,0.0,0.0,51.98,0.0,0.0,0.0,0.8,16.0,198.7,23811.0,45046.0,18.5,23.47,74.1,29.443,22.551000000000002,176.2,0.0,0.09,
2026-04-23T20:46:01,04/23/202608:46,21.86,0.0,0.0,51.989999999999995,0.0,0.0,0.0,0.8,16.0,198.7,23811.0,45046.0,18.5,23.44,74.2,29.446000000000005,22.482,176.4,0.0,0.08,
2026-04-23T20:46:27,04/23/202608:46,21.84,0.0,0.0,51.989999999999995,0.0,0.0,0.0,0.8,16.0,198.7,23811.0,45046.0,18.6,23.41,74.3,29.449,22.413,176.6,0.0,0.07,
2026-04-23T20:48:02,04/23/202608:48,21.84,0.0,0.0,51.989999999999995,0.0,0.0,0.0,0.8,16.0,198.7,23811.0,45046.0,18.5,23.380000000000003,74.4,29.451999999999998,22.344,176.8,0.0,0.06000000000000001,
2026-04-23T20:48:27,04/23/202608:48,21.830000000000002,0.0,0.0,51.98,0.0,0.0,0.0,0.8,16.0,198.7,23811.0,45046.0,18.5,23.35,74.5,29.455000000000002,22.275,177.0,0.0,0.05,
2026-04-23T20:49:01,04/23/202608:49,21.82,0.0,0.0,51.970000000000006,0.0,0.0,0.0,0.8,16.0,198.7,23811.0,45046.0,18.5,23.32,74.6,29.458,22.206,177.2,0.0,0.04,
2026-04-23T20:50:01,04/23/202608:50,21.82,0.0,0.0,51.96,0.0,0.0,0.0,0.8,16.0,198.7,23811.0,45046.0,18.5,23.29,74.7,29.461000000000002,22.137,177.4,0.0,0.030000000000000006,
2026-04-23T20:50:27,04/23/202608:50,21.81,0.0,0.0,51.95,0.0,0.0,0.0,0.8,16.0,198.7,23811.0,45046.0,18.6,23.259999999999998,74.8,29.464,22.068,177.6,0.0,0.02,
2026-04-23T20:51:01,04/23/202608:51,21.79,0.0,0.0,51.94,0.0,0.0,0.0,0.8,16.0,198.7,23811.0,45046.0,18.6,23.229999999999997,74.9,29.467000000000002,21.999000000000002,177.8,0.0,0.01,
2026-04-23T20:52:00,04/23/202608:52,21.77,0.0,0.0,51.92999999999999,0.0,0.0,0.0,0.8,16.0,198.7,23811.0,45046.0,18.5,23.2,75.0,29.47,21.93,178.0,0.0,0.0,
2026-04-23T20:52:27,04/23/202608:52,21.77,0.0,0.0,51.92,0.0,0.0,0.0,0.8,16.0,198.7,23811.0,45046.0,18.5,23.2,75.0,29.47,21.93,178.0,0.0,0.0,
2026-04-23T20:53:01,04/23/202608:53,21.77,0.0,0.0,51.92,0.0,0.0,0.0,0.8,16.0,198.7,23811.0,45046.0,18.5,23.2,75.0,29.47,21.93,178.0,0.0,0.0,
2026-04-23T20:53:44,04/23/202608:53,21.77,0.0,0.0,51.910000000000004,0.0,0.0,0.0,0.8,16.0,198.7,23811.0,45046.0,18.6,23.2,75.0,29.47,21.93,178.0,0.0,0.0,
2026-04-23T20:54:00,04/23/202608:54,21.75,0.0,0.0,51.910000000000004,0.0,0.0,0.0,0.8,16.0,198.7,23811.0,45046.0,18.6,23.2,75.0,29.47,21.93,178.0,0.0,0.0,
2026-04-23T20:54:45,04/23/202608:54,21.75,0.0,0.0,51.910000000000004,0.0,0.0,0.0,0.8,16.0,198.7,23811.0,45046.0,18.6,23.2,74.9,29.473000000000003,21.93,178.0,0.0,0.0,
2026-04-23T20:55:01,04/23/202608:55,21.75,0.0,0.0,51.910000000000004,0.0,0.0,0.0,0.8,16.0,198.7,23811.0,45046.0,18.6,23.2,74.8,29.476,21.93,178.0,0.0,0.0,
2026-04-23T20:56:00,04/23/202608:56,21.75,0.0,0.0,51.910000000000004,0.0,0.0,0.0,0.8,16.0,198.7,23811.0,45046.0,18.6,23.2,74.7,29.478999999999996,21.93,178.0,0.0,0.0,
2026-04-23T20:56:28,04/23/202608:56,21.75,0.0,0.0,51.910000000000004,0.0,0.0,0.0,0.8,16.0,198.7,23811.0,45046.0,18.6,23.2,74.6,29.482,21.93,178.0,0.0,0.0,
2026-04-23T20:57:01,04/23/202608:57,21.75,0.0,0.0,51.910000000000004,0.0,0.0,0.0,0.8,16.0,198.7,23811.0,45046.0,18.6,23.2,74.5,29.485000000000003,21.93,178.0,0.0,0.0,
2026-04-23T20:57:28,04/23/202608:57,21.759999999999998,0.0,0.0,51.910000000000004,0.0,0.0,0.0,0.8,16.0,198.7,23811.0,45046.0,18.5,23.2,74.4,29.488,21.93,178.0,0.0,0.0,
2026-04-23T20:59:13,04/23/202608:59,21.75,0.0,0.0,51.910000000000004,0.0,0.0,0.0,0.8,16.0,198.7,23811.0,45046.0,18.5,23.2,74.3,29.490999999999996,21.93,178.0,0.0,0.0,
2026-04-23T20:59:29,04/23/202608:59,21.75,0.0,0.0,51.9,0.0,0.0,0.0,0.8,16.0,198.7,23811.0,45046.0,18.5,23.2,74.2,29.494,21.93,178.0,0.0,0.0,
2026-04-23T21:00:00,04/23/202609:00,21.759999999999998,0.0,0.0,51.9,0.0,0.0,0.0,0.8,16.0,198.7,23811.0,45046.0,18.5,23.2,74.1,29.497000000000003,21.93,178.0,0.0,0.0,
2026-04-23T21:01:01,04/23/202609:01,21.77,0.0,0.0,51.910000000000004,0.0,0.0,0.0,0.8,16.0,198.7,23811.0,45046.0,18.5,23.2,74.0,29.5,21.93,178.0,0.0,0.0,
2026-04-23T21:01:29,04/23/202609:01,21.759999999999998,0.0,0.0,51.910000000000004,0.0,0.0,0.0,0.8,16.0,198.7,23811.0,45046.0,18.6,23.19,74.0,29.5,21.775,178.1,0.0,0.0,
2026-04-23T21:02:01,04/23/202609:02,21.75,0.0,0.0,51.910000000000004,0.0,0.0,0.0,0.8,16.0,198.7,23811.0,45046.0,18.6,23.18,74.0,29.5,21.619999999999997,178.2,0.0,0.0,
2026-04-23T21:03:01,04/23/202609:03,21.740000000000002,0.0,0.0,51.910000000000004,0.0,0.0,0.0,0.8,16.0,198.7,23811.0,45046.0,18.5,23.169999999999998,74.0,29.5,21.465,178.3,0.0,0.0,
2026-04-23T21:03:29,04/23/202609:03,21.75,0.0,0.0,51.910000000000004,0.0,0.0,0.0,0.8,16.0,198.7,23811.0,45046.0,18.5,23.16,74.0,29.5,21.31,178.4,0.0,0.0,
2026-04-23T21:04:01,04/23/202609:04,21.759999999999998,0.0,0.0,51.910000000000004,0.0,0.0,0.0,0.8,16.0,198.7,23811.0,45046.0,18.5,23.15,74.0,29.5,21.154999999999998,178.5,0.0,0.0,
2026-04-23T21:04:29,04/23/202609:04,21.75,0.0,0.0,51.910000000000004,0.0,0.0,0.0,0.8,16.0,198.7,23811.0,45046.0,18.5,23.14,74.0,29.5,21.0,178.6,0.0,0.0,
2026-04-23T21:05:01,04/23/202609:05,21.75,0.0,0.0,51.910000000000004,0.0,0.0,0.0,0.8,16.0,198.7,23811.0,45046.0,18.5,23.130000000000003,74.0,29.5,20.845,178.7,0.0,0.0,
2026-04-23T21:05:29,04/23/202609:05,21.75,0.0,0.0,51.910000000000004,0.0,0.0,0.0,0.8,16.0,198.7,23811.0,45046.0,18.5,23.12,74.0,29.5,20.689999999999998,178.8,0.0,0.0,
2026-04-23T21:06:01,04/23/202609:06,21.75,0.0,0.0,51.910000000000004,0.0,0.0,0.0,0.8,16.0,198.7,23811.0,45046.0,18.5,23.110000000000003,74.0,29.5,20.535,178.9,0.0,0.0,
2026-04-23T21:07:00,04/23/202609:07,21.75,0.0,0.0,51.9,0.0,0.0,0.0,0.8,16.0,198.7,23811.0,45046.0,18.5,23.1,74.0,29.5,20.38,179.0,0.0,0.0,
2026-04-23T21:08:01,04/23/202609:08,21.759999999999998,0.0,0.0,51.9,0.0,0.0,0.0,0.8,16.0,198.7,23811.0,45046.0,18.5,23.1,74.0,29.5,20.38,179.0,0.0,0.0,
2026-04-23T21:09:01,04/23/202609:09,21.77,0.0,0.0,51.9,0.0,0.0,0.0,0.8,16.0,198.7,23811.0,45046.0,18.5,23.1,74.0,29.5,20.38,179.0,0.0,0.0,
2026-04-23T21:10:24,04/23/202609:10,21.77,0.0,0.0,51.9,0.0,0.0,0.0,0.8,16.0,198.7,23811.0,45046.0,18.6,23.1,74.0,29.5,20.38,179.0,0.0,0.0,
2026-04-23T21:11:00,04/23/202609:11,21.759999999999998,0.0,0.0,51.89,0.0,0.0,0.0,0.8,16.0,198.7,23811.0,45046.0,18.5,23.1,74.0,29.5,20.38,179.0,0.0,0.0,
2026-04-23T21:12:01,04/23/202609:12,21.75,0.0,0.0,51.89,0.0,0.0,0.0,0.8,16.0,198.7,23811.0,45046.0,18.5,23.1,74.0,29.5,20.38,179.0,0.0,0.0,
2026-04-23T21:13:00,04/23/202609:13,21.75,0.0,0.0,51.879999999999995,0.0,0.0,0.0,0.8,16.0,198.7,23811.0,45046.0,18.5,23.1,74.0,29.5,20.38,179.0,0.0,0.0,
2026-04-23T21:14:01,04/23/202609:14,21.75,0.0,0.0,51.879999999999995,0.0,0.0,0.0,0.8,16.0,198.7,23811.0,45046.0,18.5,23.1,74.0,29.5,20.38,179.0,0.0,0.0,
2026-04-23T21:15:00,04/23/202609:15,21.740000000000002,0.0,0.0,51.879999999999995,0.0,0.0,0.0,0.8,16.0,198.7,23811.0,45046.0,18.5,23.1,74.0,29.5,20.38,179.0,0.0,0.0,
2026-04-23T21:16:01,04/23/202609:16,21.73,0.0,0.0,51.879999999999995,0.0,0.0,0.0,0.8,16.0,198.7,23811.0,45046.0,18.5,23.1,74.1,29.5,20.398999999999997,179.0,0.0,0.0,
2026-04-23T21:17:00,04/23/202609:17,21.72,0.0,0.0,51.879999999999995,0.0,0.0,0.0,0.8,16.0,198.7,23811.0,45046.0,18.5,23.1,74.2,29.5,20.418,179.0,0.0,0.0,
2026-04-23T21:18:01,04/23/202609:18,21.71,0.0,0.0,51.879999999999995,0.0,0.0,0.0,0.8,16.0,198.7,23811.0,45046.0,18.6,23.1,74.3,29.5,20.437,179.0,0.0,0.0,
2026-04-23T21:19:00,04/23/202609:19,21.7,0.0,0.0,51.879999999999995,0.0,0.0,0.0,0.8,16.0,198.7,23811.0,45046.0,18.5,23.1,74.4,29.5,20.456,179.0,0.0,0.0,
2026-04-23T21:20:01,04/23/202609:20,21.7,0.0,0.0,51.879999999999995,0.0,0.0,0.0,0.8,16.0,198.7,23811.0,45046.0,18.5,23.1,74.5,29.5,20.475,179.0,0.0,0.0,
2026-04-23T21:21:35,04/23/202609:21,21.7,0.0,0.0,51.89,0.0,0.0,0.0,0.8,16.0,198.7,23811.0,45046.0,18.5,23.1,74.6,29.5,20.494,179.0,0.0,0.0,
2026-04-23T21:22:00,04/23/202609:22,21.7,0.0,0.0,51.89,0.0,0.0,0.0,0.8,16.0,198.7,23811.0,45046.0,18.5,23.1,74.7,29.5,20.512999999999998,179.0,0.0,0.0,
2026-04-23T21:22:47,04/23/202609:22,21.71,0.0,0.0,51.9,0.0,0.0,0.0,0.8,16.0,198.7,23811.0,45046.0,18.6,23.1,74.8,29.5,20.532,179.0,0.0,0.0,
2026-04-23T21:23:01,04/23/202609:23,21.72,0.0,0.0,51.9,0.0,0.0,0.0,0.8,16.0,198.7,23811.0,45046.0,18.6,23.1,74.9,29.5,20.551,179.0,0.0,0.0,
2026-04-23T21:23:45,04/23/202609:23,21.72,0.0,0.0,51.89,0.0,0.0,0.0,0.8,16.0,198.7,23811.0,45046.0,18.5,23.1,75.0,29.5,20.57,179.0,0.0,0.0,
2026-04-23T21:24:00,04/23/202609:24,21.72,0.0,0.0,51.879999999999995,0.0,0.0,0.0,0.8,16.0,198.7,23811.0,45046.0,18.5,23.1,75.0,29.5,20.57,179.0,0.0,0.0,
2026-04-23T21:24:45,04/23/202609:24,21.73,0.0,0.0,51.879999999999995,0.0,0.0,0.0,0.8,16.0,198.7,23811.0,45046.0,18.5,23.1,75.0,29.5,20.57,179.0,0.0,0.0,
2026-04-23T21:25:01,04/23/202609:25,21.740000000000002,0.0,0.0,51.879999999999995,0.0,0.0,0.0,0.8,16.0,198.7,23811.0,45046.0,18.5,23.1,75.0,29.5,20.57,179.0,0.0,0.0,
2026-04-23T21:25:45,04/23/202609:25,21.740000000000002,0.0,0.0,51.879999999999995,0.0,0.0,0.0,0.8,16.0,198.7,23811.0,45046.0,18.6,23.1,75.0,29.5,20.57,179.0,0.0,0.0,
2026-04-23T21:26:00,04/23/202609:26,21.740000000000002,0.0,0.0,51.879999999999995,0.0,0.0,0.0,0.8,16.0,198.7,23811.0,45046.0,18.6,23.1,75.0,29.5,20.57,179.0,0.0,0.0,
2026-04-23T21:26:46,04/23/202609:26,21.75,0.0,0.0,51.86999999999999,0.0,0.0,0.0,0.8,16.0,198.7,23811.0,45046.0,18.5,23.1,75.0,29.5,20.57,179.0,0.0,0.0,
2026-04-23T21:27:01,04/23/202609:27,21.759999999999998,0.0,0.0,51.86,0.0,0.0,0.0,0.8,16.0,198.7,23811.0,45046.0,18.5,23.1,75.0,29.5,20.57,179.0,0.0,0.0,
2026-04-23T21:27:45,04/23/202609:27,21.75,0.0,0.0,51.85,0.0,0.0,0.0,0.8,16.0,198.7,23811.0,45046.0,18.5,23.1,75.0,29.5,20.57,179.0,0.0,0.0,
2026-04-23T21:28:00,04/23/202609:28,21.740000000000002,0.0,0.0,51.839999999999996,0.0,0.0,0.0,0.8,16.0,198.7,23811.0,45046.0,18.5,23.1,75.0,29.5,20.57,179.0,0.0,0.0,
2026-04-23T21:29:01,04/23/202609:29,21.740000000000002,0.0,0.0,51.839999999999996,0.0,0.0,0.0,0.8,16.0,198.7,23811.0,45046.0,18.5,23.1,75.0,29.5,20.57,179.0,0.0,0.0,
2026-04-23T21:29:45,04/23/202609:29,21.75,0.0,0.0,51.839999999999996,0.0,0.0,0.0,0.8,16.0,198.7,23811.0,45046.0,18.5,23.04,75.0,29.5,20.57,179.0,0.0,0.0,
2026-04-23T21:30:00,04/23/202609:30,21.75,0.0,0.0,51.83,0.0,0.0,0.0,0.8,16.0,198.7,23811.0,45046.0,18.5,22.98,75.0,29.5,20.57,179.0,0.0,0.0,
2026-04-23T21:31:01,04/23/202609:31,21.75,0.0,0.0,51.81999999999999,0.0,0.0,0.0,0.8,16.0,198.7,23811.0,45046.0,18.5,22.92,75.0,29.5,20.887,179.1,0.0,0.0,
2026-04-23T21:32:46,04/23/202609:32,21.75,0.0,0.0,51.81999999999999,0.0,0.0,0.0,0.8,16.0,198.7,23811.0,45046.0,18.5,22.87,75.1,29.497000000000003,21.235,179.7,0.0,0.0,
2026-04-23T21:32:47,04/23/202609:32,21.759999999999998,0.0,0.0,51.81,0.0,0.0,0.0,0.8,16.0,198.7,23811.0,45046.0,18.5,22.82,75.2,29.494,21.583000000000002,180.3,0.0,0.0,
2026-04-23T21:33:01,04/23/202609:33,21.759999999999998,0.0,0.0,51.81,0.0,0.0,0.0,0.8,16.0,198.7,23811.0,45046.0,18.5,22.770000000000003,75.3,29.490999999999996,21.931,180.9,0.0,0.0,
2026-04-23T21:33:47,04/23/202609:33,21.75,0.0,0.0,51.81999999999999,0.0,0.0,0.0,0.8,16.0,198.7,23811.0,45046.0,18.5,22.720000000000002,75.3,29.488,22.279,181.5,0.0,0.0,
2026-04-23T21:34:01,04/23/202609:34,21.75,0.0,0.0,51.83,0.0,0.0,0.0,0.8,16.0,198.7,23811.0,45046.0,18.5,22.67,75.3,29.485000000000003,22.627000000000002,182.1,0.0,0.0,
2026-04-23T21:35:00,04/23/202609:35,21.75,0.0,0.0,51.83,0.0,0.0,0.0,0.8,16.0,198.7,23811.0,45046.0,18.5,22.62,75.3,29.482,22.975,182.7,0.0,0.0,
2026-04-23T21:36:01,04/23/202609:36,21.75,0.0,0.0,51.83,0.0,0.0,0.0,0.8,16.0,198.7,23811.0,45046.0,18.5,22.57,75.3,29.478999999999996,23.323,183.3,0.0,0.0,
2026-04-23T21:37:00,04/23/202609:37,21.740000000000002,0.0,0.0,51.839999999999996,0.0,0.0,0.0,0.8,16.0,198.7,23811.0,45046.0,18.5,22.580000000000002,75.3,29.476,23.671,183.9,0.0,0.0,
2026-04-23T21:38:01,04/23/202609:38,21.73,0.0,0.0,51.85,0.0,0.0,0.0,0.8,16.0,198.7,23811.0,45046.0,18.5,22.59,75.3,29.473000000000003,24.019,184.5,0.0,0.0,
2026-04-23T21:38:47,04/23/202609:38,21.619999999999997,0.0,0.0,51.86,0.0,0.0,0.0,0.8,16.0,198.7,23811.0,45046.0,18.5,22.6,75.3,29.47,24.05,185.0,0.0,0.0,
2026-04-23T21:39:00,04/23/202609:39,21.52,0.0,0.0,51.86,0.0,0.0,0.0,0.8,16.0,198.7,23811.0,45046.0,18.5,22.6,75.2,29.47,24.05,185.0,0.0,0.0,
2026-04-23T21:39:48,04/23/202609:39,21.39,0.0,0.0,51.86,0.0,0.0,0.0,0.8,16.0,198.7,23811.0,45046.0,18.5,22.6,75.1,29.47,24.05,185.0,0.0,0.0,
2026-04-23T21:40:01,04/23/202609:40,21.259999999999998,0.0,0.0,51.86,0.0,0.0,0.0,0.8,16.0,198.7,23811.0,45046.0,18.5,22.6,75.0,29.47,24.05,185.0,0.0,0.0,
2026-04-23T21:41:00,04/23/202609:41,21.14,0.0,0.0,51.85,0.0,0.0,0.0,0.8,16.0,198.7,23811.0,45046.0,18.5,22.6,75.0,29.47,24.05,185.0,0.0,0.0,
2026-04-23T21:41:48,04/23/202609:41,21.03,0.0,0.0,51.85,0.0,0.0,0.0,0.8,16.0,198.7,23811.0,45046.0,18.6,22.6,75.0,29.47,24.05,185.0,0.0,0.0,
2026-04-23T21:42:01,04/23/202609:42,20.919999999999998,0.0,0.0,51.86,0.0,0.0,0.0,0.8,16.0,198.7,23811.0,45046.0,18.6,22.6,75.0,29.47,24.05,185.0,0.0,0.0,
2026-04-23T21:43:58,04/23/202609:43,20.81,0.0,0.0,51.86,0.0,0.0,0.0,0.8,16.0,198.7,23811.0,45046.0,18.5,22.6,75.0,29.47,24.05,185.0,0.0,0.0,
2026-04-23T21:44:01,04/23/202609:44,20.7,0.0,0.0,51.85,0.0,0.0,0.0,0.8,16.0,198.7,23811.0,45046.0,18.5,22.6,75.0,29.47,24.05,185.0,0.0,0.0,
2026-04-23T21:45:00,04/23/202609:45,20.59,0.0,0.0,51.839999999999996,0.0,0.0,0.0,0.8,16.0,198.7,23811.0,45046.0,18.5,22.6,75.0,29.47,24.05,185.0,0.0,0.0,
2026-04-23T21:46:01,04/23/202609:46,20.580000000000002,0.0,0.0,51.83,0.0,0.0,0.0,0.8,16.0,198.7,23811.0,45046.0,18.5,22.59,74.8,29.47,23.957,185.4,0.0,0.0,
2026-04-23T21:47:00,04/23/202609:47,20.57,0.0,0.0,51.81999999999999,0.0,0.0,0.0,0.8,16.0,198.7,23811.0,45046.0,18.5,22.580000000000002,74.6,29.47,23.864,185.8,0.0,0.0,
2026-04-23T21:48:01,04/23/202609:48,20.580000000000002,0.0,0.0,51.83,0.0,0.0,0.0,0.8,16.0,198.7,23811.0,45046.0,18.6,22.57,74.4,29.47,23.771,186.2,0.0,0.0,
2026-04-23T21:49:00,04/23/202609:49,20.59,0.0,0.0,51.83,0.0,0.0,0.0,0.8,16.0,198.7,23811.0,45046.0,18.6,22.560000000000002,74.2,29.47,23.678,186.6,0.0,0.0,
2026-04-23T21:50:01,04/23/202609:50,20.6,0.0,0.0,51.83,0.0,0.0,0.0,0.8,16.0,198.7,23811.0,45046.0,18.5,22.55,74.0,29.47,23.585,187.0,0.0,0.0,
2026-04-23T21:51:01,04/23/202609:51,20.6,0.0,0.0,51.81999999999999,0.0,0.0,0.0,0.8,16.0,198.7,23811.0,45046.0,18.5,22.54,73.8,29.47,23.492,187.4,0.0,0.0,
2026-04-23T21:52:01,04/23/202609:52,20.6,0.0,0.0,51.81,0.0,0.0,0.0,0.8,16.0,198.7,23811.0,45046.0,18.5,22.53,73.6,29.47,23.399,187.8,0.0,0.0,
2026-04-23T21:52:49,04/23/202609:52,20.610000000000003,0.0,0.0,51.81,0.0,0.0,0.0,0.8,16.0,198.7,23811.0,45046.0,18.5,22.52,73.4,29.47,23.306,188.2,0.0,0.0,
2026-04-23T21:53:01,04/23/202609:53,20.62,0.0,0.0,51.81,0.0,0.0,0.0,0.8,16.0,198.7,23811.0,45046.0,18.5,22.509999999999998,73.2,29.47,23.213,188.6,0.0,0.0,
2026-04-23T21:53:50,04/23/202609:53,20.62,0.0,0.0,51.81,0.0,0.0,0.0,0.8,16.0,198.7,23811.0,45046.0,18.6,22.5,73.0,29.47,23.12,189.0,0.0,0.0,
2026-04-23T21:55:10,04/23/202609:55,20.62,0.0,0.0,51.81,0.0,0.0,0.0,0.8,16.0,198.7,23811.0,45046.0,18.5,22.5,73.0,29.47,23.12,189.0,0.0,0.0,
2026-04-23T21:55:50,04/23/202609:55,20.64,0.0,0.0,51.81999999999999,0.0,0.0,0.0,0.8,16.0,198.7,23811.0,45046.0,18.5,22.5,73.0,29.47,23.12,189.0,0.0,0.0,
2026-04-23T21:56:00,04/23/202609:56,20.660000000000004,0.0,0.0,51.81999999999999,0.0,0.0,0.0,0.8,16.0,198.7,23811.0,45046.0,18.5,22.5,73.0,29.47,23.12,189.0,0.0,0.0,
2026-04-23T21:56:50,04/23/202609:56,20.660000000000004,0.0,0.0,51.81999999999999,0.0,0.0,0.0,0.8,16.0,198.7,23811.0,45046.0,18.6,22.5,73.0,29.47,23.12,189.0,0.0,0.0,
2026-04-23T21:57:01,04/23/202609:57,20.660000000000004,0.0,0.0,51.81999999999999,0.0,0.0,0.0,0.8,16.0,198.7,23811.0,45046.0,18.6,22.5,73.0,29.47,23.12,189.0,0.0,0.0,
2026-04-23T21:57:49,04/23/202609:57,20.67,0.0,0.0,51.81999999999999,0.0,0.0,0.0,0.8,16.0,198.7,23811.0,45046.0,18.5,22.5,73.0,29.47,23.12,189.0,0.0,0.0,
2026-04-23T21:58:00,04/23/202609:58,20.68,0.0,0.0,51.81999999999999,0.0,0.0,0.0,0.8,16.0,198.7,23811.0,45046.0,18.5,22.5,73.0,29.47,23.12,189.0,0.0,0.0,
2026-04-23T21:58:50,04/23/202609:58,20.67,0.0,0.0,51.81999999999999,0.0,0.0,0.0,0.8,16.0,198.7,23811.0,45046.0,18.5,22.5,73.0,29.47,23.12,189.0,0.0,0.0,
2026-04-23T21:59:01,04/23/202609:59,20.660000000000004,0.0,0.0,51.81999999999999,0.0,0.0,0.0,0.8,16.0,198.7,23811.0,45046.0,18.5,22.5,73.0,29.47,23.12,189.0,0.0,0.0,
2026-04-23T21:59:49,04/23/202609:59,20.770000000000003,0.0,0.0,51.83,0.0,0.0,0.0,0.8,16.0,198.7,23811.0,45046.0,18.5,22.5,73.0,29.47,23.12,189.0,0.0,0.0,
2026-04-23T22:00:00,04/23/202610:00,20.880000000000003,0.0,0.0,51.839999999999996,0.0,0.0,0.0,0.8,16.0,198.7,23811.0,45046.0,18.5,22.5,73.0,29.47,23.12,189.0,0.0,0.0,
2026-04-23T22:01:01,04/23/202610:01,20.97,0.0,0.0,51.83,0.0,0.0,0.0,0.8,16.0,198.7,23811.0,45046.0,18.5,22.48,72.9,29.47,23.058,188.7,0.0,0.0,
2026-04-23T22:01:50,04/23/202610:01,21.07,0.0,0.0,51.83,0.0,0.0,0.0,0.8,16.0,198.7,23811.0,45046.0,18.5,22.46,72.8,29.47,22.996000000000002,188.4,0.0,0.0,
2026-04-23T22:02:00,04/23/202610:02,21.19,0.0,0.0,51.839999999999996,0.0,0.0,0.0,0.8,16.0,198.7,23811.0,45046.0,18.5,22.44,72.7,29.47,22.934,188.1,0.0,0.0,
2026-04-23T22:02:50,04/23/202610:02,21.3,0.0,0.0,51.839999999999996,0.0,0.0,0.0,0.8,16.0,198.7,23811.0,45046.0,18.5,22.419999999999998,72.6,29.47,22.872,187.8,0.0,0.0,
2026-04-23T22:03:01,04/23/202610:03,21.4,0.0,0.0,51.839999999999996,0.0,0.0,0.0,0.8,16.0,198.7,23811.0,45046.0,18.5,22.4,72.5,29.47,22.81,187.5,0.0,0.0,
2026-04-23T22:04:00,04/23/202610:04,21.5,0.0,0.0,51.839999999999996,0.0,0.0,0.0,0.8,16.0,198.7,23811.0,45046.0,18.5,22.380000000000003,72.4,29.47,22.748,187.2,0.0,0.0,
2026-04-23T22:05:01,04/23/202610:05,21.61,0.0,0.0,51.839999999999996,0.0,0.0,0.0,0.8,16.0,198.7,23811.0,45046.0,18.5,22.36,72.3,29.47,22.686,186.9,0.0,0.0,
2026-04-23T22:06:18,04/23/202610:06,21.72,0.0,0.0,51.839999999999996,0.0,0.0,0.0,0.8,16.0,198.7,23811.0,45046.0,18.5,22.34,72.2,29.47,22.624000000000002,186.6,0.0,0.0,
2026-04-23T22:07:00,04/23/202610:07,21.72,0.0,0.0,51.83,0.0,0.0,0.0,0.8,16.0,198.7,23811.0,45046.0,18.5,22.32,72.1,29.47,22.562,186.3,0.0,0.0,
2026-04-23T22:07:49,04/23/202610:07,21.740000000000002,0.0,0.0,51.81999999999999,0.0,0.0,0.0,0.8,16.0,198.7,23811.0,45046.0,18.5,22.3,72.0,29.47,22.5,186.0,0.0,0.0,
2026-04-23T22:08:00,04/23/202610:08,21.759999999999998,0.0,0.0,51.81999999999999,0.0,0.0,0.0,0.8,16.0,198.7,23811.0,45046.0,18.5,22.3,72.0,29.47,22.5,186.0,0.0,0.0,
2026-04-23T22:08:42,04/23/202610:08,21.759999999999998,0.0,0.0,51.81,0.0,0.0,0.0,0.8,16.0,198.7,23811.0,45046.0,18.6,22.3,72.0,29.47,22.5,186.0,0.0,0.0,
2026-04-23T22:09:00,04/23/202610:09,21.759999999999998,0.0,0.0,51.8,0.0,0.0,0.0,0.8,16.0,198.7,23811.0,45046.0,18.6,22.3,72.0,29.47,22.5,186.0,0.0,0.0,
2026-04-23T22:10:01,04/23/202610:10,21.77,0.0,0.0,51.8,0.0,0.0,0.0,0.8,16.0,198.7,23811.0,45046.0,18.5,22.3,72.0,29.47,22.5,186.0,0.0,0.0,
2026-04-23T22:10:42,04/23/202610:10,21.77,0.0,0.0,51.8,0.0,0.0,0.0,0.8,16.0,198.7,23811.0,45046.0,18.5,22.3,72.0,29.47,22.5,186.0,0.0,0.0,
2026-04-23T22:11:00,04/23/202610:11,21.77,0.0,0.0,51.8,0.0,0.0,0.0,0.8,16.0,198.7,23811.0,45046.0,18.5,22.3,72.0,29.47,22.5,186.0,0.0,0.0,
2026-04-23T22:11:41,04/23/202610:11,21.78,0.0,0.0,51.8,0.0,0.0,0.0,0.8,16.0,198.7,23811.0,45046.0,18.5,22.3,72.0,29.47,22.5,186.0,0.0,0.0,
2026-04-23T22:12:01,04/23/202610:12,21.79,0.0,0.0,51.8,0.0,0.0,0.0,0.8,16.0,198.7,23811.0,45046.0,18.5,22.3,72.0,29.47,22.5,186.0,0.0,0.0,
2026-04-23T22:13:00,04/23/202610:13,21.8,0.0,0.0,51.8,0.0,0.0,0.0,0.8,16.0,198.7,23811.0,45046.0,18.5,22.3,72.0,29.47,22.5,186.0,0.0,0.0,
2026-04-23T22:13:42,04/23/202610:13,21.78,0.0,0.0,51.8,0.0,0.0,0.0,0.8,16.0,198.7,23811.0,45046.0,18.5,22.3,72.0,29.47,22.5,186.0,0.0,0.0,
2026-04-23T22:14:01,04/23/202610:14,21.759999999999998,0.0,0.0,51.8,0.0,0.0,0.0,0.8,16.0,198.7,23811.0,45046.0,18.5,22.3,72.0,29.47,22.5,186.0,0.0,0.0,
2026-04-23T22:14:42,04/23/202610:14,21.759999999999998,0.0,0.0,51.8,0.0,0.0,0.0,0.8,16.0,198.7,23811.0,45046.0,18.6,22.3,72.0,29.47,22.5,186.0,0.0,0.0,
2026-04-23T22:15:00,04/23/202610:15,21.759999999999998,0.0,0.0,51.8,0.0,0.0,0.0,0.8,16.0,198.7,23811.0,45046.0,18.6,22.3,72.0,29.47,22.5,186.0,0.0,0.0,
2026-04-23T22:15:41,04/23/202610:15,21.75,0.0,0.0,51.8,0.0,0.0,0.0,0.8,16.0,198.7,23811.0,45046.0,18.6,22.29,72.0,29.47,22.443,186.3,0.0,0.0,
2026-04-23T22:16:01,04/23/202610:16,21.75,0.0,0.0,51.8,0.0,0.0,0.0,0.8,16.0,198.7,23811.0,45046.0,18.6,22.28,72.0,29.47,22.386000000000003,186.6,0.0,0.0,
2026-04-23T22:17:29,04/23/202610:17,21.75,0.0,0.0,51.8,0.0,0.0,0.0,0.8,16.0,198.7,23811.0,45046.0,18.5,22.27,72.0,29.47,22.329,186.9,0.0,0.0,
2026-04-23T22:17:42,04/23/202610:17,21.75,0.0,0.0,51.8,0.0,0.0,0.0,0.8,16.0,198.7,23811.0,45046.0,18.5,22.259999999999998,72.0,29.47,22.272,187.2,0.0,0.0,
2026-04-23T22:18:01,04/23/202610:18,21.75,0.0,0.0,51.8,0.0,0.0,0.0,0.8,16.0,198.7,23811.0,45046.0,18.5,22.25,72.0,29.47,22.215,187.5,0.0,0.0,
2026-04-23T22:18:42,04/23/202610:18,21.740000000000002,0.0,0.0,51.8,0.0,0.0,0.0,0.8,16.0,198.7,23811.0,45046.0,18.5,22.240000000000002,72.0,29.47,22.157999999999998,187.8,0.0,0.0,
2026-04-23T22:19:01,04/23/202610:19,21.740000000000002,0.0,0.0,51.8,0.0,0.0,0.0,0.8,16.0,198.7,23811.0,45046.0,18.5,22.23,72.0,29.47,22.101,188.1,0.0,0.0,
2026-04-23T22:19:42,04/23/202610:19,21.75,0.0,0.0,51.8,0.0,0.0,0.0,0.8,16.0,198.7,23811.0,45046.0,18.5,22.22,72.0,29.47,22.044,188.4,0.0,0.0,
2026-04-23T22:20:01,04/23/202610:20,21.75,0.0,0.0,51.8,0.0,0.0,0.0,0.8,16.0,198.7,23811.0,45046.0,18.5,22.21,72.0,29.47,21.987000000000002,188.7,0.0,0.0,
2026-04-23T22:21:01,04/23/202610:21,21.75,0.0,0.0,51.8,0.0,0.0,0.0,0.8,16.0,198.7,23811.0,45046.0,18.5,22.2,72.0,29.47,21.93,189.0,0.0,0.0,
2026-04-23T22:22:01,04/23/202610:22,21.759999999999998,0.0,0.0,51.8,0.0,0.0,0.0,0.8,16.0,198.7,23811.0,45046.0,18.5,22.2,72.0,29.47,21.93,189.0,0.0,0.0,
2026-04-23T22:23:01,04/23/202610:23,21.77,0.0,0.0,51.8,0.0,0.0,0.0,0.8,16.0,198.7,23811.0,45046.0,18.5,22.2,72.0,29.47,21.93,189.0,0.0,0.0,
2026-04-23T22:24:01,04/23/202610:24,21.78,0.0,0.0,51.8,0.0,0.0,0.0,0.8,16.0,198.7,23811.0,45046.0,18.5,22.2,72.0,29.47,21.93,189.0,0.0,0.0,
2026-04-23T22:25:01,04/23/202610:25,21.78,0.0,0.0,51.8,0.0,0.0,0.0,0.8,16.0,198.7,23811.0,45046.0,18.5,22.2,72.0,29.47,21.93,189.0,0.0,0.0,
2026-04-23T22:26:01,04/23/202610:26,21.78,0.0,0.0,51.8,0.0,0.0,0.0,0.8,16.0,198.7,23811.0,45046.0,18.5,22.2,72.0,29.47,21.93,189.0,0.0,0.0,
2026-04-23T22:27:01,04/23/202610:27,21.79,0.0,0.0,51.8,0.0,0.0,0.0,0.8,16.0,198.7,23811.0,45046.0,18.5,22.2,72.0,29.47,21.93,189.0,0.0,0.0,
2026-04-23T22:28:41,04/23/202610:28,21.8,0.0,0.0,51.8,0.0,0.0,0.0,0.8,16.0,198.7,23811.0,45046.0,18.5,22.2,72.0,29.47,21.93,189.0,0.0,0.0,
2026-04-23T22:29:01,04/23/202610:29,21.8,0.0,0.0,51.8,0.0,0.0,0.0,0.8,16.0,198.7,23811.0,45046.0,18.5,22.2,72.0,29.47,21.93,189.0,0.0,0.0,
2026-04-23T22:30:01,04/23/202610:30,21.8,0.0,0.0,51.8,0.0,0.0,0.0,0.8,16.0,198.7,23811.0,45046.0,18.5,22.2,72.0,29.47,21.93,189.0,0.0,0.0,
2026-04-23T22:31:01,04/23/202610:31,21.8,0.0,0.0,51.8,0.0,0.0,0.0,0.8,16.0,198.7,23811.0,45046.0,18.5,22.240000000000002,72.2,29.473000000000003,21.937,189.3,0.0,0.0,
2026-04-23T22:32:01,04/23/202610:32,21.8,0.0,0.0,51.8,0.0,0.0,0.0,0.8,16.0,198.7,23811.0,45046.0,18.5,22.28,72.4,29.476,21.944,189.6,0.0,0.0,
2026-04-23T22:33:00,04/23/202610:33,21.8,0.0,0.0,51.8,0.0,0.0,0.0,0.8,16.0,198.7,23811.0,45046.0,18.5,22.32,72.6,29.478999999999996,21.851,190.6,0.0,0.0,
2026-04-23T22:33:30,04/23/202610:33,21.79,0.0,0.0,51.8,0.0,0.0,0.0,0.8,16.0,198.7,23811.0,45046.0,18.5,22.36,72.7,29.478999999999996,21.758,191.6,0.0,0.0,
2026-04-23T22:34:01,04/23/202610:34,21.78,0.0,0.0,51.8,0.0,0.0,0.0,0.8,16.0,198.7,23811.0,45046.0,18.5,22.4,72.8,29.478999999999996,21.665,192.6,0.0,0.0,
2026-04-23T22:34:30,04/23/202610:34,21.78,0.0,0.0,51.8,0.0,0.0,0.0,0.8,16.0,198.7,23811.0,45046.0,18.5,22.44,72.9,29.478999999999996,21.572,193.6,0.0,0.0,
2026-04-23T22:35:01,04/23/202610:35,21.78,0.0,0.0,51.8,0.0,0.0,0.0,0.8,16.0,198.7,23811.0,45046.0,18.5,22.48,73.0,29.478999999999996,21.479,194.6,0.0,0.0,
2026-04-23T22:36:01,04/23/202610:36,21.78,0.0,0.0,51.8,0.0,0.0,0.0,0.8,16.0,198.7,23811.0,45046.0,18.5,22.520000000000003,73.1,29.478999999999996,21.386000000000003,195.6,0.0,0.0,
2026-04-23T22:37:01,04/23/202610:37,21.78,0.0,0.0,51.8,0.0,0.0,0.0,0.8,16.0,198.7,23811.0,45046.0,18.5,22.560000000000002,73.2,29.478999999999996,21.293,196.6,0.0,0.0,
2026-04-23T22:38:01,04/23/202610:38,21.78,0.0,0.0,51.8,0.0,0.0,0.0,0.8,16.0,198.7,23811.0,45046.0,18.5,22.6,73.3,29.478999999999996,21.2,197.6,0.0,0.0,
2026-04-23T22:39:52,04/23/202610:39,21.78,0.0,0.0,51.8,0.0,0.0,0.0,0.8,16.0,198.7,23811.0,45046.0,18.5,22.6,73.2,29.476,21.1,198.3,0.0,0.0,
2026-04-23T22:40:01,04/23/202610:40,21.78,0.0,0.0,51.8,0.0,0.0,0.0,0.8,16.0,198.7,23811.0,45046.0,18.5,22.6,73.1,29.473000000000003,21.0,199.0,0.0,0.0,
2026-04-23T22:41:01,04/23/202610:41,21.78,0.0,0.0,51.79,0.0,0.0,0.0,0.8,16.0,198.7,23811.0,45046.0,18.5,22.6,73.0,29.47,21.0,199.0,0.0,0.0,
2026-04-23T22:42:01,04/23/202610:42,21.79,0.0,0.0,51.79,0.0,0.0,0.0,0.8,16.0,198.7,23811.0,45046.0,18.5,22.6,73.0,29.47,21.0,199.0,0.0,0.0,
2026-04-23T22:43:01,04/23/202610:43,21.8,0.0,0.0,51.779999999999994,0.0,0.0,0.0,0.8,16.0,198.7,23811.0,45046.0,18.5,22.6,73.0,29.47,21.0,199.0,0.0,0.0,
2026-04-23T22:43:30,04/23/202610:43,21.81,0.0,0.0,51.779999999999994,0.0,0.0,0.0,0.8,16.0,198.7,23811.0,45046.0,18.5,22.6,73.0,29.47,21.0,199.0,0.0,0.0,
2026-04-23T22:44:01,04/23/202610:44,21.82,0.0,0.0,51.779999999999994,0.0,0.0,0.0,0.8,16.0,198.7,23811.0,45046.0,18.5,22.6,73.0,29.47,21.0,199.0,0.0,0.0,
2026-04-23T22:45:01,04/23/202610:45,21.830000000000002,0.0,0.0,51.779999999999994,0.0,0.0,0.0,0.8,16.0,198.7,23811.0,45046.0,18.5,22.6,73.0,29.47,21.0,199.0,0.0,0.0,
2026-04-23T22:45:30,04/23/202610:45,21.830000000000002,0.0,0.0,51.779999999999994,0.0,0.0,0.0,0.8,16.0,198.7,23811.0,45046.0,18.5,22.6,73.0,29.47,21.0,199.0,0.0,0.0,
2026-04-23T22:46:01,04/23/202610:46,21.830000000000002,0.0,0.0,51.779999999999994,0.0,0.0,0.0,0.8,16.0,198.7,23811.0,45046.0,18.5,22.6,73.0,29.47,21.0,199.0,0.0,0.0,
2026-04-23T22:46:30,04/23/202610:46,21.84,0.0,0.0,51.79,0.0,0.0,0.0,0.8,16.0,198.7,23811.0,45046.0,18.5,22.6,73.0,29.473000000000003,21.137,199.4,0.0,0.0,
2026-04-23T22:47:01,04/23/202610:47,21.85,0.0,0.0,51.8,0.0,0.0,0.0,0.8,16.0,198.7,23811.0,45046.0,18.5,22.6,73.0,29.476,21.274,199.8,0.0,0.0,
2026-04-23T22:47:30,04/23/202610:47,21.85,0.0,0.0,51.81,0.0,0.0,0.0,0.8,16.0,198.7,23811.0,45046.0,18.5,22.6,73.0,29.478999999999996,21.411,200.2,0.0,0.0,
2026-04-23T22:48:01,04/23/202610:48,21.85,0.0,0.0,51.81,0.0,0.0,0.0,0.8,16.0,198.7,23811.0,45046.0,18.5,22.6,73.0,29.482,21.548000000000002,200.6,0.0,0.0,
2026-04-23T22:48:31,04/23/202610:48,21.86,0.0,0.0,51.81999999999999,0.0,0.0,0.0,0.8,16.0,198.7,23811.0,45046.0,18.6,22.6,73.0,29.485000000000003,21.685,201.0,0.0,0.0,
2026-04-23T22:49:01,04/23/202610:49,21.86,0.0,0.0,51.81999999999999,0.0,0.0,0.0,0.8,16.0,198.7,23811.0,45046.0,18.6,22.6,73.0,29.488,21.822,201.4,0.0,0.0,
2026-04-23T22:51:04,04/23/202610:51,21.86,0.0,0.0,51.81999999999999,0.0,0.0,0.0,0.8,16.0,198.7,23811.0,45046.0,18.5,22.6,73.0,29.490999999999996,21.959,201.8,0.0,0.0,
2026-04-23T22:52:01,04/23/202610:52,21.86,0.0,0.0,51.81999999999999,0.0,0.0,0.0,0.8,16.0,198.7,23811.0,45046.0,18.5,22.6,73.0,29.494,22.096,202.2,0.0,0.0,
2026-04-23T22:53:01,04/23/202610:53,21.869999999999997,0.0,0.0,51.81999999999999,0.0,0.0,0.0,0.8,16.0,198.7,23811.0,45046.0,18.5,22.6,73.0,29.497000000000003,22.233,202.6,0.0,0.0,
2026-04-23T22:54:01,04/23/202610:54,21.88,0.0,0.0,51.81999999999999,0.0,0.0,0.0,0.8,16.0,198.7,23811.0,45046.0,18.5,22.6,73.0,29.5,22.37,203.0,0.0,0.0,
2026-04-23T22:55:01,04/23/202610:55,21.88,0.0,0.0,51.81,0.0,0.0,0.0,0.8,16.0,198.7,23811.0,45046.0,18.5,22.6,73.0,29.5,22.37,203.0,0.0,0.0,
2026-04-23T22:55:30,04/23/202610:55,21.889999999999997,0.0,0.0,51.79,0.0,0.0,0.0,0.8,16.0,198.7,23811.0,45046.0,18.5,22.6,73.0,29.5,22.37,203.0,0.0,0.0,
2026-04-23T22:56:01,04/23/202610:56,21.91,0.0,0.0,51.779999999999994,0.0,0.0,0.0,0.8,16.0,198.7,23811.0,45046.0,18.5,22.6,73.0,29.5,22.37,203.0,0.0,0.0,
2026-04-23T22:56:31,04/23/202610:56,21.939999999999998,0.0,0.0,51.779999999999994,0.0,0.0,0.0,0.8,16.0,198.7,23811.0,45046.0,18.5,22.6,73.0,29.5,22.37,203.0,0.0,0.0,
2026-04-23T22:57:01,04/23/202610:57,21.96,0.0,0.0,51.779999999999994,0.0,0.0,0.0,0.8,16.0,198.7,23811.0,45046.0,18.5,22.6,73.0,29.5,22.37,203.0,0.0,0.0,
2026-04-23T22:57:30,04/23/202610:57,21.990000000000002,0.0,0.0,51.77,0.0,0.0,0.0,0.8,16.0,198.7,23811.0,45046.0,18.5,22.6,73.0,29.5,22.37,203.0,0.0,0.0,
2026-04-23T22:58:01,04/23/202610:58,22.02,0.0,0.0,51.760000000000005,0.0,0.0,0.0,0.8,16.0,198.7,23811.0,45046.0,18.5,22.6,73.0,29.5,22.37,203.0,0.0,0.0,
2026-04-23T22:59:01,04/23/202610:59,22.05,0.0,0.0,51.760000000000005,0.0,0.0,0.0,0.8,16.0,198.7,23811.0,45046.0,18.5,22.6,73.0,29.5,22.37,203.0,0.0,0.0,
2026-04-23T22:59:42,04/23/202610:59,22.11,0.0,0.0,51.760000000000005,0.0,0.0,0.0,0.8,16.0,198.7,23811.0,45046.0,18.5,22.6,73.0,29.5,22.37,203.0,0.0,0.0,
2026-04-23T23:00:01,04/23/202611:00,22.169999999999998,0.0,0.0,51.760000000000005,0.0,0.0,0.0,0.8,16.0,198.7,23811.0,45046.0,18.5,22.6,73.0,29.5,22.37,203.0,0.0,0.0,
2026-04-23T23:00:42,04/23/202611:00,22.2,0.0,0.0,51.760000000000005,0.0,0.0,0.0,0.8,16.0,198.7,23811.0,45046.0,18.5,22.6,73.0,29.5,22.37,203.0,0.0,0.0,
2026-04-23T23:01:01,04/23/202611:01,22.22,0.0,0.0,51.77,0.0,0.0,0.0,0.8,16.0,198.7,23811.0,45046.0,18.5,22.6,73.0,29.5,22.37,203.0,0.0,0.0,
2026-04-23T23:02:16,04/23/202611:02,22.259999999999998,0.0,0.0,51.779999999999994,0.0,0.0,0.0,0.8,16.0,198.7,23811.0,45046.0,18.5,22.59,73.0,29.5,21.997,203.7,0.0,0.0,
2026-04-23T23:02:42,04/23/202611:02,22.18,0.0,0.0,51.779999999999994,0.0,0.0,0.0,0.8,16.0,198.7,23811.0,45046.0,18.5,22.580000000000002,73.0,29.5,21.624000000000002,204.4,0.0,0.0,
2026-04-23T23:03:00,04/23/202611:03,22.1,0.0,0.0,51.779999999999994,0.0,0.0,0.0,0.8,16.0,198.7,23811.0,45046.0,18.5,22.57,73.0,29.5,21.251,205.1,0.0,0.0,
2026-04-23T23:03:41,04/23/202611:03,21.98,0.0,0.0,51.79,0.0,0.0,0.0,0.8,16.0,198.7,23811.0,45046.0,18.5,22.560000000000002,73.0,29.5,20.878,205.8,0.0,0.0,
2026-04-23T23:04:01,04/23/202611:04,21.86,0.0,0.0,51.8,0.0,0.0,0.0,0.8,16.0,198.7,23811.0,45046.0,18.5,22.55,73.0,29.5,20.505000000000003,206.5,0.0,0.0,
2026-04-23T23:04:42,04/23/202611:04,21.72,0.0,0.0,51.8,0.0,0.0,0.0,0.8,16.0,198.7,23811.0,45046.0,18.5,22.54,73.0,29.5,20.131999999999998,207.2,0.0,0.0,
2026-04-23T23:05:00,04/23/202611:05,21.55,0.0,0.0,51.8,0.0,0.0,0.0,0.8,16.0,198.7,23811.0,45046.0,18.5,22.53,73.0,29.5,19.759,207.9,0.0,0.0,
2026-04-23T23:05:42,04/23/202611:05,21.369999999999997,0.0,0.0,51.79,0.0,0.0,0.0,0.8,16.0,198.7,23811.0,45046.0,18.6,22.52,73.0,29.5,19.386000000000003,208.6,0.0,0.0,
2026-04-23T23:06:01,04/23/202611:06,21.22,0.0,0.0,51.779999999999994,0.0,0.0,0.0,0.8,16.0,198.7,23811.0,45046.0,18.6,22.509999999999998,73.0,29.5,19.012999999999998,209.3,0.0,0.0,
2026-04-23T23:07:00,04/23/202611:07,21.07,0.0,0.0,51.779999999999994,0.0,0.0,0.0,0.8,16.0,198.7,23811.0,45046.0,18.5,22.5,73.0,29.5,18.64,210.0,0.0,0.0,
2026-04-23T23:08:01,04/23/202611:08,20.9,0.0,0.0,51.77,0.0,0.0,0.0,0.8,16.0,198.7,23811.0,45046.0,18.5,22.5,73.0,29.5,18.64,210.0,0.0,0.0,
2026-04-23T23:09:00,04/23/202611:09,20.84,0.0,0.0,51.77,0.0,0.0,0.0,0.8,16.0,198.7,23811.0,45046.0,18.5,22.5,73.0,29.5,18.64,210.0,0.0,0.0,
2026-04-23T23:10:01,04/23/202611:10,20.78,0.0,0.0,51.77,0.0,0.0,0.0,0.8,16.0,198.7,23811.0,45046.0,18.5,22.5,73.0,29.5,18.64,210.0,0.0,0.0,
2026-04-23T23:10:42,04/23/202611:10,20.740000000000002,0.0,0.0,51.760000000000005,0.0,0.0,0.0,0.8,16.0,198.7,23811.0,45046.0,18.5,22.5,73.0,29.5,18.64,210.0,0.0,0.0,
2026-04-23T23:11:00,04/23/202611:11,20.7,0.0,0.0,51.75,0.0,0.0,0.0,0.8,16.0,198.7,23811.0,45046.0,18.5,22.5,73.0,29.5,18.64,210.0,0.0,0.0,
2026-04-23T23:12:01,04/23/202611:12,20.68,0.0,0.0,51.739999999999995,0.0,0.0,0.0,0.8,16.0,198.7,23811.0,45046.0,18.5,22.5,73.0,29.5,18.64,210.0,0.0,0.0,
2026-04-23T23:13:28,04/23/202611:13,20.66,0.0,0.0,51.739999999999995,0.0,0.0,0.0,0.8,16.0,198.7,23811.0,45046.0,18.5,22.5,73.0,29.5,18.64,210.0,0.0,0.0,
2026-04-23T23:14:00,04/23/202611:14,20.65,0.0,0.0,51.75,0.0,0.0,0.0,0.8,16.0,198.7,23811.0,45046.0,18.5,22.5,73.0,29.5,18.64,210.0,0.0,0.0,
2026-04-23T23:14:41,04/23/202611:14,20.630000000000003,0.0,0.0,51.75,0.0,0.0,0.0,0.8,16.0,198.7,23811.0,45046.0,18.5,22.5,73.0,29.5,18.64,210.0,0.0,0.0,
2026-04-23T23:15:01,04/23/202611:15,20.61,0.0,0.0,51.739999999999995,0.0,0.0,0.0,0.8,16.0,198.7,23811.0,45046.0,18.5,22.5,73.0,29.5,18.64,210.0,0.0,0.0,
2026-04-23T23:15:42,04/23/202611:15,20.6,0.0,0.0,51.739999999999995,0.0,0.0,0.0,0.8,16.0,198.7,23811.0,45046.0,18.5,22.5,73.0,29.5,18.019,210.9,0.0,0.0,
2026-04-23T23:16:00,04/23/202611:16,20.59,0.0,0.0,51.73,0.0,0.0,0.0,0.8,16.0,198.7,23811.0,45046.0,18.5,22.5,73.0,29.5,17.398000000000003,211.8,0.0,0.0,
2026-04-23T23:17:01,04/23/202611:17,20.580000000000002,0.0,0.0,51.73,0.0,0.0,0.0,0.8,16.0,198.7,23811.0,45046.0,18.5,22.5,73.0,29.5,16.777,212.7,0.0,0.0,
2026-04-23T23:18:00,04/23/202611:18,20.580000000000002,0.0,0.0,51.739999999999995,0.0,0.0,0.0,0.8,16.0,198.7,23811.0,45046.0,18.5,22.5,73.0,29.5,16.156,213.6,0.0,0.0,
2026-04-23T23:19:01,04/23/202611:19,20.580000000000002,0.0,0.0,51.739999999999995,0.0,0.0,0.0,0.8,16.0,198.7,23811.0,45046.0,18.5,22.5,73.0,29.5,15.535,214.5,0.0,0.0,
2026-04-23T23:20:00,04/23/202611:20,20.580000000000002,0.0,0.0,51.75,0.0,0.0,0.0,0.8,16.0,198.7,23811.0,45046.0,18.5,22.5,73.0,29.5,14.913999999999998,215.4,0.0,0.0,
2026-04-23T23:21:01,04/23/202611:21,20.580000000000002,0.0,0.0,51.739999999999995,0.0,0.0,0.0,0.8,16.0,198.7,23811.0,45046.0,18.5,22.5,73.0,29.5,14.293000000000001,216.3,0.0,0.0,
2026-04-23T23:22:00,04/23/202611:22,20.580000000000002,0.0,0.0,51.73,0.0,0.0,0.0,0.8,16.0,198.7,23811.0,45046.0,18.6,22.5,73.0,29.5,13.672,217.2,0.0,0.0,
2026-04-23T23:23:01,04/23/202611:23,20.59,0.0,0.0,51.739999999999995,0.0,0.0,0.0,0.8,16.0,198.7,23811.0,45046.0,18.5,22.5,73.0,29.5,13.050999999999998,218.1,0.0,0.0,
2026-04-23T23:24:39,04/23/202611:24,20.6,0.0,0.0,51.75,0.0,0.0,0.0,0.8,16.0,198.7,23811.0,45046.0,18.5,22.5,73.0,29.5,12.43,219.0,0.0,0.0,
2026-04-23T23:25:00,04/23/202611:25,20.6,0.0,0.0,51.760000000000005,0.0,0.0,0.0,0.8,16.0,198.7,23811.0,45046.0,18.5,22.5,73.0,29.5,12.43,219.0,0.0,0.0,
2026-04-23T23:26:01,04/23/202611:26,20.6,0.0,0.0,51.760000000000005,0.0,0.0,0.0,0.8,16.0,198.7,23811.0,45046.0,18.5,22.5,73.0,29.5,12.43,219.0,0.0,0.0,
2026-04-23T23:27:00,04/23/202611:27,20.6,0.0,0.0,51.760000000000005,0.0,0.0,0.0,0.8,16.0,198.7,23811.0,45046.0,18.5,22.5,73.0,29.5,12.43,219.0,0.0,0.0,
2026-04-23T23:27:20,04/23/202611:27,20.59,0.0,0.0,51.75,0.0,0.0,0.0,0.8,16.0,198.7,23811.0,45046.0,18.6,22.5,73.0,29.5,12.43,219.0,0.0,0.0,
2026-04-23T23:28:01,04/23/202611:28,20.580000000000002,0.0,0.0,51.75,0.0,0.0,0.0,0.8,16.0,198.7,23811.0,45046.0,18.6,22.5,73.0,29.5,12.43,219.0,0.0,0.0,
2026-04-23T23:28:20,04/23/202611:28,20.580000000000002,0.0,0.0,51.739999999999995,0.0,0.0,0.0,0.8,16.0,198.7,23811.0,45046.0,18.5,22.46,73.0,29.5,12.43,219.0,0.0,0.0,
2026-04-23T23:29:31,04/23/202611:29,20.580000000000002,0.0,0.0,51.739999999999995,0.0,0.0,0.0,0.8,16.0,198.7,23811.0,45046.0,18.5,22.419999999999998,73.0,29.5,12.43,219.0,0.0,0.0,
2026-04-23T23:30:01,04/23/202611:30,20.580000000000002,0.0,0.0,51.739999999999995,0.0,0.0,0.0,0.8,16.0,198.7,23811.0,45046.0,18.5,22.380000000000003,73.0,29.5,12.15,215.5,0.0,0.0,
2026-04-23T23:31:00,04/23/202611:31,20.580000000000002,0.0,0.0,51.73,0.0,0.0,0.0,0.8,16.0,198.7,23811.0,45046.0,18.5,22.330000000000002,73.1,29.5,11.541,228.8,0.0,0.0,
2026-04-23T23:32:01,04/23/202611:32,20.580000000000002,0.0,0.0,51.720000000000006,0.0,0.0,0.0,0.8,16.0,198.7,23811.0,45046.0,18.5,22.28,73.2,29.497000000000003,10.931999999999999,242.1,0.0,0.0,
2026-04-23T23:32:32,04/23/202611:32,20.57,0.0,0.0,51.71,0.0,0.0,0.0,0.8,16.0,198.7,23811.0,45046.0,18.5,22.23,73.3,29.494,10.323,255.4,0.0,0.0,
2026-04-23T23:33:00,04/23/202611:33,20.560000000000002,0.0,0.0,51.71,0.0,0.0,0.0,0.8,16.0,198.7,23811.0,45046.0,18.5,22.18,73.4,29.490999999999996,9.714,268.7,0.0,0.0,
2026-04-23T23:33:32,04/23/202611:33,20.560000000000002,0.0,0.0,51.71,0.0,0.0,0.0,0.8,16.0,198.7,23811.0,45046.0,18.5,22.130000000000003,73.5,29.488,9.105,282.0,0.0,0.0,
2026-04-23T23:34:01,04/23/202611:34,20.57,0.0,0.0,51.720000000000006,0.0,0.0,0.0,0.8,16.0,198.7,23811.0,45046.0,18.5,22.080000000000002,73.6,29.485000000000003,8.495999999999999,295.3,0.0,0.0,
2026-04-23T23:35:51,04/23/202611:35,20.57,0.0,0.0,51.720000000000006,0.0,0.0,0.0,0.8,16.0,198.7,23811.0,45046.0,18.5,22.03,73.7,29.482,7.8870000000000005,308.6,0.0,0.0,
2026-04-23T23:36:01,04/23/202611:36,20.560000000000002,0.0,0.0,51.720000000000006,0.0,0.0,0.0,0.8,16.0,198.7,23811.0,45046.0,18.5,22.02,73.8,29.478999999999996,7.2780000000000005,321.9,0.0,0.0,
2026-04-23T23:36:36,04/23/202611:36,20.560000000000002,0.0,0.0,51.720000000000006,0.0,0.0,0.0,0.8,16.0,198.7,23811.0,45046.0,18.5,22.009999999999998,73.9,29.476,6.669,335.2,0.0,0.0,
2026-04-23T23:37:00,04/23/202611:37,20.560000000000002,0.0,0.0,51.720000000000006,0.0,0.0,0.0,0.8,16.0,198.7,23811.0,45046.0,18.5,22.0,74.0,29.473000000000003,6.34,352.0,0.0,0.0,
2026-04-23T23:38:01,04/23/202611:38,20.560000000000002,0.0,0.0,51.720000000000006,0.0,0.0,0.0,0.8,16.0,198.7,23811.0,45046.0,18.5,22.0,74.0,29.47,6.34,352.0,0.0,0.0,
2026-04-23T23:38:36,04/23/202611:38,20.55,0.0,0.0,51.720000000000006,0.0,0.0,0.0,0.8,16.0,198.7,23811.0,45046.0,18.5,22.0,74.0,29.47,6.34,352.0,0.0,0.0,
2026-04-23T23:39:00,04/23/202611:39,20.55,0.0,0.0,51.720000000000006,0.0,0.0,0.0,0.8,16.0,198.7,23811.0,45046.0,18.5,22.0,74.0,29.47,6.34,352.0,0.0,0.0,
2026-04-23T23:39:36,04/23/202611:39,20.560000000000002,0.0,0.0,51.720000000000006,0.0,0.0,0.0,0.8,16.0,198.7,23811.0,45046.0,18.5,22.0,74.0,29.47,6.34,352.0,0.0,0.0,
2026-04-23T23:40:01,04/23/202611:40,20.560000000000002,0.0,0.0,51.71,0.0,0.0,0.0,0.8,16.0,198.7,23811.0,45046.0,18.5,22.0,74.0,29.47,6.34,352.0,0.0,0.0,
2026-04-23T23:41:00,04/23/202611:41,20.560000000000002,0.0,0.0,51.71,0.0,0.0,0.0,0.8,16.0,198.7,23811.0,45046.0,18.5,22.0,74.0,29.47,6.34,352.0,0.0,0.0,
2026-04-23T23:42:00,04/23/202611:42,20.57,0.0,0.0,51.71,0.0,0.0,0.0,0.8,16.0,198.7,23811.0,45046.0,18.5,22.0,74.0,29.47,6.34,352.0,0.0,0.0,
2026-04-23T23:42:36,04/23/202611:42,20.57,0.0,0.0,51.71,0.0,0.0,0.0,0.8,16.0,198.7,23811.0,45046.0,18.5,22.0,74.0,29.47,6.34,352.0,0.0,0.0,
2026-04-23T23:43:00,04/23/202611:43,20.560000000000002,0.0,0.0,51.71,0.0,0.0,0.0,0.8,16.0,198.7,23811.0,45046.0,18.5,22.0,74.0,29.47,6.34,352.0,0.0,0.0,
2026-04-23T23:44:00,04/23/202611:44,20.55,0.0,0.0,51.71,0.0,0.0,0.0,0.8,16.0,198.7,23811.0,45046.0,18.5,22.0,74.0,29.47,6.34,352.0,0.0,0.0,
2026-04-23T23:44:36,04/23/202611:44,20.55,0.0,0.0,51.71,0.0,0.0,0.0,0.8,16.0,198.7,23811.0,45046.0,18.5,22.0,74.0,29.47,6.34,352.0,0.0,0.0,
2026-04-23T23:45:00,04/23/202611:45,20.560000000000002,0.0,0.0,51.71,0.0,0.0,0.0,0.8,16.0,198.7,23811.0,45046.0,18.5,22.0,74.0,29.47,6.34,352.0,0.0,0.0,
2026-04-23T23:47:02,04/23/202611:47,20.57,0.0,0.0,51.71,0.0,0.0,0.0,0.8,16.0,198.7,23811.0,45046.0,18.5,22.009999999999998,74.1,29.47,6.265,319.1,0.0,0.0,
2026-04-23T23:48:01,04/23/202611:48,20.57,0.0,0.0,51.71,0.0,0.0,0.0,0.8,16.0,198.7,23811.0,45046.0,18.5,22.02,74.2,29.47,6.1899999999999995,286.2,0.0,0.0,
2026-04-23T23:49:01,04/23/202611:49,20.57,0.0,0.0,51.71,0.0,0.0,0.0,0.8,16.0,198.7,23811.0,45046.0,18.5,22.03,74.3,29.47,6.115,253.3,0.0,0.0,
2026-04-23T23:50:01,04/23/202611:50,20.57,0.0,0.0,51.7,0.0,0.0,0.0,0.8,16.0,198.7,23811.0,45046.0,18.5,22.04,74.4,29.47,6.04,220.4,0.0,0.0,
2026-04-23T23:50:36,04/23/202611:50,20.560000000000002,0.0,0.0,51.7,0.0,0.0,0.0,0.8,16.0,198.7,23811.0,45046.0,18.5,22.05,74.5,29.47,5.965,187.5,0.0,0.0,
2026-04-23T23:51:01,04/23/202611:51,20.560000000000002,0.0,0.0,51.7,0.0,0.0,0.0,0.8,16.0,198.7,23811.0,45046.0,18.5,22.060000000000002,74.6,29.47,5.89,154.6,0.0,0.0,
2026-04-23T23:51:37,04/23/202611:51,20.57,0.0,0.0,51.7,0.0,0.0,0.0,0.8,16.0,198.7,23811.0,45046.0,18.5,22.07,74.7,29.47,5.8149999999999995,121.7,0.0,0.0,
2026-04-23T23:52:01,04/23/202611:52,20.580000000000002,0.0,0.0,51.7,0.0,0.0,0.0,0.8,16.0,198.7,23811.0,45046.0,18.5,22.080000000000002,74.8,29.47,5.74,88.8,0.0,0.0,
2026-04-23T23:53:01,04/23/202611:53,20.580000000000002,0.0,0.0,51.7,0.0,0.0,0.0,0.8,16.0,198.7,23811.0,45046.0,18.5,22.09,74.9,29.47,5.665,55.9,0.0,0.0,
2026-04-23T23:54:01,04/23/202611:54,20.580000000000002,0.0,0.0,51.7,0.0,0.0,0.0,0.8,16.0,198.7,23811.0,45046.0,18.5,22.1,75.0,29.47,5.59,23.0,0.0,0.0,
2026-04-23T23:54:32,04/23/202611:54,20.57,0.0,0.0,51.71,0.0,0.0,0.0,0.8,16.0,198.7,23811.0,45046.0,18.5,22.1,75.0,29.47,5.59,23.0,0.0,0.0,
2026-04-23T23:55:01,04/23/202611:55,20.560000000000002,0.0,0.0,51.720000000000006,0.0,0.0,0.0,0.8,16.0,198.7,23811.0,45046.0,18.5,22.1,75.0,29.47,5.59,23.0,0.0,0.0,
2026-04-23T23:56:32,04/23/202611:56,20.560000000000002,0.0,0.0,51.720000000000006,0.0,0.0,0.0,0.8,16.0,198.7,23811.0,45046.0,18.5,22.1,75.0,29.47,5.59,23.0,0.0,0.0,
2026-04-23T23:58:14,04/23/202611:58,20.560000000000002,0.0,0.0,51.720000000000006,0.0,0.0,0.0,0.8,16.0,198.7,23811.0,45046.0,18.5,22.1,75.0,29.47,5.59,23.0,0.0,0.0,
2026-04-23T23:59:00,04/23/202611:59,20.57,0.0,0.0,51.720000000000006,0.0,0.0,0.0,0.8,16.0,198.7,23811.0,45046.0,18.5,22.1,75.0,29.47,5.59,23.0,0.0,0.0,
2026-04-23T23:59:28,04/23/202611:59,20.59,0.0,0.0,51.720000000000006,0.0,0.0,0.0,0.8,16.0,198.7,23811.0,45046.0,18.5,22.1,75.0,29.47,5.59,23.0,0.0,0.0,
