timestamp,HMI_Timestamp,PV_Voltage_V,PV_Current_A,PV_Power_W,Battery_Voltage_V,Battery_Current_A,Battery_Power_W,Avg_Power_to_Battery_W,Daily_Energy_kWh,Daily_Charge_Ah,History_Max_Input_Voltage_V,Lifetime_Energy_Gen_kWh,Lifetime_Charge_Ah,Battery_Temp_C,Air_Temp_C,Humidity_pct,Air_Pressure_inHg,Wind_Speed_ms,Wind_Direction_deg,Solar_Irradiance_Wm2,UV_Index,Est_Efficiency
2026-04-17T00:00:14,04/17/202600:00,20.35,0.0,0.0,51.7,0.0,0.0,0.0,0.0,0.0,198.7,23768.0,44964.0,23.8,22.7,70.0,29.71,12.99,176.0,0.0,0.0,
2026-04-17T00:01:00,04/17/202600:01,20.35,0.0,0.0,51.7,0.0,0.0,0.0,0.0,0.0,198.7,23768.0,44964.0,23.8,22.7,70.0,29.71,12.99,176.0,0.0,0.0,
2026-04-17T00:02:00,04/17/202600:02,20.35,0.0,0.0,51.7,0.0,0.0,0.0,0.0,0.0,198.7,23768.0,44964.0,23.8,22.71,70.2,29.71,13.033000000000001,176.4,0.0,0.0,
2026-04-17T00:02:07,04/17/202600:02,20.35,0.0,0.0,51.7,0.0,0.0,0.0,0.0,0.0,198.7,23768.0,44964.0,23.8,22.72,70.4,29.71,13.075999999999999,176.8,0.0,0.0,
2026-04-17T00:03:00,04/17/202600:03,20.35,0.0,0.0,51.7,0.0,0.0,0.0,0.0,0.0,198.7,23768.0,44964.0,23.8,22.73,70.6,29.71,13.119,177.2,0.0,0.0,
2026-04-17T00:04:00,04/17/202600:04,20.36,0.0,0.0,51.7,0.0,0.0,0.0,0.0,0.0,198.7,23768.0,44964.0,23.8,22.740000000000002,70.8,29.71,13.162,177.6,0.0,0.0,
2026-04-17T00:05:00,04/17/202600:05,20.369999999999997,0.0,0.0,51.7,0.0,0.0,0.0,0.0,0.0,198.7,23768.0,44964.0,23.8,22.75,71.0,29.71,13.205000000000002,178.0,0.0,0.0,
2026-04-17T00:05:08,04/17/202600:05,20.36,0.0,0.0,51.7,0.0,0.0,0.0,0.0,0.0,198.7,23768.0,44964.0,23.8,22.759999999999998,71.2,29.71,13.248,178.4,0.0,0.0,
2026-04-17T00:06:00,04/17/202600:06,20.35,0.0,0.0,51.7,0.0,0.0,0.0,0.0,0.0,198.7,23768.0,44964.0,23.8,22.77,71.4,29.71,13.291,178.8,0.0,0.0,
2026-04-17T00:07:00,04/17/202600:07,20.34,0.0,0.0,51.7,0.0,0.0,0.0,0.0,0.0,198.7,23768.0,44964.0,23.8,22.78,71.6,29.71,13.334,179.2,0.0,0.0,
2026-04-17T00:07:08,04/17/202600:07,20.35,0.0,0.0,51.7,0.0,0.0,0.0,0.0,0.0,198.7,23768.0,44964.0,23.8,22.79,71.8,29.71,13.377,179.6,0.0,0.0,
2026-04-17T00:08:01,04/17/202600:08,20.36,0.0,0.0,51.7,0.0,0.0,0.0,0.0,0.0,198.7,23768.0,44964.0,23.8,22.8,72.0,29.71,13.419999999999998,180.0,0.0,0.0,
2026-04-17T00:09:00,04/17/202600:09,20.369999999999997,0.0,0.0,51.7,0.0,0.0,0.0,0.0,0.0,198.7,23768.0,44964.0,23.8,22.8,72.0,29.71,13.419999999999998,180.0,0.0,0.0,
2026-04-17T00:10:00,04/17/202600:10,20.369999999999997,0.0,0.0,51.7,0.0,0.0,0.0,0.0,0.0,198.7,23768.0,44964.0,23.8,22.8,72.0,29.71,13.419999999999998,180.0,0.0,0.0,
2026-04-17T00:11:26,04/17/202600:11,20.36,0.0,0.0,51.69,0.0,0.0,0.0,0.0,0.0,198.7,23768.0,44964.0,23.8,22.8,72.0,29.71,13.419999999999998,180.0,0.0,0.0,
2026-04-17T00:12:00,04/17/202600:12,20.35,0.0,0.0,51.68000000000001,0.0,0.0,0.0,0.0,0.0,198.7,23768.0,44964.0,23.8,22.8,72.0,29.71,13.419999999999998,180.0,0.0,0.0,
2026-04-17T00:13:01,04/17/202600:13,20.34,0.0,0.0,51.67,0.0,0.0,0.0,0.0,0.0,198.7,23768.0,44964.0,23.8,22.8,72.0,29.71,13.419999999999998,180.0,0.0,0.0,
2026-04-17T00:13:08,04/17/202600:13,20.35,0.0,0.0,51.67,0.0,0.0,0.0,0.0,0.0,198.7,23768.0,44964.0,23.9,22.8,72.0,29.71,13.419999999999998,180.0,0.0,0.0,
2026-04-17T00:14:00,04/17/202600:14,20.36,0.0,0.0,51.67,0.0,0.0,0.0,0.0,0.0,198.7,23768.0,44964.0,23.9,22.8,72.0,29.71,13.419999999999998,180.0,0.0,0.0,
2026-04-17T00:15:01,04/17/202600:15,20.369999999999997,0.0,0.0,51.67,0.0,0.0,0.0,0.0,0.0,198.7,23768.0,44964.0,23.8,22.8,72.0,29.71,13.419999999999998,180.0,0.0,0.0,
2026-04-17T00:15:08,04/17/202600:15,20.36,0.0,0.0,51.67,0.0,0.0,0.0,0.0,0.0,198.7,23768.0,44964.0,23.8,22.8,72.0,29.71,13.419999999999998,180.0,0.0,0.0,
2026-04-17T00:16:01,04/17/202600:16,20.35,0.0,0.0,51.67,0.0,0.0,0.0,0.0,0.0,198.7,23768.0,44964.0,23.8,22.8,72.0,29.71,13.419999999999998,180.0,0.0,0.0,
2026-04-17T00:16:08,04/17/202600:16,20.35,0.0,0.0,51.67,0.0,0.0,0.0,0.0,0.0,198.7,23768.0,44964.0,23.8,22.79,72.1,29.71,13.377,180.0,0.0,0.0,
2026-04-17T00:17:00,04/17/202600:17,20.35,0.0,0.0,51.67,0.0,0.0,0.0,0.0,0.0,198.7,23768.0,44964.0,23.8,22.78,72.2,29.71,13.334,180.0,0.0,0.0,
2026-04-17T00:18:01,04/17/202600:18,20.36,0.0,0.0,51.68000000000001,0.0,0.0,0.0,0.0,0.0,198.7,23768.0,44964.0,23.8,22.77,72.3,29.71,13.291,180.0,0.0,0.0,
2026-04-17T00:18:08,04/17/202600:18,20.36,0.0,0.0,51.69,0.0,0.0,0.0,0.0,0.0,198.7,23768.0,44964.0,23.8,22.759999999999998,72.4,29.71,13.248,180.0,0.0,0.0,
2026-04-17T00:19:01,04/17/202600:19,20.36,0.0,0.0,51.7,0.0,0.0,0.0,0.0,0.0,198.7,23768.0,44964.0,23.8,22.75,72.5,29.71,13.205000000000002,180.0,0.0,0.0,
2026-04-17T00:19:08,04/17/202600:19,20.36,0.0,0.0,51.7,0.0,0.0,0.0,0.0,0.0,198.7,23768.0,44964.0,23.8,22.740000000000002,72.6,29.71,13.162,180.0,0.0,0.0,
2026-04-17T00:19:51,04/17/202600:19,20.35,0.0,0.0,51.7,0.0,0.0,0.0,0.0,0.0,198.7,23768.0,44964.0,23.8,22.73,72.7,29.71,13.119,180.0,0.0,0.0,
2026-04-17T00:20:00,04/17/202600:20,20.34,0.0,0.0,51.7,0.0,0.0,0.0,0.0,0.0,198.7,23768.0,44964.0,23.8,22.72,72.8,29.71,13.075999999999999,180.0,0.0,0.0,
2026-04-17T00:20:52,04/17/202600:20,20.35,0.0,0.0,51.7,0.0,0.0,0.0,0.0,0.0,198.7,23768.0,44964.0,23.9,22.71,72.9,29.71,13.033000000000001,180.0,0.0,0.0,
2026-04-17T00:21:01,04/17/202600:21,20.36,0.0,0.0,51.7,0.0,0.0,0.0,0.0,0.0,198.7,23768.0,44964.0,23.9,22.7,73.0,29.71,12.99,180.0,0.0,0.0,
2026-04-17T00:22:39,04/17/202600:22,20.35,0.0,0.0,51.7,0.0,0.0,0.0,0.0,0.0,198.7,23768.0,44964.0,23.8,22.7,73.0,29.71,12.99,180.0,0.0,0.0,
2026-04-17T00:22:52,04/17/202600:22,20.35,0.0,0.0,51.69,0.0,0.0,0.0,0.0,0.0,198.7,23768.0,44964.0,23.8,22.7,73.0,29.71,12.99,180.0,0.0,0.0,
2026-04-17T00:23:00,04/17/202600:23,20.35,0.0,0.0,51.68000000000001,0.0,0.0,0.0,0.0,0.0,198.7,23768.0,44964.0,23.8,22.7,73.0,29.71,12.99,180.0,0.0,0.0,
2026-04-17T00:24:00,04/17/202600:24,20.36,0.0,0.0,51.68000000000001,0.0,0.0,0.0,0.0,0.0,198.7,23768.0,44964.0,23.8,22.7,73.0,29.71,12.99,180.0,0.0,0.0,
2026-04-17T00:25:00,04/17/202600:25,20.369999999999997,0.0,0.0,51.67,0.0,0.0,0.0,0.0,0.0,198.7,23768.0,44964.0,23.8,22.7,73.0,29.71,12.99,180.0,0.0,0.0,
2026-04-17T00:26:01,04/17/202600:26,20.369999999999997,0.0,0.0,51.67,0.0,0.0,0.0,0.0,0.0,198.7,23768.0,44964.0,23.8,22.7,73.0,29.71,12.99,180.0,0.0,0.0,
2026-04-17T00:27:00,04/17/202600:27,20.38,0.0,0.0,51.67,0.0,0.0,0.0,0.0,0.0,198.7,23768.0,44964.0,23.8,22.7,73.0,29.71,12.99,180.0,0.0,0.0,
2026-04-17T00:28:00,04/17/202600:28,20.389999999999997,0.0,0.0,51.67,0.0,0.0,0.0,0.0,0.0,198.7,23768.0,44964.0,23.8,22.7,73.0,29.71,12.99,180.0,0.0,0.0,
2026-04-17T00:28:51,04/17/202600:28,20.38,0.0,0.0,51.67,0.0,0.0,0.0,0.0,0.0,198.7,23768.0,44964.0,23.8,22.75,73.0,29.71,12.99,180.0,0.0,0.0,
2026-04-17T00:29:01,04/17/202600:29,20.369999999999997,0.0,0.0,51.67,0.0,0.0,0.0,0.0,0.0,198.7,23768.0,44964.0,23.8,22.8,73.0,29.71,12.99,180.0,0.0,0.0,
2026-04-17T00:29:52,04/17/202600:29,20.38,0.0,0.0,51.67,0.0,0.0,0.0,0.0,0.0,198.7,23768.0,44964.0,23.8,22.85,73.0,29.71,12.99,180.0,0.0,0.0,
2026-04-17T00:30:00,04/17/202600:30,20.38,0.0,0.0,51.68000000000001,0.0,0.0,0.0,0.0,0.0,198.7,23768.0,44964.0,23.8,22.9,73.0,29.71,12.99,180.0,0.0,0.0,
2026-04-17T00:31:01,04/17/202600:31,20.38,0.0,0.0,51.69,0.0,0.0,0.0,0.0,0.0,198.7,23768.0,44964.0,23.8,22.95,73.0,29.71,13.058000000000002,180.3,0.0,0.0,
2026-04-17T00:31:52,04/17/202600:31,20.369999999999997,0.0,0.0,51.69,0.0,0.0,0.0,0.0,0.0,198.7,23768.0,44964.0,23.8,23.0,73.0,29.71,13.126,180.6,0.0,0.0,
2026-04-17T00:32:00,04/17/202600:32,20.36,0.0,0.0,51.7,0.0,0.0,0.0,0.0,0.0,198.7,23768.0,44964.0,23.8,23.05,73.0,29.71,13.193999999999999,180.9,0.0,0.0,
2026-04-17T00:33:50,04/17/202600:33,20.35,0.0,0.0,51.7,0.0,0.0,0.0,0.0,0.0,198.7,23768.0,44964.0,23.8,23.1,73.0,29.71,13.262,181.2,0.0,0.0,
2026-04-17T00:33:52,04/17/202600:33,20.35,0.0,0.0,51.7,0.0,0.0,0.0,0.0,0.0,198.7,23768.0,44964.0,23.8,23.15,73.0,29.707,13.330000000000002,181.5,0.0,0.0,
2026-04-17T00:34:01,04/17/202600:34,20.35,0.0,0.0,51.7,0.0,0.0,0.0,0.0,0.0,198.7,23768.0,44964.0,23.8,23.2,73.0,29.704,13.398,181.8,0.0,0.0,
2026-04-17T00:34:52,04/17/202600:34,20.35,0.0,0.0,51.7,0.0,0.0,0.0,0.0,0.0,198.7,23768.0,44964.0,23.8,23.2,72.9,29.701,13.466,182.1,0.0,0.0,
2026-04-17T00:35:01,04/17/202600:35,20.35,0.0,0.0,51.7,0.0,0.0,0.0,0.0,0.0,198.7,23768.0,44964.0,23.8,23.2,72.8,29.698,13.534,182.4,0.0,0.0,
2026-04-17T00:35:51,04/17/202600:35,20.35,0.0,0.0,51.7,0.0,0.0,0.0,0.0,0.0,198.7,23768.0,44964.0,23.8,23.2,72.7,29.695,13.602,182.7,0.0,0.0,
2026-04-17T00:36:00,04/17/202600:36,20.35,0.0,0.0,51.7,0.0,0.0,0.0,0.0,0.0,198.7,23768.0,44964.0,23.8,23.2,72.6,29.692,13.669999999999998,183.0,0.0,0.0,
2026-04-17T00:36:51,04/17/202600:36,20.34,0.0,0.0,51.7,0.0,0.0,0.0,0.0,0.0,198.7,23768.0,44964.0,23.8,23.2,72.5,29.689,13.669999999999998,183.0,0.0,0.0,
2026-04-17T00:37:01,04/17/202600:37,20.34,0.0,0.0,51.7,0.0,0.0,0.0,0.0,0.0,198.7,23768.0,44964.0,23.8,23.2,72.4,29.686,13.669999999999998,183.0,0.0,0.0,
2026-04-17T00:38:01,04/17/202600:38,20.34,0.0,0.0,51.7,0.0,0.0,0.0,0.0,0.0,198.7,23768.0,44964.0,23.8,23.2,72.3,29.683,13.669999999999998,183.0,0.0,0.0,
2026-04-17T00:38:52,04/17/202600:38,20.35,0.0,0.0,51.69,0.0,0.0,0.0,0.0,0.0,198.7,23768.0,44964.0,23.8,23.2,72.2,29.68,13.669999999999998,183.0,0.0,0.0,
2026-04-17T00:39:00,04/17/202600:39,20.35,0.0,0.0,51.68000000000001,0.0,0.0,0.0,0.0,0.0,198.7,23768.0,44964.0,23.8,23.2,72.1,29.68,13.669999999999998,183.0,0.0,0.0,
2026-04-17T00:39:49,04/17/202600:39,20.34,0.0,0.0,51.68000000000001,0.0,0.0,0.0,0.0,0.0,198.7,23768.0,44964.0,23.8,23.2,72.0,29.68,13.669999999999998,183.0,0.0,0.0,
2026-04-17T00:40:01,04/17/202600:40,20.34,0.0,0.0,51.68000000000001,0.0,0.0,0.0,0.0,0.0,198.7,23768.0,44964.0,23.8,23.2,72.0,29.68,13.669999999999998,183.0,0.0,0.0,
2026-04-17T00:41:01,04/17/202600:41,20.34,0.0,0.0,51.68000000000001,0.0,0.0,0.0,0.0,0.0,198.7,23768.0,44964.0,23.8,23.2,72.0,29.68,13.669999999999998,183.0,0.0,0.0,
2026-04-17T00:41:49,04/17/202600:41,20.34,0.0,0.0,51.68000000000001,0.0,0.0,0.0,0.0,0.0,198.7,23768.0,44964.0,23.8,23.2,72.0,29.68,13.669999999999998,183.0,0.0,0.0,
2026-04-17T00:42:00,04/17/202600:42,20.34,0.0,0.0,51.68000000000001,0.0,0.0,0.0,0.0,0.0,198.7,23768.0,44964.0,23.8,23.2,72.0,29.68,13.669999999999998,183.0,0.0,0.0,
2026-04-17T00:42:50,04/17/202600:42,20.34,0.0,0.0,51.68000000000001,0.0,0.0,0.0,0.0,0.0,198.7,23768.0,44964.0,23.8,23.2,72.0,29.68,13.669999999999998,183.0,0.0,0.0,
2026-04-17T00:43:01,04/17/202600:43,20.34,0.0,0.0,51.68000000000001,0.0,0.0,0.0,0.0,0.0,198.7,23768.0,44964.0,23.8,23.2,72.0,29.68,13.669999999999998,183.0,0.0,0.0,
2026-04-17T00:45:02,04/17/202600:45,20.35,0.0,0.0,51.68000000000001,0.0,0.0,0.0,0.0,0.0,198.7,23768.0,44964.0,23.8,23.2,72.0,29.68,13.669999999999998,183.0,0.0,0.0,
2026-04-17T00:46:01,04/17/202600:46,20.35,0.0,0.0,51.69,0.0,0.0,0.0,0.0,0.0,198.7,23768.0,44964.0,23.8,23.18,72.1,29.68,13.688999999999998,182.8,0.0,0.0,
2026-04-17T00:47:00,04/17/202600:47,20.35,0.0,0.0,51.69,0.0,0.0,0.0,0.0,0.0,198.7,23768.0,44964.0,23.8,23.16,72.2,29.68,13.707999999999998,182.6,0.0,0.0,
2026-04-17T00:47:50,04/17/202600:47,20.35,0.0,0.0,51.69,0.0,0.0,0.0,0.0,0.0,198.7,23768.0,44964.0,23.8,23.14,72.3,29.68,13.727,182.4,0.0,0.0,
2026-04-17T00:48:01,04/17/202600:48,20.35,0.0,0.0,51.69,0.0,0.0,0.0,0.0,0.0,198.7,23768.0,44964.0,23.8,23.119999999999997,72.4,29.68,13.746,182.2,0.0,0.0,
2026-04-17T00:49:01,04/17/202600:49,20.35,0.0,0.0,51.69,0.0,0.0,0.0,0.0,0.0,198.7,23768.0,44964.0,23.8,23.1,72.5,29.68,13.765,182.0,0.0,0.0,
2026-04-17T00:50:01,04/17/202600:50,20.34,0.0,0.0,51.68000000000001,0.0,0.0,0.0,0.0,0.0,198.7,23768.0,44964.0,23.8,23.080000000000002,72.6,29.68,13.784,181.8,0.0,0.0,
2026-04-17T00:51:01,04/17/202600:51,20.330000000000002,0.0,0.0,51.68000000000001,0.0,0.0,0.0,0.0,0.0,198.7,23768.0,44964.0,23.8,23.06,72.7,29.68,13.803,181.6,0.0,0.0,
2026-04-17T00:52:00,04/17/202600:52,20.330000000000002,0.0,0.0,51.67,0.0,0.0,0.0,0.0,0.0,198.7,23768.0,44964.0,23.8,23.04,72.8,29.68,13.822,181.4,0.0,0.0,
2026-04-17T00:52:16,04/17/202600:52,20.34,0.0,0.0,51.67,0.0,0.0,0.0,0.0,0.0,198.7,23768.0,44964.0,23.8,23.02,72.9,29.68,13.841,181.2,0.0,0.0,
2026-04-17T00:53:01,04/17/202600:53,20.34,0.0,0.0,51.67,0.0,0.0,0.0,0.0,0.0,198.7,23768.0,44964.0,23.8,23.0,73.0,29.68,13.86,181.0,0.0,0.0,
2026-04-17T00:53:15,04/17/202600:53,20.330000000000002,0.0,0.0,51.660000000000004,0.0,0.0,0.0,0.0,0.0,198.7,23768.0,44964.0,23.8,23.0,73.0,29.68,13.86,181.0,0.0,0.0,
2026-04-17T00:54:01,04/17/202600:54,20.32,0.0,0.0,51.660000000000004,0.0,0.0,0.0,0.0,0.0,198.7,23768.0,44964.0,23.8,23.0,73.0,29.68,13.86,181.0,0.0,0.0,
2026-04-17T00:54:16,04/17/202600:54,20.330000000000002,0.0,0.0,51.65,0.0,0.0,0.0,0.0,0.0,198.7,23768.0,44964.0,23.8,23.0,73.0,29.68,13.86,181.0,0.0,0.0,
2026-04-17T00:56:14,04/17/202600:56,20.330000000000002,0.0,0.0,51.65,0.0,0.0,0.0,0.0,0.0,198.7,23768.0,44964.0,23.8,23.0,73.0,29.68,13.86,181.0,0.0,0.0,
2026-04-17T00:56:15,04/17/202600:56,20.34,0.0,0.0,51.64,0.0,0.0,0.0,0.0,0.0,198.7,23768.0,44964.0,23.8,23.0,73.0,29.68,13.86,181.0,0.0,0.0,
2026-04-17T00:57:01,04/17/202600:57,20.35,0.0,0.0,51.64,0.0,0.0,0.0,0.0,0.0,198.7,23768.0,44964.0,23.8,23.0,73.0,29.68,13.86,181.0,0.0,0.0,
2026-04-17T00:57:15,04/17/202600:57,20.35,0.0,0.0,51.64,0.0,0.0,0.0,0.0,0.0,198.7,23768.0,44964.0,23.8,23.0,73.0,29.68,13.86,181.0,0.0,0.0,
2026-04-17T00:58:01,04/17/202600:58,20.35,0.0,0.0,51.65,0.0,0.0,0.0,0.0,0.0,198.7,23768.0,44964.0,23.8,23.0,73.0,29.68,13.86,181.0,0.0,0.0,
2026-04-17T00:58:15,04/17/202600:58,20.35,0.0,0.0,51.65,0.0,0.0,0.0,0.0,0.0,198.7,23768.0,44964.0,23.8,23.0,73.0,29.68,13.86,181.0,0.0,0.0,
2026-04-17T00:59:01,04/17/202600:59,20.35,0.0,0.0,51.65,0.0,0.0,0.0,0.0,0.0,198.7,23768.0,44964.0,23.8,23.0,73.0,29.68,13.86,181.0,0.0,0.0,
2026-04-17T01:00:01,04/17/202601:00,20.36,0.0,0.0,51.65,0.0,0.0,0.0,0.0,0.0,198.7,23768.0,44964.0,23.8,23.0,73.0,29.68,13.86,181.0,0.0,0.0,
2026-04-17T01:00:15,04/17/202601:00,20.36,0.0,0.0,51.660000000000004,0.0,0.0,0.0,0.0,0.0,198.7,23768.0,44964.0,23.8,23.0,73.0,29.68,13.86,181.0,0.0,0.0,
2026-04-17T01:01:01,04/17/202601:01,20.35,0.0,0.0,51.67,0.0,0.0,0.0,0.0,0.0,198.7,23768.0,44964.0,23.8,23.0,73.0,29.68,13.86,181.0,0.0,0.0,
2026-04-17T01:02:01,04/17/202601:02,20.35,0.0,0.0,51.660000000000004,0.0,0.0,0.0,0.0,0.0,198.7,23768.0,44964.0,23.8,22.98,73.0,29.68,13.841,180.6,0.0,0.0,
2026-04-17T01:02:15,04/17/202601:02,20.35,0.0,0.0,51.660000000000004,0.0,0.0,0.0,0.0,0.0,198.7,23768.0,44964.0,23.8,22.96,73.0,29.68,13.822,180.2,0.0,0.0,
2026-04-17T01:03:01,04/17/202601:03,20.35,0.0,0.0,51.660000000000004,0.0,0.0,0.0,0.0,0.0,198.7,23768.0,44964.0,23.8,22.94,73.0,29.68,13.803,179.8,0.0,0.0,
2026-04-17T01:04:01,04/17/202601:04,20.36,0.0,0.0,51.660000000000004,0.0,0.0,0.0,0.0,0.0,198.7,23768.0,44964.0,23.8,22.919999999999998,73.0,29.68,13.784,179.4,0.0,0.0,
2026-04-17T01:04:15,04/17/202601:04,20.36,0.0,0.0,51.660000000000004,0.0,0.0,0.0,0.0,0.0,198.7,23768.0,44964.0,23.8,22.9,73.0,29.68,13.765,179.0,0.0,0.0,
2026-04-17T01:09:48,04/17/202601:09,20.36,0.0,0.0,51.65,0.0,0.0,0.0,0.0,0.0,198.7,23768.0,44964.0,23.8,22.880000000000003,73.0,29.68,13.746,178.6,0.0,0.0,
2026-04-17T01:10:00,04/17/202601:10,20.36,0.0,0.0,51.64,0.0,0.0,0.0,0.0,0.0,198.7,23768.0,44964.0,23.8,22.86,73.0,29.68,13.727,178.2,0.0,0.0,
2026-04-17T01:11:01,04/17/202601:11,20.36,0.0,0.0,51.64,0.0,0.0,0.0,0.0,0.0,198.7,23768.0,44964.0,23.8,22.84,73.0,29.68,13.707999999999998,177.8,0.0,0.0,
2026-04-17T01:11:48,04/17/202601:11,20.36,0.0,0.0,51.64,0.0,0.0,0.0,0.0,0.0,198.7,23768.0,44964.0,23.8,22.82,73.0,29.68,13.688999999999998,177.4,0.0,0.0,
2026-04-17T01:12:00,04/17/202601:12,20.36,0.0,0.0,51.64,0.0,0.0,0.0,0.0,0.0,198.7,23768.0,44964.0,23.8,22.8,73.0,29.68,13.669999999999998,177.0,0.0,0.0,
2026-04-17T01:12:49,04/17/202601:12,20.369999999999997,0.0,0.0,51.64,0.0,0.0,0.0,0.0,0.0,198.7,23768.0,44964.0,23.8,22.8,73.0,29.68,13.669999999999998,177.0,0.0,0.0,
2026-04-17T01:13:00,04/17/202601:13,20.369999999999997,0.0,0.0,51.64,0.0,0.0,0.0,0.0,0.0,198.7,23768.0,44964.0,23.8,22.8,73.0,29.68,13.669999999999998,177.0,0.0,0.0,
2026-04-17T01:14:01,04/17/202601:14,20.369999999999997,0.0,0.0,51.64,0.0,0.0,0.0,0.0,0.0,198.7,23768.0,44964.0,23.8,22.8,73.0,29.68,13.669999999999998,177.0,0.0,0.0,
2026-04-17T01:15:00,04/17/202601:15,20.369999999999997,0.0,0.0,51.64,0.0,0.0,0.0,0.0,0.0,198.7,23768.0,44964.0,23.8,22.8,73.0,29.68,13.669999999999998,177.0,0.0,0.0,
2026-04-17T01:15:27,04/17/202601:15,20.369999999999997,0.0,0.0,51.64,0.0,0.0,0.0,0.0,0.0,198.7,23768.0,44964.0,23.8,22.78,73.1,29.68,13.651,176.8,0.0,0.0,
2026-04-17T01:16:00,04/17/202601:16,20.36,0.0,0.0,51.65,0.0,0.0,0.0,0.0,0.0,198.7,23768.0,44964.0,23.8,22.76,73.2,29.68,13.632,176.6,0.0,0.0,
2026-04-17T01:16:27,04/17/202601:16,20.36,0.0,0.0,51.65,0.0,0.0,0.0,0.0,0.0,198.7,23768.0,44964.0,23.8,22.740000000000002,73.3,29.68,13.613,176.4,0.0,0.0,
2026-04-17T01:17:01,04/17/202601:17,20.36,0.0,0.0,51.65,0.0,0.0,0.0,0.0,0.0,198.7,23768.0,44964.0,23.8,22.720000000000002,73.4,29.68,13.594,176.2,0.0,0.0,
2026-04-17T01:18:00,04/17/202601:18,20.369999999999997,0.0,0.0,51.65,0.0,0.0,0.0,0.0,0.0,198.7,23768.0,44964.0,23.8,22.7,73.5,29.68,13.575,176.0,0.0,0.0,
2026-04-17T01:19:00,04/17/202601:19,20.38,0.0,0.0,51.65,0.0,0.0,0.0,0.0,0.0,198.7,23768.0,44964.0,23.8,22.68,73.6,29.68,13.556000000000001,175.8,0.0,0.0,
2026-04-17T01:20:27,04/17/202601:20,20.369999999999997,0.0,0.0,51.660000000000004,0.0,0.0,0.0,0.0,0.0,198.7,23768.0,44964.0,23.8,22.660000000000004,73.7,29.68,13.537,175.6,0.0,0.0,
2026-04-17T01:21:00,04/17/202601:21,20.36,0.0,0.0,51.660000000000004,0.0,0.0,0.0,0.0,0.0,198.7,23768.0,44964.0,23.8,22.64,73.8,29.68,13.518,175.4,0.0,0.0,
2026-04-17T01:22:01,04/17/202601:22,20.35,0.0,0.0,51.67,0.0,0.0,0.0,0.0,0.0,198.7,23768.0,44964.0,23.8,22.62,73.9,29.68,13.499,175.2,0.0,0.0,
2026-04-17T01:23:00,04/17/202601:23,20.34,0.0,0.0,51.67,0.0,0.0,0.0,0.0,0.0,198.7,23768.0,44964.0,23.8,22.6,74.0,29.68,13.48,175.0,0.0,0.0,
2026-04-17T01:23:04,04/17/202601:23,20.35,0.0,0.0,51.660000000000004,0.0,0.0,0.0,0.0,0.0,198.7,23768.0,44964.0,23.8,22.6,74.0,29.68,13.48,175.0,0.0,0.0,
2026-04-17T01:24:00,04/17/202601:24,20.36,0.0,0.0,51.65,0.0,0.0,0.0,0.0,0.0,198.7,23768.0,44964.0,23.8,22.6,74.0,29.68,13.48,175.0,0.0,0.0,
2026-04-17T01:25:01,04/17/202601:25,20.36,0.0,0.0,51.65,0.0,0.0,0.0,0.0,0.0,198.7,23768.0,44964.0,23.8,22.6,74.0,29.68,13.48,175.0,0.0,0.0,
2026-04-17T01:26:01,04/17/202601:26,20.36,0.0,0.0,51.65,0.0,0.0,0.0,0.0,0.0,198.7,23768.0,44964.0,23.8,22.6,74.0,29.68,13.48,175.0,0.0,0.0,
2026-04-17T01:26:04,04/17/202601:26,20.35,0.0,0.0,51.64,0.0,0.0,0.0,0.0,0.0,198.7,23768.0,44964.0,23.8,22.6,74.0,29.68,13.48,175.0,0.0,0.0,
2026-04-17T01:27:00,04/17/202601:27,20.34,0.0,0.0,51.63000000000001,0.0,0.0,0.0,0.0,0.0,198.7,23768.0,44964.0,23.8,22.6,74.0,29.68,13.48,175.0,0.0,0.0,
2026-04-17T01:28:01,04/17/202601:28,20.34,0.0,0.0,51.620000000000005,0.0,0.0,0.0,0.0,0.0,198.7,23768.0,44964.0,23.8,22.6,74.0,29.68,13.48,175.0,0.0,0.0,
2026-04-17T01:28:04,04/17/202601:28,20.35,0.0,0.0,51.620000000000005,0.0,0.0,0.0,0.0,0.0,198.7,23768.0,44964.0,23.8,22.6,74.0,29.68,13.48,175.0,0.0,0.0,
2026-04-17T01:29:00,04/17/202601:29,20.36,0.0,0.0,51.61,0.0,0.0,0.0,0.0,0.0,198.7,23768.0,44964.0,23.8,22.6,74.0,29.68,13.48,175.0,0.0,0.0,
2026-04-17T01:29:31,04/17/202601:29,20.36,0.0,0.0,51.6,0.0,0.0,0.0,0.0,0.0,198.7,23768.0,44964.0,23.8,22.6,74.0,29.68,13.48,175.0,0.0,0.0,
2026-04-17T01:30:00,04/17/202601:30,20.35,0.0,0.0,51.6,0.0,0.0,0.0,0.0,0.0,198.7,23768.0,44964.0,23.8,22.6,74.0,29.68,13.48,175.0,0.0,0.0,
2026-04-17T01:31:38,04/17/202601:31,20.35,0.0,0.0,51.6,0.0,0.0,0.0,0.0,0.0,198.7,23768.0,44964.0,23.8,22.610000000000003,74.1,29.68,13.449000000000002,175.6,0.0,0.0,
2026-04-17T01:32:00,04/17/202601:32,20.35,0.0,0.0,51.6,0.0,0.0,0.0,0.0,0.0,198.7,23768.0,44964.0,23.8,22.62,74.2,29.68,13.418000000000001,176.2,0.0,0.0,
2026-04-17T01:32:31,04/17/202601:32,20.34,0.0,0.0,51.61,0.0,0.0,0.0,0.0,0.0,198.7,23768.0,44964.0,23.8,22.630000000000003,74.3,29.68,13.524000000000001,177.1,0.0,0.0,
2026-04-17T01:33:01,04/17/202601:33,20.34,0.0,0.0,51.620000000000005,0.0,0.0,0.0,0.0,0.0,198.7,23768.0,44964.0,23.8,22.64,74.4,29.68,13.63,178.0,0.0,0.0,
2026-04-17T01:34:01,04/17/202601:34,20.34,0.0,0.0,51.620000000000005,0.0,0.0,0.0,0.0,0.0,198.7,23768.0,44964.0,23.8,22.65,74.5,29.68,13.736,178.9,0.0,0.0,
2026-04-17T01:35:00,04/17/202601:35,20.34,0.0,0.0,51.620000000000005,0.0,0.0,0.0,0.0,0.0,198.7,23768.0,44964.0,23.8,22.66,74.6,29.68,13.841999999999999,179.8,0.0,0.0,
2026-04-17T01:36:01,04/17/202601:36,20.330000000000002,0.0,0.0,51.620000000000005,0.0,0.0,0.0,0.0,0.0,198.7,23768.0,44964.0,23.8,22.669999999999998,74.7,29.68,13.947999999999999,180.7,0.0,0.0,
2026-04-17T01:37:01,04/17/202601:37,20.32,0.0,0.0,51.620000000000005,0.0,0.0,0.0,0.0,0.0,198.7,23768.0,44964.0,23.8,22.68,74.8,29.68,14.053999999999998,181.6,0.0,0.0,
2026-04-17T01:37:31,04/17/202601:37,20.330000000000002,0.0,0.0,51.63000000000001,0.0,0.0,0.0,0.0,0.0,198.7,23768.0,44964.0,23.8,22.69,74.7,29.68,14.16,182.5,0.0,0.0,
2026-04-17T01:38:01,04/17/202601:38,20.34,0.0,0.0,51.64,0.0,0.0,0.0,0.0,0.0,198.7,23768.0,44964.0,23.8,22.7,74.6,29.68,14.266,183.4,0.0,0.0,
2026-04-17T01:39:01,04/17/202601:39,20.34,0.0,0.0,51.64,0.0,0.0,0.0,0.0,0.0,198.7,23768.0,44964.0,23.8,22.7,74.4,29.68,14.403,183.7,0.0,0.0,
2026-04-17T01:39:32,04/17/202601:39,20.330000000000002,0.0,0.0,51.64,0.0,0.0,0.0,0.0,0.0,198.7,23768.0,44964.0,23.8,22.7,74.2,29.68,14.539999999999997,184.0,0.0,0.0,
2026-04-17T01:40:01,04/17/202601:40,20.330000000000002,0.0,0.0,51.63000000000001,0.0,0.0,0.0,0.0,0.0,198.7,23768.0,44964.0,23.8,22.7,74.0,29.68,14.539999999999997,184.0,0.0,0.0,
2026-04-17T01:41:01,04/17/202601:41,20.330000000000002,0.0,0.0,51.620000000000005,0.0,0.0,0.0,0.0,0.0,198.7,23768.0,44964.0,23.8,22.7,73.8,29.68,14.539999999999997,184.0,0.0,0.0,
2026-04-17T01:42:50,04/17/202601:42,20.34,0.0,0.0,51.620000000000005,0.0,0.0,0.0,0.0,0.0,198.7,23768.0,44964.0,23.7,22.7,73.6,29.68,14.539999999999997,184.0,0.0,0.0,
2026-04-17T01:43:01,04/17/202601:43,20.35,0.0,0.0,51.620000000000005,0.0,0.0,0.0,0.0,0.0,198.7,23768.0,44964.0,23.7,22.7,73.4,29.68,14.539999999999997,184.0,0.0,0.0,
2026-04-17T01:44:01,04/17/202601:44,20.36,0.0,0.0,51.620000000000005,0.0,0.0,0.0,0.0,0.0,198.7,23768.0,44964.0,23.8,22.7,73.2,29.68,14.539999999999997,184.0,0.0,0.0,
2026-04-17T01:44:08,04/17/202601:44,20.36,0.0,0.0,51.620000000000005,0.0,0.0,0.0,0.0,0.0,198.7,23768.0,44964.0,23.8,22.7,73.0,29.68,14.539999999999997,184.0,0.0,0.0,
2026-04-17T01:45:00,04/17/202601:45,20.35,0.0,0.0,51.61,0.0,0.0,0.0,0.0,0.0,198.7,23768.0,44964.0,23.8,22.7,73.0,29.68,14.539999999999997,184.0,0.0,0.0,
2026-04-17T01:45:08,04/17/202601:45,20.35,0.0,0.0,51.6,0.0,0.0,0.0,0.0,0.0,198.7,23768.0,44964.0,23.8,22.7,73.0,29.68,14.539999999999997,184.0,0.0,0.0,
2026-04-17T01:46:01,04/17/202601:46,20.35,0.0,0.0,51.6,0.0,0.0,0.0,0.0,0.0,198.7,23768.0,44964.0,23.8,22.7,73.0,29.68,14.539999999999997,184.0,0.0,0.0,
2026-04-17T01:47:00,04/17/202601:47,20.36,0.0,0.0,51.6,0.0,0.0,0.0,0.0,0.0,198.7,23768.0,44964.0,23.8,22.68,73.1,29.68,14.514999999999997,183.7,0.0,0.0,
2026-04-17T01:48:00,04/17/202601:48,20.369999999999997,0.0,0.0,51.6,0.0,0.0,0.0,0.0,0.0,198.7,23768.0,44964.0,23.7,22.66,73.2,29.68,14.489999999999998,183.4,0.0,0.0,
2026-04-17T01:48:12,04/17/202601:48,20.369999999999997,0.0,0.0,51.6,0.0,0.0,0.0,0.0,0.0,198.7,23768.0,44964.0,23.7,22.64,73.3,29.68,14.464999999999998,183.1,0.0,0.0,
2026-04-17T01:49:01,04/17/202601:49,20.36,0.0,0.0,51.6,0.0,0.0,0.0,0.0,0.0,198.7,23768.0,44964.0,23.7,22.619999999999997,73.4,29.68,14.439999999999998,182.8,0.0,0.0,
2026-04-17T01:49:13,04/17/202601:49,20.36,0.0,0.0,51.6,0.0,0.0,0.0,0.0,0.0,198.7,23768.0,44964.0,23.7,22.6,73.5,29.68,14.414999999999997,182.5,0.0,0.0,
2026-04-17T01:50:00,04/17/202601:50,20.36,0.0,0.0,51.6,0.0,0.0,0.0,0.0,0.0,198.7,23768.0,44964.0,23.7,22.580000000000002,73.6,29.68,14.389999999999997,182.2,0.0,0.0,
2026-04-17T01:51:00,04/17/202601:51,20.369999999999997,0.0,0.0,51.6,0.0,0.0,0.0,0.0,0.0,198.7,23768.0,44964.0,23.7,22.56,73.7,29.68,14.364999999999998,181.9,0.0,0.0,
2026-04-17T01:52:01,04/17/202601:52,20.38,0.0,0.0,51.6,0.0,0.0,0.0,0.0,0.0,198.7,23768.0,44964.0,23.8,22.54,73.8,29.68,14.339999999999998,181.6,0.0,0.0,
2026-04-17T01:52:13,04/17/202601:52,20.369999999999997,0.0,0.0,51.6,0.0,0.0,0.0,0.0,0.0,198.7,23768.0,44964.0,23.7,22.52,73.9,29.68,14.314999999999998,181.3,0.0,0.0,
2026-04-17T01:54:01,04/17/202601:54,20.36,0.0,0.0,51.61,0.0,0.0,0.0,0.0,0.0,198.7,23768.0,44964.0,23.8,22.5,74.0,29.68,14.289999999999997,181.0,0.0,0.0,
2026-04-17T01:54:12,04/17/202601:54,20.36,0.0,0.0,51.6,0.0,0.0,0.0,0.0,0.0,198.7,23768.0,44964.0,23.8,22.5,74.0,29.68,14.289999999999997,181.0,0.0,0.0,
2026-04-17T01:55:01,04/17/202601:55,20.36,0.0,0.0,51.589999999999996,0.0,0.0,0.0,0.0,0.0,198.7,23768.0,44964.0,23.8,22.5,74.0,29.68,14.289999999999997,181.0,0.0,0.0,
2026-04-17T01:56:00,04/17/202601:56,20.369999999999997,0.0,0.0,51.589999999999996,0.0,0.0,0.0,0.0,0.0,198.7,23768.0,44964.0,23.8,22.5,74.0,29.68,14.289999999999997,181.0,0.0,0.0,
2026-04-17T01:56:12,04/17/202601:56,20.369999999999997,0.0,0.0,51.589999999999996,0.0,0.0,0.0,0.0,0.0,198.7,23768.0,44964.0,23.8,22.5,74.0,29.68,14.289999999999997,181.0,0.0,0.0,
2026-04-17T01:57:01,04/17/202601:57,20.36,0.0,0.0,51.589999999999996,0.0,0.0,0.0,0.0,0.0,198.7,23768.0,44964.0,23.8,22.5,74.0,29.68,14.289999999999997,181.0,0.0,0.0,
2026-04-17T01:58:00,04/17/202601:58,20.35,0.0,0.0,51.589999999999996,0.0,0.0,0.0,0.0,0.0,198.7,23768.0,44964.0,23.7,22.5,74.0,29.68,14.289999999999997,181.0,0.0,0.0,
2026-04-17T01:59:01,04/17/202601:59,20.34,0.0,0.0,51.589999999999996,0.0,0.0,0.0,0.0,0.0,198.7,23768.0,44964.0,23.7,22.5,74.0,29.68,14.289999999999997,181.0,0.0,0.0,
2026-04-17T02:00:01,04/17/202602:00,20.330000000000002,0.0,0.0,51.589999999999996,0.0,0.0,0.0,0.0,0.0,198.7,23768.0,44964.0,23.7,22.5,74.0,29.68,14.289999999999997,181.0,0.0,0.0,
2026-04-17T02:01:00,04/17/202602:01,20.330000000000002,0.0,0.0,51.589999999999996,0.0,0.0,0.0,0.0,0.0,198.7,23768.0,44964.0,23.7,22.5,74.0,29.68,14.289999999999997,181.0,0.0,0.0,
2026-04-17T02:01:12,04/17/202602:01,20.34,0.0,0.0,51.57000000000001,0.0,0.0,0.0,0.0,0.0,198.7,23768.0,44964.0,23.7,22.48,74.0,29.68,14.272,181.1,0.0,0.0,
2026-04-17T02:02:01,04/17/202602:02,20.34,0.0,0.0,51.57000000000001,0.0,0.0,0.0,0.0,0.0,198.7,23768.0,44964.0,23.7,22.46,74.0,29.68,14.254,181.2,0.0,0.0,
2026-04-17T02:02:13,04/17/202602:02,20.330000000000002,0.0,0.0,51.58,0.0,0.0,0.0,0.0,0.0,198.7,23768.0,44964.0,23.7,22.44,74.0,29.68,14.235999999999999,181.3,0.0,0.0,
2026-04-17T02:03:01,04/17/202602:03,20.32,0.0,0.0,51.58,0.0,0.0,0.0,0.0,0.0,198.7,23768.0,44964.0,23.7,22.419999999999998,74.0,29.68,14.218,181.4,0.0,0.0,
2026-04-17T02:05:12,04/17/202602:05,20.32,0.0,0.0,51.58,0.0,0.0,0.0,0.0,0.0,198.7,23768.0,44964.0,23.8,22.4,74.0,29.68,14.2,181.5,0.0,0.0,
2026-04-17T02:06:00,04/17/202602:06,20.32,0.0,0.0,51.58,0.0,0.0,0.0,0.0,0.0,198.7,23768.0,44964.0,23.7,22.380000000000003,74.0,29.68,14.181999999999999,181.6,0.0,0.0,
2026-04-17T02:06:13,04/17/202602:06,20.330000000000002,0.0,0.0,51.58,0.0,0.0,0.0,0.0,0.0,198.7,23768.0,44964.0,23.7,22.36,74.0,29.68,14.163999999999998,181.7,0.0,0.0,
2026-04-17T02:06:23,04/17/202602:06,20.330000000000002,0.0,0.0,51.58,0.0,0.0,0.0,0.0,0.0,198.7,23768.0,44964.0,23.7,22.34,74.0,29.68,14.145999999999997,181.8,0.0,0.0,
2026-04-17T02:07:00,04/17/202602:07,20.330000000000002,0.0,0.0,51.58,0.0,0.0,0.0,0.0,0.0,198.7,23768.0,44964.0,23.7,22.32,74.0,29.68,14.128,181.9,0.0,0.0,
2026-04-17T02:07:22,04/17/202602:07,20.34,0.0,0.0,51.58,0.0,0.0,0.0,0.0,0.0,198.7,23768.0,44964.0,23.7,22.3,74.0,29.68,14.11,182.0,0.0,0.0,
2026-04-17T02:08:01,04/17/202602:08,20.34,0.0,0.0,51.589999999999996,0.0,0.0,0.0,0.0,0.0,198.7,23768.0,44964.0,23.7,22.3,74.0,29.68,14.11,182.0,0.0,0.0,
2026-04-17T02:08:23,04/17/202602:08,20.330000000000002,0.0,0.0,51.6,0.0,0.0,0.0,0.0,0.0,198.7,23768.0,44964.0,23.7,22.3,74.0,29.68,14.11,182.0,0.0,0.0,
2026-04-17T02:09:00,04/17/202602:09,20.330000000000002,0.0,0.0,51.6,0.0,0.0,0.0,0.0,0.0,198.7,23768.0,44964.0,23.7,22.3,74.0,29.68,14.11,182.0,0.0,0.0,
2026-04-17T02:10:01,04/17/202602:10,20.330000000000002,0.0,0.0,51.6,0.0,0.0,0.0,0.0,0.0,198.7,23768.0,44964.0,23.7,22.3,74.0,29.68,14.11,182.0,0.0,0.0,
2026-04-17T02:11:01,04/17/202602:11,20.330000000000002,0.0,0.0,51.6,0.0,0.0,0.0,0.0,0.0,198.7,23768.0,44964.0,23.7,22.3,74.0,29.68,14.11,182.0,0.0,0.0,
2026-04-17T02:12:00,04/17/202602:12,20.330000000000002,0.0,0.0,51.6,0.0,0.0,0.0,0.0,0.0,198.7,23768.0,44964.0,23.7,22.3,74.0,29.68,14.11,182.0,0.0,0.0,
2026-04-17T02:12:23,04/17/202602:12,20.330000000000002,0.0,0.0,51.6,0.0,0.0,0.0,0.0,0.0,198.7,23768.0,44964.0,23.7,22.3,74.0,29.68,14.11,182.0,0.0,0.0,
2026-04-17T02:13:01,04/17/202602:13,20.34,0.0,0.0,51.6,0.0,0.0,0.0,0.0,0.0,198.7,23768.0,44964.0,23.7,22.3,74.0,29.68,14.11,182.0,0.0,0.0,
2026-04-17T02:14:01,04/17/202602:14,20.35,0.0,0.0,51.6,0.0,0.0,0.0,0.0,0.0,198.7,23768.0,44964.0,23.7,22.3,74.0,29.68,14.11,182.0,0.0,0.0,
2026-04-17T02:14:23,04/17/202602:14,20.34,0.0,0.0,51.6,0.0,0.0,0.0,0.0,0.0,198.7,23768.0,44964.0,23.7,22.3,74.0,29.68,14.11,182.0,0.0,0.0,
2026-04-17T02:15:00,04/17/202602:15,20.330000000000002,0.0,0.0,51.6,0.0,0.0,0.0,0.0,0.0,198.7,23768.0,44964.0,23.7,22.3,74.0,29.68,14.11,182.0,0.0,0.0,
2026-04-17T02:16:23,04/17/202602:16,20.330000000000002,0.0,0.0,51.6,0.0,0.0,0.0,0.0,0.0,198.7,23768.0,44964.0,23.7,22.28,74.1,29.68,14.11,182.1,0.0,0.0,
2026-04-17T02:17:01,04/17/202602:17,20.330000000000002,0.0,0.0,51.6,0.0,0.0,0.0,0.0,0.0,198.7,23768.0,44964.0,23.7,22.26,74.2,29.68,14.11,182.2,0.0,0.0,
2026-04-17T02:18:01,04/17/202602:18,20.330000000000002,0.0,0.0,51.6,0.0,0.0,0.0,0.0,0.0,198.7,23768.0,44964.0,23.7,22.240000000000002,74.3,29.68,14.11,182.3,0.0,0.0,
2026-04-17T02:19:01,04/17/202602:19,20.330000000000002,0.0,0.0,51.6,0.0,0.0,0.0,0.0,0.0,198.7,23768.0,44964.0,23.7,22.220000000000002,74.4,29.68,14.11,182.4,0.0,0.0,
2026-04-17T02:19:23,04/17/202602:19,20.34,0.0,0.0,51.589999999999996,0.0,0.0,0.0,0.0,0.0,198.7,23768.0,44964.0,23.7,22.2,74.5,29.68,14.11,182.5,0.0,0.0,
2026-04-17T02:20:00,04/17/202602:20,20.34,0.0,0.0,51.58,0.0,0.0,0.0,0.0,0.0,198.7,23768.0,44964.0,23.7,22.18,74.6,29.68,14.11,182.6,0.0,0.0,
2026-04-17T02:21:01,04/17/202602:21,20.34,0.0,0.0,51.58,0.0,0.0,0.0,0.0,0.0,198.7,23768.0,44964.0,23.7,22.18,74.7,29.68,14.11,182.7,0.0,0.0,
2026-04-17T02:21:22,04/17/202602:21,20.330000000000002,0.0,0.0,51.58,0.0,0.0,0.0,0.0,0.0,198.7,23768.0,44964.0,23.7,22.18,74.8,29.68,14.24,182.6,0.0,0.0,
2026-04-17T02:22:01,04/17/202602:22,20.330000000000002,0.0,0.0,51.58,0.0,0.0,0.0,0.0,0.0,198.7,23768.0,44964.0,23.7,22.18,74.9,29.68,14.37,182.5,0.0,0.0,
2026-04-17T02:23:00,04/17/202602:23,20.330000000000002,0.0,0.0,51.57000000000001,0.0,0.0,0.0,0.0,0.0,198.7,23768.0,44964.0,23.7,22.18,75.0,29.68,14.5,182.4,0.0,0.0,
2026-04-17T02:24:01,04/17/202602:24,20.330000000000002,0.0,0.0,51.57000000000001,0.0,0.0,0.0,0.0,0.0,198.7,23768.0,44964.0,23.7,22.2,75.0,29.68,14.63,182.2,0.0,0.0,
2026-04-17T02:25:01,04/17/202602:25,20.330000000000002,0.0,0.0,51.57000000000001,0.0,0.0,0.0,0.0,0.0,198.7,23768.0,44964.0,23.7,22.220000000000002,75.0,29.68,14.76,182.0,0.0,0.0,
2026-04-17T02:26:00,04/17/202602:26,20.330000000000002,0.0,0.0,51.57000000000001,0.0,0.0,0.0,0.0,0.0,198.7,23768.0,44964.0,23.7,22.240000000000002,75.0,29.68,14.89,181.8,0.0,0.0,
2026-04-17T02:27:35,04/17/202602:27,20.330000000000002,0.0,0.0,51.57000000000001,0.0,0.0,0.0,0.0,0.0,198.7,23768.0,44964.0,23.7,22.26,75.0,29.68,15.02,181.6,0.0,0.0,
2026-04-17T02:28:00,04/17/202602:28,20.32,0.0,0.0,51.58,0.0,0.0,0.0,0.0,0.0,198.7,23768.0,44964.0,23.7,22.28,75.0,29.68,15.15,181.4,0.0,0.0,
2026-04-17T02:29:00,04/17/202602:29,20.31,0.0,0.0,51.589999999999996,0.0,0.0,0.0,0.0,0.0,198.7,23768.0,44964.0,23.7,22.3,75.0,29.68,15.280000000000001,181.2,0.0,0.0,
2026-04-17T02:30:00,04/17/202602:30,20.3,0.0,0.0,51.589999999999996,0.0,0.0,0.0,0.0,0.0,198.7,23768.0,44964.0,23.7,22.3,75.0,29.68,15.41,181.0,0.0,0.0,
2026-04-17T02:31:01,04/17/202602:31,20.3,0.0,0.0,51.589999999999996,0.0,0.0,0.0,0.0,0.0,198.7,23768.0,44964.0,23.7,22.270000000000003,75.1,29.68,15.391,180.8,0.0,0.0,
2026-04-17T02:32:00,04/17/202602:32,20.3,0.0,0.0,51.589999999999996,0.0,0.0,0.0,0.0,0.0,198.7,23768.0,44964.0,23.7,22.240000000000002,75.2,29.68,15.372,180.6,0.0,0.0,
2026-04-17T02:33:00,04/17/202602:33,20.3,0.0,0.0,51.6,0.0,0.0,0.0,0.0,0.0,198.7,23768.0,44964.0,23.7,22.21,75.3,29.68,15.353,180.4,0.0,0.0,
2026-04-17T02:34:00,04/17/202602:34,20.3,0.0,0.0,51.589999999999996,0.0,0.0,0.0,0.0,0.0,198.7,23768.0,44964.0,23.7,22.18,75.4,29.68,15.334,180.2,0.0,0.0,
2026-04-17T02:34:24,04/17/202602:34,20.31,0.0,0.0,51.589999999999996,0.0,0.0,0.0,0.0,0.0,198.7,23768.0,44964.0,23.7,22.15,75.5,29.68,15.315000000000001,180.0,0.0,0.0,
2026-04-17T02:35:00,04/17/202602:35,20.32,0.0,0.0,51.589999999999996,0.0,0.0,0.0,0.0,0.0,198.7,23768.0,44964.0,23.7,22.119999999999997,75.6,29.68,15.296000000000001,179.8,0.0,0.0,
2026-04-17T02:35:34,04/17/202602:35,20.32,0.0,0.0,51.58,0.0,0.0,0.0,0.0,0.0,198.7,23768.0,44964.0,23.6,22.09,75.7,29.68,15.277000000000001,179.6,0.0,0.0,
2026-04-17T02:36:00,04/17/202602:36,20.32,0.0,0.0,51.57000000000001,0.0,0.0,0.0,0.0,0.0,198.7,23768.0,44964.0,23.6,22.06,75.8,29.68,15.258000000000001,179.4,0.0,0.0,
2026-04-17T02:37:00,04/17/202602:37,20.32,0.0,0.0,51.57000000000001,0.0,0.0,0.0,0.0,0.0,198.7,23768.0,44964.0,23.7,22.03,75.9,29.68,15.239,179.2,0.0,0.0,
2026-04-17T02:38:47,04/17/202602:38,20.330000000000002,0.0,0.0,51.57000000000001,0.0,0.0,0.0,0.0,0.0,198.7,23768.0,44964.0,23.6,22.0,76.0,29.68,15.220000000000002,179.0,0.0,0.0,
2026-04-17T02:39:01,04/17/202602:39,20.34,0.0,0.0,51.57000000000001,0.0,0.0,0.0,0.0,0.0,198.7,23768.0,44964.0,23.6,22.0,76.0,29.68,15.220000000000002,179.0,0.0,0.0,
2026-04-17T02:40:00,04/17/202602:40,20.35,0.0,0.0,51.57000000000001,0.0,0.0,0.0,0.0,0.0,198.7,23768.0,44964.0,23.6,22.0,76.0,29.68,15.220000000000002,179.0,0.0,0.0,
2026-04-17T02:40:35,04/17/202602:40,20.35,0.0,0.0,51.57000000000001,0.0,0.0,0.0,0.0,0.0,198.7,23768.0,44964.0,23.7,22.0,76.0,29.68,15.220000000000002,179.0,0.0,0.0,
2026-04-17T02:41:00,04/17/202602:41,20.35,0.0,0.0,51.58,0.0,0.0,0.0,0.0,0.0,198.7,23768.0,44964.0,23.7,22.0,76.0,29.68,15.220000000000002,179.0,0.0,0.0,
2026-04-17T02:41:35,04/17/202602:41,20.35,0.0,0.0,51.57000000000001,0.0,0.0,0.0,0.0,0.0,198.7,23768.0,44964.0,23.6,22.0,76.0,29.68,15.220000000000002,179.0,0.0,0.0,
2026-04-17T02:42:01,04/17/202602:42,20.35,0.0,0.0,51.56,0.0,0.0,0.0,0.0,0.0,198.7,23768.0,44964.0,23.6,22.0,76.0,29.68,15.220000000000002,179.0,0.0,0.0,
2026-04-17T02:42:35,04/17/202602:42,20.35,0.0,0.0,51.56,0.0,0.0,0.0,0.0,0.0,198.7,23768.0,44964.0,23.6,22.0,76.0,29.68,15.220000000000002,179.0,0.0,0.0,
2026-04-17T02:43:00,04/17/202602:43,20.35,0.0,0.0,51.56,0.0,0.0,0.0,0.0,0.0,198.7,23768.0,44964.0,23.6,22.0,76.0,29.68,15.220000000000002,179.0,0.0,0.0,
2026-04-17T02:43:35,04/17/202602:43,20.36,0.0,0.0,51.56,0.0,0.0,0.0,0.0,0.0,198.7,23768.0,44964.0,23.7,22.0,76.0,29.68,15.220000000000002,179.0,0.0,0.0,
2026-04-17T02:44:00,04/17/202602:44,20.36,0.0,0.0,51.56,0.0,0.0,0.0,0.0,0.0,198.7,23768.0,44964.0,23.7,22.0,76.0,29.68,15.220000000000002,179.0,0.0,0.0,
2026-04-17T02:44:35,04/17/202602:44,20.35,0.0,0.0,51.55,0.0,0.0,0.0,0.0,0.0,198.7,23768.0,44964.0,23.6,22.0,76.0,29.68,15.220000000000002,179.0,0.0,0.0,
2026-04-17T02:45:01,04/17/202602:45,20.34,0.0,0.0,51.54,0.0,0.0,0.0,0.0,0.0,198.7,23768.0,44964.0,23.6,22.0,76.0,29.68,15.220000000000002,179.0,0.0,0.0,
2026-04-17T02:45:35,04/17/202602:45,20.35,0.0,0.0,51.529999999999994,0.0,0.0,0.0,0.0,0.0,198.7,23768.0,44964.0,23.6,21.97,76.0,29.683,15.177000000000001,178.8,0.0,0.0,
2026-04-17T02:46:00,04/17/202602:46,20.36,0.0,0.0,51.52,0.0,0.0,0.0,0.0,0.0,198.7,23768.0,44964.0,23.6,21.94,76.0,29.686,15.134,178.6,0.0,0.0,
2026-04-17T02:46:35,04/17/202602:46,20.35,0.0,0.0,51.529999999999994,0.0,0.0,0.0,0.0,0.0,198.7,23768.0,44964.0,23.6,21.91,76.0,29.689,15.091,178.4,0.0,0.0,
2026-04-17T02:47:00,04/17/202602:47,20.34,0.0,0.0,51.54,0.0,0.0,0.0,0.0,0.0,198.7,23768.0,44964.0,23.6,21.880000000000003,76.0,29.692,15.047999999999998,178.2,0.0,0.0,
2026-04-17T02:48:01,04/17/202602:48,20.34,0.0,0.0,51.55,0.0,0.0,0.0,0.0,0.0,198.7,23768.0,44964.0,23.7,21.85,76.0,29.695,15.005,178.0,0.0,0.0,
2026-04-17T02:49:58,04/17/202602:49,20.34,0.0,0.0,51.56,0.0,0.0,0.0,0.0,0.0,198.7,23768.0,44964.0,23.6,21.82,76.0,29.698,14.962,177.8,0.0,0.0,
2026-04-17T02:50:01,04/17/202602:50,20.330000000000002,0.0,0.0,51.56,0.0,0.0,0.0,0.0,0.0,198.7,23768.0,44964.0,23.6,21.79,76.0,29.701,14.919,177.6,0.0,0.0,
2026-04-17T02:51:01,04/17/202602:51,20.32,0.0,0.0,51.56,0.0,0.0,0.0,0.0,0.0,198.7,23768.0,44964.0,23.6,21.759999999999998,76.0,29.704,14.876,177.4,0.0,0.0,
2026-04-17T02:52:01,04/17/202602:52,20.32,0.0,0.0,51.57000000000001,0.0,0.0,0.0,0.0,0.0,198.7,23768.0,44964.0,23.6,21.729999999999997,76.0,29.707,14.832999999999998,177.2,0.0,0.0,
2026-04-17T02:53:01,04/17/202602:53,20.32,0.0,0.0,51.58,0.0,0.0,0.0,0.0,0.0,198.7,23768.0,44964.0,23.6,21.7,76.0,29.71,14.789999999999997,177.0,0.0,0.0,
2026-04-17T02:53:23,04/17/202602:53,20.32,0.0,0.0,51.589999999999996,0.0,0.0,0.0,0.0,0.0,198.7,23768.0,44964.0,23.6,21.7,76.0,29.71,14.789999999999997,177.0,0.0,0.0,
2026-04-17T02:54:01,04/17/202602:54,20.32,0.0,0.0,51.6,0.0,0.0,0.0,0.0,0.0,198.7,23768.0,44964.0,23.6,21.7,76.0,29.71,14.789999999999997,177.0,0.0,0.0,
2026-04-17T02:54:23,04/17/202602:54,20.32,0.0,0.0,51.589999999999996,0.0,0.0,0.0,0.0,0.0,198.7,23768.0,44964.0,23.6,21.7,76.0,29.71,14.789999999999997,177.0,0.0,0.0,
2026-04-17T02:55:01,04/17/202602:55,20.32,0.0,0.0,51.58,0.0,0.0,0.0,0.0,0.0,198.7,23768.0,44964.0,23.6,21.7,76.0,29.71,14.789999999999997,177.0,0.0,0.0,
2026-04-17T02:56:01,04/17/202602:56,20.32,0.0,0.0,51.57000000000001,0.0,0.0,0.0,0.0,0.0,198.7,23768.0,44964.0,23.6,21.7,76.0,29.71,14.789999999999997,177.0,0.0,0.0,
2026-04-17T02:57:01,04/17/202602:57,20.32,0.0,0.0,51.57000000000001,0.0,0.0,0.0,0.0,0.0,198.7,23768.0,44964.0,23.6,21.7,76.0,29.71,14.789999999999997,177.0,0.0,0.0,
2026-04-17T02:58:00,04/17/202602:58,20.32,0.0,0.0,51.57000000000001,0.0,0.0,0.0,0.0,0.0,198.7,23768.0,44964.0,23.7,21.7,76.0,29.71,14.789999999999997,177.0,0.0,0.0,
2026-04-17T02:59:01,04/17/202602:59,20.32,0.0,0.0,51.56,0.0,0.0,0.0,0.0,0.0,198.7,23768.0,44964.0,23.6,21.7,76.0,29.71,14.789999999999997,177.0,0.0,0.0,
2026-04-17T03:01:09,04/17/202603:01,20.32,0.0,0.0,51.55,0.0,0.0,0.0,0.0,0.0,198.7,23768.0,44964.0,23.6,21.7,76.0,29.707,14.789999999999997,177.0,0.0,0.0,
2026-04-17T03:02:00,04/17/202603:02,20.32,0.0,0.0,51.54,0.0,0.0,0.0,0.0,0.0,198.7,23768.0,44964.0,23.6,21.68,76.1,29.704,14.809000000000001,177.3,0.0,0.0,
2026-04-17T03:03:00,04/17/202603:03,20.31,0.0,0.0,51.54,0.0,0.0,0.0,0.0,0.0,198.7,23768.0,44964.0,23.6,21.66,76.2,29.701,14.828,177.6,0.0,0.0,
2026-04-17T03:04:00,04/17/202603:04,20.3,0.0,0.0,51.529999999999994,0.0,0.0,0.0,0.0,0.0,198.7,23768.0,44964.0,23.6,21.64,76.3,29.698,14.847,177.9,0.0,0.0,
2026-04-17T03:05:00,04/17/202603:05,20.3,0.0,0.0,51.54,0.0,0.0,0.0,0.0,0.0,198.7,23768.0,44964.0,23.6,21.619999999999997,76.4,29.695,14.866,178.2,0.0,0.0,
2026-04-17T03:06:01,04/17/202603:06,20.3,0.0,0.0,51.55,0.0,0.0,0.0,0.0,0.0,198.7,23768.0,44964.0,23.6,21.6,76.5,29.692,14.885,178.5,0.0,0.0,
2026-04-17T03:07:00,04/17/202603:07,20.3,0.0,0.0,51.55,0.0,0.0,0.0,0.0,0.0,198.7,23768.0,44964.0,23.6,21.580000000000002,76.6,29.689,14.904,178.8,0.0,0.0,
2026-04-17T03:08:00,04/17/202603:08,20.3,0.0,0.0,51.54,0.0,0.0,0.0,0.0,0.0,198.7,23768.0,44964.0,23.6,21.56,76.7,29.686,14.922999999999998,179.1,0.0,0.0,
2026-04-17T03:09:00,04/17/202603:09,20.3,0.0,0.0,51.54,0.0,0.0,0.0,0.0,0.0,198.7,23768.0,44964.0,23.6,21.54,76.8,29.683,14.942000000000002,179.4,0.0,0.0,
2026-04-17T03:10:00,04/17/202603:10,20.3,0.0,0.0,51.55,0.0,0.0,0.0,0.0,0.0,198.7,23768.0,44964.0,23.7,21.52,76.9,29.68,14.961000000000002,179.7,0.0,0.0,
2026-04-17T03:11:00,04/17/202603:11,20.3,0.0,0.0,51.55,0.0,0.0,0.0,0.0,0.0,198.7,23768.0,44964.0,23.6,21.5,77.0,29.68,14.98,180.0,0.0,0.0,
2026-04-17T03:12:22,04/17/202603:12,20.3,0.0,0.0,51.56,0.0,0.0,0.0,0.0,0.0,198.7,23768.0,44964.0,23.6,21.5,77.0,29.68,14.98,180.0,0.0,0.0,
2026-04-17T03:13:00,04/17/202603:13,20.3,0.0,0.0,51.55,0.0,0.0,0.0,0.0,0.0,198.7,23768.0,44964.0,23.6,21.5,77.0,29.68,14.98,180.0,0.0,0.0,
2026-04-17T03:14:01,04/17/202603:14,20.3,0.0,0.0,51.55,0.0,0.0,0.0,0.0,0.0,198.7,23768.0,44964.0,23.6,21.5,77.0,29.68,14.98,180.0,0.0,0.0,
2026-04-17T03:15:00,04/17/202603:15,20.3,0.0,0.0,51.54,0.0,0.0,0.0,0.0,0.0,198.7,23768.0,44964.0,23.6,21.5,77.0,29.68,14.98,180.0,0.0,0.0,
2026-04-17T03:16:00,04/17/202603:16,20.3,0.0,0.0,51.54,0.0,0.0,0.0,0.0,0.0,198.7,23768.0,44964.0,23.6,21.5,77.0,29.68,14.98,180.0,0.0,0.0,
2026-04-17T03:17:01,04/17/202603:17,20.3,0.0,0.0,51.55,0.0,0.0,0.0,0.0,0.0,198.7,23768.0,44964.0,23.6,21.490000000000002,77.1,29.68,14.936000000000002,180.3,0.0,0.0,
2026-04-17T03:18:00,04/17/202603:18,20.3,0.0,0.0,51.55,0.0,0.0,0.0,0.0,0.0,198.7,23768.0,44964.0,23.6,21.48,77.2,29.68,14.892000000000001,180.6,0.0,0.0,
2026-04-17T03:19:00,04/17/202603:19,20.3,0.0,0.0,51.55,0.0,0.0,0.0,0.0,0.0,198.7,23768.0,44964.0,23.6,21.47,77.3,29.68,14.847999999999999,180.9,0.0,0.0,
2026-04-17T03:20:01,04/17/202603:20,20.3,0.0,0.0,51.54,0.0,0.0,0.0,0.0,0.0,198.7,23768.0,44964.0,23.6,21.46,77.4,29.68,14.803999999999998,181.2,0.0,0.0,
2026-04-17T03:21:00,04/17/202603:21,20.3,0.0,0.0,51.55,0.0,0.0,0.0,0.0,0.0,198.7,23768.0,44964.0,23.6,21.45,77.5,29.68,14.76,181.5,0.0,0.0,
2026-04-17T03:22:00,04/17/202603:22,20.3,0.0,0.0,51.54,0.0,0.0,0.0,0.0,0.0,198.7,23768.0,44964.0,23.6,21.439999999999998,77.6,29.68,14.716,181.8,0.0,0.0,
2026-04-17T03:23:31,04/17/202603:23,20.3,0.0,0.0,51.55,0.0,0.0,0.0,0.0,0.0,198.7,23768.0,44964.0,23.6,21.43,77.7,29.68,14.672,182.1,0.0,0.0,
2026-04-17T03:24:37,04/17/202603:24,20.3,0.0,0.0,51.55,0.0,0.0,0.0,0.0,0.0,198.7,23768.0,44964.0,23.6,21.419999999999998,77.8,29.68,14.628,182.4,0.0,0.0,
2026-04-17T03:25:01,04/17/202603:25,20.3,0.0,0.0,51.55,0.0,0.0,0.0,0.0,0.0,198.7,23768.0,44964.0,23.6,21.41,77.9,29.68,14.584,182.7,0.0,0.0,
2026-04-17T03:26:01,04/17/202603:26,20.3,0.0,0.0,51.54,0.0,0.0,0.0,0.0,0.0,198.7,23768.0,44964.0,23.6,21.4,78.0,29.68,14.539999999999997,183.0,0.0,0.0,
2026-04-17T03:27:00,04/17/202603:27,20.3,0.0,0.0,51.529999999999994,0.0,0.0,0.0,0.0,0.0,198.7,23768.0,44964.0,23.6,21.4,78.0,29.68,14.539999999999997,183.0,0.0,0.0,
2026-04-17T03:28:01,04/17/202603:28,20.3,0.0,0.0,51.529999999999994,0.0,0.0,0.0,0.0,0.0,198.7,23768.0,44964.0,23.6,21.4,78.0,29.68,14.539999999999997,183.0,0.0,0.0,
2026-04-17T03:29:01,04/17/202603:29,20.3,0.0,0.0,51.52,0.0,0.0,0.0,0.0,0.0,198.7,23768.0,44964.0,23.6,21.4,78.0,29.68,14.539999999999997,183.0,0.0,0.0,
2026-04-17T03:30:00,04/17/202603:30,20.3,0.0,0.0,51.52,0.0,0.0,0.0,0.0,0.0,198.7,23768.0,44964.0,23.6,21.4,78.0,29.68,14.539999999999997,183.0,0.0,0.0,
2026-04-17T03:31:01,04/17/202603:31,20.3,0.0,0.0,51.510000000000005,0.0,0.0,0.0,0.0,0.0,198.7,23768.0,44964.0,23.6,21.419999999999998,78.0,29.68,14.539999999999997,182.7,0.0,0.0,
2026-04-17T03:32:00,04/17/202603:32,20.3,0.0,0.0,51.510000000000005,0.0,0.0,0.0,0.0,0.0,198.7,23768.0,44964.0,23.5,21.43,78.0,29.68,14.584,182.5,0.0,0.0,
2026-04-17T03:33:00,04/17/202603:33,20.3,0.0,0.0,51.5,0.0,0.0,0.0,0.0,0.0,198.7,23768.0,44964.0,23.6,21.439999999999998,78.0,29.68,14.628,182.3,0.0,0.0,
2026-04-17T03:34:42,04/17/202603:34,20.3,0.0,0.0,51.5,0.0,0.0,0.0,0.0,0.0,198.7,23768.0,44964.0,23.6,21.45,78.0,29.68,14.672,182.1,0.0,0.0,
2026-04-17T03:35:00,04/17/202603:35,20.3,0.0,0.0,51.5,0.0,0.0,0.0,0.0,0.0,198.7,23768.0,44964.0,23.6,21.46,78.0,29.68,14.716,181.9,0.0,0.0,
2026-04-17T03:36:01,04/17/202603:36,20.3,0.0,0.0,51.5,0.0,0.0,0.0,0.0,0.0,198.7,23768.0,44964.0,23.6,21.47,78.0,29.68,14.76,181.7,0.0,0.0,
2026-04-17T03:37:01,04/17/202603:37,20.3,0.0,0.0,51.489999999999995,0.0,0.0,0.0,0.0,0.0,198.7,23768.0,44964.0,23.5,21.48,78.0,29.68,14.803999999999998,181.5,0.0,0.0,
2026-04-17T03:38:01,04/17/202603:38,20.3,0.0,0.0,51.489999999999995,0.0,0.0,0.0,0.0,0.0,198.7,23768.0,44964.0,23.5,21.490000000000002,78.0,29.68,14.847999999999999,181.3,0.0,0.0,
2026-04-17T03:39:01,04/17/202603:39,20.3,0.0,0.0,51.489999999999995,0.0,0.0,0.0,0.0,0.0,198.7,23768.0,44964.0,23.5,21.5,78.0,29.68,14.892000000000001,181.1,0.0,0.0,
2026-04-17T03:40:01,04/17/202603:40,20.3,0.0,0.0,51.489999999999995,0.0,0.0,0.0,0.0,0.0,198.7,23768.0,44964.0,23.6,21.509999999999998,78.0,29.68,14.936000000000002,180.9,0.0,0.0,
2026-04-17T03:41:01,04/17/202603:41,20.3,0.0,0.0,51.489999999999995,0.0,0.0,0.0,0.0,0.0,198.7,23768.0,44964.0,23.5,21.5,78.0,29.68,14.98,181.0,0.0,0.0,
2026-04-17T03:42:01,04/17/202603:42,20.3,0.0,0.0,51.489999999999995,0.0,0.0,0.0,0.0,0.0,198.7,23768.0,44964.0,23.5,21.5,78.0,29.68,14.98,181.0,0.0,0.0,
2026-04-17T03:43:01,04/17/202603:43,20.3,0.0,0.0,51.489999999999995,0.0,0.0,0.0,0.0,0.0,198.7,23768.0,44964.0,23.5,21.5,78.0,29.68,14.98,181.0,0.0,0.0,
2026-04-17T03:44:01,04/17/202603:44,20.3,0.0,0.0,51.489999999999995,0.0,0.0,0.0,0.0,0.0,198.7,23768.0,44964.0,23.5,21.5,78.0,29.68,14.98,181.0,0.0,0.0,
2026-04-17T03:45:53,04/17/202603:45,20.3,0.0,0.0,51.489999999999995,0.0,0.0,0.0,0.0,0.0,198.7,23768.0,44964.0,23.5,21.48,78.0,29.68,14.961000000000002,181.2,0.0,0.0,
2026-04-17T03:46:01,04/17/202603:46,20.3,0.0,0.0,51.489999999999995,0.0,0.0,0.0,0.0,0.0,198.7,23768.0,44964.0,23.5,21.46,78.0,29.68,14.942000000000002,181.4,0.0,0.0,
2026-04-17T03:47:00,04/17/202603:47,20.3,0.0,0.0,51.5,0.0,0.0,0.0,0.0,0.0,198.7,23768.0,44964.0,23.6,21.44,78.0,29.68,14.922999999999998,181.6,0.0,0.0,
2026-04-17T03:48:00,04/17/202603:48,20.3,0.0,0.0,51.5,0.0,0.0,0.0,0.0,0.0,198.7,23768.0,44964.0,23.5,21.419999999999998,78.0,29.68,14.904,181.8,0.0,0.0,
2026-04-17T03:49:01,04/17/202603:49,20.3,0.0,0.0,51.5,0.0,0.0,0.0,0.0,0.0,198.7,23768.0,44964.0,23.5,21.4,78.0,29.68,14.885,182.0,0.0,0.0,
2026-04-17T03:50:00,04/17/202603:50,20.3,0.0,0.0,51.5,0.0,0.0,0.0,0.0,0.0,198.7,23768.0,44964.0,23.5,21.380000000000003,78.0,29.68,14.866,182.2,0.0,0.0,
2026-04-17T03:51:00,04/17/202603:51,20.3,0.0,0.0,51.5,0.0,0.0,0.0,0.0,0.0,198.7,23768.0,44964.0,23.5,21.36,78.0,29.68,14.847,182.4,0.0,0.0,
2026-04-17T03:52:01,04/17/202603:52,20.3,0.0,0.0,51.5,0.0,0.0,0.0,0.0,0.0,198.7,23768.0,44964.0,23.5,21.34,78.0,29.68,14.828,182.6,0.0,0.0,
2026-04-17T03:53:00,04/17/202603:53,20.3,0.0,0.0,51.5,0.0,0.0,0.0,0.0,0.0,198.7,23768.0,44964.0,23.5,21.32,78.0,29.68,14.809000000000001,182.8,0.0,0.0,
2026-04-17T03:54:00,04/17/202603:54,20.3,0.0,0.0,51.5,0.0,0.0,0.0,0.0,0.0,198.7,23768.0,44964.0,23.5,21.3,78.0,29.68,14.789999999999997,183.0,0.0,0.0,
2026-04-17T03:55:00,04/17/202603:55,20.3,0.0,0.0,51.489999999999995,0.0,0.0,0.0,0.0,0.0,198.7,23768.0,44964.0,23.5,21.3,78.0,29.68,14.789999999999997,183.0,0.0,0.0,
2026-04-17T03:57:05,04/17/202603:57,20.3,0.0,0.0,51.489999999999995,0.0,0.0,0.0,0.0,0.0,198.7,23768.0,44964.0,23.5,21.3,78.0,29.68,14.789999999999997,183.0,0.0,0.0,
2026-04-17T03:58:00,04/17/202603:58,20.3,0.0,0.0,51.489999999999995,0.0,0.0,0.0,0.0,0.0,198.7,23768.0,44964.0,23.6,21.3,78.0,29.68,14.789999999999997,183.0,0.0,0.0,
2026-04-17T03:59:00,04/17/202603:59,20.3,0.0,0.0,51.489999999999995,0.0,0.0,0.0,0.0,0.0,198.7,23768.0,44964.0,23.5,21.3,78.0,29.68,14.789999999999997,183.0,0.0,0.0,
2026-04-17T04:00:01,04/17/202604:00,20.3,0.0,0.0,51.489999999999995,0.0,0.0,0.0,0.0,0.0,198.7,23768.0,44964.0,23.5,21.3,78.0,29.68,14.789999999999997,183.0,0.0,0.0,
2026-04-17T04:01:00,04/17/202604:01,20.3,0.0,0.0,51.489999999999995,0.0,0.0,0.0,0.0,0.0,198.7,23768.0,44964.0,23.5,21.3,78.0,29.68,14.789999999999997,183.0,0.0,0.0,
2026-04-17T04:02:01,04/17/202604:02,20.3,0.0,0.0,51.489999999999995,0.0,0.0,0.0,0.0,0.0,198.7,23768.0,44964.0,23.5,21.29,78.0,29.68,14.739999999999998,182.8,0.0,0.0,
2026-04-17T04:03:01,04/17/202604:03,20.3,0.0,0.0,51.489999999999995,0.0,0.0,0.0,0.0,0.0,198.7,23768.0,44964.0,23.5,21.28,78.0,29.68,14.689999999999998,182.6,0.0,0.0,
2026-04-17T04:04:00,04/17/202604:04,20.3,0.0,0.0,51.489999999999995,0.0,0.0,0.0,0.0,0.0,198.7,23768.0,44964.0,23.5,21.27,78.0,29.68,14.639999999999997,182.4,0.0,0.0,
2026-04-17T04:05:01,04/17/202604:05,20.3,0.0,0.0,51.489999999999995,0.0,0.0,0.0,0.0,0.0,198.7,23768.0,44964.0,23.5,21.259999999999998,78.0,29.68,14.589999999999998,182.2,0.0,0.0,
2026-04-17T04:06:01,04/17/202604:06,20.3,0.0,0.0,51.5,0.0,0.0,0.0,0.0,0.0,198.7,23768.0,44964.0,23.5,21.25,78.0,29.68,14.539999999999997,182.0,0.0,0.0,
2026-04-17T04:07:00,04/17/202604:07,20.3,0.0,0.0,51.5,0.0,0.0,0.0,0.0,0.0,198.7,23768.0,44964.0,23.5,21.240000000000002,78.0,29.68,14.489999999999998,181.8,0.0,0.0,
2026-04-17T04:08:17,04/17/202604:08,20.3,0.0,0.0,51.489999999999995,0.0,0.0,0.0,0.0,0.0,198.7,23768.0,44964.0,23.5,21.23,78.0,29.68,14.439999999999998,181.6,0.0,0.0,
2026-04-17T04:09:00,04/17/202604:09,20.3,0.0,0.0,51.48,0.0,0.0,0.0,0.0,0.0,198.7,23768.0,44964.0,23.5,21.22,78.0,29.68,14.389999999999997,181.4,0.0,0.0,
2026-04-17T04:10:01,04/17/202604:10,20.3,0.0,0.0,51.489999999999995,0.0,0.0,0.0,0.0,0.0,198.7,23768.0,44964.0,23.5,21.21,78.0,29.68,14.339999999999998,181.2,0.0,0.0,
2026-04-17T04:11:01,04/17/202604:11,20.3,0.0,0.0,51.489999999999995,0.0,0.0,0.0,0.0,0.0,198.7,23768.0,44964.0,23.5,21.2,78.0,29.68,14.289999999999997,181.0,0.0,0.0,
2026-04-17T04:12:00,04/17/202604:12,20.3,0.0,0.0,51.489999999999995,0.0,0.0,0.0,0.0,0.0,198.7,23768.0,44964.0,23.5,21.2,78.0,29.68,14.289999999999997,181.0,0.0,0.0,
2026-04-17T04:13:01,04/17/202604:13,20.3,0.0,0.0,51.489999999999995,0.0,0.0,0.0,0.0,0.0,198.7,23768.0,44964.0,23.5,21.2,78.0,29.68,14.289999999999997,181.0,0.0,0.0,
2026-04-17T04:14:01,04/17/202604:14,20.3,0.0,0.0,51.489999999999995,0.0,0.0,0.0,0.0,0.0,198.7,23768.0,44964.0,23.5,21.2,78.0,29.68,14.289999999999997,181.0,0.0,0.0,
2026-04-17T04:15:01,04/17/202604:15,20.3,0.0,0.0,51.489999999999995,0.0,0.0,0.0,0.0,0.0,198.7,23768.0,44964.0,23.5,21.2,78.0,29.68,14.289999999999997,181.0,0.0,0.0,
2026-04-17T04:16:01,04/17/202604:16,20.3,0.0,0.0,51.489999999999995,0.0,0.0,0.0,0.0,0.0,198.7,23768.0,44964.0,23.5,21.2,78.0,29.68,14.289999999999997,181.0,0.0,0.0,
2026-04-17T04:17:00,04/17/202604:17,20.3,0.0,0.0,51.489999999999995,0.0,0.0,0.0,0.0,0.0,198.7,23768.0,44964.0,23.5,21.19,78.1,29.683,14.289999999999997,180.9,0.0,0.0,
2026-04-17T04:18:01,04/17/202604:18,20.3,0.0,0.0,51.5,0.0,0.0,0.0,0.0,0.0,198.7,23768.0,44964.0,23.5,21.18,78.2,29.686,14.289999999999997,180.8,0.0,0.0,
2026-04-17T04:19:29,04/17/202604:19,20.3,0.0,0.0,51.510000000000005,0.0,0.0,0.0,0.0,0.0,198.7,23768.0,44964.0,23.5,21.169999999999998,78.3,29.689,14.289999999999997,180.7,0.0,0.0,
2026-04-17T04:20:00,04/17/202604:20,20.3,0.0,0.0,51.5,0.0,0.0,0.0,0.0,0.0,198.7,23768.0,44964.0,23.5,21.16,78.4,29.692,14.289999999999997,180.6,0.0,0.0,
2026-04-17T04:21:01,04/17/202604:21,20.3,0.0,0.0,51.489999999999995,0.0,0.0,0.0,0.0,0.0,198.7,23768.0,44964.0,23.4,21.15,78.5,29.695,14.289999999999997,180.5,0.0,0.0,
2026-04-17T04:22:01,04/17/202604:22,20.3,0.0,0.0,51.489999999999995,0.0,0.0,0.0,0.0,0.0,198.7,23768.0,44964.0,23.4,21.14,78.6,29.698,14.289999999999997,180.4,0.0,0.0,
2026-04-17T04:23:00,04/17/202604:23,20.3,0.0,0.0,51.489999999999995,0.0,0.0,0.0,0.0,0.0,198.7,23768.0,44964.0,23.4,21.130000000000003,78.7,29.701,14.289999999999997,180.3,0.0,0.0,
2026-04-17T04:24:01,04/17/202604:24,20.3,0.0,0.0,51.489999999999995,0.0,0.0,0.0,0.0,0.0,198.7,23768.0,44964.0,23.5,21.12,78.8,29.704,14.289999999999997,180.2,0.0,0.0,
2026-04-17T04:25:01,04/17/202604:25,20.3,0.0,0.0,51.489999999999995,0.0,0.0,0.0,0.0,0.0,198.7,23768.0,44964.0,23.5,21.110000000000003,78.9,29.707,14.289999999999997,180.1,0.0,0.0,
2026-04-17T04:26:00,04/17/202604:26,20.3,0.0,0.0,51.489999999999995,0.0,0.0,0.0,0.0,0.0,198.7,23768.0,44964.0,23.5,21.1,79.0,29.71,14.289999999999997,180.0,0.0,0.0,
2026-04-17T04:27:01,04/17/202604:27,20.3,0.0,0.0,51.489999999999995,0.0,0.0,0.0,0.0,0.0,198.7,23768.0,44964.0,23.4,21.1,79.0,29.71,14.289999999999997,180.0,0.0,0.0,
2026-04-17T04:28:01,04/17/202604:28,20.3,0.0,0.0,51.48,0.0,0.0,0.0,0.0,0.0,198.7,23768.0,44964.0,23.4,21.1,79.0,29.71,14.289999999999997,180.0,0.0,0.0,
2026-04-17T04:29:00,04/17/202604:29,20.3,0.0,0.0,51.48,0.0,0.0,0.0,0.0,0.0,198.7,23768.0,44964.0,23.4,21.1,79.0,29.71,14.289999999999997,180.0,0.0,0.0,
2026-04-17T04:30:41,04/17/202604:30,20.3,0.0,0.0,51.48,0.0,0.0,0.0,0.0,0.0,198.7,23768.0,44964.0,23.5,21.1,79.0,29.71,14.289999999999997,180.0,0.0,0.0,
2026-04-17T04:31:00,04/17/202604:31,20.3,0.0,0.0,51.489999999999995,0.0,0.0,0.0,0.0,0.0,198.7,23768.0,44964.0,23.5,21.1,79.0,29.71,14.289999999999997,180.0,0.0,0.0,
2026-04-17T04:32:00,04/17/202604:32,20.3,0.0,0.0,51.48,0.0,0.0,0.0,0.0,0.0,198.7,23768.0,44964.0,23.4,21.110000000000003,79.2,29.71,14.272,179.8,0.0,0.0,
2026-04-17T04:33:00,04/17/202604:33,20.3,0.0,0.0,51.48,0.0,0.0,0.0,0.0,0.0,198.7,23768.0,44964.0,23.5,21.12,79.4,29.71,14.229,179.6,0.0,0.0,
2026-04-17T04:34:01,04/17/202604:34,20.3,0.0,0.0,51.470000000000006,0.0,0.0,0.0,0.0,0.0,198.7,23768.0,44964.0,23.4,21.130000000000003,79.6,29.71,14.185999999999998,179.4,0.0,0.0,
2026-04-17T04:35:00,04/17/202604:35,20.3,0.0,0.0,51.470000000000006,0.0,0.0,0.0,0.0,0.0,198.7,23768.0,44964.0,23.4,21.14,79.8,29.71,14.143,179.2,0.0,0.0,
2026-04-17T04:36:00,04/17/202604:36,20.3,0.0,0.0,51.470000000000006,0.0,0.0,0.0,0.0,0.0,198.7,23768.0,44964.0,23.4,21.15,80.0,29.707,14.1,179.0,0.0,0.0,
2026-04-17T04:37:01,04/17/202604:37,20.3,0.0,0.0,51.46,0.0,0.0,0.0,0.0,0.0,198.7,23768.0,44964.0,23.4,21.16,80.2,29.704,14.056999999999999,178.8,0.0,0.0,
2026-04-17T04:38:00,04/17/202604:38,20.3,0.0,0.0,51.46,0.0,0.0,0.0,0.0,0.0,198.7,23768.0,44964.0,23.4,21.169999999999998,80.4,29.701,14.014,178.6,0.0,0.0,
2026-04-17T04:39:00,04/17/202604:39,20.3,0.0,0.0,51.46,0.0,0.0,0.0,0.0,0.0,198.7,23768.0,44964.0,23.4,21.18,80.6,29.698,13.970999999999998,178.4,0.0,0.0,
2026-04-17T04:40:00,04/17/202604:40,20.3,0.0,0.0,51.46,0.0,0.0,0.0,0.0,0.0,198.7,23768.0,44964.0,23.4,21.19,80.8,29.695,13.928,178.2,0.0,0.0,
2026-04-17T04:41:53,04/17/202604:41,20.3,0.0,0.0,51.46,0.0,0.0,0.0,0.0,0.0,198.7,23768.0,44964.0,23.4,21.2,81.0,29.692,13.885,178.0,0.0,0.0,
2026-04-17T04:42:01,04/17/202604:42,20.3,0.0,0.0,51.470000000000006,0.0,0.0,0.0,0.0,0.0,198.7,23768.0,44964.0,23.4,21.2,81.0,29.689,13.86,178.0,0.0,0.0,
2026-04-17T04:43:00,04/17/202604:43,20.3,0.0,0.0,51.46,0.0,0.0,0.0,0.0,0.0,198.7,23768.0,44964.0,23.4,21.2,81.0,29.686,13.86,178.0,0.0,0.0,
2026-04-17T04:44:00,04/17/202604:44,20.3,0.0,0.0,51.46,0.0,0.0,0.0,0.0,0.0,198.7,23768.0,44964.0,23.4,21.2,81.0,29.683,13.86,178.0,0.0,0.0,
2026-04-17T04:45:01,04/17/202604:45,20.3,0.0,0.0,51.45,0.0,0.0,0.0,0.0,0.0,198.7,23768.0,44964.0,23.4,21.2,81.0,29.68,13.86,178.0,0.0,0.0,
2026-04-17T04:46:00,04/17/202604:46,20.3,0.0,0.0,51.44,0.0,0.0,0.0,0.0,0.0,198.7,23768.0,44964.0,23.4,21.2,81.1,29.68,13.86,178.3,0.0,0.0,
2026-04-17T04:47:00,04/17/202604:47,20.3,0.0,0.0,51.44,0.0,0.0,0.0,0.0,0.0,198.7,23768.0,44964.0,23.4,21.2,81.2,29.68,13.86,178.6,0.0,0.0,
2026-04-17T04:48:01,04/17/202604:48,20.3,0.0,0.0,51.44,0.0,0.0,0.0,0.0,0.0,198.7,23768.0,44964.0,23.4,21.2,81.3,29.68,13.86,178.9,0.0,0.0,
2026-04-17T04:49:00,04/17/202604:49,20.3,0.0,0.0,51.42999999999999,0.0,0.0,0.0,0.0,0.0,198.7,23768.0,44964.0,23.4,21.2,81.4,29.68,13.86,179.2,0.0,0.0,
2026-04-17T04:50:00,04/17/202604:50,20.3,0.0,0.0,51.42,0.0,0.0,0.0,0.0,0.0,198.7,23768.0,44964.0,23.4,21.2,81.5,29.68,13.86,179.5,0.0,0.0,
2026-04-17T04:51:01,04/17/202604:51,20.3,0.0,0.0,51.42,0.0,0.0,0.0,0.0,0.0,198.7,23768.0,44964.0,23.4,21.2,81.6,29.68,13.86,179.8,0.0,0.0,
2026-04-17T04:53:04,04/17/202604:53,20.3,0.0,0.0,51.410000000000004,0.0,0.0,0.0,0.0,0.0,198.7,23768.0,44964.0,23.4,21.2,81.7,29.68,13.86,180.1,0.0,0.0,
2026-04-17T04:54:01,04/17/202604:54,20.3,0.0,0.0,51.410000000000004,0.0,0.0,0.0,0.0,0.0,198.7,23768.0,44964.0,23.4,21.2,81.8,29.68,13.86,180.4,0.0,0.0,
2026-04-17T04:55:00,04/17/202604:55,20.3,0.0,0.0,51.410000000000004,0.0,0.0,0.0,0.0,0.0,198.7,23768.0,44964.0,23.4,21.2,81.9,29.68,13.86,180.7,0.0,0.0,
2026-04-17T04:56:01,04/17/202604:56,20.3,0.0,0.0,51.4,0.0,0.0,0.0,0.0,0.0,198.7,23768.0,44964.0,23.4,21.2,82.0,29.68,13.86,181.0,0.0,0.0,
2026-04-17T04:57:01,04/17/202604:57,20.3,0.0,0.0,51.4,0.0,0.0,0.0,0.0,0.0,198.7,23768.0,44964.0,23.4,21.2,82.0,29.68,13.86,181.0,0.0,0.0,
2026-04-17T04:58:00,04/17/202604:58,20.3,0.0,0.0,51.4,0.0,0.0,0.0,0.0,0.0,198.7,23768.0,44964.0,23.4,21.2,82.0,29.68,13.86,181.0,0.0,0.0,
2026-04-17T04:59:01,04/17/202604:59,20.3,0.0,0.0,51.4,0.0,0.0,0.0,0.0,0.0,198.7,23768.0,44964.0,23.4,21.2,82.0,29.68,13.86,181.0,0.0,0.0,
2026-04-17T05:00:01,04/17/202605:00,20.3,0.0,0.0,51.4,0.0,0.0,0.0,0.0,0.0,198.7,23768.0,44964.0,23.4,21.2,82.0,29.68,13.86,181.0,0.0,0.0,
2026-04-17T05:01:00,04/17/202605:01,20.3,0.0,0.0,51.4,0.0,0.0,0.0,0.0,0.0,198.7,23768.0,44964.0,23.4,21.2,82.0,29.68,13.86,181.0,0.0,0.0,
2026-04-17T05:02:01,04/17/202605:02,20.3,0.0,0.0,51.39,0.0,0.0,0.0,0.0,0.0,198.7,23768.0,44964.0,23.4,21.19,82.1,29.68,13.903,181.0,0.0,0.0,
2026-04-17T05:03:01,04/17/202605:03,20.3,0.0,0.0,51.4,0.0,0.0,0.0,0.0,0.0,198.7,23768.0,44964.0,23.4,21.18,82.2,29.68,13.945999999999998,181.0,0.0,0.0,
2026-04-17T05:04:15,04/17/202605:04,20.3,0.0,0.0,51.4,0.0,0.0,0.0,0.0,0.0,198.7,23768.0,44964.0,23.4,21.169999999999998,82.3,29.68,13.988999999999999,181.0,0.0,0.0,
2026-04-17T05:05:00,04/17/202605:05,20.3,0.0,0.0,51.4,0.0,0.0,0.0,0.0,0.0,198.7,23768.0,44964.0,23.4,21.16,82.4,29.68,14.032,181.0,0.0,0.0,
2026-04-17T05:06:01,04/17/202605:06,20.3,0.0,0.0,51.410000000000004,0.0,0.0,0.0,0.0,0.0,198.7,23768.0,44964.0,23.4,21.15,82.5,29.68,14.075,181.0,0.0,0.0,
2026-04-17T05:07:00,04/17/202605:07,20.3,0.0,0.0,51.410000000000004,0.0,0.0,0.0,0.0,0.0,198.7,23768.0,44964.0,23.4,21.14,82.6,29.68,14.118,181.0,0.0,0.0,
2026-04-17T05:08:00,04/17/202605:08,20.3,0.0,0.0,51.410000000000004,0.0,0.0,0.0,0.0,0.0,198.7,23768.0,44964.0,23.4,21.130000000000003,82.7,29.68,14.160999999999998,181.0,0.0,0.0,
2026-04-17T05:09:00,04/17/202605:09,20.3,0.0,0.0,51.42,0.0,0.0,0.0,0.0,0.0,198.7,23768.0,44964.0,23.4,21.12,82.8,29.68,14.203999999999999,181.0,0.0,0.0,
2026-04-17T05:10:00,04/17/202605:10,20.3,0.0,0.0,51.42,0.0,0.0,0.0,0.0,0.0,198.7,23768.0,44964.0,23.4,21.110000000000003,82.9,29.68,14.247,181.0,0.0,0.0,
2026-04-17T05:11:00,04/17/202605:11,20.3,0.0,0.0,51.42,0.0,0.0,0.0,0.0,0.0,198.7,23768.0,44964.0,23.3,21.1,83.0,29.68,14.289999999999997,181.0,0.0,0.0,
2026-04-17T05:12:00,04/17/202605:12,20.3,0.0,0.0,51.410000000000004,0.0,0.0,0.0,0.0,0.0,198.7,23768.0,44964.0,23.3,21.1,83.0,29.68,14.289999999999997,181.0,0.0,0.0,
2026-04-17T05:13:00,04/17/202605:13,20.3,0.0,0.0,51.4,0.0,0.0,0.0,0.0,0.0,198.7,23768.0,44964.0,23.3,21.1,83.0,29.68,14.289999999999997,181.0,0.0,0.0,
2026-04-17T05:14:00,04/17/202605:14,20.3,0.0,0.0,51.4,0.0,0.0,0.0,0.0,0.0,198.7,23768.0,44964.0,23.4,21.1,83.0,29.68,14.289999999999997,181.0,0.0,0.0,
2026-04-17T05:15:27,04/17/202605:15,20.3,0.0,0.0,51.4,0.0,0.0,0.0,0.0,0.0,198.7,23768.0,44964.0,23.4,21.1,83.0,29.68,14.289999999999997,181.0,0.0,0.0,
2026-04-17T05:16:00,04/17/202605:16,20.3,0.0,0.0,51.4,0.0,0.0,0.0,0.0,0.0,198.7,23768.0,44964.0,23.4,21.1,83.0,29.68,14.314999999999998,181.2,0.0,0.0,
2026-04-17T05:17:01,04/17/202605:17,20.3,0.0,0.0,51.4,0.0,0.0,0.0,0.0,0.0,198.7,23768.0,44964.0,23.4,21.1,83.0,29.68,14.339999999999998,181.4,0.0,0.0,
2026-04-17T05:18:00,04/17/202605:18,20.3,0.0,0.0,51.4,0.0,0.0,0.0,0.0,0.0,198.7,23768.0,44964.0,23.3,21.1,83.0,29.68,14.364999999999998,181.6,0.0,0.0,
2026-04-17T05:19:00,04/17/202605:19,20.3,0.0,0.0,51.379999999999995,0.0,0.0,0.0,0.0,0.0,198.7,23768.0,44964.0,23.4,21.1,83.0,29.68,14.389999999999997,181.8,0.0,0.0,
2026-04-17T05:20:01,04/17/202605:20,20.3,0.0,0.0,51.379999999999995,0.0,0.0,0.0,0.0,0.0,198.7,23768.0,44964.0,23.4,21.1,83.0,29.68,14.414999999999997,182.0,0.0,0.0,
2026-04-17T05:21:00,04/17/202605:21,20.3,0.0,0.0,51.379999999999995,0.0,0.0,0.0,0.0,0.0,198.7,23768.0,44964.0,23.3,21.1,83.0,29.68,14.439999999999998,182.2,0.0,0.0,
2026-04-17T05:22:00,04/17/202605:22,20.3,0.0,0.0,51.39,0.0,0.0,0.0,0.0,0.0,198.7,23768.0,44964.0,23.3,21.1,83.0,29.68,14.464999999999998,182.4,0.0,0.0,
2026-04-17T05:22:28,04/17/202605:22,20.29,0.0,0.0,51.39,0.0,0.0,0.0,0.0,0.0,198.7,23768.0,44964.0,23.3,21.1,83.0,29.68,14.489999999999998,182.6,0.0,0.0,
2026-04-17T05:23:01,04/17/202605:23,20.28,0.0,0.0,51.39,0.0,0.0,0.0,0.0,0.0,198.7,23768.0,44964.0,23.3,21.1,83.0,29.68,14.514999999999997,182.8,0.0,0.0,
2026-04-17T05:23:29,04/17/202605:23,20.28,0.0,0.0,51.379999999999995,0.0,0.0,0.0,0.0,0.0,198.7,23768.0,44964.0,23.4,21.1,83.0,29.68,14.539999999999997,183.0,0.0,0.0,
2026-04-17T05:24:00,04/17/202605:24,20.28,0.0,0.0,51.39,0.0,0.0,0.0,0.0,0.0,198.7,23768.0,44964.0,23.3,21.1,83.0,29.68,14.539999999999997,183.0,0.0,0.0,
2026-04-17T05:24:38,04/17/202605:24,20.27,0.0,0.0,51.39,0.0,0.0,0.0,0.0,0.0,198.7,23768.0,44964.0,23.4,21.1,83.0,29.68,14.539999999999997,183.0,0.0,0.0,
2026-04-17T05:25:00,04/17/202605:25,20.259999999999998,0.0,0.0,51.39,0.0,0.0,0.0,0.0,0.0,198.7,23768.0,44964.0,23.4,21.1,83.0,29.68,14.539999999999997,183.0,0.0,0.0,
2026-04-17T05:26:38,04/17/202605:26,20.25,0.0,0.0,51.4,0.0,0.0,0.0,0.0,0.0,198.7,23768.0,44964.0,23.3,21.1,83.0,29.68,14.539999999999997,183.0,0.0,0.0,
2026-04-17T05:26:40,04/17/202605:26,20.25,0.0,0.0,51.4,0.0,0.0,0.0,0.0,0.0,198.7,23768.0,44964.0,23.3,21.1,83.0,29.68,14.539999999999997,183.0,0.0,0.0,
2026-04-17T05:27:00,04/17/202605:27,20.25,0.0,0.0,51.4,0.0,0.0,0.0,0.0,0.0,198.7,23768.0,44964.0,23.3,21.1,83.0,29.68,14.539999999999997,183.0,0.0,0.0,
2026-04-17T05:27:40,04/17/202605:27,20.240000000000002,0.0,0.0,51.4,0.0,0.0,0.0,0.0,0.0,198.7,23768.0,44964.0,23.4,21.1,83.0,29.68,14.539999999999997,183.0,0.0,0.0,
2026-04-17T05:28:01,04/17/202605:28,20.240000000000002,0.0,0.0,51.4,0.0,0.0,0.0,0.0,0.0,198.7,23768.0,44964.0,23.4,21.1,83.0,29.68,14.539999999999997,183.0,0.0,0.0,
2026-04-17T05:28:40,04/17/202605:28,20.25,0.0,0.0,51.39,0.0,0.0,0.0,0.0,0.0,198.7,23768.0,44964.0,23.3,21.1,83.0,29.68,14.539999999999997,183.0,0.0,0.0,
2026-04-17T05:29:01,04/17/202605:29,20.25,0.0,0.0,51.39,0.0,0.0,0.0,0.0,0.0,198.7,23768.0,44964.0,23.3,21.1,83.0,29.68,14.539999999999997,183.0,0.0,0.0,
2026-04-17T05:30:00,04/17/202605:30,20.25,0.0,0.0,51.379999999999995,0.0,0.0,0.0,0.0,0.0,198.7,23768.0,44964.0,23.3,21.1,83.0,29.68,14.584,182.6,0.0,0.0,
2026-04-17T05:31:01,04/17/202605:31,20.259999999999998,0.0,0.0,51.36999999999999,0.0,0.0,0.0,0.0,0.0,198.7,23768.0,44964.0,23.3,21.1,83.0,29.68,14.609,182.3,0.0,0.0,
2026-04-17T05:32:01,04/17/202605:32,20.27,0.0,0.0,51.36999999999999,0.0,0.0,0.0,0.0,0.0,198.7,23768.0,44964.0,23.3,21.1,83.0,29.68,14.634,182.0,0.0,0.0,
2026-04-17T05:33:00,04/17/202605:33,20.28,0.0,0.0,51.36999999999999,0.0,0.0,0.0,0.0,0.0,198.7,23768.0,44964.0,23.3,21.1,83.0,29.68,14.659,181.7,0.0,0.0,
2026-04-17T05:34:01,04/17/202605:34,20.28,0.0,0.0,51.36999999999999,0.0,0.0,0.0,0.0,0.0,198.7,23768.0,44964.0,23.3,21.1,82.8,29.68,14.684000000000001,181.4,0.0,0.0,
2026-04-17T05:35:01,04/17/202605:35,20.28,0.0,0.0,51.36999999999999,0.0,0.0,0.0,0.0,0.0,198.7,23768.0,44964.0,23.3,21.1,82.6,29.68,14.709,181.1,0.0,0.0,
2026-04-17T05:35:29,04/17/202605:35,20.28,0.0,0.0,51.36,0.0,0.0,0.0,0.0,0.0,198.7,23768.0,44964.0,23.3,21.1,82.4,29.68,14.734,180.8,0.0,0.0,
2026-04-17T05:36:01,04/17/202605:36,20.28,0.0,0.0,51.35,0.0,0.0,0.0,0.0,0.0,198.7,23768.0,44964.0,23.3,21.1,82.2,29.68,14.759,180.5,0.0,0.0,
2026-04-17T05:36:28,04/17/202605:36,20.28,0.0,0.0,51.36,0.0,0.0,0.0,0.0,0.0,198.7,23768.0,44964.0,23.3,21.1,82.0,29.68,14.784,180.2,0.0,0.0,
2026-04-17T05:37:49,04/17/202605:37,20.28,0.0,0.0,51.36999999999999,0.0,0.0,0.0,0.0,0.0,198.7,23768.0,44964.0,23.3,21.1,81.8,29.68,14.809000000000001,179.9,0.0,0.0,
2026-04-17T05:38:01,04/17/202605:38,20.28,0.0,0.0,51.36999999999999,0.0,0.0,0.0,0.0,0.0,198.7,23768.0,44964.0,23.3,21.1,81.6,29.68,14.789999999999997,180.0,0.0,0.0,
2026-04-17T05:39:00,04/17/202605:39,20.28,0.0,0.0,51.36999999999999,0.0,0.0,0.0,0.0,0.0,198.7,23768.0,44964.0,23.3,21.1,81.4,29.68,14.789999999999997,180.0,0.0,0.0,
2026-04-17T05:40:00,04/17/202605:40,20.28,0.0,0.0,51.36999999999999,0.0,0.0,0.0,0.0,0.0,198.7,23768.0,44964.0,23.3,21.1,81.2,29.68,14.789999999999997,180.0,0.0,0.0,
2026-04-17T05:41:00,04/17/202605:41,20.28,0.0,0.0,51.36,0.0,0.0,0.0,0.0,0.0,198.7,23768.0,44964.0,23.3,21.1,81.0,29.68,14.789999999999997,180.0,0.0,0.0,
2026-04-17T05:42:00,04/17/202605:42,20.28,0.0,0.0,51.36,0.0,0.0,0.0,0.0,0.0,198.7,23768.0,44964.0,23.3,21.1,81.0,29.68,14.789999999999997,180.0,0.0,0.0,
2026-04-17T05:43:00,04/17/202605:43,20.28,0.0,0.0,51.35,0.0,0.0,0.0,0.0,0.0,198.7,23768.0,44964.0,23.3,21.1,81.0,29.68,14.789999999999997,180.0,0.0,0.0,
2026-04-17T05:43:28,04/17/202605:43,20.28,0.0,0.0,51.36,0.0,0.0,0.0,0.0,0.0,198.7,23768.0,44964.0,23.3,21.1,81.0,29.68,14.789999999999997,180.0,0.0,0.0,
2026-04-17T05:44:00,04/17/202605:44,20.28,0.0,0.0,51.36999999999999,0.0,0.0,0.0,0.0,0.0,198.7,23768.0,44964.0,23.3,21.1,81.0,29.68,14.789999999999997,180.0,0.0,0.0,
2026-04-17T05:44:29,04/17/202605:44,20.28,0.0,0.0,51.36999999999999,0.0,0.0,0.0,0.0,0.0,198.7,23768.0,44964.0,23.3,21.1,81.0,29.68,14.789999999999997,180.0,0.0,0.0,
2026-04-17T05:45:00,04/17/202605:45,20.28,0.0,0.0,51.36,0.0,0.0,0.0,0.0,0.0,198.7,23768.0,44964.0,23.3,21.1,81.0,29.68,14.789999999999997,180.0,0.0,0.0,
2026-04-17T05:46:00,04/17/202605:46,20.28,0.0,0.0,51.339999999999996,0.0,0.0,0.0,0.0,0.0,198.7,23768.0,44964.0,23.3,21.080000000000002,81.1,29.68,14.764999999999997,180.1,0.0,0.0,
2026-04-17T05:46:39,04/17/202605:46,20.27,0.0,0.0,51.33,0.0,0.0,0.0,0.0,0.0,198.7,23768.0,44964.0,23.3,21.060000000000002,81.2,29.68,14.739999999999998,180.2,0.0,0.0,
2026-04-17T05:47:00,04/17/202605:47,20.259999999999998,0.0,0.0,51.31,0.0,0.0,0.0,0.0,0.0,198.7,23768.0,44964.0,23.3,21.04,81.3,29.68,14.714999999999998,180.3,0.0,0.0,
2026-04-17T05:47:39,04/17/202605:47,20.259999999999998,0.0,0.0,51.31,0.0,0.0,0.0,0.0,0.0,198.7,23768.0,44964.0,23.3,21.02,81.4,29.68,14.689999999999998,180.4,0.0,0.0,
2026-04-17T05:49:01,04/17/202605:49,20.259999999999998,0.0,0.0,51.31,0.0,0.0,0.0,0.0,0.0,198.7,23768.0,44964.0,23.3,21.0,81.5,29.68,14.664999999999997,180.5,0.0,0.0,
2026-04-17T05:49:39,04/17/202605:49,20.25,0.0,0.0,51.31,0.0,0.0,0.0,0.0,0.0,198.7,23768.0,44964.0,23.3,20.98,81.6,29.68,14.639999999999997,180.6,0.0,0.0,
2026-04-17T05:50:00,04/17/202605:50,20.25,0.0,0.0,51.3,0.0,0.0,0.0,0.0,0.0,198.7,23768.0,44964.0,23.3,20.96,81.7,29.68,14.614999999999998,180.7,0.0,0.0,
2026-04-17T05:50:40,04/17/202605:50,20.259999999999998,0.0,0.0,51.3,0.0,0.0,0.0,0.0,0.0,198.7,23768.0,44964.0,23.3,20.939999999999998,81.8,29.68,14.589999999999998,180.8,0.0,0.0,
2026-04-17T05:51:00,04/17/202605:51,20.259999999999998,0.0,0.0,51.3,0.0,0.0,0.0,0.0,0.0,198.7,23768.0,44964.0,23.3,20.919999999999998,81.9,29.68,14.564999999999998,180.9,0.0,0.0,
2026-04-17T05:51:39,04/17/202605:51,20.25,0.0,0.0,51.29,0.0,0.0,0.0,0.0,0.0,198.7,23768.0,44964.0,23.3,20.9,82.0,29.68,14.539999999999997,181.0,0.0,0.0,
2026-04-17T05:52:01,04/17/202605:52,20.240000000000002,0.0,0.0,51.29,0.0,0.0,0.0,0.0,0.0,198.7,23768.0,44964.0,23.3,20.9,82.0,29.68,14.539999999999997,181.0,0.0,0.0,
2026-04-17T05:52:39,04/17/202605:52,20.25,0.0,0.0,51.31,0.0,0.0,0.0,0.0,0.0,198.7,23768.0,44964.0,23.3,20.9,82.0,29.68,14.539999999999997,181.0,0.0,0.0,
2026-04-17T05:53:00,04/17/202605:53,20.259999999999998,0.0,0.0,51.33,0.0,0.0,0.0,0.0,0.0,198.7,23768.0,44964.0,23.3,20.9,82.0,29.68,14.539999999999997,181.0,0.0,0.0,
2026-04-17T05:54:01,04/17/202605:54,20.259999999999998,0.0,0.0,51.33,0.0,0.0,0.0,0.0,0.0,198.7,23768.0,44964.0,23.3,20.9,82.0,29.68,14.539999999999997,181.0,0.0,0.0,
2026-04-17T05:55:00,04/17/202605:55,20.259999999999998,0.0,0.0,51.32000000000001,0.0,0.0,0.0,0.0,0.0,198.7,23768.0,44964.0,23.3,20.9,82.0,29.68,14.539999999999997,181.0,0.0,0.0,
2026-04-17T05:56:00,04/17/202605:56,20.27,0.0,0.0,51.32000000000001,0.0,0.0,0.0,0.0,0.0,198.7,23768.0,44964.0,23.3,20.9,82.0,29.68,14.539999999999997,181.0,0.0,0.0,
2026-04-17T05:57:01,04/17/202605:57,20.28,0.0,0.0,51.32000000000001,0.0,0.0,0.0,0.0,0.0,198.7,23768.0,44964.0,23.3,20.9,82.0,29.68,14.539999999999997,181.0,0.0,0.0,
2026-04-17T05:58:00,04/17/202605:58,20.28,0.0,0.0,51.31,0.0,0.0,0.0,0.0,0.0,198.7,23768.0,44964.0,23.3,20.9,82.0,29.68,14.539999999999997,181.0,0.0,0.0,
2026-04-17T06:00:12,04/17/202606:00,20.28,0.0,0.0,51.3,0.0,0.0,0.0,0.0,0.0,198.7,23768.0,44964.0,23.3,20.9,82.0,29.68,14.539999999999997,181.0,0.0,0.0,
2026-04-17T06:01:00,04/17/202606:01,20.29,0.0,0.0,51.31,0.0,0.0,0.0,0.0,0.0,198.7,23768.0,44964.0,23.3,20.9,82.0,29.68,14.539999999999997,181.0,0.0,0.0,
2026-04-17T06:02:00,04/17/202606:02,20.3,0.0,0.0,51.31999999999999,0.0,0.0,0.0,0.0,0.0,198.7,23768.0,44964.0,23.3,20.889999999999997,82.0,29.68,14.564999999999998,180.9,0.0,0.0,
2026-04-17T06:03:01,04/17/202606:03,20.3,0.0,0.0,51.31,0.0,0.0,0.0,0.0,0.0,198.7,23768.0,44964.0,23.3,20.88,82.0,29.68,14.589999999999998,180.8,0.0,0.0,
2026-04-17T06:04:00,04/17/202606:04,20.3,0.0,0.0,51.3,0.0,0.0,0.0,0.0,0.0,198.7,23768.0,44964.0,23.2,20.869999999999997,82.0,29.68,14.614999999999998,180.7,0.0,0.0,
2026-04-17T06:05:01,04/17/202606:05,20.3,0.0,0.0,51.3,0.0,0.0,0.0,0.0,0.0,198.7,23768.0,44964.0,23.3,20.86,82.0,29.68,14.639999999999997,180.6,0.0,0.0,
2026-04-17T06:05:40,04/17/202606:05,20.29,0.0,0.0,51.31,0.0,0.0,0.0,0.0,0.0,198.7,23768.0,44964.0,23.3,20.85,82.0,29.68,14.664999999999997,180.5,0.0,0.0,
2026-04-17T06:06:01,04/17/202606:06,20.28,0.0,0.0,51.31999999999999,0.0,0.0,0.0,0.0,0.0,198.7,23768.0,44964.0,23.3,20.84,82.0,29.68,14.689999999999998,180.4,0.0,0.0,
2026-04-17T06:06:40,04/17/202606:06,20.28,0.0,0.0,51.31999999999999,0.0,0.0,0.0,0.0,0.0,198.7,23768.0,44964.0,23.2,20.830000000000002,82.0,29.68,14.714999999999998,180.3,0.0,0.0,
2026-04-17T06:07:00,04/17/202606:07,20.28,0.0,0.0,51.31999999999999,0.0,0.0,0.0,0.0,0.0,198.7,23768.0,44964.0,23.2,20.82,82.0,29.68,14.739999999999998,180.2,0.0,0.0,
2026-04-17T06:08:01,04/17/202606:08,20.28,0.0,0.0,51.33,0.0,0.0,0.0,0.0,0.0,198.7,23768.0,44964.0,23.3,20.81,82.0,29.68,14.764999999999997,180.1,0.0,0.0,
2026-04-17T06:09:00,04/17/202606:09,20.28,0.0,0.0,51.33,0.0,0.0,0.0,0.0,0.0,198.7,23768.0,44964.0,23.3,20.8,82.0,29.68,14.789999999999997,180.0,0.0,0.0,
2026-04-17T06:09:40,04/17/202606:09,20.27,0.0,0.0,51.33,0.0,0.0,0.0,0.0,0.0,198.7,23768.0,44964.0,23.2,20.8,82.0,29.68,14.789999999999997,180.0,0.0,0.0,
2026-04-17T06:10:00,04/17/202606:10,20.259999999999998,0.0,0.0,51.33,0.0,0.0,0.0,0.0,0.0,198.7,23768.0,44964.0,23.2,20.8,82.0,29.68,14.789999999999997,180.0,0.0,0.0,
2026-04-17T06:11:23,04/17/202606:11,20.259999999999998,0.0,0.0,51.339999999999996,0.0,0.0,0.0,0.0,0.0,198.7,23768.0,44964.0,23.3,20.8,82.0,29.68,14.789999999999997,180.0,0.0,0.0,
2026-04-17T06:12:00,04/17/202606:12,20.259999999999998,0.0,0.0,51.339999999999996,0.0,0.0,0.0,0.0,0.0,198.7,23768.0,44964.0,23.3,20.8,82.0,29.68,14.789999999999997,180.0,0.0,0.0,
2026-04-17T06:13:01,04/17/202606:13,20.27,0.0,0.0,51.33,0.0,0.0,0.0,0.0,0.0,198.7,23768.0,44964.0,23.2,20.8,82.0,29.68,14.789999999999997,180.0,0.0,0.0,
2026-04-17T06:14:01,04/17/202606:14,20.28,0.0,0.0,51.31999999999999,0.0,0.0,0.0,0.0,0.0,198.7,23768.0,44964.0,23.2,20.8,82.0,29.68,14.789999999999997,180.0,0.0,0.0,
2026-04-17T06:15:00,04/17/202606:15,20.28,0.0,0.0,51.31999999999999,0.0,0.0,0.0,0.0,0.0,198.7,23768.0,44964.0,23.2,20.8,82.0,29.68,14.789999999999997,180.0,0.0,0.0,
2026-04-17T06:15:51,04/17/202606:15,20.29,0.0,0.0,51.31999999999999,0.0,0.0,0.0,0.0,0.0,198.7,23768.0,44964.0,23.2,20.8,82.0,29.68,14.789999999999997,180.0,0.0,0.0,
2026-04-17T06:16:01,04/17/202606:16,20.3,0.0,0.0,51.31,0.0,0.0,0.0,0.0,0.0,198.7,23768.0,44964.0,23.2,20.8,82.0,29.68,14.789999999999997,180.0,0.0,0.0,
2026-04-17T06:17:00,04/17/202606:17,20.31,0.0,0.0,51.31,0.0,0.0,0.0,0.0,0.0,198.7,23768.0,44964.0,23.2,20.79,82.1,29.68,14.809000000000001,180.0,0.0,0.0,
2026-04-17T06:18:00,04/17/202606:18,20.330000000000002,0.0,0.0,51.31999999999999,0.0,0.0,0.0,0.0,0.0,198.7,23768.0,44964.0,23.2,20.78,82.2,29.68,14.828,180.0,0.0,0.0,
2026-04-17T06:19:01,04/17/202606:19,20.35,0.0,0.0,51.31999999999999,0.0,0.0,0.0,0.0,0.0,198.7,23768.0,44964.0,23.2,20.77,82.3,29.68,14.847,180.0,0.0,0.0,
2026-04-17T06:19:39,04/17/202606:19,20.369999999999997,0.0,0.0,51.31,0.0,0.0,0.0,0.0,0.0,198.7,23768.0,44964.0,23.2,20.759999999999998,82.4,29.68,14.866,180.0,0.0,0.0,
2026-04-17T06:20:00,04/17/202606:20,20.39,0.0,0.0,51.31,0.0,0.0,0.0,0.0,0.0,198.7,23768.0,44964.0,23.2,20.75,82.5,29.68,14.885,180.0,0.0,0.0,
2026-04-17T06:21:00,04/17/202606:21,20.41,0.0,0.0,51.31,0.0,0.0,0.0,0.0,0.0,198.7,23768.0,44964.0,23.3,20.740000000000002,82.6,29.68,14.904,180.0,0.0,0.0,
2026-04-17T06:22:34,04/17/202606:22,20.44,0.0,0.0,51.31,0.0,0.0,0.0,0.0,0.0,198.7,23768.0,44964.0,23.2,20.73,82.7,29.68,14.922999999999998,180.0,0.0,0.0,
2026-04-17T06:22:39,04/17/202606:22,20.479999999999997,0.0,0.0,51.31,0.0,0.0,0.0,0.0,0.0,198.7,23768.0,44964.0,23.2,20.72,82.8,29.68,14.942000000000002,180.0,0.0,0.0,
2026-04-17T06:23:01,04/17/202606:23,20.509999999999998,0.0,0.0,51.31,0.0,0.0,0.0,0.0,0.0,198.7,23768.0,44964.0,23.2,20.71,82.9,29.68,14.961000000000002,180.0,0.0,0.0,
2026-04-17T06:23:39,04/17/202606:23,20.55,0.0,0.0,51.3,0.0,0.0,0.0,0.0,0.0,198.7,23768.0,44964.0,23.2,20.7,83.0,29.68,14.98,180.0,0.0,0.0,
2026-04-17T06:24:01,04/17/202606:24,20.59,0.0,0.0,51.29,0.0,0.0,0.0,0.0,0.0,198.7,23768.0,44964.0,23.2,20.7,83.0,29.68,14.98,180.0,0.0,0.0,
2026-04-17T06:24:40,04/17/202606:24,20.64,0.0,0.0,51.279999999999994,0.0,0.0,0.0,0.0,0.0,198.7,23768.0,44964.0,23.2,20.7,83.0,29.68,14.98,180.0,0.0,0.0,
2026-04-17T06:25:01,04/17/202606:25,20.69,0.0,0.0,51.279999999999994,0.0,0.0,0.0,0.0,0.0,198.7,23768.0,44964.0,23.2,20.7,83.0,29.68,14.98,180.0,0.0,0.0,
2026-04-17T06:25:39,04/17/202606:25,20.740000000000002,0.0,0.0,51.279999999999994,0.0,0.0,0.0,0.0,0.0,198.7,23768.0,44964.0,23.2,20.7,83.0,29.68,14.98,180.0,0.0,0.0,
2026-04-17T06:26:00,04/17/202606:26,20.79,0.0,0.0,51.279999999999994,0.0,0.0,0.0,0.0,0.0,198.7,23768.0,44964.0,23.2,20.7,83.0,29.68,14.98,180.0,0.0,0.0,
2026-04-17T06:26:09,04/17/202606:26,20.85,0.0,0.0,51.27,0.0,0.0,0.0,0.0,0.0,198.7,23768.0,44964.0,23.2,20.7,83.0,29.68,14.98,180.0,0.0,0.0,
2026-04-17T06:27:01,04/17/202606:27,20.9,0.0,0.0,51.260000000000005,0.0,0.0,0.0,0.0,0.0,198.7,23768.0,44964.0,23.2,20.7,83.0,29.68,14.98,180.0,0.0,0.0,
2026-04-17T06:27:08,04/17/202606:27,20.96,0.0,0.0,51.260000000000005,0.0,0.0,0.0,0.0,0.0,198.7,23768.0,44964.0,23.2,20.7,83.0,29.68,14.98,180.0,0.0,0.0,
2026-04-17T06:28:01,04/17/202606:28,21.02,0.0,0.0,51.260000000000005,0.0,0.0,0.0,0.0,0.0,198.7,23768.0,44964.0,23.2,20.7,83.0,29.68,14.98,180.0,0.0,0.0,
2026-04-17T06:28:09,04/17/202606:28,21.1,0.0,0.0,51.27,0.0,0.0,0.0,0.0,0.0,198.7,23768.0,44964.0,23.2,20.7,83.0,29.68,14.98,180.0,0.0,0.0,
2026-04-17T06:29:01,04/17/202606:29,21.18,0.0,0.0,51.279999999999994,0.0,0.0,0.0,0.0,0.0,198.7,23768.0,44964.0,23.2,20.7,83.0,29.68,14.98,180.0,0.0,0.0,
2026-04-17T06:29:08,04/17/202606:29,21.29,0.0,0.0,51.27,0.0,0.0,0.0,0.0,0.0,198.7,23768.0,44964.0,23.2,20.7,83.0,29.68,14.98,180.0,0.0,0.0,
2026-04-17T06:30:01,04/17/202606:30,21.4,0.0,0.0,51.260000000000005,0.0,0.0,0.0,0.0,0.0,198.7,23768.0,44964.0,23.2,20.7,83.0,29.68,14.98,180.0,0.0,0.0,
2026-04-17T06:30:08,04/17/202606:30,21.55,0.0,0.0,51.260000000000005,0.0,0.0,0.0,0.0,0.0,198.7,23768.0,44964.0,23.2,20.7,83.0,29.68,14.98,180.0,0.0,0.0,
2026-04-17T06:31:01,04/17/202606:31,21.7,0.0,0.0,51.260000000000005,0.0,0.0,0.0,0.0,0.0,198.7,23768.0,44964.0,23.2,20.7,83.0,29.68,14.98,180.0,0.0,0.0,
2026-04-17T06:31:08,04/17/202606:31,21.9,0.0,0.0,51.260000000000005,0.0,0.0,0.0,0.0,0.0,198.7,23768.0,44964.0,23.2,20.69,83.0,29.68,15.029,180.2,0.0,0.0,
2026-04-17T06:32:01,04/17/202606:32,22.1,0.0,0.0,51.260000000000005,0.0,0.0,0.0,0.0,0.0,198.7,23768.0,44964.0,23.2,20.68,83.0,29.68,15.078,180.4,0.0,0.0,
2026-04-17T06:32:08,04/17/202606:32,22.4,0.0,0.0,51.260000000000005,0.0,0.0,0.0,0.0,0.0,198.7,23768.0,44964.0,23.2,20.669999999999998,83.0,29.68,15.127,180.6,0.0,0.0,
2026-04-17T06:33:45,04/17/202606:33,22.92,0.0,0.0,51.260000000000005,0.0,0.0,0.0,0.0,0.0,198.7,23768.0,44964.0,23.2,20.66,83.0,29.68,15.175999999999998,180.8,0.0,0.0,
2026-04-17T06:34:01,04/17/202606:34,23.41,0.0,0.0,51.260000000000005,0.0,0.0,0.0,0.0,0.0,198.7,23768.0,44964.0,23.2,20.65,83.0,29.68,15.225,181.0,0.0,0.0,
2026-04-17T06:34:09,04/17/202606:34,24.21,0.0,0.0,51.260000000000005,0.0,0.0,0.0,0.0,0.0,198.7,23768.0,44964.0,23.2,20.65,83.0,29.68,15.225,181.1,0.0,0.0,
2026-04-17T06:35:00,04/17/202606:35,24.970000000000002,0.0,0.0,51.27,0.0,0.0,0.0,0.0,0.0,198.7,23768.0,44964.0,23.2,20.65,83.0,29.68,15.225,181.2,0.0,0.0,
2026-04-17T06:35:08,04/17/202606:35,26.080000000000002,0.0,0.0,51.279999999999994,0.0,0.0,0.0,0.0,0.0,198.7,23768.0,44964.0,23.2,20.65,83.0,29.68,15.225,181.3,0.0,0.0,
2026-04-17T06:36:00,04/17/202606:36,27.140000000000004,0.0,0.0,51.279999999999994,0.0,0.0,0.0,0.0,0.0,198.7,23768.0,44964.0,23.2,20.65,83.0,29.68,15.225,181.4,0.0,0.0,
2026-04-17T06:36:08,04/17/202606:36,28.660000000000004,0.0,0.0,51.27,0.0,0.0,0.0,0.0,0.0,198.7,23768.0,44964.0,23.2,20.65,83.0,29.68,15.225,181.5,0.0,0.0,
2026-04-17T06:37:01,04/17/202606:37,30.119999999999997,0.0,0.0,51.27,0.0,0.0,0.0,0.0,0.0,198.7,23768.0,44964.0,23.2,20.66,83.0,29.68,15.175999999999998,181.4,0.0,0.0,
2026-04-17T06:37:09,04/17/202606:37,32.12,0.0,0.0,51.279999999999994,0.0,0.0,0.0,0.0,0.0,198.7,23768.0,44964.0,23.2,20.669999999999998,82.9,29.68,15.127,181.3,0.0,0.0,
2026-04-17T06:38:00,04/17/202606:38,34.0,0.0,0.0,51.279999999999994,0.0,0.0,0.0,0.0,0.0,198.7,23768.0,44964.0,23.2,20.68,82.8,29.68,15.078,181.2,0.0,0.0,
2026-04-17T06:38:08,04/17/202606:38,36.410000000000004,0.0,0.0,51.279999999999994,0.0,0.0,0.0,0.0,0.0,198.7,23768.0,44964.0,23.2,20.69,82.7,29.68,15.029,181.1,0.0,0.0,
2026-04-17T06:38:38,04/17/202606:38,39.06,0.0,0.0,51.279999999999994,0.0,0.0,0.0,0.0,0.0,198.7,23768.0,44964.0,23.2,20.7,82.6,29.68,14.98,181.0,0.0,0.0,
2026-04-17T06:39:00,04/17/202606:39,41.4,0.0,0.0,51.279999999999994,0.0,0.0,0.0,0.0,0.0,198.7,23768.0,44964.0,23.2,20.7,82.5,29.68,14.98,181.0,0.0,0.0,
2026-04-17T06:40:01,04/17/202606:40,43.74,0.0,0.0,51.279999999999994,0.0,0.0,0.0,0.0,0.0,198.7,23768.0,44964.0,23.2,20.7,82.4,29.68,14.98,181.0,0.0,0.0,
2026-04-17T06:41:00,04/17/202606:41,45.730000000000004,0.0,0.0,51.279999999999994,0.0,0.0,0.0,0.0,0.0,198.7,23768.0,44964.0,23.2,20.7,82.3,29.68,14.98,181.0,0.0,0.0,
2026-04-17T06:41:38,04/17/202606:41,47.71,0.0,0.0,51.279999999999994,0.0,0.0,0.0,0.0,0.0,198.7,23768.0,44964.0,23.2,20.7,82.2,29.68,14.98,181.0,0.0,0.0,
2026-04-17T06:42:00,04/17/202606:42,49.230000000000004,0.0,0.0,51.29,0.0,0.0,0.0,0.0,0.0,198.7,23768.0,44964.0,23.2,20.7,82.1,29.68,14.98,181.0,0.0,0.0,
2026-04-17T06:42:37,04/17/202606:42,50.760000000000005,0.0,0.0,51.3,0.0,0.0,0.0,0.0,0.0,198.7,23768.0,44964.0,23.2,20.7,82.0,29.68,14.98,181.0,0.0,0.0,
2026-04-17T06:43:00,04/17/202606:43,51.75,0.0,0.0,51.3,0.0,0.0,0.0,0.0,0.0,198.7,23768.0,44964.0,23.2,20.7,82.0,29.68,14.98,181.0,0.0,0.0,
2026-04-17T06:44:57,04/17/202606:44,52.739999999999995,0.0,0.0,51.3,0.0,0.0,0.0,0.0,0.0,198.7,23768.0,44964.0,23.2,20.7,82.0,29.68,14.98,181.0,0.0,0.0,
2026-04-17T06:45:01,04/17/202606:45,52.98,0.0,0.0,51.3,0.0,0.0,0.0,0.0,0.0,198.7,23768.0,44964.0,23.2,20.7,82.0,29.68,14.98,181.0,0.0,0.0,
2026-04-17T06:46:00,04/17/202606:46,52.98,0.0,0.0,51.3,0.0,0.0,0.0,0.0,0.0,198.7,23768.0,44964.0,23.2,20.69,82.0,29.68,14.967000000000002,181.4,0.0,0.0,
2026-04-17T06:46:38,04/17/202606:46,52.989999999999995,0.0,0.0,51.3,0.0,0.0,0.0,0.0,0.0,198.7,23768.0,44964.0,23.2,20.68,82.0,29.68,14.953999999999999,181.8,0.0,0.0,
2026-04-17T06:47:00,04/17/202606:47,53.0,0.0,0.0,51.3,0.0,0.0,0.0,0.0,0.0,198.7,23768.0,44964.0,23.2,20.669999999999998,82.0,29.68,14.940999999999999,182.2,0.0,0.0,
2026-04-17T06:48:01,04/17/202606:48,53.010000000000005,0.0,0.0,51.29,0.0,0.0,0.0,0.0,0.0,198.7,23768.0,44964.0,23.2,20.66,82.0,29.68,14.928,182.6,0.0,0.0,
2026-04-17T06:49:00,04/17/202606:49,53.029999999999994,0.0,0.0,51.279999999999994,0.0,0.0,0.0,0.0,0.0,198.7,23768.0,44964.0,23.2,20.65,82.0,29.68,14.915000000000001,183.0,0.0,0.0,
2026-04-17T06:50:00,04/17/202606:50,53.05,0.0,0.0,51.27,0.0,0.0,0.0,0.0,0.0,198.7,23768.0,44964.0,23.2,20.64,82.0,29.68,14.902000000000001,183.4,0.0,0.0,
2026-04-17T06:51:01,04/17/202606:51,53.06,0.0,0.0,51.260000000000005,0.0,0.0,0.0,0.0,0.0,198.7,23768.0,44964.0,23.2,20.630000000000003,82.0,29.68,14.889,183.8,0.0,0.0,
2026-04-17T06:52:00,04/17/202606:52,53.07000000000001,0.0,0.0,51.25,0.0,0.0,0.0,0.0,0.0,198.7,23768.0,44964.0,23.2,20.62,82.0,29.68,14.876,184.2,0.0,0.0,
2026-04-17T06:52:38,04/17/202606:52,53.089999999999996,0.0,0.0,51.23,0.0,0.0,0.0,0.0,0.0,198.7,23768.0,44964.0,23.2,20.610000000000003,82.0,29.68,14.863,184.6,0.0,0.0,
2026-04-17T06:53:00,04/17/202606:53,53.11,0.0,0.0,51.21,0.0,0.0,0.0,0.0,0.0,198.7,23768.0,44964.0,23.2,20.6,82.0,29.68,14.85,185.0,0.0,0.0,
2026-04-17T06:54:01,04/17/202606:54,53.13000000000001,0.0,0.0,51.21,0.0,0.0,0.0,0.0,0.0,198.7,23768.0,44964.0,23.2,20.6,82.0,29.68,14.85,185.0,0.0,0.0,
2026-04-17T06:56:08,04/17/202606:56,53.14,0.0,0.0,51.21,0.0,0.0,0.0,0.0,0.0,198.7,23768.0,44964.0,23.1,20.6,82.0,29.68,14.85,185.0,0.0,0.0,
2026-04-17T06:56:37,04/17/202606:56,53.160000000000004,0.0,0.0,51.21,0.0,0.0,0.0,0.0,0.0,198.7,23768.0,44964.0,23.2,20.6,82.0,29.68,14.85,185.0,0.0,0.0,
2026-04-17T06:57:01,04/17/202606:57,53.17999999999999,0.0,0.0,51.220000000000006,0.0,0.0,0.0,0.0,0.0,198.7,23768.0,44964.0,23.2,20.6,82.0,29.68,14.85,185.0,0.0,0.0,
2026-04-17T06:58:00,04/17/202606:58,53.2,0.0,0.0,51.220000000000006,0.0,0.0,0.0,0.0,0.0,198.7,23768.0,44964.0,23.1,20.6,82.0,29.68,14.85,185.0,0.0,0.0,
2026-04-17T06:58:38,04/17/202606:58,53.0,0.01,0.53,51.23,0.01,0.5123,0.5,0.0,0.0,198.7,23768.0,44964.0,23.2,20.6,82.0,29.68,14.85,185.0,0.0,0.0,0.9666037735849056
2026-04-17T06:59:01,04/17/202606:59,52.8,0.02,1.056,51.239999999999995,0.02,1.0248,1.0,0.0,0.0,198.7,23768.0,44964.0,23.2,20.6,82.0,29.68,14.85,185.0,0.0,0.0,0.9704545454545453
2026-04-17T06:59:38,04/17/202606:59,52.589999999999996,0.030000000000000006,1.5777,51.25,0.030000000000000006,1.5375000000000003,1.5,0.0,0.0,198.7,23768.0,44964.0,23.1,20.6,82.0,29.68,14.85,185.0,0.0,0.0,0.9745198706978514
2026-04-17T07:00:00,04/17/202607:00,52.370000000000005,0.04,2.0948,51.269999999999996,0.04,2.0507999999999997,2.0,0.0,0.0,198.7,23768.0,44964.0,23.1,20.6,82.0,29.68,14.85,185.0,0.0,0.0,0.9789956081726177
2026-04-17T07:00:38,04/17/202607:00,59.260000000000005,0.04,2.3704,51.29,0.04,2.0516,2.0,0.0,0.0,198.7,23768.0,44964.0,23.1,20.59,82.1,29.68,14.875,185.2,0.0,0.0,0.8655079311508607
2026-04-17T07:01:00,04/17/202607:01,66.15,0.04,2.6460000000000004,51.29,0.04,2.0516,2.0,0.0,0.0,198.7,23768.0,44964.0,23.1,20.580000000000002,82.2,29.68,14.9,185.4,0.0,0.0,0.7753590325018895
2026-04-17T07:01:38,04/17/202607:01,73.21000000000001,0.04,2.9284000000000003,51.29,0.04,2.0516,2.0,0.0,0.0,198.7,23768.0,44964.0,23.2,20.57,82.3,29.68,14.925,185.6,0.0,0.0,0.7005873514547193
2026-04-17T07:02:01,04/17/202607:02,80.26,0.04,3.2104000000000004,51.29,0.04,2.0516,2.0,0.0,0.0,198.7,23768.0,44964.0,23.2,20.560000000000002,82.4,29.68,14.95,185.8,0.0,0.0,0.6390480936954896
2026-04-17T07:02:38,04/17/202607:02,85.42999999999999,0.04,3.4172,51.279999999999994,0.04,2.0511999999999997,2.0,0.0,0.0,198.7,23768.0,44964.0,23.2,20.55,82.5,29.68,14.975,186.0,0.0,0.0,0.6002575207772445
2026-04-17T07:03:00,04/17/202607:03,90.6,0.04,3.6239999999999997,51.279999999999994,0.04,2.0511999999999997,2.0,0.0,0.0,198.7,23768.0,44964.0,23.2,20.54,82.6,29.68,15.0,186.2,0.0,0.0,0.5660044150110375
2026-04-17T07:03:38,04/17/202607:03,97.99,0.030000000000000006,2.9397,51.279999999999994,0.030000000000000006,1.5384000000000002,1.5,0.0,0.0,198.7,23768.0,44964.0,23.1,20.53,82.7,29.68,15.025,186.4,0.0,0.0,0.5233187059904072
2026-04-17T07:04:01,04/17/202607:04,105.38,0.02,2.1076,51.279999999999994,0.02,1.0255999999999998,1.0,0.0,0.0,198.7,23768.0,44964.0,23.1,20.52,82.8,29.68,15.05,186.6,0.0,0.0,0.4866198519643195
2026-04-17T07:04:38,04/17/202607:04,112.1,0.01,1.121,51.27,0.01,0.5127,0.5,0.0,0.0,198.7,23768.0,44964.0,23.2,20.509999999999998,82.9,29.68,15.075,186.8,0.0,0.0,0.45735950044603035
2026-04-17T07:05:01,04/17/202607:05,118.82000000000001,0.0,0.0,51.260000000000005,0.0,0.0,0.0,0.0,0.0,198.7,23768.0,44964.0,23.2,20.5,83.0,29.68,15.1,187.0,0.0,0.0,
2026-04-17T07:05:38,04/17/202607:05,119.19000000000001,0.0,0.0,51.260000000000005,0.0,0.0,0.0,0.0,0.0,198.7,23768.0,44964.0,23.1,20.5,83.0,29.68,15.1,187.0,0.0,0.0,
2026-04-17T07:06:00,04/17/202607:06,119.55999999999999,0.0,0.0,51.260000000000005,0.0,0.0,0.0,0.0,0.0,198.7,23768.0,44964.0,23.1,20.5,83.0,29.68,15.1,187.0,0.0,0.0,
2026-04-17T07:07:19,04/17/202607:07,119.74000000000001,0.0,0.0,51.25,0.0,0.0,0.0,0.0,0.0,198.7,23768.0,44964.0,23.1,20.5,83.0,29.68,15.1,187.0,0.0,0.0,
2026-04-17T07:07:38,04/17/202607:07,120.05999999999999,0.0,0.0,51.25,0.0,0.0,0.0,0.0,0.0,198.7,23768.0,44964.0,23.1,20.5,83.0,29.68,15.1,187.0,0.0,0.0,
2026-04-17T07:08:01,04/17/202607:08,122.25999999999999,0.0,0.0,51.260000000000005,0.0,0.0,0.0,0.0,0.0,198.7,23768.0,44964.0,23.1,20.5,83.0,29.68,15.1,187.0,0.0,0.0,
2026-04-17T07:08:38,04/17/202607:08,124.45,0.0,0.0,51.27,0.0,0.0,0.0,0.0,0.0,198.7,23768.0,44964.0,23.1,20.5,83.0,29.68,15.1,187.0,0.0,0.0,
2026-04-17T07:09:00,04/17/202607:09,124.64000000000001,0.0,0.0,51.27,0.0,0.0,0.0,0.0,0.0,198.7,23768.0,44964.0,23.1,20.5,83.0,29.68,15.1,187.0,0.0,0.0,
2026-04-17T07:09:38,04/17/202607:09,124.91,0.0,0.0,51.260000000000005,0.0,0.0,0.0,0.0,0.0,198.7,23768.0,44964.0,23.1,20.5,83.0,29.68,15.1,187.0,0.0,0.0,
2026-04-17T07:10:01,04/17/202607:10,125.85999999999999,0.0,0.0,51.260000000000005,0.0,0.0,0.0,0.0,0.0,198.7,23768.0,44964.0,23.1,20.5,83.0,29.68,15.1,187.0,0.0,0.0,
2026-04-17T07:10:39,04/17/202607:10,126.75999999999999,0.0,0.0,51.27,0.0,0.0,0.0,0.0,0.0,198.7,23768.0,44964.0,23.1,20.5,83.0,29.68,15.1,187.0,0.0,0.0,
2026-04-17T07:11:01,04/17/202607:11,126.9,0.0,0.0,51.27,0.0,0.0,0.0,0.0,0.0,198.7,23768.0,44964.0,23.1,20.5,83.0,29.68,15.1,187.0,0.0,0.0,
2026-04-17T07:11:38,04/17/202607:11,127.22,0.0,0.0,51.27,0.0,0.0,0.0,0.0,0.0,198.7,23768.0,44964.0,23.1,20.5,83.0,29.68,15.1,187.0,0.0,0.0,
2026-04-17T07:12:01,04/17/202607:12,127.55999999999999,0.0,0.0,51.279999999999994,0.0,0.0,0.0,0.0,0.0,198.7,23768.0,44964.0,23.1,20.5,83.0,29.68,15.1,187.0,0.0,0.0,
2026-04-17T07:12:39,04/17/202607:12,127.52000000000001,0.0,0.0,51.27,0.0,0.0,0.0,0.0,0.0,198.7,23768.0,44964.0,23.1,20.5,83.0,29.68,15.1,187.0,0.0,0.0,
2026-04-17T07:13:01,04/17/202607:13,127.47999999999999,0.0,0.0,51.260000000000005,0.0,0.0,0.0,0.0,0.0,198.7,23768.0,44964.0,23.1,20.5,83.0,29.68,15.1,187.0,0.0,0.0,
2026-04-17T07:13:38,04/17/202607:13,127.8,0.0,0.0,51.260000000000005,0.0,0.0,0.0,0.0,0.0,198.7,23768.0,44964.0,23.1,20.5,83.0,29.68,15.1,187.0,0.0,0.0,
2026-04-17T07:14:01,04/17/202607:14,128.12,0.0,0.0,51.260000000000005,0.0,0.0,0.0,0.0,0.0,198.7,23768.0,44964.0,23.1,20.5,83.0,29.68,15.1,187.0,0.0,0.0,
2026-04-17T07:14:38,04/17/202607:14,128.37,0.0,0.0,51.27,0.0,0.0,0.0,0.0,0.0,198.7,23768.0,44964.0,23.1,20.5,83.0,29.68,15.1,187.0,0.0,0.0,
2026-04-17T07:15:01,04/17/202607:15,128.62,0.0,0.0,51.279999999999994,0.0,0.0,0.0,0.0,0.0,198.7,23768.0,44964.0,23.1,20.5,83.0,29.68,15.1,187.0,0.0,0.0,
2026-04-17T07:15:39,04/17/202607:15,128.98999999999998,0.0,0.0,51.279999999999994,0.0,0.0,0.0,0.0,0.0,198.7,23768.0,44964.0,23.1,20.5,83.0,29.68,15.1,187.0,0.0,0.0,
2026-04-17T07:16:01,04/17/202607:16,129.35999999999999,0.0,0.0,51.279999999999994,0.0,0.0,0.0,0.0,0.0,198.7,23768.0,44964.0,23.1,20.5,83.0,29.68,15.1,187.0,0.0,0.0,
2026-04-17T07:16:38,04/17/202607:16,129.62,0.0,0.0,51.279999999999994,0.0,0.0,0.0,0.0,0.0,198.7,23768.0,44964.0,23.1,20.5,83.0,29.68,15.119,187.0,1.2,0.0,
2026-04-17T07:17:01,04/17/202607:17,129.88,0.0,0.0,51.279999999999994,0.0,0.0,0.0,0.0,0.0,198.7,23768.0,44964.0,23.1,20.5,83.0,29.68,15.138,187.0,2.4,0.0,
2026-04-17T07:18:31,04/17/202607:18,130.41,0.0,0.0,51.29,0.0,0.0,0.0,0.0,0.0,198.7,23768.0,44964.0,23.1,20.5,83.0,29.68,15.157,187.0,3.6,0.0,
2026-04-17T07:19:00,04/17/202607:19,130.94,0.0,0.0,51.3,0.0,0.0,0.0,0.0,0.0,198.7,23768.0,44964.0,23.1,20.5,83.0,29.68,15.175999999999998,187.0,4.8,0.0,
2026-04-17T07:19:25,04/17/202607:19,131.13,0.0,0.0,51.31,0.0,0.0,0.0,0.0,0.0,198.7,23768.0,44964.0,23.1,20.5,83.0,29.68,15.194999999999999,187.0,6.0,0.0,
2026-04-17T07:20:01,04/17/202607:20,131.32,0.0,0.0,51.31999999999999,0.0,0.0,0.0,0.0,0.0,198.7,23768.0,44964.0,23.1,20.5,83.0,29.68,15.213999999999999,187.0,7.2,0.0,
2026-04-17T07:20:25,04/17/202607:20,130.89000000000001,0.0,0.0,51.33,0.0,0.0,0.0,0.0,0.0,198.7,23768.0,44964.0,23.1,20.5,83.0,29.68,15.232999999999999,187.0,8.4,0.0,
2026-04-17T07:21:00,04/17/202607:21,130.45999999999998,0.0,0.0,51.339999999999996,0.0,0.0,0.0,0.0,0.0,198.7,23768.0,44964.0,23.1,20.5,83.0,29.68,15.251999999999999,187.0,9.6,0.0,
2026-04-17T07:21:25,04/17/202607:21,130.56,0.0,0.0,51.35,0.0,0.0,0.0,0.0,0.0,198.7,23768.0,44964.0,23.1,20.5,83.0,29.68,15.270999999999997,187.0,10.8,0.0,
2026-04-17T07:22:00,04/17/202607:22,130.66,0.0,0.0,51.36,0.0,0.0,0.0,0.0,0.0,198.7,23768.0,44964.0,23.1,20.5,83.0,29.68,15.289999999999997,187.0,12.0,0.0,
2026-04-17T07:22:25,04/17/202607:22,130.18,0.0,0.0,51.36999999999999,0.0,0.0,0.0,0.0,0.0,198.7,23768.0,44964.0,23.2,20.5,83.0,29.68,15.289999999999997,187.0,12.0,0.0,
2026-04-17T07:23:00,04/17/202607:23,129.7,0.0,0.0,51.379999999999995,0.0,0.0,0.0,0.0,0.0,198.7,23768.0,44964.0,23.2,20.5,83.0,29.68,15.289999999999997,187.0,12.0,0.0,
2026-04-17T07:23:25,04/17/202607:23,129.74,0.0,0.0,51.39,0.0,0.0,0.0,0.0,0.0,198.7,23768.0,44964.0,23.1,20.5,83.0,29.68,15.289999999999997,187.0,12.0,0.0,
2026-04-17T07:24:00,04/17/202607:24,129.78,0.0,0.0,51.4,0.0,0.0,0.0,0.0,0.0,198.7,23768.0,44964.0,23.1,20.5,83.0,29.68,15.289999999999997,187.0,12.0,0.0,
2026-04-17T07:24:24,04/17/202607:24,129.47,0.0,0.0,51.4,0.0,0.0,0.0,0.0,0.0,198.7,23768.0,44964.0,23.1,20.5,83.0,29.68,15.289999999999997,187.0,12.0,0.0,
2026-04-17T07:25:00,04/17/202607:25,129.16000000000003,0.0,0.0,51.4,0.0,0.0,0.0,0.0,0.0,198.7,23768.0,44964.0,23.1,20.5,83.0,29.68,15.289999999999997,187.0,12.0,0.0,
2026-04-17T07:25:25,04/17/202607:25,129.84,0.0,0.0,51.410000000000004,0.0,0.0,0.0,0.0,0.0,198.7,23768.0,44964.0,23.1,20.5,83.0,29.68,15.289999999999997,187.0,12.0,0.0,
2026-04-17T07:26:00,04/17/202607:26,130.52,0.0,0.0,51.42,0.0,0.0,0.0,0.0,0.0,198.7,23768.0,44964.0,23.1,20.5,83.0,29.68,15.289999999999997,187.0,12.0,0.0,
2026-04-17T07:26:25,04/17/202607:26,130.59,0.0,0.0,51.42999999999999,0.0,0.0,0.0,0.0,0.0,198.7,23768.0,44964.0,23.1,20.5,83.0,29.68,15.289999999999997,187.0,12.0,0.0,
2026-04-17T07:27:00,04/17/202607:27,130.66,0.0,0.0,51.44,0.0,0.0,0.0,0.0,0.0,198.7,23768.0,44964.0,23.1,20.5,83.0,29.68,15.289999999999997,187.0,12.0,0.0,
2026-04-17T07:27:24,04/17/202607:27,131.26,0.0,0.0,51.44,0.0,0.0,0.0,0.0,0.0,198.7,23768.0,44964.0,23.1,20.5,83.0,29.68,15.289999999999997,187.0,12.0,0.0,
2026-04-17T07:28:00,04/17/202607:28,131.85999999999999,0.0,0.0,51.44,0.0,0.0,0.0,0.0,0.0,198.7,23768.0,44964.0,23.1,20.5,83.0,29.68,15.289999999999997,187.0,12.0,0.0,
2026-04-17T07:29:42,04/17/202607:29,131.94,0.0,0.0,51.45,0.0,0.0,0.0,0.0,0.0,198.7,23768.0,44964.0,23.1,20.5,83.0,29.68,15.289999999999997,187.0,12.0,0.0,
2026-04-17T07:30:00,04/17/202607:30,132.02,0.0,0.0,51.46,0.0,0.0,0.0,0.0,0.0,198.7,23768.0,44964.0,23.1,20.5,83.0,29.68,15.289999999999997,187.0,12.0,0.0,
2026-04-17T07:30:24,04/17/202607:30,132.47,0.0,0.0,51.470000000000006,0.0,0.0,0.0,0.0,0.0,198.7,23768.0,44964.0,23.1,20.53,83.0,29.68,15.289999999999997,187.0,12.0,0.0,
2026-04-17T07:31:01,04/17/202607:31,132.92000000000002,0.0,0.0,51.48,0.0,0.0,0.0,0.0,0.0,198.7,23768.0,44964.0,23.1,20.56,83.0,29.68,15.289999999999997,187.0,12.0,0.0,
2026-04-17T07:31:25,04/17/202607:31,125.4,0.03,3.762,51.470000000000006,0.03,1.5441,1.5,0.0,0.0,198.7,23768.0,44964.0,23.1,20.6,83.1,29.68,15.345999999999998,187.1,15.1,0.01,0.4104465709728868
2026-04-17T07:32:00,04/17/202607:32,117.88,0.06,7.072799999999999,51.46,0.06,3.0876,3.0,0.0,0.0,198.7,23768.0,44964.0,23.1,20.64,83.2,29.68,15.401999999999997,187.2,18.2,0.02,0.4365456396335257
2026-04-17T07:32:25,04/17/202607:32,111.08,0.1,11.108,51.470000000000006,0.09,4.632300000000001,4.5,0.0,0.0,198.7,23768.0,44964.0,23.1,20.68,83.3,29.68,15.457999999999998,187.3,21.3,0.030000000000000006,0.41702376665466334
2026-04-17T07:33:01,04/17/202607:33,104.28,0.13999999999999999,14.599199999999998,51.48,0.12,6.177599999999999,6.0,0.0,0.0,198.7,23768.0,44964.0,23.1,20.72,83.4,29.68,15.514,187.4,24.4,0.04,0.4231464737793852
2026-04-17T07:33:25,04/17/202607:33,96.78,0.18,17.4204,51.5,0.15,7.725,7.5,0.0,0.0,198.7,23768.0,44964.0,23.1,20.759999999999998,83.5,29.68,15.569999999999999,187.5,27.5,0.05,0.44344561548529304
2026-04-17T07:34:01,04/17/202607:34,89.28,0.22000000000000003,19.641600000000004,51.52,0.18,9.2736,9.0,0.0,0.0,198.7,23768.0,44964.0,23.1,20.8,83.6,29.68,15.626,187.6,30.6,0.06000000000000001,0.472140762463343
2026-04-17T07:34:25,04/17/202607:34,81.67999999999999,0.26,21.2368,51.529999999999994,0.21000000000000002,10.821299999999999,10.5,0.0,0.0,198.7,23768.0,44964.0,23.1,20.839999999999996,83.7,29.68,15.681999999999999,187.7,33.7,0.07,0.5095541701197921
2026-04-17T07:35:00,04/17/202607:35,74.08,0.3,22.224,51.54,0.24,12.3696,12.0,0.0,0.0,198.7,23768.0,44964.0,23.1,20.88,83.8,29.68,15.738,187.8,36.8,0.08,0.5565874730021598
2026-04-17T07:35:25,04/17/202607:35,66.46000000000001,0.34,22.596400000000003,51.55,0.26999999999999996,13.918499999999998,13.5,0.0,0.0,198.7,23768.0,44964.0,23.1,20.889999999999997,83.9,29.68,15.794,187.9,39.9,0.09,0.6159609495317837
2026-04-17T07:36:01,04/17/202607:36,58.839999999999996,0.38,22.359199999999998,51.56,0.3,15.468,15.0,0.0,0.0,198.7,23768.0,44964.0,23.1,20.9,84.0,29.68,15.85,188.0,43.0,0.1,0.6917957708683674
2026-04-17T07:36:25,04/17/202607:36,58.910000000000004,0.39,22.9749,51.57000000000001,0.31,15.986700000000003,15.5,0.0,0.0,198.7,23768.0,44964.0,23.1,20.9,84.0,29.68,15.85,188.0,43.0,0.1,0.6958332789261324
2026-04-17T07:37:01,04/17/202607:37,58.98,0.4,23.592,51.58,0.32,16.5056,16.0,0.0,0.0,198.7,23768.0,44964.0,23.1,20.9,84.0,29.68,15.85,188.0,43.0,0.1,0.6996269922007461
2026-04-17T07:37:25,04/17/202607:37,58.35,0.4,23.340000000000003,51.58,0.32999999999999996,17.021399999999996,16.5,0.0,0.0,198.7,23768.0,44964.0,23.1,20.9,84.0,29.68,15.85,188.0,43.0,0.1,0.7292802056555268
2026-04-17T07:38:01,04/17/202607:38,57.720000000000006,0.4,23.088000000000005,51.58,0.33999999999999997,17.5372,17.0,0.0,0.0,198.7,23768.0,44964.0,23.1,20.9,84.0,29.68,15.85,188.0,43.0,0.1,0.7595807345807344
2026-04-17T07:38:26,04/17/202607:38,57.92999999999999,0.4,23.171999999999997,51.589999999999996,0.35,18.056499999999996,17.5,0.0,0.0,198.7,23768.0,44964.0,23.1,20.9,84.0,29.68,15.85,188.0,43.0,0.1,0.7792378732953564
2026-04-17T07:39:01,04/17/202607:39,58.14,0.4,23.256,51.6,0.36,18.576,18.0,0.0,0.0,198.7,23768.0,44964.0,23.1,20.9,84.0,29.68,15.85,188.0,43.0,0.1,0.7987616099071208
2026-04-17T07:39:25,04/17/202607:39,58.42,0.4,23.368000000000002,51.61,0.38,19.6118,19.0,0.0,0.0,198.7,23768.0,44964.0,23.1,20.9,84.0,29.68,15.85,188.0,43.0,0.1,0.8392588154741526
2026-04-17T07:40:53,04/17/202607:40,58.7,0.4,23.480000000000004,51.629999999999995,0.39,20.1357,19.5,0.0,0.0,198.7,23768.0,44964.0,23.1,20.9,84.0,29.68,15.85,188.0,43.0,0.1,0.8575681431005109
2026-04-17T07:41:00,04/17/202607:41,58.970000000000006,0.4,23.588000000000005,51.65,0.4,20.66,20.0,0.0,0.0,198.7,23768.0,44964.0,23.1,20.9,84.0,29.68,15.85,188.0,43.0,0.1,0.8758690859759198
2026-04-17T07:41:25,04/17/202607:41,62.33,0.39,24.3087,51.660000000000004,0.4,20.664,20.0,0.0,0.0,198.7,23768.0,44964.0,23.1,20.9,84.0,29.68,15.85,188.0,43.0,0.1,0.8500660257438695
2026-04-17T07:41:43,04/17/202607:41,65.59,0.38,24.924200000000003,51.69,0.4,20.676000000000002,20.0,0.0,0.0,198.7,23768.0,44964.0,23.1,20.9,84.0,29.68,15.85,188.0,43.0,0.1,0.8295552114009678
2026-04-17T07:42:00,04/17/202607:42,68.85,0.37,25.4745,51.720000000000006,0.4,20.688000000000002,20.0,0.0,0.0,198.7,23768.0,44964.0,23.1,20.9,84.0,29.68,15.85,188.0,43.0,0.1,0.8121062238709299
2026-04-17T07:42:44,04/17/202607:42,69.03999999999999,0.37,25.544799999999995,51.739999999999995,0.4,20.695999999999998,20.0,0.0,0.0,198.7,23768.0,44964.0,23.0,20.9,84.0,29.68,15.85,188.0,43.0,0.1,0.8101844602423978
2026-04-17T07:43:00,04/17/202607:43,69.22999999999999,0.37,25.615099999999995,51.760000000000005,0.4,20.704000000000004,20.0,0.0,0.0,198.7,23768.0,44964.0,23.0,20.9,84.0,29.68,15.85,188.0,43.0,0.1,0.8082732450780988
2026-04-17T07:44:00,04/17/202607:44,69.26,0.37,25.6262,51.77,0.4,20.708000000000002,20.0,0.0,0.0,198.7,23768.0,44964.0,23.0,20.9,84.0,29.68,15.85,188.0,43.0,0.1,0.8080792314116022
2026-04-17T07:44:44,04/17/202607:44,69.21000000000001,0.37,25.6077,51.79,0.41000000000000003,21.233900000000002,20.5,0.0,0.0,198.7,23768.0,44964.0,23.1,20.9,84.0,29.68,15.85,188.0,43.0,0.1,0.8291998109943494
2026-04-17T07:45:00,04/17/202607:45,69.16,0.37,25.589199999999998,51.81,0.41000000000000003,21.242100000000004,20.5,0.0,0.0,198.7,23768.0,44964.0,23.1,20.9,84.0,29.68,15.85,188.0,43.0,0.1,0.830119738014475
2026-04-17T07:45:43,04/17/202607:45,69.12,0.37,25.5744,51.81999999999999,0.42000000000000004,21.7644,21.0,0.0,0.0,198.7,23768.0,44964.0,23.0,20.9,84.0,29.68,15.85,188.0,43.0,0.1,0.8510228978978979
2026-04-17T07:46:00,04/17/202607:46,69.08,0.37,25.5596,51.83,0.43,22.2869,21.5,0.0,0.0,198.7,23768.0,44964.0,23.0,20.9,84.0,29.68,15.85,188.0,43.0,0.1,0.8719580901109564
2026-04-17T07:46:44,04/17/202607:46,65.96000000000001,0.38,25.0648,51.86,0.45999999999999996,23.8556,23.1,0.0,0.0,198.7,23768.0,44964.0,23.0,20.93,84.1,29.683,15.856,188.2,46.9,0.11000000000000001,0.9517570457374485
2026-04-17T07:47:00,04/17/202607:47,62.839999999999996,0.39,24.5076,51.879999999999995,0.48,24.902399999999997,24.2,0.0,0.0,198.7,23768.0,44964.0,23.0,20.96,84.2,29.686,15.862,188.4,50.8,0.12000000000000002,1.016109288547226
2026-04-17T07:47:44,04/17/202607:47,63.14,0.41000000000000003,25.887400000000003,51.9,0.5,25.95,25.3,0.0,0.0,198.7,23768.0,44964.0,23.0,20.99,84.3,29.689,15.868,188.6,54.7,0.13,1.002418164821496
2026-04-17T07:48:00,04/17/202607:48,66.5,0.42000000000000004,27.930000000000003,51.92,0.52,26.9984,26.4,0.0,0.0,198.7,23768.0,44964.0,23.0,21.02,84.4,29.692,15.874,188.8,58.6,0.14,0.9666451843895452
2026-04-17T07:48:43,04/17/202607:48,69.83,0.44000000000000006,30.725200000000005,51.96,0.55,28.578000000000003,28.0,0.0,0.0,198.7,23768.0,44964.0,23.0,21.05,84.5,29.695,15.88,189.0,62.5,0.15,0.9301159959902621
2026-04-17T07:49:01,04/17/202607:49,73.16,0.45999999999999996,33.6536,52.0,0.58,30.159999999999997,29.6,0.0,0.0,198.7,23768.0,44964.0,23.0,21.08,84.6,29.698,15.886000000000001,189.2,66.4,0.16,0.8961894121282715
2026-04-17T07:49:44,04/17/202607:49,76.58,0.47000000000000003,35.9926,52.02,0.6,31.212,30.7,0.0,0.0,198.7,23768.0,44964.0,23.0,21.11,84.7,29.701,15.892,189.4,70.3,0.17,0.8671782533076242
2026-04-17T07:49:51,04/17/202607:49,80.0,0.48,38.4,52.06,0.61,31.756600000000002,31.3,0.0,0.0,198.7,23768.0,44964.0,23.0,21.139999999999997,84.8,29.704,15.898,189.6,74.2,0.18,0.8269947916666668
2026-04-17T07:50:00,04/17/202607:50,83.41,0.49000000000000005,40.8709,52.1,0.6199999999999999,32.30199999999999,31.9,0.0,0.0,198.7,23768.0,44964.0,23.0,21.169999999999998,84.9,29.707,15.904,189.8,78.1,0.19,0.7903422728640669
2026-04-17T07:50:50,04/17/202607:50,86.46000000000001,0.49000000000000005,42.36540000000001,52.14,0.63,32.8482,32.5,0.0,0.0,198.7,23768.0,44964.0,23.0,21.2,85.0,29.71,15.91,190.0,82.0,0.2,0.7753544165757904
2026-04-17T07:52:05,04/17/202607:52,89.51,0.49000000000000005,43.8599,52.17999999999999,0.6199999999999999,32.35159999999999,32.0,0.0,0.0,198.7,23768.0,44964.0,23.0,21.2,85.0,29.71,15.91,190.0,82.0,0.2,0.7376122608578676
2026-04-17T07:53:00,04/17/202607:53,92.55999999999999,0.49000000000000005,45.3544,52.220000000000006,0.61,31.854200000000002,31.5,0.0,0.0,198.7,23768.0,44964.0,23.0,21.2,85.0,29.71,15.91,190.0,82.0,0.2,0.7023397950364243
2026-04-17T07:53:51,04/17/202607:53,92.52,0.49000000000000005,45.3348,52.260000000000005,0.61,31.878600000000002,31.5,0.0,0.0,198.7,23768.0,44964.0,23.0,21.2,85.0,29.71,15.91,190.0,82.0,0.2,0.7031816617697663
2026-04-17T07:54:00,04/17/202607:54,92.47999999999999,0.49000000000000005,45.3152,52.3,0.61,31.903,31.5,0.0,0.0,198.7,23768.0,44964.0,23.0,21.2,85.0,29.71,15.91,190.0,82.0,0.2,0.7040242567615281
2026-04-17T07:54:50,04/17/202607:54,92.47999999999999,0.47000000000000003,43.465599999999995,52.32000000000001,0.59,30.868800000000004,30.5,0.0,0.0,198.7,23768.0,44964.0,23.0,21.2,85.0,29.71,15.91,190.0,82.0,0.2,0.7101892070971069
2026-04-17T07:55:00,04/17/202607:55,92.47999999999999,0.45,41.616,52.339999999999996,0.5700000000000001,29.8338,29.5,0.0,0.0,198.7,23768.0,44964.0,23.0,21.2,85.0,29.71,15.91,190.0,82.0,0.2,0.7168829296424453
2026-04-17T07:56:00,04/17/202607:56,92.47,0.44000000000000006,40.686800000000005,52.36999999999999,0.55,28.803499999999996,28.5,0.0,0.0,198.7,23768.0,44964.0,23.0,21.2,85.0,29.71,15.91,190.0,82.0,0.2,0.7079323023683355
2026-04-17T07:56:51,04/17/202607:56,92.59,0.43,39.813700000000004,52.39,0.54,28.2906,27.5,0.0,0.0,198.7,23768.0,44964.0,23.0,21.2,85.0,29.71,15.91,190.0,82.0,0.2,0.7105745007371834
2026-04-17T07:57:01,04/17/202607:57,92.71000000000001,0.42000000000000004,38.93820000000001,52.410000000000004,0.53,27.777300000000004,26.5,0.0,0.0,198.7,23768.0,44964.0,23.0,21.2,85.0,29.71,15.91,190.0,82.0,0.2,0.713368876835601
2026-04-17T07:57:50,04/17/202607:57,93.17999999999999,0.42000000000000004,39.135600000000004,52.42999999999999,0.51,26.739299999999997,25.5,0.0,0.0,198.7,23768.0,44964.0,23.1,21.2,85.0,29.71,15.91,190.0,82.0,0.2,0.6832474779995705
2026-04-17T07:58:00,04/17/202607:58,93.64,0.42000000000000004,39.3288,52.44,0.5,26.22,25.0,0.0,0.0,198.7,23768.0,44964.0,23.1,21.2,85.0,29.71,15.91,190.0,82.0,0.2,0.6666870079941416
2026-04-17T07:58:51,04/17/202607:58,94.11,0.42000000000000004,39.5262,52.45,0.49000000000000005,25.700500000000005,24.5,0.0,0.0,198.7,23768.0,44964.0,23.1,21.2,85.0,29.71,15.91,190.0,82.0,0.2,0.6502142882442533
2026-04-17T07:59:00,04/17/202607:59,94.25,0.41000000000000003,38.642500000000005,52.46,0.47000000000000003,24.656200000000002,23.5,0.0,0.0,198.7,23768.0,44964.0,23.1,21.2,85.0,29.71,15.91,190.0,82.0,0.2,0.6380591317849518
2026-04-17T07:59:50,04/17/202607:59,94.0,0.4,37.6,52.48,0.45,23.616,22.5,0.0,0.0,198.7,23768.0,44964.0,23.0,21.2,85.0,29.71,15.91,190.0,82.0,0.2,0.6280851063829787
2026-04-17T08:00:01,04/17/202608:00,93.74,0.4,37.496,52.5,0.44000000000000006,23.1,22.0,0.0,0.0,198.7,23768.0,44964.0,23.0,21.2,85.0,29.71,15.91,190.0,82.0,0.2,0.6160657136761255
2026-04-17T08:00:50,04/17/202608:00,93.5,0.4,37.4,52.52,0.43,22.5836,21.5,0.0,0.0,198.7,23768.0,44964.0,23.0,21.229999999999997,85.0,29.71,15.928,190.0,86.6,0.21000000000000002,0.6038395721925134
2026-04-17T08:01:00,04/17/202608:01,93.26,0.4,37.304,52.54,0.42000000000000004,22.0668,21.0,0.0,0.0,198.7,23768.0,44964.0,23.0,21.259999999999998,85.0,29.71,15.946000000000002,190.0,91.2,0.22000000000000003,0.5915397812567017
2026-04-17T08:02:00,04/17/202608:02,92.89,0.4,37.156,52.55,0.41000000000000003,21.5455,21.0,0.0,0.0,198.7,23768.0,44964.0,23.1,21.29,85.0,29.71,15.963999999999999,190.0,95.8,0.22999999999999998,0.5798659705027452
2026-04-17T08:03:17,04/17/202608:03,93.22,0.41000000000000003,38.220200000000006,52.57000000000001,0.41000000000000003,21.553700000000006,21.5,0.0,0.0,198.7,23768.0,44964.0,23.0,21.32,85.0,29.71,15.982,190.0,100.4,0.24,0.5639347779446472
2026-04-17T08:03:41,04/17/202608:03,93.09,0.42000000000000004,39.09780000000001,52.58,0.43,22.609399999999997,22.5,0.0,0.0,198.7,23768.0,44964.0,23.0,21.35,85.0,29.71,16.0,190.0,105.0,0.25,0.5782780616812198
2026-04-17T08:04:00,04/17/202608:04,92.96000000000001,0.43,39.9728,52.589999999999996,0.45,23.665499999999998,23.5,0.0,0.0,198.7,23768.0,44964.0,23.0,21.380000000000003,85.0,29.71,16.018,190.0,109.6,0.26,0.5920400872593363
2026-04-17T08:05:01,04/17/202608:05,92.82000000000001,0.44000000000000006,40.84080000000001,52.61,0.47000000000000003,24.7267,24.5,0.0,0.0,198.7,23768.0,44964.0,23.0,21.41,85.0,29.71,16.036,190.0,114.2,0.27,0.6054411274999509
2026-04-17T08:05:40,04/17/202608:05,93.41,0.43,40.1663,52.63000000000001,0.48,25.262400000000003,25.0,0.0,0.0,198.7,23768.0,44964.0,23.0,21.44,85.0,29.71,16.054,190.0,118.8,0.27999999999999997,0.6289451604952411
2026-04-17T08:06:00,04/17/202608:06,94.39,0.42000000000000004,39.643800000000006,52.64,0.49000000000000005,25.7936,25.5,0.0,0.0,198.7,23768.0,44964.0,23.0,21.47,85.0,29.71,16.072,190.0,123.4,0.29,0.6506338948334922
2026-04-17T08:06:41,04/17/202608:06,94.44,0.42000000000000004,39.6648,52.660000000000004,0.5,26.330000000000002,26.0,0.0,0.0,198.7,23768.0,44964.0,23.0,21.5,85.0,29.71,16.09,190.0,128.0,0.3,0.663812750852141
2026-04-17T08:07:00,04/17/202608:07,94.47,0.42000000000000004,39.677400000000006,52.67999999999999,0.51,26.866799999999998,26.5,0.0,0.0,198.7,23768.0,44964.0,23.0,21.5,85.0,29.71,16.09,190.0,128.0,0.3,0.677131062015152
2026-04-17T08:07:41,04/17/202608:07,94.51,0.42000000000000004,39.69420000000001,52.7,0.52,27.404000000000003,27.0,0.0,0.0,198.7,23768.0,44964.0,23.0,21.5,85.0,29.71,16.09,190.0,128.0,0.3,0.6903779393463024
2026-04-17T08:08:01,04/17/202608:08,94.55,0.42000000000000004,39.711000000000006,52.720000000000006,0.53,27.941600000000005,27.5,0.0,0.0,198.7,23768.0,44964.0,23.0,21.5,85.0,29.71,16.09,190.0,128.0,0.3,0.703623681095918
2026-04-17T08:08:40,04/17/202608:08,94.94000000000001,0.41,38.9254,52.739999999999995,0.53,27.952199999999998,27.5,0.0,0.0,198.7,23768.0,44964.0,23.0,21.5,85.0,29.71,16.09,190.0,128.0,0.3,0.7180966669578218
2026-04-17T08:09:00,04/17/202608:09,95.8,0.4,38.32,52.77,0.52,27.440400000000004,27.0,0.0,0.0,198.7,23768.0,44964.0,23.0,21.5,85.0,29.71,16.09,190.0,128.0,0.3,0.7160855949895617
2026-04-17T08:09:41,04/17/202608:09,96.07000000000001,0.4,38.428000000000004,52.8,0.51,26.927999999999997,26.5,0.0,0.0,198.7,23768.0,44964.0,23.0,21.5,85.0,29.71,16.09,190.0,128.0,0.3,0.7007390444467574
2026-04-17T08:10:00,04/17/202608:10,96.34,0.4,38.536,52.82000000000001,0.5,26.410000000000004,26.0,0.0,0.0,198.7,23768.0,44964.0,23.0,21.5,85.0,29.71,16.09,190.0,128.0,0.3,0.6853331949346066
2026-04-17T08:10:40,04/17/202608:10,95.85,0.42000000000000004,40.257,52.839999999999996,0.51,26.9484,26.5,0.0,0.0,198.7,23768.0,44964.0,23.0,21.5,85.0,29.71,16.09,190.0,128.0,0.3,0.6694090468738356
2026-04-17T08:11:00,04/17/202608:11,95.36,0.44000000000000006,41.958400000000005,52.86,0.52,27.4872,27.0,0.0,0.0,198.7,23768.0,44964.0,23.0,21.5,85.0,29.71,16.09,190.0,128.0,0.3,0.65510600976205
2026-04-17T08:11:41,04/17/202608:11,97.12,0.43,41.7616,52.879999999999995,0.53,28.0264,27.5,0.0,0.0,198.7,23768.0,44964.0,23.0,21.5,85.0,29.71,16.09,190.0,128.0,0.3,0.6711045553810199
2026-04-17T08:12:00,04/17/202608:12,98.88,0.42000000000000004,41.5296,52.9,0.54,28.566000000000003,28.0,0.0,0.0,198.7,23768.0,44964.0,23.0,21.5,85.0,29.71,16.09,190.0,128.0,0.3,0.6878467406380028
2026-04-17T08:12:40,04/17/202608:12,99.38,0.43,42.733399999999996,52.92,0.55,29.106,28.5,0.0,0.0,198.7,23768.0,44964.0,23.0,21.5,85.0,29.71,16.09,190.0,128.0,0.3,0.6811065817370021
2026-04-17T08:13:01,04/17/202608:13,99.88,0.44000000000000006,43.9472,52.94,0.5599999999999999,29.646399999999996,29.0,0.0,0.0,198.7,23768.0,44964.0,23.0,21.5,85.0,29.71,16.09,190.0,128.0,0.3,0.6745913277751482
2026-04-17T08:14:28,04/17/202608:14,99.34,0.45,44.703,52.96,0.5700000000000001,30.187200000000004,29.5,0.0,0.0,198.7,23768.0,44964.0,23.0,21.5,85.0,29.71,16.09,190.0,128.0,0.3,0.6752835380175828
2026-04-17T08:14:41,04/17/202608:14,99.88,0.45,44.946,52.970000000000006,0.59,31.2523,30.6,0.0,0.0,198.7,23768.0,44964.0,23.0,21.5,85.0,29.71,16.09,190.0,128.0,0.3,0.6953299514973524
2026-04-17T08:15:00,04/17/202608:15,101.01,0.44000000000000006,44.44440000000001,52.98,0.61,32.3178,31.7,0.0,0.0,198.7,23768.0,44964.0,23.0,21.5,85.0,29.71,16.09,190.0,128.0,0.3,0.7271512271512269
2026-04-17T08:15:40,04/17/202608:15,99.97999999999999,0.44000000000000006,43.9912,53.0,0.6199999999999999,32.85999999999999,32.2,0.0,0.0,198.7,23768.0,44964.0,23.0,21.52,85.0,29.71,16.165,190.1,132.6,0.31999999999999995,0.7469675753332483
2026-04-17T08:16:01,04/17/202608:16,98.97999999999999,0.44000000000000006,43.5512,53.02,0.6199999999999999,32.8724,32.2,0.0,0.0,198.7,23768.0,44964.0,23.0,21.54,85.0,29.71,16.240000000000002,190.2,137.2,0.33999999999999997,0.7547989492826833
2026-04-17T08:16:41,04/17/202608:16,97.99,0.45,44.0955,53.05,0.6199999999999999,32.89099999999999,32.2,0.0,0.0,198.7,23768.0,44964.0,23.0,21.56,85.0,29.71,16.315,190.3,141.8,0.36,0.7459037770294019
2026-04-17T08:17:00,04/17/202608:17,95.67999999999999,0.48,45.926399999999994,53.07000000000001,0.6199999999999999,32.9034,32.2,0.0,0.0,198.7,23768.0,44964.0,23.0,21.580000000000002,85.0,29.71,16.39,190.4,146.4,0.38,0.7164376045150502
2026-04-17T08:17:41,04/17/202608:17,95.4,0.49000000000000005,46.74600000000001,53.089999999999996,0.6399999999999999,33.977599999999995,33.3,0.0,0.0,198.7,23768.0,44964.0,23.0,21.6,85.0,29.71,16.465,190.5,151.0,0.4,0.726855773756043
2026-04-17T08:18:00,04/17/202608:18,96.37,0.48,46.257600000000004,53.11,0.6599999999999999,35.0526,34.4,0.0,0.0,198.7,23768.0,44964.0,23.0,21.619999999999997,85.0,29.71,16.54,190.6,155.6,0.42000000000000004,0.7577695340873715
2026-04-17T08:18:40,04/17/202608:18,95.78,0.48,45.974399999999996,53.14,0.67,35.6038,35.0,0.0,0.0,198.7,23768.0,44964.0,23.0,21.64,85.0,29.71,16.615000000000002,190.7,160.2,0.44000000000000006,0.7744266374330062
2026-04-17T08:19:01,04/17/202608:19,95.17999999999999,0.48,45.68639999999999,53.160000000000004,0.6799999999999999,36.1488,35.6,0.0,0.0,198.7,23768.0,44964.0,23.0,21.66,85.0,29.71,16.69,190.8,164.8,0.45999999999999996,0.7912376549695316
2026-04-17T08:19:41,04/17/202608:19,93.51,0.49000000000000005,45.819900000000004,53.2,0.6799999999999999,36.176,35.6,0.0,0.0,198.7,23768.0,44964.0,23.0,21.7,85.0,29.71,16.759,190.0,169.7,0.48,0.789525948332493
2026-04-17T08:20:00,04/17/202608:20,91.84,0.5,45.92,53.239999999999995,0.6799999999999999,36.203199999999995,35.6,0.0,0.0,198.7,23768.0,44964.0,23.0,21.74,85.0,29.71,16.828,189.2,174.6,0.5,0.7883972125435539
2026-04-17T08:20:41,04/17/202608:20,93.74,0.5,46.87,53.27,0.7,37.289,36.7,0.0,0.0,198.7,23768.0,44964.0,23.0,21.759999999999998,85.0,29.71,16.822,188.3,174.9,0.5,0.7955835289097505
2026-04-17T08:21:00,04/17/202608:21,95.64,0.5,47.82,53.3,0.72,38.376,37.8,0.0,0.0,198.7,23768.0,44964.0,23.0,21.779999999999998,85.0,29.71,16.816,187.4,175.2,0.5,0.8025094102885821
2026-04-17T08:21:41,04/17/202608:21,96.58,0.5,48.29,53.33,0.73,38.9309,38.4,0.0,0.0,198.7,23768.0,44964.0,23.0,21.8,85.0,29.71,16.81,186.5,175.5,0.5,0.8061896873058605
2026-04-17T08:22:01,04/17/202608:22,97.52000000000001,0.5,48.760000000000005,53.36,0.74,39.486399999999996,39.0,0.0,0.0,198.7,23768.0,44964.0,23.0,21.82,85.0,29.71,16.804000000000002,185.6,175.8,0.5,0.8098113207547168
2026-04-17T08:22:41,04/17/202608:22,96.44,0.52,50.1488,53.39,0.74,39.5086,39.0,0.0,0.0,198.7,23768.0,44964.0,23.0,21.839999999999996,85.0,29.71,16.798000000000002,184.7,176.1,0.5,0.7878274255814696
2026-04-17T08:23:00,04/17/202608:23,95.36,0.54,51.494400000000006,53.42,0.74,39.5308,39.0,0.0,0.0,198.7,23768.0,44964.0,23.0,21.86,85.0,29.71,16.792,183.8,176.4,0.5,0.7676718245090727
2026-04-17T08:23:41,04/17/202608:23,97.19,0.54,52.482600000000005,53.44,0.74,39.5456,39.0,0.0,0.0,198.7,23768.0,44964.0,23.0,21.88,85.0,29.71,16.786,182.9,176.7,0.5,0.753499254991178
2026-04-17T08:24:01,04/17/202608:24,99.02000000000001,0.54,53.47080000000001,53.46,0.74,39.5604,39.0,0.0,0.0,198.7,23768.0,44964.0,23.0,21.9,85.0,29.71,16.78,182.0,177.0,0.5,0.7398505352454048
2026-04-17T08:25:39,04/17/202608:25,100.15,0.5599999999999999,56.083999999999996,53.48,0.74,39.575199999999995,39.0,0.0,0.0,198.7,23768.0,44964.0,23.0,21.9,85.0,29.71,16.78,182.0,177.0,0.5,0.7056415376934598
2026-04-17T08:25:41,04/17/202608:25,101.22999999999999,0.58,58.71339999999999,53.5,0.75,40.125,39.5,0.0,0.0,198.7,23768.0,44964.0,23.0,21.9,85.0,29.71,16.78,182.0,177.0,0.5,0.6834044698484504
2026-04-17T08:26:00,04/17/202608:26,100.9,0.6,60.54,53.52,0.75,40.14,39.5,0.0,0.0,198.7,23768.0,44964.0,23.0,21.9,85.0,29.71,16.78,182.0,177.0,0.5,0.6630327056491576
2026-04-17T08:26:41,04/17/202608:26,101.32000000000001,0.6,60.792,53.54,0.75,40.155,39.5,0.0,0.0,198.7,23768.0,44964.0,23.0,21.9,85.0,29.71,16.78,182.0,177.0,0.5,0.6605309909198579
2026-04-17T08:27:01,04/17/202608:27,102.69000000000001,0.59,60.58710000000001,53.55,0.76,40.698,40.0,0.0,0.0,198.7,23768.0,44964.0,23.0,21.9,85.0,29.71,16.78,182.0,177.0,0.5,0.671727149838827
2026-04-17T08:27:41,04/17/202608:27,103.57000000000001,0.58,60.0706,53.58,0.77,41.2566,40.5,0.0,0.0,198.7,23768.0,44964.0,23.0,21.9,85.0,29.71,16.78,182.0,177.0,0.5,0.6868018631410374
2026-04-17T08:28:01,04/17/202608:28,104.44000000000001,0.5700000000000001,59.53080000000001,53.61,0.77,41.2797,40.5,0.0,0.0,198.7,23768.0,44964.0,23.0,21.9,85.0,29.71,16.78,182.0,177.0,0.5,0.6934175250458584
2026-04-17T08:28:41,04/17/202608:28,105.30999999999999,0.5700000000000001,60.0267,53.64,0.77,41.302800000000005,40.6,0.0,0.0,198.7,23768.0,44964.0,23.0,21.9,85.0,29.71,16.78,182.0,177.0,0.5,0.6880738071558158
2026-04-17T08:29:00,04/17/202608:29,104.83,0.58,60.801399999999994,53.67,0.78,41.8626,41.2,0.0,0.0,198.7,23768.0,44964.0,23.0,21.9,85.0,29.71,16.78,182.0,177.0,0.5,0.6885137513280944
2026-04-17T08:29:41,04/17/202608:29,105.63,0.5700000000000001,60.20910000000001,53.7,0.78,41.886,41.2,0.0,0.0,198.7,23768.0,44964.0,23.0,21.9,85.0,29.71,16.78,182.0,177.0,0.5,0.6956755706363323
2026-04-17T08:30:01,04/17/202608:30,107.12,0.54,57.844800000000006,53.720000000000006,0.78,41.90160000000001,41.2,0.0,0.0,198.7,23768.0,44964.0,23.0,21.9,85.0,29.71,16.78,182.0,177.0,0.5,0.7243797195253506
2026-04-17T08:30:41,04/17/202608:30,107.45,0.53,56.9485,53.75,0.78,41.925000000000004,41.3,0.0,0.0,198.7,23768.0,44964.0,23.0,21.9,85.0,29.71,16.78,182.0,177.0,0.5,0.7361914712415604
2026-04-17T08:31:01,04/17/202608:31,107.78,0.52,56.0456,53.779999999999994,0.78,41.9484,41.4,0.0,0.0,198.7,23768.0,44964.0,23.0,21.9,85.0,29.71,16.78,182.0,177.0,0.5,0.74846910372982
2026-04-17T08:31:41,04/17/202608:31,107.37,0.53,56.9061,53.8,0.78,41.964,41.5,0.0,0.0,198.7,23768.0,44964.0,23.0,21.919999999999998,84.9,29.71,16.854000000000003,182.4,182.2,0.53,0.73742533752972
2026-04-17T08:32:00,04/17/202608:32,106.96,0.54,57.7584,53.81999999999999,0.78,41.9796,41.6,0.0,0.0,198.7,23768.0,44964.0,23.0,21.939999999999998,84.8,29.71,16.928,182.8,187.4,0.5599999999999999,0.7268137621540762
2026-04-17T08:32:41,04/17/202608:32,108.46,0.49000000000000005,53.1454,53.83,0.75,40.3725,37.4,0.0,0.0,198.7,23768.0,44964.0,23.0,21.96,84.7,29.71,17.002000000000002,183.2,192.6,0.5900000000000001,0.7596612312636654
2026-04-17T08:33:01,04/17/202608:33,109.96,0.44000000000000006,48.382400000000004,53.839999999999996,0.72,38.764799999999994,33.2,0.0,0.0,198.7,23768.0,44964.0,23.0,21.98,84.6,29.71,17.076,183.6,197.8,0.62,0.8012169714606963
2026-04-17T08:33:40,04/17/202608:33,109.92999999999999,0.45,49.4685,53.85,0.72,38.772,33.2,0.0,0.0,198.7,23768.0,44964.0,23.0,22.0,84.5,29.71,17.15,184.0,203.0,0.65,0.7837714909487856
2026-04-17T08:34:01,04/17/202608:34,109.9,0.45999999999999996,50.554,53.86,0.72,38.779199999999996,33.2,0.0,0.0,198.7,23768.0,44964.0,23.0,22.02,84.4,29.71,17.224,184.4,208.2,0.68,0.767084701507299
2026-04-17T08:34:41,04/17/202608:34,108.6,0.48,52.12799999999999,53.86999999999999,0.7300000000000001,39.3251,33.8,0.0,0.0,198.7,23768.0,44964.0,23.0,22.04,84.3,29.71,17.298,184.8,213.4,0.7100000000000001,0.7543949508901168
2026-04-17T08:35:00,04/17/202608:35,107.3,0.5,53.65,53.879999999999995,0.74,39.871199999999995,34.4,0.0,0.0,198.7,23768.0,44964.0,23.0,22.060000000000002,84.2,29.71,17.372,185.2,218.6,0.74,0.7431724137931034
2026-04-17T08:36:51,04/17/202608:36,107.25,0.5,53.625,53.9,0.75,40.425,34.9,0.0,0.0,198.7,23768.0,44964.0,23.0,22.080000000000002,84.1,29.71,17.446,185.6,223.8,0.77,0.7538461538461538
2026-04-17T08:37:01,04/17/202608:37,107.2,0.5,53.6,53.92,0.76,40.9792,35.4,0.0,0.0,198.7,23768.0,44964.0,23.0,22.1,84.0,29.71,17.52,186.0,229.0,0.8,0.7645373134328358
2026-04-17T08:37:41,04/17/202608:37,107.1,0.5,53.55,53.94,0.78,42.0732,36.5,0.0,0.0,198.7,23768.0,44964.0,23.0,22.1,84.0,29.71,17.52,186.0,229.0,0.8,0.7856806722689076
2026-04-17T08:38:00,04/17/202608:38,107.0,0.5,53.5,53.96,0.8,43.168000000000006,37.6,0.0,0.0,198.7,23768.0,44964.0,23.0,22.1,84.0,29.71,17.52,186.0,229.0,0.8,0.8068785046728973
2026-04-17T08:38:42,04/17/202608:38,107.17999999999999,0.55,58.949,53.98,0.8099999999999999,43.7238,40.8,0.0,0.0,198.7,23768.0,44964.0,23.0,22.1,84.0,29.71,17.52,186.0,229.0,0.8,0.741722505894926
2026-04-17T08:39:00,04/17/202608:39,107.35999999999999,0.6,64.41599999999998,54.0,0.82,44.279999999999994,44.0,0.0,0.0,198.7,23768.0,44964.0,23.0,22.1,84.0,29.71,17.52,186.0,229.0,0.8,0.6874068554396424
2026-04-17T08:39:41,04/17/202608:39,108.46,0.61,66.16059999999999,54.02,0.85,45.917,45.6,0.0,0.0,198.7,23768.0,44964.0,23.0,22.1,84.0,29.71,17.52,186.0,229.0,0.8,0.694023331106429
2026-04-17T08:40:00,04/17/202608:40,109.55999999999999,0.62,67.9272,54.04,0.8800000000000001,47.555200000000006,47.2,0.0,0.0,198.7,23768.0,44964.0,23.0,22.1,84.0,29.71,17.52,186.0,229.0,0.8,0.700090685321933
2026-04-17T08:40:42,04/17/202608:40,110.59,0.64,70.7776,54.08,0.9099999999999999,49.212799999999994,48.8,0.0,0.0,198.7,23768.0,44964.0,23.0,22.1,84.0,29.71,17.52,186.0,229.0,0.8,0.6953160321909755
2026-04-17T08:41:00,04/17/202608:41,111.62,0.6599999999999999,73.66919999999999,54.120000000000005,0.9400000000000001,50.872800000000005,50.4,0.0,0.0,198.7,23768.0,44964.0,23.0,22.1,84.0,29.71,17.52,186.0,229.0,0.8,0.690557247805053
2026-04-17T08:41:42,04/17/202608:41,112.62,0.6799999999999999,76.5816,54.14,0.96,51.974399999999996,51.5,0.0,0.0,198.7,23768.0,44964.0,23.0,22.1,84.0,29.71,17.52,186.0,229.0,0.8,0.6786799962393055
2026-04-17T08:42:00,04/17/202608:42,113.62,0.7,79.53399999999999,54.160000000000004,0.9800000000000001,53.076800000000006,52.6,0.0,0.0,198.7,23768.0,44964.0,23.0,22.1,84.0,29.71,17.52,186.0,229.0,0.8,0.6673472980109137
2026-04-17T08:42:41,04/17/202608:42,114.25999999999999,0.72,82.26719999999999,54.19,1.0,54.19,53.7,0.0,0.0,198.7,23768.0,44964.0,23.0,22.1,84.0,29.71,17.52,186.0,229.0,0.8,0.6587072369060817
2026-04-17T08:43:00,04/17/202608:43,114.9,0.74,85.026,54.220000000000006,1.02,55.30440000000001,54.8,0.0,0.0,198.7,23768.0,44964.0,23.0,22.1,84.0,29.71,17.52,186.0,229.0,0.8,0.650441041563757
2026-04-17T08:44:00,04/17/202608:44,113.84,0.77,87.6568,54.239999999999995,1.08,58.5792,58.1,0.0,0.0,198.7,23768.0,44964.0,23.0,22.1,84.0,29.71,17.52,186.0,229.0,0.8,0.6682790154329156
2026-04-17T08:44:41,04/17/202608:44,112.79,0.8,90.23200000000001,54.260000000000005,1.1400000000000001,61.856400000000015,61.4,0.0,0.0,198.7,23768.0,44964.0,23.0,22.1,84.0,29.71,17.52,186.0,229.0,0.8,0.6855261991311287
2026-04-17T08:45:00,04/17/202608:45,112.35,0.8,89.88,54.279999999999994,1.15,62.42199999999999,62.0,0.0,0.0,198.7,23768.0,44964.0,23.0,22.1,84.0,29.71,17.52,186.0,229.0,0.8,0.6945037828215398
2026-04-17T08:45:42,04/17/202608:45,112.02000000000001,0.8,89.61600000000001,54.31,1.16,62.9996,62.6,0.0,0.0,198.7,23768.0,44964.0,23.0,22.1,84.0,29.71,17.52,186.0,229.0,0.8,0.7029950008926976
2026-04-17T08:46:00,04/17/202608:46,111.75,0.8,89.4,54.31999999999999,1.17,63.55439999999999,63.2,0.0,0.0,198.7,23768.0,44964.0,23.0,22.1,84.0,29.71,17.52,186.0,229.0,0.8,0.7108993288590603
2026-04-17T08:46:41,04/17/202608:46,111.77000000000001,0.8,89.41600000000001,54.33,1.19,64.6527,64.3,0.0,0.0,198.7,23768.0,44964.0,23.0,22.12,83.9,29.71,17.532999999999998,186.2,233.8,0.8300000000000001,0.7230551579135723
2026-04-17T08:48:02,04/17/202608:48,111.79,0.8099999999999999,90.5499,54.339999999999996,1.22,66.2948,66.0,0.0,0.0,198.7,23768.0,44964.0,23.0,22.14,83.8,29.71,17.546,186.4,238.6,0.8600000000000001,0.7321355407349981
2026-04-17T08:48:41,04/17/202608:48,111.84,0.8200000000000001,91.70880000000001,54.36,1.26,68.4936,68.2,0.0,0.0,198.7,23768.0,44964.0,23.0,22.160000000000004,83.7,29.71,17.559,186.6,243.4,0.89,0.7468596252486129
2026-04-17T08:49:00,04/17/202608:49,112.29,0.8300000000000001,93.20070000000001,54.379999999999995,1.29,70.1502,69.8,0.0,0.0,198.7,23768.0,44964.0,23.0,22.18,83.6,29.71,17.572,186.8,248.2,0.9200000000000002,0.7526788961885478
2026-04-17T08:49:41,04/17/202608:49,112.72999999999999,0.8400000000000001,94.6932,54.39,1.3199999999999998,71.7948,71.4,0.0,0.0,198.7,23768.0,44964.0,23.0,22.2,83.5,29.71,17.585,187.0,253.0,0.95,0.7581832697596025
2026-04-17T08:50:00,04/17/202608:50,113.17,0.85,96.1945,54.4,1.35,73.44,73.0,0.0,0.0,198.7,23768.0,44964.0,23.0,22.220000000000002,83.4,29.71,17.598,187.2,257.8,0.9800000000000001,0.7634532119819739
2026-04-17T08:51:00,04/17/202608:51,113.6,0.86,97.696,54.42,1.3800000000000001,75.09960000000001,74.6,0.0,0.0,198.7,23768.0,44964.0,23.0,22.240000000000002,83.3,29.71,17.610999999999997,187.4,262.6,1.0100000000000002,0.7687070094988537
2026-04-17T08:51:41,04/17/202608:51,114.04,0.8800000000000001,100.35520000000002,54.44,1.41,76.76039999999999,76.2,0.0,0.0,198.7,23768.0,44964.0,22.9,22.26,83.2,29.71,17.624,187.6,267.4,1.04,0.7648871209463981
2026-04-17T08:52:00,04/17/202608:52,114.37,0.9,102.933,54.45,1.44,78.408,77.8,0.0,0.0,198.7,23768.0,44964.0,22.9,22.28,83.1,29.71,17.636999999999997,187.8,272.2,1.07,0.7617382180641776
2026-04-17T08:52:42,04/17/202608:52,114.7,0.9199999999999999,105.524,54.46,1.48,80.6008,80.0,0.0,0.0,198.7,23768.0,44964.0,23.0,22.3,83.0,29.71,17.65,188.0,277.0,1.1,0.7638148667601684
2026-04-17T08:53:00,04/17/202608:53,114.74000000000001,0.9400000000000001,107.85560000000001,54.470000000000006,1.51,82.2497,81.7,0.0,0.0,198.7,23768.0,44964.0,23.0,22.3,83.0,29.71,17.65,188.0,277.0,1.1,0.7625909085851824
2026-04-17T08:53:41,04/17/202608:53,114.78,0.95,109.041,54.48,1.54,83.8992,83.3,0.0,0.0,198.7,23768.0,44964.0,22.9,22.3,83.0,29.71,17.65,188.0,277.0,1.1,0.7694280133160921
2026-04-17T08:54:01,04/17/202608:54,114.79,0.96,110.1984,54.48,1.56,84.9888,84.4,0.0,0.0,198.7,23768.0,44964.0,22.9,22.3,83.0,29.71,17.65,188.0,277.0,1.1,0.7712344280860701
2026-04-17T08:54:42,04/17/202608:54,114.75999999999999,0.9800000000000001,112.4648,54.48,1.6,87.168,86.6,0.0,1.0,198.7,23768.0,44964.0,23.0,22.3,83.0,29.71,17.65,188.0,277.0,1.1,0.775069177200333
2026-04-17T08:55:00,04/17/202608:55,114.74000000000001,1.0,114.74000000000001,54.489999999999995,1.64,89.36359999999999,88.8,0.0,1.0,198.7,23768.0,44964.0,23.0,22.3,83.0,29.71,17.65,188.0,277.0,1.1,0.7788356283772004
2026-04-17T08:55:41,04/17/202608:55,114.74000000000001,1.03,118.18220000000001,54.510000000000005,1.69,92.12190000000001,91.6,0.0,1.0,198.7,23768.0,44964.0,23.0,22.3,82.8,29.71,17.65,188.0,277.0,1.1,0.7794904816461362
2026-04-17T08:56:00,04/17/202608:56,114.74000000000001,1.06,121.62440000000002,54.52,1.7399999999999998,94.86479999999999,94.4,0.0,1.0,198.7,23768.0,44964.0,23.0,22.3,82.6,29.71,17.65,188.0,277.0,1.1,0.7799816484192315
2026-04-17T08:56:42,04/17/202608:56,114.74000000000001,1.08,123.91920000000002,54.52,1.8,98.13600000000001,97.7,0.0,1.0,198.7,23768.0,44964.0,23.0,22.3,82.4,29.71,17.65,188.0,277.0,1.1,0.7919353901574574
2026-04-17T08:57:00,04/17/202608:57,114.74000000000001,1.1,126.21400000000003,54.52,1.86,101.40720000000002,101.0,0.0,1.0,198.7,23768.0,44964.0,23.0,22.3,82.2,29.71,17.65,188.0,277.0,1.1,0.8034544503779295
2026-04-17T08:57:41,04/17/202608:57,114.71,1.1300000000000001,129.6223,54.52,1.9300000000000002,105.22360000000002,104.8,0.0,1.0,198.7,23768.0,44964.0,23.0,22.3,82.0,29.71,17.65,188.0,277.0,1.1,0.8117708141268903
2026-04-17T08:59:13,04/17/202608:59,114.85999999999999,1.1800000000000002,135.5348,54.489999999999995,2.04,111.1596,110.7,0.0,1.0,198.7,23768.0,44964.0,23.0,22.3,81.8,29.71,17.65,188.0,277.0,1.1,0.8201554139601047
2026-04-17T09:00:00,04/17/202609:00,115.0,1.23,141.45,54.46,2.1399999999999997,116.54439999999998,116.1,0.0,1.0,198.7,23768.0,44964.0,23.0,22.3,81.6,29.71,17.65,188.0,277.0,1.1,0.8239264757864969
2026-04-17T09:00:08,04/17/202609:00,115.91,1.28,148.3648,54.410000000000004,2.25,122.42250000000001,122.0,0.0,1.0,198.7,23768.0,44964.0,22.9,22.3,81.4,29.71,17.65,188.0,277.0,1.1,0.8251451826848417
2026-04-17T09:01:00,04/17/202609:01,116.85999999999999,1.3199999999999998,154.25519999999997,54.36,2.34,127.2024,126.8,0.0,1.0,198.7,23768.0,44964.0,22.9,22.3,81.2,29.71,17.65,188.0,277.0,1.1,0.8246230921226644
2026-04-17T09:01:07,04/17/202609:01,117.8,1.35,159.03,54.33,2.43,132.02190000000002,131.6,0.0,1.0,198.7,23768.0,44964.0,22.9,22.330000000000002,80.9,29.71,17.668,188.0,281.5,1.12,0.8301697792869271
2026-04-17T09:02:00,04/17/202609:02,118.72,1.3699999999999999,162.64639999999997,54.29,2.5100000000000002,136.2679,135.8,0.0,1.0,198.7,23768.0,44964.0,22.9,22.360000000000003,80.8,29.71,17.686,188.0,286.0,1.1400000000000001,0.8378168837428926
2026-04-17T09:02:08,04/17/202609:02,119.65,1.3900000000000001,166.31350000000003,54.239999999999995,2.57,139.39679999999998,138.9,0.0,1.0,198.7,23768.0,44964.0,22.9,22.39,80.7,29.71,17.704,188.0,290.5,1.1600000000000001,0.8381568543744191
2026-04-17T09:03:00,04/17/202609:03,120.57000000000001,1.41,170.0037,54.2,2.62,142.00400000000002,141.5,0.0,1.0,198.7,23768.0,44964.0,22.9,22.42,80.6,29.71,17.721999999999998,188.0,295.0,1.1800000000000002,0.8352994670116004
2026-04-17T09:03:07,04/17/202609:03,120.67999999999999,1.42,171.36559999999997,54.15,2.63,142.4145,142.0,0.0,1.0,198.7,23768.0,44964.0,23.0,22.45,80.5,29.71,17.74,188.0,299.5,1.2,0.83105652476343
2026-04-17T09:04:00,04/17/202609:04,120.82000000000001,1.42,171.5644,54.1,2.62,141.74200000000002,141.4,0.0,1.0,198.7,23768.0,44964.0,23.0,22.48,80.4,29.71,17.758,188.0,304.0,1.2200000000000002,0.8261737283492381
2026-04-17T09:04:07,04/17/202609:04,121.5,1.3699999999999999,166.45499999999998,54.089999999999996,2.55,137.9295,137.6,0.0,1.0,198.7,23768.0,44964.0,22.9,22.51,80.3,29.71,17.776,188.0,308.5,1.24,0.8286293592862937
2026-04-17T09:05:00,04/17/202609:05,122.17999999999999,1.3199999999999998,161.27759999999998,54.08,2.48,134.1184,133.8,0.0,1.0,198.7,23768.0,44964.0,22.9,22.54,80.2,29.71,17.794,188.0,313.0,1.2600000000000002,0.831599676582489
2026-04-17T09:05:08,04/17/202609:05,121.17,1.28,155.0976,54.089999999999996,2.38,128.7342,128.4,0.0,1.0,198.7,23768.0,44964.0,22.9,22.57,80.1,29.71,17.811999999999998,188.0,317.5,1.28,0.8300205805892547
2026-04-17T09:06:00,04/17/202609:06,120.16,1.24,148.9984,54.1,2.2800000000000002,123.34800000000001,123.0,0.0,1.0,198.7,23768.0,44964.0,22.9,22.6,80.0,29.71,17.83,188.0,322.0,1.3,0.827847815815472
2026-04-17T09:07:01,04/17/202609:07,119.16,1.21,144.18359999999998,54.089999999999996,2.18,117.9162,117.6,0.0,1.0,198.7,23768.0,44964.0,23.0,22.6,80.0,29.71,17.83,188.0,322.0,1.3,0.8178197797807796
2026-04-17T09:07:08,04/17/202609:07,118.17999999999999,1.1800000000000002,139.4524,54.08,2.0900000000000003,113.02720000000001,112.7,0.0,1.0,198.7,23768.0,44964.0,22.9,22.6,80.0,29.71,17.83,188.0,322.0,1.3,0.8105073845986157
2026-04-17T09:08:00,04/17/202609:08,117.19000000000001,1.15,134.76850000000002,54.08,2.02,109.24159999999999,108.9,0.0,1.0,198.7,23768.0,44964.0,22.9,22.6,80.0,29.71,17.83,188.0,322.0,1.3,0.8105870437082848
2026-04-17T09:08:08,04/17/202609:08,116.60999999999999,1.1300000000000001,131.7693,54.08,1.97,106.5376,106.2,0.0,1.0,198.7,23768.0,44964.0,22.9,22.6,80.0,29.71,17.83,188.0,322.0,1.3,0.8085160959343338
2026-04-17T09:09:00,04/17/202609:09,116.84,1.12,130.8608,54.089999999999996,1.9600000000000002,106.0164,105.6,0.0,1.0,198.7,23768.0,44964.0,22.9,22.6,80.0,29.71,17.83,188.0,322.0,1.3,0.8101463539883601
2026-04-17T09:09:08,04/17/202609:09,116.78,1.1300000000000001,131.96140000000003,54.11,1.9899999999999998,107.67889999999998,107.2,0.0,1.0,198.7,23768.0,44964.0,22.9,22.6,80.0,29.71,17.83,188.0,322.0,1.3,0.8159878570551689
2026-04-17T09:10:25,04/17/202609:10,116.03,1.1800000000000002,136.91540000000003,54.11,2.06,111.4666,111.0,0.0,1.0,198.7,23768.0,44964.0,22.9,22.6,80.0,29.71,17.83,188.0,322.0,1.3,0.814127556140507
2026-04-17T09:11:00,04/17/202609:11,115.28,1.23,141.7944,54.11,2.13,115.25429999999999,114.8,0.0,1.0,198.7,23768.0,44964.0,22.9,22.6,80.0,29.71,17.83,188.0,322.0,1.3,0.8128268817386299
2026-04-17T09:11:01,04/17/202609:11,115.83,1.27,147.1041,54.120000000000005,2.25,121.77000000000001,121.3,0.0,1.0,198.7,23768.0,44964.0,22.9,22.6,80.0,29.71,17.83,188.0,322.0,1.3,0.8277811427417728
2026-04-17T09:12:01,04/17/202609:12,116.38,1.31,152.4578,54.13000000000001,2.37,128.28810000000004,127.8,0.0,1.0,198.7,23768.0,44964.0,22.9,22.6,80.0,29.71,17.83,188.0,322.0,1.3,0.8414662942794665
2026-04-17T09:12:02,04/17/202609:12,117.17,1.3599999999999999,159.35119999999998,54.14,2.52,136.43280000000001,135.9,0.0,1.0,198.7,23768.0,44964.0,22.9,22.6,80.0,29.71,17.83,188.0,322.0,1.3,0.8561767969114763
2026-04-17T09:13:01,04/17/202609:13,117.94000000000001,1.41,166.2954,54.15,2.66,144.03900000000002,143.5,0.0,1.0,198.7,23768.0,44964.0,22.9,22.6,80.0,29.71,17.83,188.0,322.0,1.3,0.8661634657362742
2026-04-17T09:13:02,04/17/202609:13,119.29,1.48,176.5492,54.17,2.84,153.8428,153.3,0.0,1.0,198.7,23768.0,44964.0,22.9,22.6,80.0,29.71,17.83,188.0,322.0,1.3,0.8713876924959162
2026-04-17T09:14:01,04/17/202609:14,119.97999999999999,1.54,184.76919999999998,54.19,2.96,160.4024,159.9,0.0,1.0,198.7,23768.0,44964.0,22.9,22.6,80.0,29.71,17.83,188.0,322.0,1.3,0.868123042152047
2026-04-17T09:15:01,04/17/202609:15,120.67,1.6,193.072,54.21,3.08,166.9668,166.5,0.0,1.0,198.7,23768.0,44964.0,22.9,22.6,80.0,29.71,17.83,188.0,322.0,1.3,0.8647903372835005
2026-04-17T09:15:02,04/17/202609:15,121.78,1.61,196.06580000000002,54.220000000000006,3.15,170.793,170.3,0.0,1.0,198.7,23768.0,44964.0,22.9,22.6,80.0,29.71,17.83,188.0,322.0,1.3,0.8711004162888173
2026-04-17T09:16:01,04/17/202609:16,122.85999999999999,1.61,197.8046,54.239999999999995,3.2,173.56799999999998,173.0,0.0,1.0,198.7,23768.0,44964.0,22.9,22.6,80.0,29.71,17.83,188.0,322.0,1.3,0.8774720102565865
2026-04-17T09:16:02,04/17/202609:16,124.02000000000001,1.6,198.43200000000002,54.260000000000005,3.25,176.34500000000003,175.8,0.1,1.0,198.7,23768.0,44964.0,23.0,22.630000000000003,79.9,29.71,17.904999999999998,188.1,327.2,1.34,0.8886923480083858
2026-04-17T09:17:01,04/17/202609:17,124.8,1.59,198.43200000000002,54.27,3.2700000000000005,177.46290000000005,177.0,0.1,1.0,198.7,23768.0,44964.0,23.0,22.660000000000004,79.8,29.71,17.979999999999997,188.2,332.4,1.3800000000000001,0.894326015965167
2026-04-17T09:17:02,04/17/202609:17,125.54,1.58,198.35320000000002,54.29,3.28,178.07119999999998,177.6,0.1,1.0,198.7,23768.0,44964.0,22.9,22.69,79.7,29.71,18.055,188.3,337.6,1.42,0.8977480575055001
2026-04-17T09:18:00,04/17/202609:18,126.04,1.56,196.62240000000003,54.31,3.2600000000000002,177.05060000000003,176.6,0.1,1.0,198.7,23768.0,44964.0,22.9,22.72,79.6,29.71,18.13,188.4,342.8,1.46,0.9004599679385462
2026-04-17T09:18:01,04/17/202609:18,126.3,1.5699999999999998,198.29099999999997,54.33,3.2399999999999998,176.02919999999997,175.6,0.1,2.0,198.7,23768.0,44964.0,22.9,22.75,79.5,29.71,18.205,188.5,348.0,1.5,0.8877316670953296
2026-04-17T09:19:01,04/17/202609:19,125.97999999999999,1.56,196.5288,54.339999999999996,3.18,172.8012,172.4,0.1,2.0,198.7,23768.0,44964.0,22.9,22.78,79.4,29.71,18.279999999999998,188.6,353.2,1.54,0.8792665502460708
2026-04-17T09:19:02,04/17/202609:19,125.95,1.55,195.2225,54.35,3.1700000000000004,172.28950000000003,171.9,0.1,2.0,198.7,23768.0,44964.0,22.9,22.81,79.3,29.71,18.354999999999997,188.7,358.4,1.58,0.8825289093214155
2026-04-17T09:20:01,04/17/202609:20,125.92,1.5399999999999998,193.91679999999997,54.36,3.16,171.7776,171.4,0.1,2.0,198.7,23768.0,44964.0,22.9,22.839999999999996,79.2,29.71,18.43,188.8,363.6,1.6199999999999999,0.885831449363851
2026-04-17T09:20:02,04/17/202609:20,125.75,1.56,196.17000000000002,54.36999999999999,3.16,171.80919999999998,171.5,0.1,2.0,198.7,23768.0,44964.0,22.9,22.869999999999997,79.1,29.71,18.505,188.9,368.8,1.6600000000000001,0.8758179130346126
2026-04-17T09:21:37,04/17/202609:21,125.55,1.5899999999999999,199.62449999999998,54.39,3.16,171.8724,171.6,0.1,2.0,198.7,23768.0,44964.0,22.9,22.9,79.0,29.71,18.58,189.0,374.0,1.7,0.8609784871095483
2026-04-17T09:22:01,04/17/202609:22,125.27000000000001,1.6300000000000001,204.19010000000003,54.410000000000004,3.16,171.93560000000002,171.6,0.1,2.0,198.7,23768.0,44964.0,22.9,22.9,79.0,29.71,18.58,189.0,374.0,1.7,0.8420369058049337
2026-04-17T09:22:02,04/17/202609:22,125.02000000000001,1.67,208.7834,54.42,3.18,173.05560000000003,172.7,0.1,2.0,198.7,23768.0,44964.0,22.9,22.9,79.0,29.71,18.58,189.0,374.0,1.7,0.828876242076717
2026-04-17T09:23:00,04/17/202609:23,124.80999999999999,1.7100000000000002,213.42510000000001,54.42,3.21,174.6882,174.4,0.1,2.0,198.7,23768.0,44964.0,22.9,22.9,79.0,29.71,18.58,189.0,374.0,1.7,0.81849885510186
2026-04-17T09:23:02,04/17/202609:23,124.58,1.7600000000000002,219.26080000000002,54.44,3.25,176.93,176.7,0.1,2.0,198.7,23768.0,44964.0,22.9,22.9,79.0,29.71,18.58,189.0,374.0,1.7,0.806938586377501
2026-04-17T09:24:01,04/17/202609:24,124.59,1.78,221.77020000000002,54.46,3.29,179.17340000000002,179.0,0.1,2.0,198.7,23768.0,44964.0,22.9,22.9,79.0,29.71,18.58,189.0,374.0,1.7,0.8079236975932745
2026-04-17T09:24:02,04/17/202609:24,124.59,1.7899999999999998,223.0161,54.470000000000006,3.31,180.2957,180.2,0.1,2.0,198.7,23768.0,44964.0,22.9,22.9,79.0,29.71,18.58,189.0,374.0,1.7,0.8084425294855394
2026-04-17T09:25:16,04/17/202609:25,124.57000000000001,1.8,224.22600000000003,54.489999999999995,3.31,180.3619,180.2,0.1,2.0,198.7,23768.0,44964.0,22.9,22.9,79.0,29.71,18.58,189.0,374.0,1.7,0.8043754961512044
2026-04-17T09:25:17,04/17/202609:25,124.53,1.8,224.154,54.510000000000005,3.3,179.883,179.7,0.1,2.0,198.7,23768.0,44964.0,22.9,22.9,79.0,29.71,18.58,189.0,374.0,1.7,0.8024973901871035
2026-04-17T09:26:00,04/17/202609:26,124.5,1.8,224.1,54.529999999999994,3.29,179.4037,179.2,0.1,2.0,198.7,23768.0,44964.0,22.9,22.9,79.0,29.71,18.58,189.0,374.0,1.7,0.8005519857206603
2026-04-17T09:26:16,04/17/202609:26,124.53,1.8,224.154,54.529999999999994,3.29,179.4037,179.2,0.1,2.0,198.7,23768.0,44964.0,22.9,22.9,79.0,29.71,18.58,189.0,374.0,1.7,0.8003591280994315
2026-04-17T09:27:01,04/17/202609:27,124.55999999999999,1.8,224.20799999999997,54.529999999999994,3.29,179.4037,179.2,0.1,2.0,198.7,23768.0,44964.0,22.9,22.9,79.0,29.71,18.58,189.0,374.0,1.7,0.8001663633768644
2026-04-17T09:27:16,04/17/202609:27,124.50999999999999,1.81,225.3631,54.55,3.3,180.015,179.8,0.1,2.0,198.7,23768.0,44964.0,22.9,22.9,79.0,29.71,18.58,189.0,374.0,1.7,0.7987776170988062
2026-04-17T09:28:01,04/17/202609:28,124.46,1.8199999999999998,226.51719999999997,54.57000000000001,3.31,180.62670000000003,180.4,0.1,2.0,198.7,23768.0,44964.0,22.9,22.9,79.0,29.71,18.58,189.0,374.0,1.7,0.7974083204277647
2026-04-17T09:28:16,04/17/202609:28,124.45,1.8,224.01000000000002,54.58,3.2700000000000005,178.47660000000002,178.2,0.1,2.0,198.7,23768.0,44964.0,22.9,22.9,79.0,29.71,18.58,189.0,374.0,1.7,0.7967349671889647
2026-04-17T09:29:00,04/17/202609:29,124.44000000000001,1.78,221.50320000000002,54.589999999999996,3.2299999999999995,176.32569999999996,176.0,0.1,2.0,198.7,23768.0,44964.0,22.9,22.9,79.0,29.71,18.58,189.0,374.0,1.7,0.7960413212991954
2026-04-17T09:29:16,04/17/202609:29,124.41,1.7600000000000002,218.96160000000003,54.6,3.18,173.62800000000001,173.2,0.1,2.0,198.7,23768.0,44964.0,22.9,22.9,79.0,29.71,18.58,189.0,374.0,1.7,0.79296095753776
2026-04-17T09:29:54,04/17/202609:29,124.39000000000001,1.7399999999999998,216.4386,54.6,3.15,171.99,171.6,0.1,2.0,198.7,23768.0,44964.0,22.9,22.91,79.0,29.71,18.58,189.0,374.7,1.7,0.7946364465488134
2026-04-17T09:30:00,04/17/202609:30,124.39000000000001,1.73,215.1947,54.6,3.13,170.898,170.5,0.1,2.0,198.7,23768.0,44964.0,22.9,22.919999999999998,79.0,29.71,18.58,189.0,375.4,1.7,0.794155246388503
2026-04-17T09:30:55,04/17/202609:30,124.42999999999999,1.72,214.0196,54.589999999999996,3.12,170.3208,169.9,0.1,2.0,198.7,23768.0,44964.0,22.9,22.96,78.8,29.71,18.592,189.2,379.2,1.7399999999999998,0.7958187007171306
2026-04-17T09:31:01,04/17/202609:31,124.44000000000001,1.7,211.548,54.589999999999996,3.1,169.22899999999998,168.8,0.1,2.0,198.7,23768.0,44964.0,22.9,23.0,78.6,29.71,18.604,189.4,383.0,1.78,0.7999555656399493
2026-04-17T09:32:49,04/17/202609:32,124.4,1.6800000000000002,208.99200000000002,54.6,3.08,168.168,167.7,0.1,2.0,198.7,23768.0,44964.0,22.9,23.04,78.4,29.71,18.616,189.6,386.8,1.8199999999999998,0.8046623794212219
2026-04-17T09:32:55,04/17/202609:32,124.41,1.6600000000000001,206.5206,54.589999999999996,3.04,165.9536,165.5,0.1,2.0,198.7,23768.0,44964.0,22.9,23.080000000000002,78.2,29.71,18.627999999999997,189.8,390.6,1.86,0.8035692323187129
2026-04-17T09:33:01,04/17/202609:33,124.42,1.64,204.0488,54.58,3.0,163.74,163.3,0.1,2.0,198.7,23768.0,44964.0,22.9,23.119999999999997,78.0,29.71,18.639999999999997,190.0,394.4,1.9,0.8024550989763234
2026-04-17T09:34:00,04/17/202609:34,124.41,1.64,204.0324,54.57000000000001,3.0,163.71000000000004,163.3,0.1,2.0,198.7,23768.0,44964.0,22.9,23.16,77.8,29.71,18.651999999999997,190.2,398.2,1.94,0.8023725643574258
2026-04-17T09:34:54,04/17/202609:34,125.37,1.64,205.6068,54.57000000000001,3.02,164.80140000000003,164.4,0.1,2.0,198.7,23768.0,44964.0,22.9,23.2,77.6,29.71,18.663999999999998,190.4,402.0,1.98,0.8015367196026593
2026-04-17T09:35:00,04/17/202609:35,126.35999999999999,1.65,208.49399999999997,54.58,3.07,167.5606,167.2,0.1,2.0,198.7,23768.0,44964.0,22.9,23.240000000000002,77.4,29.71,18.676,190.6,405.8,2.02,0.8036710888562741
2026-04-17T09:35:55,04/17/202609:35,127.45,1.6600000000000001,211.56700000000004,54.589999999999996,3.1100000000000003,169.7749,169.4,0.1,2.0,198.7,23768.0,44964.0,22.9,23.270000000000003,77.2,29.71,18.688,190.8,408.9,2.06,0.8024639948574209
2026-04-17T09:36:01,04/17/202609:36,128.54000000000002,1.67,214.66180000000003,54.6,3.15,171.99,171.6,0.1,2.0,198.7,23768.0,44964.0,22.9,23.3,77.0,29.71,18.7,191.0,412.0,2.1,0.8012138163380722
2026-04-17T09:36:55,04/17/202609:36,129.92000000000002,1.67,216.96640000000002,54.620000000000005,3.16,172.59920000000002,172.2,0.1,3.0,198.7,23768.0,44964.0,22.9,23.3,77.0,29.71,18.7,191.0,412.0,2.1,0.7955111943600484
2026-04-17T09:37:00,04/17/202609:37,131.3,1.67,219.27100000000002,54.64,3.17,173.2088,172.8,0.1,3.0,198.7,23768.0,44964.0,22.9,23.3,77.0,29.71,18.7,191.0,412.0,2.1,0.7899302689366127
2026-04-17T09:37:54,04/17/202609:37,132.45999999999998,1.67,221.20819999999995,54.65,3.18,173.787,173.4,0.1,3.0,198.7,23768.0,44964.0,22.9,23.3,77.0,29.71,18.7,191.0,412.0,2.1,0.7856263917883697
2026-04-17T09:38:00,04/17/202609:38,133.62,1.6600000000000001,221.80920000000003,54.67,3.18,173.85060000000001,173.4,0.1,3.0,198.7,23768.0,44964.0,22.9,23.3,77.0,29.71,18.7,191.0,412.0,2.1,0.7837844417634615
2026-04-17T09:38:55,04/17/202609:38,134.88,1.65,222.552,54.69,3.18,173.9142,173.4,0.1,3.0,198.7,23768.0,44964.0,22.9,23.3,77.0,29.71,18.7,191.0,412.0,2.1,0.781454221934649
2026-04-17T09:39:01,04/17/202609:39,136.14000000000001,1.64,223.2696,54.7,3.18,173.94600000000003,173.4,0.1,3.0,198.7,23768.0,44964.0,22.9,23.3,77.0,29.71,18.7,191.0,412.0,2.1,0.7790850165002312
2026-04-17T09:39:55,04/17/202609:39,136.70999999999998,1.61,220.10309999999998,54.7,3.1399999999999997,171.75799999999998,171.2,0.1,3.0,198.7,23768.0,44964.0,22.9,23.3,77.0,29.71,18.7,191.0,412.0,2.1,0.7803524802694737
2026-04-17T09:40:01,04/17/202609:40,137.28,1.58,216.9024,54.7,3.1,169.57000000000002,169.0,0.1,3.0,198.7,23768.0,44964.0,22.9,23.3,77.0,29.71,18.7,191.0,412.0,2.1,0.7817801923814583
2026-04-17T09:40:54,04/17/202609:40,137.6,1.56,214.656,54.71,3.08,168.5068,167.9,0.1,3.0,198.7,23768.0,44964.0,22.9,23.3,77.0,29.71,18.7,191.0,412.0,2.1,0.785008571854502
2026-04-17T09:41:00,04/17/202609:41,137.92000000000002,1.54,212.39680000000004,54.720000000000006,3.06,167.44320000000002,166.8,0.1,3.0,198.7,23768.0,44964.0,22.9,23.3,77.0,29.71,18.7,191.0,412.0,2.1,0.7883508602766143
2026-04-17T09:41:54,04/17/202609:41,137.95999999999998,1.53,211.07879999999997,54.73,3.06,167.47379999999998,166.8,0.1,3.0,198.7,23768.0,44964.0,22.9,23.3,77.0,29.71,18.7,191.0,412.0,2.1,0.7934183821397507
2026-04-17T09:42:00,04/17/202609:42,138.0,1.52,209.76,54.739999999999995,3.06,167.50439999999998,166.8,0.1,3.0,198.7,23768.0,44964.0,22.9,23.3,77.0,29.71,18.7,191.0,412.0,2.1,0.7985526315789473
2026-04-17T09:44:01,04/17/202609:44,138.45,1.5,207.67499999999998,54.739999999999995,3.04,166.40959999999998,165.7,0.1,3.0,198.7,23768.0,44964.0,22.9,23.3,77.0,29.71,18.7,191.0,412.0,2.1,0.8012981822559287
2026-04-17T09:45:16,04/17/202609:45,138.79000000000002,1.49,206.79710000000003,54.739999999999995,3.0300000000000002,165.8622,165.2,0.1,3.0,198.7,23768.0,44964.0,22.9,23.3,77.0,29.71,18.7,191.0,412.0,2.1,0.8020528334294822
2026-04-17T09:46:00,04/17/202609:46,139.03,1.48,205.7644,54.739999999999995,3.02,165.3148,164.7,0.1,3.0,198.7,23768.0,44964.0,22.9,23.3,77.0,29.71,18.7,191.0,412.0,2.1,0.8034178895863424
2026-04-17T09:46:16,04/17/202609:46,139.27,1.47,204.7269,54.739999999999995,3.0,164.21999999999997,163.6,0.1,3.0,198.7,23768.0,44964.0,22.9,23.32,76.9,29.71,18.7,191.0,416.1,2.14,0.8021417800982673
2026-04-17T09:47:00,04/17/202609:47,139.23,1.48,206.0604,54.739999999999995,3.0,164.21999999999997,163.6,0.1,3.0,198.7,23768.0,44964.0,22.9,23.34,76.8,29.71,18.7,191.0,420.2,2.18,0.7969507969507968
2026-04-17T09:47:16,04/17/202609:47,139.29000000000002,1.48,206.14920000000004,54.739999999999995,2.98,163.12519999999998,162.5,0.1,3.0,198.7,23768.0,44964.0,22.9,23.36,76.7,29.71,18.7,191.0,424.3,2.2199999999999998,0.7912967889276308
2026-04-17T09:48:00,04/17/202609:48,139.47,1.47,205.02089999999998,54.73,2.94,160.90619999999998,160.3,0.1,3.0,198.7,23768.0,44964.0,22.9,23.380000000000003,76.6,29.71,18.7,191.0,428.4,2.2600000000000002,0.7848282784828279
2026-04-17T09:48:16,04/17/202609:48,139.42000000000002,1.47,204.94740000000002,54.73,2.92,159.8116,159.2,0.1,3.0,198.7,23768.0,44964.0,22.9,23.4,76.5,29.71,18.7,191.0,432.5,2.3,0.7797688577654559
2026-04-17T09:49:00,04/17/202609:49,139.32,1.47,204.8004,54.73,2.9,158.71699999999998,158.1,0.1,3.0,198.7,23768.0,44964.0,22.9,23.419999999999998,76.4,29.71,18.7,191.0,436.6,2.34,0.7749838379221915
2026-04-17T09:49:16,04/17/202609:49,139.43,1.47,204.9621,54.720000000000006,2.85,155.95200000000003,155.3,0.1,3.0,198.7,23768.0,44964.0,22.9,23.44,76.3,29.71,18.7,191.0,440.7,2.38,0.7608821338188867
2026-04-17T09:50:00,04/17/202609:50,139.4,1.48,206.312,54.720000000000006,2.82,154.31040000000002,153.6,0.1,3.0,198.7,23768.0,44964.0,22.9,23.46,76.2,29.71,18.7,191.0,444.8,2.42,0.7479467990228392
2026-04-17T09:50:16,04/17/202609:50,139.31,1.47,204.7857,54.720000000000006,2.79,152.6688,151.9,0.1,3.0,198.7,23768.0,44964.0,22.9,23.48,76.1,29.71,18.7,191.0,448.9,2.46,0.7455051793167199
2026-04-17T09:51:01,04/17/202609:51,139.22,1.46,203.2612,54.720000000000006,2.7600000000000002,151.02720000000002,150.2,0.1,3.0,198.7,23768.0,44964.0,22.9,23.5,76.0,29.71,18.7,191.0,453.0,2.5,0.7430203108119012
2026-04-17T09:51:16,04/17/202609:51,139.09,1.45,201.6805,54.720000000000006,2.73,149.3856,148.6,0.1,3.0,198.7,23768.0,44964.0,22.9,23.5,76.0,29.71,18.7,191.0,453.0,2.5,0.7407042326848655
2026-04-17T09:52:00,04/17/202609:52,138.95999999999998,1.44,200.10239999999996,54.720000000000006,2.7,147.74400000000003,147.0,0.1,3.0,198.7,23768.0,44964.0,22.9,23.5,76.0,29.71,18.7,191.0,453.0,2.5,0.7383419689119174
2026-04-17T09:52:16,04/17/202609:52,138.98,1.44,200.13119999999998,54.720000000000006,2.7,147.74400000000003,147.0,0.2,3.0,198.7,23768.0,44964.0,22.9,23.5,76.0,29.71,18.7,191.0,453.0,2.5,0.7382357173694059
2026-04-17T09:53:00,04/17/202609:53,139.0,1.44,200.16,54.720000000000006,2.7,147.74400000000003,147.0,0.2,3.0,198.7,23768.0,44964.0,22.9,23.5,76.0,29.71,18.7,191.0,453.0,2.5,0.7381294964028778
2026-04-17T09:53:16,04/17/202609:53,139.2,1.43,199.05599999999998,54.71,2.68,146.6228,145.9,0.2,3.0,198.7,23768.0,44964.0,22.9,23.5,76.0,29.71,18.7,191.0,453.0,2.5,0.7365907081424324
2026-04-17T09:55:12,04/17/202609:55,139.43,1.42,197.9906,54.7,2.66,145.502,144.8,0.2,3.0,198.7,23768.0,44964.0,22.9,23.5,76.0,29.71,18.7,191.0,453.0,2.5,0.7348934747407201
2026-04-17T09:55:16,04/17/202609:55,139.56,1.4,195.384,54.7,2.66,145.502,144.8,0.2,3.0,198.7,23768.0,44964.0,22.9,23.5,76.0,29.71,18.7,191.0,453.0,2.5,0.7446976210948697
2026-04-17T09:56:00,04/17/202609:56,139.69,1.38,192.77219999999997,54.7,2.66,145.502,144.8,0.2,3.0,198.7,23768.0,44964.0,22.9,23.5,76.0,29.71,18.7,191.0,453.0,2.5,0.7547872566687522
2026-04-17T09:56:16,04/17/202609:56,139.85999999999999,1.39,194.40539999999996,54.7,2.66,145.502,144.8,0.2,3.0,198.7,23768.0,44964.0,22.9,23.5,76.0,29.71,18.7,191.0,453.0,2.5,0.7484462880146335
2026-04-17T09:57:00,04/17/202609:57,140.03,1.4,196.042,54.7,2.66,145.502,144.8,0.2,3.0,198.7,23768.0,44964.0,22.9,23.5,76.0,29.71,18.7,191.0,453.0,2.5,0.7421981004070557
2026-04-17T09:57:16,04/17/202609:57,140.25,1.4,196.35,54.71,2.65,144.9815,144.3,0.2,3.0,198.7,23768.0,44964.0,22.9,23.5,76.0,29.71,18.7,191.0,453.0,2.5,0.7383829895594602
2026-04-17T09:58:00,04/17/202609:58,140.47,1.4,196.658,54.720000000000006,2.64,144.46080000000003,143.8,0.2,3.0,198.7,23768.0,44964.0,22.9,23.5,76.0,29.71,18.7,191.0,453.0,2.5,0.7345788119476454
2026-04-17T09:58:16,04/17/202609:58,140.35999999999999,1.3900000000000001,195.1004,54.720000000000006,2.6100000000000003,142.81920000000002,142.2,0.2,4.0,198.7,23768.0,44964.0,22.9,23.5,76.0,29.71,18.7,191.0,453.0,2.5,0.7320292526309532
2026-04-17T09:59:00,04/17/202609:59,140.25,1.3800000000000001,193.54500000000002,54.720000000000006,2.58,141.1776,140.6,0.2,4.0,198.7,23768.0,44964.0,22.9,23.5,76.0,29.71,18.7,191.0,453.0,2.5,0.729430365031388
2026-04-17T09:59:17,04/17/202609:59,140.15,1.3800000000000001,193.407,54.720000000000006,2.58,141.1776,140.6,0.2,4.0,198.7,23768.0,44964.0,22.9,23.5,76.0,29.71,18.7,191.0,453.0,2.5,0.7299508290806435
2026-04-17T10:00:00,04/17/202610:00,140.02,1.3800000000000001,193.22760000000002,54.720000000000006,2.58,141.1776,140.6,0.2,4.0,198.7,23768.0,44964.0,22.9,23.5,76.0,29.71,18.7,191.0,453.0,2.5,0.7306285437484086
2026-04-17T10:00:16,04/17/202610:00,139.72,1.3699999999999999,191.41639999999998,54.720000000000006,2.54,138.98880000000003,138.5,0.2,4.0,198.7,23768.0,44964.0,22.8,23.5,76.0,29.71,18.7,191.0,453.0,2.5,0.7261070629266878
2026-04-17T10:01:39,04/17/202610:01,139.47,1.3699999999999999,191.07389999999998,54.720000000000006,2.52,137.89440000000002,137.5,0.2,4.0,198.7,23768.0,44964.0,22.8,23.54,75.9,29.71,18.669,190.9,455.0,2.5300000000000002,0.7216809831170036
2026-04-17T10:02:00,04/17/202610:02,139.35,1.35,188.1225,54.720000000000006,2.4899999999999998,136.2528,135.9,0.2,4.0,198.7,23768.0,44964.0,22.8,23.580000000000002,75.8,29.71,18.637999999999998,190.8,457.0,2.56,0.7242770003588088
2026-04-17T10:02:38,04/17/202610:02,139.23,1.3199999999999998,183.78359999999995,54.71,2.43,132.9453,132.6,0.2,4.0,198.7,23768.0,44964.0,22.9,23.619999999999997,75.7,29.71,18.607,190.7,459.0,2.59,0.723379561614856
2026-04-17T10:03:00,04/17/202610:03,139.1,1.3,180.83,54.69,2.3899999999999997,130.70909999999998,130.3,0.2,4.0,198.7,23768.0,44964.0,22.9,23.66,75.6,29.71,18.576,190.6,461.0,2.62,0.7228286235690978
2026-04-17T10:03:39,04/17/202610:03,138.97,1.29,179.2713,54.68000000000001,2.37,129.59160000000003,129.7,0.2,4.0,198.7,23768.0,44964.0,22.9,23.7,75.5,29.71,18.544999999999998,190.5,463.0,2.65,0.7228797916900253
2026-04-17T10:04:00,04/17/202610:04,138.92000000000002,1.29,179.20680000000002,54.68000000000001,2.3600000000000003,129.04480000000004,129.7,0.2,4.0,198.7,23768.0,44964.0,22.9,23.74,75.4,29.71,18.514,190.4,465.0,2.6799999999999997,0.7200887466323824
2026-04-17T10:04:39,04/17/202610:04,138.98,1.29,179.2842,54.69,2.3600000000000003,129.06840000000003,129.7,0.2,4.0,198.7,23768.0,44964.0,22.9,23.779999999999998,75.3,29.71,18.483,190.3,467.0,2.71,0.7199095068053962
2026-04-17T10:05:00,04/17/202610:05,139.07999999999998,1.28,178.02239999999998,54.7,2.33,127.45100000000001,128.1,0.2,4.0,198.7,23768.0,44964.0,22.9,23.82,75.2,29.71,18.452,190.2,469.0,2.7399999999999998,0.7159267597785448
2026-04-17T10:06:24,04/17/202610:06,138.94,1.27,176.4538,54.7,2.31,126.35700000000001,127.0,0.2,4.0,198.7,23768.0,44964.0,22.9,23.86,75.1,29.71,18.421,190.1,471.0,2.77,0.7160911241356095
2026-04-17T10:06:38,04/17/202610:06,138.94,1.28,177.8432,54.7,2.32,126.904,127.5,0.2,4.0,198.7,23768.0,44964.0,22.9,23.9,75.0,29.71,18.39,190.0,473.0,2.8,0.7135724053548295
2026-04-17T10:07:00,04/17/202610:07,138.89000000000001,1.28,177.77920000000003,54.7,2.3099999999999996,126.35699999999999,126.9,0.2,4.0,198.7,23768.0,44964.0,22.9,23.9,75.0,29.71,18.39,190.0,473.0,2.8,0.7107524389804879
2026-04-17T10:07:39,04/17/202610:07,138.94,1.28,177.8432,54.7,2.3099999999999996,126.35699999999999,126.9,0.2,4.0,198.7,23768.0,44964.0,22.8,23.9,75.0,29.71,18.39,190.0,473.0,2.8,0.7104966622282999
2026-04-17T10:08:01,04/17/202610:08,138.99,1.29,179.29710000000003,54.71,2.34,128.0214,128.6,0.2,4.0,198.7,23768.0,44964.0,22.8,23.9,75.0,29.71,18.39,190.0,473.0,2.8,0.7140182412320109
2026-04-17T10:08:39,04/17/202610:08,138.88,1.3,180.544,54.720000000000006,2.37,129.68640000000002,130.3,0.2,4.0,198.7,23768.0,44964.0,22.8,23.9,75.0,29.71,18.39,190.0,473.0,2.8,0.7183091102445942
2026-04-17T10:09:01,04/17/202610:09,138.77,1.3,180.401,54.720000000000006,2.38,130.2336,130.3,0.2,4.0,198.7,23768.0,44964.0,22.8,23.9,75.0,29.71,18.39,190.0,473.0,2.8,0.7219117410657369
2026-04-17T10:10:01,04/17/202610:10,138.66000000000003,1.3,180.25800000000004,54.720000000000006,2.3899999999999997,130.7808,130.3,0.2,4.0,198.7,23768.0,44964.0,22.9,23.9,75.0,29.71,18.39,190.0,473.0,2.8,0.7255200878740471
2026-04-17T10:10:38,04/17/202610:10,138.31,1.3,179.803,54.71,2.37,129.6627,129.2,0.2,4.0,198.7,23768.0,44964.0,22.9,23.9,75.0,29.71,18.39,190.0,473.0,2.8,0.7211375783496382
2026-04-17T10:11:01,04/17/202610:11,137.96,1.3,179.348,54.7,2.35,128.54500000000002,128.1,0.2,4.0,198.7,23768.0,44964.0,22.9,23.9,75.0,29.71,18.39,190.0,473.0,2.8,0.7167350625599394
2026-04-17T10:11:39,04/17/202610:11,137.9,1.3,179.27,54.7,2.34,127.998,127.6,0.2,4.0,198.7,23768.0,44964.0,22.9,23.9,75.0,29.71,18.39,190.0,473.0,2.8,0.7139956490210297
2026-04-17T10:12:01,04/17/202610:12,137.76000000000002,1.3,179.08800000000002,54.7,2.35,128.54500000000002,128.2,0.2,4.0,198.7,23768.0,44964.0,22.9,23.9,75.0,29.71,18.39,190.0,473.0,2.8,0.7177756186902529
2026-04-17T10:12:39,04/17/202610:12,137.88,1.29,177.8652,54.7,2.34,127.998,127.7,0.2,4.0,198.7,23768.0,44964.0,22.9,23.9,75.0,29.71,18.39,190.0,473.0,2.8,0.7196348695528975
2026-04-17T10:13:01,04/17/202610:13,137.9,1.28,176.512,54.7,2.32,126.904,126.6,0.2,4.0,198.7,23768.0,44964.0,22.9,23.9,75.0,29.71,18.39,190.0,473.0,2.8,0.7189539521392313
2026-04-17T10:13:39,04/17/202610:13,137.91,1.27,175.1457,54.7,2.31,126.35700000000001,126.0,0.2,4.0,198.7,23768.0,44964.0,22.8,23.9,75.0,29.71,18.39,190.0,473.0,2.8,0.7214393502095684
2026-04-17T10:14:00,04/17/202610:14,138.07999999999998,1.26,173.9808,54.7,2.3,125.81,125.4,0.2,4.0,198.7,23768.0,44964.0,22.8,23.9,75.0,29.71,18.39,190.0,473.0,2.8,0.7231257701999302
2026-04-17T10:14:22,04/17/202610:14,138.2,1.25,172.75,54.7,2.2800000000000002,124.71600000000002,124.3,0.2,4.0,198.7,23768.0,44964.0,22.9,23.9,75.0,29.71,18.39,190.0,473.0,2.8,0.7219450072358902
2026-04-17T10:15:01,04/17/202610:15,138.32,1.24,171.5168,54.7,2.2600000000000002,123.62200000000001,123.2,0.2,4.0,198.7,23768.0,44964.0,22.9,23.9,75.0,29.71,18.39,190.0,473.0,2.8,0.720757383533275
2026-04-17T10:15:21,04/17/202610:15,138.43,1.23,170.2689,54.7,2.2399999999999998,122.52799999999999,122.1,0.2,4.0,198.7,23768.0,44964.0,22.8,23.939999999999998,74.9,29.71,18.403,190.2,480.5,2.84,0.7196146800736951
2026-04-17T10:16:00,04/17/202610:16,138.54000000000002,1.22,169.01880000000003,54.7,2.2199999999999998,121.434,121.0,0.2,4.0,198.7,23768.0,44964.0,22.8,23.979999999999997,74.8,29.71,18.416,190.4,488.0,2.88,0.7184644548417097
2026-04-17T10:17:36,04/17/202610:17,138.51,1.22,168.98219999999998,54.7,2.21,120.887,120.4,0.2,4.0,198.7,23768.0,44964.0,22.9,24.02,74.7,29.71,18.429,190.6,495.5,2.92,0.7153830403438943
2026-04-17T10:18:01,04/17/202610:18,138.48,1.22,168.94559999999998,54.7,2.2,120.34000000000002,119.8,0.2,4.0,198.7,23768.0,44964.0,22.9,24.06,74.6,29.71,18.442,190.8,503.0,2.96,0.7123002907444765
2026-04-17T10:18:21,04/17/202610:18,138.62,1.21,167.7302,54.7,2.19,119.793,119.2,0.2,4.0,198.7,23768.0,44964.0,22.9,24.1,74.5,29.71,18.455000000000002,191.0,510.5,3.0,0.7142005434918698
2026-04-17T10:19:00,04/17/202610:19,138.76,1.2,166.51199999999997,54.7,2.18,119.24600000000001,118.6,0.2,4.0,198.7,23768.0,44964.0,22.9,24.14,74.4,29.71,18.468,191.2,518.0,3.04,0.7161405784568081
2026-04-17T10:19:21,04/17/202610:19,138.85,1.2,166.61999999999998,54.7,2.18,119.24600000000001,118.6,0.2,4.0,198.7,23768.0,44964.0,22.8,24.18,74.3,29.71,18.481,191.4,525.5,3.08,0.7156763893890291
2026-04-17T10:20:00,04/17/202610:20,138.94,1.2,166.72799999999998,54.7,2.18,119.24600000000001,118.6,0.2,4.0,198.7,23768.0,44964.0,22.8,24.22,74.2,29.71,18.494,191.6,533.0,3.12,0.7152128016889786
2026-04-17T10:20:21,04/17/202610:20,139.07999999999998,1.19,165.50519999999997,54.7,2.16,118.15200000000002,117.5,0.2,4.0,198.7,23768.0,44964.0,22.9,24.259999999999998,74.1,29.71,18.506999999999998,191.8,540.5,3.16,0.7138869352745414
2026-04-17T10:21:38,04/17/202610:21,139.41,1.19,165.8979,54.7,2.1399999999999997,117.05799999999999,116.4,0.2,4.0,198.7,23768.0,44964.0,22.8,24.3,74.0,29.71,18.52,192.0,548.0,3.2,0.7056026628426278
2026-04-17T10:22:01,04/17/202610:22,139.88,1.19,166.4572,54.7,2.1399999999999997,117.05799999999999,116.4,0.2,4.0,198.7,23768.0,44964.0,22.8,24.3,74.0,29.71,18.52,192.0,548.0,3.2,0.7032318217535799
2026-04-17T10:22:37,04/17/202610:22,140.37,1.19,167.0403,54.7,2.15,117.605,116.9,0.2,4.0,198.7,23768.0,44964.0,22.9,24.3,74.0,29.71,18.52,192.0,548.0,3.2,0.7040516569953479
2026-04-17T10:23:00,04/17/202610:23,140.95,1.1800000000000002,166.321,54.7,2.13,116.511,115.8,0.2,4.0,198.7,23768.0,44964.0,22.9,24.3,74.0,29.71,18.52,192.0,548.0,3.2,0.7005188761491333
2026-04-17T10:23:37,04/17/202610:23,141.41000000000003,1.17,165.4497,54.7,2.12,115.96400000000001,115.3,0.2,4.0,198.7,23768.0,44964.0,22.9,24.3,74.0,29.71,18.52,192.0,548.0,3.2,0.7009018450924964
2026-04-17T10:24:00,04/17/202610:24,141.44,1.1800000000000002,166.8992,54.7,2.13,116.511,115.9,0.2,4.0,198.7,23768.0,44964.0,22.9,24.3,74.0,29.71,18.52,192.0,548.0,3.2,0.6980920220108904
2026-04-17T10:24:38,04/17/202610:24,141.4,1.1800000000000002,166.85200000000003,54.71,2.12,115.9852,115.4,0.2,5.0,198.7,23768.0,44964.0,22.8,24.3,74.0,29.71,18.52,192.0,548.0,3.2,0.6951382063145781
2026-04-17T10:25:01,04/17/202610:25,141.42000000000002,1.17,165.4614,54.720000000000006,2.09,114.3648,113.8,0.2,5.0,198.7,23768.0,44964.0,22.8,24.3,74.0,29.71,18.52,192.0,548.0,3.2,0.6911871892779827
2026-04-17T10:25:37,04/17/202610:25,141.55,1.16,164.198,54.720000000000006,2.07,113.27040000000001,112.7,0.2,5.0,198.7,23768.0,44964.0,22.9,24.3,74.0,29.71,18.52,192.0,548.0,3.2,0.689840314741958
2026-04-17T10:26:00,04/17/202610:26,141.68,1.16,164.34879999999998,54.720000000000006,2.08,113.81760000000001,113.2,0.2,5.0,198.7,23768.0,44964.0,22.9,24.3,74.0,29.71,18.52,192.0,548.0,3.2,0.6925368484588876
2026-04-17T10:26:37,04/17/202610:26,141.67000000000002,1.16,164.3372,54.720000000000006,2.1,114.91200000000002,114.3,0.2,5.0,198.7,23768.0,44964.0,22.9,24.3,74.0,29.71,18.52,192.0,548.0,3.2,0.6992452104575229
2026-04-17T10:27:00,04/17/202610:27,141.66,1.16,164.32559999999998,54.720000000000006,2.12,116.00640000000001,115.4,0.2,5.0,198.7,23768.0,44964.0,22.9,24.3,74.0,29.71,18.52,192.0,548.0,3.2,0.7059545195635983
2026-04-17T10:28:48,04/17/202610:28,141.63,1.15,162.87449999999998,54.720000000000006,2.1,114.91200000000002,114.3,0.2,5.0,198.7,23768.0,44964.0,22.8,24.240000000000002,74.0,29.71,18.439,191.8,535.7,3.2,0.7055248059088441
2026-04-17T10:29:01,04/17/202610:29,141.6,1.1400000000000001,161.424,54.720000000000006,2.08,113.81760000000001,113.2,0.2,5.0,198.7,23768.0,44964.0,22.8,24.18,74.0,29.71,18.357999999999997,191.6,523.4,3.2,0.705084745762712
2026-04-17T10:29:38,04/17/202610:29,141.60999999999999,1.1300000000000001,160.0193,54.720000000000006,2.07,113.27040000000001,112.6,0.2,5.0,198.7,23768.0,44964.0,22.9,24.119999999999997,74.0,29.71,18.277,191.4,511.1,3.2,0.7078546150370613
2026-04-17T10:30:01,04/17/202610:30,141.61999999999998,1.12,158.6144,54.720000000000006,2.06,112.72320000000002,112.0,0.2,5.0,198.7,23768.0,44964.0,22.9,24.06,74.0,29.71,18.196,191.2,498.8,3.2,0.7106744406560819
2026-04-17T10:30:37,04/17/202610:30,141.66,1.1300000000000001,160.07580000000002,54.71,2.08,113.7968,113.1,0.2,5.0,198.7,23768.0,44964.0,22.9,24.03,73.9,29.71,18.09,191.0,498.4,3.25,0.7108932143397065
2026-04-17T10:31:01,04/17/202610:31,141.7,1.1400000000000001,161.538,54.7,2.1,114.87,114.2,0.2,5.0,198.7,23768.0,44964.0,22.9,24.0,73.8,29.71,17.984,190.8,498.0,3.3,0.7111020317200906
2026-04-17T10:31:38,04/17/202610:31,141.72,1.1300000000000001,160.14360000000002,54.7,2.08,113.77600000000001,113.1,0.2,5.0,198.7,23768.0,44964.0,22.8,23.97,73.7,29.71,17.878,190.6,497.6,3.35,0.7104623600318714
2026-04-17T10:32:00,04/17/202610:32,141.74,1.1199999999999999,158.7488,54.7,2.06,112.682,112.0,0.2,5.0,198.7,23768.0,44964.0,22.8,23.94,73.6,29.71,17.772,190.4,497.2,3.4,0.7098132395331493
2026-04-17T10:32:38,04/17/202610:32,141.82,1.1199999999999999,158.83839999999998,54.69,2.04,111.5676,110.9,0.2,5.0,198.7,23768.0,44964.0,22.8,23.91,73.7,29.71,17.666,190.2,496.8,3.45,0.7023969015049258
2026-04-17T10:33:01,04/17/202610:33,141.9,1.1199999999999999,158.928,54.68000000000001,2.02,110.45360000000001,109.8,0.2,5.0,198.7,23768.0,44964.0,22.8,23.880000000000003,73.8,29.71,17.560000000000002,190.0,496.4,3.5,0.6949914426658613
2026-04-17T10:33:37,04/17/202610:33,141.73,1.1199999999999999,158.7376,54.68000000000001,2.02,110.45360000000001,109.8,0.2,5.0,198.7,23768.0,44964.0,22.8,23.91,73.9,29.71,17.535000000000004,190.0,508.3,3.55,0.6958250597212003
2026-04-17T10:34:00,04/17/202610:34,141.56,1.1199999999999999,158.54719999999998,54.68000000000001,2.02,110.45360000000001,109.8,0.2,5.0,198.7,23768.0,44964.0,22.8,23.94,74.0,29.71,17.51,190.0,520.2,3.6,0.6966606789650024
2026-04-17T10:34:19,04/17/202610:34,141.17000000000002,1.1300000000000001,159.52210000000002,54.68000000000001,2.02,110.45360000000001,109.8,0.2,5.0,198.7,23768.0,44964.0,22.8,23.97,74.1,29.71,17.485000000000003,190.0,532.1,3.65,0.6924031215737505
2026-04-17T10:35:00,04/17/202610:35,140.78,1.1400000000000001,160.4892,54.68000000000001,2.02,110.45360000000001,109.8,0.2,5.0,198.7,23768.0,44964.0,22.8,24.0,74.2,29.71,17.46,190.0,544.0,3.7,0.688230734529177
2026-04-17T10:35:19,04/17/202610:35,140.45999999999998,1.1300000000000001,158.7198,54.69,2.0,109.38,108.7,0.2,5.0,198.7,23768.0,44964.0,22.9,24.0,74.4,29.71,17.46,190.0,544.0,3.7,0.6891389732093917
2026-04-17T10:36:00,04/17/202610:36,140.14000000000001,1.1199999999999999,156.9568,54.7,1.98,108.30600000000001,107.6,0.2,5.0,198.7,23768.0,44964.0,22.9,24.0,74.6,29.71,17.46,190.0,544.0,3.7,0.6900370038125141
2026-04-17T10:36:18,04/17/202610:36,139.56,1.1300000000000001,157.70280000000002,54.7,1.9899999999999998,108.853,108.2,0.2,5.0,198.7,23768.0,44964.0,22.8,24.0,74.8,29.71,17.46,190.0,544.0,3.7,0.6902413907679507
2026-04-17T10:37:01,04/17/202610:37,138.98,1.1400000000000001,158.43720000000002,54.7,2.0,109.4,108.8,0.2,5.0,198.7,23768.0,44964.0,22.8,24.0,75.0,29.71,17.46,190.0,544.0,3.7,0.6904944040919683
2026-04-17T10:37:18,04/17/202610:37,137.97,1.1400000000000001,157.28580000000002,54.71,2.0,109.42,108.8,0.2,5.0,198.7,23768.0,44964.0,22.8,24.0,75.0,29.71,17.46,190.0,544.0,3.7,0.6956762784688764
2026-04-17T10:37:56,04/17/202610:37,137.07999999999998,1.1300000000000001,154.9004,54.720000000000006,1.9899999999999998,108.8928,108.2,0.2,5.0,198.7,23768.0,44964.0,22.8,24.0,75.0,29.71,17.46,190.0,544.0,3.7,0.7029859186935605
2026-04-17T10:38:01,04/17/202610:38,136.44,1.1300000000000001,154.1772,54.720000000000006,1.9899999999999998,108.8928,108.2,0.2,5.0,198.7,23768.0,44964.0,22.8,24.0,75.0,29.71,17.46,190.0,544.0,3.7,0.7062834193382679
2026-04-17T10:40:00,04/17/202610:40,136.23,1.1300000000000001,153.9399,54.720000000000006,1.9899999999999998,108.8928,108.2,0.2,5.0,198.7,23768.0,44964.0,22.8,24.0,75.0,29.71,17.46,190.0,544.0,3.7,0.7073721627726145
2026-04-17T10:40:55,04/17/202610:40,136.22,1.12,152.56640000000002,54.720000000000006,1.98,108.3456,107.7,0.3,5.0,198.7,23768.0,44964.0,22.8,24.0,75.0,29.71,17.46,190.0,544.0,3.7,0.7101537428948969
2026-04-17T10:41:00,04/17/202610:41,136.20999999999998,1.11,151.1931,54.720000000000006,1.97,107.79840000000002,107.2,0.3,5.0,198.7,23768.0,44964.0,22.8,24.0,75.0,29.71,17.46,190.0,544.0,3.7,0.7129849179625263
2026-04-17T10:41:55,04/17/202610:41,136.32,1.1,149.952,54.71,1.95,106.6845,106.1,0.3,5.0,198.7,23768.0,44964.0,22.8,24.0,75.0,29.71,17.46,190.0,544.0,3.7,0.711457666453265
2026-04-17T10:42:00,04/17/202610:42,136.43,1.09,148.70870000000002,54.7,1.9300000000000002,105.57100000000001,105.0,0.3,5.0,198.7,23768.0,44964.0,22.8,24.0,75.0,29.71,17.46,190.0,544.0,3.7,0.7099181150800188
2026-04-17T10:42:56,04/17/202610:42,136.94,1.09,149.2646,54.71,1.9300000000000002,105.59030000000001,105.0,0.3,5.0,198.7,23768.0,44964.0,22.9,24.0,75.0,29.71,17.46,190.0,544.0,3.7,0.7074034968773575
2026-04-17T10:43:00,04/17/202610:43,137.45,1.09,149.8205,54.720000000000006,1.9300000000000002,105.60960000000001,105.0,0.3,5.0,198.7,23768.0,44964.0,22.9,24.0,75.0,29.71,17.46,190.0,544.0,3.7,0.7049075393554287
2026-04-17T10:43:55,04/17/202610:43,138.45999999999998,1.09,150.92139999999998,54.73,1.94,106.1762,105.6,0.3,5.0,198.7,23768.0,44964.0,22.9,24.0,75.0,29.71,17.46,190.0,544.0,3.7,0.7035198454294753
2026-04-17T10:44:00,04/17/202610:44,139.35,1.1,153.285,54.739999999999995,1.9600000000000002,107.2904,106.8,0.3,5.0,198.7,23768.0,44964.0,22.9,24.0,75.0,29.71,17.46,190.0,544.0,3.7,0.6999406334605474
2026-04-17T10:44:54,04/17/202610:44,140.07999999999998,1.1099999999999999,155.48879999999997,54.739999999999995,1.9600000000000002,107.2904,106.8,0.3,5.0,198.7,23768.0,44964.0,22.8,24.0,75.0,29.71,17.46,190.0,544.0,3.7,0.6900201172045834
2026-04-17T10:45:01,04/17/202610:45,140.38,1.1199999999999999,157.2256,54.739999999999995,1.9600000000000002,107.2904,106.8,0.3,5.0,198.7,23768.0,44964.0,22.8,24.0,75.0,29.71,17.46,190.0,544.0,3.7,0.6823977774611769
2026-04-17T10:45:56,04/17/202610:45,140.70999999999998,1.1199999999999999,157.59519999999995,54.75,1.94,106.215,105.7,0.3,5.0,198.7,23768.0,44964.0,22.8,24.03,75.0,29.71,17.491,190.1,546.3,3.7399999999999998,0.6739735727991718
2026-04-17T10:46:01,04/17/202610:46,141.04000000000002,1.1199999999999999,157.9648,54.760000000000005,1.92,105.1392,104.6,0.3,5.0,198.7,23768.0,44964.0,22.8,24.06,75.0,29.71,17.522,190.2,548.6,3.78,0.6655862571914756
2026-04-17T10:46:55,04/17/202610:46,141.22,1.1199999999999999,158.16639999999998,54.760000000000005,1.92,105.1392,104.6,0.3,5.0,198.7,23768.0,44964.0,22.8,24.09,75.0,29.71,17.553,190.3,550.9,3.8200000000000003,0.6647378962915007
2026-04-17T10:47:00,04/17/202610:47,141.4,1.1199999999999999,158.368,54.760000000000005,1.92,105.1392,104.6,0.3,5.0,198.7,23768.0,44964.0,22.8,24.119999999999997,75.0,29.71,17.584,190.4,553.2,3.8600000000000003,0.6638916952919782
2026-04-17T10:47:55,04/17/202610:47,141.48,1.1099999999999999,157.04279999999997,54.75,1.89,103.47749999999999,102.9,0.3,5.0,198.7,23768.0,44964.0,22.8,24.15,75.0,29.71,17.615000000000002,190.5,555.5,3.9,0.6589127295234166
2026-04-17T10:48:00,04/17/202610:48,141.56,1.1,155.716,54.739999999999995,1.86,101.8164,101.2,0.3,5.0,198.7,23768.0,44964.0,22.8,24.18,75.0,29.71,17.646,190.6,557.8,3.94,0.6538595905366179
2026-04-17T10:48:55,04/17/202610:48,141.51,1.09,154.2459,54.73,1.85,101.2505,100.6,0.3,5.0,198.7,23768.0,44964.0,22.8,24.21,75.0,29.71,17.677,190.7,560.1,3.9799999999999995,0.6564226342483009
2026-04-17T10:49:00,04/17/202610:49,141.45999999999998,1.08,152.77679999999998,54.720000000000006,1.8399999999999999,100.68480000000001,100.0,0.3,5.0,198.7,23768.0,44964.0,22.8,24.240000000000002,75.0,29.71,17.708,190.8,562.4,4.02,0.6590319996229795
2026-04-17T10:49:55,04/17/202610:49,141.56,1.08,152.8848,54.73,1.8699999999999999,102.34509999999999,101.7,0.3,5.0,198.7,23768.0,44964.0,22.8,24.270000000000003,75.0,29.71,17.738999999999997,190.9,564.7,4.06,0.6694262608186031
2026-04-17T10:51:12,04/17/202610:51,141.67000000000002,1.06,150.17020000000002,54.73,1.85,101.2505,100.6,0.3,5.0,198.7,23768.0,44964.0,22.8,24.3,75.0,29.71,17.77,191.0,567.0,4.1,0.6742382976116432
2026-04-17T10:51:56,04/17/202610:51,141.85,1.05,148.9425,54.720000000000006,1.85,101.23200000000001,100.6,0.3,5.0,198.7,23768.0,44964.0,22.9,24.3,75.0,29.71,17.77,191.0,567.0,4.1,0.6796716853819428
2026-04-17T10:52:01,04/17/202610:52,142.03,1.04,147.71120000000002,54.71,1.85,101.21350000000001,100.6,0.3,5.0,198.7,23768.0,44964.0,22.9,24.3,75.0,29.71,17.77,191.0,567.0,4.1,0.6852120895368801
2026-04-17T10:53:00,04/17/202610:53,142.20999999999998,1.04,147.89839999999998,54.71,1.85,101.21350000000001,100.6,0.3,5.0,198.7,23768.0,44964.0,22.8,24.3,75.0,29.71,17.77,191.0,567.0,4.1,0.6843447934528029
2026-04-17T10:53:55,04/17/202610:53,142.4,1.04,148.096,54.71,1.85,101.21350000000001,100.6,0.3,5.0,198.7,23768.0,44964.0,22.8,24.3,75.0,29.71,17.77,191.0,567.0,4.1,0.6834316929559205
2026-04-17T10:54:00,04/17/202610:54,142.45999999999998,1.04,148.15839999999997,54.71,1.86,101.76060000000001,101.2,0.3,5.0,198.7,23768.0,44964.0,22.8,24.3,75.0,29.71,17.77,191.0,567.0,4.1,0.686836520912753
2026-04-17T10:54:55,04/17/202610:54,142.59,1.04,148.2936,54.71,1.8699999999999999,102.3077,101.8,0.3,5.0,198.7,23768.0,44964.0,22.8,24.3,75.0,29.71,17.77,191.0,567.0,4.1,0.6898996315417523
2026-04-17T10:55:00,04/17/202610:55,142.67000000000002,1.03,146.95010000000002,54.71,1.85,101.21350000000001,100.7,0.3,5.0,198.7,23768.0,44964.0,22.8,24.3,75.0,29.71,17.77,191.0,567.0,4.1,0.6887610147934571
2026-04-17T10:55:55,04/17/202610:55,142.72,1.03,147.0016,54.71,1.83,100.11930000000001,99.6,0.3,6.0,198.7,23768.0,44964.0,22.8,24.3,75.0,29.71,17.77,191.0,567.0,4.1,0.6810762603944448
2026-04-17T10:56:00,04/17/202610:56,142.78,1.02,145.6356,54.7,1.7899999999999998,97.913,97.4,0.3,6.0,198.7,23768.0,44964.0,22.8,24.3,75.0,29.71,17.77,191.0,567.0,4.1,0.6723150108901944
2026-04-17T10:56:56,04/17/202610:56,142.77,1.01,144.1977,54.7,1.7600000000000002,96.27200000000002,95.8,0.3,6.0,198.7,23768.0,44964.0,22.9,24.3,75.0,29.71,17.77,191.0,567.0,4.1,0.6676389429235003
2026-04-17T10:57:00,04/17/202610:57,142.76,1.0,142.76,54.7,1.72,94.084,93.6,0.3,6.0,198.7,23768.0,44964.0,22.9,24.3,75.0,29.71,17.77,191.0,567.0,4.1,0.6590361445783133
2026-04-17T10:57:55,04/17/202610:57,142.76,1.0,142.76,54.7,1.72,94.084,93.6,0.3,6.0,198.7,23768.0,44964.0,22.8,24.3,75.0,29.71,17.77,191.0,567.0,4.1,0.6590361445783133
2026-04-17T10:58:00,04/17/202610:58,142.76,1.0,142.76,54.7,1.72,94.084,93.6,0.3,6.0,198.7,23768.0,44964.0,22.8,24.3,75.0,29.71,17.77,191.0,567.0,4.1,0.6590361445783133
2026-04-17T10:58:56,04/17/202610:58,142.73,1.0,142.73,54.7,1.72,94.084,93.6,0.3,6.0,198.7,23768.0,44964.0,22.8,24.3,75.0,29.71,17.77,191.0,567.0,4.1,0.6591746654522526
2026-04-17T10:59:00,04/17/202610:59,142.7,1.0,142.7,54.7,1.72,94.084,93.6,0.3,6.0,198.7,23768.0,44964.0,22.8,24.3,75.0,29.71,17.77,191.0,567.0,4.1,0.659313244569026
2026-04-17T10:59:56,04/17/202610:59,142.74,0.97,138.4578,54.660000000000004,1.64,89.6424,89.2,0.3,6.0,198.7,23768.0,44964.0,22.8,24.3,75.0,29.71,17.77,191.0,567.0,4.1,0.6474348140733133
2026-04-17T11:00:00,04/17/202611:00,142.78,0.9400000000000001,134.2132,54.620000000000005,1.56,85.20720000000001,84.8,0.3,6.0,198.7,23768.0,44964.0,22.8,24.3,75.0,29.71,17.77,191.0,567.0,4.1,0.6348645289733053
2026-04-17T11:00:56,04/17/202611:00,142.98,0.9099999999999999,130.1118,54.58,1.48,80.77839999999999,80.4,0.3,6.0,198.7,23768.0,44964.0,22.9,24.35,75.1,29.707,17.782999999999998,190.8,574.7,4.13,0.6208383866797631
2026-04-17T11:01:01,04/17/202611:01,143.18,0.8800000000000001,125.99840000000002,54.54,1.4,76.356,76.0,0.3,6.0,198.7,23768.0,44964.0,22.9,24.4,75.2,29.704,17.796,190.6,582.4,4.159999999999999,0.6060076953358137
2026-04-17T11:02:24,04/17/202611:02,143.2,0.89,127.448,54.5,1.41,76.845,76.5,0.3,6.0,198.7,23768.0,44964.0,22.8,24.45,75.3,29.701,17.809,190.4,590.1,4.1899999999999995,0.6029517921034462
2026-04-17T11:02:55,04/17/202611:02,143.20999999999998,0.89,127.45689999999999,54.46,1.42,77.33319999999999,77.0,0.3,6.0,198.7,23768.0,44964.0,22.8,24.5,75.4,29.698,17.822,190.2,597.8,4.220000000000001,0.6067400038758199
2026-04-17T11:03:01,04/17/202611:03,143.20999999999998,0.8800000000000001,126.0248,54.42,1.3900000000000001,75.64380000000001,75.3,0.3,6.0,198.7,23768.0,44964.0,22.8,24.55,75.5,29.695,17.835,190.0,605.5,4.25,0.600229478642299
2026-04-17T11:03:55,04/17/202611:03,143.15,0.86,123.10900000000001,54.379999999999995,1.33,72.3254,72.0,0.3,6.0,198.7,23768.0,44964.0,22.8,24.6,75.6,29.692,17.848,189.8,613.2,4.279999999999999,0.5874907602206175
2026-04-17T11:04:00,04/17/202611:04,143.10999999999999,0.8400000000000001,120.2124,54.339999999999996,1.27,69.0118,68.7,0.3,6.0,198.7,23768.0,44964.0,22.8,24.65,75.7,29.689,17.860999999999997,189.6,620.9,4.3100000000000005,0.5740822078254821
2026-04-17T11:04:56,04/17/202611:04,143.13,0.8300000000000001,118.79790000000001,54.31,1.24,67.34440000000001,67.0,0.3,6.0,198.7,23768.0,44964.0,22.8,24.7,75.8,29.686,17.874,189.4,628.6,4.340000000000001,0.5668820745147852
2026-04-17T11:05:00,04/17/202611:05,143.01,0.85,121.5585,54.31999999999999,1.29,70.07279999999999,69.7,0.3,6.0,198.7,23768.0,44964.0,22.8,24.75,75.9,29.683,17.886999999999997,189.2,636.3,4.37,0.5764533126025739
2026-04-17T11:05:56,04/17/202611:05,142.84,0.8700000000000001,124.27080000000002,54.31999999999999,1.33,72.2456,71.9,0.3,6.0,198.7,23768.0,44964.0,22.8,24.8,76.0,29.68,17.9,189.0,644.0,4.4,0.5813561995255522
2026-04-17T11:06:01,04/17/202611:06,142.54000000000002,0.8800000000000001,125.43520000000004,54.31999999999999,1.3699999999999999,74.41839999999999,74.1,0.3,6.0,198.7,23768.0,44964.0,22.8,24.8,76.0,29.68,17.9,189.0,644.0,4.4,0.5932816306746429
2026-04-17T11:06:56,04/17/202611:06,142.31,0.8800000000000001,125.23280000000001,54.31999999999999,1.3800000000000001,74.96159999999999,74.6,0.3,6.0,198.7,23768.0,44964.0,22.8,24.8,76.0,29.68,17.9,189.0,644.0,4.4,0.5985780083173097
2026-04-17T11:07:01,04/17/202611:07,142.32,0.86,122.39519999999999,54.31999999999999,1.34,72.7888,72.4,0.3,6.0,198.7,23768.0,44964.0,22.8,24.8,76.0,29.68,17.9,189.0,644.0,4.4,0.5947030602507288
2026-04-17T11:07:55,04/17/202611:07,142.49,0.86,122.54140000000001,54.31999999999999,1.33,72.2456,71.9,0.3,6.0,198.7,23768.0,44964.0,22.8,24.8,76.0,29.68,17.9,189.0,644.0,4.4,0.5895607525293491
2026-04-17T11:08:00,04/17/202611:08,142.66,0.86,122.68759999999999,54.31999999999999,1.3199999999999998,71.70239999999998,71.4,0.3,6.0,198.7,23768.0,44964.0,22.8,24.8,76.0,29.68,17.9,189.0,644.0,4.4,0.5844307004130816
2026-04-17T11:08:55,04/17/202611:08,142.87,0.8700000000000001,124.29690000000002,54.31999999999999,1.3599999999999999,73.87519999999998,73.0,0.3,6.0,198.7,23768.0,44964.0,22.8,24.8,76.0,29.68,17.9,189.0,644.0,4.4,0.5943446698992491
2026-04-17T11:09:01,04/17/202611:09,143.07999999999998,0.8800000000000001,125.9104,54.31999999999999,1.4,76.04799999999999,74.6,0.3,6.0,198.7,23768.0,44964.0,22.8,24.8,76.0,29.68,17.9,189.0,644.0,4.4,0.6039850560398505
2026-04-17T11:09:55,04/17/202611:09,143.13,0.8700000000000001,124.52310000000001,54.31,1.3800000000000001,74.94780000000002,73.5,0.3,6.0,198.7,23768.0,44964.0,22.8,24.8,76.0,29.68,17.9,189.0,644.0,4.4,0.6018786875688126
2026-04-17T11:10:01,04/17/202611:10,143.18,0.86,123.1348,54.3,1.3599999999999999,73.84799999999998,72.4,0.3,6.0,198.7,23768.0,44964.0,22.8,24.8,76.0,29.68,17.9,189.0,644.0,4.4,0.5997329755682389
2026-04-17T11:10:56,04/17/202611:10,143.16,0.8700000000000001,124.54920000000001,54.3,1.3800000000000001,74.934,74.0,0.3,6.0,198.7,23768.0,44964.0,22.8,24.8,76.0,29.68,17.9,189.0,644.0,4.4,0.601641760846316
2026-04-17T11:11:00,04/17/202611:11,143.14000000000001,0.8800000000000001,125.96320000000003,54.3,1.4,76.02,75.6,0.3,6.0,198.7,23768.0,44964.0,22.8,24.8,76.0,29.68,17.9,189.0,644.0,4.4,0.6035095964535673
2026-04-17T11:11:55,04/17/202611:11,143.25,0.9,128.925,54.3,1.4300000000000002,77.649,77.3,0.3,6.0,198.7,23768.0,44964.0,22.8,24.8,76.0,29.68,17.9,189.0,644.0,4.4,0.6022803955788248
2026-04-17T11:12:00,04/17/202611:12,143.35999999999999,0.9199999999999999,131.89119999999997,54.3,1.46,79.27799999999999,79.0,0.3,6.0,198.7,23768.0,44964.0,22.8,24.8,76.0,29.68,17.9,189.0,644.0,4.4,0.6010863499611802
2026-04-17T11:13:35,04/17/202611:13,143.34,0.9199999999999999,131.87279999999998,54.3,1.46,79.27799999999999,79.0,0.3,6.0,198.7,23768.0,44964.0,22.9,24.8,76.0,29.68,17.9,189.0,644.0,4.4,0.6011702185742624
2026-04-17T11:13:56,04/17/202611:13,143.06,0.9199999999999999,131.6152,54.3,1.46,79.27799999999999,79.0,0.3,6.0,198.7,23768.0,44964.0,22.8,24.8,76.0,29.68,17.9,189.0,644.0,4.4,0.6023468413982579
2026-04-17T11:14:00,04/17/202611:14,142.8,0.9199999999999999,131.376,54.3,1.44,78.192,78.5,0.3,6.0,198.7,23768.0,44964.0,22.8,24.8,76.0,29.68,17.9,189.0,644.0,4.4,0.5951772013153087
2026-04-17T11:14:56,04/17/202611:14,142.8,0.9099999999999999,129.948,54.3,1.42,77.106,78.0,0.3,6.0,198.7,23768.0,44964.0,22.8,24.8,76.0,29.68,17.9,189.0,644.0,4.4,0.5933604210915134
2026-04-17T11:15:00,04/17/202611:15,142.9,0.9099999999999999,130.039,54.3,1.43,77.64899999999999,78.6,0.3,6.0,198.7,23768.0,44964.0,22.8,24.8,76.0,29.68,17.9,189.0,644.0,4.4,0.5971208637408777
2026-04-17T11:15:56,04/17/202611:15,143.08,0.9099999999999999,130.2028,54.3,1.44,78.192,79.2,0.3,6.0,198.7,23768.0,44964.0,22.9,24.82,75.9,29.68,17.875,188.9,644.0,4.430000000000001,0.6005400805512631
2026-04-17T11:16:00,04/17/202611:16,143.38000000000002,0.89,127.60820000000002,54.3,1.42,77.106,77.6,0.3,6.0,198.7,23768.0,44964.0,22.9,24.84,75.8,29.68,17.85,188.8,644.0,4.46,0.6042401663842918
2026-04-17T11:16:56,04/17/202611:16,143.49,0.89,127.7061,54.3,1.41,76.56299999999999,76.5,0.3,6.0,198.7,23768.0,44964.0,22.9,24.86,75.7,29.68,17.825,188.7,644.0,4.49,0.5995250031126155
2026-04-17T11:17:00,04/17/202611:17,143.4,0.89,127.626,54.3,1.42,77.106,77.0,0.3,6.0,198.7,23768.0,44964.0,22.9,24.880000000000003,75.6,29.68,17.8,188.6,644.0,4.5200000000000005,0.604155892999859
2026-04-17T11:17:55,04/17/202611:17,143.27,0.8800000000000001,126.07760000000003,54.3,1.41,76.56299999999999,76.4,0.3,6.0,198.7,23768.0,44964.0,22.8,24.9,75.5,29.68,17.775,188.5,644.0,4.55,0.6072688566406719
2026-04-17T11:18:01,04/17/202611:18,143.12,0.8800000000000001,125.94560000000003,54.3,1.4,76.02,75.8,0.3,6.0,198.7,23768.0,44964.0,22.8,24.919999999999998,75.4,29.68,17.75,188.4,644.0,4.58,0.6035939326185272
2026-04-17T11:18:56,04/17/202611:18,143.23,0.8800000000000001,126.0424,54.3,1.4,76.02,75.8,0.3,6.0,198.7,23768.0,44964.0,22.8,24.94,75.3,29.68,17.725,188.3,644.0,4.61,0.6031303751753377
2026-04-17T11:19:00,04/17/202611:19,143.34,0.8800000000000001,126.13920000000002,54.3,1.4,76.02,75.8,0.3,6.0,198.7,23768.0,44964.0,22.8,24.96,75.2,29.68,17.7,188.2,644.0,4.640000000000001,0.6026675292058297
2026-04-17T11:19:56,04/17/202611:19,143.01,0.89,127.2789,54.3,1.42,77.106,76.8,0.3,6.0,198.7,23768.0,44964.0,22.9,24.98,75.1,29.68,17.675,188.1,644.0,4.67,0.6058034756742869
2026-04-17T11:20:00,04/17/202611:20,142.68,0.9,128.412,54.3,1.44,78.192,77.8,0.3,6.0,198.7,23768.0,44964.0,22.9,25.0,75.0,29.68,17.65,188.0,644.0,4.7,0.608915054667788
2026-04-17T11:20:55,04/17/202611:20,142.37,0.9099999999999999,129.5567,54.31,1.44,78.2064,77.8,0.3,6.0,198.7,23768.0,44964.0,22.8,25.0,75.0,29.68,17.65,188.0,644.0,4.7,0.6036461255959745
2026-04-17T11:21:01,04/17/202611:21,142.06,0.9199999999999999,130.6952,54.31999999999999,1.44,78.22079999999998,77.8,0.3,6.0,198.7,23768.0,44964.0,22.8,25.0,75.0,29.68,17.65,188.0,644.0,4.7,0.5984978790345781
2026-04-17T11:21:56,04/17/202611:21,141.97,0.9099999999999999,129.19269999999997,54.31999999999999,1.41,76.59119999999999,76.2,0.3,6.0,198.7,23768.0,44964.0,22.8,25.0,75.0,29.68,17.65,188.0,644.0,4.7,0.5928446421508337
2026-04-17T11:22:00,04/17/202611:22,141.88,0.9,127.692,54.31999999999999,1.3800000000000001,74.96159999999999,74.6,0.3,6.0,198.7,23768.0,44964.0,22.8,25.0,75.0,29.68,17.65,188.0,644.0,4.7,0.5870500892773235
2026-04-17T11:22:56,04/17/202611:22,141.82,0.9099999999999999,129.0562,54.31,1.4,76.03399999999999,75.7,0.3,6.0,198.7,23768.0,44964.0,22.8,25.0,75.0,29.68,17.65,188.0,644.0,4.7,0.589154182441448
2026-04-17T11:23:00,04/17/202611:23,141.76,0.9199999999999999,130.4192,54.3,1.42,77.106,76.8,0.3,6.0,198.7,23768.0,44964.0,22.8,25.0,75.0,29.68,17.65,188.0,644.0,4.7,0.5912166306801453
2026-04-17T11:24:47,04/17/202611:24,141.85,0.9199999999999999,130.50199999999998,54.31,1.42,77.1202,76.8,0.3,6.0,198.7,23768.0,44964.0,22.8,25.0,75.0,29.68,17.65,188.0,644.0,4.7,0.5909503302631378
2026-04-17T11:25:56,04/17/202611:25,142.26,0.9099999999999999,129.45659999999998,54.31,1.42,77.1202,76.8,0.3,6.0,198.7,23768.0,44964.0,22.9,25.0,75.0,29.68,17.65,188.0,644.0,4.7,0.5957224274390028
2026-04-17T11:26:00,04/17/202611:26,142.85,0.9,128.565,54.31,1.4,76.03399999999999,75.8,0.3,6.0,198.7,23768.0,44964.0,22.9,25.0,75.0,29.68,17.65,188.0,644.0,4.7,0.5914051258118461
2026-04-17T11:26:56,04/17/202611:26,143.19,0.9,128.871,54.31,1.39,75.4909,75.3,0.3,6.0,198.7,23768.0,44964.0,22.8,25.0,75.0,29.68,17.65,188.0,644.0,4.7,0.5857865617555539
2026-04-17T11:27:01,04/17/202611:27,143.43,0.9,129.08700000000002,54.3,1.4,76.02,75.8,0.3,6.0,198.7,23768.0,44964.0,22.8,25.0,75.0,29.68,17.65,188.0,644.0,4.7,0.5889051569871481
2026-04-17T11:28:53,04/17/202611:28,143.85999999999999,0.9,129.474,54.3,1.4,76.02,75.8,0.3,6.0,198.7,23768.0,44964.0,22.9,25.0,75.0,29.68,17.65,188.0,644.0,4.7,0.5871449094026601
2026-04-17T11:28:54,04/17/202611:28,143.92000000000002,0.9,129.52800000000002,54.3,1.42,77.106,76.9,0.3,6.0,198.7,23768.0,44964.0,22.8,25.0,75.0,29.68,17.65,188.0,644.0,4.7,0.595284417268853
2026-04-17T11:29:00,04/17/202611:29,143.98,0.9,129.582,54.3,1.44,78.192,78.0,0.3,6.0,198.7,23768.0,44964.0,22.8,25.0,75.0,29.68,17.65,188.0,644.0,4.7,0.6034171412696208
2026-04-17T11:29:54,04/17/202611:29,144.19,0.8800000000000001,126.88720000000002,54.31,1.42,77.1202,76.9,0.3,6.0,198.7,23768.0,44964.0,22.8,25.0,75.0,29.68,17.65,188.0,636.3,4.7,0.6077854976703717
2026-04-17T11:30:00,04/17/202611:30,144.4,0.86,124.184,54.31999999999999,1.4,76.04799999999999,75.8,0.3,6.0,198.7,23768.0,44964.0,22.8,25.0,75.0,29.68,17.65,188.0,628.6,4.7,0.6123816272627712
2026-04-17T11:30:54,04/17/202611:30,144.59,0.85,122.9015,54.3,1.3900000000000001,75.477,75.2,0.3,6.0,198.7,23768.0,44964.0,22.8,24.919999999999998,75.0,29.68,17.717999999999996,188.1,620.9,4.7,0.6141259463879611
2026-04-17T11:31:00,04/17/202611:31,144.45999999999998,0.85,122.79099999999998,54.29,1.3800000000000001,74.92020000000001,74.6,0.3,6.0,198.7,23768.0,44964.0,22.8,24.84,75.0,29.68,17.785999999999998,188.2,613.2,4.7,0.6101440659331712
2026-04-17T11:31:54,04/17/202611:31,144.16,0.85,122.53599999999999,54.29,1.3699999999999999,74.37729999999999,74.0,0.3,6.0,198.7,23768.0,44964.0,22.8,24.71,74.8,29.68,17.735999999999997,188.2,571.8,4.74,0.6069832539008945
2026-04-17T11:32:00,04/17/202611:32,144.10999999999999,0.8400000000000001,121.0524,54.29,1.35,73.2915,72.9,0.3,6.0,198.7,23768.0,44964.0,22.8,24.580000000000002,74.6,29.68,17.686,188.2,530.4,4.779999999999999,0.6054526799964313
2026-04-17T11:32:54,04/17/202611:32,143.98,0.85,122.38299999999998,54.29,1.34,72.7486,72.4,0.3,6.0,198.7,23768.0,44964.0,22.9,24.45,74.4,29.68,17.636,188.2,489.0,4.82,0.5944338674489105
2026-04-17T11:33:01,04/17/202611:33,143.66,0.86,123.54759999999999,54.279999999999994,1.34,72.73519999999999,72.4,0.3,6.0,198.7,23768.0,44964.0,22.9,24.32,74.2,29.68,17.586,188.2,447.6,4.86,0.5887220795871388
2026-04-17T11:33:54,04/17/202611:33,143.76,0.86,123.63359999999999,54.279999999999994,1.33,72.19239999999999,71.8,0.3,6.0,198.7,23768.0,44964.0,22.9,24.19,74.0,29.68,17.535999999999998,188.2,406.2,4.9,0.583922170024977
2026-04-17T11:34:01,04/17/202611:34,143.85999999999999,0.86,123.71959999999999,54.279999999999994,1.3199999999999998,71.64959999999998,71.2,0.3,6.0,198.7,23768.0,44964.0,22.9,24.06,73.8,29.68,17.485999999999997,188.2,364.8,4.9399999999999995,0.5791289334915405
2026-04-17T11:35:59,04/17/202611:35,143.55,0.8700000000000001,124.88850000000002,54.29,1.34,72.7486,72.3,0.3,6.0,198.7,23768.0,44964.0,22.8,23.93,73.6,29.68,17.436,188.2,331.1,4.9799999999999995,0.5825083974905615
2026-04-17T11:36:01,04/17/202611:36,143.24,0.8800000000000001,126.05120000000002,54.3,1.3599999999999999,73.84799999999998,73.4,0.3,6.0,198.7,23768.0,44964.0,22.8,23.8,73.4,29.68,17.386,188.2,297.4,5.02,0.5858571754969407
2026-04-17T11:36:54,04/17/202611:36,142.84,0.89,127.1276,54.31,1.3599999999999999,73.8616,74.0,0.3,6.0,198.7,23768.0,44964.0,22.8,23.75,73.2,29.68,17.267999999999997,188.1,263.7,5.06,0.5810036530226323
2026-04-17T11:37:01,04/17/202611:37,142.44,0.9,128.196,54.31999999999999,1.3599999999999999,73.87519999999998,74.6,0.3,6.0,198.7,23768.0,44964.0,22.8,23.7,73.0,29.68,17.15,188.0,230.0,5.1,0.5762675902524258
2026-04-17T11:37:23,04/17/202611:37,142.19,0.9199999999999999,130.8148,54.31999999999999,1.3800000000000001,74.96159999999999,75.7,0.3,6.0,198.7,23768.0,44964.0,22.8,23.7,73.0,29.68,17.15,188.0,230.0,5.1,0.573036078486532
2026-04-17T11:38:01,04/17/202611:38,141.94,0.9400000000000001,133.4236,54.31999999999999,1.4,76.04799999999999,76.8,0.3,6.0,198.7,23768.0,44964.0,22.8,23.7,73.0,29.68,17.15,188.0,230.0,5.1,0.5699741275156718
2026-04-17T11:38:23,04/17/202611:38,141.62,0.93,131.7066,54.31999999999999,1.3900000000000001,75.5048,76.2,0.3,6.0,198.7,23768.0,44964.0,22.8,23.7,73.0,29.68,17.15,188.0,230.0,5.1,0.5732803063779643
2026-04-17T11:39:01,04/17/202611:39,141.3,0.9199999999999999,129.996,54.31999999999999,1.3800000000000001,74.96159999999999,75.6,0.3,6.0,198.7,23768.0,44964.0,22.8,23.7,73.0,29.68,17.15,188.0,230.0,5.1,0.5766454352441612
2026-04-17T11:39:23,04/17/202611:39,140.87,0.9099999999999999,128.1917,54.31999999999999,1.3800000000000001,74.96159999999999,75.6,0.3,7.0,198.7,23768.0,44964.0,22.8,23.7,73.0,29.68,17.15,188.0,230.0,5.1,0.5847617279433848
2026-04-17T11:40:01,04/17/202611:40,140.44,0.9,126.396,54.31999999999999,1.3800000000000001,74.96159999999999,75.6,0.3,7.0,198.7,23768.0,44964.0,22.8,23.7,73.0,29.68,17.15,188.0,230.0,5.1,0.5930694009304092
2026-04-17T11:40:23,04/17/202611:40,140.41,0.9,126.369,54.31,1.3800000000000001,74.94780000000002,75.6,0.3,7.0,198.7,23768.0,44964.0,22.9,23.7,73.0,29.68,17.15,188.0,230.0,5.1,0.5930869121382619
2026-04-17T11:41:00,04/17/202611:41,140.38,0.9,126.342,54.3,1.3800000000000001,74.934,75.6,0.3,7.0,198.7,23768.0,44964.0,22.9,23.7,73.0,29.68,17.15,188.0,230.0,5.1,0.5931044308306026
2026-04-17T11:41:24,04/17/202611:41,140.35,0.9,126.315,54.3,1.3900000000000001,75.477,75.6,0.3,7.0,198.7,23768.0,44964.0,22.8,23.7,73.0,29.68,17.15,188.0,230.0,5.1,0.5975299845624036
2026-04-17T11:41:33,04/17/202611:41,140.34,0.89,124.9026,54.3,1.3699999999999999,74.39099999999999,73.9,0.3,7.0,198.7,23768.0,44964.0,22.8,23.7,73.0,29.68,17.15,188.0,230.0,5.1,0.5955920853529069
2026-04-17T11:42:00,04/17/202611:42,140.35,0.8700000000000001,122.10450000000002,54.3,1.33,72.219,71.7,0.3,7.0,198.7,23768.0,44964.0,22.8,23.7,73.0,29.68,17.15,188.0,230.0,5.1,0.5914524034740734
2026-04-17T11:42:33,04/17/202611:42,140.28,0.8700000000000001,122.04360000000001,54.3,1.33,72.219,71.7,0.3,7.0,198.7,23768.0,44964.0,22.8,23.7,73.0,29.68,17.15,188.0,230.0,5.1,0.5917475394039506
2026-04-17T11:43:01,04/17/202611:43,140.35999999999999,0.8800000000000001,123.5168,54.3,1.35,73.305,72.8,0.3,7.0,198.7,23768.0,44964.0,22.8,23.7,73.0,29.68,17.15,188.0,230.0,5.1,0.5934820202595923
2026-04-17T11:43:32,04/17/202611:43,140.42000000000002,0.8800000000000001,123.56960000000004,54.3,1.3599999999999999,73.84799999999998,73.4,0.3,7.0,198.7,23768.0,44964.0,22.9,23.7,73.0,29.68,17.15,188.0,230.0,5.1,0.5976227162667838
2026-04-17T11:44:01,04/17/202611:44,140.51,0.89,125.0539,54.3,1.3699999999999999,74.39099999999999,74.0,0.3,7.0,198.7,23768.0,44964.0,22.9,23.7,73.0,29.68,17.15,188.0,230.0,5.1,0.5948714914129027
2026-04-17T11:44:32,04/17/202611:44,140.70999999999998,0.9,126.63899999999998,54.3,1.3900000000000001,75.477,75.1,0.3,7.0,198.7,23768.0,44964.0,22.8,23.7,73.0,29.68,17.15,188.0,230.0,5.1,0.596001231848009
2026-04-17T11:47:10,04/17/202611:47,140.95999999999998,0.89,125.45439999999998,54.3,1.3699999999999999,74.39099999999999,74.0,0.3,7.0,198.7,23768.0,44964.0,22.8,23.75,73.0,29.68,17.162,188.2,245.0,5.119999999999999,0.5929724266346976
2026-04-17T11:48:00,04/17/202611:48,141.23,0.89,125.6947,54.3,1.35,73.305,72.9,0.3,7.0,198.7,23768.0,44964.0,22.9,23.8,73.0,29.68,17.174,188.4,260.0,5.14,0.5831988142698141
2026-04-17T11:48:59,04/17/202611:48,141.42000000000002,0.8699999999999999,123.0354,54.3,1.3,70.59,70.1,0.3,7.0,198.7,23768.0,44964.0,22.8,23.85,73.0,29.68,17.186,188.6,275.0,5.159999999999999,0.5737373146265222
2026-04-17T11:49:00,04/17/202611:49,141.59,0.86,121.7674,54.3,1.28,69.504,69.0,0.3,7.0,198.7,23768.0,44964.0,22.8,23.9,73.0,29.68,17.198,188.8,290.0,5.18,0.5707931679579265
2026-04-17T11:50:00,04/17/202611:50,141.57999999999998,0.8699999999999999,123.17459999999997,54.31,1.31,71.1461,70.7,0.3,7.0,198.7,23768.0,44964.0,22.8,23.95,73.0,29.68,17.21,189.0,305.0,5.2,0.577603661793909
2026-04-17T11:51:00,04/17/202611:50,141.57999999999998,0.86,121.75879999999998,54.31,1.31,71.1461,70.7,0.3,7.0,198.7,23768.0,44964.0,22.9,24.0,73.0,29.68,17.222,189.2,320.0,5.22,0.5843199834426753
2026-04-17T11:51:01,04/17/202611:51,141.57999999999998,0.85,120.34299999999999,54.31,1.31,71.1461,70.7,0.3,7.0,198.7,23768.0,44964.0,22.9,24.05,73.0,29.68,17.234,189.4,335.0,5.24,0.5911943361890597
2026-04-17T11:52:01,04/17/202611:52,141.6,0.85,120.35999999999999,54.31,1.31,71.1461,70.7,0.3,7.0,198.7,23768.0,44964.0,22.8,24.1,73.0,29.68,17.246,189.6,350.0,5.26,0.5911108341641742
2026-04-17T11:52:59,04/17/202611:52,141.69,0.8400000000000001,119.01960000000001,54.31,1.29,70.0599,69.6,0.3,7.0,198.7,23768.0,44964.0,22.8,24.15,73.0,29.68,17.258,189.8,365.0,5.279999999999999,0.58864170271115
2026-04-17T11:53:00,04/17/202611:53,141.67000000000002,0.8300000000000001,117.58610000000003,54.31,1.26,68.4306,68.0,0.3,7.0,198.7,23768.0,44964.0,22.8,24.2,73.0,29.68,17.27,190.0,380.0,5.3,0.5819616434255408
2026-04-17T11:54:00,04/17/202611:54,141.43,0.8300000000000001,117.38690000000001,54.31,1.23,66.8013,66.4,0.3,7.0,198.7,23768.0,44964.0,22.8,24.2,73.0,29.68,17.27,190.0,380.0,5.3,0.5690694617542502
2026-04-17T11:55:00,04/17/202611:55,141.16,0.82,115.7512,54.31,1.22,66.2582,65.9,0.3,7.0,198.7,23768.0,44964.0,22.8,24.2,73.0,29.68,17.27,190.0,380.0,5.3,0.5724191196289974
2026-04-17T11:56:00,04/17/202611:56,140.93,0.8400000000000001,118.38120000000002,54.31,1.26,68.4306,68.1,0.3,7.0,198.7,23768.0,44964.0,22.8,24.2,73.0,29.68,17.27,190.0,380.0,5.3,0.5780529340807492
2026-04-17T11:57:00,04/17/202611:56,140.79000000000002,0.85,119.67150000000001,54.31,1.3,70.60300000000001,70.3,0.4,7.0,198.7,23768.0,44964.0,22.8,24.2,73.0,29.68,17.27,190.0,380.0,5.3,0.5899733854760741
2026-04-17T11:57:01,04/17/202611:57,140.82999999999998,0.8400000000000001,118.2972,54.3,1.29,70.047,69.7,0.4,7.0,198.7,23768.0,44964.0,22.8,24.2,73.0,29.68,17.27,190.0,380.0,5.3,0.5921272861910509
2026-04-17T11:58:22,04/17/202611:58,140.87,0.8400000000000001,118.33080000000001,54.3,1.27,68.961,68.6,0.4,7.0,198.7,23768.0,44964.0,22.8,24.2,73.0,29.68,17.27,190.0,380.0,5.3,0.5827814905333184
2026-04-17T11:59:00,04/17/202611:59,140.91,0.8400000000000001,118.3644,54.3,1.25,67.875,67.5,0.4,7.0,198.7,23768.0,44964.0,22.8,24.2,73.0,29.68,17.27,190.0,380.0,5.3,0.5734410008414692
2026-04-17T11:59:22,04/17/202611:59,140.9,0.85,119.765,54.3,1.27,68.961,68.5,0.4,7.0,198.7,23768.0,44964.0,22.8,24.2,73.0,29.68,17.27,190.0,380.0,5.3,0.5758026134513422
2026-04-17T12:00:01,04/17/202600:00,140.82,0.8700000000000001,122.5134,54.3,1.31,71.133,70.6,0.4,7.0,198.7,23768.0,44964.0,22.8,24.2,73.0,29.68,17.27,190.0,380.0,5.3,0.5806140389541062
2026-04-17T12:00:21,04/17/202600:00,140.70999999999998,0.8800000000000001,123.8248,54.3,1.32,71.676,71.1,0.4,7.0,198.7,23768.0,44964.0,22.8,24.2,73.0,29.68,17.27,190.0,380.0,5.3,0.5788501172624547
2026-04-17T12:01:00,04/17/202600:01,140.64000000000001,0.89,125.16960000000002,54.3,1.35,73.305,72.7,0.4,7.0,198.7,23768.0,44964.0,22.8,24.2,73.0,29.68,17.27,190.0,380.0,5.3,0.5856453963262644
2026-04-17T12:01:22,04/17/202600:01,140.64000000000001,0.89,125.16960000000002,54.3,1.36,73.848,73.2,0.4,7.0,198.7,23768.0,44964.0,22.8,24.3,72.9,29.68,17.381999999999998,190.3,411.0,5.319999999999999,0.5899835103731257
2026-04-17T12:01:32,04/17/202600:01,140.64000000000001,0.89,125.16960000000002,54.3,1.37,74.391,73.8,0.4,7.0,198.7,23768.0,44964.0,22.8,24.4,72.8,29.68,17.494,190.6,442.0,5.34,0.5943216244199869
2026-04-17T12:02:00,04/17/202600:02,140.55,0.9,126.49500000000002,54.3,1.3800000000000001,74.934,74.4,0.4,7.0,198.7,23768.0,44964.0,22.8,24.5,72.7,29.68,17.606,190.9,473.0,5.36,0.5923870508715758
2026-04-17T12:02:32,04/17/202600:02,140.63,0.9,126.567,54.3,1.3800000000000001,74.934,74.4,0.4,7.0,198.7,23768.0,44964.0,22.8,24.6,72.6,29.68,17.718,191.2,504.0,5.38,0.5920500604422954
2026-04-17T12:03:00,04/17/202600:03,140.78,0.89,125.2942,54.3,1.3800000000000001,74.934,74.4,0.4,7.0,198.7,23768.0,44964.0,22.8,24.7,72.5,29.68,17.830000000000002,191.5,535.0,5.4,0.5980643956384254
2026-04-17T12:03:32,04/17/202600:03,141.04000000000002,0.8800000000000001,124.11520000000003,54.3,1.3800000000000001,74.934,74.4,0.4,7.0,198.7,23768.0,44964.0,22.8,24.8,72.4,29.68,17.942,191.8,566.0,5.42,0.60374555251895
2026-04-17T12:04:00,04/17/202600:04,141.35,0.86,121.56099999999999,54.3,1.35,73.305,72.8,0.4,7.0,198.7,23768.0,44964.0,22.8,24.9,72.3,29.68,18.054,192.1,597.0,5.4399999999999995,0.603030577241056
2026-04-17T12:04:32,04/17/202600:04,141.75,0.8400000000000001,119.07000000000001,54.3,1.28,69.504,69.0,0.4,7.0,198.7,23768.0,44964.0,22.8,25.0,72.2,29.68,18.166,192.4,628.0,5.46,0.5837238599143361
2026-04-17T12:05:00,04/17/202600:05,142.18,0.8300000000000001,118.00940000000001,54.3,1.24,67.332,66.8,0.4,7.0,198.7,23768.0,44964.0,22.8,25.1,72.1,29.68,18.278,192.7,659.0,5.4799999999999995,0.5705647177258759
2026-04-17T12:05:32,04/17/202600:05,142.44,0.8099999999999999,115.37639999999999,54.3,1.2,65.16,64.6,0.4,7.0,198.7,23768.0,44964.0,22.8,25.2,72.0,29.68,18.39,193.0,690.0,5.5,0.564760210927018
2026-04-17T12:06:01,04/17/202600:06,142.64000000000001,0.8,114.11200000000002,54.3,1.16,62.98799999999999,62.4,0.4,7.0,198.7,23768.0,44964.0,22.8,25.2,72.0,29.68,18.39,193.0,690.0,5.5,0.5519840157038697
2026-04-17T12:06:32,04/17/202600:06,142.81,0.78,111.3918,54.3,1.1,59.730000000000004,59.1,0.4,7.0,198.7,23768.0,44964.0,22.8,25.2,72.0,29.68,18.39,193.0,690.0,5.5,0.5362154126246277
2026-04-17T12:07:00,04/17/202600:07,142.98000000000002,0.76,108.66480000000001,54.3,1.04,56.472,55.8,0.4,7.0,198.7,23768.0,44964.0,22.8,25.2,72.0,29.68,18.39,193.0,690.0,5.5,0.5196899087837091
2026-04-17T12:07:32,04/17/202600:07,142.97,0.76,108.6572,54.3,1.04,56.472,55.3,0.4,7.0,198.7,23768.0,44964.0,22.8,25.2,72.0,29.68,18.39,193.0,690.0,5.5,0.5197262583611578
2026-04-17T12:07:58,04/17/202600:07,142.98,0.77,110.0946,54.3,1.05,57.015,55.9,0.4,7.0,198.7,23768.0,44964.0,22.8,25.2,72.0,29.68,18.39,193.0,690.0,5.5,0.5178728112005494
2026-04-17T12:08:01,04/17/202600:08,142.88,0.78,111.4464,54.3,1.06,57.558,56.5,0.4,7.0,198.7,23768.0,44964.0,22.8,25.2,72.0,29.68,18.39,193.0,690.0,5.5,0.5164635196830045
2026-04-17T12:09:33,04/17/202600:09,142.85999999999999,0.79,112.8594,54.3,1.05,57.015,56.0,0.4,7.0,198.7,23768.0,44964.0,22.8,25.2,72.0,29.68,18.39,193.0,690.0,5.5,0.5051860988096694
2026-04-17T12:10:00,04/17/202600:10,142.75,0.8,114.2,54.3,1.08,58.644,57.7,0.4,7.0,198.7,23768.0,44964.0,22.8,25.2,72.0,29.68,18.39,193.0,690.0,5.5,0.5135201401050787
2026-04-17T12:10:27,04/17/202600:10,142.75,0.8099999999999999,115.6275,54.3,1.1199999999999999,60.81599999999999,59.9,0.4,7.0,198.7,23768.0,44964.0,22.8,25.2,72.0,29.68,18.39,193.0,690.0,5.5,0.5259648440033728
2026-04-17T12:11:01,04/17/202600:11,142.92000000000002,0.8300000000000001,118.62360000000002,54.3,1.16,62.98799999999999,62.1,0.4,7.0,198.7,23768.0,44964.0,22.8,25.2,72.0,29.68,18.39,193.0,690.0,5.5,0.5309904605828856
2026-04-17T12:11:27,04/17/202600:11,143.22,0.8400000000000001,120.30480000000001,54.3,1.19,64.61699999999999,63.8,0.4,7.0,198.7,23768.0,44964.0,22.8,25.2,72.0,29.68,18.39,193.0,690.0,5.5,0.5371107387236418
2026-04-17T12:12:00,04/17/202600:12,143.55,0.85,122.01750000000001,54.3,1.23,66.789,66.0,0.4,7.0,198.7,23768.0,44964.0,22.8,25.2,72.0,29.68,18.39,193.0,690.0,5.5,0.5473723031532362
2026-04-17T12:12:28,04/17/202600:12,143.82999999999998,0.86,123.69379999999998,54.31,1.28,69.5168,68.7,0.4,7.0,198.7,23768.0,44964.0,22.8,25.2,72.0,29.68,18.39,193.0,690.0,5.5,0.5620071499137387
2026-04-17T12:13:01,04/17/202600:13,144.12,0.86,123.9432,54.31999999999999,1.28,69.52959999999999,69.2,0.4,7.0,198.7,23768.0,44964.0,22.8,25.2,72.0,29.68,18.39,193.0,690.0,5.5,0.5609795454692148
2026-04-17T12:14:23,04/17/202600:14,143.69,0.85,122.1365,54.31999999999999,1.25,67.89999999999999,67.5,0.4,7.0,198.7,23768.0,44964.0,22.8,25.2,72.0,29.68,18.39,193.0,690.0,5.5,0.5559353673963148
2026-04-17T12:15:01,04/17/202600:15,143.26,0.8400000000000001,120.33840000000001,54.31999999999999,1.22,66.2704,65.8,0.4,7.0,198.7,23768.0,44964.0,22.8,25.2,72.0,29.68,18.39,193.0,690.0,5.5,0.5507003583228628
2026-04-17T12:15:23,04/17/202600:15,142.68,0.8400000000000001,119.85120000000002,54.31999999999999,1.22,66.2704,65.8,0.4,7.0,198.7,23768.0,44964.0,22.8,25.2,72.0,29.68,18.39,193.0,690.0,5.5,0.5529389776656386
2026-04-17T12:16:01,04/17/202600:16,142.1,0.8400000000000001,119.364,54.31999999999999,1.22,66.2704,65.8,0.4,7.0,198.7,23768.0,44964.0,22.8,25.2,72.0,29.68,18.39,193.0,690.0,5.5,0.555195871452029
2026-04-17T12:16:23,04/17/202600:16,141.54000000000002,0.8300000000000001,117.47820000000003,54.33,1.2,65.196,64.7,0.4,7.0,198.7,23768.0,44964.0,22.8,25.19,71.9,29.677,18.347,193.1,659.0,5.5200000000000005,0.5549625377304043
2026-04-17T12:17:01,04/17/202600:17,140.98,0.8200000000000001,115.6036,54.339999999999996,1.1800000000000002,64.1212,63.6,0.4,7.0,198.7,23768.0,44964.0,22.8,25.18,71.8,29.674,18.304000000000002,193.2,628.0,5.54,0.5546643876142265
2026-04-17T12:17:23,04/17/202600:17,140.29,0.8200000000000001,115.0378,54.339999999999996,1.1800000000000002,64.1212,63.6,0.4,7.0,198.7,23768.0,44964.0,22.8,25.169999999999998,71.7,29.671,18.261000000000003,193.3,597.0,5.5600000000000005,0.5573924397024282
2026-04-17T12:18:00,04/17/202600:18,139.6,0.8200000000000001,114.47200000000001,54.339999999999996,1.1800000000000002,64.1212,63.6,0.4,7.0,198.7,23768.0,44964.0,22.8,25.16,71.6,29.668,18.218,193.4,566.0,5.58,0.5601474596407855
2026-04-17T12:18:24,04/17/202600:18,139.16,0.8200000000000001,114.11120000000001,54.33,1.1800000000000002,64.10940000000001,63.6,0.4,7.0,198.7,23768.0,44964.0,22.8,25.15,71.5,29.665,18.175,193.5,535.0,5.6,0.5618151417214086
2026-04-17T12:19:00,04/17/202600:19,138.71999999999997,0.8200000000000001,113.75039999999998,54.31999999999999,1.1800000000000002,64.0976,63.6,0.4,7.0,198.7,23768.0,44964.0,22.8,25.14,71.4,29.662,18.131999999999998,193.6,504.0,5.62,0.5634934031001211
2026-04-17T12:19:23,04/17/202600:19,139.3,0.8200000000000001,114.22600000000001,54.33,1.19,64.6527,64.2,0.4,7.0,198.7,23768.0,44964.0,22.8,25.130000000000003,71.3,29.659,18.089000000000002,193.7,473.0,5.64,0.5660068635862237
2026-04-17T12:20:45,04/17/202600:20,139.95,0.8300000000000001,116.1585,54.33,1.2,65.196,64.8,0.4,7.0,198.7,23768.0,44964.0,22.8,25.12,71.2,29.656,18.046,193.8,442.0,5.66,0.5612675783519931
2026-04-17T12:21:00,04/17/202600:21,140.67,0.8300000000000001,116.7561,54.33,1.2,65.196,64.8,0.4,7.0,198.7,23768.0,44964.0,22.8,25.110000000000003,71.1,29.653,18.003,193.9,411.0,5.680000000000001,0.5583948076374596
2026-04-17T12:21:23,04/17/202600:21,141.48,0.8200000000000001,116.0136,54.33,1.19,64.6527,64.2,0.4,7.0,198.7,23768.0,44964.0,22.8,25.1,71.0,29.65,17.96,194.0,380.0,5.7,0.5572855251453278
2026-04-17T12:22:00,04/17/202600:22,142.16,0.8200000000000001,116.5712,54.31999999999999,1.19,64.64079999999998,64.2,0.4,7.0,198.7,23768.0,44964.0,22.8,25.1,71.0,29.65,17.96,194.0,380.0,5.7,0.5545177539563801
2026-04-17T12:22:23,04/17/202600:22,142.85999999999999,0.8099999999999999,115.71659999999999,54.31,1.19,64.6289,64.2,0.4,7.0,198.7,23768.0,44964.0,22.8,25.1,71.0,29.65,17.96,194.0,380.0,5.7,0.558510187820935
2026-04-17T12:23:00,04/17/202600:23,143.56,0.8,114.84800000000001,54.31,1.1800000000000002,64.0858,63.6,0.4,7.0,198.7,23768.0,44964.0,22.8,25.1,71.0,29.65,17.96,194.0,380.0,5.7,0.5580053636110337
2026-04-17T12:23:23,04/17/202600:23,144.07,0.8099999999999999,116.69669999999999,54.31,1.21,65.7151,65.2,0.4,7.0,198.7,23768.0,44964.0,22.8,25.1,71.0,29.65,17.96,194.0,380.0,5.7,0.5631273206525979
2026-04-17T12:24:01,04/17/202600:24,144.38,0.82,118.39159999999998,54.31,1.23,66.8013,66.3,0.4,7.0,198.7,23768.0,44964.0,22.8,25.1,71.0,29.65,17.96,194.0,380.0,5.7,0.5642401994736114
2026-04-17T12:24:24,04/17/202600:24,144.74,0.8099999999999999,117.2394,54.31999999999999,1.21,65.7272,65.2,0.4,7.0,198.7,23768.0,44964.0,22.8,25.1,71.0,29.65,17.96,194.0,380.0,5.7,0.5606238175903322
2026-04-17T12:25:00,04/17/202600:25,144.78,0.8,115.82400000000001,54.31999999999999,1.2,65.18399999999998,64.6,0.4,7.0,198.7,23768.0,44964.0,22.8,25.1,71.0,29.65,17.96,194.0,380.0,5.7,0.5627849150435141
2026-04-17T12:25:24,04/17/202600:25,144.77,0.8,115.81600000000002,54.31999999999999,1.19,64.64079999999998,64.0,0.4,8.0,198.7,23768.0,44964.0,22.8,25.1,71.0,29.65,17.96,194.0,380.0,5.7,0.558133591213649
2026-04-17T12:26:00,04/17/202600:26,144.76,0.8,115.80799999999999,54.31999999999999,1.1800000000000002,64.0976,63.4,0.4,8.0,198.7,23768.0,44964.0,22.8,25.1,71.0,29.65,17.96,194.0,380.0,5.7,0.5534816247582205
2026-04-17T12:26:23,04/17/202600:26,144.66,0.8,115.72800000000001,54.31999999999999,1.19,64.64079999999998,64.0,0.4,8.0,198.7,23768.0,44964.0,22.8,25.1,71.0,29.65,17.96,194.0,380.0,5.7,0.5585579980644267
2026-04-17T12:27:00,04/17/202600:27,144.56,0.8,115.64800000000001,54.31999999999999,1.2,65.18399999999998,64.6,0.4,8.0,198.7,23768.0,44964.0,22.8,25.1,71.0,29.65,17.96,194.0,380.0,5.7,0.5636413945766462
2026-04-17T12:27:23,04/17/202600:27,144.29000000000002,0.8099999999999999,116.87490000000001,54.33,1.2200000000000002,66.2826,65.7,0.4,8.0,198.7,23768.0,44964.0,22.8,25.1,71.0,29.65,17.96,194.0,380.0,5.7,0.5671243355074528
2026-04-17T12:28:01,04/17/202600:28,144.02,0.82,118.0964,54.339999999999996,1.24,67.38159999999999,66.8,0.4,8.0,198.7,23768.0,44964.0,22.8,25.1,71.0,29.65,17.96,194.0,380.0,5.7,0.5705643863826501
2026-04-17T12:28:24,04/17/202600:28,143.91,0.8099999999999999,116.56709999999998,54.339999999999996,1.21,65.75139999999999,65.2,0.4,8.0,198.7,23768.0,44964.0,22.8,25.1,71.0,29.65,17.96,194.0,380.0,5.7,0.5640648176029085
2026-04-17T12:29:00,04/17/202600:29,143.8,0.8,115.04000000000002,54.339999999999996,1.1800000000000002,64.1212,63.6,0.4,8.0,198.7,23768.0,44964.0,22.8,25.1,71.0,29.65,17.96,194.0,380.0,5.7,0.5573817802503476
2026-04-17T12:29:24,04/17/202600:29,143.84,0.8,115.072,54.33,1.19,64.6527,64.2,0.4,8.0,198.7,23768.0,44964.0,22.8,25.04,71.0,29.65,17.96,194.0,390.0,5.7,0.5618456270856507
2026-04-17T12:29:32,04/17/202600:29,143.70999999999998,0.8099999999999999,116.40509999999998,54.31999999999999,1.21,65.7272,65.3,0.4,8.0,198.7,23768.0,44964.0,22.8,24.98,71.0,29.65,17.96,194.0,400.0,5.7,0.5646419272007842
2026-04-17T12:30:00,04/17/202600:30,143.56,0.8,114.84800000000001,54.31999999999999,1.23,66.8136,66.4,0.4,8.0,198.7,23768.0,44964.0,22.8,24.92,71.0,29.65,17.96,194.0,410.0,5.7,0.5817567567567566
2026-04-17T12:30:33,04/17/202600:30,143.34,0.8,114.67200000000001,54.31999999999999,1.24,67.35679999999999,67.0,0.4,8.0,198.7,23768.0,44964.0,22.8,24.860000000000003,71.0,29.65,17.96,194.0,420.0,5.7,0.587386633179852
2026-04-17T12:31:58,04/17/202600:31,143.07999999999998,0.8,114.464,54.31999999999999,1.23,66.8136,66.4,0.4,8.0,198.7,23768.0,44964.0,22.8,24.830000000000002,70.9,29.65,18.066,193.5,433.0,5.7,0.5837084148727983
2026-04-17T12:32:01,04/17/202600:32,142.82,0.8,114.256,54.31999999999999,1.22,66.2704,65.8,0.4,8.0,198.7,23768.0,44964.0,22.8,24.8,70.8,29.65,18.172,193.0,446.0,5.7,0.5800168043691359
2026-04-17T12:32:32,04/17/202600:32,142.84,0.8,114.272,54.31,1.21,65.7151,65.3,0.4,8.0,198.7,23768.0,44964.0,22.8,24.770000000000003,70.7,29.65,18.278,192.5,459.0,5.7,0.5750761341360964
2026-04-17T12:33:01,04/17/202600:33,142.85999999999999,0.8,114.288,54.3,1.2,65.16,64.8,0.4,8.0,198.7,23768.0,44964.0,22.8,24.740000000000002,70.6,29.65,18.384,192.0,472.0,5.7,0.5701385972280554
2026-04-17T12:34:21,04/17/202600:34,143.2,0.79,113.128,54.3,1.1800000000000002,64.07400000000001,63.7,0.4,8.0,198.7,23768.0,44964.0,22.9,24.71,70.9,29.65,18.490000000000002,191.5,485.0,5.7,0.5663849798458385
2026-04-17T12:34:22,04/17/202600:34,143.05,0.78,111.57900000000001,54.31,1.17,63.542699999999996,63.1,0.4,8.0,198.7,23768.0,44964.0,22.8,24.68,71.2,29.65,18.596,191.0,498.0,5.7,0.5694861936385879
2026-04-17T12:34:57,04/17/202600:34,142.53,0.79,112.59870000000001,54.31,1.17,63.542699999999996,63.1,0.4,8.0,198.7,23768.0,44964.0,22.8,24.71,71.5,29.65,18.702,190.5,501.0,5.7,0.5643288954490593
2026-04-17T12:35:00,04/17/202600:35,142.18,0.79,112.32220000000001,54.31,1.16,62.9996,62.6,0.4,8.0,198.7,23768.0,44964.0,22.8,24.740000000000002,71.8,29.65,18.808,190.0,504.0,5.7,0.5608828886898582
2026-04-17T12:36:56,04/17/202600:36,141.84,0.8,113.47200000000001,54.31,1.1400000000000001,61.91340000000001,61.5,0.4,8.0,198.7,23768.0,44964.0,22.8,24.770000000000003,72.1,29.65,18.913999999999998,189.5,507.0,5.7,0.5456271150592217
2026-04-17T12:36:57,04/17/202600:36,141.66,0.78,110.4948,54.31,1.1199999999999999,60.8272,60.4,0.4,8.0,198.7,23768.0,44964.0,22.8,24.8,72.4,29.65,19.02,189.0,510.0,5.7,0.550498303992586
2026-04-17T12:37:00,04/17/202600:37,141.52,0.77,108.97040000000001,54.31,1.1099999999999999,60.284099999999995,59.9,0.4,8.0,198.7,23768.0,44964.0,22.8,24.8,72.8,29.65,19.02,189.0,510.0,5.7,0.5532153685771548
2026-04-17T12:37:57,04/17/202600:37,141.37,0.77,108.8549,54.3,1.1099999999999999,60.27299999999999,59.9,0.4,8.0,198.7,23768.0,44964.0,22.8,24.8,73.2,29.65,19.02,189.0,510.0,5.7,0.5537003846404709
2026-04-17T12:38:00,04/17/202600:38,141.09,0.77,108.6393,54.29,1.1,59.719,59.3,0.4,8.0,198.7,23768.0,44964.0,22.8,24.8,73.6,29.65,19.02,189.0,510.0,5.7,0.549699786357239
2026-04-17T12:38:57,04/17/202600:38,140.88,0.76,107.0688,54.29,1.09,59.176100000000005,58.7,0.4,8.0,198.7,23768.0,44964.0,22.8,24.8,74.0,29.65,19.02,189.0,510.0,5.7,0.5526922875758391
2026-04-17T12:39:01,04/17/202600:39,140.38,0.76,106.6888,54.29,1.1,59.719,59.2,0.4,8.0,198.7,23768.0,44964.0,22.8,24.8,74.0,29.65,19.02,189.0,510.0,5.7,0.559749476983526
2026-04-17T12:39:56,04/17/202600:39,140.32999999999998,0.78,109.45739999999999,54.279999999999994,1.1300000000000001,61.3364,60.9,0.4,8.0,198.7,23768.0,44964.0,22.8,24.8,74.0,29.65,19.02,189.0,510.0,5.7,0.5603677777838685
2026-04-17T12:40:01,04/17/202600:40,140.45,0.79,110.9555,54.279999999999994,1.15,62.42199999999999,62.0,0.4,8.0,198.7,23768.0,44964.0,22.8,24.8,74.0,29.65,19.02,189.0,510.0,5.7,0.5625859015551279
2026-04-17T12:40:57,04/17/202600:40,140.52,0.79,111.01080000000002,54.279999999999994,1.1400000000000001,61.8792,60.9,0.4,8.0,198.7,23768.0,44964.0,22.8,24.8,74.0,29.65,19.02,189.0,510.0,5.7,0.5574160351965753
2026-04-17T12:41:01,04/17/202600:41,140.57999999999998,0.78,109.65239999999999,54.279999999999994,1.1400000000000001,61.8792,60.4,0.4,8.0,198.7,23768.0,44964.0,22.8,24.8,74.0,29.65,19.02,189.0,510.0,5.7,0.5643214375608743
2026-04-17T12:43:09,04/17/202600:43,140.5,0.78,109.59,54.279999999999994,1.1400000000000001,61.8792,60.4,0.4,8.0,198.7,23768.0,44964.0,22.8,24.8,74.0,29.65,19.02,189.0,510.0,5.7,0.5646427593758554
2026-04-17T12:43:57,04/17/202600:43,140.57999999999998,0.79,111.0582,54.29,1.15,62.433499999999995,60.9,0.4,8.0,198.7,23768.0,44964.0,22.8,24.8,74.0,29.65,19.02,189.0,510.0,5.7,0.5621692049754092
2026-04-17T12:44:01,04/17/202600:44,140.67000000000002,0.79,111.12930000000001,54.31,1.15,62.4565,60.9,0.4,8.0,198.7,23768.0,44964.0,22.8,24.8,74.0,29.65,19.02,189.0,510.0,5.7,0.5620164978992938
2026-04-17T12:44:57,04/17/202600:44,140.94,0.78,109.9332,54.31999999999999,1.1300000000000001,61.3816,59.8,0.4,8.0,198.7,23768.0,44964.0,22.8,24.8,74.0,29.65,19.02,189.0,510.0,5.7,0.5583536183791612
2026-04-17T12:45:01,04/17/202600:45,141.14,0.78,110.08919999999999,54.31999999999999,1.1099999999999999,60.29519999999999,58.7,0.4,8.0,198.7,23768.0,44964.0,22.8,24.8,74.0,29.65,19.02,189.0,510.0,5.7,0.547694051732595
2026-04-17T12:45:57,04/17/202600:45,141.64,0.79,111.89559999999999,54.31999999999999,1.1,59.751999999999995,58.2,0.4,8.0,198.7,23768.0,44964.0,22.8,24.8,74.0,29.65,19.02,189.0,510.0,5.7,0.5339977621997648
2026-04-17T12:46:01,04/17/202600:46,142.18,0.78,110.9004,54.31999999999999,1.06,57.57919999999999,56.0,0.4,8.0,198.7,23768.0,44964.0,22.8,24.8,74.0,29.65,19.02,189.0,510.0,5.7,0.5191974059606638
2026-04-17T12:46:21,04/17/202600:46,142.6,0.78,111.228,54.31999999999999,1.05,57.035999999999994,55.4,0.4,8.0,198.7,23768.0,44964.0,22.8,24.85,73.8,29.65,18.976,189.1,524.0,5.71,0.5127845506527133
2026-04-17T12:47:01,04/17/202600:47,143.07,0.79,113.0253,54.31999999999999,1.07,58.1224,57.0,0.4,8.0,198.7,23768.0,44964.0,22.8,24.9,73.6,29.65,18.932,189.2,538.0,5.720000000000001,0.5142423864391423
2026-04-17T12:47:21,04/17/202600:47,143.37,0.79,113.26230000000001,54.31999999999999,1.08,58.6656,58.1,0.4,8.0,198.7,23768.0,44964.0,22.8,24.95,73.4,29.65,18.887999999999998,189.3,552.0,5.7,0.5179622875396314
2026-04-17T12:48:01,04/17/202600:48,143.72,0.8,114.976,54.31999999999999,1.1,59.751999999999995,59.2,0.4,8.0,198.7,23768.0,44964.0,22.8,25.0,73.2,29.65,18.844,189.4,566.0,5.68,0.519691065961592
2026-04-17T12:48:21,04/17/202600:48,143.7,0.8,114.96,54.31999999999999,1.1099999999999999,60.29519999999999,59.8,0.4,8.0,198.7,23768.0,44964.0,22.8,25.05,73.0,29.65,18.8,189.5,580.0,5.66,0.5244885177453026
2026-04-17T12:49:00,04/17/202600:49,143.68,0.8,114.94400000000002,54.31999999999999,1.1199999999999999,60.838399999999986,60.4,0.4,8.0,198.7,23768.0,44964.0,22.8,25.1,72.8,29.65,18.756,189.6,594.0,5.64,0.5292873051224942
2026-04-17T12:49:21,04/17/202600:49,143.52,0.8099999999999999,116.2512,54.31999999999999,1.1400000000000001,61.9248,61.5,0.4,8.0,198.7,23768.0,44964.0,22.8,25.15,72.6,29.65,18.711999999999996,189.7,608.0,5.62,0.5326809529708081
2026-04-17T12:50:00,04/17/202600:50,143.35999999999999,0.8200000000000001,117.5552,54.31999999999999,1.16,63.01119999999999,62.6,0.4,8.0,198.7,23768.0,44964.0,22.8,25.2,72.4,29.65,18.668,189.8,622.0,5.6,0.536013719512195
2026-04-17T12:50:07,04/17/202600:50,142.84,0.8200000000000001,117.12880000000001,54.31999999999999,1.19,64.64079999999998,64.2,0.4,8.0,198.7,23768.0,44964.0,22.8,25.25,72.2,29.65,18.624,189.9,636.0,5.58,0.5518779326689932
2026-04-17T12:50:38,04/17/202600:50,142.34,0.8200000000000001,116.71880000000002,54.31999999999999,1.2,65.18399999999998,64.7,0.4,8.0,198.7,23768.0,44964.0,22.8,25.3,72.0,29.65,18.58,190.0,650.0,5.5600000000000005,0.5584704434932503
2026-04-17T12:51:00,04/17/202600:51,141.95999999999998,0.8099999999999999,114.98759999999997,54.31999999999999,1.1800000000000002,64.0976,63.6,0.4,8.0,198.7,23768.0,44964.0,22.8,25.3,72.0,29.65,18.58,190.0,650.0,5.529999999999999,0.5574305403365234
2026-04-17T12:51:37,04/17/202600:51,141.58999999999997,0.8099999999999999,114.68789999999997,54.31999999999999,1.1800000000000002,64.0976,63.6,0.4,8.0,198.7,23768.0,44964.0,22.8,25.3,72.0,29.65,18.58,190.0,650.0,5.5,0.5588872060609709
2026-04-17T12:52:00,04/17/202600:52,141.39,0.8200000000000001,115.93979999999999,54.31999999999999,1.19,64.64079999999998,64.1,0.4,8.0,198.7,23768.0,44964.0,22.8,25.3,72.0,29.65,18.58,190.0,650.0,5.5,0.5575376186607187
2026-04-17T12:52:37,04/17/202600:52,141.32999999999998,0.8200000000000001,115.89059999999999,54.31999999999999,1.2,65.18399999999998,64.6,0.4,8.0,198.7,23768.0,44964.0,22.8,25.3,72.0,29.65,18.58,190.0,650.0,5.5,0.5624614938571376
2026-04-17T12:53:00,04/17/202600:53,141.48,0.8200000000000001,116.0136,54.31,1.2100000000000002,65.7151,65.1,0.4,8.0,198.7,23768.0,44964.0,22.8,25.3,72.0,29.65,18.58,190.0,650.0,5.5,0.5664430721915362
2026-04-17T12:54:20,04/17/202600:54,141.5,0.8200000000000001,116.03000000000002,54.3,1.2200000000000002,66.24600000000001,65.6,0.4,8.0,198.7,23768.0,44964.0,22.8,25.3,72.0,29.65,18.58,190.0,650.0,5.5,0.570938550374903
2026-04-17T12:54:37,04/17/202600:54,141.68,0.8200000000000001,116.17760000000001,54.3,1.23,66.789,66.2,0.4,8.0,198.7,23768.0,44964.0,22.8,25.3,72.0,29.65,18.58,190.0,650.0,5.5,0.5748870694522868
2026-04-17T12:55:01,04/17/202600:55,141.85999999999999,0.8200000000000001,116.3252,54.3,1.24,67.332,66.8,0.4,8.0,198.7,23768.0,44964.0,22.8,25.3,72.0,29.65,18.58,190.0,650.0,5.5,0.5788255683205359
2026-04-17T12:55:37,04/17/202600:55,141.89000000000001,0.8099999999999999,114.93090000000001,54.3,1.2200000000000002,66.24600000000001,65.7,0.4,8.0,198.7,23768.0,44964.0,22.8,25.3,72.0,29.65,18.58,190.0,650.0,5.5,0.5763985142376855
2026-04-17T12:56:01,04/17/202600:56,141.9,0.8,113.52000000000001,54.3,1.2200000000000002,66.24600000000001,65.7,0.4,8.0,198.7,23768.0,44964.0,22.8,25.3,72.0,29.65,18.58,190.0,650.0,5.5,0.5835623678646935
2026-04-17T12:56:37,04/17/202600:56,141.95999999999998,0.8,113.56799999999998,54.3,1.21,65.70299999999999,65.2,0.4,8.0,198.7,23768.0,44964.0,22.8,25.3,72.0,29.65,18.58,190.0,650.0,5.5,0.5785344463229078
2026-04-17T12:57:01,04/17/202600:57,142.01,0.79,112.1879,54.3,1.1800000000000002,64.07400000000001,63.6,0.4,8.0,198.7,23768.0,44964.0,22.8,25.3,72.0,29.65,18.58,190.0,650.0,5.5,0.5711311112874028
2026-04-17T12:57:38,04/17/202600:57,141.95999999999998,0.78,110.72879999999999,54.3,1.16,62.98799999999999,62.5,0.4,8.0,198.7,23768.0,44964.0,22.8,25.3,72.0,29.65,18.58,190.0,650.0,5.5,0.5688492966599475
2026-04-17T12:58:01,04/17/202600:58,141.77,0.78,110.58060000000002,54.3,1.1400000000000001,61.902,61.4,0.4,8.0,198.7,23768.0,44964.0,22.8,25.3,72.0,29.65,18.58,190.0,650.0,5.5,0.5597907770440745
2026-04-17T12:58:38,04/17/202600:58,141.66,0.78,110.4948,54.3,1.1400000000000001,61.902,61.4,0.4,8.0,198.7,23768.0,44964.0,22.8,25.3,72.0,29.65,18.58,190.0,650.0,5.5,0.5602254585736162
2026-04-17T12:59:01,04/17/202600:59,141.68,0.78,110.5104,54.3,1.1400000000000001,61.902,61.4,0.4,8.0,198.7,23768.0,44964.0,22.8,25.3,72.0,29.65,18.58,190.0,650.0,5.5,0.5601463753637667
2026-04-17T12:59:37,04/17/202600:59,141.45,0.79,111.74549999999999,54.3,1.16,62.98799999999999,62.5,0.4,8.0,198.7,23768.0,44964.0,22.8,25.3,72.0,29.65,18.58,190.0,650.0,5.5,0.5636737049814086
2026-04-17T13:00:01,04/17/202601:00,141.21999999999997,0.8,112.97599999999998,54.3,1.1800000000000002,64.07400000000001,63.6,0.4,8.0,198.7,23768.0,44964.0,22.8,25.3,72.0,29.65,18.58,190.0,650.0,5.5,0.5671470046735592
2026-04-17T13:00:38,04/17/202601:00,141.31,0.8099999999999999,114.46109999999999,54.3,1.19,64.61699999999999,64.2,0.4,8.0,198.7,23768.0,44964.0,22.8,25.330000000000002,71.9,29.65,18.549,190.1,635.0,5.5,0.5645324044588074
2026-04-17T13:01:01,04/17/202601:01,141.4,0.8200000000000001,115.94800000000001,54.3,1.2,65.16,64.8,0.4,8.0,198.7,23768.0,44964.0,22.8,25.360000000000003,71.8,29.65,18.517999999999997,190.2,620.0,5.5,0.5619760582330009
2026-04-17T13:01:38,04/17/202601:01,141.47,0.8300000000000001,117.4201,54.3,1.21,65.70299999999999,65.3,0.4,8.0,198.7,23768.0,44964.0,22.8,25.39,71.7,29.65,18.487,190.3,605.0,5.5,0.5595549654616202
2026-04-17T13:02:01,04/17/202601:02,141.54000000000002,0.8400000000000001,118.89360000000003,54.3,1.22,66.246,65.8,0.4,8.0,198.7,23768.0,44964.0,22.8,25.42,71.6,29.65,18.456,190.4,590.0,5.5,0.5571872665980336
2026-04-17T13:03:13,04/17/202601:03,141.82999999999998,0.8400000000000001,119.13719999999999,54.3,1.22,66.246,65.8,0.4,8.0,198.7,23768.0,44964.0,22.8,25.45,71.5,29.65,18.425,190.5,575.0,5.5,0.556047985012238
2026-04-17T13:03:48,04/17/202601:03,142.09,0.8300000000000001,117.9347,54.3,1.2,65.16,64.7,0.4,8.0,198.7,23768.0,44964.0,22.8,25.48,71.4,29.65,18.394,190.6,560.0,5.5,0.5525091427713811
2026-04-17T13:04:00,04/17/202601:04,142.27,0.82,116.6614,54.3,1.16,62.98799999999999,62.5,0.4,8.0,198.7,23768.0,44964.0,22.8,25.51,71.3,29.65,18.363,190.7,545.0,5.5,0.5399215164570286
2026-04-17T13:05:32,04/17/202601:05,142.26,0.82,116.65319999999998,54.3,1.16,62.98799999999999,62.5,0.4,8.0,198.7,23768.0,44964.0,22.8,25.54,71.2,29.65,18.332,190.8,530.0,5.5,0.539959469607349
2026-04-17T13:05:59,04/17/202601:05,142.29000000000002,0.8099999999999999,115.2549,54.3,1.1400000000000001,61.902,61.4,0.4,8.0,198.7,23768.0,44964.0,22.8,25.57,71.1,29.65,18.301,190.9,515.0,5.5,0.5370877940981251
2026-04-17T13:06:00,04/17/202601:06,142.32,0.8,113.856,54.3,1.1199999999999999,60.81599999999999,60.3,0.4,8.0,198.7,23768.0,44964.0,22.8,25.6,71.0,29.65,18.27,191.0,500.0,5.5,0.5341483979763911
2026-04-17T13:06:59,04/17/202601:06,142.28,0.8099999999999999,115.2468,54.3,1.1099999999999999,60.27299999999999,59.7,0.4,8.0,198.7,23768.0,44964.0,22.8,25.6,71.0,29.65,18.27,191.0,500.0,5.5,0.5229906600443569
2026-04-17T13:07:01,04/17/202601:07,142.24,0.82,116.6368,54.3,1.1,59.730000000000004,59.1,0.4,8.0,198.7,23768.0,44964.0,22.8,25.6,71.0,29.65,18.27,191.0,500.0,5.5,0.5121025268182942
2026-04-17T13:07:59,04/17/202601:07,142.22,0.8099999999999999,115.19819999999999,54.3,1.09,59.187000000000005,58.6,0.4,8.0,198.7,23768.0,44964.0,22.8,25.6,71.0,29.65,18.27,191.0,500.0,5.5,0.5137840695427534
2026-04-17T13:08:00,04/17/202601:08,142.2,0.8,113.75999999999999,54.3,1.08,58.644,58.1,0.4,8.0,198.7,23768.0,44964.0,22.8,25.6,71.0,29.65,18.27,191.0,500.0,5.5,0.515506329113924
2026-04-17T13:08:59,04/17/202601:08,142.0,0.8099999999999999,115.02,54.3,1.1300000000000001,61.359,60.8,0.4,8.0,198.7,23768.0,44964.0,22.8,25.6,71.0,29.65,18.27,191.0,500.0,5.5,0.5334637454355765
2026-04-17T13:09:01,04/17/202601:09,141.82999999999998,0.8300000000000001,117.71889999999999,54.3,1.2,65.16,64.6,0.4,8.0,198.7,23768.0,44964.0,22.8,25.6,71.0,29.65,18.27,191.0,500.0,5.5,0.5535219917957099
2026-04-17T13:10:00,04/17/202601:09,141.67000000000002,0.8400000000000001,119.00280000000002,54.3,1.23,66.789,66.3,0.4,8.0,198.7,23768.0,44964.0,22.8,25.6,71.0,29.65,18.27,191.0,500.0,5.5,0.5612388952192721
2026-04-17T13:10:01,04/17/202601:10,141.7,0.8400000000000001,119.028,54.3,1.22,66.246,65.8,0.4,8.0,198.7,23768.0,44964.0,22.8,25.6,71.0,29.65,18.27,191.0,500.0,5.5,0.5565581207783042
2026-04-17T13:10:14,04/17/202601:10,141.70999999999998,0.8400000000000001,119.0364,54.3,1.22,66.246,65.8,0.4,8.0,198.7,23768.0,44964.0,22.8,25.6,71.0,29.65,18.27,191.0,500.0,5.5,0.5565188463360786
2026-04-17T13:11:01,04/17/202601:11,141.71999999999997,0.8400000000000001,119.04479999999998,54.3,1.22,66.246,65.8,0.4,8.0,198.7,23768.0,44964.0,22.8,25.6,71.0,29.65,18.27,191.0,500.0,5.5,0.5564795774363938
2026-04-17T13:11:13,04/17/202601:11,141.68,0.8300000000000001,117.59440000000002,54.3,1.22,66.246,65.8,0.4,8.0,198.7,23768.0,44964.0,22.8,25.6,71.0,29.65,18.27,191.0,500.0,5.5,0.5633431523950119
2026-04-17T13:12:01,04/17/202601:12,141.64000000000001,0.8200000000000001,116.14480000000002,54.3,1.22,66.246,65.8,0.4,8.0,198.7,23768.0,44964.0,22.8,25.6,71.0,29.65,18.27,191.0,500.0,5.5,0.5703742225222307
2026-04-17T13:12:14,04/17/202601:12,141.57,0.8200000000000001,116.0874,54.3,1.21,65.70299999999999,65.2,0.4,8.0,198.7,23768.0,44964.0,22.8,25.6,71.0,29.65,18.27,191.0,500.0,5.5,0.565978736710444
2026-04-17T13:13:01,04/17/202601:13,141.5,0.8200000000000001,116.03000000000002,54.3,1.2,65.16,64.6,0.4,8.0,198.7,23768.0,44964.0,22.8,25.6,71.0,29.65,18.27,191.0,500.0,5.5,0.5615789020081012
2026-04-17T13:13:14,04/17/202601:13,141.48,0.8099999999999999,114.59879999999998,54.3,1.16,62.98799999999999,62.5,0.4,8.0,198.7,23768.0,44964.0,22.8,25.6,71.0,29.65,18.27,191.0,500.0,5.5,0.5496392632383585
2026-04-17T13:14:00,04/17/202601:14,141.45999999999998,0.8,113.16799999999999,54.3,1.1199999999999999,60.81599999999999,60.4,0.4,8.0,198.7,23768.0,44964.0,22.8,25.6,71.0,29.65,18.27,191.0,500.0,5.5,0.5373957302417643
2026-04-17T13:14:14,04/17/202601:14,141.43,0.79,111.72970000000001,54.3,1.1,59.730000000000004,59.3,0.4,8.0,198.7,23768.0,44964.0,22.8,25.6,71.0,29.65,18.27,191.0,500.0,5.5,0.5345937561812123
2026-04-17T13:15:01,04/17/202601:15,141.4,0.78,110.292,54.3,1.08,58.644,58.2,0.4,8.0,198.7,23768.0,44964.0,22.8,25.6,71.0,29.65,18.27,191.0,500.0,5.5,0.5317158089435317
2026-04-17T13:15:14,04/17/202601:15,141.42000000000002,0.78,110.30760000000002,54.3,1.08,58.644,58.2,0.4,8.0,198.7,23768.0,44964.0,22.8,25.6,71.0,29.65,18.27,191.0,500.0,5.5,0.5316406122515582
2026-04-17T13:16:44,04/17/202601:16,141.41000000000003,0.78,110.29980000000002,54.31,1.09,59.197900000000004,58.7,0.4,8.0,198.7,23768.0,44964.0,22.8,25.610000000000003,70.9,29.65,18.363,191.1,491.0,5.46,0.536699975883909
2026-04-17T13:17:01,04/17/202601:17,141.41000000000003,0.78,110.29980000000002,54.31999999999999,1.1099999999999999,60.29519999999999,59.8,0.4,8.0,198.7,23768.0,44964.0,22.8,25.619999999999997,70.8,29.65,18.456,191.2,482.0,5.42,0.5466483166787245
2026-04-17T13:17:14,04/17/202601:17,141.46,0.78,110.3388,54.31999999999999,1.1,59.751999999999995,59.3,0.4,9.0,198.7,23768.0,44964.0,22.8,25.630000000000003,70.7,29.65,18.549,191.3,473.0,5.38,0.5415320811899349
2026-04-17T13:18:00,04/17/202601:18,141.49,0.78,110.36220000000002,54.31999999999999,1.1099999999999999,60.29519999999999,59.9,0.4,9.0,198.7,23768.0,44964.0,22.8,25.639999999999997,70.6,29.65,18.642,191.4,464.0,5.34,0.5463392357165767
2026-04-17T13:18:13,04/17/202601:18,141.53000000000003,0.79,111.80870000000003,54.31999999999999,1.16,63.01119999999999,62.7,0.4,9.0,198.7,23768.0,44964.0,22.8,25.65,70.5,29.65,18.735,191.5,455.0,5.3,0.5635625850224533
2026-04-17T13:19:01,04/17/202601:19,141.58,0.8,113.26400000000001,54.31999999999999,1.1800000000000002,64.0976,63.8,0.4,9.0,198.7,23768.0,44964.0,22.8,25.660000000000004,70.4,29.65,18.828,191.6,446.0,5.26,0.5659132645853934
2026-04-17T13:19:14,04/17/202601:19,141.72,0.79,111.95880000000001,54.31999999999999,1.17,63.55439999999999,63.2,0.4,9.0,198.7,23768.0,44964.0,22.8,25.669999999999998,70.3,29.65,18.921,191.7,437.0,5.22,0.5676588173506681
2026-04-17T13:20:01,04/17/202601:20,141.86,0.79,112.06940000000002,54.31999999999999,1.1800000000000002,64.0976,63.7,0.4,9.0,198.7,23768.0,44964.0,22.8,25.68,70.2,29.65,19.014,191.8,428.0,5.18,0.5719455979955277
2026-04-17T13:20:14,04/17/202601:20,141.77,0.8,113.41600000000001,54.31999999999999,1.19,64.64079999999998,64.2,0.4,9.0,198.7,23768.0,44964.0,22.8,25.689999999999998,70.1,29.65,19.107,191.9,419.0,5.14,0.5699442759399025
2026-04-17T13:21:00,04/17/202601:21,141.66000000000003,0.8,113.32800000000003,54.31999999999999,1.1800000000000002,64.0976,63.6,0.4,9.0,198.7,23768.0,44964.0,22.8,25.7,70.0,29.65,19.2,192.0,410.0,5.1,0.5655936749964703
2026-04-17T13:21:13,04/17/202601:21,141.64000000000001,0.79,111.89560000000002,54.31,1.15,62.4565,62.0,0.4,9.0,198.7,23768.0,44964.0,22.8,25.7,70.0,29.65,19.2,192.0,410.0,5.1,0.5581676133824743
2026-04-17T13:22:01,04/17/202601:22,141.62,0.78,110.46360000000001,54.3,1.1199999999999999,60.81599999999999,60.4,0.4,9.0,198.7,23768.0,44964.0,22.8,25.7,70.0,29.65,19.2,192.0,410.0,5.1,0.5505523991613526
2026-04-17T13:23:14,04/17/202601:23,141.55,0.78,110.409,54.31,1.1099999999999999,60.284099999999995,59.8,0.4,9.0,198.7,23768.0,44964.0,22.8,25.7,70.0,29.65,19.2,192.0,410.0,5.1,0.5460071189848653
2026-04-17T13:23:45,04/17/202601:23,141.78,0.78,110.58840000000001,54.31,1.1300000000000001,61.37030000000001,60.9,0.4,9.0,198.7,23768.0,44964.0,22.8,25.7,70.0,29.65,19.2,192.0,410.0,5.1,0.5549433756162491
2026-04-17T13:24:00,04/17/202601:24,142.0,0.77,109.34,54.31,1.1099999999999999,60.284099999999995,59.8,0.4,9.0,198.7,23768.0,44964.0,22.8,25.7,70.0,29.65,19.2,192.0,410.0,5.1,0.5513453447960489
2026-04-17T13:24:45,04/17/202601:24,142.28,0.76,108.1328,54.31,1.1,59.74100000000001,59.2,0.4,9.0,198.7,23768.0,44964.0,22.8,25.7,70.0,29.65,19.2,192.0,410.0,5.1,0.5524780640101801
2026-04-17T13:25:01,04/17/202601:25,142.47,0.77,109.7019,54.31,1.12,60.827200000000005,60.3,0.4,9.0,198.7,23768.0,44964.0,22.8,25.7,70.0,29.65,19.2,192.0,410.0,5.1,0.5544771786085748
2026-04-17T13:25:45,04/17/202601:25,142.53,0.78,111.1734,54.31,1.1300000000000001,61.37030000000001,60.9,0.4,9.0,198.7,23768.0,44964.0,22.8,25.7,70.0,29.65,19.2,192.0,410.0,5.1,0.5520232357740251
2026-04-17T13:26:00,04/17/202601:26,142.82,0.78,111.39959999999999,54.31,1.1400000000000001,61.91340000000001,61.5,0.4,9.0,198.7,23768.0,44964.0,22.8,25.7,70.0,29.65,19.2,192.0,410.0,5.1,0.5557775790936414
2026-04-17T13:27:56,04/17/202601:27,143.28,0.78,111.75840000000001,54.31,1.1199999999999999,60.8272,60.4,0.4,9.0,198.7,23768.0,44964.0,22.8,25.7,70.0,29.65,19.2,192.0,410.0,5.1,0.5442740769373935
2026-04-17T13:28:01,04/17/202601:28,143.68,0.79,113.50720000000001,54.31,1.1099999999999999,60.284099999999995,59.8,0.4,9.0,198.7,23768.0,44964.0,22.8,25.7,70.0,29.65,19.2,192.0,410.0,5.1,0.5311037537706859
2026-04-17T13:28:44,04/17/202601:28,144.14,0.8,115.312,54.31,1.1099999999999999,60.284099999999995,59.8,0.4,9.0,198.7,23768.0,44964.0,22.8,25.7,70.0,29.65,19.2,192.0,410.0,5.1,0.5227912099347856
2026-04-17T13:29:01,04/17/202601:29,144.6,0.8,115.68,54.3,1.1199999999999999,60.81599999999999,60.4,0.4,9.0,198.7,23768.0,44964.0,22.8,25.7,70.0,29.65,19.2,192.0,410.0,5.1,0.5257261410788381
2026-04-17T13:29:45,04/17/202601:29,144.67000000000002,0.79,114.28930000000001,54.3,1.1099999999999999,60.27299999999999,59.8,0.4,9.0,198.7,23768.0,44964.0,22.8,25.619999999999997,70.0,29.65,19.2,192.0,395.0,5.1,0.5273722036971088
2026-04-17T13:30:00,04/17/202601:30,144.74,0.78,112.89720000000001,54.3,1.1,59.730000000000004,59.2,0.4,9.0,198.7,23768.0,44964.0,22.8,25.54,70.0,29.65,19.2,192.0,380.0,5.1,0.5290653798322722
2026-04-17T13:30:45,04/17/202601:30,144.7,0.77,111.419,54.3,1.08,58.644,58.1,0.5,9.0,198.7,23768.0,44964.0,22.8,25.46,70.0,29.647,18.994999999999997,191.6,370.0,5.029999999999999,0.5263375187355837
2026-04-17T13:31:01,04/17/202601:31,144.66,0.76,109.9416,54.3,1.06,57.558,57.0,0.5,9.0,198.7,23768.0,44964.0,22.8,25.38,70.0,29.644,18.79,191.2,360.0,4.959999999999999,0.5235324936147919
2026-04-17T13:31:45,04/17/202601:31,144.54000000000002,0.77,111.29580000000001,54.3,1.07,58.101,57.5,0.5,9.0,198.7,23768.0,44964.0,22.8,25.3,70.0,29.641,18.585,190.8,350.0,4.89,0.5220412630126203
2026-04-17T13:32:00,04/17/202601:32,144.42000000000002,0.78,112.64760000000001,54.3,1.08,58.644,58.0,0.5,9.0,198.7,23768.0,44964.0,22.8,25.22,70.0,29.637999999999998,18.38,190.4,340.0,4.82,0.5205969767664823
2026-04-17T13:32:45,04/17/202601:32,144.26,0.77,111.08019999999999,54.3,1.08,58.644,58.0,0.5,9.0,198.7,23768.0,44964.0,22.8,25.139999999999997,70.0,29.635,18.175,190.0,330.0,4.75,0.5279428737074654
2026-04-17T13:33:00,04/17/202601:33,144.1,0.76,109.51599999999999,54.3,1.08,58.644,58.0,0.5,9.0,198.7,23768.0,44964.0,22.8,25.06,70.0,29.631999999999998,17.97,189.6,320.0,4.68,0.5354833996858906
2026-04-17T13:33:45,04/17/202601:33,144.3,0.76,109.668,54.3,1.11,60.273,59.6,0.5,9.0,198.7,23768.0,44964.0,22.8,24.979999999999997,70.0,29.629,17.764999999999997,189.2,310.0,4.61,0.5495951417004049
2026-04-17T13:34:01,04/17/202601:34,144.5,0.76,109.82000000000001,54.3,1.1400000000000001,61.902,61.2,0.5,9.0,198.7,23768.0,44964.0,22.8,24.9,70.0,29.625999999999998,17.56,188.8,300.0,4.540000000000001,0.5636678200692041
2026-04-17T13:34:45,04/17/202601:34,144.4,0.76,109.744,54.3,1.1300000000000001,61.359,60.7,0.5,9.0,198.7,23768.0,44964.0,22.8,24.9,70.0,29.623,17.354999999999997,188.4,305.0,4.470000000000001,0.5591102930456335
2026-04-17T13:35:01,04/17/202601:35,144.3,0.76,109.668,54.3,1.12,60.816,60.2,0.5,9.0,198.7,23768.0,44964.0,22.8,24.9,70.0,29.619999999999997,17.15,188.0,310.0,4.4,0.5545464492832913
2026-04-17T13:35:45,04/17/202601:35,143.99,0.77,110.87230000000001,54.3,1.12,60.816,60.2,0.5,9.0,198.7,23768.0,44964.0,22.8,24.9,70.0,29.619999999999997,17.15,188.0,310.0,4.4,0.5485229403557065
2026-04-17T13:36:01,04/17/202601:36,143.68,0.78,112.0704,54.3,1.12,60.816,60.2,0.5,9.0,198.7,23768.0,44964.0,22.8,24.9,70.0,29.619999999999997,17.15,188.0,310.0,4.4,0.5426589001199246
2026-04-17T13:36:44,04/17/202601:36,143.56,0.78,111.97680000000001,54.29,1.1099999999999999,60.26189999999999,59.7,0.5,9.0,198.7,23768.0,44964.0,22.8,24.9,70.1,29.623,17.15,188.0,310.0,4.4,0.5381641554321965
2026-04-17T13:37:01,04/17/202601:37,143.44,0.78,111.8832,54.279999999999994,1.1,59.708,59.2,0.5,9.0,198.7,23768.0,44964.0,22.8,24.9,70.2,29.625999999999998,17.15,188.0,310.0,4.4,0.533663677835457
2026-04-17T13:37:43,04/17/202601:37,143.22,0.78,111.7116,54.279999999999994,1.1,59.708,59.2,0.5,9.0,198.7,23768.0,44964.0,22.8,24.9,70.3,29.629,17.15,188.0,310.0,4.4,0.5344834377092441
2026-04-17T13:39:07,04/17/202601:39,142.87,0.78,111.43860000000001,54.279999999999994,1.1,59.708,59.2,0.5,9.0,198.7,23768.0,44964.0,22.8,24.9,70.4,29.631999999999998,17.15,188.0,310.0,4.4,0.5357928042886396
2026-04-17T13:39:43,04/17/202601:39,142.07999999999998,0.78,110.82239999999999,54.279999999999994,1.09,59.1652,58.7,0.5,9.0,198.7,23768.0,44964.0,22.8,24.9,70.5,29.635,17.15,188.0,310.0,4.4,0.5338740182490183
2026-04-17T13:40:00,04/17/202601:40,141.29000000000002,0.78,110.20620000000002,54.279999999999994,1.08,58.6224,58.2,0.5,9.0,198.7,23768.0,44964.0,22.8,24.9,70.6,29.637999999999998,17.15,188.0,310.0,4.4,0.5319337750507683
2026-04-17T13:40:43,04/17/202601:40,141.03,0.77,108.5931,54.279999999999994,1.06,57.5368,57.1,0.5,9.0,198.7,23768.0,44964.0,22.8,24.9,70.7,29.641,17.15,188.0,310.0,4.4,0.5298384519826765
2026-04-17T13:41:00,04/17/202601:41,140.77,0.76,106.9852,54.279999999999994,1.04,56.45119999999999,56.0,0.5,9.0,198.7,23768.0,44964.0,22.8,24.9,70.8,29.644,17.15,188.0,310.0,4.4,0.5276542923694117
2026-04-17T13:41:43,04/17/202601:41,140.77,0.76,106.9852,54.279999999999994,1.02,55.36559999999999,54.9,0.5,9.0,198.7,23768.0,44964.0,22.8,24.9,70.9,29.647,17.15,188.0,310.0,4.4,0.5175070944392307
2026-04-17T13:42:00,04/17/202601:42,140.77,0.76,106.9852,54.279999999999994,1.0,54.279999999999994,53.8,0.5,9.0,198.7,23768.0,44964.0,22.8,24.9,71.0,29.65,17.15,188.0,310.0,4.4,0.5073598965090498
2026-04-17T13:42:43,04/17/202601:42,140.74,0.75,105.555,54.3,0.9800000000000001,53.214000000000006,52.7,0.5,9.0,198.7,23768.0,44964.0,22.8,24.9,71.0,29.65,17.15,188.0,310.0,4.4,0.5041352849225522
2026-04-17T13:43:00,04/17/202601:43,140.70999999999998,0.74,104.12539999999998,54.31999999999999,0.96,52.14719999999999,51.6,0.5,9.0,198.7,23768.0,44964.0,22.8,24.9,71.0,29.65,17.15,188.0,310.0,4.4,0.5008115214923544
2026-04-17T13:43:42,04/17/202601:43,140.73,0.75,105.54749999999999,54.31999999999999,0.9800000000000001,53.233599999999996,52.7,0.5,9.0,198.7,23768.0,44964.0,22.8,24.9,71.0,29.65,17.15,188.0,310.0,4.4,0.5043568061773136
2026-04-17T13:44:00,04/17/202601:44,140.88,0.76,107.0688,54.31999999999999,1.0,54.31999999999999,53.8,0.5,9.0,198.7,23768.0,44964.0,22.8,24.9,71.0,29.65,17.15,188.0,310.0,4.4,0.5073373382348546
2026-04-17T13:44:42,04/17/202601:44,141.03,0.76,107.1828,54.31999999999999,0.99,53.776799999999994,53.2,0.5,9.0,198.7,23768.0,44964.0,22.8,24.9,71.0,29.65,17.15,188.0,310.0,4.4,0.501729755147281
2026-04-17T13:45:00,04/17/202601:45,141.18,0.76,107.2968,54.31999999999999,0.9800000000000001,53.233599999999996,52.6,0.5,9.0,198.7,23768.0,44964.0,22.8,24.9,71.0,29.65,17.15,188.0,310.0,4.4,0.4961340878758732
2026-04-17T13:45:43,04/17/202601:45,141.13,0.78,110.0814,54.31999999999999,1.02,55.40639999999999,54.8,0.5,9.0,198.7,23768.0,44964.0,22.8,24.9,71.0,29.65,17.15,188.0,310.0,4.4,0.5033220871100839
2026-04-17T13:46:00,04/17/202601:46,141.07999999999998,0.8,112.86399999999999,54.31999999999999,1.06,57.57919999999999,57.0,0.5,9.0,198.7,23768.0,44964.0,22.8,24.9,71.0,29.65,17.15,188.0,310.0,4.4,0.5101644457045648
2026-04-17T13:46:44,04/17/202601:46,141.01,0.8099999999999999,114.21809999999998,54.31999999999999,1.09,59.2088,58.7,0.5,9.0,198.7,23768.0,44964.0,22.8,24.93,71.0,29.647,17.243,188.0,312.0,4.33,0.5183836887498567
2026-04-17T13:47:00,04/17/202601:47,140.94,0.8200000000000001,115.5708,54.31999999999999,1.1199999999999999,60.838399999999986,60.4,0.5,9.0,198.7,23768.0,44964.0,22.8,24.96,71.0,29.644,17.336,188.0,314.0,4.26,0.5264167073343784
2026-04-17T13:47:43,04/17/202601:47,140.92000000000002,0.8200000000000001,115.55440000000002,54.31,1.1400000000000001,61.91340000000001,61.5,0.5,9.0,198.7,23768.0,44964.0,22.8,24.99,71.0,29.641,17.429,188.0,316.0,4.19,0.5357943964055025
2026-04-17T13:48:01,04/17/202601:48,140.9,0.8200000000000001,115.53800000000001,54.3,1.16,62.98799999999999,62.6,0.5,9.0,198.7,23768.0,44964.0,22.8,25.02,71.0,29.637999999999998,17.522,188.0,318.0,4.12,0.5451712856376256
2026-04-17T13:48:43,04/17/202601:48,140.88,0.8200000000000001,115.5216,54.3,1.15,62.44499999999999,62.1,0.5,9.0,198.7,23768.0,44964.0,22.8,25.05,71.0,29.635,17.615,188.0,320.0,4.05,0.5405482611044168
2026-04-17T13:49:00,04/17/202601:49,140.85999999999999,0.8200000000000001,115.5052,54.3,1.1400000000000001,61.902,61.6,0.5,9.0,198.7,23768.0,44964.0,22.8,25.08,71.0,29.631999999999998,17.708,188.0,322.0,3.9800000000000004,0.5359239237713973
2026-04-17T13:50:21,04/17/202601:50,141.02,0.8099999999999999,114.2262,54.3,1.1400000000000001,61.902,61.6,0.5,9.0,198.7,23768.0,44964.0,22.8,25.11,71.0,29.629,17.801,188.0,324.0,3.91,0.5419247072913219
2026-04-17T13:50:46,04/17/202601:50,141.12,0.8,112.89600000000002,54.3,1.1300000000000001,61.359,61.1,0.5,9.0,198.7,23768.0,44964.0,22.8,25.139999999999997,71.0,29.625999999999998,17.894,188.0,326.0,3.8400000000000007,0.543500212585034
2026-04-17T13:51:00,04/17/202601:51,141.28,0.79,111.61120000000001,54.3,1.1099999999999999,60.27299999999999,60.0,0.5,9.0,198.7,23768.0,44964.0,22.8,25.169999999999998,71.0,29.623,17.987,188.0,328.0,3.7700000000000005,0.5400264489585274
2026-04-17T13:51:46,04/17/202601:51,141.42000000000002,0.78,110.30760000000002,54.3,1.06,57.558,57.3,0.5,9.0,198.7,23768.0,44964.0,22.8,25.2,71.0,29.619999999999997,18.08,188.0,330.0,3.7,0.5217954157283813
2026-04-17T13:52:01,04/17/202601:52,141.57999999999998,0.76,107.60079999999999,54.3,1.01,54.842999999999996,54.6,0.5,9.0,198.7,23768.0,44964.0,22.8,25.2,71.0,29.619999999999997,18.08,188.0,330.0,3.7,0.5096895190370332
2026-04-17T13:52:46,04/17/202601:52,141.54000000000002,0.75,106.15500000000002,54.3,1.0,54.3,54.0,0.5,9.0,198.7,23768.0,44964.0,22.8,25.2,71.0,29.619999999999997,18.08,188.0,330.0,3.7,0.5115161791719655
2026-04-17T13:53:00,04/17/202601:53,141.5,0.75,106.125,54.3,0.99,53.757,53.4,0.5,9.0,198.7,23768.0,44964.0,22.8,25.2,71.0,29.619999999999997,18.08,188.0,330.0,3.7,0.5065441696113074
2026-04-17T13:53:47,04/17/202601:53,141.25,0.76,107.35,54.3,1.0,54.3,53.9,0.5,9.0,198.7,23768.0,44964.0,22.8,25.2,71.0,29.619999999999997,18.08,188.0,330.0,3.7,0.5058220773171868
