timestamp,HMI_Timestamp,PV_Voltage_V,PV_Current_A,PV_Power_W,Battery_Voltage_V,Battery_Current_A,Battery_Power_W,Avg_Power_to_Battery_W,Daily_Energy_kWh,Daily_Charge_Ah,History_Max_Input_Voltage_V,Lifetime_Energy_Gen_kWh,Lifetime_Charge_Ah,Battery_Temp_C,Air_Temp_C,Humidity_pct,Air_Pressure_inHg,Wind_Speed_ms,Wind_Direction_deg,Solar_Irradiance_Wm2,UV_Index,Est_Efficiency
2026-04-24T00:00:00,04/24/202600:00,20.6,0.0,0.0,51.720000000000006,0.0,0.0,0.0,0.8,16.0,198.7,23811.0,45046.0,18.5,22.1,75.0,29.47,5.59,23.0,0.0,0.0,
2026-04-24T00:00:28,04/24/202600:00,20.6,0.0,0.0,51.73,0.0,0.0,0.0,0.0,0.0,198.7,23819.0,45062.0,18.5,22.1,75.0,29.47,5.59,23.0,0.0,0.0,
2026-04-24T00:01:00,04/24/202600:01,20.6,0.0,0.0,51.739999999999995,0.0,0.0,0.0,0.0,0.0,198.7,23819.0,45062.0,18.5,22.1,75.0,29.47,5.59,23.0,0.0,0.0,
2026-04-24T00:02:00,04/24/202600:02,20.6,0.0,0.0,51.739999999999995,0.0,0.0,0.0,0.0,0.0,198.7,23819.0,45062.0,18.5,22.080000000000002,75.1,29.47,5.454,30.0,0.0,0.0,
2026-04-24T00:03:00,04/24/202600:03,20.610000000000003,0.0,0.0,51.73,0.0,0.0,0.0,0.0,0.0,198.7,23819.0,45062.0,18.5,22.060000000000002,75.2,29.47,5.318,37.0,0.0,0.0,
2026-04-24T00:03:28,04/24/202600:03,20.64,0.0,0.0,51.720000000000006,0.0,0.0,0.0,0.0,0.0,198.7,23819.0,45062.0,18.5,22.04,75.3,29.47,5.182,44.0,0.0,0.0,
2026-04-24T00:04:00,04/24/202600:04,20.660000000000004,0.0,0.0,51.720000000000006,0.0,0.0,0.0,0.0,0.0,198.7,23819.0,45062.0,18.5,22.02,75.4,29.47,5.046,51.0,0.0,0.0,
2026-04-24T00:04:28,04/24/202600:04,20.67,0.0,0.0,51.720000000000006,0.0,0.0,0.0,0.0,0.0,198.7,23819.0,45062.0,18.5,22.0,75.5,29.47,4.91,58.0,0.0,0.0,
2026-04-24T00:05:00,04/24/202600:05,20.68,0.0,0.0,51.720000000000006,0.0,0.0,0.0,0.0,0.0,198.7,23819.0,45062.0,18.5,21.98,75.6,29.47,4.774,65.0,0.0,0.0,
2026-04-24T00:06:00,04/24/202600:06,20.68,0.0,0.0,51.720000000000006,0.0,0.0,0.0,0.0,0.0,198.7,23819.0,45062.0,18.5,21.96,75.7,29.47,4.638,72.0,0.0,0.0,
2026-04-24T00:06:28,04/24/202600:06,20.69,0.0,0.0,51.720000000000006,0.0,0.0,0.0,0.0,0.0,198.7,23819.0,45062.0,18.5,21.939999999999998,75.8,29.47,4.502000000000001,79.0,0.0,0.0,
2026-04-24T00:07:00,04/24/202600:07,20.71,0.0,0.0,51.71,0.0,0.0,0.0,0.0,0.0,198.7,23819.0,45062.0,18.5,21.919999999999998,75.9,29.47,4.3660000000000005,86.0,0.0,0.0,
2026-04-24T00:08:00,04/24/202600:08,20.73,0.0,0.0,51.71,0.0,0.0,0.0,0.0,0.0,198.7,23819.0,45062.0,18.5,21.9,76.0,29.47,4.23,93.0,0.0,0.0,
2026-04-24T00:09:26,04/24/202600:09,20.73,0.0,0.0,51.71,0.0,0.0,0.0,0.0,0.0,198.7,23819.0,45062.0,18.5,21.9,76.0,29.47,4.23,93.0,0.0,0.0,
2026-04-24T00:09:29,04/24/202600:09,20.75,0.0,0.0,51.71,0.0,0.0,0.0,0.0,0.0,198.7,23819.0,45062.0,18.5,21.9,76.0,29.47,4.23,93.0,0.0,0.0,
2026-04-24T00:10:00,04/24/202600:10,20.75,0.0,0.0,51.71,0.0,0.0,0.0,0.0,0.0,198.7,23819.0,45062.0,18.5,21.9,76.0,29.47,4.23,93.0,0.0,0.0,
2026-04-24T00:10:28,04/24/202600:10,20.740000000000002,0.0,0.0,51.71,0.0,0.0,0.0,0.0,0.0,198.7,23819.0,45062.0,18.5,21.9,76.0,29.47,4.23,93.0,0.0,0.0,
2026-04-24T00:11:01,04/24/202600:11,20.740000000000002,0.0,0.0,51.71,0.0,0.0,0.0,0.0,0.0,198.7,23819.0,45062.0,18.5,21.9,76.0,29.47,4.23,93.0,0.0,0.0,
2026-04-24T00:12:00,04/24/202600:12,20.740000000000002,0.0,0.0,51.71,0.0,0.0,0.0,0.0,0.0,198.7,23819.0,45062.0,18.5,21.9,76.0,29.47,4.23,93.0,0.0,0.0,
2026-04-24T00:13:01,04/24/202600:13,20.740000000000002,0.0,0.0,51.71,0.0,0.0,0.0,0.0,0.0,198.7,23819.0,45062.0,18.5,21.9,76.0,29.47,4.23,93.0,0.0,0.0,
2026-04-24T00:13:28,04/24/202600:13,20.740000000000002,0.0,0.0,51.720000000000006,0.0,0.0,0.0,0.0,0.0,198.7,23819.0,45062.0,18.5,21.9,76.0,29.47,4.23,93.0,0.0,0.0,
2026-04-24T00:14:00,04/24/202600:14,20.740000000000002,0.0,0.0,51.73,0.0,0.0,0.0,0.0,0.0,198.7,23819.0,45062.0,18.5,21.9,76.0,29.47,4.23,93.0,0.0,0.0,
2026-04-24T00:14:28,04/24/202600:14,20.72,0.0,0.0,51.720000000000006,0.0,0.0,0.0,0.0,0.0,198.7,23819.0,45062.0,18.5,21.9,76.0,29.47,4.23,93.0,0.0,0.0,
2026-04-24T00:15:01,04/24/202600:15,20.72,0.0,0.0,51.720000000000006,0.0,0.0,0.0,0.0,0.0,198.7,23819.0,45062.0,18.5,21.9,76.0,29.47,4.23,93.0,0.0,0.0,
2026-04-24T00:15:28,04/24/202600:15,20.71,0.0,0.0,51.720000000000006,0.0,0.0,0.0,0.0,0.0,198.7,23819.0,45062.0,18.5,21.9,76.0,29.47,4.23,93.0,0.0,0.0,
2026-04-24T00:16:34,04/24/202600:16,20.69,0.0,0.0,51.720000000000006,0.0,0.0,0.0,0.0,0.0,198.7,23819.0,45062.0,18.5,21.88,76.2,29.47,4.174,88.4,0.0,0.0,
2026-04-24T00:17:01,04/24/202600:17,20.68,0.0,0.0,51.720000000000006,0.0,0.0,0.0,0.0,0.0,198.7,23819.0,45062.0,18.5,21.86,76.4,29.47,4.118,83.8,0.0,0.0,
2026-04-24T00:18:00,04/24/202600:18,20.67,0.0,0.0,51.71,0.0,0.0,0.0,0.0,0.0,198.7,23819.0,45062.0,18.5,21.839999999999996,76.6,29.47,4.062,79.2,0.0,0.0,
2026-04-24T00:18:34,04/24/202600:18,20.65,0.0,0.0,51.71,0.0,0.0,0.0,0.0,0.0,198.7,23819.0,45062.0,18.5,21.82,76.8,29.47,4.006,74.6,0.0,0.0,
2026-04-24T00:19:01,04/24/202600:19,20.630000000000003,0.0,0.0,51.71,0.0,0.0,0.0,0.0,0.0,198.7,23819.0,45062.0,18.5,21.8,77.0,29.47,3.95,70.0,0.0,0.0,
2026-04-24T00:20:38,04/24/202600:20,20.67,0.0,0.0,51.7,0.0,0.0,0.0,0.0,0.0,198.7,23819.0,45062.0,18.5,21.779999999999998,77.2,29.47,3.8939999999999997,65.4,0.0,0.0,
2026-04-24T00:21:00,04/24/202600:21,20.71,0.0,0.0,51.69,0.0,0.0,0.0,0.0,0.0,198.7,23819.0,45062.0,18.5,21.759999999999998,77.4,29.47,3.838,60.8,0.0,0.0,
2026-04-24T00:21:33,04/24/202600:21,20.72,0.0,0.0,51.69,0.0,0.0,0.0,0.0,0.0,198.7,23819.0,45062.0,18.5,21.74,77.6,29.47,3.782,56.2,0.0,0.0,
2026-04-24T00:22:00,04/24/202600:22,20.73,0.0,0.0,51.69,0.0,0.0,0.0,0.0,0.0,198.7,23819.0,45062.0,18.5,21.72,77.8,29.47,3.726,51.6,0.0,0.0,
2026-04-24T00:22:33,04/24/202600:22,20.72,0.0,0.0,51.69,0.0,0.0,0.0,0.0,0.0,198.7,23819.0,45062.0,18.5,21.7,78.0,29.47,3.6700000000000004,47.0,0.0,0.0,
2026-04-24T00:23:00,04/24/202600:23,20.72,0.0,0.0,51.69,0.0,0.0,0.0,0.0,0.0,198.7,23819.0,45062.0,18.5,21.7,78.0,29.47,3.6700000000000004,47.0,0.0,0.0,
2026-04-24T00:24:00,04/24/202600:24,20.72,0.0,0.0,51.69,0.0,0.0,0.0,0.0,0.0,198.7,23819.0,45062.0,18.5,21.7,78.0,29.47,3.6700000000000004,47.0,0.0,0.0,
2026-04-24T00:25:00,04/24/202600:25,20.72,0.0,0.0,51.7,0.0,0.0,0.0,0.0,0.0,198.7,23819.0,45062.0,18.5,21.7,78.0,29.47,3.6700000000000004,47.0,0.0,0.0,
2026-04-24T00:26:00,04/24/202600:26,20.73,0.0,0.0,51.69,0.0,0.0,0.0,0.0,0.0,198.7,23819.0,45062.0,18.5,21.7,78.0,29.47,3.6700000000000004,47.0,0.0,0.0,
2026-04-24T00:27:00,04/24/202600:27,20.740000000000002,0.0,0.0,51.68000000000001,0.0,0.0,0.0,0.0,0.0,198.7,23819.0,45062.0,18.5,21.7,78.0,29.47,3.6700000000000004,47.0,0.0,0.0,
2026-04-24T00:28:01,04/24/202600:28,20.68,0.0,0.0,51.68000000000001,0.0,0.0,0.0,0.0,0.0,198.7,23819.0,45062.0,18.5,21.7,78.0,29.47,3.6700000000000004,47.0,0.0,0.0,
2026-04-24T00:29:00,04/24/202600:29,20.62,0.0,0.0,51.68000000000001,0.0,0.0,0.0,0.0,0.0,198.7,23819.0,45062.0,18.5,21.7,78.0,29.47,3.6700000000000004,47.0,0.0,0.0,
2026-04-24T00:29:33,04/24/202600:29,20.630000000000003,0.0,0.0,51.68000000000001,0.0,0.0,0.0,0.0,0.0,198.7,23819.0,45062.0,18.5,21.7,78.0,29.47,3.6700000000000004,47.0,0.0,0.0,
2026-04-24T00:30:01,04/24/202600:30,20.64,0.0,0.0,51.68000000000001,0.0,0.0,0.0,0.0,0.0,198.7,23819.0,45062.0,18.5,21.7,78.0,29.47,3.6700000000000004,47.0,0.0,0.0,
2026-04-24T00:30:33,04/24/202600:30,20.630000000000003,0.0,0.0,51.68000000000001,0.0,0.0,0.0,0.0,0.0,198.7,23819.0,45062.0,18.5,21.7,78.0,29.47,3.6700000000000004,47.0,0.0,0.0,
2026-04-24T00:32:09,04/24/202600:32,20.62,0.0,0.0,51.68000000000001,0.0,0.0,0.0,0.0,0.0,198.7,23819.0,45062.0,18.5,21.7,78.3,29.473000000000003,3.782,74.2,0.0,0.0,
2026-04-24T00:33:01,04/24/202600:33,20.610000000000003,0.0,0.0,51.68000000000001,0.0,0.0,0.0,0.0,0.0,198.7,23819.0,45062.0,18.5,21.7,78.6,29.476,3.8939999999999997,101.4,0.0,0.0,
2026-04-24T00:34:00,04/24/202600:34,20.6,0.0,0.0,51.68000000000001,0.0,0.0,0.0,0.0,0.0,198.7,23819.0,45062.0,18.5,21.7,78.9,29.478999999999996,4.006,128.6,0.0,0.0,
2026-04-24T00:34:09,04/24/202600:34,20.6,0.0,0.0,51.69,0.0,0.0,0.0,0.0,0.0,198.7,23819.0,45062.0,18.5,21.7,79.2,29.482,4.118,155.8,0.0,0.0,
2026-04-24T00:35:01,04/24/202600:35,20.6,0.0,0.0,51.7,0.0,0.0,0.0,0.0,0.0,198.7,23819.0,45062.0,18.5,21.7,79.5,29.485000000000003,4.2299999999999995,183.0,0.0,0.0,
2026-04-24T00:36:00,04/24/202600:36,20.6,0.0,0.0,51.69,0.0,0.0,0.0,0.0,0.0,198.7,23819.0,45062.0,18.5,21.72,79.8,29.488,4.4350000000000005,209.2,0.0,0.0,
2026-04-24T00:36:09,04/24/202600:36,20.61,0.0,0.0,51.69,0.0,0.0,0.0,0.0,0.0,198.7,23819.0,45062.0,18.5,21.74,80.1,29.490999999999996,4.577,228.6,0.0,0.0,
2026-04-24T00:37:01,04/24/202600:37,20.6,0.0,0.0,51.69,0.0,0.0,0.0,0.0,0.0,198.7,23819.0,45062.0,18.5,21.759999999999998,80.4,29.494,4.718999999999999,248.0,0.0,0.0,
2026-04-24T00:38:00,04/24/202600:38,20.59,0.0,0.0,51.69,0.0,0.0,0.0,0.0,0.0,198.7,23819.0,45062.0,18.5,21.779999999999998,80.4,29.5,4.861,267.4,0.0,0.0,
2026-04-24T00:38:27,04/24/202600:38,20.59,0.0,0.0,51.69,0.0,0.0,0.0,0.0,0.0,198.7,23819.0,45062.0,18.5,21.8,80.4,29.506,5.003,286.8,0.0,0.0,
2026-04-24T00:39:01,04/24/202600:39,20.59,0.0,0.0,51.69,0.0,0.0,0.0,0.0,0.0,198.7,23819.0,45062.0,18.5,21.82,80.1,29.509000000000004,5.0329999999999995,279.0,0.0,0.0,
2026-04-24T00:39:27,04/24/202600:39,20.6,0.0,0.0,51.69,0.0,0.0,0.0,0.0,0.0,198.7,23819.0,45062.0,18.5,21.839999999999996,79.8,29.512,5.063,271.2,0.0,0.0,
2026-04-24T00:40:00,04/24/202600:40,20.61,0.0,0.0,51.69,0.0,0.0,0.0,0.0,0.0,198.7,23819.0,45062.0,18.5,21.86,79.5,29.514999999999997,5.093,263.4,0.0,0.0,
2026-04-24T00:41:01,04/24/202600:41,20.61,0.0,0.0,51.69,0.0,0.0,0.0,0.0,0.0,198.7,23819.0,45062.0,18.5,21.88,79.2,29.518,5.122999999999999,255.6,0.0,0.0,
2026-04-24T00:43:00,04/24/202600:42,20.61,0.0,0.0,51.68000000000001,0.0,0.0,0.0,0.0,0.0,198.7,23819.0,45062.0,18.5,21.9,78.9,29.521000000000004,5.1530000000000005,247.8,0.0,0.0,
2026-04-24T00:43:01,04/24/202600:43,20.61,0.0,0.0,51.68000000000001,0.0,0.0,0.0,0.0,0.0,198.7,23819.0,45062.0,18.5,21.9,78.6,29.524,5.09,241.0,0.0,0.0,
2026-04-24T00:44:01,04/24/202600:44,20.6,0.0,0.0,51.68000000000001,0.0,0.0,0.0,0.0,0.0,198.7,23819.0,45062.0,18.5,21.9,78.3,29.526999999999997,5.09,241.0,0.0,0.0,
2026-04-24T00:44:27,04/24/202600:44,20.580000000000002,0.0,0.0,51.68000000000001,0.0,0.0,0.0,0.0,0.0,198.7,23819.0,45062.0,18.5,21.9,78.0,29.53,5.09,241.0,0.0,0.0,
2026-04-24T00:45:01,04/24/202600:45,20.560000000000002,0.0,0.0,51.68000000000001,0.0,0.0,0.0,0.0,0.0,198.7,23819.0,45062.0,18.5,21.9,78.0,29.53,5.09,241.0,0.0,0.0,
2026-04-24T00:46:01,04/24/202600:46,20.560000000000002,0.0,0.0,51.67,0.0,0.0,0.0,0.0,0.0,198.7,23819.0,45062.0,18.5,21.869999999999997,78.1,29.53,4.9479999999999995,249.1,0.0,0.0,
2026-04-24T00:46:27,04/24/202600:46,20.57,0.0,0.0,51.67,0.0,0.0,0.0,0.0,0.0,198.7,23819.0,45062.0,18.5,21.839999999999996,78.2,29.53,4.806,257.2,0.0,0.0,
2026-04-24T00:47:01,04/24/202600:47,20.57,0.0,0.0,51.67,0.0,0.0,0.0,0.0,0.0,198.7,23819.0,45062.0,18.5,21.81,78.3,29.53,4.664,265.3,0.0,0.0,
2026-04-24T00:47:27,04/24/202600:47,20.560000000000002,0.0,0.0,51.660000000000004,0.0,0.0,0.0,0.0,0.0,198.7,23819.0,45062.0,18.5,21.78,78.4,29.53,4.522,273.4,0.0,0.0,
2026-04-24T00:48:01,04/24/202600:48,20.55,0.0,0.0,51.65,0.0,0.0,0.0,0.0,0.0,198.7,23819.0,45062.0,18.5,21.75,78.5,29.53,4.38,281.5,0.0,0.0,
2026-04-24T00:49:01,04/24/202600:49,20.54,0.0,0.0,51.65,0.0,0.0,0.0,0.0,0.0,198.7,23819.0,45062.0,18.5,21.72,78.6,29.53,4.2379999999999995,289.6,0.0,0.0,
2026-04-24T00:50:01,04/24/202600:50,20.53,0.0,0.0,51.660000000000004,0.0,0.0,0.0,0.0,0.0,198.7,23819.0,45062.0,18.5,21.69,78.7,29.53,4.096,297.7,0.0,0.0,
2026-04-24T00:51:00,04/24/202600:51,20.52,0.0,0.0,51.660000000000004,0.0,0.0,0.0,0.0,0.0,198.7,23819.0,45062.0,18.5,21.660000000000004,78.8,29.53,3.9539999999999997,305.8,0.0,0.0,
2026-04-24T00:52:01,04/24/202600:52,20.52,0.0,0.0,51.65,0.0,0.0,0.0,0.0,0.0,198.7,23819.0,45062.0,18.5,21.630000000000003,78.9,29.53,3.812,313.9,0.0,0.0,
2026-04-24T00:54:13,04/24/202600:54,20.52,0.0,0.0,51.64,0.0,0.0,0.0,0.0,0.0,198.7,23819.0,45062.0,18.5,21.6,79.0,29.53,3.6700000000000004,322.0,0.0,0.0,
2026-04-24T00:54:27,04/24/202600:54,20.53,0.0,0.0,51.64,0.0,0.0,0.0,0.0,0.0,198.7,23819.0,45062.0,18.5,21.6,79.0,29.53,3.6700000000000004,322.0,0.0,0.0,
2026-04-24T00:55:00,04/24/202600:55,20.53,0.0,0.0,51.63000000000001,0.0,0.0,0.0,0.0,0.0,198.7,23819.0,45062.0,18.5,21.6,79.0,29.53,3.6700000000000004,322.0,0.0,0.0,
2026-04-24T00:56:01,04/24/202600:56,20.53,0.0,0.0,51.63000000000001,0.0,0.0,0.0,0.0,0.0,198.7,23819.0,45062.0,18.5,21.6,79.0,29.53,3.6700000000000004,322.0,0.0,0.0,
2026-04-24T00:57:00,04/24/202600:57,20.54,0.0,0.0,51.64,0.0,0.0,0.0,0.0,0.0,198.7,23819.0,45062.0,18.5,21.6,79.0,29.53,3.6700000000000004,322.0,0.0,0.0,
2026-04-24T00:57:28,04/24/202600:57,20.54,0.0,0.0,51.65,0.0,0.0,0.0,0.0,0.0,198.7,23819.0,45062.0,18.5,21.6,79.0,29.53,3.6700000000000004,322.0,0.0,0.0,
2026-04-24T00:58:01,04/24/202600:58,20.54,0.0,0.0,51.660000000000004,0.0,0.0,0.0,0.0,0.0,198.7,23819.0,45062.0,18.5,21.6,79.0,29.53,3.6700000000000004,322.0,0.0,0.0,
2026-04-24T00:59:00,04/24/202600:59,20.54,0.0,0.0,51.65,0.0,0.0,0.0,0.0,0.0,198.7,23819.0,45062.0,18.5,21.6,79.0,29.53,3.6700000000000004,322.0,0.0,0.0,
2026-04-24T01:00:01,04/24/202601:00,20.54,0.0,0.0,51.64,0.0,0.0,0.0,0.0,0.0,198.7,23819.0,45062.0,18.5,21.6,79.0,29.53,3.6700000000000004,322.0,0.0,0.0,
2026-04-24T01:01:01,04/24/202601:01,20.54,0.0,0.0,51.64,0.0,0.0,0.0,0.0,0.0,198.7,23819.0,45062.0,18.5,21.6,79.0,29.53,3.6700000000000004,322.0,0.0,0.0,
2026-04-24T01:02:00,04/24/202601:02,20.54,0.0,0.0,51.65,0.0,0.0,0.0,0.0,0.0,198.7,23819.0,45062.0,18.5,21.610000000000003,79.1,29.532999999999998,3.5519999999999996,319.5,0.0,0.0,
2026-04-24T01:03:01,04/24/202601:03,20.53,0.0,0.0,51.660000000000004,0.0,0.0,0.0,0.0,0.0,198.7,23819.0,45062.0,18.5,21.62,79.2,29.536,3.434,317.0,0.0,0.0,
2026-04-24T01:04:00,04/24/202601:04,20.52,0.0,0.0,51.67,0.0,0.0,0.0,0.0,0.0,198.7,23819.0,45062.0,18.5,21.630000000000003,79.3,29.538999999999998,3.316,314.5,0.0,0.0,
2026-04-24T01:09:41,04/24/202601:09,20.53,0.0,0.0,51.660000000000004,0.0,0.0,0.0,0.0,0.0,198.7,23819.0,45062.0,18.5,21.64,79.4,29.542,3.198,312.0,0.0,0.0,
2026-04-24T01:10:01,04/24/202601:10,20.54,0.0,0.0,51.65,0.0,0.0,0.0,0.0,0.0,198.7,23819.0,45062.0,18.5,21.65,79.5,29.544999999999998,3.08,309.5,0.0,0.0,
2026-04-24T01:10:11,04/24/202601:10,20.55,0.0,0.0,51.64,0.0,0.0,0.0,0.0,0.0,198.7,23819.0,45062.0,18.5,21.66,79.6,29.548000000000002,2.962,307.0,0.0,0.0,
2026-04-24T01:11:00,04/24/202601:11,20.56,0.0,0.0,51.63000000000001,0.0,0.0,0.0,0.0,0.0,198.7,23819.0,45062.0,18.5,21.669999999999998,79.7,29.551,2.8440000000000003,304.5,0.0,0.0,
2026-04-24T01:11:11,04/24/202601:11,20.56,0.0,0.0,51.63000000000001,0.0,0.0,0.0,0.0,0.0,198.7,23819.0,45062.0,18.5,21.68,79.8,29.553999999999995,2.726,302.0,0.0,0.0,
2026-04-24T01:12:01,04/24/202601:12,20.56,0.0,0.0,51.63000000000001,0.0,0.0,0.0,0.0,0.0,198.7,23819.0,45062.0,18.5,21.69,79.9,29.557,2.608,299.5,0.0,0.0,
2026-04-24T01:13:32,04/24/202601:13,20.56,0.0,0.0,51.63000000000001,0.0,0.0,0.0,0.0,0.0,198.7,23819.0,45062.0,18.5,21.7,80.0,29.559999999999995,2.49,297.0,0.0,0.0,
2026-04-24T01:13:33,04/24/202601:13,20.57,0.0,0.0,51.620000000000005,0.0,0.0,0.0,0.0,0.0,198.7,23819.0,45062.0,18.5,21.7,80.0,29.559999999999995,2.49,297.0,0.0,0.0,
2026-04-24T01:14:00,04/24/202601:14,20.580000000000002,0.0,0.0,51.61,0.0,0.0,0.0,0.0,0.0,198.7,23819.0,45062.0,18.5,21.7,80.0,29.559999999999995,2.49,297.0,0.0,0.0,
2026-04-24T01:14:33,04/24/202601:14,20.580000000000002,0.0,0.0,51.6,0.0,0.0,0.0,0.0,0.0,198.7,23819.0,45062.0,18.5,21.7,80.0,29.559999999999995,2.49,297.0,0.0,0.0,
2026-04-24T01:15:00,04/24/202601:15,20.56,0.0,0.0,51.6,0.0,0.0,0.0,0.0,0.0,198.7,23819.0,45062.0,18.5,21.7,80.0,29.559999999999995,2.49,297.0,0.0,0.0,
2026-04-24T01:15:34,04/24/202601:15,20.93,0.0,0.0,51.6,0.0,0.0,0.0,0.0,0.0,198.7,23819.0,45062.0,18.5,21.7,80.0,29.559999999999995,2.49,297.0,0.0,0.0,
2026-04-24T01:16:37,04/24/202601:16,20.94,0.0,0.0,51.6,0.0,0.0,0.0,0.0,0.0,198.7,23819.0,45062.0,18.5,21.45,80.3,29.559999999999995,3.5770000000000004,299.8,0.0,0.0,
2026-04-24T01:17:00,04/24/202601:17,20.95,0.0,0.0,51.6,0.0,0.0,0.0,0.0,0.0,198.7,23819.0,45062.0,18.5,21.2,80.6,29.559999999999995,4.664,302.6,0.0,0.0,
2026-04-24T01:17:37,04/24/202601:17,20.96,0.0,0.0,51.6,0.0,0.0,0.0,0.0,0.0,198.7,23819.0,45062.0,18.5,20.95,80.9,29.559999999999995,5.7509999999999994,305.4,0.0,0.0,
2026-04-24T01:18:00,04/24/202601:18,20.97,0.0,0.0,51.6,0.0,0.0,0.0,0.0,0.0,198.7,23819.0,45062.0,18.5,20.7,81.2,29.559999999999995,6.837999999999999,308.2,0.0,0.0,
2026-04-24T01:18:37,04/24/202601:18,20.97,0.0,0.0,51.6,0.0,0.0,0.0,0.0,0.0,198.7,23819.0,45062.0,18.5,20.45,81.5,29.559999999999995,7.925,311.0,0.0,0.0,
2026-04-24T01:19:00,04/24/202601:19,20.96,0.0,0.0,51.6,0.0,0.0,0.0,0.0,0.0,198.7,23819.0,45062.0,18.5,20.2,81.8,29.559999999999995,9.012,313.8,0.0,0.0,
2026-04-24T01:19:38,04/24/202601:19,20.96,0.0,0.0,51.6,0.0,0.0,0.0,0.0,0.0,198.7,23819.0,45062.0,18.5,19.95,82.1,29.559999999999995,10.099,316.6,0.0,0.0,
2026-04-24T01:20:53,04/24/202601:20,20.97,0.0,0.0,51.61,0.0,0.0,0.0,0.0,0.0,198.7,23819.0,45062.0,18.5,19.7,82.4,29.559999999999995,11.186,319.4,0.0,0.0,
2026-04-24T01:21:01,04/24/202601:21,20.98,0.0,0.0,51.620000000000005,0.0,0.0,0.0,0.0,0.0,198.7,23819.0,45062.0,18.5,19.45,82.7,29.559999999999995,12.273,322.2,0.0,0.0,
2026-04-24T01:21:10,04/24/202601:21,20.62,0.0,0.0,51.620000000000005,0.0,0.0,0.0,0.0,0.0,198.7,23819.0,45062.0,18.5,19.2,83.0,29.559999999999995,13.36,325.0,0.0,0.0,
2026-04-24T01:22:00,04/24/202601:22,20.630000000000003,0.0,0.0,51.620000000000005,0.0,0.0,0.0,0.0,0.0,198.7,23819.0,45062.0,18.5,19.2,83.0,29.559999999999995,13.36,325.0,0.0,0.0,
2026-04-24T01:22:09,04/24/202601:22,20.630000000000003,0.0,0.0,51.63000000000001,0.0,0.0,0.0,0.0,0.0,198.7,23819.0,45062.0,18.5,19.2,83.0,29.559999999999995,13.36,325.0,0.0,0.0,
2026-04-24T01:23:01,04/24/202601:23,20.64,0.0,0.0,51.64,0.0,0.0,0.0,0.0,0.0,198.7,23819.0,45062.0,18.5,19.2,83.0,29.559999999999995,13.36,325.0,0.0,0.0,
2026-04-24T01:23:10,04/24/202601:23,20.64,0.0,0.0,51.64,0.0,0.0,0.0,0.0,0.0,198.7,23819.0,45062.0,18.5,19.2,83.0,29.559999999999995,13.36,325.0,0.0,0.0,
2026-04-24T01:24:00,04/24/202601:24,20.65,0.0,0.0,51.64,0.0,0.0,0.0,0.0,0.0,198.7,23819.0,45062.0,18.5,19.2,83.0,29.559999999999995,13.36,325.0,0.0,0.0,
2026-04-24T01:24:10,04/24/202601:24,20.67,0.0,0.0,51.64,0.0,0.0,0.0,0.0,0.0,198.7,23819.0,45062.0,18.5,19.2,83.0,29.559999999999995,13.36,325.0,0.0,0.0,
2026-04-24T01:25:00,04/24/202601:25,20.68,0.0,0.0,51.64,0.0,0.0,0.0,0.0,0.0,198.7,23819.0,45062.0,18.5,19.2,83.0,29.559999999999995,13.36,325.0,0.0,0.0,
2026-04-24T01:25:10,04/24/202601:25,20.669999999999998,0.0,0.0,51.63000000000001,0.0,0.0,0.0,0.0,0.0,198.7,23819.0,45062.0,18.5,19.2,83.0,29.559999999999995,13.36,325.0,0.0,0.0,
2026-04-24T01:26:01,04/24/202601:26,20.66,0.0,0.0,51.620000000000005,0.0,0.0,0.0,0.0,0.0,198.7,23819.0,45062.0,18.5,19.2,83.0,29.559999999999995,13.36,325.0,0.0,0.0,
2026-04-24T01:26:11,04/24/202601:26,20.669999999999998,0.0,0.0,51.620000000000005,0.0,0.0,0.0,0.0,0.0,198.7,23819.0,45062.0,18.5,19.2,83.0,29.559999999999995,13.36,325.0,0.0,0.0,
2026-04-24T01:27:00,04/24/202601:27,20.68,0.0,0.0,51.620000000000005,0.0,0.0,0.0,0.0,0.0,198.7,23819.0,45062.0,18.5,19.2,83.0,29.559999999999995,13.36,325.0,0.0,0.0,
2026-04-24T01:27:10,04/24/202601:27,20.669999999999998,0.0,0.0,51.61,0.0,0.0,0.0,0.0,0.0,198.7,23819.0,45062.0,18.5,19.2,83.0,29.559999999999995,13.36,325.0,0.0,0.0,
2026-04-24T01:28:01,04/24/202601:28,20.66,0.0,0.0,51.6,0.0,0.0,0.0,0.0,0.0,198.7,23819.0,45062.0,18.5,19.2,83.0,29.559999999999995,13.36,325.0,0.0,0.0,
2026-04-24T01:28:10,04/24/202601:28,20.71,0.0,0.0,51.61,0.0,0.0,0.0,0.0,0.0,198.7,23819.0,45062.0,18.5,19.2,83.0,29.559999999999995,13.36,325.0,0.0,0.0,
2026-04-24T01:29:00,04/24/202601:29,20.759999999999998,0.0,0.0,51.620000000000005,0.0,0.0,0.0,0.0,0.0,198.7,23819.0,45062.0,18.5,19.2,83.0,29.559999999999995,13.36,325.0,0.0,0.0,
2026-04-24T01:29:08,04/24/202601:29,20.740000000000002,0.0,0.0,51.620000000000005,0.0,0.0,0.0,0.0,0.0,198.7,23819.0,45062.0,18.5,19.2,83.0,29.559999999999995,13.36,325.0,0.0,0.0,
2026-04-24T01:30:01,04/24/202601:30,20.72,0.0,0.0,51.620000000000005,0.0,0.0,0.0,0.0,0.0,198.7,23819.0,45062.0,18.5,19.2,83.0,29.559999999999995,13.36,325.0,0.0,0.0,
2026-04-24T01:30:09,04/24/202601:30,20.740000000000002,0.0,0.0,51.620000000000005,0.0,0.0,0.0,0.0,0.0,198.7,23819.0,45062.0,18.5,19.2,83.0,29.559999999999995,13.36,325.0,0.0,0.0,
2026-04-24T01:30:16,04/24/202601:30,20.75,0.0,0.0,51.620000000000005,0.0,0.0,0.0,0.0,0.0,198.7,23819.0,45062.0,18.5,19.2,83.0,29.559999999999995,13.36,325.0,0.0,0.0,
2026-04-24T01:32:04,04/24/202601:32,20.75,0.0,0.0,51.620000000000005,0.0,0.0,0.0,0.0,0.0,198.7,23819.0,45062.0,18.5,19.04,83.4,29.559999999999995,12.838,295.7,0.0,0.0,
2026-04-24T01:32:15,04/24/202601:32,20.740000000000002,0.0,0.0,51.620000000000005,0.0,0.0,0.0,0.0,0.0,198.7,23819.0,45062.0,18.5,18.84,83.8,29.559999999999995,12.315999999999999,266.4,0.0,0.0,
2026-04-24T01:33:00,04/24/202601:33,20.759999999999998,0.0,0.0,51.620000000000005,0.0,0.0,0.0,0.0,0.0,198.7,23819.0,45062.0,18.5,18.64,84.2,29.559999999999995,11.794,237.1,0.0,0.0,
2026-04-24T01:33:15,04/24/202601:33,20.75,0.0,0.0,51.620000000000005,0.0,0.0,0.0,0.0,0.0,198.7,23819.0,45062.0,18.5,18.44,84.6,29.559999999999995,11.272,207.8,0.0,0.0,
2026-04-24T01:34:01,04/24/202601:34,20.69,0.0,0.0,51.61,0.0,0.0,0.0,0.0,0.0,198.7,23819.0,45062.0,18.5,18.240000000000002,85.0,29.559999999999995,10.75,178.5,0.0,0.0,
2026-04-24T01:35:00,04/24/202601:35,20.630000000000003,0.0,0.0,51.6,0.0,0.0,0.0,0.0,0.0,198.7,23819.0,45062.0,18.5,18.04,85.4,29.559999999999995,11.048,175.5,0.0,0.0,
2026-04-24T01:36:01,04/24/202601:36,20.630000000000003,0.0,0.0,51.6,0.0,0.0,0.0,0.0,0.0,198.7,23819.0,45062.0,18.5,17.84,85.8,29.559999999999995,11.93,174.8,0.0,0.0,
2026-04-24T01:36:05,04/24/202601:36,20.66,0.0,0.0,51.6,0.0,0.0,0.0,0.0,0.0,198.7,23819.0,45062.0,18.5,17.64,86.2,29.559999999999995,12.812000000000001,174.1,0.0,0.0,
2026-04-24T01:37:00,04/24/202601:37,20.669999999999998,0.0,0.0,51.6,0.0,0.0,0.0,0.0,0.0,198.7,23819.0,45062.0,18.5,17.44,86.6,29.559999999999995,13.693999999999999,173.4,0.0,0.0,
2026-04-24T01:37:06,04/24/202601:37,20.7,0.0,0.0,51.61,0.0,0.0,0.0,0.0,0.0,198.7,23819.0,45062.0,18.5,17.240000000000002,87.0,29.559999999999995,14.575999999999999,172.7,0.0,0.0,
2026-04-24T01:37:38,04/24/202601:37,20.66,0.0,0.0,51.61,0.0,0.0,0.0,0.0,0.0,198.7,23819.0,45062.0,18.5,17.2,87.0,29.559999999999995,15.98,201.3,0.0,0.0,
2026-04-24T01:38:01,04/24/202601:38,20.630000000000003,0.0,0.0,51.61,0.0,0.0,0.0,0.0,0.0,198.7,23819.0,45062.0,18.5,17.2,87.0,29.559999999999995,17.384,229.9,0.0,0.0,
2026-04-24T01:38:38,04/24/202601:38,20.61,0.0,0.0,51.6,0.0,0.0,0.0,0.0,0.0,198.7,23819.0,45062.0,18.5,17.2,87.0,29.559999999999995,18.788,258.5,0.0,0.0,
2026-04-24T01:39:01,04/24/202601:39,20.619999999999997,0.0,0.0,51.589999999999996,0.0,0.0,0.0,0.0,0.0,198.7,23819.0,45062.0,18.5,17.2,87.0,29.559999999999995,20.192,287.1,0.0,0.0,
2026-04-24T01:40:00,04/24/202601:40,20.630000000000003,0.0,0.0,51.589999999999996,0.0,0.0,0.0,0.0,0.0,198.7,23819.0,45062.0,18.5,17.2,87.0,29.559999999999995,21.596,315.7,0.0,0.0,
2026-04-24T01:40:38,04/24/202601:40,20.630000000000003,0.0,0.0,51.589999999999996,0.0,0.0,0.0,0.0,0.0,198.7,23819.0,45062.0,18.5,17.2,87.3,29.557,22.18,318.0,0.0,0.0,
2026-04-24T01:41:01,04/24/202601:41,20.630000000000003,0.0,0.0,51.589999999999996,0.0,0.0,0.0,0.0,0.0,198.7,23819.0,45062.0,18.5,17.2,87.6,29.553999999999995,22.18,318.0,0.0,0.0,
2026-04-24T01:42:00,04/24/202601:42,20.6,0.0,0.0,51.589999999999996,0.0,0.0,0.0,0.0,0.0,198.7,23819.0,45062.0,18.5,17.2,87.9,29.551,22.18,318.0,0.0,0.0,
2026-04-24T01:43:22,04/24/202601:43,20.57,0.0,0.0,51.589999999999996,0.0,0.0,0.0,0.0,0.0,198.7,23819.0,45062.0,18.5,17.2,88.2,29.548000000000002,22.18,318.0,0.0,0.0,
2026-04-24T01:44:00,04/24/202601:44,20.53,0.0,0.0,51.58,0.0,0.0,0.0,0.0,0.0,198.7,23819.0,45062.0,18.5,17.2,88.5,29.544999999999998,22.18,318.0,0.0,0.0,
2026-04-24T01:45:01,04/24/202601:45,20.53,0.0,0.0,51.58,0.0,0.0,0.0,0.0,0.0,198.7,23819.0,45062.0,18.5,17.2,88.8,29.542,22.18,318.0,0.0,0.0,
2026-04-24T01:45:23,04/24/202601:45,20.61,0.0,0.0,51.58,0.0,0.0,0.0,0.0,0.0,198.7,23819.0,45062.0,18.5,17.2,89.1,29.538999999999998,22.18,318.0,0.0,0.0,
2026-04-24T01:46:00,04/24/202601:46,20.68,0.0,0.0,51.589999999999996,0.0,0.0,0.0,0.0,0.0,198.7,23819.0,45062.0,18.5,17.2,89.4,29.536,22.18,318.0,0.0,0.0,
2026-04-24T01:46:23,04/24/202601:46,20.8,0.0,0.0,51.6,0.0,0.0,0.0,0.0,0.0,198.7,23819.0,45062.0,18.5,16.96,89.5,29.532999999999998,20.931,292.9,0.0,0.0,
2026-04-24T01:47:01,04/24/202601:47,20.919999999999998,0.0,0.0,51.6,0.0,0.0,0.0,0.0,0.0,198.7,23819.0,45062.0,18.5,16.72,89.6,29.53,19.682,267.8,0.0,0.0,
2026-04-24T01:47:23,04/24/202601:47,21.04,0.0,0.0,51.6,0.0,0.0,0.0,0.0,0.0,198.7,23819.0,45062.0,18.5,16.48,89.4,29.53,18.433,242.7,0.0,0.0,
2026-04-24T01:48:01,04/24/202601:48,21.16,0.0,0.0,51.6,0.0,0.0,0.0,0.0,0.0,198.7,23819.0,45062.0,18.5,16.240000000000002,89.2,29.53,17.184,217.6,0.0,0.0,
2026-04-24T01:48:21,04/24/202601:48,21.16,0.0,0.0,51.6,0.0,0.0,0.0,0.0,0.0,198.7,23819.0,45062.0,18.5,16.0,89.0,29.53,15.934999999999999,192.5,0.0,0.0,
2026-04-24T01:49:01,04/24/202601:49,21.16,0.0,0.0,51.6,0.0,0.0,0.0,0.0,0.0,198.7,23819.0,45062.0,18.5,15.76,88.8,29.53,14.685999999999998,167.4,0.0,0.0,
2026-04-24T01:49:21,04/24/202601:49,21.169999999999998,0.0,0.0,51.589999999999996,0.0,0.0,0.0,0.0,0.0,198.7,23819.0,45062.0,18.5,15.52,88.6,29.53,13.437000000000001,142.3,0.0,0.0,
2026-04-24T01:50:01,04/24/202601:50,21.18,0.0,0.0,51.58,0.0,0.0,0.0,0.0,0.0,198.7,23819.0,45062.0,18.5,15.280000000000001,88.4,29.53,12.187999999999999,117.2,0.0,0.0,
2026-04-24T01:50:21,04/24/202601:50,21.1,0.0,0.0,51.58,0.0,0.0,0.0,0.0,0.0,198.7,23819.0,45062.0,18.5,15.040000000000001,88.2,29.53,10.939,92.1,0.0,0.0,
2026-04-24T01:51:01,04/24/202601:51,21.02,0.0,0.0,51.58,0.0,0.0,0.0,0.0,0.0,198.7,23819.0,45062.0,18.5,14.8,88.0,29.53,9.69,67.0,0.0,0.0,
2026-04-24T01:51:21,04/24/202601:51,20.9,0.0,0.0,51.58,0.0,0.0,0.0,0.0,0.0,198.7,23819.0,45062.0,18.5,14.8,88.0,29.53,9.69,67.0,0.0,0.0,
2026-04-24T01:52:01,04/24/202601:52,20.78,0.0,0.0,51.58,0.0,0.0,0.0,0.0,0.0,198.7,23819.0,45062.0,18.5,14.8,88.0,29.53,9.69,67.0,0.0,0.0,
2026-04-24T01:53:01,04/24/202601:53,20.67,0.0,0.0,51.58,0.0,0.0,0.0,0.0,0.0,198.7,23819.0,45062.0,18.5,14.8,88.0,29.53,9.69,67.0,0.0,0.0,
2026-04-24T01:54:26,04/24/202601:54,20.55,0.0,0.0,51.58,0.0,0.0,0.0,0.0,0.0,198.7,23819.0,45062.0,18.5,14.8,88.0,29.53,9.69,67.0,0.0,0.0,
2026-04-24T01:55:00,04/24/202601:55,20.55,0.0,0.0,51.58,0.0,0.0,0.0,0.0,0.0,198.7,23819.0,45062.0,18.5,14.8,88.0,29.53,9.69,67.0,0.0,0.0,
2026-04-24T01:55:20,04/24/202601:55,20.54,0.0,0.0,51.58,0.0,0.0,0.0,0.0,0.0,198.7,23819.0,45062.0,18.4,14.8,88.0,29.53,9.69,67.0,0.0,0.0,
2026-04-24T01:56:01,04/24/202601:56,20.52,0.0,0.0,51.589999999999996,0.0,0.0,0.0,0.0,0.0,198.7,23819.0,45062.0,18.4,14.8,88.0,29.53,9.69,67.0,0.0,0.0,
2026-04-24T01:56:08,04/24/202601:56,20.509999999999998,0.0,0.0,51.6,0.0,0.0,0.0,0.0,0.0,198.7,23819.0,45062.0,18.5,14.8,88.0,29.53,9.69,67.0,0.0,0.0,
2026-04-24T01:57:00,04/24/202601:57,20.509999999999998,0.0,0.0,51.6,0.0,0.0,0.0,0.0,0.0,198.7,23819.0,45062.0,18.5,14.8,88.0,29.53,9.69,67.0,0.0,0.0,
2026-04-24T01:58:01,04/24/202601:58,20.509999999999998,0.0,0.0,51.6,0.0,0.0,0.0,0.0,0.0,198.7,23819.0,45062.0,18.4,14.8,88.0,29.53,9.69,67.0,0.0,0.0,
2026-04-24T01:59:01,04/24/202601:59,20.5,0.0,0.0,51.6,0.0,0.0,0.0,0.0,0.0,198.7,23819.0,45062.0,18.4,14.8,88.0,29.53,9.69,67.0,0.0,0.0,
2026-04-24T01:59:08,04/24/202601:59,20.48,0.0,0.0,51.589999999999996,0.0,0.0,0.0,0.0,0.0,198.7,23819.0,45062.0,18.5,14.8,88.0,29.53,9.69,67.0,0.0,0.0,
2026-04-24T02:00:01,04/24/202602:00,20.46,0.0,0.0,51.58,0.0,0.0,0.0,0.0,0.0,198.7,23819.0,45062.0,18.5,14.8,88.0,29.53,9.69,67.0,0.0,0.0,
2026-04-24T02:01:01,04/24/202602:01,20.45,0.0,0.0,51.58,0.0,0.0,0.0,0.0,0.0,198.7,23819.0,45062.0,18.5,14.8,88.0,29.53,9.69,67.0,0.0,0.0,
2026-04-24T02:01:08,04/24/202602:01,20.46,0.0,0.0,51.58,0.0,0.0,0.0,0.0,0.0,198.7,23819.0,45062.0,18.4,14.930000000000001,87.9,29.53,9.933,88.5,0.0,0.0,
2026-04-24T02:01:10,04/24/202602:01,20.47,0.0,0.0,51.57000000000001,0.0,0.0,0.0,0.0,0.0,198.7,23819.0,45062.0,18.4,15.060000000000002,87.8,29.53,10.175999999999998,110.0,0.0,0.0,
2026-04-24T02:02:01,04/24/202602:02,20.48,0.0,0.0,51.56,0.0,0.0,0.0,0.0,0.0,198.7,23819.0,45062.0,18.4,15.190000000000001,87.7,29.53,10.419,131.5,0.0,0.0,
2026-04-24T02:02:09,04/24/202602:02,20.509999999999998,0.0,0.0,51.56,0.0,0.0,0.0,0.0,0.0,198.7,23819.0,45062.0,18.4,15.320000000000002,87.6,29.53,10.661999999999999,153.0,0.0,0.0,
2026-04-24T02:03:01,04/24/202602:03,20.54,0.0,0.0,51.56,0.0,0.0,0.0,0.0,0.0,198.7,23819.0,45062.0,18.4,15.45,87.5,29.53,10.905,174.5,0.0,0.0,
2026-04-24T02:03:10,04/24/202602:03,20.54,0.0,0.0,51.56,0.0,0.0,0.0,0.0,0.0,198.7,23819.0,45062.0,18.5,15.580000000000002,87.4,29.53,11.148,196.0,0.0,0.0,
2026-04-24T02:04:00,04/24/202602:04,20.54,0.0,0.0,51.56,0.0,0.0,0.0,0.0,0.0,198.7,23819.0,45062.0,18.5,15.710000000000003,87.3,29.53,11.391,217.5,0.0,0.0,
2026-04-24T02:05:37,04/24/202602:05,20.54,0.0,0.0,51.57000000000001,0.0,0.0,0.0,0.0,0.0,198.7,23819.0,45062.0,18.5,15.84,87.2,29.53,11.633999999999999,239.0,0.0,0.0,
2026-04-24T02:06:00,04/24/202602:06,20.54,0.0,0.0,51.58,0.0,0.0,0.0,0.0,0.0,198.7,23819.0,45062.0,18.5,15.970000000000002,87.1,29.53,11.876999999999999,260.5,0.0,0.0,
2026-04-24T02:06:11,04/24/202602:06,20.669999999999998,0.0,0.0,51.58,0.0,0.0,0.0,0.0,0.0,198.7,23819.0,45062.0,18.4,16.1,87.0,29.53,12.12,282.0,0.0,0.0,
2026-04-24T02:07:01,04/24/202602:07,20.78,0.0,0.0,51.58,0.0,0.0,0.0,0.0,0.0,198.7,23819.0,45062.0,18.4,16.1,87.0,29.53,12.12,282.0,0.0,0.0,
2026-04-24T02:08:00,04/24/202602:08,20.9,0.0,0.0,51.589999999999996,0.0,0.0,0.0,0.0,0.0,198.7,23819.0,45062.0,18.5,16.1,87.0,29.53,12.12,282.0,0.0,0.0,
2026-04-24T02:09:01,04/24/202602:09,21.02,0.0,0.0,51.6,0.0,0.0,0.0,0.0,0.0,198.7,23819.0,45062.0,18.4,16.1,87.0,29.53,12.12,282.0,0.0,0.0,
2026-04-24T02:09:11,04/24/202602:09,21.13,0.0,0.0,51.6,0.0,0.0,0.0,0.0,0.0,198.7,23819.0,45062.0,18.5,16.1,87.0,29.53,12.12,282.0,0.0,0.0,
2026-04-24T02:10:00,04/24/202602:10,21.24,0.0,0.0,51.6,0.0,0.0,0.0,0.0,0.0,198.7,23819.0,45062.0,18.5,16.1,87.0,29.53,12.12,282.0,0.0,0.0,
2026-04-24T02:10:11,04/24/202602:10,21.29,0.0,0.0,51.6,0.0,0.0,0.0,0.0,0.0,198.7,23819.0,45062.0,18.4,16.1,87.0,29.53,12.12,282.0,0.0,0.0,
2026-04-24T02:11:01,04/24/202602:11,21.339999999999996,0.0,0.0,51.6,0.0,0.0,0.0,0.0,0.0,198.7,23819.0,45062.0,18.4,16.1,87.0,29.53,12.12,282.0,0.0,0.0,
2026-04-24T02:11:11,04/24/202602:11,21.36,0.0,0.0,51.6,0.0,0.0,0.0,0.0,0.0,198.7,23819.0,45062.0,18.5,16.1,87.0,29.53,12.12,282.0,0.0,0.0,
2026-04-24T02:12:00,04/24/202602:12,21.380000000000003,0.0,0.0,51.6,0.0,0.0,0.0,0.0,0.0,198.7,23819.0,45062.0,18.4,16.1,87.0,29.53,12.12,282.0,0.0,0.0,
2026-04-24T02:12:16,04/24/202602:12,21.259999999999998,0.0,0.0,51.6,0.0,0.0,0.0,0.0,0.0,198.7,23819.0,45062.0,18.5,16.1,87.0,29.53,12.12,282.0,0.0,0.0,
2026-04-24T02:13:01,04/24/202602:13,21.14,0.0,0.0,51.6,0.0,0.0,0.0,0.0,0.0,198.7,23819.0,45062.0,18.5,16.1,87.0,29.53,12.12,282.0,0.0,0.0,
2026-04-24T02:13:15,04/24/202602:13,21.21,0.0,0.0,51.6,0.0,0.0,0.0,0.0,0.0,198.7,23819.0,45062.0,18.4,16.1,87.0,29.53,12.12,282.0,0.0,0.0,
2026-04-24T02:14:01,04/24/202602:14,21.28,0.0,0.0,51.6,0.0,0.0,0.0,0.0,0.0,198.7,23819.0,45062.0,18.4,16.1,87.0,29.53,12.12,282.0,0.0,0.0,
2026-04-24T02:14:16,04/24/202602:14,21.130000000000003,0.0,0.0,51.6,0.0,0.0,0.0,0.0,0.0,198.7,23819.0,45062.0,18.5,16.1,87.0,29.53,12.12,282.0,0.0,0.0,
2026-04-24T02:15:01,04/24/202602:15,20.98,0.0,0.0,51.6,0.0,0.0,0.0,0.0,0.0,198.7,23819.0,45062.0,18.5,16.1,87.0,29.53,12.12,282.0,0.0,0.0,
2026-04-24T02:15:15,04/24/202602:15,20.93,0.0,0.0,51.6,0.0,0.0,0.0,0.0,0.0,198.7,23819.0,45062.0,18.5,16.1,87.0,29.53,12.12,282.0,0.0,0.0,
2026-04-24T02:16:48,04/24/202602:16,21.05,0.0,0.0,51.6,0.0,0.0,0.0,0.0,0.0,198.7,23819.0,45062.0,18.4,16.15,87.1,29.53,11.902,276.2,0.0,0.0,
2026-04-24T02:17:01,04/24/202602:17,21.21,0.0,0.0,51.6,0.0,0.0,0.0,0.0,0.0,198.7,23819.0,45062.0,18.4,16.2,87.2,29.53,11.684,270.4,0.0,0.0,
2026-04-24T02:17:15,04/24/202602:17,21.2,0.0,0.0,51.6,0.0,0.0,0.0,0.0,0.0,198.7,23819.0,45062.0,18.4,16.25,87.3,29.53,11.466,264.6,0.0,0.0,
2026-04-24T02:18:01,04/24/202602:18,21.2,0.0,0.0,51.6,0.0,0.0,0.0,0.0,0.0,198.7,23819.0,45062.0,18.4,16.3,87.4,29.53,11.248,258.8,0.0,0.0,
2026-04-24T02:19:01,04/24/202602:19,21.2,0.0,0.0,51.589999999999996,0.0,0.0,0.0,0.0,0.0,198.7,23819.0,45062.0,18.5,16.35,87.5,29.53,11.03,253.0,0.0,0.0,
2026-04-24T02:19:15,04/24/202602:19,21.0,0.0,0.0,51.589999999999996,0.0,0.0,0.0,0.0,0.0,198.7,23819.0,45062.0,18.4,16.4,87.6,29.53,10.812,247.2,0.0,0.0,
2026-04-24T02:20:01,04/24/202602:20,20.8,0.0,0.0,51.589999999999996,0.0,0.0,0.0,0.0,0.0,198.7,23819.0,45062.0,18.4,16.45,87.7,29.53,10.594,241.4,0.0,0.0,
2026-04-24T02:20:16,04/24/202602:20,20.81,0.0,0.0,51.589999999999996,0.0,0.0,0.0,0.0,0.0,198.7,23819.0,45062.0,18.5,16.5,87.8,29.53,10.376,235.6,0.0,0.0,
2026-04-24T02:21:01,04/24/202602:21,20.82,0.0,0.0,51.589999999999996,0.0,0.0,0.0,0.0,0.0,198.7,23819.0,45062.0,18.5,16.55,87.9,29.53,10.158,229.8,0.0,0.0,
2026-04-24T02:22:01,04/24/202602:22,20.82,0.0,0.0,51.589999999999996,0.0,0.0,0.0,0.0,0.0,198.7,23819.0,45062.0,18.4,16.6,88.0,29.53,9.94,224.0,0.0,0.0,
2026-04-24T02:22:16,04/24/202602:22,20.64,0.0,0.0,51.58,0.0,0.0,0.0,0.0,0.0,198.7,23819.0,45062.0,18.5,16.55,88.0,29.53,9.94,224.0,0.0,0.0,
2026-04-24T02:23:00,04/24/202602:23,20.46,0.0,0.0,51.57000000000001,0.0,0.0,0.0,0.0,0.0,198.7,23819.0,45062.0,18.5,16.5,88.0,29.53,9.94,224.0,0.0,0.0,
2026-04-24T02:24:01,04/24/202602:24,20.45,0.0,0.0,51.57000000000001,0.0,0.0,0.0,0.0,0.0,198.7,23819.0,45062.0,18.4,16.45,88.0,29.53,9.94,224.0,0.0,0.0,
2026-04-24T02:25:08,04/24/202602:25,20.439999999999998,0.0,0.0,51.57000000000001,0.0,0.0,0.0,0.0,0.0,198.7,23819.0,45062.0,18.4,16.4,88.0,29.53,9.94,224.0,0.0,0.0,
2026-04-24T02:25:09,04/24/202602:25,20.419999999999998,0.0,0.0,51.57000000000001,0.0,0.0,0.0,0.0,0.0,198.7,23819.0,45062.0,18.4,16.35,88.0,29.53,9.717,217.4,0.0,0.0,
2026-04-24T02:26:01,04/24/202602:26,20.41,0.0,0.0,51.56,0.0,0.0,0.0,0.0,0.0,198.7,23819.0,45062.0,18.4,16.3,88.0,29.53,9.494,210.8,0.0,0.0,
2026-04-24T02:26:08,04/24/202602:26,20.41,0.0,0.0,51.55,0.0,0.0,0.0,0.0,0.0,198.7,23819.0,45062.0,18.4,16.25,88.0,29.53,9.482,190.1,0.0,0.0,
2026-04-24T02:28:00,04/24/202602:27,20.4,0.0,0.0,51.55,0.0,0.0,0.0,0.0,0.0,198.7,23819.0,45062.0,18.4,16.2,88.0,29.53,9.47,169.4,0.0,0.0,
2026-04-24T02:28:01,04/24/202602:28,20.389999999999997,0.0,0.0,51.55,0.0,0.0,0.0,0.0,0.0,198.7,23819.0,45062.0,18.4,16.15,88.0,29.53,9.458,148.7,0.0,0.0,
2026-04-24T02:29:01,04/24/202602:29,20.38,0.0,0.0,51.55,0.0,0.0,0.0,0.0,0.0,198.7,23819.0,45062.0,18.4,16.1,88.0,29.53,9.446,128.0,0.0,0.0,
2026-04-24T02:30:00,04/24/202602:30,20.38,0.0,0.0,51.56,0.0,0.0,0.0,0.0,0.0,198.7,23819.0,45062.0,18.4,16.1,88.0,29.53,9.434000000000001,107.3,0.0,0.0,
2026-04-24T02:31:01,04/24/202602:31,20.38,0.0,0.0,51.57000000000001,0.0,0.0,0.0,0.0,0.0,198.7,23819.0,45062.0,18.4,16.1,88.0,29.53,9.422,86.6,0.0,0.0,
2026-04-24T02:31:19,04/24/202602:31,20.369999999999997,0.0,0.0,51.57000000000001,0.0,0.0,0.0,0.0,0.0,198.7,23819.0,45062.0,18.5,16.080000000000002,88.1,29.53,9.267,74.8,0.0,0.0,
2026-04-24T02:32:01,04/24/202602:32,20.36,0.0,0.0,51.57000000000001,0.0,0.0,0.0,0.0,0.0,198.7,23819.0,45062.0,18.5,16.060000000000002,88.2,29.53,9.112,63.0,0.0,0.0,
2026-04-24T02:32:19,04/24/202602:32,20.369999999999997,0.0,0.0,51.58,0.0,0.0,0.0,0.0,0.0,198.7,23819.0,45062.0,18.4,16.04,88.3,29.53,9.18,57.8,0.0,0.0,
2026-04-24T02:33:01,04/24/202602:33,20.38,0.0,0.0,51.589999999999996,0.0,0.0,0.0,0.0,0.0,198.7,23819.0,45062.0,18.4,16.020000000000003,88.4,29.53,9.248000000000001,52.6,0.0,0.0,
2026-04-24T02:34:01,04/24/202602:34,20.38,0.0,0.0,51.6,0.0,0.0,0.0,0.0,0.0,198.7,23819.0,45062.0,18.4,16.0,88.5,29.53,9.105,61.5,0.0,0.0,
2026-04-24T02:34:19,04/24/202602:34,20.389999999999997,0.0,0.0,51.589999999999996,0.0,0.0,0.0,0.0,0.0,198.7,23819.0,45062.0,18.4,15.98,88.6,29.53,8.962,70.4,0.0,0.0,
2026-04-24T02:35:01,04/24/202602:35,20.4,0.0,0.0,51.58,0.0,0.0,0.0,0.0,0.0,198.7,23819.0,45062.0,18.4,15.959999999999999,88.7,29.53,8.818999999999999,79.3,0.0,0.0,
2026-04-24T02:35:18,04/24/202602:35,20.4,0.0,0.0,51.57000000000001,0.0,0.0,0.0,0.0,0.0,198.7,23819.0,45062.0,18.5,15.940000000000001,88.8,29.53,8.676,88.2,0.0,0.0,
2026-04-24T02:36:01,04/24/202602:36,20.4,0.0,0.0,51.56,0.0,0.0,0.0,0.0,0.0,198.7,23819.0,45062.0,18.5,15.920000000000002,88.9,29.53,8.533000000000001,97.1,0.0,0.0,
2026-04-24T02:37:01,04/24/202602:37,20.4,0.0,0.0,51.56,0.0,0.0,0.0,0.0,0.0,198.7,23819.0,45062.0,18.4,15.9,89.0,29.53,8.39,106.0,0.0,0.0,
2026-04-24T02:39:12,04/24/202602:39,20.41,0.0,0.0,51.56,0.0,0.0,0.0,0.0,0.0,198.7,23819.0,45062.0,18.4,15.9,89.0,29.53,8.39,106.0,0.0,0.0,
2026-04-24T02:40:00,04/24/202602:40,20.419999999999998,0.0,0.0,51.56,0.0,0.0,0.0,0.0,0.0,198.7,23819.0,45062.0,18.4,15.9,89.0,29.53,8.39,106.0,0.0,0.0,
2026-04-24T02:41:01,04/24/202602:41,20.419999999999998,0.0,0.0,51.55,0.0,0.0,0.0,0.0,0.0,198.7,23819.0,45062.0,18.4,15.9,89.0,29.53,8.39,106.0,0.0,0.0,
2026-04-24T02:41:19,04/24/202602:41,20.41,0.0,0.0,51.54,0.0,0.0,0.0,0.0,0.0,198.7,23819.0,45062.0,18.4,15.9,89.0,29.53,8.39,106.0,0.0,0.0,
2026-04-24T02:42:00,04/24/202602:42,20.4,0.0,0.0,51.529999999999994,0.0,0.0,0.0,0.0,0.0,198.7,23819.0,45062.0,18.4,15.9,89.0,29.53,8.39,106.0,0.0,0.0,
2026-04-24T02:42:19,04/24/202602:42,20.389999999999997,0.0,0.0,51.54,0.0,0.0,0.0,0.0,0.0,198.7,23819.0,45062.0,18.4,15.9,89.0,29.53,8.39,106.0,0.0,0.0,
2026-04-24T02:43:01,04/24/202602:43,20.38,0.0,0.0,51.55,0.0,0.0,0.0,0.0,0.0,198.7,23819.0,45062.0,18.4,15.9,89.0,29.53,8.39,106.0,0.0,0.0,
2026-04-24T02:44:00,04/24/202602:44,20.38,0.0,0.0,51.56,0.0,0.0,0.0,0.0,0.0,198.7,23819.0,45062.0,18.4,15.9,89.0,29.53,8.39,106.0,0.0,0.0,
2026-04-24T02:45:09,04/24/202602:45,20.38,0.0,0.0,51.57000000000001,0.0,0.0,0.0,0.0,0.0,198.7,23819.0,45062.0,18.4,15.9,89.0,29.53,8.39,106.0,0.0,0.0,
2026-04-24T02:46:00,04/24/202602:46,20.38,0.0,0.0,51.57000000000001,0.0,0.0,0.0,0.0,0.0,198.7,23819.0,45062.0,18.4,15.9,89.0,29.53,8.39,106.0,0.0,0.0,
2026-04-24T02:47:01,04/24/202602:47,20.38,0.0,0.0,51.57000000000001,0.0,0.0,0.0,0.0,0.0,198.7,23819.0,45062.0,18.4,15.940000000000001,89.2,29.532999999999998,7.7620000000000005,119.2,0.0,0.0,
2026-04-24T02:47:09,04/24/202602:47,20.369999999999997,0.0,0.0,51.56,0.0,0.0,0.0,0.0,0.0,198.7,23819.0,45062.0,18.4,15.98,89.4,29.536,7.134,132.4,0.0,0.0,
2026-04-24T02:48:00,04/24/202602:48,20.36,0.0,0.0,51.56,0.0,0.0,0.0,0.0,0.0,198.7,23819.0,45062.0,18.4,16.020000000000003,89.6,29.538999999999998,6.506,145.6,0.0,0.0,
2026-04-24T02:49:01,04/24/202602:49,20.36,0.0,0.0,51.56,0.0,0.0,0.0,0.0,0.0,198.7,23819.0,45062.0,18.4,16.06,89.8,29.542,5.878,158.8,0.0,0.0,
2026-04-24T02:50:23,04/24/202602:50,20.369999999999997,0.0,0.0,51.57000000000001,0.0,0.0,0.0,0.0,0.0,198.7,23819.0,45062.0,18.4,16.1,90.0,29.544999999999998,5.25,172.0,0.0,0.0,
2026-04-24T02:51:00,04/24/202602:51,20.369999999999997,0.0,0.0,51.57000000000001,0.0,0.0,0.0,0.0,0.0,198.7,23819.0,45062.0,18.4,16.14,90.2,29.548000000000002,4.622,185.2,0.0,0.0,
2026-04-24T02:51:09,04/24/202602:51,20.36,0.0,0.0,51.57000000000001,0.0,0.0,0.0,0.0,0.0,198.7,23819.0,45062.0,18.4,16.18,90.4,29.551,3.9939999999999998,198.4,0.0,0.0,
2026-04-24T02:52:00,04/24/202602:52,20.35,0.0,0.0,51.57000000000001,0.0,0.0,0.0,0.0,0.0,198.7,23819.0,45062.0,18.4,16.220000000000002,90.6,29.553999999999995,3.3659999999999997,211.6,0.0,0.0,
2026-04-24T02:53:00,04/24/202602:53,20.34,0.0,0.0,51.56,0.0,0.0,0.0,0.0,0.0,198.7,23819.0,45062.0,18.4,16.259999999999998,90.8,29.557,2.738,224.8,0.0,0.0,
2026-04-24T02:53:09,04/24/202602:53,20.34,0.0,0.0,51.55,0.0,0.0,0.0,0.0,0.0,198.7,23819.0,45062.0,18.4,16.3,91.0,29.559999999999995,2.11,238.0,0.0,0.0,
2026-04-24T02:54:00,04/24/202602:54,20.34,0.0,0.0,51.54,0.0,0.0,0.0,0.0,0.0,198.7,23819.0,45062.0,18.4,16.3,91.0,29.559999999999995,2.11,238.0,0.0,0.0,
2026-04-24T02:55:00,04/24/202602:55,20.35,0.0,0.0,51.55,0.0,0.0,0.0,0.0,0.0,198.7,23819.0,45062.0,18.4,16.3,91.0,29.559999999999995,2.11,238.0,0.0,0.0,
2026-04-24T02:56:00,04/24/202602:56,20.36,0.0,0.0,51.55,0.0,0.0,0.0,0.0,0.0,198.7,23819.0,45062.0,18.4,16.3,91.0,29.559999999999995,2.11,238.0,0.0,0.0,
2026-04-24T02:57:00,04/24/202602:57,20.369999999999997,0.0,0.0,51.56,0.0,0.0,0.0,0.0,0.0,198.7,23819.0,45062.0,18.4,16.3,91.0,29.559999999999995,2.11,238.0,0.0,0.0,
2026-04-24T02:58:01,04/24/202602:58,20.369999999999997,0.0,0.0,51.55,0.0,0.0,0.0,0.0,0.0,198.7,23819.0,45062.0,18.4,16.3,91.0,29.559999999999995,2.11,238.0,0.0,0.0,
2026-04-24T02:58:10,04/24/202602:58,20.36,0.0,0.0,51.55,0.0,0.0,0.0,0.0,0.0,198.7,23819.0,45062.0,18.4,16.3,91.0,29.559999999999995,2.11,238.0,0.0,0.0,
2026-04-24T02:59:00,04/24/202602:59,20.36,0.0,0.0,51.55,0.0,0.0,0.0,0.0,0.0,198.7,23819.0,45062.0,18.4,16.3,91.0,29.559999999999995,2.11,238.0,0.0,0.0,
2026-04-24T03:00:01,04/24/202603:00,20.36,0.0,0.0,51.55,0.0,0.0,0.0,0.0,0.0,198.7,23819.0,45062.0,18.4,16.3,91.0,29.563,2.11,238.0,0.0,0.0,
2026-04-24T03:00:10,04/24/202603:00,20.369999999999997,0.0,0.0,51.56,0.0,0.0,0.0,0.0,0.0,198.7,23819.0,45062.0,18.4,16.3,91.0,29.565999999999995,2.11,238.0,0.0,0.0,
2026-04-24T03:01:34,04/24/202603:01,20.369999999999997,0.0,0.0,51.57000000000001,0.0,0.0,0.0,0.0,0.0,198.7,23819.0,45062.0,18.4,16.29,90.8,29.565999999999995,2.247,224.7,0.0,0.0,
2026-04-24T03:02:00,04/24/202603:02,20.369999999999997,0.0,0.0,51.58,0.0,0.0,0.0,0.0,0.0,198.7,23819.0,45062.0,18.4,16.28,90.6,29.565999999999995,2.384,211.4,0.0,0.0,
2026-04-24T03:02:10,04/24/202603:02,20.36,0.0,0.0,51.57000000000001,0.0,0.0,0.0,0.0,0.0,198.7,23819.0,45062.0,18.4,16.27,90.4,29.565999999999995,2.521,198.1,0.0,0.0,
2026-04-24T03:03:00,04/24/202603:03,20.35,0.0,0.0,51.57000000000001,0.0,0.0,0.0,0.0,0.0,198.7,23819.0,45062.0,18.4,16.259999999999998,90.2,29.565999999999995,2.658,184.8,0.0,0.0,
2026-04-24T03:04:00,04/24/202603:04,20.34,0.0,0.0,51.56,0.0,0.0,0.0,0.0,0.0,198.7,23819.0,45062.0,18.4,16.25,90.0,29.565999999999995,2.795,171.5,0.0,0.0,
2026-04-24T03:05:00,04/24/202603:05,20.330000000000002,0.0,0.0,51.56,0.0,0.0,0.0,0.0,0.0,198.7,23819.0,45062.0,18.4,16.240000000000002,89.8,29.565999999999995,2.932,158.2,0.0,0.0,
2026-04-24T03:06:00,04/24/202603:06,20.330000000000002,0.0,0.0,51.56,0.0,0.0,0.0,0.0,0.0,198.7,23819.0,45062.0,18.4,16.23,89.6,29.565999999999995,3.069,144.9,0.0,0.0,
2026-04-24T03:06:09,04/24/202603:06,20.34,0.0,0.0,51.55,0.0,0.0,0.0,0.0,0.0,198.7,23819.0,45062.0,18.4,16.22,89.4,29.565999999999995,3.2060000000000004,131.6,0.0,0.0,
2026-04-24T03:07:49,04/24/202603:07,20.35,0.0,0.0,51.55,0.0,0.0,0.0,0.0,0.0,198.7,23819.0,45062.0,18.4,16.21,89.2,29.563,3.343,118.3,0.0,0.0,
2026-04-24T03:08:00,04/24/202603:08,20.35,0.0,0.0,51.54,0.0,0.0,0.0,0.0,0.0,198.7,23819.0,45062.0,18.4,16.2,89.0,29.559999999999995,3.4799999999999995,105.0,0.0,0.0,
2026-04-24T03:09:00,04/24/202603:09,20.35,0.0,0.0,51.529999999999994,0.0,0.0,0.0,0.0,0.0,198.7,23819.0,45062.0,18.4,16.2,89.0,29.559999999999995,3.4799999999999995,105.0,0.0,0.0,
2026-04-24T03:09:49,04/24/202603:09,20.34,0.0,0.0,51.52,0.0,0.0,0.0,0.0,0.0,198.7,23819.0,45062.0,18.4,16.2,89.0,29.559999999999995,3.4799999999999995,105.0,0.0,0.0,
2026-04-24T03:10:00,04/24/202603:10,20.34,0.0,0.0,51.52,0.0,0.0,0.0,0.0,0.0,198.7,23819.0,45062.0,18.4,16.2,89.0,29.559999999999995,3.4799999999999995,105.0,0.0,0.0,
2026-04-24T03:11:01,04/24/202603:11,20.34,0.0,0.0,51.52,0.0,0.0,0.0,0.0,0.0,198.7,23819.0,45062.0,18.4,16.2,89.0,29.559999999999995,3.4799999999999995,105.0,0.0,0.0,
2026-04-24T03:12:46,04/24/202603:12,20.35,0.0,0.0,51.52,0.0,0.0,0.0,0.0,0.0,198.7,23819.0,45062.0,18.4,16.2,89.0,29.559999999999995,3.4799999999999995,105.0,0.0,0.0,
2026-04-24T03:12:50,04/24/202603:12,20.35,0.0,0.0,51.529999999999994,0.0,0.0,0.0,0.0,0.0,198.7,23819.0,45062.0,18.4,16.2,89.0,29.559999999999995,3.4799999999999995,105.0,0.0,0.0,
2026-04-24T03:13:01,04/24/202603:13,20.35,0.0,0.0,51.529999999999994,0.0,0.0,0.0,0.0,0.0,198.7,23819.0,45062.0,18.4,16.2,89.0,29.559999999999995,3.4799999999999995,105.0,0.0,0.0,
2026-04-24T03:14:00,04/24/202603:14,20.34,0.0,0.0,51.529999999999994,0.0,0.0,0.0,0.0,0.0,198.7,23819.0,45062.0,18.4,16.2,89.0,29.559999999999995,3.4799999999999995,105.0,0.0,0.0,
2026-04-24T03:14:50,04/24/202603:14,20.34,0.0,0.0,51.52,0.0,0.0,0.0,0.0,0.0,198.7,23819.0,45062.0,18.4,16.2,89.0,29.559999999999995,3.4799999999999995,105.0,0.0,0.0,
2026-04-24T03:15:01,04/24/202603:15,20.34,0.0,0.0,51.52,0.0,0.0,0.0,0.0,0.0,198.7,23819.0,45062.0,18.4,16.2,89.0,29.559999999999995,3.4799999999999995,105.0,0.0,0.0,
2026-04-24T03:15:49,04/24/202603:15,20.330000000000002,0.0,0.0,51.529999999999994,0.0,0.0,0.0,0.0,0.0,198.7,23819.0,45062.0,18.4,16.18,89.0,29.559999999999995,3.3810000000000002,115.2,0.0,0.0,
2026-04-24T03:16:00,04/24/202603:16,20.330000000000002,0.0,0.0,51.54,0.0,0.0,0.0,0.0,0.0,198.7,23819.0,45062.0,18.4,16.16,89.0,29.559999999999995,3.282,125.4,0.0,0.0,
2026-04-24T03:17:00,04/24/202603:17,20.330000000000002,0.0,0.0,51.55,0.0,0.0,0.0,0.0,0.0,198.7,23819.0,45062.0,18.4,16.14,89.0,29.559999999999995,3.1830000000000003,135.6,0.0,0.0,
2026-04-24T03:17:49,04/24/202603:17,20.34,0.0,0.0,51.55,0.0,0.0,0.0,0.0,0.0,198.7,23819.0,45062.0,18.4,16.119999999999997,89.0,29.559999999999995,3.084,145.8,0.0,0.0,
2026-04-24T03:18:00,04/24/202603:18,20.34,0.0,0.0,51.55,0.0,0.0,0.0,0.0,0.0,198.7,23819.0,45062.0,18.4,16.1,89.0,29.559999999999995,2.9850000000000003,156.0,0.0,0.0,
2026-04-24T03:19:00,04/24/202603:19,20.35,0.0,0.0,51.55,0.0,0.0,0.0,0.0,0.0,198.7,23819.0,45062.0,18.4,16.080000000000002,89.0,29.559999999999995,2.886,166.2,0.0,0.0,
2026-04-24T03:19:49,04/24/202603:19,20.35,0.0,0.0,51.54,0.0,0.0,0.0,0.0,0.0,198.7,23819.0,45062.0,18.4,16.06,89.0,29.559999999999995,2.787,176.4,0.0,0.0,
2026-04-24T03:20:00,04/24/202603:20,20.35,0.0,0.0,51.54,0.0,0.0,0.0,0.0,0.0,198.7,23819.0,45062.0,18.4,16.04,89.0,29.559999999999995,2.688,186.6,0.0,0.0,
2026-04-24T03:20:49,04/24/202603:20,20.35,0.0,0.0,51.54,0.0,0.0,0.0,0.0,0.0,198.7,23819.0,45062.0,18.4,16.02,89.0,29.559999999999995,2.589,196.8,0.0,0.0,
2026-04-24T03:21:00,04/24/202603:21,20.35,0.0,0.0,51.54,0.0,0.0,0.0,0.0,0.0,198.7,23819.0,45062.0,18.4,16.0,89.0,29.559999999999995,2.49,207.0,0.0,0.0,
2026-04-24T03:21:49,04/24/202603:21,20.35,0.0,0.0,51.54,0.0,0.0,0.0,0.0,0.0,198.7,23819.0,45062.0,18.4,16.0,89.0,29.559999999999995,2.49,207.0,0.0,0.0,
2026-04-24T03:22:00,04/24/202603:22,20.35,0.0,0.0,51.54,0.0,0.0,0.0,0.0,0.0,198.7,23819.0,45062.0,18.4,16.0,89.0,29.559999999999995,2.49,207.0,0.0,0.0,
2026-04-24T03:23:57,04/24/202603:23,20.36,0.0,0.0,51.529999999999994,0.0,0.0,0.0,0.0,0.0,198.7,23819.0,45062.0,18.3,16.0,89.0,29.559999999999995,2.49,207.0,0.0,0.0,
2026-04-24T03:24:01,04/24/202603:24,20.36,0.0,0.0,51.529999999999994,0.0,0.0,0.0,0.0,0.0,198.7,23819.0,45062.0,18.3,16.0,89.0,29.559999999999995,2.49,207.0,0.0,0.0,
2026-04-24T03:24:50,04/24/202603:24,20.35,0.0,0.0,51.529999999999994,0.0,0.0,0.0,0.0,0.0,198.7,23819.0,45062.0,18.4,16.0,89.0,29.559999999999995,2.49,207.0,0.0,0.0,
2026-04-24T03:25:00,04/24/202603:25,20.34,0.0,0.0,51.52,0.0,0.0,0.0,0.0,0.0,198.7,23819.0,45062.0,18.4,16.0,89.0,29.559999999999995,2.49,207.0,0.0,0.0,
2026-04-24T03:25:50,04/24/202603:25,20.35,0.0,0.0,51.529999999999994,0.0,0.0,0.0,0.0,0.0,198.7,23819.0,45062.0,18.4,16.0,89.0,29.559999999999995,2.49,207.0,0.0,0.0,
2026-04-24T03:26:01,04/24/202603:26,20.36,0.0,0.0,51.54,0.0,0.0,0.0,0.0,0.0,198.7,23819.0,45062.0,18.4,16.0,89.0,29.559999999999995,2.49,207.0,0.0,0.0,
2026-04-24T03:27:51,04/24/202603:27,20.35,0.0,0.0,51.55,0.0,0.0,0.0,0.0,0.0,198.7,23819.0,45062.0,18.3,16.0,89.0,29.559999999999995,2.49,207.0,0.0,0.0,
2026-04-24T03:28:01,04/24/202603:28,20.34,0.0,0.0,51.56,0.0,0.0,0.0,0.0,0.0,198.7,23819.0,45062.0,18.3,16.0,89.0,29.559999999999995,2.49,207.0,0.0,0.0,
2026-04-24T03:29:00,04/24/202603:29,20.34,0.0,0.0,51.55,0.0,0.0,0.0,0.0,0.0,198.7,23819.0,45062.0,18.4,16.0,89.0,29.559999999999995,2.49,207.0,0.0,0.0,
2026-04-24T03:29:41,04/24/202603:29,20.35,0.0,0.0,51.54,0.0,0.0,0.0,0.0,0.0,198.7,23819.0,45062.0,18.3,16.0,89.0,29.559999999999995,2.49,207.0,0.0,0.0,
2026-04-24T03:30:00,04/24/202603:30,20.35,0.0,0.0,51.54,0.0,0.0,0.0,0.0,0.0,198.7,23819.0,45062.0,18.3,16.0,89.0,29.559999999999995,2.49,207.0,0.0,0.0,
2026-04-24T03:31:00,04/24/202603:31,20.35,0.0,0.0,51.529999999999994,0.0,0.0,0.0,0.0,0.0,198.7,23819.0,45062.0,18.3,15.99,89.1,29.559999999999995,2.6450000000000005,209.9,0.0,0.0,
2026-04-24T03:31:41,04/24/202603:31,20.35,0.0,0.0,51.529999999999994,0.0,0.0,0.0,0.0,0.0,198.7,23819.0,45062.0,18.4,15.98,89.2,29.559999999999995,2.8,212.8,0.0,0.0,
2026-04-24T03:32:00,04/24/202603:32,20.35,0.0,0.0,51.529999999999994,0.0,0.0,0.0,0.0,0.0,198.7,23819.0,45062.0,18.4,15.969999999999999,89.3,29.559999999999995,2.955,215.7,0.0,0.0,
2026-04-24T03:33:00,04/24/202603:33,20.34,0.0,0.0,51.52,0.0,0.0,0.0,0.0,0.0,198.7,23819.0,45062.0,18.4,16.009999999999998,89.4,29.559999999999995,3.1100000000000003,218.6,0.0,0.0,
2026-04-24T03:35:08,04/24/202603:35,20.330000000000002,0.0,0.0,51.510000000000005,0.0,0.0,0.0,0.0,0.0,198.7,23819.0,45062.0,18.3,16.05,89.8,29.563,3.6130000000000004,228.6,0.0,0.0,
2026-04-24T03:35:42,04/24/202603:35,20.34,0.0,0.0,51.5,0.0,0.0,0.0,0.0,0.0,198.7,23819.0,45062.0,18.3,16.09,90.2,29.565999999999995,4.116,238.6,0.0,0.0,
2026-04-24T03:36:00,04/24/202603:36,20.35,0.0,0.0,51.489999999999995,0.0,0.0,0.0,0.0,0.0,198.7,23819.0,45062.0,18.3,16.13,90.6,29.569,4.619,248.6,0.0,0.0,
2026-04-24T03:36:41,04/24/202603:36,20.35,0.0,0.0,51.5,0.0,0.0,0.0,0.0,0.0,198.7,23819.0,45062.0,18.3,16.169999999999998,91.0,29.571999999999996,5.122,258.6,0.0,0.0,
2026-04-24T03:37:01,04/24/202603:37,20.34,0.0,0.0,51.510000000000005,0.0,0.0,0.0,0.0,0.0,198.7,23819.0,45062.0,18.3,16.21,91.4,29.575,5.625,268.6,0.0,0.0,
2026-04-24T03:37:41,04/24/202603:37,20.34,0.0,0.0,51.510000000000005,0.0,0.0,0.0,0.0,0.0,198.7,23819.0,45062.0,18.4,16.25,91.8,29.577999999999996,6.128,278.6,0.0,0.0,
2026-04-24T03:38:00,04/24/202603:38,20.34,0.0,0.0,51.52,0.0,0.0,0.0,0.0,0.0,198.7,23819.0,45062.0,18.4,16.3,92.1,29.581,6.475999999999999,285.7,0.0,0.0,
2026-04-24T03:38:41,04/24/202603:38,20.34,0.0,0.0,51.529999999999994,0.0,0.0,0.0,0.0,0.0,198.7,23819.0,45062.0,18.3,16.35,92.4,29.583999999999996,6.824,292.8,0.0,0.0,
2026-04-24T03:39:01,04/24/202603:39,20.34,0.0,0.0,51.54,0.0,0.0,0.0,0.0,0.0,198.7,23819.0,45062.0,18.3,16.4,92.7,29.587,7.172,299.9,0.0,0.0,
2026-04-24T03:39:41,04/24/202603:39,20.35,0.0,0.0,51.54,0.0,0.0,0.0,0.0,0.0,198.7,23819.0,45062.0,18.4,16.4,93.0,29.589999999999996,7.519999999999999,307.0,0.0,0.0,
2026-04-24T03:40:00,04/24/202603:40,20.36,0.0,0.0,51.54,0.0,0.0,0.0,0.0,0.0,198.7,23819.0,45062.0,18.4,16.4,93.0,29.589999999999996,7.519999999999999,307.0,0.0,0.0,
2026-04-24T03:41:01,04/24/202603:41,20.36,0.0,0.0,51.54,0.0,0.0,0.0,0.0,0.0,198.7,23819.0,45062.0,18.3,16.4,93.0,29.589999999999996,7.519999999999999,307.0,0.0,0.0,
2026-04-24T03:41:41,04/24/202603:41,20.35,0.0,0.0,51.55,0.0,0.0,0.0,0.0,0.0,198.7,23819.0,45062.0,18.3,16.4,93.0,29.589999999999996,7.519999999999999,307.0,0.0,0.0,
2026-04-24T03:42:00,04/24/202603:42,20.35,0.0,0.0,51.55,0.0,0.0,0.0,0.0,0.0,198.7,23819.0,45062.0,18.3,16.4,93.0,29.589999999999996,7.519999999999999,307.0,0.0,0.0,
2026-04-24T03:42:42,04/24/202603:42,20.36,0.0,0.0,51.55,0.0,0.0,0.0,0.0,0.0,198.7,23819.0,45062.0,18.3,16.4,93.0,29.589999999999996,7.519999999999999,307.0,0.0,0.0,
2026-04-24T03:43:01,04/24/202603:43,20.36,0.0,0.0,51.56,0.0,0.0,0.0,0.0,0.0,198.7,23819.0,45062.0,18.3,16.4,93.0,29.589999999999996,7.519999999999999,307.0,0.0,0.0,
2026-04-24T03:43:41,04/24/202603:43,20.35,0.0,0.0,51.56,0.0,0.0,0.0,0.0,0.0,198.7,23819.0,45062.0,18.3,16.4,93.0,29.589999999999996,7.519999999999999,307.0,0.0,0.0,
2026-04-24T03:44:00,04/24/202603:44,20.35,0.0,0.0,51.55,0.0,0.0,0.0,0.0,0.0,198.7,23819.0,45062.0,18.3,16.4,93.0,29.589999999999996,7.519999999999999,307.0,0.0,0.0,
2026-04-24T03:44:42,04/24/202603:44,20.36,0.0,0.0,51.54,0.0,0.0,0.0,0.0,0.0,198.7,23819.0,45062.0,18.4,16.4,93.0,29.589999999999996,7.519999999999999,307.0,0.0,0.0,
2026-04-24T03:45:00,04/24/202603:45,20.36,0.0,0.0,51.54,0.0,0.0,0.0,0.0,0.0,198.7,23819.0,45062.0,18.4,16.4,93.0,29.589999999999996,7.519999999999999,307.0,0.0,0.0,
2026-04-24T03:46:19,04/24/202603:46,20.35,0.0,0.0,51.54,0.0,0.0,0.0,0.0,0.0,198.7,23819.0,45062.0,18.3,16.38,92.9,29.587,7.339999999999999,306.4,0.0,0.0,
2026-04-24T03:47:00,04/24/202603:47,20.34,0.0,0.0,51.54,0.0,0.0,0.0,0.0,0.0,198.7,23819.0,45062.0,18.3,16.36,92.8,29.583999999999996,7.159999999999999,305.8,0.0,0.0,
2026-04-24T03:48:01,04/24/202603:48,20.34,0.0,0.0,51.529999999999994,0.0,0.0,0.0,0.0,0.0,198.7,23819.0,45062.0,18.4,16.339999999999996,92.7,29.581,6.9799999999999995,305.2,0.0,0.0,
2026-04-24T03:48:42,04/24/202603:48,20.35,0.0,0.0,51.510000000000005,0.0,0.0,0.0,0.0,0.0,198.7,23819.0,45062.0,18.4,16.32,92.6,29.577999999999996,6.8,304.6,0.0,0.0,
2026-04-24T03:49:00,04/24/202603:49,20.35,0.0,0.0,51.489999999999995,0.0,0.0,0.0,0.0,0.0,198.7,23819.0,45062.0,18.4,16.3,92.5,29.575,6.62,304.0,0.0,0.0,
2026-04-24T03:50:01,04/24/202603:50,20.35,0.0,0.0,51.48,0.0,0.0,0.0,0.0,0.0,198.7,23819.0,45062.0,18.3,16.279999999999998,92.4,29.571999999999996,6.4399999999999995,303.4,0.0,0.0,
2026-04-24T03:50:41,04/24/202603:50,20.35,0.0,0.0,51.48,0.0,0.0,0.0,0.0,0.0,198.7,23819.0,45062.0,18.4,16.259999999999998,92.3,29.569,6.26,302.8,0.0,0.0,
2026-04-24T03:51:00,04/24/202603:51,20.35,0.0,0.0,51.48,0.0,0.0,0.0,0.0,0.0,198.7,23819.0,45062.0,18.4,16.24,92.2,29.565999999999995,6.08,302.2,0.0,0.0,
2026-04-24T03:52:01,04/24/202603:52,20.34,0.0,0.0,51.48,0.0,0.0,0.0,0.0,0.0,198.7,23819.0,45062.0,18.4,16.22,92.1,29.563,5.9,301.6,0.0,0.0,
2026-04-24T03:52:41,04/24/202603:52,20.34,0.0,0.0,51.48,0.0,0.0,0.0,0.0,0.0,198.7,23819.0,45062.0,18.3,16.2,92.0,29.559999999999995,5.72,301.0,0.0,0.0,
2026-04-24T03:53:00,04/24/202603:53,20.35,0.0,0.0,51.48,0.0,0.0,0.0,0.0,0.0,198.7,23819.0,45062.0,18.3,16.2,92.0,29.559999999999995,5.72,301.0,0.0,0.0,
2026-04-24T03:53:42,04/24/202603:53,20.35,0.0,0.0,51.48,0.0,0.0,0.0,0.0,0.0,198.7,23819.0,45062.0,18.3,16.2,92.0,29.559999999999995,5.72,301.0,0.0,0.0,
2026-04-24T03:54:00,04/24/202603:54,20.35,0.0,0.0,51.48,0.0,0.0,0.0,0.0,0.0,198.7,23819.0,45062.0,18.3,16.2,92.0,29.559999999999995,5.72,301.0,0.0,0.0,
2026-04-24T03:55:00,04/24/202603:55,20.34,0.0,0.0,51.489999999999995,0.0,0.0,0.0,0.0,0.0,198.7,23819.0,45062.0,18.3,16.2,92.0,29.559999999999995,5.72,301.0,0.0,0.0,
2026-04-24T03:56:00,04/24/202603:56,20.330000000000002,0.0,0.0,51.5,0.0,0.0,0.0,0.0,0.0,198.7,23819.0,45062.0,18.3,16.2,92.0,29.559999999999995,5.72,301.0,0.0,0.0,
2026-04-24T03:57:31,04/24/202603:57,20.330000000000002,0.0,0.0,51.5,0.0,0.0,0.0,0.0,0.0,198.7,23819.0,45062.0,18.4,16.2,92.0,29.559999999999995,5.72,301.0,0.0,0.0,
2026-04-24T03:58:00,04/24/202603:58,20.34,0.0,0.0,51.5,0.0,0.0,0.0,0.0,0.0,198.7,23819.0,45062.0,18.3,16.2,92.0,29.559999999999995,5.72,301.0,0.0,0.0,
2026-04-24T03:59:00,04/24/202603:59,20.35,0.0,0.0,51.5,0.0,0.0,0.0,0.0,0.0,198.7,23819.0,45062.0,18.3,16.2,92.0,29.559999999999995,5.72,301.0,0.0,0.0,
2026-04-24T04:00:00,04/24/202604:00,20.36,0.0,0.0,51.489999999999995,0.0,0.0,0.0,0.0,0.0,198.7,23819.0,45062.0,18.3,16.2,92.0,29.559999999999995,5.72,301.0,0.0,0.0,
2026-04-24T04:00:42,04/24/202604:00,20.35,0.0,0.0,51.489999999999995,0.0,0.0,0.0,0.0,0.0,198.7,23819.0,45062.0,18.3,16.2,92.0,29.559999999999995,5.72,301.0,0.0,0.0,
2026-04-24T04:01:00,04/24/202604:01,20.34,0.0,0.0,51.489999999999995,0.0,0.0,0.0,0.0,0.0,198.7,23819.0,45062.0,18.3,16.2,92.0,29.559999999999995,5.72,301.0,0.0,0.0,
2026-04-24T04:01:42,04/24/202604:01,20.35,0.0,0.0,51.48,0.0,0.0,0.0,0.0,0.0,198.7,23819.0,45062.0,18.3,16.19,91.9,29.559999999999995,5.72,301.8,0.0,0.0,
2026-04-24T04:02:00,04/24/202604:02,20.36,0.0,0.0,51.470000000000006,0.0,0.0,0.0,0.0,0.0,198.7,23819.0,45062.0,18.3,16.18,91.8,29.559999999999995,5.72,302.6,0.0,0.0,
2026-04-24T04:02:41,04/24/202604:02,20.36,0.0,0.0,51.470000000000006,0.0,0.0,0.0,0.0,0.0,198.7,23819.0,45062.0,18.3,16.169999999999998,91.7,29.559999999999995,5.72,303.4,0.0,0.0,
2026-04-24T04:03:00,04/24/202604:03,20.36,0.0,0.0,51.470000000000006,0.0,0.0,0.0,0.0,0.0,198.7,23819.0,45062.0,18.3,16.16,91.6,29.559999999999995,5.72,304.2,0.0,0.0,
2026-04-24T04:03:42,04/24/202604:03,20.36,0.0,0.0,51.46,0.0,0.0,0.0,0.0,0.0,198.7,23819.0,45062.0,18.3,16.15,91.5,29.559999999999995,5.72,305.0,0.0,0.0,
2026-04-24T04:04:00,04/24/202604:04,20.36,0.0,0.0,51.45,0.0,0.0,0.0,0.0,0.0,198.7,23819.0,45062.0,18.3,16.14,91.4,29.559999999999995,5.72,305.8,0.0,0.0,
2026-04-24T04:04:42,04/24/202604:04,20.35,0.0,0.0,51.45,0.0,0.0,0.0,0.0,0.0,198.7,23819.0,45062.0,18.3,16.130000000000003,91.3,29.559999999999995,5.72,306.6,0.0,0.0,
2026-04-24T04:05:00,04/24/202604:05,20.34,0.0,0.0,51.46,0.0,0.0,0.0,0.0,0.0,198.7,23819.0,45062.0,18.3,16.12,91.2,29.559999999999995,5.72,307.4,0.0,0.0,
2026-04-24T04:05:42,04/24/202604:05,20.35,0.0,0.0,51.46,0.0,0.0,0.0,0.0,0.0,198.7,23819.0,45062.0,18.3,16.110000000000003,91.1,29.559999999999995,5.72,308.2,0.0,0.0,
2026-04-24T04:06:00,04/24/202604:06,20.36,0.0,0.0,51.46,0.0,0.0,0.0,0.0,0.0,198.7,23819.0,45062.0,18.3,16.1,91.0,29.559999999999995,5.72,309.0,0.0,0.0,
2026-04-24T04:07:00,04/24/202604:07,20.36,0.0,0.0,51.46,0.0,0.0,0.0,0.0,0.0,198.7,23819.0,45062.0,18.3,16.1,91.0,29.559999999999995,5.72,309.0,0.0,0.0,
2026-04-24T04:08:42,04/24/202604:08,20.35,0.0,0.0,51.470000000000006,0.0,0.0,0.0,0.0,0.0,198.7,23819.0,45062.0,18.3,16.1,91.0,29.559999999999995,5.72,309.0,0.0,0.0,
2026-04-24T04:09:01,04/24/202604:09,20.35,0.0,0.0,51.470000000000006,0.0,0.0,0.0,0.0,0.0,198.7,23819.0,45062.0,18.3,16.1,91.0,29.559999999999995,5.72,309.0,0.0,0.0,
2026-04-24T04:09:42,04/24/202604:09,20.36,0.0,0.0,51.46,0.0,0.0,0.0,0.0,0.0,198.7,23819.0,45062.0,18.3,16.1,91.0,29.559999999999995,5.72,309.0,0.0,0.0,
2026-04-24T04:10:00,04/24/202604:10,20.36,0.0,0.0,51.46,0.0,0.0,0.0,0.0,0.0,198.7,23819.0,45062.0,18.3,16.1,91.0,29.559999999999995,5.72,309.0,0.0,0.0,
2026-04-24T04:10:42,04/24/202604:10,20.35,0.0,0.0,51.470000000000006,0.0,0.0,0.0,0.0,0.0,198.7,23819.0,45062.0,18.3,16.1,91.0,29.559999999999995,5.72,309.0,0.0,0.0,
2026-04-24T04:11:00,04/24/202604:11,20.35,0.0,0.0,51.470000000000006,0.0,0.0,0.0,0.0,0.0,198.7,23819.0,45062.0,18.3,16.1,91.0,29.559999999999995,5.72,309.0,0.0,0.0,
2026-04-24T04:11:42,04/24/202604:11,20.36,0.0,0.0,51.470000000000006,0.0,0.0,0.0,0.0,0.0,198.7,23819.0,45062.0,18.3,16.1,91.0,29.559999999999995,5.72,309.0,0.0,0.0,
2026-04-24T04:12:00,04/24/202604:12,20.36,0.0,0.0,51.470000000000006,0.0,0.0,0.0,0.0,0.0,198.7,23819.0,45062.0,18.3,16.1,91.0,29.559999999999995,5.72,309.0,0.0,0.0,
2026-04-24T04:12:42,04/24/202604:12,20.35,0.0,0.0,51.470000000000006,0.0,0.0,0.0,0.0,0.0,198.7,23819.0,45062.0,18.3,16.1,91.0,29.559999999999995,5.72,309.0,0.0,0.0,
2026-04-24T04:13:00,04/24/202604:13,20.34,0.0,0.0,51.48,0.0,0.0,0.0,0.0,0.0,198.7,23819.0,45062.0,18.3,16.1,91.0,29.559999999999995,5.72,309.0,0.0,0.0,
2026-04-24T04:13:42,04/24/202604:13,20.35,0.0,0.0,51.470000000000006,0.0,0.0,0.0,0.0,0.0,198.7,23819.0,45062.0,18.3,16.1,91.0,29.559999999999995,5.72,309.0,0.0,0.0,
2026-04-24T04:14:00,04/24/202604:14,20.36,0.0,0.0,51.46,0.0,0.0,0.0,0.0,0.0,198.7,23819.0,45062.0,18.3,16.1,91.0,29.559999999999995,5.72,309.0,0.0,0.0,
2026-04-24T04:14:42,04/24/202604:14,20.35,0.0,0.0,51.470000000000006,0.0,0.0,0.0,0.0,0.0,198.7,23819.0,45062.0,18.3,16.1,91.0,29.559999999999995,5.72,309.0,0.0,0.0,
2026-04-24T04:15:00,04/24/202604:15,20.34,0.0,0.0,51.48,0.0,0.0,0.0,0.0,0.0,198.7,23819.0,45062.0,18.3,16.1,91.0,29.559999999999995,5.72,309.0,0.0,0.0,
2026-04-24T04:16:00,04/24/202604:16,20.34,0.0,0.0,51.470000000000006,0.0,0.0,0.0,0.0,0.0,198.7,23819.0,45062.0,18.3,16.1,91.0,29.559999999999995,5.72,309.0,0.0,0.0,
2026-04-24T04:17:00,04/24/202604:17,20.34,0.0,0.0,51.470000000000006,0.0,0.0,0.0,0.0,0.0,198.7,23819.0,45062.0,18.4,16.080000000000002,91.0,29.559999999999995,5.72,309.9,0.0,0.0,
2026-04-24T04:17:42,04/24/202604:17,20.34,0.0,0.0,51.46,0.0,0.0,0.0,0.0,0.0,198.7,23819.0,45062.0,18.3,16.060000000000002,91.0,29.559999999999995,5.72,310.8,0.0,0.0,
2026-04-24T04:18:00,04/24/202604:18,20.34,0.0,0.0,51.45,0.0,0.0,0.0,0.0,0.0,198.7,23819.0,45062.0,18.3,16.04,91.0,29.559999999999995,5.72,311.7,0.0,0.0,
2026-04-24T04:19:54,04/24/202604:19,20.34,0.0,0.0,51.44,0.0,0.0,0.0,0.0,0.0,198.7,23819.0,45062.0,18.3,16.020000000000003,91.0,29.559999999999995,5.72,312.6,0.0,0.0,
2026-04-24T04:20:01,04/24/202604:20,20.34,0.0,0.0,51.42999999999999,0.0,0.0,0.0,0.0,0.0,198.7,23819.0,45062.0,18.3,16.0,91.0,29.559999999999995,5.72,313.5,0.0,0.0,
2026-04-24T04:21:00,04/24/202604:21,20.330000000000002,0.0,0.0,51.44,0.0,0.0,0.0,0.0,0.0,198.7,23819.0,45062.0,18.3,15.98,91.0,29.559999999999995,5.72,314.4,0.0,0.0,
2026-04-24T04:22:52,04/24/202604:22,20.32,0.0,0.0,51.44,0.0,0.0,0.0,0.0,0.0,198.7,23819.0,45062.0,18.4,15.959999999999999,91.0,29.559999999999995,5.72,315.3,0.0,0.0,
2026-04-24T04:23:00,04/24/202604:23,20.32,0.0,0.0,51.42999999999999,0.0,0.0,0.0,0.0,0.0,198.7,23819.0,45062.0,18.4,15.940000000000001,91.0,29.559999999999995,5.72,316.2,0.0,0.0,
2026-04-24T04:24:01,04/24/202604:24,20.32,0.0,0.0,51.42,0.0,0.0,0.0,0.0,0.0,198.7,23819.0,45062.0,18.3,15.920000000000002,91.0,29.559999999999995,5.72,317.1,0.0,0.0,
2026-04-24T04:25:00,04/24/202604:25,20.32,0.0,0.0,51.42,0.0,0.0,0.0,0.0,0.0,198.7,23819.0,45062.0,18.3,15.9,91.0,29.559999999999995,5.72,318.0,0.0,0.0,
2026-04-24T04:26:00,04/24/202604:26,20.32,0.0,0.0,51.410000000000004,0.0,0.0,0.0,0.0,0.0,198.7,23819.0,45062.0,18.3,15.9,91.0,29.559999999999995,5.72,318.0,0.0,0.0,
2026-04-24T04:26:30,04/24/202604:26,20.32,0.0,0.0,51.42,0.0,0.0,0.0,0.0,0.0,198.7,23819.0,45062.0,18.3,15.9,91.0,29.559999999999995,5.72,318.0,0.0,0.0,
2026-04-24T04:27:00,04/24/202604:27,20.32,0.0,0.0,51.42999999999999,0.0,0.0,0.0,0.0,0.0,198.7,23819.0,45062.0,18.3,15.9,91.0,29.559999999999995,5.72,318.0,0.0,0.0,
2026-04-24T04:27:30,04/24/202604:27,20.32,0.0,0.0,51.44,0.0,0.0,0.0,0.0,0.0,198.7,23819.0,45062.0,18.3,15.9,91.0,29.559999999999995,5.72,318.0,0.0,0.0,
2026-04-24T04:28:00,04/24/202604:28,20.32,0.0,0.0,51.45,0.0,0.0,0.0,0.0,0.0,198.7,23819.0,45062.0,18.3,15.9,91.0,29.559999999999995,5.72,318.0,0.0,0.0,
2026-04-24T04:29:00,04/24/202604:29,20.32,0.0,0.0,51.44,0.0,0.0,0.0,0.0,0.0,198.7,23819.0,45062.0,18.3,15.9,91.0,29.559999999999995,5.72,318.0,0.0,0.0,
2026-04-24T04:31:06,04/24/202604:31,20.32,0.0,0.0,51.44,0.0,0.0,0.0,0.0,0.0,198.7,23819.0,45062.0,18.3,15.89,91.0,29.559999999999995,5.813,317.4,0.0,0.0,
2026-04-24T04:31:30,04/24/202604:31,20.330000000000002,0.0,0.0,51.45,0.0,0.0,0.0,0.0,0.0,198.7,23819.0,45062.0,18.3,15.88,91.0,29.559999999999995,5.906000000000001,316.8,0.0,0.0,
2026-04-24T04:32:00,04/24/202604:32,20.34,0.0,0.0,51.46,0.0,0.0,0.0,0.0,0.0,198.7,23819.0,45062.0,18.3,15.870000000000001,91.0,29.559999999999995,5.9990000000000006,316.2,0.0,0.0,
2026-04-24T04:32:30,04/24/202604:32,20.34,0.0,0.0,51.46,0.0,0.0,0.0,0.0,0.0,198.7,23819.0,45062.0,18.3,15.8,91.0,29.559999999999995,6.0920000000000005,315.6,0.0,0.0,
2026-04-24T04:33:01,04/24/202604:33,20.34,0.0,0.0,51.46,0.0,0.0,0.0,0.0,0.0,198.7,23819.0,45062.0,18.3,15.73,91.0,29.559999999999995,6.1850000000000005,315.0,0.0,0.0,
2026-04-24T04:34:00,04/24/202604:34,20.330000000000002,0.0,0.0,51.46,0.0,0.0,0.0,0.0,0.0,198.7,23819.0,45062.0,18.3,15.66,91.0,29.559999999999995,6.2780000000000005,314.4,0.0,0.0,
2026-04-24T04:35:01,04/24/202604:35,20.32,0.0,0.0,51.45,0.0,0.0,0.0,0.0,0.0,198.7,23819.0,45062.0,18.3,15.59,91.0,29.559999999999995,6.371,313.8,0.0,0.0,
2026-04-24T04:36:00,04/24/202604:36,20.32,0.0,0.0,51.44,0.0,0.0,0.0,0.0,0.0,198.7,23819.0,45062.0,18.3,15.52,91.0,29.559999999999995,6.253,317.1,0.0,0.0,
2026-04-24T04:37:01,04/24/202604:37,20.32,0.0,0.0,51.42999999999999,0.0,0.0,0.0,0.0,0.0,198.7,23819.0,45062.0,18.3,15.45,91.0,29.559999999999995,6.135,320.4,0.0,0.0,
2026-04-24T04:38:00,04/24/202604:38,20.32,0.0,0.0,51.42999999999999,0.0,0.0,0.0,0.0,0.0,198.7,23819.0,45062.0,18.3,15.38,91.0,29.559999999999995,6.017,323.7,0.0,0.0,
2026-04-24T04:39:01,04/24/202604:39,20.32,0.0,0.0,51.42999999999999,0.0,0.0,0.0,0.0,0.0,198.7,23819.0,45062.0,18.3,15.319999999999999,91.2,29.559999999999995,5.482,325.4,0.0,0.0,
2026-04-24T04:39:30,04/24/202604:39,20.32,0.0,0.0,51.42999999999999,0.0,0.0,0.0,0.0,0.0,198.7,23819.0,45062.0,18.3,15.26,91.4,29.559999999999995,4.947,327.1,0.0,0.0,
2026-04-24T04:40:00,04/24/202604:40,20.32,0.0,0.0,51.42999999999999,0.0,0.0,0.0,0.0,0.0,198.7,23819.0,45062.0,18.3,15.2,91.6,29.559999999999995,4.412000000000001,328.8,0.0,0.0,
2026-04-24T04:41:00,04/24/202604:41,20.330000000000002,0.0,0.0,51.44,0.0,0.0,0.0,0.0,0.0,198.7,23819.0,45062.0,18.3,15.2,91.8,29.559999999999995,3.8770000000000002,330.5,0.0,0.0,
2026-04-24T04:42:53,04/24/202604:42,20.330000000000002,0.0,0.0,51.45,0.0,0.0,0.0,0.0,0.0,198.7,23819.0,45062.0,18.3,15.2,92.0,29.559999999999995,3.342,332.2,0.0,0.0,
2026-04-24T04:43:00,04/24/202604:43,20.330000000000002,0.0,0.0,51.45,0.0,0.0,0.0,0.0,0.0,198.7,23819.0,45062.0,18.3,15.2,92.2,29.559999999999995,2.807,333.9,0.0,0.0,
2026-04-24T04:44:00,04/24/202604:44,20.330000000000002,0.0,0.0,51.45,0.0,0.0,0.0,0.0,0.0,198.7,23819.0,45062.0,18.3,15.2,92.4,29.559999999999995,2.272,335.6,0.0,0.0,
2026-04-24T04:45:00,04/24/202604:45,20.330000000000002,0.0,0.0,51.46,0.0,0.0,0.0,0.0,0.0,198.7,23819.0,45062.0,18.3,15.2,92.6,29.559999999999995,1.948,333.4,0.0,0.0,
2026-04-24T04:46:01,04/24/202604:46,20.330000000000002,0.0,0.0,51.470000000000006,0.0,0.0,0.0,0.0,0.0,198.7,23819.0,45062.0,18.2,15.179999999999998,92.8,29.559999999999995,1.575,330.9,0.0,0.0,
2026-04-24T04:47:00,04/24/202604:47,20.330000000000002,0.0,0.0,51.470000000000006,0.0,0.0,0.0,0.0,0.0,198.7,23819.0,45062.0,18.3,15.16,93.0,29.559999999999995,1.202,328.4,0.0,0.0,
2026-04-24T04:48:00,04/24/202604:48,20.330000000000002,0.0,0.0,51.470000000000006,0.0,0.0,0.0,0.0,0.0,198.7,23819.0,45062.0,18.3,15.14,93.0,29.559999999999995,1.153,328.1,0.0,0.0,
2026-04-24T04:49:00,04/24/202604:49,20.32,0.0,0.0,51.470000000000006,0.0,0.0,0.0,0.0,0.0,198.7,23819.0,45062.0,18.3,15.12,93.0,29.559999999999995,1.104,327.8,0.0,0.0,
2026-04-24T04:50:01,04/24/202604:50,20.31,0.0,0.0,51.46,0.0,0.0,0.0,0.0,0.0,198.7,23819.0,45062.0,18.3,15.1,93.0,29.559999999999995,1.0550000000000002,327.5,0.0,0.0,
2026-04-24T04:51:04,04/24/202604:51,20.3,0.0,0.0,51.45,0.0,0.0,0.0,0.0,0.0,198.7,23819.0,45062.0,18.3,15.080000000000002,93.0,29.559999999999995,1.006,327.2,0.0,0.0,
2026-04-24T04:52:01,04/24/202604:52,20.3,0.0,0.0,51.44,0.0,0.0,0.0,0.0,0.0,198.7,23819.0,45062.0,18.3,15.059999999999999,93.0,29.559999999999995,0.9570000000000001,326.9,0.0,0.0,
2026-04-24T04:53:28,04/24/202604:53,20.3,0.0,0.0,51.42999999999999,0.0,0.0,0.0,0.0,0.0,198.7,23819.0,45062.0,18.3,15.040000000000001,93.0,29.559999999999995,0.908,326.6,0.0,0.0,
2026-04-24T04:54:00,04/24/202604:54,20.3,0.0,0.0,51.42999999999999,0.0,0.0,0.0,0.0,0.0,198.7,23819.0,45062.0,18.3,15.02,93.0,29.559999999999995,0.859,326.3,0.0,0.0,
2026-04-24T04:55:00,04/24/202604:55,20.3,0.0,0.0,51.410000000000004,0.0,0.0,0.0,0.0,0.0,198.7,23819.0,45062.0,18.2,15.0,93.0,29.559999999999995,0.8100000000000002,326.0,0.0,0.0,
2026-04-24T04:56:00,04/24/202604:56,20.3,0.0,0.0,51.4,0.0,0.0,0.0,0.0,0.0,198.7,23819.0,45062.0,18.3,15.0,93.0,29.559999999999995,0.8100000000000002,326.0,0.0,0.0,
2026-04-24T04:57:10,04/24/202604:57,20.3,0.0,0.0,51.4,0.0,0.0,0.0,0.0,0.0,198.7,23819.0,45062.0,18.2,15.0,93.0,29.559999999999995,0.8100000000000002,326.0,0.0,0.0,
2026-04-24T04:58:00,04/24/202604:58,20.3,0.0,0.0,51.4,0.0,0.0,0.0,0.0,0.0,198.7,23819.0,45062.0,18.2,15.0,93.0,29.559999999999995,0.8100000000000002,326.0,0.0,0.0,
2026-04-24T04:59:00,04/24/202604:59,20.3,0.0,0.0,51.39,0.0,0.0,0.0,0.0,0.0,198.7,23819.0,45062.0,18.3,15.0,93.0,29.559999999999995,0.8100000000000002,326.0,0.0,0.0,
2026-04-24T05:00:00,04/24/202605:00,20.3,0.0,0.0,51.39,0.0,0.0,0.0,0.0,0.0,198.7,23819.0,45062.0,18.3,15.0,93.0,29.559999999999995,0.8100000000000002,326.0,0.0,0.0,
2026-04-24T05:01:00,04/24/202605:01,20.3,0.0,0.0,51.39,0.0,0.0,0.0,0.0,0.0,198.7,23819.0,45062.0,18.3,15.0,93.0,29.559999999999995,0.8100000000000002,326.0,0.0,0.0,
2026-04-24T05:02:00,04/24/202605:02,20.3,0.0,0.0,51.39,0.0,0.0,0.0,0.0,0.0,198.7,23819.0,45062.0,18.2,14.98,93.0,29.559999999999995,0.7790000000000001,305.1,0.0,0.0,
2026-04-24T05:03:01,04/24/202605:03,20.3,0.0,0.0,51.4,0.0,0.0,0.0,0.0,0.0,198.7,23819.0,45062.0,18.3,14.959999999999999,93.0,29.559999999999995,0.748,284.2,0.0,0.0,
2026-04-24T05:04:39,04/24/202605:04,20.3,0.0,0.0,51.4,0.0,0.0,0.0,0.0,0.0,198.7,23819.0,45062.0,18.3,14.940000000000001,93.0,29.559999999999995,0.717,263.3,0.0,0.0,
2026-04-24T05:05:01,04/24/202605:05,20.3,0.0,0.0,51.410000000000004,0.0,0.0,0.0,0.0,0.0,198.7,23819.0,45062.0,18.3,14.919999999999998,93.0,29.559999999999995,0.686,242.4,0.0,0.0,
2026-04-24T05:06:00,04/24/202605:06,20.3,0.0,0.0,51.410000000000004,0.0,0.0,0.0,0.0,0.0,198.7,23819.0,45062.0,18.3,14.9,93.0,29.559999999999995,0.655,221.5,0.0,0.0,
2026-04-24T05:07:00,04/24/202605:07,20.3,0.0,0.0,51.410000000000004,0.0,0.0,0.0,0.0,0.0,198.7,23819.0,45062.0,18.2,14.88,93.0,29.559999999999995,0.624,200.6,0.0,0.0,
2026-04-24T05:08:00,04/24/202605:08,20.3,0.0,0.0,51.410000000000004,0.0,0.0,0.0,0.0,0.0,198.7,23819.0,45062.0,18.3,14.86,93.0,29.559999999999995,0.593,179.7,0.0,0.0,
2026-04-24T05:09:00,04/24/202605:09,20.3,0.0,0.0,51.410000000000004,0.0,0.0,0.0,0.0,0.0,198.7,23819.0,45062.0,18.2,14.84,93.0,29.559999999999995,0.562,158.8,0.0,0.0,
2026-04-24T05:10:00,04/24/202605:10,20.3,0.0,0.0,51.410000000000004,0.0,0.0,0.0,0.0,0.0,198.7,23819.0,45062.0,18.2,14.820000000000002,93.0,29.559999999999995,0.531,137.9,0.0,0.0,
2026-04-24T05:11:00,04/24/202605:11,20.3,0.0,0.0,51.410000000000004,0.0,0.0,0.0,0.0,0.0,198.7,23819.0,45062.0,18.2,14.8,93.0,29.559999999999995,0.5,117.0,0.0,0.0,
2026-04-24T05:12:14,04/24/202605:12,20.3,0.0,0.0,51.410000000000004,0.0,0.0,0.0,0.0,0.0,198.7,23819.0,45062.0,18.2,14.8,93.0,29.559999999999995,0.5,117.0,0.0,0.0,
2026-04-24T05:13:00,04/24/202605:13,20.3,0.0,0.0,51.4,0.0,0.0,0.0,0.0,0.0,198.7,23819.0,45062.0,18.2,14.8,93.0,29.559999999999995,0.5,117.0,0.0,0.0,
2026-04-24T05:14:29,04/24/202605:14,20.3,0.0,0.0,51.39,0.0,0.0,0.0,0.0,0.0,198.7,23819.0,45062.0,18.2,14.8,93.0,29.559999999999995,0.5,117.0,0.0,0.0,
2026-04-24T05:15:51,04/24/202605:15,20.3,0.0,0.0,51.39,0.0,0.0,0.0,0.0,0.0,198.7,23819.0,45062.0,18.3,14.8,93.0,29.559999999999995,0.5,117.0,0.0,0.0,
2026-04-24T05:16:01,04/24/202605:16,20.3,0.0,0.0,51.39,0.0,0.0,0.0,0.0,0.0,198.7,23819.0,45062.0,18.3,14.8,93.0,29.559999999999995,0.5,117.0,0.0,0.0,
2026-04-24T05:17:00,04/24/202605:17,20.3,0.0,0.0,51.39,0.0,0.0,0.0,0.0,0.0,198.7,23819.0,45062.0,18.2,14.790000000000001,93.0,29.559999999999995,0.674,131.7,0.0,0.0,
2026-04-24T05:18:01,04/24/202605:18,20.3,0.0,0.0,51.39,0.0,0.0,0.0,0.0,0.0,198.7,23819.0,45062.0,18.2,14.780000000000001,93.0,29.559999999999995,0.8480000000000001,146.4,0.0,0.0,
2026-04-24T05:19:00,04/24/202605:19,20.3,0.0,0.0,51.379999999999995,0.0,0.0,0.0,0.0,0.0,198.7,23819.0,45062.0,18.2,14.77,93.0,29.559999999999995,1.022,161.1,0.0,0.0,
2026-04-24T05:20:00,04/24/202605:20,20.3,0.0,0.0,51.379999999999995,0.0,0.0,0.0,0.0,0.0,198.7,23819.0,45062.0,18.2,14.76,93.0,29.559999999999995,1.1960000000000002,175.8,0.0,0.0,
2026-04-24T05:21:00,04/24/202605:21,20.3,0.0,0.0,51.36999999999999,0.0,0.0,0.0,0.0,0.0,198.7,23819.0,45062.0,18.2,14.75,93.0,29.559999999999995,1.37,190.5,0.0,0.0,
2026-04-24T05:22:00,04/24/202605:22,20.3,0.0,0.0,51.36999999999999,0.0,0.0,0.0,0.0,0.0,198.7,23819.0,45062.0,18.2,14.74,93.0,29.559999999999995,1.544,205.2,0.0,0.0,
2026-04-24T05:23:00,04/24/202605:23,20.3,0.0,0.0,51.36999999999999,0.0,0.0,0.0,0.0,0.0,198.7,23819.0,45062.0,18.3,14.73,93.0,29.559999999999995,1.718,219.9,0.0,0.0,
2026-04-24T05:24:00,04/24/202605:24,20.3,0.0,0.0,51.379999999999995,0.0,0.0,0.0,0.0,0.0,198.7,23819.0,45062.0,18.2,14.719999999999999,93.0,29.559999999999995,1.8920000000000001,234.6,0.0,0.0,
2026-04-24T05:25:00,04/24/202605:25,20.3,0.0,0.0,51.379999999999995,0.0,0.0,0.0,0.0,0.0,198.7,23819.0,45062.0,18.2,14.709999999999999,93.0,29.559999999999995,2.0660000000000003,249.3,0.0,0.0,
2026-04-24T05:27:02,04/24/202605:27,20.3,0.0,0.0,51.379999999999995,0.0,0.0,0.0,0.0,0.0,198.7,23819.0,45062.0,18.2,14.7,93.0,29.559999999999995,2.24,264.0,0.0,0.0,
2026-04-24T05:28:00,04/24/202605:28,20.3,0.0,0.0,51.379999999999995,0.0,0.0,0.0,0.0,0.0,198.7,23819.0,45062.0,18.2,14.7,93.0,29.559999999999995,2.24,264.0,0.0,0.0,
2026-04-24T05:29:01,04/24/202605:29,20.3,0.0,0.0,51.36999999999999,0.0,0.0,0.0,0.0,0.0,198.7,23819.0,45062.0,18.2,14.7,93.0,29.559999999999995,2.24,264.0,0.0,0.0,
2026-04-24T05:30:00,04/24/202605:30,20.3,0.0,0.0,51.379999999999995,0.0,0.0,0.0,0.0,0.0,198.7,23819.0,45062.0,18.2,14.7,93.0,29.559999999999995,2.24,264.0,0.0,0.0,
2026-04-24T05:31:01,04/24/202605:31,20.3,0.0,0.0,51.379999999999995,0.0,0.0,0.0,0.0,0.0,198.7,23819.0,45062.0,18.2,14.679999999999998,93.0,29.559999999999995,2.153,247.5,0.0,0.0,
2026-04-24T05:32:00,04/24/202605:32,20.3,0.0,0.0,51.379999999999995,0.0,0.0,0.0,0.0,0.0,198.7,23819.0,45062.0,18.2,14.64,93.0,29.559999999999995,2.1090000000000004,239.1,0.0,0.0,
2026-04-24T05:33:01,04/24/202605:33,20.3,0.0,0.0,51.379999999999995,0.0,0.0,0.0,0.0,0.0,198.7,23819.0,45062.0,18.2,14.6,93.0,29.559999999999995,1.9100000000000001,248.7,0.0,0.0,
2026-04-24T05:34:35,04/24/202605:34,20.3,0.0,0.0,51.379999999999995,0.0,0.0,0.0,0.0,0.0,198.7,23819.0,45062.0,18.2,14.559999999999999,93.0,29.559999999999995,1.7110000000000003,258.3,0.0,0.0,
2026-04-24T05:35:00,04/24/202605:35,20.3,0.0,0.0,51.379999999999995,0.0,0.0,0.0,0.0,0.0,198.7,23819.0,45062.0,18.2,14.52,93.0,29.559999999999995,1.512,267.9,0.0,0.0,
2026-04-24T05:36:01,04/24/202605:36,20.3,0.0,0.0,51.379999999999995,0.0,0.0,0.0,0.0,0.0,198.7,23819.0,45062.0,18.2,14.48,93.0,29.559999999999995,1.3130000000000002,277.5,0.0,0.0,
2026-04-24T05:38:13,04/24/202605:38,20.3,0.0,0.0,51.36999999999999,0.0,0.0,0.0,0.0,0.0,198.7,23819.0,45062.0,18.2,14.440000000000001,93.1,29.563,1.114,287.1,0.0,0.0,
2026-04-24T05:39:00,04/24/202605:39,20.3,0.0,0.0,51.36999999999999,0.0,0.0,0.0,0.0,0.0,198.7,23819.0,45062.0,18.2,14.4,93.2,29.565999999999995,0.915,296.7,0.0,0.0,
2026-04-24T05:40:01,04/24/202605:40,20.3,0.0,0.0,51.379999999999995,0.0,0.0,0.0,0.0,0.0,198.7,23819.0,45062.0,18.2,14.36,93.3,29.569,0.716,306.3,0.0,0.0,
2026-04-24T05:41:00,04/24/202605:41,20.3,0.0,0.0,51.36999999999999,0.0,0.0,0.0,0.0,0.0,198.7,23819.0,45062.0,18.2,14.320000000000002,93.4,29.571999999999996,0.517,315.9,0.0,0.0,
2026-04-24T05:42:01,04/24/202605:42,20.3,0.0,0.0,51.35,0.0,0.0,0.0,0.0,0.0,198.7,23819.0,45062.0,18.2,14.3,93.5,29.575,0.40499999999999997,342.0,0.0,0.0,
2026-04-24T05:43:00,04/24/202605:43,20.3,0.0,0.0,51.35,0.0,0.0,0.0,0.0,0.0,198.7,23819.0,45062.0,18.2,14.3,93.6,29.577999999999996,0.25,360.0,0.0,0.0,
2026-04-24T05:44:01,04/24/202605:44,20.3,0.0,0.0,51.35,0.0,0.0,0.0,0.0,0.0,198.7,23819.0,45062.0,18.2,14.3,93.7,29.581,0.25,360.0,0.0,0.0,
2026-04-24T05:45:00,04/24/202605:45,20.3,0.0,0.0,51.339999999999996,0.0,0.0,0.0,0.0,0.0,198.7,23819.0,45062.0,18.2,14.3,93.8,29.583999999999996,0.25,360.0,0.0,0.0,
2026-04-24T05:46:01,04/24/202605:46,20.3,0.0,0.0,51.33,0.0,0.0,0.0,0.0,0.0,198.7,23819.0,45062.0,18.2,14.3,93.9,29.587,0.629,354.4,0.0,0.0,
2026-04-24T05:47:00,04/24/202605:47,20.3,0.0,0.0,51.31999999999999,0.0,0.0,0.0,0.0,0.0,198.7,23819.0,45062.0,18.2,14.3,94.0,29.589999999999996,1.008,348.8,0.0,0.0,
2026-04-24T05:48:01,04/24/202605:48,20.3,0.0,0.0,51.31999999999999,0.0,0.0,0.0,0.0,0.0,198.7,23819.0,45062.0,18.2,14.3,94.0,29.589999999999996,1.387,343.2,0.0,0.0,
2026-04-24T05:49:25,04/24/202605:49,20.3,0.0,0.0,51.31,0.0,0.0,0.0,0.0,0.0,198.7,23819.0,45062.0,18.2,14.3,94.0,29.589999999999996,1.766,337.6,0.0,0.0,
2026-04-24T05:50:00,04/24/202605:50,20.3,0.0,0.0,51.31,0.0,0.0,0.0,0.0,0.0,198.7,23819.0,45062.0,18.2,14.3,94.0,29.589999999999996,2.145,332.0,0.0,0.0,
2026-04-24T05:51:01,04/24/202605:51,20.3,0.0,0.0,51.31,0.0,0.0,0.0,0.0,0.0,198.7,23819.0,45062.0,18.2,14.3,94.0,29.589999999999996,2.524,326.4,0.0,0.0,
2026-04-24T05:52:00,04/24/202605:52,20.3,0.0,0.0,51.31999999999999,0.0,0.0,0.0,0.0,0.0,198.7,23819.0,45062.0,18.2,14.3,94.0,29.589999999999996,2.903,320.8,0.0,0.0,
2026-04-24T05:53:01,04/24/202605:53,20.3,0.0,0.0,51.31999999999999,0.0,0.0,0.0,0.0,0.0,198.7,23819.0,45062.0,18.2,14.3,94.0,29.589999999999996,3.282,315.2,0.0,0.0,
2026-04-24T05:54:00,04/24/202605:54,20.3,0.0,0.0,51.31,0.0,0.0,0.0,0.0,0.0,198.7,23819.0,45062.0,18.2,14.3,94.0,29.589999999999996,3.661,309.6,0.0,0.0,
2026-04-24T05:55:01,04/24/202605:55,20.3,0.0,0.0,51.3,0.0,0.0,0.0,0.0,0.0,198.7,23819.0,45062.0,18.2,14.3,94.0,29.589999999999996,4.04,304.0,0.0,0.0,
2026-04-24T05:56:00,04/24/202605:56,20.3,0.0,0.0,51.31,0.0,0.0,0.0,0.0,0.0,198.7,23819.0,45062.0,18.2,14.3,94.0,29.589999999999996,4.04,304.0,0.0,0.0,
2026-04-24T05:57:15,04/24/202605:57,20.3,0.0,0.0,51.31,0.0,0.0,0.0,0.0,0.0,198.7,23819.0,45062.0,18.2,14.3,94.0,29.589999999999996,4.04,304.0,0.0,0.0,
2026-04-24T05:58:00,04/24/202605:58,20.3,0.0,0.0,51.31,0.0,0.0,0.0,0.0,0.0,198.7,23819.0,45062.0,18.2,14.3,94.0,29.589999999999996,4.04,304.0,0.0,0.0,
2026-04-24T05:58:16,04/24/202605:58,20.31,0.0,0.0,51.31,0.0,0.0,0.0,0.0,0.0,198.7,23819.0,45062.0,18.2,14.3,94.0,29.589999999999996,4.04,304.0,0.0,0.0,
2026-04-24T05:59:01,04/24/202605:59,20.32,0.0,0.0,51.3,0.0,0.0,0.0,0.0,0.0,198.7,23819.0,45062.0,18.2,14.3,94.0,29.589999999999996,4.04,304.0,0.0,0.0,
2026-04-24T05:59:15,04/24/202605:59,20.34,0.0,0.0,51.29,0.0,0.0,0.0,0.0,0.0,198.7,23819.0,45062.0,18.2,14.3,94.0,29.589999999999996,4.04,304.0,0.0,0.0,
2026-04-24T06:00:37,04/24/202606:00,20.34,0.0,0.0,51.29,0.0,0.0,0.0,0.0,0.0,198.7,23819.0,45062.0,18.2,14.3,94.0,29.589999999999996,4.04,304.0,0.0,0.0,
2026-04-24T06:01:00,04/24/202606:01,20.34,0.0,0.0,51.29,0.0,0.0,0.0,0.0,0.0,198.7,23819.0,45062.0,18.2,14.3,94.0,29.589999999999996,4.04,304.0,0.0,0.0,
2026-04-24T06:02:01,04/24/202606:02,20.34,0.0,0.0,51.29,0.0,0.0,0.0,0.0,0.0,198.7,23819.0,45062.0,18.2,14.270000000000001,94.0,29.587,3.8659999999999997,301.7,0.0,0.0,
2026-04-24T06:02:16,04/24/202606:02,20.35,0.0,0.0,51.3,0.0,0.0,0.0,0.0,0.0,198.7,23819.0,45062.0,18.2,14.24,94.0,29.583999999999996,3.692,299.4,0.0,0.0,
2026-04-24T06:03:00,04/24/202606:03,20.36,0.0,0.0,51.29,0.0,0.0,0.0,0.0,0.0,198.7,23819.0,45062.0,18.2,14.209999999999999,94.0,29.581,3.518,297.1,0.0,0.0,
2026-04-24T06:03:15,04/24/202606:03,20.36,0.0,0.0,51.29,0.0,0.0,0.0,0.0,0.0,198.7,23819.0,45062.0,18.2,14.180000000000001,94.0,29.577999999999996,3.344,294.8,0.0,0.0,
2026-04-24T06:04:01,04/24/202606:04,20.36,0.0,0.0,51.29,0.0,0.0,0.0,0.0,0.0,198.7,23819.0,45062.0,18.2,14.15,94.0,29.575,3.17,292.5,0.0,0.0,
2026-04-24T06:04:15,04/24/202606:04,20.36,0.0,0.0,51.29,0.0,0.0,0.0,0.0,0.0,198.7,23819.0,45062.0,18.2,14.12,94.0,29.571999999999996,2.996,290.2,0.0,0.0,
2026-04-24T06:05:00,04/24/202606:05,20.36,0.0,0.0,51.29,0.0,0.0,0.0,0.0,0.0,198.7,23819.0,45062.0,18.2,14.09,94.0,29.569,2.822,287.9,0.0,0.0,
2026-04-24T06:06:01,04/24/202606:06,20.35,0.0,0.0,51.3,0.0,0.0,0.0,0.0,0.0,198.7,23819.0,45062.0,18.2,14.059999999999999,94.0,29.565999999999995,2.6479999999999997,285.6,0.0,0.0,
2026-04-24T06:07:00,04/24/202606:07,20.36,0.0,0.0,51.3,0.0,0.0,0.0,0.0,0.0,198.7,23819.0,45062.0,18.2,14.030000000000001,94.0,29.563,2.4739999999999998,283.3,0.0,0.0,
2026-04-24T06:07:15,04/24/202606:07,20.36,0.0,0.0,51.3,0.0,0.0,0.0,0.0,0.0,198.7,23819.0,45062.0,18.2,14.0,94.0,29.559999999999995,2.3,281.0,0.0,0.0,
2026-04-24T06:08:01,04/24/202606:08,20.36,0.0,0.0,51.3,0.0,0.0,0.0,0.0,0.0,198.7,23819.0,45062.0,18.2,14.0,94.0,29.559999999999995,2.3,281.0,0.0,0.0,
2026-04-24T06:08:30,04/24/202606:08,20.36,0.0,0.0,51.3,0.0,0.0,0.0,0.0,0.0,198.7,23819.0,45062.0,18.2,14.0,94.0,29.559999999999995,2.3,281.0,0.0,0.0,
2026-04-24T06:09:00,04/24/202606:09,20.36,0.0,0.0,51.3,0.0,0.0,0.0,0.0,0.0,198.7,23819.0,45062.0,18.2,14.0,94.0,29.559999999999995,2.3,281.0,0.0,0.0,
2026-04-24T06:10:01,04/24/202606:10,20.369999999999997,0.0,0.0,51.29,0.0,0.0,0.0,0.0,0.0,198.7,23819.0,45062.0,18.2,14.0,94.0,29.559999999999995,2.3,281.0,0.0,0.0,
2026-04-24T06:11:49,04/24/202606:11,20.389999999999997,0.0,0.0,51.29,0.0,0.0,0.0,0.0,0.0,198.7,23819.0,45062.0,18.1,14.0,94.0,29.559999999999995,2.3,281.0,0.0,0.0,
2026-04-24T06:12:01,04/24/202606:12,20.4,0.0,0.0,51.29,0.0,0.0,0.0,0.0,0.0,198.7,23819.0,45062.0,18.1,14.0,94.0,29.559999999999995,2.3,281.0,0.0,0.0,
2026-04-24T06:13:00,04/24/202606:13,20.41,0.0,0.0,51.279999999999994,0.0,0.0,0.0,0.0,0.0,198.7,23819.0,45062.0,18.2,14.0,94.0,29.559999999999995,2.3,281.0,0.0,0.0,
2026-04-24T06:13:11,04/24/202606:13,20.43,0.0,0.0,51.279999999999994,0.0,0.0,0.0,0.0,0.0,198.7,23819.0,45062.0,18.2,14.0,94.0,29.559999999999995,2.3,281.0,0.0,0.0,
2026-04-24T06:14:01,04/24/202606:14,20.45,0.0,0.0,51.279999999999994,0.0,0.0,0.0,0.0,0.0,198.7,23819.0,45062.0,18.2,14.0,94.0,29.559999999999995,2.3,281.0,0.0,0.0,
2026-04-24T06:15:00,04/24/202606:15,20.48,0.0,0.0,51.279999999999994,0.0,0.0,0.0,0.0,0.0,198.7,23819.0,45062.0,18.1,14.0,94.0,29.559999999999995,2.3,281.0,0.0,0.0,
2026-04-24T06:15:02,04/24/202606:15,20.52,0.0,0.0,51.279999999999994,0.0,0.0,0.0,0.0,0.0,198.7,23819.0,45062.0,18.2,14.0,94.0,29.559999999999995,2.3,281.0,0.0,0.0,
2026-04-24T06:16:17,04/24/202606:16,20.57,0.0,0.0,51.279999999999994,0.0,0.0,0.0,0.0,0.0,198.7,23819.0,45062.0,18.2,13.99,94.0,29.563,2.325,281.4,0.0,0.0,
2026-04-24T06:17:00,04/24/202606:17,20.619999999999997,0.0,0.0,51.279999999999994,0.0,0.0,0.0,0.0,0.0,198.7,23819.0,45062.0,18.2,13.98,94.0,29.565999999999995,2.35,281.8,0.0,0.0,
2026-04-24T06:17:17,04/24/202606:17,20.68,0.0,0.0,51.29,0.0,0.0,0.0,0.0,0.0,198.7,23819.0,45062.0,18.2,13.969999999999999,94.0,29.569,2.375,282.2,0.0,0.0,
2026-04-24T06:18:00,04/24/202606:18,20.73,0.0,0.0,51.29,0.0,0.0,0.0,0.0,0.0,198.7,23819.0,45062.0,18.2,13.959999999999999,94.0,29.571999999999996,2.4,282.6,0.0,0.0,
2026-04-24T06:18:17,04/24/202606:18,20.79,0.0,0.0,51.29,0.0,0.0,0.0,0.0,0.0,198.7,23819.0,45062.0,18.1,13.95,94.0,29.575,2.425,283.0,0.0,0.0,
2026-04-24T06:19:01,04/24/202606:19,20.85,0.0,0.0,51.3,0.0,0.0,0.0,0.0,0.0,198.7,23819.0,45062.0,18.1,13.940000000000001,94.0,29.577999999999996,2.45,283.4,0.0,0.0,
2026-04-24T06:19:17,04/24/202606:19,20.93,0.0,0.0,51.3,0.0,0.0,0.0,0.0,0.0,198.7,23819.0,45062.0,18.2,13.930000000000001,94.0,29.581,2.475,283.8,0.0,0.0,
2026-04-24T06:20:00,04/24/202606:20,21.009999999999998,0.0,0.0,51.3,0.0,0.0,0.0,0.0,0.0,198.7,23819.0,45062.0,18.2,13.919999999999998,94.0,29.583999999999996,2.5,284.2,0.0,0.0,
2026-04-24T06:20:17,04/24/202606:20,21.119999999999997,0.0,0.0,51.3,0.0,0.0,0.0,0.0,0.0,198.7,23819.0,45062.0,18.2,13.91,94.0,29.587,2.525,284.6,0.0,0.0,
2026-04-24T06:21:01,04/24/202606:21,21.22,0.0,0.0,51.3,0.0,0.0,0.0,0.0,0.0,198.7,23819.0,45062.0,18.2,13.9,94.0,29.589999999999996,2.55,285.0,0.0,0.0,
2026-04-24T06:21:18,04/24/202606:21,21.330000000000002,0.0,0.0,51.29,0.0,0.0,0.0,0.0,0.0,198.7,23819.0,45062.0,18.2,13.9,94.0,29.589999999999996,2.55,285.0,0.0,0.0,
2026-04-24T06:23:00,04/24/202606:22,21.490000000000002,0.0,0.0,51.29,0.0,0.0,0.0,0.0,0.0,198.7,23819.0,45062.0,18.2,13.9,94.0,29.589999999999996,2.55,285.0,0.0,0.0,
2026-04-24T06:23:01,04/24/202606:23,21.64,0.0,0.0,51.29,0.0,0.0,0.0,0.0,0.0,198.7,23819.0,45062.0,18.2,13.9,94.0,29.589999999999996,2.55,285.0,0.0,0.0,
2026-04-24T06:23:17,04/24/202606:23,21.830000000000002,0.0,0.0,51.29,0.0,0.0,0.0,0.0,0.0,198.7,23819.0,45062.0,18.1,13.9,94.0,29.589999999999996,2.55,285.0,0.0,0.0,
2026-04-24T06:24:00,04/24/202606:24,22.009999999999998,0.0,0.0,51.29,0.0,0.0,0.0,0.0,0.0,198.7,23819.0,45062.0,18.1,13.9,94.0,29.589999999999996,2.55,285.0,0.0,0.0,
2026-04-24T06:24:17,04/24/202606:24,22.259999999999998,0.0,0.0,51.29,0.0,0.0,0.0,0.0,0.0,198.7,23819.0,45062.0,18.1,13.9,94.0,29.589999999999996,2.55,285.0,0.0,0.0,
2026-04-24T06:25:01,04/24/202606:25,22.48,0.0,0.0,51.29,0.0,0.0,0.0,0.0,0.0,198.7,23819.0,45062.0,18.1,13.9,94.0,29.589999999999996,2.55,285.0,0.0,0.0,
2026-04-24T06:25:17,04/24/202606:25,22.78,0.0,0.0,51.29,0.0,0.0,0.0,0.0,0.0,198.7,23819.0,45062.0,18.1,13.9,94.0,29.589999999999996,2.55,285.0,0.0,0.0,
2026-04-24T06:26:00,04/24/202606:26,23.05,0.0,0.0,51.29,0.0,0.0,0.0,0.0,0.0,198.7,23819.0,45062.0,18.1,13.9,94.0,29.589999999999996,2.55,285.0,0.0,0.0,
2026-04-24T06:26:17,04/24/202606:26,23.48,0.0,0.0,51.279999999999994,0.0,0.0,0.0,0.0,0.0,198.7,23819.0,45062.0,18.1,13.9,94.0,29.589999999999996,2.55,285.0,0.0,0.0,
2026-04-24T06:27:01,04/24/202606:27,23.880000000000003,0.0,0.0,51.279999999999994,0.0,0.0,0.0,0.0,0.0,198.7,23819.0,45062.0,18.1,13.9,94.0,29.589999999999996,2.55,285.0,0.0,0.0,
2026-04-24T06:27:17,04/24/202606:27,24.44,0.0,0.0,51.27,0.0,0.0,0.0,0.0,0.0,198.7,23819.0,45062.0,18.2,13.9,94.0,29.589999999999996,2.55,285.0,0.0,0.0,
2026-04-24T06:28:00,04/24/202606:28,25.0,0.0,0.0,51.260000000000005,0.0,0.0,0.0,0.0,0.0,198.7,23819.0,45062.0,18.2,13.9,94.0,29.589999999999996,2.55,285.0,0.0,0.0,
2026-04-24T06:28:18,04/24/202606:28,25.78,0.0,0.0,51.25,0.0,0.0,0.0,0.0,0.0,198.7,23819.0,45062.0,18.2,13.9,94.0,29.589999999999996,2.55,285.0,0.0,0.0,
2026-04-24T06:29:01,04/24/202606:29,26.560000000000002,0.0,0.0,51.239999999999995,0.0,0.0,0.0,0.0,0.0,198.7,23819.0,45062.0,18.2,13.9,94.0,29.589999999999996,2.55,285.0,0.0,0.0,
2026-04-24T06:29:18,04/24/202606:29,27.6,0.0,0.0,51.239999999999995,0.0,0.0,0.0,0.0,0.0,198.7,23819.0,45062.0,18.1,13.9,94.0,29.589999999999996,2.55,285.0,0.0,0.0,
2026-04-24T06:30:00,04/24/202606:30,28.639999999999997,0.0,0.0,51.239999999999995,0.0,0.0,0.0,0.0,0.0,198.7,23819.0,45062.0,18.1,13.9,94.0,29.589999999999996,2.55,285.0,0.0,0.0,
2026-04-24T06:30:17,04/24/202606:30,30.01,0.0,0.0,51.23,0.0,0.0,0.0,0.0,0.0,198.7,23819.0,45062.0,18.2,13.9,94.0,29.589999999999996,2.55,285.0,0.0,0.0,
2026-04-24T06:31:25,04/24/202606:31,31.939999999999998,0.0,0.0,51.220000000000006,0.0,0.0,0.0,0.0,0.0,198.7,23819.0,45062.0,18.1,14.0,94.0,29.589999999999996,2.4939999999999998,286.2,0.0,0.0,
2026-04-24T06:32:00,04/24/202606:32,33.71,0.0,0.0,51.220000000000006,0.0,0.0,0.0,0.0,0.0,198.7,23819.0,45062.0,18.1,14.1,94.0,29.589999999999996,2.4379999999999997,287.4,0.0,0.0,
2026-04-24T06:32:25,04/24/202606:32,36.36,0.0,0.0,51.23,0.0,0.0,0.0,0.0,0.0,198.7,23819.0,45062.0,18.1,14.2,94.0,29.589999999999996,2.382,288.6,0.0,0.0,
2026-04-24T06:34:12,04/24/202606:34,38.85,0.0,0.0,51.239999999999995,0.0,0.0,0.0,0.0,0.0,198.7,23819.0,45062.0,18.2,14.3,94.3,29.593,2.257,272.2,0.0,0.0,
2026-04-24T06:35:00,04/24/202606:35,41.339999999999996,0.0,0.0,51.25,0.0,0.0,0.0,0.0,0.0,198.7,23819.0,45062.0,18.2,14.4,94.6,29.595999999999997,2.132,255.8,0.0,0.0,
2026-04-24T06:35:05,04/24/202606:35,43.56,0.0,0.0,51.260000000000005,0.0,0.0,0.0,0.0,0.0,198.7,23819.0,45062.0,18.1,14.5,94.9,29.599,2.007,239.4,0.0,0.0,
2026-04-24T06:36:01,04/24/202606:36,45.78,0.0,0.0,51.27,0.0,0.0,0.0,0.0,0.0,198.7,23819.0,45062.0,18.1,14.6,95.2,29.601999999999997,1.8820000000000001,223.0,0.0,0.0,
2026-04-24T06:37:00,04/24/202606:37,47.67,0.0,0.0,51.260000000000005,0.0,0.0,0.0,0.0,0.0,198.7,23819.0,45062.0,18.1,14.7,95.5,29.605,1.7570000000000001,206.6,0.0,0.0,
2026-04-24T06:38:01,04/24/202606:38,49.56,0.0,0.0,51.260000000000005,0.0,0.0,0.0,0.0,0.0,198.7,23819.0,45062.0,18.1,14.8,95.8,29.607999999999997,1.6320000000000001,190.2,0.0,0.0,
2026-04-24T06:39:00,04/24/202606:39,51.04,0.0,0.0,51.260000000000005,0.0,0.0,0.0,0.0,0.0,198.7,23819.0,45062.0,18.1,14.9,96.1,29.611,1.5070000000000001,173.8,0.0,0.0,
2026-04-24T06:39:05,04/24/202606:39,51.970000000000006,0.0,0.0,51.27,0.0,0.0,0.0,0.0,0.0,198.7,23819.0,45062.0,18.1,14.9,96.4,29.613999999999997,1.4380000000000002,156.2,0.0,0.0,
2026-04-24T06:40:01,04/24/202606:40,52.9,0.0,0.0,51.279999999999994,0.0,0.0,0.0,0.0,0.0,198.7,23819.0,45062.0,18.1,14.9,96.7,29.617,1.3690000000000002,138.6,0.0,0.0,
2026-04-24T06:41:00,04/24/202606:41,52.95,0.0,0.0,51.27,0.0,0.0,0.0,0.0,0.0,198.7,23819.0,45062.0,18.1,14.9,97.0,29.619999999999997,1.3,121.0,0.0,0.0,
2026-04-24T06:42:01,04/24/202606:42,52.95,0.0,0.0,51.27,0.0,0.0,0.0,0.0,0.0,198.7,23819.0,45062.0,18.2,14.9,97.0,29.619999999999997,1.3,121.0,0.0,0.0,
2026-04-24T06:43:00,04/24/202606:43,52.95,0.0,0.0,51.260000000000005,0.0,0.0,0.0,0.0,0.0,198.7,23819.0,45062.0,18.1,14.9,97.0,29.619999999999997,1.3,121.0,0.0,0.0,
2026-04-24T06:44:00,04/24/202606:44,52.96,0.0,0.0,51.260000000000005,0.0,0.0,0.0,0.0,0.0,198.7,23819.0,45062.0,18.1,14.9,97.0,29.619999999999997,1.3,121.0,0.0,0.0,
2026-04-24T06:45:23,04/24/202606:45,52.98,0.0,0.0,51.25,0.0,0.0,0.0,0.0,0.0,198.7,23819.0,45062.0,18.1,14.9,97.0,29.619999999999997,1.3,121.0,0.0,0.0,
2026-04-24T06:46:00,04/24/202606:46,53.0,0.0,0.0,51.25,0.0,0.0,0.0,0.0,0.0,198.7,23819.0,45062.0,18.1,14.9,97.0,29.619999999999997,1.3,121.0,0.0,0.0,
2026-04-24T06:47:00,04/24/202606:47,53.02,0.0,0.0,51.239999999999995,0.0,0.0,0.0,0.0,0.0,198.7,23819.0,45062.0,18.1,14.89,97.0,29.619999999999997,1.282,144.9,0.0,0.0,
2026-04-24T06:48:00,04/24/202606:48,53.04,0.0,0.0,51.239999999999995,0.0,0.0,0.0,0.0,0.0,198.7,23819.0,45062.0,18.1,14.88,97.0,29.619999999999997,1.264,168.8,0.0,0.0,
2026-04-24T06:49:00,04/24/202606:49,53.05,0.0,0.0,51.23,0.0,0.0,0.0,0.0,0.0,198.7,23819.0,45062.0,18.1,14.870000000000001,97.0,29.619999999999997,1.246,192.7,0.0,0.0,
2026-04-24T06:50:00,04/24/202606:50,53.06,0.0,0.0,51.220000000000006,0.0,0.0,0.0,0.0,0.0,198.7,23819.0,45062.0,18.1,14.86,97.0,29.619999999999997,1.2280000000000002,216.6,0.0,0.0,
2026-04-24T06:50:09,04/24/202606:50,56.779999999999994,0.0,0.0,51.220000000000006,0.0,0.0,0.0,0.0,0.0,198.7,23819.0,45062.0,18.2,14.85,97.0,29.619999999999997,1.2100000000000002,240.5,0.0,0.0,
2026-04-24T06:51:28,04/24/202606:51,56.58,0.01,0.5658,51.21,0.0,0.0,0.0,0.0,0.0,198.7,23819.0,45062.0,18.1,14.84,97.0,29.619999999999997,1.1920000000000002,264.4,0.0,0.0,0.0
2026-04-24T06:52:00,04/24/202606:52,56.379999999999995,0.02,1.1276,51.21,0.0,0.0,0.0,0.0,0.0,198.7,23819.0,45062.0,18.1,14.830000000000002,97.0,29.619999999999997,1.174,288.3,0.0,0.0,0.0
2026-04-24T06:52:27,04/24/202606:52,56.4,0.02,1.128,51.2,0.0,0.0,0.0,0.0,0.0,198.7,23819.0,45062.0,18.2,14.820000000000002,97.0,29.619999999999997,1.1560000000000001,312.2,0.0,0.0,0.0
2026-04-24T06:53:01,04/24/202606:53,56.410000000000004,0.02,1.1282,51.2,0.0,0.0,0.0,0.0,0.0,198.7,23819.0,45062.0,18.2,14.809999999999999,97.0,29.619999999999997,1.1380000000000001,336.1,0.0,0.0,0.0
2026-04-24T06:54:00,04/24/202606:54,56.42,0.02,1.1284,51.2,0.0,0.0,0.0,0.0,0.0,198.7,23819.0,45062.0,18.1,14.8,97.0,29.619999999999997,1.12,360.0,0.0,0.0,0.0
2026-04-24T06:55:01,04/24/202606:55,56.43000000000001,0.02,1.1286000000000003,51.2,0.0,0.0,0.0,0.0,0.0,198.7,23819.0,45062.0,18.1,14.8,97.0,29.619999999999997,1.12,360.0,0.0,0.0,0.0
2026-04-24T06:56:34,04/24/202606:56,56.45,0.02,1.129,51.2,0.0,0.0,0.0,0.0,0.0,198.7,23819.0,45062.0,18.1,14.8,97.0,29.619999999999997,1.12,360.0,0.0,0.0,0.0
2026-04-24T06:57:00,04/24/202606:57,56.470000000000006,0.02,1.1294000000000002,51.2,0.0,0.0,0.0,0.0,0.0,198.7,23819.0,45062.0,18.1,14.8,97.0,29.619999999999997,1.12,360.0,0.0,0.0,0.0
2026-04-24T06:58:00,04/24/202606:58,56.489999999999995,0.02,1.1298,51.2,0.0,0.0,0.0,0.0,0.0,198.7,23819.0,45062.0,18.1,14.8,97.0,29.619999999999997,1.12,360.0,0.0,0.0,0.0
2026-04-24T06:58:17,04/24/202606:58,52.56,0.030000000000000006,1.5768000000000004,51.190000000000005,0.0,0.0,0.0,0.0,0.0,198.7,23819.0,45062.0,18.1,14.8,97.0,29.619999999999997,1.12,360.0,0.0,0.0,0.0
2026-04-24T06:59:00,04/24/202606:59,52.55,0.030000000000000006,1.5765000000000002,51.18,0.0,0.0,0.0,0.0,0.0,198.7,23819.0,45062.0,18.1,14.8,97.0,29.619999999999997,1.12,360.0,0.0,0.0,0.0
2026-04-24T06:59:16,04/24/202606:59,52.54,0.030000000000000006,1.5762000000000003,51.17,0.01,0.5117,0.0,0.0,0.0,198.7,23819.0,45062.0,18.1,14.8,97.0,29.619999999999997,1.12,360.0,0.0,0.0,0.3246415429514021
2026-04-24T07:00:00,04/24/202607:00,52.31,0.04,2.0924,51.160000000000004,0.02,1.0232,0.0,0.0,0.0,198.7,23819.0,45062.0,18.1,14.8,97.0,29.619999999999997,1.12,360.0,0.0,0.0,0.4890078378895049
2026-04-24T07:00:17,04/24/202607:00,58.02,0.04,2.3208,51.160000000000004,0.02,1.0232,0.0,0.0,0.0,198.7,23819.0,45062.0,18.1,14.8,97.0,29.619999999999997,1.12,360.0,0.0,0.0,0.44088245432609446
2026-04-24T07:01:00,04/24/202607:01,63.73,0.04,2.5492,51.160000000000004,0.02,1.0232,0.0,0.0,0.0,198.7,23819.0,45062.0,18.1,14.8,97.0,29.619999999999997,1.12,360.0,0.0,0.0,0.4013808253569748
2026-04-24T07:01:16,04/24/202607:01,71.19,0.04,2.8476,51.160000000000004,0.02,1.0232,0.0,0.0,0.0,198.7,23819.0,45062.0,18.2,14.790000000000001,97.0,29.619999999999997,1.225,357.6,0.0,0.0,0.3593201292316337
2026-04-24T07:02:17,04/24/202607:02,78.6,0.04,3.1439999999999997,51.160000000000004,0.02,1.0232,0.0,0.0,0.0,198.7,23819.0,45062.0,18.1,14.780000000000001,97.0,29.619999999999997,1.33,355.2,0.0,0.0,0.3254452926208652
2026-04-24T07:02:39,04/24/202607:02,86.11,0.04,3.4444,51.160000000000004,0.02,1.0232,0.0,0.0,0.0,198.7,23819.0,45062.0,18.1,14.77,97.0,29.619999999999997,1.435,352.8,0.0,0.0,0.29706189757287194
2026-04-24T07:03:00,04/24/202607:03,93.62,0.04,3.7448,51.160000000000004,0.02,1.0232,0.0,0.0,0.0,198.7,23819.0,45062.0,18.1,14.76,97.0,29.619999999999997,1.54,350.4,0.0,0.0,0.27323221533860287
2026-04-24T07:03:39,04/24/202607:03,101.42,0.030000000000000006,3.0426000000000006,51.17,0.02,1.0234,0.0,0.0,0.0,198.7,23819.0,45062.0,18.1,14.75,97.0,29.619999999999997,1.645,348.0,0.0,0.0,0.33635706303819096
2026-04-24T07:03:44,04/24/202607:03,109.2,0.02,2.184,51.18,0.02,1.0236,0.0,0.0,0.0,198.7,23819.0,45062.0,18.1,14.74,97.0,29.619999999999997,1.75,345.6,0.0,0.0,0.4686813186813187
2026-04-24T07:04:01,04/24/202607:04,116.97999999999999,0.01,1.1698,51.190000000000005,0.01,0.5119,0.0,0.0,0.0,198.7,23819.0,45062.0,18.1,14.73,97.0,29.619999999999997,1.855,343.2,0.0,0.0,0.43759617028551895
2026-04-24T07:04:44,04/24/202607:04,124.84,0.0,0.0,51.2,0.0,0.0,0.0,0.0,0.0,198.7,23819.0,45062.0,18.1,14.719999999999999,97.0,29.619999999999997,1.9600000000000002,340.8,0.0,0.0,
2026-04-24T07:05:00,04/24/202607:05,126.75999999999999,0.0,0.0,51.2,0.0,0.0,0.0,0.0,0.0,198.7,23819.0,45062.0,18.1,14.709999999999999,97.0,29.619999999999997,2.065,338.4,0.0,0.0,
2026-04-24T07:05:45,04/24/202607:05,128.72,0.0,0.0,51.2,0.0,0.0,0.0,0.0,0.0,198.7,23819.0,45062.0,18.1,14.7,97.0,29.619999999999997,2.17,336.0,0.0,0.0,
2026-04-24T07:06:01,04/24/202607:06,128.93,0.0,0.0,51.2,0.0,0.0,0.0,0.0,0.0,198.7,23819.0,45062.0,18.1,14.7,97.0,29.619999999999997,2.17,336.0,0.0,0.0,
2026-04-24T07:07:50,04/24/202607:07,129.29000000000002,0.0,0.0,51.2,0.0,0.0,0.0,0.0,0.0,198.7,23819.0,45062.0,18.1,14.7,97.0,29.619999999999997,2.17,336.0,0.0,0.0,
2026-04-24T07:08:01,04/24/202607:08,129.55,0.0,0.0,51.2,0.0,0.0,0.0,0.0,0.0,198.7,23819.0,45062.0,18.1,14.7,97.0,29.619999999999997,2.17,336.0,0.0,0.0,
2026-04-24T07:08:49,04/24/202607:08,129.87,0.0,0.0,51.2,0.0,0.0,0.0,0.0,0.0,198.7,23819.0,45062.0,18.1,14.7,97.0,29.619999999999997,2.17,336.0,0.0,0.0,
2026-04-24T07:09:00,04/24/202607:09,130.14000000000001,0.0,0.0,51.2,0.0,0.0,0.0,0.0,0.0,198.7,23819.0,45062.0,18.1,14.7,97.0,29.619999999999997,2.17,336.0,0.0,0.0,
2026-04-24T07:09:06,04/24/202607:09,130.45,0.0,0.0,51.2,0.0,0.0,0.0,0.0,0.0,198.7,23819.0,45062.0,18.1,14.7,97.0,29.619999999999997,2.17,336.0,0.0,0.0,
2026-04-24T07:10:01,04/24/202607:10,130.76,0.0,0.0,51.2,0.0,0.0,0.0,0.0,0.0,198.7,23819.0,45062.0,18.1,14.7,97.0,29.619999999999997,2.17,336.0,0.0,0.0,
2026-04-24T07:10:06,04/24/202607:10,131.07999999999998,0.0,0.0,51.2,0.0,0.0,0.0,0.0,0.0,198.7,23819.0,45062.0,18.1,14.7,97.0,29.619999999999997,2.17,336.0,0.0,0.0,
2026-04-24T07:11:00,04/24/202607:11,131.4,0.0,0.0,51.2,0.0,0.0,0.0,0.0,0.0,198.7,23819.0,45062.0,18.1,14.7,97.0,29.619999999999997,2.17,336.0,0.0,0.0,
2026-04-24T07:11:05,04/24/202607:11,131.76,0.0,0.0,51.2,0.0,0.0,0.0,0.0,0.0,198.7,23819.0,45062.0,18.1,14.7,97.0,29.619999999999997,2.17,336.0,0.0,0.0,
2026-04-24T07:11:52,04/24/202607:11,131.35999999999999,0.0,0.0,51.2,0.0,0.0,0.0,0.0,0.0,198.7,23819.0,45062.0,18.1,14.7,97.0,29.619999999999997,2.17,336.0,0.0,0.0,
2026-04-24T07:12:01,04/24/202607:12,130.85,0.0,0.0,51.2,0.0,0.0,0.0,0.0,0.0,198.7,23819.0,45062.0,18.1,14.7,97.0,29.619999999999997,2.17,336.0,0.0,0.0,
2026-04-24T07:12:46,04/24/202607:12,131.0,0.0,0.0,51.2,0.0,0.0,0.0,0.0,0.0,198.7,23819.0,45062.0,18.1,14.7,97.0,29.619999999999997,2.17,336.0,0.0,0.0,
2026-04-24T07:13:00,04/24/202607:13,131.09,0.0,0.0,51.2,0.0,0.0,0.0,0.0,0.0,198.7,23819.0,45062.0,18.1,14.7,97.0,29.619999999999997,2.17,336.0,0.0,0.0,
2026-04-24T07:13:46,04/24/202607:13,131.48,0.0,0.0,51.21,0.0,0.0,0.0,0.0,0.0,198.7,23819.0,45062.0,18.1,14.7,97.0,29.619999999999997,2.17,336.0,0.0,0.0,
2026-04-24T07:14:00,04/24/202607:14,131.85,0.0,0.0,51.220000000000006,0.0,0.0,0.0,0.0,0.0,198.7,23819.0,45062.0,18.1,14.7,97.0,29.619999999999997,2.17,336.0,0.0,0.0,
2026-04-24T07:14:46,04/24/202607:14,132.17000000000002,0.0,0.0,51.23,0.0,0.0,0.0,0.0,0.0,198.7,23819.0,45062.0,18.1,14.7,97.0,29.619999999999997,2.17,336.0,0.0,0.0,
2026-04-24T07:15:00,04/24/202607:15,132.4,0.0,0.0,51.239999999999995,0.0,0.0,0.0,0.0,0.0,198.7,23819.0,45062.0,18.1,14.7,97.0,29.619999999999997,2.17,336.0,0.0,0.0,
2026-04-24T07:15:46,04/24/202607:15,132.7,0.0,0.0,51.25,0.0,0.0,0.0,0.0,0.0,198.7,23819.0,45062.0,18.1,14.729999999999999,97.0,29.619999999999997,2.251,333.6,2.0,0.0,
2026-04-24T07:16:00,04/24/202607:16,132.92000000000002,0.0,0.0,51.260000000000005,0.0,0.0,0.0,0.0,0.0,198.7,23819.0,45062.0,18.1,14.76,97.0,29.619999999999997,2.332,331.2,4.0,0.0,
2026-04-24T07:16:46,04/24/202607:16,134.04000000000002,0.0,0.0,51.27,0.0,0.0,0.0,0.0,0.0,198.7,23819.0,45062.0,18.1,14.790000000000001,97.0,29.619999999999997,2.413,328.8,6.0,0.0,
2026-04-24T07:17:00,04/24/202607:17,135.16,0.0,0.0,51.279999999999994,0.0,0.0,0.0,0.0,0.0,198.7,23819.0,45062.0,18.1,14.819999999999999,97.0,29.619999999999997,2.4939999999999998,326.4,8.0,0.0,
2026-04-24T07:18:56,04/24/202607:18,135.65,0.0,0.0,51.3,0.0,0.0,0.0,0.0,0.0,198.7,23819.0,45062.0,18.1,14.85,97.0,29.619999999999997,2.575,324.0,10.0,0.0,
2026-04-24T07:19:01,04/24/202607:19,136.14000000000001,0.0,0.0,51.31999999999999,0.0,0.0,0.0,0.0,0.0,198.7,23819.0,45062.0,18.1,14.88,97.0,29.619999999999997,2.6559999999999997,321.6,12.0,0.0,
2026-04-24T07:20:00,04/24/202607:20,136.32999999999998,0.0,0.0,51.33,0.0,0.0,0.0,0.0,0.0,198.7,23819.0,45062.0,18.1,14.91,97.0,29.619999999999997,2.737,319.2,14.0,0.0,
2026-04-24T07:21:01,04/24/202607:21,136.52,0.0,0.0,51.339999999999996,0.0,0.0,0.0,0.0,0.0,198.7,23819.0,45062.0,18.1,14.940000000000001,97.0,29.619999999999997,2.818,316.8,16.0,0.0,
2026-04-24T07:21:46,04/24/202607:21,136.78,0.0,0.0,51.36,0.0,0.0,0.0,0.0,0.0,198.7,23819.0,45062.0,18.1,14.969999999999999,97.0,29.619999999999997,2.899,314.4,18.0,0.0,
2026-04-24T07:22:00,04/24/202607:22,137.04000000000002,0.0,0.0,51.379999999999995,0.0,0.0,0.0,0.0,0.0,198.7,23819.0,45062.0,18.1,15.0,97.0,29.619999999999997,2.98,312.0,20.0,0.0,
2026-04-24T07:22:45,04/24/202607:22,137.20999999999998,0.0,0.0,51.4,0.0,0.0,0.0,0.0,0.0,198.7,23819.0,45062.0,18.1,15.0,97.0,29.619999999999997,2.98,312.0,20.0,0.0,
2026-04-24T07:23:01,04/24/202607:23,137.38,0.0,0.0,51.42,0.0,0.0,0.0,0.0,0.0,198.7,23819.0,45062.0,18.1,15.0,97.0,29.619999999999997,2.98,312.0,20.0,0.0,
2026-04-24T07:23:46,04/24/202607:23,129.82,0.03,3.8945999999999996,51.42999999999999,0.04,2.0572,2.0,0.0,0.0,198.7,23819.0,45062.0,18.1,15.0,97.0,29.619999999999997,2.98,312.0,20.0,0.0,0.5282185590304525
2026-04-24T07:24:00,04/24/202607:24,122.25999999999999,0.06,7.3355999999999995,51.45,0.08,4.1160000000000005,4.0,0.0,0.0,198.7,23819.0,45062.0,18.1,15.0,97.0,29.619999999999997,2.98,312.0,20.0,0.0,0.5610992965810568
2026-04-24T07:24:48,04/24/202607:24,114.69000000000001,0.09,10.3221,51.470000000000006,0.13,6.691100000000001,6.5,0.0,0.0,198.7,23819.0,45062.0,18.1,15.0,97.0,29.619999999999997,2.98,312.0,20.0,0.0,0.6482304957324576
2026-04-24T07:25:00,04/24/202607:25,107.12,0.12,12.8544,51.489999999999995,0.18,9.268199999999998,9.0,0.0,0.0,198.7,23819.0,45062.0,18.1,15.0,97.0,29.619999999999997,2.98,312.0,20.0,0.0,0.7210138162808064
2026-04-24T07:25:47,04/24/202607:25,99.56,0.15,14.934,51.510000000000005,0.22999999999999998,11.8473,11.5,0.0,0.0,198.7,23819.0,45062.0,18.1,15.0,97.0,29.619999999999997,2.98,312.0,20.0,0.0,0.7933105664925674
2026-04-24T07:26:00,04/24/202607:26,92.0,0.18,16.56,51.529999999999994,0.27999999999999997,14.428399999999996,14.0,0.0,0.0,198.7,23819.0,45062.0,18.1,15.0,97.0,29.619999999999997,2.98,312.0,20.0,0.0,0.8712801932367148
2026-04-24T07:26:47,04/24/202607:26,84.42999999999999,0.21000000000000002,17.7303,51.55,0.32999999999999996,17.011499999999998,16.5,0.0,0.0,198.7,23819.0,45062.0,18.1,15.0,97.0,29.619999999999997,2.98,312.0,20.0,0.0,0.9594592308082772
2026-04-24T07:27:48,04/24/202607:27,76.86,0.24,18.4464,51.57000000000001,0.38,19.596600000000002,19.0,0.0,0.0,198.7,23819.0,45062.0,18.1,15.0,97.0,29.619999999999997,2.98,312.0,20.0,0.0,1.0623536299765808
2026-04-24T07:27:49,04/24/202607:27,72.03,0.3,21.608999999999998,51.6,0.43,22.188,21.5,0.0,0.0,198.7,23819.0,45062.0,18.1,15.0,97.0,29.619999999999997,2.98,312.0,20.0,0.0,1.0267943912258781
2026-04-24T07:28:00,04/24/202607:28,67.2,0.36,24.192,51.629999999999995,0.48,24.782399999999996,24.0,0.0,0.0,198.7,23819.0,45062.0,18.1,15.0,97.0,29.619999999999997,2.98,312.0,20.0,0.0,1.0244047619047618
2026-04-24T07:28:49,04/24/202607:28,69.97999999999999,0.39,27.292199999999998,51.69,0.49000000000000005,25.328100000000003,24.5,0.0,0.0,198.7,23819.0,45062.0,18.1,15.0,97.0,29.619999999999997,2.98,312.0,20.0,0.0,0.9280343834502167
2026-04-24T07:30:06,04/24/202607:30,72.76,0.41,29.8316,51.73,0.49000000000000005,25.3477,24.5,0.0,0.0,198.7,23819.0,45062.0,18.1,15.0,97.0,29.619999999999997,2.98,312.0,20.0,0.0,0.8496929430536746
2026-04-24T07:30:49,04/24/202607:30,74.74,0.42000000000000004,31.390800000000002,51.760000000000005,0.48,24.844800000000003,24.0,0.0,0.0,198.7,23819.0,45062.0,18.1,15.01,96.9,29.619999999999997,2.9989999999999997,312.9,24.9,0.01,0.7914675637447915
2026-04-24T07:31:00,04/24/202607:31,76.72,0.43,32.989599999999996,51.79,0.47000000000000003,24.3413,23.5,0.0,0.0,198.7,23819.0,45062.0,18.1,15.02,96.8,29.619999999999997,3.018,313.8,29.8,0.02,0.7378476853311348
2026-04-24T07:31:48,04/24/202607:31,78.7,0.44000000000000006,34.62800000000001,51.839999999999996,0.48,24.8832,24.1,0.0,0.0,198.7,23819.0,45062.0,18.1,15.030000000000001,96.7,29.619999999999997,3.037,314.7,34.7,0.030000000000000006,0.7185861152824302
2026-04-24T07:32:00,04/24/202607:32,80.67999999999999,0.45,36.306,51.89,0.49000000000000005,25.4261,24.7,0.0,0.0,198.7,23819.0,45062.0,18.1,15.040000000000001,96.6,29.619999999999997,3.056,315.6,39.6,0.04,0.7003277695146809
2026-04-24T07:33:21,04/24/202607:33,84.24,0.45999999999999996,38.75039999999999,51.92999999999999,0.47000000000000003,24.4071,23.7,0.0,0.0,198.7,23819.0,45062.0,18.0,15.05,96.5,29.619999999999997,3.075,316.5,44.5,0.05,0.6298541434411001
2026-04-24T07:34:01,04/24/202607:34,87.8,0.47000000000000003,41.266,51.970000000000006,0.45,23.3865,22.7,0.0,0.0,198.7,23819.0,45062.0,18.0,15.059999999999999,96.4,29.619999999999997,3.094,317.4,49.4,0.06000000000000001,0.5667256336935977
2026-04-24T07:34:22,04/24/202607:34,88.63,0.45,39.8835,52.0,0.42000000000000004,21.840000000000003,21.2,0.0,0.0,198.7,23819.0,45062.0,18.0,14.930000000000001,96.3,29.619999999999997,3.113,318.3,54.3,0.07,0.5475948700590471
2026-04-24T07:35:00,04/24/202607:35,89.46000000000001,0.43,38.467800000000004,52.029999999999994,0.39,20.2917,19.7,0.0,0.0,198.7,23819.0,45062.0,18.0,14.8,96.2,29.619999999999997,3.132,319.2,59.2,0.08,0.5274983232729711
2026-04-24T07:35:21,04/24/202607:35,86.24,0.4,34.496,52.04,0.37,19.2548,18.7,0.0,0.0,198.7,23819.0,45062.0,18.0,14.669999999999998,96.1,29.619999999999997,3.151,320.1,64.1,0.09,0.5581748608534323
2026-04-24T07:36:01,04/24/202607:36,83.02000000000001,0.38,31.547600000000003,52.06,0.36,18.741600000000002,18.2,0.0,0.0,198.7,23819.0,45062.0,18.0,14.540000000000001,96.0,29.619999999999997,3.17,321.0,69.0,0.1,0.594073717176584
2026-04-24T07:36:32,04/24/202607:36,88.67999999999999,0.34,30.1512,52.08,0.32,16.6656,16.2,0.0,0.0,198.7,23819.0,45062.0,18.0,14.4,96.0,29.619999999999997,3.114,322.9,69.0,0.1,0.552734219533551
2026-04-24T07:37:00,04/24/202607:37,94.34,0.3,28.302,52.1,0.27999999999999997,14.588,14.2,0.0,0.0,198.7,23819.0,45062.0,18.0,14.26,96.0,29.619999999999997,3.058,324.8,69.0,0.1,0.515440604904247
2026-04-24T07:37:31,04/24/202607:37,92.05,0.29,26.694499999999998,52.1,0.24,12.504,12.1,0.0,0.0,198.7,23819.0,45062.0,18.1,14.12,96.0,29.619999999999997,3.002,326.7,69.0,0.1,0.46841109591863495
2026-04-24T07:38:01,04/24/202607:38,89.76,0.27999999999999997,25.1328,52.1,0.2,10.420000000000002,10.0,0.0,0.0,198.7,23819.0,45062.0,18.1,13.979999999999999,96.0,29.619999999999997,2.946,328.6,69.0,0.1,0.41459765724471614
2026-04-24T07:38:32,04/24/202607:38,93.83,0.24,22.519199999999998,52.1,0.16999999999999998,8.857,8.5,0.0,0.0,198.7,23819.0,45062.0,18.0,13.84,96.0,29.619999999999997,3.151,331.5,69.0,0.1,0.3933088209172617
2026-04-24T07:39:00,04/24/202607:39,97.9,0.2,19.580000000000002,52.1,0.13999999999999999,7.294,7.0,0.0,0.0,198.7,23819.0,45062.0,18.0,13.7,96.0,29.619999999999997,3.3560000000000003,334.4,69.0,0.1,0.3725229826353421
2026-04-24T07:39:32,04/24/202607:39,94.03,0.19,17.8657,52.1,0.15,7.8149999999999995,7.5,0.0,0.0,198.7,23819.0,45062.0,18.1,13.7,96.0,29.619999999999997,3.561,337.3,69.0,0.1,0.4374303833602937
2026-04-24T07:40:01,04/24/202607:40,90.16,0.18,16.2288,52.1,0.16,8.336,8.0,0.0,0.0,198.7,23819.0,45062.0,18.1,13.7,96.0,29.619999999999997,3.7659999999999996,340.2,69.0,0.1,0.5136547372572218
2026-04-24T07:41:18,04/24/202607:41,91.55,0.16999999999999998,15.563499999999998,52.1,0.16,8.336,8.0,0.0,0.0,198.7,23819.0,45062.0,18.0,13.7,95.6,29.619999999999997,3.971,343.1,69.0,0.1,0.5356121694991487
2026-04-24T07:41:32,04/24/202607:41,91.77,0.16999999999999998,15.600899999999998,52.1,0.16999999999999998,8.857,8.5,0.0,0.0,198.7,23819.0,45062.0,18.0,13.7,95.2,29.619999999999997,4.176,346.0,69.0,0.1,0.5677236569685082
2026-04-24T07:42:00,04/24/202607:42,83.89,0.2,16.778000000000002,52.1,0.21000000000000002,10.941,10.5,0.0,0.0,198.7,23819.0,45062.0,18.0,13.7,94.8,29.619999999999997,4.436999999999999,347.0,69.0,0.1,0.652103945643104
2026-04-24T07:42:32,04/24/202607:42,76.28999999999999,0.22999999999999998,17.546699999999998,52.1,0.24,12.504,12.0,0.0,0.0,198.7,23819.0,45062.0,18.0,13.7,94.4,29.619999999999997,4.6979999999999995,348.0,69.0,0.1,0.7126126280155244
2026-04-24T07:43:00,04/24/202607:43,76.63,0.22999999999999998,17.624899999999997,52.1,0.25,13.025,12.5,0.0,0.0,198.7,23819.0,45062.0,18.0,13.7,94.0,29.619999999999997,4.959,349.0,69.0,0.1,0.7390112851704125
2026-04-24T07:44:00,04/24/202607:44,76.97,0.22999999999999998,17.7031,52.1,0.26,13.546000000000001,13.0,0.0,0.0,198.7,23819.0,45062.0,18.1,13.7,93.6,29.619999999999997,5.22,350.0,69.0,0.1,0.7651767204613882
2026-04-24T07:44:32,04/24/202607:44,69.5,0.27,18.765,52.1,0.29,15.109,14.5,0.0,0.0,198.7,23819.0,45062.0,18.0,13.7,93.2,29.619999999999997,5.22,350.0,69.0,0.1,0.8051691979749533
2026-04-24T07:45:00,04/24/202607:45,62.029999999999994,0.31,19.2293,52.1,0.32,16.672,16.0,0.0,0.0,198.7,23819.0,45062.0,18.0,13.7,92.8,29.619999999999997,5.22,350.0,69.0,0.1,0.8670102395823042
2026-04-24T07:45:32,04/24/202607:45,62.52,0.32,20.006400000000003,52.11,0.32999999999999996,17.196299999999997,16.5,0.0,0.0,198.7,23819.0,45062.0,18.0,13.7,92.4,29.619999999999997,5.22,350.0,69.0,0.1,0.8595399472168903
2026-04-24T07:46:00,04/24/202607:46,63.010000000000005,0.32999999999999996,20.7933,52.120000000000005,0.33999999999999997,17.7208,17.0,0.0,0.0,198.7,23819.0,45062.0,18.0,13.7,92.0,29.619999999999997,5.22,350.0,69.0,0.1,0.85223605680676
2026-04-24T07:46:32,04/24/202607:46,62.23,0.35,21.780499999999996,52.13000000000001,0.36,18.766800000000003,18.1,0.0,0.0,198.7,23819.0,45062.0,18.0,13.74,92.0,29.619999999999997,5.287999999999999,349.9,73.6,0.1,0.8616331121875075
2026-04-24T07:47:47,04/24/202607:47,62.620000000000005,0.36,22.543200000000002,52.14,0.37,19.2918,18.7,0.0,0.0,198.7,23819.0,45062.0,18.0,13.779999999999998,92.0,29.619999999999997,5.356,349.8,78.2,0.1,0.8557702544447991
2026-04-24T07:48:00,04/24/202607:48,63.010000000000005,0.37,23.3137,52.15,0.38,19.817,19.3,0.0,0.0,198.7,23819.0,45062.0,18.0,13.819999999999999,92.0,29.619999999999997,5.424,349.7,82.8,0.1,0.8500152270982297
2026-04-24T07:48:47,04/24/202607:48,63.129999999999995,0.38,23.9894,52.160000000000004,0.4,20.864000000000004,20.4,0.0,0.0,198.7,23819.0,45062.0,18.0,13.86,92.0,29.619999999999997,5.492,349.6,87.4,0.1,0.8697174585441906
2026-04-24T07:49:01,04/24/202607:49,63.25,0.39,24.6675,52.17,0.42000000000000004,21.911400000000004,21.5,0.0,0.0,198.7,23819.0,45062.0,18.0,13.9,92.0,29.619999999999997,5.5600000000000005,349.5,92.0,0.1,0.8882699908786866
2026-04-24T07:49:47,04/24/202607:49,66.61,0.4,26.644000000000002,52.19,0.43,22.441699999999997,22.0,0.0,0.0,198.7,23819.0,45062.0,18.0,13.940000000000001,92.0,29.619999999999997,5.628,349.4,96.6,0.1,0.8422796877345742
2026-04-24T07:50:00,04/24/202607:50,69.83,0.4,27.932000000000002,52.21,0.44000000000000006,22.972400000000004,22.5,0.0,0.0,198.7,23819.0,45062.0,18.0,13.979999999999999,92.0,29.619999999999997,5.696,349.3,101.2,0.1,0.822440211943291
2026-04-24T07:50:47,04/24/202607:50,73.01,0.4,29.204000000000004,52.239999999999995,0.45,23.508,23.0,0.0,0.0,198.7,23819.0,45062.0,18.0,14.02,92.0,29.619999999999997,5.764,349.2,105.8,0.1,0.8049582249006983
2026-04-24T07:51:00,04/24/202607:51,76.17999999999999,0.4,30.471999999999998,52.260000000000005,0.45,23.517000000000003,23.0,0.0,0.0,198.7,23819.0,45062.0,18.0,14.059999999999999,92.0,29.619999999999997,5.832,349.1,110.4,0.1,0.7717576791808876
2026-04-24T07:52:30,04/24/202607:52,76.14,0.41000000000000003,31.2174,52.279999999999994,0.47000000000000003,24.5716,24.1,0.0,0.0,198.7,23819.0,45062.0,18.0,14.1,92.0,29.619999999999997,5.9,349.0,115.0,0.1,0.7871123155676001
2026-04-24T07:52:48,04/24/202607:52,76.15,0.43,32.7445,52.31,0.49000000000000005,25.631900000000005,25.1,0.0,0.0,198.7,23819.0,45062.0,18.0,14.1,92.0,29.619999999999997,5.9,349.0,115.0,0.1,0.7827848951732354
2026-04-24T07:53:00,04/24/202607:53,76.16,0.45,34.272,52.339999999999996,0.51,26.693399999999997,26.1,0.0,0.0,198.7,23819.0,45062.0,18.0,14.1,92.0,29.619999999999997,5.9,349.0,115.0,0.1,0.7788690476190475
2026-04-24T07:53:47,04/24/202607:53,76.14,0.48,36.5472,52.39,0.54,28.2906,27.7,0.0,0.0,198.7,23819.0,45062.0,18.0,14.1,92.0,29.619999999999997,5.9,349.0,115.0,0.1,0.7740839243498819
2026-04-24T07:54:00,04/24/202607:54,76.11,0.51,38.8161,52.44,0.5700000000000001,29.890800000000002,29.3,0.0,0.0,198.7,23819.0,45062.0,18.0,14.1,92.0,29.619999999999997,5.9,349.0,115.0,0.1,0.7700619073013518
2026-04-24T07:54:48,04/24/202607:54,79.88,0.54,43.1352,52.5,0.62,32.55,31.9,0.0,0.0,198.7,23819.0,45062.0,18.0,14.1,92.0,29.619999999999997,5.9,349.0,115.0,0.1,0.7546041284148445
2026-04-24T07:55:00,04/24/202607:55,80.41,0.5700000000000001,45.8337,52.55,0.6799999999999999,35.733999999999995,35.1,0.0,0.0,198.7,23819.0,45062.0,18.0,14.1,92.0,29.619999999999997,5.9,349.0,115.0,0.1,0.7796446719335335
2026-04-24T07:55:28,04/24/202607:55,81.17,0.6,48.702,52.629999999999995,0.74,38.9462,38.4,0.0,0.0,198.7,23819.0,45062.0,18.0,14.1,92.0,29.619999999999997,5.9,349.0,115.0,0.1,0.799683791220073
2026-04-24T07:56:00,04/24/202607:56,81.97,0.63,51.6411,52.7,0.8,42.160000000000004,41.7,0.0,0.0,198.7,23819.0,45062.0,18.0,14.1,92.0,29.619999999999997,5.9,349.0,115.0,0.1,0.816403988296144
2026-04-24T07:56:28,04/24/202607:56,82.74,0.6599999999999999,54.60839999999999,52.779999999999994,0.86,45.39079999999999,45.0,0.0,0.0,198.7,23819.0,45062.0,18.0,14.1,92.0,29.619999999999997,5.9,349.0,115.0,0.1,0.8312054555709378
2026-04-24T07:57:00,04/24/202607:57,86.72,0.6799999999999999,58.96959999999999,52.86,0.9,47.574,47.2,0.0,0.0,198.7,23819.0,45062.0,18.0,14.1,92.0,29.619999999999997,5.9,349.0,115.0,0.1,0.8067546668113741
2026-04-24T07:57:28,04/24/202607:57,90.72,0.69,62.596799999999995,52.94,0.93,49.2342,48.9,0.0,0.0,198.7,23819.0,45062.0,18.0,14.1,92.0,29.619999999999997,5.9,349.0,115.0,0.1,0.7865290238478645
2026-04-24T07:58:01,04/24/202607:58,94.72,0.7,66.304,53.02,0.96,50.8992,50.6,0.0,0.0,198.7,23819.0,45062.0,18.0,14.1,92.0,29.619999999999997,5.9,349.0,115.0,0.1,0.7676640926640926
2026-04-24T07:58:29,04/24/202607:58,98.72,0.7,69.104,53.1,0.9800000000000001,52.038000000000004,51.7,0.0,0.0,198.7,23819.0,45062.0,18.0,14.1,92.0,29.619999999999997,5.9,349.0,115.0,0.1,0.7530388978930309
2026-04-24T07:59:00,04/24/202607:59,102.72,0.7,71.904,53.17999999999999,1.0,53.17999999999999,52.8,0.0,0.0,198.7,23819.0,45062.0,18.0,14.1,92.0,29.619999999999997,5.9,349.0,115.0,0.1,0.739597240765465
2026-04-24T07:59:28,04/24/202607:59,104.34,0.72,75.1248,53.27,1.04,55.400800000000004,55.1,0.0,0.0,198.7,23819.0,45062.0,18.0,14.1,92.0,29.619999999999997,5.9,349.0,115.0,0.1,0.7374502161736205
2026-04-24T08:00:00,04/24/202608:00,105.96,0.74,78.4104,53.36,1.08,57.628800000000005,57.4,0.0,0.0,198.7,23819.0,45062.0,18.0,14.1,92.0,29.619999999999997,5.9,349.0,115.0,0.1,0.7349637293012152
2026-04-24T08:00:29,04/24/202608:00,107.85999999999999,0.74,79.81639999999999,53.42999999999999,1.09,58.238699999999994,58.0,0.0,0.0,198.7,23819.0,45062.0,18.0,14.1,92.0,29.619999999999997,5.9,349.0,115.0,0.1,0.729658315834841
2026-04-24T08:01:00,04/24/202608:01,109.75999999999999,0.74,81.2224,53.5,1.1,58.85,58.6,0.0,0.0,198.7,23819.0,45062.0,18.0,14.1,92.0,29.619999999999997,5.9,349.0,115.0,0.1,0.7245538176660626
2026-04-24T08:01:28,04/24/202608:01,111.17,0.7699999999999999,85.6009,53.58,1.1400000000000001,61.0812,60.8,0.0,0.0,198.7,23819.0,45062.0,18.0,14.12,92.0,29.619999999999997,6.031000000000001,349.4,119.7,0.1,0.7135579181994582
2026-04-24T08:02:01,04/24/202608:02,112.58,0.8,90.06400000000001,53.660000000000004,1.1800000000000002,63.31880000000001,63.0,0.0,0.0,198.7,23819.0,45062.0,18.0,14.14,92.0,29.619999999999997,6.162000000000001,349.8,124.4,0.1,0.7030422810445905
2026-04-24T08:03:41,04/24/202608:03,114.47,0.8099999999999999,92.7207,53.75,1.21,65.0375,64.7,0.0,0.0,198.7,23819.0,45062.0,18.0,14.16,92.0,29.619999999999997,6.293,350.2,129.1,0.1,0.7014345232510109
2026-04-24T08:04:01,04/24/202608:04,116.35999999999999,0.82,95.41519999999998,53.839999999999996,1.24,66.7616,66.4,0.0,0.0,198.7,23819.0,45062.0,18.0,14.180000000000001,92.0,29.619999999999997,6.424000000000001,350.6,133.8,0.1,0.6996956459767418
2026-04-24T08:04:28,04/24/202608:04,116.30999999999999,0.8,93.048,53.910000000000004,1.23,66.30930000000001,65.9,0.0,0.0,198.7,23819.0,45062.0,18.0,14.2,92.0,29.619999999999997,6.555,351.0,138.5,0.1,0.7126354139798814
2026-04-24T08:05:00,04/24/202608:05,116.25999999999999,0.78,90.6828,53.98,1.22,65.8556,65.4,0.0,0.0,198.7,23819.0,45062.0,18.0,14.219999999999999,92.0,29.619999999999997,6.686,351.4,143.2,0.1,0.7262193050942405
2026-04-24T08:05:29,04/24/202608:05,114.79,0.73,83.7967,54.02,1.1400000000000001,61.58280000000001,61.1,0.0,0.0,198.7,23819.0,45062.0,18.0,14.24,92.0,29.619999999999997,6.817,351.8,147.9,0.1,0.7349072218834395
2026-04-24T08:06:00,04/24/202608:06,113.32000000000001,0.6799999999999999,77.0576,54.06,1.06,57.3036,56.8,0.0,0.0,198.7,23819.0,45062.0,18.0,14.26,92.0,29.619999999999997,6.948,352.2,152.6,0.1,0.7436463113307449
2026-04-24T08:06:28,04/24/202608:06,111.41,0.65,72.4165,54.08,1.02,55.1616,54.6,0.0,0.0,198.7,23819.0,45062.0,18.0,14.280000000000001,92.0,29.619999999999997,7.079000000000001,352.6,157.3,0.1,0.7617269544924155
2026-04-24T08:07:50,04/24/202608:07,109.74000000000001,0.64,70.23360000000001,54.11,0.99,53.5689,53.0,0.0,0.0,198.7,23819.0,45062.0,18.0,14.3,92.0,29.619999999999997,7.209999999999999,353.0,162.0,0.1,0.7627246787862219
2026-04-24T08:08:00,04/24/202608:08,108.59,0.6,65.154,54.120000000000005,0.93,50.33160000000001,49.8,0.0,0.0,198.7,23819.0,45062.0,18.0,14.3,92.0,29.619999999999997,7.209999999999999,353.0,162.0,0.1,0.7725020720139978
2026-04-24T08:08:11,04/24/202608:08,107.45,0.5599999999999999,60.172,54.120000000000005,0.8800000000000001,47.62560000000001,47.1,0.0,0.0,198.7,23819.0,45062.0,18.0,14.3,92.0,29.619999999999997,7.209999999999999,353.0,162.0,0.1,0.7914910589643026
2026-04-24T08:09:00,04/24/202608:09,105.8,0.54,57.132000000000005,54.1,0.8400000000000001,45.444,44.9,0.0,0.0,198.7,23819.0,45062.0,18.0,14.3,92.0,29.619999999999997,7.209999999999999,353.0,162.0,0.1,0.7954211300147027
2026-04-24T08:09:11,04/24/202608:09,104.21,0.53,55.2313,54.08,0.82,44.3456,43.8,0.0,0.0,198.7,23819.0,45062.0,18.0,14.3,92.0,29.619999999999997,7.209999999999999,353.0,162.0,0.1,0.8029070472721084
2026-04-24T08:10:00,04/24/202608:10,104.59,0.55,57.5245,54.06,0.8400000000000001,45.4104,44.9,0.0,0.0,198.7,23819.0,45062.0,18.0,14.3,92.0,29.619999999999997,7.209999999999999,353.0,162.0,0.1,0.7894097297673165
2026-04-24T08:10:10,04/24/202608:10,104.94000000000001,0.58,60.8652,54.05,0.89,48.1045,47.6,0.0,0.0,198.7,23819.0,45062.0,18.0,14.3,92.0,29.619999999999997,7.209999999999999,353.0,162.0,0.1,0.7903448933052056
2026-04-24T08:11:01,04/24/202608:11,105.29,0.62,65.27980000000001,54.05,0.97,52.42849999999999,51.9,0.0,0.0,198.7,23819.0,45062.0,18.0,14.3,92.0,29.619999999999997,7.209999999999999,353.0,162.0,0.1,0.8031351198992642
2026-04-24T08:11:11,04/24/202608:11,107.45,0.6799999999999999,73.06599999999999,54.06,1.09,58.9254,58.4,0.0,0.0,198.7,23819.0,45062.0,18.0,14.3,92.0,29.619999999999997,7.209999999999999,353.0,162.0,0.1,0.8064681247091672
2026-04-24T08:12:00,04/24/202608:12,109.54,0.74,81.0596,54.08,1.2,64.896,64.4,0.0,0.0,198.7,23819.0,45062.0,18.0,14.3,92.0,29.619999999999997,7.209999999999999,353.0,162.0,0.1,0.8005961045946439
2026-04-24T08:12:10,04/24/202608:12,111.67,0.77,85.9859,54.08,1.26,68.1408,67.6,0.0,0.0,198.7,23819.0,45062.0,18.0,14.3,92.0,29.619999999999997,7.209999999999999,353.0,162.0,0.1,0.7924648110911208
2026-04-24T08:13:00,04/24/202608:13,113.8,0.8,91.04,54.08,1.3199999999999998,71.38559999999998,70.8,0.0,0.0,198.7,23819.0,45062.0,18.0,14.3,92.0,29.619999999999997,7.209999999999999,353.0,162.0,0.1,0.7841124780316342
2026-04-24T08:13:11,04/24/202608:13,115.13,0.8300000000000001,95.5579,54.089999999999996,1.3900000000000001,75.1851,74.6,0.0,0.0,198.7,23819.0,45062.0,18.0,14.3,92.0,29.619999999999997,7.209999999999999,353.0,162.0,0.1,0.7868015098699322
2026-04-24T08:14:53,04/24/202608:14,116.82000000000001,0.86,100.46520000000001,54.1,1.46,78.986,78.4,0.0,0.0,198.7,23819.0,45062.0,18.0,14.3,92.0,29.619999999999997,7.209999999999999,353.0,162.0,0.1,0.7862025855719194
2026-04-24T08:15:01,04/24/202608:15,118.45,0.8800000000000001,104.23600000000002,54.11,1.51,81.7061,81.1,0.0,0.0,198.7,23819.0,45062.0,18.0,14.3,92.0,29.619999999999997,7.209999999999999,353.0,162.0,0.1,0.7838568248973482
2026-04-24T08:15:11,04/24/202608:15,120.22,0.9099999999999999,109.40019999999998,54.13000000000001,1.58,85.52540000000002,84.9,0.0,0.0,198.7,23819.0,45062.0,18.0,14.3,92.0,29.619999999999997,7.209999999999999,353.0,162.0,0.1,0.7817663953082356
2026-04-24T08:16:00,04/24/202608:16,122.02000000000001,0.93,113.47860000000001,54.14,1.6199999999999999,87.7068,87.1,0.0,0.0,198.7,23819.0,45062.0,18.0,14.3,92.0,29.619999999999997,7.209999999999999,353.0,162.0,0.1,0.7728928626190311
2026-04-24T08:16:10,04/24/202608:16,123.2,0.9800000000000001,120.73600000000002,54.14,1.7,92.038,91.5,0.0,0.0,198.7,23819.0,45062.0,18.0,14.320000000000002,92.0,29.623,7.297,318.0,159.7,0.12,0.7623078452160084
2026-04-24T08:17:01,04/24/202608:17,122.57000000000001,1.01,123.79570000000001,54.13000000000001,1.7400000000000002,94.18620000000003,93.7,0.0,0.0,198.7,23819.0,45062.0,18.0,14.34,92.0,29.625999999999998,7.384,283.0,157.4,0.13999999999999999,0.7608196407468112
2026-04-24T08:17:11,04/24/202608:17,121.95,1.01,123.1695,54.120000000000005,1.75,94.71000000000001,94.2,0.0,0.0,198.7,23819.0,45062.0,18.0,14.36,92.0,29.629,7.470999999999999,248.0,155.1,0.16,0.7689403626709536
2026-04-24T08:18:00,04/24/202608:18,121.05,1.02,123.471,54.120000000000005,1.8,97.41600000000001,96.9,0.0,0.0,198.7,23819.0,45062.0,18.0,14.38,92.0,29.631999999999998,7.558,213.0,152.8,0.18,0.788978788541439
2026-04-24T08:18:10,04/24/202608:18,119.77000000000001,1.01,120.96770000000001,54.120000000000005,1.8,97.41600000000001,96.4,0.0,0.0,198.7,23819.0,45062.0,17.9,14.4,92.0,29.635,7.6450000000000005,178.0,150.5,0.2,0.8053058791727048
2026-04-24T08:19:00,04/24/202608:19,119.28,1.0,119.28,54.120000000000005,1.78,96.3336,94.8,0.0,0.0,198.7,23819.0,45062.0,17.9,14.419999999999998,92.0,29.637999999999998,7.731999999999999,143.0,148.2,0.22000000000000003,0.807625754527163
2026-04-24T08:19:10,04/24/202608:19,118.09,1.0,118.09,54.120000000000005,1.75,94.71000000000001,93.2,0.0,0.0,198.7,23819.0,45062.0,17.9,14.440000000000001,92.0,29.641,7.819,108.0,145.9,0.24,0.8020154119739182
2026-04-24T08:19:55,04/24/202608:19,117.80999999999999,0.9800000000000001,115.4538,54.120000000000005,1.7100000000000002,92.54520000000002,91.0,0.0,0.0,198.7,23819.0,45062.0,18.0,14.459999999999999,92.0,29.644,7.906000000000001,73.0,143.6,0.26,0.8015777739667297
2026-04-24T08:20:00,04/24/202608:20,117.39000000000001,0.95,111.52050000000001,54.11,1.65,89.2815,87.7,0.0,0.0,198.7,23819.0,45062.0,18.0,14.48,92.0,29.647,7.993,38.0,141.3,0.27999999999999997,0.8005837491761603
2026-04-24T08:20:56,04/24/202608:20,116.17,0.93,108.03810000000001,54.1,1.61,87.10100000000001,85.5,0.0,0.0,198.7,23819.0,45062.0,18.0,14.5,92.0,29.65,8.08,3.0,139.0,0.3,0.8062063290635434
2026-04-24T08:21:00,04/24/202608:21,115.57000000000001,0.8800000000000001,101.70160000000001,54.1,1.5299999999999998,82.773,81.1,0.0,0.0,198.7,23819.0,45062.0,18.0,14.5,92.0,29.65,8.08,3.0,139.0,0.3,0.8138810008888747
2026-04-24T08:21:09,04/24/202608:21,114.97,0.8300000000000001,95.4251,54.1,1.46,78.986,77.3,0.0,0.0,198.7,23819.0,45062.0,18.0,14.5,92.0,29.65,8.08,3.0,146.2,0.3,0.8277277152447312
2026-04-24T08:22:00,04/24/202608:22,114.35999999999999,0.8099999999999999,92.63159999999998,54.1,1.42,76.822,75.2,0.0,0.0,198.7,23819.0,45062.0,18.0,14.5,92.0,29.65,8.08,3.0,153.4,0.3,0.8293282206072228
2026-04-24T08:22:09,04/24/202608:22,113.74000000000001,0.79,89.8546,54.1,1.3699999999999999,74.11699999999999,72.5,0.0,0.0,198.7,23819.0,45062.0,17.9,14.5,92.0,29.65,8.08,3.0,160.6,0.3,0.8248548210108329
2026-04-24T08:23:20,04/24/202608:23,114.42,0.79,90.3918,54.1,1.38,74.658,73.6,0.0,0.0,198.7,23819.0,45062.0,17.9,14.5,92.0,29.65,8.08,3.0,167.8,0.3,0.8259377509906872
2026-04-24T08:24:01,04/24/202608:24,115.1,0.79,90.929,54.1,1.3900000000000001,75.19900000000001,74.7,0.0,0.0,198.7,23819.0,45062.0,17.9,14.5,92.0,29.65,8.08,3.0,175.0,0.3,0.8270078852731253
2026-04-24T08:24:21,04/24/202608:24,116.12,0.76,88.25120000000001,54.1,1.3599999999999999,73.576,73.6,0.0,0.0,198.7,23819.0,45062.0,17.9,14.5,92.0,29.65,8.08,3.0,182.2,0.3,0.8337110430226443
2026-04-24T08:26:04,04/24/202608:26,115.32000000000001,0.77,88.7964,54.1,1.38,74.658,74.7,0.0,0.0,198.7,23819.0,45062.0,17.9,14.5,92.0,29.65,8.08,3.3,189.4,0.3,0.8407773288106274
2026-04-24T08:26:23,04/24/202608:26,115.59,0.79,91.3161,54.1,1.42,76.822,76.9,0.0,0.0,198.7,23819.0,45062.0,18.0,14.5,92.0,29.65,8.08,3.6,196.6,0.3,0.8412755253454758
2026-04-24T08:27:00,04/24/202608:27,116.66,0.8,93.328,54.1,1.44,77.904,78.0,0.0,0.0,198.7,23819.0,45062.0,18.0,14.5,92.0,29.65,8.08,3.9,203.8,0.3,0.834733413337905
2026-04-24T08:27:22,04/24/202608:27,116.85999999999999,0.8200000000000001,95.8252,54.11,1.47,79.54169999999999,79.6,0.0,0.0,198.7,23819.0,45062.0,17.9,14.5,92.0,29.65,8.08,4.2,211.0,0.3,0.8300707955736069
2026-04-24T08:28:01,04/24/202608:28,117.05999999999999,0.8400000000000001,98.3304,54.120000000000005,1.49,80.6388,80.6,0.0,0.0,198.7,23819.0,45062.0,17.9,14.5,92.0,29.65,8.08,4.5,211.0,0.3,0.820080056625418
2026-04-24T08:28:23,04/24/202608:28,117.72999999999999,0.8700000000000001,102.4251,54.13000000000001,1.52,82.27760000000002,82.2,0.0,0.0,198.7,23819.0,45062.0,17.9,14.5,92.0,29.65,8.08,4.8,211.0,0.3,0.8032952860187593
2026-04-24T08:29:00,04/24/202608:29,118.41,0.9,106.569,54.14,1.56,84.4584,84.4,0.0,0.0,198.7,23819.0,45062.0,17.9,14.5,92.0,29.65,8.08,5.1,211.0,0.3,0.792523154012893
2026-04-24T08:29:23,04/24/202608:29,118.17,0.9200000000000002,108.71640000000002,54.14,1.58,85.5412,85.4,0.0,0.0,198.7,23819.0,45062.0,17.9,14.5,92.0,29.65,8.08,5.4,211.0,0.3,0.7868288501090911
2026-04-24T08:30:01,04/24/202608:30,117.92999999999999,0.9400000000000001,110.8542,54.14,1.6,86.62400000000001,86.4,0.0,0.0,198.7,23819.0,45062.0,17.9,14.5,92.0,29.65,8.08,5.7,211.0,0.3,0.7814228058115976
2026-04-24T08:30:23,04/24/202608:30,117.67999999999999,0.9800000000000001,115.3264,54.14,1.67,90.4138,89.6,0.0,1.0,198.7,23819.0,45062.0,18.0,14.51,91.9,29.65,8.285,6.2,213.8,0.32999999999999996,0.7839818116233576
2026-04-24T08:31:00,04/24/202608:31,118.34,1.0,118.34,54.14,1.7,92.038,91.2,0.0,1.0,198.7,23819.0,45062.0,18.0,14.52,91.8,29.65,8.49,6.4,216.6,0.36,0.7777420990366739
2026-04-24T08:31:22,04/24/202608:31,117.60999999999999,1.01,118.78609999999999,54.14,1.7100000000000002,92.5794,91.7,0.0,1.0,198.7,23819.0,45062.0,17.9,14.530000000000001,91.7,29.65,8.695,6.6,219.4,0.39,0.7793790687630962
2026-04-24T08:32:01,04/24/202608:32,116.88,1.02,119.2176,54.14,1.72,93.1208,92.2,0.0,1.0,198.7,23819.0,45062.0,17.9,14.540000000000001,91.6,29.65,8.9,6.8,222.2,0.42000000000000004,0.7810994349827542
2026-04-24T08:32:23,04/24/202608:32,116.96,1.03,120.4688,54.13000000000001,1.73,93.64490000000002,92.8,0.0,1.0,198.7,23819.0,45062.0,17.9,14.55,91.5,29.65,9.105,7.0,225.0,0.45,0.7773373686796915
2026-04-24T08:32:46,04/24/202608:32,118.2,1.03,121.74600000000001,54.120000000000005,1.7399999999999998,94.16879999999999,93.4,0.0,1.0,198.7,23819.0,45062.0,18.0,14.559999999999999,91.4,29.65,9.31,7.2,227.8,0.48,0.773485781873737
2026-04-24T08:33:00,04/24/202608:33,118.97,1.02,121.3494,54.11,1.7399999999999998,94.15139999999998,93.4,0.0,1.0,198.7,23819.0,45062.0,18.0,14.569999999999999,91.3,29.65,9.515,7.4,230.6,0.51,0.7758703380486428
2026-04-24T08:34:01,04/24/202608:34,119.74000000000001,1.01,120.93740000000001,54.1,1.7399999999999998,94.13399999999999,93.4,0.0,1.0,198.7,23819.0,45062.0,17.9,14.580000000000002,91.2,29.65,9.72,7.6,233.4,0.5399999999999999,0.7783696358611975
2026-04-24T08:34:13,04/24/202608:34,119.89000000000001,1.01,121.08890000000001,54.1,1.7399999999999998,94.13399999999999,93.4,0.0,1.0,198.7,23819.0,45062.0,17.9,14.59,91.1,29.65,9.925,7.8,236.2,0.5700000000000001,0.777395781116188
2026-04-24T08:35:00,04/24/202608:35,120.04,1.01,121.24040000000001,54.1,1.7399999999999998,94.13399999999999,93.4,0.0,1.0,198.7,23819.0,45062.0,17.9,14.6,91.0,29.65,10.13,8.0,239.0,0.6,0.776424360196766
2026-04-24T08:35:13,04/24/202608:35,119.50999999999999,1.03,123.0953,54.1,1.77,95.757,95.1,0.0,1.0,198.7,23819.0,45062.0,17.9,14.6,91.0,29.65,10.13,8.0,239.0,0.6,0.7779094733917543
2026-04-24T08:36:00,04/24/202608:36,118.97999999999999,1.05,124.92899999999999,54.1,1.8,97.38000000000001,96.8,0.0,1.0,198.7,23819.0,45062.0,17.9,14.6,91.0,29.65,10.13,8.0,239.0,0.6,0.7794827461998417
2026-04-24T08:37:16,04/24/202608:37,119.71,1.09,130.4839,54.1,1.89,102.249,101.7,0.0,1.0,198.7,23819.0,45062.0,17.9,14.6,91.0,29.65,10.13,8.0,239.0,0.6,0.7836139171192767
2026-04-24T08:38:00,04/24/202608:38,120.44000000000001,1.1300000000000001,136.09720000000002,54.1,1.98,107.118,106.6,0.0,1.0,198.7,23819.0,45062.0,17.9,14.6,91.0,29.65,10.13,8.0,239.0,0.6,0.7870698295042071
2026-04-24T08:38:14,04/24/202608:38,120.99000000000001,1.1800000000000002,142.76820000000004,54.11,2.1100000000000003,114.17210000000001,113.7,0.0,1.0,198.7,23819.0,45062.0,17.9,14.6,91.0,29.65,10.13,8.0,239.0,0.6,0.7997025948355445
2026-04-24T08:39:00,04/24/202608:39,120.38,1.24,149.2712,54.120000000000005,2.2399999999999998,121.22879999999999,120.8,0.0,1.0,198.7,23819.0,45062.0,17.9,14.6,91.0,29.65,10.13,8.0,239.0,0.6,0.8121379073793203
2026-04-24T08:39:14,04/24/202608:39,119.75999999999999,1.3,155.688,54.13000000000001,2.37,128.28810000000004,127.9,0.0,1.0,198.7,23819.0,45062.0,17.9,14.6,91.0,29.65,10.13,8.0,239.0,0.6,0.8240076306459075
2026-04-24T08:40:00,04/24/202608:40,119.14000000000001,1.3599999999999999,162.03040000000001,54.14,2.5,135.35,135.0,0.0,1.0,198.7,23819.0,45062.0,17.9,14.6,91.0,29.65,10.13,8.0,239.0,0.6,0.8353370725493486
2026-04-24T08:40:14,04/24/202608:40,119.59,1.41,168.62189999999998,54.160000000000004,2.6100000000000003,141.35760000000002,141.0,0.0,1.0,198.7,23819.0,45062.0,17.9,14.6,91.0,29.65,10.13,8.0,239.0,0.6,0.8383110378900963
2026-04-24T08:41:00,04/24/202608:41,120.04,1.46,175.2584,54.17999999999999,2.7199999999999998,147.36959999999996,147.0,0.0,1.0,198.7,23819.0,45062.0,17.9,14.6,91.0,29.65,10.13,8.0,239.0,0.6,0.8408703947999067
2026-04-24T08:41:14,04/24/202608:41,121.62,1.47,178.7814,54.2,2.8,151.76,151.3,0.0,1.0,198.7,23819.0,45062.0,17.9,14.6,91.0,29.65,10.13,8.0,239.0,0.6,0.8488578789516136
2026-04-24T08:42:00,04/24/202608:42,123.2,1.48,182.336,54.220000000000006,2.88,156.1536,155.6,0.0,1.0,198.7,23819.0,45062.0,17.9,14.6,91.0,29.65,10.13,8.0,239.0,0.6,0.8564057564057564
2026-04-24T08:42:13,04/24/202608:42,123.67,1.4700000000000002,181.7949,54.23,2.87,155.6401,155.1,0.0,1.0,198.7,23819.0,45062.0,17.9,14.6,91.0,29.65,10.13,8.0,239.0,0.6,0.8561301774692248
2026-04-24T08:43:01,04/24/202608:43,124.14000000000001,1.4600000000000002,181.24440000000004,54.239999999999995,2.8600000000000003,155.1264,154.6,0.0,1.0,198.7,23819.0,45062.0,17.9,14.6,91.0,29.65,10.13,8.0,239.0,0.6,0.8558962373458157
2026-04-24T08:43:14,04/24/202608:43,125.12,1.4100000000000001,176.41920000000002,54.239999999999995,2.7800000000000002,150.7872,150.2,0.0,1.0,198.7,23819.0,45062.0,17.9,14.6,91.0,29.65,10.13,8.0,239.0,0.6,0.8547096914621538
2026-04-24T08:44:00,04/24/202608:44,126.1,1.36,171.496,54.239999999999995,2.7,146.448,145.8,0.0,1.0,198.7,23819.0,45062.0,17.9,14.6,91.0,29.65,10.13,8.0,239.0,0.6,0.8539441153146429
2026-04-24T08:44:13,04/24/202608:44,126.88,1.35,171.288,54.239999999999995,2.65,143.736,143.0,0.0,1.0,198.7,23819.0,45062.0,17.9,14.6,91.0,29.65,10.13,8.0,239.0,0.6,0.8391481014431833
2026-04-24T08:45:01,04/24/202608:45,127.66,1.34,171.0644,54.239999999999995,2.6,141.024,140.2,0.0,1.0,198.7,23819.0,45062.0,17.9,14.6,91.0,29.65,10.13,8.0,239.0,0.6,0.8243912818798066
2026-04-24T08:45:14,04/24/202608:45,127.46,1.34,170.7964,54.23,2.6,140.998,140.3,0.0,1.0,198.7,23819.0,45062.0,18.0,14.6,91.0,29.65,10.13,8.0,239.0,0.6,0.8255326224674524
2026-04-24T08:46:00,04/24/202608:46,127.25999999999999,1.34,170.5284,54.220000000000006,2.6,140.972,140.4,0.0,1.0,198.7,23819.0,45062.0,18.0,14.6,91.0,29.65,10.13,8.0,239.0,0.6,0.8266775504842595
2026-04-24T08:46:13,04/24/202608:46,125.89000000000001,1.35,169.95150000000004,54.21,2.5599999999999996,138.77759999999998,138.3,0.0,1.0,198.7,23819.0,45062.0,17.9,14.59,90.9,29.653,10.242,7.9,237.7,0.63,0.8165717866567812
2026-04-24T08:47:01,04/24/202608:47,124.52000000000001,1.3599999999999999,169.3472,54.2,2.52,136.584,136.2,0.0,1.0,198.7,23819.0,45062.0,17.9,14.580000000000002,90.8,29.656,10.354000000000001,7.8,236.4,0.6599999999999999,0.8065323784508986
2026-04-24T08:48:50,04/24/202608:48,124.1,1.3699999999999999,170.01699999999997,54.2,2.52,136.584,136.2,0.0,1.0,198.7,23819.0,45062.0,17.9,14.569999999999999,90.7,29.659,10.466000000000001,7.7,235.1,0.6900000000000001,0.8033549586217851
2026-04-24T08:49:00,04/24/202608:49,123.67999999999999,1.3800000000000001,170.6784,54.2,2.52,136.584,136.2,0.0,1.0,198.7,23819.0,45062.0,17.9,14.559999999999999,90.6,29.662,10.578,7.6,233.8,0.72,0.8002418583722368
2026-04-24T08:49:49,04/24/202608:49,122.54,1.4,171.556,54.2,2.54,137.668,137.3,0.0,1.0,198.7,23819.0,45062.0,17.9,14.55,90.5,29.665,10.690000000000001,7.5,232.5,0.75,0.8024668329874793
2026-04-24T08:51:01,04/24/202608:51,122.25999999999999,1.4,171.164,54.2,2.55,138.21,137.9,0.0,1.0,198.7,23819.0,45062.0,17.9,14.540000000000001,90.4,29.668,10.802000000000001,7.4,231.2,0.78,0.8074711972143677
2026-04-24T08:52:00,04/24/202608:52,122.19000000000001,1.3599999999999999,166.1784,54.2,2.5300000000000002,137.12600000000003,136.9,0.0,1.0,198.7,23819.0,45062.0,17.9,14.530000000000001,90.3,29.671,10.914,7.3,229.9,0.8099999999999999,0.8251734280748884
2026-04-24T08:52:01,04/24/202608:52,121.99000000000001,1.3199999999999998,161.02679999999998,54.2,2.48,134.416,134.2,0.0,1.0,198.7,23819.0,45062.0,17.9,14.52,90.2,29.674,11.026,7.2,228.6,0.8400000000000001,0.834743036562858
2026-04-24T08:52:51,04/24/202608:52,121.75999999999999,1.31,159.5056,54.2,2.46,133.332,133.0,0.1,1.0,198.7,23819.0,45062.0,17.9,14.51,90.1,29.677,11.138,7.1,227.3,0.8699999999999999,0.8359079555827508
2026-04-24T08:53:00,04/24/202608:53,121.53,1.3,157.989,54.2,2.44,132.248,131.8,0.1,1.0,198.7,23819.0,45062.0,17.9,14.5,90.0,29.68,11.25,7.0,226.0,0.9,0.8370709353182816
2026-04-24T08:53:11,04/24/202608:53,121.62,1.29,156.8898,54.2,2.46,133.332,132.8,0.1,1.0,198.7,23819.0,45062.0,17.9,14.5,90.0,29.68,11.25,7.0,226.0,0.9,0.8498449229969061
2026-04-24T08:54:01,04/24/202608:54,121.71,1.28,155.7888,54.2,2.48,134.416,133.8,0.1,1.0,198.7,23819.0,45062.0,17.9,14.5,90.0,29.68,11.25,7.0,226.0,0.9,0.8628091364719415
2026-04-24T08:54:12,04/24/202608:54,122.05999999999999,1.3,158.678,54.2,2.56,138.752,138.1,0.1,1.0,198.7,23819.0,45062.0,17.9,14.5,90.0,29.68,11.25,7.0,226.0,0.9,0.8744249360339809
2026-04-24T08:55:00,04/24/202608:55,122.41,1.32,161.5812,54.2,2.6399999999999997,143.088,142.4,0.1,1.0,198.7,23819.0,45062.0,17.9,14.5,90.0,29.68,11.25,7.0,226.0,0.9,0.8855485662936035
2026-04-24T08:55:12,04/24/202608:55,123.58,1.3900000000000001,171.77620000000002,54.21,2.79,151.2459,150.6,0.1,2.0,198.7,23819.0,45062.0,17.9,14.5,90.0,29.677,11.25,7.0,226.0,0.9,0.8804822786858715
2026-04-24T08:56:01,04/24/202608:56,123.88999999999999,1.48,183.35719999999998,54.220000000000006,2.95,159.94900000000004,159.3,0.1,2.0,198.7,23819.0,45062.0,17.9,14.5,90.0,29.674,11.25,7.0,226.0,0.9,0.8723355286839025
2026-04-24T08:56:12,04/24/202608:56,124.22,1.56,193.7832,54.239999999999995,3.08,167.05919999999998,166.4,0.1,2.0,198.7,23819.0,45062.0,17.9,14.5,90.7,29.671,11.25,7.0,226.0,0.9,0.8620933083982512
2026-04-24T08:57:00,04/24/202608:57,124.67999999999999,1.64,204.47519999999997,54.260000000000005,3.2399999999999998,175.8024,175.2,0.1,2.0,198.7,23819.0,45062.0,17.9,14.5,91.4,29.668,11.25,7.0,226.0,0.9,0.859773703608066
2026-04-24T08:57:12,04/24/202608:57,125.66,1.69,212.3654,54.3,3.35,181.905,181.3,0.1,2.0,198.7,23819.0,45062.0,17.9,14.5,92.1,29.665,11.25,7.0,226.0,0.9,0.8565660884494367
2026-04-24T08:58:00,04/24/202608:58,126.64000000000001,1.7399999999999998,220.3536,54.339999999999996,3.46,188.01639999999998,187.4,0.1,2.0,198.7,23819.0,45062.0,17.9,14.5,92.8,29.662,11.25,7.0,226.0,0.9,0.8532485968007782
2026-04-24T08:58:12,04/24/202608:58,127.69000000000001,1.78,227.28820000000002,54.379999999999995,3.56,193.59279999999998,193.0,0.1,2.0,198.7,23819.0,45062.0,17.9,14.5,93.5,29.659,11.25,7.0,226.0,0.9,0.8517503328373403
2026-04-24T08:59:38,04/24/202608:59,128.52,1.8399999999999999,236.4768,54.42,3.69,200.8098,200.2,0.1,2.0,198.7,23819.0,45062.0,17.9,14.5,94.2,29.656,11.25,7.0,226.0,0.9,0.8491733649981732
2026-04-24T09:00:01,04/24/202609:00,128.31,1.8699999999999999,239.9397,54.46,3.75,204.225,203.6,0.1,2.0,198.7,23819.0,45062.0,17.9,14.5,94.9,29.653,11.25,7.0,226.0,0.9,0.8511513517771341
2026-04-24T09:00:12,04/24/202609:00,128.78,1.92,247.2576,54.52,3.8600000000000003,210.44720000000004,209.9,0.1,2.0,198.7,23819.0,45062.0,17.9,14.5,95.6,29.65,11.25,7.0,226.0,0.9,0.8511253041362532
2026-04-24T09:01:00,04/24/202609:01,128.88,1.9300000000000002,248.7384,54.57000000000001,3.9,212.82300000000004,212.3,0.1,2.0,198.7,23819.0,45062.0,17.9,14.5,96.3,29.65,11.25,7.0,226.0,0.9,0.8556097490375432
2026-04-24T09:01:11,04/24/202609:01,129.0,1.94,250.26,54.620000000000005,3.95,215.74900000000002,215.2,0.1,2.0,198.7,23819.0,45062.0,17.9,14.52,97.0,29.653,11.156,7.6,222.7,0.9200000000000002,0.8620994166067292
2026-04-24T09:02:00,04/24/202609:02,129.1,1.9600000000000002,253.036,54.660000000000004,4.03,220.27980000000002,219.7,0.1,2.0,198.7,23819.0,45062.0,17.9,14.540000000000001,97.0,29.656,11.062000000000001,8.2,219.4,0.9400000000000001,0.8705472739056894
2026-04-24T09:02:12,04/24/202609:02,129.01,1.9899999999999998,256.72989999999993,54.71,4.130000000000001,225.95230000000004,225.4,0.1,2.0,198.7,23819.0,45062.0,17.9,14.559999999999999,97.0,29.659,10.968,8.8,216.1,0.96,0.880116807586495
2026-04-24T09:03:00,04/24/202609:03,128.95999999999998,2.02,260.4992,54.739999999999995,4.23,231.5502,231.1,0.1,2.0,198.7,23819.0,45062.0,17.9,14.580000000000002,97.0,29.662,10.874,9.4,212.8,0.9800000000000001,0.8888710598727367
2026-04-24T09:03:11,04/24/202609:03,129.07,2.02,260.7214,54.779999999999994,4.2700000000000005,233.9106,233.5,0.1,2.0,198.7,23819.0,45062.0,17.9,14.6,97.0,29.665,10.78,10.0,209.5,1.0,0.8971668608714128
2026-04-24T09:04:00,04/24/202609:04,129.52,2.04,264.22080000000005,54.82000000000001,4.32,236.82240000000004,236.4,0.1,2.0,198.7,23819.0,45062.0,17.9,14.62,97.0,29.668,10.686,10.6,206.2,1.02,0.8963049086218798
2026-04-24T09:04:12,04/24/202609:04,130.07,2.04,265.3428,54.85,4.3,235.855,235.5,0.1,2.0,198.7,23819.0,45062.0,17.9,14.64,97.0,29.671,10.592,11.2,202.9,1.04,0.8888690403508216
2026-04-24T09:05:00,04/24/202609:05,130.62,2.04,266.4648,54.879999999999995,4.279999999999999,234.88639999999995,234.6,0.1,2.0,198.7,23819.0,45062.0,17.9,14.66,97.0,29.674,10.498000000000001,11.8,199.6,1.06,0.8814912889057014
2026-04-24T09:05:03,04/24/202609:05,130.43,2.02,263.46860000000004,54.89,4.2299999999999995,232.18469999999996,231.9,0.1,2.0,198.7,23819.0,45062.0,17.9,14.679999999999998,97.0,29.677,10.404,12.4,196.3,1.08,0.8812613723229255
2026-04-24T09:06:01,04/24/202609:06,130.24,2.0,260.48,54.9,4.18,229.48199999999997,229.2,0.1,2.0,198.7,23819.0,45062.0,17.9,14.7,97.0,29.68,10.31,13.0,193.0,1.1,0.8809966216216214
2026-04-24T09:06:03,04/24/202609:06,130.02,1.98,257.43960000000004,54.910000000000004,4.11,225.68010000000004,225.5,0.1,2.0,198.7,23819.0,45062.0,17.9,14.7,97.0,29.68,10.31,13.0,193.0,1.1,0.8766331986221234
2026-04-24T09:07:31,04/24/202609:07,129.69,1.95,252.8955,54.92999999999999,4.0600000000000005,223.01579999999998,222.9,0.1,2.0,198.7,23819.0,45062.0,17.9,14.7,97.0,29.68,10.31,13.0,193.0,1.1,0.8818496177274803
2026-04-24T09:08:01,04/24/202609:08,129.55,1.9100000000000001,247.44050000000004,54.94,3.9899999999999998,219.21059999999997,219.1,0.1,2.0,198.7,23819.0,45062.0,17.9,14.7,97.0,29.68,10.31,13.0,193.0,1.1,0.8859123708527906
2026-04-24T09:08:32,04/24/202609:08,129.4,1.8699999999999999,241.978,54.94,3.9,214.266,214.2,0.1,2.0,198.7,23819.0,45062.0,17.9,14.7,97.0,29.68,10.31,13.0,193.0,1.1,0.8854771921414343
2026-04-24T09:09:00,04/24/202609:09,129.09,1.86,240.1074,54.92999999999999,3.87,212.57909999999998,212.6,0.1,2.0,198.7,23819.0,45062.0,17.9,14.7,97.0,29.68,10.31,13.0,193.0,1.1,0.885350055850007
2026-04-24T09:09:31,04/24/202609:09,128.77,1.85,238.22450000000003,54.92,3.8200000000000003,209.79440000000002,209.9,0.1,2.0,198.7,23819.0,45062.0,17.9,14.7,97.0,29.68,10.31,13.0,193.0,1.1,0.8806583705706171
2026-04-24T09:10:49,04/24/202609:10,128.60999999999999,1.83,235.35629999999998,54.92,3.79,208.1468,208.2,0.1,3.0,198.7,23819.0,45062.0,17.9,14.7,97.0,29.68,10.31,13.0,193.0,1.1,0.8843901777857658
2026-04-24T09:11:01,04/24/202609:11,128.45,1.81,232.4945,54.92,3.7600000000000002,206.49920000000003,206.5,0.1,3.0,198.7,23819.0,45062.0,17.9,14.7,97.0,29.68,10.31,13.0,193.0,1.1,0.8881896130876216
2026-04-24T09:11:32,04/24/202609:11,128.35999999999999,1.81,232.33159999999998,54.92999999999999,3.75,205.98749999999998,205.9,0.1,3.0,198.7,23819.0,45062.0,17.9,14.7,97.0,29.68,10.31,13.0,193.0,1.1,0.8866099144498639
2026-04-24T09:12:01,04/24/202609:12,128.27,1.81,232.16870000000003,54.94,3.7399999999999998,205.4756,205.3,0.1,3.0,198.7,23819.0,45062.0,17.9,14.7,97.0,29.68,10.31,13.0,193.0,1.1,0.8850271375943439
2026-04-24T09:12:32,04/24/202609:12,128.20999999999998,1.81,232.06009999999998,54.96,3.75,206.1,205.8,0.1,3.0,198.7,23819.0,45062.0,17.9,14.7,97.0,29.68,10.31,13.0,193.0,1.1,0.8881319968404737
2026-04-24T09:13:01,04/24/202609:13,128.26,1.8199999999999998,233.43319999999997,54.970000000000006,3.7399999999999998,205.58780000000002,205.2,0.1,3.0,198.7,23819.0,45062.0,17.9,14.7,97.0,29.68,10.31,13.0,193.0,1.1,0.880713625996645
2026-04-24T09:13:32,04/24/202609:13,128.32,1.83,234.8256,54.970000000000006,3.7299999999999995,205.0381,204.6,0.1,3.0,198.7,23819.0,45062.0,17.9,14.7,97.0,29.68,10.31,13.0,193.0,1.1,0.873150542359947
2026-04-24T09:14:01,04/24/202609:14,128.39000000000001,1.8399999999999999,236.23760000000001,54.98,3.7399999999999998,205.62519999999998,205.1,0.1,3.0,198.7,23819.0,45062.0,17.9,14.7,97.0,29.68,10.31,13.0,193.0,1.1,0.8704169023051367
2026-04-24T09:14:32,04/24/202609:14,128.45,1.83,235.06349999999998,55.0,3.71,204.05,203.4,0.1,3.0,198.7,23819.0,45062.0,17.9,14.7,97.0,29.68,10.31,13.0,193.0,1.1,0.8680633105522552
2026-04-24T09:15:01,04/24/202609:15,128.52,1.8199999999999998,233.9064,55.02,3.7,203.574,202.8,0.1,3.0,198.7,23819.0,45062.0,17.9,14.7,97.0,29.68,10.31,13.0,193.0,1.1,0.8703224879695469
2026-04-24T09:15:32,04/24/202609:15,128.59,1.8199999999999998,234.03379999999999,55.029999999999994,3.72,204.71159999999998,204.0,0.1,3.0,198.7,23819.0,45062.0,17.9,14.7,97.0,29.68,10.31,13.0,193.0,1.1,0.874709550500825
2026-04-24T09:16:01,04/24/202609:16,128.66,1.8199999999999998,234.16119999999998,55.04,3.7399999999999998,205.84959999999998,205.2,0.1,3.0,198.7,23819.0,45062.0,17.9,14.7,97.0,29.68,10.31,13.0,193.0,1.1,0.8790935475219634
2026-04-24T09:16:31,04/24/202609:16,128.72,1.7899999999999998,230.40879999999999,55.04,3.69,203.0976,202.5,0.1,3.0,198.7,23819.0,45062.0,17.9,14.74,96.9,29.68,10.280000000000001,13.3,199.8,1.15,0.8814663328831192
2026-04-24T09:17:01,04/24/202609:17,128.78,1.7600000000000002,226.65280000000004,55.04,3.6399999999999997,200.3456,199.8,0.1,3.0,198.7,23819.0,45062.0,17.9,14.779999999999998,96.8,29.68,10.25,13.6,206.6,1.2,0.8839317228818702
2026-04-24T09:17:32,04/24/202609:17,128.82999999999998,1.72,221.58759999999998,55.029999999999994,3.56,195.90679999999998,195.4,0.1,3.0,198.7,23819.0,45062.0,17.8,14.819999999999999,96.7,29.68,10.22,13.9,213.4,1.25,0.8841054282820879
2026-04-24T09:18:01,04/24/202609:18,128.88,1.6800000000000002,216.5184,55.02,3.4799999999999995,191.46959999999999,191.0,0.1,3.0,198.7,23819.0,45062.0,17.8,14.86,96.6,29.68,10.190000000000001,14.2,220.2,1.3,0.8843109869646181
2026-04-24T09:18:31,04/24/202609:18,128.85,1.67,215.1795,55.029999999999994,3.46,190.4038,189.9,0.1,3.0,198.7,23819.0,45062.0,17.8,14.9,96.5,29.68,10.16,14.5,227.0,1.35,0.8848603142957391
2026-04-24T09:19:00,04/24/202609:19,128.82,1.6600000000000001,213.84120000000001,55.04,3.44,189.33759999999998,188.8,0.1,3.0,198.7,23819.0,45062.0,17.8,14.940000000000001,96.4,29.68,10.129999999999999,14.8,233.8,1.4,0.8854121656631181
2026-04-24T09:19:32,04/24/202609:19,128.85,1.67,215.1795,55.05,3.4799999999999995,191.57399999999996,191.1,0.1,3.0,198.7,23819.0,45062.0,17.9,14.979999999999999,96.3,29.68,10.1,15.1,240.6,1.45,0.8902985646866917
2026-04-24T09:20:01,04/24/202609:20,128.88,1.6800000000000002,216.5184,55.06,3.5200000000000005,193.81120000000004,193.4,0.1,3.0,198.7,23819.0,45062.0,17.9,15.02,96.2,29.68,10.07,15.4,247.4,1.5,0.8951257722207444
2026-04-24T09:20:31,04/24/202609:20,128.89000000000001,1.7,219.11300000000003,55.08,3.55,195.534,195.1,0.1,3.0,198.7,23819.0,45062.0,17.9,15.059999999999999,96.1,29.68,10.040000000000001,15.7,254.2,1.55,0.892388858716735
2026-04-24T09:22:01,04/24/202609:22,129.87,1.7100000000000002,222.07770000000002,55.11,3.59,197.8449,197.4,0.2,3.0,198.7,23819.0,45062.0,17.9,15.1,96.0,29.68,10.01,16.0,261.0,1.6,0.8908814347410837
2026-04-24T09:22:31,04/24/202609:22,131.03,1.72,225.3716,55.14,3.65,201.261,200.8,0.2,3.0,198.7,23819.0,45062.0,17.9,15.1,96.0,29.68,10.01,16.0,261.0,1.6,0.893018463728349
2026-04-24T09:23:01,04/24/202609:23,132.19,1.73,228.68869999999998,55.17,3.71,204.6807,204.2,0.2,3.0,198.7,23819.0,45062.0,17.9,15.1,96.0,29.68,10.01,16.0,261.0,1.6,0.8950188618851741
2026-04-24T09:23:32,04/24/202609:23,133.41,1.7399999999999998,232.13339999999997,55.2,3.7600000000000002,207.55200000000002,207.1,0.2,3.0,198.7,23819.0,45062.0,17.8,15.1,96.0,29.68,10.01,16.0,261.0,1.6,0.8941065783726084
2026-04-24T09:24:01,04/24/202609:24,134.63,1.75,235.6025,55.23,3.81,210.4263,210.0,0.2,3.0,198.7,23819.0,45062.0,17.8,15.1,96.0,29.68,10.01,16.0,261.0,1.6,0.8931412018123747
2026-04-24T09:24:31,04/24/202609:24,135.9,1.73,235.107,55.25,3.8,209.95,209.6,0.2,3.0,198.7,23819.0,45062.0,17.9,15.1,96.0,29.68,10.01,16.0,261.0,1.6,0.8929976563862411
2026-04-24T09:25:01,04/24/202609:25,137.17000000000002,1.7100000000000002,234.56070000000005,55.27,3.79,209.47330000000002,209.2,0.2,3.0,198.7,23819.0,45062.0,17.9,15.1,96.0,29.68,10.01,16.0,261.0,1.6,0.8930451691182708
2026-04-24T09:25:31,04/24/202609:25,138.29000000000002,1.69,233.71010000000004,55.279999999999994,3.75,207.29999999999998,207.0,0.2,3.0,198.7,23819.0,45062.0,17.9,15.1,96.0,29.68,10.01,16.0,261.0,1.6,0.8869963257899421
2026-04-24T09:25:49,04/24/202609:25,139.43,1.67,232.8481,55.29,3.71,205.1259,204.8,0.2,3.0,198.7,23819.0,45062.0,17.8,15.1,96.0,29.68,10.01,16.0,261.0,1.6,0.8809429838594346
2026-04-24T09:26:01,04/24/202609:26,140.55,1.6400000000000001,230.50200000000004,55.3,3.6700000000000004,202.95100000000002,202.6,0.2,3.0,198.7,23819.0,45062.0,17.8,15.1,96.0,29.68,10.01,16.0,261.0,1.6,0.8804739221351658
2026-04-24T09:26:50,04/24/202609:26,140.79000000000002,1.6199999999999999,228.0798,55.3,3.62,200.186,199.8,0.2,3.0,198.7,23819.0,45062.0,17.8,15.1,96.0,29.68,10.01,16.0,261.0,1.6,0.8777015763780922
2026-04-24T09:27:01,04/24/202609:27,140.85,1.61,226.76850000000002,55.3,3.5799999999999996,197.97399999999996,197.6,0.2,3.0,198.7,23819.0,45062.0,17.8,15.1,96.0,29.68,10.01,16.0,261.0,1.6,0.8730224876911914
2026-04-24T09:27:49,04/24/202609:27,140.79000000000002,1.6,225.26400000000004,55.3,3.53,195.20899999999997,194.9,0.2,4.0,198.7,23819.0,45062.0,17.9,15.1,96.0,29.68,10.01,16.0,261.0,1.6,0.8665787697989912
2026-04-24T09:28:00,04/24/202609:28,140.66,1.6,225.056,55.3,3.5100000000000002,194.103,193.8,0.2,4.0,198.7,23819.0,45062.0,17.9,15.1,96.0,29.68,10.01,16.0,261.0,1.6,0.8624653419593346
2026-04-24T09:28:50,04/24/202609:28,140.45,1.59,223.3155,55.3,3.4899999999999998,192.99699999999999,192.7,0.2,4.0,198.7,23819.0,45062.0,17.8,15.1,96.0,29.68,10.01,16.0,261.0,1.6,0.8642346814260542
2026-04-24T09:29:01,04/24/202609:29,140.26,1.58,221.61079999999998,55.3,3.47,191.891,191.6,0.2,4.0,198.7,23819.0,45062.0,17.8,15.1,96.0,29.68,10.01,16.0,261.0,1.6,0.8658919150149722
2026-04-24T09:29:19,04/24/202609:29,140.07999999999998,1.57,219.92559999999997,55.3,3.45,190.785,190.5,0.2,4.0,198.7,23819.0,45062.0,17.8,15.169999999999998,96.0,29.68,10.01,16.0,257.7,1.6,0.867497917477547
2026-04-24T09:30:00,04/24/202609:30,140.0,1.56,218.4,55.3,3.44,190.232,190.0,0.2,4.0,198.7,23819.0,45062.0,17.8,15.24,96.0,29.68,10.01,16.0,254.4,1.6,0.871025641025641
2026-04-24T09:30:20,04/24/202609:30,139.95999999999998,1.55,216.938,55.3,3.4299999999999997,189.67899999999997,189.5,0.2,4.0,198.7,23819.0,45062.0,17.8,15.309999999999999,96.0,29.68,10.01,16.0,251.1,1.6,0.8743465875042639
2026-04-24T09:31:01,04/24/202609:31,139.92000000000002,1.54,215.47680000000003,55.3,3.4200000000000004,189.126,189.0,0.2,4.0,198.7,23819.0,45062.0,17.8,15.38,96.0,29.68,10.01,16.0,247.8,1.6,0.8777093404023077
2026-04-24T09:31:19,04/24/202609:31,139.8,1.53,213.89400000000003,55.3,3.3899999999999997,187.46699999999998,187.3,0.2,4.0,198.7,23819.0,45062.0,17.9,15.48,95.8,29.68,9.803999999999998,16.6,242.6,1.6600000000000001,0.8764481472131054
2026-04-24T09:33:12,04/24/202609:33,139.79000000000002,1.52,212.48080000000004,55.29,3.3600000000000003,185.7744,185.6,0.2,4.0,198.7,23819.0,45062.0,17.8,15.580000000000002,95.7,29.68,9.598,17.2,237.4,1.7200000000000002,0.8743114672008011
2026-04-24T09:33:19,04/24/202609:33,139.89000000000001,1.51,211.23390000000003,55.29,3.34,184.6686,184.4,0.2,4.0,198.7,23819.0,45062.0,17.9,15.680000000000001,95.6,29.68,9.392,17.8,232.2,1.78,0.8742375158532791
2026-04-24T09:34:01,04/24/202609:34,139.99,1.5,209.985,55.29,3.3200000000000003,183.5628,183.2,0.2,4.0,198.7,23819.0,45062.0,17.9,15.780000000000001,95.5,29.68,9.186,18.4,227.0,1.8400000000000003,0.8741710122151582
2026-04-24T09:34:20,04/24/202609:34,140.12,1.49,208.77880000000002,55.29,3.28,181.35119999999998,180.9,0.2,4.0,198.7,23819.0,45062.0,17.9,15.88,95.4,29.68,8.98,19.0,221.8,1.9,0.8686284239587543
2026-04-24T09:35:01,04/24/202609:35,140.25,1.48,207.57,55.29,3.2399999999999998,179.13959999999997,178.6,0.2,4.0,198.7,23819.0,45062.0,17.9,15.98,95.3,29.68,8.774,19.6,216.6,1.9600000000000002,0.8630322300910536
2026-04-24T09:35:19,04/24/202609:35,140.29000000000002,1.48,207.62920000000003,55.3,3.22,178.066,177.4,0.2,4.0,198.7,23819.0,45062.0,17.8,16.01,95.2,29.68,8.568000000000001,20.2,214.7,2.0200000000000005,0.8576154028431453
2026-04-24T09:36:01,04/24/202609:36,140.32999999999998,1.48,207.68839999999997,55.31,3.2,176.99200000000002,176.2,0.2,4.0,198.7,23819.0,45062.0,17.8,16.04,95.1,29.68,8.362,20.8,212.8,2.08,0.8521997376839536
2026-04-24T09:36:19,04/24/202609:36,140.32,1.47,206.2704,55.31,3.18,175.88580000000002,175.0,0.2,4.0,198.7,23819.0,45062.0,17.9,16.07,95.0,29.68,8.156,21.4,210.9,2.14,0.8526952970469831
2026-04-24T09:37:01,04/24/202609:37,140.31,1.46,204.8526,55.31,3.16,174.77960000000002,173.8,0.2,4.0,198.7,23819.0,45062.0,17.9,16.1,94.9,29.68,7.95,22.0,209.0,2.2,0.853196884003425
2026-04-24T09:37:20,04/24/202609:37,140.29000000000002,1.45,203.42050000000003,55.31,3.15,174.22650000000002,173.3,0.2,4.0,198.7,23819.0,45062.0,17.8,16.1,95.0,29.68,7.95,22.0,209.0,2.2,0.8564844742786494
2026-04-24T09:38:01,04/24/202609:38,140.16,1.44,201.8304,55.31999999999999,3.14,173.70479999999998,172.8,0.2,4.0,198.7,23819.0,45062.0,17.8,16.1,95.0,29.68,7.95,22.0,209.0,2.2,0.8606473554033485
2026-04-24T09:38:19,04/24/202609:38,139.97,1.43,200.15709999999999,55.31999999999999,3.1100000000000003,172.0452,171.2,0.2,4.0,198.7,23819.0,45062.0,17.8,16.1,95.0,29.68,7.95,22.0,209.0,2.2,0.8595508228286681
2026-04-24T09:39:00,04/24/202609:39,139.78,1.42,198.4876,55.31999999999999,3.08,170.38559999999998,169.6,0.2,4.0,198.7,23819.0,45062.0,17.8,16.1,95.0,29.68,7.95,22.0,209.0,2.2,0.8584193672551836
2026-04-24T09:39:20,04/24/202609:39,139.47,1.42,198.04739999999998,55.31999999999999,3.07,169.83239999999998,169.1,0.2,4.0,198.7,23819.0,45062.0,17.8,16.1,95.0,29.68,7.95,22.0,209.0,2.2,0.8575341054717204
2026-04-24T09:40:01,04/24/202609:40,139.16,1.42,197.60719999999998,55.31999999999999,3.06,169.27919999999997,168.6,0.2,4.0,198.7,23819.0,45062.0,17.8,16.1,95.0,29.68,7.95,22.0,209.0,2.2,0.8566448995785578
2026-04-24T09:40:19,04/24/202609:40,138.82,1.41,195.73619999999997,55.31,3.02,167.0362,166.4,0.2,4.0,198.7,23819.0,45062.0,17.8,16.1,95.0,29.68,7.95,22.0,209.0,2.2,0.8533740820553379
2026-04-24T09:41:00,04/24/202609:41,138.48000000000002,1.4,193.872,55.3,2.98,164.79399999999998,164.2,0.2,4.0,198.7,23819.0,45062.0,17.8,16.1,95.0,29.68,7.95,22.0,209.0,2.2,0.8500144425187751
2026-04-24T09:41:20,04/24/202609:41,138.1,1.4,193.33999999999997,55.3,2.96,163.688,163.1,0.2,4.0,198.7,23819.0,45062.0,17.8,16.1,95.0,29.68,7.95,22.0,209.0,2.2,0.8466328747284577
2026-04-24T09:42:01,04/24/202609:42,137.72,1.4,192.808,55.3,2.94,162.582,162.0,0.2,4.0,198.7,23819.0,45062.0,17.8,16.1,95.0,29.68,7.95,22.0,209.0,2.2,0.8432326459483009
2026-04-24T09:42:19,04/24/202609:42,137.52,1.39,191.1528,55.3,2.9099999999999997,160.92299999999997,160.3,0.2,4.0,198.7,23819.0,45062.0,17.9,16.1,95.0,29.68,7.95,22.0,209.0,2.2,0.8418553115622683
2026-04-24T09:43:01,04/24/202609:43,137.32,1.38,189.50159999999997,55.3,2.88,159.26399999999998,158.6,0.2,4.0,198.7,23819.0,45062.0,17.9,16.1,95.0,29.68,7.95,22.0,209.0,2.2,0.8404361757367749
2026-04-24T09:44:23,04/24/202609:44,137.15,1.3699999999999999,187.8955,55.3,2.88,159.26399999999998,158.6,0.2,4.0,198.7,23819.0,45062.0,17.8,16.1,95.0,29.68,7.95,22.0,209.0,2.2,0.8476200866971267
2026-04-24T09:45:00,04/24/202609:45,136.98000000000002,1.3599999999999999,186.2928,55.3,2.88,159.26399999999998,158.6,0.2,4.0,198.7,23819.0,45062.0,17.8,16.1,95.0,29.68,7.95,22.0,209.0,2.2,0.854912267140759
2026-04-24T09:45:20,04/24/202609:45,136.98000000000002,1.35,184.92300000000003,55.3,2.86,158.158,157.5,0.2,4.0,198.7,23819.0,45062.0,17.8,16.12,94.9,29.68,8.0,22.0,205.9,2.25,0.8552640828885534
2026-04-24T09:46:00,04/24/202609:46,136.98000000000002,1.34,183.55320000000003,55.3,2.84,157.052,156.4,0.2,4.0,198.7,23819.0,45062.0,17.8,16.14,94.8,29.68,8.05,22.0,202.8,2.3,0.8556211496176583
2026-04-24T09:46:19,04/24/202609:46,136.95,1.33,182.1435,55.3,2.84,157.052,156.4,0.2,4.0,198.7,23819.0,45062.0,17.9,16.160000000000004,94.7,29.68,8.1,22.0,199.7,2.35,0.8622432312983993
2026-04-24T09:47:00,04/24/202609:47,136.92000000000002,1.3199999999999998,180.7344,55.3,2.84,157.052,156.4,0.2,4.0,198.7,23819.0,45062.0,17.9,16.18,94.6,29.68,8.15,22.0,196.6,2.4,0.8689657309289212
2026-04-24T09:47:19,04/24/202609:47,136.2,1.31,178.422,55.3,2.81,155.393,154.8,0.2,5.0,198.7,23819.0,45062.0,17.9,16.2,94.5,29.68,8.2,22.0,193.5,2.45,0.8709295938841622
2026-04-24T09:48:01,04/24/202609:48,135.48000000000002,1.3,176.12400000000002,55.3,2.7800000000000002,153.734,153.2,0.2,5.0,198.7,23819.0,45062.0,17.9,16.220000000000002,94.4,29.68,8.25,22.0,190.4,2.5,0.8728736571960664
2026-04-24T09:48:19,04/24/202609:48,134.53000000000003,1.3,174.88900000000004,55.29,2.75,152.04749999999999,151.6,0.2,5.0,198.7,23819.0,45062.0,17.8,16.240000000000002,94.3,29.68,8.3,22.0,187.3,2.55,0.8693943015283977
2026-04-24T09:49:00,04/24/202609:49,133.58,1.3,173.65400000000002,55.279999999999994,2.7199999999999998,150.36159999999998,150.0,0.2,5.0,198.7,23819.0,45062.0,17.8,16.26,94.2,29.68,8.35,22.0,184.2,2.6,0.8658689117440426
2026-04-24T09:49:20,04/24/202609:49,132.75,1.3,172.57500000000002,55.260000000000005,2.69,148.6494,148.3,0.2,5.0,198.7,23819.0,45062.0,17.9,16.28,94.1,29.68,8.4,22.0,181.1,2.65,0.861361147327249
2026-04-24T09:50:01,04/24/202609:50,131.92000000000002,1.3,171.49600000000004,55.239999999999995,2.66,146.9384,146.6,0.2,5.0,198.7,23819.0,45062.0,17.9,16.3,94.0,29.68,8.45,22.0,178.0,2.7,0.8568036572281568
2026-04-24T09:50:19,04/24/202609:50,131.01000000000002,1.3,170.31300000000005,55.23,2.65,146.3595,146.0,0.2,5.0,198.7,23819.0,45062.0,17.8,16.3,94.0,29.68,8.45,22.0,178.0,2.7,0.8593560092300644
2026-04-24T09:51:01,04/24/202609:51,130.1,1.3,169.13,55.220000000000006,2.6399999999999997,145.7808,145.4,0.2,5.0,198.7,23819.0,45062.0,17.8,16.3,94.0,29.68,8.45,22.0,178.0,2.7,0.861945249216579
2026-04-24T09:51:20,04/24/202609:51,129.33,1.31,169.42230000000004,55.21,2.63,145.2023,144.9,0.2,5.0,198.7,23819.0,45062.0,17.8,16.3,94.0,29.68,8.45,22.0,178.0,2.7,0.8570436123225808
2026-04-24T09:52:01,04/24/202609:52,128.56,1.3199999999999998,169.6992,55.2,2.62,144.62400000000002,144.4,0.2,5.0,198.7,23819.0,45062.0,17.8,16.3,94.0,29.68,8.45,22.0,178.0,2.7,0.8522373705945581
2026-04-24T09:52:20,04/24/202609:52,129.19,1.3199999999999998,170.53079999999997,55.2,2.62,144.62400000000002,144.4,0.2,5.0,198.7,23819.0,45062.0,17.8,16.3,94.0,29.68,8.45,22.0,178.0,2.7,0.8480814023038656
2026-04-24T09:53:01,04/24/202609:53,129.82,1.3199999999999998,171.36239999999998,55.2,2.62,144.62400000000002,144.4,0.2,5.0,198.7,23819.0,45062.0,17.8,16.3,94.0,29.68,8.45,22.0,178.0,2.7,0.8439657707875242
2026-04-24T09:53:20,04/24/202609:53,130.8,1.31,171.348,55.21,2.6100000000000003,144.09810000000002,143.8,0.2,5.0,198.7,23819.0,45062.0,17.8,16.3,94.0,29.68,8.45,22.0,178.0,2.7,0.8409675047272218
2026-04-24T09:54:01,04/24/202609:54,131.78,1.3,171.31400000000002,55.220000000000006,2.6,143.57200000000003,143.2,0.2,5.0,198.7,23819.0,45062.0,17.8,16.3,94.0,29.68,8.45,22.0,178.0,2.7,0.8380634390651086
2026-04-24T09:54:20,04/24/202609:54,132.91,1.28,170.1248,55.239999999999995,2.58,142.51919999999998,142.1,0.2,5.0,198.7,23819.0,45062.0,17.8,16.3,94.0,29.68,8.45,22.0,178.0,2.7,0.8377332405387103
2026-04-24T09:55:34,04/24/202609:55,133.89000000000001,1.28,171.37920000000003,55.260000000000005,2.5900000000000003,143.12340000000003,142.7,0.2,5.0,198.7,23819.0,45062.0,17.8,16.3,94.0,29.68,8.45,22.0,178.0,2.7,0.8351270165807754
2026-04-24T09:56:00,04/24/202609:56,134.95,1.28,172.736,55.27,2.6,143.70200000000003,143.3,0.2,5.0,198.7,23819.0,45062.0,17.8,16.3,94.0,29.68,8.45,22.0,178.0,2.7,0.8319169136717305
2026-04-24T09:56:20,04/24/202609:56,136.01,1.27,172.7327,55.279999999999994,2.5900000000000003,143.1752,142.8,0.2,5.0,198.7,23819.0,45062.0,17.8,16.3,94.0,29.68,8.45,22.0,178.0,2.7,0.8288830082549511
2026-04-24T09:57:00,04/24/202609:57,137.07,1.25,171.33749999999998,55.29,2.57,142.09529999999998,141.7,0.2,5.0,198.7,23819.0,45062.0,17.8,16.3,94.0,29.68,8.45,22.0,178.0,2.7,0.82932983147297
2026-04-24T09:57:15,04/24/202609:57,137.93,1.24,171.0332,55.3,2.57,142.12099999999998,141.7,0.2,5.0,198.7,23819.0,45062.0,17.8,16.3,94.0,29.68,8.45,22.0,178.0,2.7,0.8309556273284951
2026-04-24T09:58:00,04/24/202609:58,138.10999999999999,1.24,171.25639999999999,55.3,2.57,142.12099999999998,141.7,0.2,5.0,198.7,23819.0,45062.0,17.8,16.3,94.0,29.68,8.45,22.0,178.0,2.7,0.829872635416837
2026-04-24T09:59:15,04/24/202609:59,138.28,1.24,171.4672,55.3,2.55,141.015,140.6,0.3,5.0,198.7,23819.0,45062.0,17.8,16.3,94.0,29.68,8.45,22.0,178.0,2.7,0.8224021853742289
2026-04-24T10:00:00,04/24/202610:00,138.15,1.25,172.6875,55.3,2.56,141.56799999999998,141.2,0.3,5.0,198.7,23819.0,45062.0,17.8,16.3,94.0,29.68,8.45,22.0,178.0,2.7,0.8197929786463988
2026-04-24T10:00:15,04/24/202610:00,138.03000000000003,1.25,172.53750000000002,55.3,2.57,142.12099999999998,141.8,0.3,5.0,198.7,23819.0,45062.0,17.8,16.3,94.0,29.68,8.45,22.0,178.0,2.7,0.8237107875099614
2026-04-24T10:01:00,04/24/202610:01,137.68,1.26,173.4768,55.3,2.58,142.674,142.4,0.3,5.0,198.7,23819.0,45062.0,17.8,16.3,94.0,29.68,8.45,22.0,178.0,2.7,0.8224385047453032
2026-04-24T10:01:15,04/24/202610:01,137.59,1.25,171.9875,55.3,2.55,141.015,140.7,0.3,5.0,198.7,23819.0,45062.0,17.9,16.35,93.9,29.68,8.494,22.3,182.4,2.74,0.8199142379533395
2026-04-24T10:02:00,04/24/202610:02,137.5,1.24,170.5,55.3,2.52,139.356,139.0,0.3,5.0,198.7,23819.0,45062.0,17.9,16.4,93.8,29.68,8.538,22.6,186.8,2.7800000000000002,0.8173372434017595
2026-04-24T10:02:15,04/24/202610:02,137.34,1.24,170.3016,55.3,2.5100000000000002,138.803,138.4,0.3,5.0,198.7,23819.0,45062.0,17.8,16.45,93.7,29.68,8.581999999999999,22.9,191.2,2.8200000000000003,0.8150422544474039
2026-04-24T10:03:00,04/24/202610:03,137.18,1.24,170.10320000000002,55.3,2.5,138.25,137.8,0.3,5.0,198.7,23819.0,45062.0,17.8,16.5,93.6,29.68,8.626,23.2,195.6,2.8600000000000003,0.8127419119687342
2026-04-24T10:03:16,04/24/202610:03,136.96,1.23,168.4608,55.3,2.4699999999999998,136.59099999999998,136.1,0.3,5.0,198.7,23819.0,45062.0,17.9,16.55,93.5,29.68,8.67,23.5,200.0,2.9,0.810817709520553
2026-04-24T10:03:24,04/24/202610:03,136.76000000000002,1.22,166.84720000000002,55.3,2.44,134.932,134.4,0.3,5.0,198.7,23819.0,45062.0,17.9,16.6,93.4,29.68,8.714,23.8,204.4,2.9400000000000004,0.8087159988300672
2026-04-24T10:04:00,04/24/202610:04,136.57,1.21,165.2497,55.3,2.43,134.379,133.8,0.3,5.0,198.7,23819.0,45062.0,17.9,16.65,93.3,29.68,8.758,24.1,208.8,2.98,0.8131875579804381
2026-04-24T10:04:23,04/24/202610:04,135.81,1.2,162.972,55.3,2.4099999999999997,133.27299999999997,132.7,0.3,5.0,198.7,23819.0,45062.0,17.9,16.7,93.2,29.68,8.802000000000001,24.4,213.2,3.0200000000000005,0.8177662420538495
2026-04-24T10:05:01,04/24/202610:05,135.04000000000002,1.2,162.04800000000003,55.3,2.3899999999999997,132.16699999999997,131.6,0.3,5.0,198.7,23819.0,45062.0,17.9,16.75,93.1,29.68,8.846,24.7,217.6,3.06,0.815604018562401
2026-04-24T10:05:24,04/24/202610:05,134.2,1.19,159.69799999999998,55.29,2.35,129.9315,129.3,0.3,5.0,198.7,23819.0,45062.0,17.9,16.8,93.0,29.68,8.89,25.0,222.0,3.1,0.8136075592681187
2026-04-24T10:06:46,04/24/202610:06,133.31,1.17,155.9727,55.269999999999996,2.3099999999999996,127.67369999999997,127.1,0.3,5.0,198.7,23819.0,45062.0,17.8,16.8,93.0,29.68,8.89,25.0,222.0,3.1,0.8185644026166116
2026-04-24T10:07:01,04/24/202610:07,132.42000000000002,1.15,152.28300000000002,55.25,2.27,125.4175,124.9,0.3,5.0,198.7,23819.0,45062.0,17.8,16.8,93.0,29.68,8.89,25.0,222.0,3.1,0.8235817523952115
2026-04-24T10:07:24,04/24/202610:07,131.6,1.1400000000000001,150.024,55.23,2.2399999999999998,123.71519999999998,123.2,0.3,5.0,198.7,23819.0,45062.0,17.8,16.8,93.0,29.68,8.89,25.0,222.0,3.1,0.824636058230683
2026-04-24T10:08:00,04/24/202610:08,130.78,1.1300000000000001,147.78140000000002,55.21,2.21,122.0141,121.5,0.3,5.0,198.7,23819.0,45062.0,17.8,16.8,93.0,29.68,8.89,25.0,222.0,3.1,0.8256390858389485
2026-04-24T10:08:23,04/24/202610:08,130.20999999999998,1.1300000000000001,147.13729999999998,55.19,2.21,121.9699,121.5,0.3,5.0,198.7,23819.0,45062.0,17.9,16.8,93.0,29.68,8.89,25.0,222.0,3.1,0.8289529575437364
2026-04-24T10:09:00,04/24/202610:09,129.62,1.1300000000000001,146.47060000000002,55.17,2.21,121.9257,121.5,0.3,5.0,198.7,23819.0,45062.0,17.9,16.8,93.0,29.68,8.89,25.0,222.0,3.1,0.8324243909699284
2026-04-24T10:09:24,04/24/202610:09,128.97,1.1400000000000001,147.0258,55.160000000000004,2.21,121.90360000000001,121.5,0.3,5.0,198.7,23819.0,45062.0,17.9,16.8,93.0,29.68,8.89,25.0,222.0,3.1,0.8291306695831616
2026-04-24T10:10:00,04/24/202610:10,128.89000000000001,1.15,148.2235,55.15,2.2199999999999998,122.43299999999998,122.0,0.3,5.0,198.7,23819.0,45062.0,17.9,16.8,93.0,29.68,8.89,25.0,222.0,3.1,0.8260026244151567
2026-04-24T10:10:23,04/24/202610:10,128.88,1.15,148.212,55.14,2.2199999999999998,122.41079999999998,122.0,0.3,5.0,198.7,23819.0,45062.0,17.9,16.8,93.0,29.68,8.89,25.0,222.0,3.1,0.8259169298032547
2026-04-24T10:11:00,04/24/202610:11,128.94,1.16,149.57039999999998,55.14,2.2399999999999998,123.51359999999998,123.2,0.3,5.0,198.7,23819.0,45062.0,17.9,16.8,93.0,29.68,8.89,25.0,222.0,3.1,0.8257890598674604
2026-04-24T10:12:00,04/24/202610:12,128.94,1.1800000000000002,152.1492,55.160000000000004,2.27,125.21320000000001,124.8,0.3,6.0,198.7,23819.0,45062.0,17.8,16.8,93.0,29.68,8.89,25.0,222.0,3.1,0.8229632492316753
2026-04-24T10:12:23,04/24/202610:12,128.98,1.2,154.77599999999998,55.17999999999999,2.3099999999999996,127.46579999999996,127.0,0.3,6.0,198.7,23819.0,45062.0,17.9,16.8,93.0,29.68,8.89,25.0,222.0,3.1,0.8235501628159403
2026-04-24T10:13:00,04/24/202610:13,129.02,1.21,156.1142,55.2,2.34,129.168,128.7,0.3,6.0,198.7,23819.0,45062.0,17.9,16.8,93.0,29.68,8.89,25.0,222.0,3.1,0.827394304938308
2026-04-24T10:13:23,04/24/202610:13,129.87,1.2,155.844,55.220000000000006,2.34,129.2148,129.3,0.3,6.0,198.7,23819.0,45062.0,17.8,16.8,93.0,29.68,8.89,25.0,222.0,3.1,0.8291291291291292
2026-04-24T10:14:00,04/24/202610:14,130.73,1.1800000000000002,154.2614,55.239999999999995,2.3099999999999996,127.60439999999997,128.2,0.3,6.0,198.7,23819.0,45062.0,17.8,16.8,93.0,29.68,8.89,25.0,222.0,3.1,0.8271959155044617
2026-04-24T10:14:24,04/24/202610:14,131.56,1.17,153.9252,55.260000000000005,2.3,127.098,127.7,0.3,6.0,198.7,23819.0,45062.0,17.8,16.8,93.0,29.68,8.89,25.0,222.0,3.1,0.8257127487896719
2026-04-24T10:15:00,04/24/202610:15,132.45,1.15,152.31749999999997,55.27,2.29,126.56830000000001,127.2,0.3,6.0,198.7,23819.0,45062.0,17.8,16.8,93.0,29.68,8.89,25.0,222.0,3.1,0.8309504817240306
2026-04-24T10:15:24,04/24/202610:15,133.55,1.1300000000000001,150.91150000000002,55.279999999999994,2.26,124.93279999999997,125.6,0.3,6.0,198.7,23819.0,45062.0,17.9,16.8,93.0,29.68,8.89,25.0,222.0,3.1,0.8278547360539121
2026-04-24T10:16:00,04/24/202610:16,134.57999999999998,1.1199999999999999,150.72959999999998,55.29,2.2399999999999998,123.84959999999998,124.5,0.3,6.0,198.7,23819.0,45062.0,17.9,16.8,93.0,29.68,8.89,25.0,222.0,3.1,0.8216674097191262
2026-04-24T10:16:11,04/24/202610:16,135.57,1.1199999999999999,151.83839999999998,55.31,2.23,123.3413,123.9,0.3,6.0,198.7,23819.0,45062.0,17.9,16.880000000000003,92.9,29.68,8.908000000000001,25.8,242.2,3.15,0.8123195449899369
2026-04-24T10:17:57,04/24/202610:17,136.66,1.1,150.32600000000002,55.3,2.19,121.10699999999999,121.8,0.3,6.0,198.7,23819.0,45062.0,17.9,16.96,92.8,29.68,8.926,26.6,262.4,3.2,0.8056290994239185
2026-04-24T10:18:01,04/24/202610:18,137.70999999999998,1.08,148.7268,55.29,2.1399999999999997,118.32059999999998,119.1,0.3,6.0,198.7,23819.0,45062.0,17.9,17.04,92.7,29.68,8.943999999999999,27.4,282.6,3.25,0.795556685143498
2026-04-24T10:18:11,04/24/202610:18,138.78,1.06,147.10680000000002,55.29,2.1,116.10900000000001,116.9,0.3,6.0,198.7,23819.0,45062.0,17.9,17.12,92.6,29.68,8.962,28.2,302.8,3.3,0.7892837040843794
2026-04-24T10:19:14,04/24/202610:19,139.07,1.06,147.4142,55.29,2.09,115.55609999999999,115.8,0.3,6.0,198.7,23819.0,45062.0,17.9,17.2,92.5,29.68,8.98,29.0,323.0,3.35,0.7838871696213797
2026-04-24T10:20:01,04/24/202610:20,139.35999999999999,1.06,147.7216,55.29,2.08,115.0032,114.7,0.3,6.0,198.7,23819.0,45062.0,17.9,17.28,92.4,29.68,8.998000000000001,29.8,343.2,3.4,0.7785130949028444
2026-04-24T10:20:14,04/24/202610:20,139.7,1.05,146.685,55.29,2.06,113.8974,113.6,0.3,6.0,198.7,23819.0,45062.0,17.9,17.360000000000003,92.3,29.68,9.016,30.6,363.4,3.45,0.776476122302894
2026-04-24T10:21:00,04/24/202610:21,140.04000000000002,1.04,145.64160000000004,55.29,2.04,112.7916,112.5,0.3,6.0,198.7,23819.0,45062.0,17.9,17.44,92.2,29.68,9.034,31.4,383.6,3.5,0.7744463120427129
2026-04-24T10:21:14,04/24/202610:21,140.15,1.03,144.3545,55.29,2.05,113.34449999999998,113.0,0.3,6.0,198.7,23819.0,45062.0,17.9,17.520000000000003,92.1,29.68,9.052000000000001,32.2,403.8,3.55,0.7851816188618989
2026-04-24T10:22:01,04/24/202610:22,140.26,1.02,143.0652,55.29,2.06,113.8974,113.5,0.3,6.0,198.7,23819.0,45062.0,17.9,17.6,92.0,29.68,9.07,33.0,424.0,3.6,0.796122327442313
2026-04-24T10:22:14,04/24/202610:22,140.51,1.01,141.9151,55.279999999999994,2.06,113.87679999999999,113.5,0.3,6.0,198.7,23819.0,45062.0,17.9,17.6,92.0,29.68,9.07,33.0,424.0,3.6,0.8024290579367522
2026-04-24T10:23:00,04/24/202610:23,140.66,1.02,143.4732,55.29,2.0900000000000003,115.55610000000001,115.1,0.3,6.0,198.7,23819.0,45062.0,17.9,17.6,92.0,29.68,9.07,33.0,424.0,3.6,0.8054194093391659
2026-04-24T10:23:15,04/24/202610:23,140.78,1.02,143.5956,55.3,2.1100000000000003,116.683,116.2,0.3,6.0,198.7,23819.0,45062.0,17.9,17.6,92.0,29.68,9.07,33.0,424.0,3.6,0.8125806083194751
2026-04-24T10:24:01,04/24/202610:24,140.88,1.02,143.6976,55.3,2.12,117.236,116.8,0.3,6.0,198.7,23819.0,45062.0,17.9,17.6,92.0,29.68,9.07,33.0,424.0,3.6,0.8158521784636626
2026-04-24T10:24:14,04/24/202610:24,140.92000000000002,1.03,145.1476,55.3,2.14,118.342,117.9,0.3,6.0,198.7,23819.0,45062.0,17.8,17.6,92.0,29.68,9.07,33.0,424.0,3.6,0.8153217827921371
2026-04-24T10:25:00,04/24/202610:25,140.95999999999998,1.04,146.59839999999997,55.3,2.16,119.44800000000001,119.0,0.3,6.0,198.7,23819.0,45062.0,17.8,17.6,92.0,29.68,9.07,33.0,424.0,3.6,0.8147974329869905
2026-04-24T10:25:14,04/24/202610:25,140.89000000000001,1.04,146.52560000000003,55.3,2.1700000000000004,120.00100000000002,119.5,0.3,6.0,198.7,23819.0,45062.0,17.9,17.6,92.0,29.68,9.07,33.0,424.0,3.6,0.8189763427005247
2026-04-24T10:26:00,04/24/202610:26,140.82,1.04,146.4528,55.3,2.18,120.554,120.0,0.3,6.0,198.7,23819.0,45062.0,17.9,17.6,92.0,29.68,9.07,33.0,424.0,3.6,0.8231594069898288
2026-04-24T10:26:14,04/24/202610:26,140.99,1.04,146.6296,55.3,2.14,118.342,117.8,0.3,6.0,198.7,23819.0,45062.0,17.9,17.6,92.0,29.68,9.07,33.0,424.0,3.6,0.8070812441689809
2026-04-24T10:27:01,04/24/202610:27,141.16,1.04,146.8064,55.3,2.1,116.13,115.6,0.3,6.0,198.7,23819.0,45062.0,17.9,17.6,92.0,29.68,9.07,33.0,424.0,3.6,0.7910418074416374
2026-04-24T10:27:15,04/24/202610:27,141.15,1.03,145.3845,55.3,2.0700000000000003,114.471,114.0,0.3,6.0,198.7,23819.0,45062.0,17.9,17.6,92.0,29.68,9.07,33.0,424.0,3.6,0.7873672915613426
2026-04-24T10:29:08,04/24/202610:29,141.17000000000002,1.02,143.9934,55.3,2.04,112.812,112.4,0.3,6.0,198.7,23819.0,45062.0,17.8,17.6,92.0,29.68,9.07,33.0,424.0,3.6,0.7834525749096833
2026-04-24T10:29:14,04/24/202610:29,141.22,1.02,144.0444,55.3,2.04,112.812,112.4,0.3,6.0,198.7,23819.0,45062.0,17.9,17.6,92.0,29.68,9.07,33.0,424.0,3.6,0.7831751876504744
2026-04-24T10:30:00,04/24/202610:30,141.27,1.02,144.0954,55.3,2.04,112.812,112.4,0.3,6.0,198.7,23819.0,45062.0,17.9,17.6,92.0,29.68,9.07,33.0,424.0,3.6,0.7828979967438238
2026-04-24T10:30:14,04/24/202610:30,141.35999999999999,1.01,142.7736,55.31,2.02,111.7262,111.3,0.3,6.0,198.7,23819.0,45062.0,17.9,17.6,92.0,29.68,9.07,33.0,428.3,3.6,0.7825410299943408
2026-04-24T10:31:01,04/24/202610:31,141.45,1.0,141.45,55.31999999999999,2.0,110.63999999999999,110.2,0.3,6.0,198.7,23819.0,45062.0,17.9,17.6,92.0,29.68,9.07,33.0,432.6,3.6,0.7821845174973489
2026-04-24T10:31:15,04/24/202610:31,141.55,1.0,141.55,55.31999999999999,1.98,109.53359999999998,109.1,0.3,6.0,198.7,23819.0,45062.0,17.9,17.630000000000003,91.8,29.68,9.033,33.2,448.6,3.6399999999999997,0.7738156128576472
2026-04-24T10:32:00,04/24/202610:32,141.65,1.0,141.65,55.31999999999999,1.9600000000000002,108.4272,108.0,0.3,6.0,198.7,23819.0,45062.0,17.9,17.660000000000004,91.6,29.68,8.996,33.4,464.6,3.6799999999999997,0.7654585245322979
2026-04-24T10:32:14,04/24/202610:32,141.49,1.0,141.49,55.33,1.9899999999999998,110.10669999999999,109.7,0.3,6.0,198.7,23819.0,45062.0,17.9,17.73,91.4,29.68,8.959,33.6,480.6,3.72,0.7781942186726976
2026-04-24T10:33:01,04/24/202610:33,141.32999999999998,1.0,141.32999999999998,55.339999999999996,2.02,111.7868,111.4,0.3,6.0,198.7,23819.0,45062.0,17.9,17.8,91.2,29.68,8.922,33.8,496.6,3.7600000000000002,0.7909629944102456
2026-04-24T10:33:14,04/24/202610:33,141.25,0.99,139.8375,55.339999999999996,2.0100000000000002,111.2334,110.8,0.3,6.0,198.7,23819.0,45062.0,17.9,17.87,91.0,29.68,8.848,33.6,512.6,3.8,0.7954475730758916
2026-04-24T10:34:00,04/24/202610:34,141.14000000000001,0.9800000000000001,138.3172,55.339999999999996,2.0,110.67999999999999,110.2,0.3,6.0,198.7,23819.0,45062.0,17.9,17.94,90.8,29.68,8.774,33.4,528.6,3.84,0.8001897088720707
2026-04-24T10:34:14,04/24/202610:34,140.91,0.99,139.5009,55.339999999999996,1.9899999999999998,110.12659999999998,109.6,0.3,6.0,198.7,23819.0,45062.0,17.9,18.009999999999998,90.6,29.68,8.606,33.6,544.6,3.88,0.789432899716059
2026-04-24T10:35:01,04/24/202610:35,140.68,1.0,140.68,55.339999999999996,1.98,109.57319999999999,109.0,0.3,6.0,198.7,23819.0,45062.0,17.9,18.080000000000002,90.4,29.68,8.437999999999999,33.8,560.6,3.9200000000000004,0.7788825703724764
2026-04-24T10:35:15,04/24/202610:35,140.54000000000002,1.0,140.54000000000002,55.33,1.9600000000000002,108.44680000000001,107.9,0.3,6.0,198.7,23819.0,45062.0,17.9,18.15,90.2,29.68,8.27,34.0,572.3,3.96,0.7716436601679236
2026-04-24T10:36:00,04/24/202610:36,140.4,1.0,140.4,55.31999999999999,1.94,107.32079999999998,106.8,0.3,6.0,198.7,23819.0,45062.0,17.9,18.22,90.0,29.68,8.102,34.2,584.0,4.0,0.7643931623931622
2026-04-24T10:36:15,04/24/202610:36,140.34,1.0,140.34,55.31999999999999,1.94,107.32079999999998,106.8,0.3,6.0,198.7,23819.0,45062.0,17.9,18.259999999999998,90.0,29.683,7.970999999999999,34.2,584.0,4.0,0.7647199657973491
2026-04-24T10:37:01,04/24/202610:37,140.28,1.0,140.28,55.31999999999999,1.94,107.32079999999998,106.8,0.3,6.0,198.7,23819.0,45062.0,17.9,18.3,90.0,29.686,7.839999999999999,34.2,584.0,4.0,0.7650470487596235
2026-04-24T10:37:14,04/24/202610:37,140.27,1.0,140.27,55.31,1.92,106.1952,105.7,0.3,6.0,198.7,23819.0,45062.0,17.9,18.3,90.0,29.689,7.7090000000000005,34.2,584.0,4.0,0.757077065659086
2026-04-24T10:38:01,04/24/202610:38,140.26,1.0,140.26,55.3,1.9,105.07,104.6,0.3,6.0,198.7,23819.0,45062.0,17.9,18.3,90.0,29.692,7.578,34.2,584.0,4.0,0.7491087979466705
2026-04-24T10:38:15,04/24/202610:38,140.31,1.01,141.7131,55.3,1.92,106.17599999999999,105.7,0.3,6.0,198.7,23819.0,45062.0,17.9,18.3,90.0,29.695,7.484,34.6,584.0,4.0,0.7492320752280487
2026-04-24T10:39:01,04/24/202610:39,140.35999999999999,1.02,143.16719999999998,55.3,1.94,107.282,106.8,0.3,6.0,198.7,23819.0,45062.0,17.9,18.3,90.0,29.698,7.389999999999999,35.0,584.0,4.0,0.7493476159343762
2026-04-24T10:40:21,04/24/202610:40,140.70999999999998,1.0,140.70999999999998,55.3,1.92,106.17599999999999,105.7,0.3,6.0,198.7,23819.0,45062.0,17.9,18.3,90.0,29.701,7.389999999999999,35.0,584.0,4.0,0.754573235733068
2026-04-24T10:41:00,04/24/202610:41,141.06,0.9800000000000001,138.23880000000003,55.3,1.9,105.07,104.6,0.3,6.0,198.7,23819.0,45062.0,17.9,18.3,90.0,29.704,7.389999999999999,35.0,584.0,4.0,0.7600615746085757
2026-04-24T10:41:20,04/24/202610:41,141.2,0.97,136.964,55.3,1.92,106.17599999999999,105.7,0.3,7.0,198.7,23819.0,45062.0,17.9,18.3,90.0,29.707,7.389999999999999,35.0,584.0,4.0,0.7752110043515084
2026-04-24T10:42:00,04/24/202610:42,141.34,0.96,135.6864,55.3,1.94,107.282,106.8,0.3,7.0,198.7,23819.0,45062.0,17.9,18.3,90.0,29.71,7.389999999999999,35.0,584.0,4.0,0.7906614074807792
2026-04-24T10:42:19,04/24/202610:42,141.39000000000001,0.95,134.3205,55.3,1.92,106.17599999999999,105.7,0.3,7.0,198.7,23819.0,45062.0,17.9,18.3,90.0,29.71,7.389999999999999,35.0,584.0,4.0,0.7904675756865108
2026-04-24T10:43:00,04/24/202610:43,141.44,0.9400000000000001,132.9536,55.3,1.9,105.07,104.6,0.3,7.0,198.7,23819.0,45062.0,17.9,18.3,90.0,29.71,7.389999999999999,35.0,584.0,4.0,0.7902757052084336
2026-04-24T10:43:20,04/24/202610:43,141.35,0.9400000000000001,132.869,55.3,1.89,104.517,104.0,0.3,7.0,198.7,23819.0,45062.0,17.9,18.3,90.0,29.71,7.389999999999999,35.0,584.0,4.0,0.7866168933310252
2026-04-24T10:44:01,04/24/202610:44,141.26,0.9400000000000001,132.7844,55.3,1.8800000000000001,103.964,103.4,0.3,7.0,198.7,23819.0,45062.0,17.9,18.3,90.0,29.71,7.389999999999999,35.0,584.0,4.0,0.7829534192269574
2026-04-24T10:44:21,04/24/202610:44,141.2,0.93,131.316,55.3,1.85,102.30499999999999,101.8,0.3,7.0,198.7,23819.0,45062.0,17.9,18.3,90.0,29.71,7.389999999999999,35.0,584.0,4.0,0.7790749032867281
2026-04-24T10:45:00,04/24/202610:45,141.14000000000001,0.9199999999999999,129.8488,55.3,1.8199999999999998,100.64599999999999,100.2,0.3,7.0,198.7,23819.0,45062.0,17.9,18.3,90.0,29.71,7.389999999999999,35.0,584.0,4.0,0.7751015026707985
2026-04-24T10:45:20,04/24/202610:45,140.94,0.9199999999999999,129.66479999999999,55.3,1.81,100.093,99.7,0.3,7.0,198.7,23819.0,45062.0,17.9,18.3,90.0,29.71,7.389999999999999,35.0,584.0,4.0,0.7719365625829062
2026-04-24T10:46:00,04/24/202610:46,140.74,0.9199999999999999,129.4808,55.3,1.8,99.53999999999999,99.2,0.3,7.0,198.7,23819.0,45062.0,17.9,18.3,90.0,29.71,7.389999999999999,35.0,584.0,4.0,0.7687626273547893
2026-04-24T10:46:20,04/24/202610:46,140.74,0.9199999999999999,129.4808,55.3,1.77,97.881,97.6,0.3,7.0,198.7,23819.0,45062.0,17.9,18.34,90.0,29.71,7.478,34.8,584.2,4.029999999999999,0.7559499168988763
2026-04-24T10:47:01,04/24/202610:47,140.74,0.9199999999999999,129.4808,55.3,1.7399999999999998,96.22199999999998,96.0,0.3,7.0,198.7,23819.0,45062.0,17.9,18.380000000000003,90.0,29.71,7.566,34.6,584.4,4.0600000000000005,0.7431372064429629
2026-04-24T10:47:20,04/24/202610:47,140.97,0.9199999999999999,129.6924,55.3,1.7399999999999998,96.22199999999998,96.0,0.3,7.0,198.7,23819.0,45062.0,17.9,18.419999999999998,90.0,29.71,7.653999999999999,34.4,584.6,4.09,0.7419247388436021
2026-04-24T10:48:01,04/24/202610:48,141.2,0.9199999999999999,129.90399999999997,55.3,1.7399999999999998,96.22199999999998,96.0,0.3,7.0,198.7,23819.0,45062.0,17.9,18.46,90.0,29.71,7.742,34.2,584.8,4.12,0.7407162212095086
2026-04-24T10:48:21,04/24/202610:48,141.70999999999998,0.9,127.53899999999999,55.3,1.72,95.116,94.9,0.3,7.0,198.7,23819.0,45062.0,17.9,18.5,90.0,29.71,7.83,34.0,585.0,4.15,0.7457797222810278
2026-04-24T10:49:01,04/24/202610:49,142.22,0.8800000000000001,125.15360000000001,55.3,1.7,94.00999999999999,93.8,0.3,7.0,198.7,23819.0,45062.0,17.9,18.54,90.0,29.71,7.917999999999999,33.8,585.2,4.18,0.7511569783050586
2026-04-24T10:49:20,04/24/202610:49,142.65,0.8700000000000001,124.10550000000002,55.3,1.7,94.00999999999999,93.8,0.3,7.0,198.7,23819.0,45062.0,17.9,18.580000000000002,90.0,29.71,8.006,33.6,585.4,4.21,0.7575006748290767
2026-04-24T10:50:01,04/24/202610:50,143.07999999999998,0.86,123.04879999999999,55.3,1.7,94.00999999999999,93.8,0.3,7.0,198.7,23819.0,45062.0,17.9,18.619999999999997,90.0,29.71,8.094,33.4,585.6,4.24,0.7640058253310882
2026-04-24T10:51:32,04/24/202610:51,143.70999999999998,0.86,123.59059999999998,55.3,1.69,93.457,93.2,0.4,7.0,198.7,23819.0,45062.0,17.9,18.66,90.0,29.71,8.181999999999999,33.2,585.8,4.27,0.7561821044642555
2026-04-24T10:52:00,04/24/202610:52,144.34,0.86,124.1324,55.3,1.6800000000000002,92.90400000000001,92.6,0.4,7.0,198.7,23819.0,45062.0,17.9,18.7,90.0,29.71,8.27,33.0,586.0,4.3,0.7484266798998489
2026-04-24T10:52:21,04/24/202610:52,144.87,0.86,124.5882,55.3,1.67,92.35099999999998,92.0,0.4,7.0,198.7,23819.0,45062.0,17.9,18.7,90.0,29.71,8.27,33.0,586.0,4.3,0.7412499739140623
2026-04-24T10:53:00,04/24/202610:53,145.4,0.86,125.044,55.3,1.6600000000000001,91.798,91.4,0.4,7.0,198.7,23819.0,45062.0,17.9,18.7,90.0,29.71,8.27,33.0,586.0,4.3,0.7341255877930969
2026-04-24T10:53:20,04/24/202610:53,145.82,0.86,125.4052,55.3,1.65,91.24499999999999,90.9,0.4,7.0,198.7,23819.0,45062.0,17.9,18.7,90.0,29.71,8.27,33.0,586.0,4.3,0.727601407278167
2026-04-24T10:54:00,04/24/202610:54,146.24,0.86,125.7664,55.3,1.64,90.692,90.4,0.4,7.0,198.7,23819.0,45062.0,17.9,18.7,90.0,29.71,8.27,33.0,586.0,4.3,0.7211147015419062
2026-04-24T10:54:20,04/24/202610:54,146.42000000000002,0.8700000000000001,127.38540000000003,55.31,1.6600000000000001,91.81460000000001,91.5,0.4,7.0,198.7,23819.0,45062.0,17.9,18.7,90.0,29.71,8.27,33.0,586.0,4.3,0.7207623479613833
2026-04-24T10:55:00,04/24/202610:55,146.6,0.8800000000000001,129.008,55.31999999999999,1.6800000000000002,92.9376,92.6,0.4,7.0,198.7,23819.0,45062.0,17.9,18.7,90.0,29.71,8.27,33.0,586.0,4.3,0.7204018355450824
2026-04-24T10:55:20,04/24/202610:55,146.57999999999998,0.89,130.4562,55.31999999999999,1.69,93.49079999999998,93.1,0.4,7.0,198.7,23819.0,45062.0,17.9,18.7,90.0,29.71,8.27,33.0,586.0,4.3,0.7166451268701678
2026-04-24T10:56:00,04/24/202610:56,146.56,0.9,131.904,55.31999999999999,1.7,94.04399999999998,93.6,0.4,7.0,198.7,23819.0,45062.0,17.9,18.7,90.0,29.71,8.27,33.0,586.0,4.3,0.7129730713245996
2026-04-24T10:56:20,04/24/202610:56,146.26,0.89,130.1714,55.31999999999999,1.7100000000000002,94.5972,94.2,0.4,7.0,198.7,23819.0,45062.0,17.9,18.7,90.0,29.71,8.27,33.0,586.0,4.3,0.726712626583105
2026-04-24T10:57:00,04/24/202610:57,145.95999999999998,0.8800000000000001,128.4448,55.31999999999999,1.72,95.15039999999999,94.8,0.4,7.0,198.7,23819.0,45062.0,17.9,18.7,90.0,29.71,8.27,33.0,586.0,4.3,0.7407882607937417
2026-04-24T10:57:21,04/24/202610:57,145.6,0.8700000000000001,126.67200000000001,55.31999999999999,1.7100000000000002,94.5972,94.2,0.4,7.0,198.7,23819.0,45062.0,17.9,18.7,90.0,29.71,8.27,33.0,586.0,4.3,0.7467885562713148
2026-04-24T10:58:00,04/24/202610:58,145.24,0.86,124.9064,55.31999999999999,1.7,94.04399999999998,93.6,0.4,7.0,198.7,23819.0,45062.0,17.9,18.7,90.0,29.71,8.27,33.0,586.0,4.3,0.7529157833385638
2026-04-24T10:58:20,04/24/202610:58,144.7,0.8700000000000001,125.88900000000001,55.31999999999999,1.7100000000000002,94.5972,94.1,0.4,7.0,198.7,23819.0,45062.0,17.9,18.7,90.0,29.71,8.27,33.0,586.0,4.3,0.751433405619236
2026-04-24T10:59:00,04/24/202610:59,144.16,0.8800000000000001,126.86080000000001,55.31999999999999,1.72,95.15039999999999,94.6,0.4,7.0,198.7,23819.0,45062.0,17.9,18.7,90.0,29.71,8.27,33.0,586.0,4.3,0.7500378367470486
2026-04-24T10:59:21,04/24/202610:59,143.72,0.8800000000000001,126.47360000000002,55.31,1.7100000000000002,94.58010000000002,94.1,0.4,7.0,198.7,23819.0,45062.0,17.9,18.7,90.0,29.71,8.27,33.0,586.0,4.3,0.7478248424967741
2026-04-24T11:00:00,04/24/202611:00,143.28,0.8800000000000001,126.08640000000001,55.3,1.7,94.00999999999999,93.6,0.4,7.0,198.7,23819.0,45062.0,17.9,18.7,90.0,29.71,8.27,33.0,586.0,4.3,0.7455998426475812
2026-04-24T11:00:20,04/24/202611:00,143.07,0.89,127.33229999999999,55.29,1.7100000000000002,94.5459,94.2,0.4,7.0,198.7,23819.0,45062.0,17.9,18.7,90.0,29.71,8.27,33.0,586.0,4.3,0.7425130936926453
2026-04-24T11:00:26,04/24/202611:00,142.89000000000001,0.89,127.17210000000001,55.29,1.7100000000000002,94.5459,94.2,0.4,7.0,198.7,23819.0,45062.0,17.9,18.7,90.0,29.71,8.27,33.0,586.0,4.3,0.7434484450598834
2026-04-24T11:01:00,04/24/202611:01,142.75,0.9,128.475,55.29,1.72,95.0988,94.7,0.4,7.0,198.7,23819.0,45062.0,17.9,18.7,90.0,29.71,8.27,33.0,586.0,4.3,0.7402124927028605
2026-04-24T11:01:26,04/24/202611:01,142.63,0.9,128.367,55.29,1.7,93.993,94.1,0.4,7.0,198.7,23819.0,45062.0,17.9,18.72,89.9,29.71,8.381,33.0,583.4,4.33,0.7322208978943187
2026-04-24T11:02:43,04/24/202611:02,142.56,0.9099999999999999,129.72959999999998,55.29,1.72,95.0988,95.3,0.4,7.0,198.7,23819.0,45062.0,17.9,18.74,89.8,29.71,8.492,33.0,580.8,4.359999999999999,0.7330539830539832
2026-04-24T11:03:01,04/24/202611:03,142.49,0.9199999999999999,131.0908,55.29,1.7399999999999998,96.20459999999999,96.5,0.4,7.0,198.7,23819.0,45062.0,17.9,18.759999999999998,89.7,29.71,8.603,33.0,578.2,4.39,0.7338775871380752
2026-04-24T11:03:26,04/24/202611:03,142.57,0.9,128.313,55.25,1.7100000000000002,94.4775,94.8,0.4,7.0,198.7,23819.0,45062.0,17.9,18.779999999999998,89.6,29.71,8.714,33.0,575.6,4.42,0.7363049729957215
2026-04-24T11:04:01,04/24/202611:04,142.65,0.8800000000000001,125.53200000000002,55.21,1.6800000000000002,92.75280000000001,93.1,0.4,7.0,198.7,23819.0,45062.0,17.9,18.8,89.5,29.71,8.825,33.0,573.0,4.45,0.7388777363540769
2026-04-24T11:04:26,04/24/202611:04,142.7,0.86,122.722,55.169999999999995,1.6300000000000001,89.9271,90.2,0.4,7.0,198.7,23819.0,45062.0,17.9,18.82,89.4,29.71,8.936,33.0,570.4,4.4799999999999995,0.7327708153387331
2026-04-24T11:05:00,04/24/202611:05,142.75,0.8400000000000001,119.91000000000001,55.129999999999995,1.58,87.1054,87.3,0.4,7.0,198.7,23819.0,45062.0,17.9,18.839999999999996,89.3,29.71,9.047,33.0,567.8,4.51,0.7264231506963555
2026-04-24T11:05:26,04/24/202611:05,142.72,0.8300000000000001,118.45760000000001,55.1,1.53,84.303,84.4,0.4,7.0,198.7,23819.0,45062.0,17.9,18.86,89.2,29.71,9.158000000000001,33.0,565.2,4.54,0.7116723620941162
2026-04-24T11:06:01,04/24/202611:06,142.66,0.8300000000000001,118.40780000000001,55.06,1.49,82.0394,82.1,0.4,7.0,198.7,23819.0,45062.0,17.9,18.88,89.1,29.71,9.269000000000002,33.0,562.6,4.569999999999999,0.6928546936941654
2026-04-24T11:06:26,04/24/202611:06,142.62,0.8300000000000001,118.37460000000002,55.019999999999996,1.47,80.87939999999999,80.9,0.4,7.0,198.7,23819.0,45062.0,17.9,18.9,89.0,29.71,9.38,33.0,560.0,4.6,0.6832496160493888
2026-04-24T11:07:00,04/24/202611:07,142.56,0.8400000000000001,119.75040000000001,54.98,1.48,81.37039999999999,80.8,0.4,7.0,198.7,23819.0,45062.0,17.9,18.9,89.0,29.71,9.38,33.0,560.0,4.6,0.6795000267222487
2026-04-24T11:07:26,04/24/202611:07,142.54000000000002,0.82,116.8828,54.94,1.4300000000000002,78.5642,77.9,0.4,7.0,198.7,23819.0,45062.0,17.9,18.9,89.0,29.71,9.38,33.0,560.0,4.6,0.6721622000841869
2026-04-24T11:08:01,04/24/202611:08,142.52,0.8,114.01600000000002,54.9,1.3800000000000001,75.762,75.0,0.4,7.0,198.7,23819.0,45062.0,17.9,18.9,89.0,29.71,9.38,33.0,560.0,4.6,0.6644856862194779
2026-04-24T11:08:25,04/24/202611:08,142.39000000000001,0.8,113.91200000000002,54.9,1.4,76.86,76.1,0.4,7.0,198.7,23819.0,45062.0,17.9,18.9,89.0,29.71,9.38,33.0,560.0,4.6,0.6747313715850831
2026-04-24T11:09:01,04/24/202611:09,142.26,0.8,113.80799999999999,54.9,1.42,77.958,77.2,0.4,7.0,198.7,23819.0,45062.0,17.9,18.9,89.0,29.71,9.38,33.0,560.0,4.6,0.6849957823703079
2026-04-24T11:09:26,04/24/202611:09,142.23,0.8,113.78399999999999,54.9,1.4300000000000002,78.507,77.8,0.4,7.0,198.7,23819.0,45062.0,17.9,18.9,89.0,29.71,9.38,33.0,560.0,4.6,0.6899651972157773
2026-04-24T11:10:01,04/24/202611:10,142.2,0.8,113.75999999999999,54.9,1.44,79.056,78.4,0.4,7.0,198.7,23819.0,45062.0,17.9,18.9,89.0,29.71,9.38,33.0,560.0,4.6,0.6949367088607595
2026-04-24T11:10:26,04/24/202611:10,142.24,0.78,110.94720000000001,54.9,1.44,79.056,78.4,0.4,7.0,198.7,23819.0,45062.0,17.9,18.9,89.0,29.71,9.38,33.0,560.0,4.6,0.7125551613740589
2026-04-24T11:11:01,04/24/202611:11,142.28,0.76,108.1328,54.9,1.44,79.056,78.4,0.4,7.0,198.7,23819.0,45062.0,17.9,18.9,89.0,29.71,9.38,33.0,560.0,4.6,0.731101016527825
2026-04-24T11:11:26,04/24/202611:11,142.32,0.75,106.74,54.9,1.45,79.60499999999999,79.0,0.4,7.0,198.7,23819.0,45062.0,17.9,18.9,89.0,29.71,9.38,33.0,560.0,4.6,0.7457841483979764
2026-04-24T11:12:01,04/24/202611:12,142.35999999999999,0.74,105.34639999999999,54.9,1.46,80.154,79.6,0.4,7.0,198.7,23819.0,45062.0,17.9,18.9,89.0,29.71,9.38,33.0,560.0,4.6,0.7608613108753598
2026-04-24T11:12:26,04/24/202611:12,142.41,0.76,108.2316,54.9,1.48,81.252,80.7,0.4,7.0,198.7,23819.0,45062.0,17.9,18.9,89.0,29.71,9.38,33.0,560.0,4.6,0.7507234486046589
2026-04-24T11:13:55,04/24/202611:13,142.48,0.77,109.7096,54.9,1.52,83.448,82.4,0.4,7.0,198.7,23819.0,45062.0,17.9,18.9,89.0,29.71,9.38,33.0,560.0,4.6,0.7606262350787898
2026-04-24T11:14:01,04/24/202611:14,142.66000000000003,0.77,109.84820000000002,54.9,1.51,82.899,81.3,0.4,7.0,198.7,23819.0,45062.0,17.9,18.9,89.0,29.71,9.38,33.0,560.0,4.6,0.7546687155547381
2026-04-24T11:14:26,04/24/202611:14,142.89000000000001,0.77,110.02530000000002,54.9,1.48,81.252,79.6,0.4,7.0,198.7,23819.0,45062.0,17.9,18.9,89.0,29.71,9.38,33.0,560.0,4.6,0.7384846939749311
2026-04-24T11:15:00,04/24/202611:15,143.04000000000002,0.78,111.57120000000002,54.9,1.49,81.801,80.1,0.4,7.0,198.7,23819.0,45062.0,17.9,18.9,89.0,29.71,9.38,33.0,560.0,4.6,0.7331730769230769
2026-04-24T11:15:27,04/24/202611:15,143.2,0.79,113.128,54.9,1.52,83.448,81.7,0.4,7.0,198.7,23819.0,45062.0,17.9,18.9,88.9,29.71,9.443000000000001,33.1,552.0,4.64,0.7376423166678452
2026-04-24T11:16:01,04/24/202611:16,143.33,0.8,114.66400000000002,54.9,1.54,84.546,82.8,0.4,7.0,198.7,23819.0,45062.0,17.9,18.9,88.8,29.71,9.506,33.2,544.0,4.68,0.7373369148119723
2026-04-24T11:16:26,04/24/202611:16,143.5,0.8099999999999999,116.23499999999999,54.9,1.55,85.095,83.4,0.4,7.0,198.7,23819.0,45062.0,17.9,18.9,88.7,29.71,9.568999999999999,33.3,536.0,4.72,0.732094463801781
2026-04-24T11:17:00,04/24/202611:17,143.65,0.8099999999999999,116.3565,54.9,1.53,83.997,82.3,0.4,7.0,198.7,23819.0,45062.0,17.9,18.9,88.6,29.71,9.632000000000001,33.4,528.0,4.76,0.7218934911242604
2026-04-24T11:17:27,04/24/202611:17,143.81,0.8,115.048,54.9,1.5,82.35,80.6,0.4,7.0,198.7,23819.0,45062.0,17.9,18.9,88.5,29.71,9.695,33.5,520.0,4.8,0.7157881927543286
2026-04-24T11:18:01,04/24/202611:18,143.94,0.78,112.2732,54.9,1.5,82.35,80.6,0.4,7.0,198.7,23819.0,45062.0,17.9,18.9,88.4,29.71,9.758,33.6,512.0,4.84,0.733478693045179
2026-04-24T11:18:26,04/24/202611:18,144.08,0.77,110.94160000000001,54.9,1.49,81.801,80.6,0.4,8.0,198.7,23819.0,45062.0,17.9,18.9,88.3,29.71,9.821000000000002,33.7,504.0,4.88,0.737333876562083
2026-04-24T11:19:00,04/24/202611:19,144.22,0.76,109.6072,54.9,1.48,81.252,80.6,0.4,8.0,198.7,23819.0,45062.0,17.9,18.9,88.2,29.71,9.884,33.8,496.0,4.92,0.7413016663138917
2026-04-24T11:19:26,04/24/202611:19,144.31,0.77,111.1187,54.9,1.48,81.252,80.6,0.4,8.0,198.7,23819.0,45062.0,17.9,18.9,88.1,29.71,9.947,33.9,488.0,4.96,0.7312180578066517
2026-04-24T11:20:00,04/24/202611:20,144.4,0.78,112.632,54.9,1.48,81.252,80.6,0.4,8.0,198.7,23819.0,45062.0,17.9,18.9,88.0,29.71,10.01,34.0,480.0,5.0,0.7213935648838695
2026-04-24T11:20:26,04/24/202611:20,144.49,0.77,111.25730000000001,54.9,1.4300000000000002,78.507,77.9,0.4,8.0,198.7,23819.0,45062.0,17.9,18.9,88.0,29.71,10.01,34.0,480.0,5.0,0.7056345965613042
2026-04-24T11:20:52,04/24/202611:20,144.56,0.77,111.3112,54.9,1.41,77.40899999999999,76.8,0.4,8.0,198.7,23819.0,45062.0,17.9,18.9,88.0,29.71,10.01,34.0,480.0,5.0,0.695428672047377
2026-04-24T11:21:01,04/24/202611:21,144.59,0.77,111.3343,54.9,1.4,76.86,76.2,0.4,8.0,198.7,23819.0,45062.0,17.9,18.9,88.0,29.71,10.01,34.0,480.0,5.0,0.6903532873516967
2026-04-24T11:21:52,04/24/202611:21,144.6,0.77,111.342,54.9,1.4,76.86,76.2,0.4,8.0,198.7,23819.0,45062.0,17.9,18.9,88.0,29.71,10.01,34.0,480.0,5.0,0.6903055450773293
2026-04-24T11:22:00,04/24/202611:22,144.6,0.78,112.788,54.9,1.41,77.40899999999999,76.8,0.4,8.0,198.7,23819.0,45062.0,17.9,18.9,88.0,29.71,10.01,34.0,480.0,5.0,0.6863230130864985
2026-04-24T11:22:52,04/24/202611:22,144.57,0.79,114.2103,54.9,1.41,77.40899999999999,76.8,0.4,8.0,198.7,23819.0,45062.0,17.9,18.9,88.0,29.71,10.01,34.0,480.0,5.0,0.6777759974363082
2026-04-24T11:23:01,04/24/202611:23,144.51,0.8,115.608,54.9,1.4,76.86,76.2,0.4,8.0,198.7,23819.0,45062.0,17.9,18.9,88.0,29.71,10.01,34.0,480.0,5.0,0.6648328835374714
2026-04-24T11:25:06,04/24/202611:25,144.42000000000002,0.8,115.53600000000002,54.9,1.38,75.76199999999999,75.1,0.4,8.0,198.7,23819.0,45062.0,17.9,18.9,88.0,29.71,10.01,34.0,480.0,5.0,0.6557436643124219
2026-04-24T11:25:52,04/24/202611:25,144.28,0.79,113.9812,54.9,1.3900000000000001,76.311,75.7,0.4,8.0,198.7,23819.0,45062.0,17.9,18.9,88.0,29.71,10.01,34.0,480.0,5.0,0.6695051464627501
2026-04-24T11:26:00,04/24/202611:26,144.14000000000001,0.78,112.42920000000001,54.9,1.4,76.86,76.3,0.4,8.0,198.7,23819.0,45062.0,17.9,18.9,88.0,29.71,10.01,34.0,480.0,5.0,0.6836302312922266
2026-04-24T11:26:53,04/24/202611:26,144.01,0.79,113.7679,54.9,1.42,77.958,77.4,0.4,8.0,198.7,23819.0,45062.0,17.9,18.9,88.0,29.71,10.01,34.0,480.0,5.0,0.6852372242082345
2026-04-24T11:27:01,04/24/202611:27,143.9,0.79,113.68100000000001,54.9,1.41,77.40899999999999,76.9,0.4,8.0,198.7,23819.0,45062.0,17.9,18.9,88.0,29.71,10.01,34.0,480.0,5.0,0.6809317300164494
2026-04-24T11:27:52,04/24/202611:27,143.82999999999998,0.78,112.1874,54.9,1.4,76.86,76.4,0.4,8.0,198.7,23819.0,45062.0,17.9,18.9,88.0,29.71,10.01,34.0,480.0,5.0,0.6851036747442226
2026-04-24T11:28:00,04/24/202611:28,143.78,0.77,110.7106,54.9,1.3800000000000001,75.762,75.3,0.4,8.0,198.7,23819.0,45062.0,17.9,18.9,88.0,29.71,10.01,34.0,480.0,5.0,0.6843247168744456
2026-04-24T11:28:22,04/24/202611:28,143.7,0.78,112.086,54.9,1.4,76.86,76.4,0.4,8.0,198.7,23819.0,45062.0,17.9,18.9,88.0,29.71,10.01,34.0,480.0,5.0,0.6857234623414165
2026-04-24T11:29:01,04/24/202611:29,143.65,0.79,113.4835,54.9,1.4300000000000002,78.507,78.1,0.4,8.0,198.7,23819.0,45062.0,17.9,18.9,88.0,29.71,10.01,34.0,480.0,5.0,0.6917921988659145
2026-04-24T11:29:22,04/24/202611:29,143.67000000000002,0.79,113.49930000000002,54.9,1.44,79.056,78.7,0.4,8.0,198.7,23819.0,45062.0,17.9,18.9,88.0,29.71,10.01,34.0,480.0,5.0,0.6965329301590405
2026-04-24T11:30:01,04/24/202611:30,143.72,0.8,114.976,54.9,1.46,80.154,79.8,0.4,8.0,198.7,23819.0,45062.0,17.9,18.9,88.0,29.71,10.01,34.0,480.0,5.0,0.6971367937656554
2026-04-24T11:30:22,04/24/202611:30,143.81,0.79,113.60990000000001,54.9,1.45,79.60499999999999,79.2,0.4,8.0,198.7,23819.0,45062.0,17.9,18.9,88.0,29.71,10.01,34.0,480.0,5.0,0.7006871760295537
2026-04-24T11:31:00,04/24/202611:31,143.9,0.78,112.242,54.9,1.44,79.056,78.6,0.4,8.0,198.7,23819.0,45062.0,17.9,18.9,88.0,29.71,10.01,34.0,480.0,5.0,0.7043352755652964
2026-04-24T11:32:19,04/24/202611:32,143.91,0.78,112.24980000000001,54.89,1.46,80.1394,79.7,0.4,8.0,198.7,23819.0,45062.0,17.9,18.9,87.8,29.71,9.997,34.4,481.0,5.04,0.7139380203795462
2026-04-24T11:32:42,04/24/202611:32,143.9,0.78,112.242,54.89,1.46,80.1394,79.7,0.4,8.0,198.7,23819.0,45062.0,17.9,18.9,87.6,29.71,9.984,34.8,495.0,5.08,0.7139876338625469
2026-04-24T11:33:00,04/24/202611:33,143.85,0.79,113.6415,54.89,1.46,80.1394,79.7,0.4,8.0,198.7,23819.0,45062.0,17.9,18.9,87.4,29.71,9.971,35.2,509.0,5.12,0.7051948451929972
2026-04-24T11:33:43,04/24/202611:33,143.84,0.79,113.6336,54.89,1.45,79.59049999999999,79.1,0.4,8.0,198.7,23819.0,45062.0,17.9,18.9,87.2,29.71,9.958,35.6,523.0,5.16,0.7004134340547161
2026-04-24T11:34:01,04/24/202611:34,143.85999999999999,0.77,110.7722,54.89,1.4,76.84599999999999,76.3,0.4,8.0,198.7,23819.0,45062.0,17.9,18.9,87.0,29.71,9.945,36.0,537.0,5.2,0.6937300152926456
2026-04-24T11:34:15,04/24/202611:34,143.89000000000001,0.76,109.35640000000001,54.89,1.3699999999999999,75.1993,74.6,0.4,8.0,198.7,23819.0,45062.0,17.9,18.9,86.8,29.71,9.932,36.4,551.0,5.24,0.6876533975149144
2026-04-24T11:35:00,04/24/202611:35,143.85,0.76,109.326,54.89,1.3599999999999999,74.65039999999999,74.0,0.4,8.0,198.7,23819.0,45062.0,17.9,18.9,86.6,29.71,9.919,36.8,565.0,5.28,0.6828238479410204
2026-04-24T11:36:18,04/24/202611:36,143.81,0.76,109.29560000000001,54.89,1.3599999999999999,74.65039999999999,74.0,0.4,8.0,198.7,23819.0,45062.0,17.9,18.919999999999998,86.4,29.71,9.738000000000001,38.1,579.0,5.32,0.6830137718261301
2026-04-24T11:37:00,04/24/202611:37,143.78,0.77,110.7106,54.89,1.3699999999999999,75.1993,74.6,0.4,8.0,198.7,23819.0,45062.0,17.9,18.939999999999998,86.2,29.71,9.557,39.4,593.0,5.36,0.6792420960594558
2026-04-24T11:37:14,04/24/202611:37,143.82,0.77,110.7414,54.89,1.3699999999999999,75.1993,74.6,0.4,8.0,198.7,23819.0,45062.0,18.0,18.96,86.0,29.71,9.376000000000001,40.7,607.0,5.4,0.6790531815563104
2026-04-24T11:38:01,04/24/202611:38,143.92000000000002,0.76,109.37920000000001,54.9,1.3599999999999999,74.66399999999999,74.0,0.4,8.0,198.7,23819.0,45062.0,18.0,18.98,86.0,29.71,9.208,41.6,620.0,5.4,0.6826160732570724
2026-04-24T11:38:15,04/24/202611:38,143.97,0.76,109.4172,54.9,1.38,75.76199999999999,75.1,0.4,8.0,198.7,23819.0,45062.0,17.9,19.0,85.9,29.71,9.040000000000001,42.5,620.0,5.4,0.6924139897566378
2026-04-24T11:39:00,04/24/202611:39,144.02,0.76,109.4552,54.9,1.4,76.86,76.2,0.4,8.0,198.7,23819.0,45062.0,17.9,19.02,85.8,29.71,8.872,43.4,620.0,5.4,0.7022051030924067
2026-04-24T11:39:14,04/24/202611:39,143.91,0.77,110.8107,54.9,1.42,77.958,77.3,0.4,8.0,198.7,23819.0,45062.0,17.9,19.04,85.7,29.71,8.703999999999999,44.3,620.0,5.4,0.7035241181582645
2026-04-24T11:40:38,04/24/202611:40,143.77,0.78,112.1406,54.9,1.44,79.056,77.9,0.4,8.0,198.7,23819.0,45062.0,17.9,19.060000000000002,85.6,29.71,8.536,45.2,620.0,5.4,0.7049721510318296
2026-04-24T11:40:39,04/24/202611:40,143.55,0.78,111.96900000000001,54.9,1.44,79.056,77.9,0.4,8.0,198.7,23819.0,45062.0,17.9,19.080000000000002,85.5,29.71,8.367999999999999,46.1,620.0,5.4,0.7060525681215336
2026-04-24T11:40:55,04/24/202611:40,143.32,0.78,111.7896,54.9,1.44,79.056,77.9,0.4,8.0,198.7,23819.0,45062.0,17.9,19.1,85.4,29.71,8.2,47.0,620.0,5.4,0.7071856415981451
2026-04-24T11:41:00,04/24/202611:41,143.09,0.78,111.6102,54.9,1.43,78.50699999999999,77.3,0.4,8.0,198.7,23819.0,45062.0,17.9,19.1,85.3,29.71,8.2,47.0,620.0,5.4,0.7034034523726325
2026-04-24T11:41:32,04/24/202611:41,142.82999999999998,0.78,111.4074,54.910000000000004,1.43,78.5213,77.3,0.4,8.0,198.7,23819.0,45062.0,17.9,19.1,85.2,29.71,8.2,47.0,620.0,5.4,0.7048122476603889
2026-04-24T11:42:00,04/24/202611:42,142.5,0.79,112.575,54.92,1.44,79.0848,77.9,0.4,8.0,198.7,23819.0,45062.0,17.9,19.1,85.1,29.71,8.2,47.0,620.0,5.4,0.7025076615589607
2026-04-24T11:42:31,04/24/202611:42,142.2,0.79,112.338,54.92,1.42,77.9864,76.8,0.4,8.0,198.7,23819.0,45062.0,17.9,19.1,85.0,29.71,8.2,47.0,620.0,5.4,0.6942121098826756
2026-04-24T11:43:01,04/24/202611:43,141.97,0.78,110.73660000000001,54.92,1.39,76.33879999999999,75.1,0.4,8.0,198.7,23819.0,45062.0,17.9,19.1,85.0,29.71,8.2,47.0,620.0,5.4,0.6893727999595435
2026-04-24T11:43:32,04/24/202611:43,141.72,0.78,110.5416,54.910000000000004,1.39,76.3249,75.1,0.4,8.0,198.7,23819.0,45062.0,17.9,19.1,85.0,29.71,8.2,47.0,620.0,5.4,0.6904631378594122
2026-04-24T11:44:00,04/24/202611:44,141.59,0.78,110.4402,54.9,1.4,76.86,75.7,0.4,8.0,198.7,23819.0,45062.0,17.9,19.1,85.0,29.71,8.2,47.0,620.0,5.4,0.6959422384240521
2026-04-24T11:44:31,04/24/202611:44,141.51,0.77,108.9627,54.9,1.4,76.86,76.2,0.4,8.0,198.7,23819.0,45062.0,17.9,19.1,85.0,29.71,8.2,47.0,620.0,5.4,0.7053789966658315
2026-04-24T11:45:01,04/24/202611:45,141.5,0.76,107.54,54.9,1.4,76.86,76.2,0.4,8.0,198.7,23819.0,45062.0,17.9,19.1,85.0,29.71,8.2,47.0,620.0,5.4,0.7147108052817556
2026-04-24T11:45:32,04/24/202611:45,141.45999999999998,0.76,107.50959999999999,54.9,1.4,76.86,76.2,0.4,8.0,198.7,23819.0,45062.0,17.9,19.1,85.0,29.71,8.2,47.0,620.0,5.4,0.7149129008014169
2026-04-24T11:46:00,04/24/202611:46,141.42000000000002,0.76,107.47920000000002,54.9,1.4,76.86,76.2,0.4,8.0,198.7,23819.0,45062.0,17.9,19.1,85.0,29.71,8.2,47.0,620.0,5.4,0.7151151106446642
2026-04-24T11:47:28,04/24/202611:47,141.45999999999998,0.75,106.09499999999998,54.89,1.3599999999999999,74.65039999999999,74.0,0.4,8.0,198.7,23819.0,45062.0,17.9,19.14,84.9,29.71,8.206999999999999,47.2,631.0,5.44,0.703618455158113
2026-04-24T11:47:31,04/24/202611:47,141.38,0.76,107.44879999999999,54.89,1.3900000000000001,76.29710000000001,75.7,0.4,8.0,198.7,23819.0,45062.0,17.9,19.18,84.8,29.71,8.213999999999999,47.4,642.0,5.48,0.7100786607202688
2026-04-24T11:48:00,04/24/202611:48,141.27,0.78,110.19060000000002,54.9,1.45,79.60499999999999,79.1,0.4,8.0,198.7,23819.0,45062.0,17.9,19.220000000000002,84.7,29.71,8.221,47.6,653.0,5.5200000000000005,0.722430043942042
2026-04-24T11:48:32,04/24/202611:48,141.22,0.79,111.5638,54.9,1.48,81.252,80.8,0.4,8.0,198.7,23819.0,45062.0,17.9,19.26,84.6,29.71,8.228,47.8,664.0,5.5600000000000005,0.728300757055604
2026-04-24T11:49:00,04/24/202611:49,141.19,0.79,111.54010000000001,54.910000000000004,1.48,81.2668,80.8,0.4,8.0,198.7,23819.0,45062.0,17.9,19.3,84.5,29.71,8.235,48.0,675.0,5.6,0.7285881938423938
2026-04-24T11:49:32,04/24/202611:49,141.23,0.78,110.15939999999999,54.92,1.46,80.1832,79.7,0.4,8.0,198.7,23819.0,45062.0,17.9,19.34,84.4,29.71,8.241999999999999,48.2,686.0,5.64,0.7278834125821311
2026-04-24T11:50:00,04/24/202611:50,141.25,0.78,110.175,54.92,1.45,79.634,79.2,0.4,8.0,198.7,23819.0,45062.0,17.9,19.380000000000003,84.3,29.71,8.248999999999999,48.4,697.0,5.68,0.7227955525300658
2026-04-24T11:50:32,04/24/202611:50,141.3,0.78,110.21400000000001,54.92,1.45,79.634,79.2,0.4,8.0,198.7,23819.0,45062.0,17.9,19.419999999999998,84.2,29.71,8.256,48.6,708.0,5.720000000000001,0.7225397862340537
2026-04-24T11:51:00,04/24/202611:51,141.39000000000001,0.77,108.87030000000001,54.92,1.45,79.634,79.2,0.4,8.0,198.7,23819.0,45062.0,17.9,19.46,84.1,29.71,8.263,48.8,719.0,5.76,0.7314575233098466
2026-04-24T11:52:17,04/24/202611:52,141.52,0.76,107.55520000000001,54.92,1.44,79.0848,78.7,0.4,8.0,198.7,23819.0,45062.0,17.9,19.5,84.0,29.71,8.27,49.0,730.0,5.8,0.7352949927107196
2026-04-24T11:52:47,04/24/202611:52,141.56,0.77,109.0012,54.92,1.47,80.7324,80.3,0.4,8.0,198.7,23819.0,45062.0,17.9,19.5,84.0,29.71,8.27,49.0,730.0,5.8,0.7406560661717486
2026-04-24T11:53:00,04/24/202611:53,141.72,0.76,107.7072,54.910000000000004,1.4300000000000002,78.52130000000001,78.0,0.4,8.0,198.7,23819.0,45062.0,17.9,19.5,84.0,29.71,8.27,49.0,730.0,5.8,0.729025543324866
2026-04-24T11:53:48,04/24/202611:53,141.82999999999998,0.75,106.37249999999999,54.9,1.3900000000000001,76.311,75.7,0.4,8.0,198.7,23819.0,45062.0,17.9,19.5,84.0,29.71,8.27,49.0,730.0,5.8,0.7173940633152367
2026-04-24T11:54:00,04/24/202611:54,141.88,0.75,106.41,54.9,1.38,75.76199999999999,75.1,0.4,8.0,198.7,23819.0,45062.0,17.9,19.5,84.0,29.71,8.27,49.0,730.0,5.8,0.7119819565830278
2026-04-24T11:54:47,04/24/202611:54,141.95,0.75,106.46249999999999,54.9,1.38,75.76199999999999,75.1,0.4,8.0,198.7,23819.0,45062.0,17.9,19.5,84.0,29.71,8.27,49.0,730.0,5.8,0.7116308559351884
2026-04-24T11:55:01,04/24/202611:55,141.95,0.76,107.88199999999999,54.9,1.4,76.86,76.2,0.4,8.0,198.7,23819.0,45062.0,17.9,19.5,84.0,29.71,8.27,49.0,730.0,5.8,0.7124450788824828
2026-04-24T11:55:48,04/24/202611:55,142.04000000000002,0.76,107.95040000000002,54.9,1.41,77.40899999999999,76.7,0.4,8.0,198.7,23819.0,45062.0,17.9,19.5,84.0,29.71,8.27,49.0,730.0,5.8,0.7170793253197764
2026-04-24T11:56:00,04/24/202611:56,142.1,0.76,107.996,54.9,1.41,77.40899999999999,76.7,0.4,8.0,198.7,23819.0,45062.0,17.9,19.5,84.0,29.71,8.27,49.0,730.0,5.8,0.7167765472795288
2026-04-24T11:56:48,04/24/202611:56,142.31,0.76,108.1556,54.910000000000004,1.41,77.4231,76.7,0.4,8.0,198.7,23819.0,45062.0,17.9,19.5,84.0,29.71,8.27,49.0,730.0,5.8,0.7158492024453658
2026-04-24T11:57:00,04/24/202611:57,142.48,0.76,108.28479999999999,54.92,1.42,77.9864,77.2,0.4,8.0,198.7,23819.0,45062.0,17.9,19.5,84.0,29.71,8.27,49.0,730.0,5.8,0.7201971098436716
2026-04-24T11:58:40,04/24/202611:58,142.62,0.75,106.965,54.92,1.42,77.9864,77.2,0.4,8.0,198.7,23819.0,45062.0,17.9,19.5,84.0,29.71,8.27,49.0,730.0,5.8,0.7290833450193989
2026-04-24T11:58:47,04/24/202611:58,142.72,0.74,105.6128,54.92,1.42,77.9864,77.2,0.4,8.0,198.7,23819.0,45062.0,17.9,19.5,84.0,29.71,8.27,49.0,730.0,5.8,0.7384180705369047
2026-04-24T11:59:00,04/24/202611:59,142.87,0.73,104.2951,54.92,1.42,77.9864,77.2,0.4,8.0,198.7,23819.0,45062.0,17.9,19.5,84.0,29.71,8.27,49.0,730.0,5.8,0.7477474972457958
2026-04-24T11:59:48,04/24/202611:59,143.04000000000002,0.73,104.41920000000002,54.92,1.4,76.88799999999999,76.2,0.4,8.0,198.7,23819.0,45062.0,18.0,19.5,84.0,29.71,8.27,49.0,730.0,5.8,0.736339676994269
2026-04-24T12:00:00,04/24/202600:00,143.19,0.73,104.5287,54.92,1.3699999999999999,75.2404,74.6,0.4,8.0,198.7,23819.0,45062.0,18.0,19.5,84.0,29.71,8.27,49.0,730.0,5.8,0.7198061393665088
2026-04-24T12:00:47,04/24/202600:00,143.3,0.72,103.176,54.92,1.3399999999999999,73.5928,72.9,0.4,8.0,198.7,23819.0,45062.0,18.0,19.5,84.0,29.71,8.27,49.0,730.0,5.8,0.7132744049003644
2026-04-24T12:01:00,04/24/202600:01,143.32,0.72,103.1904,54.92,1.3199999999999998,72.4944,71.8,0.4,8.0,198.7,23819.0,45062.0,18.0,19.5,84.0,29.71,8.27,49.0,730.0,5.8,0.702530467950507
2026-04-24T12:01:30,04/24/202600:01,143.26,0.72,103.14719999999998,54.92,1.31,71.9452,71.3,0.4,9.0,198.7,23819.0,45062.0,17.9,19.54,83.9,29.71,8.306999999999999,50.0,738.0,5.819999999999999,0.6975002714567144
2026-04-24T12:02:00,04/24/202600:02,143.05,0.72,102.99600000000001,54.910000000000004,1.3,71.38300000000001,70.8,0.4,9.0,198.7,23819.0,45062.0,17.9,19.580000000000002,83.8,29.71,8.344,51.0,746.0,5.84,0.6930657501262185
2026-04-24T12:02:29,04/24/202600:02,142.85999999999999,0.72,102.85919999999999,54.9,1.29,70.821,70.3,0.4,9.0,198.7,23819.0,45062.0,17.9,19.619999999999997,83.7,29.71,8.381,52.0,754.0,5.86,0.6885237295254095
2026-04-24T12:03:00,04/24/202600:03,142.74,0.72,102.7728,54.9,1.28,70.272,69.8,0.4,9.0,198.7,23819.0,45062.0,17.9,19.66,83.6,29.71,8.418000000000001,53.0,762.0,5.88,0.6837606837606838
2026-04-24T12:03:30,04/24/202600:03,142.5,0.73,104.02499999999999,54.910000000000004,1.29,70.8339,70.4,0.4,9.0,198.7,23819.0,45062.0,17.9,19.7,83.5,29.71,8.455,54.0,770.0,5.9,0.6809315068493151
2026-04-24T12:04:00,04/24/202600:04,142.26,0.74,105.27239999999999,54.92,1.3,71.396,71.0,0.4,9.0,198.7,23819.0,45062.0,17.9,19.74,83.4,29.71,8.492,55.0,778.0,5.92,0.6782024538245542
2026-04-24T12:04:30,04/24/202600:04,142.12,0.73,103.7476,54.92,1.3199999999999998,72.4944,72.0,0.4,9.0,198.7,23819.0,45062.0,17.9,19.779999999999998,83.3,29.71,8.529,56.0,786.0,5.9399999999999995,0.6987573688451588
2026-04-24T12:05:00,04/24/202600:05,141.98,0.72,102.22559999999999,54.92,1.34,73.59280000000001,73.0,0.4,9.0,198.7,23819.0,45062.0,17.9,19.82,83.2,29.71,8.565999999999999,57.0,794.0,5.96,0.7199057770264985
2026-04-24T12:05:30,04/24/202600:05,141.89000000000001,0.72,102.16080000000001,54.92,1.35,74.14200000000001,73.6,0.4,9.0,198.7,23819.0,45062.0,17.9,19.86,83.1,29.71,8.603,58.0,802.0,5.9799999999999995,0.725738247938544
2026-04-24T12:06:00,04/24/202600:06,141.8,0.72,102.096,54.92,1.3599999999999999,74.6912,74.2,0.4,9.0,198.7,23819.0,45062.0,17.9,19.9,83.0,29.71,8.64,59.0,810.0,6.0,0.7315781225513242
2026-04-24T12:06:30,04/24/202600:06,141.88,0.73,103.57239999999999,54.92,1.3599999999999999,74.6912,74.2,0.4,9.0,198.7,23819.0,45062.0,18.0,19.9,83.0,29.71,8.64,59.0,810.0,6.0,0.7211496499067319
2026-04-24T12:07:00,04/24/202600:07,141.95999999999998,0.74,105.05039999999998,54.92,1.3599999999999999,74.6912,74.2,0.4,9.0,198.7,23819.0,45062.0,18.0,19.9,83.0,29.71,8.64,59.0,810.0,6.0,0.7110034802342495
2026-04-24T12:07:29,04/24/202600:07,142.06,0.74,105.1244,54.92,1.3599999999999999,74.6912,74.2,0.5,9.0,198.7,23819.0,45062.0,17.9,19.9,83.0,29.71,8.64,59.0,810.0,6.0,0.710502985034873
2026-04-24T12:08:00,04/24/202600:08,142.16,0.74,105.19839999999999,54.92,1.3599999999999999,74.6912,74.2,0.5,9.0,198.7,23819.0,45062.0,17.9,19.9,83.0,29.71,8.64,59.0,810.0,6.0,0.7100031939649273
2026-04-24T12:08:30,04/24/202600:08,142.32999999999998,0.74,105.32419999999999,54.910000000000004,1.3599999999999999,74.6776,74.2,0.5,9.0,198.7,23819.0,45062.0,17.9,19.9,83.0,29.71,8.64,59.0,810.0,6.0,0.7090260358018385
2026-04-24T12:09:52,04/24/202600:09,142.56,0.73,104.0688,54.9,1.33,73.017,72.5,0.5,9.0,198.7,23819.0,45062.0,17.9,19.9,83.0,29.71,8.64,59.0,810.0,6.0,0.7016223882662239
2026-04-24T12:10:01,04/24/202600:10,142.67000000000002,0.73,104.1491,54.9,1.31,71.919,71.4,0.5,9.0,198.7,23819.0,45062.0,17.9,19.9,83.0,29.71,8.64,59.0,810.0,6.0,0.6905388524720808
2026-04-24T12:10:30,04/24/202600:10,142.74,0.73,104.20020000000001,54.9,1.3,71.37,70.9,0.5,9.0,198.7,23819.0,45062.0,17.9,19.9,83.0,29.71,8.64,59.0,810.0,6.0,0.684931506849315
2026-04-24T12:11:00,04/24/202600:11,142.8,0.73,104.244,54.9,1.3,71.37,70.9,0.5,9.0,198.7,23819.0,45062.0,17.9,19.9,83.0,29.71,8.64,59.0,810.0,6.0,0.6846437205018995
2026-04-24T12:11:30,04/24/202600:11,142.75,0.74,105.635,54.9,1.3199999999999998,72.46799999999999,72.0,0.5,9.0,198.7,23819.0,45062.0,17.9,19.9,83.0,29.71,8.64,59.0,810.0,6.0,0.6860226250769157
2026-04-24T12:12:00,04/24/202600:12,142.60999999999999,0.74,105.53139999999999,54.9,1.34,73.566,73.1,0.5,9.0,198.7,23819.0,45062.0,17.9,19.9,83.0,29.71,8.64,59.0,810.0,6.0,0.697100578595565
2026-04-24T12:12:30,04/24/202600:12,142.45999999999998,0.73,103.99579999999999,54.9,1.34,73.566,73.1,0.5,9.0,198.7,23819.0,45062.0,17.9,19.9,83.0,29.71,8.64,59.0,810.0,6.0,0.7073939524480798
2026-04-24T12:13:00,04/24/202600:13,142.27,0.73,103.8571,54.9,1.34,73.566,73.1,0.5,9.0,198.7,23819.0,45062.0,17.9,19.9,83.0,29.71,8.64,59.0,810.0,6.0,0.7083386691906476
2026-04-24T12:13:30,04/24/202600:13,142.14000000000001,0.73,103.7622,54.9,1.3199999999999998,72.46799999999999,72.0,0.5,9.0,198.7,23819.0,45062.0,17.9,19.9,83.0,29.71,8.64,59.0,810.0,6.0,0.6984046213360934
2026-04-24T12:14:00,04/24/202600:14,142.1,0.72,102.312,54.9,1.28,70.272,69.8,0.5,9.0,198.7,23819.0,45062.0,17.9,19.9,83.0,29.71,8.64,59.0,810.0,6.0,0.6868402533427165
2026-04-24T12:14:30,04/24/202600:14,142.02,0.72,102.2544,54.9,1.29,70.821,70.4,0.5,9.0,198.7,23819.0,45062.0,18.0,19.9,83.0,29.71,8.64,59.0,810.0,6.0,0.6925961132234896
2026-04-24T12:15:00,04/24/202600:15,141.94,0.72,102.1968,54.9,1.3,71.37,71.0,0.5,9.0,198.7,23819.0,45062.0,18.0,19.9,83.0,29.71,8.64,59.0,810.0,6.0,0.6983584613216853
2026-04-24T12:15:30,04/24/202600:15,142.0,0.73,103.66,54.9,1.31,71.919,71.5,0.5,9.0,198.7,23819.0,45062.0,17.9,19.9,83.0,29.71,8.64,59.0,810.0,6.0,0.6937970287478294
2026-04-24T12:15:39,04/24/202600:15,142.07,0.73,103.71109999999999,54.9,1.31,71.919,71.5,0.5,9.0,198.7,23819.0,45062.0,17.9,19.9,83.0,29.71,8.64,59.0,810.0,6.0,0.6934551846427239
2026-04-24T12:16:00,04/24/202600:16,142.25,0.72,102.42,54.9,1.29,70.821,70.4,0.5,9.0,198.7,23819.0,45062.0,17.9,19.9,83.0,29.71,8.64,59.0,810.0,6.0,0.6914762741652021
2026-04-24T12:16:38,04/24/202600:16,142.57,0.71,101.22469999999998,54.9,1.28,70.272,69.8,0.5,9.0,198.7,23819.0,45062.0,17.9,19.91,82.8,29.71,8.683000000000002,60.1,800.0,6.029999999999999,0.6942179132168336
2026-04-24T12:17:01,04/24/202600:17,142.9,0.71,101.459,54.9,1.29,70.821,70.3,0.5,9.0,198.7,23819.0,45062.0,17.9,19.919999999999998,82.6,29.71,8.726,61.2,790.0,6.0600000000000005,0.6980258035265476
2026-04-24T12:17:38,04/24/202600:17,143.35999999999999,0.72,103.21919999999999,54.9,1.31,71.919,71.4,0.5,9.0,198.7,23819.0,45062.0,17.9,19.93,82.4,29.71,8.769,62.3,780.0,6.09,0.6967599051339286
2026-04-24T12:18:00,04/24/202600:18,143.76,0.73,104.94479999999999,54.9,1.35,74.11500000000001,73.6,0.5,9.0,198.7,23819.0,45062.0,17.9,19.939999999999998,82.2,29.71,8.812000000000001,63.4,770.0,6.12,0.7062284172250556
2026-04-24T12:18:39,04/24/202600:18,144.14000000000001,0.73,105.22220000000002,54.9,1.3599999999999999,74.66399999999999,74.1,0.5,9.0,198.7,23819.0,45062.0,17.9,19.95,82.0,29.71,8.855,64.5,760.0,6.15,0.709584099172988
2026-04-24T12:19:00,04/24/202600:19,144.5,0.73,105.485,54.9,1.35,74.11500000000001,73.5,0.5,9.0,198.7,23819.0,45062.0,17.9,19.96,81.8,29.71,8.898,65.6,750.0,6.18,0.7026117457458407
2026-04-24T12:19:38,04/24/202600:19,144.78,0.73,105.68939999999999,54.9,1.34,73.566,72.9,0.5,9.0,198.7,23819.0,45062.0,17.9,19.97,81.6,29.71,8.940999999999999,66.7,740.0,6.21,0.6960584505163243
2026-04-24T12:21:03,04/24/202600:21,144.82999999999998,0.72,104.27759999999998,54.9,1.31,71.919,71.3,0.5,9.0,198.7,23819.0,45062.0,17.9,19.98,81.4,29.71,8.984,67.8,730.0,6.24,0.6896879099634055
2026-04-24T12:22:12,04/24/202600:22,144.70999999999998,0.73,105.63829999999999,54.9,1.31,71.919,71.3,0.5,9.0,198.7,23819.0,45062.0,17.9,19.990000000000002,81.2,29.71,9.027000000000001,68.9,720.0,6.27,0.680804215895182
2026-04-24T12:23:00,04/24/202600:23,144.59,0.74,106.9966,54.9,1.31,71.919,71.3,0.5,9.0,198.7,23819.0,45062.0,17.9,20.0,81.0,29.71,9.07,70.0,710.0,6.3,0.6721615453201316
2026-04-24T12:23:12,04/24/202600:23,144.29000000000002,0.74,106.77460000000002,54.9,1.3,71.37,70.8,0.5,9.0,198.7,23819.0,45062.0,17.9,20.0,81.0,29.71,9.07,70.0,710.0,6.3,0.6684173951482842
2026-04-24T12:24:00,04/24/202600:24,143.99,0.74,106.55260000000001,54.9,1.29,70.821,70.3,0.5,9.0,198.7,23819.0,45062.0,17.9,20.0,81.0,29.71,9.07,70.0,710.0,6.3,0.6646576432672688
2026-04-24T12:24:11,04/24/202600:24,143.55,0.73,104.7915,54.9,1.27,69.723,69.2,0.5,9.0,198.7,23819.0,45062.0,17.9,20.0,81.0,29.71,9.07,70.0,710.0,6.3,0.6653497659638424
2026-04-24T12:25:00,04/24/202600:25,143.10999999999999,0.72,103.03919999999998,54.9,1.25,68.625,68.1,0.5,9.0,198.7,23819.0,45062.0,17.9,20.0,81.0,29.71,9.07,70.0,710.0,6.3,0.6660086646635457
2026-04-24T12:25:11,04/24/202600:25,142.67000000000002,0.73,104.1491,54.9,1.28,70.272,69.8,0.5,9.0,198.7,23819.0,45062.0,17.9,20.0,81.0,29.71,9.07,70.0,710.0,6.3,0.6747249856215752
2026-04-24T12:26:00,04/24/202600:26,142.23,0.74,105.25019999999999,54.9,1.31,71.919,71.5,0.5,9.0,198.7,23819.0,45062.0,17.9,20.0,81.0,29.71,9.07,70.0,710.0,6.3,0.6833146160292333
2026-04-24T12:26:11,04/24/202600:26,141.88,0.75,106.41,54.9,1.33,73.017,72.6,0.5,9.0,198.7,23819.0,45062.0,17.9,20.0,81.0,29.71,9.07,70.0,710.0,6.3,0.6861855088807443
2026-04-24T12:27:00,04/24/202600:27,141.66,0.76,107.66159999999999,54.9,1.3599999999999999,74.66399999999999,74.2,0.5,9.0,198.7,23819.0,45062.0,17.9,20.0,81.0,29.71,9.07,70.0,710.0,6.3,0.6935063198020464
2026-04-24T12:27:12,04/24/202600:27,141.6,0.75,106.19999999999999,54.9,1.35,74.11500000000001,73.6,0.5,9.0,198.7,23819.0,45062.0,18.0,20.0,81.0,29.71,9.07,70.0,710.0,6.3,0.6978813559322036
2026-04-24T12:28:00,04/24/202600:28,141.54000000000002,0.74,104.73960000000001,54.9,1.34,73.566,73.0,0.5,9.0,198.7,23819.0,45062.0,18.0,20.0,81.0,29.71,9.07,70.0,710.0,6.3,0.7023704501449308
2026-04-24T12:29:00,04/24/202600:29,141.52,0.74,104.7248,54.9,1.33,73.017,72.4,0.5,9.0,198.7,23819.0,45062.0,17.9,20.0,81.0,29.71,9.07,70.0,710.0,6.3,0.6972273998136067
2026-04-24T12:29:11,04/24/202600:29,141.49,0.74,104.7026,54.9,1.3199999999999998,72.46799999999999,71.8,0.5,9.0,198.7,23819.0,45062.0,17.9,20.0,81.0,29.71,9.07,70.0,710.0,6.3,0.6921318095252648
2026-04-24T12:30:00,04/24/202600:30,141.47,0.74,104.6878,54.9,1.31,71.919,71.2,0.5,9.0,198.7,23819.0,45062.0,17.9,20.0,81.0,29.71,9.07,70.0,710.0,6.3,0.6869854940117186
2026-04-24T12:30:12,04/24/202600:30,141.41,0.74,104.6434,54.9,1.31,71.919,71.2,0.5,9.0,198.7,23819.0,45062.0,17.9,20.0,81.0,29.71,9.07,70.0,710.0,6.3,0.6872769806791446
2026-04-24T12:32:18,04/24/202600:32,141.43,0.73,103.2439,54.9,1.2799999999999998,70.27199999999999,69.5,0.5,9.0,198.7,23819.0,45062.0,17.9,20.009999999999998,80.9,29.71,9.027000000000001,70.3,707.0,6.33,0.6806406964479257
2026-04-24T12:33:00,04/24/202600:33,141.45,0.72,101.844,54.9,1.25,68.625,67.8,0.5,9.0,198.7,23819.0,45062.0,17.9,20.02,80.8,29.71,8.984,70.6,704.0,6.359999999999999,0.673824673029339
2026-04-24T12:33:12,04/24/202600:33,141.48,0.71,100.45079999999999,54.9,1.22,66.978,66.2,0.5,9.0,198.7,23819.0,45062.0,18.0,20.03,80.7,29.71,8.940999999999999,70.9,701.0,6.39,0.6667741819876
2026-04-24T12:34:01,04/24/202600:34,141.51,0.7,99.05699999999999,54.9,1.19,65.33099999999999,64.6,0.5,9.0,198.7,23819.0,45062.0,18.0,20.04,80.6,29.71,8.898,71.2,698.0,6.42,0.6595293618825524
2026-04-24T12:34:12,04/24/202600:34,141.48,0.71,100.45079999999999,54.9,1.2,65.88,65.2,0.5,9.0,198.7,23819.0,45062.0,17.9,20.05,80.5,29.71,8.855,71.5,695.0,6.45,0.6558434576927212
2026-04-24T12:35:00,04/24/202600:35,141.45,0.72,101.844,54.9,1.21,66.429,65.8,0.5,9.0,198.7,23819.0,45062.0,17.9,20.060000000000002,80.4,29.71,8.812000000000001,71.8,692.0,6.4799999999999995,0.6522622834924002
2026-04-24T12:35:12,04/24/202600:35,141.45,0.72,101.844,54.9,1.22,66.978,66.4,0.5,9.0,198.7,23819.0,45062.0,17.9,20.07,80.3,29.71,8.769,72.1,689.0,6.51,0.6576528808766349
2026-04-24T12:35:40,04/24/202600:35,141.49,0.72,101.8728,54.9,1.21,66.429,65.9,0.5,9.0,198.7,23819.0,45062.0,17.9,20.080000000000002,80.2,29.71,8.726,72.4,686.0,6.539999999999999,0.6520778853629232
2026-04-24T12:36:01,04/24/202600:36,141.53,0.72,101.9016,54.9,1.2,65.88,65.4,0.5,9.0,198.7,23819.0,45062.0,17.9,20.09,80.1,29.71,8.683000000000002,72.7,683.0,6.57,0.6465060411220236
2026-04-24T12:36:41,04/24/202600:36,141.51,0.73,103.30229999999999,54.9,1.21,66.429,65.9,0.5,9.0,198.7,23819.0,45062.0,17.9,20.1,80.0,29.71,8.64,73.0,680.0,6.6,0.6430544140837137
2026-04-24T12:37:00,04/24/202600:37,141.43,0.74,104.65820000000001,54.9,1.23,67.527,67.0,0.5,9.0,198.7,23819.0,45062.0,17.9,20.1,80.0,29.71,8.64,73.0,680.0,6.6,0.6452146129018079
2026-04-24T12:37:41,04/24/202600:37,141.49,0.74,104.7026,54.9,1.23,67.527,67.0,0.5,9.0,198.7,23819.0,45062.0,17.9,20.1,80.0,29.71,8.64,73.0,680.0,6.6,0.6449410043303605
2026-04-24T12:38:01,04/24/202600:38,141.53,0.74,104.7322,54.9,1.24,68.076,67.5,0.5,9.0,198.7,23819.0,45062.0,17.9,20.1,80.0,29.71,8.64,73.0,680.0,6.6,0.6500006683713317
2026-04-24T12:38:41,04/24/202600:38,141.65,0.74,104.821,54.9,1.25,68.625,68.0,0.5,9.0,198.7,23819.0,45062.0,17.9,20.14,80.0,29.71,8.64,73.0,675.0,6.6,0.6546875149063642
2026-04-24T12:39:00,04/24/202600:39,141.82999999999998,0.73,103.53589999999998,54.9,1.24,68.076,67.4,0.5,9.0,198.7,23819.0,45062.0,17.9,20.18,80.0,29.71,8.64,73.0,670.0,6.6,0.6575110662098848
2026-04-24T12:39:41,04/24/202600:39,141.99,0.73,103.65270000000001,54.9,1.24,68.076,67.4,0.5,9.0,198.7,23819.0,45062.0,17.9,20.220000000000002,80.0,29.71,8.64,73.0,665.0,6.6,0.6567701564937526
2026-04-24T12:40:01,04/24/202600:40,142.12,0.74,105.1688,54.9,1.24,68.076,67.4,0.5,9.0,198.7,23819.0,45062.0,17.9,20.26,80.0,29.71,8.64,73.0,660.0,6.6,0.6473022417294862
2026-04-24T12:40:41,04/24/202600:40,142.27,0.74,105.27980000000001,54.9,1.24,68.076,67.4,0.5,9.0,198.7,23819.0,45062.0,17.9,20.3,80.0,29.71,8.584,72.3,655.0,6.6,0.6466197694144554
2026-04-24T12:41:00,04/24/202600:41,142.43,0.74,105.3982,54.9,1.25,68.625,67.9,0.5,9.0,198.7,23819.0,45062.0,17.9,20.34,80.0,29.71,8.528,71.6,650.0,6.6,0.6511022009863546
2026-04-24T12:42:09,04/24/202600:42,142.7,0.73,104.17099999999999,54.9,1.22,66.978,66.3,0.5,9.0,198.7,23819.0,45062.0,18.0,20.380000000000003,80.0,29.71,8.472,70.9,645.0,6.6,0.6429620527786044
2026-04-24T12:43:28,04/24/202600:43,142.98,0.72,102.94559999999998,54.9,1.2,65.88,65.2,0.5,9.0,198.7,23819.0,45062.0,18.0,20.419999999999998,80.2,29.71,8.416,70.2,640.0,6.6,0.6399496433067562
2026-04-24T12:44:00,04/24/202600:44,143.12,0.72,103.0464,54.9,1.2,65.88,65.2,0.5,9.0,198.7,23819.0,45062.0,18.0,20.46,80.4,29.71,8.360000000000001,69.5,635.0,6.6,0.6393236444941307
2026-04-24T12:44:09,04/24/202600:44,143.37,0.71,101.7927,54.9,1.19,65.33099999999999,64.7,0.5,9.0,198.7,23819.0,45062.0,17.9,20.5,80.6,29.71,8.304,68.8,630.0,6.6,0.6418043730051368
2026-04-24T12:45:00,04/24/202600:45,143.54000000000002,0.7,100.47800000000001,54.9,1.1800000000000002,64.78200000000001,64.2,0.5,9.0,198.7,23819.0,45062.0,17.9,20.5,80.8,29.71,8.248000000000001,68.1,630.0,6.6,0.6447381516351839
2026-04-24T12:45:09,04/24/202600:45,143.64000000000001,0.7,100.548,54.9,1.19,65.33099999999999,64.8,0.5,9.0,198.7,23819.0,45062.0,17.9,20.5,81.0,29.71,8.192,67.4,630.0,6.6,0.6497493734335839
2026-04-24T12:46:00,04/24/202600:46,143.76,0.69,99.19439999999999,54.9,1.19,65.33099999999999,64.8,0.5,9.0,198.7,23819.0,45062.0,17.9,20.5,81.2,29.71,8.136,66.7,630.0,6.6,0.6586158089569573
2026-04-24T12:47:08,04/24/202600:47,143.8,0.6799999999999999,97.78399999999999,54.9,1.1700000000000002,64.233,63.7,0.5,9.0,198.7,23819.0,45062.0,17.9,20.490000000000002,81.2,29.71,8.074,66.1,610.0,6.62,0.6568866072159045
2026-04-24T12:48:00,04/24/202600:48,143.79,0.6799999999999999,97.77719999999998,54.9,1.1700000000000002,64.233,63.7,0.5,9.0,198.7,23819.0,45062.0,17.9,20.48,81.2,29.71,8.068000000000001,66.2,590.0,6.639999999999999,0.6569322909635377
2026-04-24T12:48:08,04/24/202600:48,143.81,0.6799999999999999,97.79079999999999,54.9,1.1700000000000002,64.233,63.7,0.5,9.0,198.7,23819.0,45062.0,17.9,20.47,81.2,29.71,8.062000000000001,66.3,570.0,6.659999999999999,0.6568409298216193
2026-04-24T12:49:01,04/24/202600:49,143.82,0.6799999999999999,97.79759999999999,54.9,1.1800000000000002,64.78200000000001,64.2,0.5,9.0,198.7,23819.0,45062.0,17.9,20.46,81.2,29.71,8.056000000000001,66.4,550.0,6.68,0.6624088934697786
2026-04-24T12:49:08,04/24/202600:49,143.89,0.6799999999999999,97.84519999999998,54.9,1.1800000000000002,64.78200000000001,64.2,0.5,10.0,198.7,23819.0,45062.0,17.9,20.45,81.0,29.71,8.05,66.5,530.0,6.7,0.6620866429829979
2026-04-24T12:50:00,04/24/202600:50,143.95999999999998,0.6799999999999999,97.89279999999998,54.9,1.1800000000000002,64.78200000000001,64.2,0.5,10.0,198.7,23819.0,45062.0,17.9,20.439999999999998,80.8,29.71,8.044,66.6,510.0,6.720000000000001,0.6617647058823531
2026-04-24T12:50:07,04/24/202600:50,144.0,0.69,99.35999999999999,54.9,1.2,65.88,65.3,0.5,10.0,198.7,23819.0,45062.0,17.9,20.43,80.6,29.71,8.038,66.7,490.0,6.739999999999999,0.6630434782608696
2026-04-24T12:51:01,04/24/202600:51,144.04000000000002,0.7,100.828,54.9,1.22,66.978,66.4,0.5,10.0,198.7,23819.0,45062.0,17.9,20.419999999999998,80.4,29.71,8.032,66.8,470.0,6.76,0.6642797635577419
2026-04-24T12:51:08,04/24/202600:51,144.07,0.7,100.84899999999999,54.9,1.21,66.429,65.8,0.5,10.0,198.7,23819.0,45062.0,17.9,20.41,80.2,29.71,8.026,66.9,450.0,6.779999999999999,0.6586976568929787
2026-04-24T12:52:00,04/24/202600:52,144.1,0.7,100.86999999999999,54.9,1.2,65.88,65.2,0.5,10.0,198.7,23819.0,45062.0,17.9,20.4,80.0,29.71,8.02,67.0,430.0,6.8,0.6531178744919203
2026-04-24T12:52:07,04/24/202600:52,144.17000000000002,0.69,99.4773,54.9,1.2,65.88,65.2,0.5,10.0,198.7,23819.0,45062.0,17.9,20.4,80.0,29.71,8.02,67.0,430.0,6.8,0.6622616416006465
2026-04-24T12:53:01,04/24/202600:53,144.24,0.6799999999999999,98.08319999999999,54.9,1.2,65.88,65.2,0.5,10.0,198.7,23819.0,45062.0,17.9,20.4,80.0,29.71,8.02,67.0,430.0,6.8,0.6716746598805912
2026-04-24T12:53:08,04/24/202600:53,144.24,0.6799999999999999,98.08319999999999,54.9,1.19,65.33099999999999,64.7,0.5,10.0,198.7,23819.0,45062.0,17.9,20.4,80.0,29.71,8.02,67.0,430.0,6.8,0.6660773710482528
2026-04-24T12:54:40,04/24/202600:54,144.23,0.6799999999999999,98.07639999999998,54.9,1.2,65.88,65.3,0.5,10.0,198.7,23819.0,45062.0,17.9,20.4,80.0,29.71,8.02,67.0,430.0,6.840000000000001,0.671721229572048
2026-04-24T12:55:01,04/24/202600:55,144.15,0.6799999999999999,98.02199999999999,54.9,1.21,66.429,65.9,0.5,10.0,198.7,23819.0,45062.0,17.9,20.4,80.0,29.71,8.02,67.0,430.0,6.88,0.6776948032074434
2026-04-24T12:55:07,04/24/202600:55,144.06,0.69,99.4014,54.9,1.23,67.527,67.0,0.5,10.0,198.7,23819.0,45062.0,17.9,20.4,80.0,29.71,8.02,67.0,430.0,6.92,0.6793365083389168
2026-04-24T12:56:01,04/24/202600:56,143.89000000000001,0.7,100.723,54.9,1.24,68.076,67.5,0.5,10.0,198.7,23819.0,45062.0,17.9,20.4,80.0,29.71,8.02,67.0,430.0,6.959999999999999,0.6758734350644837
2026-04-24T12:56:08,04/24/202600:56,143.72,0.7,100.604,54.9,1.23,67.527,66.9,0.5,10.0,198.7,23819.0,45062.0,17.9,20.4,80.0,29.71,8.02,67.0,430.0,7.0,0.6712158562283806
2026-04-24T12:57:01,04/24/202600:57,143.63,0.7,100.541,54.9,1.23,67.527,66.9,0.5,10.0,198.7,23819.0,45062.0,17.9,20.4,80.0,29.71,8.02,67.0,430.0,7.040000000000001,0.6716364468226893
2026-04-24T12:57:07,04/24/202600:57,143.47,0.69,98.9943,54.9,1.22,66.978,66.4,0.5,10.0,198.7,23819.0,45062.0,17.9,20.4,80.0,29.71,8.02,67.0,430.0,7.08,0.67658440940539
2026-04-24T12:58:01,04/24/202600:58,143.35,0.69,98.91149999999999,54.9,1.22,66.978,66.4,0.5,10.0,198.7,23819.0,45062.0,17.9,20.4,80.0,29.71,8.02,67.0,430.0,7.12,0.6771507863089732
2026-04-24T12:58:08,04/24/202600:58,143.19,0.6799999999999999,97.36919999999999,54.9,1.2,65.88,65.3,0.5,10.0,198.7,23819.0,45062.0,18.0,20.4,80.0,29.71,8.02,67.0,430.0,7.159999999999999,0.6765999926054646
2026-04-24T12:59:01,04/24/202600:59,143.06,0.6599999999999999,94.41959999999999,54.9,1.1800000000000002,64.78200000000001,64.2,0.5,10.0,198.7,23819.0,45062.0,18.0,20.4,80.0,29.71,8.02,67.0,430.0,7.2,0.6861075454672548
2026-04-24T12:59:08,04/24/202600:59,142.89000000000001,0.6599999999999999,94.3074,54.9,1.16,63.684,63.1,0.5,10.0,198.7,23819.0,45062.0,17.9,20.4,80.0,29.71,8.02,67.0,430.0,7.2,0.6752810489950948
2026-04-24T13:00:01,04/24/202601:00,142.72,0.6599999999999999,94.19519999999999,54.9,1.1400000000000001,62.586000000000006,62.0,0.5,10.0,198.7,23819.0,45062.0,17.9,20.4,80.0,29.71,8.02,67.0,430.0,7.2,0.6644287607011824
2026-04-24T13:00:07,04/24/202601:00,142.63,0.6399999999999999,91.28319999999998,54.9,1.1,60.39,59.8,0.5,10.0,198.7,23819.0,45062.0,17.9,20.4,80.0,29.71,8.02,67.0,430.0,7.2,0.6615675173525908
2026-04-24T13:00:59,04/24/202601:00,142.53,0.63,89.79390000000001,54.9,1.07,58.743,58.2,0.5,10.0,198.7,23819.0,45062.0,17.9,20.46,79.9,29.71,8.013,67.1,474.0,7.209999999999999,0.6541981136803279
2026-04-24T13:01:01,04/24/202601:01,142.43,0.63,89.7309,54.9,1.06,58.194,57.7,0.5,10.0,198.7,23819.0,45062.0,17.9,20.52,79.8,29.71,8.006,67.2,518.0,7.220000000000001,0.648539132004694
2026-04-24T13:01:58,04/24/202601:01,142.3,0.63,89.649,54.9,1.06,58.194,57.8,0.5,10.0,198.7,23819.0,45062.0,17.9,20.58,79.7,29.71,7.999,67.3,562.0,7.2299999999999995,0.6491316132918382
2026-04-24T13:02:01,04/24/202601:02,142.24,0.6399999999999999,91.03359999999999,54.9,1.07,58.743,58.4,0.5,10.0,198.7,23819.0,45062.0,17.9,20.639999999999997,79.6,29.71,7.992,67.4,606.0,7.24,0.6452892118953881
2026-04-24T13:02:59,04/24/202601:02,142.15,0.65,92.39750000000001,54.9,1.09,59.841,59.5,0.5,10.0,198.7,23819.0,45062.0,18.0,20.7,79.5,29.71,7.984999999999999,67.5,650.0,7.25,0.6476473930571714
2026-04-24T13:03:01,04/24/202601:03,142.1,0.6699999999999999,95.20699999999998,54.9,1.1300000000000001,62.037000000000006,61.7,0.5,10.0,198.7,23819.0,45062.0,18.0,20.759999999999998,79.4,29.71,7.978,67.6,694.0,7.26,0.6516012478074094
2026-04-24T13:03:58,04/24/202601:03,142.06,0.6799999999999999,96.60079999999999,54.9,1.16,63.684,63.3,0.5,10.0,198.7,23819.0,45062.0,18.0,20.82,79.3,29.71,7.970999999999999,67.7,738.0,7.2700000000000005,0.6592491987643995
2026-04-24T13:04:01,04/24/202601:04,142.07,0.6699999999999999,95.18689999999998,54.9,1.17,64.23299999999999,63.8,0.5,10.0,198.7,23819.0,45062.0,18.0,20.880000000000003,79.2,29.71,7.964,67.8,782.0,7.279999999999999,0.6748092437089558
2026-04-24T13:05:52,04/24/202601:05,142.06,0.6799999999999999,96.60079999999999,54.9,1.19,65.33099999999999,64.9,0.5,10.0,198.7,23819.0,45062.0,17.9,20.94,79.1,29.71,7.957000000000001,67.9,826.0,7.290000000000001,0.6762987470083063
2026-04-24T13:05:58,04/24/202601:05,141.99,0.7,99.393,54.9,1.22,66.978,66.6,0.5,10.0,198.7,23819.0,45062.0,18.0,21.0,79.0,29.71,7.95,68.0,870.0,7.3,0.6738703932872536
2026-04-24T13:06:01,04/24/202601:06,141.93,0.71,100.7703,54.9,1.24,68.076,67.7,0.5,10.0,198.7,23819.0,45062.0,18.0,21.0,79.0,29.71,7.95,68.0,870.0,7.3,0.6755561906633203
2026-04-24T13:07:10,04/24/202601:07,141.97,0.7,99.37899999999999,54.9,1.21,66.429,66.0,0.5,10.0,198.7,23819.0,45062.0,18.0,21.0,79.0,29.71,7.95,68.0,870.0,7.3,0.6684410187262904
2026-04-24T13:08:01,04/24/202601:08,142.04000000000002,0.6900000000000001,98.00760000000002,54.9,1.17,64.23299999999999,63.7,0.5,10.0,198.7,23819.0,45062.0,18.0,21.0,79.0,29.71,7.95,68.0,870.0,7.3,0.6553879495059564
2026-04-24T13:08:10,04/24/202601:08,142.14000000000001,0.6900000000000001,98.07660000000001,54.9,1.1800000000000002,64.78200000000001,64.2,0.5,10.0,198.7,23819.0,45062.0,17.9,21.0,79.0,29.71,7.95,68.0,870.0,7.3,0.6605245287866831
2026-04-24T13:09:01,04/24/202601:09,142.27,0.6900000000000001,98.16630000000002,54.9,1.1800000000000002,64.78200000000001,64.2,0.5,10.0,198.7,23819.0,45062.0,17.9,21.0,79.0,29.71,7.95,68.0,870.0,7.3,0.6599209708423359
2026-04-24T13:09:10,04/24/202601:09,142.43,0.6799999999999999,96.85239999999999,54.910000000000004,1.16,63.6956,63.1,0.5,10.0,198.7,23819.0,45062.0,17.9,21.0,79.0,29.71,7.95,68.0,870.0,7.3,0.6576563926139156
2026-04-24T13:10:01,04/24/202601:10,142.57999999999998,0.6799999999999999,96.95439999999998,54.92,1.15,63.157999999999994,62.6,0.5,10.0,198.7,23819.0,45062.0,17.9,21.0,79.0,29.71,7.95,68.0,870.0,7.3,0.6514196364476497
2026-04-24T13:10:09,04/24/202601:10,142.66,0.6799999999999999,97.0088,54.92,1.1300000000000001,62.05960000000001,61.5,0.5,10.0,198.7,23819.0,45062.0,18.0,21.0,79.0,29.71,7.95,68.0,870.0,7.3,0.6397316532108429
2026-04-24T13:11:01,04/24/202601:11,142.76,0.6599999999999999,94.22159999999998,54.92,1.1,60.412000000000006,59.8,0.5,10.0,198.7,23819.0,45062.0,18.0,21.0,79.0,29.71,7.95,68.0,870.0,7.3,0.6411693284766977
2026-04-24T13:11:10,04/24/202601:11,142.76,0.6399999999999999,91.36639999999998,54.92,1.08,59.31360000000001,58.7,0.5,10.0,198.7,23819.0,45062.0,17.9,21.0,79.0,29.71,7.95,68.0,870.0,7.3,0.6491839450826564
2026-04-24T13:12:00,04/24/202601:12,142.76,0.6199999999999999,88.51119999999997,54.92,1.06,58.2152,57.6,0.5,10.0,198.7,23819.0,45062.0,17.9,21.0,79.0,29.71,7.95,68.0,870.0,7.3,0.6577156337277092
2026-04-24T13:12:09,04/24/202601:12,142.6,0.6399999999999999,91.26399999999998,54.92,1.11,60.961200000000005,59.8,0.5,10.0,198.7,23819.0,45062.0,18.0,21.0,79.0,29.71,7.95,68.0,870.0,7.3,0.6679654628330998
2026-04-24T13:13:01,04/24/202601:13,142.44,0.6599999999999999,94.01039999999999,54.92,1.1600000000000001,63.70720000000001,62.0,0.5,10.0,198.7,23819.0,45062.0,18.0,21.0,79.0,29.71,7.95,68.0,870.0,7.3,0.6776611949316247
2026-04-24T13:13:10,04/24/202601:13,142.23,0.6599999999999999,93.87179999999998,54.92,1.1600000000000001,63.70720000000001,62.0,0.5,10.0,198.7,23819.0,45062.0,17.9,21.0,79.0,29.71,7.95,68.0,870.0,7.3,0.6786617493219478
2026-04-24T13:14:00,04/24/202601:14,142.02,0.6599999999999999,93.7332,54.92,1.1600000000000001,63.70720000000001,62.0,0.5,10.0,198.7,23819.0,45062.0,17.9,21.0,79.0,29.71,7.95,68.0,870.0,7.3,0.6796652626817393
2026-04-24T13:14:10,04/24/202601:14,141.75,0.67,94.97250000000001,54.910000000000004,1.1800000000000002,64.79380000000002,63.1,0.5,10.0,198.7,23819.0,45062.0,17.9,21.0,79.0,29.71,7.95,68.0,870.0,7.3,0.682237489799679
2026-04-24T13:15:01,04/24/202601:15,141.48,0.6799999999999999,96.20639999999999,54.9,1.2,65.88,64.2,0.5,10.0,198.7,23819.0,45062.0,17.9,21.0,79.0,29.71,7.95,68.0,870.0,7.3,0.6847777278850472
2026-04-24T13:15:10,04/24/202601:15,141.26,0.69,97.4694,54.9,1.24,68.076,66.4,0.5,10.0,198.7,23819.0,45062.0,17.9,21.0,79.0,29.71,7.95,68.0,870.0,7.3,0.6984345856237958
2026-04-24T13:17:04,04/24/202601:17,141.13,0.69,97.37969999999999,54.9,1.25,68.625,67.0,0.5,10.0,198.7,23819.0,45062.0,18.0,21.009999999999998,78.8,29.71,7.962999999999999,67.8,875.0,7.32,0.7047156645584245
2026-04-24T13:17:10,04/24/202601:17,141.18,0.69,97.4142,54.9,1.23,67.527,65.9,0.5,10.0,198.7,23819.0,45062.0,17.9,21.02,78.6,29.71,7.976000000000001,67.6,880.0,7.340000000000001,0.6931946266560728
2026-04-24T13:18:00,04/24/202601:18,141.23,0.69,97.44869999999999,54.9,1.21,66.429,64.8,0.5,10.0,198.7,23819.0,45062.0,17.9,21.03,78.4,29.71,7.989,67.4,885.0,7.359999999999999,0.681681746395796
2026-04-24T13:18:10,04/24/202601:18,141.31,0.69,97.50389999999999,54.9,1.21,66.429,65.4,0.5,10.0,198.7,23819.0,45062.0,18.0,21.04,78.2,29.71,8.001999999999999,67.2,890.0,7.38,0.6812958250900735
2026-04-24T13:19:00,04/24/202601:19,141.39000000000001,0.69,97.5591,54.9,1.21,66.429,66.0,0.5,10.0,198.7,23819.0,45062.0,18.0,21.05,78.0,29.71,8.015,67.0,895.0,7.4,0.6809103405012962
2026-04-24T13:19:10,04/24/202601:19,141.53,0.6799999999999999,96.2404,54.9,1.16,63.684,63.2,0.5,10.0,198.7,23819.0,45062.0,18.0,21.060000000000002,77.8,29.71,8.028,66.8,900.0,7.42,0.6617179479719536
2026-04-24T13:20:00,04/24/202601:20,141.67000000000002,0.67,94.91890000000002,54.9,1.1099999999999999,60.93899999999999,60.4,0.5,10.0,198.7,23819.0,45062.0,18.0,21.07,77.6,29.71,8.041,66.6,905.0,7.44,0.6420112327471134
2026-04-24T13:20:05,04/24/202601:20,141.8,0.6599999999999999,93.588,54.9,1.07,58.743,58.2,0.5,10.0,198.7,23819.0,45062.0,17.9,21.080000000000002,77.4,29.71,8.054,66.4,910.0,7.459999999999999,0.6276766252083601
2026-04-24T13:21:01,04/24/202601:21,141.93,0.65,92.25450000000001,54.9,1.03,56.547,56.0,0.5,10.0,198.7,23819.0,45062.0,17.9,21.09,77.2,29.71,8.067,66.2,915.0,7.4799999999999995,0.6129457099653675
2026-04-24T13:21:06,04/24/202601:21,142.03,0.64,90.89920000000001,54.9,1.0,54.9,54.4,0.5,10.0,198.7,23819.0,45062.0,18.0,21.1,77.0,29.71,8.08,66.0,920.0,7.5,0.6039657114694078
2026-04-24T13:22:00,04/24/202601:22,142.04000000000002,0.64,90.90560000000002,54.9,1.0,54.9,54.4,0.5,10.0,198.7,23819.0,45062.0,18.0,21.1,77.0,29.71,8.08,66.0,920.0,7.5,0.6039231906505208
2026-04-24T13:22:05,04/24/202601:22,142.0,0.64,90.88,54.9,1.02,55.998,55.5,0.5,10.0,198.7,23819.0,45062.0,18.0,21.1,77.0,29.71,8.08,66.0,920.0,7.5,0.616175176056338
2026-04-24T13:23:00,04/24/202601:23,141.95999999999998,0.64,90.85439999999998,54.9,1.04,57.096000000000004,56.6,0.5,10.0,198.7,23819.0,45062.0,18.0,21.1,77.0,29.71,8.08,66.0,920.0,7.5,0.628434065934066
2026-04-24T13:23:06,04/24/202601:23,141.95999999999998,0.62,88.0152,54.9,1.02,55.998,55.5,0.5,10.0,198.7,23819.0,45062.0,18.0,21.1,77.0,29.71,8.08,66.0,920.0,7.5,0.6362310146429253
2026-04-24T13:24:00,04/24/202601:24,141.95999999999998,0.6,85.17599999999999,54.9,1.0,54.9,54.4,0.5,10.0,198.7,23819.0,45062.0,18.0,21.1,77.0,29.71,8.08,66.0,920.0,7.5,0.6445477599323753
2026-04-24T13:24:06,04/24/202601:24,141.95,0.61,86.58949999999999,54.9,1.05,57.645,57.2,0.5,10.0,198.7,23819.0,45062.0,17.9,21.1,77.0,29.71,8.08,66.0,920.0,7.5,0.6657273687918283
2026-04-24T13:25:00,04/24/202601:25,141.94,0.6199999999999999,88.00279999999998,54.9,1.1,60.39,60.0,0.5,10.0,198.7,23819.0,45062.0,17.9,21.1,77.0,29.71,8.08,66.0,920.0,7.5,0.6862281654674626
2026-04-24T13:25:06,04/24/202601:25,142.05,0.63,89.4915,54.9,1.12,61.48800000000001,61.1,0.5,10.0,198.7,23819.0,45062.0,18.0,21.1,77.0,29.71,8.08,66.0,920.0,7.5,0.6870820133755721
2026-04-24T13:26:01,04/24/202601:26,142.16,0.6399999999999999,90.98239999999998,54.9,1.1400000000000001,62.586000000000006,62.2,0.5,10.0,198.7,23819.0,45062.0,18.0,21.1,77.0,29.71,8.08,66.0,920.0,7.5,0.687891284468205
2026-04-24T13:26:05,04/24/202601:26,142.35999999999999,0.6399999999999999,91.11039999999997,54.9,1.1400000000000001,62.586000000000006,62.2,0.5,10.0,198.7,23819.0,45062.0,18.0,21.1,77.0,29.71,8.08,66.0,920.0,7.5,0.6869248735599891
2026-04-24T13:28:16,04/24/202601:28,142.57,0.6399999999999999,91.24479999999998,54.89,1.12,61.476800000000004,61.1,0.5,10.0,198.7,23819.0,45062.0,17.9,21.1,77.0,29.71,8.08,66.0,920.0,7.5,0.6737567510696502
2026-04-24T13:29:00,04/24/202601:29,142.74,0.6399999999999999,91.35359999999999,54.879999999999995,1.1,60.368,60.0,0.5,10.0,198.7,23819.0,45062.0,17.9,21.1,77.0,29.71,8.08,66.0,920.0,7.5,0.6608168698332634
2026-04-24T13:29:11,04/24/202601:29,142.94,0.6399999999999999,91.48159999999999,54.879999999999995,1.09,59.8192,59.4,0.5,10.0,198.7,23819.0,45062.0,18.0,21.1,77.0,29.71,8.08,66.0,920.0,7.5,0.6538932419196867
2026-04-24T13:30:01,04/24/202601:30,143.13,0.6399999999999999,91.60319999999999,54.879999999999995,1.08,59.2704,58.8,0.5,10.0,198.7,23819.0,45062.0,18.0,21.1,77.0,29.71,8.08,66.0,920.0,7.5,0.6470341647453365
2026-04-24T13:30:12,04/24/202601:30,143.32999999999998,0.65,93.16449999999999,54.879999999999995,1.09,59.8192,59.3,0.5,10.0,198.7,23819.0,45062.0,18.0,21.1,77.0,29.71,8.08,66.0,920.0,7.5,0.6420814795335134
2026-04-24T13:31:00,04/24/202601:31,143.5,0.65,93.275,54.879999999999995,1.08,59.2704,58.7,0.5,10.0,198.7,23819.0,45062.0,18.0,21.1,77.0,29.71,8.08,66.0,920.0,7.5,0.635437148217636
2026-04-24T13:31:12,04/24/202601:31,143.63,0.65,93.3595,54.879999999999995,1.04,57.075199999999995,56.5,0.5,10.0,198.7,23819.0,45062.0,18.0,21.130000000000003,76.9,29.71,8.105,66.0,919.0,7.5,0.6113486040520782
2026-04-24T13:32:01,04/24/202601:32,143.68,0.65,93.39200000000001,54.879999999999995,1.02,55.977599999999995,55.4,0.5,10.0,198.7,23819.0,45062.0,18.0,21.160000000000004,76.8,29.71,8.129999999999999,66.0,918.0,7.5,0.5993832448175431
2026-04-24T13:32:12,04/24/202601:32,143.66,0.6399999999999999,91.94239999999998,54.879999999999995,0.99,54.331199999999995,53.7,0.5,10.0,198.7,23819.0,45062.0,18.0,21.19,76.7,29.71,8.155,66.0,917.0,7.5,0.590926493108729
2026-04-24T13:33:00,04/24/202601:33,143.6,0.6399999999999999,91.90399999999998,54.879999999999995,0.96,52.684799999999996,52.0,0.5,10.0,198.7,23819.0,45062.0,18.0,21.22,76.6,29.71,8.18,66.0,916.0,7.5,0.5732590529247912
2026-04-24T13:33:11,04/24/202601:33,143.45,0.65,93.24249999999999,54.9,0.99,54.351,53.6,0.5,10.0,198.7,23819.0,45062.0,18.0,21.23,76.5,29.71,8.205,66.0,899.0,7.5,0.5828994289084913
2026-04-24T13:34:01,04/24/202601:34,143.3,0.6599999999999999,94.578,54.92,1.02,56.0184,55.2,0.5,10.0,198.7,23819.0,45062.0,18.0,21.240000000000002,76.4,29.71,8.23,66.0,882.0,7.5,0.592298420351456
2026-04-24T13:34:12,04/24/202601:34,143.15,0.6599999999999999,94.479,54.92,1.03,56.567600000000006,55.8,0.5,10.0,198.7,23819.0,45062.0,18.0,21.25,76.3,29.71,8.254999999999999,66.0,865.0,7.5,0.5987319933530203
2026-04-24T13:35:00,04/24/202601:35,143.0,0.6599999999999999,94.38,54.92,1.04,57.116800000000005,56.4,0.5,10.0,198.7,23819.0,45062.0,18.0,21.259999999999998,76.2,29.71,8.28,66.0,848.0,7.5,0.6051790633608817
2026-04-24T13:36:02,04/24/202601:36,142.95,0.65,92.91749999999999,54.92,1.02,56.0184,55.3,0.5,10.0,198.7,23819.0,45062.0,17.9,21.27,76.1,29.71,8.261,65.9,831.0,7.5,0.6028832028412302
2026-04-24T13:37:00,04/24/202601:37,142.9,0.6399999999999999,91.45599999999999,54.92,1.0,54.92,54.2,0.5,10.0,198.7,23819.0,45062.0,17.9,21.279999999999998,76.0,29.71,8.242,65.8,814.0,7.5,0.6005073477956614
2026-04-24T13:37:02,04/24/202601:37,142.91,0.6399999999999999,91.46239999999999,54.92,1.02,56.0184,55.3,0.5,10.0,198.7,23819.0,45062.0,17.9,21.259999999999998,76.0,29.71,8.198,65.7,798.0,7.5,0.6124746343852775
2026-04-24T13:38:00,04/24/202601:38,142.92000000000002,0.6399999999999999,91.4688,54.92,1.04,57.116800000000005,56.4,0.5,10.0,198.7,23819.0,45062.0,17.9,21.24,76.0,29.71,8.154,65.6,782.0,7.5,0.6244402462916318
2026-04-24T13:38:02,04/24/202601:38,143.01,0.65,92.95649999999999,54.92,1.05,57.666000000000004,57.0,0.5,10.0,198.7,23819.0,45062.0,18.0,21.22,76.0,29.71,8.11,65.5,766.0,7.5,0.6203546820286909
2026-04-24T13:39:27,04/24/202601:39,143.12,0.65,93.028,54.92,1.07,58.7644,58.1,0.5,10.0,198.7,23819.0,45062.0,18.0,21.2,76.0,29.71,8.065999999999999,65.4,750.0,7.5,0.6316850840607129
2026-04-24T13:40:01,04/24/202601:40,143.31,0.6399999999999999,91.71839999999999,54.910000000000004,1.05,57.6555,57.0,0.5,10.0,198.7,23819.0,45062.0,18.0,21.2,76.0,29.71,8.022,65.3,750.0,7.5,0.6286143238434165
2026-04-24T13:40:02,04/24/202601:40,143.49,0.6399999999999999,91.83359999999999,54.9,1.05,57.645,57.0,0.6,10.0,198.7,23819.0,45062.0,18.0,21.2,76.0,29.71,7.978,65.2,750.0,7.5,0.627711425883337
2026-04-24T13:41:01,04/24/202601:41,143.64000000000001,0.65,93.36600000000001,54.9,1.06,58.194,57.5,0.6,10.0,198.7,23819.0,45062.0,18.0,21.2,76.0,29.71,7.934,65.1,750.0,7.5,0.6232889917100443
2026-04-24T13:41:02,04/24/202601:41,143.82,0.6599999999999999,94.92119999999998,54.9,1.0699999999999998,58.74299999999999,58.0,0.6,10.0,198.7,23819.0,45062.0,18.0,21.2,76.0,29.71,7.889999999999999,65.0,750.0,7.5,0.6188606970834756
2026-04-24T13:42:01,04/24/202601:42,143.89000000000001,0.6699999999999999,96.4063,54.9,1.1,60.39,59.7,0.6,11.0,198.7,23819.0,45062.0,18.0,21.2,76.0,29.71,7.889999999999999,65.0,750.0,7.5,0.6264113444868229
2026-04-24T13:43:01,04/24/202601:43,143.95999999999998,0.6799999999999999,97.89279999999998,54.9,1.1300000000000001,62.037000000000006,61.4,0.6,11.0,198.7,23819.0,45062.0,18.0,21.2,76.0,29.71,7.889999999999999,65.0,750.0,7.5,0.6337238285144569
2026-04-24T13:43:02,04/24/202601:43,143.92000000000002,0.6799999999999999,97.8656,54.9,1.16,63.684,63.0,0.6,11.0,198.7,23819.0,45062.0,18.0,21.2,76.0,29.71,7.889999999999999,65.0,750.0,7.5,0.650729163260635
2026-04-24T13:44:01,04/24/202601:44,143.88,0.6799999999999999,97.8384,54.9,1.19,65.33099999999999,64.6,0.6,11.0,198.7,23819.0,45062.0,18.0,21.2,76.0,29.71,7.889999999999999,65.0,750.0,7.5,0.6677439532944119
2026-04-24T13:44:02,04/24/202601:44,143.82,0.6799999999999999,97.79759999999999,54.910000000000004,1.2,65.892,65.1,0.6,11.0,198.7,23819.0,45062.0,18.0,21.2,76.0,29.71,7.889999999999999,65.0,750.0,7.5,0.673758865248227
2026-04-24T13:44:12,04/24/202601:44,143.74,0.69,99.1806,54.910000000000004,1.21,66.4411,65.7,0.6,11.0,198.7,23819.0,45062.0,18.0,21.2,76.0,29.71,7.889999999999999,65.0,750.0,7.5,0.6699001619268286
2026-04-24T13:45:01,04/24/202601:45,143.66,0.7,100.562,54.910000000000004,1.22,66.9902,66.3,0.6,11.0,198.7,23819.0,45062.0,18.0,21.2,76.0,29.71,7.889999999999999,65.0,750.0,7.5,0.6661581909667668
2026-04-24T13:45:13,04/24/202601:45,143.57999999999998,0.7,100.50599999999999,54.910000000000004,1.21,66.4411,65.8,0.6,11.0,198.7,23819.0,45062.0,18.0,21.2,76.0,29.71,7.889999999999999,65.0,750.0,7.5,0.6610660060095916
2026-04-24T13:46:01,04/24/202601:46,143.5,0.7,100.44999999999999,54.910000000000004,1.2,65.892,65.3,0.6,11.0,198.7,23819.0,45062.0,18.0,21.2,76.0,29.71,7.889999999999999,65.0,750.0,7.5,0.6559681433549029
2026-04-24T13:46:12,04/24/202601:46,143.4,0.69,98.946,54.910000000000004,1.1800000000000002,64.79380000000002,64.2,0.6,11.0,198.7,23819.0,45062.0,18.0,21.25,76.0,29.71,7.909000000000001,65.1,771.0,7.51,0.6548400137448711
2026-04-24T13:47:01,04/24/202601:47,143.3,0.6799999999999999,97.444,54.910000000000004,1.15,63.146499999999996,62.5,0.6,11.0,198.7,23819.0,45062.0,18.0,21.3,76.0,29.71,7.928,65.2,792.0,7.5200000000000005,0.6480286113049546
2026-04-24T13:47:07,04/24/202601:47,143.20999999999998,0.6799999999999999,97.38279999999997,54.92,1.15,63.157999999999994,61.9,0.6,11.0,198.7,23819.0,45062.0,18.0,21.35,76.0,29.71,7.947,65.3,813.0,7.529999999999999,0.648553954086348
2026-04-24T13:48:01,04/24/202601:48,143.20999999999998,0.6799999999999999,97.38279999999997,54.92999999999999,1.1400000000000001,62.6202,60.8,0.6,11.0,198.7,23819.0,45062.0,18.0,21.4,76.0,29.71,7.965999999999999,65.4,834.0,7.540000000000001,0.6430314182792034
2026-04-24T13:48:06,04/24/202601:48,143.22,0.6699999999999999,95.95739999999999,54.92999999999999,1.11,60.9723,59.2,0.6,11.0,198.7,23819.0,45062.0,18.0,21.45,76.0,29.71,7.984999999999999,65.5,855.0,7.55,0.6354100882266506
2026-04-24T13:49:01,04/24/202601:49,143.24,0.6599999999999999,94.5384,54.92,1.12,61.51040000000001,59.8,0.6,11.0,198.7,23819.0,45062.0,18.0,21.5,76.0,29.71,8.004,65.6,876.0,7.56,0.6506393169336483
2026-04-24T13:49:07,04/24/202601:49,143.26,0.65,93.119,54.92,1.11,60.961200000000005,59.2,0.6,11.0,198.7,23819.0,45062.0,18.0,21.55,76.0,29.71,8.023,65.7,897.0,7.57,0.6546590921294259
2026-04-24T13:50:39,04/24/202601:50,143.29000000000002,0.65,93.13850000000002,54.92,1.1,60.412000000000006,58.6,0.6,11.0,198.7,23819.0,45062.0,18.0,21.6,76.0,29.71,8.042,65.8,918.0,7.58,0.6486254341652484
2026-04-24T13:51:01,04/24/202601:51,143.32999999999998,0.65,93.16449999999999,54.92,1.09,59.86280000000001,58.0,0.6,11.0,198.7,23819.0,45062.0,18.0,21.65,76.0,29.71,8.061,65.9,939.0,7.589999999999999,0.642549468950083
2026-04-24T13:51:07,04/24/202601:51,143.35999999999999,0.65,93.184,54.92,1.09,59.86280000000001,58.0,0.6,11.0,198.7,23819.0,45062.0,18.0,21.7,76.0,29.71,8.08,66.0,960.0,7.6,0.6424150068681319
2026-04-24T13:52:00,04/24/202601:52,143.38,0.6599999999999999,94.63079999999998,54.92,1.1,60.412000000000006,58.6,0.6,11.0,198.7,23819.0,45062.0,18.0,21.7,76.0,29.71,8.08,66.0,960.0,7.6,0.6383968010415215
2026-04-24T13:52:06,04/24/202601:52,143.4,0.6699999999999999,96.07799999999999,54.92,1.1300000000000001,62.05960000000001,60.3,0.6,11.0,198.7,23819.0,45062.0,18.0,21.7,76.0,29.71,8.08,66.0,960.0,7.6,0.645929349070547
2026-04-24T13:53:00,04/24/202601:53,143.41000000000003,0.6699999999999999,96.08470000000001,54.910000000000004,1.1300000000000001,62.04830000000001,60.9,0.6,11.0,198.7,23819.0,45062.0,18.0,21.7,76.0,29.71,8.08,66.0,960.0,7.6,0.6457667037520022
2026-04-24T13:53:07,04/24/202601:53,143.49,0.6599999999999999,94.70339999999999,54.9,1.1,60.39,59.8,0.6,11.0,198.7,23819.0,45062.0,18.0,21.7,76.0,29.71,8.08,66.0,960.0,7.6,0.6376750993100565
2026-04-24T13:54:00,04/24/202601:54,143.56,0.6599999999999999,94.74959999999999,54.9,1.09,59.841,59.2,0.6,11.0,198.7,23819.0,45062.0,18.0,21.7,76.0,29.71,8.08,66.0,960.0,7.6,0.631569948580258
2026-04-24T13:54:06,04/24/202601:54,143.69,0.6699999999999999,96.27229999999999,54.9,1.1,60.39,59.7,0.6,11.0,198.7,23819.0,45062.0,18.0,21.7,76.0,29.71,8.08,66.0,960.0,7.6,0.6272832372343863
2026-04-24T13:54:38,04/24/202601:54,143.78,0.6799999999999999,97.7704,54.9,1.1300000000000001,62.037000000000006,61.4,0.6,11.0,198.7,23819.0,45062.0,18.0,21.7,76.0,29.71,8.08,66.0,960.0,7.6,0.6345171953883794
2026-04-24T13:55:00,04/24/202601:55,143.85999999999999,0.6799999999999999,97.82479999999998,54.9,1.16,63.684,63.1,0.6,11.0,198.7,23819.0,45062.0,18.0,21.7,76.0,29.71,8.08,66.0,960.0,7.6,0.6510005642740901
2026-04-24T13:56:01,04/24/202601:56,143.79000000000002,0.6799999999999999,97.77720000000001,54.9,1.16,63.684,63.1,0.6,11.0,198.7,23819.0,45062.0,18.0,21.7,76.0,29.71,8.08,66.0,960.0,7.6,0.6513174850578661
2026-04-24T13:56:49,04/24/202601:56,143.67000000000002,0.6799999999999999,97.6956,54.9,1.16,63.684,63.1,0.6,11.0,198.7,23819.0,45062.0,18.0,21.7,76.0,29.71,8.08,66.0,960.0,7.6,0.6518614963212264
2026-04-24T13:57:00,04/24/202601:57,143.55,0.6799999999999999,97.614,54.9,1.16,63.684,63.1,0.6,11.0,198.7,23819.0,45062.0,18.0,21.7,76.0,29.71,8.08,66.0,960.0,7.6,0.6524064171122994
2026-04-24T13:57:49,04/24/202601:57,143.45,0.6699999999999999,96.11149999999998,54.9,1.12,61.48800000000001,60.9,0.6,11.0,198.7,23819.0,45062.0,18.0,21.7,76.0,29.71,8.08,66.0,960.0,7.6,0.6397569489603223
2026-04-24T13:58:00,04/24/202601:58,143.35,0.6599999999999999,94.61099999999999,54.9,1.08,59.292,58.7,0.6,11.0,198.7,23819.0,45062.0,18.0,21.7,76.0,29.71,8.08,66.0,960.0,7.6,0.6266924564796906
2026-04-24T13:58:50,04/24/202601:58,143.15,0.6699999999999999,95.9105,54.9,1.1,60.39,59.8,0.6,11.0,198.7,23819.0,45062.0,18.0,21.7,76.0,29.71,8.08,66.0,960.0,7.6,0.6296495169976176
2026-04-24T13:59:00,04/24/202601:59,142.95,0.6799999999999999,97.20599999999999,54.9,1.1199999999999999,61.48799999999999,60.9,0.6,11.0,198.7,23819.0,45062.0,18.0,21.7,76.0,29.71,8.08,66.0,960.0,7.6,0.6325535460774027
2026-04-24T13:59:49,04/24/202601:59,142.7,0.6699999999999999,95.60899999999998,54.9,1.09,59.841,59.3,0.6,11.0,198.7,23819.0,45062.0,18.0,21.7,76.0,29.71,8.08,66.0,960.0,7.6,0.625892959867795
2026-04-24T14:00:01,04/24/202602:00,142.49,0.6599999999999999,94.04339999999999,54.9,1.05,57.645,57.1,0.6,11.0,198.7,23819.0,45062.0,18.0,21.7,76.0,29.71,8.08,66.0,960.0,7.6,0.6129616751414774
2026-04-24T14:01:50,04/24/202602:01,142.31,0.6599999999999999,93.92459999999998,54.9,1.04,57.096000000000004,56.5,0.6,11.0,198.7,23819.0,45062.0,18.0,21.729999999999997,75.9,29.71,8.129000000000001,65.6,956.0,7.6,0.6078918621958466
2026-04-24T14:02:00,04/24/202602:02,142.28,0.6599999999999999,93.9048,54.9,1.06,58.194,57.6,0.6,11.0,198.7,23819.0,45062.0,18.0,21.759999999999998,75.8,29.71,8.178,65.2,952.0,7.6,0.6197127303396632
2026-04-24T14:02:49,04/24/202602:02,142.38,0.6599999999999999,93.97079999999998,54.9,1.0699999999999998,58.74299999999999,58.1,0.6,11.0,198.7,23819.0,45062.0,18.0,21.79,75.7,29.71,8.227,64.8,948.0,7.6,0.625119718040072
2026-04-24T14:03:00,04/24/202602:03,142.48,0.6599999999999999,94.03679999999999,54.9,1.08,59.292,58.6,0.6,11.0,198.7,23819.0,45062.0,18.0,21.82,75.6,29.71,8.276,64.4,944.0,7.6,0.6305191159205759
2026-04-24T14:03:49,04/24/202602:03,142.66,0.6599999999999999,94.15559999999999,54.9,1.09,59.841,59.1,0.6,11.0,198.7,23819.0,45062.0,18.0,21.85,75.5,29.71,8.325,64.0,940.0,7.6,0.6355543377133172
2026-04-24T14:04:00,04/24/202602:04,142.83999999999997,0.6599999999999999,94.27439999999997,54.9,1.1,60.39,59.6,0.6,11.0,198.7,23819.0,45062.0,18.0,21.880000000000003,75.4,29.71,8.374,63.6,936.0,7.6,0.6405768692243071
2026-04-24T14:04:50,04/24/202602:04,143.05,0.6599999999999999,94.413,54.9,1.1099999999999999,60.93899999999999,60.2,0.6,11.0,198.7,23819.0,45062.0,18.0,21.91,75.3,29.71,8.423,63.2,932.0,7.6,0.6454513679260271
2026-04-24T14:05:00,04/24/202602:05,143.26,0.6599999999999999,94.55159999999998,54.9,1.1199999999999999,61.48799999999999,60.8,0.6,11.0,198.7,23819.0,45062.0,18.0,21.94,75.2,29.71,8.472,62.8,928.0,7.6,0.6503115759014126
2026-04-24T14:05:50,04/24/202602:05,143.58999999999997,0.6699999999999999,96.20529999999998,54.9,1.15,63.13499999999999,62.4,0.6,11.0,198.7,23819.0,45062.0,18.0,21.97,75.1,29.71,8.521,62.4,924.0,7.6,0.6562528259877575
2026-04-24T14:06:00,04/24/202602:06,143.92,0.6799999999999999,97.86559999999999,54.9,1.1800000000000002,64.78200000000001,64.0,0.6,11.0,198.7,23819.0,45062.0,18.0,22.0,75.0,29.71,8.57,62.0,920.0,7.6,0.6619486315927151
2026-04-24T14:06:49,04/24/202602:06,144.45999999999998,0.6699999999999999,96.78819999999997,54.9,1.17,64.23299999999999,63.5,0.6,11.0,198.7,23819.0,45062.0,18.0,22.0,75.0,29.71,8.57,62.0,920.0,7.6,0.6636449484544604
2026-04-24T14:07:00,04/24/202602:07,145.0,0.6599999999999999,95.69999999999999,54.9,1.16,63.684,63.0,0.6,11.0,198.7,23819.0,45062.0,18.0,22.0,75.0,29.71,8.57,62.0,920.0,7.6,0.6654545454545455
2026-04-24T14:07:50,04/24/202602:07,145.19,0.65,94.3735,54.9,1.1400000000000001,62.586000000000006,61.9,0.6,11.0,198.7,23819.0,45062.0,18.0,22.0,75.0,29.71,8.57,62.0,920.0,7.6,0.6631734544125205
2026-04-24T14:08:00,04/24/202602:08,145.38,0.6399999999999999,93.04319999999998,54.9,1.1199999999999999,61.48799999999999,60.8,0.6,11.0,198.7,23819.0,45062.0,18.0,22.0,75.0,29.71,8.57,62.0,920.0,7.6,0.6608543128353281
2026-04-24T14:08:49,04/24/202602:08,145.19,0.65,94.3735,54.9,1.1300000000000001,62.037000000000006,61.4,0.6,11.0,198.7,23819.0,45062.0,18.0,22.0,75.0,29.71,8.57,62.0,920.0,7.6,0.6573561434089019
2026-04-24T14:09:00,04/24/202602:09,145.0,0.6599999999999999,95.69999999999999,54.9,1.1400000000000001,62.586000000000006,62.0,0.6,11.0,198.7,23819.0,45062.0,18.0,22.0,75.0,29.71,8.57,62.0,920.0,7.6,0.6539811912225707
2026-04-24T14:09:50,04/24/202602:09,144.77,0.6599999999999999,95.5482,54.9,1.1300000000000001,62.037000000000006,61.4,0.6,11.0,198.7,23819.0,45062.0,18.0,22.0,75.0,29.71,8.57,62.0,920.0,7.6,0.6492743976338645
2026-04-24T14:10:00,04/24/202602:10,144.54000000000002,0.6599999999999999,95.3964,54.9,1.1199999999999999,61.48799999999999,60.8,0.6,11.0,198.7,23819.0,45062.0,18.0,22.0,75.0,29.71,8.57,62.0,920.0,7.6,0.6445526246273443
2026-04-24T14:10:49,04/24/202602:10,144.19,0.6599999999999999,95.16539999999999,54.9,1.1199999999999999,61.48799999999999,60.8,0.6,11.0,198.7,23819.0,45062.0,18.0,22.0,75.0,29.71,8.57,62.0,920.0,7.6,0.6461171812444438
2026-04-24T14:11:00,04/24/202602:11,143.84,0.6599999999999999,94.9344,54.9,1.1199999999999999,61.48799999999999,60.8,0.6,11.0,198.7,23819.0,45062.0,18.0,22.0,75.0,29.71,8.57,62.0,920.0,7.6,0.6476893518050358
2026-04-24T14:13:09,04/24/202602:13,143.43,0.6599999999999999,94.6638,54.9,1.1099999999999999,60.93899999999999,60.2,0.6,11.0,198.7,23819.0,45062.0,18.0,22.0,75.0,29.71,8.57,62.0,920.0,7.6,0.6437413245612367
2026-04-24T14:13:49,04/24/202602:13,143.09,0.6799999999999999,97.3012,54.89,1.1199999999999999,61.4768,60.7,0.6,11.0,198.7,23819.0,45062.0,18.0,22.0,75.0,29.71,8.57,62.0,920.0,7.6,0.631819545904881
2026-04-24T14:14:00,04/24/202602:14,143.03,0.7,100.121,54.879999999999995,1.1400000000000001,62.5632,61.8,0.6,11.0,198.7,23819.0,45062.0,18.0,22.0,75.0,29.71,8.57,62.0,920.0,7.6,0.6248759001608055
2026-04-24T14:14:50,04/24/202602:14,142.95,0.71,101.49449999999999,54.879999999999995,1.1400000000000001,62.5632,61.8,0.6,11.0,198.7,23819.0,45062.0,18.0,22.0,75.0,29.71,8.57,62.0,920.0,7.6,0.6164196089443271
2026-04-24T14:15:01,04/24/202602:15,143.15,0.71,101.6365,54.879999999999995,1.1300000000000001,62.0144,61.2,0.6,11.0,198.7,23819.0,45062.0,18.0,22.0,75.0,29.71,8.57,62.0,920.0,7.6,0.6101587520231413
2026-04-24T14:15:50,04/24/202602:15,143.26000000000002,0.71,101.7146,54.879999999999995,1.15,63.11199999999999,62.3,0.6,11.0,198.7,23819.0,45062.0,18.0,22.0,75.0,29.71,8.57,62.0,920.0,7.6,0.6204812288501355
2026-04-24T14:16:00,04/24/202602:16,143.41000000000003,0.71,101.82110000000002,54.879999999999995,1.16,63.66079999999999,62.9,0.6,11.0,198.7,23819.0,45062.0,18.0,22.0,75.0,29.71,8.57,62.0,920.0,7.6,0.6252220806885801
2026-04-24T14:16:50,04/24/202602:16,143.66000000000003,0.71,101.99860000000001,54.879999999999995,1.16,63.66079999999999,62.9,0.6,11.0,198.7,23819.0,45062.0,18.0,22.009999999999998,74.9,29.71,8.614,61.8,919.0,7.6,0.6241340567419551
2026-04-24T14:17:01,04/24/202602:17,143.9,0.71,102.169,54.879999999999995,1.16,63.66079999999999,62.9,0.6,11.0,198.7,23819.0,45062.0,18.0,22.02,74.8,29.71,8.658,61.6,918.0,7.6,0.6230931104346719
2026-04-24T14:17:49,04/24/202602:17,144.03000000000003,0.69,99.38070000000002,54.879999999999995,1.1300000000000001,62.0144,61.3,0.6,11.0,198.7,23819.0,45062.0,18.0,22.03,74.7,29.71,8.702,61.4,917.0,7.6,0.6240084845447857
2026-04-24T14:18:00,04/24/202602:18,143.98000000000002,0.6799999999999999,97.9064,54.879999999999995,1.1199999999999999,61.46559999999999,60.8,0.6,11.0,198.7,23819.0,45062.0,18.0,22.04,74.6,29.71,8.746,61.2,916.0,7.6,0.627799612691305
2026-04-24T14:18:50,04/24/202602:18,143.77,0.6699999999999999,96.32589999999999,54.89,1.1300000000000001,62.02570000000001,61.4,0.6,11.0,198.7,23819.0,45062.0,18.0,22.05,74.5,29.71,8.790000000000001,61.0,915.0,7.6,0.6439150841051058
2026-04-24T14:19:01,04/24/202602:19,143.56,0.6599999999999999,94.74959999999999,54.9,1.1400000000000001,62.586000000000006,62.0,0.6,11.0,198.7,23819.0,45062.0,18.0,22.060000000000002,74.4,29.71,8.834,60.8,914.0,7.6,0.6605410471389854
2026-04-24T14:19:49,04/24/202602:19,143.48000000000002,0.6599999999999999,94.6968,54.89,1.1400000000000001,62.57460000000001,62.0,0.6,11.0,198.7,23819.0,45062.0,18.0,22.07,74.3,29.71,8.878,60.6,913.0,7.6,0.6607889601338167
2026-04-24T14:20:00,04/24/202602:20,143.4,0.6599999999999999,94.64399999999999,54.879999999999995,1.1400000000000001,62.5632,62.0,0.6,11.0,198.7,23819.0,45062.0,18.0,22.080000000000002,74.2,29.71,8.922,60.4,912.0,7.6,0.6610371497400787
2026-04-24T14:20:50,04/24/202602:20,143.31,0.65,93.1515,54.879999999999995,1.1099999999999999,60.91679999999999,60.3,0.6,11.0,198.7,23819.0,45062.0,18.0,22.09,74.1,29.71,8.966,60.2,911.0,7.6,0.6539540426080094
2026-04-24T14:21:01,04/24/202602:21,143.22,0.6399999999999999,91.66079999999998,54.879999999999995,1.08,59.2704,58.6,0.6,11.0,198.7,23819.0,45062.0,18.0,22.1,74.0,29.71,9.01,60.0,910.0,7.6,0.6466275659824049
2026-04-24T14:21:50,04/24/202602:21,142.97,0.6399999999999999,91.50079999999998,54.879999999999995,1.09,59.8192,59.2,0.6,11.0,198.7,23819.0,45062.0,18.0,22.1,74.0,29.71,9.01,60.0,910.0,7.6,0.6537560327341402
2026-04-24T14:22:00,04/24/202602:22,142.72,0.6399999999999999,91.34079999999999,54.879999999999995,1.1,60.368,59.8,0.6,11.0,198.7,23819.0,45062.0,18.0,22.1,74.0,29.71,9.01,60.0,910.0,7.6,0.6609094730941705
2026-04-24T14:22:50,04/24/202602:22,142.66,0.65,92.729,54.879999999999995,1.12,61.4656,60.9,0.6,11.0,198.7,23819.0,45062.0,18.0,22.1,74.0,29.71,9.01,60.0,910.0,7.6,0.6628519664829773
2026-04-24T14:24:14,04/24/202602:24,142.57,0.6599999999999999,94.09619999999998,54.879999999999995,1.1400000000000001,62.5632,62.0,0.6,11.0,198.7,23819.0,45062.0,18.0,22.1,74.0,29.71,9.01,60.0,904.0,7.6,0.6648855107857704
2026-04-24T14:24:50,04/24/202602:24,142.55,0.65,92.65750000000001,54.879999999999995,1.12,61.4656,60.9,0.6,11.0,198.7,23819.0,45062.0,18.0,22.1,74.0,29.71,9.01,60.0,898.0,7.6,0.6633634622129886
2026-04-24T14:25:00,04/24/202602:25,142.53,0.6399999999999999,91.21919999999999,54.879999999999995,1.1,60.368,59.8,0.6,11.0,198.7,23819.0,45062.0,18.0,22.1,74.0,29.71,9.01,60.0,892.0,7.6,0.6617905002455624
2026-04-24T14:25:50,04/24/202602:25,142.35999999999999,0.65,92.53399999999999,54.89,1.12,61.476800000000004,60.9,0.6,11.0,198.7,23819.0,45062.0,18.0,22.03,74.0,29.71,9.01,60.0,886.0,7.6,0.6643698532431324
2026-04-24T14:25:53,04/24/202602:25,142.20999999999998,0.65,92.4365,54.9,1.12,61.48800000000001,60.9,0.6,11.0,198.7,23819.0,45062.0,18.0,21.96,74.0,29.71,9.01,60.0,880.0,7.6,0.6651917803032353
2026-04-24T14:26:01,04/24/202602:26,142.16,0.6599999999999999,93.82559999999998,54.9,1.12,61.48800000000001,60.9,0.6,11.0,198.7,23819.0,45062.0,18.0,21.89,74.0,29.71,9.01,60.0,874.0,7.6,0.6553435309766207
2026-04-24T14:26:53,04/24/202602:26,142.18,0.6599999999999999,93.83879999999999,54.9,1.1099999999999999,60.93899999999999,60.4,0.6,11.0,198.7,23819.0,45062.0,18.0,21.82,74.0,29.71,8.805,59.0,868.0,7.6,0.6494008874793795
2026-04-24T14:27:00,04/24/202602:27,142.26,0.65,92.469,54.9,1.07,58.743,58.2,0.6,11.0,198.7,23819.0,45062.0,18.0,21.75,74.0,29.71,8.6,58.0,862.0,7.6,0.6352723615481946
2026-04-24T14:27:53,04/24/202602:27,142.39,0.65,92.5535,54.9,1.05,57.645,57.1,0.6,11.0,198.7,23819.0,45062.0,18.0,21.68,74.0,29.71,8.526,56.1,856.0,7.6,0.6228289583862308
2026-04-24T14:28:01,04/24/202602:28,142.44,0.6599999999999999,94.01039999999999,54.9,1.05,57.645,57.1,0.6,11.0,198.7,23819.0,45062.0,18.0,21.61,74.0,29.71,8.452,54.2,850.0,7.6,0.6131768400091906
2026-04-24T14:28:53,04/24/202602:28,142.39,0.6599999999999999,93.97739999999997,54.9,1.03,56.547,56.0,0.6,11.0,198.7,23819.0,45062.0,18.0,21.54,74.0,29.71,8.378,52.3,850.0,7.6,0.601708495872412
2026-04-24T14:29:00,04/24/202602:29,142.35999999999999,0.6599999999999999,93.95759999999999,54.9,1.01,55.449,54.9,0.6,11.0,198.7,23819.0,45062.0,18.0,21.47,74.0,29.71,8.303999999999998,50.4,850.0,7.6,0.5901491736698257
2026-04-24T14:29:53,04/24/202602:29,142.35999999999999,0.6599999999999999,93.95759999999999,54.9,1.0,54.9,54.3,0.6,11.0,198.7,23819.0,45062.0,18.0,21.4,74.0,29.71,8.23,48.5,850.0,7.6,0.5843061125443818
2026-04-24T14:30:01,04/24/202602:30,142.4,0.6399999999999999,91.136,54.9,0.9800000000000001,53.80200000000001,53.2,0.6,11.0,198.7,23819.0,45062.0,18.0,21.4,74.0,29.71,8.156,46.6,850.0,7.6,0.5903484901685394
2026-04-24T14:30:53,04/24/202602:30,142.69,0.63,89.8947,54.9,0.99,54.351,53.8,0.6,11.0,198.7,23819.0,45062.0,18.0,21.38,73.9,29.707,8.125,45.0,825.0,7.58,0.604607390647057
2026-04-24T14:31:01,04/24/202602:31,143.04,0.63,90.1152,54.9,1.02,55.998,55.5,0.6,11.0,198.7,23819.0,45062.0,18.0,21.36,73.8,29.704,8.094,43.4,800.0,7.56,0.6214046021093
2026-04-24T14:32:00,04/24/202602:32,143.22,0.63,90.2286,54.9,1.02,55.998,55.5,0.6,11.0,198.7,23819.0,45062.0,18.0,21.339999999999996,73.7,29.701,8.267999999999999,42.8,775.0,7.540000000000001,0.620623616015321
2026-04-24T14:33:01,04/24/202602:33,143.31,0.6399999999999999,91.71839999999999,54.9,1.05,57.645,56.6,0.6,11.0,198.7,23819.0,45062.0,18.0,21.32,73.6,29.698,8.441999999999998,42.2,750.0,7.5200000000000005,0.6284998429976975
2026-04-24T14:34:00,04/24/202602:33,143.12,0.63,90.1656,54.89,1.04,57.0856,56.0,0.6,11.0,198.7,23819.0,45062.0,18.0,21.3,73.5,29.695,8.485,42.5,725.0,7.5,0.6331195045560613
2026-04-24T14:34:01,04/24/202602:34,142.93,0.6199999999999999,88.61659999999999,54.879999999999995,1.03,56.526399999999995,55.4,0.6,11.0,198.7,23819.0,45062.0,18.0,21.279999999999998,73.4,29.692,8.528,42.8,700.0,7.4799999999999995,0.6378759735760569
2026-04-24T14:35:25,04/24/202602:35,142.85,0.63,89.99549999999999,54.879999999999995,1.06,58.172799999999995,57.0,0.6,11.0,198.7,23819.0,45062.0,18.0,21.259999999999998,73.3,29.689,8.571,43.1,675.0,7.459999999999999,0.6463967642826586
2026-04-24T14:36:00,04/24/202602:36,142.82,0.63,89.97659999999999,54.879999999999995,1.08,59.2704,58.1,0.6,11.0,198.7,23819.0,45062.0,18.0,21.24,73.2,29.686,8.613999999999999,43.4,650.0,7.44,0.6587312701302339
2026-04-24T14:37:01,04/24/202602:37,142.89000000000001,0.63,90.0207,54.879999999999995,1.08,59.2704,58.1,0.6,11.0,198.7,23819.0,45062.0,18.0,21.22,73.1,29.683,8.657,43.7,625.0,7.42,0.6584085660298131
2026-04-24T14:38:00,04/24/202602:38,143.04000000000002,0.6399999999999999,91.5456,54.879999999999995,1.09,59.8192,58.7,0.6,12.0,198.7,23819.0,45062.0,18.0,21.2,73.0,29.68,8.7,44.0,600.0,7.4,0.6534361017897092
2026-04-24T14:39:01,04/24/202602:39,142.78,0.65,92.807,54.879999999999995,1.1,60.368,59.2,0.6,12.0,198.7,23819.0,45062.0,18.0,21.2,73.0,29.68,8.7,44.0,600.0,7.4,0.6504681758919048
2026-04-24T14:40:00,04/24/202602:40,142.41,0.6399999999999999,91.14239999999998,54.879999999999995,1.08,59.2704,58.1,0.6,12.0,198.7,23819.0,45062.0,18.0,21.2,73.0,29.68,8.7,44.0,600.0,7.4,0.6503054560775228
2026-04-24T14:41:00,04/24/202602:40,142.16,0.65,92.404,54.879999999999995,1.1099999999999999,60.91679999999999,59.7,0.6,12.0,198.7,23819.0,45062.0,18.0,21.2,73.0,29.68,8.7,44.0,600.0,7.4,0.6592441885632655
2026-04-24T14:41:01,04/24/202602:41,142.0,0.65,92.3,54.879999999999995,1.1099999999999999,60.91679999999999,60.2,0.6,12.0,198.7,23819.0,45062.0,18.0,21.2,73.0,29.68,8.7,44.0,600.0,7.4,0.6599869989165763
2026-04-24T14:42:01,04/24/202602:42,142.1,0.6399999999999999,90.94399999999999,54.89,1.09,59.8301,59.1,0.6,12.0,198.7,23819.0,45062.0,18.0,21.2,73.0,29.68,8.7,44.0,600.0,7.4,0.6578784746657285
2026-04-24T14:43:00,04/24/202602:42,142.17000000000002,0.65,92.41050000000001,54.9,1.1199999999999999,61.48799999999999,60.8,0.6,12.0,198.7,23819.0,45062.0,18.0,21.2,73.0,29.68,8.7,44.0,600.0,7.4,0.6653789342120212
2026-04-24T14:43:01,04/24/202602:43,142.26,0.65,92.469,54.9,1.1300000000000001,62.037000000000006,61.4,0.6,12.0,198.7,23819.0,45062.0,18.0,21.2,73.0,29.68,8.7,44.0,600.0,7.4,0.6708951107938878
2026-04-24T14:44:01,04/24/202602:44,142.37,0.65,92.54050000000001,54.9,1.1,60.39,59.7,0.6,12.0,198.7,23819.0,45062.0,18.0,21.2,73.0,29.68,8.7,44.0,600.0,7.4,0.6525791410247405
2026-04-24T14:45:00,04/24/202602:44,142.27,0.6599999999999999,93.89819999999999,54.9,1.1099999999999999,60.93899999999999,60.3,0.6,12.0,198.7,23819.0,45062.0,18.1,21.2,73.0,29.68,8.7,44.0,600.0,7.4,0.6489900764870892
2026-04-24T14:45:01,04/24/202602:45,142.09,0.6599999999999999,93.7794,54.9,1.1099999999999999,60.93899999999999,60.3,0.6,12.0,198.7,23819.0,45062.0,18.1,21.2,73.0,29.68,8.7,44.0,600.0,7.4,0.6498122188881567
2026-04-24T14:46:36,04/24/202602:46,142.01,0.6599999999999999,93.72659999999998,54.9,1.12,61.48800000000001,60.9,0.6,12.0,198.7,23819.0,45062.0,18.0,21.22,73.0,29.68,8.793,44.2,610.0,7.390000000000001,0.6560357465223322
2026-04-24T14:47:01,04/24/202602:47,142.05,0.6599999999999999,93.753,54.9,1.12,61.48800000000001,60.9,0.6,12.0,198.7,23819.0,45062.0,18.1,21.24,73.0,29.68,8.886,44.4,620.0,7.38,0.6558510127675915
2026-04-24T14:48:00,04/24/202602:47,142.0,0.6599999999999999,93.71999999999998,54.9,1.12,61.48800000000001,60.9,0.6,12.0,198.7,23819.0,45062.0,18.0,21.259999999999998,73.0,29.68,8.979,44.6,630.0,7.37,0.6560819462227915
2026-04-24T14:48:01,04/24/202602:48,141.95,0.6599999999999999,93.68699999999998,54.9,1.12,61.48800000000001,60.9,0.6,12.0,198.7,23819.0,45062.0,18.0,21.279999999999998,73.0,29.68,9.072,44.8,640.0,7.359999999999999,0.6563130423644691
2026-04-24T14:49:01,04/24/202602:49,141.82999999999998,0.6699999999999999,95.02609999999999,54.9,1.15,63.13499999999999,62.6,0.6,12.0,198.7,23819.0,45062.0,18.0,21.3,73.0,29.68,9.165000000000001,45.0,650.0,7.35,0.6643964131959536
2026-04-24T14:50:00,04/24/202602:49,141.82999999999998,0.6699999999999999,95.02609999999999,54.9,1.12,61.48800000000001,60.9,0.6,12.0,198.7,23819.0,45062.0,18.0,21.32,73.0,29.68,9.258,45.2,660.0,7.340000000000001,0.6470643328517114
2026-04-24T14:50:01,04/24/202602:50,141.82999999999998,0.6699999999999999,95.02609999999999,54.9,1.09,59.841,59.2,0.6,12.0,198.7,23819.0,45062.0,18.0,21.339999999999996,73.0,29.68,9.351,45.4,670.0,7.33,0.6297322525074691
2026-04-24T14:51:01,04/24/202602:51,142.15,0.6799999999999999,96.66199999999999,54.9,1.12,61.48800000000001,60.9,0.6,12.0,198.7,23819.0,45062.0,18.0,21.36,73.0,29.68,9.443999999999999,45.6,680.0,7.32,0.6361134675467093
2026-04-24T14:51:05,04/24/202602:51,142.57999999999998,0.6699999999999999,95.52859999999998,54.9,1.09,59.841,59.2,0.6,12.0,198.7,23819.0,45062.0,18.0,21.38,73.0,29.68,9.537,45.8,690.0,7.31,0.6264197318918105
2026-04-24T14:52:01,04/24/202602:52,143.01,0.6599999999999999,94.38659999999999,54.9,1.06,58.194,57.5,0.6,12.0,198.7,23819.0,45062.0,18.0,21.4,73.0,29.68,9.63,46.0,700.0,7.3,0.6165493830692069
2026-04-24T14:52:05,04/24/202602:52,143.29000000000002,0.6599999999999999,94.5714,54.9,1.04,57.096000000000004,56.4,0.6,12.0,198.7,23819.0,45062.0,18.0,21.4,73.0,29.68,9.63,46.0,700.0,7.3,0.6037343213698857
2026-04-24T14:53:01,04/24/202602:53,143.5,0.6699999999999999,96.145,54.9,1.04,57.096000000000004,56.4,0.6,12.0,198.7,23819.0,45062.0,18.0,21.4,73.0,29.68,9.63,46.0,700.0,7.3,0.5938530344791721
2026-04-24T14:53:06,04/24/202602:53,143.62,0.6699999999999999,96.2254,54.910000000000004,1.05,57.6555,57.0,0.6,12.0,198.7,23819.0,45062.0,18.0,21.4,73.0,29.68,9.63,46.0,700.0,7.3,0.5991713206700103
2026-04-24T14:54:01,04/24/202602:54,143.74,0.6699999999999999,96.30579999999999,54.92,1.06,58.2152,57.6,0.6,12.0,198.7,23819.0,45062.0,18.0,21.4,73.0,29.68,9.63,46.0,700.0,7.3,0.6044828037356006
2026-04-24T14:54:05,04/24/202602:54,143.92000000000002,0.6699999999999999,96.4264,54.92,1.04,57.116800000000005,56.5,0.6,12.0,198.7,23819.0,45062.0,18.0,21.4,73.0,29.68,9.63,46.0,700.0,7.3,0.5923357088930004
2026-04-24T14:55:01,04/24/202602:55,144.01,0.6599999999999999,95.04659999999998,54.92,1.03,56.567600000000006,56.0,0.6,12.0,198.7,23819.0,45062.0,18.0,21.4,73.0,29.68,9.63,46.0,700.0,7.3,0.5951564811366216
2026-04-24T14:55:06,04/24/202602:55,144.0,0.65,93.60000000000001,54.92,1.04,57.116800000000005,56.6,0.6,12.0,198.7,23819.0,45062.0,18.0,21.4,73.0,29.68,9.63,46.0,700.0,7.3,0.6102222222222222
2026-04-24T14:56:01,04/24/202602:56,143.6,0.6399999999999999,91.90399999999998,54.92,1.04,57.116800000000005,56.6,0.6,12.0,198.7,23819.0,45062.0,18.0,21.4,73.0,29.68,9.63,46.0,700.0,7.3,0.6214832869080782
2026-04-24T14:56:05,04/24/202602:56,143.16,0.65,93.054,54.92,1.07,58.7644,58.3,0.6,12.0,198.7,23819.0,45062.0,18.0,21.4,73.0,29.68,9.63,46.0,700.0,7.3,0.6315085864121908
2026-04-24T14:57:48,04/24/202602:57,142.7,0.65,92.755,54.92,1.08,59.31360000000001,58.9,0.6,12.0,198.7,23819.0,45062.0,18.0,21.4,73.0,29.68,9.63,46.0,700.0,7.3,0.6394652579375776
2026-04-24T14:58:01,04/24/202602:58,142.43,0.6399999999999999,91.1552,54.92,1.06,58.2152,57.8,0.6,12.0,198.7,23819.0,45062.0,18.0,21.4,73.0,29.68,9.63,46.0,700.0,7.3,0.6386382784525733
2026-04-24T14:58:05,04/24/202602:58,142.2,0.63,89.586,54.92,1.05,57.666000000000004,57.2,0.6,12.0,198.7,23819.0,45062.0,18.0,21.4,73.0,29.68,9.63,46.0,700.0,7.3,0.6436943272386311
2026-04-24T14:59:01,04/24/202602:59,142.13,0.6199999999999999,88.12059999999998,54.910000000000004,1.02,56.0082,55.5,0.6,12.0,198.7,23819.0,45062.0,18.0,21.4,73.0,29.68,9.63,46.0,700.0,7.3,0.6355857767650245
2026-04-24T14:59:05,04/24/202602:59,142.18,0.6,85.308,54.9,0.96,52.70399999999999,52.2,0.6,12.0,198.7,23819.0,45062.0,18.0,21.4,73.0,29.683,9.63,46.0,700.0,7.3,0.6178084118722744
2026-04-24T15:00:00,04/24/202603:00,142.20999999999998,0.59,83.90389999999998,54.9,0.9400000000000001,51.606,51.1,0.6,12.0,198.7,23819.0,45062.0,18.0,21.4,73.0,29.686,9.63,46.0,700.0,7.3,0.6150608017029008
2026-04-24T15:00:05,04/24/202603:00,142.22,0.58,82.4876,54.9,0.9400000000000001,51.606,51.1,0.6,12.0,198.7,23819.0,45062.0,18.0,21.4,73.4,29.689,9.63,46.0,700.0,7.3,0.6256213055053124
2026-04-24T15:01:01,04/24/202603:01,142.32999999999998,0.5700000000000001,81.1281,54.9,0.9199999999999999,50.507999999999996,50.0,0.6,12.0,198.7,23819.0,45062.0,18.0,21.4,73.8,29.692,9.63,46.0,700.0,7.3,0.6225709710938626
2026-04-24T15:01:06,04/24/202603:01,142.31,0.58,82.5398,54.9,0.93,51.057,50.5,0.6,12.0,198.7,23819.0,45062.0,18.0,21.43,74.1,29.695,9.668000000000001,46.2,712.0,7.290000000000001,0.6185743120288637
2026-04-24T15:02:01,04/24/202603:02,142.3,0.58,82.534,54.9,0.9400000000000001,51.606,51.0,0.6,12.0,198.7,23819.0,45062.0,18.0,21.46,74.4,29.698,9.706,46.4,724.0,7.279999999999999,0.6252695858676424
2026-04-24T15:02:05,04/24/202603:02,142.25,0.58,82.505,54.910000000000004,0.9400000000000001,51.61540000000001,51.0,0.6,12.0,198.7,23819.0,45062.0,18.0,21.49,74.7,29.701,9.744,46.6,736.0,7.2700000000000005,0.6256032967698929
2026-04-24T15:03:01,04/24/202603:03,142.2,0.58,82.47599999999998,54.92,0.9400000000000001,51.62480000000001,51.0,0.6,12.0,198.7,23819.0,45062.0,18.0,21.52,75.0,29.704,9.782,46.8,748.0,7.26,0.6259372423492897
2026-04-24T15:03:05,04/24/202603:03,142.08999999999997,0.58,82.41219999999998,54.92,0.9400000000000001,51.62480000000001,51.0,0.6,12.0,198.7,23819.0,45062.0,18.0,21.55,75.3,29.707,9.82,47.0,760.0,7.25,0.6264218161874093
2026-04-24T15:04:01,04/24/202603:04,141.98,0.58,82.34839999999998,54.92,0.9400000000000001,51.62480000000001,51.0,0.6,12.0,198.7,23819.0,45062.0,18.0,21.58,75.6,29.71,9.858,47.2,772.0,7.24,0.626907140879483
2026-04-24T15:04:05,04/24/202603:04,141.70999999999998,0.6,85.02599999999998,54.92,0.99,54.3708,53.7,0.6,12.0,198.7,23819.0,45062.0,18.0,21.61,75.9,29.71,9.896,47.4,784.0,7.2299999999999995,0.6394608707924636
2026-04-24T15:05:01,04/24/202603:05,141.44,0.6199999999999999,87.69279999999998,54.92,1.04,57.116800000000005,56.4,0.6,12.0,198.7,23819.0,45062.0,18.0,21.639999999999997,76.2,29.71,9.934000000000001,47.6,796.0,7.220000000000001,0.651328273244782
2026-04-24T15:05:06,04/24/202603:05,141.24,0.63,88.9812,54.92,1.05,57.666000000000004,56.9,0.6,12.0,198.7,23819.0,45062.0,18.0,21.669999999999998,76.1,29.71,9.972,47.8,808.0,7.209999999999999,0.6480694798451808
2026-04-24T15:06:00,04/24/202603:06,141.04000000000002,0.6399999999999999,90.2656,54.92,1.06,58.2152,57.4,0.6,12.0,198.7,23819.0,45062.0,18.0,21.7,76.0,29.71,10.01,48.0,820.0,7.2,0.644932288712422
2026-04-24T15:06:05,04/24/202603:06,141.10999999999999,0.6399999999999999,90.31039999999997,54.92,1.0699999999999998,58.764399999999995,58.0,0.6,12.0,198.7,23819.0,45062.0,18.0,21.7,76.0,29.71,10.01,48.0,820.0,7.2,0.6506936078236838
2026-04-24T15:07:01,04/24/202603:07,141.18,0.6399999999999999,90.3552,54.92,1.08,59.31360000000001,58.6,0.6,12.0,198.7,23819.0,45062.0,18.0,21.7,76.0,29.71,10.01,48.0,820.0,7.2,0.6564492137696559
2026-04-24T15:07:05,04/24/202603:07,141.56,0.65,92.01400000000001,54.910000000000004,1.1300000000000001,62.04830000000001,61.3,0.6,12.0,198.7,23819.0,45062.0,18.0,21.7,76.0,29.71,10.01,48.0,820.0,7.2,0.6743354272175974
2026-04-24T15:09:00,04/24/202603:08,141.89000000000001,0.6599999999999999,93.6474,54.9,1.1300000000000001,62.037000000000006,61.3,0.6,12.0,198.7,23819.0,45062.0,18.0,21.7,76.0,29.71,10.01,48.0,820.0,7.2,0.6624529885506699
2026-04-24T15:09:01,04/24/202603:09,142.24,0.6699999999999999,95.3008,54.9,1.1199999999999999,61.48799999999999,60.8,0.6,12.0,198.7,23819.0,45062.0,18.0,21.7,76.0,29.71,10.01,48.0,820.0,7.2,0.6451992008461629
2026-04-24T15:09:06,04/24/202603:09,142.3,0.6799999999999999,96.764,54.9,1.1199999999999999,61.48799999999999,60.8,0.6,12.0,198.7,23819.0,45062.0,18.0,21.7,76.0,29.71,10.01,48.0,820.0,7.2,0.6354429333223099
2026-04-24T15:10:00,04/24/202603:10,142.4,0.6799999999999999,96.832,54.9,1.1,60.39,59.7,0.6,12.0,198.7,23819.0,45062.0,18.0,21.7,76.0,29.71,10.01,48.0,820.0,7.2,0.6236574686054197
2026-04-24T15:10:05,04/24/202603:10,142.52,0.6699999999999999,95.4884,54.9,1.08,59.292,58.6,0.6,12.0,198.7,23819.0,45062.0,18.0,21.7,76.0,29.71,10.01,48.0,820.0,7.2,0.6209340611006154
2026-04-24T15:11:01,04/24/202603:11,142.59,0.6699999999999999,95.53529999999999,54.9,1.08,59.292,58.6,0.6,12.0,198.7,23819.0,45062.0,18.0,21.7,76.0,29.71,10.01,48.0,820.0,7.2,0.6206292333828439
2026-04-24T15:11:06,04/24/202603:11,142.67000000000002,0.6799999999999999,97.0156,54.9,1.09,59.841,59.2,0.6,12.0,198.7,23819.0,45062.0,18.0,21.7,76.0,29.71,10.01,48.0,820.0,7.2,0.6168183261248706
2026-04-24T15:12:00,04/24/202603:12,142.60999999999999,0.6799999999999999,96.97479999999999,54.9,1.0699999999999998,58.74299999999999,58.1,0.6,12.0,198.7,23819.0,45062.0,18.0,21.7,76.0,29.71,10.01,48.0,820.0,7.2,0.6057553096268309
2026-04-24T15:12:05,04/24/202603:12,142.49,0.6799999999999999,96.8932,54.9,1.06,58.194,57.5,0.6,12.0,198.7,23819.0,45062.0,18.0,21.7,76.0,29.71,10.01,48.0,820.0,7.2,0.6005994228697165
2026-04-24T15:13:01,04/24/202603:13,142.12,0.6799999999999999,96.6416,54.9,1.04,57.096000000000004,56.4,0.6,12.0,198.7,23819.0,45062.0,18.0,21.7,76.0,29.71,10.01,48.0,820.0,7.2,0.5908014767967419
2026-04-24T15:13:06,04/24/202603:13,141.81,0.6799999999999999,96.43079999999999,54.9,1.0699999999999998,58.74299999999999,57.5,0.6,12.0,198.7,23819.0,45062.0,18.0,21.7,76.0,29.71,10.01,48.0,820.0,7.2,0.6091725880112993
2026-04-24T15:14:00,04/24/202603:14,141.5,0.6799999999999999,96.21999999999998,54.9,1.1,60.39,58.6,0.6,12.0,198.7,23819.0,45062.0,18.0,21.7,76.0,29.71,10.01,48.0,820.0,7.2,0.6276241945541469
2026-04-24T15:14:05,04/24/202603:14,141.54000000000002,0.6799999999999999,96.2472,54.9,1.09,59.841,58.1,0.6,12.0,198.7,23819.0,45062.0,18.0,21.7,76.0,29.71,10.01,48.0,820.0,7.2,0.6217427623868538
2026-04-24T15:15:01,04/24/202603:15,141.57999999999998,0.6799999999999999,96.27439999999999,54.9,1.08,59.292,57.6,0.6,12.0,198.7,23819.0,45062.0,18.0,21.7,76.0,29.71,10.01,48.0,820.0,7.2,0.6158646535319878
2026-04-24T15:15:05,04/24/202603:15,141.52,0.69,97.6488,54.9,1.09,59.841,58.2,0.6,12.0,198.7,23819.0,45062.0,18.0,21.7,76.0,29.71,10.01,48.0,820.0,7.2,0.6128185907046477
2026-04-24T15:16:28,04/24/202603:16,142.02,0.69,97.9938,54.9,1.08,59.292,57.7,0.6,12.0,198.7,23819.0,45062.0,18.0,21.72,75.8,29.707,10.109,48.4,823.0,7.18,0.6050586873863449
2026-04-24T15:17:01,04/24/202603:17,142.51,0.6799999999999999,96.90679999999999,54.9,1.06,58.194,56.6,0.6,12.0,198.7,23819.0,45062.0,18.0,21.74,75.6,29.704,10.208,48.8,826.0,7.159999999999999,0.6005151341288745
2026-04-24T15:17:27,04/24/202603:17,142.87,0.6799999999999999,97.15159999999999,54.9,1.0699999999999998,58.74299999999999,57.1,0.6,12.0,198.7,23819.0,45062.0,18.0,21.759999999999998,75.4,29.701,10.306999999999999,49.2,829.0,7.140000000000001,0.6046529341771005
2026-04-24T15:18:00,04/24/202603:18,143.29000000000002,0.6799999999999999,97.4372,54.9,1.0699999999999998,58.74299999999999,57.1,0.6,12.0,198.7,23819.0,45062.0,18.0,21.779999999999998,75.2,29.698,10.406,49.6,832.0,7.12,0.6028806246484913
2026-04-24T15:18:28,04/24/202603:18,143.60999999999999,0.6699999999999999,96.21869999999998,54.910000000000004,1.05,57.6555,56.0,0.6,12.0,198.7,23819.0,45062.0,18.1,21.8,75.0,29.695,10.504999999999999,50.0,835.0,7.1,0.5992130427869012
2026-04-24T15:20:11,04/24/202603:20,143.8,0.6599999999999999,94.908,54.910000000000004,1.0,54.910000000000004,53.8,0.6,12.0,198.7,23819.0,45062.0,18.0,21.82,74.8,29.692,10.604,50.4,838.0,7.08,0.5785602899650187
2026-04-24T15:21:00,04/24/202603:21,143.99,0.65,93.5935,54.910000000000004,0.95,52.164500000000004,51.6,0.6,12.0,198.7,23819.0,45062.0,18.0,21.839999999999996,74.6,29.689,10.703,50.8,841.0,7.06,0.557351739169921
2026-04-24T15:21:01,04/24/202603:21,144.05,0.6399999999999999,92.192,54.910000000000004,0.95,52.164500000000004,51.6,0.6,12.0,198.7,23819.0,45062.0,18.0,21.86,74.4,29.686,10.802,51.2,844.0,7.040000000000001,0.5658245834779592
2026-04-24T15:22:00,04/24/202603:22,144.10999999999999,0.63,90.7893,54.910000000000004,0.95,52.164500000000004,51.6,0.6,12.0,198.7,23819.0,45062.0,18.0,21.88,74.2,29.683,10.901,51.6,847.0,7.0200000000000005,0.5745666064172761
2026-04-24T15:22:01,04/24/202603:22,144.20999999999998,0.6199999999999999,89.41019999999997,54.910000000000004,0.9400000000000001,51.61540000000001,51.0,0.6,12.0,198.7,23819.0,45062.0,18.0,21.9,74.0,29.68,11.0,52.0,850.0,7.0,0.5772876025330446
2026-04-24T15:23:00,04/24/202603:23,143.75,0.6199999999999999,89.12499999999999,54.910000000000004,0.95,52.164500000000004,51.5,0.6,12.0,198.7,23819.0,45062.0,18.0,21.9,74.0,29.68,11.0,52.0,850.0,7.0,0.585295932678822
2026-04-24T15:23:01,04/24/202603:23,143.22,0.63,90.2286,54.910000000000004,0.99,54.3609,53.7,0.7,12.0,198.7,23819.0,45062.0,18.0,21.9,74.0,29.68,11.0,52.0,850.0,7.0,0.6024797015580425
2026-04-24T15:24:00,04/24/202603:24,142.82,0.63,89.97659999999999,54.910000000000004,1.0,54.910000000000004,54.3,0.7,12.0,198.7,23819.0,45062.0,18.0,21.9,74.0,29.68,11.0,52.0,850.0,7.0,0.6102697812542374
2026-04-24T15:24:02,04/24/202603:24,142.4,0.63,89.712,54.910000000000004,0.99,54.3609,53.8,0.7,12.0,198.7,23819.0,45062.0,18.0,21.9,74.0,29.68,11.0,52.0,850.0,7.0,0.6059490369181381
2026-04-24T15:24:14,04/24/202603:24,142.07999999999998,0.63,89.51039999999999,54.9,1.0,54.9,54.4,0.7,12.0,198.7,23819.0,45062.0,18.1,21.9,74.0,29.68,11.0,52.0,850.0,7.0,0.6133365508365509
2026-04-24T15:25:00,04/24/202603:25,141.88,0.63,89.3844,54.9,1.04,57.096000000000004,56.6,0.7,12.0,198.7,23819.0,45062.0,18.1,21.9,74.0,29.68,11.0,52.0,850.0,7.0,0.638769181199404
2026-04-24T15:25:14,04/24/202603:25,141.65,0.6399999999999999,90.65599999999999,54.9,1.08,59.292,58.8,0.7,12.0,198.7,23819.0,45062.0,18.0,21.9,74.0,29.68,11.0,52.0,850.0,7.0,0.6540328273914578
2026-04-24T15:26:01,04/24/202603:26,141.49,0.65,91.9685,54.9,1.1,60.39,59.9,0.7,12.0,198.7,23819.0,45062.0,18.0,21.9,74.0,29.68,11.0,52.0,850.0,7.0,0.6566378705752512
2026-04-24T15:26:14,04/24/202603:26,141.3,0.6599999999999999,93.258,54.9,1.1,60.39,59.9,0.7,12.0,198.7,23819.0,45062.0,18.0,21.9,74.0,29.68,11.0,52.0,850.0,7.0,0.6475583864118897
2026-04-24T15:27:00,04/24/202603:27,141.15,0.6699999999999999,94.5705,54.9,1.09,59.841,59.4,0.7,12.0,198.7,23819.0,45062.0,18.0,21.9,74.0,29.68,11.0,52.0,850.0,7.0,0.6327660316906435
2026-04-24T15:27:14,04/24/202603:27,141.0,0.6699999999999999,94.46999999999998,54.9,1.08,59.292,58.9,0.7,12.0,198.7,23819.0,45062.0,18.0,21.9,74.0,29.68,11.0,52.0,850.0,7.0,0.6276278183550335
2026-04-24T15:28:00,04/24/202603:28,140.92000000000002,0.6599999999999999,93.0072,54.9,1.04,57.096000000000004,56.7,0.7,12.0,198.7,23819.0,45062.0,18.0,21.9,74.0,29.68,11.0,52.0,850.0,7.0,0.6138879570613889
2026-04-24T15:28:14,04/24/202603:28,140.8,0.65,91.52000000000001,54.9,1.0100000000000002,55.44900000000001,55.1,0.7,12.0,198.7,23819.0,45062.0,18.0,21.9,74.0,29.68,11.0,52.0,850.0,7.0,0.60586756993007
2026-04-24T15:29:00,04/24/202603:29,140.7,0.6399999999999999,90.04799999999997,54.9,1.0,54.9,54.6,0.7,12.0,198.7,23819.0,45062.0,18.0,21.9,74.0,29.68,11.0,52.0,850.0,7.0,0.609674840085288
2026-04-24T15:29:14,04/24/202603:29,140.62,0.63,88.59060000000001,54.9,0.96,52.70399999999999,52.4,0.7,12.0,198.7,23819.0,45062.0,18.0,21.9,74.0,29.68,11.0,52.0,832.0,7.0,0.5949163906780176
2026-04-24T15:30:00,04/24/202603:30,140.54000000000002,0.6199999999999999,87.1348,54.9,0.9199999999999999,50.507999999999996,50.2,0.7,12.0,198.7,23819.0,45062.0,18.0,21.9,74.0,29.68,11.0,52.0,814.0,7.0,0.5796535942011687
2026-04-24T15:31:24,04/24/202603:31,140.45999999999998,0.6199999999999999,87.08519999999997,54.9,0.9400000000000001,51.606,51.3,0.7,12.0,198.7,23819.0,45062.0,18.1,21.9,73.8,29.68,11.093,52.0,802.0,6.970000000000001,0.5925920822367063
2026-04-24T15:32:00,04/24/202603:32,140.38,0.6199999999999999,87.03559999999997,54.9,0.96,52.70399999999999,52.4,0.7,12.0,198.7,23819.0,45062.0,18.1,21.9,73.6,29.68,11.186,52.0,790.0,6.94,0.6055453170886397
2026-04-24T15:32:13,04/24/202603:32,140.01,0.6199999999999999,86.80619999999998,54.9,0.96,52.70399999999999,52.4,0.7,12.0,198.7,23819.0,45062.0,18.0,21.9,73.4,29.68,11.279,52.0,778.0,6.909999999999999,0.6071455725512694
2026-04-24T15:33:01,04/24/202603:33,139.64000000000001,0.6199999999999999,86.57679999999999,54.9,0.96,52.70399999999999,52.4,0.7,12.0,198.7,23819.0,45062.0,18.0,21.9,73.2,29.68,11.372,52.0,766.0,6.88,0.6087543083135436
2026-04-24T15:33:14,04/24/202603:33,138.88,0.6199999999999999,86.10559999999998,54.9,0.95,52.154999999999994,51.8,0.7,12.0,198.7,23819.0,45062.0,18.1,21.9,73.0,29.68,11.428,52.2,754.0,6.85,0.6057097331648581
2026-04-24T15:34:00,04/24/202603:34,138.12,0.6199999999999999,85.63439999999999,54.9,0.9400000000000001,51.606,51.2,0.7,12.0,198.7,23819.0,45062.0,18.1,21.9,72.8,29.68,11.484,52.4,742.0,6.82,0.6026316527003168
2026-04-24T15:34:14,04/24/202603:34,137.95999999999998,0.63,86.91479999999999,54.9,0.96,52.70399999999999,52.2,0.7,13.0,198.7,23819.0,45062.0,18.0,21.9,72.6,29.68,11.540000000000001,52.6,730.0,6.790000000000001,0.60638694445595
2026-04-24T15:35:01,04/24/202603:35,137.8,0.6399999999999999,88.192,54.9,0.9800000000000001,53.80200000000001,53.2,0.7,13.0,198.7,23819.0,45062.0,18.0,21.9,72.4,29.68,11.596,52.8,718.0,6.76,0.6100553338171264
2026-04-24T15:35:14,04/24/202603:35,137.91,0.65,89.64150000000001,54.9,1.01,55.449,54.8,0.7,13.0,198.7,23819.0,45062.0,18.0,21.9,72.3,29.68,11.652,53.0,724.0,6.7299999999999995,0.6185639463864392
2026-04-24T15:35:46,04/24/202603:35,137.91,0.6599999999999999,91.02059999999999,54.9,1.03,56.547,55.9,0.7,13.0,198.7,23819.0,45062.0,18.0,21.9,72.2,29.68,11.708,53.2,730.0,6.7,0.6212549686554473
2026-04-24T15:36:00,04/24/202603:36,137.94,0.65,89.661,54.9,0.99,54.351,53.7,0.7,13.0,198.7,23819.0,45062.0,18.0,21.9,72.3,29.68,11.671000000000001,53.4,730.0,6.7,0.6061832903938167
2026-04-24T15:36:46,04/24/202603:36,137.91,0.6399999999999999,88.26239999999999,54.9,0.97,53.253,52.6,0.7,13.0,198.7,23819.0,45062.0,18.0,21.9,72.4,29.68,11.634,53.6,730.0,6.7,0.6033486512943225
2026-04-24T15:37:01,04/24/202603:37,138.2,0.63,87.06599999999999,54.9,0.99,54.351,53.7,0.7,13.0,198.7,23819.0,45062.0,18.0,21.9,72.5,29.68,11.597,53.8,730.0,6.7,0.6242505685342155
2026-04-24T15:37:45,04/24/202603:37,138.45999999999998,0.6199999999999999,85.84519999999998,54.9,1.0,54.9,54.2,0.7,13.0,198.7,23819.0,45062.0,18.0,21.9,72.6,29.68,11.56,54.0,730.0,6.7,0.6395232348459787
2026-04-24T15:38:00,04/24/202603:38,139.10999999999999,0.6199999999999999,86.24819999999997,54.9,1.02,55.998,55.3,0.7,13.0,198.7,23819.0,45062.0,18.0,21.9,72.7,29.68,11.56,54.0,730.0,6.7,0.6492657238064101
2026-04-24T15:38:46,04/24/202603:38,139.72,0.63,88.0236,54.9,1.03,56.547,55.9,0.7,13.0,198.7,23819.0,45062.0,18.0,21.9,72.8,29.68,11.56,54.0,730.0,6.7,0.642407263506605
2026-04-24T15:39:01,04/24/202603:39,139.77,0.63,88.05510000000001,54.9,1.0,54.9,54.3,0.7,13.0,198.7,23819.0,45062.0,18.0,21.9,72.9,29.68,11.56,54.0,730.0,6.7,0.6234732570856202
2026-04-24T15:39:45,04/24/202603:39,139.8,0.63,88.07400000000001,54.89,0.9800000000000001,53.79220000000001,53.2,0.7,13.0,198.7,23819.0,45062.0,18.0,21.9,73.0,29.68,11.56,54.0,730.0,6.7,0.6107614051820061
2026-04-24T15:40:00,04/24/202603:40,139.54000000000002,0.6399999999999999,89.3056,54.879999999999995,0.9800000000000001,53.7824,53.2,0.7,13.0,198.7,23819.0,45062.0,18.0,21.9,73.0,29.68,11.56,54.0,730.0,6.7,0.6022287516124409
2026-04-24T15:40:46,04/24/202603:40,139.38,0.65,90.597,54.879999999999995,1.01,55.428799999999995,54.8,0.7,13.0,198.7,23819.0,45062.0,18.0,21.9,73.0,29.68,11.56,54.0,730.0,6.7,0.6118171683389074
2026-04-24T15:41:01,04/24/202603:41,139.22,0.6599999999999999,91.88519999999998,54.879999999999995,1.04,57.075199999999995,56.4,0.7,13.0,198.7,23819.0,45062.0,18.0,21.9,73.0,29.68,11.56,54.0,730.0,6.7,0.6211577054846701
2026-04-24T15:42:35,04/24/202603:42,139.07999999999998,0.6699999999999999,93.18359999999998,54.879999999999995,1.06,58.172799999999995,57.5,0.7,13.0,198.7,23819.0,45062.0,18.0,21.9,73.0,29.68,11.56,54.0,730.0,6.7,0.6242815259337481
2026-04-24T15:42:45,04/24/202603:42,138.95,0.6799999999999999,94.48599999999999,54.879999999999995,1.08,59.2704,58.6,0.7,13.0,198.7,23819.0,45062.0,18.1,21.9,73.0,29.68,11.56,54.0,730.0,6.7,0.6272929322862647
2026-04-24T15:43:01,04/24/202603:43,138.85,0.69,95.80649999999999,54.879999999999995,1.1099999999999999,60.91679999999999,60.3,0.7,13.0,198.7,23819.0,45062.0,18.1,21.9,73.0,29.68,11.56,54.0,730.0,6.7,0.6358315980648495
2026-04-24T15:43:46,04/24/202603:43,138.77,0.7,97.139,54.879999999999995,1.1400000000000001,62.5632,62.0,0.7,13.0,198.7,23819.0,45062.0,18.0,21.9,73.0,29.68,11.56,54.0,730.0,6.7,0.6440585140880595
2026-04-24T15:44:01,04/24/202603:44,138.73,0.7,97.11099999999999,54.879999999999995,1.1800000000000002,64.75840000000001,64.2,0.7,13.0,198.7,23819.0,45062.0,18.0,21.9,73.0,29.68,11.56,54.0,730.0,6.7,0.6668492755712536
2026-04-24T15:44:44,04/24/202603:44,138.69,0.71,98.4699,54.879999999999995,1.21,66.4048,65.8,0.7,13.0,198.7,23819.0,45062.0,18.1,21.9,73.0,29.68,11.56,54.0,730.0,6.7,0.674366481533951
2026-04-24T15:45:00,04/24/202603:45,138.67000000000002,0.72,99.84240000000001,54.89,1.23,67.5147,66.9,0.7,13.0,198.7,23819.0,45062.0,18.1,21.9,73.0,29.68,11.56,54.0,730.0,6.7,0.676212711232903
2026-04-24T15:45:44,04/24/202603:45,138.67000000000002,0.72,99.84240000000001,54.9,1.23,67.527,66.9,0.7,13.0,198.7,23819.0,45062.0,18.0,21.9,73.0,29.68,11.56,54.0,730.0,6.7,0.6763359053868897
2026-04-24T15:46:01,04/24/202603:46,138.68,0.72,99.8496,54.9,1.21,66.429,65.8,0.7,13.0,198.7,23819.0,45062.0,18.0,21.9,73.0,29.68,11.56,54.0,730.0,6.7,0.6652905970579752
2026-04-24T15:46:44,04/24/202603:46,138.68,0.71,98.4628,54.9,1.1800000000000002,64.78200000000001,64.2,0.7,13.0,198.7,23819.0,45062.0,18.0,21.9,72.8,29.68,11.634,53.9,725.0,6.67,0.6579337577237293
2026-04-24T15:47:00,04/24/202603:47,138.72,0.7,97.104,54.9,1.1400000000000001,62.586000000000006,62.0,0.7,13.0,198.7,23819.0,45062.0,18.0,21.9,72.6,29.68,11.708000000000002,53.8,720.0,6.640000000000001,0.6445254572417203
2026-04-24T15:47:44,04/24/202603:47,138.77,0.69,95.7513,54.9,1.1,60.39,59.8,0.7,13.0,198.7,23819.0,45062.0,18.1,21.9,72.4,29.68,11.782,53.7,715.0,6.610000000000001,0.6306963978556949
2026-04-24T15:48:01,04/24/202603:48,138.82,0.6799999999999999,94.39759999999998,54.9,1.06,58.194,57.6,0.7,13.0,198.7,23819.0,45062.0,18.1,21.9,72.2,29.68,11.856,53.6,710.0,6.58,0.6164775375645145
2026-04-24T15:48:43,04/24/202603:48,138.82,0.6799999999999999,94.39759999999998,54.9,1.05,57.645,57.0,0.7,13.0,198.7,23819.0,45062.0,18.0,21.9,72.0,29.68,11.930000000000001,53.5,705.0,6.55,0.6106617117384342
2026-04-24T15:49:01,04/24/202603:49,138.82,0.6799999999999999,94.39759999999998,54.9,1.04,57.096000000000004,56.4,0.7,13.0,198.7,23819.0,45062.0,18.0,21.9,71.8,29.68,12.004000000000001,53.4,700.0,6.5200000000000005,0.6048458859123539
2026-04-24T15:49:44,04/24/202603:49,138.82999999999998,0.65,90.23949999999999,54.9,1.0,54.9,54.2,0.7,13.0,198.7,23819.0,45062.0,18.0,21.9,71.6,29.68,12.078,53.3,695.0,6.49,0.6083810304800005
2026-04-24T15:50:01,04/24/202603:50,138.84,0.6199999999999999,86.08079999999998,54.9,0.96,52.70399999999999,52.0,0.7,13.0,198.7,23819.0,45062.0,18.0,21.9,71.4,29.68,12.152000000000001,53.2,690.0,6.460000000000001,0.6122619678255778
2026-04-24T15:50:44,04/24/202603:50,138.79000000000002,0.6199999999999999,86.04979999999999,54.9,0.96,52.70399999999999,52.0,0.7,13.0,198.7,23819.0,45062.0,18.0,21.9,71.2,29.68,12.226,53.1,685.0,6.43,0.6124825391808
2026-04-24T15:51:01,04/24/202603:51,138.74,0.6199999999999999,86.01879999999998,54.9,0.96,52.70399999999999,52.0,0.7,13.0,198.7,23819.0,45062.0,18.0,21.9,71.0,29.68,12.3,53.0,680.0,6.4,0.6127032695178264
2026-04-24T15:51:44,04/24/202603:51,138.73,0.6199999999999999,86.01259999999998,54.9,0.95,52.154999999999994,50.9,0.7,13.0,198.7,23819.0,45062.0,18.0,21.9,71.0,29.68,12.3,53.0,680.0,6.4,0.6063646489002775
2026-04-24T15:52:01,04/24/202603:52,138.72,0.6199999999999999,86.00639999999999,54.9,0.9400000000000001,51.606,49.8,0.7,13.0,198.7,23819.0,45062.0,18.0,21.9,71.0,29.68,12.3,53.0,680.0,6.4,0.6000251144100905
2026-04-24T15:53:47,04/24/202603:53,138.7,0.6199999999999999,85.99399999999997,54.910000000000004,0.95,52.164500000000004,50.3,0.7,13.0,198.7,23819.0,45062.0,18.0,21.9,71.0,29.68,12.3,53.0,680.0,6.4,0.6066062748563856
2026-04-24T15:54:01,04/24/202603:54,138.68,0.6199999999999999,85.98159999999999,54.92,0.96,52.7232,50.8,0.7,13.0,198.7,23819.0,45062.0,18.0,21.9,71.0,29.68,12.3,53.0,680.0,6.4,0.6131916596108936
2026-04-24T15:54:43,04/24/202603:54,137.78,0.6199999999999999,85.42359999999998,54.92,0.9400000000000001,51.62480000000001,49.7,0.7,13.0,198.7,23819.0,45062.0,18.1,21.9,71.0,29.68,12.3,53.0,680.0,6.4,0.6043388478125485
2026-04-24T15:55:00,04/24/202603:55,136.88,0.6199999999999999,84.86559999999999,54.92,0.9199999999999999,50.526399999999995,48.6,0.7,13.0,198.7,23819.0,45062.0,18.1,21.9,71.0,29.68,12.3,53.0,680.0,6.4,0.5953696197281348
2026-04-24T15:55:44,04/24/202603:55,136.93,0.6199999999999999,84.89659999999999,54.92,0.9199999999999999,50.526399999999995,48.6,0.7,13.0,198.7,23819.0,45062.0,18.1,21.9,71.0,29.68,12.3,53.0,680.0,6.4,0.5951522204658373
2026-04-24T15:56:01,04/24/202603:56,136.98,0.6199999999999999,84.92759999999998,54.92,0.9199999999999999,50.526399999999995,48.6,0.7,13.0,198.7,23819.0,45062.0,18.1,21.9,71.0,29.68,12.3,53.0,680.0,6.4,0.5949349799123018
2026-04-24T15:56:44,04/24/202603:56,137.14000000000001,0.61,83.6554,54.92,0.9199999999999999,50.526399999999995,48.6,0.7,13.0,198.7,23819.0,45062.0,18.0,21.9,71.0,29.68,12.3,53.0,680.0,6.4,0.6039825283245313
2026-04-24T15:57:00,04/24/202603:57,137.3,0.6,82.38000000000001,54.92,0.9199999999999999,50.526399999999995,48.6,0.7,13.0,198.7,23819.0,45062.0,18.0,21.9,71.0,29.68,12.3,53.0,680.0,6.4,0.6133333333333332
2026-04-24T15:57:44,04/24/202603:57,137.4,0.61,83.81400000000001,54.92,0.93,51.0756,49.7,0.7,13.0,198.7,23819.0,45062.0,18.0,21.9,71.0,29.68,12.3,53.0,680.0,6.4,0.6093922256424941
2026-04-24T15:58:01,04/24/202603:58,137.5,0.6199999999999999,85.24999999999999,54.92,0.9400000000000001,51.62480000000001,50.8,0.7,13.0,198.7,23819.0,45062.0,18.0,21.9,71.0,29.68,12.3,53.0,680.0,6.4,0.6055695014662759
2026-04-24T15:59:25,04/24/202603:59,137.59,0.63,86.6817,54.910000000000004,0.95,52.164500000000004,51.4,0.7,13.0,198.7,23819.0,45062.0,18.1,21.9,71.0,29.68,12.3,53.0,680.0,6.4,0.6017936888639701
2026-04-24T16:00:00,04/24/202604:00,137.68,0.6399999999999999,88.11519999999999,54.9,0.96,52.70399999999999,52.0,0.7,13.0,198.7,23819.0,45062.0,18.1,21.9,71.0,29.68,12.3,53.0,680.0,6.4,0.5981260894828588
2026-04-24T16:00:24,04/24/202604:00,138.64000000000001,0.63,87.34320000000001,54.9,0.9700000000000001,53.253,52.6,0.7,13.0,198.7,23819.0,45062.0,18.0,21.919999999999998,70.8,29.68,12.189,53.4,687.0,6.380000000000001,0.6096982936278954
2026-04-24T16:01:45,04/24/202604:01,139.62,0.61,85.1682,54.9,0.9400000000000001,51.606,51.0,0.7,13.0,198.7,23819.0,45062.0,18.0,21.939999999999998,70.6,29.68,12.078,53.8,694.0,6.36,0.6059303824666954
2026-04-24T16:01:46,04/24/202604:01,138.93,0.63,87.52590000000001,54.9,0.9800000000000001,53.80200000000001,53.2,0.7,13.0,198.7,23819.0,45062.0,18.1,21.96,70.4,29.68,11.967,54.2,701.0,6.340000000000001,0.6146980493773844
2026-04-24T16:02:00,04/24/202604:02,138.24,0.65,89.85600000000001,54.9,1.02,55.998,55.4,0.7,13.0,198.7,23819.0,45062.0,18.1,21.98,70.2,29.68,11.856,54.6,708.0,6.32,0.6231971153846153
2026-04-24T16:02:45,04/24/202604:02,137.29000000000002,0.6399999999999999,87.8656,54.9,1.0,54.9,54.3,0.7,13.0,198.7,23819.0,45062.0,18.1,22.0,70.0,29.68,11.745000000000001,55.0,715.0,6.3,0.6248179037074805
2026-04-24T16:03:00,04/24/202604:03,136.34,0.63,85.8942,54.9,0.9800000000000001,53.80200000000001,53.2,0.7,13.0,198.7,23819.0,45062.0,18.1,22.02,69.8,29.68,11.634,55.4,722.0,6.28,0.6263752383746517
2026-04-24T16:04:59,04/24/202604:04,136.6,0.6199999999999999,84.69199999999998,54.9,0.96,52.70399999999999,52.1,0.7,13.0,198.7,23819.0,45062.0,18.0,22.04,69.6,29.68,11.523,55.8,729.0,6.26,0.6223019883814292
2026-04-24T16:05:01,04/24/202604:05,136.85999999999999,0.61,83.48459999999999,54.9,0.9400000000000001,51.606,51.0,0.7,13.0,198.7,23819.0,45062.0,18.0,22.060000000000002,69.4,29.68,11.412,56.2,736.0,6.24,0.6181499342393688
2026-04-24T16:05:45,04/24/202604:05,137.01,0.61,83.5761,54.9,0.9400000000000001,51.606,51.0,0.7,13.0,198.7,23819.0,45062.0,18.1,22.080000000000002,69.2,29.68,11.300999999999998,56.6,743.0,6.220000000000001,0.6174731771403548
2026-04-24T16:06:00,04/24/202604:06,137.16,0.61,83.6676,54.9,0.9400000000000001,51.606,51.0,0.7,13.0,198.7,23819.0,45062.0,18.1,22.1,69.0,29.68,11.19,57.0,750.0,6.2,0.6167979002624673
2026-04-24T16:06:46,04/24/202604:06,137.3,0.61,83.753,54.9,0.9199999999999999,50.507999999999996,49.9,0.7,13.0,198.7,23819.0,45062.0,18.1,22.1,69.0,29.68,11.19,57.0,750.0,6.2,0.6030589949016751
2026-04-24T16:07:01,04/24/202604:07,137.42000000000002,0.6199999999999999,85.20039999999999,54.9,0.9400000000000001,51.606,51.0,0.7,13.0,198.7,23819.0,45062.0,18.1,22.1,69.0,29.68,11.19,57.0,750.0,6.2,0.6057013816836542
2026-04-24T16:07:45,04/24/202604:07,138.2,0.61,84.30199999999999,54.9,0.9199999999999999,50.507999999999996,49.9,0.7,13.0,198.7,23819.0,45062.0,18.1,22.1,69.0,29.68,11.19,57.0,750.0,6.2,0.5991316931982634
2026-04-24T16:08:00,04/24/202604:08,138.98,0.6,83.38799999999999,54.9,0.9,49.41,48.8,0.7,13.0,198.7,23819.0,45062.0,18.1,22.1,69.0,29.68,11.19,57.0,750.0,6.2,0.5925312994675493
2026-04-24T16:08:46,04/24/202604:08,139.48,0.61,85.08279999999999,54.9,0.93,51.057,50.5,0.7,13.0,198.7,23819.0,45062.0,18.1,22.1,69.0,29.68,11.19,57.0,750.0,6.2,0.6000860338399772
2026-04-24T16:09:01,04/24/202604:09,139.98,0.6199999999999999,86.78759999999998,54.9,0.96,52.70399999999999,52.2,0.7,13.0,198.7,23819.0,45062.0,18.1,22.1,69.0,29.68,11.19,57.0,750.0,6.2,0.6072756937627035
2026-04-24T16:09:45,04/24/202604:09,139.85,0.63,88.10549999999999,54.9,0.99,54.351,53.8,0.7,13.0,198.7,23819.0,45062.0,18.1,22.1,69.0,29.68,11.19,57.0,750.0,6.2,0.6168854384800041
2026-04-24T16:10:00,04/24/202604:10,139.71999999999997,0.6399999999999999,89.42079999999997,54.9,1.02,55.998,55.4,0.7,13.0,198.7,23819.0,45062.0,18.1,22.1,69.0,29.68,11.19,57.0,750.0,6.2,0.626230138849127
2026-04-24T16:10:46,04/24/202604:10,139.78,0.6399999999999999,89.45919999999998,54.9,1.02,55.998,55.4,0.7,13.0,198.7,23819.0,45062.0,18.1,22.1,69.0,29.68,11.19,57.0,750.0,6.2,0.6259613320932895
2026-04-24T16:11:01,04/24/202604:11,139.84,0.6399999999999999,89.49759999999999,54.9,1.02,55.998,55.4,0.7,13.0,198.7,23819.0,45062.0,18.1,22.1,69.0,29.68,11.19,57.0,750.0,6.2,0.625692756006865
2026-04-24T16:11:46,04/24/202604:11,138.98,0.6399999999999999,88.94719999999998,54.9,1.01,55.449,54.8,0.7,13.0,198.7,23819.0,45062.0,18.1,22.1,69.0,29.68,11.19,57.0,750.0,6.2,0.6233923046481509
2026-04-24T16:12:00,04/24/202604:12,138.12,0.6399999999999999,88.39679999999998,54.9,1.0,54.9,54.2,0.7,13.0,198.7,23819.0,45062.0,18.1,22.1,69.0,29.68,11.19,57.0,750.0,6.2,0.6210632059079063
2026-04-24T16:12:46,04/24/202604:12,138.27,0.65,89.87550000000002,54.9,1.02,55.998,55.3,0.7,13.0,198.7,23819.0,45062.0,18.0,22.1,69.0,29.68,11.19,57.0,750.0,6.2,0.623061902298179
2026-04-24T16:13:01,04/24/202604:13,138.42000000000002,0.6599999999999999,91.3572,54.9,1.04,57.096000000000004,56.4,0.7,13.0,198.7,23819.0,45062.0,18.0,22.1,69.0,29.68,11.19,57.0,750.0,6.2,0.6249753713992986
2026-04-24T16:13:45,04/24/202604:13,138.99,0.6599999999999999,91.73339999999999,54.9,1.03,56.547,55.8,0.7,13.0,198.7,23819.0,45062.0,18.1,22.1,69.0,29.68,11.19,57.0,750.0,6.2,0.6164276043404039
2026-04-24T16:14:48,04/24/202604:14,139.47,0.6599999999999999,92.05019999999999,54.9,1.02,55.998,55.2,0.7,13.0,198.7,23819.0,45062.0,18.1,22.1,69.0,29.68,11.19,57.0,750.0,6.2,0.6083419699251061
2026-04-24T16:16:09,04/24/202604:16,139.35,0.6599999999999999,91.97099999999999,54.9,1.02,55.998,55.2,0.7,13.0,198.7,23819.0,45062.0,18.1,22.130000000000003,68.9,29.68,11.300999999999998,57.0,746.0,6.16,0.6088658381446326
2026-04-24T16:16:50,04/24/202604:16,139.2,0.6599999999999999,91.87199999999999,54.9,1.03,56.547,55.8,0.7,13.0,198.7,23819.0,45062.0,18.1,22.160000000000004,68.8,29.68,11.412,57.0,742.0,6.12,0.6154976489028213
2026-04-24T16:17:00,04/24/202604:17,138.97,0.6599999999999999,91.72019999999999,54.9,1.03,56.547,55.8,0.7,13.0,198.7,23819.0,45062.0,18.1,22.19,68.7,29.68,11.523,57.0,738.0,6.08,0.6165163181065895
2026-04-24T16:17:50,04/24/202604:17,138.75,0.65,90.1875,54.9,1.01,55.449,54.7,0.7,13.0,198.7,23819.0,45062.0,18.1,22.22,68.6,29.68,11.634,57.0,734.0,6.04,0.6148191268191268
2026-04-24T16:18:00,04/24/202604:18,139.5,0.65,90.675,54.9,1.02,55.998,55.3,0.7,13.0,198.7,23819.0,45062.0,18.1,22.25,68.5,29.68,11.745000000000001,57.0,730.0,6.0,0.6175682382133995
2026-04-24T16:18:50,04/24/202604:18,140.22,0.65,91.143,54.9,1.03,56.547,55.9,0.7,13.0,198.7,23819.0,45062.0,18.1,22.28,68.4,29.68,11.856,57.0,726.0,5.96,0.620420657647872
2026-04-24T16:19:00,04/24/202604:19,139.98,0.6399999999999999,89.58719999999998,54.9,1.0,54.9,54.3,0.7,13.0,198.7,23819.0,45062.0,18.1,22.31,68.3,29.68,11.967,57.0,722.0,5.92,0.6128107586798115
2026-04-24T16:19:50,04/24/202604:19,139.72,0.63,88.0236,54.9,0.9800000000000001,53.80200000000001,52.7,0.7,13.0,198.7,23819.0,45062.0,18.1,22.339999999999996,68.2,29.68,12.078,57.0,718.0,5.88,0.6112224448897796
2026-04-24T16:20:00,04/24/202604:20,139.51,0.63,87.8913,54.9,0.9800000000000001,53.80200000000001,52.2,0.7,13.0,198.7,23819.0,45062.0,18.1,22.369999999999997,68.1,29.68,12.189,57.0,714.0,5.84,0.6121424987456097
2026-04-24T16:20:50,04/24/202604:20,139.38,0.63,87.8094,54.9,0.99,54.351,52.8,0.7,13.0,198.7,23819.0,45062.0,18.1,22.4,68.0,29.68,12.3,57.0,710.0,5.8,0.6189656232704016
2026-04-24T16:21:00,04/24/202604:21,139.3,0.6199999999999999,86.36599999999999,54.9,1.0,54.9,53.4,0.7,13.0,198.7,23819.0,45062.0,18.1,22.4,68.0,29.68,12.3,57.0,710.0,5.8,0.6356668133293195
2026-04-24T16:21:50,04/24/202604:21,139.28,0.61,84.96079999999999,54.9,0.96,52.70399999999999,51.2,0.7,13.0,198.7,23819.0,45062.0,18.1,22.4,68.0,29.68,12.3,57.0,710.0,5.8,0.620333141872487
2026-04-24T16:22:01,04/24/202604:22,139.26,0.6,83.556,54.9,0.9199999999999999,50.507999999999996,49.0,0.7,13.0,198.7,23819.0,45062.0,18.1,22.4,68.0,29.68,12.3,57.0,710.0,5.8,0.6044808272296424
2026-04-24T16:22:50,04/24/202604:22,139.18,0.62,86.2916,54.9,0.95,52.154999999999994,50.6,0.7,13.0,198.7,23819.0,45062.0,18.1,22.4,68.0,29.68,12.3,57.0,710.0,5.8,0.604404136671472
2026-04-24T16:23:00,04/24/202604:23,139.1,0.64,89.024,54.9,0.9800000000000001,53.80200000000001,52.2,0.7,13.0,198.7,23819.0,45062.0,18.1,22.4,68.0,29.68,12.3,57.0,710.0,5.8,0.6043538820992093
2026-04-24T16:23:01,04/24/202604:23,139.06,0.65,90.38900000000001,54.9,0.99,54.351,52.7,0.7,13.0,198.7,23819.0,45062.0,18.1,22.4,68.0,29.68,12.3,57.0,710.0,5.8,0.6013010432685393
2026-04-24T16:24:01,04/24/202604:24,139.02,0.6599999999999999,91.75319999999999,54.9,1.0,54.9,53.2,0.7,13.0,198.7,23819.0,45062.0,18.1,22.4,68.0,29.68,12.3,57.0,710.0,5.8,0.5983442539333779
2026-04-24T16:24:02,04/24/202604:24,138.86,0.77,106.92220000000002,54.910000000000004,1.26,69.1866,68.0,0.7,13.0,198.7,23819.0,45062.0,18.1,22.4,68.0,29.68,12.3,57.0,710.0,5.8,0.6470742278030193
2026-04-24T16:25:00,04/24/202604:25,138.7,0.8800000000000001,122.05600000000001,54.92,1.52,83.47840000000001,82.8,0.7,13.0,198.7,23819.0,45062.0,18.1,22.4,68.0,29.68,12.3,57.0,710.0,5.8,0.6839352428393525
2026-04-24T16:25:02,04/24/202604:25,138.58,0.89,123.33620000000002,54.92,1.53,84.0276,83.3,0.7,13.0,198.7,23819.0,45062.0,18.1,22.4,68.0,29.68,12.3,57.0,710.0,5.8,0.6812890294982332
2026-04-24T16:26:01,04/24/202604:26,138.46,0.9,124.614,54.92,1.54,84.5768,83.8,0.7,13.0,198.7,23819.0,45062.0,18.1,22.4,68.0,29.68,12.3,57.0,710.0,5.8,0.6787102572744635
2026-04-24T16:27:22,04/24/202604:27,138.43,0.9,124.587,54.92,1.56,85.6752,84.9,0.7,13.0,198.7,23819.0,45062.0,18.1,22.4,68.0,29.68,12.3,57.0,710.0,5.8,0.6876736738182957
2026-04-24T16:28:00,04/24/202604:28,138.4,0.9,124.56,54.92,1.58,86.7736,86.0,0.7,13.0,198.7,23819.0,45062.0,18.1,22.4,68.0,29.68,12.3,57.0,710.0,5.8,0.696640976236352
2026-04-24T16:28:01,04/24/202604:28,138.39000000000001,0.89,123.16710000000002,54.92,1.56,85.6752,84.9,0.7,13.0,198.7,23819.0,45062.0,18.1,22.4,68.0,29.68,12.3,57.0,710.0,5.8,0.6956013415920322
2026-04-24T16:29:00,04/24/202604:29,138.38,0.8799999999999999,121.77439999999999,54.92,1.54,84.5768,83.8,0.7,13.0,198.7,23819.0,45062.0,18.1,22.4,68.0,29.68,12.3,57.0,710.0,5.8,0.694536782772077
2026-04-24T16:29:01,04/24/202604:29,138.38,0.8699999999999999,120.39059999999998,54.92,1.53,84.0276,83.3,0.7,13.0,198.7,23819.0,45062.0,18.1,22.4,68.0,29.68,12.3,57.0,710.0,5.8,0.6979581462340085
2026-04-24T16:30:00,04/24/202604:30,138.38,0.86,119.0068,54.92,1.52,83.47840000000001,82.8,0.7,13.0,198.7,23819.0,45062.0,18.1,22.4,68.0,29.68,12.3,57.0,710.0,5.8,0.7014590762880777
2026-04-24T16:30:02,04/24/202604:30,138.52,0.75,103.89000000000001,54.910000000000004,1.24,68.08840000000001,68.0,0.7,13.0,198.7,23819.0,45062.0,18.1,22.4,68.0,29.68,12.3,57.0,710.0,5.8,0.6553893541245548
2026-04-24T16:31:00,04/24/202604:31,138.66,0.6399999999999999,88.74239999999999,54.9,0.96,52.70399999999999,53.2,0.7,13.0,198.7,23819.0,45062.0,18.1,22.4,68.0,29.68,12.3,57.0,710.0,5.8,0.5938987451319775
2026-04-24T16:31:01,04/24/202604:31,138.70999999999998,0.63,87.38729999999998,54.9,0.9400000000000001,51.606,52.1,0.7,13.0,198.7,23819.0,45062.0,18.1,22.389999999999997,68.0,29.68,12.269000000000002,56.6,707.0,5.76,0.5905434771414154
2026-04-24T16:32:00,04/24/202604:32,138.76,0.6199999999999999,86.03119999999998,54.9,0.9199999999999999,50.507999999999996,51.0,0.7,13.0,198.7,23819.0,45062.0,18.1,22.38,68.0,29.68,12.238000000000001,56.2,704.0,5.720000000000001,0.5870893350319419
2026-04-24T16:32:02,04/24/202604:32,138.65,0.6199999999999999,85.963,54.9,0.9199999999999999,50.507999999999996,51.0,0.7,13.0,198.7,23819.0,45062.0,18.1,22.369999999999997,68.0,29.68,12.207,55.8,692.0,5.68,0.5875551109198144
2026-04-24T16:33:01,04/24/202604:33,138.54000000000002,0.6199999999999999,85.8948,54.9,0.9199999999999999,50.507999999999996,51.0,0.7,13.0,198.7,23819.0,45062.0,18.1,22.36,68.0,29.68,12.176,55.4,680.0,5.64,0.5880216264546864
2026-04-24T16:33:02,04/24/202604:33,138.43,0.6,83.058,54.89,0.9,49.401,49.9,0.7,14.0,198.7,23819.0,45062.0,18.1,22.34,68.0,29.68,12.145,55.0,668.0,5.6,0.5947771436827277
2026-04-24T16:34:00,04/24/202604:34,138.32,0.58,80.22559999999999,54.879999999999995,0.8800000000000001,48.2944,48.8,0.7,14.0,198.7,23819.0,45062.0,18.1,22.32,68.0,29.68,12.114,54.6,656.0,5.5600000000000005,0.6019824096049143
2026-04-24T16:34:02,04/24/202604:34,138.24,0.59,81.5616,54.879999999999995,0.89,48.843199999999996,49.3,0.7,14.0,198.7,23819.0,45062.0,18.1,22.3,68.0,29.68,12.083,54.2,644.0,5.5200000000000005,0.5988504394224733
2026-04-24T16:34:56,04/24/202604:34,137.7,0.6,82.61999999999999,54.879999999999995,0.9,49.391999999999996,49.8,0.7,14.0,198.7,23819.0,45062.0,18.1,22.28,68.0,29.68,12.052000000000001,53.8,632.0,5.48,0.5978213507625273
2026-04-24T16:35:01,04/24/202604:35,137.16,0.61,83.6676,54.879999999999995,0.9199999999999999,50.48959999999999,50.3,0.7,14.0,198.7,23819.0,45062.0,18.1,22.259999999999998,68.0,29.68,12.021,53.4,620.0,5.44,0.6034546228169565
2026-04-24T16:35:46,04/24/202604:35,137.17000000000002,0.6199999999999999,85.0454,54.879999999999995,0.95,52.135999999999996,51.4,0.7,14.0,198.7,23819.0,45062.0,18.1,22.240000000000002,68.0,29.68,11.99,53.0,608.0,5.4,0.6130372718571492
2026-04-24T16:36:00,04/24/202604:36,137.24,0.63,86.4612,54.879999999999995,0.96,52.684799999999996,52.0,0.7,14.0,198.7,23819.0,45062.0,18.1,22.23,68.0,29.68,11.99,53.0,599.0,5.4,0.6093461575828232
2026-04-24T16:36:46,04/24/202604:36,137.32,0.63,86.5116,54.879999999999995,0.96,52.684799999999996,52.0,0.7,14.0,198.7,23819.0,45062.0,18.1,22.22,68.0,29.68,11.99,53.0,590.0,5.4,0.6089911641906981
2026-04-24T16:37:01,04/24/202604:37,137.44,0.63,86.5872,54.879999999999995,0.9700000000000001,53.2336,52.5,0.7,14.0,198.7,23819.0,45062.0,18.1,22.21,68.0,29.68,11.99,53.0,590.0,5.4,0.6147975682317941
2026-04-24T16:38:32,04/24/202604:38,137.54000000000002,0.63,86.65020000000001,54.879999999999995,0.9800000000000001,53.7824,53.0,0.7,14.0,198.7,23819.0,45062.0,18.1,22.2,68.0,29.68,11.99,53.0,590.0,5.4,0.62068408382208
2026-04-24T16:38:45,04/24/202604:38,137.67000000000002,0.65,89.48550000000002,54.89,1.02,55.9878,55.3,0.7,14.0,198.7,23819.0,45062.0,18.2,22.2,68.0,29.68,11.99,53.0,590.0,5.4,0.6256633756306886
2026-04-24T16:39:01,04/24/202604:39,137.8,0.6699999999999999,92.326,54.9,1.06,58.194,57.6,0.7,14.0,198.7,23819.0,45062.0,18.2,22.2,68.0,29.68,11.99,53.0,590.0,5.4,0.6303099885189438
2026-04-24T16:39:45,04/24/202604:39,137.89000000000001,0.6699999999999999,92.3863,54.9,1.06,58.194,57.6,0.7,14.0,198.7,23819.0,45062.0,18.1,22.2,68.0,29.68,11.99,53.0,590.0,5.4,0.6298985888600366
2026-04-24T16:40:01,04/24/202604:40,138.44,0.6699999999999999,92.75479999999999,54.9,1.06,58.194,57.6,0.7,14.0,198.7,23819.0,45062.0,18.1,22.2,68.0,29.68,11.99,53.0,590.0,5.4,0.6273961024119508
2026-04-24T16:40:46,04/24/202604:40,138.94,0.6699999999999999,93.08979999999998,54.9,1.06,58.194,57.6,0.7,14.0,198.7,23819.0,45062.0,18.1,22.2,68.7,29.68,11.99,53.0,590.0,5.4,0.6251383073118646
2026-04-24T16:41:01,04/24/202604:41,138.89000000000001,0.6699999999999999,93.0563,54.9,1.05,57.645,57.0,0.7,14.0,198.7,23819.0,45062.0,18.1,22.2,69.4,29.68,11.99,53.0,590.0,5.4,0.6194637010068099
2026-04-24T16:41:45,04/24/202604:41,138.49,0.6599999999999999,91.40339999999999,54.9,1.01,55.449,54.8,0.7,14.0,198.7,23819.0,45062.0,18.1,22.2,70.1,29.68,11.99,53.0,590.0,5.4,0.6066404531997716
2026-04-24T16:42:01,04/24/202604:42,138.07999999999998,0.6599999999999999,91.13279999999997,54.9,0.9800000000000001,53.80200000000001,53.2,0.7,14.0,198.7,23819.0,45062.0,18.1,22.2,70.8,29.68,11.99,53.0,590.0,5.4,0.5903692194248396
2026-04-24T16:42:46,04/24/202604:42,137.09,0.6799999999999999,93.2212,54.9,1.0,54.9,54.3,0.7,14.0,198.7,23819.0,45062.0,18.1,22.2,71.5,29.68,11.953,52.9,590.0,5.4,0.5889218332310676
2026-04-24T16:43:01,04/24/202604:43,136.12,0.7,95.28399999999999,54.9,1.02,55.998,55.4,0.7,14.0,198.7,23819.0,45062.0,18.1,22.2,72.2,29.68,11.916,52.8,590.0,5.4,0.587695730657823
2026-04-24T16:43:46,04/24/202604:43,136.19,0.69,93.97109999999999,54.9,0.99,54.351,53.7,0.7,14.0,198.7,23819.0,45062.0,18.1,22.2,72.9,29.68,11.867,52.8,590.0,5.4,0.5783799487289177
2026-04-24T16:44:01,04/24/202604:44,136.26,0.6799999999999999,92.65679999999999,54.9,0.96,52.70399999999999,52.0,0.7,14.0,198.7,23819.0,45062.0,18.1,22.2,73.6,29.68,11.818000000000001,52.8,590.0,5.4,0.5688087652498252
2026-04-24T16:44:46,04/24/202604:44,136.18,0.6799999999999999,92.6024,54.9,0.9800000000000001,53.80200000000001,53.1,0.7,14.0,198.7,23819.0,45062.0,18.1,22.2,74.3,29.68,11.769,52.8,590.0,5.4,0.5810000604735946
2026-04-24T16:45:01,04/24/202604:45,136.1,0.6799999999999999,92.54799999999999,54.9,1.0,54.9,54.2,0.7,14.0,198.7,23819.0,45062.0,18.1,22.2,75.0,29.68,11.72,52.8,590.0,5.4,0.5932056878592731
2026-04-24T16:45:45,04/24/202604:45,136.19,0.6799999999999999,92.60919999999999,54.910000000000004,1.02,56.0082,55.3,0.7,14.0,198.7,23819.0,45062.0,18.1,22.2,75.0,29.68,11.671,52.8,590.0,5.4,0.6047800866436597
2026-04-24T16:46:01,04/24/202604:46,136.28,0.6799999999999999,92.67039999999999,54.92,1.04,57.116800000000005,56.4,0.7,14.0,198.7,23819.0,45062.0,18.1,22.2,75.0,29.68,11.622,52.8,590.0,5.4,0.6163435142181324
2026-04-24T16:46:46,04/24/202604:46,136.83999999999997,0.6799999999999999,93.05119999999998,54.92,1.04,57.116800000000005,56.4,0.7,14.0,198.7,23819.0,45062.0,18.1,22.229999999999997,74.8,29.68,11.678,53.4,591.0,5.36,0.6138212081090842
2026-04-24T16:47:01,04/24/202604:47,137.4,0.6799999999999999,93.432,54.92,1.04,57.116800000000005,56.4,0.7,14.0,198.7,23819.0,45062.0,18.1,22.259999999999998,74.6,29.68,11.734,54.0,592.0,5.32,0.6113194622827297
2026-04-24T16:47:46,04/24/202604:47,138.47,0.6699999999999999,92.77489999999999,54.910000000000004,1.02,56.0082,55.3,0.7,14.0,198.7,23819.0,45062.0,18.1,22.29,74.4,29.68,11.827,54.7,593.0,5.28,0.6036999231473169
2026-04-24T16:48:01,04/24/202604:48,139.54000000000002,0.6599999999999999,92.0964,54.9,1.0,54.9,54.2,0.7,14.0,198.7,23819.0,45062.0,18.1,22.32,74.2,29.68,11.92,55.4,594.0,5.24,0.5961145061044731
2026-04-24T16:49:45,04/24/202604:49,139.55,0.6599999999999999,92.103,54.9,1.01,55.449,54.7,0.7,14.0,198.7,23819.0,45062.0,18.1,22.35,74.0,29.68,12.025,56.0,595.0,5.2,0.6020325070844598
2026-04-24T16:50:01,04/24/202604:50,139.56,0.6599999999999999,92.10959999999999,54.9,1.02,55.998,55.2,0.7,14.0,198.7,23819.0,45062.0,18.1,22.380000000000003,73.8,29.68,12.13,56.6,596.0,5.16,0.6079496599702964
2026-04-24T16:50:46,04/24/202604:50,139.66,0.6599999999999999,92.17559999999999,54.9,1.03,56.547,55.8,0.7,14.0,198.7,23819.0,45062.0,18.1,22.41,73.6,29.68,12.235000000000001,57.2,597.0,5.12,0.6134703761082109
2026-04-24T16:51:00,04/24/202604:51,139.76,0.6599999999999999,92.24159999999998,54.9,1.04,57.096000000000004,56.4,0.7,14.0,198.7,23819.0,45062.0,18.1,22.44,73.4,29.68,12.34,57.8,598.0,5.08,0.6189831919654475
2026-04-24T16:51:45,04/24/202604:51,139.75,0.6699999999999999,93.6325,54.89,1.04,57.0856,56.4,0.7,14.0,198.7,23819.0,45062.0,18.1,22.47,73.2,29.68,12.445,58.4,599.0,5.04,0.6096771954182576
2026-04-24T16:52:00,04/24/202604:52,139.74,0.6799999999999999,95.0232,54.879999999999995,1.04,57.075199999999995,56.4,0.7,14.0,198.7,23819.0,45062.0,18.1,22.5,73.0,29.68,12.55,59.0,600.0,5.0,0.600644895141397
2026-04-24T16:52:46,04/24/202604:52,139.56,0.69,96.29639999999999,54.879999999999995,1.0699999999999998,58.72159999999999,58.0,0.7,14.0,198.7,23819.0,45062.0,18.1,22.5,73.0,29.68,12.55,59.0,600.0,5.0,0.6098005740609201
2026-04-24T16:53:00,04/24/202604:53,139.38,0.7,97.56599999999999,54.879999999999995,1.1,60.368,59.6,0.7,14.0,198.7,23819.0,45062.0,18.1,22.5,73.0,29.68,12.55,59.0,600.0,5.0,0.6187401348830536
2026-04-24T16:53:46,04/24/202604:53,138.7,0.69,95.70299999999999,54.89,1.08,59.281200000000005,58.5,0.7,14.0,198.7,23819.0,45062.0,18.2,22.5,73.0,29.68,12.55,59.0,600.0,5.0,0.619428858029529
2026-04-24T16:54:00,04/24/202604:54,138.02,0.6799999999999999,93.8536,54.9,1.06,58.194,57.4,0.7,14.0,198.7,23819.0,45062.0,18.2,22.5,73.0,29.68,12.55,59.0,600.0,5.0,0.6200508025264881
2026-04-24T16:54:46,04/24/202604:54,137.88,0.69,95.13719999999999,54.9,1.08,59.292,58.5,0.7,14.0,198.7,23819.0,45062.0,18.1,22.5,73.0,29.68,12.55,59.0,600.0,5.0,0.6232262458848905
2026-04-24T16:55:00,04/24/202604:55,137.74,0.7,96.418,54.9,1.1,60.39,59.6,0.7,14.0,198.7,23819.0,45062.0,18.1,22.5,73.0,29.68,12.55,59.0,600.0,5.0,0.6263353315770914
2026-04-24T16:55:46,04/24/202604:55,137.64000000000001,0.69,94.97160000000001,54.9,1.06,58.194,57.4,0.7,14.0,198.7,23819.0,45062.0,18.1,22.5,73.0,29.68,12.55,59.0,600.0,5.0,0.6127516015314052
2026-04-24T16:55:48,04/24/202604:55,137.47,0.6799999999999999,93.47959999999999,54.9,1.01,55.449,54.6,0.7,14.0,198.7,23819.0,45062.0,18.1,22.5,73.0,29.68,12.55,59.0,600.0,5.0,0.5931668513771989
2026-04-24T16:56:00,04/24/202604:56,137.29000000000002,0.6599999999999999,90.6114,54.9,0.97,53.253,52.4,0.7,14.0,198.7,23819.0,45062.0,18.1,22.5,73.0,29.68,12.55,59.0,600.0,5.0,0.5877075070024301
2026-04-24T16:56:48,04/24/202604:56,136.63,0.65,88.8095,54.9,0.96,52.70399999999999,51.9,0.7,14.0,198.7,23819.0,45062.0,18.1,22.5,73.0,29.68,12.55,59.0,600.0,5.0,0.593450025053626
2026-04-24T16:56:53,04/24/202604:56,135.99,0.65,88.3935,54.9,0.9800000000000001,53.80200000000001,53.0,0.7,14.0,198.7,23819.0,45062.0,18.1,22.5,73.0,29.68,12.55,59.0,600.0,5.0,0.6086646642569873
2026-04-24T16:57:00,04/24/202604:57,135.35,0.65,87.9775,54.9,1.0,54.9,54.1,0.7,14.0,198.7,23819.0,45062.0,18.1,22.5,73.0,29.68,12.55,59.0,600.0,5.0,0.624023187746867
2026-04-24T16:57:54,04/24/202604:57,136.04000000000002,0.65,88.42600000000002,54.9,1.01,55.449,54.7,0.7,14.0,198.7,23819.0,45062.0,18.1,22.5,73.0,29.68,12.55,59.0,600.0,5.0,0.6270666998394137
2026-04-24T16:58:00,04/24/202604:58,136.73,0.65,88.8745,54.9,1.02,55.998,55.3,0.7,14.0,198.7,23819.0,45062.0,18.1,22.5,73.0,29.68,12.55,59.0,600.0,5.0,0.6300794941181104
2026-04-24T16:58:53,04/24/202604:58,137.02,0.65,89.06300000000002,54.9,1.0,54.9,54.2,0.7,14.0,198.7,23819.0,45062.0,18.1,22.5,73.0,29.68,12.55,59.0,600.0,5.0,0.6164175920415884
2026-04-24T16:59:00,04/24/202604:59,137.31,0.65,89.25150000000001,54.9,0.9800000000000001,53.80200000000001,53.1,0.7,14.0,198.7,23819.0,45062.0,18.1,22.5,73.0,29.68,12.55,59.0,600.0,5.0,0.6028133980941497
2026-04-24T17:00:57,04/24/202605:00,137.53,0.65,89.39450000000001,54.9,0.97,53.253,52.5,0.7,14.0,198.7,23819.0,45062.0,18.1,22.5,73.0,29.68,12.55,59.0,600.0,5.0,0.5957077896291159
2026-04-24T17:01:01,04/24/202605:01,137.82,0.65,89.583,54.9,0.97,53.253,52.5,0.7,14.0,198.7,23819.0,45062.0,18.1,22.5,73.0,29.68,12.55,59.0,600.0,5.0,0.594454304946251
2026-04-24T17:01:34,04/24/202605:01,138.09,0.6599999999999999,91.1394,54.9,1.0,54.9,54.2,0.7,14.0,198.7,23819.0,45062.0,18.2,22.5,72.8,29.68,12.594000000000001,59.7,599.2,4.970000000000001,0.6023739458455948
2026-04-24T17:02:01,04/24/202605:02,138.84,0.6599999999999999,91.63439999999999,54.9,1.0,54.9,54.2,0.7,14.0,198.7,23819.0,45062.0,18.2,22.5,72.6,29.68,12.638000000000002,60.4,598.4,4.9399999999999995,0.5991199811424531
2026-04-24T17:02:33,04/24/202605:02,139.74,0.65,90.831,54.9,0.9700000000000001,53.253,52.6,0.7,14.0,198.7,23819.0,45062.0,18.1,22.5,72.4,29.68,12.682,61.1,597.6,4.91,0.5862866202067576
2026-04-24T17:03:01,04/24/202605:03,140.64000000000001,0.6399999999999999,90.00959999999999,54.9,0.9400000000000001,51.606,51.0,0.7,14.0,198.7,23819.0,45062.0,18.1,22.5,72.2,29.68,12.726,61.8,596.8,4.88,0.5733388438566553
2026-04-24T17:03:34,04/24/202605:03,140.82999999999998,0.6399999999999999,90.13119999999998,54.9,0.95,52.154999999999994,51.5,0.7,14.0,198.7,23819.0,45062.0,18.1,22.5,72.0,29.68,12.77,62.5,596.0,4.85,0.5786564474898815
2026-04-24T17:04:01,04/24/202605:04,141.02,0.6399999999999999,90.2528,54.9,0.96,52.70399999999999,52.0,0.7,14.0,198.7,23819.0,45062.0,18.1,22.5,71.8,29.68,12.814000000000002,63.2,595.2,4.82,0.5839597220252446
2026-04-24T17:04:33,04/24/202605:04,141.13,0.6399999999999999,90.32319999999999,54.9,0.95,52.154999999999994,51.5,0.7,14.0,198.7,23819.0,45062.0,18.1,22.5,71.6,29.68,12.858,63.9,594.4,4.79,0.577426397647559
2026-04-24T17:05:01,04/24/202605:05,141.24,0.6399999999999999,90.39359999999999,54.9,0.9400000000000001,51.606,51.0,0.7,14.0,198.7,23819.0,45062.0,18.1,22.5,71.4,29.68,12.902000000000001,64.6,593.6,4.76,0.5709032497875957
2026-04-24T17:05:34,04/24/202605:05,141.42000000000002,0.6399999999999999,90.5088,54.9,0.95,52.154999999999994,51.6,0.7,14.0,198.7,23819.0,45062.0,18.1,22.5,71.2,29.68,12.946000000000002,65.3,592.8,4.73,0.5762423101400085
2026-04-24T17:06:01,04/24/202605:06,141.6,0.6399999999999999,90.62399999999998,54.9,0.96,52.70399999999999,52.2,0.7,14.0,198.7,23819.0,45062.0,18.1,22.5,71.0,29.68,12.99,66.0,592.0,4.7,0.5815677966101696
2026-04-24T17:06:33,04/24/202605:06,141.77,0.65,92.15050000000001,54.9,0.9800000000000001,53.80200000000001,53.3,0.7,14.0,198.7,23819.0,45062.0,18.1,22.5,71.0,29.68,12.99,66.0,592.0,4.7,0.5838492466128778
2026-04-24T17:07:00,04/24/202605:07,141.94,0.6599999999999999,93.68039999999999,54.9,1.0,54.9,54.4,0.7,14.0,198.7,23819.0,45062.0,18.1,22.5,71.0,29.68,12.99,66.0,592.0,4.7,0.5860350724377779
2026-04-24T17:07:34,04/24/202605:07,141.35,0.67,94.7045,54.9,1.02,55.998,55.5,0.7,14.0,198.7,23819.0,45062.0,18.1,22.5,71.0,29.68,12.99,66.0,592.0,4.7,0.5912918604712554
2026-04-24T17:08:01,04/24/202605:08,140.76,0.6799999999999999,95.71679999999999,54.9,1.04,57.096000000000004,56.6,0.7,14.0,198.7,23819.0,45062.0,18.1,22.5,71.0,29.68,12.99,66.0,592.0,4.7,0.5965097036256959
2026-04-24T17:08:33,04/24/202605:08,140.67000000000002,0.69,97.06230000000001,54.9,1.06,58.194,57.7,0.7,14.0,198.7,23819.0,45062.0,18.1,22.5,71.0,29.68,12.99,66.0,592.0,4.7,0.5995530705536547
2026-04-24T17:09:00,04/24/202605:09,140.57999999999998,0.7,98.40599999999998,54.9,1.08,59.292,58.8,0.7,14.0,198.7,23819.0,45062.0,18.1,22.5,71.0,29.68,12.99,66.0,592.0,4.7,0.6025242363270534
2026-04-24T17:09:33,04/24/202605:09,140.45999999999998,0.69,96.91739999999997,54.910000000000004,1.07,58.75370000000001,58.2,0.7,14.0,198.7,23819.0,45062.0,18.1,22.5,71.0,29.68,12.99,66.0,592.0,4.7,0.6062244756875446
2026-04-24T17:10:01,04/24/202605:10,140.34,0.6799999999999999,95.43119999999999,54.92,1.06,58.2152,57.6,0.7,14.0,198.7,23819.0,45062.0,18.1,22.5,71.0,29.68,12.99,66.0,592.0,4.7,0.6100227179371108
2026-04-24T17:10:33,04/24/202605:10,140.20999999999998,0.6799999999999999,95.34279999999998,54.92,1.05,57.666000000000004,57.0,0.7,14.0,198.7,23819.0,45062.0,18.1,22.5,71.0,29.68,12.99,66.0,592.0,4.7,0.6048280520395878
2026-04-24T17:12:07,04/24/202605:12,140.04000000000002,0.69,96.6276,54.92,1.07,58.7644,58.1,0.8,14.0,198.7,23819.0,45062.0,18.2,22.5,71.0,29.68,12.99,66.0,592.0,4.7,0.6081533640491951
2026-04-24T17:12:33,04/24/202605:12,139.93,0.6699999999999999,93.75309999999999,54.92999999999999,1.03,56.57789999999999,55.9,0.8,14.0,198.7,23819.0,45062.0,18.1,22.5,71.0,29.68,12.99,66.0,592.0,4.7,0.6034776450058718
2026-04-24T17:13:01,04/24/202605:13,139.82,0.65,90.883,54.94,0.99,54.3906,53.7,0.8,14.0,198.7,23819.0,45062.0,18.1,22.5,71.0,29.68,12.99,66.0,592.0,4.7,0.5984683604194404
2026-04-24T17:13:34,04/24/202605:13,140.29000000000002,0.6399999999999999,89.7856,54.94,0.99,54.3906,53.7,0.8,14.0,198.7,23819.0,45062.0,18.1,22.5,71.0,29.68,12.99,66.0,592.0,4.7,0.6057831099864566
2026-04-24T17:14:01,04/24/202605:14,140.76,0.63,88.6788,54.94,0.99,54.3906,53.7,0.8,14.0,198.7,23819.0,45062.0,18.1,22.5,71.0,29.68,12.99,66.0,592.0,4.7,0.6133438882799497
2026-04-24T17:14:33,04/24/202605:14,140.7,0.63,88.64099999999999,54.95,0.99,54.4005,53.7,0.8,14.0,198.7,23819.0,45062.0,18.1,22.5,71.0,29.68,12.99,66.0,592.0,4.7,0.6137171286425018
2026-04-24T17:15:01,04/24/202605:15,140.64000000000001,0.63,88.60320000000002,54.96,0.99,54.4104,53.7,0.8,14.0,198.7,23819.0,45062.0,18.1,22.5,71.0,29.68,12.99,66.0,592.0,4.7,0.614090687469527
2026-04-24T17:15:34,04/24/202605:15,140.52,0.6399999999999999,89.93279999999999,54.95,1.01,55.499500000000005,54.8,0.8,14.0,198.7,23819.0,45062.0,18.1,22.5,71.0,29.68,12.834,66.1,585.9,4.64,0.6171218954597212
2026-04-24T17:16:01,04/24/202605:16,140.4,0.65,91.26,54.94,1.03,56.5882,55.9,0.8,14.0,198.7,23819.0,45062.0,18.1,22.5,71.0,29.68,12.678,66.2,579.8,4.58,0.6200767039228577
2026-04-24T17:16:33,04/24/202605:16,140.32,0.6599999999999999,92.61119999999998,54.95,1.05,57.697500000000005,57.0,0.8,14.0,198.7,23819.0,45062.0,18.2,22.5,71.0,29.68,12.522,66.3,573.7,4.5200000000000005,0.6230078003524413
2026-04-24T17:17:01,04/24/202605:17,140.28,0.6599999999999999,92.58479999999999,54.96,1.04,57.1584,56.4,0.8,14.0,198.7,23819.0,45062.0,18.2,22.5,71.0,29.68,12.366,66.4,567.6,4.46,0.6173626772429168
2026-04-24T17:17:34,04/24/202605:17,140.18,0.6699999999999999,93.9206,54.95,1.08,59.346000000000004,58.6,0.8,14.0,198.7,23819.0,45062.0,18.1,22.5,71.0,29.68,12.209999999999999,66.5,561.5,4.4,0.6318741575330652
2026-04-24T17:18:01,04/24/202605:18,140.07999999999998,0.6799999999999999,95.25439999999998,54.94,1.1199999999999999,61.532799999999995,60.8,0.8,14.0,198.7,23819.0,45062.0,18.1,22.5,71.0,29.68,12.053999999999998,66.6,555.4,4.34,0.6459838075721438
2026-04-24T17:18:33,04/24/202605:18,140.10999999999999,0.6799999999999999,95.27479999999998,54.94,1.1099999999999999,60.98339999999999,60.2,0.8,14.0,198.7,23819.0,45062.0,18.1,22.5,71.0,29.68,11.898,66.7,549.3,4.279999999999999,0.6400790135481785
2026-04-24T17:19:01,04/24/202605:19,140.14000000000001,0.6799999999999999,95.29520000000001,54.94,1.1,60.434000000000005,59.6,0.8,14.0,198.7,23819.0,45062.0,18.1,22.5,71.0,29.68,11.742,66.8,543.2,4.22,0.6341767476221257
2026-04-24T17:19:33,04/24/202605:19,140.22,0.6599999999999999,92.5452,54.92999999999999,1.06,58.22579999999999,57.4,0.8,14.0,198.7,23819.0,45062.0,18.1,22.5,71.0,29.68,11.586,66.9,537.1,4.159999999999999,0.6291606695971266
2026-04-24T17:20:01,04/24/202605:20,140.3,0.6399999999999999,89.79199999999999,54.92,1.02,56.0184,55.2,0.8,14.0,198.7,23819.0,45062.0,18.1,22.5,71.0,29.68,11.43,67.0,531.0,4.1,0.623868496079829
2026-04-24T17:20:34,04/24/202605:20,140.41,0.6399999999999999,89.86239999999998,54.92,1.03,56.567600000000006,55.8,0.8,14.0,198.7,23819.0,45062.0,18.1,22.5,71.0,29.68,11.43,67.0,531.0,4.1,0.629491311160174
2026-04-24T17:21:01,04/24/202605:21,140.52,0.6399999999999999,89.93279999999999,54.92,1.04,57.116800000000005,56.4,0.8,14.0,198.7,23819.0,45062.0,18.1,22.5,71.0,29.68,11.43,67.0,531.0,4.1,0.6351053230856819
2026-04-24T17:21:33,04/24/202605:21,140.49,0.65,91.31850000000001,54.910000000000004,1.05,57.6555,57.0,0.8,14.0,198.7,23819.0,45062.0,18.1,22.5,71.0,29.68,11.43,67.0,531.0,4.1,0.6313671380935955
2026-04-24T17:21:38,04/24/202605:21,140.44,0.65,91.286,54.9,1.05,57.645,57.0,0.8,14.0,198.7,23819.0,45062.0,18.1,22.5,71.0,29.68,11.43,67.0,531.0,4.1,0.6314768967859256
2026-04-24T17:23:18,04/24/202605:23,140.10999999999999,0.65,91.0715,54.9,1.03,56.547,55.9,0.8,14.0,198.7,23819.0,45062.0,18.1,22.5,71.0,29.68,11.43,67.0,531.0,4.1,0.6209077483076484
2026-04-24T17:23:39,04/24/202605:23,139.82999999999998,0.63,88.09289999999999,54.9,0.9800000000000001,53.80200000000001,53.1,0.8,14.0,198.7,23819.0,45062.0,18.2,22.5,71.0,29.68,11.43,67.0,531.0,4.1,0.6107416148179935
2026-04-24T17:24:00,04/24/202605:24,139.48,0.62,86.4776,54.9,0.9600000000000002,52.70400000000001,52.0,0.8,14.0,198.7,23819.0,45062.0,18.2,22.5,71.0,29.68,11.43,67.0,531.0,4.1,0.6094526212568343
2026-04-24T17:24:38,04/24/202605:24,139.35,0.63,87.7905,54.89,0.9800000000000001,53.79220000000001,53.1,0.8,14.0,198.7,23819.0,45062.0,18.1,22.5,71.0,29.68,11.43,67.0,531.0,4.1,0.6127337240362
2026-04-24T17:25:01,04/24/202605:25,139.15,0.65,90.4475,54.879999999999995,1.02,55.977599999999995,55.3,0.8,14.0,198.7,23819.0,45062.0,18.1,22.5,71.0,29.68,11.43,67.0,531.0,4.1,0.6188960446667956
2026-04-24T17:25:39,04/24/202605:25,139.04000000000002,0.6599999999999999,91.7664,54.879999999999995,1.05,57.623999999999995,57.0,0.8,14.0,198.7,23819.0,45062.0,18.2,22.5,71.0,29.68,11.43,67.0,531.0,4.1,0.6279422533737837
2026-04-24T17:26:00,04/24/202605:26,138.95,0.65,90.3175,54.879999999999995,1.05,57.623999999999995,57.0,0.8,14.0,198.7,23819.0,45062.0,18.2,22.5,71.0,29.68,11.43,67.0,531.0,4.1,0.6380158883937221
2026-04-24T17:26:38,04/24/202605:26,138.92000000000002,0.6599999999999999,91.6872,54.879999999999995,1.06,58.172799999999995,57.5,0.8,14.0,198.7,23819.0,45062.0,18.2,22.5,71.0,29.68,11.43,67.0,531.0,4.1,0.6344702423020879
2026-04-24T17:26:57,04/24/202605:26,139.01,0.65,90.3565,54.879999999999995,1.04,57.075199999999995,56.4,0.8,14.0,198.7,23819.0,45062.0,18.2,22.5,71.0,29.68,11.43,67.0,531.0,4.1,0.6316667865621178
2026-04-24T17:27:01,04/24/202605:27,139.11999999999998,0.65,90.42799999999998,54.879999999999995,1.03,56.526399999999995,55.9,0.8,14.0,198.7,23819.0,45062.0,18.2,22.5,71.0,29.68,11.43,67.0,531.0,4.1,0.6250984208431017
2026-04-24T17:27:56,04/24/202605:27,139.5,0.65,90.675,54.879999999999995,1.02,55.977599999999995,55.3,0.8,14.0,198.7,23819.0,45062.0,18.2,22.5,71.0,29.68,11.43,67.0,531.0,4.1,0.617343258891646
2026-04-24T17:28:00,04/24/202605:28,139.82999999999998,0.6699999999999999,93.68609999999998,54.879999999999995,1.04,57.075199999999995,56.4,0.8,14.0,198.7,23819.0,45062.0,18.2,22.5,71.0,29.68,11.43,67.0,531.0,4.1,0.6092173758967446
2026-04-24T17:28:57,04/24/202605:28,140.12,0.7,98.084,54.879999999999995,1.09,59.8192,59.2,0.8,14.0,198.7,23819.0,45062.0,18.2,22.5,71.0,29.68,11.43,67.0,531.0,4.1,0.6098772480730802
2026-04-24T17:29:01,04/24/202605:29,140.19,0.71,99.5349,54.89,1.1,60.379000000000005,59.8,0.8,14.0,198.7,23819.0,45062.0,18.2,22.5,71.0,29.68,11.43,67.0,531.0,4.1,0.6066113493859944
2026-04-24T17:29:57,04/24/202605:29,140.25,0.71,99.5775,54.9,1.1,60.39,59.8,0.8,14.0,198.7,23819.0,45062.0,18.2,22.509999999999998,71.0,29.68,11.43,67.0,530.2,4.1,0.6064623032311516
2026-04-24T17:30:00,04/24/202605:30,140.22,0.72,100.9584,54.9,1.1099999999999999,60.93899999999999,60.3,0.8,14.0,198.7,23819.0,45062.0,18.2,22.52,71.0,29.68,11.43,67.0,529.4,4.1,0.6036050492083868
2026-04-24T17:30:57,04/24/202605:30,140.24,0.72,100.9728,54.9,1.1,60.39,59.7,0.8,14.0,198.7,23819.0,45062.0,18.1,22.52,71.1,29.68,11.418,66.6,517.8,4.05,0.5980818596691386
2026-04-24T17:31:01,04/24/202605:31,140.2,0.7,98.13999999999999,54.9,1.08,59.292,58.6,0.8,14.0,198.7,23819.0,45062.0,18.1,22.52,71.2,29.68,11.406,66.2,506.2,4.0,0.604157326268596
2026-04-24T17:31:56,04/24/202605:31,140.21,0.69,96.7449,54.9,1.0699999999999998,58.74299999999999,58.1,0.8,14.0,198.7,23819.0,45062.0,18.2,22.52,71.3,29.68,11.394,65.8,494.6,3.95,0.6071947978653137
2026-04-24T17:32:00,04/24/202605:32,140.22,0.6799999999999999,95.3496,54.9,1.06,58.194,57.6,0.8,14.0,198.7,23819.0,45062.0,18.2,22.52,71.4,29.68,11.382,65.4,483.0,3.9,0.6103224344936948
2026-04-24T17:32:57,04/24/202605:32,140.29000000000002,0.6599999999999999,92.59140000000001,54.9,1.02,55.998,55.4,0.8,15.0,198.7,23819.0,45062.0,18.2,22.52,71.5,29.68,11.370000000000001,65.0,471.4,3.85,0.6047861896461225
2026-04-24T17:33:01,04/24/202605:33,140.36,0.64,89.83040000000001,54.9,0.9800000000000001,53.80200000000001,53.2,0.8,15.0,198.7,23819.0,45062.0,18.2,22.52,71.6,29.68,11.358,64.6,459.8,3.8,0.5989286477628954
2026-04-24T17:34:30,04/24/202605:34,140.41000000000003,0.62,87.05420000000001,54.9,0.9400000000000001,51.606,51.0,0.8,15.0,198.7,23819.0,45062.0,18.2,22.52,71.7,29.68,11.290000000000001,63.8,448.2,3.75,0.5928031042729701
2026-04-24T17:34:57,04/24/202605:34,140.42000000000002,0.6,84.25200000000001,54.9,0.9099999999999999,49.958999999999996,49.3,0.8,15.0,198.7,23819.0,45062.0,18.2,22.52,71.8,29.68,11.222,63.0,436.6,3.7,0.5929710867397805
2026-04-24T17:35:00,04/24/202605:35,140.44,0.59,82.8596,54.9,0.89,48.861,48.2,0.8,15.0,198.7,23819.0,45062.0,18.2,22.509999999999998,71.9,29.68,11.154,62.2,425.8,3.65,0.5896842369502145
2026-04-24T17:35:57,04/24/202605:35,140.5,0.59,82.895,54.9,0.89,48.861,48.2,0.8,15.0,198.7,23819.0,45062.0,18.2,22.5,71.7,29.68,11.086,61.4,415.0,3.6,0.5894324145002714
2026-04-24T17:36:00,04/24/202605:36,140.51000000000002,0.6,84.30600000000001,54.9,0.9099999999999999,49.958999999999996,49.3,0.8,15.0,198.7,23819.0,45062.0,18.2,22.5,71.4,29.68,11.03,61.0,415.0,3.6,0.592591274642374
2026-04-24T17:36:57,04/24/202605:36,140.47,0.6,84.282,54.9,0.9099999999999999,49.958999999999996,49.3,0.8,15.0,198.7,23819.0,45062.0,18.2,22.5,71.1,29.68,10.974,60.6,415.0,3.6,0.5927600199330818
2026-04-24T17:37:00,04/24/202605:37,140.38,0.6,84.228,54.9,0.93,51.057,50.3,0.8,15.0,198.7,23819.0,45062.0,18.2,22.5,70.8,29.68,10.918000000000001,60.2,415.0,3.6,0.606176093460607
2026-04-24T17:37:41,04/24/202605:37,140.27,0.6,84.162,54.9,0.95,52.154999999999994,51.3,0.8,15.0,198.7,23819.0,45062.0,18.2,22.5,70.5,29.68,10.862,59.8,415.0,3.6,0.6196977258145004
2026-04-24T17:38:00,04/24/202605:38,140.14000000000001,0.61,85.48540000000001,54.9,0.99,54.351,53.5,0.8,15.0,198.7,23819.0,45062.0,18.2,22.5,70.2,29.68,10.806000000000001,59.4,415.0,3.6,0.6357927786499215
2026-04-24T17:38:42,04/24/202605:38,140.05,0.6199999999999999,86.83099999999999,54.9,1.0,54.9,54.1,0.8,15.0,198.7,23819.0,45062.0,18.2,22.5,69.9,29.68,10.75,59.0,415.0,3.6,0.6322626711658279
2026-04-24T17:39:00,04/24/202605:39,140.02,0.6199999999999999,86.8124,54.9,0.9800000000000001,53.80200000000001,53.0,0.8,15.0,198.7,23819.0,45062.0,18.2,22.5,69.6,29.68,10.75,59.0,415.0,3.6,0.6197501739382855
2026-04-24T17:39:41,04/24/202605:39,140.0,0.63,88.2,54.9,0.9800000000000001,53.80200000000001,53.0,0.8,15.0,198.7,23819.0,45062.0,18.2,22.5,69.3,29.68,10.75,59.0,415.0,3.6,0.6100000000000001
2026-04-24T17:40:00,04/24/202605:40,139.98,0.6399999999999999,89.58719999999998,54.9,0.9800000000000001,53.80200000000001,53.0,0.8,15.0,198.7,23819.0,45062.0,18.2,22.5,69.0,29.68,10.75,59.0,415.0,3.6,0.6005545435062154
2026-04-24T17:40:42,04/24/202605:40,139.91,0.63,88.1433,54.9,0.96,52.70399999999999,51.9,0.8,15.0,198.7,23819.0,45062.0,18.2,22.5,69.0,29.68,10.75,59.0,415.0,3.6,0.5979354074558134
2026-04-24T17:41:00,04/24/202605:41,139.84,0.6199999999999999,86.70079999999999,54.9,0.9400000000000001,51.606,50.8,0.8,15.0,198.7,23819.0,45062.0,18.2,22.5,69.0,29.68,10.75,59.0,415.0,3.6,0.5952194212740829
2026-04-24T17:41:42,04/24/202605:41,139.82999999999998,0.63,88.09289999999999,54.9,0.95,52.154999999999994,51.4,0.8,15.0,198.7,23819.0,45062.0,18.2,22.5,69.0,29.68,10.75,59.0,415.0,3.6,0.5920454429358099
2026-04-24T17:42:00,04/24/202605:42,139.82,0.6399999999999999,89.48479999999998,54.9,0.96,52.70399999999999,52.0,0.8,15.0,198.7,23819.0,45062.0,18.2,22.5,69.0,29.68,10.75,59.0,415.0,3.6,0.5889715348304965
2026-04-24T17:42:42,04/24/202605:42,139.82999999999998,0.6399999999999999,89.49119999999998,54.9,0.97,53.253,52.6,0.8,15.0,198.7,23819.0,45062.0,18.2,22.5,69.0,29.68,10.75,59.0,415.0,3.6,0.5950640956876209
2026-04-24T17:43:00,04/24/202605:43,139.84,0.6399999999999999,89.49759999999999,54.9,0.9800000000000001,53.80200000000001,53.2,0.8,15.0,198.7,23819.0,45062.0,18.2,22.5,69.0,29.68,10.75,59.0,415.0,3.6,0.6011557851830664
2026-04-24T17:43:42,04/24/202605:43,139.79000000000002,0.6399999999999999,89.4656,54.89,0.99,54.3411,53.7,0.8,15.0,198.7,23819.0,45062.0,18.2,22.5,69.0,29.68,10.75,59.0,415.0,3.6,0.6073965859503541
2026-04-24T17:44:00,04/24/202605:44,139.74,0.6399999999999999,89.4336,54.879999999999995,1.0,54.879999999999995,54.2,0.8,15.0,198.7,23819.0,45062.0,18.2,22.5,69.0,29.68,10.75,59.0,415.0,3.6,0.6136396164305138
2026-04-24T17:45:42,04/24/202605:45,139.69,0.63,88.0047,54.879999999999995,0.9800000000000001,53.7824,53.1,0.8,15.0,198.7,23819.0,45062.0,18.2,22.490000000000002,69.0,29.68,10.725,58.7,412.0,3.54,0.6111309964126916
2026-04-24T17:46:01,04/24/202605:46,139.64000000000001,0.6199999999999999,86.57679999999999,54.879999999999995,0.9600000000000002,52.6848,52.0,0.8,15.0,198.7,23819.0,45062.0,18.2,22.48,69.0,29.68,10.7,58.4,409.0,3.4799999999999995,0.6085325398952145
2026-04-24T17:46:42,04/24/202605:46,139.55,0.6199999999999999,86.52099999999999,54.879999999999995,0.95,52.135999999999996,51.5,0.8,15.0,198.7,23819.0,45062.0,18.2,22.47,69.0,29.68,10.675,58.1,406.0,3.4200000000000004,0.602582032107812
2026-04-24T17:47:00,04/24/202605:47,139.46,0.6199999999999999,86.4652,54.879999999999995,0.9400000000000001,51.587199999999996,51.0,0.8,15.0,198.7,23819.0,45062.0,18.2,22.46,69.0,29.68,10.65,57.8,403.0,3.3600000000000003,0.5966238440436152
2026-04-24T17:47:41,04/24/202605:47,139.12,0.6199999999999999,86.25439999999999,54.879999999999995,0.95,52.135999999999996,51.5,0.8,15.0,198.7,23819.0,45062.0,18.2,22.45,69.0,29.68,10.625,57.5,400.0,3.3,0.6044445268879037
2026-04-24T17:48:01,04/24/202605:48,138.78000000000003,0.6199999999999999,86.0436,54.879999999999995,0.96,52.684799999999996,52.0,0.8,15.0,198.7,23819.0,45062.0,18.2,22.439999999999998,69.0,29.68,10.6,57.2,397.0,3.2399999999999998,0.612303529838361
2026-04-24T17:48:42,04/24/202605:48,137.69,0.63,86.7447,54.879999999999995,0.96,52.684799999999996,52.0,0.8,15.0,198.7,23819.0,45062.0,18.2,22.43,69.0,29.68,10.575,56.9,394.0,3.18,0.6073546856465006
2026-04-24T17:49:00,04/24/202605:49,136.6,0.6399999999999999,87.42399999999998,54.879999999999995,0.96,52.684799999999996,52.0,0.8,15.0,198.7,23819.0,45062.0,18.2,22.419999999999998,69.0,29.68,10.55,56.6,391.0,3.12,0.6026354319180088
2026-04-24T17:49:42,04/24/202605:49,135.73000000000002,0.65,88.22450000000002,54.89,0.9700000000000001,53.243300000000005,52.6,0.8,15.0,198.7,23819.0,45062.0,18.2,22.41,69.0,29.68,10.525,56.3,388.0,3.06,0.6034978945757696
2026-04-24T17:50:00,04/24/202605:50,134.86,0.6599999999999999,89.0076,54.9,0.9800000000000001,53.80200000000001,53.2,0.8,15.0,198.7,23819.0,45062.0,18.2,22.4,69.0,29.68,10.5,56.0,385.0,3.0,0.6044652366764187
2026-04-24T17:50:41,04/24/202605:50,135.11,0.6599999999999999,89.1726,54.9,0.9800000000000001,53.80200000000001,53.2,0.8,15.0,198.7,23819.0,45062.0,18.2,22.4,69.0,29.68,10.5,56.0,385.0,3.0,0.6033467679533848
2026-04-24T17:51:00,04/24/202605:51,135.36,0.6599999999999999,89.3376,54.9,0.9800000000000001,53.80200000000001,53.2,0.8,15.0,198.7,23819.0,45062.0,18.2,22.4,69.0,29.68,10.5,56.0,385.0,3.0,0.6022324306898776
2026-04-24T17:51:42,04/24/202605:51,135.52,0.6599999999999999,89.44319999999999,54.9,0.9700000000000001,53.253,52.6,0.8,15.0,198.7,23819.0,45062.0,18.2,22.4,69.0,29.68,10.5,56.0,385.0,3.0,0.5953834388751745
2026-04-24T17:52:00,04/24/202605:52,135.68,0.6599999999999999,89.5488,54.9,0.96,52.70399999999999,52.0,0.8,15.0,198.7,23819.0,45062.0,18.2,22.4,69.0,29.68,10.5,56.0,385.0,3.0,0.5885506003430531
2026-04-24T17:52:42,04/24/202605:52,136.06,0.65,88.43900000000001,54.9,0.9200000000000002,50.50800000000001,49.8,0.8,15.0,198.7,23819.0,45062.0,18.2,22.4,69.0,29.68,10.5,56.0,385.0,3.0,0.5711055077511054
2026-04-24T17:53:00,04/24/202605:53,136.44,0.6399999999999999,87.32159999999999,54.9,0.8800000000000001,48.312000000000005,47.6,0.8,15.0,198.7,23819.0,45062.0,18.2,22.4,69.0,29.68,10.5,56.0,385.0,3.0,0.5532651715039579
2026-04-24T17:53:13,04/24/202605:53,137.53,0.63,86.6439,54.9,0.8700000000000001,47.763000000000005,47.0,0.8,15.0,198.7,23819.0,45062.0,18.2,22.4,69.0,29.68,10.5,56.0,385.0,3.0,0.5512563492640568
2026-04-24T17:54:00,04/24/202605:54,138.62,0.6199999999999999,85.94439999999999,54.9,0.86,47.214,46.4,0.8,15.0,198.7,23819.0,45062.0,18.2,22.4,69.0,29.68,10.5,56.0,385.0,3.0,0.5493551645017012
2026-04-24T17:54:14,04/24/202605:54,139.46,0.61,85.0706,54.9,0.8700000000000001,47.763000000000005,46.9,0.8,15.0,198.7,23819.0,45062.0,18.2,22.4,69.0,29.68,10.5,56.0,385.0,3.0,0.5614513122042163
2026-04-24T17:55:00,04/24/202605:55,140.3,0.6,84.18,54.9,0.8800000000000001,48.312000000000005,47.4,0.8,15.0,198.7,23819.0,45062.0,18.2,22.4,69.0,29.68,10.5,56.0,385.0,3.0,0.5739130434782609
2026-04-24T17:55:13,04/24/202605:55,140.23,0.61,85.54029999999999,54.9,0.9099999999999999,49.958999999999996,49.1,0.8,15.0,198.7,23819.0,45062.0,18.2,22.4,69.0,29.68,10.5,56.0,385.0,3.0,0.5840405048848321
2026-04-24T17:56:53,04/24/202605:56,140.19,0.6199999999999999,86.91779999999999,54.9,0.93,51.057,50.2,0.8,15.0,198.7,23819.0,45062.0,18.2,22.4,69.0,29.68,10.5,56.0,385.0,3.0,0.58741707682431
2026-04-24T17:57:01,04/24/202605:57,140.29000000000002,0.63,88.38270000000001,54.9,0.95,52.154999999999994,51.3,0.8,15.0,198.7,23819.0,45062.0,18.2,22.4,69.0,29.68,10.5,56.0,385.0,3.0,0.5901041719703063
2026-04-24T17:57:13,04/24/202605:57,140.44,0.63,88.4772,54.9,0.96,52.70399999999999,51.9,0.8,15.0,198.7,23819.0,45062.0,18.2,22.4,69.0,29.68,10.5,56.0,385.0,3.0,0.5956788867640477
2026-04-24T17:58:01,04/24/202605:58,140.61,0.63,88.58430000000001,54.9,0.97,53.253,52.5,0.8,15.0,198.7,23819.0,45062.0,18.2,22.4,69.0,29.68,10.5,56.0,385.0,3.0,0.6011561868186573
2026-04-24T17:58:14,04/24/202605:58,140.77,0.63,88.6851,54.910000000000004,0.9800000000000001,53.81180000000001,53.1,0.8,15.0,198.7,23819.0,45062.0,18.2,22.4,69.0,29.68,10.5,56.0,385.0,3.0,0.6067738549091111
2026-04-24T17:59:01,04/24/202605:59,140.97,0.63,88.8111,54.92,0.97,53.2724,52.6,0.8,15.0,198.7,23819.0,45062.0,18.2,22.4,69.0,29.68,10.5,56.0,385.0,3.0,0.5998394344851038
2026-04-24T17:59:13,04/24/202605:59,141.18,0.63,88.94340000000001,54.92,0.9800000000000001,53.821600000000004,53.2,0.8,15.0,198.7,23819.0,45062.0,18.2,22.4,69.0,29.68,10.5,56.0,385.0,3.0,0.6051219089893123
2026-04-24T18:00:01,04/24/202606:00,141.44,0.63,89.1072,54.92,0.99,54.3708,53.8,0.8,15.0,198.7,23819.0,45062.0,18.2,22.4,69.0,29.68,10.5,56.0,385.0,3.0,0.6101729153199741
2026-04-24T18:00:14,04/24/202606:00,141.6,0.6399999999999999,90.62399999999998,54.92,1.01,55.4692,55.0,0.8,15.0,198.7,23819.0,45062.0,18.2,22.4,69.0,29.68,10.5,56.0,385.0,3.0,0.6120806850282487
2026-04-24T18:01:01,04/24/202606:01,141.58,0.6399999999999999,90.6112,54.92,1.02,56.0184,55.6,0.8,15.0,198.7,23819.0,45062.0,18.2,22.4,69.0,29.68,10.5,56.0,385.0,3.0,0.6182282101991807
2026-04-24T18:01:13,04/24/202606:01,141.51000000000002,0.65,91.98150000000001,54.92,1.04,57.116800000000005,56.7,0.8,15.0,198.7,23819.0,45062.0,18.2,22.389999999999997,69.0,29.68,10.481,56.4,381.6,2.96,0.6209596494947354
2026-04-24T18:01:51,04/24/202606:01,141.4,0.6399999999999999,90.496,54.92,1.01,55.4692,55.6,0.8,15.0,198.7,23819.0,45062.0,18.2,22.38,69.0,29.68,10.462,56.8,378.2,2.92,0.6129464285714286
2026-04-24T18:02:01,04/24/202606:02,141.24,0.6399999999999999,90.39359999999999,54.92,0.99,54.3708,55.0,0.8,15.0,198.7,23819.0,45062.0,18.2,22.369999999999997,69.0,29.68,10.443000000000001,57.2,374.8,2.88,0.6014894859813085
2026-04-24T18:03:01,04/24/202606:03,141.08,0.6399999999999999,90.29119999999999,54.92,0.97,53.2724,53.9,0.8,15.0,198.7,23819.0,45062.0,18.2,22.36,69.0,29.68,10.424000000000001,57.6,371.4,2.84,0.5900065565636519
2026-04-24T18:03:51,04/24/202606:03,140.98000000000002,0.65,91.63700000000001,54.910000000000004,0.9800000000000001,53.81180000000001,54.4,0.8,15.0,198.7,23819.0,45062.0,18.2,22.35,69.0,29.68,10.405,58.0,368.0,2.8,0.5872278664731495
2026-04-24T18:04:01,04/24/202606:04,140.88000000000002,0.6599999999999999,92.9808,54.9,0.99,54.351,54.9,0.8,15.0,198.7,23819.0,45062.0,18.2,22.34,69.0,29.68,10.386,58.4,364.6,2.7600000000000002,0.5845400340715502
2026-04-24T18:04:16,04/24/202606:04,140.74,0.6599999999999999,92.88839999999999,54.9,0.9800000000000001,53.80200000000001,54.3,0.8,15.0,198.7,23819.0,45062.0,18.2,22.330000000000002,69.0,29.68,10.367,58.8,361.2,2.7199999999999998,0.5792111824511996
2026-04-24T18:05:00,04/24/202606:05,140.6,0.6599999999999999,92.79599999999998,54.9,0.97,53.253,53.7,0.8,15.0,198.7,23819.0,45062.0,18.2,22.32,69.0,29.68,10.348,59.2,357.8,2.68,0.5738717186085609
2026-04-24T18:05:16,04/24/202606:05,140.56,0.6599999999999999,92.7696,54.9,0.97,53.253,53.6,0.8,15.0,198.7,23819.0,45062.0,18.2,22.31,69.0,29.68,10.329,59.6,354.4,2.64,0.5740350287163036
2026-04-24T18:06:01,04/24/202606:06,140.52,0.6599999999999999,92.7432,54.9,0.97,53.253,53.5,0.8,15.0,198.7,23819.0,45062.0,18.2,22.3,69.0,29.68,10.31,60.0,351.0,2.6,0.5741984317987734
2026-04-24T18:06:15,04/24/202606:06,140.48000000000002,0.6399999999999999,89.9072,54.9,0.9400000000000001,51.606,51.9,0.8,15.0,198.7,23819.0,45062.0,18.2,22.3,69.0,29.68,10.31,60.0,351.0,2.6,0.5739918493735763
2026-04-24T18:08:04,04/24/202606:08,140.36,0.6599999999999999,92.63759999999999,54.910000000000004,0.9800000000000001,53.81180000000001,53.6,0.8,15.0,198.7,23819.0,45062.0,18.2,22.3,69.0,29.68,10.31,60.0,351.0,2.6,0.5808850833786715
2026-04-24T18:08:16,04/24/202606:08,140.27,0.6599999999999999,92.5782,54.910000000000004,0.99,54.3609,53.6,0.8,15.0,198.7,23819.0,45062.0,18.2,22.3,69.0,29.68,10.31,60.0,351.0,2.6,0.5871889926570186
2026-04-24T18:09:00,04/24/202606:09,140.18,0.6599999999999999,92.5188,54.910000000000004,1.0,54.910000000000004,54.1,0.8,15.0,198.7,23819.0,45062.0,18.2,22.3,69.0,29.68,10.31,60.0,351.0,2.6,0.5935009965542138
2026-04-24T18:09:15,04/24/202606:09,140.05,0.65,91.03250000000001,54.910000000000004,0.99,54.3609,53.6,0.8,15.0,198.7,23819.0,45062.0,18.3,22.3,69.0,29.68,10.31,60.0,351.0,2.6,0.5971592563095597
2026-04-24T18:10:00,04/24/202606:10,139.92000000000002,0.6399999999999999,89.5488,54.910000000000004,0.9800000000000001,53.81180000000001,53.1,0.8,15.0,198.7,23819.0,45062.0,18.3,22.3,69.0,29.68,10.31,60.0,351.0,2.6,0.6009215087192683
2026-04-24T18:10:16,04/24/202606:10,139.88,0.65,90.922,54.910000000000004,0.99,54.3609,53.7,0.8,15.0,198.7,23819.0,45062.0,18.2,22.3,69.0,29.68,10.31,60.0,351.0,2.6,0.5978850003299532
2026-04-24T18:11:00,04/24/202606:11,139.84,0.6599999999999999,92.2944,54.910000000000004,1.0,54.910000000000004,54.3,0.8,15.0,198.7,23819.0,45062.0,18.2,22.3,69.0,29.68,10.31,60.0,351.0,2.6,0.5949440052700923
2026-04-24T18:11:16,04/24/202606:11,139.79000000000002,0.6599999999999999,92.26140000000001,54.910000000000004,0.99,54.3609,53.8,0.8,15.0,198.7,23819.0,45062.0,18.2,22.3,69.0,29.68,10.31,60.0,351.0,2.6,0.5892052364260676
2026-04-24T18:12:01,04/24/202606:12,139.74,0.6599999999999999,92.2284,54.910000000000004,0.9800000000000001,53.81180000000001,53.3,0.8,15.0,198.7,23819.0,45062.0,18.2,22.3,69.0,29.68,10.31,60.0,351.0,2.6,0.5834623608346238
2026-04-24T18:12:16,04/24/202606:12,139.76,0.6599999999999999,92.24159999999998,54.910000000000004,0.99,54.3609,53.8,0.8,15.0,198.7,23819.0,45062.0,18.2,22.3,69.0,29.68,10.31,60.0,351.0,2.6,0.5893317115054381
2026-04-24T18:13:00,04/24/202606:13,139.9,0.6399999999999999,89.53599999999999,54.9,0.9800000000000001,53.80200000000001,53.2,0.8,15.0,198.7,23819.0,45062.0,18.2,22.3,69.0,29.68,10.31,60.0,351.0,2.6,0.6008979628305935
2026-04-24T18:13:15,04/24/202606:13,139.85,0.6599999999999999,92.30099999999999,54.9,1.0100000000000002,55.44900000000001,54.9,0.8,15.0,198.7,23819.0,45062.0,18.3,22.3,69.0,29.68,10.31,60.0,351.0,2.6,0.6007410537263954
2026-04-24T18:14:00,04/24/202606:14,139.8,0.6799999999999999,95.064,54.9,1.04,57.096000000000004,56.6,0.8,15.0,198.7,23819.0,45062.0,18.3,22.3,69.0,29.68,10.31,60.0,351.0,2.6,0.6006059075990913
2026-04-24T18:14:16,04/24/202606:14,139.73,0.69,96.41369999999999,54.9,1.05,57.645,57.1,0.8,15.0,198.7,23819.0,45062.0,18.2,22.3,69.0,29.68,10.31,60.0,351.0,2.6,0.5978922082650081
2026-04-24T18:15:00,04/24/202606:15,139.66,0.7,97.76199999999999,54.9,1.06,58.194,57.6,0.8,15.0,198.7,23819.0,45062.0,18.2,22.3,69.0,29.68,10.31,60.0,351.0,2.6,0.5952619627258036
2026-04-24T18:15:16,04/24/202606:15,139.47,0.7,97.62899999999999,54.9,1.06,58.194,57.6,0.8,15.0,198.7,23819.0,45062.0,18.2,22.3,69.0,29.68,10.31,60.0,351.0,2.6,0.5960728881787175
2026-04-24T18:16:00,04/24/202606:16,139.28,0.7,97.496,54.9,1.06,58.194,57.6,0.8,15.0,198.7,23819.0,45062.0,18.2,22.3,69.0,29.68,10.31,60.0,351.0,2.6,0.5968860260933783
2026-04-24T18:16:01,04/24/202606:16,139.16,0.69,96.0204,54.9,1.04,57.096000000000004,56.5,0.8,15.0,198.7,23819.0,45062.0,18.2,22.3,69.0,29.68,10.31,60.0,351.0,2.6,0.5946236424759739
2026-04-24T18:17:00,04/24/202606:17,139.04000000000002,0.6799999999999999,94.5472,54.9,1.02,55.998,55.4,0.8,15.0,198.7,23819.0,45062.0,18.2,22.3,69.0,29.68,10.31,60.0,351.0,2.6,0.5922756041426926
2026-04-24T18:17:01,04/24/202606:17,138.93,0.69,95.8617,54.9,1.03,56.547,56.0,0.8,15.0,198.7,23819.0,45062.0,18.3,22.28,69.1,29.68,10.354000000000001,59.4,348.2,2.56,0.5898810473838874
2026-04-24T18:19:16,04/24/202606:19,138.75,0.69,95.7375,54.9,1.0100000000000002,55.44900000000001,54.9,0.8,15.0,198.7,23819.0,45062.0,18.2,22.26,69.2,29.68,10.398,58.8,345.4,2.5200000000000005,0.5791774383078733
2026-04-24T18:20:01,04/24/202606:20,138.73,0.6699999999999999,92.94909999999999,54.9,0.9800000000000001,53.80200000000001,53.2,0.8,15.0,198.7,23819.0,45062.0,18.2,22.240000000000002,69.3,29.68,10.442,58.2,342.6,2.48,0.5788329311418832
2026-04-24T18:20:02,04/24/202606:20,138.8,0.6599999999999999,91.60799999999999,54.9,0.9700000000000001,53.253,52.6,0.8,15.0,198.7,23819.0,45062.0,18.2,22.220000000000002,69.4,29.68,10.486,57.6,339.8,2.4400000000000004,0.5813138590516113
2026-04-24T18:21:01,04/24/202606:21,138.62,0.6599999999999999,91.4892,54.9,0.9800000000000001,53.80200000000001,53.2,0.8,15.0,198.7,23819.0,45062.0,18.2,22.2,69.5,29.68,10.53,57.0,337.0,2.4,0.588069411471518
2026-04-24T18:21:51,04/24/202606:21,138.7,0.6399999999999999,88.76799999999997,54.9,0.9600000000000002,52.70400000000001,52.1,0.8,15.0,198.7,23819.0,45062.0,18.2,22.18,69.6,29.68,10.574000000000002,56.4,334.2,2.3600000000000003,0.5937274693583277
2026-04-24T18:22:01,04/24/202606:22,138.84,0.6199999999999999,86.08079999999998,54.9,0.93,51.057,50.4,0.8,15.0,198.7,23819.0,45062.0,18.2,22.160000000000004,69.7,29.68,10.618,55.8,331.4,2.3200000000000003,0.5931287813310286
2026-04-24T18:22:52,04/24/202606:22,139.22,0.6,83.532,54.9,0.9,49.41,48.7,0.8,15.0,198.7,23819.0,45062.0,18.2,22.14,69.8,29.68,10.662,55.2,328.6,2.2800000000000002,0.5915098405401522
2026-04-24T18:23:01,04/24/202606:23,139.54000000000002,0.59,82.32860000000001,54.9,0.89,48.861,48.1,0.8,15.0,198.7,23819.0,45062.0,18.2,22.12,69.9,29.68,10.706,54.6,325.8,2.24,0.5934875608233346
2026-04-24T18:23:52,04/24/202606:23,139.82,0.59,82.4938,54.9,0.9,49.41,48.6,0.8,15.0,198.7,23819.0,45062.0,18.2,22.1,70.0,29.68,10.75,54.0,323.0,2.2,0.5989541032174539
2026-04-24T18:24:01,04/24/202606:24,140.04,0.58,81.22319999999999,54.9,0.89,48.861,48.0,0.8,15.0,198.7,23819.0,45062.0,18.2,22.1,70.0,29.68,10.75,54.0,323.0,2.2,0.6015645776083681
2026-04-24T18:24:52,04/24/202606:24,140.18,0.59,82.7062,54.9,0.9099999999999999,49.958999999999996,49.1,0.8,15.0,198.7,23819.0,45062.0,18.2,22.1,70.0,29.68,10.75,54.0,323.0,2.2,0.604053867787421
2026-04-24T18:25:01,04/24/202606:25,140.32,0.6,84.192,54.9,0.93,51.057,50.2,0.8,15.0,198.7,23819.0,45062.0,18.2,22.1,70.0,29.68,10.75,54.0,323.0,2.2,0.6064352907639682
2026-04-24T18:25:53,04/24/202606:25,140.65,0.59,82.98349999999999,54.9,0.9099999999999999,49.958999999999996,49.1,0.8,15.0,198.7,23819.0,45062.0,18.3,22.1,70.0,29.68,10.75,54.0,323.0,2.2,0.6020353443756892
2026-04-24T18:26:01,04/24/202606:26,141.24,0.58,81.9192,54.9,0.8800000000000001,48.312000000000005,47.4,0.8,15.0,198.7,23819.0,45062.0,18.3,22.1,70.0,29.68,10.75,54.0,323.0,2.2,0.58975185304544
2026-04-24T18:26:52,04/24/202606:26,141.44,0.59,83.44959999999999,54.9,0.89,48.861,48.0,0.8,15.0,198.7,23819.0,45062.0,18.2,22.1,70.0,29.68,10.75,54.0,323.0,2.2,0.5855150893473426
2026-04-24T18:27:01,04/24/202606:27,141.64000000000001,0.6,84.98400000000001,54.9,0.9,49.41,48.6,0.8,15.0,198.7,23819.0,45062.0,18.2,22.1,70.0,29.68,10.75,54.0,323.0,2.2,0.5814035583168595
2026-04-24T18:27:53,04/24/202606:27,141.45999999999998,0.61,86.29059999999998,54.9,0.9099999999999999,49.958999999999996,49.2,0.8,15.0,198.7,23819.0,45062.0,18.2,22.1,70.0,29.68,10.75,54.0,323.0,2.2,0.5789622508129507
2026-04-24T18:28:01,04/24/202606:28,141.28,0.6199999999999999,87.59359999999998,54.9,0.9199999999999999,50.507999999999996,49.8,0.8,15.0,198.7,23819.0,45062.0,18.2,22.1,70.0,29.68,10.75,54.0,323.0,2.2,0.5766174697694809
2026-04-24T18:28:52,04/24/202606:28,141.39,0.6199999999999999,87.66179999999997,54.9,0.93,51.057,50.4,0.8,15.0,198.7,23819.0,45062.0,18.2,22.1,70.0,29.68,10.75,54.0,323.0,2.2,0.5824315722469766
2026-04-24T18:29:01,04/24/202606:29,141.5,0.6199999999999999,87.72999999999999,54.9,0.9400000000000001,51.606,51.0,0.8,15.0,198.7,23819.0,45062.0,18.2,22.1,70.0,29.68,10.75,54.0,323.0,2.2,0.5882366351305142
2026-04-24T18:30:25,04/24/202606:30,141.73999999999998,0.6,85.04399999999998,54.9,0.9099999999999999,49.958999999999996,49.4,0.8,15.0,198.7,23819.0,45062.0,18.3,22.1,70.0,29.68,10.75,54.0,323.0,2.21,0.5874488500070553
2026-04-24T18:31:00,04/24/202606:31,141.98,0.58,82.34839999999998,54.9,0.8800000000000001,48.312000000000005,47.8,0.8,15.0,198.7,23819.0,45062.0,18.3,22.1,70.0,29.68,10.75,54.0,323.0,2.22,0.5866780653904631
2026-04-24T18:32:08,04/24/202606:32,141.83999999999997,0.58,82.26719999999997,54.9,0.89,48.861,48.4,0.8,15.0,198.7,23819.0,45062.0,18.2,22.05,70.1,29.68,10.676,55.2,318.6,2.1900000000000004,0.5939305093646072
2026-04-24T18:33:00,04/24/202606:33,141.7,0.58,82.18599999999999,54.9,0.9,49.41,49.0,0.8,15.0,198.7,23819.0,45062.0,18.2,22.0,70.2,29.68,10.602,56.4,314.2,2.16,0.6011972842089893
2026-04-24T18:33:09,04/24/202606:33,141.45999999999998,0.59,83.46139999999998,54.9,0.9200000000000002,50.50800000000001,50.1,0.8,15.0,198.7,23819.0,45062.0,18.2,21.95,70.3,29.68,10.528,57.6,309.8,2.13,0.6051659809205215
2026-04-24T18:34:00,04/24/202606:34,141.21999999999997,0.6,84.73199999999999,54.9,0.9400000000000001,51.606,51.2,0.8,15.0,198.7,23819.0,45062.0,18.2,21.9,70.4,29.68,10.453999999999999,58.8,305.4,2.1,0.609049709672851
2026-04-24T18:34:08,04/24/202606:34,141.3,0.6,84.78,54.9,0.9400000000000001,51.606,51.2,0.8,16.0,198.7,23819.0,45062.0,18.2,21.85,70.5,29.68,10.299,60.1,301.0,2.07,0.6087048832271762
2026-04-24T18:35:00,04/24/202606:35,141.38,0.6,84.82799999999999,54.9,0.9400000000000001,51.606,51.2,0.8,16.0,198.7,23819.0,45062.0,18.2,21.8,70.6,29.68,10.144,61.4,296.6,2.04,0.6083604470222097
2026-04-24T18:35:09,04/24/202606:35,141.19,0.6,84.714,54.9,0.93,51.057,50.7,0.8,16.0,198.7,23819.0,45062.0,18.3,21.75,70.5,29.68,9.989,62.7,292.2,2.01,0.6026984913945748
2026-04-24T18:36:00,04/24/202606:36,141.0,0.6,84.6,54.9,0.9199999999999999,50.507999999999996,50.2,0.8,16.0,198.7,23819.0,45062.0,18.3,21.7,70.4,29.68,9.834,64.0,287.8,1.9799999999999998,0.5970212765957447
2026-04-24T18:36:08,04/24/202606:36,140.74,0.6199999999999999,87.2588,54.9,0.96,52.70399999999999,52.4,0.8,16.0,198.7,23819.0,45062.0,18.2,21.65,70.3,29.68,9.678999999999998,65.3,283.4,1.94,0.6039963877568795
2026-04-24T18:37:00,04/24/202606:37,140.48,0.6399999999999999,89.90719999999997,54.9,1.0,54.9,54.6,0.8,16.0,198.7,23819.0,45062.0,18.2,21.6,70.2,29.68,9.524,66.6,279.0,1.9,0.6106296269931665
2026-04-24T18:37:08,04/24/202606:37,140.35999999999999,0.65,91.234,54.9,1.02,55.998,55.7,0.8,16.0,198.7,23819.0,45062.0,18.2,21.6,70.0,29.68,9.443,66.7,279.0,1.9,0.6137843347874696
2026-04-24T18:38:00,04/24/202606:38,140.24,0.6599999999999999,92.55839999999999,54.9,1.04,57.096000000000004,56.8,0.8,16.0,198.7,23819.0,45062.0,18.2,21.6,69.8,29.68,9.361999999999998,66.8,279.0,1.9,0.6168645957579216
2026-04-24T18:38:08,04/24/202606:38,140.49,0.65,91.31850000000001,54.9,1.04,57.096000000000004,56.8,0.8,16.0,198.7,23819.0,45062.0,18.3,21.6,69.6,29.68,9.280999999999999,66.9,279.0,1.9,0.6252402306213964
2026-04-24T18:39:00,04/24/202606:39,140.74,0.6399999999999999,90.0736,54.9,1.04,57.096000000000004,56.8,0.8,16.0,198.7,23819.0,45062.0,18.3,21.6,69.4,29.68,9.2,67.0,279.0,1.9,0.6338816256927668
2026-04-24T18:39:09,04/24/202606:39,140.82,0.6399999999999999,90.12479999999998,54.9,1.06,58.194,57.9,0.8,16.0,198.7,23819.0,45062.0,18.3,21.6,69.2,29.68,9.2,67.0,279.0,1.9,0.6457046229228804
2026-04-24T18:39:34,04/24/202606:39,140.65,0.65,91.42250000000001,54.9,1.08,59.292,59.0,0.8,16.0,198.7,23819.0,45062.0,18.3,21.6,69.0,29.68,9.2,67.0,279.0,1.9,0.6485493177281303
2026-04-24T18:40:01,04/24/202606:40,140.5,0.6599999999999999,92.72999999999999,54.9,1.09,59.841,59.5,0.8,16.0,198.7,23819.0,45062.0,18.3,21.6,69.0,29.68,9.2,67.0,279.0,1.9,0.6453251374959561
2026-04-24T18:41:38,04/24/202606:41,140.57,0.6699999999999999,94.18189999999998,54.9,1.1,60.39,60.0,0.8,16.0,198.7,23819.0,45062.0,18.2,21.6,69.0,29.68,9.2,67.0,279.0,1.9,0.6412060066743186
2026-04-24T18:42:01,04/24/202606:42,140.73,0.6699999999999999,94.28909999999998,54.9,1.1,60.39,60.0,0.8,16.0,198.7,23819.0,45062.0,18.2,21.6,69.0,29.68,9.2,67.0,279.0,1.9,0.6404770010531442
2026-04-24T18:42:35,04/24/202606:42,140.89000000000001,0.6699999999999999,94.3963,54.9,1.08,59.292,58.9,0.8,16.0,198.7,23819.0,45062.0,18.2,21.6,69.0,29.68,9.2,67.0,279.0,1.9,0.6281178393644666
2026-04-24T18:43:00,04/24/202606:43,141.01,0.6699999999999999,94.47669999999998,54.9,1.06,58.194,57.8,0.8,16.0,198.7,23819.0,45062.0,18.2,21.6,69.0,29.68,9.2,67.0,279.0,1.9,0.6159613957727145
2026-04-24T18:43:35,04/24/202606:43,141.12,0.6599999999999999,93.13919999999999,54.9,1.04,57.096000000000004,56.7,0.8,16.0,198.7,23819.0,45062.0,18.3,21.6,69.0,29.68,9.2,67.0,279.0,1.9,0.613017934446506
2026-04-24T18:44:01,04/24/202606:44,141.09,0.6599999999999999,93.11939999999998,54.9,1.02,55.998,55.6,0.8,16.0,198.7,23819.0,45062.0,18.3,21.6,69.0,29.68,9.2,67.0,279.0,1.9,0.601356967506234
2026-04-24T18:44:34,04/24/202606:44,141.02,0.6699999999999999,94.4834,54.9,1.03,56.547,56.1,0.8,16.0,198.7,23819.0,45062.0,18.3,21.6,69.0,29.68,9.2,67.0,279.0,1.9,0.5984860832696537
2026-04-24T18:45:00,04/24/202606:45,140.94,0.6799999999999999,95.83919999999999,54.9,1.04,57.096000000000004,56.6,0.8,16.0,198.7,23819.0,45062.0,18.3,21.6,69.0,29.68,9.2,67.0,279.0,1.9,0.5957478776951395
2026-04-24T18:45:35,04/24/202606:45,141.1,0.6799999999999999,95.948,54.9,1.05,57.645,57.1,0.8,16.0,198.7,23819.0,45062.0,18.3,21.57,69.2,29.68,9.050999999999998,66.7,275.5,1.8699999999999999,0.6007941801809314
2026-04-24T18:46:00,04/24/202606:46,141.26,0.6799999999999999,96.05679999999998,54.9,1.06,58.194,57.6,0.8,16.0,198.7,23819.0,45062.0,18.3,21.54,69.4,29.68,8.902,66.4,272.0,1.8399999999999999,0.6058290511447395
2026-04-24T18:46:34,04/24/202606:46,141.18,0.6699999999999999,94.5906,54.9,1.04,57.096000000000004,56.5,0.8,16.0,198.7,23819.0,45062.0,18.3,21.51,69.6,29.68,8.753,66.1,268.5,1.81,0.6036117753772574
2026-04-24T18:47:01,04/24/202606:47,141.1,0.6599999999999999,93.12599999999999,54.9,1.02,55.998,55.4,0.8,16.0,198.7,23819.0,45062.0,18.3,21.48,69.8,29.68,8.604,65.8,265.0,1.78,0.6013143483023001
2026-04-24T18:47:35,04/24/202606:47,140.97,0.6599999999999999,93.04019999999998,54.9,1.02,55.998,55.4,0.8,16.0,198.7,23819.0,45062.0,18.3,21.45,70.0,29.68,8.455,65.5,261.5,1.75,0.6018688695854051
2026-04-24T18:48:00,04/24/202606:48,140.84,0.6599999999999999,92.95439999999999,54.9,1.02,55.998,55.4,0.8,16.0,198.7,23819.0,45062.0,18.3,21.42,70.2,29.68,8.306000000000001,65.2,258.0,1.72,0.6024244145516512
2026-04-24T18:48:34,04/24/202606:48,140.69,0.6599999999999999,92.85539999999999,54.9,1.02,55.998,55.4,0.8,16.0,198.7,23819.0,45062.0,18.3,21.39,70.4,29.68,8.157,64.9,254.5,1.69,0.6030667037135159
2026-04-24T18:49:01,04/24/202606:49,140.54000000000002,0.6599999999999999,92.7564,54.9,1.02,55.998,55.4,0.8,16.0,198.7,23819.0,45062.0,18.3,21.360000000000003,70.6,29.68,8.008,64.6,251.0,1.6600000000000001,0.6037103639209801
2026-04-24T18:49:35,04/24/202606:49,140.48,0.6599999999999999,92.71679999999998,54.9,1.01,55.449,54.9,0.8,16.0,198.7,23819.0,45062.0,18.3,21.330000000000002,70.8,29.68,7.859,64.3,247.5,1.6300000000000001,0.598046955891489
2026-04-24T18:50:00,04/24/202606:50,140.42000000000002,0.6599999999999999,92.6772,54.9,1.0,54.9,54.4,0.8,16.0,198.7,23819.0,45062.0,18.3,21.3,71.0,29.68,7.709999999999999,64.0,244.0,1.6,0.5923787080317489
2026-04-24T18:50:35,04/24/202606:50,140.42000000000002,0.65,91.27300000000001,54.89,0.96,52.6944,52.2,0.8,16.0,198.7,23819.0,45062.0,18.2,21.3,71.0,29.68,7.709999999999999,64.0,244.0,1.6,0.5773273585835899
2026-04-24T18:51:01,04/24/202606:51,140.42000000000002,0.6399999999999999,89.8688,54.879999999999995,0.9200000000000002,50.4896,50.0,0.8,16.0,198.7,23819.0,45062.0,18.2,21.3,71.0,29.68,7.709999999999999,64.0,244.0,1.6,0.5618145563310071
2026-04-24T18:52:49,04/24/202606:52,140.44,0.6399999999999999,89.88159999999999,54.879999999999995,0.9200000000000002,50.4896,50.0,0.8,16.0,198.7,23819.0,45062.0,18.3,21.3,71.0,29.68,7.709999999999999,64.0,244.0,1.6,0.5617345485616634
2026-04-24T18:53:01,04/24/202606:53,140.45999999999998,0.6399999999999999,89.89439999999998,54.879999999999995,0.9200000000000002,50.4896,50.0,0.8,16.0,198.7,23819.0,45062.0,18.3,21.3,71.0,29.68,7.709999999999999,64.0,244.0,1.6,0.5616545635768192
2026-04-24T18:53:11,04/24/202606:53,140.52,0.6399999999999999,89.93279999999999,54.879999999999995,0.93,51.038399999999996,50.5,0.8,16.0,198.7,23819.0,45062.0,18.3,21.3,71.0,29.68,7.709999999999999,64.0,244.0,1.6,0.5675170794192997
2026-04-24T18:54:01,04/24/202606:54,140.58,0.6399999999999999,89.9712,54.879999999999995,0.9400000000000001,51.587199999999996,51.0,0.8,16.0,198.7,23819.0,45062.0,18.3,21.3,71.0,29.68,7.709999999999999,64.0,244.0,1.6,0.5733745909802248
2026-04-24T18:54:12,04/24/202606:54,140.68,0.6399999999999999,90.03519999999999,54.879999999999995,0.9400000000000001,51.587199999999996,51.0,0.8,16.0,198.7,23819.0,45062.0,18.3,21.3,71.0,29.68,7.709999999999999,64.0,244.0,1.6,0.5729670173443275
2026-04-24T18:55:00,04/24/202606:55,140.78000000000003,0.6399999999999999,90.09920000000001,54.879999999999995,0.9400000000000001,51.587199999999996,51.0,0.8,16.0,198.7,23819.0,45062.0,18.3,21.3,71.0,29.68,7.709999999999999,64.0,244.0,1.6,0.5725600227305013
2026-04-24T18:55:11,04/24/202606:55,140.81,0.63,88.7103,54.879999999999995,0.93,51.038399999999996,50.4,0.8,16.0,198.7,23819.0,45062.0,18.3,21.3,71.0,29.68,7.709999999999999,64.0,244.0,1.6,0.5753379258101934
2026-04-24T18:56:01,04/24/202606:56,140.84,0.6199999999999999,87.32079999999999,54.879999999999995,0.9199999999999999,50.48959999999999,49.8,0.8,16.0,198.7,23819.0,45062.0,18.3,21.3,71.0,29.68,7.709999999999999,64.0,244.0,1.6,0.5782081703328416
2026-04-24T18:56:11,04/24/202606:56,140.8,0.63,88.70400000000001,54.89,0.9400000000000001,51.5966,50.9,0.8,16.0,198.7,23819.0,45062.0,18.3,21.3,71.0,29.68,7.709999999999999,64.0,244.0,1.6,0.581671626984127
2026-04-24T18:57:01,04/24/202606:57,140.76,0.6399999999999999,90.08639999999998,54.9,0.96,52.70399999999999,52.0,0.8,16.0,198.7,23819.0,45062.0,18.3,21.3,71.0,29.68,7.709999999999999,64.0,244.0,1.6,0.5850383631713555
2026-04-24T18:57:12,04/24/202606:57,140.70999999999998,0.6399999999999999,90.05439999999997,54.9,0.96,52.70399999999999,52.0,0.8,16.0,198.7,23819.0,45062.0,18.3,21.3,71.0,29.68,7.709999999999999,64.0,244.0,1.6,0.5852462511548576
2026-04-24T18:58:01,04/24/202606:58,140.66,0.6399999999999999,90.02239999999999,54.9,0.96,52.70399999999999,52.0,0.8,16.0,198.7,23819.0,45062.0,18.3,21.3,71.0,29.68,7.709999999999999,64.0,244.0,1.6,0.58545428693303
2026-04-24T18:58:11,04/24/202606:58,140.56,0.6399999999999999,89.95839999999998,54.9,0.97,53.253,52.6,0.8,16.0,198.7,23819.0,45062.0,18.3,21.3,71.0,29.68,7.709999999999999,64.0,244.0,1.6,0.5919736233636882
2026-04-24T18:59:01,04/24/202606:59,140.45999999999998,0.6399999999999999,89.89439999999998,54.9,0.9800000000000001,53.80200000000001,53.2,0.8,16.0,198.7,23819.0,45062.0,18.3,21.3,71.0,29.68,7.709999999999999,64.0,244.0,1.6,0.5985022426313543
2026-04-24T18:59:12,04/24/202606:59,140.35999999999999,0.65,91.234,54.9,0.9800000000000001,53.80200000000001,53.2,0.8,16.0,198.7,23819.0,45062.0,18.3,21.3,71.0,29.68,7.709999999999999,64.0,244.0,1.6,0.5897143608742356
2026-04-24T19:00:01,04/24/202607:00,140.26,0.6599999999999999,92.57159999999999,54.9,0.9800000000000001,53.80200000000001,53.2,0.8,16.0,198.7,23819.0,45062.0,18.3,21.3,71.0,29.68,7.709999999999999,64.0,244.0,1.6,0.5811933681604294
2026-04-24T19:00:11,04/24/202607:00,140.19,0.6599999999999999,92.52539999999999,54.9,0.9700000000000001,53.253,52.7,0.8,16.0,198.7,23819.0,45062.0,18.3,21.3,71.0,29.68,7.709999999999999,64.0,244.0,1.6,0.5755500651712936
2026-04-24T19:01:01,04/24/202607:01,140.12,0.6599999999999999,92.47919999999999,54.9,0.96,52.70399999999999,52.2,0.8,16.0,198.7,23819.0,45062.0,18.3,21.3,71.0,29.68,7.709999999999999,64.0,244.0,1.6,0.5699011237121429
2026-04-24T19:01:12,04/24/202607:01,140.02,0.65,91.013,54.910000000000004,0.96,52.7136,52.2,0.8,16.0,198.7,23819.0,45062.0,18.3,21.28,71.1,29.68,7.672,63.5,238.8,1.58,0.5791875885862459
2026-04-24T19:02:01,04/24/202607:02,139.92000000000002,0.6399999999999999,89.5488,54.92,0.96,52.7232,52.2,0.8,16.0,198.7,23819.0,45062.0,18.3,21.26,71.2,29.68,7.634,63.0,233.6,1.56,0.5887650085763293
2026-04-24T19:02:11,04/24/202607:02,139.78,0.6399999999999999,89.45919999999998,54.92,0.9700000000000001,53.272400000000005,52.7,0.8,16.0,198.7,23819.0,45062.0,18.3,21.240000000000002,71.3,29.68,7.595999999999999,62.5,228.4,1.54,0.5954938117041066
2026-04-24T19:04:01,04/24/202607:04,139.49,0.6399999999999999,89.27359999999999,54.92,0.9800000000000001,53.821600000000004,53.2,0.8,16.0,198.7,23819.0,45062.0,18.3,21.220000000000002,71.4,29.68,7.558,62.0,223.2,1.52,0.6028837192630297
2026-04-24T19:04:08,04/24/202607:04,138.93,0.65,90.3045,54.92,0.9800000000000001,53.821600000000004,53.2,0.8,16.0,198.7,23819.0,45062.0,18.3,21.2,71.5,29.68,7.5200000000000005,61.5,218.0,1.5,0.5960013066901428
2026-04-24T19:05:00,04/24/202607:05,138.37,0.6599999999999999,91.32419999999999,54.92,0.9800000000000001,53.821600000000004,53.2,0.8,16.0,198.7,23819.0,45062.0,18.3,21.18,71.6,29.68,7.481999999999999,61.0,212.8,1.48,0.5893465258934654
2026-04-24T19:05:07,04/24/202607:05,137.55,0.6599999999999999,90.783,54.92,0.9800000000000001,53.821600000000004,53.2,0.9,16.0,198.7,23819.0,45062.0,18.3,21.160000000000004,71.7,29.68,7.444,60.5,207.6,1.46,0.5928598966766906
2026-04-24T19:06:01,04/24/202607:06,136.73,0.6599999999999999,90.24179999999998,54.92,0.9800000000000001,53.821600000000004,53.2,0.9,16.0,198.7,23819.0,45062.0,18.3,21.14,71.8,29.68,7.406000000000001,60.0,202.4,1.44,0.5964154083805954
2026-04-24T19:06:08,04/24/202607:06,135.6,0.67,90.852,54.92,1.0,54.92,54.3,0.9,16.0,198.7,23819.0,45062.0,18.3,21.12,71.9,29.68,7.368,59.5,197.2,1.42,0.6044996257649804
2026-04-24T19:07:00,04/24/202607:07,134.46999999999997,0.6799999999999999,91.43959999999997,54.92,1.02,56.0184,55.4,0.9,16.0,198.7,23819.0,45062.0,18.3,21.1,72.0,29.68,7.33,59.0,192.0,1.4,0.6126273518256862
2026-04-24T19:07:07,04/24/202607:07,133.38,0.69,92.03219999999999,54.910000000000004,1.02,56.0082,55.4,0.9,16.0,198.7,23819.0,45062.0,18.3,21.1,72.0,29.68,7.33,59.0,192.0,1.4,0.608571782484826
2026-04-24T19:08:01,04/24/202607:08,132.29,0.7,92.603,54.9,1.02,55.998,55.4,0.9,16.0,198.7,23819.0,45062.0,18.3,21.1,72.0,29.68,7.33,59.0,192.0,1.4,0.6047104305476064
2026-04-24T19:08:08,04/24/202607:08,131.26999999999998,0.7,91.88899999999998,54.9,1.02,55.998,55.4,0.9,16.0,198.7,23819.0,45062.0,18.3,21.1,72.0,29.68,7.33,59.0,192.0,1.4,0.6094091784653224
2026-04-24T19:09:36,04/24/202607:09,130.42,0.7,91.29399999999998,54.879999999999995,1.01,55.428799999999995,54.9,0.9,16.0,198.7,23819.0,45062.0,18.3,21.1,72.0,29.68,7.33,59.0,192.0,1.4,0.6071461432295661
2026-04-24T19:10:00,04/24/202607:10,129.9,0.6799999999999999,88.332,54.86,0.99,54.3114,53.8,0.9,16.0,198.7,23819.0,45062.0,18.3,21.1,72.0,29.68,7.33,59.0,192.0,1.4,0.6148553185708464
2026-04-24T19:10:35,04/24/202607:10,129.35,0.6599999999999999,85.37099999999998,54.82000000000001,0.95,52.07900000000001,51.6,0.9,16.0,198.7,23819.0,45062.0,18.3,21.1,72.0,29.68,7.33,59.0,192.0,1.4,0.6100315095289972
2026-04-24T19:11:01,04/24/202607:11,129.05,0.65,83.88250000000001,54.779999999999994,0.93,50.9454,50.5,0.9,16.0,198.7,23819.0,45062.0,18.3,21.1,72.0,29.68,7.33,59.0,192.0,1.4,0.6073424134950675
2026-04-24T19:12:00,04/24/202607:12,128.75,0.6399999999999999,82.39999999999999,54.75,0.9099999999999999,49.8225,49.4,0.9,16.0,198.7,23819.0,45062.0,18.3,21.1,72.0,29.68,7.33,59.0,192.0,1.4,0.6046419902912622
2026-04-24T19:12:35,04/24/202607:12,128.73,0.63,81.09989999999999,54.720000000000006,0.8800000000000001,48.15360000000001,47.7,0.9,16.0,198.7,23819.0,45062.0,18.3,21.1,72.0,29.68,7.33,59.0,192.0,1.4,0.5937565890956711
2026-04-24T19:13:01,04/24/202607:13,128.70999999999998,0.6199999999999999,79.80019999999998,54.69,0.85,46.4865,46.0,0.9,16.0,198.7,23819.0,45062.0,18.3,21.1,72.0,29.68,7.33,59.0,192.0,1.4,0.5825361339946518
2026-04-24T19:13:36,04/24/202607:13,128.68,0.61,78.4948,54.65,0.8300000000000001,45.359500000000004,44.9,0.9,16.0,198.7,23819.0,45062.0,18.3,21.1,72.0,29.68,7.33,59.0,192.0,1.4,0.5778663045195351
2026-04-24T19:15:12,04/24/202607:15,126.17999999999999,0.61,76.96979999999999,54.61,0.8300000000000001,45.3263,44.9,0.9,16.0,198.7,23819.0,45062.0,18.3,21.1,72.0,29.68,7.33,59.0,192.0,1.4,0.5888842117297954
2026-04-24T19:15:35,04/24/202607:15,123.64000000000001,0.61,75.4204,54.56,0.82,44.7392,44.4,0.9,16.0,198.7,23819.0,45062.0,18.3,21.1,72.0,29.68,7.33,59.0,192.0,1.4,0.5931975964062773
2026-04-24T19:16:00,04/24/202607:16,121.08,0.61,73.8588,54.529999999999994,0.82,44.71459999999999,44.4,0.9,16.0,198.7,23819.0,45062.0,18.3,21.1,72.0,29.68,7.33,59.0,192.0,1.4,0.6054065324646486
2026-04-24T19:16:36,04/24/202607:16,118.50999999999999,0.61,72.29109999999999,54.5,0.82,44.69,44.3,0.9,16.0,198.7,23819.0,45062.0,18.3,21.05,72.2,29.68,7.368,58.5,187.0,1.3699999999999999,0.6181950475231391
2026-04-24T19:17:01,04/24/202607:17,115.97,0.61,70.7417,54.489999999999995,0.8400000000000001,45.7716,45.3,0.9,16.0,198.7,23819.0,45062.0,18.3,21.0,72.4,29.68,7.406000000000001,58.0,182.0,1.3399999999999999,0.6470243152200188
2026-04-24T19:17:36,04/24/202607:17,113.27000000000001,0.61,69.0947,54.48,0.85,46.30799999999999,45.8,0.9,16.0,198.7,23819.0,45062.0,18.3,20.95,72.6,29.68,7.444,57.5,177.0,1.31,0.6702105950239308
2026-04-24T19:18:00,04/24/202607:18,110.57000000000001,0.61,67.4477,54.46,0.86,46.8356,46.3,0.9,16.0,198.7,23819.0,45062.0,18.3,20.9,72.8,29.68,7.481999999999999,57.0,172.0,1.28,0.6943987711960526
2026-04-24T19:18:31,04/24/202607:18,107.89000000000001,0.6,64.73400000000001,54.42999999999999,0.86,46.809799999999996,46.3,0.9,16.0,198.7,23819.0,45062.0,18.3,20.85,73.0,29.68,7.5200000000000005,56.5,167.0,1.25,0.7231099576729383
2026-04-24T19:19:01,04/24/202607:19,105.21,0.59,62.073899999999995,54.4,0.86,46.784,46.3,0.9,16.0,198.7,23819.0,45062.0,18.3,20.8,73.2,29.68,7.558,56.0,162.0,1.22,0.7536823044790162
2026-04-24T19:19:31,04/24/202607:19,102.53,0.58,59.4674,54.379999999999995,0.85,46.22299999999999,45.8,0.9,16.0,198.7,23819.0,45062.0,18.3,20.75,73.4,29.68,7.595999999999999,55.5,157.0,1.19,0.7772830155681936
2026-04-24T19:20:01,04/24/202607:20,102.32000000000001,0.5599999999999999,57.2992,54.36,0.82,44.575199999999995,44.2,0.9,16.0,198.7,23819.0,45062.0,18.3,20.7,73.6,29.68,7.634,55.0,152.0,1.1600000000000001,0.7779375628281022
2026-04-24T19:20:32,04/24/202607:20,101.77000000000001,0.55,55.97350000000001,54.339999999999996,0.79,42.928599999999996,42.5,0.9,16.0,198.7,23819.0,45062.0,18.3,20.65,73.8,29.68,7.672,54.5,147.0,1.1300000000000001,0.7669450722216762
2026-04-24T19:21:00,04/24/202607:21,101.22,0.54,54.65880000000001,54.32000000000001,0.76,41.28320000000001,40.8,0.9,16.0,198.7,23819.0,45062.0,18.3,20.6,74.0,29.68,7.709999999999999,54.0,142.0,1.1,0.7552891757594387
2026-04-24T19:21:31,04/24/202607:21,100.67,0.53,53.3551,54.29,0.73,39.631699999999995,39.2,0.9,16.0,198.7,23819.0,45062.0,18.3,20.6,74.0,29.68,7.709999999999999,54.0,142.0,1.1,0.7427912233319776
2026-04-24T19:22:01,04/24/202607:22,100.12,0.52,52.062400000000004,54.260000000000005,0.7,37.982,37.6,0.9,16.0,198.7,23819.0,45062.0,18.3,20.6,74.0,29.68,7.709999999999999,54.0,142.0,1.1,0.7295476197793417
2026-04-24T19:22:31,04/24/202607:22,99.72999999999999,0.51,50.8623,54.23,0.67,36.3341,36.0,0.9,16.0,198.7,23819.0,45062.0,18.3,20.6,74.0,29.68,7.709999999999999,54.0,142.0,1.1,0.7143621110331227
2026-04-24T19:23:00,04/24/202607:23,99.34,0.5,49.67,54.2,0.64,34.688,34.4,0.9,16.0,198.7,23819.0,45062.0,18.3,20.6,74.0,29.68,7.709999999999999,54.0,142.0,1.1,0.6983692369639621
2026-04-24T19:23:31,04/24/202607:23,99.05,0.51,50.5155,54.19,0.62,33.5978,33.3,0.9,16.0,198.7,23819.0,45062.0,18.3,20.6,74.0,29.68,7.709999999999999,54.0,142.0,1.1,0.6650988310518553
2026-04-24T19:24:01,04/24/202607:24,98.76,0.52,51.3552,54.17999999999999,0.6,32.507999999999996,32.2,0.9,16.0,198.7,23819.0,45062.0,18.3,20.6,74.0,29.68,7.709999999999999,54.0,142.0,1.1,0.6330030844004111
2026-04-24T19:24:32,04/24/202607:24,98.49,0.52,51.2148,54.160000000000004,0.58,31.4128,31.1,0.9,16.0,198.7,23819.0,45062.0,18.3,20.6,74.0,29.68,7.709999999999999,54.0,142.0,1.1,0.6133539523731422
2026-04-24T19:25:00,04/24/202607:25,98.22,0.52,51.074400000000004,54.14,0.5599999999999999,30.318399999999997,30.0,0.9,16.0,198.7,23819.0,45062.0,18.3,20.6,74.0,29.68,7.709999999999999,54.0,142.0,1.1,0.5936124555550333
2026-04-24T19:26:24,04/24/202607:26,98.3,0.52,51.116,54.13000000000001,0.55,29.771500000000007,29.5,0.9,16.0,198.7,23819.0,45062.0,18.3,20.6,74.0,29.68,7.709999999999999,54.0,142.0,1.1,0.5824301588543705
2026-04-24T19:26:31,04/24/202607:26,97.5,0.51,49.725,54.120000000000005,0.54,29.224800000000005,29.0,0.9,16.0,198.7,23819.0,45062.0,18.3,20.6,74.0,29.68,7.709999999999999,54.0,142.0,1.1,0.5877285067873305
2026-04-24T19:27:00,04/24/202607:27,96.71000000000001,0.5,48.355000000000004,54.120000000000005,0.53,28.683600000000006,28.5,0.9,16.0,198.7,23819.0,45062.0,18.3,20.6,74.0,29.68,7.709999999999999,54.0,142.0,1.1,0.5931878812945921
2026-04-24T19:27:31,04/24/202607:27,95.92,0.49000000000000005,47.000800000000005,54.120000000000005,0.51,27.601200000000002,27.4,0.9,16.0,198.7,23819.0,45062.0,18.3,20.6,74.0,29.68,7.709999999999999,54.0,142.0,1.1,0.5872495787305748
2026-04-24T19:28:01,04/24/202607:28,95.13,0.48,45.6624,54.120000000000005,0.5,27.060000000000002,26.8,0.9,16.0,198.7,23819.0,45062.0,18.3,20.6,74.0,29.68,7.709999999999999,54.0,142.0,1.1,0.5926101124776623
2026-04-24T19:29:32,04/24/202607:29,94.06,0.45999999999999996,43.267599999999995,54.13000000000001,0.49000000000000005,26.52370000000001,26.2,0.9,16.0,198.7,23819.0,45062.0,18.3,20.6,74.0,29.68,7.709999999999999,54.0,142.0,1.1,0.6130152816426151
2026-04-24T19:30:01,04/24/202607:30,92.89,0.43,39.9427,54.13000000000001,0.47000000000000003,25.441100000000006,25.1,0.9,16.0,198.7,23819.0,45062.0,18.3,20.6,74.0,29.68,7.709999999999999,54.0,142.0,1.1,0.6369399164302865
2026-04-24T19:30:33,04/24/202607:30,91.72,0.41,37.605199999999996,54.120000000000005,0.45,24.354000000000003,24.0,0.9,16.0,198.7,23819.0,45062.0,18.3,20.6,74.0,29.68,7.709999999999999,54.0,142.0,1.1,0.6476232010466639
2026-04-24T19:30:41,04/24/202607:30,90.55,0.39,35.3145,54.120000000000005,0.44000000000000006,23.812800000000006,23.4,0.9,16.0,198.7,23819.0,45062.0,18.3,20.6,74.0,29.68,7.709999999999999,54.0,142.0,1.1,0.6743065879454616
2026-04-24T19:31:00,04/24/202607:31,89.38,0.37,33.0706,54.120000000000005,0.43,23.271600000000003,22.8,0.9,16.0,198.7,23819.0,45062.0,18.3,20.6,74.0,29.68,7.709999999999999,54.0,142.0,1.1,0.7036945202082818
2026-04-24T19:31:41,04/24/202607:31,88.22,0.35,30.877,54.120000000000005,0.41000000000000003,22.189200000000003,21.7,0.9,16.0,198.7,23819.0,45062.0,18.3,20.54,74.2,29.68,7.635,54.3,137.2,1.07,0.7186319914499467
2026-04-24T19:32:01,04/24/202607:32,87.94,0.33999999999999997,29.899599999999996,54.120000000000005,0.39,21.106800000000003,20.6,0.9,16.0,198.7,23819.0,45062.0,18.3,20.48,74.4,29.68,7.56,54.6,132.4,1.04,0.7059224872573548
2026-04-24T19:32:40,04/24/202607:32,90.0,0.3,27.0,54.120000000000005,0.34,18.400800000000004,17.9,0.9,16.0,198.7,23819.0,45062.0,18.3,20.42,74.6,29.68,7.484999999999999,54.9,127.6,1.0100000000000002,0.6815111111111113
2026-04-24T19:33:00,04/24/202607:33,92.05999999999999,0.26,23.935599999999997,54.120000000000005,0.3,16.236,15.8,0.9,16.0,198.7,23819.0,45062.0,18.3,20.360000000000003,74.8,29.68,7.409999999999999,55.2,122.8,0.9800000000000001,0.6783201590935678
2026-04-24T19:33:41,04/24/202607:33,89.15,0.25,22.2875,54.11,0.29,15.691899999999999,15.3,0.9,16.0,198.7,23819.0,45062.0,18.4,20.3,75.0,29.68,7.334999999999999,55.5,118.0,0.95,0.7040673022994951
2026-04-24T19:34:01,04/24/202607:34,86.52,0.25,21.63,54.089999999999996,0.27999999999999997,15.145199999999997,14.8,0.9,16.0,198.7,23819.0,45062.0,18.4,20.240000000000002,75.2,29.68,7.26,55.8,113.2,0.9200000000000002,0.7001941747572814
2026-04-24T19:34:41,04/24/202607:34,91.19,0.22000000000000003,20.0618,54.07000000000001,0.24,12.9768,12.7,0.9,16.0,198.7,23819.0,45062.0,18.3,20.18,75.4,29.68,7.185,56.1,108.4,0.89,0.6468412605050394
2026-04-24T19:35:00,04/24/202607:35,95.86,0.18,17.2548,54.06,0.2,10.812000000000001,10.6,0.9,16.0,198.7,23819.0,45062.0,18.3,20.119999999999997,75.6,29.68,7.109999999999999,56.4,103.6,0.8600000000000001,0.6266082481396482
2026-04-24T19:35:41,04/24/202607:35,93.01,0.18,16.7418,54.05,0.19,10.269499999999999,10.1,0.9,16.0,198.7,23819.0,45062.0,18.3,20.06,75.8,29.68,7.034999999999999,56.7,98.8,0.8300000000000001,0.61340477129102
2026-04-24T19:36:01,04/24/202607:36,90.16,0.18,16.2288,54.04,0.18,9.7272,9.6,0.9,16.0,198.7,23819.0,45062.0,18.3,20.0,76.0,29.68,6.959999999999999,57.0,94.0,0.8,0.5993788819875776
2026-04-24T19:37:35,04/24/202607:37,94.81,0.15,14.2215,54.029999999999994,0.15,8.104499999999998,8.0,0.9,16.0,198.7,23819.0,45062.0,18.3,20.0,76.0,29.68,6.959999999999999,57.0,94.0,0.8,0.5698765952958547
2026-04-24T19:37:41,04/24/202607:37,91.94,0.15,13.790999999999999,54.02,0.15,8.103,8.0,0.9,16.0,198.7,23819.0,45062.0,18.3,20.0,76.0,29.68,6.959999999999999,57.0,94.0,0.8,0.5875571024581249
2026-04-24T19:38:00,04/24/202607:38,86.72999999999999,0.18,15.611399999999998,54.010000000000005,0.18,9.7218,9.6,0.9,16.0,198.7,23819.0,45062.0,18.3,20.0,76.0,29.68,6.959999999999999,57.0,94.0,0.8,0.6227372304854146
2026-04-24T19:38:33,04/24/202607:38,89.01,0.18,16.0218,53.989999999999995,0.18,9.7182,9.6,0.9,16.0,198.7,23819.0,45062.0,18.4,20.04,76.0,29.68,6.959999999999999,57.0,94.0,0.8,0.6065610605549938
2026-04-24T19:39:00,04/24/202607:39,96.26,0.15,14.439,53.98,0.15,8.097,8.0,0.9,16.0,198.7,23819.0,45062.0,18.4,20.080000000000002,76.0,29.68,6.959999999999999,57.0,94.0,0.8,0.560772906710991
2026-04-24T19:39:34,04/24/202607:39,103.5,0.12,12.42,53.970000000000006,0.12,6.476400000000001,6.4,0.9,16.0,198.7,23819.0,45062.0,18.3,20.119999999999997,76.0,29.68,7.134,57.7,94.0,0.8,0.5214492753623189
2026-04-24T19:40:00,04/24/202607:40,103.44000000000001,0.12,12.4128,53.96,0.12,6.4752,6.4,0.9,16.0,198.7,23819.0,45062.0,18.3,20.16,76.0,29.68,7.308,58.4,94.0,0.8,0.5216550657385924
2026-04-24T19:40:33,04/24/202607:40,103.37,0.12,12.4044,53.95,0.13,7.0135000000000005,6.4,0.9,16.0,198.7,23819.0,45062.0,18.3,20.2,76.0,29.68,7.445,59.7,94.0,0.8,0.5654042114088549
2026-04-24T19:41:00,04/24/202607:41,110.82000000000001,0.09,9.9738,53.94,0.11000000000000001,5.933400000000001,4.8,0.9,16.0,198.7,23819.0,45062.0,18.3,20.24,76.0,29.68,7.581999999999999,61.0,94.0,0.8,0.5948986344221862
2026-04-24T19:41:33,04/24/202607:41,118.25,0.06,7.095,53.92,0.08,4.3136,3.2,0.9,16.0,198.7,23819.0,45062.0,18.3,20.279999999999998,76.0,29.68,7.718999999999999,62.3,94.0,0.8,0.6079774489076815
2026-04-24T19:42:00,04/24/202607:42,118.17999999999999,0.06,7.090799999999999,53.9,0.08,4.312,3.2,0.9,16.0,198.7,23819.0,45062.0,18.3,20.32,76.0,29.68,7.856,63.6,94.0,0.8,0.6081119196705592
2026-04-24T19:42:33,04/24/202607:42,125.24000000000001,0.03,3.7572,53.870000000000005,0.05,2.6935000000000002,1.6,0.9,16.0,198.7,23819.0,45062.0,18.4,20.36,76.0,29.68,7.992999999999999,64.9,94.0,0.8,0.7168902374108379
2026-04-24T19:43:00,04/24/202607:43,132.3,0.0,0.0,53.839999999999996,0.02,1.0768,0.0,0.9,16.0,198.7,23819.0,45062.0,18.4,20.4,76.0,29.68,8.129999999999999,66.2,94.0,0.8,
2026-04-24T19:43:33,04/24/202607:43,132.23,0.0,0.0,53.82000000000001,0.02,1.0764000000000002,0.0,0.9,16.0,198.7,23819.0,45062.0,18.3,20.4,76.0,29.68,8.267,67.5,94.0,0.8,
2026-04-24T19:44:00,04/24/202607:44,132.16,0.0,0.0,53.8,0.02,1.076,0.0,0.9,16.0,198.7,23819.0,45062.0,18.3,20.4,76.0,29.68,8.404,68.8,94.0,0.8,
2026-04-24T19:44:33,04/24/202607:44,131.97,0.0,0.0,53.779999999999994,0.02,1.0756,0.0,0.9,16.0,198.7,23819.0,45062.0,18.3,20.4,76.0,29.68,8.367,69.4,94.0,0.8,
2026-04-24T19:45:00,04/24/202607:45,131.78,0.0,0.0,53.760000000000005,0.02,1.0752000000000002,0.0,0.9,16.0,198.7,23819.0,45062.0,18.3,20.4,76.0,29.68,8.33,70.0,94.0,0.8,
2026-04-24T19:45:34,04/24/202607:45,131.69,0.0,0.0,53.739999999999995,0.01,0.5374,0.0,0.9,16.0,198.7,23819.0,45062.0,18.4,20.339999999999996,76.3,29.68,8.193000000000001,69.9,89.8,0.77,
2026-04-24T19:46:00,04/24/202607:46,131.6,0.0,0.0,53.720000000000006,0.0,0.0,0.0,0.9,16.0,198.7,23819.0,45062.0,18.4,20.279999999999998,76.6,29.68,8.056000000000001,69.8,85.6,0.74,
2026-04-24T19:46:32,04/24/202607:46,131.49,0.0,0.0,53.7,0.0,0.0,0.0,0.9,16.0,198.7,23819.0,45062.0,18.4,20.22,76.9,29.68,7.919,69.7,81.4,0.7100000000000001,
2026-04-24T19:47:01,04/24/202607:47,131.38,0.0,0.0,53.68000000000001,0.0,0.0,0.0,0.9,16.0,198.7,23819.0,45062.0,18.4,20.16,77.2,29.68,7.781999999999999,69.6,77.2,0.68,
2026-04-24T19:49:34,04/24/202607:49,131.60999999999999,0.0,0.0,53.660000000000004,0.0,0.0,0.0,0.9,16.0,198.7,23819.0,45062.0,18.3,20.1,77.5,29.68,7.6450000000000005,69.5,73.0,0.65,
2026-04-24T19:50:00,04/24/202607:50,131.84,0.0,0.0,53.64,0.0,0.0,0.0,0.9,16.0,198.7,23819.0,45062.0,18.3,20.04,77.8,29.68,7.508,69.4,68.8,0.62,
2026-04-24T19:50:33,04/24/202607:50,131.69,0.0,0.0,53.61,0.0,0.0,0.0,0.9,16.0,198.7,23819.0,45062.0,18.4,19.98,78.1,29.68,7.3709999999999996,69.3,64.6,0.5900000000000001,
2026-04-24T19:51:00,04/24/202607:51,131.54000000000002,0.0,0.0,53.589999999999996,0.0,0.0,0.0,0.9,16.0,198.7,23819.0,45062.0,18.4,19.919999999999998,78.4,29.68,7.234,69.2,60.4,0.5599999999999999,
2026-04-24T19:51:46,04/24/202607:51,131.49,0.0,0.0,53.56,0.0,0.0,0.0,0.9,16.0,198.7,23819.0,45062.0,18.4,19.86,78.7,29.68,7.0969999999999995,69.1,56.2,0.53,
2026-04-24T19:52:00,04/24/202607:52,131.44,0.0,0.0,53.529999999999994,0.0,0.0,0.0,0.9,16.0,198.7,23819.0,45062.0,18.4,19.8,79.0,29.68,6.959999999999999,69.0,52.0,0.5,
2026-04-24T19:52:45,04/24/202607:52,131.27,0.0,0.0,53.5,0.0,0.0,0.0,0.9,16.0,198.7,23819.0,45062.0,18.4,19.8,79.0,29.68,6.959999999999999,69.0,52.0,0.5,
2026-04-24T19:53:00,04/24/202607:53,131.1,0.0,0.0,53.46,0.0,0.0,0.0,0.9,16.0,198.7,23819.0,45062.0,18.4,19.8,79.0,29.68,6.959999999999999,69.0,52.0,0.5,
2026-04-24T19:54:01,04/24/202607:54,130.94,0.0,0.0,53.42999999999999,0.0,0.0,0.0,0.9,16.0,198.7,23819.0,45062.0,18.4,19.8,79.0,29.68,6.959999999999999,69.0,52.0,0.5,
2026-04-24T19:55:01,04/24/202607:55,130.74,0.0,0.0,53.39,0.0,0.0,0.0,0.9,16.0,198.7,23819.0,45062.0,18.4,19.8,79.0,29.68,6.959999999999999,69.0,52.0,0.5,
2026-04-24T19:56:01,04/24/202607:56,130.55,0.0,0.0,53.36,0.0,0.0,0.0,0.9,16.0,198.7,23819.0,45062.0,18.4,19.8,79.0,29.68,6.959999999999999,69.0,52.0,0.5,
2026-04-24T19:57:01,04/24/202607:57,130.31,0.0,0.0,53.33,0.0,0.0,0.0,0.9,16.0,198.7,23819.0,45062.0,18.4,19.8,79.0,29.68,6.959999999999999,69.0,52.0,0.5,
2026-04-24T19:58:00,04/24/202607:57,130.03,0.0,0.0,53.3,0.0,0.0,0.0,0.9,16.0,198.7,23819.0,45062.0,18.4,19.8,79.0,29.68,6.959999999999999,69.0,52.0,0.5,
2026-04-24T19:58:01,04/24/202607:58,129.75,0.0,0.0,53.260000000000005,0.0,0.0,0.0,0.9,16.0,198.7,23819.0,45062.0,18.4,19.8,79.0,29.68,6.959999999999999,69.0,52.0,0.5,
2026-04-24T20:00:00,04/24/202607:59,129.39000000000001,0.0,0.0,53.220000000000006,0.0,0.0,0.0,0.9,16.0,198.7,23819.0,45062.0,18.4,19.8,79.0,29.68,6.959999999999999,69.0,52.0,0.5,
2026-04-24T20:00:01,04/24/202608:00,129.03,0.0,0.0,53.17999999999999,0.0,0.0,0.0,0.9,16.0,198.7,23819.0,45062.0,18.4,19.8,79.0,29.68,6.959999999999999,69.0,52.0,0.5,
2026-04-24T20:00:51,04/24/202608:00,128.62,0.0,0.0,53.14,0.0,0.0,0.0,0.9,16.0,198.7,23819.0,45062.0,18.4,19.75,79.2,29.68,6.892,69.4,48.6,0.48,
2026-04-24T20:01:00,04/24/202608:01,128.21,0.0,0.0,53.11,0.0,0.0,0.0,0.9,16.0,198.7,23819.0,45062.0,18.4,19.7,79.4,29.68,6.824,69.8,45.2,0.45999999999999996,
2026-04-24T20:01:51,04/24/202608:01,127.74000000000001,0.0,0.0,53.08,0.0,0.0,0.0,0.9,16.0,198.7,23819.0,45062.0,18.4,19.65,79.6,29.68,6.756,70.2,41.8,0.44000000000000006,
2026-04-24T20:02:01,04/24/202608:02,127.31000000000002,0.0,0.0,53.06,0.0,0.0,0.0,0.9,16.0,198.7,23819.0,45062.0,18.4,19.6,79.8,29.68,6.688,70.6,38.4,0.42000000000000004,
2026-04-24T20:02:50,04/24/202608:02,125.22,0.0,0.0,53.029999999999994,0.0,0.0,0.0,0.9,16.0,198.7,23819.0,45062.0,18.4,19.55,80.0,29.68,6.62,71.0,35.0,0.4,
2026-04-24T20:03:00,04/24/202608:03,123.17999999999999,0.0,0.0,53.0,0.0,0.0,0.0,0.9,16.0,198.7,23819.0,45062.0,18.4,19.5,80.2,29.68,6.552,71.4,31.6,0.38,
2026-04-24T20:03:51,04/24/202608:03,122.74000000000001,0.0,0.0,52.98,0.0,0.0,0.0,0.9,16.0,198.7,23819.0,45062.0,18.4,19.45,80.4,29.68,6.484,71.8,28.2,0.36,
2026-04-24T20:04:01,04/24/202608:04,122.3,0.0,0.0,52.96,0.0,0.0,0.0,0.9,16.0,198.7,23819.0,45062.0,18.4,19.4,80.6,29.68,6.4159999999999995,72.2,24.8,0.33999999999999997,
2026-04-24T20:04:50,04/24/202608:04,120.09,0.0,0.0,52.94,0.0,0.0,0.0,0.9,16.0,198.7,23819.0,45062.0,18.4,19.35,80.8,29.68,6.348000000000001,72.6,21.4,0.31999999999999995,
2026-04-24T20:05:00,04/24/202608:05,117.88,0.0,0.0,52.92,0.0,0.0,0.0,0.9,16.0,198.7,23819.0,45062.0,18.4,19.3,81.0,29.68,6.28,73.0,18.0,0.3,
2026-04-24T20:05:51,04/24/202608:05,117.44000000000001,0.0,0.0,52.9,0.0,0.0,0.0,0.9,16.0,198.7,23819.0,45062.0,18.4,19.3,81.0,29.68,6.28,73.0,18.0,0.3,
2026-04-24T20:06:01,04/24/202608:06,117.0,0.0,0.0,52.879999999999995,0.0,0.0,0.0,0.9,16.0,198.7,23819.0,45062.0,18.4,19.3,81.0,29.68,6.28,73.0,18.0,0.3,
2026-04-24T20:06:50,04/24/202608:06,115.35999999999999,0.0,0.0,52.86,0.0,0.0,0.0,0.9,16.0,198.7,23819.0,45062.0,18.4,19.3,81.0,29.68,6.28,73.0,18.0,0.3,
2026-04-24T20:07:00,04/24/202608:07,113.72,0.0,0.0,52.839999999999996,0.0,0.0,0.0,0.9,16.0,198.7,23819.0,45062.0,18.4,19.3,81.0,29.68,6.28,73.0,18.0,0.3,
2026-04-24T20:07:51,04/24/202608:07,114.88,0.0,0.0,52.83,0.0,0.0,0.0,0.9,16.0,198.7,23819.0,45062.0,18.4,19.3,81.0,29.68,6.28,73.0,18.0,0.3,
2026-04-24T20:08:01,04/24/202608:08,116.04,0.0,0.0,52.81999999999999,0.0,0.0,0.0,0.9,16.0,198.7,23819.0,45062.0,18.4,19.3,81.0,29.68,6.28,73.0,18.0,0.3,
2026-04-24T20:08:50,04/24/202608:08,114.46,0.0,0.0,52.8,0.0,0.0,0.0,0.9,16.0,198.7,23819.0,45062.0,18.4,19.3,81.0,29.68,6.28,73.0,18.0,0.3,
2026-04-24T20:09:00,04/24/202608:09,112.88,0.0,0.0,52.779999999999994,0.0,0.0,0.0,0.9,16.0,198.7,23819.0,45062.0,18.4,19.3,81.0,29.68,6.28,73.0,18.0,0.3,
2026-04-24T20:11:13,04/24/202608:11,112.83999999999999,0.0,0.0,52.760000000000005,0.0,0.0,0.0,0.9,16.0,198.7,23819.0,45062.0,18.4,19.3,81.0,29.68,6.28,73.0,18.0,0.3,
2026-04-24T20:11:50,04/24/202608:11,113.87,0.0,0.0,52.739999999999995,0.0,0.0,0.0,0.9,16.0,198.7,23819.0,45062.0,18.4,19.3,81.0,29.68,6.28,73.0,18.0,0.3,
2026-04-24T20:12:00,04/24/202608:12,113.21,0.0,0.0,52.720000000000006,0.0,0.0,0.0,0.9,16.0,198.7,23819.0,45062.0,18.4,19.3,81.0,29.68,6.28,73.0,18.0,0.3,
2026-04-24T20:12:50,04/24/202608:12,110.65,0.0,0.0,52.7,0.0,0.0,0.0,0.9,16.0,198.7,23819.0,45062.0,18.4,19.3,81.0,29.68,6.28,73.0,18.0,0.3,
2026-04-24T20:13:01,04/24/202608:13,109.38,0.0,0.0,52.67999999999999,0.0,0.0,0.0,0.9,16.0,198.7,23819.0,45062.0,18.4,19.3,81.0,29.68,6.28,73.0,18.0,0.3,
2026-04-24T20:13:50,04/24/202608:13,109.04,0.0,0.0,52.660000000000004,0.0,0.0,0.0,0.9,16.0,198.7,23819.0,45062.0,18.4,19.3,81.0,29.68,6.28,73.0,18.0,0.3,
2026-04-24T20:14:00,04/24/202608:14,107.6,0.0,0.0,52.64,0.0,0.0,0.0,0.9,16.0,198.7,23819.0,45062.0,18.4,19.3,81.0,29.68,6.28,73.0,18.0,0.3,
2026-04-24T20:14:51,04/24/202608:14,102.23,0.0,0.0,52.61,0.0,0.0,0.0,0.9,16.0,198.7,23819.0,45062.0,18.4,19.3,81.0,29.68,6.28,73.0,18.0,0.3,
2026-04-24T20:15:01,04/24/202608:15,98.06,0.0,0.0,52.589999999999996,0.0,0.0,0.0,0.9,16.0,198.7,23819.0,45062.0,18.4,19.3,81.0,29.68,6.28,73.0,18.0,0.3,
2026-04-24T20:15:50,04/24/202608:15,92.56,0.0,0.0,52.57000000000001,0.0,0.0,0.0,0.9,16.0,198.7,23819.0,45062.0,18.4,19.259999999999998,81.2,29.68,6.1370000000000005,71.3,16.2,0.29,
2026-04-24T20:16:00,04/24/202608:16,87.4,0.0,0.0,52.56,0.0,0.0,0.0,0.9,16.0,198.7,23819.0,45062.0,18.4,19.22,81.4,29.68,5.994,69.6,14.4,0.27999999999999997,
2026-04-24T20:17:01,04/24/202608:17,81.17,0.0,0.0,52.54,0.0,0.0,0.0,0.9,16.0,198.7,23819.0,45062.0,18.5,19.18,81.6,29.68,5.851,67.9,12.6,0.27,
2026-04-24T20:17:50,04/24/202608:17,74.93,0.0,0.0,52.529999999999994,0.0,0.0,0.0,0.9,16.0,198.7,23819.0,45062.0,18.4,19.14,81.8,29.68,5.708,66.2,10.8,0.26,
2026-04-24T20:18:00,04/24/202608:18,70.59,0.0,0.0,52.52,0.0,0.0,0.0,0.9,16.0,198.7,23819.0,45062.0,18.4,19.1,82.0,29.68,5.5649999999999995,64.5,9.0,0.25,
2026-04-24T20:19:01,04/24/202608:19,66.25,0.0,0.0,52.5,0.0,0.0,0.0,0.9,16.0,198.7,23819.0,45062.0,18.4,19.06,82.2,29.68,5.422,62.8,7.2,0.24,
2026-04-24T20:20:01,04/24/202608:20,60.980000000000004,0.0,0.0,52.489999999999995,0.0,0.0,0.0,0.9,16.0,198.7,23819.0,45062.0,18.5,19.02,82.4,29.68,5.279,61.1,5.4,0.22999999999999998,
2026-04-24T20:22:23,04/24/202608:22,55.71,0.0,0.0,52.470000000000006,0.0,0.0,0.0,0.9,16.0,198.7,23819.0,45062.0,18.4,19.009999999999998,82.6,29.68,5.204,61.4,3.6,0.22000000000000003,
2026-04-24T20:23:00,04/24/202608:23,54.370000000000005,0.0,0.0,52.46,0.0,0.0,0.0,0.9,16.0,198.7,23819.0,45062.0,18.4,19.0,82.8,29.68,5.129,61.7,1.8,0.21000000000000002,
2026-04-24T20:24:01,04/24/202608:24,53.029999999999994,0.0,0.0,52.44,0.0,0.0,0.0,0.9,16.0,198.7,23819.0,45062.0,18.4,18.99,83.0,29.68,5.054,62.0,0.0,0.2,
2026-04-24T20:25:00,04/24/202608:25,53.02,0.0,0.0,52.42,0.0,0.0,0.0,0.9,16.0,198.7,23819.0,45062.0,18.4,19.02,83.0,29.68,5.122,64.0,0.0,0.2,
2026-04-24T20:26:01,04/24/202608:26,53.010000000000005,0.0,0.0,52.4,0.0,0.0,0.0,0.9,16.0,198.7,23819.0,45062.0,18.4,19.05,83.0,29.68,5.1899999999999995,66.0,0.0,0.2,
2026-04-24T20:26:07,04/24/202608:26,52.58,0.0,0.0,52.39,0.0,0.0,0.0,0.9,16.0,198.7,23819.0,45062.0,18.4,19.08,83.0,29.68,5.258,68.0,0.0,0.2,
2026-04-24T20:26:18,04/24/202608:26,52.05,0.0,0.0,52.36,0.0,0.0,0.0,0.9,16.0,198.7,23819.0,45062.0,18.4,19.11,83.0,29.68,5.326,70.0,0.0,0.2,
2026-04-24T20:27:00,04/24/202608:27,51.52,0.0,0.0,52.33,0.0,0.0,0.0,0.9,16.0,198.7,23819.0,45062.0,18.4,19.139999999999997,83.0,29.68,5.394,72.0,0.0,0.2,
2026-04-24T20:27:19,04/24/202608:27,50.45,0.0,0.0,52.31,0.0,0.0,0.0,0.9,16.0,198.7,23819.0,45062.0,18.4,19.169999999999998,83.0,29.68,5.462000000000001,74.0,0.0,0.2,
2026-04-24T20:28:00,04/24/202608:28,49.38,0.0,0.0,52.279999999999994,0.0,0.0,0.0,0.9,16.0,198.7,23819.0,45062.0,18.4,19.2,83.0,29.68,5.53,76.0,0.0,0.2,
2026-04-24T20:28:18,04/24/202608:28,47.85,0.0,0.0,52.260000000000005,0.0,0.0,0.0,0.9,16.0,198.7,23819.0,45062.0,18.4,19.2,83.0,29.68,5.53,76.0,0.0,0.2,
2026-04-24T20:29:00,04/24/202608:29,46.32,0.0,0.0,52.239999999999995,0.0,0.0,0.0,0.9,16.0,198.7,23819.0,45062.0,18.4,19.2,83.0,29.68,5.53,76.0,0.0,0.2,
2026-04-24T20:29:19,04/24/202608:29,44.39,0.0,0.0,52.23,0.0,0.0,0.0,0.9,16.0,198.7,23819.0,45062.0,18.4,19.2,83.0,29.68,5.53,76.0,0.0,0.2,
2026-04-24T20:30:00,04/24/202608:30,42.46,0.0,0.0,52.220000000000006,0.0,0.0,0.0,0.9,16.0,198.7,23819.0,45062.0,18.4,19.2,83.0,29.68,5.53,76.0,0.0,0.2,
2026-04-24T20:30:18,04/24/202608:30,40.22,0.0,0.0,52.21,0.0,0.0,0.0,0.9,16.0,198.7,23819.0,45062.0,18.4,19.2,83.0,29.68,5.53,76.0,0.0,0.2,
2026-04-24T20:31:00,04/24/202608:31,38.4,0.0,0.0,52.2,0.0,0.0,0.0,0.9,16.0,198.7,23819.0,45062.0,18.4,19.2,83.0,29.68,5.53,76.0,0.0,0.2,
2026-04-24T20:31:18,04/24/202608:31,36.440000000000005,0.0,0.0,52.2,0.0,0.0,0.0,0.9,16.0,198.7,23819.0,45062.0,18.4,19.16,83.2,29.68,5.630000000000001,78.2,0.0,0.19,
2026-04-24T20:32:00,04/24/202608:32,34.480000000000004,0.0,0.0,52.2,0.0,0.0,0.0,0.9,16.0,198.7,23819.0,45062.0,18.4,19.119999999999997,83.4,29.68,5.73,80.4,0.0,0.18,
2026-04-24T20:33:34,04/24/202608:33,32.72,0.0,0.0,52.18000000000001,0.0,0.0,0.0,0.9,16.0,198.7,23819.0,45062.0,18.5,19.080000000000002,83.6,29.68,5.83,82.6,0.0,0.17,
2026-04-24T20:34:00,04/24/202608:34,30.96,0.0,0.0,52.160000000000004,0.0,0.0,0.0,0.9,16.0,198.7,23819.0,45062.0,18.5,19.04,83.8,29.68,5.930000000000001,84.8,0.0,0.16,
2026-04-24T20:34:18,04/24/202608:34,29.540000000000003,0.0,0.0,52.15,0.0,0.0,0.0,0.9,16.0,198.7,23819.0,45062.0,18.5,19.0,84.0,29.68,6.03,87.0,0.0,0.15,
2026-04-24T20:35:00,04/24/202608:35,28.119999999999997,0.0,0.0,52.14,0.0,0.0,0.0,0.9,16.0,198.7,23819.0,45062.0,18.5,18.96,84.2,29.68,6.130000000000001,89.2,0.0,0.14,
2026-04-24T20:35:19,04/24/202608:35,27.02,0.0,0.0,52.13000000000001,0.0,0.0,0.0,0.9,16.0,198.7,23819.0,45062.0,18.4,18.919999999999998,84.4,29.68,6.23,91.4,0.0,0.13,
2026-04-24T20:36:00,04/24/202608:36,25.919999999999998,0.0,0.0,52.120000000000005,0.0,0.0,0.0,0.9,16.0,198.7,23819.0,45062.0,18.4,18.880000000000003,84.6,29.68,6.33,93.6,0.0,0.12000000000000002,
2026-04-24T20:36:18,04/24/202608:36,25.09,0.0,0.0,52.120000000000005,0.0,0.0,0.0,0.9,16.0,198.7,23819.0,45062.0,18.4,18.84,84.8,29.68,6.43,95.8,0.0,0.11000000000000001,
2026-04-24T20:37:01,04/24/202608:37,24.259999999999998,0.0,0.0,52.120000000000005,0.0,0.0,0.0,0.9,16.0,198.7,23819.0,45062.0,18.4,18.8,85.0,29.68,6.529999999999999,98.0,0.0,0.1,
2026-04-24T20:37:19,04/24/202608:37,23.65,0.0,0.0,52.11,0.0,0.0,0.0,0.9,16.0,198.7,23819.0,45062.0,18.5,18.8,85.0,29.68,6.529999999999999,98.0,0.0,0.1,
2026-04-24T20:38:00,04/24/202608:38,23.04,0.0,0.0,52.1,0.0,0.0,0.0,0.9,16.0,198.7,23819.0,45062.0,18.5,18.8,85.0,29.68,6.529999999999999,98.0,0.0,0.1,
2026-04-24T20:38:18,04/24/202608:38,22.740000000000002,0.0,0.0,52.11,0.0,0.0,0.0,0.9,16.0,198.7,23819.0,45062.0,18.4,18.8,85.0,29.68,6.529999999999999,98.0,0.0,0.1,
2026-04-24T20:39:01,04/24/202608:39,22.44,0.0,0.0,52.120000000000005,0.0,0.0,0.0,0.9,16.0,198.7,23819.0,45062.0,18.4,18.8,85.0,29.68,6.529999999999999,98.0,0.0,0.1,
2026-04-24T20:39:18,04/24/202608:39,22.240000000000002,0.0,0.0,52.11,0.0,0.0,0.0,0.9,16.0,198.7,23819.0,45062.0,18.4,18.8,85.0,29.68,6.529999999999999,98.0,0.0,0.1,
2026-04-24T20:40:00,04/24/202608:40,22.04,0.0,0.0,52.1,0.0,0.0,0.0,0.9,16.0,198.7,23819.0,45062.0,18.4,18.8,85.0,29.68,6.529999999999999,98.0,0.0,0.1,
2026-04-24T20:40:18,04/24/202608:40,21.9,0.0,0.0,52.089999999999996,0.0,0.0,0.0,0.9,16.0,198.7,23819.0,45062.0,18.4,18.8,85.0,29.68,6.529999999999999,98.0,0.0,0.1,
2026-04-24T20:41:01,04/24/202608:41,21.759999999999998,0.0,0.0,52.08,0.0,0.0,0.0,0.9,16.0,198.7,23819.0,45062.0,18.4,18.8,85.0,29.68,6.529999999999999,98.0,0.0,0.1,
2026-04-24T20:41:12,04/24/202608:41,21.65,0.0,0.0,52.07000000000001,0.0,0.0,0.0,0.9,16.0,198.7,23819.0,45062.0,18.4,18.8,85.0,29.68,6.529999999999999,98.0,0.0,0.1,
2026-04-24T20:42:00,04/24/202608:42,21.54,0.0,0.0,52.06,0.0,0.0,0.0,0.9,16.0,198.7,23819.0,45062.0,18.4,18.8,85.0,29.68,6.529999999999999,98.0,0.0,0.1,
2026-04-24T20:42:11,04/24/202608:42,21.45,0.0,0.0,52.05,0.0,0.0,0.0,0.9,16.0,198.7,23819.0,45062.0,18.5,18.8,85.0,29.68,6.529999999999999,98.0,0.0,0.1,
2026-04-24T20:43:01,04/24/202608:43,21.36,0.0,0.0,52.04,0.0,0.0,0.0,0.9,16.0,198.7,23819.0,45062.0,18.5,18.8,85.0,29.68,6.529999999999999,98.0,0.0,0.1,
2026-04-24T20:43:12,04/24/202608:43,21.29,0.0,0.0,52.04,0.0,0.0,0.0,0.9,16.0,198.7,23819.0,45062.0,18.5,18.8,85.0,29.68,6.529999999999999,98.0,0.0,0.1,
2026-04-24T20:44:44,04/24/202608:44,21.21,0.0,0.0,52.029999999999994,0.0,0.0,0.0,0.9,16.0,198.7,23819.0,45062.0,18.4,18.8,85.0,29.68,6.529999999999999,98.0,0.0,0.1,
2026-04-24T20:45:01,04/24/202608:45,21.15,0.0,0.0,52.029999999999994,0.0,0.0,0.0,0.9,16.0,198.7,23819.0,45062.0,18.4,18.8,85.0,29.68,6.529999999999999,98.0,0.0,0.1,
2026-04-24T20:46:00,04/24/202608:46,21.09,0.0,0.0,52.029999999999994,0.0,0.0,0.0,0.9,16.0,198.7,23819.0,45062.0,18.4,18.8,85.0,29.68,6.529999999999999,98.0,0.0,0.1,
2026-04-24T20:46:12,04/24/202608:46,21.04,0.0,0.0,52.029999999999994,0.0,0.0,0.0,0.9,16.0,198.7,23819.0,45062.0,18.5,18.770000000000003,85.2,29.68,6.486,97.8,0.0,0.09,
2026-04-24T20:47:01,04/24/202608:47,20.990000000000002,0.0,0.0,52.029999999999994,0.0,0.0,0.0,0.9,16.0,198.7,23819.0,45062.0,18.5,18.740000000000002,85.4,29.68,6.442,97.6,0.0,0.08,
2026-04-24T20:47:12,04/24/202608:47,20.94,0.0,0.0,52.02,0.0,0.0,0.0,0.9,16.0,198.7,23819.0,45062.0,18.5,18.71,85.6,29.68,6.398000000000001,97.4,0.0,0.07,
2026-04-24T20:48:00,04/24/202608:48,20.89,0.0,0.0,52.010000000000005,0.0,0.0,0.0,0.9,16.0,198.7,23819.0,45062.0,18.5,18.68,85.8,29.68,6.354,97.2,0.0,0.06000000000000001,
2026-04-24T20:49:01,04/24/202608:49,20.85,0.0,0.0,52.010000000000005,0.0,0.0,0.0,0.9,16.0,198.7,23819.0,45062.0,18.4,18.65,86.0,29.68,6.3100000000000005,97.0,0.0,0.05,
2026-04-24T20:50:00,04/24/202608:50,20.81,0.0,0.0,52.010000000000005,0.0,0.0,0.0,0.9,16.0,198.7,23819.0,45062.0,18.4,18.619999999999997,86.2,29.68,6.266,96.8,0.0,0.04,
2026-04-24T20:51:01,04/24/202608:51,20.779999999999998,0.0,0.0,52.0,0.0,0.0,0.0,0.9,16.0,198.7,23819.0,45062.0,18.4,18.59,86.4,29.68,6.2219999999999995,96.6,0.0,0.030000000000000006,
2026-04-24T20:51:03,04/24/202608:51,20.75,0.0,0.0,52.0,0.0,0.0,0.0,0.9,16.0,198.7,23819.0,45062.0,18.4,18.56,86.6,29.68,6.178,96.4,0.0,0.02,
2026-04-24T20:52:45,04/24/202608:52,20.72,0.0,0.0,52.0,0.0,0.0,0.0,0.9,16.0,198.7,23819.0,45062.0,18.4,18.53,86.8,29.68,6.1339999999999995,96.2,0.0,0.01,
2026-04-24T20:53:00,04/24/202608:53,20.69,0.0,0.0,52.0,0.0,0.0,0.0,0.9,16.0,198.7,23819.0,45062.0,18.4,18.5,87.0,29.68,6.09,96.0,0.0,0.0,
2026-04-24T20:54:00,04/24/202608:54,20.669999999999998,0.0,0.0,51.989999999999995,0.0,0.0,0.0,0.9,16.0,198.7,23819.0,45062.0,18.4,18.5,87.0,29.68,6.09,96.0,0.0,0.0,
2026-04-24T20:55:57,04/24/202608:55,20.65,0.0,0.0,51.989999999999995,0.0,0.0,0.0,0.9,16.0,198.7,23819.0,45062.0,18.4,18.5,86.5,29.683,6.09,96.0,0.0,0.0,
2026-04-24T20:56:01,04/24/202608:56,20.64,0.0,0.0,51.989999999999995,0.0,0.0,0.0,0.9,16.0,198.7,23819.0,45062.0,18.4,18.5,86.0,29.686,6.09,96.0,0.0,0.0,
2026-04-24T20:57:00,04/24/202608:57,20.630000000000003,0.0,0.0,51.989999999999995,0.0,0.0,0.0,0.9,16.0,198.7,23819.0,45062.0,18.4,18.5,85.5,29.689,6.09,96.0,0.0,0.0,
2026-04-24T20:58:01,04/24/202608:58,20.62,0.0,0.0,51.98,0.0,0.0,0.0,0.9,16.0,198.7,23819.0,45062.0,18.4,18.5,85.0,29.692,6.09,96.0,0.0,0.0,
2026-04-24T20:58:45,04/24/202608:58,20.6,0.0,0.0,51.970000000000006,0.0,0.0,0.0,0.9,16.0,198.7,23819.0,45062.0,18.4,18.5,84.5,29.695,6.09,96.0,0.0,0.0,
2026-04-24T20:59:00,04/24/202608:59,20.580000000000002,0.0,0.0,51.970000000000006,0.0,0.0,0.0,0.9,16.0,198.7,23819.0,45062.0,18.4,18.5,84.0,29.698,6.09,96.0,0.0,0.0,
2026-04-24T20:59:54,04/24/202608:59,20.580000000000002,0.0,0.0,51.96,0.0,0.0,0.0,0.9,16.0,198.7,23819.0,45062.0,18.5,18.5,83.5,29.701,6.09,96.0,0.0,0.0,
2026-04-24T21:00:00,04/24/202609:00,20.580000000000002,0.0,0.0,51.95,0.0,0.0,0.0,0.9,16.0,198.7,23819.0,45062.0,18.5,18.5,83.0,29.704,6.09,96.0,0.0,0.0,
2026-04-24T21:00:53,04/24/202609:00,20.57,0.0,0.0,51.94,0.0,0.0,0.0,0.9,16.0,198.7,23819.0,45062.0,18.4,18.46,82.6,29.707,5.953,94.6,0.0,0.0,
2026-04-24T21:01:00,04/24/202609:01,20.560000000000002,0.0,0.0,51.94,0.0,0.0,0.0,0.9,16.0,198.7,23819.0,45062.0,18.4,18.419999999999998,82.2,29.71,5.816,93.2,0.0,0.0,
2026-04-24T21:02:00,04/24/202609:02,20.55,0.0,0.0,51.92999999999999,0.0,0.0,0.0,0.9,16.0,198.7,23819.0,45062.0,18.4,18.380000000000003,82.3,29.71,5.679,91.8,0.0,0.0,
2026-04-24T21:02:54,04/24/202609:02,20.55,0.0,0.0,51.92999999999999,0.0,0.0,0.0,0.9,16.0,198.7,23819.0,45062.0,18.4,18.34,82.4,29.71,5.542,90.4,0.0,0.0,
2026-04-24T21:03:01,04/24/202609:03,20.55,0.0,0.0,51.92999999999999,0.0,0.0,0.0,0.9,16.0,198.7,23819.0,45062.0,18.4,18.3,82.5,29.71,5.404999999999999,89.0,0.0,0.0,
2026-04-24T21:03:54,04/24/202609:03,20.54,0.0,0.0,51.92999999999999,0.0,0.0,0.0,0.9,16.0,198.7,23819.0,45062.0,18.4,18.26,82.6,29.71,5.268,87.6,0.0,0.0,
2026-04-24T21:04:00,04/24/202609:04,20.54,0.0,0.0,51.92999999999999,0.0,0.0,0.0,0.9,16.0,198.7,23819.0,45062.0,18.4,18.220000000000002,82.7,29.71,5.130999999999999,86.2,0.0,0.0,
2026-04-24T21:05:01,04/24/202609:05,20.54,0.0,0.0,51.92,0.0,0.0,0.0,0.9,16.0,198.7,23819.0,45062.0,18.4,18.18,82.8,29.71,4.994,84.8,0.0,0.0,
2026-04-24T21:07:10,04/24/202609:07,20.53,0.0,0.0,51.92,0.0,0.0,0.0,0.9,16.0,198.7,23819.0,45062.0,18.4,18.14,82.9,29.71,4.857,83.4,0.0,0.0,
2026-04-24T21:08:00,04/24/202609:08,20.52,0.0,0.0,51.92,0.0,0.0,0.0,0.9,16.0,198.7,23819.0,45062.0,18.5,18.1,83.0,29.71,4.72,82.0,0.0,0.0,
2026-04-24T21:09:01,04/24/202609:09,20.52,0.0,0.0,51.92,0.0,0.0,0.0,0.9,16.0,198.7,23819.0,45062.0,18.4,18.1,83.0,29.71,4.72,82.0,0.0,0.0,
2026-04-24T21:09:54,04/24/202609:09,20.53,0.0,0.0,51.92999999999999,0.0,0.0,0.0,0.9,16.0,198.7,23819.0,45062.0,18.4,18.1,83.0,29.71,4.72,82.0,0.0,0.0,
2026-04-24T21:10:00,04/24/202609:10,20.54,0.0,0.0,51.94,0.0,0.0,0.0,0.9,16.0,198.7,23819.0,45062.0,18.4,18.1,83.0,29.71,4.72,82.0,0.0,0.0,
2026-04-24T21:10:28,04/24/202609:10,20.53,0.0,0.0,51.92999999999999,0.0,0.0,0.0,0.9,16.0,198.7,23819.0,45062.0,18.5,18.1,83.0,29.71,4.72,82.0,0.0,0.0,
2026-04-24T21:11:01,04/24/202609:11,20.52,0.0,0.0,51.92,0.0,0.0,0.0,0.9,16.0,198.7,23819.0,45062.0,18.5,18.1,83.0,29.71,4.72,82.0,0.0,0.0,
2026-04-24T21:12:46,04/24/202609:12,20.52,0.0,0.0,51.92,0.0,0.0,0.0,0.9,16.0,198.7,23819.0,45062.0,18.4,18.1,83.0,29.71,4.72,82.0,0.0,0.0,
2026-04-24T21:13:00,04/24/202609:13,20.52,0.0,0.0,51.92,0.0,0.0,0.0,0.9,16.0,198.7,23819.0,45062.0,18.4,18.1,83.0,29.71,4.72,82.0,0.0,0.0,
2026-04-24T21:14:01,04/24/202609:14,20.52,0.0,0.0,51.910000000000004,0.0,0.0,0.0,0.9,16.0,198.7,23819.0,45062.0,18.4,18.1,83.0,29.71,4.72,82.0,0.0,0.0,
2026-04-24T21:15:00,04/24/202609:15,20.52,0.0,0.0,51.9,0.0,0.0,0.0,0.9,16.0,198.7,23819.0,45062.0,18.4,18.1,83.0,29.71,4.72,82.0,0.0,0.0,
2026-04-24T21:16:01,04/24/202609:16,20.52,0.0,0.0,51.9,0.0,0.0,0.0,0.9,16.0,198.7,23819.0,45062.0,18.4,18.060000000000002,83.0,29.71,4.646,81.2,0.0,0.0,
2026-04-24T21:18:20,04/24/202609:18,20.52,0.0,0.0,51.9,0.0,0.0,0.0,0.9,16.0,198.7,23819.0,45062.0,18.4,18.020000000000003,83.0,29.71,4.572,80.4,0.0,0.0,
2026-04-24T21:19:01,04/24/202609:19,20.509999999999998,0.0,0.0,51.89,0.0,0.0,0.0,0.9,16.0,198.7,23819.0,45062.0,18.5,17.98,83.0,29.71,4.497999999999999,79.6,0.0,0.0,
2026-04-24T21:20:01,04/24/202609:20,20.5,0.0,0.0,51.879999999999995,0.0,0.0,0.0,0.9,16.0,198.7,23819.0,45062.0,18.5,17.94,83.0,29.71,4.4239999999999995,78.8,0.0,0.0,
2026-04-24T21:21:01,04/24/202609:21,20.5,0.0,0.0,51.879999999999995,0.0,0.0,0.0,0.9,16.0,198.7,23819.0,45062.0,18.4,17.9,83.0,29.71,4.35,78.0,0.0,0.0,
2026-04-24T21:22:01,04/24/202609:22,20.5,0.0,0.0,51.879999999999995,0.0,0.0,0.0,0.9,16.0,198.7,23819.0,45062.0,18.4,17.86,83.0,29.71,4.276,77.2,0.0,0.0,
2026-04-24T21:23:01,04/24/202609:23,20.5,0.0,0.0,51.879999999999995,0.0,0.0,0.0,0.9,16.0,198.7,23819.0,45062.0,18.4,17.82,83.0,29.71,4.202,76.4,0.0,0.0,
2026-04-24T21:24:01,04/24/202609:24,20.5,0.0,0.0,51.879999999999995,0.0,0.0,0.0,0.9,16.0,198.7,23819.0,45062.0,18.4,17.78,83.0,29.71,4.128,75.6,0.0,0.0,
2026-04-24T21:25:01,04/24/202609:25,20.5,0.0,0.0,51.89,0.0,0.0,0.0,0.9,16.0,198.7,23819.0,45062.0,18.5,17.740000000000002,83.0,29.71,4.054,74.8,0.0,0.0,
2026-04-24T21:26:01,04/24/202609:26,20.5,0.0,0.0,51.9,0.0,0.0,0.0,0.9,16.0,198.7,23819.0,45062.0,18.4,17.7,83.0,29.71,3.9799999999999995,74.0,0.0,0.0,
2026-04-24T21:27:01,04/24/202609:27,20.5,0.0,0.0,51.9,0.0,0.0,0.0,0.9,16.0,198.7,23819.0,45062.0,18.4,17.7,83.0,29.71,3.9799999999999995,74.0,0.0,0.0,
2026-04-24T21:28:01,04/24/202609:28,20.5,0.0,0.0,51.89,0.0,0.0,0.0,0.9,16.0,198.7,23819.0,45062.0,18.5,17.72,83.0,29.71,4.042,74.2,0.0,0.0,
2026-04-24T21:29:32,04/24/202609:29,20.5,0.0,0.0,51.89,0.0,0.0,0.0,0.9,16.0,198.7,23819.0,45062.0,18.4,17.74,83.0,29.71,4.104,74.4,0.0,0.0,
2026-04-24T21:30:01,04/24/202609:30,20.5,0.0,0.0,51.89,0.0,0.0,0.0,0.9,16.0,198.7,23819.0,45062.0,18.4,17.759999999999998,83.0,29.71,4.16,75.1,0.0,0.0,
2026-04-24T21:31:01,04/24/202609:31,20.5,0.0,0.0,51.89,0.0,0.0,0.0,0.9,16.0,198.7,23819.0,45062.0,18.4,17.75,83.0,29.71,4.104,73.5,0.0,0.0,
2026-04-24T21:32:01,04/24/202609:32,20.5,0.0,0.0,51.879999999999995,0.0,0.0,0.0,0.9,16.0,198.7,23819.0,45062.0,18.5,17.740000000000002,83.0,29.71,4.048,71.9,0.0,0.0,
2026-04-24T21:33:01,04/24/202609:33,20.5,0.0,0.0,51.86999999999999,0.0,0.0,0.0,0.9,16.0,198.7,23819.0,45062.0,18.4,17.73,83.0,29.71,3.992,70.3,0.0,0.0,
2026-04-24T21:34:01,04/24/202609:34,20.5,0.0,0.0,51.86999999999999,0.0,0.0,0.0,0.9,16.0,198.7,23819.0,45062.0,18.4,17.72,82.5,29.71,3.936,68.7,0.0,0.0,
2026-04-24T21:35:01,04/24/202609:35,20.5,0.0,0.0,51.86999999999999,0.0,0.0,0.0,0.9,16.0,198.7,23819.0,45062.0,18.4,17.71,82.0,29.71,3.88,67.1,0.0,0.0,
2026-04-24T21:36:01,04/24/202609:36,20.5,0.0,0.0,51.86,0.0,0.0,0.0,0.9,16.0,198.7,23819.0,45062.0,18.4,17.7,81.5,29.71,3.8240000000000003,65.5,0.0,0.0,
2026-04-24T21:37:01,04/24/202609:37,20.5,0.0,0.0,51.85,0.0,0.0,0.0,0.9,16.0,198.7,23819.0,45062.0,18.4,17.69,81.0,29.71,3.768,63.9,0.0,0.0,
2026-04-24T21:38:01,04/24/202609:38,20.5,0.0,0.0,51.85,0.0,0.0,0.0,0.9,16.0,198.7,23819.0,45062.0,18.4,17.660000000000004,80.5,29.71,3.65,62.1,0.0,0.0,
2026-04-24T21:39:01,04/24/202609:39,20.5,0.0,0.0,51.85,0.0,0.0,0.0,0.9,16.0,198.7,23819.0,45062.0,18.4,17.630000000000003,80.0,29.71,3.532,60.3,0.0,0.0,
2026-04-24T21:40:43,04/24/202609:40,20.5,0.0,0.0,51.839999999999996,0.0,0.0,0.0,0.9,16.0,198.7,23819.0,45062.0,18.4,17.6,79.5,29.71,3.4200000000000004,58.0,0.0,0.0,
2026-04-24T21:41:00,04/24/202609:41,20.5,0.0,0.0,51.83,0.0,0.0,0.0,0.9,16.0,198.7,23819.0,45062.0,18.4,17.6,79.0,29.71,3.4200000000000004,58.0,0.0,0.0,
2026-04-24T21:42:34,04/24/202609:42,20.490000000000002,0.0,0.0,51.839999999999996,0.0,0.0,0.0,0.9,16.0,198.7,23819.0,45062.0,18.5,17.6,78.5,29.71,3.4200000000000004,58.0,0.0,0.0,
2026-04-24T21:43:00,04/24/202609:43,20.48,0.0,0.0,51.85,0.0,0.0,0.0,0.9,16.0,198.7,23819.0,45062.0,18.5,17.6,78.0,29.71,3.4200000000000004,58.0,0.0,0.0,
2026-04-24T21:43:35,04/24/202609:43,20.48,0.0,0.0,51.839999999999996,0.0,0.0,0.0,0.9,16.0,198.7,23819.0,45062.0,18.4,17.6,78.0,29.71,3.4200000000000004,58.0,0.0,0.0,
2026-04-24T21:44:00,04/24/202609:44,20.48,0.0,0.0,51.83,0.0,0.0,0.0,0.9,16.0,198.7,23819.0,45062.0,18.4,17.6,78.0,29.71,3.4200000000000004,58.0,0.0,0.0,
2026-04-24T21:45:00,04/24/202609:45,20.48,0.0,0.0,51.83,0.0,0.0,0.0,0.9,16.0,198.7,23819.0,45062.0,18.5,17.6,78.0,29.71,3.4200000000000004,58.0,0.0,0.0,
2026-04-24T21:46:00,04/24/202609:46,20.48,0.0,0.0,51.83,0.0,0.0,0.0,0.9,16.0,198.7,23819.0,45062.0,18.4,17.6,78.0,29.71,3.4200000000000004,58.0,0.0,0.0,
2026-04-24T21:47:00,04/24/202609:47,20.48,0.0,0.0,51.83,0.0,0.0,0.0,0.9,16.0,198.7,23819.0,45062.0,18.4,17.59,78.1,29.707,3.476,56.0,0.0,0.0,
2026-04-24T21:48:00,04/24/202609:48,20.48,0.0,0.0,51.81999999999999,0.0,0.0,0.0,0.9,16.0,198.7,23819.0,45062.0,18.4,17.580000000000002,78.2,29.704,3.532,54.0,0.0,0.0,
2026-04-24T21:49:00,04/24/202609:49,20.48,0.0,0.0,51.81999999999999,0.0,0.0,0.0,0.9,16.0,198.7,23819.0,45062.0,18.4,17.57,78.3,29.701,3.588,52.0,0.0,0.0,
2026-04-24T21:50:00,04/24/202609:50,20.48,0.0,0.0,51.81999999999999,0.0,0.0,0.0,0.9,16.0,198.7,23819.0,45062.0,18.5,17.560000000000002,78.4,29.698,3.6439999999999997,50.0,0.0,0.0,
2026-04-24T21:51:56,04/24/202609:51,20.490000000000002,0.0,0.0,51.81999999999999,0.0,0.0,0.0,0.9,16.0,198.7,23819.0,45062.0,18.4,17.55,78.5,29.695,3.7,48.0,0.0,0.0,
2026-04-24T21:52:01,04/24/202609:52,20.5,0.0,0.0,51.81999999999999,0.0,0.0,0.0,0.9,16.0,198.7,23819.0,45062.0,18.4,17.54,78.6,29.692,3.7560000000000002,46.0,0.0,0.0,
2026-04-24T21:53:01,04/24/202609:53,20.5,0.0,0.0,51.81999999999999,0.0,0.0,0.0,0.9,16.0,198.7,23819.0,45062.0,18.4,17.53,78.7,29.689,3.812,44.0,0.0,0.0,
2026-04-24T21:54:01,04/24/202609:54,20.5,0.0,0.0,51.81999999999999,0.0,0.0,0.0,0.9,16.0,198.7,23819.0,45062.0,18.4,17.52,78.8,29.686,3.868,42.0,0.0,0.0,
2026-04-24T21:55:01,04/24/202609:55,20.5,0.0,0.0,51.81999999999999,0.0,0.0,0.0,0.9,16.0,198.7,23819.0,45062.0,18.5,17.509999999999998,78.9,29.683,3.9240000000000004,40.0,0.0,0.0,
2026-04-24T21:56:01,04/24/202609:56,20.5,0.0,0.0,51.81999999999999,0.0,0.0,0.0,0.9,16.0,198.7,23819.0,45062.0,18.4,17.5,79.0,29.68,3.9799999999999995,38.0,0.0,0.0,
2026-04-24T21:57:01,04/24/202609:57,20.5,0.0,0.0,51.83,0.0,0.0,0.0,0.9,16.0,198.7,23819.0,45062.0,18.4,17.5,79.0,29.68,3.9799999999999995,38.0,0.0,0.0,
2026-04-24T21:57:35,04/24/202609:57,20.490000000000002,0.0,0.0,51.83,0.0,0.0,0.0,0.9,16.0,198.7,23819.0,45062.0,18.4,17.5,79.0,29.68,3.9799999999999995,38.0,0.0,0.0,
2026-04-24T21:58:00,04/24/202609:58,20.48,0.0,0.0,51.83,0.0,0.0,0.0,0.9,16.0,198.7,23819.0,45062.0,18.4,17.5,79.0,29.68,3.9799999999999995,38.0,0.0,0.0,
2026-04-24T21:58:35,04/24/202609:58,20.48,0.0,0.0,51.83,0.0,0.0,0.0,0.9,16.0,198.7,23819.0,45062.0,18.4,17.5,79.0,29.68,3.9799999999999995,38.0,0.0,0.0,
2026-04-24T21:59:01,04/24/202609:59,20.48,0.0,0.0,51.81999999999999,0.0,0.0,0.0,0.9,16.0,198.7,23819.0,45062.0,18.4,17.5,79.0,29.68,3.9799999999999995,38.0,0.0,0.0,
2026-04-24T22:00:00,04/24/202610:00,20.48,0.0,0.0,51.81999999999999,0.0,0.0,0.0,0.9,16.0,198.7,23819.0,45062.0,18.5,17.5,79.0,29.68,3.9799999999999995,38.0,0.0,0.0,
2026-04-24T22:01:01,04/24/202610:01,20.48,0.0,0.0,51.81999999999999,0.0,0.0,0.0,0.9,16.0,198.7,23819.0,45062.0,18.4,17.47,79.0,29.68,3.942,36.4,0.0,0.0,
2026-04-24T22:03:09,04/24/202610:03,20.48,0.0,0.0,51.81999999999999,0.0,0.0,0.0,0.9,16.0,198.7,23819.0,45062.0,18.4,17.44,79.0,29.68,3.904,34.8,0.0,0.0,
2026-04-24T22:04:00,04/24/202610:04,20.48,0.0,0.0,51.81999999999999,0.0,0.0,0.0,0.9,16.0,198.7,23819.0,45062.0,18.4,17.41,79.0,29.68,3.8659999999999997,33.2,0.0,0.0,
2026-04-24T22:05:00,04/24/202610:05,20.48,0.0,0.0,51.81999999999999,0.0,0.0,0.0,0.9,16.0,198.7,23819.0,45062.0,18.4,17.380000000000003,79.0,29.68,3.8280000000000003,31.6,0.0,0.0,
2026-04-24T22:06:00,04/24/202610:06,20.48,0.0,0.0,51.81,0.0,0.0,0.0,0.9,16.0,198.7,23819.0,45062.0,18.4,17.35,79.0,29.68,3.79,30.0,0.0,0.0,
2026-04-24T22:07:00,04/24/202610:07,20.490000000000002,0.0,0.0,51.81,0.0,0.0,0.0,0.9,16.0,198.7,23819.0,45062.0,18.4,17.32,79.0,29.68,3.7520000000000002,28.4,0.0,0.0,
2026-04-24T22:08:00,04/24/202610:08,20.5,0.0,0.0,51.81,0.0,0.0,0.0,0.9,16.0,198.7,23819.0,45062.0,18.4,17.29,79.0,29.68,3.714,26.8,0.0,0.0,
2026-04-24T22:09:01,04/24/202610:09,20.5,0.0,0.0,51.81,0.0,0.0,0.0,0.9,16.0,198.7,23819.0,45062.0,18.4,17.259999999999998,79.0,29.68,3.6759999999999997,25.2,0.0,0.0,
2026-04-24T22:10:00,04/24/202610:10,20.5,0.0,0.0,51.81,0.0,0.0,0.0,0.9,16.0,198.7,23819.0,45062.0,18.5,17.229999999999997,79.0,29.68,3.6380000000000003,23.6,0.0,0.0,
2026-04-24T22:11:00,04/24/202610:11,20.5,0.0,0.0,51.8,0.0,0.0,0.0,0.9,16.0,198.7,23819.0,45062.0,18.4,17.2,79.0,29.68,3.6,22.0,0.0,0.0,
2026-04-24T22:12:00,04/24/202610:12,20.5,0.0,0.0,51.8,0.0,0.0,0.0,0.9,16.0,198.7,23819.0,45062.0,18.4,17.2,79.0,29.68,3.6,22.0,0.0,0.0,
2026-04-24T22:14:19,04/24/202610:14,20.5,0.0,0.0,51.8,0.0,0.0,0.0,0.9,16.0,198.7,23819.0,45062.0,18.4,17.2,79.0,29.68,3.6,22.0,0.0,0.0,
2026-04-24T22:15:00,04/24/202610:15,20.5,0.0,0.0,51.8,0.0,0.0,0.0,0.9,16.0,198.7,23819.0,45062.0,18.4,17.2,79.0,29.68,3.6,22.0,0.0,0.0,
2026-04-24T22:16:01,04/24/202610:16,20.5,0.0,0.0,51.8,0.0,0.0,0.0,0.9,16.0,198.7,23819.0,45062.0,18.4,17.169999999999998,79.1,29.68,3.4509999999999996,23.0,0.0,0.0,
2026-04-24T22:17:00,04/24/202610:17,20.5,0.0,0.0,51.8,0.0,0.0,0.0,0.9,16.0,198.7,23819.0,45062.0,18.5,17.139999999999997,79.2,29.68,3.3020000000000005,24.0,0.0,0.0,
2026-04-24T22:18:01,04/24/202610:18,20.5,0.0,0.0,51.8,0.0,0.0,0.0,0.9,16.0,198.7,23819.0,45062.0,18.4,17.11,79.3,29.68,3.153,25.0,0.0,0.0,
2026-04-24T22:19:00,04/24/202610:19,20.5,0.0,0.0,51.8,0.0,0.0,0.0,0.9,16.0,198.7,23819.0,45062.0,18.4,17.08,79.4,29.68,3.004,26.0,0.0,0.0,
2026-04-24T22:20:01,04/24/202610:20,20.5,0.0,0.0,51.8,0.0,0.0,0.0,0.9,16.0,198.7,23819.0,45062.0,18.4,17.05,79.5,29.68,2.855,27.0,0.0,0.0,
2026-04-24T22:20:45,04/24/202610:20,20.490000000000002,0.0,0.0,51.81,0.0,0.0,0.0,0.9,16.0,198.7,23819.0,45062.0,18.4,17.02,79.6,29.68,2.706,28.0,0.0,0.0,
2026-04-24T22:21:00,04/24/202610:21,20.48,0.0,0.0,51.81999999999999,0.0,0.0,0.0,0.9,16.0,198.7,23819.0,45062.0,18.4,16.99,79.7,29.68,2.557,29.0,0.0,0.0,
2026-04-24T22:21:44,04/24/202610:21,20.48,0.0,0.0,51.81999999999999,0.0,0.0,0.0,0.9,16.0,198.7,23819.0,45062.0,18.4,16.96,79.8,29.68,2.408,30.0,0.0,0.0,
2026-04-24T22:22:01,04/24/202610:22,20.48,0.0,0.0,51.81999999999999,0.0,0.0,0.0,0.9,16.0,198.7,23819.0,45062.0,18.4,16.93,79.9,29.68,2.259,31.0,0.0,0.0,
2026-04-24T22:23:00,04/24/202610:23,20.48,0.0,0.0,51.81,0.0,0.0,0.0,0.9,16.0,198.7,23819.0,45062.0,18.4,16.9,80.0,29.68,2.11,32.0,0.0,0.0,
2026-04-24T22:24:01,04/24/202610:24,20.48,0.0,0.0,51.81,0.0,0.0,0.0,0.9,16.0,198.7,23819.0,45062.0,18.4,16.9,80.0,29.68,2.11,32.0,0.0,0.0,
2026-04-24T22:25:31,04/24/202610:25,20.48,0.0,0.0,51.81,0.0,0.0,0.0,0.9,16.0,198.7,23819.0,45062.0,18.4,16.9,80.0,29.68,2.11,32.0,0.0,0.0,
2026-04-24T22:26:00,04/24/202610:26,20.48,0.0,0.0,51.81,0.0,0.0,0.0,0.9,16.0,198.7,23819.0,45062.0,18.4,16.9,80.0,29.68,2.11,32.0,0.0,0.0,
2026-04-24T22:27:01,04/24/202610:27,20.48,0.0,0.0,51.81,0.0,0.0,0.0,0.9,16.0,198.7,23819.0,45062.0,18.4,16.9,80.0,29.68,2.11,32.0,0.0,0.0,
2026-04-24T22:28:00,04/24/202610:28,20.48,0.0,0.0,51.81,0.0,0.0,0.0,0.9,16.0,198.7,23819.0,45062.0,18.4,16.9,80.0,29.68,2.11,32.0,0.0,0.0,
2026-04-24T22:29:01,04/24/202610:29,20.490000000000002,0.0,0.0,51.8,0.0,0.0,0.0,0.9,16.0,198.7,23819.0,45062.0,18.4,16.9,80.0,29.68,2.11,32.0,0.0,0.0,
2026-04-24T22:30:00,04/24/202610:30,20.5,0.0,0.0,51.79,0.0,0.0,0.0,0.9,16.0,198.7,23819.0,45062.0,18.4,16.9,80.0,29.68,2.11,32.0,0.0,0.0,
2026-04-24T22:30:24,04/24/202610:30,20.490000000000002,0.0,0.0,51.79,0.0,0.0,0.0,0.9,16.0,198.7,23819.0,45062.0,18.4,16.919999999999998,80.0,29.68,2.3709999999999996,52.7,0.0,0.0,
2026-04-24T22:31:01,04/24/202610:31,20.48,0.0,0.0,51.79,0.0,0.0,0.0,0.9,16.0,198.7,23819.0,45062.0,18.4,16.939999999999998,80.0,29.68,2.632,73.4,0.0,0.0,
2026-04-24T22:31:25,04/24/202610:31,20.48,0.0,0.0,51.8,0.0,0.0,0.0,0.9,16.0,198.7,23819.0,45062.0,18.4,16.95,80.0,29.68,2.8619999999999997,90.6,0.0,0.0,
2026-04-24T22:32:00,04/24/202610:32,20.48,0.0,0.0,51.8,0.0,0.0,0.0,0.9,16.0,198.7,23819.0,45062.0,18.4,16.96,80.0,29.68,3.0919999999999996,107.8,0.0,0.0,
2026-04-24T22:33:01,04/24/202610:33,20.48,0.0,0.0,51.79,0.0,0.0,0.0,0.9,16.0,198.7,23819.0,45062.0,18.4,16.97,80.0,29.68,3.322,125.0,0.0,0.0,
2026-04-24T22:34:00,04/24/202610:34,20.48,0.0,0.0,51.79,0.0,0.0,0.0,0.9,16.0,198.7,23819.0,45062.0,18.4,16.98,80.0,29.68,3.5519999999999996,142.2,0.0,0.0,
2026-04-24T22:35:01,04/24/202610:35,20.48,0.0,0.0,51.79,0.0,0.0,0.0,0.9,16.0,198.7,23819.0,45062.0,18.4,16.990000000000002,80.0,29.683,3.782,159.4,0.0,0.0,
2026-04-24T22:36:43,04/24/202610:36,20.48,0.0,0.0,51.79,0.0,0.0,0.0,0.9,16.0,198.7,23819.0,45062.0,18.4,17.0,80.2,29.686,4.012,176.6,0.0,0.0,
2026-04-24T22:37:01,04/24/202610:37,20.48,0.0,0.0,51.79,0.0,0.0,0.0,0.9,16.0,198.7,23819.0,45062.0,18.4,17.009999999999998,80.4,29.689,4.242,193.8,0.0,0.0,
2026-04-24T22:38:00,04/24/202610:38,20.48,0.0,0.0,51.8,0.0,0.0,0.0,0.9,16.0,198.7,23819.0,45062.0,18.4,17.02,80.6,29.692,4.4719999999999995,211.0,0.0,0.0,
2026-04-24T22:39:00,04/24/202610:39,20.490000000000002,0.0,0.0,51.8,0.0,0.0,0.0,0.9,16.0,198.7,23819.0,45062.0,18.4,17.009999999999998,80.8,29.695,4.441000000000001,207.5,0.0,0.0,
2026-04-24T22:40:00,04/24/202610:40,20.5,0.0,0.0,51.79,0.0,0.0,0.0,0.9,16.0,198.7,23819.0,45062.0,18.4,17.0,81.0,29.698,4.41,204.0,0.0,0.0,
2026-04-24T22:41:00,04/24/202610:41,20.5,0.0,0.0,51.79,0.0,0.0,0.0,0.9,16.0,198.7,23819.0,45062.0,18.4,17.0,81.2,29.701,4.41,204.0,0.0,0.0,
2026-04-24T22:42:52,04/24/202610:42,20.5,0.0,0.0,51.79,0.0,0.0,0.0,0.9,16.0,198.7,23819.0,45062.0,18.4,17.0,81.4,29.704,4.41,204.0,0.0,0.0,
2026-04-24T22:43:00,04/24/202610:43,20.5,0.0,0.0,51.779999999999994,0.0,0.0,0.0,0.9,16.0,198.7,23819.0,45062.0,18.4,17.0,81.6,29.707,4.41,204.0,0.0,0.0,
2026-04-24T22:44:19,04/24/202610:44,20.5,0.0,0.0,51.779999999999994,0.0,0.0,0.0,0.9,16.0,198.7,23819.0,45062.0,18.4,17.0,81.8,29.71,4.41,204.0,0.0,0.0,
2026-04-24T22:45:00,04/24/202610:45,20.5,0.0,0.0,51.779999999999994,0.0,0.0,0.0,0.9,16.0,198.7,23819.0,45062.0,18.4,17.0,82.0,29.71,4.41,204.0,0.0,0.0,
2026-04-24T22:46:00,04/24/202610:46,20.5,0.0,0.0,51.779999999999994,0.0,0.0,0.0,0.9,16.0,198.7,23819.0,45062.0,18.4,17.0,82.0,29.71,4.41,204.0,0.0,0.0,
2026-04-24T22:47:54,04/24/202610:47,20.5,0.0,0.0,51.779999999999994,0.0,0.0,0.0,0.9,16.0,198.7,23819.0,45062.0,18.4,16.98,82.0,29.71,4.373,201.3,0.0,0.0,
2026-04-24T22:48:01,04/24/202610:48,20.5,0.0,0.0,51.769999999999996,0.0,0.0,0.0,0.9,16.0,198.7,23819.0,45062.0,18.4,16.96,82.0,29.71,4.336,198.6,0.0,0.0,
2026-04-24T22:49:01,04/24/202610:49,20.5,0.0,0.0,51.769999999999996,0.0,0.0,0.0,0.9,16.0,198.7,23819.0,45062.0,18.4,16.94,82.0,29.71,4.299,195.9,0.0,0.0,
2026-04-24T22:50:01,04/24/202610:50,20.5,0.0,0.0,51.779999999999994,0.0,0.0,0.0,0.9,16.0,198.7,23819.0,45062.0,18.4,16.919999999999998,82.0,29.71,4.2620000000000005,193.2,0.0,0.0,
2026-04-24T22:51:01,04/24/202610:51,20.5,0.0,0.0,51.779999999999994,0.0,0.0,0.0,0.9,16.0,198.7,23819.0,45062.0,18.4,16.9,82.0,29.71,4.225,190.5,0.0,0.0,
2026-04-24T22:52:01,04/24/202610:52,20.5,0.0,0.0,51.779999999999994,0.0,0.0,0.0,0.9,16.0,198.7,23819.0,45062.0,18.4,16.880000000000003,82.0,29.71,4.188000000000001,187.8,0.0,0.0,
2026-04-24T22:53:01,04/24/202610:53,20.5,0.0,0.0,51.8,0.0,0.0,0.0,0.9,16.0,198.7,23819.0,45062.0,18.4,16.86,82.0,29.71,4.151,185.1,0.0,0.0,
2026-04-24T22:54:22,04/24/202610:54,20.5,0.0,0.0,51.8,0.0,0.0,0.0,0.9,16.0,198.7,23819.0,45062.0,18.4,16.84,82.0,29.71,4.114,182.4,0.0,0.0,
2026-04-24T22:55:01,04/24/202610:55,20.5,0.0,0.0,51.8,0.0,0.0,0.0,0.9,16.0,198.7,23819.0,45062.0,18.4,16.82,82.0,29.71,4.077,179.7,0.0,0.0,
2026-04-24T22:56:01,04/24/202610:56,20.5,0.0,0.0,51.79,0.0,0.0,0.0,0.9,16.0,198.7,23819.0,45062.0,18.4,16.8,82.0,29.71,4.04,177.0,0.0,0.0,
2026-04-24T22:57:01,04/24/202610:57,20.5,0.0,0.0,51.79,0.0,0.0,0.0,0.9,16.0,198.7,23819.0,45062.0,18.4,16.8,82.0,29.71,4.04,177.0,0.0,0.0,
2026-04-24T22:59:05,04/24/202610:59,20.5,0.0,0.0,51.79,0.0,0.0,0.0,0.9,16.0,198.7,23819.0,45062.0,18.4,16.8,82.0,29.71,4.04,177.0,0.0,0.0,
2026-04-24T23:00:00,04/24/202611:00,20.5,0.0,0.0,51.79,0.0,0.0,0.0,0.9,16.0,198.7,23819.0,45062.0,18.4,16.8,82.0,29.71,4.04,177.0,0.0,0.0,
2026-04-24T23:01:00,04/24/202611:01,20.5,0.0,0.0,51.79,0.0,0.0,0.0,0.9,16.0,198.7,23819.0,45062.0,18.4,16.8,82.0,29.71,4.04,177.0,0.0,0.0,
2026-04-24T23:02:00,04/24/202611:02,20.5,0.0,0.0,51.779999999999994,0.0,0.0,0.0,0.9,16.0,198.7,23819.0,45062.0,18.4,16.78,82.0,29.71,4.121,173.9,0.0,0.0,
2026-04-24T23:02:19,04/24/202611:02,20.490000000000002,0.0,0.0,51.779999999999994,0.0,0.0,0.0,0.9,16.0,198.7,23819.0,45062.0,18.4,16.76,82.0,29.71,4.202,170.8,0.0,0.0,
2026-04-24T23:03:00,04/24/202611:03,20.48,0.0,0.0,51.779999999999994,0.0,0.0,0.0,0.9,16.0,198.7,23819.0,45062.0,18.4,16.740000000000002,82.0,29.71,4.2829999999999995,167.7,0.0,0.0,
2026-04-24T23:03:18,04/24/202611:03,20.48,0.0,0.0,51.779999999999994,0.0,0.0,0.0,0.9,16.0,198.7,23819.0,45062.0,18.4,16.720000000000002,82.0,29.71,4.364,164.6,0.0,0.0,
2026-04-24T23:04:00,04/24/202611:04,20.48,0.0,0.0,51.77,0.0,0.0,0.0,0.9,16.0,198.7,23819.0,45062.0,18.4,16.7,82.0,29.71,4.444999999999999,161.5,0.0,0.0,
2026-04-24T23:05:00,04/24/202611:05,20.48,0.0,0.0,51.779999999999994,0.0,0.0,0.0,0.9,16.0,198.7,23819.0,45062.0,18.4,16.68,82.0,29.71,4.526,158.4,0.0,0.0,
2026-04-24T23:06:00,04/24/202611:06,20.48,0.0,0.0,51.779999999999994,0.0,0.0,0.0,0.9,16.0,198.7,23819.0,45062.0,18.4,16.660000000000004,82.0,29.71,4.607,155.3,0.0,0.0,
2026-04-24T23:07:00,04/24/202611:07,20.48,0.0,0.0,51.779999999999994,0.0,0.0,0.0,0.9,16.0,198.7,23819.0,45062.0,18.4,16.64,82.0,29.71,4.688,152.2,0.0,0.0,
2026-04-24T23:08:00,04/24/202611:08,20.48,0.0,0.0,51.779999999999994,0.0,0.0,0.0,0.9,16.0,198.7,23819.0,45062.0,18.4,16.62,82.0,29.71,4.769,149.1,0.0,0.0,
2026-04-24T23:10:17,04/24/202611:10,20.47,0.0,0.0,51.779999999999994,0.0,0.0,0.0,0.9,16.0,198.7,23819.0,45062.0,18.4,16.6,82.0,29.71,4.85,146.0,0.0,0.0,
2026-04-24T23:10:33,04/24/202611:10,20.47,0.0,0.0,51.79,0.0,0.0,0.0,0.9,16.0,198.7,23819.0,45062.0,18.3,16.6,82.0,29.71,4.85,146.0,0.0,0.0,
2026-04-24T23:11:00,04/24/202611:11,20.48,0.0,0.0,51.79,0.0,0.0,0.0,0.9,16.0,198.7,23819.0,45062.0,18.3,16.6,82.0,29.71,4.85,146.0,0.0,0.0,
2026-04-24T23:12:01,04/24/202611:12,20.490000000000002,0.0,0.0,51.79,0.0,0.0,0.0,0.9,16.0,198.7,23819.0,45062.0,18.4,16.6,82.0,29.71,4.85,146.0,0.0,0.0,
2026-04-24T23:13:00,04/24/202611:13,20.490000000000002,0.0,0.0,51.779999999999994,0.0,0.0,0.0,0.9,16.0,198.7,23819.0,45062.0,18.4,16.6,82.0,29.71,4.85,146.0,0.0,0.0,
2026-04-24T23:14:20,04/24/202611:14,20.490000000000002,0.0,0.0,51.79,0.0,0.0,0.0,0.9,16.0,198.7,23819.0,45062.0,18.4,16.6,82.0,29.71,4.85,146.0,0.0,0.0,
2026-04-24T23:15:00,04/24/202611:15,20.490000000000002,0.0,0.0,51.79,0.0,0.0,0.0,0.9,16.0,198.7,23819.0,45062.0,18.4,16.6,82.0,29.71,4.85,146.0,0.0,0.0,
2026-04-24T23:15:08,04/24/202611:15,20.48,0.0,0.0,51.79,0.0,0.0,0.0,0.9,16.0,198.7,23819.0,45062.0,18.4,16.6,82.0,29.71,4.85,146.0,0.0,0.0,
2026-04-24T23:16:01,04/24/202611:16,20.47,0.0,0.0,51.79,0.0,0.0,0.0,0.9,16.0,198.7,23819.0,45062.0,18.4,16.6,82.0,29.71,4.85,146.0,0.0,0.0,
2026-04-24T23:16:09,04/24/202611:16,20.47,0.0,0.0,51.779999999999994,0.0,0.0,0.0,0.9,16.0,198.7,23819.0,45062.0,18.4,16.580000000000002,82.1,29.71,4.775,143.3,0.0,0.0,
2026-04-24T23:17:00,04/24/202611:17,20.48,0.0,0.0,51.77,0.0,0.0,0.0,0.9,16.0,198.7,23819.0,45062.0,18.4,16.560000000000002,82.2,29.71,4.7,140.6,0.0,0.0,
2026-04-24T23:18:00,04/24/202611:18,20.48,0.0,0.0,51.77,0.0,0.0,0.0,0.9,16.0,198.7,23819.0,45062.0,18.4,16.54,82.3,29.71,4.625,137.9,0.0,0.0,
2026-04-24T23:18:08,04/24/202611:18,20.47,0.0,0.0,51.77,0.0,0.0,0.0,0.9,16.0,198.7,23819.0,45062.0,18.3,16.52,82.4,29.71,4.55,135.2,0.0,0.0,
2026-04-24T23:19:00,04/24/202611:19,20.46,0.0,0.0,51.77,0.0,0.0,0.0,0.9,16.0,198.7,23819.0,45062.0,18.3,16.5,82.5,29.71,4.475,132.5,0.0,0.0,
2026-04-24T23:19:08,04/24/202611:19,20.46,0.0,0.0,51.77,0.0,0.0,0.0,0.9,16.0,198.7,23819.0,45062.0,18.3,16.48,82.6,29.71,4.4,129.8,0.0,0.0,
2026-04-24T23:20:00,04/24/202611:20,20.46,0.0,0.0,51.760000000000005,0.0,0.0,0.0,0.9,16.0,198.7,23819.0,45062.0,18.3,16.46,82.7,29.71,4.325,127.1,0.0,0.0,
2026-04-24T23:26:20,04/24/202611:26,20.46,0.0,0.0,51.75,0.0,0.0,0.0,0.9,16.0,198.7,23819.0,45062.0,18.4,16.439999999999998,82.8,29.71,4.25,124.4,0.0,0.0,
2026-04-24T23:27:00,04/24/202611:27,20.47,0.0,0.0,51.739999999999995,0.0,0.0,0.0,0.9,16.0,198.7,23819.0,45062.0,18.3,16.419999999999998,82.9,29.71,4.175,121.7,0.0,0.0,
2026-04-24T23:28:01,04/24/202611:28,20.48,0.0,0.0,51.739999999999995,0.0,0.0,0.0,0.9,16.0,198.7,23819.0,45062.0,18.3,16.4,83.0,29.71,4.1,119.0,0.0,0.0,
2026-04-24T23:29:00,04/24/202611:29,20.48,0.0,0.0,51.75,0.0,0.0,0.0,0.9,16.0,198.7,23819.0,45062.0,18.3,16.4,83.0,29.71,4.1,119.0,0.0,0.0,
2026-04-24T23:30:01,04/24/202611:30,20.48,0.0,0.0,51.75,0.0,0.0,0.0,0.9,16.0,198.7,23819.0,45062.0,18.3,16.369999999999997,83.0,29.71,4.1,119.0,0.0,0.0,
2026-04-24T23:31:00,04/24/202611:31,20.48,0.0,0.0,51.739999999999995,0.0,0.0,0.0,0.9,16.0,198.7,23819.0,45062.0,18.3,16.339999999999996,83.0,29.71,3.8269999999999995,117.0,0.0,0.0,
2026-04-24T23:32:01,04/24/202611:32,20.490000000000002,0.0,0.0,51.73,0.0,0.0,0.0,0.9,16.0,198.7,23819.0,45062.0,18.3,16.3,83.2,29.71,3.7589999999999995,110.9,0.0,0.0,
2026-04-24T23:33:00,04/24/202611:33,20.5,0.0,0.0,51.73,0.0,0.0,0.0,0.9,16.0,198.7,23819.0,45062.0,18.3,16.259999999999998,83.4,29.71,3.691,104.8,0.0,0.0,
2026-04-24T23:33:23,04/24/202611:33,20.490000000000002,0.0,0.0,51.739999999999995,0.0,0.0,0.0,0.9,16.0,198.7,23819.0,45062.0,18.4,16.22,83.8,29.71,3.6229999999999998,98.7,0.0,0.0,
2026-04-24T23:34:01,04/24/202611:34,20.48,0.0,0.0,51.75,0.0,0.0,0.0,0.9,16.0,198.7,23819.0,45062.0,18.4,16.18,84.2,29.71,3.5549999999999997,92.6,0.0,0.0,
2026-04-24T23:34:22,04/24/202611:34,20.48,0.0,0.0,51.75,0.0,0.0,0.0,0.9,16.0,198.7,23819.0,45062.0,18.3,16.14,84.6,29.71,3.4869999999999997,86.5,0.0,0.0,
2026-04-24T23:35:01,04/24/202611:35,20.48,0.0,0.0,51.75,0.0,0.0,0.0,0.9,16.0,198.7,23819.0,45062.0,18.3,16.1,85.0,29.71,3.4189999999999996,80.4,0.0,0.0,
2026-04-24T23:36:01,04/24/202611:36,20.48,0.0,0.0,51.739999999999995,0.0,0.0,0.0,0.9,16.0,198.7,23819.0,45062.0,18.4,16.06,85.4,29.71,3.351,74.3,0.0,0.0,
2026-04-24T23:37:31,04/24/202611:37,20.48,0.0,0.0,51.739999999999995,0.0,0.0,0.0,0.9,16.0,198.7,23819.0,45062.0,18.3,16.02,85.8,29.71,3.283,68.2,0.0,0.0,
2026-04-24T23:38:00,04/24/202611:38,20.48,0.0,0.0,51.75,0.0,0.0,0.0,0.9,16.0,198.7,23819.0,45062.0,18.3,16.009999999999998,86.2,29.71,3.215,62.1,0.0,0.0,
2026-04-24T23:39:00,04/24/202611:39,20.48,0.0,0.0,51.75,0.0,0.0,0.0,0.9,16.0,198.7,23819.0,45062.0,18.4,16.0,86.6,29.71,3.4200000000000004,58.0,0.0,0.0,
2026-04-24T23:40:00,04/24/202611:40,20.48,0.0,0.0,51.760000000000005,0.0,0.0,0.0,0.9,16.0,198.7,23819.0,45062.0,18.3,16.0,86.8,29.71,3.4200000000000004,58.0,0.0,0.0,
2026-04-24T23:40:22,04/24/202611:40,20.47,0.0,0.0,51.760000000000005,0.0,0.0,0.0,0.9,16.0,198.7,23819.0,45062.0,18.3,16.0,87.0,29.71,3.4200000000000004,58.0,0.0,0.0,
2026-04-24T23:41:00,04/24/202611:41,20.47,0.0,0.0,51.760000000000005,0.0,0.0,0.0,0.9,16.0,198.7,23819.0,45062.0,18.3,16.0,87.0,29.71,3.4200000000000004,58.0,0.0,0.0,
2026-04-24T23:41:23,04/24/202611:41,20.48,0.0,0.0,51.75,0.0,0.0,0.0,0.9,16.0,198.7,23819.0,45062.0,18.4,16.0,87.0,29.71,3.4200000000000004,58.0,0.0,0.0,
2026-04-24T23:42:00,04/24/202611:42,20.48,0.0,0.0,51.75,0.0,0.0,0.0,0.9,16.0,198.7,23819.0,45062.0,18.4,16.0,87.0,29.71,3.4200000000000004,58.0,0.0,0.0,
2026-04-24T23:43:00,04/24/202611:43,20.48,0.0,0.0,51.75,0.0,0.0,0.0,0.9,16.0,198.7,23819.0,45062.0,18.4,16.0,87.0,29.71,3.4200000000000004,58.0,0.0,0.0,
2026-04-24T23:43:23,04/24/202611:43,20.47,0.0,0.0,51.75,0.0,0.0,0.0,0.9,16.0,198.7,23819.0,45062.0,18.3,16.0,87.0,29.71,3.4200000000000004,58.0,0.0,0.0,
2026-04-24T23:44:00,04/24/202611:44,20.46,0.0,0.0,51.739999999999995,0.0,0.0,0.0,0.9,16.0,198.7,23819.0,45062.0,18.3,16.0,87.0,29.71,3.4200000000000004,58.0,0.0,0.0,
2026-04-24T23:44:22,04/24/202611:44,20.46,0.0,0.0,51.73,0.0,0.0,0.0,0.9,16.0,198.7,23819.0,45062.0,18.3,16.0,87.0,29.71,3.4200000000000004,58.0,0.0,0.0,
2026-04-24T23:45:01,04/24/202611:45,20.46,0.0,0.0,51.73,0.0,0.0,0.0,0.9,16.0,198.7,23819.0,45062.0,18.3,16.0,87.0,29.71,3.4200000000000004,58.0,0.0,0.0,
2026-04-24T23:46:00,04/24/202611:46,20.46,0.0,0.0,51.720000000000006,0.0,0.0,0.0,0.9,16.0,198.7,23819.0,45062.0,18.3,16.0,87.0,29.71,3.4200000000000004,58.0,0.0,0.0,
2026-04-24T23:47:00,04/24/202611:47,20.47,0.0,0.0,51.720000000000006,0.0,0.0,0.0,0.9,16.0,198.7,23819.0,45062.0,18.3,15.98,87.2,29.713,3.525,58.5,0.0,0.0,
2026-04-24T23:48:43,04/24/202611:48,20.48,0.0,0.0,51.71,0.0,0.0,0.0,0.9,16.0,198.7,23819.0,45062.0,18.4,15.959999999999999,87.4,29.716,3.63,59.0,0.0,0.0,
2026-04-24T23:49:01,04/24/202611:49,20.48,0.0,0.0,51.71,0.0,0.0,0.0,0.9,16.0,198.7,23819.0,45062.0,18.4,15.940000000000001,87.6,29.719,3.7350000000000003,59.5,0.0,0.0,
2026-04-24T23:50:01,04/24/202611:50,20.48,0.0,0.0,51.71,0.0,0.0,0.0,0.9,16.0,198.7,23819.0,45062.0,18.4,15.919999999999998,87.8,29.722,3.84,60.0,0.0,0.0,
2026-04-24T23:51:00,04/24/202611:51,20.48,0.0,0.0,51.71,0.0,0.0,0.0,0.9,16.0,198.7,23819.0,45062.0,18.3,15.9,88.0,29.725,3.9449999999999994,60.5,0.0,0.0,
2026-04-24T23:52:01,04/24/202611:52,20.490000000000002,0.0,0.0,51.71,0.0,0.0,0.0,0.9,16.0,198.7,23819.0,45062.0,18.3,15.88,88.2,29.727999999999998,4.05,61.0,0.0,0.0,
2026-04-24T23:53:00,04/24/202611:53,20.5,0.0,0.0,51.71,0.0,0.0,0.0,0.9,16.0,198.7,23819.0,45062.0,18.3,15.86,88.4,29.731,4.154999999999999,61.5,0.0,0.0,
2026-04-24T23:54:01,04/24/202611:54,20.5,0.0,0.0,51.71,0.0,0.0,0.0,0.9,16.0,198.7,23819.0,45062.0,18.3,15.84,88.6,29.733999999999998,4.26,62.0,0.0,0.0,
2026-04-24T23:55:00,04/24/202611:55,20.5,0.0,0.0,51.71,0.0,0.0,0.0,0.9,16.0,198.7,23819.0,45062.0,18.3,15.820000000000002,88.8,29.737000000000002,4.365,62.5,0.0,0.0,
2026-04-24T23:55:23,04/24/202611:55,20.490000000000002,0.0,0.0,51.71,0.0,0.0,0.0,0.9,16.0,198.7,23819.0,45062.0,18.3,15.8,89.0,29.74,4.47,63.0,0.0,0.0,
2026-04-24T23:56:01,04/24/202611:56,20.48,0.0,0.0,51.7,0.0,0.0,0.0,0.9,16.0,198.7,23819.0,45062.0,18.3,15.8,89.0,29.74,4.47,63.0,0.0,0.0,
2026-04-24T23:56:23,04/24/202611:56,20.48,0.0,0.0,51.7,0.0,0.0,0.0,0.9,16.0,198.7,23819.0,45062.0,18.3,15.8,89.0,29.74,4.47,63.0,0.0,0.0,
2026-04-24T23:57:00,04/24/202611:57,20.48,0.0,0.0,51.7,0.0,0.0,0.0,0.9,16.0,198.7,23819.0,45062.0,18.3,15.8,89.0,29.74,4.47,63.0,0.0,0.0,
2026-04-24T23:57:22,04/24/202611:57,20.47,0.0,0.0,51.7,0.0,0.0,0.0,0.9,16.0,198.7,23819.0,45062.0,18.3,15.8,89.0,29.74,4.47,63.0,0.0,0.0,
2026-04-24T23:58:01,04/24/202611:58,20.46,0.0,0.0,51.7,0.0,0.0,0.0,0.9,16.0,198.7,23819.0,45062.0,18.3,15.8,89.0,29.74,4.47,63.0,0.0,0.0,
2026-04-24T23:59:55,04/24/202611:59,20.45,0.0,0.0,51.7,0.0,0.0,0.0,0.9,16.0,198.7,23819.0,45062.0,18.3,15.8,89.0,29.74,4.47,63.0,0.0,0.0,
