timestamp,HMI_Timestamp,PV_Voltage_V,PV_Current_A,PV_Power_W,Battery_Voltage_V,Battery_Current_A,Battery_Power_W,Avg_Power_to_Battery_W,Daily_Energy_kWh,Daily_Charge_Ah,History_Max_Input_Voltage_V,Lifetime_Energy_Gen_kWh,Lifetime_Charge_Ah,Battery_Temp_C,Air_Temp_C,Humidity_pct,Air_Pressure_inHg,Wind_Speed_ms,Wind_Direction_deg,Solar_Irradiance_Wm2,UV_Index,Est_Efficiency
2026-04-21T00:00:00,04/21/202600:00,20.47,0.0,0.0,51.69,0.0,0.0,0.0,0.7,13.0,198.7,23789.0,45004.0,20.3,14.8,52.0,30.059999999999995,9.01,187.0,0.0,0.0,
2026-04-21T00:00:21,04/21/202600:00,20.47,0.0,0.0,51.7,0.0,0.0,0.0,0.0,0.0,198.7,23796.0,45017.0,20.4,14.8,52.0,30.059999999999995,9.01,187.0,0.0,0.0,
2026-04-21T00:01:01,04/21/202600:01,20.47,0.0,0.0,51.7,0.0,0.0,0.0,0.0,0.0,198.7,23796.0,45017.0,20.4,14.8,52.0,30.059999999999995,9.01,187.0,0.0,0.0,
2026-04-21T00:02:19,04/21/202600:02,20.47,0.0,0.0,51.7,0.0,0.0,0.0,0.0,0.0,198.7,23796.0,45017.0,20.3,14.780000000000001,52.0,30.059999999999995,9.035,187.1,0.0,0.0,
2026-04-21T00:03:01,04/21/202600:03,20.47,0.0,0.0,51.7,0.0,0.0,0.0,0.0,0.0,198.7,23796.0,45017.0,20.3,14.76,52.0,30.059999999999995,9.059999999999999,187.2,0.0,0.0,
2026-04-21T00:03:19,04/21/202600:03,20.46,0.0,0.0,51.7,0.0,0.0,0.0,0.0,0.0,198.7,23796.0,45017.0,20.4,14.74,52.0,30.059999999999995,9.084999999999999,187.3,0.0,0.0,
2026-04-21T00:04:01,04/21/202600:04,20.45,0.0,0.0,51.7,0.0,0.0,0.0,0.0,0.0,198.7,23796.0,45017.0,20.4,14.719999999999999,52.0,30.059999999999995,9.11,187.4,0.0,0.0,
2026-04-21T00:04:19,04/21/202600:04,20.45,0.0,0.0,51.7,0.0,0.0,0.0,0.0,0.0,198.7,23796.0,45017.0,20.3,14.7,52.0,30.059999999999995,9.135,187.5,0.0,0.0,
2026-04-21T00:06:02,04/21/202600:06,20.46,0.0,0.0,51.7,0.0,0.0,0.0,0.0,0.0,198.7,23796.0,45017.0,20.4,14.680000000000001,52.0,30.059999999999995,9.16,187.6,0.0,0.0,
2026-04-21T00:07:00,04/21/202600:07,20.47,0.0,0.0,51.7,0.0,0.0,0.0,0.0,0.0,198.7,23796.0,45017.0,20.4,14.66,52.0,30.059999999999995,9.184999999999999,187.7,0.0,0.0,
2026-04-21T00:08:01,04/21/202600:08,20.48,0.0,0.0,51.7,0.0,0.0,0.0,0.0,0.0,198.7,23796.0,45017.0,20.4,14.64,52.0,30.059999999999995,9.209999999999999,187.8,0.0,0.0,
2026-04-21T00:08:19,04/21/202600:08,20.47,0.0,0.0,51.7,0.0,0.0,0.0,0.0,0.0,198.7,23796.0,45017.0,20.4,14.62,52.0,30.059999999999995,9.235,187.9,0.0,0.0,
2026-04-21T00:09:00,04/21/202600:09,20.46,0.0,0.0,51.7,0.0,0.0,0.0,0.0,0.0,198.7,23796.0,45017.0,20.4,14.6,52.0,30.059999999999995,9.26,188.0,0.0,0.0,
2026-04-21T00:09:19,04/21/202600:09,20.46,0.0,0.0,51.7,0.0,0.0,0.0,0.0,0.0,198.7,23796.0,45017.0,20.4,14.6,52.0,30.059999999999995,9.26,188.0,0.0,0.0,
2026-04-21T00:10:00,04/21/202600:10,20.46,0.0,0.0,51.7,0.0,0.0,0.0,0.0,0.0,198.7,23796.0,45017.0,20.4,14.6,52.0,30.059999999999995,9.26,188.0,0.0,0.0,
2026-04-21T00:11:00,04/21/202600:11,20.47,0.0,0.0,51.7,0.0,0.0,0.0,0.0,0.0,198.7,23796.0,45017.0,20.4,14.6,52.0,30.059999999999995,9.26,188.0,0.0,0.0,
2026-04-21T00:11:19,04/21/202600:11,20.47,0.0,0.0,51.69,0.0,0.0,0.0,0.0,0.0,198.7,23796.0,45017.0,20.3,14.6,52.0,30.059999999999995,9.26,188.0,0.0,0.0,
2026-04-21T00:11:24,04/21/202600:11,20.47,0.0,0.0,51.68000000000001,0.0,0.0,0.0,0.0,0.0,198.7,23796.0,45017.0,20.3,14.6,52.0,30.059999999999995,9.26,188.0,0.0,0.0,
2026-04-21T00:12:00,04/21/202600:12,20.47,0.0,0.0,51.67,0.0,0.0,0.0,0.0,0.0,198.7,23796.0,45017.0,20.3,14.6,52.0,30.059999999999995,9.26,188.0,0.0,0.0,
2026-04-21T00:13:00,04/21/202600:13,20.47,0.0,0.0,51.67,0.0,0.0,0.0,0.0,0.0,198.7,23796.0,45017.0,20.3,14.6,52.0,30.059999999999995,9.26,188.0,0.0,0.0,
2026-04-21T00:14:00,04/21/202600:14,20.47,0.0,0.0,51.67,0.0,0.0,0.0,0.0,0.0,198.7,23796.0,45017.0,20.4,14.6,52.0,30.059999999999995,9.26,188.0,0.0,0.0,
2026-04-21T00:15:00,04/21/202600:15,20.48,0.0,0.0,51.67,0.0,0.0,0.0,0.0,0.0,198.7,23796.0,45017.0,20.3,14.6,52.0,30.059999999999995,9.26,188.0,0.0,0.0,
2026-04-21T00:22:06,04/21/202600:22,20.48,0.0,0.0,51.67,0.0,0.0,0.0,0.0,0.0,198.7,23796.0,45017.0,20.4,14.59,52.1,30.059999999999995,9.223,188.2,0.0,0.0,
2026-04-21T00:22:45,04/21/202600:22,20.48,0.0,0.0,51.660000000000004,0.0,0.0,0.0,0.0,0.0,198.7,23796.0,45017.0,20.4,14.580000000000002,52.2,30.059999999999995,9.186,188.4,0.0,0.0,
2026-04-21T00:23:00,04/21/202600:23,20.48,0.0,0.0,51.65,0.0,0.0,0.0,0.0,0.0,198.7,23796.0,45017.0,20.4,14.569999999999999,52.3,30.059999999999995,9.149,188.6,0.0,0.0,
2026-04-21T00:24:01,04/21/202600:24,20.48,0.0,0.0,51.65,0.0,0.0,0.0,0.0,0.0,198.7,23796.0,45017.0,20.4,14.559999999999999,52.4,30.059999999999995,9.112,188.8,0.0,0.0,
2026-04-21T00:25:00,04/21/202600:25,20.490000000000002,0.0,0.0,51.660000000000004,0.0,0.0,0.0,0.0,0.0,198.7,23796.0,45017.0,20.4,14.55,52.5,30.059999999999995,9.075,189.0,0.0,0.0,
2026-04-21T00:26:01,04/21/202600:26,20.490000000000002,0.0,0.0,51.660000000000004,0.0,0.0,0.0,0.0,0.0,198.7,23796.0,45017.0,20.3,14.540000000000001,52.6,30.059999999999995,9.038,189.2,0.0,0.0,
2026-04-21T00:27:00,04/21/202600:27,20.490000000000002,0.0,0.0,51.67,0.0,0.0,0.0,0.0,0.0,198.7,23796.0,45017.0,20.3,14.530000000000001,52.7,30.059999999999995,9.001000000000001,189.4,0.0,0.0,
2026-04-21T00:28:00,04/21/202600:28,20.490000000000002,0.0,0.0,51.67,0.0,0.0,0.0,0.0,0.0,198.7,23796.0,45017.0,20.3,14.52,52.8,30.059999999999995,8.964,189.6,0.0,0.0,
2026-04-21T00:29:00,04/21/202600:29,20.490000000000002,0.0,0.0,51.67,0.0,0.0,0.0,0.0,0.0,198.7,23796.0,45017.0,20.3,14.51,52.9,30.059999999999995,8.927000000000001,189.8,0.0,0.0,
2026-04-21T00:30:00,04/21/202600:30,20.490000000000002,0.0,0.0,51.67,0.0,0.0,0.0,0.0,0.0,198.7,23796.0,45017.0,20.3,14.5,53.0,30.059999999999995,8.834,189.5,0.0,0.0,
2026-04-21T00:31:34,04/21/202600:31,20.5,0.0,0.0,51.67,0.0,0.0,0.0,0.0,0.0,198.7,23796.0,45017.0,20.3,14.48,53.1,30.059999999999995,8.759,189.3,0.0,0.0,
2026-04-21T00:35:44,04/21/202600:35,20.5,0.0,0.0,51.67,0.0,0.0,0.0,0.0,0.0,198.7,23796.0,45017.0,20.3,14.459999999999999,53.5,30.059999999999995,8.684000000000001,189.1,0.0,0.0,
2026-04-21T00:36:01,04/21/202600:36,20.5,0.0,0.0,51.67,0.0,0.0,0.0,0.0,0.0,198.7,23796.0,45017.0,20.3,14.440000000000001,53.9,30.059999999999995,8.609,188.9,0.0,0.0,
2026-04-21T00:37:00,04/21/202600:37,20.5,0.0,0.0,51.67,0.0,0.0,0.0,0.0,0.0,198.7,23796.0,45017.0,20.3,14.419999999999998,54.3,30.059999999999995,8.534,188.7,0.0,0.0,
2026-04-21T00:38:00,04/21/202600:38,20.5,0.0,0.0,51.67,0.0,0.0,0.0,0.0,0.0,198.7,23796.0,45017.0,20.4,14.4,54.7,30.059999999999995,8.459,188.5,0.0,0.0,
2026-04-21T00:39:00,04/21/202600:39,20.5,0.0,0.0,51.67,0.0,0.0,0.0,0.0,0.0,198.7,23796.0,45017.0,20.3,14.38,55.1,30.059999999999995,8.384,188.3,0.0,0.0,
2026-04-21T00:39:34,04/21/202600:39,20.490000000000002,0.0,0.0,51.67,0.0,0.0,0.0,0.0,0.0,198.7,23796.0,45017.0,20.3,14.36,55.5,30.059999999999995,8.309000000000001,188.1,0.0,0.0,
2026-04-21T00:40:00,04/21/202600:40,20.48,0.0,0.0,51.67,0.0,0.0,0.0,0.0,0.0,198.7,23796.0,45017.0,20.3,14.34,55.9,30.059999999999995,8.234,187.9,0.0,0.0,
2026-04-21T00:41:00,04/21/202600:41,20.47,0.0,0.0,51.67,0.0,0.0,0.0,0.0,0.0,198.7,23796.0,45017.0,20.3,14.320000000000002,56.3,30.059999999999995,8.159,187.7,0.0,0.0,
2026-04-21T00:42:00,04/21/202600:42,20.46,0.0,0.0,51.67,0.0,0.0,0.0,0.0,0.0,198.7,23796.0,45017.0,20.4,14.3,56.7,30.059999999999995,8.14,188.0,0.0,0.0,
2026-04-21T00:43:01,04/21/202600:43,20.45,0.0,0.0,51.660000000000004,0.0,0.0,0.0,0.0,0.0,198.7,23796.0,45017.0,20.4,14.3,57.0,30.059999999999995,8.14,188.0,0.0,0.0,
2026-04-21T00:43:34,04/21/202600:43,20.45,0.0,0.0,51.67,0.0,0.0,0.0,0.0,0.0,198.7,23796.0,45017.0,20.3,14.3,57.0,30.059999999999995,8.14,188.0,0.0,0.0,
2026-04-21T00:44:00,04/21/202600:44,20.45,0.0,0.0,51.68000000000001,0.0,0.0,0.0,0.0,0.0,198.7,23796.0,45017.0,20.3,14.3,57.0,30.059999999999995,8.14,188.0,0.0,0.0,
2026-04-21T00:45:01,04/21/202600:45,20.45,0.0,0.0,51.67,0.0,0.0,0.0,0.0,0.0,198.7,23796.0,45017.0,20.3,14.3,57.0,30.059999999999995,8.14,188.0,0.0,0.0,
2026-04-21T00:46:56,04/21/202600:46,20.45,0.0,0.0,51.67,0.0,0.0,0.0,0.0,0.0,198.7,23796.0,45017.0,20.3,14.290000000000001,57.1,30.059999999999995,8.078,188.4,0.0,0.0,
2026-04-21T00:47:01,04/21/202600:47,20.45,0.0,0.0,51.68000000000001,0.0,0.0,0.0,0.0,0.0,198.7,23796.0,45017.0,20.3,14.280000000000001,57.2,30.059999999999995,8.016,188.8,0.0,0.0,
2026-04-21T00:48:00,04/21/202600:48,20.46,0.0,0.0,51.67,0.0,0.0,0.0,0.0,0.0,198.7,23796.0,45017.0,20.3,14.27,57.3,30.059999999999995,7.954000000000001,189.2,0.0,0.0,
2026-04-21T00:48:34,04/21/202600:48,20.46,0.0,0.0,51.67,0.0,0.0,0.0,0.0,0.0,198.7,23796.0,45017.0,20.4,14.26,57.4,30.059999999999995,7.892,189.6,0.0,0.0,
2026-04-21T00:49:01,04/21/202600:49,20.46,0.0,0.0,51.67,0.0,0.0,0.0,0.0,0.0,198.7,23796.0,45017.0,20.4,14.25,57.5,30.059999999999995,7.83,190.0,0.0,0.0,
2026-04-21T00:50:20,04/21/202600:50,20.47,0.0,0.0,51.67,0.0,0.0,0.0,0.0,0.0,198.7,23796.0,45017.0,20.3,14.24,57.6,30.059999999999995,7.768000000000001,190.4,0.0,0.0,
2026-04-21T00:51:00,04/21/202600:51,20.48,0.0,0.0,51.68000000000001,0.0,0.0,0.0,0.0,0.0,198.7,23796.0,45017.0,20.3,14.23,57.7,30.059999999999995,7.706,190.8,0.0,0.0,
2026-04-21T00:51:20,04/21/202600:51,20.47,0.0,0.0,51.68000000000001,0.0,0.0,0.0,0.0,0.0,198.7,23796.0,45017.0,20.3,14.219999999999999,57.8,30.059999999999995,7.644,191.2,0.0,0.0,
2026-04-21T00:52:01,04/21/202600:52,20.46,0.0,0.0,51.68000000000001,0.0,0.0,0.0,0.0,0.0,198.7,23796.0,45017.0,20.3,14.209999999999999,57.9,30.059999999999995,7.581999999999999,191.6,0.0,0.0,
2026-04-21T00:53:00,04/21/202600:53,20.45,0.0,0.0,51.68000000000001,0.0,0.0,0.0,0.0,0.0,198.7,23796.0,45017.0,20.3,14.2,58.0,30.059999999999995,7.519999999999999,192.0,0.0,0.0,
2026-04-21T00:54:01,04/21/202600:54,20.439999999999998,0.0,0.0,51.67,0.0,0.0,0.0,0.0,0.0,198.7,23796.0,45017.0,20.3,14.2,58.0,30.059999999999995,7.519999999999999,192.0,0.0,0.0,
2026-04-21T00:55:00,04/21/202600:55,20.43,0.0,0.0,51.67,0.0,0.0,0.0,0.0,0.0,198.7,23796.0,45017.0,20.4,14.2,58.0,30.059999999999995,7.519999999999999,192.0,0.0,0.0,
2026-04-21T00:56:01,04/21/202600:56,20.419999999999998,0.0,0.0,51.67,0.0,0.0,0.0,0.0,0.0,198.7,23796.0,45017.0,20.3,14.2,58.0,30.059999999999995,7.519999999999999,192.0,0.0,0.0,
2026-04-21T00:56:20,04/21/202600:56,20.43,0.0,0.0,51.660000000000004,0.0,0.0,0.0,0.0,0.0,198.7,23796.0,45017.0,20.3,14.2,58.0,30.059999999999995,7.519999999999999,192.0,0.0,0.0,
2026-04-21T00:58:08,04/21/202600:58,20.439999999999998,0.0,0.0,51.660000000000004,0.0,0.0,0.0,0.0,0.0,198.7,23796.0,45017.0,20.3,14.2,58.0,30.059999999999995,7.519999999999999,192.0,0.0,0.0,
2026-04-21T00:58:20,04/21/202600:58,20.43,0.0,0.0,51.65,0.0,0.0,0.0,0.0,0.0,198.7,23796.0,45017.0,20.3,14.2,58.0,30.059999999999995,7.519999999999999,192.0,0.0,0.0,
2026-04-21T00:59:00,04/21/202600:59,20.419999999999998,0.0,0.0,51.64,0.0,0.0,0.0,0.0,0.0,198.7,23796.0,45017.0,20.3,14.2,58.0,30.059999999999995,7.519999999999999,192.0,0.0,0.0,
2026-04-21T00:59:20,04/21/202600:59,20.43,0.0,0.0,51.64,0.0,0.0,0.0,0.0,0.0,198.7,23796.0,45017.0,20.4,14.2,58.0,30.059999999999995,7.519999999999999,192.0,0.0,0.0,
2026-04-21T01:00:01,04/21/202601:00,20.439999999999998,0.0,0.0,51.64,0.0,0.0,0.0,0.0,0.0,198.7,23796.0,45017.0,20.4,14.2,58.0,30.059999999999995,7.519999999999999,192.0,0.0,0.0,
2026-04-21T01:01:00,04/21/202601:01,20.45,0.0,0.0,51.65,0.0,0.0,0.0,0.0,0.0,198.7,23796.0,45017.0,20.3,14.2,58.0,30.059999999999995,7.519999999999999,192.0,0.0,0.0,
2026-04-21T01:01:20,04/21/202601:01,20.45,0.0,0.0,51.65,0.0,0.0,0.0,0.0,0.0,198.7,23796.0,45017.0,20.3,14.179999999999998,58.1,30.059999999999995,7.5009999999999994,192.0,0.0,0.0,
2026-04-21T01:02:01,04/21/202601:02,20.45,0.0,0.0,51.64,0.0,0.0,0.0,0.0,0.0,198.7,23796.0,45017.0,20.3,14.16,58.2,30.059999999999995,7.481999999999999,192.0,0.0,0.0,
2026-04-21T01:02:21,04/21/202601:02,20.46,0.0,0.0,51.64,0.0,0.0,0.0,0.0,0.0,198.7,23796.0,45017.0,20.3,14.14,58.3,30.059999999999995,7.462999999999999,192.0,0.0,0.0,
2026-04-21T01:03:00,04/21/202601:03,20.46,0.0,0.0,51.64,0.0,0.0,0.0,0.0,0.0,198.7,23796.0,45017.0,20.3,14.12,58.4,30.059999999999995,7.444,192.0,0.0,0.0,
2026-04-21T01:03:20,04/21/202601:03,20.45,0.0,0.0,51.63000000000001,0.0,0.0,0.0,0.0,0.0,198.7,23796.0,45017.0,20.3,14.1,58.5,30.059999999999995,7.425,192.0,0.0,0.0,
2026-04-21T01:04:00,04/21/202601:04,20.45,0.0,0.0,51.63000000000001,0.0,0.0,0.0,0.0,0.0,198.7,23796.0,45017.0,20.3,14.080000000000002,58.6,30.059999999999995,7.406000000000001,192.0,0.0,0.0,
2026-04-21T01:08:35,04/21/202601:08,20.45,0.0,0.0,51.64,0.0,0.0,0.0,0.0,0.0,198.7,23796.0,45017.0,20.3,14.059999999999999,58.7,30.059999999999995,7.3870000000000005,192.0,0.0,0.0,
2026-04-21T01:09:00,04/21/202601:09,20.439999999999998,0.0,0.0,51.64,0.0,0.0,0.0,0.0,0.0,198.7,23796.0,45017.0,20.3,14.040000000000001,58.8,30.059999999999995,7.368,192.0,0.0,0.0,
2026-04-21T01:10:01,04/21/202601:10,20.43,0.0,0.0,51.64,0.0,0.0,0.0,0.0,0.0,198.7,23796.0,45017.0,20.3,14.02,58.9,30.059999999999995,7.348999999999999,192.0,0.0,0.0,
2026-04-21T01:11:01,04/21/202601:11,20.419999999999998,0.0,0.0,51.63000000000001,0.0,0.0,0.0,0.0,0.0,198.7,23796.0,45017.0,20.3,14.0,59.0,30.059999999999995,7.33,192.0,0.0,0.0,
2026-04-21T01:11:24,04/21/202601:11,20.43,0.0,0.0,51.64,0.0,0.0,0.0,0.0,0.0,198.7,23796.0,45017.0,20.3,14.0,59.0,30.059999999999995,7.33,192.0,0.0,0.0,
2026-04-21T01:12:01,04/21/202601:12,20.439999999999998,0.0,0.0,51.65,0.0,0.0,0.0,0.0,0.0,198.7,23796.0,45017.0,20.3,14.0,59.0,30.059999999999995,7.33,192.0,0.0,0.0,
2026-04-21T01:12:24,04/21/202601:12,20.43,0.0,0.0,51.660000000000004,0.0,0.0,0.0,0.0,0.0,198.7,23796.0,45017.0,20.3,14.0,59.0,30.059999999999995,7.33,192.0,0.0,0.0,
2026-04-21T01:13:01,04/21/202601:13,20.419999999999998,0.0,0.0,51.67,0.0,0.0,0.0,0.0,0.0,198.7,23796.0,45017.0,20.3,14.0,59.0,30.059999999999995,7.33,192.0,0.0,0.0,
2026-04-21T01:14:01,04/21/202601:14,20.419999999999998,0.0,0.0,51.68000000000001,0.0,0.0,0.0,0.0,0.0,198.7,23796.0,45017.0,20.3,14.0,59.0,30.059999999999995,7.33,192.0,0.0,0.0,
2026-04-21T01:15:01,04/21/202601:15,20.419999999999998,0.0,0.0,51.68000000000001,0.0,0.0,0.0,0.0,0.0,198.7,23796.0,45017.0,20.3,14.0,59.0,30.059999999999995,7.33,192.0,0.0,0.0,
2026-04-21T01:16:01,04/21/202601:16,20.419999999999998,0.0,0.0,51.67,0.0,0.0,0.0,0.0,0.0,198.7,23796.0,45017.0,20.3,14.0,59.0,30.059999999999995,7.33,192.0,0.0,0.0,
2026-04-21T01:17:01,04/21/202601:17,20.419999999999998,0.0,0.0,51.660000000000004,0.0,0.0,0.0,0.0,0.0,198.7,23796.0,45017.0,20.3,13.99,59.1,30.059999999999995,7.348999999999999,192.0,0.0,0.0,
2026-04-21T01:18:00,04/21/202601:18,20.419999999999998,0.0,0.0,51.65,0.0,0.0,0.0,0.0,0.0,198.7,23796.0,45017.0,20.3,13.98,59.2,30.059999999999995,7.368,192.0,0.0,0.0,
2026-04-21T01:19:46,04/21/202601:19,20.419999999999998,0.0,0.0,51.65,0.0,0.0,0.0,0.0,0.0,198.7,23796.0,45017.0,20.3,13.969999999999999,59.3,30.059999999999995,7.3870000000000005,192.0,0.0,0.0,
2026-04-21T01:20:01,04/21/202601:20,20.41,0.0,0.0,51.64,0.0,0.0,0.0,0.0,0.0,198.7,23796.0,45017.0,20.3,13.959999999999999,59.4,30.059999999999995,7.406000000000001,192.0,0.0,0.0,
2026-04-21T01:20:12,04/21/202601:20,20.41,0.0,0.0,51.63000000000001,0.0,0.0,0.0,0.0,0.0,198.7,23796.0,45017.0,20.3,13.95,59.5,30.059999999999995,7.425,192.0,0.0,0.0,
2026-04-21T01:21:00,04/21/202601:21,20.419999999999998,0.0,0.0,51.620000000000005,0.0,0.0,0.0,0.0,0.0,198.7,23796.0,45017.0,20.3,13.940000000000001,59.6,30.059999999999995,7.444,192.0,0.0,0.0,
2026-04-21T01:21:12,04/21/202601:21,20.419999999999998,0.0,0.0,51.61,0.0,0.0,0.0,0.0,0.0,198.7,23796.0,45017.0,20.3,13.930000000000001,59.7,30.059999999999995,7.462999999999999,192.0,0.0,0.0,
2026-04-21T01:22:29,04/21/202601:22,20.419999999999998,0.0,0.0,51.6,0.0,0.0,0.0,0.0,0.0,198.7,23796.0,45017.0,20.3,13.919999999999998,59.8,30.059999999999995,7.481999999999999,192.0,0.0,0.0,
2026-04-21T01:23:00,04/21/202601:23,20.419999999999998,0.0,0.0,51.6,0.0,0.0,0.0,0.0,0.0,198.7,23796.0,45017.0,20.3,13.91,59.9,30.059999999999995,7.5009999999999994,192.0,0.0,0.0,
2026-04-21T01:24:00,04/21/202601:24,20.419999999999998,0.0,0.0,51.6,0.0,0.0,0.0,0.0,0.0,198.7,23796.0,45017.0,20.3,13.9,60.0,30.059999999999995,7.519999999999999,192.0,0.0,0.0,
2026-04-21T01:25:00,04/21/202601:25,20.419999999999998,0.0,0.0,51.61,0.0,0.0,0.0,0.0,0.0,198.7,23796.0,45017.0,20.3,13.9,60.0,30.059999999999995,7.519999999999999,192.0,0.0,0.0,
2026-04-21T01:25:22,04/21/202601:25,20.43,0.0,0.0,51.61,0.0,0.0,0.0,0.0,0.0,198.7,23796.0,45017.0,20.4,13.9,60.0,30.059999999999995,7.519999999999999,192.0,0.0,0.0,
2026-04-21T01:26:00,04/21/202601:26,20.439999999999998,0.0,0.0,51.61,0.0,0.0,0.0,0.0,0.0,198.7,23796.0,45017.0,20.4,13.9,60.0,30.059999999999995,7.519999999999999,192.0,0.0,0.0,
2026-04-21T01:26:22,04/21/202601:26,20.439999999999998,0.0,0.0,51.61,0.0,0.0,0.0,0.0,0.0,198.7,23796.0,45017.0,20.3,13.9,60.0,30.059999999999995,7.519999999999999,192.0,0.0,0.0,
2026-04-21T01:27:01,04/21/202601:27,20.43,0.0,0.0,51.61,0.0,0.0,0.0,0.0,0.0,198.7,23796.0,45017.0,20.3,13.9,60.0,30.059999999999995,7.519999999999999,192.0,0.0,0.0,
2026-04-21T01:28:00,04/21/202601:28,20.419999999999998,0.0,0.0,51.61,0.0,0.0,0.0,0.0,0.0,198.7,23796.0,45017.0,20.3,13.9,60.0,30.059999999999995,7.519999999999999,192.0,0.0,0.0,
2026-04-21T01:29:01,04/21/202601:29,20.419999999999998,0.0,0.0,51.61,0.0,0.0,0.0,0.0,0.0,198.7,23796.0,45017.0,20.3,13.9,60.0,30.059999999999995,7.519999999999999,192.0,0.0,0.0,
2026-04-21T01:30:58,04/21/202601:30,20.419999999999998,0.0,0.0,51.61,0.0,0.0,0.0,0.0,0.0,198.7,23796.0,45017.0,20.3,13.89,60.0,30.059999999999995,7.519999999999999,192.0,0.0,0.0,
2026-04-21T01:31:01,04/21/202601:31,20.419999999999998,0.0,0.0,51.61,0.0,0.0,0.0,0.0,0.0,198.7,23796.0,45017.0,20.3,13.88,60.0,30.059999999999995,7.519999999999999,192.0,0.0,0.0,
2026-04-21T01:32:00,04/21/202601:32,20.419999999999998,0.0,0.0,51.61,0.0,0.0,0.0,0.0,0.0,198.7,23796.0,45017.0,20.3,13.870000000000001,60.0,30.059999999999995,7.6129999999999995,192.5,0.0,0.0,
2026-04-21T01:33:01,04/21/202601:33,20.419999999999998,0.0,0.0,51.6,0.0,0.0,0.0,0.0,0.0,198.7,23796.0,45017.0,20.3,13.86,60.0,30.059999999999995,7.706,193.0,0.0,0.0,
2026-04-21T01:34:00,04/21/202601:34,20.41,0.0,0.0,51.6,0.0,0.0,0.0,0.0,0.0,198.7,23796.0,45017.0,20.3,13.85,60.0,30.059999999999995,7.7989999999999995,193.5,0.0,0.0,
2026-04-21T01:35:01,04/21/202601:35,20.4,0.0,0.0,51.6,0.0,0.0,0.0,0.0,0.0,198.7,23796.0,45017.0,20.3,13.84,60.0,30.059999999999995,7.891999999999999,194.0,0.0,0.0,
2026-04-21T01:36:00,04/21/202601:36,20.4,0.0,0.0,51.6,0.0,0.0,0.0,0.0,0.0,198.7,23796.0,45017.0,20.3,13.830000000000002,60.0,30.059999999999995,7.984999999999999,194.5,0.0,0.0,
2026-04-21T01:37:00,04/21/202601:37,20.4,0.0,0.0,51.6,0.0,0.0,0.0,0.0,0.0,198.7,23796.0,45017.0,20.3,13.820000000000002,60.6,30.059999999999995,8.078,195.0,0.0,0.0,
2026-04-21T01:38:00,04/21/202601:38,20.4,0.0,0.0,51.589999999999996,0.0,0.0,0.0,0.0,0.0,198.7,23796.0,45017.0,20.3,13.809999999999999,61.2,30.059999999999995,8.171,195.5,0.0,0.0,
2026-04-21T01:39:00,04/21/202601:39,20.4,0.0,0.0,51.589999999999996,0.0,0.0,0.0,0.0,0.0,198.7,23796.0,45017.0,20.3,13.8,61.8,30.059999999999995,8.264,196.0,0.0,0.0,
2026-04-21T01:40:00,04/21/202601:40,20.4,0.0,0.0,51.589999999999996,0.0,0.0,0.0,0.0,0.0,198.7,23796.0,45017.0,20.3,13.8,62.4,30.059999999999995,8.357,196.5,0.0,0.0,
2026-04-21T01:40:14,04/21/202601:40,20.529999999999998,0.0,0.0,51.589999999999996,0.0,0.0,0.0,0.0,0.0,198.7,23796.0,45017.0,20.3,13.8,63.0,30.059999999999995,8.45,197.0,0.0,0.0,
2026-04-21T01:42:10,04/21/202601:42,20.66,0.0,0.0,51.589999999999996,0.0,0.0,0.0,0.0,0.0,198.7,23796.0,45017.0,20.3,13.8,63.6,30.059999999999995,8.45,197.0,0.0,0.0,
2026-04-21T01:43:00,04/21/202601:43,20.79,0.0,0.0,51.6,0.0,0.0,0.0,0.0,0.0,198.7,23796.0,45017.0,20.3,13.8,64.2,30.059999999999995,8.45,197.0,0.0,0.0,
2026-04-21T01:44:01,04/21/202601:44,20.919999999999998,0.0,0.0,51.6,0.0,0.0,0.0,0.0,0.0,198.7,23796.0,45017.0,20.3,13.8,64.8,30.059999999999995,8.45,197.0,0.0,0.0,
2026-04-21T01:45:00,04/21/202601:45,21.05,0.0,0.0,51.6,0.0,0.0,0.0,0.0,0.0,198.7,23796.0,45017.0,20.3,13.8,65.4,30.059999999999995,8.45,197.0,0.0,0.0,
2026-04-21T01:46:01,04/21/202601:46,21.18,0.0,0.0,51.6,0.0,0.0,0.0,0.0,0.0,198.7,23796.0,45017.0,20.3,13.8,66.0,30.059999999999995,8.45,197.0,0.0,0.0,
2026-04-21T01:47:00,04/21/202601:47,21.31,0.0,0.0,51.6,0.0,0.0,0.0,0.0,0.0,198.7,23796.0,45017.0,20.3,13.790000000000001,66.2,30.059999999999995,8.437999999999999,197.3,0.0,0.0,
2026-04-21T01:48:01,04/21/202601:48,21.439999999999998,0.0,0.0,51.61,0.0,0.0,0.0,0.0,0.0,198.7,23796.0,45017.0,20.3,13.780000000000001,66.4,30.059999999999995,8.425999999999998,197.6,0.0,0.0,
2026-04-21T01:49:00,04/21/202601:49,21.57,0.0,0.0,51.620000000000005,0.0,0.0,0.0,0.0,0.0,198.7,23796.0,45017.0,20.3,13.77,66.6,30.059999999999995,8.414,197.9,0.0,0.0,
2026-04-21T01:50:00,04/21/202601:50,21.7,0.0,0.0,51.620000000000005,0.0,0.0,0.0,0.0,0.0,198.7,23796.0,45017.0,20.3,13.76,66.8,30.059999999999995,8.402,198.2,0.0,0.0,
2026-04-21T01:51:00,04/21/202601:51,21.7,0.0,0.0,51.620000000000005,0.0,0.0,0.0,0.0,0.0,198.7,23796.0,45017.0,20.3,13.75,67.0,30.059999999999995,8.389999999999999,198.5,0.0,0.0,
2026-04-21T01:51:22,04/21/202601:51,21.6,0.0,0.0,51.620000000000005,0.0,0.0,0.0,0.0,0.0,198.7,23796.0,45017.0,20.3,13.74,67.2,30.059999999999995,8.378,198.8,0.0,0.0,
2026-04-21T01:52:00,04/21/202601:52,21.5,0.0,0.0,51.61,0.0,0.0,0.0,0.0,0.0,198.7,23796.0,45017.0,20.3,13.73,67.4,30.059999999999995,8.366,199.1,0.0,0.0,
2026-04-21T01:53:22,04/21/202601:53,21.369999999999997,0.0,0.0,51.61,0.0,0.0,0.0,0.0,0.0,198.7,23796.0,45017.0,20.3,13.719999999999999,67.6,30.059999999999995,8.354,199.4,0.0,0.0,
2026-04-21T01:54:00,04/21/202601:54,21.24,0.0,0.0,51.61,0.0,0.0,0.0,0.0,0.0,198.7,23796.0,45017.0,20.3,13.709999999999999,67.8,30.059999999999995,8.342,199.7,0.0,0.0,
2026-04-21T01:55:01,04/21/202601:55,21.11,0.0,0.0,51.61,0.0,0.0,0.0,0.0,0.0,198.7,23796.0,45017.0,20.3,13.7,68.0,30.059999999999995,8.33,200.0,0.0,0.0,
2026-04-21T01:56:00,04/21/202601:56,20.979999999999997,0.0,0.0,51.61,0.0,0.0,0.0,0.0,0.0,198.7,23796.0,45017.0,20.3,13.7,68.0,30.059999999999995,8.33,200.0,0.0,0.0,
2026-04-21T01:57:01,04/21/202601:57,20.85,0.0,0.0,51.61,0.0,0.0,0.0,0.0,0.0,198.7,23796.0,45017.0,20.3,13.7,68.0,30.059999999999995,8.33,200.0,0.0,0.0,
2026-04-21T01:58:00,04/21/202601:58,20.72,0.0,0.0,51.6,0.0,0.0,0.0,0.0,0.0,198.7,23796.0,45017.0,20.3,13.7,68.0,30.059999999999995,8.33,200.0,0.0,0.0,
2026-04-21T01:59:01,04/21/202601:59,20.589999999999996,0.0,0.0,51.6,0.0,0.0,0.0,0.0,0.0,198.7,23796.0,45017.0,20.3,13.7,68.0,30.059999999999995,8.33,200.0,0.0,0.0,
2026-04-21T02:00:00,04/21/202602:00,20.46,0.0,0.0,51.6,0.0,0.0,0.0,0.0,0.0,198.7,23796.0,45017.0,20.3,13.7,68.0,30.059999999999995,8.33,200.0,0.0,0.0,
2026-04-21T02:01:00,04/21/202602:01,20.43,0.0,0.0,51.6,0.0,0.0,0.0,0.0,0.0,198.7,23796.0,45017.0,20.3,13.690000000000001,68.2,30.059999999999995,8.286,199.5,0.0,0.0,
2026-04-21T02:02:58,04/21/202602:02,20.4,0.0,0.0,51.6,0.0,0.0,0.0,0.0,0.0,198.7,23796.0,45017.0,20.3,13.679999999999998,68.4,30.059999999999995,8.242,199.0,0.0,0.0,
2026-04-21T02:03:00,04/21/202602:03,20.4,0.0,0.0,51.6,0.0,0.0,0.0,0.0,0.0,198.7,23796.0,45017.0,20.3,13.669999999999998,68.6,30.059999999999995,8.198,198.5,0.0,0.0,
2026-04-21T02:04:33,04/21/202602:04,20.4,0.0,0.0,51.6,0.0,0.0,0.0,0.0,0.0,198.7,23796.0,45017.0,20.3,13.66,68.8,30.059999999999995,8.154,198.0,0.0,0.0,
2026-04-21T02:05:00,04/21/202602:05,20.4,0.0,0.0,51.6,0.0,0.0,0.0,0.0,0.0,198.7,23796.0,45017.0,20.3,13.65,69.0,30.059999999999995,8.11,197.5,0.0,0.0,
2026-04-21T02:06:01,04/21/202602:06,20.4,0.0,0.0,51.6,0.0,0.0,0.0,0.0,0.0,198.7,23796.0,45017.0,20.3,13.64,69.2,30.059999999999995,8.065999999999999,197.0,0.0,0.0,
2026-04-21T02:07:00,04/21/202602:07,20.4,0.0,0.0,51.6,0.0,0.0,0.0,0.0,0.0,198.7,23796.0,45017.0,20.3,13.629999999999999,69.4,30.059999999999995,8.022,196.5,0.0,0.0,
2026-04-21T02:08:01,04/21/202602:08,20.4,0.0,0.0,51.6,0.0,0.0,0.0,0.0,0.0,198.7,23796.0,45017.0,20.3,13.62,69.6,30.059999999999995,7.978,196.0,0.0,0.0,
2026-04-21T02:09:00,04/21/202602:09,20.4,0.0,0.0,51.6,0.0,0.0,0.0,0.0,0.0,198.7,23796.0,45017.0,20.3,13.61,69.8,30.059999999999995,7.934,195.5,0.0,0.0,
2026-04-21T02:10:01,04/21/202602:10,20.4,0.0,0.0,51.6,0.0,0.0,0.0,0.0,0.0,198.7,23796.0,45017.0,20.3,13.6,70.0,30.059999999999995,7.889999999999999,195.0,0.0,0.0,
2026-04-21T02:11:00,04/21/202602:11,20.4,0.0,0.0,51.589999999999996,0.0,0.0,0.0,0.0,0.0,198.7,23796.0,45017.0,20.3,13.6,70.0,30.059999999999995,7.889999999999999,195.0,0.0,0.0,
2026-04-21T02:12:01,04/21/202602:12,20.4,0.0,0.0,51.589999999999996,0.0,0.0,0.0,0.0,0.0,198.7,23796.0,45017.0,20.3,13.6,70.0,30.059999999999995,7.889999999999999,195.0,0.0,0.0,
2026-04-21T02:13:00,04/21/202602:13,20.4,0.0,0.0,51.589999999999996,0.0,0.0,0.0,0.0,0.0,198.7,23796.0,45017.0,20.3,13.6,70.0,30.059999999999995,7.889999999999999,195.0,0.0,0.0,
2026-04-21T02:14:01,04/21/202602:14,20.4,0.0,0.0,51.589999999999996,0.0,0.0,0.0,0.0,0.0,198.7,23796.0,45017.0,20.3,13.6,70.0,30.059999999999995,7.889999999999999,195.0,0.0,0.0,
2026-04-21T02:15:44,04/21/202602:15,20.4,0.0,0.0,51.58,0.0,0.0,0.0,0.0,0.0,198.7,23796.0,45017.0,20.3,13.6,70.0,30.059999999999995,7.889999999999999,195.0,0.0,0.0,
2026-04-21T02:16:01,04/21/202602:16,20.4,0.0,0.0,51.58,0.0,0.0,0.0,0.0,0.0,198.7,23796.0,45017.0,20.3,13.6,70.0,30.059999999999995,7.920999999999999,195.2,0.0,0.0,
2026-04-21T02:17:01,04/21/202602:17,20.4,0.0,0.0,51.58,0.0,0.0,0.0,0.0,0.0,198.7,23796.0,45017.0,20.3,13.6,70.0,30.059999999999995,7.952,195.4,0.0,0.0,
2026-04-21T02:18:01,04/21/202602:18,20.4,0.0,0.0,51.58,0.0,0.0,0.0,0.0,0.0,198.7,23796.0,45017.0,20.3,13.6,70.0,30.059999999999995,7.983,195.6,0.0,0.0,
2026-04-21T02:19:01,04/21/202602:19,20.4,0.0,0.0,51.57000000000001,0.0,0.0,0.0,0.0,0.0,198.7,23796.0,45017.0,20.3,13.6,70.0,30.059999999999995,8.014,195.8,0.0,0.0,
2026-04-21T02:20:00,04/21/202602:20,20.4,0.0,0.0,51.57000000000001,0.0,0.0,0.0,0.0,0.0,198.7,23796.0,45017.0,20.3,13.59,70.0,30.059999999999995,8.044999999999998,196.0,0.0,0.0,
2026-04-21T02:21:01,04/21/202602:21,20.4,0.0,0.0,51.57000000000001,0.0,0.0,0.0,0.0,0.0,198.7,23796.0,45017.0,20.3,13.580000000000002,70.0,30.059999999999995,8.075999999999999,196.2,0.0,0.0,
2026-04-21T02:22:00,04/21/202602:22,20.4,0.0,0.0,51.57000000000001,0.0,0.0,0.0,0.0,0.0,198.7,23796.0,45017.0,20.3,13.569999999999999,70.0,30.059999999999995,8.026,196.1,0.0,0.0,
2026-04-21T02:23:01,04/21/202602:23,20.4,0.0,0.0,51.57000000000001,0.0,0.0,0.0,0.0,0.0,198.7,23796.0,45017.0,20.3,13.559999999999999,70.0,30.059999999999995,7.975999999999999,196.0,0.0,0.0,
2026-04-21T02:24:00,04/21/202602:24,20.4,0.0,0.0,51.57000000000001,0.0,0.0,0.0,0.0,0.0,198.7,23796.0,45017.0,20.3,13.55,70.0,30.059999999999995,7.925999999999999,195.9,0.0,0.0,
2026-04-21T02:25:01,04/21/202602:25,20.4,0.0,0.0,51.58,0.0,0.0,0.0,0.0,0.0,198.7,23796.0,45017.0,20.3,13.540000000000001,70.0,30.059999999999995,7.8759999999999994,195.8,0.0,0.0,
2026-04-21T02:26:55,04/21/202602:26,20.4,0.0,0.0,51.57000000000001,0.0,0.0,0.0,0.0,0.0,198.7,23796.0,45017.0,20.3,13.530000000000001,70.0,30.059999999999995,7.794999999999999,195.5,0.0,0.0,
2026-04-21T02:27:01,04/21/202602:27,20.4,0.0,0.0,51.56,0.0,0.0,0.0,0.0,0.0,198.7,23796.0,45017.0,20.3,13.52,70.0,30.059999999999995,7.714,195.2,0.0,0.0,
2026-04-21T02:28:01,04/21/202602:28,20.4,0.0,0.0,51.56,0.0,0.0,0.0,0.0,0.0,198.7,23796.0,45017.0,20.3,13.51,70.0,30.059999999999995,7.633,194.9,0.0,0.0,
2026-04-21T02:29:17,04/21/202602:29,20.4,0.0,0.0,51.57000000000001,0.0,0.0,0.0,0.0,0.0,198.7,23796.0,45017.0,20.3,13.5,70.0,30.059999999999995,7.552,194.6,0.0,0.0,
2026-04-21T02:30:01,04/21/202602:30,20.4,0.0,0.0,51.57000000000001,0.0,0.0,0.0,0.0,0.0,198.7,23796.0,45017.0,20.3,13.5,70.0,30.059999999999995,7.470999999999999,194.3,0.0,0.0,
2026-04-21T02:31:00,04/21/202602:31,20.4,0.0,0.0,51.58,0.0,0.0,0.0,0.0,0.0,198.7,23796.0,45017.0,20.3,13.5,70.0,30.059999999999995,7.389999999999999,194.0,0.0,0.0,
2026-04-21T02:32:01,04/21/202602:32,20.4,0.0,0.0,51.58,0.0,0.0,0.0,0.0,0.0,198.7,23796.0,45017.0,20.3,13.49,70.0,30.059999999999995,7.453,193.9,0.0,0.0,
2026-04-21T02:33:00,04/21/202602:33,20.4,0.0,0.0,51.58,0.0,0.0,0.0,0.0,0.0,198.7,23796.0,45017.0,20.3,13.48,70.0,30.059999999999995,7.516,193.8,0.0,0.0,
2026-04-21T02:34:01,04/21/202602:34,20.4,0.0,0.0,51.58,0.0,0.0,0.0,0.0,0.0,198.7,23796.0,45017.0,20.3,13.469999999999999,70.0,30.059999999999995,7.578999999999999,193.7,0.0,0.0,
2026-04-21T02:35:01,04/21/202602:35,20.4,0.0,0.0,51.58,0.0,0.0,0.0,0.0,0.0,198.7,23796.0,45017.0,20.3,13.459999999999999,70.0,30.059999999999995,7.642,193.6,0.0,0.0,
2026-04-21T02:36:01,04/21/202602:36,20.4,0.0,0.0,51.589999999999996,0.0,0.0,0.0,0.0,0.0,198.7,23796.0,45017.0,20.3,13.45,70.0,30.059999999999995,7.705,193.5,0.0,0.0,
2026-04-21T02:38:07,04/21/202602:38,20.4,0.0,0.0,51.589999999999996,0.0,0.0,0.0,0.0,0.0,198.7,23796.0,45017.0,20.3,13.440000000000001,70.0,30.059999999999995,7.767999999999999,193.4,0.0,0.0,
2026-04-21T02:39:01,04/21/202602:39,20.4,0.0,0.0,51.589999999999996,0.0,0.0,0.0,0.0,0.0,198.7,23796.0,45017.0,20.3,13.430000000000001,70.0,30.059999999999995,7.831,193.3,0.0,0.0,
2026-04-21T02:40:01,04/21/202602:40,20.4,0.0,0.0,51.58,0.0,0.0,0.0,0.0,0.0,198.7,23796.0,45017.0,20.3,13.419999999999998,70.0,30.059999999999995,7.894,193.2,0.0,0.0,
2026-04-21T02:41:01,04/21/202602:41,20.4,0.0,0.0,51.58,0.0,0.0,0.0,0.0,0.0,198.7,23796.0,45017.0,20.3,13.41,70.0,30.059999999999995,7.956999999999999,193.1,0.0,0.0,
2026-04-21T02:42:01,04/21/202602:42,20.4,0.0,0.0,51.57000000000001,0.0,0.0,0.0,0.0,0.0,198.7,23796.0,45017.0,20.3,13.4,70.0,30.059999999999995,8.02,193.0,0.0,0.0,
2026-04-21T02:43:01,04/21/202602:43,20.4,0.0,0.0,51.57000000000001,0.0,0.0,0.0,0.0,0.0,198.7,23796.0,45017.0,20.3,13.4,70.0,30.059999999999995,8.02,193.0,0.0,0.0,
2026-04-21T02:44:01,04/21/202602:44,20.4,0.0,0.0,51.56,0.0,0.0,0.0,0.0,0.0,198.7,23796.0,45017.0,20.3,13.4,70.0,30.059999999999995,8.02,193.0,0.0,0.0,
2026-04-21T02:44:55,04/21/202602:44,20.389999999999997,0.0,0.0,51.56,0.0,0.0,0.0,0.0,0.0,198.7,23796.0,45017.0,20.3,13.4,70.0,30.059999999999995,8.02,193.0,0.0,0.0,
2026-04-21T02:45:01,04/21/202602:45,20.38,0.0,0.0,51.56,0.0,0.0,0.0,0.0,0.0,198.7,23796.0,45017.0,20.3,13.4,70.0,30.059999999999995,8.02,193.0,0.0,0.0,
2026-04-21T02:45:56,04/21/202602:45,20.38,0.0,0.0,51.55,0.0,0.0,0.0,0.0,0.0,198.7,23796.0,45017.0,20.3,13.41,69.9,30.059999999999995,8.032,193.3,0.0,0.0,
2026-04-21T02:46:01,04/21/202602:46,20.38,0.0,0.0,51.55,0.0,0.0,0.0,0.0,0.0,198.7,23796.0,45017.0,20.3,13.419999999999998,69.8,30.059999999999995,8.044,193.6,0.0,0.0,
2026-04-21T02:47:01,04/21/202602:47,20.38,0.0,0.0,51.55,0.0,0.0,0.0,0.0,0.0,198.7,23796.0,45017.0,20.3,13.430000000000001,69.7,30.059999999999995,8.056000000000001,193.9,0.0,0.0,
2026-04-21T02:48:01,04/21/202602:48,20.38,0.0,0.0,51.56,0.0,0.0,0.0,0.0,0.0,198.7,23796.0,45017.0,20.3,13.440000000000001,69.6,30.059999999999995,8.068000000000001,194.2,0.0,0.0,
2026-04-21T02:49:18,04/21/202602:49,20.38,0.0,0.0,51.56,0.0,0.0,0.0,0.0,0.0,198.7,23796.0,45017.0,20.3,13.45,69.5,30.059999999999995,8.08,194.5,0.0,0.0,
2026-04-21T02:50:00,04/21/202602:50,20.38,0.0,0.0,51.57000000000001,0.0,0.0,0.0,0.0,0.0,198.7,23796.0,45017.0,20.3,13.459999999999999,69.4,30.059999999999995,8.092,194.8,0.0,0.0,
2026-04-21T02:51:00,04/21/202602:51,20.38,0.0,0.0,51.57000000000001,0.0,0.0,0.0,0.0,0.0,198.7,23796.0,45017.0,20.3,13.469999999999999,69.3,30.059999999999995,8.104000000000001,195.1,0.0,0.0,
2026-04-21T02:52:00,04/21/202602:52,20.38,0.0,0.0,51.57000000000001,0.0,0.0,0.0,0.0,0.0,198.7,23796.0,45017.0,20.3,13.48,69.2,30.059999999999995,8.116,195.4,0.0,0.0,
2026-04-21T02:53:00,04/21/202602:53,20.389999999999997,0.0,0.0,51.57000000000001,0.0,0.0,0.0,0.0,0.0,198.7,23796.0,45017.0,20.3,13.49,69.1,30.059999999999995,8.128,195.7,0.0,0.0,
2026-04-21T02:54:00,04/21/202602:54,20.4,0.0,0.0,51.56,0.0,0.0,0.0,0.0,0.0,198.7,23796.0,45017.0,20.3,13.5,69.0,30.059999999999995,8.14,196.0,0.0,0.0,
2026-04-21T02:55:00,04/21/202602:55,20.4,0.0,0.0,51.56,0.0,0.0,0.0,0.0,0.0,198.7,23796.0,45017.0,20.3,13.5,69.0,30.059999999999995,8.14,196.0,0.0,0.0,
2026-04-21T02:56:00,04/21/202602:56,20.4,0.0,0.0,51.56,0.0,0.0,0.0,0.0,0.0,198.7,23796.0,45017.0,20.3,13.5,69.0,30.059999999999995,8.14,196.0,0.0,0.0,
2026-04-21T02:57:00,04/21/202602:57,20.4,0.0,0.0,51.56,0.0,0.0,0.0,0.0,0.0,198.7,23796.0,45017.0,20.3,13.5,69.0,30.059999999999995,8.14,196.0,0.0,0.0,
2026-04-21T02:58:00,04/21/202602:58,20.4,0.0,0.0,51.56,0.0,0.0,0.0,0.0,0.0,198.7,23796.0,45017.0,20.3,13.5,69.0,30.059999999999995,8.14,196.0,0.0,0.0,
2026-04-21T02:59:00,04/21/202602:59,20.4,0.0,0.0,51.56,0.0,0.0,0.0,0.0,0.0,198.7,23796.0,45017.0,20.3,13.5,69.0,30.059999999999995,8.14,196.0,0.0,0.0,
2026-04-21T03:00:29,04/21/202603:00,20.4,0.0,0.0,51.55,0.0,0.0,0.0,0.0,0.0,198.7,23796.0,45017.0,20.3,13.5,69.0,30.059999999999995,8.14,196.0,0.0,0.0,
2026-04-21T03:00:37,04/21/202603:00,20.389999999999997,0.0,0.0,51.54,0.0,0.0,0.0,0.0,0.0,198.7,23796.0,45017.0,20.3,13.5,69.0,30.059999999999995,8.14,196.0,0.0,0.0,
2026-04-21T03:01:00,04/21/202603:01,20.38,0.0,0.0,51.54,0.0,0.0,0.0,0.0,0.0,198.7,23796.0,45017.0,20.3,13.5,69.0,30.059999999999995,8.14,196.0,0.0,0.0,
2026-04-21T03:01:36,04/21/202603:01,20.38,0.0,0.0,51.54,0.0,0.0,0.0,0.0,0.0,198.7,23796.0,45017.0,20.3,13.49,69.0,30.059999999999995,8.171000000000001,196.1,0.0,0.0,
2026-04-21T03:02:00,04/21/202603:02,20.38,0.0,0.0,51.55,0.0,0.0,0.0,0.0,0.0,198.7,23796.0,45017.0,20.3,13.48,69.0,30.059999999999995,8.202000000000002,196.2,0.0,0.0,
2026-04-21T03:03:00,04/21/202603:03,20.38,0.0,0.0,51.55,0.0,0.0,0.0,0.0,0.0,198.7,23796.0,45017.0,20.3,13.469999999999999,69.0,30.059999999999995,8.233,196.3,0.0,0.0,
2026-04-21T03:04:00,04/21/202603:04,20.38,0.0,0.0,51.55,0.0,0.0,0.0,0.0,0.0,198.7,23796.0,45017.0,20.3,13.459999999999999,69.0,30.059999999999995,8.264,196.4,0.0,0.0,
2026-04-21T03:05:00,04/21/202603:05,20.38,0.0,0.0,51.55,0.0,0.0,0.0,0.0,0.0,198.7,23796.0,45017.0,20.3,13.45,69.2,30.059999999999995,8.295,196.5,0.0,0.0,
2026-04-21T03:06:01,04/21/202603:06,20.38,0.0,0.0,51.55,0.0,0.0,0.0,0.0,0.0,198.7,23796.0,45017.0,20.3,13.440000000000001,69.4,30.059999999999995,8.325999999999999,196.6,0.0,0.0,
2026-04-21T03:07:00,04/21/202603:07,20.38,0.0,0.0,51.54,0.0,0.0,0.0,0.0,0.0,198.7,23796.0,45017.0,20.2,13.430000000000001,69.6,30.059999999999995,8.357,196.7,0.0,0.0,
2026-04-21T03:08:01,04/21/202603:08,20.38,0.0,0.0,51.54,0.0,0.0,0.0,0.0,0.0,198.7,23796.0,45017.0,20.3,13.419999999999998,69.8,30.059999999999995,8.388,196.8,0.0,0.0,
2026-04-21T03:09:00,04/21/202603:09,20.389999999999997,0.0,0.0,51.54,0.0,0.0,0.0,0.0,0.0,198.7,23796.0,45017.0,20.3,13.41,70.0,30.059999999999995,8.419,196.9,0.0,0.0,
2026-04-21T03:10:00,04/21/202603:10,20.4,0.0,0.0,51.55,0.0,0.0,0.0,0.0,0.0,198.7,23796.0,45017.0,20.3,13.4,70.2,30.059999999999995,8.45,197.0,0.0,0.0,
2026-04-21T03:11:41,04/21/202603:11,20.4,0.0,0.0,51.54,0.0,0.0,0.0,0.0,0.0,198.7,23796.0,45017.0,20.3,13.4,70.4,30.059999999999995,8.45,197.0,0.0,0.0,
2026-04-21T03:12:00,04/21/202603:12,20.4,0.0,0.0,51.529999999999994,0.0,0.0,0.0,0.0,0.0,198.7,23796.0,45017.0,20.3,13.4,70.6,30.059999999999995,8.45,197.0,0.0,0.0,
2026-04-21T03:13:00,04/21/202603:13,20.4,0.0,0.0,51.529999999999994,0.0,0.0,0.0,0.0,0.0,198.7,23796.0,45017.0,20.2,13.4,70.8,30.059999999999995,8.45,197.0,0.0,0.0,
2026-04-21T03:13:01,04/21/202603:13,20.389999999999997,0.0,0.0,51.54,0.0,0.0,0.0,0.0,0.0,198.7,23796.0,45017.0,20.2,13.4,71.0,30.059999999999995,8.45,197.0,0.0,0.0,
2026-04-21T03:14:00,04/21/202603:14,20.38,0.0,0.0,51.54,0.0,0.0,0.0,0.0,0.0,198.7,23796.0,45017.0,20.2,13.4,71.0,30.059999999999995,8.45,197.0,0.0,0.0,
2026-04-21T03:14:01,04/21/202603:14,20.38,0.0,0.0,51.529999999999994,0.0,0.0,0.0,0.0,0.0,198.7,23796.0,45017.0,20.2,13.4,71.0,30.059999999999995,8.45,197.0,0.0,0.0,
2026-04-21T03:15:01,04/21/202603:15,20.38,0.0,0.0,51.529999999999994,0.0,0.0,0.0,0.0,0.0,198.7,23796.0,45017.0,20.3,13.4,71.0,30.059999999999995,8.45,197.0,0.0,0.0,
2026-04-21T03:16:00,04/21/202603:16,20.38,0.0,0.0,51.529999999999994,0.0,0.0,0.0,0.0,0.0,198.7,23796.0,45017.0,20.3,13.4,71.0,30.059999999999995,8.45,197.0,0.0,0.0,
2026-04-21T03:17:01,04/21/202603:17,20.38,0.0,0.0,51.54,0.0,0.0,0.0,0.0,0.0,198.7,23796.0,45017.0,20.2,13.4,70.9,30.059999999999995,8.431999999999999,197.2,0.0,0.0,
2026-04-21T03:18:00,04/21/202603:18,20.38,0.0,0.0,51.54,0.0,0.0,0.0,0.0,0.0,198.7,23796.0,45017.0,20.2,13.4,70.8,30.059999999999995,8.413999999999998,197.4,0.0,0.0,
2026-04-21T03:18:01,04/21/202603:18,20.369999999999997,0.0,0.0,51.54,0.0,0.0,0.0,0.0,0.0,198.7,23796.0,45017.0,20.2,13.4,70.7,30.059999999999995,8.395999999999999,197.6,0.0,0.0,
2026-04-21T03:19:01,04/21/202603:19,20.36,0.0,0.0,51.54,0.0,0.0,0.0,0.0,0.0,198.7,23796.0,45017.0,20.2,13.4,70.6,30.059999999999995,8.378,197.8,0.0,0.0,
2026-04-21T03:19:34,04/21/202603:19,20.36,0.0,0.0,51.54,0.0,0.0,0.0,0.0,0.0,198.7,23796.0,45017.0,20.3,13.4,70.5,30.059999999999995,8.36,198.0,0.0,0.0,
2026-04-21T03:20:00,04/21/202603:20,20.369999999999997,0.0,0.0,51.529999999999994,0.0,0.0,0.0,0.0,0.0,198.7,23796.0,45017.0,20.3,13.4,70.4,30.059999999999995,8.341999999999999,198.2,0.0,0.0,
2026-04-21T03:21:01,04/21/202603:21,20.38,0.0,0.0,51.529999999999994,0.0,0.0,0.0,0.0,0.0,198.7,23796.0,45017.0,20.3,13.4,70.3,30.059999999999995,8.324,198.4,0.0,0.0,
2026-04-21T03:22:52,04/21/202603:22,20.38,0.0,0.0,51.529999999999994,0.0,0.0,0.0,0.0,0.0,198.7,23796.0,45017.0,20.2,13.4,70.2,30.059999999999995,8.306000000000001,198.6,0.0,0.0,
2026-04-21T03:23:01,04/21/202603:23,20.38,0.0,0.0,51.529999999999994,0.0,0.0,0.0,0.0,0.0,198.7,23796.0,45017.0,20.2,13.4,70.1,30.059999999999995,8.288,198.8,0.0,0.0,
2026-04-21T03:24:01,04/21/202603:24,20.38,0.0,0.0,51.529999999999994,0.0,0.0,0.0,0.0,0.0,198.7,23796.0,45017.0,20.2,13.4,70.0,30.059999999999995,8.27,199.0,0.0,0.0,
2026-04-21T03:25:00,04/21/202603:25,20.38,0.0,0.0,51.52,0.0,0.0,0.0,0.0,0.0,198.7,23796.0,45017.0,20.2,13.4,70.0,30.059999999999995,8.27,199.0,0.0,0.0,
2026-04-21T03:26:01,04/21/202603:26,20.38,0.0,0.0,51.510000000000005,0.0,0.0,0.0,0.0,0.0,198.7,23796.0,45017.0,20.3,13.4,70.0,30.059999999999995,8.27,199.0,0.0,0.0,
2026-04-21T03:26:05,04/21/202603:26,20.38,0.0,0.0,51.510000000000005,0.0,0.0,0.0,0.0,0.0,198.7,23796.0,45017.0,20.3,13.4,70.0,30.059999999999995,8.27,199.0,0.0,0.0,
2026-04-21T03:27:00,04/21/202603:27,20.38,0.0,0.0,51.510000000000005,0.0,0.0,0.0,0.0,0.0,198.7,23796.0,45017.0,20.3,13.4,70.0,30.059999999999995,8.27,199.0,0.0,0.0,
2026-04-21T03:27:05,04/21/202603:27,20.38,0.0,0.0,51.510000000000005,0.0,0.0,0.0,0.0,0.0,198.7,23796.0,45017.0,20.2,13.4,70.0,30.059999999999995,8.27,199.0,0.0,0.0,
2026-04-21T03:28:01,04/21/202603:28,20.38,0.0,0.0,51.510000000000005,0.0,0.0,0.0,0.0,0.0,198.7,23796.0,45017.0,20.2,13.4,70.0,30.059999999999995,8.27,199.0,0.0,0.0,
2026-04-21T03:29:00,04/21/202603:29,20.38,0.0,0.0,51.5,0.0,0.0,0.0,0.0,0.0,198.7,23796.0,45017.0,20.2,13.4,70.0,30.059999999999995,8.27,199.0,0.0,0.0,
2026-04-21T03:29:04,04/21/202603:29,20.369999999999997,0.0,0.0,51.5,0.0,0.0,0.0,0.0,0.0,198.7,23796.0,45017.0,20.2,13.4,70.0,30.059999999999995,8.27,199.0,0.0,0.0,
2026-04-21T03:30:01,04/21/202603:30,20.36,0.0,0.0,51.5,0.0,0.0,0.0,0.0,0.0,198.7,23796.0,45017.0,20.2,13.4,70.0,30.059999999999995,8.27,199.0,0.0,0.0,
2026-04-21T03:30:05,04/21/202603:30,20.36,0.0,0.0,51.510000000000005,0.0,0.0,0.0,0.0,0.0,198.7,23796.0,45017.0,20.3,13.4,70.0,30.059999999999995,8.27,199.0,0.0,0.0,
2026-04-21T03:31:00,04/21/202603:31,20.36,0.0,0.0,51.52,0.0,0.0,0.0,0.0,0.0,198.7,23796.0,45017.0,20.3,13.4,70.0,30.059999999999995,8.27,199.0,0.0,0.0,
2026-04-21T03:32:01,04/21/202603:32,20.36,0.0,0.0,51.52,0.0,0.0,0.0,0.0,0.0,198.7,23796.0,45017.0,20.2,13.3,70.0,30.059999999999995,8.27,199.0,0.0,0.0,
2026-04-21T03:34:03,04/21/202603:34,20.369999999999997,0.0,0.0,51.52,0.0,0.0,0.0,0.0,0.0,198.7,23796.0,45017.0,20.3,13.2,70.0,30.059999999999995,7.840999999999999,195.5,0.0,0.0,
2026-04-21T03:35:01,04/21/202603:35,20.38,0.0,0.0,51.529999999999994,0.0,0.0,0.0,0.0,0.0,198.7,23796.0,45017.0,20.3,13.1,70.0,30.059999999999995,7.411999999999999,192.0,0.0,0.0,
2026-04-21T03:36:01,04/21/202603:36,20.38,0.0,0.0,51.529999999999994,0.0,0.0,0.0,0.0,0.0,198.7,23796.0,45017.0,20.2,13.0,70.0,30.059999999999995,6.983,188.5,0.0,0.0,
2026-04-21T03:37:01,04/21/202603:37,20.38,0.0,0.0,51.529999999999994,0.0,0.0,0.0,0.0,0.0,198.7,23796.0,45017.0,20.3,12.9,70.0,30.059999999999995,6.553999999999999,185.0,0.0,0.0,
2026-04-21T03:38:01,04/21/202603:38,20.38,0.0,0.0,51.529999999999994,0.0,0.0,0.0,0.0,0.0,198.7,23796.0,45017.0,20.2,12.8,70.0,30.059999999999995,6.125,181.5,0.0,0.0,
2026-04-21T03:39:01,04/21/202603:39,20.389999999999997,0.0,0.0,51.529999999999994,0.0,0.0,0.0,0.0,0.0,198.7,23796.0,45017.0,20.2,12.7,70.3,30.059999999999995,5.696,178.0,0.0,0.0,
2026-04-21T03:39:05,04/21/202603:39,20.389999999999997,0.0,0.0,51.529999999999994,0.0,0.0,0.0,0.0,0.0,198.7,23796.0,45017.0,20.2,12.6,70.6,30.059999999999995,5.267,174.5,0.0,0.0,
2026-04-21T03:40:01,04/21/202603:40,20.38,0.0,0.0,51.52,0.0,0.0,0.0,0.0,0.0,198.7,23796.0,45017.0,20.2,12.5,70.9,30.059999999999995,4.837999999999999,171.0,0.0,0.0,
2026-04-21T03:41:01,04/21/202603:41,20.369999999999997,0.0,0.0,51.510000000000005,0.0,0.0,0.0,0.0,0.0,198.7,23796.0,45017.0,20.2,12.4,71.2,30.059999999999995,4.409,167.5,0.0,0.0,
2026-04-21T03:42:00,04/21/202603:42,20.36,0.0,0.0,51.510000000000005,0.0,0.0,0.0,0.0,0.0,198.7,23796.0,45017.0,20.2,12.4,71.5,30.059999999999995,3.9799999999999995,164.0,0.0,0.0,
2026-04-21T03:42:05,04/21/202603:42,20.36,0.0,0.0,51.510000000000005,0.0,0.0,0.0,0.0,0.0,198.7,23796.0,45017.0,20.3,12.4,71.8,30.059999999999995,3.9799999999999995,164.0,0.0,0.0,
2026-04-21T03:43:01,04/21/202603:43,20.36,0.0,0.0,51.5,0.0,0.0,0.0,0.0,0.0,198.7,23796.0,45017.0,20.3,12.4,72.1,30.059999999999995,3.9799999999999995,164.0,0.0,0.0,
2026-04-21T03:44:00,04/21/202603:44,20.36,0.0,0.0,51.5,0.0,0.0,0.0,0.0,0.0,198.7,23796.0,45017.0,20.2,12.4,72.4,30.059999999999995,3.9799999999999995,164.0,0.0,0.0,
2026-04-21T03:45:15,04/21/202603:45,20.36,0.0,0.0,51.510000000000005,0.0,0.0,0.0,0.0,0.0,198.7,23796.0,45017.0,20.3,12.4,72.7,30.059999999999995,3.9799999999999995,164.0,0.0,0.0,
2026-04-21T03:46:01,04/21/202603:46,20.36,0.0,0.0,51.52,0.0,0.0,0.0,0.0,0.0,198.7,23796.0,45017.0,20.3,12.4,73.0,30.059999999999995,3.9799999999999995,164.0,0.0,0.0,
2026-04-21T03:47:01,04/21/202603:47,20.36,0.0,0.0,51.510000000000005,0.0,0.0,0.0,0.0,0.0,198.7,23796.0,45017.0,20.2,12.39,73.0,30.059999999999995,4.029,165.6,0.0,0.0,
2026-04-21T03:48:01,04/21/202603:48,20.369999999999997,0.0,0.0,51.510000000000005,0.0,0.0,0.0,0.0,0.0,198.7,23796.0,45017.0,20.2,12.38,73.0,30.059999999999995,4.078,167.2,0.0,0.0,
2026-04-21T03:49:01,04/21/202603:49,20.38,0.0,0.0,51.510000000000005,0.0,0.0,0.0,0.0,0.0,198.7,23796.0,45017.0,20.2,12.370000000000001,73.0,30.059999999999995,4.127,168.8,0.0,0.0,
2026-04-21T03:50:01,04/21/202603:50,20.389999999999997,0.0,0.0,51.510000000000005,0.0,0.0,0.0,0.0,0.0,198.7,23796.0,45017.0,20.2,12.360000000000001,73.0,30.059999999999995,4.176,170.4,0.0,0.0,
2026-04-21T03:51:01,04/21/202603:51,20.4,0.0,0.0,51.510000000000005,0.0,0.0,0.0,0.0,0.0,198.7,23796.0,45017.0,20.2,12.35,73.0,30.059999999999995,4.225,172.0,0.0,0.0,
2026-04-21T03:52:01,04/21/202603:52,20.4,0.0,0.0,51.510000000000005,0.0,0.0,0.0,0.0,0.0,198.7,23796.0,45017.0,20.3,12.34,73.0,30.059999999999995,4.273999999999999,173.6,0.0,0.0,
2026-04-21T03:53:01,04/21/202603:53,20.4,0.0,0.0,51.510000000000005,0.0,0.0,0.0,0.0,0.0,198.7,23796.0,45017.0,20.2,12.330000000000002,73.0,30.059999999999995,4.3229999999999995,175.2,0.0,0.0,
2026-04-21T03:54:01,04/21/202603:54,20.4,0.0,0.0,51.510000000000005,0.0,0.0,0.0,0.0,0.0,198.7,23796.0,45017.0,20.2,12.32,73.0,30.059999999999995,4.372,176.8,0.0,0.0,
2026-04-21T03:55:01,04/21/202603:55,20.4,0.0,0.0,51.489999999999995,0.0,0.0,0.0,0.0,0.0,198.7,23796.0,45017.0,20.2,12.31,73.0,30.059999999999995,4.421,178.4,0.0,0.0,
2026-04-21T03:55:09,04/21/202603:55,20.389999999999997,0.0,0.0,51.48,0.0,0.0,0.0,0.0,0.0,198.7,23796.0,45017.0,20.2,12.3,73.0,30.059999999999995,4.47,180.0,0.0,0.0,
2026-04-21T03:56:27,04/21/202603:56,20.389999999999997,0.0,0.0,51.48,0.0,0.0,0.0,0.0,0.0,198.7,23796.0,45017.0,20.2,12.3,73.0,30.059999999999995,4.47,180.0,0.0,0.0,
2026-04-21T03:57:00,04/21/202603:57,20.389999999999997,0.0,0.0,51.470000000000006,0.0,0.0,0.0,0.0,0.0,198.7,23796.0,45017.0,20.2,12.3,73.0,30.059999999999995,4.47,180.0,0.0,0.0,
2026-04-21T03:58:01,04/21/202603:58,20.389999999999997,0.0,0.0,51.470000000000006,0.0,0.0,0.0,0.0,0.0,198.7,23796.0,45017.0,20.2,12.3,73.0,30.059999999999995,4.47,180.0,0.0,0.0,
2026-04-21T03:58:09,04/21/202603:58,20.38,0.0,0.0,51.470000000000006,0.0,0.0,0.0,0.0,0.0,198.7,23796.0,45017.0,20.2,12.3,73.0,30.059999999999995,4.47,180.0,0.0,0.0,
2026-04-21T03:59:00,04/21/202603:59,20.369999999999997,0.0,0.0,51.470000000000006,0.0,0.0,0.0,0.0,0.0,198.7,23796.0,45017.0,20.2,12.3,73.0,30.059999999999995,4.47,180.0,0.0,0.0,
2026-04-21T04:00:01,04/21/202604:00,20.36,0.0,0.0,51.470000000000006,0.0,0.0,0.0,0.0,0.0,198.7,23796.0,45017.0,20.2,12.3,73.0,30.059999999999995,4.47,180.0,0.0,0.0,
2026-04-21T04:00:09,04/21/202604:00,20.36,0.0,0.0,51.470000000000006,0.0,0.0,0.0,0.0,0.0,198.7,23796.0,45017.0,20.2,12.3,73.0,30.059999999999995,4.47,180.0,0.0,0.0,
2026-04-21T04:01:00,04/21/202604:01,20.36,0.0,0.0,51.470000000000006,0.0,0.0,0.0,0.0,0.0,198.7,23796.0,45017.0,20.2,12.3,73.0,30.059999999999995,4.47,180.0,0.0,0.0,
2026-04-21T04:01:08,04/21/202604:01,20.35,0.0,0.0,51.470000000000006,0.0,0.0,0.0,0.0,0.0,198.7,23796.0,45017.0,20.2,12.3,73.0,30.059999999999995,4.589,180.9,0.0,0.0,
2026-04-21T04:02:01,04/21/202604:02,20.35,0.0,0.0,51.46,0.0,0.0,0.0,0.0,0.0,198.7,23796.0,45017.0,20.2,12.3,73.0,30.059999999999995,4.708,181.8,0.0,0.0,
2026-04-21T04:03:00,04/21/202604:03,20.34,0.0,0.0,51.470000000000006,0.0,0.0,0.0,0.0,0.0,198.7,23796.0,45017.0,20.2,12.3,73.0,30.059999999999995,4.827,182.7,0.0,0.0,
2026-04-21T04:03:08,04/21/202604:03,20.34,0.0,0.0,51.470000000000006,0.0,0.0,0.0,0.0,0.0,198.7,23796.0,45017.0,20.2,12.3,73.0,30.059999999999995,4.946,183.6,0.0,0.0,
2026-04-21T04:04:01,04/21/202604:04,20.34,0.0,0.0,51.470000000000006,0.0,0.0,0.0,0.0,0.0,198.7,23796.0,45017.0,20.2,12.3,73.0,30.059999999999995,5.0649999999999995,184.5,0.0,0.0,
2026-04-21T04:05:00,04/21/202604:05,20.35,0.0,0.0,51.470000000000006,0.0,0.0,0.0,0.0,0.0,198.7,23796.0,45017.0,20.2,12.3,73.0,30.059999999999995,5.184,185.4,0.0,0.0,
2026-04-21T04:06:00,04/21/202604:06,20.36,0.0,0.0,51.470000000000006,0.0,0.0,0.0,0.0,0.0,198.7,23796.0,45017.0,20.3,12.3,73.0,30.059999999999995,5.303,186.3,0.0,0.0,
2026-04-21T04:07:39,04/21/202604:07,20.369999999999997,0.0,0.0,51.470000000000006,0.0,0.0,0.0,0.0,0.0,198.7,23796.0,45017.0,20.2,12.3,73.0,30.059999999999995,5.422,187.2,0.0,0.0,
2026-04-21T04:08:00,04/21/202604:08,20.369999999999997,0.0,0.0,51.470000000000006,0.0,0.0,0.0,0.0,0.0,198.7,23796.0,45017.0,20.2,12.3,73.0,30.059999999999995,5.541,188.1,0.0,0.0,
2026-04-21T04:09:01,04/21/202604:09,20.369999999999997,0.0,0.0,51.470000000000006,0.0,0.0,0.0,0.0,0.0,198.7,23796.0,45017.0,20.2,12.3,73.0,30.059999999999995,5.66,189.0,0.0,0.0,
2026-04-21T04:09:26,04/21/202604:09,20.369999999999997,0.0,0.0,51.48,0.0,0.0,0.0,0.0,0.0,198.7,23796.0,45017.0,20.2,12.3,73.0,30.059999999999995,5.66,189.0,0.0,0.0,
2026-04-21T04:10:00,04/21/202604:10,20.369999999999997,0.0,0.0,51.489999999999995,0.0,0.0,0.0,0.0,0.0,198.7,23796.0,45017.0,20.2,12.3,73.0,30.059999999999995,5.66,189.0,0.0,0.0,
2026-04-21T04:11:01,04/21/202604:11,20.369999999999997,0.0,0.0,51.489999999999995,0.0,0.0,0.0,0.0,0.0,198.7,23796.0,45017.0,20.2,12.3,73.0,30.059999999999995,5.66,189.0,0.0,0.0,
2026-04-21T04:11:26,04/21/202604:11,20.369999999999997,0.0,0.0,51.489999999999995,0.0,0.0,0.0,0.0,0.0,198.7,23796.0,45017.0,20.2,12.3,73.0,30.059999999999995,5.66,189.0,0.0,0.0,
2026-04-21T04:12:00,04/21/202604:12,20.369999999999997,0.0,0.0,51.48,0.0,0.0,0.0,0.0,0.0,198.7,23796.0,45017.0,20.2,12.3,73.0,30.059999999999995,5.66,189.0,0.0,0.0,
2026-04-21T04:13:01,04/21/202604:13,20.369999999999997,0.0,0.0,51.48,0.0,0.0,0.0,0.0,0.0,198.7,23796.0,45017.0,20.2,12.3,73.0,30.059999999999995,5.66,189.0,0.0,0.0,
2026-04-21T04:13:26,04/21/202604:13,20.36,0.0,0.0,51.48,0.0,0.0,0.0,0.0,0.0,198.7,23796.0,45017.0,20.2,12.3,73.0,30.059999999999995,5.66,189.0,0.0,0.0,
2026-04-21T04:14:00,04/21/202604:14,20.35,0.0,0.0,51.48,0.0,0.0,0.0,0.0,0.0,198.7,23796.0,45017.0,20.2,12.3,73.0,30.059999999999995,5.66,189.0,0.0,0.0,
2026-04-21T04:15:58,04/21/202604:15,20.34,0.0,0.0,51.470000000000006,0.0,0.0,0.0,0.0,0.0,198.7,23796.0,45017.0,20.2,12.31,72.9,30.059999999999995,5.765,190.2,0.0,0.0,
2026-04-21T04:16:00,04/21/202604:16,20.330000000000002,0.0,0.0,51.46,0.0,0.0,0.0,0.0,0.0,198.7,23796.0,45017.0,20.2,12.32,72.8,30.059999999999995,5.87,191.4,0.0,0.0,
2026-04-21T04:16:59,04/21/202604:16,20.34,0.0,0.0,51.46,0.0,0.0,0.0,0.0,0.0,198.7,23796.0,45017.0,20.2,12.330000000000002,72.7,30.059999999999995,5.975,192.6,0.0,0.0,
2026-04-21T04:17:01,04/21/202604:17,20.35,0.0,0.0,51.46,0.0,0.0,0.0,0.0,0.0,198.7,23796.0,45017.0,20.2,12.34,72.6,30.059999999999995,6.08,193.8,0.0,0.0,
2026-04-21T04:18:50,04/21/202604:18,20.36,0.0,0.0,51.46,0.0,0.0,0.0,0.0,0.0,198.7,23796.0,45017.0,20.2,12.35,72.5,30.059999999999995,6.1850000000000005,195.0,0.0,0.0,
2026-04-21T04:18:58,04/21/202604:18,20.35,0.0,0.0,51.470000000000006,0.0,0.0,0.0,0.0,0.0,198.7,23796.0,45017.0,20.2,12.360000000000001,72.4,30.059999999999995,6.29,196.2,0.0,0.0,
2026-04-21T04:19:01,04/21/202604:19,20.34,0.0,0.0,51.48,0.0,0.0,0.0,0.0,0.0,198.7,23796.0,45017.0,20.2,12.370000000000001,72.3,30.059999999999995,6.3950000000000005,197.4,0.0,0.0,
2026-04-21T04:20:00,04/21/202604:20,20.330000000000002,0.0,0.0,51.48,0.0,0.0,0.0,0.0,0.0,198.7,23796.0,45017.0,20.2,12.38,72.2,30.059999999999995,6.5,198.6,0.0,0.0,
2026-04-21T04:21:00,04/21/202604:21,20.330000000000002,0.0,0.0,51.48,0.0,0.0,0.0,0.0,0.0,198.7,23796.0,45017.0,20.2,12.39,72.1,30.059999999999995,6.6049999999999995,199.8,0.0,0.0,
2026-04-21T04:21:48,04/21/202604:21,20.34,0.0,0.0,51.48,0.0,0.0,0.0,0.0,0.0,198.7,23796.0,45017.0,20.2,12.4,72.0,30.059999999999995,6.709999999999999,201.0,0.0,0.0,
2026-04-21T04:22:01,04/21/202604:22,20.35,0.0,0.0,51.489999999999995,0.0,0.0,0.0,0.0,0.0,198.7,23796.0,45017.0,20.2,12.4,72.0,30.059999999999995,6.709999999999999,201.0,0.0,0.0,
2026-04-21T04:23:00,04/21/202604:23,20.36,0.0,0.0,51.5,0.0,0.0,0.0,0.0,0.0,198.7,23796.0,45017.0,20.2,12.4,72.0,30.059999999999995,6.709999999999999,201.0,0.0,0.0,
2026-04-21T04:23:49,04/21/202604:23,20.35,0.0,0.0,51.489999999999995,0.0,0.0,0.0,0.0,0.0,198.7,23796.0,45017.0,20.2,12.4,72.0,30.059999999999995,6.709999999999999,201.0,0.0,0.0,
2026-04-21T04:24:01,04/21/202604:24,20.34,0.0,0.0,51.48,0.0,0.0,0.0,0.0,0.0,198.7,23796.0,45017.0,20.2,12.4,72.0,30.059999999999995,6.709999999999999,201.0,0.0,0.0,
2026-04-21T04:24:48,04/21/202604:24,20.34,0.0,0.0,51.48,0.0,0.0,0.0,0.0,0.0,198.7,23796.0,45017.0,20.2,12.4,72.0,30.059999999999995,6.709999999999999,201.0,0.0,0.0,
2026-04-21T04:25:00,04/21/202604:25,20.35,0.0,0.0,51.48,0.0,0.0,0.0,0.0,0.0,198.7,23796.0,45017.0,20.2,12.4,72.0,30.059999999999995,6.709999999999999,201.0,0.0,0.0,
2026-04-21T04:26:01,04/21/202604:26,20.36,0.0,0.0,51.470000000000006,0.0,0.0,0.0,0.0,0.0,198.7,23796.0,45017.0,20.2,12.4,72.0,30.059999999999995,6.709999999999999,201.0,0.0,0.0,
2026-04-21T04:27:00,04/21/202604:27,20.369999999999997,0.0,0.0,51.470000000000006,0.0,0.0,0.0,0.0,0.0,198.7,23796.0,45017.0,20.2,12.4,72.0,30.059999999999995,6.709999999999999,201.0,0.0,0.0,
2026-04-21T04:28:01,04/21/202604:28,20.38,0.0,0.0,51.470000000000006,0.0,0.0,0.0,0.0,0.0,198.7,23796.0,45017.0,20.2,12.4,72.0,30.059999999999995,6.709999999999999,201.0,0.0,0.0,
2026-04-21T04:29:59,04/21/202604:29,20.38,0.0,0.0,51.470000000000006,0.0,0.0,0.0,0.0,0.0,198.7,23796.0,45017.0,20.2,12.39,72.0,30.059999999999995,6.623,200.7,0.0,0.0,
2026-04-21T04:30:01,04/21/202604:30,20.38,0.0,0.0,51.470000000000006,0.0,0.0,0.0,0.0,0.0,198.7,23796.0,45017.0,20.2,12.38,72.0,30.059999999999995,6.536,200.4,0.0,0.0,
2026-04-21T04:30:48,04/21/202604:30,20.369999999999997,0.0,0.0,51.470000000000006,0.0,0.0,0.0,0.0,0.0,198.7,23796.0,45017.0,20.2,12.370000000000001,72.0,30.059999999999995,6.449,200.1,0.0,0.0,
2026-04-21T04:31:00,04/21/202604:31,20.369999999999997,0.0,0.0,51.48,0.0,0.0,0.0,0.0,0.0,198.7,23796.0,45017.0,20.2,12.360000000000001,72.0,30.059999999999995,6.362,199.8,0.0,0.0,
2026-04-21T04:31:49,04/21/202604:31,20.38,0.0,0.0,51.48,0.0,0.0,0.0,0.0,0.0,198.7,23796.0,45017.0,20.2,12.35,72.0,30.059999999999995,6.311999999999999,199.8,0.0,0.0,
2026-04-21T04:32:01,04/21/202604:32,20.38,0.0,0.0,51.470000000000006,0.0,0.0,0.0,0.0,0.0,198.7,23796.0,45017.0,20.2,12.34,72.0,30.059999999999995,6.262,199.8,0.0,0.0,
2026-04-21T04:32:48,04/21/202604:32,20.369999999999997,0.0,0.0,51.46,0.0,0.0,0.0,0.0,0.0,198.7,23796.0,45017.0,20.2,12.330000000000002,72.0,30.059999999999995,6.212,199.8,0.0,0.0,
2026-04-21T04:33:00,04/21/202604:33,20.36,0.0,0.0,51.46,0.0,0.0,0.0,0.0,0.0,198.7,23796.0,45017.0,20.2,12.32,72.0,30.059999999999995,6.162,199.8,0.0,0.0,
2026-04-21T04:33:49,04/21/202604:33,20.36,0.0,0.0,51.46,0.0,0.0,0.0,0.0,0.0,198.7,23796.0,45017.0,20.2,12.31,72.0,30.057,6.112,199.8,0.0,0.0,
2026-04-21T04:34:01,04/21/202604:34,20.36,0.0,0.0,51.46,0.0,0.0,0.0,0.0,0.0,198.7,23796.0,45017.0,20.2,12.3,72.0,30.053999999999995,6.061999999999999,199.8,0.0,0.0,
2026-04-21T04:34:48,04/21/202604:34,20.35,0.0,0.0,51.45,0.0,0.0,0.0,0.0,0.0,198.7,23796.0,45017.0,20.2,12.3,72.0,30.051,6.099,200.1,0.0,0.0,
2026-04-21T04:35:00,04/21/202604:35,20.34,0.0,0.0,51.44,0.0,0.0,0.0,0.0,0.0,198.7,23796.0,45017.0,20.2,12.3,72.0,30.048000000000002,6.136,200.4,0.0,0.0,
2026-04-21T04:35:49,04/21/202604:35,20.35,0.0,0.0,51.42999999999999,0.0,0.0,0.0,0.0,0.0,198.7,23796.0,45017.0,20.2,12.3,72.0,30.044999999999998,6.173,200.7,0.0,0.0,
2026-04-21T04:36:01,04/21/202604:36,20.36,0.0,0.0,51.42,0.0,0.0,0.0,0.0,0.0,198.7,23796.0,45017.0,20.2,12.3,72.0,30.042,6.21,201.0,0.0,0.0,
2026-04-21T04:36:48,04/21/202604:36,20.35,0.0,0.0,51.42,0.0,0.0,0.0,0.0,0.0,198.7,23796.0,45017.0,20.2,12.3,72.0,30.038999999999998,6.21,201.0,0.0,0.0,
2026-04-21T04:37:00,04/21/202604:37,20.34,0.0,0.0,51.42,0.0,0.0,0.0,0.0,0.0,198.7,23796.0,45017.0,20.2,12.3,72.0,30.036,6.21,201.0,0.0,0.0,
2026-04-21T04:37:49,04/21/202604:37,20.35,0.0,0.0,51.42,0.0,0.0,0.0,0.0,0.0,198.7,23796.0,45017.0,20.2,12.3,72.0,30.032999999999998,6.21,201.0,0.0,0.0,
2026-04-21T04:38:01,04/21/202604:38,20.36,0.0,0.0,51.42,0.0,0.0,0.0,0.0,0.0,198.7,23796.0,45017.0,20.2,12.3,72.0,30.03,6.21,201.0,0.0,0.0,
2026-04-21T04:39:00,04/21/202604:39,20.36,0.0,0.0,51.42,0.0,0.0,0.0,0.0,0.0,198.7,23796.0,45017.0,20.2,12.3,72.0,30.03,6.21,201.0,0.0,0.0,
2026-04-21T04:41:11,04/21/202604:41,20.35,0.0,0.0,51.42,0.0,0.0,0.0,0.0,0.0,198.7,23796.0,45017.0,20.2,12.3,72.0,30.03,6.21,201.0,0.0,0.0,
2026-04-21T04:42:00,04/21/202604:42,20.35,0.0,0.0,51.42,0.0,0.0,0.0,0.0,0.0,198.7,23796.0,45017.0,20.2,12.3,72.0,30.03,6.21,201.0,0.0,0.0,
2026-04-21T04:42:47,04/21/202604:42,20.36,0.0,0.0,51.42,0.0,0.0,0.0,0.0,0.0,198.7,23796.0,45017.0,20.2,12.3,72.0,30.03,6.21,201.0,0.0,0.0,
2026-04-21T04:43:59,04/21/202604:43,20.35,0.0,0.0,51.42999999999999,0.0,0.0,0.0,0.0,0.0,198.7,23796.0,45017.0,20.2,12.3,72.0,30.03,6.21,201.0,0.0,0.0,
2026-04-21T04:44:00,04/21/202604:44,20.34,0.0,0.0,51.44,0.0,0.0,0.0,0.0,0.0,198.7,23796.0,45017.0,20.2,12.3,72.0,30.03,6.21,201.0,0.0,0.0,
2026-04-21T04:44:36,04/21/202604:44,20.35,0.0,0.0,51.44,0.0,0.0,0.0,0.0,0.0,198.7,23796.0,45017.0,20.2,12.3,72.0,30.03,6.21,201.0,0.0,0.0,
2026-04-21T04:45:01,04/21/202604:45,20.36,0.0,0.0,51.44,0.0,0.0,0.0,0.0,0.0,198.7,23796.0,45017.0,20.2,12.3,72.0,30.03,6.21,201.0,0.0,0.0,
2026-04-21T04:45:36,04/21/202604:45,20.35,0.0,0.0,51.45,0.0,0.0,0.0,0.0,0.0,198.7,23796.0,45017.0,20.2,12.3,71.9,30.03,6.1979999999999995,201.3,0.0,0.0,
2026-04-21T04:46:00,04/21/202604:46,20.34,0.0,0.0,51.46,0.0,0.0,0.0,0.0,0.0,198.7,23796.0,45017.0,20.2,12.3,71.8,30.03,6.186,201.6,0.0,0.0,
2026-04-21T04:47:00,04/21/202604:47,20.330000000000002,0.0,0.0,51.46,0.0,0.0,0.0,0.0,0.0,198.7,23796.0,45017.0,20.2,12.3,71.7,30.03,6.174,201.9,0.0,0.0,
2026-04-21T04:47:35,04/21/202604:47,20.34,0.0,0.0,51.46,0.0,0.0,0.0,0.0,0.0,198.7,23796.0,45017.0,20.2,12.3,71.6,30.03,6.162,202.2,0.0,0.0,
2026-04-21T04:48:00,04/21/202604:48,20.35,0.0,0.0,51.470000000000006,0.0,0.0,0.0,0.0,0.0,198.7,23796.0,45017.0,20.2,12.3,71.5,30.03,6.15,202.5,0.0,0.0,
2026-04-21T04:49:00,04/21/202604:49,20.35,0.0,0.0,51.470000000000006,0.0,0.0,0.0,0.0,0.0,198.7,23796.0,45017.0,20.2,12.3,71.4,30.03,6.138,202.8,0.0,0.0,
2026-04-21T04:49:16,04/21/202604:49,20.47,0.0,0.0,51.46,0.0,0.0,0.0,0.0,0.0,198.7,23796.0,45017.0,20.2,12.3,71.3,30.03,6.1259999999999994,203.1,0.0,0.0,
2026-04-21T04:50:00,04/21/202604:50,20.59,0.0,0.0,51.45,0.0,0.0,0.0,0.0,0.0,198.7,23796.0,45017.0,20.2,12.3,71.2,30.03,6.114,203.4,0.0,0.0,
2026-04-21T04:50:16,04/21/202604:50,20.71,0.0,0.0,51.45,0.0,0.0,0.0,0.0,0.0,198.7,23796.0,45017.0,20.2,12.3,71.1,30.03,6.101999999999999,203.7,0.0,0.0,
2026-04-21T04:51:00,04/21/202604:51,20.830000000000002,0.0,0.0,51.45,0.0,0.0,0.0,0.0,0.0,198.7,23796.0,45017.0,20.2,12.3,71.0,30.03,6.09,204.0,0.0,0.0,
2026-04-21T04:52:22,04/21/202604:52,20.96,0.0,0.0,51.44,0.0,0.0,0.0,0.0,0.0,198.7,23796.0,45017.0,20.2,12.3,71.0,30.03,6.09,204.0,0.0,0.0,
2026-04-21T04:53:00,04/21/202604:53,21.09,0.0,0.0,51.42999999999999,0.0,0.0,0.0,0.0,0.0,198.7,23796.0,45017.0,20.2,12.3,71.0,30.03,6.09,204.0,0.0,0.0,
2026-04-21T04:54:01,04/21/202604:54,21.22,0.0,0.0,51.42,0.0,0.0,0.0,0.0,0.0,198.7,23796.0,45017.0,20.2,12.3,71.0,30.03,6.09,204.0,0.0,0.0,
2026-04-21T04:55:00,04/21/202604:55,21.34,0.0,0.0,51.42,0.0,0.0,0.0,0.0,0.0,198.7,23796.0,45017.0,20.2,12.3,71.0,30.03,6.09,204.0,0.0,0.0,
2026-04-21T04:55:16,04/21/202604:55,21.34,0.0,0.0,51.4,0.0,0.0,0.0,0.0,0.0,198.7,23796.0,45017.0,20.2,12.3,71.0,30.03,6.09,204.0,0.0,0.0,
2026-04-21T04:56:01,04/21/202604:56,21.34,0.0,0.0,51.39,0.0,0.0,0.0,0.0,0.0,198.7,23796.0,45017.0,20.2,12.3,71.0,30.03,6.09,204.0,0.0,0.0,
2026-04-21T04:56:16,04/21/202604:56,21.220000000000002,0.0,0.0,51.39,0.0,0.0,0.0,0.0,0.0,198.7,23796.0,45017.0,20.2,12.3,71.0,30.03,6.09,204.0,0.0,0.0,
2026-04-21T04:57:00,04/21/202604:57,21.1,0.0,0.0,51.39,0.0,0.0,0.0,0.0,0.0,198.7,23796.0,45017.0,20.2,12.3,71.0,30.03,6.09,204.0,0.0,0.0,
2026-04-21T04:57:29,04/21/202604:57,20.98,0.0,0.0,51.39,0.0,0.0,0.0,0.0,0.0,198.7,23796.0,45017.0,20.2,12.3,71.0,30.03,6.09,204.0,0.0,0.0,
2026-04-21T04:57:47,04/21/202604:57,20.85,0.0,0.0,51.379999999999995,0.0,0.0,0.0,0.0,0.0,198.7,23796.0,45017.0,20.2,12.3,71.0,30.03,6.09,204.0,0.0,0.0,
2026-04-21T04:58:01,04/21/202604:58,20.72,0.0,0.0,51.36999999999999,0.0,0.0,0.0,0.0,0.0,198.7,23796.0,45017.0,20.2,12.3,71.0,30.03,6.09,204.0,0.0,0.0,
2026-04-21T04:59:00,04/21/202604:59,20.59,0.0,0.0,51.36999999999999,0.0,0.0,0.0,0.0,0.0,198.7,23796.0,45017.0,20.2,12.3,71.0,30.03,6.09,204.0,0.0,0.0,
2026-04-21T05:00:01,04/21/202605:00,20.46,0.0,0.0,51.36,0.0,0.0,0.0,0.0,0.0,198.7,23796.0,45017.0,20.2,12.3,71.0,30.03,6.09,204.0,0.0,0.0,
2026-04-21T05:00:46,04/21/202605:00,20.34,0.0,0.0,51.35,0.0,0.0,0.0,0.0,0.0,198.7,23796.0,45017.0,20.2,12.290000000000001,70.9,30.03,6.084,203.8,0.0,0.0,
2026-04-21T05:01:00,04/21/202605:01,20.34,0.0,0.0,51.36,0.0,0.0,0.0,0.0,0.0,198.7,23796.0,45017.0,20.2,12.280000000000001,70.8,30.03,6.078,203.6,0.0,0.0,
2026-04-21T05:01:47,04/21/202605:01,20.330000000000002,0.0,0.0,51.36999999999999,0.0,0.0,0.0,0.0,0.0,198.7,23796.0,45017.0,20.2,12.27,70.7,30.03,6.072,203.4,0.0,0.0,
2026-04-21T05:02:01,04/21/202605:02,20.330000000000002,0.0,0.0,51.36999999999999,0.0,0.0,0.0,0.0,0.0,198.7,23796.0,45017.0,20.2,12.26,70.6,30.03,6.066,203.2,0.0,0.0,
2026-04-21T05:03:34,04/21/202605:03,20.330000000000002,0.0,0.0,51.36,0.0,0.0,0.0,0.0,0.0,198.7,23796.0,45017.0,20.2,12.25,70.5,30.03,6.0600000000000005,203.0,0.0,0.0,
2026-04-21T05:04:00,04/21/202605:04,20.32,0.0,0.0,51.35,0.0,0.0,0.0,0.0,0.0,198.7,23796.0,45017.0,20.2,12.24,70.4,30.03,6.054,202.8,0.0,0.0,
2026-04-21T05:05:01,04/21/202605:05,20.32,0.0,0.0,51.36,0.0,0.0,0.0,0.0,0.0,198.7,23796.0,45017.0,20.2,12.23,70.3,30.03,6.048,202.6,0.0,0.0,
2026-04-21T05:06:00,04/21/202605:06,20.32,0.0,0.0,51.36999999999999,0.0,0.0,0.0,0.0,0.0,198.7,23796.0,45017.0,20.2,12.219999999999999,70.2,30.03,6.042,202.4,0.0,0.0,
2026-04-21T05:07:01,04/21/202605:07,20.32,0.0,0.0,51.36,0.0,0.0,0.0,0.0,0.0,198.7,23796.0,45017.0,20.2,12.209999999999999,70.1,30.03,6.036,202.2,0.0,0.0,
2026-04-21T05:08:00,04/21/202605:08,20.32,0.0,0.0,51.36999999999999,0.0,0.0,0.0,0.0,0.0,198.7,23796.0,45017.0,20.2,12.2,70.0,30.03,6.03,202.0,0.0,0.0,
2026-04-21T05:08:33,04/21/202605:08,20.32,0.0,0.0,51.36999999999999,0.0,0.0,0.0,0.0,0.0,198.7,23796.0,45017.0,20.2,12.2,70.0,30.03,6.03,202.0,0.0,0.0,
2026-04-21T05:09:01,04/21/202605:09,20.32,0.0,0.0,51.36999999999999,0.0,0.0,0.0,0.0,0.0,198.7,23796.0,45017.0,20.2,12.2,70.0,30.03,6.03,202.0,0.0,0.0,
2026-04-21T05:10:00,04/21/202605:10,20.330000000000002,0.0,0.0,51.36999999999999,0.0,0.0,0.0,0.0,0.0,198.7,23796.0,45017.0,20.2,12.2,70.0,30.03,6.03,202.0,0.0,0.0,
2026-04-21T05:11:01,04/21/202605:11,20.34,0.0,0.0,51.36999999999999,0.0,0.0,0.0,0.0,0.0,198.7,23796.0,45017.0,20.2,12.2,70.0,30.03,6.03,202.0,0.0,0.0,
2026-04-21T05:11:34,04/21/202605:11,20.34,0.0,0.0,51.379999999999995,0.0,0.0,0.0,0.0,0.0,198.7,23796.0,45017.0,20.2,12.2,70.0,30.03,6.03,202.0,0.0,0.0,
2026-04-21T05:12:00,04/21/202605:12,20.34,0.0,0.0,51.39,0.0,0.0,0.0,0.0,0.0,198.7,23796.0,45017.0,20.2,12.2,70.0,30.03,6.03,202.0,0.0,0.0,
2026-04-21T05:13:01,04/21/202605:13,20.34,0.0,0.0,51.39,0.0,0.0,0.0,0.0,0.0,198.7,23796.0,45017.0,20.2,12.2,70.0,30.03,6.03,202.0,0.0,0.0,
2026-04-21T05:14:45,04/21/202605:14,20.34,0.0,0.0,51.379999999999995,0.0,0.0,0.0,0.0,0.0,198.7,23796.0,45017.0,20.2,12.2,70.0,30.03,6.03,202.0,0.0,0.0,
2026-04-21T05:15:01,04/21/202605:15,20.34,0.0,0.0,51.379999999999995,0.0,0.0,0.0,0.0,0.0,198.7,23796.0,45017.0,20.2,12.2,70.0,30.03,6.03,202.0,0.0,0.0,
2026-04-21T05:17:01,04/21/202605:17,20.34,0.0,0.0,51.379999999999995,0.0,0.0,0.0,0.0,0.0,198.7,23796.0,45017.0,20.2,12.19,70.1,30.03,5.961,202.0,0.0,0.0,
2026-04-21T05:18:01,04/21/202605:18,20.330000000000002,0.0,0.0,51.379999999999995,0.0,0.0,0.0,0.0,0.0,198.7,23796.0,45017.0,20.2,12.18,70.2,30.03,5.892,202.0,0.0,0.0,
2026-04-21T05:19:00,04/21/202605:19,20.32,0.0,0.0,51.379999999999995,0.0,0.0,0.0,0.0,0.0,198.7,23796.0,45017.0,20.2,12.169999999999998,70.3,30.03,5.823,202.0,0.0,0.0,
2026-04-21T05:20:01,04/21/202605:20,20.31,0.0,0.0,51.36999999999999,0.0,0.0,0.0,0.0,0.0,198.7,23796.0,45017.0,20.2,12.16,70.4,30.03,5.754,202.0,0.0,0.0,
2026-04-21T05:21:00,04/21/202605:21,20.3,0.0,0.0,51.36999999999999,0.0,0.0,0.0,0.0,0.0,198.7,23796.0,45017.0,20.2,12.15,70.5,30.03,5.6850000000000005,202.0,0.0,0.0,
2026-04-21T05:22:01,04/21/202605:22,20.3,0.0,0.0,51.36999999999999,0.0,0.0,0.0,0.0,0.0,198.7,23796.0,45017.0,20.2,12.139999999999999,70.6,30.03,5.616,202.0,0.0,0.0,
2026-04-21T05:23:00,04/21/202605:23,20.3,0.0,0.0,51.36999999999999,0.0,0.0,0.0,0.0,0.0,198.7,23796.0,45017.0,20.2,12.129999999999999,70.7,30.03,5.547,202.0,0.0,0.0,
2026-04-21T05:24:01,04/21/202605:24,20.31,0.0,0.0,51.36,0.0,0.0,0.0,0.0,0.0,198.7,23796.0,45017.0,20.1,12.12,70.8,30.03,5.478,202.0,0.0,0.0,
2026-04-21T05:25:56,04/21/202605:25,20.31,0.0,0.0,51.36999999999999,0.0,0.0,0.0,0.0,0.0,198.7,23796.0,45017.0,20.2,12.11,70.9,30.03,5.409,202.0,0.0,0.0,
2026-04-21T05:26:01,04/21/202605:26,20.31,0.0,0.0,51.379999999999995,0.0,0.0,0.0,0.0,0.0,198.7,23796.0,45017.0,20.2,12.1,71.0,30.03,5.34,202.0,0.0,0.0,
2026-04-21T05:27:01,04/21/202605:27,20.31,0.0,0.0,51.36999999999999,0.0,0.0,0.0,0.0,0.0,198.7,23796.0,45017.0,20.1,12.1,71.0,30.03,5.34,202.0,0.0,0.0,
2026-04-21T05:28:00,04/21/202605:28,20.31,0.0,0.0,51.36999999999999,0.0,0.0,0.0,0.0,0.0,198.7,23796.0,45017.0,20.1,12.1,71.0,30.03,5.34,202.0,0.0,0.0,
2026-04-21T05:29:01,04/21/202605:29,20.31,0.0,0.0,51.36,0.0,0.0,0.0,0.0,0.0,198.7,23796.0,45017.0,20.2,12.1,71.0,30.03,5.34,202.0,0.0,0.0,
2026-04-21T05:30:00,04/21/202605:30,20.31,0.0,0.0,51.36,0.0,0.0,0.0,0.0,0.0,198.7,23796.0,45017.0,20.2,12.09,71.0,30.03,5.241,201.0,0.0,0.0,
2026-04-21T05:31:01,04/21/202605:31,20.31,0.0,0.0,51.35,0.0,0.0,0.0,0.0,0.0,198.7,23796.0,45017.0,20.2,12.07,71.2,30.03,5.223,199.3,0.0,0.0,
2026-04-21T05:32:00,04/21/202605:32,20.31,0.0,0.0,51.339999999999996,0.0,0.0,0.0,0.0,0.0,198.7,23796.0,45017.0,20.2,12.05,71.4,30.03,5.205,197.6,0.0,0.0,
2026-04-21T05:33:01,04/21/202605:33,20.31,0.0,0.0,51.33,0.0,0.0,0.0,0.0,0.0,198.7,23796.0,45017.0,20.2,12.03,71.6,30.03,5.186999999999999,195.9,0.0,0.0,
2026-04-21T05:34:01,04/21/202605:34,20.3,0.0,0.0,51.31999999999999,0.0,0.0,0.0,0.0,0.0,198.7,23796.0,45017.0,20.2,12.01,71.8,30.03,5.169,194.2,0.0,0.0,
2026-04-21T05:35:01,04/21/202605:35,20.3,0.0,0.0,51.31999999999999,0.0,0.0,0.0,0.0,0.0,198.7,23796.0,45017.0,20.2,11.99,72.0,30.03,5.151,192.5,0.0,0.0,
2026-04-21T05:37:07,04/21/202605:37,20.3,0.0,0.0,51.31,0.0,0.0,0.0,0.0,0.0,198.7,23796.0,45017.0,20.1,11.97,72.2,30.03,5.133,190.8,0.0,0.0,
2026-04-21T05:38:01,04/21/202605:38,20.3,0.0,0.0,51.3,0.0,0.0,0.0,0.0,0.0,198.7,23796.0,45017.0,20.2,11.95,72.4,30.03,5.115,189.1,0.0,0.0,
2026-04-21T05:39:01,04/21/202605:39,20.3,0.0,0.0,51.29,0.0,0.0,0.0,0.0,0.0,198.7,23796.0,45017.0,20.2,11.93,72.4,30.03,5.0969999999999995,187.4,0.0,0.0,
2026-04-21T05:40:01,04/21/202605:40,20.3,0.0,0.0,51.29,0.0,0.0,0.0,0.0,0.0,198.7,23796.0,45017.0,20.2,11.91,72.4,30.03,5.079,185.7,0.0,0.0,
2026-04-21T05:41:00,04/21/202605:41,20.3,0.0,0.0,51.29,0.0,0.0,0.0,0.0,0.0,198.7,23796.0,45017.0,20.1,11.9,72.4,30.03,5.16,185.0,0.0,0.0,
2026-04-21T05:42:01,04/21/202605:42,20.3,0.0,0.0,51.279999999999994,0.0,0.0,0.0,0.0,0.0,198.7,23796.0,45017.0,20.1,11.9,72.2,30.03,5.16,185.0,0.0,0.0,
2026-04-21T05:43:01,04/21/202605:43,20.3,0.0,0.0,51.279999999999994,0.0,0.0,0.0,0.0,0.0,198.7,23796.0,45017.0,20.1,11.9,72.0,30.03,5.16,185.0,0.0,0.0,
2026-04-21T05:44:01,04/21/202605:44,20.3,0.0,0.0,51.279999999999994,0.0,0.0,0.0,0.0,0.0,198.7,23796.0,45017.0,20.1,11.9,71.8,30.03,5.16,185.0,0.0,0.0,
2026-04-21T05:45:01,04/21/202605:45,20.3,0.0,0.0,51.29,0.0,0.0,0.0,0.0,0.0,198.7,23796.0,45017.0,20.1,11.9,71.6,30.03,5.16,185.0,0.0,0.0,
2026-04-21T05:46:01,04/21/202605:46,20.3,0.0,0.0,51.279999999999994,0.0,0.0,0.0,0.0,0.0,198.7,23796.0,45017.0,20.1,11.89,71.6,30.03,5.191000000000001,185.7,0.0,0.0,
2026-04-21T05:47:01,04/21/202605:47,20.3,0.0,0.0,51.279999999999994,0.0,0.0,0.0,0.0,0.0,198.7,23796.0,45017.0,20.1,11.88,71.6,30.03,5.2219999999999995,186.4,0.0,0.0,
2026-04-21T05:48:19,04/21/202605:48,20.3,0.0,0.0,51.29,0.0,0.0,0.0,0.0,0.0,198.7,23796.0,45017.0,20.2,11.870000000000001,71.6,30.03,5.253,187.1,0.0,0.0,
2026-04-21T05:49:00,04/21/202605:49,20.3,0.0,0.0,51.29,0.0,0.0,0.0,0.0,0.0,198.7,23796.0,45017.0,20.2,11.860000000000001,71.8,30.03,5.284000000000001,187.8,0.0,0.0,
2026-04-21T05:50:00,04/21/202605:50,20.29,0.0,0.0,51.29,0.0,0.0,0.0,0.0,0.0,198.7,23796.0,45017.0,20.2,11.85,72.0,30.03,5.3149999999999995,188.5,0.0,0.0,
2026-04-21T05:50:02,04/21/202605:50,20.29,0.0,0.0,51.29,0.0,0.0,0.0,0.0,0.0,198.7,23796.0,45017.0,20.2,11.84,72.2,30.03,5.346,189.2,0.0,0.0,
2026-04-21T05:51:00,04/21/202605:51,20.29,0.0,0.0,51.3,0.0,0.0,0.0,0.0,0.0,198.7,23796.0,45017.0,20.2,11.830000000000002,72.4,30.03,5.377,189.9,0.0,0.0,
2026-04-21T05:52:00,04/21/202605:52,20.29,0.0,0.0,51.29,0.0,0.0,0.0,0.0,0.0,198.7,23796.0,45017.0,20.1,11.82,72.6,30.03,5.4079999999999995,190.6,0.0,0.0,
2026-04-21T05:53:00,04/21/202605:53,20.29,0.0,0.0,51.29,0.0,0.0,0.0,0.0,0.0,198.7,23796.0,45017.0,20.1,11.81,72.8,30.03,5.439,191.3,0.0,0.0,
2026-04-21T05:54:01,04/21/202605:54,20.29,0.0,0.0,51.29,0.0,0.0,0.0,0.0,0.0,198.7,23796.0,45017.0,20.1,11.8,73.0,30.03,5.47,192.0,0.0,0.0,
2026-04-21T05:55:00,04/21/202605:55,20.29,0.0,0.0,51.29,0.0,0.0,0.0,0.0,0.0,198.7,23796.0,45017.0,20.1,11.8,73.0,30.03,5.47,192.0,0.0,0.0,
2026-04-21T05:56:00,04/21/202605:56,20.29,0.0,0.0,51.29,0.0,0.0,0.0,0.0,0.0,198.7,23796.0,45017.0,20.1,11.8,73.0,30.03,5.47,192.0,0.0,0.0,
2026-04-21T05:57:00,04/21/202605:57,20.29,0.0,0.0,51.29,0.0,0.0,0.0,0.0,0.0,198.7,23796.0,45017.0,20.1,11.8,73.0,30.03,5.47,192.0,0.0,0.0,
2026-04-21T05:58:00,04/21/202605:58,20.29,0.0,0.0,51.29,0.0,0.0,0.0,0.0,0.0,198.7,23796.0,45017.0,20.2,11.8,73.0,30.03,5.47,192.0,0.0,0.0,
2026-04-21T05:59:30,04/21/202605:59,20.3,0.0,0.0,51.29,0.0,0.0,0.0,0.0,0.0,198.7,23796.0,45017.0,20.1,11.8,73.0,30.03,5.47,192.0,0.0,0.0,
2026-04-21T06:00:00,04/21/202606:00,20.3,0.0,0.0,51.29,0.0,0.0,0.0,0.0,0.0,198.7,23796.0,45017.0,20.1,11.8,73.0,30.03,5.47,192.0,0.0,0.0,
2026-04-21T06:01:01,04/21/202606:01,20.3,0.0,0.0,51.29,0.0,0.0,0.0,0.0,0.0,198.7,23796.0,45017.0,20.2,11.8,73.0,30.03,5.47,192.0,0.0,0.0,
2026-04-21T06:02:00,04/21/202606:02,20.3,0.0,0.0,51.3,0.0,0.0,0.0,0.0,0.0,198.7,23796.0,45017.0,20.1,11.8,73.1,30.032999999999998,5.5009999999999994,192.4,0.0,0.0,
2026-04-21T06:03:01,04/21/202606:03,20.3,0.0,0.0,51.29,0.0,0.0,0.0,0.0,0.0,198.7,23796.0,45017.0,20.1,11.8,73.2,30.036,5.532,192.8,0.0,0.0,
2026-04-21T06:04:00,04/21/202606:04,20.3,0.0,0.0,51.279999999999994,0.0,0.0,0.0,0.0,0.0,198.7,23796.0,45017.0,20.1,11.8,73.3,30.038999999999998,5.563,193.2,0.0,0.0,
2026-04-21T06:05:01,04/21/202606:05,20.3,0.0,0.0,51.279999999999994,0.0,0.0,0.0,0.0,0.0,198.7,23796.0,45017.0,20.1,11.8,73.4,30.042,5.593999999999999,193.6,0.0,0.0,
2026-04-21T06:06:01,04/21/202606:06,20.3,0.0,0.0,51.279999999999994,0.0,0.0,0.0,0.0,0.0,198.7,23796.0,45017.0,20.1,11.8,73.5,30.044999999999998,5.625,194.0,0.0,0.0,
2026-04-21T06:07:01,04/21/202606:07,20.3,0.0,0.0,51.27,0.0,0.0,0.0,0.0,0.0,198.7,23796.0,45017.0,20.1,11.8,73.6,30.048000000000002,5.656000000000001,194.4,0.0,0.0,
2026-04-21T06:08:01,04/21/202606:08,20.3,0.0,0.0,51.27,0.0,0.0,0.0,0.0,0.0,198.7,23796.0,45017.0,20.1,11.8,73.7,30.051,5.687,194.8,0.0,0.0,
2026-04-21T06:08:03,04/21/202606:08,20.31,0.0,0.0,51.27,0.0,0.0,0.0,0.0,0.0,198.7,23796.0,45017.0,20.1,11.8,73.8,30.053999999999995,5.718,195.2,0.0,0.0,
2026-04-21T06:09:00,04/21/202606:09,20.32,0.0,0.0,51.27,0.0,0.0,0.0,0.0,0.0,198.7,23796.0,45017.0,20.1,11.8,73.9,30.057,5.7490000000000006,195.6,0.0,0.0,
2026-04-21T06:09:03,04/21/202606:09,20.32,0.0,0.0,51.260000000000005,0.0,0.0,0.0,0.0,0.0,198.7,23796.0,45017.0,20.1,11.8,74.0,30.059999999999995,5.78,196.0,0.0,0.0,
2026-04-21T06:10:41,04/21/202606:10,20.330000000000002,0.0,0.0,51.25,0.0,0.0,0.0,0.0,0.0,198.7,23796.0,45017.0,20.1,11.8,74.0,30.059999999999995,5.78,196.0,0.0,0.0,
2026-04-21T06:11:01,04/21/202606:11,20.34,0.0,0.0,51.25,0.0,0.0,0.0,0.0,0.0,198.7,23796.0,45017.0,20.1,11.8,74.0,30.059999999999995,5.78,196.0,0.0,0.0,
2026-04-21T06:12:01,04/21/202606:12,20.35,0.0,0.0,51.260000000000005,0.0,0.0,0.0,0.0,0.0,198.7,23796.0,45017.0,20.1,11.8,74.0,30.059999999999995,5.78,196.0,0.0,0.0,
2026-04-21T06:13:00,04/21/202606:13,20.36,0.0,0.0,51.260000000000005,0.0,0.0,0.0,0.0,0.0,198.7,23796.0,45017.0,20.1,11.8,74.0,30.059999999999995,5.78,196.0,0.0,0.0,
2026-04-21T06:13:02,04/21/202606:13,20.38,0.0,0.0,51.260000000000005,0.0,0.0,0.0,0.0,0.0,198.7,23796.0,45017.0,20.1,11.8,74.0,30.059999999999995,5.78,196.0,0.0,0.0,
2026-04-21T06:14:01,04/21/202606:14,20.4,0.0,0.0,51.27,0.0,0.0,0.0,0.0,0.0,198.7,23796.0,45017.0,20.1,11.8,74.0,30.059999999999995,5.78,196.0,0.0,0.0,
2026-04-21T06:15:00,04/21/202606:15,20.419999999999998,0.0,0.0,51.27,0.0,0.0,0.0,0.0,0.0,198.7,23796.0,45017.0,20.1,11.8,74.0,30.059999999999995,5.78,196.0,0.0,0.0,
2026-04-21T06:15:03,04/21/202606:15,20.44,0.0,0.0,51.27,0.0,0.0,0.0,0.0,0.0,198.7,23796.0,45017.0,20.1,11.8,74.0,30.059999999999995,5.78,196.0,0.0,0.0,
2026-04-21T06:16:32,04/21/202606:16,20.47,0.0,0.0,51.27,0.0,0.0,0.0,0.0,0.0,198.7,23796.0,45017.0,20.1,11.790000000000001,74.2,30.059999999999995,5.718,196.2,0.0,0.0,
2026-04-21T06:17:01,04/21/202606:17,20.509999999999998,0.0,0.0,51.279999999999994,0.0,0.0,0.0,0.0,0.0,198.7,23796.0,45017.0,20.1,11.780000000000001,74.4,30.059999999999995,5.656000000000001,196.4,0.0,0.0,
2026-04-21T06:17:32,04/21/202606:17,20.55,0.0,0.0,51.29,0.0,0.0,0.0,0.0,0.0,198.7,23796.0,45017.0,20.1,11.77,74.6,30.059999999999995,5.594,196.6,0.0,0.0,
2026-04-21T06:18:01,04/21/202606:18,20.59,0.0,0.0,51.3,0.0,0.0,0.0,0.0,0.0,198.7,23796.0,45017.0,20.1,11.76,74.8,30.059999999999995,5.532,196.8,0.0,0.0,
2026-04-21T06:18:32,04/21/202606:18,20.64,0.0,0.0,51.29,0.0,0.0,0.0,0.0,0.0,198.7,23796.0,45017.0,20.1,11.75,75.0,30.059999999999995,5.470000000000001,197.0,0.0,0.0,
2026-04-21T06:19:01,04/21/202606:19,20.69,0.0,0.0,51.279999999999994,0.0,0.0,0.0,0.0,0.0,198.7,23796.0,45017.0,20.1,11.74,75.2,30.059999999999995,5.4079999999999995,197.2,0.0,0.0,
2026-04-21T06:19:32,04/21/202606:19,20.740000000000002,0.0,0.0,51.279999999999994,0.0,0.0,0.0,0.0,0.0,198.7,23796.0,45017.0,20.2,11.73,75.4,30.059999999999995,5.346,197.4,0.0,0.0,
2026-04-21T06:20:01,04/21/202606:20,20.79,0.0,0.0,51.279999999999994,0.0,0.0,0.0,0.0,0.0,198.7,23796.0,45017.0,20.2,11.719999999999999,75.6,30.059999999999995,5.284000000000001,197.6,0.0,0.0,
2026-04-21T06:20:33,04/21/202606:20,20.86,0.0,0.0,51.279999999999994,0.0,0.0,0.0,0.0,0.0,198.7,23796.0,45017.0,20.1,11.709999999999999,75.8,30.059999999999995,5.2219999999999995,197.8,0.0,0.0,
2026-04-21T06:21:53,04/21/202606:21,20.95,0.0,0.0,51.279999999999994,0.0,0.0,0.0,0.0,0.0,198.7,23796.0,45017.0,20.1,11.7,76.0,30.059999999999995,5.16,198.0,0.0,0.0,
2026-04-21T06:22:00,04/21/202606:22,21.03,0.0,0.0,51.279999999999994,0.0,0.0,0.0,0.0,0.0,198.7,23796.0,45017.0,20.1,11.7,76.0,30.059999999999995,5.16,198.0,0.0,0.0,
2026-04-21T06:22:33,04/21/202606:22,21.14,0.0,0.0,51.279999999999994,0.0,0.0,0.0,0.0,0.0,198.7,23796.0,45017.0,20.1,11.7,76.0,30.059999999999995,5.16,198.0,0.0,0.0,
2026-04-21T06:23:00,04/21/202606:23,21.240000000000002,0.0,0.0,51.279999999999994,0.0,0.0,0.0,0.0,0.0,198.7,23796.0,45017.0,20.1,11.7,76.0,30.059999999999995,5.16,198.0,0.0,0.0,
2026-04-21T06:23:32,04/21/202606:23,21.380000000000003,0.0,0.0,51.279999999999994,0.0,0.0,0.0,0.0,0.0,198.7,23796.0,45017.0,20.1,11.7,76.0,30.059999999999995,5.16,198.0,0.0,0.0,
2026-04-21T06:24:00,04/21/202606:24,21.509999999999998,0.0,0.0,51.29,0.0,0.0,0.0,0.0,0.0,198.7,23796.0,45017.0,20.1,11.7,76.0,30.059999999999995,5.16,198.0,0.0,0.0,
2026-04-21T06:24:32,04/21/202606:24,21.69,0.0,0.0,51.29,0.0,0.0,0.0,0.0,0.0,198.7,23796.0,45017.0,20.1,11.7,76.0,30.059999999999995,5.16,198.0,0.0,0.0,
2026-04-21T06:25:00,04/21/202606:25,21.86,0.0,0.0,51.279999999999994,0.0,0.0,0.0,0.0,0.0,198.7,23796.0,45017.0,20.1,11.7,76.0,30.059999999999995,5.16,198.0,0.0,0.0,
2026-04-21T06:25:32,04/21/202606:25,22.1,0.0,0.0,51.279999999999994,0.0,0.0,0.0,0.0,0.0,198.7,23796.0,45017.0,20.1,11.7,76.0,30.059999999999995,5.16,198.0,0.0,0.0,
2026-04-21T06:26:01,04/21/202606:26,22.32,0.0,0.0,51.279999999999994,0.0,0.0,0.0,0.0,0.0,198.7,23796.0,45017.0,20.1,11.7,76.0,30.059999999999995,5.16,198.0,0.0,0.0,
2026-04-21T06:26:32,04/21/202606:26,22.580000000000002,0.0,0.0,51.27,0.0,0.0,0.0,0.0,0.0,198.7,23796.0,45017.0,20.1,11.7,76.0,30.059999999999995,5.16,198.0,0.0,0.0,
2026-04-21T06:27:00,04/21/202606:27,22.84,0.0,0.0,51.260000000000005,0.0,0.0,0.0,0.0,0.0,198.7,23796.0,45017.0,20.1,11.7,76.0,30.059999999999995,5.16,198.0,0.0,0.0,
2026-04-21T06:27:32,04/21/202606:27,23.2,0.0,0.0,51.25,0.0,0.0,0.0,0.0,0.0,198.7,23796.0,45017.0,20.1,11.7,76.0,30.059999999999995,5.16,198.0,0.0,0.0,
2026-04-21T06:28:01,04/21/202606:28,23.56,0.0,0.0,51.239999999999995,0.0,0.0,0.0,0.0,0.0,198.7,23796.0,45017.0,20.1,11.7,76.0,30.059999999999995,5.16,198.0,0.0,0.0,
2026-04-21T06:28:32,04/21/202606:28,24.07,0.0,0.0,51.23,0.0,0.0,0.0,0.0,0.0,198.7,23796.0,45017.0,20.1,11.7,76.0,30.059999999999995,5.16,198.0,0.0,0.0,
2026-04-21T06:29:00,04/21/202606:29,24.580000000000002,0.0,0.0,51.220000000000006,0.0,0.0,0.0,0.0,0.0,198.7,23796.0,45017.0,20.1,11.7,76.0,30.059999999999995,5.16,198.0,0.0,0.0,
2026-04-21T06:29:32,04/21/202606:29,25.27,0.0,0.0,51.23,0.0,0.0,0.0,0.0,0.0,198.7,23796.0,45017.0,20.1,11.639999999999999,76.0,30.059999999999995,5.054,194.0,0.0,0.0,
2026-04-21T06:30:00,04/21/202606:30,25.96,0.0,0.0,51.239999999999995,0.0,0.0,0.0,0.0,0.0,198.7,23796.0,45017.0,20.1,11.58,76.0,30.059999999999995,4.948,190.0,0.0,0.0,
2026-04-21T06:30:32,04/21/202606:30,26.85,0.0,0.0,51.239999999999995,0.0,0.0,0.0,0.0,0.0,198.7,23796.0,45017.0,20.1,11.51,76.1,30.059999999999995,4.774,185.9,0.0,0.0,
2026-04-21T06:31:00,04/21/202606:31,27.74,0.0,0.0,51.239999999999995,0.0,0.0,0.0,0.0,0.0,198.7,23796.0,45017.0,20.1,11.44,76.2,30.059999999999995,4.6,181.8,0.0,0.0,
2026-04-21T06:31:32,04/21/202606:31,28.889999999999997,0.0,0.0,51.25,0.0,0.0,0.0,0.0,0.0,198.7,23796.0,45017.0,20.1,11.37,76.3,30.059999999999995,4.426,177.7,0.0,0.0,
2026-04-21T06:33:04,04/21/202606:33,30.46,0.0,0.0,51.25,0.0,0.0,0.0,0.0,0.0,198.7,23796.0,45017.0,20.1,11.3,76.4,30.059999999999995,4.252,173.6,0.0,0.0,
2026-04-21T06:33:33,04/21/202606:33,32.43,0.0,0.0,51.25,0.0,0.0,0.0,0.0,0.0,198.7,23796.0,45017.0,20.1,11.23,76.5,30.057,4.078,169.5,0.0,0.0,
2026-04-21T06:34:00,04/21/202606:34,34.4,0.0,0.0,51.25,0.0,0.0,0.0,0.0,0.0,198.7,23796.0,45017.0,20.1,11.16,76.6,30.053999999999995,3.904,165.4,0.0,0.0,
2026-04-21T06:35:28,04/21/202606:35,36.97,0.0,0.0,51.25,0.0,0.0,0.0,0.0,0.0,198.7,23796.0,45017.0,20.1,11.09,76.7,30.051,3.7299999999999995,161.3,0.0,0.0,
2026-04-21T06:36:00,04/21/202606:36,39.54,0.0,0.0,51.25,0.0,0.0,0.0,0.0,0.0,198.7,23796.0,45017.0,20.1,11.02,76.8,30.048000000000002,3.556,157.2,0.0,0.0,
2026-04-21T06:36:28,04/21/202606:36,41.87,0.0,0.0,51.25,0.0,0.0,0.0,0.0,0.0,198.7,23796.0,45017.0,20.1,11.01,76.9,30.044999999999998,3.4879999999999995,157.1,0.0,0.0,
2026-04-21T06:37:00,04/21/202606:37,44.2,0.0,0.0,51.25,0.0,0.0,0.0,0.0,0.0,198.7,23796.0,45017.0,20.1,11.0,77.0,30.042,3.4200000000000004,157.0,0.0,0.0,
2026-04-21T06:38:00,04/21/202606:38,46.260000000000005,0.0,0.0,51.239999999999995,0.0,0.0,0.0,0.0,0.0,198.7,23796.0,45017.0,20.1,11.0,77.0,30.038999999999998,3.4200000000000004,157.0,0.0,0.0,
2026-04-21T06:39:00,04/21/202606:39,48.32,0.0,0.0,51.220000000000006,0.0,0.0,0.0,0.0,0.0,198.7,23796.0,45017.0,20.1,11.0,77.0,30.036,3.4200000000000004,157.0,0.0,0.0,
2026-04-21T06:39:29,04/21/202606:39,50.06,0.0,0.0,51.21,0.0,0.0,0.0,0.0,0.0,198.7,23796.0,45017.0,20.1,11.0,77.0,30.032999999999998,3.4200000000000004,157.0,0.0,0.0,
2026-04-21T06:40:00,04/21/202606:40,51.379999999999995,0.0,0.0,51.21,0.0,0.0,0.0,0.0,0.0,198.7,23796.0,45017.0,20.1,11.0,77.0,30.03,3.4200000000000004,157.0,0.0,0.0,
2026-04-21T06:41:00,04/21/202606:41,52.17,0.0,0.0,51.220000000000006,0.0,0.0,0.0,0.0,0.0,198.7,23796.0,45017.0,20.1,11.0,77.0,30.03,3.4200000000000004,157.0,0.0,0.0,
2026-04-21T06:42:00,04/21/202606:42,52.96,0.0,0.0,51.220000000000006,0.0,0.0,0.0,0.0,0.0,198.7,23796.0,45017.0,20.1,11.0,77.0,30.03,3.4200000000000004,157.0,0.0,0.0,
2026-04-21T06:43:00,04/21/202606:43,52.96,0.0,0.0,51.220000000000006,0.0,0.0,0.0,0.0,0.0,198.7,23796.0,45017.0,20.1,11.0,77.0,30.03,3.4200000000000004,157.0,0.0,0.0,
2026-04-21T06:44:16,04/21/202606:44,52.96,0.0,0.0,51.220000000000006,0.0,0.0,0.0,0.0,0.0,198.7,23796.0,45017.0,20.1,11.0,77.0,30.03,3.4200000000000004,157.0,0.0,0.0,
2026-04-21T06:44:29,04/21/202606:44,52.98,0.0,0.0,51.21,0.0,0.0,0.0,0.0,0.0,198.7,23796.0,45017.0,20.1,11.0,77.0,30.03,3.4200000000000004,157.0,0.0,0.0,
2026-04-21T06:45:00,04/21/202606:45,53.0,0.0,0.0,51.2,0.0,0.0,0.0,0.0,0.0,198.7,23796.0,45017.0,20.1,11.0,77.0,30.03,3.4200000000000004,157.0,0.0,0.0,
2026-04-21T06:46:01,04/21/202606:46,53.02,0.0,0.0,51.2,0.0,0.0,0.0,0.0,0.0,198.7,23796.0,45017.0,20.1,10.99,77.1,30.03,3.457,154.8,0.0,0.0,
2026-04-21T06:47:00,04/21/202606:47,53.04,0.0,0.0,51.21,0.0,0.0,0.0,0.0,0.0,198.7,23796.0,45017.0,20.1,10.98,77.2,30.03,3.4939999999999998,152.6,0.0,0.0,
2026-04-21T06:48:01,04/21/202606:48,53.05,0.0,0.0,51.220000000000006,0.0,0.0,0.0,0.0,0.0,198.7,23796.0,45017.0,20.1,10.97,77.3,30.03,3.531,150.4,0.0,0.0,
2026-04-21T06:49:00,04/21/202606:49,53.06,0.0,0.0,51.220000000000006,0.0,0.0,0.0,0.0,0.0,198.7,23796.0,45017.0,20.1,10.959999999999999,77.4,30.03,3.568,148.2,0.0,0.0,
2026-04-21T06:50:00,04/21/202606:50,53.07000000000001,0.0,0.0,51.21,0.0,0.0,0.0,0.0,0.0,198.7,23796.0,45017.0,20.1,10.95,77.5,30.03,3.6049999999999995,146.0,0.0,0.0,
2026-04-21T06:51:01,04/21/202606:51,53.08,0.0,0.0,51.21,0.0,0.0,0.0,0.0,0.0,198.7,23796.0,45017.0,20.1,10.940000000000001,77.6,30.03,3.6420000000000003,143.8,0.0,0.0,
2026-04-21T06:52:00,04/21/202606:52,53.089999999999996,0.0,0.0,51.21,0.0,0.0,0.0,0.0,0.0,198.7,23796.0,45017.0,20.1,10.93,77.7,30.03,3.679,141.6,0.0,0.0,
2026-04-21T06:52:06,04/21/202606:52,53.11,0.0,0.0,51.21,0.0,0.0,0.0,0.0,0.0,198.7,23796.0,45017.0,20.1,10.92,77.8,30.03,3.7159999999999997,139.4,0.0,0.0,
2026-04-21T06:53:01,04/21/202606:53,53.120000000000005,0.0,0.0,51.21,0.0,0.0,0.0,0.0,0.0,198.7,23796.0,45017.0,20.1,10.91,77.9,30.03,3.753,137.2,0.0,0.0,
2026-04-21T06:54:00,04/21/202606:54,53.13000000000001,0.0,0.0,51.21,0.0,0.0,0.0,0.0,0.0,198.7,23796.0,45017.0,20.1,10.9,78.0,30.03,3.79,135.0,0.0,0.0,
2026-04-21T06:54:06,04/21/202606:54,52.910000000000004,0.0,0.0,51.21,0.0,0.0,0.0,0.0,0.0,198.7,23796.0,45017.0,20.1,10.9,78.0,30.03,3.79,135.0,0.0,0.0,
2026-04-21T06:55:33,04/21/202606:55,60.4,0.0,0.0,51.220000000000006,0.0,0.0,0.0,0.0,0.0,198.7,23796.0,45017.0,20.1,10.9,78.0,30.03,3.79,135.0,0.0,0.0,
2026-04-21T06:56:00,04/21/202606:56,67.89,0.0,0.0,51.220000000000006,0.0,0.0,0.0,0.0,0.0,198.7,23796.0,45017.0,20.1,10.9,78.0,30.03,3.79,135.0,0.0,0.0,
2026-04-21T06:56:33,04/21/202606:56,73.64,0.0,0.0,51.220000000000006,0.0,0.0,0.0,0.0,0.0,198.7,23796.0,45017.0,20.1,10.9,78.0,30.03,3.79,135.0,0.0,0.0,
2026-04-21T06:57:01,04/21/202606:57,79.39,0.0,0.0,51.220000000000006,0.0,0.0,0.0,0.0,0.0,198.7,23796.0,45017.0,20.1,10.9,78.0,30.03,3.79,135.0,0.0,0.0,
2026-04-21T06:57:33,04/21/202606:57,87.05,0.0,0.0,51.220000000000006,0.0,0.0,0.0,0.0,0.0,198.7,23796.0,45017.0,20.1,10.9,78.0,30.03,3.79,135.0,0.0,0.0,
2026-04-21T06:58:01,04/21/202606:58,94.71000000000001,0.0,0.0,51.220000000000006,0.0,0.0,0.0,0.0,0.0,198.7,23796.0,45017.0,20.1,10.9,78.0,30.03,3.79,135.0,0.0,0.0,
2026-04-21T06:58:33,04/21/202606:58,102.19,0.0,0.0,51.220000000000006,0.0,0.0,0.0,0.0,0.0,198.7,23796.0,45017.0,20.1,10.9,78.0,30.03,3.79,135.0,0.0,0.0,
2026-04-21T06:59:01,04/21/202606:59,109.67,0.0,0.0,51.220000000000006,0.0,0.0,0.0,0.0,0.0,198.7,23796.0,45017.0,20.1,10.9,78.0,30.03,3.79,135.0,0.0,0.0,
2026-04-21T06:59:33,04/21/202606:59,117.43999999999998,0.0,0.0,51.220000000000006,0.0,0.0,0.0,0.0,0.0,198.7,23796.0,45017.0,20.1,10.9,78.0,30.03,3.79,135.0,0.0,0.0,
2026-04-21T07:00:01,04/21/202607:00,125.44000000000001,0.0,0.0,51.220000000000006,0.0,0.0,0.0,0.0,0.0,198.7,23796.0,45017.0,20.1,10.9,78.0,30.03,3.79,135.0,0.0,0.0,
2026-04-21T07:00:33,04/21/202607:00,125.75,0.0,0.0,51.21,0.0,0.0,0.0,0.0,0.0,198.7,23796.0,45017.0,20.1,10.9,78.0,30.03,3.79,135.0,0.0,0.0,
2026-04-21T07:01:01,04/21/202607:01,126.05999999999999,0.0,0.0,51.2,0.0,0.0,0.0,0.0,0.0,198.7,23796.0,45017.0,20.1,10.9,78.0,30.03,3.79,135.0,0.0,0.0,
2026-04-21T07:01:30,04/21/202607:01,128.18,0.0,0.0,51.2,0.0,0.0,0.0,0.0,0.0,198.7,23796.0,45017.0,20.1,10.89,78.1,30.03,3.821,134.6,0.0,0.0,
2026-04-21T07:02:01,04/21/202607:02,130.3,0.0,0.0,51.2,0.0,0.0,0.0,0.0,0.0,198.7,23796.0,45017.0,20.1,10.88,78.2,30.03,3.8519999999999994,134.2,0.0,0.0,
2026-04-21T07:02:30,04/21/202607:02,130.55,0.0,0.0,51.2,0.0,0.0,0.0,0.0,0.0,198.7,23796.0,45017.0,20.1,10.870000000000001,78.3,30.03,3.883,133.8,0.0,0.0,
2026-04-21T07:03:01,04/21/202607:03,130.8,0.0,0.0,51.2,0.0,0.0,0.0,0.0,0.0,198.7,23796.0,45017.0,20.1,10.860000000000001,78.4,30.03,3.914,133.4,0.0,0.0,
2026-04-21T07:03:31,04/21/202607:03,131.26,0.0,0.0,51.190000000000005,0.0,0.0,0.0,0.0,0.0,198.7,23796.0,45017.0,20.1,10.85,78.5,30.03,3.9449999999999994,133.0,0.0,0.0,
2026-04-21T07:04:01,04/21/202607:04,131.72,0.0,0.0,51.18,0.0,0.0,0.0,0.0,0.0,198.7,23796.0,45017.0,20.1,10.84,78.6,30.03,3.976,132.6,0.0,0.0,
2026-04-21T07:04:31,04/21/202607:04,131.92000000000002,0.0,0.0,51.18,0.0,0.0,0.0,0.0,0.0,198.7,23796.0,45017.0,20.1,10.830000000000002,78.7,30.03,4.007,132.2,0.0,0.0,
2026-04-21T07:05:00,04/21/202607:05,132.12,0.0,0.0,51.18,0.0,0.0,0.0,0.0,0.0,198.7,23796.0,45017.0,20.1,10.82,78.8,30.03,4.037999999999999,131.8,0.0,0.0,
2026-04-21T07:06:38,04/21/202607:06,131.87,0.0,0.0,51.18,0.0,0.0,0.0,0.0,0.0,198.7,23796.0,45017.0,20.1,10.81,78.9,30.03,4.069,131.4,0.0,0.0,
2026-04-21T07:07:00,04/21/202607:07,131.62,0.0,0.0,51.18,0.0,0.0,0.0,0.0,0.0,198.7,23796.0,45017.0,20.1,10.8,79.0,30.03,4.1,131.0,0.0,0.0,
2026-04-21T07:07:31,04/21/202607:07,131.82999999999998,0.0,0.0,51.18,0.0,0.0,0.0,0.0,0.0,198.7,23796.0,45017.0,20.1,10.8,79.0,30.03,4.1,131.0,0.0,0.0,
2026-04-21T07:08:00,04/21/202607:08,132.04000000000002,0.0,0.0,51.18,0.0,0.0,0.0,0.0,0.0,198.7,23796.0,45017.0,20.1,10.8,79.0,30.03,4.1,131.0,0.0,0.0,
2026-04-21T07:08:30,04/21/202607:08,131.64000000000001,0.0,0.0,51.17,0.0,0.0,0.0,0.0,0.0,198.7,23796.0,45017.0,20.1,10.8,79.0,30.03,4.1,131.0,0.0,0.0,
2026-04-21T07:09:00,04/21/202607:09,131.24,0.0,0.0,51.160000000000004,0.0,0.0,0.0,0.0,0.0,198.7,23796.0,45017.0,20.1,10.8,79.0,30.03,4.1,131.0,0.0,0.0,
2026-04-21T07:09:31,04/21/202607:09,131.43,0.0,0.0,51.17,0.0,0.0,0.0,0.0,0.0,198.7,23796.0,45017.0,20.1,10.8,79.0,30.03,4.1,131.0,0.0,0.0,
2026-04-21T07:10:00,04/21/202607:10,131.62,0.0,0.0,51.18,0.0,0.0,0.0,0.0,0.0,198.7,23796.0,45017.0,20.1,10.8,79.0,30.03,4.1,131.0,0.0,0.0,
2026-04-21T07:10:30,04/21/202607:10,131.73,0.0,0.0,51.18,0.0,0.0,0.0,0.0,0.0,198.7,23796.0,45017.0,20.1,10.8,79.0,30.03,4.1,131.0,0.0,0.0,
2026-04-21T07:11:00,04/21/202607:11,131.84,0.0,0.0,51.18,0.0,0.0,0.0,0.0,0.0,198.7,23796.0,45017.0,20.1,10.8,79.0,30.03,4.1,131.0,0.0,0.0,
2026-04-21T07:12:18,04/21/202607:12,132.49,0.0,0.0,51.18,0.0,0.0,0.0,0.0,0.0,198.7,23796.0,45017.0,20.1,10.8,79.0,30.03,4.1,131.0,0.0,0.0,
2026-04-21T07:13:00,04/21/202607:13,133.14000000000001,0.0,0.0,51.18,0.0,0.0,0.0,0.0,0.0,198.7,23796.0,45017.0,20.1,10.8,79.0,30.03,4.1,131.0,0.0,0.0,
2026-04-21T07:13:18,04/21/202607:13,133.28,0.0,0.0,51.18,0.0,0.0,0.0,0.0,0.0,198.7,23796.0,45017.0,20.1,10.8,79.0,30.03,4.1,131.0,0.0,0.0,
2026-04-21T07:14:01,04/21/202607:14,133.42000000000002,0.0,0.0,51.18,0.0,0.0,0.0,0.0,0.0,198.7,23796.0,45017.0,20.1,10.8,79.0,30.03,4.1,131.0,0.0,0.0,
2026-04-21T07:14:18,04/21/202607:14,134.14000000000001,0.0,0.0,51.190000000000005,0.0,0.0,0.0,0.0,0.0,198.7,23796.0,45017.0,20.1,10.8,79.0,30.03,4.1,131.0,0.0,0.0,
2026-04-21T07:15:00,04/21/202607:15,134.85999999999999,0.0,0.0,51.2,0.0,0.0,0.0,0.0,0.0,198.7,23796.0,45017.0,20.1,10.8,79.0,30.03,4.1,131.0,0.0,0.0,
2026-04-21T07:15:18,04/21/202607:15,134.97,0.0,0.0,51.2,0.0,0.0,0.0,0.0,0.0,198.7,23796.0,45017.0,20.1,10.8,79.0,30.03,4.1,131.0,0.0,0.0,
2026-04-21T07:16:00,04/21/202607:16,135.07999999999998,0.0,0.0,51.2,0.0,0.0,0.0,0.0,0.0,198.7,23796.0,45017.0,20.1,10.8,79.0,30.03,4.1,131.0,0.0,0.0,
2026-04-21T07:16:19,04/21/202607:16,134.23,0.0,0.0,51.2,0.0,0.0,0.0,0.0,0.0,198.7,23796.0,45017.0,20.1,10.82,79.0,30.032999999999998,4.1,129.8,2.2,0.01,
2026-04-21T07:17:50,04/21/202607:17,134.42000000000002,0.0,0.0,51.2,0.0,0.0,0.0,0.0,0.0,198.7,23796.0,45017.0,20.1,10.84,79.0,30.036,4.1,128.6,4.4,0.02,
2026-04-21T07:18:01,04/21/202607:18,134.5,0.0,0.0,51.2,0.0,0.0,0.0,0.0,0.0,198.7,23796.0,45017.0,20.1,10.860000000000001,79.0,30.038999999999998,4.1,127.4,6.6,0.030000000000000006,
2026-04-21T07:18:18,04/21/202607:18,134.41,0.0,0.0,51.2,0.0,0.0,0.0,0.0,0.0,198.7,23796.0,45017.0,20.1,10.88,79.0,30.042,4.1,126.2,8.8,0.04,
2026-04-21T07:19:00,04/21/202607:19,134.3,0.0,0.0,51.2,0.0,0.0,0.0,0.0,0.0,198.7,23796.0,45017.0,20.1,10.9,79.0,30.044999999999998,4.1,125.0,11.0,0.05,
2026-04-21T07:19:18,04/21/202607:19,134.4,0.0,0.0,51.2,0.0,0.0,0.0,0.0,0.0,198.7,23796.0,45017.0,20.1,10.92,79.0,30.048000000000002,4.1,123.8,13.2,0.06000000000000001,
2026-04-21T07:20:00,04/21/202607:20,134.49,0.0,0.0,51.2,0.0,0.0,0.0,0.0,0.0,198.7,23796.0,45017.0,20.1,10.940000000000001,79.0,30.051,4.1,122.6,15.4,0.07,
2026-04-21T07:21:01,04/21/202607:21,134.57999999999998,0.0,0.0,51.2,0.0,0.0,0.0,0.0,0.0,198.7,23796.0,45017.0,20.1,10.959999999999999,79.0,30.053999999999995,4.1,121.4,17.6,0.08,
2026-04-21T07:21:19,04/21/202607:21,134.68,0.0,0.0,51.2,0.0,0.0,0.0,0.0,0.0,198.7,23796.0,45017.0,20.1,10.98,79.0,30.057,4.1,120.2,19.8,0.09,
2026-04-21T07:21:32,04/21/202607:21,134.79000000000002,0.0,0.0,51.2,0.0,0.0,0.0,0.0,0.0,198.7,23796.0,45017.0,20.1,11.0,79.0,30.059999999999995,4.1,119.0,22.0,0.1,
2026-04-21T07:22:00,04/21/202607:22,135.91,0.0,0.0,51.2,0.0,0.0,0.0,0.0,0.0,198.7,23796.0,45017.0,20.1,11.0,79.0,30.059999999999995,4.1,119.0,22.0,0.1,
2026-04-21T07:22:32,04/21/202607:22,136.0,0.0,0.0,51.21,0.0,0.0,0.0,0.0,0.0,198.7,23796.0,45017.0,20.0,11.0,79.0,30.059999999999995,4.1,119.0,22.0,0.1,
2026-04-21T07:23:01,04/21/202607:23,136.09,0.0,0.0,51.220000000000006,0.0,0.0,0.0,0.0,0.0,198.7,23796.0,45017.0,20.0,11.0,79.0,30.059999999999995,4.1,119.0,22.0,0.1,
2026-04-21T07:23:32,04/21/202607:23,136.19,0.0,0.0,51.220000000000006,0.0,0.0,0.0,0.0,0.0,198.7,23796.0,45017.0,20.1,11.0,79.0,30.059999999999995,4.1,119.0,22.0,0.1,
2026-04-21T07:24:00,04/21/202607:24,136.29000000000002,0.0,0.0,51.220000000000006,0.0,0.0,0.0,0.0,0.0,198.7,23796.0,45017.0,20.1,11.0,79.0,30.059999999999995,4.1,119.0,22.0,0.1,
2026-04-21T07:24:33,04/21/202607:24,136.37,0.0,0.0,51.23,0.0,0.0,0.0,0.0,0.0,198.7,23796.0,45017.0,20.0,11.0,79.0,30.059999999999995,4.1,119.0,22.0,0.1,
2026-04-21T07:25:01,04/21/202607:25,136.45,0.0,0.0,51.239999999999995,0.0,0.0,0.0,0.0,0.0,198.7,23796.0,45017.0,20.0,11.0,79.0,30.059999999999995,4.1,119.0,22.0,0.1,
2026-04-21T07:25:32,04/21/202607:25,135.95999999999998,0.0,0.0,51.25,0.0,0.0,0.0,0.0,0.0,198.7,23796.0,45017.0,20.0,11.0,79.0,30.059999999999995,4.1,119.0,22.0,0.1,
2026-04-21T07:26:00,04/21/202607:26,135.44,0.0,0.0,51.260000000000005,0.0,0.0,0.0,0.0,0.0,198.7,23796.0,45017.0,20.0,11.0,79.0,30.059999999999995,4.1,119.0,22.0,0.1,
2026-04-21T07:26:33,04/21/202607:26,135.51,0.0,0.0,51.260000000000005,0.0,0.0,0.0,0.0,0.0,198.7,23796.0,45017.0,20.0,11.0,79.0,30.059999999999995,4.1,119.0,22.0,0.1,
2026-04-21T07:27:01,04/21/202607:27,135.57999999999998,0.0,0.0,51.260000000000005,0.0,0.0,0.0,0.0,0.0,198.7,23796.0,45017.0,20.0,11.0,79.0,30.059999999999995,4.1,119.0,22.0,0.1,
2026-04-21T07:27:32,04/21/202607:27,135.48,0.0,0.0,51.260000000000005,0.0,0.0,0.0,0.0,0.0,198.7,23796.0,45017.0,20.0,11.0,79.0,30.059999999999995,4.1,119.0,22.0,0.1,
2026-04-21T07:29:01,04/21/202607:29,135.55,0.0,0.0,51.25,0.0,0.0,0.0,0.0,0.0,198.7,23796.0,45017.0,20.0,11.0,79.0,30.059999999999995,4.1,119.0,22.0,0.1,
2026-04-21T07:29:32,04/21/202607:29,135.65,0.0,0.0,51.260000000000005,0.0,0.0,0.0,0.0,0.0,198.7,23796.0,45017.0,20.1,11.03,79.0,30.059999999999995,4.1,119.0,22.0,0.1,
2026-04-21T07:30:01,04/21/202607:30,135.75,0.0,0.0,51.27,0.0,0.0,0.0,0.0,0.0,198.7,23796.0,45017.0,20.1,11.059999999999999,79.0,30.059999999999995,4.1,119.0,22.0,0.1,
2026-04-21T07:30:32,04/21/202607:30,135.81,0.0,0.0,51.27,0.0,0.0,0.0,0.0,0.0,198.7,23796.0,45017.0,20.0,11.09,79.0,30.059999999999995,4.093999999999999,121.7,22.0,0.1,
2026-04-21T07:31:01,04/21/202607:31,135.87,0.0,0.0,51.27,0.0,0.0,0.0,0.0,0.0,198.7,23796.0,45017.0,20.0,11.120000000000001,79.0,30.059999999999995,4.087999999999999,124.4,22.0,0.1,
2026-04-21T07:32:14,04/21/202607:32,136.5,0.0,0.0,51.27,0.0,0.0,0.0,0.0,0.0,198.7,23796.0,45017.0,20.1,11.190000000000001,78.9,30.059999999999995,4.107,127.7,25.7,0.11000000000000001,
2026-04-21T07:32:15,04/21/202607:32,137.14000000000001,0.0,0.0,51.27,0.01,0.5127,0.0,0.0,0.0,198.7,23796.0,45017.0,20.1,11.26,78.8,30.059999999999995,4.1259999999999994,131.0,29.4,0.12000000000000002,
2026-04-21T07:33:00,04/21/202607:33,137.18,0.0,0.0,51.279999999999994,0.02,1.0255999999999998,0.0,0.0,0.0,198.7,23796.0,45017.0,20.1,11.33,78.7,30.059999999999995,4.145,134.3,33.1,0.13,
2026-04-21T07:33:14,04/21/202607:33,137.22,0.0,0.0,51.3,0.02,1.026,0.0,0.0,0.0,198.7,23796.0,45017.0,20.1,11.4,78.6,30.059999999999995,4.164,137.6,36.8,0.14,
2026-04-21T07:34:01,04/21/202607:34,137.42000000000002,0.0,0.0,51.31,0.02,1.0262,0.0,0.0,0.0,198.7,23796.0,45017.0,20.1,11.47,78.5,30.059999999999995,4.183,140.9,40.5,0.15,
2026-04-21T07:34:14,04/21/202607:34,137.45999999999998,0.0,0.0,51.31999999999999,0.02,1.0264,0.0,0.0,0.0,198.7,23796.0,45017.0,20.1,11.540000000000001,78.4,30.059999999999995,4.202,144.2,44.2,0.16,
2026-04-21T07:35:00,04/21/202607:35,137.63,0.0,0.0,51.31999999999999,0.02,1.0264,0.0,0.0,0.0,198.7,23796.0,45017.0,20.1,11.58,78.3,30.059999999999995,4.221,147.5,47.9,0.17,
2026-04-21T07:36:01,04/21/202607:36,137.8,0.0,0.0,51.31999999999999,0.02,1.0264,0.0,0.0,0.0,198.7,23796.0,45017.0,20.0,11.62,78.2,30.059999999999995,4.24,150.8,51.6,0.18,
2026-04-21T07:36:14,04/21/202607:36,137.82999999999998,0.0,0.0,51.31,0.02,1.0262,0.0,0.0,0.0,198.7,23796.0,45017.0,20.0,11.66,78.1,30.059999999999995,4.265,151.4,55.3,0.19,
2026-04-21T07:37:00,04/21/202607:37,137.86,0.0,0.0,51.3,0.02,1.026,0.0,0.0,0.0,198.7,23796.0,45017.0,20.0,11.7,78.0,30.059999999999995,4.29,152.0,59.0,0.2,
2026-04-21T07:37:14,04/21/202607:37,137.9,0.0,0.0,51.31,0.02,1.0262,0.0,0.0,0.0,198.7,23796.0,45017.0,20.0,11.7,78.0,30.057,4.29,152.0,59.0,0.2,
2026-04-21T07:38:01,04/21/202607:38,137.93,0.0,0.0,51.32000000000001,0.01,0.5132000000000001,0.0,0.0,0.0,198.7,23796.0,45017.0,20.0,11.7,78.0,30.053999999999995,4.29,152.0,59.0,0.2,
2026-04-21T07:40:12,04/21/202607:40,137.97,0.0,0.0,51.33,0.0,0.0,0.0,0.0,0.0,198.7,23796.0,45017.0,20.0,11.7,77.7,30.051,4.29,152.0,59.0,0.2,
2026-04-21T07:41:01,04/21/202607:41,138.01,0.0,0.0,51.32000000000001,0.0,0.0,0.0,0.0,0.0,198.7,23796.0,45017.0,20.0,11.7,77.4,30.048000000000002,4.29,152.0,59.0,0.2,
2026-04-21T07:41:15,04/21/202607:41,138.06,0.0,0.0,51.31,0.0,0.0,0.0,0.0,0.0,198.7,23796.0,45017.0,20.0,11.7,77.1,30.044999999999998,4.29,152.0,59.0,0.2,
2026-04-21T07:42:01,04/21/202607:42,138.1,0.0,0.0,51.31,0.0,0.0,0.0,0.0,0.0,198.7,23796.0,45017.0,20.0,11.7,76.8,30.042,4.29,152.0,59.0,0.2,
2026-04-21T07:42:14,04/21/202607:42,137.8,0.0,0.0,51.32000000000001,0.0,0.0,0.0,0.0,0.0,198.7,23796.0,45017.0,20.0,11.7,76.5,30.038999999999998,4.29,152.0,59.0,0.2,
2026-04-21T07:43:01,04/21/202607:43,137.5,0.0,0.0,51.33,0.0,0.0,0.0,0.0,0.0,198.7,23796.0,45017.0,20.0,11.7,76.2,30.036,4.29,152.0,59.0,0.2,
2026-04-21T07:43:15,04/21/202607:43,137.53,0.0,0.0,51.35,0.0,0.0,0.0,0.0,0.0,198.7,23796.0,45017.0,20.0,11.7,75.9,30.032999999999998,4.29,152.0,59.0,0.2,
2026-04-21T07:44:01,04/21/202607:44,137.56,0.0,0.0,51.36999999999999,0.0,0.0,0.0,0.0,0.0,198.7,23796.0,45017.0,20.0,11.7,75.6,30.03,4.29,152.0,59.0,0.2,
2026-04-21T07:44:14,04/21/202607:44,137.44,0.0,0.0,51.36999999999999,0.0,0.0,0.0,0.0,0.0,198.7,23796.0,45017.0,20.0,11.7,75.3,30.03,4.29,152.0,59.0,0.2,
2026-04-21T07:45:01,04/21/202607:45,137.32,0.0,0.0,51.36999999999999,0.0,0.0,0.0,0.0,0.0,198.7,23796.0,45017.0,20.0,11.7,75.0,30.03,4.29,152.0,59.0,0.2,
2026-04-21T07:45:15,04/21/202607:45,137.33,0.0,0.0,51.36999999999999,0.0,0.0,0.0,0.0,0.0,198.7,23796.0,45017.0,20.0,11.7,75.0,30.03,4.29,152.0,59.0,0.2,
2026-04-21T07:46:01,04/21/202607:46,137.34,0.0,0.0,51.379999999999995,0.0,0.0,0.0,0.0,0.0,198.7,23796.0,45017.0,20.0,11.7,75.0,30.03,4.29,152.0,59.0,0.2,
2026-04-21T07:46:14,04/21/202607:46,137.35,0.0,0.0,51.39,0.0,0.0,0.0,0.0,0.0,198.7,23796.0,45017.0,20.0,11.77,74.9,30.03,4.321,153.4,63.4,0.21000000000000002,
2026-04-21T07:47:01,04/21/202607:47,137.36,0.0,0.0,51.4,0.0,0.0,0.0,0.0,0.0,198.7,23796.0,45017.0,20.0,11.84,74.8,30.03,4.351999999999999,154.8,67.8,0.22000000000000003,
2026-04-21T07:48:00,04/21/202607:48,137.71,0.0,0.0,51.4,0.0,0.0,0.0,0.0,0.0,198.7,23796.0,45017.0,20.0,11.91,74.7,30.03,4.383,156.2,72.2,0.22999999999999998,
2026-04-21T07:49:01,04/21/202607:49,138.06,0.0,0.0,51.4,0.0,0.0,0.0,0.0,0.0,198.7,23796.0,45017.0,20.0,11.98,74.6,30.03,4.414,157.6,76.6,0.24,
2026-04-21T07:49:15,04/21/202607:49,138.08,0.0,0.0,51.4,0.0,0.0,0.0,0.0,0.0,198.7,23796.0,45017.0,20.0,12.05,74.5,30.03,4.444999999999999,159.0,81.0,0.25,
2026-04-21T07:50:00,04/21/202607:50,138.1,0.0,0.0,51.4,0.0,0.0,0.0,0.0,0.0,198.7,23796.0,45017.0,20.0,12.120000000000001,74.4,30.03,4.476,160.4,85.4,0.26,
2026-04-21T07:52:15,04/21/202607:52,138.27,0.0,0.0,51.4,0.0,0.0,0.0,0.0,0.0,198.7,23796.0,45017.0,20.0,12.190000000000001,74.3,30.03,4.507,161.8,89.8,0.27,
2026-04-21T07:53:26,04/21/202607:53,138.44,0.0,0.0,51.4,0.0,0.0,0.0,0.0,0.0,198.7,23796.0,45017.0,20.0,12.26,74.2,30.03,4.537999999999999,163.2,94.2,0.27999999999999997,
2026-04-21T07:54:01,04/21/202607:54,138.47,0.0,0.0,51.4,0.0,0.0,0.0,0.0,0.0,198.7,23796.0,45017.0,20.0,12.33,74.1,30.03,4.569,164.6,98.6,0.29,
2026-04-21T07:54:25,04/21/202607:54,138.53,0.0,0.0,51.4,0.0,0.0,0.0,0.0,0.0,198.7,23796.0,45017.0,20.0,12.4,74.0,30.03,4.6,166.0,103.0,0.3,
2026-04-21T07:55:01,04/21/202607:55,138.57999999999998,0.0,0.0,51.4,0.0,0.0,0.0,0.0,0.0,198.7,23796.0,45017.0,20.0,12.4,74.0,30.03,4.6,166.0,103.0,0.3,
2026-04-21T07:55:26,04/21/202607:55,131.26,0.03,3.9377999999999997,51.4,0.02,1.028,1.0,0.0,0.0,198.7,23796.0,45017.0,20.0,12.4,74.0,30.03,4.6,166.0,103.0,0.3,0.2610594748336635
2026-04-21T07:56:01,04/21/202607:56,123.94000000000001,0.06,7.436400000000001,51.4,0.04,2.056,2.0,0.0,0.0,198.7,23796.0,45017.0,20.0,12.4,74.0,30.03,4.6,166.0,103.0,0.3,0.27647786563390886
2026-04-21T07:56:25,04/21/202607:56,116.1,0.09,10.449,51.4,0.06000000000000001,3.0840000000000005,3.0,0.0,0.0,198.7,23796.0,45017.0,20.0,12.4,74.0,30.03,4.6,166.0,103.0,0.3,0.29514786103933394
2026-04-21T07:57:01,04/21/202607:57,108.25,0.12,12.99,51.4,0.08,4.112,4.0,0.0,0.0,198.7,23796.0,45017.0,20.0,12.4,74.0,30.03,4.6,166.0,103.0,0.3,0.31655119322555814
2026-04-21T07:57:26,04/21/202607:57,108.3,0.12,12.995999999999999,51.410000000000004,0.08,4.1128,4.0,0.0,0.0,198.7,23796.0,45017.0,20.0,12.4,74.0,30.03,4.6,166.0,103.0,0.3,0.31646660510926444
2026-04-21T07:58:01,04/21/202607:58,108.34,0.12,13.0008,51.42,0.08,4.1136,4.0,0.0,0.0,198.7,23796.0,45017.0,20.0,12.4,74.0,30.03,4.6,166.0,103.0,0.3,0.3164112977662913
2026-04-21T07:58:25,04/21/202607:58,100.42,0.13,13.0546,51.42999999999999,0.11000000000000001,5.6573,5.5,0.0,0.0,198.7,23796.0,45017.0,20.0,12.4,74.0,30.03,4.6,166.0,103.0,0.3,0.43335682441438267
2026-04-21T07:59:01,04/21/202607:59,92.5,0.13999999999999999,12.95,51.44,0.13999999999999999,7.201599999999999,7.0,0.0,0.0,198.7,23796.0,45017.0,20.0,12.4,74.0,30.03,4.6,166.0,103.0,0.3,0.5561081081081081
2026-04-21T07:59:26,04/21/202607:59,92.52000000000001,0.13999999999999999,12.9528,51.46,0.13999999999999999,7.2044,7.0,0.0,0.0,198.7,23796.0,45017.0,20.0,12.4,74.0,30.03,4.6,166.0,103.0,0.3,0.5562040639861652
2026-04-21T08:00:01,04/21/202608:00,92.53999999999999,0.13999999999999999,12.955599999999997,51.48,0.13999999999999999,7.2071999999999985,7.0,0.0,0.0,198.7,23796.0,45017.0,20.0,12.4,74.0,30.03,4.6,166.0,103.0,0.3,0.5562999783877243
2026-04-21T08:00:25,04/21/202608:00,91.63,0.13,11.9119,51.489999999999995,0.16,8.238399999999999,8.0,0.0,0.0,198.7,23796.0,45017.0,20.0,12.49,74.0,30.03,4.8549999999999995,167.8,107.8,0.31,0.691610910098305
2026-04-21T08:01:01,04/21/202608:01,90.72,0.12,10.8864,51.5,0.18,9.27,9.0,0.0,0.0,198.7,23796.0,45017.0,20.0,12.580000000000002,74.0,30.03,5.109999999999999,169.6,112.6,0.32,0.851521164021164
2026-04-21T08:02:35,04/21/202608:02,90.74,0.12,10.8888,51.52,0.19,9.7888,9.5,0.0,0.0,198.7,23796.0,45017.0,20.0,12.67,74.0,30.03,5.365,171.4,117.4,0.32999999999999996,0.8989787671736096
2026-04-21T08:03:00,04/21/202608:03,90.76,0.12,10.8912,51.54,0.2,10.308,10.0,0.0,0.0,198.7,23796.0,45017.0,20.0,12.760000000000002,74.0,30.03,5.62,173.2,122.2,0.33999999999999997,0.9464521815777875
2026-04-21T08:03:26,04/21/202608:03,82.83,0.13999999999999999,11.596199999999998,51.55,0.22999999999999998,11.856499999999999,11.5,0.0,0.0,198.7,23796.0,45017.0,20.0,12.85,74.0,30.03,5.875,175.0,127.0,0.35,1.0224470085027855
2026-04-21T08:04:00,04/21/202608:04,74.9,0.16,11.984000000000002,51.56,0.26,13.405600000000002,13.0,0.0,0.0,198.7,23796.0,45017.0,20.0,12.940000000000001,74.0,30.03,6.13,176.8,131.8,0.36,1.1186248331108144
2026-04-21T08:04:26,04/21/202608:04,74.92999999999999,0.16999999999999998,12.738099999999998,51.57000000000001,0.27,13.923900000000003,13.5,0.0,0.0,198.7,23796.0,45017.0,20.0,13.030000000000001,74.0,30.03,6.385,178.6,136.6,0.37,1.0930908063211944
2026-04-21T08:05:00,04/21/202608:05,74.96000000000001,0.18,13.4928,51.58,0.27999999999999997,14.442399999999997,14.0,0.0,0.0,198.7,23796.0,45017.0,20.0,13.120000000000001,74.0,30.03,6.640000000000001,180.4,141.4,0.38,1.0703782758211784
2026-04-21T08:05:26,04/21/202608:05,67.07000000000001,0.2,13.414000000000001,51.58,0.32,16.5056,16.0,0.0,0.0,198.7,23796.0,45017.0,20.0,13.209999999999999,74.0,30.03,6.8950000000000005,182.2,146.2,0.39,1.230475622483972
2026-04-21T08:06:01,04/21/202608:06,59.18000000000001,0.22000000000000003,13.019600000000004,51.58,0.36,18.5688,18.0,0.0,0.0,198.7,23796.0,45017.0,20.0,13.3,74.0,30.03,7.15,184.0,151.0,0.4,1.4262189314571871
2026-04-21T08:06:26,04/21/202608:06,59.6,0.22000000000000003,13.112000000000002,51.589999999999996,0.36,18.5724,18.0,0.0,0.0,198.7,23796.0,45017.0,20.0,13.3,74.0,30.03,7.15,184.0,151.0,0.4,1.416442953020134
2026-04-21T08:07:00,04/21/202608:07,60.02,0.22000000000000003,13.204400000000003,51.6,0.36,18.576,18.0,0.0,0.0,198.7,23796.0,45017.0,20.0,13.3,74.0,30.03,7.15,184.0,151.0,0.4,1.4068037926751686
2026-04-21T08:07:26,04/21/202608:07,60.15,0.21000000000000002,12.6315,51.61,0.36,18.5796,18.0,0.0,0.0,198.7,23796.0,45017.0,20.0,13.3,74.0,30.03,7.15,184.0,151.0,0.4,1.4708941930887067
2026-04-21T08:08:01,04/21/202608:08,60.279999999999994,0.2,12.056,51.620000000000005,0.36,18.5832,18.0,0.0,0.0,198.7,23796.0,45017.0,20.0,13.3,74.0,30.03,7.15,184.0,151.0,0.4,1.541406768414068
2026-04-21T08:08:26,04/21/202608:08,68.22999999999999,0.18,12.281399999999998,51.620000000000005,0.33,17.0346,16.5,0.0,0.0,198.7,23796.0,45017.0,20.0,13.3,74.0,30.03,7.15,184.0,151.0,0.4,1.3870242806194737
2026-04-21T08:09:00,04/21/202608:09,76.17999999999999,0.16,12.188799999999999,51.620000000000005,0.3,15.486,15.0,0.0,0.0,198.7,23796.0,45017.0,20.0,13.3,74.0,30.03,7.15,184.0,151.0,0.4,1.2705106327119982
2026-04-21T08:09:25,04/21/202608:09,76.38,0.16,12.220799999999999,51.63000000000001,0.3,15.489000000000003,15.0,0.0,0.0,198.7,23796.0,45017.0,20.0,13.3,74.0,30.03,7.15,184.0,151.0,0.4,1.2674293008641009
2026-04-21T08:10:01,04/21/202608:10,76.58,0.16,12.2528,51.64,0.3,15.491999999999999,15.0,0.0,0.0,198.7,23796.0,45017.0,20.0,13.3,74.0,30.03,7.15,184.0,151.0,0.4,1.26436406372421
2026-04-21T08:10:24,04/21/202608:10,84.47999999999999,0.14,11.8272,51.65,0.26,13.429,13.0,0.0,0.0,198.7,23796.0,45017.0,20.0,13.3,74.0,30.03,7.15,184.0,151.0,0.4,1.135433576839827
2026-04-21T08:11:00,04/21/202608:11,92.38,0.12000000000000002,11.085600000000001,51.660000000000004,0.22000000000000003,11.365200000000002,11.0,0.0,0.0,198.7,23796.0,45017.0,20.0,13.3,74.0,30.03,7.15,184.0,151.0,0.4,1.0252219095042217
2026-04-21T08:11:23,04/21/202608:11,92.39,0.13,12.0107,51.660000000000004,0.21000000000000002,10.848600000000001,10.5,0.0,0.0,198.7,23796.0,45017.0,20.0,13.3,74.0,30.03,7.15,184.0,151.0,0.4,0.9032446068921879
2026-04-21T08:12:01,04/21/202608:12,92.4,0.13999999999999999,12.936,51.660000000000004,0.2,10.332,10.0,0.0,0.0,198.7,23796.0,45017.0,20.0,13.3,74.0,30.03,7.15,184.0,151.0,0.4,0.7987012987012988
2026-04-21T08:12:24,04/21/202608:12,97.58,0.13999999999999999,13.6612,51.660000000000004,0.22999999999999998,11.8818,11.6,0.0,0.0,198.7,23796.0,45017.0,20.0,13.3,74.0,30.03,7.15,184.0,151.0,0.4,0.8697478991596639
2026-04-21T08:13:46,04/21/202608:13,97.66999999999999,0.15,14.650499999999997,51.660000000000004,0.24,12.3984,12.1,0.0,0.0,198.7,23796.0,45017.0,20.0,13.3,74.0,30.03,7.15,184.0,151.0,0.4,0.8462782840176105
2026-04-21T08:14:01,04/21/202608:14,89.99,0.18,16.1982,51.67,0.27999999999999997,14.4676,14.1,0.0,0.0,198.7,23796.0,45017.0,20.0,13.3,74.0,30.03,7.15,184.0,151.0,0.4,0.8931609685026731
2026-04-21T08:14:26,04/21/202608:14,81.86999999999999,0.21000000000000002,17.1927,51.68000000000001,0.31,16.0208,15.6,0.0,0.0,198.7,23796.0,45017.0,20.0,13.3,74.0,30.03,7.15,184.0,151.0,0.4,0.931837349572784
2026-04-21T08:14:31,04/21/202608:14,81.51,0.22000000000000003,17.932200000000005,51.69,0.3,15.506999999999998,15.1,0.0,0.0,198.7,23796.0,45017.0,20.0,13.3,74.0,30.03,7.15,184.0,151.0,0.4,0.8647572523170606
2026-04-21T08:15:01,04/21/202608:15,81.15,0.22999999999999998,18.6645,51.7,0.29,14.993,14.6,0.0,0.0,198.7,23796.0,45017.0,20.0,13.3,74.0,30.03,7.15,184.0,151.0,0.4,0.8032896675506979
2026-04-21T08:15:32,04/21/202608:15,73.03999999999999,0.26,18.990399999999998,51.7,0.32,16.544,16.1,0.0,0.0,198.7,23796.0,45017.0,20.0,13.370000000000001,74.0,30.03,7.324000000000001,184.8,156.2,0.42000000000000004,0.8711770157553291
2026-04-21T08:16:00,04/21/202608:16,64.92999999999999,0.29,18.829699999999995,51.7,0.35,18.095,17.6,0.0,0.0,198.7,23796.0,45017.0,20.0,13.440000000000001,74.0,30.03,7.498,185.6,161.4,0.44000000000000006,0.9609818531362689
2026-04-21T08:16:31,04/21/202608:16,64.96000000000001,0.29,18.8384,51.71,0.35,18.098499999999998,17.6,0.0,0.0,198.7,23796.0,45017.0,20.0,13.51,74.0,30.03,7.672,186.4,166.6,0.45999999999999996,0.9607238406658738
2026-04-21T08:17:01,04/21/202608:17,64.99,0.29,18.847099999999998,51.720000000000006,0.35,18.102,17.6,0.0,0.0,198.7,23796.0,45017.0,20.0,13.580000000000002,74.0,30.03,7.846000000000001,187.2,171.8,0.48,0.960466066397483
2026-04-21T08:18:00,04/21/202608:18,59.73,0.3,17.918999999999997,51.73,0.32,16.5536,16.0,0.0,0.0,198.7,23796.0,45017.0,20.0,13.65,74.0,30.03,8.02,188.0,177.0,0.5,0.923801551425861
2026-04-21T08:18:31,04/21/202608:18,59.120000000000005,0.3,17.736,51.739999999999995,0.31,16.039399999999997,15.5,0.0,0.0,198.7,23796.0,45017.0,20.0,13.719999999999999,74.0,30.03,8.193999999999999,188.8,182.2,0.52,0.9043414524131708
2026-04-21T08:19:01,04/21/202608:19,58.510000000000005,0.3,17.553,51.75,0.3,15.524999999999999,15.0,0.0,0.0,198.7,23796.0,45017.0,20.0,13.790000000000001,74.0,30.03,8.368,189.6,187.4,0.54,0.8844641941548452
2026-04-21T08:20:00,04/21/202608:20,58.339999999999996,0.3,17.502,51.760000000000005,0.3,15.528,15.0,0.0,0.0,198.7,23796.0,45017.0,20.0,13.86,74.0,30.03,8.542,190.4,192.6,0.5599999999999999,0.8872128899554338
2026-04-21T08:20:24,04/21/202608:20,58.510000000000005,0.3,17.553,51.760000000000005,0.3,15.528,15.0,0.0,0.0,198.7,23796.0,45017.0,20.0,13.930000000000001,74.0,30.03,8.716000000000001,191.2,197.8,0.58,0.8846351051102376
2026-04-21T08:21:01,04/21/202608:21,58.67999999999999,0.3,17.603999999999996,51.760000000000005,0.3,15.528,15.0,0.0,0.0,198.7,23796.0,45017.0,20.0,14.0,74.0,30.03,8.89,192.0,203.0,0.6,0.8820722563053854
2026-04-21T08:21:25,04/21/202608:21,66.81,0.26999999999999996,18.0387,51.77,0.26999999999999996,13.977899999999998,13.5,0.0,0.0,198.7,23796.0,45017.0,20.0,13.98,74.0,30.03,8.89,192.0,203.1,0.6,0.7748839994012872
2026-04-21T08:22:00,04/21/202608:22,74.94,0.24,17.985599999999998,51.779999999999994,0.24,12.427199999999997,12.0,0.0,0.0,198.7,23796.0,45017.0,20.0,13.959999999999999,74.0,30.03,8.89,192.0,203.2,0.6,0.6909527622097678
2026-04-21T08:22:24,04/21/202608:22,74.88,0.25,18.72,51.8,0.24,12.431999999999999,12.0,0.0,0.0,198.7,23796.0,45017.0,20.0,13.940000000000001,74.0,30.03,8.74,190.3,203.3,0.6,0.6641025641025641
2026-04-21T08:23:01,04/21/202608:23,74.82000000000001,0.26,19.453200000000002,51.81999999999999,0.24,12.436799999999998,12.0,0.0,0.0,198.7,23796.0,45017.0,20.0,13.919999999999998,74.0,30.03,8.59,188.6,203.4,0.6,0.6393189809388685
2026-04-21T08:23:24,04/21/202608:23,82.69,0.22999999999999998,19.0187,51.83,0.21000000000000002,10.884300000000001,10.5,0.0,0.0,198.7,23796.0,45017.0,20.0,13.9,74.0,30.03,8.440000000000001,186.9,203.5,0.6,0.5722946363316106
2026-04-21T08:23:31,04/21/202608:23,90.78,0.2,18.156000000000002,51.839999999999996,0.18,9.331199999999999,9.0,0.0,0.0,198.7,23796.0,45017.0,20.0,13.88,74.0,30.03,8.290000000000001,185.2,203.6,0.6,0.5139458030403171
2026-04-21T08:24:58,04/21/202608:24,91.35,0.2,18.27,51.839999999999996,0.18,9.331199999999999,9.0,0.0,0.0,198.7,23796.0,45017.0,20.0,13.86,74.0,30.03,8.14,183.5,203.7,0.6,0.5107389162561576
2026-04-21T08:25:01,04/21/202608:25,91.92,0.2,18.384,51.839999999999996,0.18,9.331199999999999,9.0,0.0,0.0,198.7,23796.0,45017.0,20.0,13.84,74.0,30.03,7.99,181.8,203.8,0.6,0.5075718015665796
2026-04-21T08:25:31,04/21/202608:25,92.17999999999999,0.21000000000000002,19.3578,51.839999999999996,0.18,9.331199999999999,9.0,0.0,0.0,198.7,23796.0,45017.0,20.0,13.820000000000002,74.0,30.03,7.840000000000001,180.1,203.9,0.6,0.48203824814803325
2026-04-21T08:26:00,04/21/202608:26,92.44,0.22000000000000003,20.336800000000004,51.839999999999996,0.18,9.331199999999999,9.0,0.0,0.0,198.7,23796.0,45017.0,20.0,13.8,74.0,30.03,7.69,178.4,204.0,0.6,0.4588332481019628
2026-04-21T08:27:01,04/21/202608:27,84.74,0.26,22.0324,51.85,0.21000000000000002,10.8885,10.5,0.0,0.0,198.7,23796.0,45017.0,20.0,13.8,74.0,30.03,7.539999999999999,176.7,204.0,0.6,0.49420399048673774
2026-04-21T08:27:31,04/21/202608:27,77.09,0.29,22.356099999999998,51.86,0.24,12.446399999999999,12.0,0.0,0.0,198.7,23796.0,45017.0,20.0,13.8,74.0,30.03,7.389999999999999,175.0,204.0,0.6,0.5567339562803888
2026-04-21T08:28:00,04/21/202608:28,77.37,0.27999999999999997,21.6636,51.86,0.24,12.446399999999999,12.0,0.0,0.0,198.7,23796.0,45017.0,20.0,13.8,74.0,30.03,7.389999999999999,175.0,204.0,0.6,0.5745305489392345
2026-04-21T08:28:31,04/21/202608:28,77.66,0.27,20.9682,51.86,0.24,12.446399999999999,12.0,0.0,0.0,198.7,23796.0,45017.0,20.0,13.8,74.0,30.03,7.389999999999999,175.0,204.0,0.6,0.5935845709216814
2026-04-21T08:29:01,04/21/202608:29,70.02,0.3,21.005999999999997,51.86,0.26999999999999996,14.002199999999998,13.5,0.0,0.0,198.7,23796.0,45017.0,20.0,13.8,74.0,30.03,7.389999999999999,175.0,204.0,0.6,0.6665809768637533
2026-04-21T08:29:31,04/21/202608:29,62.339999999999996,0.32999999999999996,20.572199999999995,51.86999999999999,0.3,15.560999999999996,15.0,0.0,0.0,198.7,23796.0,45017.0,20.0,13.8,74.0,30.03,7.389999999999999,175.0,204.0,0.6,0.7564091346574503
2026-04-21T08:30:00,04/21/202608:30,62.17999999999999,0.32999999999999996,20.519399999999994,51.89,0.3,15.567,15.0,0.0,0.0,198.7,23796.0,45017.0,20.0,13.8,74.0,30.03,7.389999999999999,175.0,204.0,0.6,0.7586479136816868
2026-04-21T08:30:32,04/21/202608:30,68.49,0.3,20.546999999999997,51.910000000000004,0.26999999999999996,14.015699999999999,13.5,0.0,0.0,198.7,23796.0,45017.0,20.0,13.8,74.0,30.03,7.389999999999999,175.0,204.0,0.6,0.6821287779237846
2026-04-21T08:31:01,04/21/202608:31,74.76,0.26,19.437600000000003,51.92999999999999,0.24,12.463199999999997,12.0,0.0,0.0,198.7,23796.0,45017.0,20.0,13.8,74.0,30.03,7.389999999999999,175.0,204.0,0.6,0.6411902704037533
2026-04-21T08:31:31,04/21/202608:31,74.46000000000001,0.26,19.359600000000004,51.95,0.24,12.468,12.0,0.0,0.0,198.7,23796.0,45017.0,20.0,13.86,74.1,30.03,7.508,176.4,209.3,0.6399999999999999,0.6440215706936092
2026-04-21T08:32:01,04/21/202608:32,74.16,0.26,19.2816,51.96,0.24,12.4704,12.0,0.0,0.0,198.7,23796.0,45017.0,20.0,13.920000000000002,74.2,30.03,7.6259999999999994,177.8,214.6,0.6799999999999999,0.6467513069454817
2026-04-21T08:33:26,04/21/202608:33,74.03,0.27,19.988100000000003,51.970000000000006,0.24,12.472800000000001,12.0,0.0,0.0,198.7,23796.0,45017.0,20.0,13.98,74.3,30.03,7.744,179.2,219.9,0.72,0.6240112867155958
2026-04-21T08:34:01,04/21/202608:34,73.9,0.27999999999999997,20.692,51.98,0.24,12.4752,12.0,0.0,0.0,198.7,23796.0,45017.0,20.0,14.040000000000001,74.4,30.03,7.862,180.6,225.2,0.76,0.602899671370578
2026-04-21T08:34:26,04/21/202608:34,81.55,0.25,20.3875,52.0,0.21000000000000002,10.920000000000002,10.5,0.0,0.0,198.7,23796.0,45017.0,20.0,14.1,74.5,30.03,7.9799999999999995,182.0,230.5,0.8,0.5356223175965666
2026-04-21T08:36:09,04/21/202608:36,81.41,0.25,20.3525,52.02,0.22000000000000003,11.444400000000002,11.0,0.0,0.0,198.7,23796.0,45017.0,20.0,14.16,74.6,30.03,8.098,183.4,235.8,0.8400000000000001,0.5623092986119642
2026-04-21T08:36:26,04/21/202608:36,83.41,0.25,20.8525,52.029999999999994,0.24,12.487199999999998,12.1,0.0,0.0,198.7,23796.0,45017.0,20.0,14.220000000000002,74.7,30.03,8.216,184.8,241.1,0.8800000000000001,0.5988346721016664
2026-04-21T08:37:01,04/21/202608:37,85.41,0.25,21.3525,52.04,0.26,13.5304,13.2,0.0,0.0,198.7,23796.0,45017.0,20.0,14.280000000000001,74.8,30.03,8.334,186.2,246.4,0.9199999999999999,0.633668188736682
2026-04-21T08:37:26,04/21/202608:37,79.17,0.29,22.9593,52.05,0.29,15.094499999999998,14.7,0.0,0.0,198.7,23796.0,45017.0,20.0,14.34,74.9,30.03,8.452,187.6,251.7,0.96,0.6574460022735884
2026-04-21T08:38:01,04/21/202608:38,72.93,0.33,24.066900000000004,52.06,0.32,16.659200000000002,16.2,0.0,0.0,198.7,23796.0,45017.0,20.0,14.4,75.0,30.03,8.57,189.0,257.0,1.0,0.6922038151984675
2026-04-21T08:38:26,04/21/202608:38,75.47,0.33,24.9051,52.07000000000001,0.32999999999999996,17.1831,16.7,0.0,0.0,198.7,23796.0,45017.0,20.0,14.4,75.0,30.03,8.57,189.0,257.0,1.0,0.6899430237180336
2026-04-21T08:39:01,04/21/202608:39,78.01,0.33,25.7433,52.08,0.33999999999999997,17.707199999999997,17.2,0.0,0.0,198.7,23796.0,45017.0,20.0,14.4,75.0,30.03,8.57,189.0,257.0,1.0,0.6878372236659634
2026-04-21T08:39:27,04/21/202608:39,77.92999999999999,0.32,24.9376,52.1,0.35,18.235,17.7,0.0,0.0,198.7,23796.0,45017.0,20.0,14.4,75.0,30.03,8.57,189.0,257.0,1.0,0.731225137944309
2026-04-21T08:40:00,04/21/202608:40,77.85,0.31,24.133499999999998,52.120000000000005,0.36,18.7632,18.2,0.0,0.0,198.7,23796.0,45017.0,20.0,14.4,75.0,30.03,8.57,189.0,257.0,1.0,0.7774752936789112
2026-04-21T08:40:27,04/21/202608:40,70.03,0.35,24.5105,52.120000000000005,0.4,20.848000000000003,20.2,0.0,0.0,198.7,23796.0,45017.0,20.0,14.4,75.0,30.03,8.57,189.0,257.0,1.0,0.8505742436914793
2026-04-21T08:41:01,04/21/202608:41,70.0,0.36,25.2,52.120000000000005,0.4,20.848000000000003,20.2,0.0,0.0,198.7,23796.0,45017.0,20.0,14.4,75.0,30.03,8.57,189.0,257.0,1.0,0.8273015873015874
2026-04-21T08:41:26,04/21/202608:41,68.09,0.37,25.1933,52.120000000000005,0.38,19.805600000000002,19.1,0.0,0.0,198.7,23796.0,45017.0,20.0,14.4,75.0,30.03,8.57,189.0,257.0,1.0,0.7861455228175745
2026-04-21T08:42:00,04/21/202608:42,66.17999999999999,0.38,25.1484,52.120000000000005,0.36,18.7632,18.0,0.0,0.0,198.7,23796.0,45017.0,20.0,14.4,75.0,30.03,8.57,189.0,257.0,1.0,0.7460991554134657
2026-04-21T08:42:27,04/21/202608:42,66.06,0.38,25.102800000000002,52.13000000000001,0.37,19.288100000000004,18.5,0.0,0.0,198.7,23796.0,45017.0,20.0,14.4,75.0,30.03,8.57,189.0,257.0,1.0,0.7683644852367068
2026-04-21T08:43:01,04/21/202608:43,65.94,0.38,25.057199999999998,52.14,0.38,19.813200000000002,19.0,0.0,0.0,198.7,23796.0,45017.0,20.0,14.4,75.0,30.03,8.57,189.0,257.0,1.0,0.7907188353048227
2026-04-21T08:44:00,04/21/202608:44,63.61,0.38,24.1718,52.15,0.38,19.817,19.0,0.0,0.0,198.7,23796.0,45017.0,20.0,14.4,75.0,30.03,8.57,189.0,257.0,1.0,0.819839647854111
2026-04-21T08:44:27,04/21/202608:44,61.36999999999999,0.38,23.320599999999995,52.160000000000004,0.39,20.3424,19.6,0.0,0.0,198.7,23796.0,45017.0,20.0,14.4,75.0,30.03,8.57,189.0,257.0,1.0,0.872293165698996
2026-04-21T08:45:01,04/21/202608:45,61.529999999999994,0.39,23.996699999999997,52.160000000000004,0.4,20.864000000000004,20.2,0.0,0.0,198.7,23796.0,45017.0,20.0,14.4,75.0,30.03,8.57,189.0,257.0,1.0,0.8694528831047605
2026-04-21T08:45:27,04/21/202608:45,61.7,0.39,24.063000000000002,52.17,0.41,21.389699999999998,20.8,0.0,0.0,198.7,23796.0,45017.0,20.0,14.4,75.0,30.03,8.57,189.0,257.0,1.0,0.8889041266674976
2026-04-21T08:47:20,04/21/202608:47,61.82000000000001,0.39,24.109800000000003,52.19,0.42000000000000004,21.919800000000002,21.4,0.0,0.0,198.7,23796.0,45017.0,20.0,14.45,75.1,30.03,8.664,189.6,262.3,1.03,0.9091655675285568
2026-04-21T08:47:41,04/21/202608:47,63.92,0.39,24.928800000000003,52.220000000000006,0.42000000000000004,21.932400000000005,21.4,0.0,0.0,198.7,23796.0,45017.0,20.0,14.5,75.2,30.03,8.758,190.2,267.6,1.06,0.8798016751708868
2026-04-21T08:48:00,04/21/202608:48,66.02000000000001,0.39,25.747800000000005,52.25,0.43,22.4675,21.9,0.0,0.0,198.7,23796.0,45017.0,20.0,14.55,75.3,30.03,8.852,190.8,272.9,1.09,0.872598823977194
2026-04-21T08:49:00,04/21/202608:49,68.12,0.39,26.566800000000004,52.27,0.44000000000000006,22.998800000000003,22.4,0.0,0.0,198.7,23796.0,45017.0,20.0,14.6,75.4,30.03,8.946000000000002,191.4,278.2,1.1199999999999999,0.8656970353975638
2026-04-21T08:49:40,04/21/202608:49,68.14,0.39,26.5746,52.279999999999994,0.44000000000000006,23.0032,22.4,0.0,0.0,198.7,23796.0,45017.0,20.0,14.65,75.5,30.03,9.040000000000001,192.0,283.5,1.15,0.8656085133924876
2026-04-21T08:50:01,04/21/202608:50,68.16,0.39,26.5824,52.29,0.44000000000000006,23.007600000000004,22.4,0.0,0.0,198.7,23796.0,45017.0,20.0,14.7,75.6,30.03,9.134,192.6,288.8,1.1800000000000002,0.8655200433369449
2026-04-21T08:50:41,04/21/202608:50,75.94,0.35,26.578999999999997,52.31,0.4,20.924000000000003,20.4,0.0,0.0,198.7,23796.0,45017.0,20.0,14.75,75.7,30.03,9.228,193.2,294.1,1.21,0.7872380450731783
2026-04-21T08:51:00,04/21/202608:51,83.63000000000001,0.31,25.925300000000004,52.33,0.35,18.315499999999997,17.8,0.0,0.0,198.7,23796.0,45017.0,20.0,14.8,75.8,30.03,9.322,193.8,299.4,1.24,0.7064720562539293
2026-04-21T08:51:40,04/21/202608:51,83.85,0.31,25.993499999999997,52.339999999999996,0.34,17.7956,17.2,0.0,0.0,198.7,23796.0,45017.0,20.0,14.85,75.9,30.03,9.416,194.4,304.7,1.27,0.6846173081731972
2026-04-21T08:52:00,04/21/202608:52,84.06,0.32,26.8992,52.339999999999996,0.33,17.272199999999998,16.6,0.0,0.0,198.7,23796.0,45017.0,20.0,14.9,76.0,30.03,9.51,195.0,310.0,1.3,0.6421083154889364
2026-04-21T08:52:41,04/21/202608:52,91.74,0.28,25.6872,52.35,0.28,14.658000000000001,14.0,0.0,0.0,198.7,23796.0,45017.0,20.0,14.9,76.0,30.03,9.51,195.0,310.0,1.3,0.5706344015696534
2026-04-21T08:53:00,04/21/202608:53,97.44000000000001,0.24000000000000005,23.385600000000007,52.35,0.24000000000000005,12.564000000000004,12.0,0.0,0.0,198.7,23796.0,45017.0,20.0,14.9,76.0,30.03,9.51,195.0,310.0,1.3,0.5372536945812808
2026-04-21T08:53:41,04/21/202608:53,95.56,0.24000000000000005,22.934400000000004,52.35,0.24000000000000005,12.564000000000004,12.0,0.0,0.0,198.7,23796.0,45017.0,20.0,14.9,76.0,30.03,9.51,195.0,310.0,1.3,0.5478233570531604
2026-04-21T08:54:00,04/21/202608:54,93.68,0.24000000000000005,22.483200000000007,52.36,0.24000000000000005,12.566400000000002,12.0,0.0,0.0,198.7,23796.0,45017.0,20.0,14.9,76.0,30.03,9.51,195.0,310.0,1.3,0.5589239965841161
2026-04-21T08:54:40,04/21/202608:54,93.87,0.25,23.4675,52.36999999999999,0.24000000000000005,12.5688,12.0,0.0,0.0,198.7,23796.0,45017.0,20.0,14.9,76.0,30.03,9.51,195.0,310.0,1.3,0.5355832534356024
2026-04-21T08:55:00,04/21/202608:55,94.06,0.26,24.4556,52.379999999999995,0.24000000000000005,12.571200000000001,12.0,0.0,0.0,198.7,23796.0,45017.0,20.0,14.9,76.0,30.03,9.51,195.0,310.0,1.3,0.5140417736632918
2026-04-21T08:56:00,04/21/202608:56,86.49,0.31,26.811899999999998,52.379999999999995,0.28,14.6664,14.1,0.0,0.0,198.7,23796.0,45017.0,20.0,14.9,76.0,30.03,9.51,195.0,310.0,1.3,0.5470108422006646
2026-04-21T08:56:02,04/21/202608:56,78.91,0.36,28.4076,52.39,0.32,16.7648,16.1,0.0,0.0,198.7,23796.0,45017.0,20.0,14.9,76.0,30.03,9.51,195.0,310.0,1.3,0.5901519311733481
2026-04-21T08:57:17,04/21/202608:57,81.19,0.36,29.228399999999997,52.410000000000004,0.32,16.7712,16.2,0.0,0.0,198.7,23796.0,45017.0,20.0,14.9,76.0,30.03,9.51,195.0,310.0,1.3,0.5737980867922979
2026-04-21T08:58:31,04/21/202608:58,83.47,0.36,30.0492,52.44,0.32,16.7808,16.3,0.0,0.0,198.7,23796.0,45017.0,20.0,14.9,76.0,30.03,9.51,195.0,310.0,1.3,0.5584441515913902
2026-04-21T08:59:01,04/21/202608:59,78.28,0.4,31.312,52.46,0.36,18.8856,18.4,0.0,0.0,198.7,23796.0,45017.0,20.0,14.9,76.0,30.03,9.51,195.0,310.0,1.3,0.6031425651507409
2026-04-21T08:59:17,04/21/202608:59,73.3,0.45,32.985,52.48,0.4,20.992,20.5,0.0,0.0,198.7,23796.0,45017.0,20.0,14.9,76.0,30.03,9.51,195.0,310.0,1.3,0.6364104896164924
2026-04-21T09:00:01,04/21/202609:00,75.9,0.45999999999999996,34.914,52.5,0.4,21.0,20.6,0.0,0.0,198.7,23796.0,45017.0,20.0,14.9,76.0,30.03,9.51,195.0,310.0,1.3,0.6014779171678982
2026-04-21T09:01:01,04/21/202609:01,78.5,0.47000000000000003,36.895,52.52,0.4,21.008000000000003,20.7,0.0,0.0,198.7,23796.0,45017.0,20.0,14.9,76.0,30.03,9.51,195.0,310.0,1.3,0.569399647648733
2026-04-21T09:01:17,04/21/202609:01,81.09,0.47000000000000003,38.112300000000005,52.54,0.4,21.016000000000002,20.8,0.0,0.0,198.7,23796.0,45017.0,20.0,14.959999999999999,75.0,30.03,9.622,195.3,315.4,1.32,0.5514230314098073
2026-04-21T09:02:01,04/21/202609:02,83.68,0.47000000000000003,39.329600000000006,52.56,0.4,21.024,20.9,0.0,0.0,198.7,23796.0,45017.0,20.0,15.02,74.0,30.03,9.734,195.6,320.8,1.34,0.534559212399821
2026-04-21T09:02:16,04/21/202609:02,86.94,0.45999999999999996,39.992399999999996,52.589999999999996,0.39,20.510099999999998,20.3,0.0,0.0,198.7,23796.0,45017.0,20.0,15.080000000000002,73.0,30.03,9.846,195.9,326.2,1.3599999999999999,0.5128499414888829
2026-04-21T09:03:01,04/21/202609:03,90.21000000000001,0.45,40.594500000000004,52.61,0.38,19.9918,19.8,0.0,0.0,198.7,23796.0,45017.0,20.0,15.14,72.0,30.03,9.958,196.2,331.6,1.3800000000000001,0.49247558166746724
2026-04-21T09:03:17,04/21/202609:03,91.09,0.45,40.990500000000004,52.63000000000001,0.38,19.999400000000005,19.8,0.0,0.0,198.7,23796.0,45017.0,20.0,15.2,71.0,30.03,10.07,196.5,337.0,1.4,0.48790329466583726
2026-04-21T09:04:01,04/21/202609:04,91.97,0.45,41.3865,52.64,0.38,20.0032,19.8,0.0,0.0,198.7,23796.0,45017.0,20.0,15.26,70.0,30.03,10.182,196.8,342.4,1.42,0.48332668865451295
2026-04-21T09:04:17,04/21/202609:04,89.55,0.45,40.2975,52.65,0.38,20.007,19.8,0.0,0.0,198.7,23796.0,45017.0,20.0,15.319999999999999,69.0,30.03,10.294,197.1,347.8,1.44,0.4964824120603015
2026-04-21T09:05:01,04/21/202609:05,86.92,0.44000000000000006,38.244800000000005,52.660000000000004,0.38,20.010800000000003,19.8,0.0,0.0,198.7,23796.0,45017.0,20.0,15.38,68.0,30.03,10.406,197.4,353.2,1.46,0.5232293017612852
2026-04-21T09:05:17,04/21/202609:05,84.28999999999999,0.43,36.244699999999995,52.660000000000004,0.39,20.5374,20.3,0.0,0.0,198.7,23796.0,45017.0,20.0,15.440000000000001,67.0,30.03,10.518,197.7,358.6,1.48,0.5666318109958147
2026-04-21T09:06:01,04/21/202609:06,81.66,0.42000000000000004,34.297200000000004,52.660000000000004,0.4,21.064000000000004,20.8,0.0,0.0,198.7,23796.0,45017.0,20.0,15.5,66.0,30.03,10.63,198.0,364.0,1.5,0.614160922757543
2026-04-21T09:06:16,04/21/202609:06,79.03999999999999,0.41000000000000003,32.4064,52.67,0.41,21.5947,21.3,0.0,0.0,198.7,23796.0,45017.0,20.0,15.5,66.0,30.03,10.63,198.0,364.0,1.5,0.6663714574898786
2026-04-21T09:07:01,04/21/202609:07,76.42,0.4,30.568,52.68000000000001,0.42000000000000004,22.125600000000006,21.8,0.0,0.0,198.7,23796.0,45017.0,20.0,15.5,66.0,30.03,10.63,198.0,364.0,1.5,0.7238157550379484
2026-04-21T09:08:01,04/21/202609:08,73.13,0.4,29.252,52.69,0.44000000000000006,23.183600000000002,22.9,0.0,0.0,198.7,23796.0,45017.0,20.0,15.5,66.0,30.03,10.63,198.0,364.0,1.5,0.7925475181184194
2026-04-21T09:08:16,04/21/202609:08,72.67,0.4,29.068,52.7,0.44000000000000006,23.188000000000006,22.9,0.0,0.0,198.7,23796.0,45017.0,20.0,15.5,66.0,30.03,10.63,198.0,364.0,1.5,0.797715701114628
2026-04-21T09:09:43,04/21/202609:09,72.22,0.4,28.888,52.71,0.44000000000000006,23.192400000000003,22.9,0.0,0.0,198.7,23796.0,45017.0,20.0,15.5,66.0,30.03,10.63,198.0,364.0,1.5,0.8028385488784271
2026-04-21T09:10:01,04/21/202609:10,71.77000000000001,0.4,28.708000000000006,52.720000000000006,0.44000000000000006,23.196800000000007,22.9,0.0,0.0,198.7,23796.0,45017.0,20.0,15.5,66.0,30.03,10.63,198.0,364.0,1.5,0.8080256374529748
2026-04-21T09:10:17,04/21/202609:10,74.62,0.4,29.848000000000003,52.73,0.43,22.6739,22.3,0.0,0.0,198.7,23796.0,45017.0,20.0,15.5,66.0,30.03,10.63,198.0,364.0,1.5,0.7596455373894397
2026-04-21T09:11:01,04/21/202609:11,77.47,0.4,30.988,52.739999999999995,0.42000000000000004,22.1508,21.7,0.0,0.0,198.7,23796.0,45017.0,20.0,15.5,66.0,30.03,10.63,198.0,364.0,1.5,0.7148186394733446
2026-04-21T09:11:17,04/21/202609:11,80.76,0.4,32.304,52.77,0.41,21.6357,21.2,0.0,0.0,198.7,23796.0,45017.0,20.0,15.5,66.0,30.03,10.63,198.0,364.0,1.5,0.669752971768202
2026-04-21T09:12:01,04/21/202609:12,84.05,0.4,33.62,52.8,0.4,21.12,20.7,0.0,0.0,198.7,23796.0,45017.0,20.0,15.5,66.0,30.03,10.63,198.0,364.0,1.5,0.6281975014872101
2026-04-21T09:12:16,04/21/202609:12,87.34,0.4,34.936,52.81999999999999,0.39,20.5998,20.2,0.0,0.0,198.7,23796.0,45017.0,20.0,15.5,66.0,30.03,10.63,198.0,364.0,1.5,0.5896439203114265
2026-04-21T09:13:01,04/21/202609:13,90.63,0.4,36.252,52.839999999999996,0.38,20.0792,19.7,0.0,0.0,198.7,23796.0,45017.0,20.0,15.5,66.0,30.03,10.63,198.0,364.0,1.5,0.5538784067085953
2026-04-21T09:14:01,04/21/202609:14,93.92,0.4,37.568000000000005,52.85,0.37,19.5545,19.2,0.0,0.0,198.7,23796.0,45017.0,20.0,15.5,66.0,30.03,10.63,198.0,364.0,1.5,0.5205094761499148
2026-04-21T09:14:16,04/21/202609:14,94.26,0.39,36.7614,52.86,0.38,20.0868,19.8,0.0,0.0,198.7,23796.0,45017.0,20.0,15.5,66.0,30.03,10.63,198.0,364.0,1.5,0.5464100931955801
2026-04-21T09:14:58,04/21/202609:14,94.59,0.39,36.890100000000004,52.86999999999999,0.38,20.090599999999995,19.8,0.0,0.0,198.7,23796.0,45017.0,19.9,15.5,66.0,30.03,10.63,198.0,364.0,1.5,0.5446068186315568
2026-04-21T09:15:01,04/21/202609:15,94.92,0.39,37.0188,52.879999999999995,0.38,20.0944,19.8,0.0,0.0,198.7,23796.0,45017.0,19.9,15.5,66.0,30.03,10.63,198.0,364.0,1.5,0.5428160826390915
2026-04-21T09:15:58,04/21/202609:15,95.26,0.39,37.1514,52.89,0.4,21.156000000000002,20.9,0.0,0.0,198.7,23796.0,45017.0,20.0,15.5,66.0,30.03,10.63,198.0,364.0,1.5,0.5694536410471746
2026-04-21T09:16:00,04/21/202609:16,95.6,0.39,37.284,52.9,0.42000000000000004,22.218,22.0,0.0,0.0,198.7,23796.0,45017.0,20.0,15.5,66.0,30.03,10.63,198.0,364.0,1.5,0.5959124557450918
2026-04-21T09:16:15,04/21/202609:16,95.5,0.39,37.245000000000005,52.910000000000004,0.43,22.7513,22.5,0.0,0.0,198.7,23796.0,45017.0,20.0,15.559999999999999,66.1,30.03,10.704,198.2,368.9,1.54,0.6108551483420592
2026-04-21T09:17:17,04/21/202609:17,95.4,0.39,37.206,52.910000000000004,0.44000000000000006,23.280400000000004,23.0,0.0,0.0,198.7,23796.0,45017.0,19.9,15.62,66.2,30.03,10.778,198.4,373.8,1.58,0.6257162823200559
2026-04-21T09:17:18,04/21/202609:17,95.63,0.39,37.2957,52.92,0.45,23.814,23.5,0.0,0.0,198.7,23796.0,45017.0,19.9,15.680000000000001,66.3,30.03,10.852,198.6,378.7,1.6199999999999999,0.6385186496030374
2026-04-21T09:18:00,04/21/202609:18,95.86,0.39,37.385400000000004,52.92999999999999,0.45999999999999996,24.347799999999996,24.0,0.0,0.0,198.7,23796.0,45017.0,19.9,15.74,66.4,30.03,10.926,198.8,383.6,1.6600000000000001,0.6512649322997746
2026-04-21T09:18:18,04/21/202609:18,96.1,0.39,37.479,52.94,0.47000000000000003,24.881800000000002,24.5,0.0,0.0,198.7,23796.0,45017.0,19.9,15.8,66.5,30.03,11.0,199.0,388.5,1.7,0.6638864430747886
2026-04-21T09:19:01,04/21/202609:19,96.46,0.4,38.584,52.96,0.48,25.4208,25.0,0.0,0.0,198.7,23796.0,45017.0,20.0,15.860000000000003,66.6,30.03,11.074,199.2,393.4,1.7399999999999998,0.6588430437487041
2026-04-21T09:19:38,04/21/202609:19,96.57,0.4,38.628,52.98,0.49000000000000005,25.9602,25.5,0.0,0.0,198.7,23796.0,45017.0,20.0,15.920000000000002,66.7,30.03,11.148,199.4,398.3,1.78,0.6720565392979186
2026-04-21T09:20:55,04/21/202609:20,96.67999999999999,0.4,38.672,53.0,0.5,26.5,26.0,0.0,0.0,198.7,23796.0,45017.0,19.9,15.98,66.8,30.03,11.222,199.6,403.2,1.8199999999999998,0.6852503103020273
2026-04-21T09:21:01,04/21/202609:21,96.78,0.4,38.712,53.02,0.5,26.51,26.0,0.0,0.0,198.7,23796.0,45017.0,19.9,16.04,66.9,30.03,11.296,199.8,408.1,1.8599999999999999,0.6848005786319488
2026-04-21T09:21:38,04/21/202609:21,96.89,0.41000000000000003,39.724900000000005,53.05,0.51,27.0555,26.5,0.0,0.0,198.7,23796.0,45017.0,19.9,16.1,67.0,30.03,11.37,200.0,413.0,1.9,0.6810715697207543
2026-04-21T09:22:01,04/21/202609:22,97.0,0.42000000000000004,40.74,53.07000000000001,0.52,27.596400000000006,27.0,0.0,0.0,198.7,23796.0,45017.0,19.9,16.1,67.0,30.03,11.37,200.0,413.0,1.9,0.677378497790869
2026-04-21T09:22:49,04/21/202609:22,97.5,0.43,41.925,53.1,0.53,28.143,27.5,0.0,0.0,198.7,23796.0,45017.0,19.9,16.1,67.0,30.03,11.37,200.0,413.0,1.9,0.6712701252236136
2026-04-21T09:23:01,04/21/202609:23,97.66,0.44000000000000006,42.970400000000005,53.120000000000005,0.54,28.684800000000003,28.0,0.0,0.0,198.7,23796.0,45017.0,19.9,16.1,67.0,30.03,11.37,200.0,413.0,1.9,0.6675478934336194
2026-04-21T09:23:49,04/21/202609:23,97.83,0.45,44.0235,53.15,0.5599999999999999,29.763999999999996,29.1,0.0,0.0,198.7,23796.0,45017.0,19.9,16.1,67.0,30.03,11.37,200.0,413.0,1.9,0.6760934500891569
2026-04-21T09:24:01,04/21/202609:24,97.99,0.45999999999999996,45.075399999999995,53.17999999999999,0.58,30.844399999999993,30.2,0.0,0.0,198.7,23796.0,45017.0,19.9,16.1,67.0,30.03,11.37,200.0,413.0,1.9,0.6842845543245317
2026-04-21T09:24:49,04/21/202609:24,98.17,0.47000000000000003,46.139900000000004,53.2,0.6,31.92,31.3,0.0,0.0,198.7,23796.0,45017.0,20.0,16.1,67.0,30.03,11.37,200.0,413.0,1.9,0.6918090416320798
2026-04-21T09:25:01,04/21/202609:25,98.6,0.48,47.327999999999996,53.220000000000006,0.6199999999999999,32.996399999999994,32.4,0.0,0.0,198.7,23796.0,45017.0,20.0,16.1,67.0,30.03,11.37,200.0,413.0,1.9,0.6971855983772819
2026-04-21T09:25:49,04/21/202609:25,98.88,0.5,49.44,53.25,0.6399999999999999,34.08,33.5,0.0,0.0,198.7,23796.0,45017.0,19.9,16.1,67.0,30.03,11.37,200.0,413.0,1.9,0.6893203883495146
2026-04-21T09:26:01,04/21/202609:26,99.16,0.52,51.5632,53.279999999999994,0.6599999999999999,35.16479999999999,34.6,0.0,0.0,198.7,23796.0,45017.0,19.9,16.1,67.0,30.03,11.37,200.0,413.0,1.9,0.6819747416762341
2026-04-21T09:26:49,04/21/202609:26,99.46000000000001,0.53,52.713800000000006,53.31,0.6699999999999999,35.7177,35.7,0.0,0.0,198.7,23796.0,45017.0,19.9,16.1,67.0,30.03,11.37,200.0,413.0,1.9,0.6775777879796182
2026-04-21T09:27:00,04/21/202609:27,99.76,0.54,53.870400000000004,53.339999999999996,0.6799999999999999,36.27119999999999,36.8,0.0,0.0,198.7,23796.0,45017.0,19.9,16.1,67.0,30.03,11.37,200.0,413.0,1.9,0.6733048204579879
2026-04-21T09:27:49,04/21/202609:27,99.69000000000001,0.55,54.82950000000001,53.379999999999995,0.7,37.36599999999999,37.9,0.0,0.0,198.7,23796.0,45017.0,20.0,16.09,67.0,30.03,11.37,200.0,413.4,1.9,0.6814944509798555
2026-04-21T09:28:01,04/21/202609:28,99.62,0.5599999999999999,55.7872,53.42,0.72,38.4624,39.0,0.0,0.0,198.7,23796.0,45017.0,20.0,16.080000000000002,67.0,30.03,11.37,200.0,413.8,1.9,0.6894484756359882
2026-04-21T09:28:49,04/21/202609:28,100.95,0.58,58.550999999999995,53.470000000000006,0.75,40.102500000000006,40.6,0.0,0.0,198.7,23796.0,45017.0,19.9,16.07,67.0,30.03,11.233999999999998,200.0,414.2,1.9,0.6849157145053032
2026-04-21T09:29:00,04/21/202609:29,102.28,0.6,61.367999999999995,53.52,0.78,41.7456,42.2,0.0,0.0,198.7,23796.0,45017.0,19.9,16.060000000000002,67.0,30.03,11.097999999999999,200.0,414.6,1.9,0.6802502933124757
2026-04-21T09:29:16,04/21/202609:29,102.55,0.6199999999999999,63.58099999999999,53.57000000000001,0.8099999999999999,43.3917,43.3,0.0,0.0,198.7,23796.0,45017.0,19.9,16.05,67.0,30.03,10.962,200.0,415.0,1.9,0.6824633145121972
2026-04-21T09:30:01,04/21/202609:30,102.82000000000001,0.6399999999999999,65.8048,53.620000000000005,0.8400000000000001,45.04080000000001,44.4,0.0,0.0,198.7,23796.0,45017.0,19.9,16.04,67.0,30.03,10.825999999999999,200.0,415.4,1.9,0.6844607080334567
2026-04-21T09:30:16,04/21/202609:30,103.27000000000001,0.65,67.1255,53.67,0.8699999999999999,46.692899999999995,46.0,0.0,0.0,198.7,23796.0,45017.0,19.9,16.03,67.0,30.03,10.69,200.0,415.8,1.9,0.6956059917617
2026-04-21T09:32:06,04/21/202609:32,104.83,0.6699999999999999,70.2361,53.73,0.9099999999999999,48.894299999999994,48.2,0.0,0.0,198.7,23796.0,45017.0,19.9,16.080000000000002,67.2,30.03,10.715,199.6,421.5,1.94,0.6961420124408958
2026-04-21T09:32:16,04/21/202609:32,106.64000000000001,0.6799999999999999,72.51520000000001,53.79,0.95,51.1005,49.9,0.0,0.0,198.7,23796.0,45017.0,19.9,16.130000000000003,67.4,30.03,10.739999999999998,199.2,427.2,1.9799999999999998,0.7046867415383257
2026-04-21T09:33:01,04/21/202609:33,108.45,0.69,74.8305,53.85,0.99,53.3115,51.6,0.0,0.0,198.7,23796.0,45017.0,19.9,16.18,67.6,30.03,10.764999999999999,198.8,432.9,2.02,0.7124300920079379
2026-04-21T09:33:16,04/21/202609:33,110.17999999999999,0.7,77.12599999999999,53.910000000000004,1.03,55.527300000000004,53.9,0.0,0.0,198.7,23796.0,45017.0,19.9,16.240000000000002,67.6,30.03,10.79,198.4,438.2,2.0599999999999996,0.7199556569768951
2026-04-21T09:34:01,04/21/202609:34,111.91,0.71,79.45609999999999,53.970000000000006,1.0699999999999998,57.747899999999994,56.2,0.0,0.0,198.7,23796.0,45017.0,19.9,16.3,67.6,30.03,10.815,198.0,443.5,2.1,0.726790013604997
2026-04-21T09:34:16,04/21/202609:34,112.25,0.71,79.69749999999999,54.02,1.09,58.881800000000005,57.4,0.0,0.0,198.7,23796.0,45017.0,19.9,16.360000000000003,67.6,30.03,10.975999999999999,197.6,448.8,2.1399999999999997,0.7388161485617493
2026-04-21T09:35:01,04/21/202609:35,112.59,0.71,79.9389,54.07000000000001,1.1099999999999999,60.017700000000005,58.6,0.0,0.0,198.7,23796.0,45017.0,19.9,16.42,67.6,30.03,11.136999999999999,197.2,454.1,2.1799999999999997,0.7507946694287763
2026-04-21T09:35:16,04/21/202609:35,113.99000000000001,0.71,80.9329,54.129999999999995,1.1300000000000001,61.1669,60.3,0.0,0.0,198.7,23796.0,45017.0,19.9,16.48,67.6,30.03,11.297999999999998,196.8,459.4,2.2199999999999998,0.7557729921947687
2026-04-21T09:36:01,04/21/202609:36,115.39000000000001,0.71,81.9269,54.19,1.15,62.31849999999999,62.0,0.0,0.0,198.7,23796.0,45017.0,19.9,16.54,67.6,30.03,11.459,196.4,464.7,2.26,0.7606598077066261
2026-04-21T09:36:16,04/21/202609:36,116.42,0.72,83.8224,54.25,1.1800000000000002,64.01500000000001,63.7,0.0,0.0,198.7,23796.0,45017.0,19.9,16.6,67.6,30.03,11.62,196.0,470.0,2.3,0.763698009124053
2026-04-21T09:37:01,04/21/202609:37,116.34,0.72,83.7648,54.3,1.2,65.16,64.8,0.0,0.0,198.7,23796.0,45017.0,19.9,16.6,67.4,30.03,11.62,196.0,470.0,2.3,0.7778923843905794
2026-04-21T09:37:16,04/21/202609:37,115.99000000000001,0.73,84.6727,54.33,1.22,66.2826,65.9,0.0,0.0,198.7,23796.0,45017.0,20.0,16.6,67.2,30.03,11.62,196.0,470.0,2.3,0.7828095714439246
2026-04-21T09:38:01,04/21/202609:38,115.64000000000001,0.74,85.57360000000001,54.370000000000005,1.24,67.4188,67.0,0.0,0.0,198.7,23796.0,45017.0,19.9,16.6,67.0,30.03,11.62,196.0,470.0,2.3,0.7878457842138229
2026-04-21T09:39:01,04/21/202609:39,115.35,0.75,86.51249999999999,54.4,1.25,68.0,67.5,0.0,0.0,198.7,23796.0,45017.0,19.9,16.6,67.0,30.03,11.62,196.0,470.0,2.3,0.7860135818523336
2026-04-21T09:39:45,04/21/202609:39,115.72999999999999,0.77,89.1121,54.42999999999999,1.27,69.1261,68.6,0.0,0.0,198.7,23796.0,45017.0,19.9,16.6,67.0,30.03,11.62,196.0,470.0,2.3,0.7757206933738515
2026-04-21T09:40:01,04/21/202609:40,116.09,0.79,91.7111,54.45,1.29,70.24050000000001,69.7,0.0,0.0,198.7,23796.0,45017.0,19.9,16.6,67.0,30.03,11.62,196.0,470.0,2.3,0.7658887528336266
2026-04-21T09:41:01,04/21/202609:41,116.45,0.8099999999999999,94.3245,54.470000000000006,1.31,71.35570000000001,70.8,0.0,0.0,198.7,23796.0,45017.0,19.9,16.6,67.0,30.03,11.62,196.0,470.0,2.3,0.7564916856172046
2026-04-21T09:42:00,04/21/202609:42,116.79,0.8300000000000001,96.93570000000001,54.48,1.33,72.4584,71.9,0.0,0.0,198.7,23796.0,45017.0,19.9,16.6,67.0,30.03,11.62,196.0,470.0,2.3,0.7474893150820594
2026-04-21T09:43:18,04/21/202609:43,116.65,0.85,99.1525,54.489999999999995,1.3599999999999999,74.10639999999998,73.5,0.0,0.0,198.7,23796.0,45017.0,19.9,16.6,67.0,30.03,11.62,196.0,470.0,2.3,0.7473981997428202
2026-04-21T09:44:00,04/21/202609:44,116.85,0.86,100.491,54.489999999999995,1.3800000000000001,75.1962,74.6,0.0,0.0,198.7,23796.0,45017.0,19.9,16.6,67.0,30.03,11.62,196.0,470.0,2.3,0.7482879063796758
2026-04-21T09:44:13,04/21/202609:44,117.05999999999999,0.8700000000000001,101.8422,54.489999999999995,1.4,76.28599999999999,75.7,0.0,0.0,198.7,23796.0,45017.0,19.9,16.6,67.0,30.03,11.62,196.0,470.0,2.3,0.7490608019072642
2026-04-21T09:45:01,04/21/202609:45,117.25999999999999,0.8800000000000001,103.1888,54.5,1.42,77.39,76.8,0.0,0.0,198.7,23796.0,45017.0,19.9,16.6,67.0,30.03,11.62,196.0,470.0,2.3,0.7499844944412571
2026-04-21T09:45:13,04/21/202609:45,117.45,0.89,104.5305,54.5,1.44,78.48,77.9,0.0,0.0,198.7,23796.0,45017.0,19.9,16.6,67.0,30.03,11.62,196.0,470.0,2.3,0.7507856558612079
2026-04-21T09:46:00,04/21/202609:46,117.64000000000001,0.9,105.87600000000002,54.5,1.46,79.57,79.0,0.0,0.0,198.7,23796.0,45017.0,19.9,16.6,67.0,30.03,11.62,196.0,470.0,2.3,0.7515395368166532
2026-04-21T09:46:14,04/21/202609:46,117.58,0.9,105.822,54.5,1.47,80.115,79.5,0.0,0.0,198.7,23796.0,45017.0,19.9,16.64,67.3,30.03,11.732,195.9,474.9,2.34,0.7570731983897487
2026-04-21T09:47:01,04/21/202609:47,117.52000000000001,0.9,105.76800000000001,54.5,1.48,80.66,80.0,0.0,0.0,198.7,23796.0,45017.0,19.9,16.68,67.6,30.03,11.844,195.8,479.8,2.38,0.7626125104001209
2026-04-21T09:47:13,04/21/202609:47,117.78,0.9099999999999999,107.17979999999999,54.489999999999995,1.5,81.73499999999999,81.1,0.0,0.0,198.7,23796.0,45017.0,19.9,16.720000000000002,67.9,30.03,11.956,195.7,484.7,2.42,0.7625970565349067
2026-04-21T09:48:00,04/21/202609:48,118.04,0.9199999999999999,108.5968,54.489999999999995,1.52,82.8248,82.2,0.0,0.0,198.7,23796.0,45017.0,19.9,16.76,68.2,30.03,12.068,195.6,489.6,2.46,0.7626817733119208
2026-04-21T09:49:01,04/21/202609:49,118.78,0.93,110.4654,54.489999999999995,1.53,83.3697,82.8,0.0,1.0,198.7,23796.0,45017.0,19.9,16.8,68.5,30.03,12.18,195.5,494.5,2.5,0.7547132405259926
2026-04-21T09:50:01,04/21/202609:50,119.52000000000001,0.9400000000000001,112.34880000000001,54.489999999999995,1.54,83.9146,83.4,0.0,1.0,198.7,23796.0,45017.0,19.9,16.84,68.8,30.03,12.292,195.4,499.4,2.54,0.7469114044831808
2026-04-21T09:50:52,04/21/202609:50,119.25,0.96,114.47999999999999,54.489999999999995,1.55,84.45949999999999,84.0,0.0,1.0,198.7,23796.0,45017.0,19.9,16.880000000000003,69.1,30.03,12.404,195.3,504.3,2.58,0.7377664220824598
2026-04-21T09:51:01,04/21/202609:51,118.97999999999999,0.9800000000000001,116.60040000000001,54.489999999999995,1.56,85.00439999999999,84.6,0.0,1.0,198.7,23796.0,45017.0,19.9,16.919999999999998,69.4,30.03,12.516,195.2,509.2,2.62,0.7290232280506755
2026-04-21T09:51:53,04/21/202609:51,118.72999999999999,1.0,118.72999999999999,54.489999999999995,1.58,86.0942,85.2,0.0,1.0,198.7,23796.0,45017.0,19.9,16.96,69.7,30.03,12.628,195.1,514.1,2.66,0.725125915943738
2026-04-21T09:52:01,04/21/202609:52,118.47999999999999,1.02,120.8496,54.489999999999995,1.6,87.184,85.8,0.0,1.0,198.7,23796.0,45017.0,19.9,17.0,70.0,30.03,12.74,195.0,519.0,2.7,0.7214256398035244
2026-04-21T09:52:52,04/21/202609:52,118.72,1.02,121.09440000000001,54.489999999999995,1.6199999999999999,88.27379999999998,86.9,0.0,1.0,198.7,23796.0,45017.0,19.9,17.0,70.0,30.03,12.74,195.0,519.0,2.7,0.7289668225780876
2026-04-21T09:53:00,04/21/202609:53,118.96,1.02,121.33919999999999,54.489999999999995,1.64,89.36359999999999,88.0,0.0,1.0,198.7,23796.0,45017.0,19.9,17.0,70.0,30.03,12.74,195.0,519.0,2.7,0.7364775769083692
2026-04-21T09:54:29,04/21/202609:54,118.89000000000001,1.01,120.07890000000002,54.489999999999995,1.65,89.90849999999999,88.5,0.0,1.0,198.7,23796.0,45017.0,19.9,17.0,70.0,30.03,12.74,195.0,519.0,2.7,0.7487452000309794
2026-04-21T09:55:00,04/21/202609:55,118.82000000000001,1.0,118.82000000000001,54.489999999999995,1.6600000000000001,90.4534,89.0,0.0,1.0,198.7,23796.0,45017.0,19.8,17.0,70.0,30.03,12.74,195.0,519.0,2.7,0.7612640969533748
2026-04-21T09:55:53,04/21/202609:55,117.66,1.0100000000000002,118.83660000000002,54.489999999999995,1.67,90.99829999999999,89.5,0.0,1.0,198.7,23796.0,45017.0,19.9,17.0,70.0,30.03,12.74,195.0,519.0,2.7,0.7657430454927183
2026-04-21T09:56:01,04/21/202609:56,116.5,1.02,118.83,54.489999999999995,1.6800000000000002,91.5432,90.0,0.0,1.0,198.7,23796.0,45017.0,19.9,17.0,70.0,30.03,12.74,195.0,519.0,2.7,0.7703711184044433
2026-04-21T09:57:00,04/21/202609:57,116.34,1.02,118.66680000000001,54.489999999999995,1.69,92.08809999999998,90.5,0.0,1.0,198.7,23796.0,45017.0,19.8,17.0,70.0,30.03,12.74,195.0,519.0,2.7,0.7760224426714125
2026-04-21T09:57:50,04/21/202609:57,116.19000000000001,1.02,118.51380000000002,54.489999999999995,1.7,92.633,91.0,0.0,1.0,198.7,23796.0,45017.0,19.8,17.0,70.0,30.03,12.74,195.0,519.0,2.7,0.7816220558280975
2026-04-21T09:58:01,04/21/202609:58,116.03,1.02,118.3506,54.489999999999995,1.7,92.633,91.5,0.0,1.0,198.7,23796.0,45017.0,19.8,17.0,70.0,30.03,12.74,195.0,519.0,2.7,0.7826998764687293
2026-04-21T09:58:49,04/21/202609:58,117.04,1.0100000000000002,118.21040000000004,54.489999999999995,1.7100000000000002,93.17790000000001,92.6,0.0,1.0,198.7,23796.0,45017.0,19.8,17.0,70.0,30.03,12.74,195.0,519.0,2.7,0.788237752346663
2026-04-21T09:59:00,04/21/202609:59,117.14000000000001,1.02,119.48280000000001,54.489999999999995,1.72,93.72279999999999,93.2,0.0,1.0,198.7,23796.0,45017.0,19.8,17.0,70.0,30.03,12.74,195.0,519.0,2.7,0.7844041150692818
2026-04-21T10:00:00,04/21/202610:00,117.24000000000001,1.03,120.75720000000001,54.489999999999995,1.73,94.26769999999999,93.8,0.0,1.0,198.7,23796.0,45017.0,19.8,17.0,70.0,30.03,12.74,195.0,519.0,2.7,0.7806383387491593
2026-04-21T10:00:50,04/21/202610:00,117.37,1.04,122.0648,54.48,1.7399999999999998,94.79519999999998,94.3,0.0,1.0,198.7,23796.0,45017.0,19.8,17.04,70.2,30.03,12.783,195.3,523.2,2.73,0.776597348293693
2026-04-21T10:01:01,04/21/202610:01,117.5,1.05,123.375,54.46,1.75,95.305,94.8,0.0,1.0,198.7,23796.0,45017.0,19.8,17.080000000000002,70.4,30.03,12.825999999999999,195.6,527.4,2.7600000000000002,0.7724822695035461
2026-04-21T10:01:50,04/21/202610:01,118.67999999999999,1.04,123.4272,54.42,1.7600000000000002,95.77920000000002,95.3,0.0,1.0,198.7,23796.0,45017.0,19.9,17.119999999999997,70.6,30.03,12.869,195.9,531.6,2.79,0.7759975110834566
2026-04-21T10:02:01,04/21/202610:02,119.85999999999999,1.03,123.45579999999998,54.379999999999995,1.77,96.25259999999999,95.8,0.0,1.0,198.7,23796.0,45017.0,19.9,17.16,70.8,30.03,12.912,196.2,535.8,2.8200000000000003,0.7796523128115488
2026-04-21T10:02:50,04/21/202610:02,120.64000000000001,1.01,121.84640000000002,54.35,1.78,96.74300000000001,96.3,0.0,1.0,198.7,23796.0,45017.0,19.8,17.2,71.0,30.03,12.955000000000002,196.5,540.0,2.85,0.7939750374241668
2026-04-21T10:03:01,04/21/202610:03,121.41,0.99,120.1959,54.32000000000001,1.7899999999999998,97.2328,96.8,0.0,1.0,198.7,23796.0,45017.0,19.8,17.24,71.2,30.03,12.998,196.8,544.2,2.88,0.8089527180211638
2026-04-21T10:03:50,04/21/202610:03,122.17999999999999,0.97,118.51459999999999,54.279999999999994,1.7899999999999998,97.16119999999998,96.7,0.0,1.0,198.7,23796.0,45017.0,19.8,17.279999999999998,71.4,30.03,13.041,197.1,548.4,2.91,0.8198247304551506
2026-04-21T10:04:01,04/21/202610:04,121.78,0.96,116.9088,54.239999999999995,1.78,96.54719999999999,96.0,0.0,1.0,198.7,23796.0,45017.0,19.8,17.32,71.6,30.03,13.084,197.4,552.6,2.94,0.8258334701921497
2026-04-21T10:05:42,04/21/202610:05,121.22,0.95,115.15899999999999,54.2,1.78,96.47600000000001,95.9,0.0,1.0,198.7,23796.0,45017.0,19.8,17.36,71.8,30.03,13.127,197.7,556.8,2.9699999999999998,0.8377634401132349
2026-04-21T10:05:50,04/21/202610:05,121.17,0.96,116.3232,54.160000000000004,1.77,95.8632,95.2,0.0,1.0,198.7,23796.0,45017.0,19.8,17.4,72.0,30.03,13.169999999999998,198.0,561.0,3.0,0.8241107534868367
2026-04-21T10:06:01,04/21/202610:06,121.08,0.9700000000000001,117.44760000000001,54.14,1.7600000000000002,95.28640000000001,94.6,0.0,1.0,198.7,23796.0,45017.0,19.8,17.4,72.0,30.03,13.169999999999998,198.0,561.0,3.0,0.8113098947956366
2026-04-21T10:06:50,04/21/202610:06,120.97999999999999,0.9800000000000001,118.5604,54.120000000000005,1.75,94.71000000000001,94.0,0.0,1.0,198.7,23796.0,45017.0,19.8,17.4,72.0,30.03,13.169999999999998,198.0,561.0,3.0,0.7988333372694425
2026-04-21T10:07:00,04/21/202610:07,120.92,0.99,119.7108,54.120000000000005,1.7399999999999998,94.16879999999999,93.4,0.0,1.0,198.7,23796.0,45017.0,19.8,17.4,72.0,30.03,13.169999999999998,198.0,561.0,3.0,0.7866357922593449
2026-04-21T10:07:50,04/21/202610:07,120.85999999999999,0.99,119.65139999999998,54.120000000000005,1.73,93.6276,92.8,0.0,1.0,198.7,23796.0,45017.0,19.8,17.4,72.0,30.03,13.169999999999998,198.0,561.0,3.0,0.7825031717138288
2026-04-21T10:07:51,04/21/202610:07,121.2,1.0100000000000002,122.41200000000003,54.120000000000005,1.72,93.08640000000001,92.2,0.0,1.0,198.7,23796.0,45017.0,19.9,17.4,72.0,30.03,13.169999999999998,198.0,561.0,3.0,0.7604352514459366
2026-04-21T10:08:00,04/21/202610:08,121.54,1.03,125.18620000000001,54.120000000000005,1.7100000000000002,92.54520000000002,91.6,0.0,1.0,198.7,23796.0,45017.0,19.9,17.4,72.0,30.03,13.169999999999998,198.0,561.0,3.0,0.7392603977115689
2026-04-21T10:08:51,04/21/202610:08,121.96,1.05,128.058,54.120000000000005,1.7100000000000002,92.54520000000002,91.6,0.0,1.0,198.7,23796.0,45017.0,19.8,17.4,72.0,30.03,13.169999999999998,198.0,561.0,3.0,0.7226819097596404
2026-04-21T10:09:01,04/21/202610:09,122.38,1.07,130.9466,54.120000000000005,1.7100000000000002,92.54520000000002,91.6,0.0,1.0,198.7,23796.0,45017.0,19.8,17.4,72.0,30.03,13.169999999999998,198.0,561.0,3.0,0.7067399993585174
2026-04-21T10:09:51,04/21/202610:09,122.91,1.08,132.74280000000002,54.120000000000005,1.69,91.4628,90.5,0.0,1.0,198.7,23796.0,45017.0,19.9,17.4,72.0,30.03,13.169999999999998,198.0,561.0,3.0,0.6890226814561693
2026-04-21T10:10:00,04/21/202610:10,122.92999999999999,1.07,131.5351,54.120000000000005,1.6800000000000002,90.92160000000001,90.0,0.0,1.0,198.7,23796.0,45017.0,19.9,17.4,72.0,30.03,13.169999999999998,198.0,561.0,3.0,0.6912345069871085
2026-04-21T10:11:00,04/21/202610:11,122.95,1.06,130.327,54.120000000000005,1.67,90.38040000000001,89.5,0.0,1.0,198.7,23796.0,45017.0,19.8,17.4,72.0,30.03,13.169999999999998,198.0,561.0,3.0,0.6934894534517023
2026-04-21T10:12:00,04/21/202610:12,122.97999999999999,1.05,129.129,54.120000000000005,1.6600000000000001,89.83920000000002,89.0,0.0,1.0,198.7,23796.0,45017.0,19.8,17.4,72.0,30.03,13.169999999999998,198.0,561.0,3.0,0.6957321748019425
2026-04-21T10:13:01,04/21/202610:13,123.00999999999999,1.04,127.93039999999999,54.120000000000005,1.65,89.298,88.5,0.0,1.0,198.7,23796.0,45017.0,19.8,17.4,72.0,30.03,13.169999999999998,198.0,561.0,3.0,0.698020173469324
2026-04-21T10:13:51,04/21/202610:13,122.99000000000001,1.04,127.90960000000001,54.120000000000005,1.64,88.7568,88.0,0.0,1.0,198.7,23796.0,45017.0,19.8,17.4,72.0,30.03,13.169999999999998,198.0,561.0,3.0,0.6939025686891366
2026-04-21T10:14:00,04/21/202610:14,122.97,1.03,126.6591,54.11,1.6300000000000001,88.19930000000001,87.5,0.0,1.0,198.7,23796.0,45017.0,19.8,17.4,72.0,30.03,13.169999999999998,198.0,561.0,3.0,0.6963518610190662
2026-04-21T10:14:52,04/21/202610:14,121.92,1.02,124.3584,54.1,1.61,87.10100000000001,86.5,0.0,1.0,198.7,23796.0,45017.0,19.8,17.4,72.0,30.03,13.169999999999998,198.0,561.0,3.0,0.7004030286655345
2026-04-21T10:15:01,04/21/202610:15,120.79,1.01,121.9979,54.1,1.59,86.019,85.5,0.0,1.0,198.7,23796.0,45017.0,19.8,17.4,72.0,30.03,13.169999999999998,198.0,561.0,3.0,0.7050859072164357
2026-04-21T10:16:52,04/21/202610:16,120.52000000000001,0.99,119.3148,54.1,1.55,83.855,83.4,0.0,1.0,198.7,23796.0,45017.0,19.8,17.439999999999998,72.0,30.03,13.139,198.2,565.7,3.05,0.7028046813974461
2026-04-21T10:17:01,04/21/202610:17,120.3,0.9800000000000001,117.894,54.1,1.52,82.232,81.8,0.0,1.0,198.7,23796.0,45017.0,19.8,17.479999999999997,72.0,30.03,13.107999999999999,198.4,570.4,3.1,0.6975079308531392
2026-04-21T10:17:52,04/21/202610:17,120.04,0.96,115.2384,54.1,1.5,81.15,80.7,0.0,1.0,198.7,23796.0,45017.0,19.8,17.52,72.0,30.03,13.077000000000002,198.6,575.1,3.15,0.7041923525491504
2026-04-21T10:18:01,04/21/202610:18,119.78,0.9400000000000001,112.59320000000001,54.1,1.48,80.068,79.6,0.0,1.0,198.7,23796.0,45017.0,19.8,17.56,72.0,30.03,13.046000000000001,198.8,579.8,3.2,0.7111264268179605
2026-04-21T10:18:51,04/21/202610:18,119.44000000000001,0.9199999999999999,109.8848,54.11,1.45,78.45949999999999,78.0,0.0,1.0,198.7,23796.0,45017.0,19.8,17.6,72.0,30.03,13.015,199.0,584.5,3.25,0.7140159512507643
2026-04-21T10:19:00,04/21/202610:19,119.1,0.9,107.19,54.120000000000005,1.42,76.85040000000001,76.4,0.0,1.0,198.7,23796.0,45017.0,19.8,17.64,72.0,30.03,12.984,199.2,589.2,3.3,0.7169549398264764
2026-04-21T10:20:01,04/21/202610:20,118.80999999999999,0.8800000000000001,104.5528,54.13000000000001,1.3900000000000001,75.24070000000002,74.8,0.0,1.0,198.7,23796.0,45017.0,19.8,17.68,72.0,30.03,12.953,199.4,593.9,3.35,0.7196430894246736
2026-04-21T10:20:51,04/21/202610:20,117.95,0.86,101.437,54.13000000000001,1.35,73.07550000000002,72.6,0.0,1.0,198.7,23796.0,45017.0,19.8,17.72,72.0,30.03,12.922,199.6,598.6,3.4,0.7204028115973463
2026-04-21T10:21:00,04/21/202610:21,118.12,0.8400000000000001,99.22080000000001,54.13000000000001,1.3199999999999998,71.4516,70.9,0.0,1.0,198.7,23796.0,45017.0,19.8,17.759999999999998,72.0,30.03,12.891,199.8,603.3,3.45,0.7201272313869671
2026-04-21T10:21:34,04/21/202610:21,118.3,0.8200000000000001,97.006,54.13000000000001,1.29,69.82770000000002,69.2,0.1,1.0,198.7,23796.0,45017.0,19.8,17.8,72.0,30.03,12.86,200.0,608.0,3.5,0.7198286703915224
2026-04-21T10:22:01,04/21/202610:22,117.62,0.8099999999999999,95.2722,54.13000000000001,1.28,69.28640000000001,68.6,0.1,1.0,198.7,23796.0,45017.0,19.8,17.8,72.0,30.03,12.86,200.0,608.0,3.5,0.7272467729306137
2026-04-21T10:22:34,04/21/202610:22,116.94000000000001,0.79,92.38260000000001,54.13000000000001,1.27,68.74510000000001,68.0,0.1,1.0,198.7,23796.0,45017.0,19.8,17.8,72.0,30.03,12.86,200.0,608.0,3.5,0.7441347180096685
2026-04-21T10:23:00,04/21/202610:23,116.3,0.78,90.714,54.13000000000001,1.25,67.66250000000001,66.9,0.1,1.0,198.7,23796.0,45017.0,19.8,17.8,72.0,30.03,12.86,200.0,608.0,3.5,0.7458881760257514
2026-04-21T10:23:34,04/21/202610:23,115.83,0.77,89.1891,54.13000000000001,1.22,66.03860000000002,65.3,0.1,1.0,198.7,23796.0,45017.0,19.8,17.8,72.0,30.03,12.86,200.0,608.0,3.5,0.7404335283123165
2026-04-21T10:24:01,04/21/202610:24,115.44000000000001,0.76,87.73440000000001,54.120000000000005,1.2,64.944,64.2,0.1,1.0,198.7,23796.0,45017.0,19.8,17.8,72.0,30.03,12.86,200.0,608.0,3.5,0.7402341612867929
2026-04-21T10:24:34,04/21/202610:24,115.04,0.75,86.28,54.11,1.1800000000000002,63.84980000000001,63.1,0.1,1.0,198.7,23796.0,45017.0,19.8,17.8,72.0,30.03,12.86,200.0,608.0,3.5,0.7400301344459899
2026-04-21T10:25:01,04/21/202610:25,114.64000000000001,0.74,84.8336,54.1,1.16,62.756,62.0,0.1,1.0,198.7,23796.0,45017.0,19.8,17.8,72.0,30.03,12.86,200.0,608.0,3.5,0.7397540597121894
2026-04-21T10:25:34,04/21/202610:25,114.42999999999999,0.74,84.67819999999999,54.089999999999996,1.1400000000000001,61.662600000000005,61.0,0.1,1.0,198.7,23796.0,45017.0,19.8,17.8,72.0,30.03,12.86,200.0,608.0,3.5,0.7281992295537696
2026-04-21T10:26:00,04/21/202610:26,114.22,0.74,84.5228,54.08,1.1199999999999999,60.569599999999994,60.0,0.1,1.0,198.7,23796.0,45017.0,19.8,17.8,72.0,30.03,12.86,200.0,608.0,3.5,0.7166066434145578
2026-04-21T10:28:04,04/21/202610:28,113.99000000000001,0.74,84.35260000000001,54.08,1.1,59.488,59.0,0.1,1.0,198.7,23796.0,45017.0,19.8,17.8,72.0,30.03,12.86,200.0,608.0,3.5,0.7052301885181962
2026-04-21T10:28:34,04/21/202610:28,113.6,0.74,84.064,54.08,1.08,58.406400000000005,58.0,0.1,2.0,198.7,23796.0,45017.0,19.8,17.84,72.0,30.03,12.841999999999999,199.7,606.4,3.5,0.6947849257708414
2026-04-21T10:29:00,04/21/202610:29,113.21,0.75,84.9075,54.08,1.06,57.3248,57.0,0.1,2.0,198.7,23796.0,45017.0,19.8,17.880000000000003,72.0,30.03,12.824000000000002,199.4,604.8,3.5,0.6751441274327945
2026-04-21T10:29:34,04/21/202610:29,112.80999999999999,0.76,85.73559999999999,54.08,1.03,55.7024,55.4,0.1,2.0,198.7,23796.0,45017.0,19.8,17.919999999999998,72.0,30.03,12.806000000000001,199.1,603.2,3.5,0.6496997746560356
2026-04-21T10:30:01,04/21/202610:30,112.24000000000001,0.77,86.4248,54.08,1.01,54.620799999999996,54.3,0.1,2.0,198.7,23796.0,45017.0,19.8,17.96,72.0,30.03,12.788,198.8,601.6,3.5,0.6320037766937268
2026-04-21T10:30:34,04/21/202610:30,111.67999999999999,0.77,85.9936,54.08,0.99,53.5392,53.2,0.1,2.0,198.7,23796.0,45017.0,19.8,18.0,72.0,30.03,12.77,198.5,600.0,3.5,0.6225951698731068
2026-04-21T10:31:00,04/21/202610:31,111.13,0.77,85.5701,54.08,0.97,52.4576,52.1,0.1,2.0,198.7,23796.0,45017.0,19.8,18.04,72.0,30.03,12.751999999999999,198.2,598.4,3.5,0.6130365630050684
2026-04-21T10:31:34,04/21/202610:31,110.54,0.75,82.905,54.08,0.9400000000000001,50.8352,50.5,0.1,2.0,198.7,23796.0,45017.0,19.8,18.15,72.0,30.03,12.622,198.4,601.2,3.55,0.6131741149508474
2026-04-21T10:32:01,04/21/202610:32,110.33,0.72,79.43759999999999,54.089999999999996,0.9199999999999999,49.76279999999999,49.4,0.1,2.0,198.7,23796.0,45017.0,19.8,18.259999999999998,72.0,30.03,12.492,198.6,604.0,3.6,0.6264388652225142
2026-04-21T10:33:00,04/21/202610:33,110.12,0.6900000000000001,75.98280000000001,54.1,0.9,48.690000000000005,48.3,0.1,2.0,198.7,23796.0,45017.0,19.8,18.369999999999997,72.0,30.03,12.443,198.6,606.8,3.65,0.640802918555252
2026-04-21T10:33:15,04/21/202610:33,109.92999999999999,0.6599999999999999,72.55379999999998,54.1,0.8800000000000001,47.608000000000004,47.2,0.1,2.0,198.7,23796.0,45017.0,19.8,18.479999999999997,72.0,30.03,12.394,198.6,609.6,3.7,0.6561751417568759
2026-04-21T10:34:00,04/21/202610:34,109.9,0.63,69.23700000000001,54.1,0.86,46.526,46.1,0.1,2.0,198.7,23796.0,45017.0,19.8,18.55,72.0,30.03,12.363,198.9,614.0,3.75,0.6719817438652743
2026-04-21T10:34:14,04/21/202610:34,109.85999999999999,0.6,65.91599999999998,54.1,0.8400000000000001,45.444,45.0,0.1,2.0,198.7,23796.0,45017.0,19.8,18.619999999999997,71.4,30.03,12.331999999999999,199.2,618.4,3.8,0.689422901875114
2026-04-21T10:35:00,04/21/202610:35,109.83,0.5700000000000001,62.603100000000005,54.1,0.8300000000000001,44.903000000000006,44.5,0.1,2.0,198.7,23796.0,45017.0,19.8,18.689999999999998,70.8,30.03,12.300999999999998,199.5,622.8,3.85,0.7172647999859433
2026-04-21T10:35:15,04/21/202610:35,109.55,0.55,60.252500000000005,54.1,0.8200000000000001,44.362,44.0,0.1,2.0,198.7,23796.0,45017.0,19.8,18.759999999999998,70.2,30.03,12.27,199.8,627.2,3.9,0.7362682046388116
2026-04-21T10:36:00,04/21/202610:36,109.25999999999999,0.54,59.0004,54.1,0.8099999999999999,43.821,43.5,0.1,2.0,198.7,23796.0,45017.0,19.8,18.83,69.6,30.03,12.239,200.1,631.6,3.95,0.742723778143877
2026-04-21T10:37:01,04/21/202610:37,108.97,0.53,57.7541,54.1,0.8,43.28,43.0,0.1,2.0,198.7,23796.0,45017.0,19.8,18.9,69.0,30.03,12.208,200.4,636.0,4.0,0.7493840264154407
2026-04-21T10:37:15,04/21/202610:37,108.66,0.55,59.763000000000005,54.1,0.8,43.28,43.0,0.1,2.0,198.7,23796.0,45017.0,19.8,18.9,68.4,30.03,12.288999999999998,200.2,636.0,4.0,0.7241938992353127
2026-04-21T10:37:40,04/21/202610:37,107.25,0.5599999999999999,60.059999999999995,54.1,0.8099999999999999,43.821,43.5,0.1,2.0,198.7,23796.0,45017.0,19.8,18.9,67.8,30.03,12.37,200.0,636.0,4.0,0.7296203796203796
2026-04-21T10:38:00,04/21/202610:38,105.84,0.5700000000000001,60.32880000000001,54.1,0.8200000000000001,44.362,44.0,0.1,2.0,198.7,23796.0,45017.0,19.8,18.9,67.2,30.03,12.37,200.0,636.0,4.0,0.7353370197981726
2026-04-21T10:39:16,04/21/202610:39,104.42,0.58,60.563599999999994,54.089999999999996,0.8400000000000001,45.4356,45.1,0.1,2.0,198.7,23796.0,45017.0,19.8,18.9,66.6,30.03,12.37,200.0,636.0,4.0,0.7502129992272587
2026-04-21T10:39:40,04/21/202610:39,103.00999999999999,0.6,61.80599999999999,54.089999999999996,0.8700000000000001,47.0583,46.7,0.1,2.0,198.7,23796.0,45017.0,19.8,18.9,66.0,30.03,12.37,200.0,636.0,4.0,0.7613872439568975
2026-04-21T10:40:00,04/21/202610:40,101.61,0.6199999999999999,62.99819999999999,54.089999999999996,0.9,48.681,48.3,0.1,2.0,198.7,23796.0,45017.0,19.8,18.9,66.0,30.03,12.37,200.0,636.0,4.0,0.7727363638961114
2026-04-21T10:40:39,04/21/202610:40,101.44,0.65,65.936,54.089999999999996,0.9400000000000001,50.8446,50.4,0.1,2.0,198.7,23796.0,45017.0,19.8,18.9,66.0,30.03,12.37,200.0,636.0,4.0,0.7711204804659062
2026-04-21T10:41:00,04/21/202610:41,101.52000000000001,0.67,68.01840000000001,54.089999999999996,0.9800000000000001,53.0082,52.5,0.1,2.0,198.7,23796.0,45017.0,19.8,18.9,66.0,30.03,12.37,200.0,636.0,4.0,0.7793214777177939
2026-04-21T10:41:40,04/21/202610:41,102.09,0.7,71.463,54.089999999999996,1.02,55.1718,54.6,0.1,2.0,198.7,23796.0,45017.0,19.8,18.9,66.0,30.03,12.37,200.0,636.0,4.0,0.7720330800554133
2026-04-21T10:42:00,04/21/202610:42,102.66,0.73,74.9418,54.089999999999996,1.06,57.3354,56.7,0.1,2.0,198.7,23796.0,45017.0,19.8,18.9,66.0,30.03,12.37,200.0,636.0,4.0,0.7650656909761975
2026-04-21T10:42:39,04/21/202610:42,103.3,0.75,77.475,54.089999999999996,1.1,59.499,58.8,0.1,2.0,198.7,23796.0,45017.0,19.8,18.9,66.0,30.03,12.37,200.0,636.0,4.0,0.7679767666989352
2026-04-21T10:43:00,04/21/202610:43,105.04,0.78,81.9312,54.089999999999996,1.1300000000000001,61.121700000000004,60.4,0.1,2.0,198.7,23796.0,45017.0,19.8,18.9,66.0,30.03,12.37,200.0,636.0,4.0,0.7460125080555393
2026-04-21T10:43:40,04/21/202610:43,106.1,0.82,87.002,54.089999999999996,1.19,64.3671,63.7,0.1,2.0,198.7,23796.0,45017.0,19.8,18.9,66.0,30.03,12.37,200.0,636.0,4.0,0.7398347164433001
2026-04-21T10:44:00,04/21/202610:44,107.16,0.86,92.1576,54.1,1.24,67.084,66.4,0.1,2.0,198.7,23796.0,45017.0,19.8,18.9,66.0,30.03,12.37,200.0,636.0,4.0,0.7279269425419065
2026-04-21T10:44:40,04/21/202610:44,109.38,0.8800000000000001,96.2544,54.1,1.29,69.789,69.1,0.1,2.0,198.7,23796.0,45017.0,19.8,18.9,66.0,30.03,12.37,200.0,636.0,4.0,0.7250473744576871
2026-04-21T10:45:01,04/21/202610:45,111.6,0.9,100.44,54.1,1.34,72.494,71.8,0.1,2.0,198.7,23796.0,45017.0,19.8,18.9,66.0,30.03,12.37,200.0,636.0,4.0,0.7217642373556352
2026-04-21T10:45:40,04/21/202610:45,111.80999999999999,0.9099999999999999,101.74709999999997,54.1,1.35,73.03500000000001,72.9,0.1,2.0,198.7,23796.0,45017.0,19.8,18.97,65.9,30.03,12.331999999999999,200.1,642.6,4.04,0.7178091562314801
2026-04-21T10:46:00,04/21/202610:46,112.02000000000001,0.9199999999999999,103.0584,54.1,1.3599999999999999,73.576,74.0,0.1,2.0,198.7,23796.0,45017.0,19.8,19.04,65.8,30.03,12.294,200.2,649.2,4.08,0.713925308368847
2026-04-21T10:46:39,04/21/202610:46,112.07000000000001,0.9099999999999999,101.9837,54.1,1.3800000000000001,74.658,75.1,0.1,2.0,198.7,23796.0,45017.0,19.8,19.11,65.7,30.03,12.256,200.3,655.8,4.12,0.7320581622357298
2026-04-21T10:47:01,04/21/202610:47,112.12,0.9,100.908,54.1,1.4,75.74,76.2,0.1,2.0,198.7,23796.0,45017.0,19.8,19.18,65.6,30.03,12.218,200.4,662.4,4.16,0.7505846910056685
2026-04-21T10:47:40,04/21/202610:47,112.12,0.9,100.908,54.1,1.44,77.904,78.4,0.1,2.0,198.7,23796.0,45017.0,19.8,19.25,65.5,30.03,12.18,200.5,669.0,4.2,0.7720299678915448
2026-04-21T10:48:00,04/21/202610:48,112.12,0.9,100.908,54.1,1.48,80.068,80.6,0.1,2.0,198.7,23796.0,45017.0,19.8,19.32,65.4,30.03,12.142,200.6,675.6,4.24,0.793475244777421
2026-04-21T10:48:40,04/21/202610:48,112.87,0.9400000000000001,106.0978,54.1,1.5699999999999998,84.937,85.4,0.1,2.0,198.7,23796.0,45017.0,19.8,19.39,65.3,30.03,12.104,200.7,682.2,4.28,0.8005538286373515
2026-04-21T10:49:01,04/21/202610:49,113.62,0.9800000000000001,111.34760000000001,54.1,1.6600000000000001,89.80600000000001,90.2,0.1,2.0,198.7,23796.0,45017.0,19.8,19.46,65.2,30.03,12.065999999999999,200.8,688.8,4.32,0.8065373658704813
2026-04-21T10:50:28,04/21/202610:50,113.80999999999999,1.03,117.22429999999999,54.11,1.7899999999999998,96.85689999999998,97.2,0.1,2.0,198.7,23796.0,45017.0,19.8,19.53,65.1,30.03,12.028,200.9,695.4,4.36,0.8262527479370745
2026-04-21T10:50:40,04/21/202610:50,113.89000000000001,1.1,125.27900000000002,54.120000000000005,1.92,103.91040000000001,104.3,0.1,2.0,198.7,23796.0,45017.0,19.8,19.6,65.0,30.03,11.99,201.0,702.0,4.4,0.8294319079813854
2026-04-21T10:51:00,04/21/202610:51,114.75,1.17,134.2575,54.13000000000001,2.08,112.59040000000003,112.5,0.1,2.0,198.7,23796.0,45017.0,19.8,19.6,65.0,30.03,11.99,201.0,702.0,4.4,0.8386153473735176
2026-04-21T10:51:20,04/21/202610:51,115.62,1.25,144.525,54.160000000000004,2.27,122.9432,122.3,0.1,2.0,198.7,23796.0,45017.0,19.8,19.6,65.0,30.03,11.99,201.0,702.0,4.4,0.8506708181975436
2026-04-21T10:52:00,04/21/202610:52,116.16,1.34,155.6544,54.19,2.45,132.7655,132.1,0.1,2.0,198.7,23796.0,45017.0,19.8,19.6,65.0,30.03,11.99,201.0,702.0,4.4,0.8529505108753751
2026-04-21T10:52:20,04/21/202610:52,116.83,1.5,175.245,54.239999999999995,2.77,150.2448,149.7,0.1,2.0,198.7,23796.0,45017.0,19.8,19.6,65.0,30.03,11.99,201.0,702.0,4.4,0.8573414362749293
2026-04-21T10:53:00,04/21/202610:53,117.54,1.65,193.941,54.29,3.07,166.6703,166.2,0.1,2.0,198.7,23796.0,45017.0,19.8,19.6,65.0,30.03,11.99,201.0,702.0,4.4,0.8593866175795731
2026-04-21T10:53:19,04/21/202610:53,120.2,1.7899999999999998,215.158,54.39,3.41,185.4699,185.1,0.1,2.0,198.7,23796.0,45017.0,19.8,19.6,65.0,30.03,11.99,201.0,702.0,4.4,0.8620172152557656
2026-04-21T10:54:01,04/21/202610:54,122.79,1.8800000000000001,230.84520000000003,54.489999999999995,3.6700000000000004,199.9783,199.7,0.1,2.0,198.7,23796.0,45017.0,19.8,19.6,65.0,30.03,11.99,201.0,702.0,4.4,0.866287451504298
2026-04-21T10:54:20,04/21/202610:54,125.48999999999998,1.94,243.45059999999995,54.589999999999996,3.8600000000000003,210.7174,210.4,0.1,2.0,198.7,23796.0,45017.0,19.8,19.6,65.0,30.03,11.99,201.0,702.0,4.4,0.8655447963570434
2026-04-21T10:55:00,04/21/202610:55,127.58,2.0,255.16,54.67999999999999,4.0,218.71999999999997,218.4,0.1,2.0,198.7,23796.0,45017.0,19.8,19.6,65.0,30.03,11.99,201.0,702.0,4.4,0.8571876469666091
2026-04-21T10:55:19,04/21/202610:55,129.95999999999998,2.02,262.51919999999996,54.760000000000005,4.1,224.516,224.2,0.1,2.0,198.7,23796.0,45017.0,19.8,19.6,65.0,30.03,11.99,201.0,702.0,4.4,0.8552364931784038
2026-04-21T10:56:01,04/21/202610:56,132.33999999999997,2.04,269.9736,54.839999999999996,4.2,230.328,230.0,0.1,2.0,198.7,23796.0,45017.0,19.8,19.6,65.0,30.03,11.99,201.0,702.0,4.4,0.8531500857861658
2026-04-21T10:56:20,04/21/202610:56,134.67000000000002,2.05,276.0735,54.910000000000004,4.26,233.91660000000002,233.6,0.1,2.0,198.7,23796.0,45017.0,19.8,19.6,65.0,30.03,11.99,201.0,702.0,4.4,0.8472982738292519
2026-04-21T10:57:00,04/21/202610:57,137.0,2.06,282.22,54.98,4.319999999999999,237.51359999999994,237.2,0.1,2.0,198.7,23796.0,45017.0,19.8,19.6,65.0,30.03,11.99,201.0,702.0,4.4,0.8415902487421157
2026-04-21T10:57:19,04/21/202610:57,139.25,1.9899999999999998,277.10749999999996,55.029999999999994,4.21,231.67629999999997,231.3,0.1,2.0,198.7,23796.0,45017.0,19.8,19.6,65.0,30.03,11.99,201.0,702.0,4.4,0.8360520736537265
2026-04-21T10:57:40,04/21/202610:57,141.28,1.92,271.25759999999997,55.08,4.11,226.3788,226.0,0.1,2.0,198.7,23796.0,45017.0,19.8,19.6,65.0,30.03,11.99,201.0,702.0,4.4,0.834552838335221
2026-04-21T10:58:01,04/21/202610:58,141.35999999999999,1.86,262.9296,55.08,3.97,218.6676,218.3,0.1,2.0,198.7,23796.0,45017.0,19.8,19.6,65.0,30.03,11.99,201.0,702.0,4.4,0.8316583602606934
2026-04-21T10:58:40,04/21/202610:58,141.55,1.8,254.79000000000002,55.08,3.8200000000000003,210.40560000000002,210.1,0.1,3.0,198.7,23796.0,45017.0,19.8,19.6,65.0,30.03,11.99,201.0,702.0,4.4,0.8258000706464147
2026-04-21T10:59:00,04/21/202610:59,141.63,1.77,250.6851,55.08,3.7399999999999998,205.99919999999997,205.8,0.1,3.0,198.7,23796.0,45017.0,19.8,19.6,65.0,30.03,11.99,201.0,702.0,4.4,0.8217448903026146
2026-04-21T10:59:40,04/21/202610:59,142.10999999999999,1.73,245.85029999999998,55.08,3.65,201.042,200.9,0.1,3.0,198.7,23796.0,45017.0,19.8,19.6,65.0,30.03,11.99,201.0,702.0,4.4,0.8177415280762318
2026-04-21T11:00:01,04/21/202611:00,142.41,1.7100000000000002,243.52110000000002,55.089999999999996,3.6,198.32399999999998,198.1,0.1,3.0,198.7,23796.0,45017.0,19.8,19.6,65.0,30.03,11.99,201.0,702.0,4.4,0.8144017089278915
2026-04-21T11:01:39,04/21/202611:01,142.45999999999998,1.69,240.75739999999996,55.1,3.55,195.605,195.3,0.1,3.0,198.7,23796.0,45017.0,19.8,19.65,65.0,30.03,12.021,200.8,705.8,4.430000000000001,0.8124568549087173
2026-04-21T11:01:40,04/21/202611:01,142.74,1.67,238.3758,55.11,3.5,192.885,192.5,0.1,3.0,198.7,23796.0,45017.0,19.8,19.7,65.0,30.03,12.052000000000001,200.6,709.6,4.46,0.8091635140815469
2026-04-21T11:02:00,04/21/202611:02,143.02,1.65,235.983,55.120000000000005,3.45,190.16400000000002,189.7,0.1,3.0,198.7,23796.0,45017.0,19.8,19.75,65.0,30.03,12.083,200.4,713.4,4.49,0.8058377086485043
2026-04-21T11:02:40,04/21/202611:02,143.45999999999998,1.6300000000000001,233.8398,55.120000000000005,3.4200000000000004,188.51040000000003,188.1,0.1,3.0,198.7,23796.0,45017.0,19.8,19.8,65.0,30.03,12.114,200.2,717.2,4.5200000000000005,0.8061519039958127
2026-04-21T11:03:00,04/21/202611:03,144.12,1.61,232.03320000000002,55.120000000000005,3.38,186.3056,185.9,0.1,3.0,198.7,23796.0,45017.0,19.8,19.85,65.0,30.03,12.145,200.0,721.0,4.55,0.8029264777626649
2026-04-21T11:03:40,04/21/202611:03,144.76,1.59,230.1684,55.120000000000005,3.3299999999999996,183.5496,183.1,0.1,3.0,198.7,23796.0,45017.0,19.8,19.9,65.0,30.03,12.176,199.8,724.8,4.58,0.7974578612876485
2026-04-21T11:04:00,04/21/202611:04,145.29000000000002,1.57,228.10530000000003,55.120000000000005,3.29,181.34480000000002,180.8,0.1,3.0,198.7,23796.0,45017.0,19.8,19.95,65.0,30.03,12.207,199.6,728.6,4.61,0.7950047631510535
2026-04-21T11:04:39,04/21/202611:04,145.66,1.55,225.773,55.120000000000005,3.25,179.14000000000001,178.5,0.1,3.0,198.7,23796.0,45017.0,19.8,20.0,65.0,30.03,12.238000000000001,199.4,732.4,4.640000000000001,0.7934518299353777
2026-04-21T11:05:00,04/21/202611:05,145.63,1.54,224.2702,55.120000000000005,3.22,177.48640000000003,176.8,0.1,3.0,198.7,23796.0,45017.0,19.8,20.05,65.0,30.03,12.269000000000002,199.2,736.2,4.67,0.791395379323691
2026-04-21T11:05:40,04/21/202611:05,145.57,1.53,222.72209999999998,55.120000000000005,3.19,175.83280000000002,175.1,0.1,3.0,198.7,23796.0,45017.0,19.8,20.1,65.0,30.03,12.3,199.0,740.0,4.7,0.7894717228330733
2026-04-21T11:06:00,04/21/202611:06,145.76,1.52,221.55519999999999,55.120000000000005,3.16,174.1792,173.4,0.1,3.0,198.7,23796.0,45017.0,19.8,20.1,65.0,30.03,12.3,199.0,740.0,4.7,0.7861661563348548
2026-04-21T11:06:39,04/21/202611:06,145.59,1.51,219.8409,55.11,3.15,173.5965,172.9,0.1,3.0,198.7,23796.0,45017.0,19.8,20.1,65.0,30.03,12.3,199.0,740.0,4.7,0.789646057671707
2026-04-21T11:07:01,04/21/202611:07,145.42000000000002,1.5,218.13000000000002,55.1,3.14,173.014,172.4,0.1,3.0,198.7,23796.0,45017.0,19.8,20.1,65.0,30.03,12.3,199.0,740.0,4.7,0.7931692110209507
2026-04-21T11:07:40,04/21/202611:07,145.0,1.49,216.05,55.1,3.1100000000000003,171.36100000000002,170.7,0.1,3.0,198.7,23796.0,45017.0,19.8,20.1,65.0,30.03,12.3,199.0,740.0,4.7,0.7931543624161074
2026-04-21T11:08:00,04/21/202611:08,144.57999999999998,1.48,213.97839999999997,55.1,3.08,169.708,169.0,0.1,3.0,198.7,23796.0,45017.0,19.8,20.1,65.0,30.03,12.3,199.0,740.0,4.7,0.7931080894146326
2026-04-21T11:08:39,04/21/202611:08,144.2,1.48,213.41599999999997,55.1,3.0900000000000003,170.25900000000001,169.6,0.1,3.0,198.7,23796.0,45017.0,19.8,20.1,65.0,30.03,12.3,199.0,740.0,4.7,0.7977799227799229
2026-04-21T11:09:01,04/21/202611:09,143.82,1.48,212.8536,55.1,3.1,170.81,170.2,0.1,3.0,198.7,23796.0,45017.0,19.8,20.1,65.0,30.03,12.3,199.0,740.0,4.7,0.8024764439032274
2026-04-21T11:09:40,04/21/202611:09,143.45999999999998,1.47,210.88619999999997,55.1,3.08,169.708,169.1,0.1,3.0,198.7,23796.0,45017.0,19.8,20.1,65.0,30.03,12.3,199.0,740.0,4.7,0.8047373417511436
2026-04-21T11:10:00,04/21/202611:10,143.1,1.46,208.926,55.1,3.06,168.606,168.0,0.1,3.0,198.7,23796.0,45017.0,19.8,20.1,65.0,30.03,12.3,199.0,740.0,4.7,0.8070130093908848
2026-04-21T11:10:39,04/21/202611:10,143.34,1.46,209.2764,55.1,3.06,168.606,168.0,0.1,3.0,198.7,23796.0,45017.0,19.8,20.1,65.0,30.03,12.3,199.0,740.0,4.7,0.8056617946409629
2026-04-21T11:11:01,04/21/202611:11,143.57999999999998,1.46,209.62679999999997,55.1,3.06,168.606,168.0,0.1,3.0,198.7,23796.0,45017.0,19.8,20.1,65.0,30.03,12.3,199.0,740.0,4.7,0.8043150971154452
2026-04-21T11:11:22,04/21/202611:11,143.74,1.45,208.423,55.11,3.04,167.5344,166.9,0.1,3.0,198.7,23796.0,45017.0,19.8,20.1,65.0,30.03,12.3,199.0,740.0,4.7,0.8038191562351564
2026-04-21T11:12:50,04/21/202611:12,143.78,1.44,207.04319999999998,55.11,3.0100000000000002,165.8811,165.2,0.2,3.0,198.7,23796.0,45017.0,19.7,20.1,65.0,30.03,12.3,199.0,740.0,4.7,0.8011907659850699
2026-04-21T11:13:01,04/21/202611:13,143.85999999999999,1.44,207.15839999999997,55.11,3.0100000000000002,165.8811,165.2,0.2,3.0,198.7,23796.0,45017.0,19.7,20.1,65.0,30.03,12.3,199.0,740.0,4.7,0.8007452268409103
2026-04-21T11:13:22,04/21/202611:13,143.95,1.45,208.72749999999996,55.11,3.02,166.4322,165.8,0.2,3.0,198.7,23796.0,45017.0,19.8,20.1,65.0,30.03,12.3,199.0,740.0,4.7,0.7973659436346434
2026-04-21T11:14:01,04/21/202611:14,144.02,1.45,208.829,55.11,3.0,165.32999999999998,164.7,0.2,3.0,198.7,23796.0,45017.0,19.8,20.1,65.0,30.03,12.3,199.0,740.0,4.7,0.7917003864405805
2026-04-21T11:14:22,04/21/202611:14,144.27,1.44,207.74880000000002,55.11,2.9699999999999998,163.67669999999998,163.0,0.2,3.0,198.7,23796.0,45017.0,19.8,20.1,65.0,30.03,12.3,199.0,740.0,4.7,0.7878587024329381
2026-04-21T11:15:01,04/21/202611:15,144.66,1.44,208.3104,55.11,2.9699999999999998,163.67669999999998,163.0,0.2,3.0,198.7,23796.0,45017.0,19.8,20.1,65.0,30.03,12.3,199.0,740.0,4.7,0.7857346536706761
2026-04-21T11:15:22,04/21/202611:15,145.0,1.44,208.79999999999998,55.11,2.95,162.5745,161.9,0.2,3.0,198.7,23796.0,45017.0,19.8,20.1,65.0,30.03,12.3,199.0,740.0,4.7,0.7786135057471265
2026-04-21T11:16:01,04/21/202611:16,144.77,1.43,207.02110000000002,55.11,2.91,160.3701,159.7,0.2,3.0,198.7,23796.0,45017.0,19.8,20.1,65.0,30.03,12.3,199.0,740.0,4.7,0.7746558201072258
2026-04-21T11:16:21,04/21/202611:16,144.49,1.42,205.1758,55.11,2.88,158.7168,158.1,0.2,3.0,198.7,23796.0,45017.0,19.8,20.15,64.9,30.03,12.412,198.9,743.0,4.74,0.7735649136009217
2026-04-21T11:17:00,04/21/202611:17,144.45999999999998,1.42,205.13319999999996,55.1,2.8600000000000003,157.586,157.0,0.2,3.0,198.7,23796.0,45017.0,19.8,20.2,64.8,30.03,12.524000000000001,198.8,746.0,4.779999999999999,0.7682130440123786
2026-04-21T11:17:21,04/21/202611:17,144.7,1.41,204.02699999999996,55.1,2.84,156.484,155.9,0.2,3.0,198.7,23796.0,45017.0,19.7,20.25,64.7,30.03,12.636,198.7,749.0,4.82,0.7669769197214096
2026-04-21T11:18:01,04/21/202611:18,144.94,1.4,202.916,55.1,2.82,155.382,154.8,0.2,3.0,198.7,23796.0,45017.0,19.7,20.3,64.6,30.03,12.748000000000001,198.6,752.0,4.86,0.7657454316071676
2026-04-21T11:18:20,04/21/202611:18,144.75,1.39,201.2025,55.11,2.8,154.308,153.7,0.2,4.0,198.7,23796.0,45017.0,19.7,20.35,64.5,30.03,12.86,198.5,755.0,4.9,0.7669288403474112
2026-04-21T11:19:00,04/21/202611:19,144.56,1.38,199.4928,55.120000000000005,2.7800000000000002,153.23360000000002,152.6,0.2,4.0,198.7,23796.0,45017.0,19.7,20.4,64.4,30.03,12.972,198.4,758.0,4.9399999999999995,0.7681159420289857
2026-04-21T11:19:21,04/21/202611:19,144.25,1.38,199.065,55.120000000000005,2.77,152.6824,152.1,0.2,4.0,198.7,23796.0,45017.0,19.7,20.45,64.3,30.03,13.084,198.3,761.0,4.9799999999999995,0.7669977143144199
2026-04-21T11:20:01,04/21/202611:20,143.94,1.38,198.63719999999998,55.120000000000005,2.7600000000000002,152.13120000000004,151.6,0.2,4.0,198.7,23796.0,45017.0,19.7,20.5,64.2,30.03,13.196000000000002,198.2,764.0,5.02,0.7658746700013898
2026-04-21T11:20:21,04/21/202611:20,143.77,1.3699999999999999,196.9649,55.13000000000001,2.7600000000000002,152.15880000000004,151.6,0.2,4.0,198.7,23796.0,45017.0,19.8,20.55,64.1,30.03,13.308000000000002,198.1,767.0,5.06,0.772517336845296
2026-04-21T11:21:00,04/21/202611:21,143.6,1.3599999999999999,195.29599999999996,55.14,2.7600000000000002,152.18640000000002,151.6,0.2,4.0,198.7,23796.0,45017.0,19.8,20.6,64.0,30.03,13.419999999999998,198.0,770.0,5.1,0.7792601999016879
2026-04-21T11:21:21,04/21/202611:21,143.36,1.3599999999999999,194.9696,55.14,2.73,150.5322,149.9,0.2,4.0,198.7,23796.0,45017.0,19.8,20.6,64.0,30.03,13.419999999999998,198.0,770.0,5.1,0.7720803653492646
2026-04-21T11:22:01,04/21/202611:22,143.12,1.3599999999999999,194.64319999999998,55.14,2.7,148.87800000000001,148.2,0.2,4.0,198.7,23796.0,45017.0,19.8,20.6,64.0,30.03,13.419999999999998,198.0,770.0,5.1,0.7648764508598298
2026-04-21T11:22:20,04/21/202611:22,143.06,1.3599999999999999,194.5616,55.14,2.66,146.6724,146.0,0.2,4.0,198.7,23796.0,45017.0,19.8,20.6,64.0,30.03,13.419999999999998,198.0,770.0,5.1,0.7538609879852962
2026-04-21T11:23:59,04/21/202611:23,143.02,1.3599999999999999,194.50719999999998,55.14,2.65,146.121,145.5,0.2,4.0,198.7,23796.0,45017.0,19.8,20.6,64.0,30.03,13.419999999999998,198.0,770.0,5.1,0.751236972204628
2026-04-21T11:24:01,04/21/202611:24,143.4,1.35,193.59000000000003,55.13000000000001,2.63,144.99190000000002,144.4,0.2,4.0,198.7,23796.0,45017.0,19.8,20.6,64.0,30.03,13.419999999999998,198.0,770.0,5.1,0.7489637894519344
2026-04-21T11:24:09,04/21/202611:24,143.49,1.35,193.71150000000003,55.120000000000005,2.6100000000000003,143.86320000000003,143.3,0.2,4.0,198.7,23796.0,45017.0,19.8,20.6,64.0,30.03,13.419999999999998,198.0,770.0,5.1,0.7426673171184984
2026-04-21T11:25:01,04/21/202611:25,143.52,1.35,193.75200000000004,55.120000000000005,2.59,142.76080000000002,142.2,0.2,4.0,198.7,23796.0,45017.0,19.8,20.6,64.0,30.03,13.419999999999998,198.0,770.0,5.1,0.7368223295759527
2026-04-21T11:25:10,04/21/202611:25,143.51,1.34,192.3034,55.120000000000005,2.55,140.556,140.0,0.2,4.0,198.7,23796.0,45017.0,19.8,20.6,64.0,30.03,13.419999999999998,198.0,770.0,5.1,0.7309075138557093
2026-04-21T11:26:01,04/21/202611:26,143.41,1.34,192.1694,55.11,2.52,138.8772,138.4,0.2,4.0,198.7,23796.0,45017.0,19.8,20.6,64.0,30.03,13.419999999999998,198.0,770.0,5.1,0.722681134457411
2026-04-21T11:26:09,04/21/202611:26,143.43,1.33,190.76190000000003,55.1,2.4699999999999998,136.09699999999998,135.7,0.2,4.0,198.7,23796.0,45017.0,19.7,20.6,64.0,30.03,13.419999999999998,198.0,770.0,5.1,0.7134391091722192
2026-04-21T11:27:01,04/21/202611:27,143.57,1.31,188.0767,55.1,2.44,134.444,134.1,0.2,4.0,198.7,23796.0,45017.0,19.7,20.6,64.0,30.03,13.419999999999998,198.0,770.0,5.1,0.7148360216868969
2026-04-21T11:27:10,04/21/202611:27,143.63,1.31,188.1553,55.1,2.44,134.444,134.1,0.2,4.0,198.7,23796.0,45017.0,19.8,20.6,64.0,30.03,13.419999999999998,198.0,770.0,5.1,0.714537406068285
2026-04-21T11:27:17,04/21/202611:27,143.34,1.3199999999999998,189.20879999999997,55.1,2.46,135.546,135.2,0.2,4.0,198.7,23796.0,45017.0,19.8,20.6,64.0,30.03,13.419999999999998,198.0,770.0,5.1,0.7163831703388004
2026-04-21T11:28:00,04/21/202611:28,143.03,1.3299999999999998,190.2299,55.1,2.45,134.995,134.6,0.2,4.0,198.7,23796.0,45017.0,19.8,20.6,64.0,30.03,13.419999999999998,198.0,770.0,5.1,0.7096413339858771
2026-04-21T11:28:18,04/21/202611:28,142.68,1.3299999999999998,189.7644,55.1,2.43,133.893,133.5,0.2,4.0,198.7,23796.0,45017.0,19.8,20.59,64.0,30.03,13.419999999999998,198.0,770.0,5.1,0.705574912891986
2026-04-21T11:29:01,04/21/202611:29,142.62,1.3199999999999998,188.2584,55.1,2.41,132.79100000000003,132.4,0.2,4.0,198.7,23796.0,45017.0,19.8,20.580000000000002,64.0,30.03,13.419999999999998,198.0,770.0,5.1,0.7053656038721249
2026-04-21T11:29:17,04/21/202611:29,142.65,1.31,186.87150000000003,55.11,2.4,132.26399999999998,131.8,0.2,4.0,198.7,23796.0,45017.0,19.8,20.57,64.0,30.03,13.419999999999998,198.0,770.0,5.1,0.7077804801695281
2026-04-21T11:30:00,04/21/202611:30,142.72,1.31,186.9632,55.120000000000005,2.41,132.8392,132.3,0.2,4.0,198.7,23796.0,45017.0,19.8,20.560000000000002,64.0,30.03,13.419999999999998,198.0,770.0,5.1,0.7105098757402527
2026-04-21T11:30:18,04/21/202611:30,142.69,1.3,185.497,55.120000000000005,2.41,132.8392,132.3,0.2,4.0,198.7,23796.0,45017.0,19.8,20.55,64.0,30.03,13.438999999999998,197.9,770.0,5.1,0.7161258672646996
2026-04-21T11:31:01,04/21/202611:31,142.54000000000002,1.3,185.30200000000002,55.120000000000005,2.43,133.94160000000002,133.4,0.2,4.0,198.7,23796.0,45017.0,19.8,20.54,64.0,30.03,13.457999999999998,197.8,770.0,5.1,0.7228286796688649
2026-04-21T11:31:17,04/21/202611:31,142.44,1.31,186.59640000000002,55.120000000000005,2.46,135.5952,135.0,0.2,4.0,198.7,23796.0,45017.0,19.8,20.57,63.9,30.03,13.495,198.0,773.0,5.14,0.7266763989015865
2026-04-21T11:32:01,04/21/202611:32,142.42000000000002,1.3,185.14600000000002,55.120000000000005,2.46,135.5952,135.0,0.2,4.0,198.7,23796.0,45017.0,19.8,20.6,63.8,30.03,13.532,198.2,776.0,5.18,0.7323690492908299
2026-04-21T11:32:18,04/21/202611:32,142.47,1.28,182.3616,55.120000000000005,2.46,135.5952,135.0,0.2,4.0,198.7,23796.0,45017.0,19.8,20.630000000000003,63.7,30.03,13.568999999999999,198.4,779.0,5.22,0.743551273952411
2026-04-21T11:33:01,04/21/202611:33,142.52,1.26,179.57520000000002,55.120000000000005,2.46,135.5952,135.0,0.2,4.0,198.7,23796.0,45017.0,19.8,20.66,63.6,30.03,13.606,198.6,782.0,5.26,0.7550886759418894
2026-04-21T11:33:17,04/21/202611:33,142.59,1.27,181.0893,55.13000000000001,2.4699999999999998,136.17110000000002,135.5,0.2,4.0,198.7,23796.0,45017.0,19.8,20.7,63.5,30.03,13.643,198.8,785.0,5.3,0.7519555269140695
2026-04-21T11:35:11,04/21/202611:35,142.64000000000001,1.27,181.1528,55.13000000000001,2.46,135.61980000000003,134.9,0.2,4.0,198.7,23796.0,45017.0,19.8,20.74,63.4,30.03,13.679999999999998,199.0,788.0,5.34,0.7486486546164344
2026-04-21T11:35:17,04/21/202611:35,142.57999999999998,1.26,179.65079999999998,55.120000000000005,2.43,133.94160000000002,133.3,0.2,4.0,198.7,23796.0,45017.0,19.8,20.779999999999998,63.3,30.03,13.716999999999999,199.2,791.0,5.38,0.7455663988136988
2026-04-21T11:35:58,04/21/202611:35,142.53,1.25,178.1625,55.11,2.4,132.26399999999998,131.7,0.2,4.0,198.7,23796.0,45017.0,19.8,20.82,63.2,30.03,13.754,199.4,794.0,5.42,0.7423784466428119
2026-04-21T11:36:01,04/21/202611:36,142.57999999999998,1.25,178.22499999999997,55.11,2.38,131.1618,130.6,0.2,4.0,198.7,23796.0,45017.0,19.8,20.86,63.1,30.03,13.772,199.7,797.0,5.46,0.735933791555618
2026-04-21T11:36:57,04/21/202611:36,142.66,1.25,178.325,55.11,2.37,130.6107,130.0,0.2,4.0,198.7,23796.0,45017.0,19.8,20.9,63.1,30.03,13.789999999999997,200.0,800.0,5.5,0.7324306743305763
2026-04-21T11:37:01,04/21/202611:37,142.69,1.24,176.9356,55.11,2.35,129.5085,128.9,0.2,4.0,198.7,23796.0,45017.0,19.8,20.9,63.2,30.03,13.789999999999997,200.0,800.0,5.5,0.7319527556919014
2026-04-21T11:37:58,04/21/202611:37,142.82999999999998,1.23,175.68089999999998,55.11,2.34,128.95739999999998,128.4,0.2,4.0,198.7,23796.0,45017.0,19.8,20.9,63.3,30.03,13.789999999999997,200.0,800.0,5.5,0.7340433706794535
2026-04-21T11:38:01,04/21/202611:38,142.92000000000002,1.23,175.79160000000002,55.11,2.33,128.40630000000002,127.9,0.2,4.0,198.7,23796.0,45017.0,19.8,20.9,63.4,30.03,13.789999999999997,200.0,800.0,5.5,0.730446164663158
2026-04-21T11:38:57,04/21/202611:38,142.9,1.23,175.767,55.11,2.2800000000000002,125.65080000000002,125.2,0.2,4.0,198.7,23796.0,45017.0,19.8,20.9,63.5,30.03,13.789999999999997,200.0,800.0,5.5,0.7148713922408645
2026-04-21T11:39:01,04/21/202611:39,142.9,1.21,172.909,55.1,2.23,122.873,122.5,0.2,4.0,198.7,23796.0,45017.0,19.8,20.9,63.6,30.03,13.789999999999997,200.0,800.0,5.5,0.7106223504849373
2026-04-21T11:39:57,04/21/202611:39,142.9,1.2,171.48,55.11,2.21,121.7931,121.4,0.2,4.0,198.7,23796.0,45017.0,19.8,20.9,63.7,30.03,13.789999999999997,200.0,800.0,5.5,0.7102466759972008
2026-04-21T11:40:01,04/21/202611:40,142.92000000000002,1.2,171.50400000000002,55.120000000000005,2.2,121.26400000000002,120.8,0.2,4.0,198.7,23796.0,45017.0,19.8,20.9,63.8,30.03,13.789999999999997,200.0,800.0,5.5,0.7070622259539137
2026-04-21T11:40:58,04/21/202611:40,142.98,1.19,170.1462,55.120000000000005,2.18,120.16160000000002,119.7,0.2,4.0,198.7,23796.0,45017.0,19.8,20.9,63.9,30.03,13.789999999999997,200.0,800.0,5.5,0.7062255871715033
2026-04-21T11:41:01,04/21/202611:41,143.04000000000002,1.1800000000000002,168.78720000000004,55.120000000000005,2.16,119.05920000000002,118.6,0.2,4.0,198.7,23796.0,45017.0,19.8,20.9,64.0,30.03,13.789999999999997,200.0,800.0,5.5,0.7053805027869411
2026-04-21T11:41:57,04/21/202611:41,143.09,1.1800000000000002,168.84620000000004,55.120000000000005,2.16,119.05920000000002,118.6,0.2,4.0,198.7,23796.0,45017.0,19.8,20.9,64.0,30.03,13.789999999999997,200.0,800.0,5.5,0.705134021375666
2026-04-21T11:42:01,04/21/202611:42,143.14000000000001,1.1800000000000002,168.90520000000004,55.120000000000005,2.16,119.05920000000002,118.6,0.2,4.0,198.7,23796.0,45017.0,19.8,20.9,64.0,30.03,13.789999999999997,200.0,800.0,5.5,0.7048877121604308
2026-04-21T11:42:58,04/21/202611:42,143.12,1.17,167.4504,55.120000000000005,2.1399999999999997,117.95679999999999,117.5,0.2,4.0,198.7,23796.0,45017.0,19.8,20.9,64.0,30.03,13.789999999999997,200.0,800.0,5.5,0.7044282963791068
2026-04-21T11:43:01,04/21/202611:43,143.1,1.16,165.99599999999998,55.120000000000005,2.12,116.85440000000001,116.4,0.2,4.0,198.7,23796.0,45017.0,19.8,20.9,64.0,30.03,13.789999999999997,200.0,800.0,5.5,0.7039591315453386
2026-04-21T11:43:57,04/21/202611:43,143.17000000000002,1.15,164.6455,55.120000000000005,2.1100000000000003,116.30320000000003,115.8,0.2,5.0,198.7,23796.0,45017.0,19.8,20.9,64.0,30.03,13.789999999999997,200.0,800.0,5.5,0.7063855374121979
2026-04-21T11:44:00,04/21/202611:44,143.24,1.1400000000000001,163.29360000000003,55.120000000000005,2.1,115.75200000000001,115.2,0.2,5.0,198.7,23796.0,45017.0,19.8,20.9,64.0,30.03,13.789999999999997,200.0,800.0,5.5,0.708858154881759
2026-04-21T11:44:58,04/21/202611:44,143.25,1.15,164.73749999999998,55.11,2.1100000000000003,116.28210000000001,115.8,0.2,5.0,198.7,23796.0,45017.0,19.8,20.9,64.0,30.03,13.789999999999997,200.0,800.0,5.5,0.7058629638060553
2026-04-21T11:45:01,04/21/202611:45,143.26,1.1600000000000001,166.1816,55.1,2.12,116.81200000000001,116.4,0.2,5.0,198.7,23796.0,45017.0,19.8,20.9,64.0,30.03,13.789999999999997,200.0,800.0,5.5,0.7029177718832892
2026-04-21T11:46:23,04/21/202611:46,143.25,1.1600000000000001,166.17000000000002,55.1,2.12,116.81200000000001,116.4,0.2,5.0,198.7,23796.0,45017.0,19.8,20.95,63.9,30.03,13.797,199.8,804.0,5.529999999999999,0.7029668411867365
2026-04-21T11:46:57,04/21/202611:46,143.22,1.1600000000000001,166.13520000000003,55.1,2.12,116.81200000000001,116.4,0.2,5.0,198.7,23796.0,45017.0,19.8,21.0,63.8,30.03,13.803999999999998,199.6,808.0,5.5600000000000005,0.7031140902108644
2026-04-21T11:47:00,04/21/202611:47,143.17000000000002,1.15,164.6455,55.1,2.09,115.15899999999999,114.8,0.2,5.0,198.7,23796.0,45017.0,19.8,21.05,63.7,30.03,13.810999999999998,199.4,812.0,5.59,0.6994360611131187
2026-04-21T11:47:57,04/21/202611:47,143.15,1.15,164.6225,55.1,2.1,115.71000000000001,115.4,0.2,5.0,198.7,23796.0,45017.0,19.8,21.1,63.6,30.03,13.818000000000001,199.2,816.0,5.62,0.7028808334219199
2026-04-21T11:48:01,04/21/202611:48,143.09,1.1600000000000001,165.98440000000002,55.1,2.12,116.81200000000001,116.5,0.2,5.0,198.7,23796.0,45017.0,19.8,21.15,63.5,30.03,13.825,199.0,820.0,5.65,0.7037528828010343
2026-04-21T11:48:57,04/21/202611:48,143.07,1.1700000000000002,167.39190000000002,55.1,2.12,116.81200000000001,116.5,0.2,5.0,198.7,23796.0,45017.0,19.8,21.2,63.4,30.03,13.831999999999999,198.8,824.0,5.68,0.6978354388712954
2026-04-21T11:49:00,04/21/202611:49,143.07,1.1800000000000002,168.82260000000002,55.1,2.15,118.465,118.2,0.2,5.0,198.7,23796.0,45017.0,19.8,21.25,63.3,30.03,13.838999999999999,198.6,828.0,5.71,0.7017129223220113
2026-04-21T11:49:58,04/21/202611:49,143.07,1.19,170.2533,55.1,2.15,118.465,118.2,0.2,5.0,198.7,23796.0,45017.0,19.8,21.3,63.2,30.03,13.845999999999998,198.4,832.0,5.74,0.695816175075608
2026-04-21T11:50:01,04/21/202611:50,143.15,1.1800000000000002,168.91700000000003,55.1,2.12,116.81200000000001,116.5,0.2,5.0,198.7,23796.0,45017.0,19.8,21.35,63.1,30.03,13.853,198.2,836.0,5.77,0.6915348958364167
2026-04-21T11:50:58,04/21/202611:50,143.2,1.16,166.11199999999997,55.1,2.1,115.71000000000001,115.4,0.2,5.0,198.7,23796.0,45017.0,19.8,21.4,63.0,30.03,13.86,198.0,840.0,5.8,0.696578212290503
2026-04-21T11:51:01,04/21/202611:51,143.22,1.16,166.1352,55.1,2.1,115.71000000000001,115.4,0.2,5.0,198.7,23796.0,45017.0,19.8,21.4,63.0,30.03,13.86,198.0,840.0,5.8,0.6964809384164223
2026-04-21T11:51:57,04/21/202611:51,143.23,1.16,166.14679999999998,55.1,2.1100000000000003,116.26100000000002,115.9,0.2,5.0,198.7,23796.0,45017.0,19.8,21.4,63.0,30.03,13.86,198.0,840.0,5.8,0.6997486560078198
2026-04-21T11:52:00,04/21/202611:52,143.24,1.16,166.1584,55.1,2.12,116.81200000000001,116.4,0.2,5.0,198.7,23796.0,45017.0,19.8,21.4,63.0,30.03,13.86,198.0,840.0,5.8,0.7030159173415248
2026-04-21T11:52:58,04/21/202611:52,143.13,1.15,164.59949999999998,55.1,2.09,115.15899999999999,114.7,0.2,5.0,198.7,23796.0,45017.0,19.8,21.4,63.0,30.03,13.86,198.0,840.0,5.8,0.6996315298649146
2026-04-21T11:53:01,04/21/202611:53,143.02,1.1400000000000001,163.04280000000003,55.1,2.06,113.506,113.0,0.2,5.0,198.7,23796.0,45017.0,19.8,21.4,63.0,30.03,13.86,198.0,840.0,5.8,0.6961730294131355
2026-04-21T11:53:58,04/21/202611:53,142.88,1.1300000000000001,161.45440000000002,55.1,2.05,112.955,112.4,0.2,5.0,198.7,23796.0,45017.0,19.8,21.4,63.0,30.03,13.86,198.0,840.0,5.8,0.699609301449821
2026-04-21T11:54:01,04/21/202611:54,142.74,1.12,159.86880000000002,55.1,2.04,112.40400000000001,111.8,0.2,5.0,198.7,23796.0,45017.0,19.8,21.4,63.0,30.03,13.86,198.0,840.0,5.8,0.7031015432654777
2026-04-21T11:54:58,04/21/202611:54,142.62,1.12,159.73440000000002,55.1,2.05,112.955,112.4,0.2,5.0,198.7,23796.0,45017.0,19.8,21.4,63.0,30.03,13.86,198.0,840.0,5.8,0.707142606727167
2026-04-21T11:55:00,04/21/202611:55,142.5,1.12,159.60000000000002,55.1,2.06,113.506,113.0,0.2,5.0,198.7,23796.0,45017.0,19.8,21.4,63.0,30.03,13.86,198.0,840.0,5.8,0.711190476190476
2026-04-21T11:55:58,04/21/202611:55,142.42000000000002,1.1300000000000001,160.93460000000005,55.1,2.06,113.506,113.0,0.2,5.0,198.7,23796.0,45017.0,19.8,21.4,63.0,30.03,13.86,198.0,840.0,5.8,0.7052927089637652
2026-04-21T11:56:00,04/21/202611:56,142.34,1.1400000000000001,162.26760000000002,55.1,2.06,113.506,113.0,0.2,5.0,198.7,23796.0,45017.0,19.8,21.4,63.0,30.03,13.86,198.0,840.0,5.8,0.6994988525127628
2026-04-21T11:56:01,04/21/202611:56,142.3,1.1400000000000001,162.22200000000004,55.1,2.04,112.40400000000001,111.9,0.2,5.0,198.7,23796.0,45017.0,19.8,21.4,63.0,30.03,13.86,198.0,840.0,5.8,0.6929023190442726
2026-04-21T11:57:34,04/21/202611:57,142.31,1.1400000000000001,162.23340000000002,55.1,2.0300000000000002,111.85300000000002,111.4,0.2,5.0,198.7,23796.0,45017.0,19.8,21.4,63.0,30.03,13.86,198.0,840.0,5.8,0.6894572880800132
2026-04-21T11:58:00,04/21/202611:58,142.41,1.1400000000000001,162.34740000000002,55.1,2.02,111.302,110.9,0.2,5.0,198.7,23796.0,45017.0,19.8,21.4,63.0,30.03,13.86,198.0,840.0,5.8,0.6855791962174941
2026-04-21T11:58:09,04/21/202611:58,142.56,1.1400000000000001,162.5184,55.1,2.0,110.2,109.8,0.2,5.0,198.7,23796.0,45017.0,19.8,21.4,63.0,30.03,13.86,198.0,840.0,5.8,0.6780770669659558
2026-04-21T11:59:00,04/21/202611:59,142.7,1.1400000000000001,162.678,55.1,1.98,109.098,108.7,0.2,5.0,198.7,23796.0,45017.0,19.8,21.4,63.0,30.03,13.86,198.0,840.0,5.8,0.6706377014716188
2026-04-21T11:59:08,04/21/202611:59,142.88,1.1400000000000001,162.88320000000002,55.1,1.9600000000000002,107.99600000000001,107.6,0.3,5.0,198.7,23796.0,45017.0,19.8,21.4,63.0,30.03,13.86,198.0,840.0,5.8,0.6630272489734975
2026-04-21T12:00:00,04/21/202600:00,143.04000000000002,1.1300000000000001,161.63520000000003,55.1,1.95,107.44500000000001,107.0,0.3,5.0,198.7,23796.0,45017.0,19.8,21.4,63.0,30.03,13.86,198.0,840.0,5.8,0.6647376314070202
2026-04-21T12:00:09,04/21/202600:00,143.18,1.1300000000000001,161.79340000000002,55.1,1.95,107.44500000000001,107.0,0.3,5.0,198.7,23796.0,45017.0,19.8,21.4,63.0,30.03,13.86,198.0,840.0,5.8,0.6640876574693405
2026-04-21T12:01:00,04/21/202600:01,143.31,1.1300000000000001,161.9403,55.1,1.95,107.44500000000001,107.0,0.3,5.0,198.7,23796.0,45017.0,19.8,21.4,63.0,30.03,13.86,198.0,840.0,5.8,0.6634852473411498
2026-04-21T12:01:09,04/21/202600:01,143.37,1.1300000000000001,162.0081,55.1,1.97,108.547,108.1,0.3,5.0,198.7,23796.0,45017.0,19.8,21.439999999999998,62.9,30.03,13.847,198.1,843.0,5.83,0.6700097093910736
2026-04-21T12:02:00,04/21/202600:02,143.42000000000002,1.1400000000000001,163.49880000000005,55.1,2.0,110.2,109.8,0.3,5.0,198.7,23796.0,45017.0,19.8,21.479999999999997,62.8,30.03,13.834,198.2,846.0,5.859999999999999,0.6740110630781386
2026-04-21T12:02:08,04/21/202600:02,143.41,1.1400000000000001,163.4874,55.1,1.98,109.098,108.7,0.3,5.0,198.7,23796.0,45017.0,19.8,21.52,62.7,30.03,13.821000000000002,198.3,849.0,5.89,0.6673174813471864
2026-04-21T12:03:00,04/21/202600:03,143.4,1.1400000000000001,163.47600000000003,55.1,1.9600000000000002,107.99600000000001,107.6,0.3,5.0,198.7,23796.0,45017.0,19.8,21.56,62.6,30.03,13.807999999999998,198.4,852.0,5.92,0.6606229660622965
2026-04-21T12:03:09,04/21/202600:03,143.34,1.1400000000000001,163.40760000000003,55.1,1.97,108.547,108.2,0.3,5.0,198.7,23796.0,45017.0,19.8,21.6,62.5,30.03,13.794999999999998,198.5,855.0,5.95,0.6642714292358494
2026-04-21T12:04:00,04/21/202600:04,143.28,1.1400000000000001,163.3392,55.1,1.98,109.098,108.8,0.3,5.0,198.7,23796.0,45017.0,19.8,21.64,62.4,30.03,13.782,198.6,858.0,5.9799999999999995,0.6679229480737018
2026-04-21T12:04:09,04/21/202600:04,143.24,1.1300000000000001,161.86120000000003,55.1,1.97,108.547,108.3,0.3,5.0,198.7,23796.0,45017.0,19.8,21.68,62.3,30.03,13.769,198.7,861.0,6.01,0.6706177885744081
2026-04-21T12:05:00,04/21/202600:05,143.2,1.1199999999999999,160.38399999999996,55.1,1.9600000000000002,107.99600000000001,107.8,0.3,5.0,198.7,23796.0,45017.0,19.8,21.72,62.2,30.03,13.756,198.8,864.0,6.04,0.6733589385474863
2026-04-21T12:05:09,04/21/202600:05,143.2,1.1099999999999999,158.95199999999997,55.1,1.9400000000000002,106.894,106.7,0.3,5.0,198.7,23796.0,45017.0,19.8,21.759999999999998,62.1,30.03,13.743,198.9,867.0,6.069999999999999,0.6724923247269617
2026-04-21T12:06:01,04/21/202600:06,143.2,1.1,157.52,55.1,1.92,105.792,105.6,0.3,5.0,198.7,23796.0,45017.0,19.8,21.8,62.0,30.03,13.73,199.0,870.0,6.1,0.6716099542915185
2026-04-21T12:06:09,04/21/202600:06,143.35,1.09,156.2515,55.1,1.8800000000000001,103.58800000000001,103.4,0.3,5.0,198.7,23796.0,45017.0,19.8,21.8,62.0,30.03,13.73,199.0,870.0,6.1,0.6629568356143782
2026-04-21T12:07:00,04/21/202600:07,143.5,1.08,154.98000000000002,55.1,1.8399999999999999,101.384,101.2,0.3,5.0,198.7,23796.0,45017.0,19.8,21.8,62.0,30.03,13.73,199.0,870.0,6.1,0.6541747322235126
2026-04-21T12:07:08,04/21/202600:07,143.6,1.08,155.088,55.1,1.85,101.935,101.7,0.3,5.0,198.7,23796.0,45017.0,19.8,21.8,62.0,30.03,13.73,199.0,870.0,6.1,0.657272000412669
2026-04-21T12:08:46,04/21/202600:08,143.87,1.08,155.3796,55.1,1.8699999999999999,103.03699999999999,102.8,0.3,5.0,198.7,23796.0,45017.0,19.9,21.8,62.0,30.03,13.73,199.0,870.0,6.1,0.6631308099647572
2026-04-21T12:09:01,04/21/202600:09,144.14000000000001,1.08,155.67120000000003,55.1,1.8699999999999999,103.03699999999999,102.8,0.3,5.0,198.7,23796.0,45017.0,19.9,21.8,62.0,30.03,13.73,199.0,870.0,6.1,0.6618886473541669
2026-04-21T12:09:09,04/21/202600:09,144.22,1.07,154.3154,55.1,1.86,102.486,102.2,0.3,5.0,198.7,23796.0,45017.0,19.8,21.8,62.0,30.03,13.73,199.0,870.0,6.1,0.6641333269395018
2026-04-21T12:10:01,04/21/202600:10,144.23999999999998,1.07,154.33679999999998,55.1,1.8699999999999999,103.03699999999999,102.7,0.3,5.0,198.7,23796.0,45017.0,19.8,21.8,62.0,30.03,13.73,199.0,870.0,6.1,0.6676113538702371
2026-04-21T12:10:09,04/21/202600:10,144.14,1.09,157.1126,55.1,1.8800000000000001,103.58800000000001,103.2,0.3,5.0,198.7,23796.0,45017.0,19.8,21.8,62.0,30.03,13.73,199.0,870.0,6.1,0.6593233133434239
2026-04-21T12:11:00,04/21/202600:11,144.02,1.1,158.42200000000003,55.1,1.89,104.139,103.7,0.3,5.0,198.7,23796.0,45017.0,19.8,21.8,62.0,30.03,13.73,199.0,870.0,6.1,0.6573518829455504
2026-04-21T12:11:09,04/21/202600:11,143.89000000000001,1.1,158.27900000000002,55.1,1.9,104.69,104.2,0.3,5.0,198.7,23796.0,45017.0,19.8,21.8,62.0,30.03,13.73,199.0,870.0,6.1,0.6614269738878814
2026-04-21T12:12:01,04/21/202600:12,143.68,1.1,158.04800000000003,55.1,1.9099999999999997,105.24099999999999,104.7,0.3,5.0,198.7,23796.0,45017.0,19.8,21.8,62.0,30.03,13.73,199.0,870.0,6.1,0.6658799858270903
2026-04-21T12:12:09,04/21/202600:12,143.48,1.09,156.3932,55.1,1.9,104.69,104.1,0.3,5.0,198.7,23796.0,45017.0,19.8,21.8,62.0,30.03,13.73,199.0,870.0,6.1,0.669402505991309
2026-04-21T12:13:00,04/21/202600:13,143.34,1.08,154.80720000000002,55.1,1.8800000000000001,103.58800000000001,103.0,0.3,5.0,198.7,23796.0,45017.0,19.8,21.8,62.0,30.03,13.73,199.0,870.0,6.1,0.6691420037310926
2026-04-21T12:13:10,04/21/202600:13,143.05,1.08,154.49400000000003,55.1,1.8800000000000001,103.58800000000001,103.0,0.3,5.0,198.7,23796.0,45017.0,19.8,21.8,62.0,30.03,13.73,199.0,870.0,6.1,0.6704985306872758
2026-04-21T12:14:00,04/21/202600:14,142.76,1.08,154.1808,55.1,1.8800000000000001,103.58800000000001,103.0,0.3,5.0,198.7,23796.0,45017.0,19.8,21.8,62.0,30.03,13.73,199.0,870.0,6.1,0.6718605688905493
2026-04-21T12:14:09,04/21/202600:14,142.77,1.08,154.19160000000002,55.1,1.8699999999999999,103.03699999999999,102.5,0.3,6.0,198.7,23796.0,45017.0,19.8,21.8,62.0,30.03,13.73,199.0,870.0,6.1,0.6682400338280423
2026-04-21T12:15:01,04/21/202600:15,142.78,1.08,154.2024,55.1,1.86,102.486,102.0,0.3,6.0,198.7,23796.0,45017.0,19.8,21.8,62.0,30.03,13.73,199.0,870.0,6.1,0.6646200059143048
2026-04-21T12:15:09,04/21/202600:15,142.92000000000002,1.07,152.92440000000002,55.1,1.8399999999999999,101.384,100.9,0.3,6.0,198.7,23796.0,45017.0,19.8,21.8,62.0,30.03,13.73,199.0,870.0,6.1,0.6629681071169806
2026-04-21T12:16:00,04/21/202600:16,143.06,1.06,151.64360000000002,55.1,1.8199999999999998,100.282,99.8,0.3,6.0,198.7,23796.0,45017.0,19.8,21.8,62.0,30.03,13.73,199.0,870.0,6.1,0.6613005758238395
2026-04-21T12:16:09,04/21/202600:16,143.17000000000002,1.05,150.32850000000002,55.1,1.8,99.18,98.7,0.3,6.0,198.7,23796.0,45017.0,19.8,21.830000000000002,62.0,30.03,13.736,199.1,866.0,6.1,0.659755136251609
2026-04-21T12:17:01,04/21/202600:17,143.28,1.04,149.0112,55.1,1.78,98.078,97.6,0.3,6.0,198.7,23796.0,45017.0,19.8,21.860000000000003,62.0,30.03,13.742,199.2,862.0,6.1,0.658192135893141
2026-04-21T12:17:09,04/21/202600:17,143.3,1.05,150.46500000000003,55.1,1.8,99.18,98.7,0.3,6.0,198.7,23796.0,45017.0,19.8,21.89,62.0,30.03,13.748,199.3,858.0,6.1,0.6591566144950652
2026-04-21T12:18:00,04/21/202600:18,143.32,1.06,151.9192,55.1,1.8199999999999998,100.282,99.8,0.3,6.0,198.7,23796.0,45017.0,19.8,21.92,62.0,30.03,13.754,199.4,854.0,6.1,0.6601008957393141
2026-04-21T12:18:09,04/21/202600:18,143.35,1.06,151.951,55.1,1.81,99.73100000000001,99.2,0.3,6.0,198.7,23796.0,45017.0,19.8,21.95,62.0,30.03,13.76,199.5,850.0,6.1,0.656336582187679
2026-04-21T12:18:30,04/21/202600:18,143.44,1.05,150.612,55.1,1.78,98.078,97.5,0.3,6.0,198.7,23796.0,45017.0,19.8,21.98,62.0,30.03,13.766,199.6,846.0,6.1,0.6511964518099488
2026-04-21T12:19:58,04/21/202600:19,143.47,1.07,153.5129,55.1,1.7899999999999998,98.62899999999999,98.0,0.3,6.0,198.7,23796.0,45017.0,19.8,22.01,62.0,30.03,13.772,199.7,842.0,6.1,0.6424802085036501
2026-04-21T12:20:01,04/21/202600:20,143.5,1.09,156.41500000000002,55.1,1.8,99.18,98.5,0.3,6.0,198.7,23796.0,45017.0,19.8,22.04,62.0,30.03,13.778,199.8,838.0,6.1,0.6340824089761212
2026-04-21T12:20:29,04/21/202600:20,143.53,1.08,155.0124,55.11,1.78,98.0958,97.4,0.3,6.0,198.7,23796.0,45017.0,19.8,22.07,62.0,30.03,13.784,199.9,834.0,6.1,0.6328255029920187
2026-04-21T12:20:43,04/21/202600:20,143.52,1.0699999999999998,153.5664,55.11,1.78,98.0958,97.4,0.3,6.0,198.7,23796.0,45017.0,19.8,22.1,62.0,30.03,13.789999999999997,200.0,830.0,6.1,0.6387842653080361
2026-04-21T12:21:00,04/21/202600:21,143.55,1.0699999999999998,153.5985,55.11,1.78,98.0958,97.4,0.3,6.0,198.7,23796.0,45017.0,19.8,22.1,62.0,30.03,13.789999999999997,200.0,830.0,6.1,0.638650768073907
2026-04-21T12:21:40,04/21/202600:21,143.57,1.0699999999999998,153.61989999999997,55.11,1.7899999999999998,98.64689999999999,98.0,0.3,6.0,198.7,23796.0,45017.0,19.8,22.1,62.0,30.03,13.789999999999997,200.0,830.0,6.1,0.6421492267603351
2026-04-21T12:22:01,04/21/202600:22,143.67000000000002,1.06,152.29020000000003,55.11,1.78,98.0958,97.5,0.3,6.0,198.7,23796.0,45017.0,19.8,22.1,62.0,30.03,13.789999999999997,200.0,830.0,6.1,0.6441373115275966
2026-04-21T12:22:40,04/21/202600:22,143.8,1.05,150.99,55.11,1.7600000000000002,96.99360000000001,96.4,0.3,6.0,198.7,23796.0,45017.0,19.8,22.1,62.0,30.03,13.789999999999997,200.0,830.0,6.1,0.6423842638585338
2026-04-21T12:23:01,04/21/202600:23,143.9,1.04,149.656,55.11,1.7399999999999998,95.89139999999999,95.3,0.3,6.0,198.7,23796.0,45017.0,19.8,22.1,62.0,30.03,13.789999999999997,200.0,830.0,6.1,0.6407454428823434
2026-04-21T12:23:40,04/21/202600:23,143.93,1.04,149.68720000000002,55.1,1.7399999999999998,95.874,95.3,0.3,6.0,198.7,23796.0,45017.0,19.8,22.1,62.0,30.03,13.789999999999997,200.0,830.0,6.1,0.640495646922382
2026-04-21T12:24:00,04/21/202600:24,143.91,1.02,146.7882,55.089999999999996,1.72,94.75479999999999,94.2,0.3,6.0,198.7,23796.0,45017.0,19.8,22.1,62.0,30.03,13.789999999999997,200.0,830.0,6.1,0.6455205527419778
2026-04-21T12:24:41,04/21/202600:24,143.9,1.01,145.339,55.089999999999996,1.7,93.65299999999999,93.1,0.3,6.0,198.7,23796.0,45017.0,19.8,22.1,62.0,30.03,13.789999999999997,200.0,830.0,6.1,0.6443762513846937
2026-04-21T12:25:01,04/21/202600:25,143.88,1.02,146.7576,55.08,1.72,94.7376,94.2,0.3,6.0,198.7,23796.0,45017.0,19.8,22.1,62.0,30.03,13.789999999999997,200.0,830.0,6.1,0.6455379482902419
2026-04-21T12:25:40,04/21/202600:25,143.93,1.02,146.8086,55.08,1.72,94.7376,94.2,0.3,6.0,198.7,23796.0,45017.0,19.8,22.1,62.0,30.03,13.789999999999997,200.0,830.0,6.1,0.6453136941568818
2026-04-21T12:26:00,04/21/202600:26,143.98,1.02,146.8596,55.08,1.72,94.7376,94.2,0.3,6.0,198.7,23796.0,45017.0,19.8,22.1,62.0,30.03,13.789999999999997,200.0,830.0,6.1,0.6450895957771913
2026-04-21T12:26:40,04/21/202600:26,144.06,1.02,146.9412,55.08,1.7100000000000002,94.1868,93.6,0.3,6.0,198.7,23796.0,45017.0,19.8,22.1,62.0,30.03,13.789999999999997,200.0,830.0,6.1,0.6409829237817576
2026-04-21T12:27:01,04/21/202600:27,144.14000000000001,1.02,147.02280000000002,55.08,1.7,93.636,93.0,0.3,6.0,198.7,23796.0,45017.0,19.8,22.1,62.0,30.03,13.789999999999997,200.0,830.0,6.1,0.6368808103232967
2026-04-21T12:27:40,04/21/202600:27,144.17000000000002,1.02,147.0534,55.08,1.72,94.7376,94.1,0.3,6.0,198.7,23796.0,45017.0,19.8,22.1,62.0,30.03,13.789999999999997,200.0,830.0,6.1,0.6442394395505305
2026-04-21T12:28:01,04/21/202600:28,144.2,1.02,147.084,55.08,1.7399999999999998,95.83919999999999,95.2,0.3,6.0,198.7,23796.0,45017.0,19.8,22.1,62.0,30.03,13.789999999999997,200.0,830.0,6.1,0.6515950069348126
2026-04-21T12:28:41,04/21/202600:28,144.2,1.02,147.084,55.089999999999996,1.7399999999999998,95.85659999999999,95.2,0.3,6.0,198.7,23796.0,45017.0,19.8,22.07,62.0,30.03,13.864999999999998,199.4,833.0,6.1,0.651713306681896
2026-04-21T12:29:00,04/21/202600:29,144.2,1.02,147.084,55.1,1.7399999999999998,95.874,95.2,0.3,6.0,198.7,23796.0,45017.0,19.8,22.04,62.0,30.03,13.939999999999998,198.8,836.0,6.1,0.6518316064289793
2026-04-21T12:29:40,04/21/202600:29,144.14000000000001,1.01,145.5814,55.1,1.73,95.32300000000001,94.7,0.3,6.0,198.7,23796.0,45017.0,19.8,22.01,62.0,30.03,14.014999999999997,198.2,839.0,5.9799999999999995,0.654774579719662
2026-04-21T12:31:09,04/21/202600:31,144.11,1.0,144.11,55.1,1.73,95.32300000000001,94.7,0.3,6.0,198.7,23796.0,45017.0,19.8,22.0,62.1,30.03,14.134,197.6,843.0,5.819999999999999,0.6614599958365137
2026-04-21T12:31:40,04/21/202600:31,144.09,1.0,144.09,55.1,1.72,94.772,94.2,0.3,6.0,198.7,23796.0,45017.0,19.8,21.990000000000002,62.2,30.03,14.253,197.0,847.0,5.659999999999999,0.6577278090082588
2026-04-21T12:32:01,04/21/202600:32,144.07,1.0,144.07,55.1,1.7100000000000002,94.22100000000002,93.7,0.3,6.0,198.7,23796.0,45017.0,19.8,21.98,62.3,30.03,14.372,196.4,851.0,5.5,0.653994585965156
2026-04-21T12:32:41,04/21/202600:32,144.05,0.99,142.6095,55.1,1.69,93.119,92.6,0.3,6.0,198.7,23796.0,45017.0,19.8,21.970000000000002,62.2,30.026999999999997,14.491,195.8,855.0,5.34,0.652964914679597
2026-04-21T12:33:00,04/21/202600:33,144.03,0.9800000000000001,141.1494,55.1,1.67,92.017,91.5,0.3,6.0,198.7,23796.0,45017.0,19.8,21.96,62.1,30.024,14.61,195.2,859.0,5.18,0.6519120874761067
2026-04-21T12:33:41,04/21/202600:33,144.01,0.99,142.5699,55.1,1.6600000000000001,91.46600000000001,91.0,0.3,6.0,198.7,23796.0,45017.0,19.8,21.95,62.0,30.021000000000004,14.729,194.6,863.0,5.0200000000000005,0.6415519685431498
2026-04-21T12:34:01,04/21/202600:34,143.99,1.0,143.99,55.1,1.65,90.91499999999999,90.5,0.3,6.0,198.7,23796.0,45017.0,19.8,21.94,61.9,30.018,14.847999999999999,194.0,867.0,4.86,0.6313980137509548
2026-04-21T12:34:40,04/21/202600:34,144.09,1.01,145.5309,55.1,1.64,90.36399999999999,90.0,0.3,6.0,198.7,23796.0,45017.0,19.8,21.96,61.8,30.014999999999997,14.892000000000001,194.0,868.0,4.7,0.6209265523679163
2026-04-21T12:35:00,04/21/202600:35,144.19,1.02,147.0738,55.1,1.6300000000000001,89.813,89.5,0.3,6.0,198.7,23796.0,45017.0,19.8,21.98,61.7,30.012,14.936000000000002,194.0,869.0,4.54,0.6106662097531987
2026-04-21T12:36:08,04/21/202600:36,144.47,1.02,147.3594,55.1,1.6300000000000001,89.813,89.5,0.3,6.0,198.7,23796.0,45017.0,19.8,22.0,61.6,30.009000000000004,14.98,194.0,870.0,4.5,0.6094826661889232
2026-04-21T12:37:01,04/21/202600:37,144.72,1.02,147.6144,55.1,1.6199999999999999,89.262,89.0,0.3,6.0,198.7,23796.0,45017.0,19.8,22.0,61.4,30.006,14.98,194.0,870.0,4.5,0.6046971027216858
2026-04-21T12:37:09,04/21/202600:37,144.88,1.03,149.2264,55.1,1.6600000000000001,91.46600000000001,91.2,0.3,6.0,198.7,23796.0,45017.0,19.9,22.0,61.2,30.002999999999997,14.98,194.0,870.0,4.5,0.6129344405547544
2026-04-21T12:38:01,04/21/202600:38,145.04000000000002,1.04,150.84160000000003,55.1,1.7,93.67,93.4,0.3,6.0,198.7,23796.0,45017.0,19.9,22.0,61.0,30.0,14.98,194.0,870.0,4.5,0.6209825406253977
2026-04-21T12:38:09,04/21/202600:38,145.15,1.03,149.5045,55.1,1.69,93.119,92.9,0.3,6.0,198.7,23796.0,45017.0,19.8,22.0,61.0,30.0,14.98,194.0,870.0,4.5,0.6228508171994822
2026-04-21T12:38:35,04/21/202600:38,145.23,1.03,149.58689999999999,55.1,1.6800000000000002,92.56800000000001,92.4,0.3,6.0,198.7,23796.0,45017.0,19.9,22.0,61.0,30.0,14.98,194.0,870.0,4.5,0.6188242419623645
2026-04-21T12:39:01,04/21/202600:39,145.32999999999998,1.0100000000000002,146.78330000000003,55.1,1.64,90.36399999999999,90.2,0.3,6.0,198.7,23796.0,45017.0,19.9,22.0,61.0,30.0,14.98,194.0,870.0,4.5,0.615628617151951
2026-04-21T12:39:36,04/21/202600:39,145.35,1.0,145.35,55.1,1.6199999999999999,89.262,89.1,0.3,6.0,198.7,23796.0,45017.0,19.9,22.0,61.0,30.0,14.98,194.0,870.0,4.5,0.6141176470588235
2026-04-21T12:40:01,04/21/202600:40,145.29000000000002,0.99,143.83710000000002,55.1,1.6199999999999999,89.262,89.1,0.3,6.0,198.7,23796.0,45017.0,19.9,22.0,61.0,30.0,14.98,194.0,870.0,4.5,0.6205770277626564
2026-04-21T12:40:35,04/21/202600:40,145.19,0.9800000000000001,142.2862,55.1,1.6300000000000001,89.813,89.6,0.3,6.0,198.7,23796.0,45017.0,19.8,22.0,61.0,30.0,14.98,194.0,870.0,4.5,0.6312137087082232
2026-04-21T12:41:00,04/21/202600:41,144.95999999999998,0.9800000000000001,142.0608,55.1,1.64,90.36399999999999,90.1,0.3,6.0,198.7,23796.0,45017.0,19.8,22.0,61.0,30.0,14.98,194.0,870.0,4.5,0.6360938415101139
2026-04-21T12:42:21,04/21/202600:42,144.75,0.9800000000000001,141.85500000000002,55.1,1.64,90.36399999999999,90.1,0.3,6.0,198.7,23796.0,45017.0,19.8,22.0,61.0,30.0,14.98,194.0,870.0,4.5,0.6370166719537554
2026-04-21T12:42:35,04/21/202600:42,144.59,0.97,140.2523,55.1,1.6300000000000001,89.813,89.5,0.3,6.0,198.7,23796.0,45017.0,19.8,22.0,61.0,30.0,14.98,194.0,870.0,4.5,0.640367395044502
2026-04-21T12:43:01,04/21/202600:43,144.43,0.96,138.6528,55.1,1.6199999999999999,89.262,88.9,0.3,6.0,198.7,23796.0,45017.0,19.8,22.0,61.0,30.0,14.98,194.0,870.0,4.5,0.6437807242262688
2026-04-21T12:43:35,04/21/202600:43,144.32999999999998,0.9800000000000001,141.4434,55.1,1.64,90.36399999999999,90.0,0.3,6.0,198.7,23796.0,45017.0,19.8,22.0,61.0,30.0,14.98,194.0,870.0,4.5,0.6388703891450572
2026-04-21T12:44:00,04/21/202600:44,144.26,0.99,142.8174,55.1,1.6600000000000001,91.46600000000001,91.1,0.3,6.0,198.7,23796.0,45017.0,19.8,22.0,61.0,30.0,14.98,194.0,870.0,4.5,0.6404401704554208
2026-04-21T12:44:08,04/21/202600:44,144.18,1.0,144.18,55.1,1.67,92.017,91.6,0.3,6.0,198.7,23796.0,45017.0,19.9,22.0,61.0,30.0,14.98,194.0,870.0,4.5,0.6382091829657373
2026-04-21T12:45:01,04/21/202600:45,144.18,1.0,144.18,55.1,1.6600000000000001,91.46600000000001,91.0,0.3,6.0,198.7,23796.0,45017.0,19.9,22.0,61.0,30.0,14.98,194.0,870.0,4.5,0.634387571091691
2026-04-21T12:45:08,04/21/202600:45,144.17000000000002,1.0,144.17000000000002,55.089999999999996,1.67,92.0003,91.5,0.3,6.0,198.7,23796.0,45017.0,19.8,22.0,61.0,30.0,14.98,194.0,870.0,4.5,0.6381376153152527
2026-04-21T12:46:01,04/21/202600:46,144.2,1.0,144.2,55.08,1.67,91.9836,91.5,0.3,6.0,198.7,23796.0,45017.0,19.8,22.0,61.0,30.0,14.98,194.0,870.0,4.5,0.6378890429958392
2026-04-21T12:46:09,04/21/202600:46,144.26,1.0,144.26,55.08,1.6800000000000002,92.5344,92.1,0.3,6.0,198.7,23796.0,45017.0,19.9,21.990000000000002,61.0,30.0,14.930000000000001,193.9,853.0,4.45,0.6414418411201998
2026-04-21T12:47:01,04/21/202600:47,144.3,1.0,144.3,55.08,1.7,93.636,93.2,0.3,6.0,198.7,23796.0,45017.0,19.9,21.98,61.0,30.0,14.88,193.8,836.0,4.4,0.6488981288981288
2026-04-21T12:47:08,04/21/202600:47,144.42000000000002,1.0,144.42000000000002,55.089999999999996,1.6800000000000002,92.55120000000001,92.1,0.3,6.0,198.7,23796.0,45017.0,19.8,21.97,61.0,30.0,14.830000000000002,193.7,819.0,4.35,0.6408475280432073
2026-04-21T12:48:01,04/21/202600:48,144.54000000000002,1.0,144.54000000000002,55.1,1.6600000000000001,91.46600000000001,91.0,0.3,6.0,198.7,23796.0,45017.0,19.8,21.96,61.0,30.0,14.780000000000001,193.6,802.0,4.3,0.6328075273280752
2026-04-21T12:48:09,04/21/202600:48,144.64000000000001,0.99,143.1936,55.1,1.64,90.36399999999999,89.9,0.3,6.0,198.7,23796.0,45017.0,19.9,21.95,61.0,30.0,14.73,193.5,785.0,4.25,0.6310617234289799
2026-04-21T12:49:01,04/21/202600:49,144.74,0.9800000000000001,141.84520000000003,55.1,1.6199999999999999,89.262,88.8,0.3,6.0,198.7,23796.0,45017.0,19.9,21.939999999999998,61.0,30.0,14.680000000000001,193.4,768.0,4.2,0.629291650334308
2026-04-21T12:49:08,04/21/202600:49,144.77,0.9800000000000001,141.87460000000002,55.1,1.6199999999999999,89.262,88.8,0.3,6.0,198.7,23796.0,45017.0,19.9,21.93,61.0,30.0,14.63,193.3,751.0,4.15,0.6291612452123212
2026-04-21T12:50:01,04/21/202600:50,144.8,0.9800000000000001,141.90400000000002,55.1,1.6199999999999999,89.262,88.8,0.3,6.0,198.7,23796.0,45017.0,19.9,21.919999999999998,61.0,30.0,14.580000000000002,193.2,734.0,4.1,0.629030894125606
2026-04-21T12:50:09,04/21/202600:50,144.77,0.97,140.42690000000002,55.11,1.59,87.6249,87.2,0.3,6.0,198.7,23796.0,45017.0,19.8,21.91,61.0,30.0,14.530000000000001,193.1,717.0,4.05,0.6239894208303394
2026-04-21T12:51:00,04/21/202600:51,144.74,0.96,138.9504,55.120000000000005,1.56,85.98720000000002,85.6,0.3,6.0,198.7,23796.0,45017.0,19.8,21.9,61.0,30.0,14.48,193.0,700.0,4.0,0.6188337708995442
2026-04-21T12:51:08,04/21/202600:51,144.72,0.9400000000000001,136.0368,55.120000000000005,1.51,83.2312,82.8,0.3,7.0,198.7,23796.0,45017.0,19.9,21.9,61.0,30.0,14.48,193.0,700.0,4.0,0.6118285640356139
2026-04-21T12:52:01,04/21/202600:52,144.7,0.9199999999999999,133.12399999999997,55.120000000000005,1.46,80.4752,80.0,0.3,7.0,198.7,23796.0,45017.0,19.9,21.9,61.0,30.0,14.48,193.0,700.0,4.0,0.6045130855443047
2026-04-21T12:52:09,04/21/202600:52,144.57999999999998,0.9199999999999999,133.01359999999997,55.11,1.45,79.9095,79.5,0.3,7.0,198.7,23796.0,45017.0,19.9,21.9,61.0,30.0,14.48,193.0,700.0,4.0,0.6007618769810006
2026-04-21T12:53:33,04/21/202600:53,144.41,0.9,129.969,55.06,1.4,77.084,76.7,0.3,7.0,198.7,23796.0,45017.0,19.9,21.9,61.0,30.0,14.48,193.0,700.0,4.0,0.5930952765659504
2026-04-21T12:54:00,04/21/202600:54,144.23,0.89,128.3647,55.02,1.3800000000000001,75.92760000000001,75.5,0.3,7.0,198.7,23796.0,45017.0,19.9,21.9,61.0,30.0,14.48,193.0,700.0,4.0,0.5914990647740385
2026-04-21T12:54:08,04/21/202600:54,143.97,0.9,129.573,54.980000000000004,1.3800000000000001,75.87240000000001,75.4,0.3,7.0,198.7,23796.0,45017.0,19.9,21.9,61.0,30.0,14.48,193.0,700.0,4.0,0.5855571762635735
2026-04-21T12:55:01,04/21/202600:55,143.79000000000002,0.9,129.41100000000003,54.94,1.3699999999999999,75.2678,74.8,0.3,7.0,198.7,23796.0,45017.0,19.9,21.9,61.0,30.0,14.48,193.0,700.0,4.0,0.5816182550169613
2026-04-21T12:55:09,04/21/202600:55,143.56,0.89,127.7684,54.9,1.35,74.11500000000001,73.7,0.3,7.0,198.7,23796.0,45017.0,19.9,21.9,61.0,30.0,14.48,193.0,700.0,4.0,0.5800730070972167
2026-04-21T12:56:00,04/21/202600:56,143.4,0.89,127.626,54.86,1.34,73.5124,73.1,0.3,7.0,198.7,23796.0,45017.0,19.9,21.9,61.0,30.0,14.48,193.0,700.0,4.0,0.5759986209706486
2026-04-21T12:56:08,04/21/202600:56,143.27,0.8800000000000001,126.07760000000003,54.82000000000001,1.3199999999999998,72.36240000000001,71.9,0.3,7.0,198.7,23796.0,45017.0,19.9,21.9,61.0,30.0,14.48,193.0,700.0,4.0,0.5739512807984922
2026-04-21T12:57:00,04/21/202600:57,143.1,0.8800000000000001,125.92800000000001,54.78000000000001,1.31,71.76180000000001,71.3,0.3,7.0,198.7,23796.0,45017.0,19.9,21.9,61.0,30.0,14.48,193.0,700.0,4.0,0.5698637316561845
2026-04-21T12:57:09,04/21/202600:57,142.94,0.89,127.2166,54.75,1.3199999999999998,72.27,71.8,0.3,7.0,198.7,23796.0,45017.0,19.9,21.9,61.0,30.0,14.48,193.0,700.0,4.0,0.5680862403176944
2026-04-21T12:58:01,04/21/202600:58,142.8,0.8800000000000001,125.66400000000003,54.720000000000006,1.3,71.13600000000001,70.6,0.3,7.0,198.7,23796.0,45017.0,19.9,21.9,61.0,30.0,14.48,193.0,700.0,4.0,0.5660809778456837
2026-04-21T12:58:09,04/21/202600:58,142.66,0.89,126.9674,54.720000000000006,1.3199999999999998,72.2304,71.7,0.3,7.0,198.7,23796.0,45017.0,19.9,21.9,61.0,30.0,14.48,193.0,700.0,4.0,0.5688893369479096
2026-04-21T12:59:00,04/21/202600:59,142.52,0.9,128.268,54.720000000000006,1.3399999999999999,73.3248,72.8,0.3,7.0,198.7,23796.0,45017.0,19.9,21.9,61.0,30.0,14.48,193.0,700.0,4.0,0.5716531013191131
2026-04-21T12:59:08,04/21/202600:59,142.41,0.9,128.169,54.720000000000006,1.35,73.87200000000001,73.4,0.3,7.0,198.7,23796.0,45017.0,19.9,21.9,61.0,30.0,14.48,193.0,700.0,4.0,0.5763640193806615
2026-04-21T13:00:01,04/21/202601:00,142.3,0.9,128.07000000000002,54.720000000000006,1.3599999999999999,74.4192,74.0,0.3,7.0,198.7,23796.0,45017.0,19.9,21.9,61.0,30.0,14.48,193.0,700.0,4.0,0.5810822206605761
2026-04-21T13:00:09,04/21/202601:00,142.28,0.9,128.052,54.720000000000006,1.3699999999999999,74.96640000000001,74.5,0.3,7.0,198.7,23796.0,45017.0,19.9,21.9,61.0,30.0,14.48,193.0,700.0,4.0,0.5854371661512512
2026-04-21T13:01:01,04/21/202601:01,142.26,0.9,128.034,54.720000000000006,1.38,75.5136,75.0,0.3,7.0,198.7,23796.0,45017.0,19.9,21.9,61.0,30.0,14.48,193.0,700.0,4.0,0.5897933361450864
2026-04-21T13:01:09,04/21/202601:01,142.28,0.9,128.052,54.720000000000006,1.39,76.0608,75.6,0.3,7.0,198.7,23796.0,45017.0,19.9,21.939999999999998,61.0,30.0,14.573000000000002,193.0,718.0,3.97,0.5939836941242621
2026-04-21T13:02:00,04/21/202601:02,142.3,0.9,128.07000000000002,54.720000000000006,1.4,76.608,76.2,0.3,7.0,198.7,23796.0,45017.0,19.9,21.979999999999997,61.0,30.0,14.666,193.0,736.0,3.94,0.5981728742094167
2026-04-21T13:02:09,04/21/202601:02,142.31,0.9,128.079,54.71,1.41,77.1411,76.8,0.3,7.0,198.7,23796.0,45017.0,19.9,22.02,61.0,30.0,14.759,193.0,754.0,3.91,0.6022931159674887
2026-04-21T13:03:01,04/21/202601:03,142.32,0.9,128.088,54.7,1.42,77.674,77.4,0.3,7.0,198.7,23796.0,45017.0,19.9,22.06,61.0,30.0,14.852,193.0,772.0,3.88,0.6064112172881145
2026-04-21T13:03:09,04/21/202601:03,142.42000000000002,0.89,126.75380000000001,54.7,1.41,77.127,76.9,0.3,7.0,198.7,23796.0,45017.0,19.9,22.1,61.0,30.0,14.944999999999999,193.0,790.0,3.85,0.6084787990577007
2026-04-21T13:04:45,04/21/202601:04,142.55,0.89,126.86950000000002,54.7,1.3900000000000001,76.03300000000002,75.8,0.3,7.0,198.7,23796.0,45017.0,19.9,22.14,61.0,30.0,15.038,193.0,808.0,3.8200000000000003,0.5993008563918042
2026-04-21T13:05:00,04/21/202601:05,142.73,0.8800000000000001,125.6024,54.7,1.3599999999999999,74.392,74.1,0.3,7.0,198.7,23796.0,45017.0,19.9,22.18,61.0,30.0,15.131,193.0,826.0,3.79,0.5922816761463157
2026-04-21T13:05:13,04/21/202601:05,142.94,0.8700000000000001,124.35780000000001,54.7,1.34,73.298,73.0,0.3,7.0,198.7,23796.0,45017.0,19.9,22.22,61.0,30.0,15.224,193.0,844.0,3.7600000000000002,0.5894121639334243
2026-04-21T13:06:01,04/21/202601:06,143.11,0.8700000000000001,124.50570000000003,54.7,1.33,72.751,72.5,0.3,7.0,198.7,23796.0,45017.0,19.9,22.259999999999998,61.0,30.0,15.317000000000002,193.0,862.0,3.7300000000000004,0.5843186295888461
2026-04-21T13:06:14,04/21/202601:06,143.29000000000002,0.86,123.22940000000001,54.7,1.31,71.65700000000001,71.4,0.3,7.0,198.7,23796.0,45017.0,19.9,22.3,61.0,30.0,15.41,193.0,880.0,3.7,0.5814927281963558
2026-04-21T13:06:26,04/21/202601:06,143.37,0.8700000000000001,124.73190000000002,54.7,1.33,72.751,72.5,0.3,7.0,198.7,23796.0,45017.0,19.9,22.3,61.0,30.0,15.41,193.0,880.0,3.7,0.5832589738471072
2026-04-21T13:07:00,04/21/202601:07,143.45,0.8800000000000001,126.236,54.7,1.35,73.84500000000001,73.6,0.3,7.0,198.7,23796.0,45017.0,19.9,22.3,61.0,30.0,15.41,193.0,880.0,3.7,0.5849757596882031
2026-04-21T13:07:27,04/21/202601:07,143.51,0.8700000000000001,124.8537,54.7,1.33,72.751,72.5,0.4,7.0,198.7,23796.0,45017.0,19.9,22.3,61.0,30.0,15.41,193.0,880.0,3.7,0.5826899803530052
2026-04-21T13:08:30,04/21/202601:08,143.5,0.86,123.41,54.7,1.3,71.11,70.8,0.4,7.0,198.7,23796.0,45017.0,19.9,22.3,61.0,30.0,15.41,193.0,880.0,3.7,0.576209383356292
2026-04-21T13:09:01,04/21/202601:09,143.45,0.86,123.36699999999999,54.7,1.29,70.563,70.2,0.4,7.0,198.7,23796.0,45017.0,19.9,22.3,61.0,30.0,15.41,193.0,880.0,3.7,0.5719762983617986
2026-04-21T13:09:29,04/21/202601:09,143.37,0.86,123.29820000000001,54.7,1.29,70.563,70.2,0.4,7.0,198.7,23796.0,45017.0,19.9,22.3,61.0,30.0,15.41,193.0,880.0,3.7,0.572295459301109
2026-04-21T13:10:01,04/21/202601:10,143.29000000000002,0.86,123.22940000000001,54.7,1.29,70.563,70.2,0.4,7.0,198.7,23796.0,45017.0,19.9,22.3,61.0,30.0,15.41,193.0,880.0,3.7,0.5726149766208388
2026-04-21T13:10:30,04/21/202601:10,143.24,0.85,121.754,54.7,1.27,69.46900000000001,69.1,0.4,7.0,198.7,23796.0,45017.0,19.9,22.3,61.0,30.0,15.41,193.0,880.0,3.7,0.5705685234160686
2026-04-21T13:11:01,04/21/202601:11,143.19,0.8400000000000001,120.27960000000002,54.7,1.25,68.375,68.0,0.4,7.0,198.7,23796.0,45017.0,19.9,22.3,61.0,30.0,15.41,193.0,880.0,3.7,0.5684671382345801
2026-04-21T13:11:29,04/21/202601:11,143.09,0.8400000000000001,120.19560000000001,54.7,1.27,69.46900000000001,69.1,0.4,7.0,198.7,23796.0,45017.0,19.9,22.3,61.0,30.0,15.41,193.0,880.0,3.7,0.5779662483485253
2026-04-21T13:12:01,04/21/202601:12,143.02,0.8300000000000001,118.70660000000002,54.7,1.26,68.922,68.5,0.4,7.0,198.7,23796.0,45017.0,19.9,22.3,61.0,30.0,15.41,193.0,880.0,3.7,0.5806079864135607
2026-04-21T13:12:30,04/21/202601:12,142.9,0.8300000000000001,118.60700000000001,54.7,1.26,68.922,68.5,0.4,7.0,198.7,23796.0,45017.0,19.9,22.3,61.0,30.0,15.41,193.0,880.0,3.7,0.5810955508528164
2026-04-21T13:13:01,04/21/202601:13,142.8,0.8400000000000001,119.95200000000003,54.7,1.28,70.016,69.6,0.4,7.0,198.7,23796.0,45017.0,19.9,22.3,61.0,30.0,15.41,193.0,880.0,3.7,0.5837001467253567
2026-04-21T13:13:29,04/21/202601:13,142.74,0.8400000000000001,119.90160000000002,54.7,1.29,70.563,70.2,0.4,7.0,198.7,23796.0,45017.0,19.9,22.3,61.0,30.0,15.41,193.0,880.0,3.7,0.5885075762124942
2026-04-21T13:14:01,04/21/202601:14,142.68,0.8400000000000001,119.85120000000002,54.7,1.3,71.11,70.8,0.4,7.0,198.7,23796.0,45017.0,19.9,22.3,61.0,30.0,15.41,193.0,880.0,3.7,0.5933190489540362
2026-04-21T13:15:57,04/21/202601:15,142.53,0.8400000000000001,119.72520000000002,54.7,1.3199999999999998,72.204,71.9,0.4,7.0,198.7,23796.0,45017.0,19.9,22.3,61.0,30.0,15.41,193.0,880.0,3.7,0.6030810556173636
2026-04-21T13:16:01,04/21/202601:16,142.38,0.8400000000000001,119.59920000000001,54.7,1.34,73.298,73.0,0.4,7.0,198.7,23796.0,45017.0,19.9,22.3,61.0,30.0,15.41,193.0,880.0,3.7,0.6128636311948574
2026-04-21T13:16:06,04/21/202601:16,142.27,0.8400000000000001,119.50680000000003,54.7,1.35,73.84500000000001,73.5,0.4,7.0,198.7,23796.0,45017.0,19.9,22.28,61.0,30.0,15.434999999999999,193.1,864.0,3.66,0.6179146291257066
2026-04-21T13:17:00,04/21/202601:17,142.16,0.8400000000000001,119.41440000000001,54.7,1.3599999999999999,74.392,74.0,0.4,7.0,198.7,23796.0,45017.0,19.9,22.26,61.0,30.0,15.459999999999999,193.2,848.0,3.62,0.6229734437387785
2026-04-21T13:17:06,04/21/202601:17,142.05,0.85,120.7425,54.7,1.3699999999999999,74.939,74.6,0.4,7.0,198.7,23796.0,45017.0,19.9,22.240000000000002,61.0,30.0,15.485,193.3,832.0,3.5799999999999996,0.6206513862144646
2026-04-21T13:18:00,04/21/202601:18,141.94,0.86,122.0684,54.7,1.3800000000000001,75.486,75.2,0.4,7.0,198.7,23796.0,45017.0,19.9,22.220000000000002,61.0,30.0,15.51,193.4,816.0,3.54,0.6183910004554823
2026-04-21T13:18:05,04/21/202601:18,141.77,0.86,121.9222,54.7,1.3900000000000001,76.03300000000002,75.7,0.4,7.0,198.7,23796.0,45017.0,19.9,22.2,61.0,30.0,15.535,193.5,800.0,3.5,0.6236189963763779
2026-04-21T13:19:01,04/21/202601:19,141.6,0.86,121.776,54.7,1.4,76.58,76.2,0.4,7.0,198.7,23796.0,45017.0,19.9,22.18,61.0,30.0,15.559999999999999,193.6,784.0,3.46,0.6288595453948232
2026-04-21T13:19:06,04/21/202601:19,141.38,0.8800000000000001,124.41440000000001,54.7,1.4300000000000002,78.22100000000002,77.8,0.4,7.0,198.7,23796.0,45017.0,19.9,22.160000000000004,61.0,30.0,15.584999999999999,193.7,768.0,3.4200000000000004,0.628713396520017
2026-04-21T13:20:00,04/21/202601:20,141.16,0.9,127.044,54.7,1.46,79.86200000000001,79.4,0.4,7.0,198.7,23796.0,45017.0,19.9,22.14,61.0,30.0,15.61,193.8,752.0,3.38,0.628616857151853
2026-04-21T13:20:05,04/21/202601:20,141.10999999999999,0.9,126.999,54.7,1.45,79.315,78.9,0.4,7.0,198.7,23796.0,45017.0,19.9,22.12,61.0,30.0,15.635,193.9,736.0,3.34,0.6245324766336743
2026-04-21T13:21:01,04/21/202601:21,141.06,0.9,126.95400000000001,54.7,1.44,78.768,78.4,0.4,7.0,198.7,23796.0,45017.0,19.9,22.1,61.0,30.0,15.66,194.0,720.0,3.3,0.620445200623848
2026-04-21T13:21:06,04/21/202601:21,141.02,0.9099999999999999,128.3282,54.69,1.45,79.3005,79.0,0.4,7.0,198.7,23796.0,45017.0,19.9,22.1,61.0,30.0,15.66,194.0,720.0,3.3,0.6179506920536562
2026-04-21T13:22:00,04/21/202601:22,140.98,0.9199999999999999,129.70159999999998,54.68000000000001,1.4600000000000002,79.83280000000002,79.6,0.4,7.0,198.7,23796.0,45017.0,19.9,22.1,61.0,30.0,15.66,194.0,720.0,3.3,0.6155112966995012
2026-04-21T13:22:05,04/21/202601:22,141.02,0.9199999999999999,129.7384,54.68000000000001,1.4600000000000002,79.83280000000002,79.6,0.4,7.0,198.7,23796.0,45017.0,19.9,22.1,61.0,30.0,15.66,194.0,720.0,3.3,0.6153367083299933
2026-04-21T13:23:01,04/21/202601:23,141.06,0.9199999999999999,129.77519999999998,54.68000000000001,1.4600000000000002,79.83280000000002,79.6,0.4,7.0,198.7,23796.0,45017.0,19.9,22.1,61.0,30.0,15.66,194.0,720.0,3.3,0.6151622189755827
2026-04-21T13:23:06,04/21/202601:23,141.13,0.9099999999999999,128.42829999999998,54.68000000000001,1.4300000000000002,78.19240000000002,78.0,0.4,7.0,198.7,23796.0,45017.0,19.9,22.1,61.0,30.0,15.66,194.0,720.0,3.3,0.6088408863155553
2026-04-21T13:24:01,04/21/202601:24,141.2,0.9,127.08,54.68000000000001,1.4,76.552,76.4,0.4,7.0,198.7,23796.0,45017.0,19.9,22.1,61.0,30.0,15.66,194.0,720.0,3.3,0.6023921938936104
2026-04-21T13:24:02,04/21/202601:24,141.24,0.8800000000000001,124.29120000000002,54.68000000000001,1.37,74.91160000000002,74.8,0.4,7.0,198.7,23796.0,45017.0,19.9,22.1,61.0,30.0,15.66,194.0,720.0,3.3,0.6027104091037822
2026-04-21T13:25:00,04/21/202601:25,141.28,0.86,121.5008,54.68000000000001,1.34,73.27120000000001,73.2,0.4,7.0,198.7,23796.0,45017.0,19.9,22.1,61.0,30.0,15.66,194.0,720.0,3.3,0.6030511733256078
2026-04-21T13:25:01,04/21/202601:25,141.28,0.85,120.088,54.68000000000001,1.32,72.17760000000001,72.1,0.4,7.0,198.7,23796.0,45017.0,19.9,22.1,61.0,30.0,15.66,194.0,720.0,3.3,0.6010392378922125
2026-04-21T13:27:09,04/21/202601:27,141.14000000000001,0.85,119.96900000000001,54.68000000000001,1.33,72.72440000000002,72.6,0.4,7.0,198.7,23796.0,45017.0,19.9,22.1,61.0,30.0,15.66,194.0,720.0,3.3,0.6061932665938702
2026-04-21T13:27:37,04/21/202601:27,140.98,0.8400000000000001,118.42320000000001,54.69,1.31,71.6439,71.5,0.4,7.0,198.7,23796.0,45017.0,19.9,22.1,61.0,30.0,15.66,194.0,720.0,3.3,0.6049819629937377
2026-04-21T13:28:00,04/21/202601:28,140.82,0.8300000000000001,116.8806,54.7,1.29,70.563,70.4,0.4,7.0,198.7,23796.0,45017.0,19.9,22.1,61.0,30.0,15.66,194.0,720.0,3.3,0.6037186667419572
2026-04-21T13:28:37,04/21/202601:28,140.57999999999998,0.8300000000000001,116.6814,54.7,1.27,69.46900000000001,69.3,0.4,7.0,198.7,23796.0,45017.0,19.9,21.96,61.0,30.0,15.66,194.0,696.0,3.3,0.5953733842754716
2026-04-21T13:29:00,04/21/202601:29,140.34,0.8300000000000001,116.4822,54.7,1.25,68.375,68.2,0.4,7.0,198.7,23796.0,45017.0,19.9,21.82,61.0,30.0,15.66,194.0,672.0,3.3,0.5869995587308618
2026-04-21T13:29:37,04/21/202601:29,140.2,0.8300000000000001,116.366,54.69,1.25,68.3625,68.2,0.4,7.0,198.7,23796.0,45017.0,19.9,21.68,61.0,30.0,15.654,193.8,648.0,3.3,0.5874783012220064
2026-04-21T13:30:01,04/21/202601:30,140.06,0.8300000000000001,116.24980000000001,54.68000000000001,1.25,68.35000000000001,68.2,0.4,7.0,198.7,23796.0,45017.0,19.9,21.54,61.0,30.0,15.648,193.6,624.0,3.3,0.5879580007879583
2026-04-21T13:30:38,04/21/202601:30,140.09,0.8400000000000001,117.67560000000002,54.68000000000001,1.26,68.89680000000001,68.7,0.4,7.0,198.7,23796.0,45017.0,19.9,21.4,61.0,30.0,15.642,193.4,600.0,3.3,0.5854807623670498
2026-04-21T13:31:00,04/21/202601:31,140.12,0.85,119.102,54.68000000000001,1.27,69.4436,69.2,0.4,7.0,198.7,23796.0,45017.0,19.9,21.259999999999998,61.0,30.0,15.636000000000001,193.2,576.0,3.3,0.5830598982384847
2026-04-21T13:31:37,04/21/202601:31,140.2,0.86,120.57199999999999,54.69,1.29,70.5501,70.3,0.4,7.0,198.7,23796.0,45017.0,19.9,21.080000000000002,61.1,30.0,15.655000000000001,192.7,545.0,3.2600000000000002,0.5851283880171184
2026-04-21T13:32:01,04/21/202601:32,140.42000000000002,0.86,120.76120000000002,54.7,1.28,70.016,69.8,0.4,7.0,198.7,23796.0,45017.0,19.9,20.9,61.2,30.0,15.674000000000001,192.2,514.0,3.2199999999999998,0.5797888725849031
2026-04-21T13:32:37,04/21/202601:32,140.57,0.8700000000000001,122.2959,54.7,1.3199999999999998,72.204,72.0,0.4,7.0,198.7,23796.0,45017.0,19.9,20.72,61.3,30.0,15.693000000000001,191.7,483.0,3.1799999999999997,0.5904040936777111
2026-04-21T13:33:00,04/21/202601:33,140.72,0.8800000000000001,123.83360000000002,54.7,1.3599999999999999,74.392,74.2,0.4,7.0,198.7,23796.0,45017.0,19.9,20.54,61.4,30.0,15.712,191.2,452.0,3.1399999999999997,0.6007416403948523
2026-04-21T13:33:38,04/21/202601:33,140.91,0.8800000000000001,124.00080000000001,54.7,1.3699999999999999,74.939,74.7,0.4,7.0,198.7,23796.0,45017.0,19.9,20.5,61.5,30.0,15.731,190.7,445.0,3.1,0.6043428752072566
2026-04-21T13:34:00,04/21/202601:34,141.1,0.8800000000000001,124.168,54.7,1.3800000000000001,75.486,75.2,0.4,7.0,198.7,23796.0,45017.0,19.9,20.46,61.6,30.0,15.75,190.2,438.0,3.0599999999999996,0.6079344114425617
2026-04-21T13:34:01,04/21/202601:34,141.23999999999998,0.89,125.70359999999998,54.720000000000006,1.4,76.608,76.2,0.4,7.0,198.7,23796.0,45017.0,19.9,20.419999999999998,61.7,30.0,15.775,189.9,431.0,3.02,0.6094336200395216
2026-04-21T13:35:01,04/21/202601:35,141.38,0.9,127.242,54.739999999999995,1.42,77.73079999999999,77.2,0.4,7.0,198.7,23796.0,45017.0,19.9,20.380000000000003,61.8,30.0,15.8,189.6,424.0,2.9799999999999995,0.6108894861759481
2026-04-21T13:35:02,04/21/202601:35,141.5,0.89,125.935,54.739999999999995,1.4,76.63599999999998,76.1,0.4,7.0,198.7,23796.0,45017.0,19.9,20.34,61.9,30.0,15.825,189.3,417.0,2.94,0.6085361496009845
2026-04-21T13:36:00,04/21/202601:36,141.62,0.8800000000000001,124.62560000000002,54.739999999999995,1.3800000000000001,75.5412,75.0,0.4,7.0,198.7,23796.0,45017.0,19.9,20.3,62.0,30.0,15.85,189.0,410.0,2.9,0.6061451258810389
2026-04-21T13:36:01,04/21/202601:36,141.64000000000001,0.8800000000000001,124.64320000000004,54.73,1.3699999999999999,74.9801,74.4,0.4,8.0,198.7,23796.0,45017.0,19.9,20.3,62.0,30.0,15.85,189.0,410.0,2.9,0.6015578868321735
2026-04-21T13:37:01,04/21/202601:37,141.66,0.8800000000000001,124.66080000000001,54.720000000000006,1.3599999999999999,74.4192,73.8,0.4,8.0,198.7,23796.0,45017.0,19.9,20.3,62.0,30.0,15.85,189.0,410.0,2.9,0.5969735474182742
2026-04-21T13:37:02,04/21/202601:37,141.66,0.8700000000000001,123.2442,54.720000000000006,1.34,73.32480000000001,72.7,0.4,8.0,198.7,23796.0,45017.0,19.9,20.3,62.0,30.0,15.85,189.0,410.0,2.9,0.594955381267435
2026-04-21T13:38:20,04/21/202601:38,141.72,0.86,121.8792,54.720000000000006,1.31,71.68320000000001,71.6,0.4,8.0,198.7,23796.0,45017.0,19.9,20.3,62.5,30.0,15.85,189.0,410.0,2.9,0.5881495776145562
2026-04-21T13:39:00,04/21/202601:39,141.78,0.85,120.51299999999999,54.720000000000006,1.29,70.5888,71.1,0.4,8.0,198.7,23796.0,45017.0,19.9,20.3,63.0,30.0,15.85,189.0,410.0,2.9,0.5857359786910956
2026-04-21T13:39:01,04/21/202601:39,141.91,0.85,120.62349999999999,54.720000000000006,1.29,70.5888,71.1,0.4,8.0,198.7,23796.0,45017.0,19.9,20.3,63.5,30.0,15.85,189.0,410.0,2.9,0.585199401443334
2026-04-21T13:40:01,04/21/202601:40,142.07,0.85,120.75949999999999,54.71,1.2799999999999998,70.02879999999999,70.6,0.4,8.0,198.7,23796.0,45017.0,19.9,20.3,64.0,30.0,15.85,189.0,410.0,2.9,0.5799030304034051
2026-04-21T13:40:02,04/21/202601:40,142.29000000000002,0.8400000000000001,119.52360000000003,54.7,1.26,68.922,69.6,0.4,8.0,198.7,23796.0,45017.0,20.0,20.3,64.5,30.0,15.85,189.0,410.0,2.9,0.576639257853679
2026-04-21T13:41:01,04/21/202601:41,142.47,0.8400000000000001,119.6748,54.7,1.27,69.46900000000001,70.2,0.4,8.0,198.7,23796.0,45017.0,20.0,20.3,65.0,30.0,15.85,189.0,410.0,2.9,0.5804814380303958
2026-04-21T13:41:02,04/21/202601:41,142.67000000000002,0.8400000000000001,119.84280000000003,54.7,1.26,68.922,69.7,0.4,8.0,198.7,23796.0,45017.0,19.9,20.3,65.5,30.0,15.85,189.0,410.0,2.9,0.5751033854349196
2026-04-21T13:42:00,04/21/202601:42,142.88,0.8300000000000001,118.5904,54.7,1.25,68.375,69.2,0.4,8.0,198.7,23796.0,45017.0,19.9,20.3,66.0,30.0,15.85,189.0,410.0,2.9,0.5765643762058311
2026-04-21T13:42:02,04/21/202601:42,143.18,0.8300000000000001,118.83940000000001,54.71,1.26,68.9346,69.8,0.4,8.0,198.7,23796.0,45017.0,19.9,20.3,66.5,30.0,15.85,189.0,410.0,2.9,0.5800651972325677
2026-04-21T13:43:01,04/21/202601:43,143.48,0.8400000000000001,120.5232,54.720000000000006,1.26,68.94720000000001,69.8,0.4,8.0,198.7,23796.0,45017.0,19.9,20.3,67.0,30.0,15.85,189.0,410.0,2.9,0.5720657931419014
2026-04-21T13:43:02,04/21/202601:43,143.87,0.85,122.2895,54.720000000000006,1.27,69.49440000000001,69.8,0.4,8.0,198.7,23796.0,45017.0,19.9,20.3,67.0,30.0,15.85,189.0,410.0,2.9,0.5682777343925686
2026-04-21T13:44:01,04/21/202601:44,144.26,0.86,124.0636,54.720000000000006,1.28,70.0416,69.8,0.4,8.0,198.7,23796.0,45017.0,19.9,20.3,67.0,30.0,15.85,189.0,410.0,2.9,0.5645620472080449
2026-04-21T13:44:02,04/21/202601:44,144.63,0.85,122.93549999999999,54.73,1.27,69.5071,69.3,0.4,8.0,198.7,23796.0,45017.0,19.9,20.3,67.0,30.0,15.85,189.0,410.0,2.9,0.5653948615330804
2026-04-21T13:45:00,04/21/202601:45,145.0,0.8400000000000001,121.80000000000001,54.739999999999995,1.2600000000000002,68.97240000000001,68.8,0.4,8.0,198.7,23796.0,45017.0,19.9,20.3,67.0,30.0,15.85,189.0,410.0,2.9,0.5662758620689655
2026-04-21T13:45:02,04/21/202601:45,145.25,0.8400000000000001,122.01,54.739999999999995,1.27,69.51979999999999,69.3,0.4,8.0,198.7,23796.0,45017.0,19.9,20.3,67.0,30.0,15.85,189.0,410.0,2.9,0.5697877223178427
2026-04-21T13:46:01,04/21/202601:46,145.5,0.8400000000000001,122.22000000000001,54.739999999999995,1.28,70.0672,69.8,0.4,8.0,198.7,23796.0,45017.0,19.9,20.3,67.0,30.0,15.85,189.0,410.0,2.9,0.573287514318442
2026-04-21T13:46:02,04/21/202601:46,145.67,0.85,123.81949999999999,54.739999999999995,1.31,71.7094,71.4,0.4,8.0,198.7,23796.0,45017.0,20.0,20.31,67.0,30.0,15.881,189.1,431.0,2.86,0.579144641999039
2026-04-21T13:47:00,04/21/202601:47,145.83999999999997,0.86,125.42239999999998,54.739999999999995,1.34,73.35159999999999,73.0,0.4,8.0,198.7,23796.0,45017.0,20.0,20.32,67.0,30.0,15.912,189.2,452.0,2.82,0.5848365204301624
2026-04-21T13:47:02,04/21/202601:47,145.88,0.86,125.4568,54.73,1.34,73.3382,73.0,0.4,8.0,198.7,23796.0,45017.0,19.9,20.330000000000002,67.0,30.0,15.943000000000001,189.3,473.0,2.7800000000000002,0.5845693497682071
2026-04-21T13:48:01,04/21/202601:48,145.92,0.86,125.49119999999999,54.720000000000006,1.34,73.32480000000001,73.0,0.4,8.0,198.7,23796.0,45017.0,19.9,20.34,67.0,30.0,15.974,189.4,494.0,2.7399999999999998,0.5843023255813955
2026-04-21T13:48:02,04/21/202601:48,145.83999999999997,0.86,125.42239999999998,54.720000000000006,1.35,73.87200000000001,73.5,0.4,8.0,198.7,23796.0,45017.0,19.9,20.35,67.0,30.0,16.005000000000003,189.5,515.0,2.7,0.5889856995241681
2026-04-21T13:49:31,04/21/202601:49,145.83999999999997,0.85,123.96399999999997,54.720000000000006,1.35,73.87200000000001,73.5,0.4,8.0,198.7,23796.0,45017.0,19.9,20.36,67.0,30.0,16.036,189.6,536.0,2.66,0.595914943047982
2026-04-21T13:50:01,04/21/202601:50,145.79,0.85,123.9215,54.71,1.35,73.8585,73.5,0.4,8.0,198.7,23796.0,45017.0,19.9,20.369999999999997,67.0,30.0,16.067,189.7,557.0,2.62,0.5960103775373927
2026-04-21T13:50:02,04/21/202601:50,145.76,0.8400000000000001,122.4384,54.7,1.3199999999999998,72.204,71.8,0.4,8.0,198.7,23796.0,45017.0,19.9,20.38,67.0,30.0,16.098,189.8,578.0,2.58,0.5897169515446133
2026-04-21T13:51:01,04/21/202601:51,145.79000000000002,0.8300000000000001,121.00570000000003,54.7,1.28,70.016,69.6,0.4,8.0,198.7,23796.0,45017.0,19.9,20.389999999999997,67.0,30.0,16.128999999999998,189.9,599.0,2.54,0.5786173709172376
2026-04-21T13:51:02,04/21/202601:51,145.73,0.8300000000000001,120.9559,54.69,1.27,69.4563,69.1,0.4,8.0,198.7,23796.0,45017.0,19.9,20.4,67.0,30.0,16.16,190.0,620.0,2.5,0.574228293121708
2026-04-21T13:52:01,04/21/202601:52,145.7,0.8099999999999999,118.01699999999998,54.69,1.22,66.7218,66.4,0.4,8.0,198.7,23796.0,45017.0,19.9,20.4,67.0,30.0,16.16,190.0,620.0,2.5,0.5653575332367372
2026-04-21T13:52:39,04/21/202601:52,145.63,0.8099999999999999,117.96029999999999,54.69,1.21,66.1749,65.9,0.4,8.0,198.7,23796.0,45017.0,19.9,20.4,67.0,30.0,16.16,190.0,620.0,2.5,0.5609929781460372
2026-04-21T13:53:01,04/21/202601:53,145.6,0.8099999999999999,117.93599999999999,54.69,1.21,66.1749,65.9,0.4,8.0,198.7,23796.0,45017.0,19.9,20.4,67.0,30.0,16.16,190.0,620.0,2.5,0.5611085673585673
2026-04-21T13:53:39,04/21/202601:53,145.57999999999998,0.8,116.464,54.69,1.2,65.628,65.3,0.4,8.0,198.7,23796.0,45017.0,19.9,20.4,67.0,30.0,16.16,190.0,620.0,2.5,0.563504602280533
2026-04-21T13:53:49,04/21/202601:53,145.52,0.78,113.50560000000002,54.69,1.1700000000000002,63.987300000000005,63.7,0.4,8.0,198.7,23796.0,45017.0,19.9,20.4,67.0,30.0,16.16,190.0,620.0,2.5,0.563736943375481
2026-04-21T13:54:01,04/21/202601:54,145.38,0.77,111.9426,54.69,1.15,62.893499999999996,62.6,0.4,8.0,198.7,23796.0,45017.0,19.9,20.4,67.0,30.0,16.16,190.0,620.0,2.5,0.5618370486302802
2026-04-21T13:54:05,04/21/202601:54,145.2,0.77,111.80399999999999,54.69,1.1400000000000001,62.3466,62.0,0.4,8.0,198.7,23796.0,45017.0,19.9,20.4,67.0,30.0,16.16,190.0,620.0,2.5,0.5576419448320276
2026-04-21T13:55:01,04/21/202601:55,145.0,0.78,113.10000000000001,54.69,1.16,63.44039999999999,63.1,0.4,8.0,198.7,23796.0,45017.0,19.9,20.4,67.0,30.0,16.16,190.0,620.0,2.5,0.5609230769230767
2026-04-21T13:55:06,04/21/202601:55,144.71,0.78,112.87380000000002,54.69,1.1700000000000002,63.987300000000005,63.7,0.4,8.0,198.7,23796.0,45017.0,20.0,20.4,67.0,30.0,16.16,190.0,620.0,2.5,0.5668924055006564
2026-04-21T13:56:00,04/21/202601:56,144.51000000000002,0.77,111.27270000000001,54.7,1.15,62.905,62.6,0.4,8.0,198.7,23796.0,45017.0,20.0,20.4,67.0,30.0,16.16,190.0,620.0,2.5,0.5653228509778229
2026-04-21T13:56:06,04/21/202601:56,144.37,0.78,112.60860000000001,54.7,1.2,65.64,65.3,0.4,8.0,198.7,23796.0,45017.0,19.9,20.4,67.0,30.0,16.16,190.0,620.0,2.5,0.5829039700342602
2026-04-21T13:57:01,04/21/202601:57,144.27,0.77,111.0879,54.7,1.21,66.187,65.8,0.4,8.0,198.7,23796.0,45017.0,19.9,20.4,67.0,30.0,16.16,190.0,620.0,2.5,0.595807464179267
2026-04-21T13:57:06,04/21/202601:57,144.36,0.76,109.71360000000001,54.7,1.1800000000000002,64.546,64.1,0.4,8.0,198.7,23796.0,45017.0,19.9,20.4,67.0,30.0,16.16,190.0,620.0,2.5,0.5883135727931633
2026-04-21T13:58:01,04/21/202601:58,144.44,0.76,109.7744,54.7,1.16,63.452,63.0,0.4,8.0,198.7,23796.0,45017.0,19.9,20.4,67.0,30.0,16.16,190.0,620.0,2.5,0.5780218338701919
2026-04-21T13:58:06,04/21/202601:58,144.66,0.77,111.3882,54.7,1.17,63.999,63.5,0.4,8.0,198.7,23796.0,45017.0,19.9,20.4,67.0,30.0,16.16,190.0,620.0,2.5,0.5745581668435257
2026-04-21T13:59:01,04/21/202601:59,144.88,0.78,113.0064,54.7,1.1800000000000002,64.546,64.0,0.4,8.0,198.7,23796.0,45017.0,19.9,20.4,67.0,30.0,16.16,190.0,620.0,2.5,0.571171190304266
2026-04-21T13:59:05,04/21/202601:59,144.99,0.78,113.0922,54.7,1.19,65.093,64.6,0.4,8.0,198.7,23796.0,45017.0,19.9,20.4,67.0,30.0,16.16,190.0,620.0,2.5,0.5755746196466246
2026-04-21T14:00:43,04/21/202602:00,145.03,0.78,113.1234,54.7,1.2,65.64,65.2,0.4,8.0,198.7,23796.0,45017.0,19.9,20.4,67.0,30.0,16.16,190.0,620.0,2.5,0.5802513007918786
2026-04-21T14:00:55,04/21/202602:00,145.2,0.79,114.708,54.71,1.23,67.2933,66.8,0.4,8.0,198.7,23796.0,45017.0,19.9,20.43,67.1,30.0,16.104,190.6,624.0,2.4699999999999998,0.5866487080238519
2026-04-21T14:01:00,04/21/202602:01,145.37,0.8,116.296,54.720000000000006,1.26,68.94720000000001,68.4,0.4,8.0,198.7,23796.0,45017.0,19.9,20.46,67.2,30.0,16.048,191.2,628.0,2.44,0.5928595996422922
2026-04-21T14:01:56,04/21/202602:01,145.51,0.8099999999999999,117.86309999999999,54.720000000000006,1.24,67.8528,67.3,0.4,8.0,198.7,23796.0,45017.0,19.9,20.49,67.3,30.0,15.991999999999999,191.8,632.0,2.41,0.5756916286776779
2026-04-21T14:02:00,04/21/202602:02,145.65,0.8200000000000001,119.433,54.720000000000006,1.22,66.75840000000001,66.2,0.4,8.0,198.7,23796.0,45017.0,19.9,20.52,67.4,30.0,15.936000000000002,192.4,636.0,2.38,0.5589610911557108
2026-04-21T14:02:56,04/21/202602:02,145.6,0.8200000000000001,119.39200000000001,54.720000000000006,1.23,67.30560000000001,66.8,0.4,8.0,198.7,23796.0,45017.0,19.9,20.55,67.5,30.0,15.88,193.0,640.0,2.35,0.5637362637362638
2026-04-21T14:03:00,04/21/202602:03,145.55,0.8200000000000001,119.35100000000001,54.720000000000006,1.24,67.8528,67.4,0.4,8.0,198.7,23796.0,45017.0,19.9,20.58,67.6,30.0,15.824000000000002,193.6,644.0,2.3200000000000003,0.5685147170949552
2026-04-21T14:03:56,04/21/202602:03,145.41,0.8200000000000001,119.23620000000001,54.720000000000006,1.24,67.8528,67.4,0.4,8.0,198.7,23796.0,45017.0,19.9,20.61,67.7,30.0,15.768,194.2,648.0,2.29,0.5690620801400916
2026-04-21T14:04:00,04/21/202602:04,145.26999999999998,0.8200000000000001,119.1214,54.720000000000006,1.24,67.8528,67.4,0.4,8.0,198.7,23796.0,45017.0,19.9,20.639999999999997,67.8,30.0,15.712,194.8,652.0,2.2600000000000002,0.5696104981976371
2026-04-21T14:04:56,04/21/202602:04,145.26999999999998,0.8200000000000001,119.1214,54.720000000000006,1.23,67.30560000000001,66.8,0.4,8.0,198.7,23796.0,45017.0,19.9,20.669999999999998,67.9,30.0,15.656,195.4,656.0,2.23,0.5650168651476563
2026-04-21T14:05:00,04/21/202602:05,145.33999999999997,0.8200000000000001,119.1788,54.720000000000006,1.22,66.75840000000001,66.2,0.4,8.0,198.7,23796.0,45017.0,19.9,20.7,68.0,30.0,15.6,196.0,660.0,2.2,0.5601533158581896
2026-04-21T14:05:55,04/21/202602:05,145.55,0.8099999999999999,117.8955,54.71,1.17,64.0107,63.5,0.4,8.0,198.7,23796.0,45017.0,19.9,20.7,68.0,30.0,15.6,196.0,660.0,2.2,0.5429443871903508
2026-04-21T14:06:00,04/21/202602:06,145.76,0.8,116.608,54.7,1.1199999999999999,61.263999999999996,60.8,0.4,8.0,198.7,23796.0,45017.0,19.9,20.7,68.0,30.0,15.6,196.0,660.0,2.2,0.525384193194292
2026-04-21T14:06:55,04/21/202602:06,145.91,0.8,116.72800000000001,54.7,1.1300000000000001,61.81100000000001,61.4,0.4,8.0,198.7,23796.0,45017.0,19.9,20.7,68.0,30.0,15.6,196.0,660.0,2.2,0.529530189843054
2026-04-21T14:07:00,04/21/202602:07,146.06,0.8,116.84800000000001,54.7,1.1400000000000001,62.35800000000001,62.0,0.4,8.0,198.7,23796.0,45017.0,19.9,20.7,68.0,30.0,15.6,196.0,660.0,2.2,0.5336676708202109
2026-04-21T14:07:56,04/21/202602:07,146.23,0.8,116.984,54.7,1.15,62.905,62.5,0.4,8.0,198.7,23796.0,45017.0,19.9,20.7,68.0,30.0,15.6,196.0,660.0,2.2,0.5377231074334952
2026-04-21T14:08:00,04/21/202602:08,146.4,0.8,117.12,54.7,1.16,63.452,63.0,0.4,8.0,198.7,23796.0,45017.0,19.9,20.7,68.0,30.0,15.6,196.0,660.0,2.2,0.5417691256830601
2026-04-21T14:08:37,04/21/202602:08,146.78,0.8,117.424,54.7,1.16,63.452,63.0,0.4,8.0,198.7,23796.0,45017.0,19.9,20.7,68.0,30.0,15.6,196.0,660.0,2.2,0.5403665349502657
2026-04-21T14:09:00,04/21/202602:09,147.16,0.8,117.72800000000001,54.7,1.16,63.452,63.0,0.4,8.0,198.7,23796.0,45017.0,19.9,20.7,68.0,30.0,15.6,196.0,660.0,2.2,0.5389711878227779
2026-04-21T14:09:37,04/21/202602:09,147.47,0.8,117.976,54.7,1.16,63.452,63.0,0.4,8.0,198.7,23796.0,45017.0,19.9,20.7,68.0,30.0,15.6,196.0,660.0,2.2,0.537838204380552
2026-04-21T14:10:00,04/21/202602:10,147.78,0.8,118.224,54.7,1.16,63.452,63.0,0.4,8.0,198.7,23796.0,45017.0,19.9,20.7,68.0,30.0,15.6,196.0,660.0,2.2,0.5367099742861009
2026-04-21T14:10:36,04/21/202602:10,147.84,0.8099999999999999,119.7504,54.7,1.2,65.64,65.2,0.4,8.0,198.7,23796.0,45017.0,19.9,20.7,68.0,30.0,15.6,196.0,660.0,2.2,0.5481401314734649
2026-04-21T14:14:21,04/21/202602:14,147.32999999999998,0.8200000000000001,120.8106,54.7,1.24,67.828,67.4,0.4,8.0,198.7,23796.0,45017.0,19.9,20.7,68.0,30.0,15.6,196.0,660.0,2.2,0.5614408007244398
2026-04-21T14:14:37,04/21/202602:14,146.98,0.8,117.584,54.7,1.21,66.187,65.7,0.4,8.0,198.7,23796.0,45017.0,19.9,20.7,68.0,30.0,15.6,196.0,660.0,2.2,0.5628912096883929
2026-04-21T14:15:00,04/21/202602:15,146.63,0.78,114.3714,54.7,1.1800000000000002,64.546,64.0,0.4,8.0,198.7,23796.0,45017.0,19.9,20.7,68.0,30.0,15.6,196.0,660.0,2.2,0.5643543753071136
2026-04-21T14:15:36,04/21/202602:15,146.28,0.79,115.5612,54.71,1.21,66.1991,65.7,0.4,8.0,198.7,23796.0,45017.0,19.9,20.7,68.0,30.0,15.6,196.0,660.0,2.2,0.572848845460241
2026-04-21T14:16:01,04/21/202602:16,145.93,0.8,116.74400000000001,54.720000000000006,1.24,67.8528,67.4,0.4,8.0,198.7,23796.0,45017.0,19.9,20.7,68.0,30.0,15.6,196.0,660.0,2.2,0.5812101692592339
2026-04-21T14:16:37,04/21/202602:16,145.16,0.8099999999999999,117.57959999999999,54.720000000000006,1.22,66.75840000000001,66.3,0.4,8.0,198.7,23796.0,45017.0,20.0,20.75,67.9,30.0,15.594,196.2,669.0,2.25,0.5677719604421176
2026-04-21T14:17:00,04/21/202602:17,144.39,0.82,118.39979999999998,54.720000000000006,1.2,65.664,65.2,0.4,8.0,198.7,23796.0,45017.0,20.0,20.8,67.8,30.0,15.588,196.4,678.0,2.3,0.5545955314113707
2026-04-21T14:17:37,04/21/202602:17,143.63,0.8300000000000001,119.2129,54.720000000000006,1.21,66.2112,65.8,0.4,8.0,198.7,23796.0,45017.0,19.9,20.85,67.7,30.0,15.581999999999999,196.6,687.0,2.35,0.5554029807176908
2026-04-21T14:18:00,04/21/202602:18,142.87,0.8400000000000001,120.01080000000002,54.720000000000006,1.22,66.75840000000001,66.4,0.4,8.0,198.7,23796.0,45017.0,19.9,20.9,67.6,30.0,15.575999999999999,196.8,696.0,2.4,0.5562699357057864
2026-04-21T14:18:37,04/21/202602:18,142.39,0.8400000000000001,119.6076,54.720000000000006,1.2,65.664,65.3,0.4,8.0,198.7,23796.0,45017.0,20.0,20.95,67.5,30.0,15.569999999999999,197.0,705.0,2.45,0.5489952143509276
2026-04-21T14:19:00,04/21/202602:19,142.48,0.8400000000000001,119.6832,54.720000000000006,1.1800000000000002,64.56960000000002,64.2,0.4,8.0,198.7,23796.0,45017.0,20.0,21.0,67.4,30.0,15.563999999999998,197.2,714.0,2.5,0.539504291329109
2026-04-21T14:19:37,04/21/202602:19,142.51,0.8400000000000001,119.7084,54.720000000000006,1.19,65.1168,64.8,0.4,8.0,198.7,23796.0,45017.0,19.9,21.05,67.3,30.0,15.557999999999998,197.4,723.0,2.55,0.5439618272401937
2026-04-21T14:20:00,04/21/202602:20,142.54000000000002,0.8400000000000001,119.73360000000002,54.720000000000006,1.2,65.664,65.4,0.4,8.0,198.7,23796.0,45017.0,19.9,21.1,67.2,30.0,15.551999999999998,197.6,732.0,2.6,0.548417486820742
2026-04-21T14:20:32,04/21/202602:20,142.49,0.8400000000000001,119.69160000000002,54.71,1.1800000000000002,64.55780000000001,64.3,0.4,8.0,198.7,23796.0,45017.0,20.0,21.15,67.1,30.0,15.545999999999998,197.8,733.0,2.65,0.5393678420206598
2026-04-21T14:21:01,04/21/202602:21,142.44,0.8400000000000001,119.6496,54.7,1.1600000000000001,63.45200000000001,63.2,0.4,8.0,198.7,23796.0,45017.0,20.0,21.2,67.0,30.0,15.539999999999997,198.0,734.0,2.7,0.5303151870127439
2026-04-21T14:21:32,04/21/202602:21,142.57,0.8300000000000001,118.3331,54.7,1.19,65.093,64.9,0.4,8.0,198.7,23796.0,45017.0,19.9,21.2,67.0,30.0,15.539999999999997,198.0,726.0,2.7,0.5500827748111052
2026-04-21T14:22:00,04/21/202602:22,142.7,0.82,117.01399999999998,54.7,1.2200000000000002,66.73400000000001,66.6,0.4,8.0,198.7,23796.0,45017.0,19.9,21.2,67.0,30.0,15.539999999999997,198.0,718.0,2.7,0.5703078264139335
2026-04-21T14:22:33,04/21/202602:22,142.98,0.82,117.24359999999999,54.7,1.2200000000000002,66.73400000000001,66.6,0.4,8.0,198.7,23796.0,45017.0,19.9,21.15,67.0,30.0,15.557999999999998,197.7,710.0,2.7,0.5691909835590174
2026-04-21T14:23:00,04/21/202602:23,143.26,0.82,117.47319999999999,54.7,1.2200000000000002,66.73400000000001,66.6,0.4,8.0,198.7,23796.0,45017.0,19.9,21.1,67.0,30.0,15.575999999999999,197.4,702.0,2.7,0.5680785064167828
2026-04-21T14:23:33,04/21/202602:23,143.34,0.82,117.5388,54.7,1.2100000000000002,66.18700000000001,66.0,0.4,8.0,198.7,23796.0,45017.0,19.9,21.05,67.0,30.0,15.594,197.1,694.0,2.7,0.5631076716794796
2026-04-21T14:24:00,04/21/202602:24,143.42000000000002,0.82,117.60440000000001,54.7,1.2,65.64,65.4,0.4,8.0,198.7,23796.0,45017.0,19.9,21.0,67.0,30.0,15.612,196.8,686.0,2.7,0.5581423824278683
2026-04-21T14:25:32,04/21/202602:25,143.46,0.8300000000000001,119.07180000000001,54.7,1.21,66.187,65.9,0.4,8.0,198.7,23796.0,45017.0,19.9,20.95,67.0,30.0,15.63,196.5,678.0,2.7,0.5558578941445413
2026-04-21T14:26:00,04/21/202602:26,143.5,0.8400000000000001,120.54,54.7,1.22,66.73400000000001,66.4,0.4,8.0,198.7,23796.0,45017.0,19.9,20.9,67.0,30.0,15.648,196.2,670.0,2.7,0.5536253525800564
2026-04-21T14:26:33,04/21/202602:26,143.54000000000002,0.8300000000000001,119.13820000000003,54.7,1.19,65.093,64.7,0.4,9.0,198.7,23796.0,45017.0,19.9,20.85,67.0,30.0,15.666,195.9,670.0,2.7,0.5463654814324875
2026-04-21T14:27:00,04/21/202602:27,143.58,0.8200000000000001,117.73560000000002,54.7,1.16,63.452,63.0,0.4,9.0,198.7,23796.0,45017.0,19.9,20.8,67.0,30.0,15.684000000000001,195.6,670.0,2.7,0.538936396468018
2026-04-21T14:27:32,04/21/202602:27,143.59,0.8200000000000001,117.74380000000001,54.7,1.1400000000000001,62.35800000000001,61.9,0.4,9.0,198.7,23796.0,45017.0,19.9,20.75,67.0,30.0,15.702000000000002,195.3,670.0,2.7,0.5296075037496667
2026-04-21T14:28:00,04/21/202602:28,143.6,0.8200000000000001,117.75200000000001,54.7,1.1199999999999999,61.263999999999996,60.8,0.4,9.0,198.7,23796.0,45017.0,19.9,20.7,67.0,30.0,15.720000000000002,195.0,670.0,2.7,0.5202799103199944
2026-04-21T14:28:33,04/21/202602:28,143.56,0.8099999999999999,116.28359999999999,54.7,1.1099999999999999,60.717,60.2,0.4,9.0,198.7,23796.0,45017.0,19.9,20.7,67.0,30.0,15.720000000000002,195.0,670.0,2.7,0.5221458571974036
2026-04-21T14:28:39,04/21/202602:28,143.53,0.8,114.82400000000001,54.69,1.09,59.612100000000005,59.1,0.4,9.0,198.7,23796.0,45017.0,19.9,20.7,67.0,30.0,15.720000000000002,195.0,670.0,2.7,0.5191606284400474
2026-04-21T14:29:00,04/21/202602:29,143.49,0.8,114.79200000000002,54.68000000000001,1.1,60.14800000000001,59.7,0.4,9.0,198.7,23796.0,45017.0,19.9,20.7,67.0,30.0,15.720000000000002,195.0,670.0,2.7,0.5239737960833508
2026-04-21T14:29:40,04/21/202602:29,143.56,0.8,114.84800000000001,54.68000000000001,1.1300000000000001,61.78840000000002,61.4,0.4,9.0,198.7,23796.0,45017.0,19.9,20.7,67.0,30.0,15.720000000000002,195.0,670.0,2.7,0.5380015324602955
2026-04-21T14:30:00,04/21/202602:30,143.63,0.8,114.904,54.68000000000001,1.1400000000000001,62.335200000000015,62.0,0.4,9.0,198.7,23796.0,45017.0,19.9,20.7,67.0,30.0,15.720000000000002,195.0,670.0,2.7,0.5424980853582122
2026-04-21T14:30:40,04/21/202602:30,143.85999999999999,0.8,115.088,54.69,1.16,63.44039999999999,63.1,0.4,9.0,198.7,23796.0,45017.0,19.9,20.7,67.0,30.0,15.720000000000002,195.0,670.0,2.7,0.5512338384540525
2026-04-21T14:31:00,04/21/202602:31,144.15,0.8,115.32000000000001,54.7,1.2,65.64,65.3,0.4,9.0,198.7,23796.0,45017.0,19.9,20.7,67.0,30.0,15.720000000000002,195.0,670.0,2.7,0.5691987513007284
2026-04-21T14:31:40,04/21/202602:31,144.14,0.8,115.312,54.71,1.22,66.7462,66.4,0.4,9.0,198.7,23796.0,45017.0,19.9,20.65,66.8,30.0,15.664000000000001,194.9,638.0,2.79,0.5788313445261551
2026-04-21T14:32:00,04/21/202602:32,144.15,0.8,115.32000000000001,54.720000000000006,1.23,67.30560000000001,66.9,0.4,9.0,198.7,23796.0,45017.0,19.9,20.6,66.6,30.0,15.608,194.8,606.0,2.88,0.5836420395421437
2026-04-21T14:32:40,04/21/202602:32,144.22,0.8,115.376,54.73,1.24,67.8652,67.4,0.4,9.0,198.7,23796.0,45017.0,19.9,20.55,66.4,30.0,15.552000000000001,194.7,574.0,2.97,0.5882089862709748
2026-04-21T14:33:00,04/21/202602:33,144.26,0.8,115.408,54.739999999999995,1.24,67.87759999999999,67.4,0.4,9.0,198.7,23796.0,45017.0,19.9,20.5,66.2,30.0,15.496,194.6,542.0,3.06,0.5881533342575903
2026-04-21T14:33:40,04/21/202602:33,144.43,0.79,114.09970000000001,54.75,1.23,67.3425,66.8,0.4,9.0,198.7,23796.0,45017.0,19.9,20.45,66.0,30.0,15.440000000000001,194.5,510.0,3.15,0.5902075115009066
2026-04-21T14:34:00,04/21/202602:34,144.6,0.78,112.788,54.760000000000005,1.22,66.80720000000001,66.2,0.4,9.0,198.7,23796.0,45017.0,19.9,20.4,65.8,30.0,15.384,194.4,478.0,3.2399999999999998,0.59232542469057
2026-04-21T14:34:40,04/21/202602:34,144.58999999999997,0.77,111.33429999999998,54.760000000000005,1.2,65.712,65.1,0.4,9.0,198.7,23796.0,45017.0,19.9,20.35,65.6,30.0,15.328,194.3,446.0,3.3300000000000005,0.5902224202244951
2026-04-21T14:35:00,04/21/202602:35,144.57999999999998,0.76,109.8808,54.760000000000005,1.1800000000000002,64.61680000000001,64.0,0.4,9.0,198.7,23796.0,45017.0,19.9,20.3,65.4,30.0,15.272,194.2,414.0,3.4200000000000004,0.5880627006720011
2026-04-21T14:36:45,04/21/202602:36,144.52,0.76,109.83520000000001,54.75,1.15,62.9625,62.4,0.4,9.0,198.7,23796.0,45017.0,19.9,20.25,65.2,30.0,15.216,194.1,382.0,3.5100000000000002,0.5732451891561174
2026-04-21T14:37:00,04/21/202602:37,144.45999999999998,0.76,109.78959999999998,54.739999999999995,1.1199999999999999,61.30879999999999,60.8,0.4,9.0,198.7,23796.0,45017.0,19.9,20.2,65.0,30.0,15.16,194.0,350.0,3.6,0.5584208340316387
2026-04-21T14:37:40,04/21/202602:37,144.74,0.77,111.44980000000001,54.73,1.1199999999999999,61.29759999999999,60.8,0.5,9.0,198.7,23796.0,45017.0,19.9,20.2,65.0,30.0,15.16,194.0,350.0,3.6,0.5500018842564095
2026-04-21T14:38:00,04/21/202602:38,145.02,0.78,113.11560000000001,54.720000000000006,1.1199999999999999,61.2864,60.8,0.5,9.0,198.7,23796.0,45017.0,19.9,20.2,65.0,30.0,15.16,194.0,350.0,3.6,0.5418032526017631
2026-04-21T14:38:40,04/21/202602:38,145.13,0.77,111.7501,54.71,1.1,60.181000000000004,59.7,0.5,9.0,198.7,23796.0,45017.0,19.9,20.2,65.0,30.0,15.16,194.0,350.0,3.6,0.5385319565709561
2026-04-21T14:39:00,04/21/202602:39,145.24,0.76,110.3824,54.7,1.08,59.07600000000001,58.6,0.5,9.0,198.7,23796.0,45017.0,19.9,20.2,65.0,30.0,15.16,194.0,350.0,3.6,0.5351940164374032
2026-04-21T14:39:21,04/21/202602:39,145.19,0.76,110.3444,54.7,1.1,60.17000000000001,59.7,0.5,9.0,198.7,23796.0,45017.0,19.9,20.2,65.0,30.0,15.16,194.0,350.0,3.6,0.5452927380093598
2026-04-21T14:40:46,04/21/202602:40,145.16,0.77,111.7732,54.7,1.1099999999999999,60.717,60.3,0.5,9.0,198.7,23796.0,45017.0,19.9,20.2,65.0,30.0,15.16,194.0,350.0,3.6,0.5432160839986687
2026-04-21T14:41:01,04/21/202602:41,145.2,0.78,113.256,54.7,1.1099999999999999,60.717,60.3,0.5,9.0,198.7,23796.0,45017.0,19.9,20.2,65.0,30.0,15.16,194.0,350.0,3.6,0.5361040474676838
2026-04-21T14:41:46,04/21/202602:41,145.32999999999998,0.79,114.8107,54.71,1.1,60.181000000000004,59.7,0.5,9.0,198.7,23796.0,45017.0,19.9,20.2,65.0,30.0,15.16,194.0,350.0,3.6,0.5241758825614686
2026-04-21T14:42:01,04/21/202602:42,145.35,0.79,114.8265,54.720000000000006,1.09,59.64480000000001,59.1,0.5,9.0,198.7,23796.0,45017.0,19.9,20.2,65.0,30.0,15.16,194.0,350.0,3.6,0.5194341027550262
2026-04-21T14:42:46,04/21/202602:42,145.20999999999998,0.78,113.26379999999999,54.720000000000006,1.06,58.00320000000001,57.4,0.5,9.0,198.7,23796.0,45017.0,19.9,20.2,65.0,30.0,15.16,194.0,350.0,3.6,0.5121071339651329
2026-04-21T14:43:00,04/21/202602:43,145.03,0.76,110.2228,54.720000000000006,1.02,55.814400000000006,55.2,0.5,9.0,198.7,23796.0,45017.0,19.9,20.2,65.0,30.0,15.16,194.0,350.0,3.6,0.5063779907605324
2026-04-21T14:43:47,04/21/202602:43,144.84,0.75,108.63,54.720000000000006,1.02,55.814400000000006,55.2,0.5,9.0,198.7,23796.0,45017.0,19.9,20.2,65.0,30.0,15.16,194.0,350.0,3.6,0.5138028169014085
2026-04-21T14:44:00,04/21/202602:44,144.76,0.76,110.01759999999999,54.720000000000006,1.04,56.90880000000001,56.3,0.5,9.0,198.7,23796.0,45017.0,19.9,20.2,65.0,30.0,15.16,194.0,350.0,3.6,0.5172699640784748
2026-04-21T14:44:46,04/21/202602:44,144.75,0.77,111.4575,54.720000000000006,1.06,58.00320000000001,57.4,0.5,9.0,198.7,23796.0,45017.0,19.9,20.2,65.0,30.0,15.16,194.0,350.0,3.6,0.5204064329452931
2026-04-21T14:45:01,04/21/202602:45,144.76,0.78,112.91279999999999,54.720000000000006,1.06,58.00320000000001,57.4,0.5,9.0,198.7,23796.0,45017.0,19.9,20.2,65.0,30.0,15.16,194.0,350.0,3.6,0.5136990668905563
2026-04-21T14:45:46,04/21/202602:45,144.75,0.77,111.4575,54.720000000000006,1.05,57.45600000000001,56.8,0.5,9.0,198.7,23796.0,45017.0,19.9,20.2,65.0,30.0,15.16,194.0,350.0,3.6,0.5154969382948659
2026-04-21T14:46:00,04/21/202602:46,144.74,0.76,110.00240000000001,54.720000000000006,1.04,56.90880000000001,56.2,0.5,9.0,198.7,23796.0,45017.0,19.9,20.2,65.0,30.0,15.16,194.0,350.0,3.6,0.5173414398231312
2026-04-21T14:50:23,04/21/202602:50,145.03,0.75,108.77250000000001,54.71,1.04,56.8984,56.2,0.5,9.0,198.7,23796.0,45017.0,19.9,20.279999999999998,64.7,30.0,15.097999999999999,194.0,374.0,3.7,0.5230954515157783
2026-04-21T14:50:47,04/21/202602:50,144.77,0.75,108.57750000000001,54.7,1.05,57.435,56.8,0.5,9.0,198.7,23796.0,45017.0,19.9,20.36,64.4,30.0,15.036000000000001,194.0,398.0,3.8,0.5289769979968225
2026-04-21T14:51:00,04/21/202602:51,144.67000000000002,0.76,109.94920000000002,54.7,1.08,59.07600000000001,58.5,0.5,9.0,198.7,23796.0,45017.0,19.9,20.44,64.1,30.0,14.974,194.0,422.0,3.9,0.537302681602049
2026-04-21T14:51:46,04/21/202602:51,145.23,0.76,110.3748,54.7,1.1099999999999999,60.717,60.2,0.5,9.0,198.7,23796.0,45017.0,19.9,20.52,63.8,30.0,14.912,194.0,446.0,4.0,0.5500983920242665
2026-04-21T14:52:00,04/21/202602:52,145.8,0.75,109.35000000000001,54.7,1.1,60.17000000000001,59.7,0.5,9.0,198.7,23796.0,45017.0,19.9,20.6,63.5,30.0,14.85,194.0,470.0,4.1,0.5502514860539552
2026-04-21T14:52:46,04/21/202602:52,146.2,0.74,108.18799999999999,54.7,1.07,58.529,58.1,0.5,9.0,198.7,23796.0,45017.0,19.9,20.68,63.2,30.0,14.788,194.0,494.0,4.2,0.5409934558361372
2026-04-21T14:53:00,04/21/202602:53,146.53,0.73,106.9669,54.7,1.04,56.888000000000005,56.5,0.5,9.0,198.7,23796.0,45017.0,19.9,20.759999999999998,62.9,30.0,14.725999999999999,194.0,518.0,4.3,0.5318280701787189
2026-04-21T14:53:46,04/21/202602:53,146.74,0.72,105.6528,54.7,1.01,55.247,54.9,0.5,9.0,198.7,23796.0,45017.0,20.0,20.84,62.6,30.0,14.663999999999998,194.0,542.0,4.4,0.5229108930383293
2026-04-21T14:54:01,04/21/202602:54,146.95,0.72,105.80399999999999,54.7,1.0,54.7,54.4,0.5,9.0,198.7,23796.0,45017.0,20.0,20.919999999999998,62.3,30.0,14.601999999999999,194.0,566.0,4.5,0.5169936864390761
2026-04-21T14:54:46,04/21/202602:54,147.10999999999999,0.72,105.91919999999999,54.7,1.0,54.7,54.4,0.5,9.0,198.7,23796.0,45017.0,19.9,21.0,62.0,30.0,14.539999999999997,194.0,590.0,4.6,0.516431392986352
2026-04-21T14:55:00,04/21/202602:55,146.88,0.72,105.75359999999999,54.7,1.0,54.7,54.4,0.5,9.0,198.7,23796.0,45017.0,19.9,21.0,62.0,30.0,14.539999999999997,194.0,590.0,4.6,0.5172400750423627
2026-04-21T14:55:47,04/21/202602:55,147.07,0.71,104.41969999999999,54.7,1.01,55.247,54.9,0.5,9.0,198.7,23796.0,45017.0,19.9,21.0,62.0,30.0,14.539999999999997,194.0,590.0,4.6,0.5290859866481133
2026-04-21T14:56:01,04/21/202602:56,147.26,0.7,103.082,54.7,1.02,55.794000000000004,55.4,0.5,9.0,198.7,23796.0,45017.0,19.9,21.0,62.0,30.0,14.539999999999997,194.0,590.0,4.6,0.541258415630275
2026-04-21T14:56:46,04/21/202602:56,146.48,0.71,104.00079999999998,54.71,1.03,56.3513,55.9,0.5,9.0,198.7,23796.0,45017.0,19.9,21.0,62.0,30.0,14.539999999999997,194.0,590.0,4.6,0.5418352551134223
2026-04-21T14:57:00,04/21/202602:57,145.7,0.72,104.90399999999998,54.720000000000006,1.04,56.90880000000001,56.4,0.5,9.0,198.7,23796.0,45017.0,19.9,21.0,62.0,30.0,14.539999999999997,194.0,590.0,4.6,0.5424845573095403
2026-04-21T14:57:47,04/21/202602:57,144.87,0.74,107.2038,54.720000000000006,1.06,58.00320000000001,57.5,0.5,9.0,198.7,23796.0,45017.0,19.9,21.0,62.0,30.0,14.539999999999997,194.0,590.0,4.6,0.5410554476613703
2026-04-21T14:58:00,04/21/202602:58,144.04000000000002,0.76,109.47040000000001,54.720000000000006,1.08,59.09760000000001,58.6,0.5,9.0,198.7,23796.0,45017.0,19.9,21.0,62.0,30.0,14.539999999999997,194.0,590.0,4.6,0.5398500416550958
2026-04-21T14:58:47,04/21/202602:58,143.5,0.78,111.93,54.720000000000006,1.1199999999999999,61.2864,60.8,0.5,9.0,198.7,23796.0,45017.0,19.9,21.0,62.0,30.0,14.539999999999997,194.0,590.0,4.6,0.5475422138836773
2026-04-21T14:59:01,04/21/202602:59,142.95999999999998,0.8,114.368,54.720000000000006,1.16,63.4752,63.0,0.5,9.0,198.7,23796.0,45017.0,19.9,21.0,62.0,30.0,14.539999999999997,194.0,590.0,4.6,0.5550083939563515
2026-04-21T14:59:47,04/21/202602:59,142.3,0.8,113.84000000000002,54.720000000000006,1.16,63.4752,63.0,0.5,9.0,198.7,23796.0,45017.0,19.9,21.0,62.0,30.0,14.539999999999997,194.0,590.0,4.6,0.5575825720309205
2026-04-21T15:00:00,04/21/202603:00,141.64000000000001,0.8,113.31200000000001,54.720000000000006,1.16,63.4752,63.0,0.5,9.0,198.7,23796.0,45017.0,19.9,21.0,62.0,30.0,14.539999999999997,194.0,590.0,4.6,0.5601807399039819
2026-04-21T15:01:51,04/21/202603:01,141.16000000000003,0.8099999999999999,114.33960000000002,54.720000000000006,1.16,63.4752,63.0,0.5,9.0,198.7,23796.0,45017.0,19.9,21.04,61.9,30.0,14.620999999999999,194.5,585.0,4.67,0.5551462485438116
2026-04-21T15:02:00,04/21/202603:02,140.68,0.82,115.3576,54.720000000000006,1.16,63.4752,63.0,0.5,9.0,198.7,23796.0,45017.0,19.9,21.080000000000002,61.8,30.0,14.701999999999998,195.0,580.0,4.74,0.5502472312184026
2026-04-21T15:02:50,04/21/202603:02,140.72,0.82,115.39039999999999,54.71,1.1300000000000001,61.822300000000006,61.4,0.5,9.0,198.7,23796.0,45017.0,19.9,21.119999999999997,62.1,30.0,14.782999999999998,195.5,575.0,4.81,0.5357664069108004
2026-04-21T15:03:00,04/21/202603:03,140.76000000000002,0.82,115.42320000000001,54.7,1.1,60.17000000000001,59.8,0.5,9.0,198.7,23796.0,45017.0,19.9,21.16,62.4,30.0,14.863999999999999,196.0,570.0,4.88,0.5212990109440737
2026-04-21T15:03:51,04/21/202603:03,141.05,0.8099999999999999,114.2505,54.7,1.1,60.17000000000001,59.8,0.5,9.0,198.7,23796.0,45017.0,19.9,21.2,62.7,30.0,14.944999999999999,196.5,565.0,4.95,0.526649773961602
2026-04-21T15:04:00,04/21/202603:04,141.34,0.8,113.072,54.7,1.1,60.17000000000001,59.8,0.5,9.0,198.7,23796.0,45017.0,19.9,21.24,63.0,30.0,15.026,197.0,560.0,5.02,0.5321388142068771
2026-04-21T15:04:50,04/21/202603:04,141.59,0.78,110.4402,54.7,1.0699999999999998,58.528999999999996,58.1,0.5,9.0,198.7,23796.0,45017.0,19.9,21.279999999999998,63.3,30.0,15.107,197.5,555.0,5.09,0.5299610105740482
2026-04-21T15:05:57,04/21/202603:05,141.82999999999998,0.77,109.20909999999999,54.71,1.06,57.9926,57.5,0.5,9.0,198.7,23796.0,45017.0,19.9,21.32,63.6,30.0,15.187999999999999,198.0,550.0,5.159999999999999,0.5310235136082982
2026-04-21T15:06:00,04/21/202603:06,142.24,0.78,110.94720000000001,54.720000000000006,1.08,59.09760000000001,58.6,0.5,9.0,198.7,23796.0,45017.0,19.9,21.36,63.9,30.0,15.269,198.5,545.0,5.2299999999999995,0.5326641862074933
2026-04-21T15:06:58,04/21/202603:06,143.03,0.78,111.5634,54.720000000000006,1.08,59.09760000000001,58.6,0.5,9.0,198.7,23796.0,45017.0,19.9,21.4,64.2,30.0,15.35,199.0,540.0,5.3,0.5297221131661459
2026-04-21T15:07:00,04/21/202603:07,143.77,0.77,110.70290000000001,54.720000000000006,1.06,58.00320000000001,57.5,0.5,9.0,198.7,23796.0,45017.0,19.9,21.4,64.6,30.0,15.35,199.0,540.0,5.3,0.5239537536957026
2026-04-21T15:07:57,04/21/202603:07,144.42000000000002,0.77,111.20340000000002,54.720000000000006,1.03,56.36160000000001,55.9,0.5,9.0,198.7,23796.0,45017.0,19.9,21.4,65.0,30.0,15.35,199.0,540.0,5.3,0.5068334241578945
2026-04-21T15:08:00,04/21/202603:08,144.85999999999999,0.77,111.5422,54.720000000000006,1.03,56.36160000000001,55.9,0.5,9.0,198.7,23796.0,45017.0,19.9,21.4,65.0,30.0,15.35,199.0,540.0,5.3,0.505293960492083
2026-04-21T15:08:58,04/21/202603:08,145.13,0.77,111.7501,54.720000000000006,1.05,57.45600000000001,57.0,0.5,9.0,198.7,23796.0,45017.0,20.0,21.4,65.0,30.0,15.35,199.0,540.0,5.3,0.5141471909197397
2026-04-21T15:09:00,04/21/202603:09,145.37,0.77,111.93490000000001,54.720000000000006,1.05,57.45600000000001,57.0,0.5,9.0,198.7,23796.0,45017.0,20.0,21.4,65.0,30.0,15.35,199.0,540.0,5.3,0.5132983546686511
2026-04-21T15:09:57,04/21/202603:09,145.7,0.77,112.189,54.720000000000006,1.06,58.00320000000001,57.5,0.5,9.0,198.7,23796.0,45017.0,19.9,21.4,65.0,30.0,15.35,199.0,540.0,5.3,0.5170132544188825
2026-04-21T15:10:00,04/21/202603:10,145.9,0.78,113.802,54.720000000000006,1.08,59.09760000000001,58.6,0.5,9.0,198.7,23796.0,45017.0,19.9,21.4,65.0,30.0,15.35,199.0,540.0,5.3,0.5193019454842621
2026-04-21T15:10:58,04/21/202603:10,146.10999999999999,0.78,113.96579999999999,54.71,1.09,59.633900000000004,59.2,0.5,9.0,198.7,23796.0,45017.0,19.9,21.4,65.0,30.0,15.35,199.0,540.0,5.3,0.5232613643742247
2026-04-21T15:11:00,04/21/202603:11,146.32,0.78,114.1296,54.7,1.1,60.17000000000001,59.8,0.5,9.0,198.7,23796.0,45017.0,19.9,21.4,65.0,30.0,15.35,199.0,540.0,5.3,0.5272076656713071
2026-04-21T15:12:47,04/21/202603:12,145.53,0.79,114.96870000000001,54.7,1.1099999999999999,60.717,60.4,0.5,9.0,198.7,23796.0,45017.0,19.9,21.4,65.0,30.0,15.35,199.0,540.0,5.3,0.528117652891613
2026-04-21T15:12:57,04/21/202603:12,144.6,0.8,115.68,54.7,1.1,60.17000000000001,59.9,0.5,9.0,198.7,23796.0,45017.0,20.0,21.4,65.0,30.0,15.35,199.0,540.0,5.3,0.5201417704011065
2026-04-21T15:13:01,04/21/202603:13,143.76,0.8,115.008,54.7,1.1,60.17000000000001,59.9,0.5,9.0,198.7,23796.0,45017.0,20.0,21.4,65.0,30.0,15.35,199.0,540.0,5.3,0.5231809961046189
2026-04-21T15:13:58,04/21/202603:13,143.09,0.79,113.04110000000001,54.7,1.1099999999999999,60.717,60.4,0.5,9.0,198.7,23796.0,45017.0,19.9,21.4,65.0,30.0,15.35,199.0,540.0,5.3,0.5371232233231983
2026-04-21T15:14:01,04/21/202603:14,142.59,0.78,111.2202,54.7,1.1,60.17000000000001,59.8,0.5,9.0,198.7,23796.0,45017.0,19.9,21.4,65.0,30.0,15.35,199.0,540.0,5.3,0.5409988473316898
2026-04-21T15:14:57,04/21/202603:14,142.09,0.78,110.8302,54.7,1.1099999999999999,60.717,60.3,0.5,9.0,198.7,23796.0,45017.0,19.9,21.4,65.0,30.0,15.35,199.0,540.0,5.3,0.5478380441432028
2026-04-21T15:15:00,04/21/202603:15,141.5,0.78,110.37,54.7,1.1099999999999999,60.717,60.3,0.5,9.0,198.7,23796.0,45017.0,19.9,21.4,65.0,30.0,15.35,199.0,540.0,5.3,0.5501223158466975
2026-04-21T15:15:57,04/21/202603:15,140.88,0.78,109.8864,54.71,1.1,60.181000000000004,59.8,0.5,9.0,198.7,23796.0,45017.0,19.9,21.33,65.0,30.0,15.431000000000001,199.0,510.0,5.279999999999999,0.5476655891902912
2026-04-21T15:16:01,04/21/202603:16,140.26,0.78,109.4028,54.720000000000006,1.08,59.09760000000001,58.7,0.5,9.0,198.7,23796.0,45017.0,19.9,21.259999999999998,65.0,30.0,15.512,199.0,480.0,5.26,0.5401836150445876
2026-04-21T15:16:58,04/21/202603:16,139.63,0.78,108.9114,54.720000000000006,1.0699999999999998,58.550399999999996,58.1,0.5,9.0,198.7,23796.0,45017.0,19.9,21.189999999999998,65.0,30.0,15.593,199.0,450.0,5.24,0.5375966152303615
2026-04-21T15:17:01,04/21/202603:17,139.62,0.78,108.90360000000001,54.720000000000006,1.08,59.09760000000001,58.6,0.5,9.0,198.7,23796.0,45017.0,19.9,21.119999999999997,65.0,30.0,15.674000000000001,199.0,420.0,5.22,0.5426597467852302
2026-04-21T15:17:58,04/21/202603:17,139.74,0.78,108.9972,54.720000000000006,1.1,60.192000000000014,59.7,0.5,9.0,198.7,23796.0,45017.0,20.0,21.05,65.0,30.0,15.755,199.0,390.0,5.2,0.5522343693232488
2026-04-21T15:18:01,04/21/202603:18,139.85999999999999,0.78,109.09079999999999,54.720000000000006,1.1199999999999999,61.2864,60.8,0.5,9.0,198.7,23796.0,45017.0,20.0,20.979999999999997,65.0,30.0,15.836000000000002,199.0,360.0,5.18,0.5617925617925619
2026-04-21T15:18:58,04/21/202603:18,140.01,0.79,110.6079,54.720000000000006,1.1300000000000001,61.83360000000001,61.4,0.5,9.0,198.7,23796.0,45017.0,19.9,20.91,65.0,30.0,15.916999999999998,199.0,330.0,5.159999999999999,0.5590342100338223
2026-04-21T15:19:01,04/21/202603:19,140.16,0.8,112.128,54.720000000000006,1.1400000000000001,62.380800000000015,62.0,0.5,9.0,198.7,23796.0,45017.0,19.9,20.839999999999996,65.0,30.0,15.998,199.0,300.0,5.14,0.5563356164383563
2026-04-21T15:19:58,04/21/202603:19,140.41,0.79,110.9239,54.720000000000006,1.1099999999999999,60.7392,60.4,0.5,9.0,198.7,23796.0,45017.0,19.9,20.77,65.0,30.0,16.079,199.0,270.0,5.119999999999999,0.5475754098079855
2026-04-21T15:20:00,04/21/202603:20,140.66,0.78,109.7148,54.720000000000006,1.08,59.09760000000001,58.8,0.5,9.0,198.7,23796.0,45017.0,19.9,20.7,65.0,30.0,16.16,199.0,240.0,5.1,0.5386474750899606
2026-04-21T15:20:57,04/21/202603:20,140.98,0.78,109.9644,54.71,1.08,59.086800000000004,58.8,0.5,9.0,198.7,23796.0,45017.0,19.9,20.7,65.0,30.0,16.16,199.0,240.0,5.1,0.5373266257079564
2026-04-21T15:21:01,04/21/202603:21,141.3,0.78,110.21400000000001,54.7,1.08,59.07600000000001,58.8,0.5,9.0,198.7,23796.0,45017.0,19.9,20.7,65.0,30.0,16.16,199.0,240.0,5.1,0.5360117589416953
2026-04-21T15:21:58,04/21/202603:21,141.73,0.78,110.54939999999999,54.7,1.09,59.623000000000005,59.4,0.5,10.0,198.7,23796.0,45017.0,19.9,20.7,65.0,30.0,16.16,199.0,240.0,5.1,0.5393335468125563
2026-04-21T15:22:01,04/21/202603:22,142.16,0.78,110.8848,54.7,1.1,60.17000000000001,60.0,0.5,10.0,198.7,23796.0,45017.0,19.9,20.7,65.0,30.0,16.16,199.0,240.0,5.1,0.5426352394557235
2026-04-21T15:23:59,04/21/202603:23,142.70999999999998,0.78,111.31379999999999,54.7,1.1,60.17000000000001,60.0,0.5,10.0,198.7,23796.0,45017.0,19.9,20.7,65.0,30.0,16.16,199.0,240.0,5.1,0.540543939745117
2026-04-21T15:24:01,04/21/202603:24,143.26,0.78,111.7428,54.7,1.1,60.17000000000001,60.0,0.5,10.0,198.7,23796.0,45017.0,19.9,20.7,65.0,30.0,16.16,199.0,240.0,5.1,0.5384686977594978
2026-04-21T15:24:58,04/21/202603:24,143.67000000000002,0.77,110.62590000000002,54.7,1.09,59.623000000000005,59.4,0.5,10.0,198.7,23796.0,45017.0,20.0,20.7,65.0,30.0,16.16,199.0,240.0,5.1,0.5389605869873149
2026-04-21T15:26:00,04/21/202603:26,144.16,0.76,109.5616,54.7,1.09,59.623000000000005,59.4,0.5,10.0,198.7,23796.0,45017.0,19.9,20.7,65.0,30.0,16.16,199.0,240.0,5.1,0.5441961417138852
2026-04-21T15:27:01,04/21/202603:27,144.19,0.77,111.0263,54.7,1.12,61.26400000000001,61.0,0.5,10.0,198.7,23796.0,45017.0,19.9,20.7,65.0,30.0,16.16,199.0,240.0,5.1,0.5517971867926789
2026-04-21T15:28:00,04/21/202603:28,144.27,0.77,111.0879,54.7,1.1400000000000001,62.35800000000001,62.1,0.5,10.0,198.7,23796.0,45017.0,19.9,20.7,65.0,30.0,16.16,199.0,240.0,5.1,0.5613392637722021
2026-04-21T15:28:26,04/21/202603:28,144.34,0.77,111.1418,54.7,1.1300000000000001,61.81100000000001,61.5,0.5,10.0,198.7,23796.0,45017.0,19.9,20.7,65.0,30.0,16.16,199.0,240.0,5.1,0.5561453926425521
2026-04-21T15:29:00,04/21/202603:29,144.41,0.77,111.1957,54.7,1.12,61.26400000000001,60.9,0.5,10.0,198.7,23796.0,45017.0,19.9,20.7,65.0,30.0,16.16,199.0,240.0,5.1,0.5509565567733286
2026-04-21T15:29:26,04/21/202603:29,144.45,0.76,109.782,54.7,1.07,58.529,58.1,0.5,10.0,198.7,23796.0,45017.0,19.9,20.7,65.0,30.0,16.16,199.0,240.0,5.1,0.5331384015594542
2026-04-21T15:30:00,04/21/202603:30,144.49,0.75,108.3675,54.7,1.02,55.794000000000004,55.3,0.5,10.0,198.7,23796.0,45017.0,19.9,20.7,65.0,30.0,16.16,199.0,240.0,5.1,0.5148591598034467
2026-04-21T15:30:27,04/21/202603:30,144.44,0.74,106.8856,54.7,1.01,55.247,54.7,0.5,10.0,198.7,23796.0,45017.0,19.9,20.7,65.0,30.0,16.073,197.8,263.0,5.1,0.5168797293554979
2026-04-21T15:31:00,04/21/202603:31,144.39000000000001,0.73,105.4047,54.7,1.0,54.7,54.1,0.5,10.0,198.7,23796.0,45017.0,19.9,20.7,65.0,30.0,15.986,196.6,286.0,5.1,0.5189521909364573
2026-04-21T15:31:26,04/21/202603:31,144.16,0.73,105.23679999999999,54.7,1.0,54.7,54.1,0.5,10.0,198.7,23796.0,45017.0,19.9,20.66,65.1,30.0,15.916999999999998,195.2,299.0,5.04,0.5197801529502989
2026-04-21T15:32:01,04/21/202603:32,143.85,0.73,105.0105,54.7,0.99,54.153000000000006,53.5,0.5,10.0,198.7,23796.0,45017.0,19.9,20.619999999999997,65.2,30.0,15.847999999999999,193.8,312.0,4.9799999999999995,0.5156912880140558
2026-04-21T15:32:27,04/21/202603:32,143.99,0.72,103.67280000000001,54.7,0.97,53.059000000000005,52.4,0.5,10.0,198.7,23796.0,45017.0,19.9,20.580000000000002,65.3,30.0,15.779,192.4,325.0,4.92,0.5117928714185399
2026-04-21T15:33:00,04/21/202603:33,144.07999999999998,0.72,103.73759999999999,54.7,0.96,52.512,51.8,0.5,10.0,198.7,23796.0,45017.0,19.9,20.54,65.4,30.0,15.709999999999999,191.0,338.0,4.859999999999999,0.5062002591153064
2026-04-21T15:33:26,04/21/202603:33,144.22,0.71,102.3962,54.7,0.97,53.059000000000005,52.4,0.5,10.0,198.7,23796.0,45017.0,19.9,20.5,65.5,30.0,15.641,189.6,351.0,4.8,0.5181735259706904
2026-04-21T15:35:09,04/21/202603:35,144.49,0.69,99.6981,54.7,0.93,50.871,50.2,0.5,10.0,198.7,23796.0,45017.0,20.0,20.46,65.6,30.0,15.572,188.2,364.0,4.74,0.5102504460967662
2026-04-21T15:35:26,04/21/202603:35,144.5,0.7,101.14999999999999,54.7,0.95,51.965,51.3,0.5,10.0,198.7,23796.0,45017.0,19.9,20.419999999999998,66.2,30.0,15.503,186.8,377.0,4.68,0.5137419673751854
2026-04-21T15:36:01,04/21/202603:36,144.51,0.71,102.6021,54.7,0.97,53.059000000000005,52.4,0.5,10.0,198.7,23796.0,45017.0,19.9,20.380000000000003,66.8,30.0,15.434000000000001,185.4,390.0,4.62,0.5171336649054942
2026-04-21T15:36:26,04/21/202603:36,144.67000000000002,0.72,104.1624,54.71,0.9800000000000001,53.61580000000001,53.0,0.5,10.0,198.7,23796.0,45017.0,19.9,20.34,67.4,30.0,15.452000000000002,185.2,380.0,4.5600000000000005,0.5147327634539911
2026-04-21T15:37:01,04/21/202603:37,144.82999999999998,0.73,105.72589999999998,54.720000000000006,0.99,54.1728,53.6,0.5,10.0,198.7,23796.0,45017.0,19.9,20.3,68.0,30.0,15.470000000000002,185.0,370.0,4.5,0.5123891118448745
2026-04-21T15:37:27,04/21/202603:37,144.92000000000002,0.74,107.24080000000001,54.720000000000006,1.02,55.814400000000006,55.3,0.5,10.0,198.7,23796.0,45017.0,19.9,20.3,68.5,30.0,15.470000000000002,185.0,370.0,4.5,0.5204586314164013
2026-04-21T15:38:01,04/21/202603:38,145.01,0.75,108.7575,54.720000000000006,1.05,57.45600000000001,57.0,0.5,10.0,198.7,23796.0,45017.0,19.9,20.3,69.0,30.0,15.470000000000002,185.0,370.0,4.5,0.5282946003723883
2026-04-21T15:38:26,04/21/202603:38,145.07999999999998,0.75,108.80999999999999,54.720000000000006,1.05,57.45600000000001,57.0,0.5,10.0,198.7,23796.0,45017.0,19.9,20.3,69.5,30.0,15.470000000000002,185.0,370.0,4.5,0.5280397022332508
2026-04-21T15:39:01,04/21/202603:39,145.15,0.75,108.86250000000001,54.720000000000006,1.05,57.45600000000001,57.0,0.5,10.0,198.7,23796.0,45017.0,19.9,20.3,70.0,30.0,15.470000000000002,185.0,370.0,4.5,0.5277850499483293
2026-04-21T15:39:27,04/21/202603:39,145.12,0.76,110.2912,54.720000000000006,1.04,56.90880000000001,56.4,0.5,10.0,198.7,23796.0,45017.0,19.9,20.3,70.5,30.0,15.470000000000002,185.0,370.0,4.5,0.5159867695700111
2026-04-21T15:40:01,04/21/202603:40,144.95999999999998,0.78,113.06879999999998,54.720000000000006,1.08,59.09760000000001,58.6,0.5,10.0,198.7,23796.0,45017.0,19.9,20.3,71.0,30.0,15.470000000000002,185.0,370.0,4.5,0.522669383596536
2026-04-21T15:40:27,04/21/202603:40,144.8,0.78,112.94400000000002,54.720000000000006,1.09,59.64480000000001,59.2,0.5,10.0,198.7,23796.0,45017.0,20.0,20.3,71.0,30.0,15.470000000000002,185.0,370.0,4.5,0.5280917977050574
2026-04-21T15:41:01,04/21/202603:41,144.64000000000001,0.78,112.81920000000001,54.720000000000006,1.1,60.192000000000014,59.8,0.5,10.0,198.7,23796.0,45017.0,20.0,20.3,71.0,30.0,15.470000000000002,185.0,370.0,4.5,0.5335262083049694
2026-04-21T15:41:26,04/21/202603:41,144.31,0.78,112.5618,54.71,1.12,61.275200000000005,60.9,0.5,10.0,198.7,23796.0,45017.0,19.9,20.3,71.0,30.0,15.470000000000002,185.0,370.0,4.5,0.5443694041850788
2026-04-21T15:42:01,04/21/202603:42,143.98000000000002,0.78,112.30440000000002,54.7,1.1400000000000001,62.35800000000001,62.0,0.5,10.0,198.7,23796.0,45017.0,19.9,20.3,71.0,30.0,15.470000000000002,185.0,370.0,4.5,0.555258743201513
2026-04-21T15:42:26,04/21/202603:42,144.13000000000002,0.77,110.98010000000002,54.7,1.1,60.17000000000001,59.8,0.5,10.0,198.7,23796.0,45017.0,20.0,20.3,71.0,30.0,15.470000000000002,185.0,370.0,4.5,0.5421692717883656
2026-04-21T15:43:01,04/21/202603:43,144.28000000000003,0.76,109.65280000000003,54.7,1.06,57.982000000000006,57.6,0.5,10.0,198.7,23796.0,45017.0,20.0,20.3,71.0,30.0,15.470000000000002,185.0,370.0,4.5,0.528778106897407
2026-04-21T15:43:26,04/21/202603:43,144.42000000000002,0.76,109.7592,54.7,1.06,57.982000000000006,57.6,0.5,10.0,198.7,23796.0,45017.0,19.9,20.3,71.0,30.0,15.470000000000002,185.0,370.0,4.5,0.5282655121393013
2026-04-21T15:44:01,04/21/202603:44,144.56,0.76,109.8656,54.7,1.06,57.982000000000006,57.6,0.5,10.0,198.7,23796.0,45017.0,19.9,20.3,71.0,30.0,15.470000000000002,185.0,370.0,4.5,0.5277539102321382
2026-04-21T15:44:26,04/21/202603:44,144.49,0.76,109.81240000000001,54.7,1.05,57.435,57.1,0.5,10.0,198.7,23796.0,45017.0,19.9,20.3,71.0,30.0,15.470000000000002,185.0,370.0,4.5,0.5230283647384084
2026-04-21T15:46:21,04/21/202603:46,144.28,0.76,109.6528,54.7,1.07,58.529,58.2,0.5,10.0,198.7,23796.0,45017.0,19.9,20.3,71.0,30.0,15.470000000000002,185.0,370.0,4.5,0.5337665796039864
2026-04-21T15:46:27,04/21/202603:46,144.4,0.76,109.744,54.7,1.08,59.07600000000001,58.7,0.5,10.0,198.7,23796.0,45017.0,19.9,20.18,71.1,30.0,15.427000000000001,185.0,343.0,4.43,0.5383073334305293
2026-04-21T15:47:00,04/21/202603:47,144.52,0.76,109.83520000000001,54.7,1.09,59.623000000000005,59.2,0.5,10.0,198.7,23796.0,45017.0,19.9,20.060000000000002,71.2,30.0,15.384,185.0,316.0,4.36,0.5428405465643072
2026-04-21T15:47:27,04/21/202603:47,144.57999999999998,0.75,108.43499999999999,54.7,1.06,57.982000000000006,57.5,0.5,10.0,198.7,23796.0,45017.0,19.9,19.94,71.3,30.0,15.341,185.0,289.0,4.29,0.5347166505279661
2026-04-21T15:48:01,04/21/202603:48,144.64000000000001,0.74,107.0336,54.7,1.03,56.341,55.8,0.5,10.0,198.7,23796.0,45017.0,19.9,19.82,71.4,30.0,15.297999999999998,185.0,262.0,4.220000000000001,0.5263861067926333
2026-04-21T15:48:27,04/21/202603:48,144.28,0.75,108.21000000000001,54.7,1.05,57.435,56.9,0.5,10.0,198.7,23796.0,45017.0,19.9,19.7,71.5,30.0,15.255,185.0,235.0,4.15,0.5307734959800388
2026-04-21T15:49:00,04/21/202603:49,143.92000000000002,0.76,109.37920000000001,54.7,1.0699999999999998,58.528999999999996,58.0,0.5,10.0,198.7,23796.0,45017.0,19.9,19.580000000000002,71.6,30.0,15.212,185.0,208.0,4.08,0.5351017378075538
2026-04-21T15:49:26,04/21/202603:49,143.58999999999997,0.77,110.56429999999999,54.7,1.05,57.435,56.9,0.5,10.0,198.7,23796.0,45017.0,19.9,19.46,71.7,30.0,15.169,185.0,181.0,4.01,0.5194714749697688
2026-04-21T15:50:01,04/21/202603:50,143.26,0.78,111.7428,54.7,1.03,56.341,55.8,0.5,10.0,198.7,23796.0,45017.0,19.9,19.34,71.8,30.0,15.126,185.0,154.0,3.94,0.5042025079020751
2026-04-21T15:50:27,04/21/202603:50,143.19,0.77,110.2563,54.7,1.04,56.888000000000005,56.3,0.5,10.0,198.7,23796.0,45017.0,19.9,19.220000000000002,71.9,30.0,15.082999999999998,185.0,127.0,3.8699999999999997,0.5159614461940044
2026-04-21T15:51:00,04/21/202603:51,143.26,0.76,108.8776,54.7,1.02,55.794000000000004,55.2,0.5,10.0,198.7,23796.0,45017.0,19.9,19.1,72.0,30.0,15.039999999999997,185.0,100.0,3.8,0.512447004709876
2026-04-21T15:51:26,04/21/202603:51,143.43,0.76,109.00680000000001,54.7,1.03,56.341,55.8,0.5,10.0,198.7,23796.0,45017.0,19.9,19.1,72.0,30.0,15.039999999999997,185.0,100.0,3.8,0.5168576639255532
2026-04-21T15:52:00,04/21/202603:52,143.6,0.76,109.136,54.7,1.04,56.888000000000005,56.4,0.5,10.0,198.7,23796.0,45017.0,19.9,19.1,72.0,30.0,15.039999999999997,185.0,100.0,3.8,0.5212578800762352
2026-04-21T15:52:26,04/21/202603:52,143.82,0.76,109.30319999999999,54.7,1.05,57.435,57.0,0.5,10.0,198.7,23796.0,45017.0,19.9,19.1,72.0,30.0,15.039999999999997,185.0,100.0,3.8,0.5254649452166086
2026-04-21T15:53:00,04/21/202603:53,144.04000000000002,0.76,109.47040000000001,54.7,1.06,57.982000000000006,57.6,0.5,10.0,198.7,23796.0,45017.0,19.9,19.1,72.0,30.0,15.039999999999997,185.0,100.0,3.8,0.5296591590055394
2026-04-21T15:53:27,04/21/202603:53,144.32999999999998,0.75,108.24749999999999,54.7,1.06,57.982000000000006,57.6,0.5,10.0,198.7,23796.0,45017.0,19.9,19.1,72.0,30.0,15.039999999999997,185.0,100.0,3.8,0.5356428554931986
2026-04-21T15:54:00,04/21/202603:54,144.62,0.74,107.0188,54.7,1.06,57.982000000000006,57.6,0.5,10.0,198.7,23796.0,45017.0,19.9,19.1,72.0,30.0,15.039999999999997,185.0,100.0,3.8,0.5417926569911081
2026-04-21T15:54:27,04/21/202603:54,144.95999999999998,0.74,107.27039999999998,54.7,1.08,59.07600000000001,58.7,0.5,10.0,198.7,23796.0,45017.0,19.9,19.1,72.0,30.0,15.039999999999997,185.0,100.0,3.8,0.5507204224091643
2026-04-21T15:55:00,04/21/202603:55,145.3,0.74,107.522,54.7,1.1,60.17000000000001,59.8,0.5,10.0,198.7,23796.0,45017.0,19.9,19.1,72.0,30.0,15.039999999999997,185.0,100.0,3.8,0.5596064061308383
2026-04-21T15:55:27,04/21/202603:55,145.44,0.75,109.08,54.7,1.11,60.717000000000006,60.4,0.5,10.0,198.7,23796.0,45017.0,19.9,19.1,72.0,30.0,15.039999999999997,185.0,100.0,3.8,0.5566281628162817
2026-04-21T15:56:00,04/21/202603:56,145.57999999999998,0.76,110.64079999999998,54.7,1.12,61.26400000000001,61.0,0.5,10.0,198.7,23796.0,45017.0,19.9,19.1,72.0,30.0,15.039999999999997,185.0,100.0,3.8,0.5537197851063985
2026-04-21T15:57:33,04/21/202603:57,145.31,0.76,110.43560000000001,54.7,1.11,60.717000000000006,60.4,0.5,10.0,198.7,23796.0,45017.0,19.9,19.1,72.0,30.0,15.039999999999997,185.0,100.0,3.8,0.5497955369464195
2026-04-21T15:58:00,04/21/202603:58,145.04000000000002,0.76,110.23040000000002,54.7,1.1,60.17000000000001,59.8,0.5,10.0,198.7,23796.0,45017.0,19.9,19.1,72.0,30.0,15.039999999999997,185.0,100.0,3.8,0.5458566783754754
2026-04-21T15:58:27,04/21/202603:58,144.7,0.77,111.419,54.71,1.1099999999999999,60.72809999999999,60.3,0.5,10.0,198.7,23796.0,45017.0,19.9,19.1,72.0,30.0,15.039999999999997,185.0,100.0,3.8,0.5450425869914466
2026-04-21T15:59:01,04/21/202603:59,144.35999999999999,0.78,112.60079999999999,54.720000000000006,1.1199999999999999,61.2864,60.8,0.5,10.0,198.7,23796.0,45017.0,19.9,19.1,72.0,30.0,15.039999999999997,185.0,100.0,3.8,0.5442803248289533
2026-04-21T15:59:26,04/21/202603:59,144.81,0.78,112.9518,54.73,1.09,59.6557,59.7,0.5,10.0,198.7,23796.0,45017.0,19.9,19.1,72.0,30.0,15.039999999999997,185.0,100.0,3.8,0.5281518311350505
2026-04-21T16:00:01,04/21/202604:00,145.26,0.78,113.30279999999999,54.739999999999995,1.06,58.0244,58.6,0.5,10.0,198.7,23796.0,45017.0,19.9,19.1,72.0,30.0,15.039999999999997,185.0,100.0,3.8,0.5121179706061987
2026-04-21T16:00:27,04/21/202604:00,145.65,0.77,112.15050000000001,54.739999999999995,1.06,58.0244,58.6,0.5,10.0,198.7,23796.0,45017.0,19.9,19.1,72.0,30.0,15.039999999999997,185.0,100.0,3.8,0.517379770932809
2026-04-21T16:01:00,04/21/202604:01,146.04000000000002,0.76,110.99040000000002,54.739999999999995,1.06,58.0244,58.6,0.5,10.0,198.7,23796.0,45017.0,19.9,19.1,72.0,30.0,15.039999999999997,185.0,100.0,3.8,0.5227875564012743
2026-04-21T16:01:26,04/21/202604:01,146.51,0.76,111.3476,54.739999999999995,1.06,58.0244,58.6,0.5,10.0,198.7,23796.0,45017.0,19.9,19.14,72.1,30.0,14.989999999999998,185.6,112.0,3.75,0.5211104684788895
2026-04-21T16:02:01,04/21/202604:02,146.98,0.76,111.70479999999999,54.739999999999995,1.06,58.0244,58.6,0.5,10.0,198.7,23796.0,45017.0,19.9,19.18,72.2,30.0,14.939999999999998,186.2,124.0,3.7,0.5194441062514772
2026-04-21T16:02:27,04/21/202604:02,147.49,0.75,110.6175,54.739999999999995,1.05,57.477,58.1,0.5,10.0,198.7,23796.0,45017.0,19.9,19.220000000000002,72.3,30.0,14.889999999999997,186.8,136.0,3.65,0.5196013289036544
2026-04-21T16:03:00,04/21/202604:03,148.0,0.74,109.52,54.739999999999995,1.04,56.92959999999999,57.6,0.5,10.0,198.7,23796.0,45017.0,19.9,19.26,72.4,30.0,14.839999999999998,187.4,148.0,3.6,0.5198100803506208
2026-04-21T16:03:27,04/21/202604:03,148.47,0.73,108.3831,54.73,1.03,56.3719,57.1,0.5,10.0,198.7,23796.0,45017.0,19.9,19.3,72.5,30.0,14.789999999999997,188.0,160.0,3.55,0.5201170662215788
2026-04-21T16:04:01,04/21/202604:04,148.94,0.72,107.23679999999999,54.720000000000006,1.02,55.814400000000006,56.6,0.5,10.0,198.7,23796.0,45017.0,19.9,19.34,72.6,30.0,14.739999999999998,188.6,172.0,3.5,0.5204780448502754
2026-04-21T16:04:27,04/21/202604:04,147.91,0.74,109.4534,54.71,1.05,57.4455,57.7,0.5,10.0,198.7,23796.0,45017.0,19.9,19.380000000000003,72.7,30.0,14.689999999999998,189.2,184.0,3.45,0.5248397948350623
2026-04-21T16:05:00,04/21/202604:05,146.88,0.76,111.6288,54.7,1.08,59.07600000000001,58.8,0.5,10.0,198.7,23796.0,45017.0,19.9,19.419999999999998,72.8,30.0,14.639999999999997,189.8,196.0,3.4,0.52921826625387
2026-04-21T16:05:27,04/21/202604:05,146.48,0.76,111.3248,54.7,1.08,59.07600000000001,58.8,0.5,10.0,198.7,23796.0,45017.0,19.9,19.46,72.9,30.0,14.589999999999998,190.4,208.0,3.35,0.5306634280950876
2026-04-21T16:06:01,04/21/202604:06,146.07999999999998,0.76,111.0208,54.7,1.08,59.07600000000001,58.8,0.5,10.0,198.7,23796.0,45017.0,19.9,19.5,73.0,30.0,14.539999999999997,191.0,220.0,3.3,0.5321165042946908
2026-04-21T16:06:27,04/21/202604:06,145.27,0.75,108.95250000000001,54.7,1.07,58.529,58.2,0.5,10.0,198.7,23796.0,45017.0,20.0,19.5,73.0,30.0,14.539999999999997,191.0,220.0,3.3,0.5371974025378031
2026-04-21T16:07:01,04/21/202604:07,144.45999999999998,0.74,106.90039999999999,54.7,1.06,57.982000000000006,57.6,0.5,10.0,198.7,23796.0,45017.0,20.0,19.5,73.0,30.0,14.539999999999997,191.0,220.0,3.3,0.5423927319261669
2026-04-21T16:08:45,04/21/202604:08,144.27,0.74,106.75980000000001,54.7,1.06,57.982000000000006,57.6,0.5,10.0,198.7,23796.0,45017.0,19.9,19.5,73.0,30.0,14.539999999999997,191.0,220.0,3.3,0.543107049657268
2026-04-21T16:09:01,04/21/202604:09,144.08,0.74,106.6192,54.7,1.06,57.982000000000006,57.6,0.5,10.0,198.7,23796.0,45017.0,19.9,19.5,73.0,30.0,14.539999999999997,191.0,220.0,3.3,0.5438232513468494
2026-04-21T16:09:26,04/21/202604:09,143.93,0.75,107.9475,54.7,1.05,57.435,57.0,0.5,10.0,198.7,23796.0,45017.0,19.9,19.5,73.0,30.0,14.539999999999997,191.0,220.0,3.3,0.5320641978739665
2026-04-21T16:10:01,04/21/202604:10,143.78000000000003,0.76,109.27280000000002,54.7,1.04,56.888000000000005,56.4,0.5,10.0,198.7,23796.0,45017.0,19.9,19.5,73.0,30.0,14.539999999999997,191.0,220.0,3.3,0.5206053107452174
2026-04-21T16:10:27,04/21/202604:10,143.69,0.75,107.7675,54.7,1.03,56.341,55.8,0.5,10.0,198.7,23796.0,45017.0,19.9,19.5,73.0,30.0,14.539999999999997,191.0,220.0,3.3,0.5228014011645441
2026-04-21T16:11:00,04/21/202604:11,143.6,0.74,106.264,54.7,1.02,55.794000000000004,55.2,0.5,10.0,198.7,23796.0,45017.0,19.9,19.5,73.0,30.0,14.539999999999997,191.0,220.0,3.3,0.5250508168335467
2026-04-21T16:11:27,04/21/202604:11,143.05,0.74,105.85700000000001,54.7,1.02,55.794000000000004,55.2,0.5,10.0,198.7,23796.0,45017.0,19.9,19.5,73.0,30.0,14.539999999999997,191.0,220.0,3.3,0.5270695372058531
2026-04-21T16:12:01,04/21/202604:12,142.5,0.74,105.45,54.7,1.02,55.794000000000004,55.2,0.5,10.0,198.7,23796.0,45017.0,19.9,19.5,73.0,30.0,14.539999999999997,191.0,220.0,3.3,0.529103840682788
2026-04-21T16:12:27,04/21/202604:12,142.73,0.73,104.1929,54.69,1.01,55.2369,54.7,0.5,10.0,198.7,23796.0,45017.0,19.9,19.5,73.0,30.0,14.539999999999997,191.0,220.0,3.3,0.5301407293587184
2026-04-21T16:13:01,04/21/202604:13,142.95999999999998,0.72,102.93119999999998,54.68000000000001,1.0,54.68000000000001,54.2,0.5,10.0,198.7,23796.0,45017.0,19.9,19.5,73.0,30.0,14.539999999999997,191.0,220.0,3.3,0.5312286265000313
2026-04-21T16:13:27,04/21/202604:13,142.77,0.72,102.79440000000001,54.68000000000001,1.0,54.68000000000001,54.2,0.5,10.0,198.7,23796.0,45017.0,19.9,19.5,73.0,30.0,14.539999999999997,191.0,220.0,3.3,0.5319355918221226
2026-04-21T16:14:57,04/21/202604:14,142.84,0.73,104.2732,54.68000000000001,0.99,54.13320000000001,53.6,0.5,10.0,198.7,23796.0,45017.0,19.9,19.5,73.0,30.0,14.539999999999997,191.0,220.0,3.3,0.5191477771853171
2026-04-21T16:15:01,04/21/202604:15,142.99,0.73,104.3827,54.68000000000001,0.99,54.13320000000001,53.6,0.5,10.0,198.7,23796.0,45017.0,19.9,19.5,73.0,30.0,14.539999999999997,191.0,220.0,3.3,0.5186031784960535
2026-04-21T16:15:56,04/21/202604:15,142.45,0.72,102.564,54.68000000000001,0.9800000000000001,53.58640000000001,53.1,0.5,10.0,198.7,23796.0,45017.0,19.9,19.5,73.0,30.0,14.539999999999997,191.0,220.0,3.3,0.5224679224679226
2026-04-21T16:16:00,04/21/202604:16,142.62,0.71,101.2602,54.68000000000001,0.97,53.03960000000001,52.6,0.5,10.0,198.7,23796.0,45017.0,19.9,19.5,73.0,30.0,14.539999999999997,191.0,220.0,3.3,0.5237951337248001
2026-04-21T16:16:56,04/21/202604:16,143.34,0.7,100.338,54.68000000000001,0.97,53.03960000000001,52.6,0.5,10.0,198.7,23796.0,45017.0,19.9,19.52,73.1,30.0,14.688999999999998,190.7,236.0,3.2600000000000002,0.5286093005640935
2026-04-21T16:17:00,04/21/202604:17,143.81,0.7,100.667,54.68000000000001,0.97,53.03960000000001,52.6,0.5,10.0,198.7,23796.0,45017.0,19.9,19.54,73.2,30.0,14.838,190.4,252.0,3.2199999999999998,0.5268816990672217
2026-04-21T16:18:12,04/21/202604:18,144.52,0.69,99.7188,54.68000000000001,0.96,52.4928,52.1,0.5,10.0,198.7,23796.0,45017.0,19.9,19.56,73.3,30.0,14.987,190.1,268.0,3.1799999999999997,0.5264082600271965
2026-04-21T16:19:57,04/21/202604:19,144.77,0.7,101.339,54.69,0.97,53.049299999999995,52.6,0.5,11.0,198.7,23796.0,45017.0,19.9,19.580000000000002,73.4,30.0,15.136000000000001,189.8,284.0,3.1399999999999997,0.5234835551959265
2026-04-21T16:20:00,04/21/202604:20,145.02,0.71,102.9642,54.7,0.9800000000000001,53.60600000000001,53.1,0.5,11.0,198.7,23796.0,45017.0,19.9,19.6,73.5,30.0,15.285,189.5,300.0,3.1,0.5206275579279012
2026-04-21T16:20:12,04/21/202604:20,144.51,0.71,102.6021,54.71,0.9400000000000001,51.427400000000006,50.9,0.5,11.0,198.7,23796.0,45017.0,19.9,19.619999999999997,73.6,30.0,15.434000000000001,189.2,316.0,3.0599999999999996,0.5012314562762361
2026-04-21T16:20:52,04/21/202604:20,143.64000000000001,0.71,101.98440000000001,54.71,0.95,51.9745,51.5,0.6,11.0,198.7,23796.0,45017.0,19.9,19.64,73.7,30.0,15.583000000000002,188.9,332.0,3.02,0.5096318652656681
2026-04-21T16:21:00,04/21/202604:21,142.77,0.71,101.36670000000001,54.71,0.96,52.5216,52.1,0.6,11.0,198.7,23796.0,45017.0,19.9,19.66,73.8,30.0,15.732,188.6,348.0,2.9799999999999995,0.5181346536880455
2026-04-21T16:21:51,04/21/202604:21,142.76,0.71,101.35959999999999,54.71,0.96,52.5216,52.1,0.6,11.0,198.7,23796.0,45017.0,19.9,19.68,73.9,30.0,15.881,188.3,364.0,2.94,0.5181709477937956
2026-04-21T16:22:01,04/21/202604:22,142.75,0.71,101.35249999999999,54.71,0.96,52.5216,52.1,0.6,11.0,198.7,23796.0,45017.0,19.9,19.7,74.0,30.0,16.03,188.0,380.0,2.9,0.5182072469845342
2026-04-21T16:22:04,04/21/202604:22,142.06,0.72,102.2832,54.71,0.96,52.5216,52.1,0.6,11.0,198.7,23796.0,45017.0,19.9,19.7,74.0,30.0,16.03,188.0,380.0,2.9,0.5134919517574734
2026-04-21T16:23:00,04/21/202604:23,141.37,0.73,103.2001,54.71,0.96,52.5216,52.1,0.6,11.0,198.7,23796.0,45017.0,19.9,19.7,74.0,30.0,16.03,188.0,380.0,2.9,0.5089297394091672
2026-04-21T16:23:03,04/21/202604:23,140.51,0.74,103.97739999999999,54.71,0.96,52.5216,52.1,0.6,11.0,198.7,23796.0,45017.0,19.9,19.7,74.0,30.0,16.03,188.0,380.0,2.9,0.5051251521965351
2026-04-21T16:24:00,04/21/202604:24,139.82999999999998,0.74,103.47419999999998,54.71,0.95,51.9745,51.6,0.6,11.0,198.7,23796.0,45017.0,19.9,19.7,74.0,30.0,16.03,188.0,380.0,2.9,0.5022942917171624
2026-04-21T16:24:04,04/21/202604:24,139.51,0.74,103.2374,54.720000000000006,0.97,53.0784,52.7,0.6,11.0,198.7,23796.0,45017.0,19.9,19.7,74.0,30.0,16.03,188.0,380.0,2.9,0.5141392557348403
2026-04-21T16:25:00,04/21/202604:25,139.88,0.74,103.5112,54.720000000000006,1.02,55.814400000000006,55.4,0.6,11.0,198.7,23796.0,45017.0,19.9,19.7,74.0,30.0,16.03,188.0,380.0,2.9,0.5392112157911415
2026-04-21T16:25:03,04/21/202604:25,140.99,0.73,102.9227,54.720000000000006,0.99,54.1728,53.7,0.6,11.0,198.7,23796.0,45017.0,19.9,19.7,74.0,30.0,16.03,188.0,380.0,2.9,0.5263445284665094
2026-04-21T16:26:00,04/21/202604:26,142.1,0.72,102.312,54.720000000000006,0.96,52.531200000000005,52.0,0.6,11.0,198.7,23796.0,45017.0,19.9,19.7,74.0,30.0,16.03,188.0,380.0,2.9,0.5134412385643914
2026-04-21T16:26:04,04/21/202604:26,142.81,0.73,104.2513,54.720000000000006,0.9800000000000001,53.62560000000001,53.1,0.6,11.0,198.7,23796.0,45017.0,19.9,19.7,74.0,30.0,16.03,188.0,380.0,2.9,0.514387830175739
2026-04-21T16:27:00,04/21/202604:27,143.52,0.74,106.2048,54.720000000000006,1.0,54.720000000000006,54.2,0.6,11.0,198.7,23796.0,45017.0,19.9,19.7,74.0,30.0,16.03,188.0,380.0,2.9,0.5152309500135588
2026-04-21T16:27:04,04/21/202604:27,144.07999999999998,0.73,105.17839999999998,54.720000000000006,1.0,54.720000000000006,54.2,0.6,11.0,198.7,23796.0,45017.0,19.9,19.7,74.0,30.0,16.03,188.0,380.0,2.9,0.520258912476326
2026-04-21T16:28:40,04/21/202604:28,144.87,0.73,105.7551,54.720000000000006,1.02,55.814400000000006,55.3,0.6,11.0,198.7,23796.0,45017.0,19.9,19.7,74.0,30.0,16.03,188.0,380.0,2.9,0.5277702919291837
2026-04-21T16:29:00,04/21/202604:29,145.59,0.74,107.7366,54.720000000000006,1.05,57.45600000000001,56.9,0.6,11.0,198.7,23796.0,45017.0,19.9,19.7,74.0,30.0,16.03,188.0,380.0,2.9,0.5333006610566884
2026-04-21T16:29:39,04/21/202604:29,145.89000000000001,0.75,109.41750000000002,54.720000000000006,1.0699999999999998,58.550399999999996,58.0,0.6,11.0,198.7,23796.0,45017.0,19.9,19.7,74.0,30.0,16.03,188.0,380.0,2.9,0.5351100143944066
2026-04-21T16:31:09,04/21/202604:31,146.19,0.75,109.6425,54.71,1.04,56.8984,56.4,0.6,11.0,198.7,23796.0,45017.0,19.9,19.66,74.2,30.0,16.043,187.8,374.0,2.86,0.5189447522630367
2026-04-21T16:32:00,04/21/202604:32,146.49,0.75,109.8675,54.7,1.01,55.247,54.8,0.6,11.0,198.7,23796.0,45017.0,19.9,19.619999999999997,74.4,30.0,16.056,187.6,368.0,2.82,0.5028511616265047
2026-04-21T16:32:10,04/21/202604:32,145.97,0.76,110.9372,54.7,1.05,57.435,57.0,0.6,11.0,198.7,23796.0,45017.0,19.9,19.490000000000002,74.6,30.0,16.062,186.6,354.0,2.7800000000000002,0.5177253437079717
2026-04-21T16:33:00,04/21/202604:33,145.45,0.77,111.9965,54.7,1.09,59.623000000000005,59.2,0.6,11.0,198.7,23796.0,45017.0,19.9,19.36,74.8,30.0,16.068,185.6,340.0,2.7399999999999998,0.5323648506872983
2026-04-21T16:33:09,04/21/202604:33,144.57,0.77,111.3189,54.7,1.1099999999999999,60.717,60.3,0.6,11.0,198.7,23796.0,45017.0,19.9,19.229999999999997,75.0,30.0,16.074,184.6,326.0,2.7,0.5454329857733053
2026-04-21T16:34:01,04/21/202604:34,143.69,0.77,110.6413,54.7,1.1300000000000001,61.81100000000001,61.4,0.6,11.0,198.7,23796.0,45017.0,19.9,19.1,75.2,30.0,16.080000000000002,183.6,312.0,2.66,0.558661187097404
2026-04-21T16:34:09,04/21/202604:34,142.99,0.78,111.53220000000002,54.71,1.16,63.4636,63.1,0.6,11.0,198.7,23796.0,45017.0,20.0,18.97,75.4,30.0,16.086000000000002,182.6,298.0,2.62,0.5690159433777868
2026-04-21T16:35:00,04/21/202604:35,142.06,0.78,110.80680000000001,54.720000000000006,1.17,64.0224,63.7,0.6,11.0,198.7,23796.0,45017.0,20.0,18.839999999999996,75.6,30.0,16.092000000000002,181.6,284.0,2.58,0.5777840349148247
2026-04-21T16:35:09,04/21/202604:35,141.15,0.78,110.09700000000001,54.720000000000006,1.1300000000000001,61.83360000000001,61.5,0.6,11.0,198.7,23796.0,45017.0,19.9,18.71,75.8,30.0,16.098,180.6,270.0,2.54,0.5616283822447479
2026-04-21T16:36:00,04/21/202604:36,140.66,0.78,109.7148,54.720000000000006,1.1,60.192000000000014,59.8,0.6,11.0,198.7,23796.0,45017.0,19.9,18.58,76.0,30.0,16.104,179.6,256.0,2.5,0.5486224283323673
2026-04-21T16:36:09,04/21/202604:36,139.89000000000001,0.79,110.51310000000002,54.720000000000006,1.12,61.286400000000015,60.9,0.6,11.0,198.7,23796.0,45017.0,20.0,18.49,76.2,30.0,16.097,178.8,248.0,2.5,0.5545623098076156
2026-04-21T16:37:01,04/21/202604:37,139.12,0.8,111.296,54.720000000000006,1.1400000000000001,62.380800000000015,62.0,0.6,11.0,198.7,23796.0,45017.0,20.0,18.4,76.4,30.0,16.09,178.0,240.0,2.5,0.5604945370902819
2026-04-21T16:37:10,04/21/202604:37,138.8,0.8,111.04000000000002,54.73,1.1400000000000001,62.3922,62.0,0.6,11.0,198.7,23796.0,45017.0,19.9,18.4,76.6,30.0,16.09,178.0,240.0,2.5,0.5618894092219019
2026-04-21T16:38:00,04/21/202604:38,138.48000000000002,0.8,110.78400000000002,54.739999999999995,1.1400000000000001,62.403600000000004,62.0,0.6,11.0,198.7,23796.0,45017.0,19.9,18.4,76.8,30.0,16.09,178.0,240.0,2.5,0.5632907279029462
2026-04-21T16:38:09,04/21/202604:38,138.48000000000002,0.79,109.39920000000002,54.739999999999995,1.1099999999999999,60.76139999999999,60.3,0.6,11.0,198.7,23796.0,45017.0,19.9,18.4,77.0,30.0,16.09,178.0,240.0,2.5,0.5554099115898469
2026-04-21T16:39:01,04/21/202604:39,138.48000000000002,0.78,108.01440000000002,54.739999999999995,1.08,59.1192,58.6,0.6,11.0,198.7,23796.0,45017.0,19.9,18.4,77.2,30.0,16.09,178.0,240.0,2.5,0.5473270230635914
2026-04-21T16:39:10,04/21/202604:39,139.64000000000001,0.77,107.52280000000002,54.73,1.0699999999999998,58.56109999999999,58.0,0.6,11.0,198.7,23796.0,45017.0,19.9,18.4,77.4,30.0,16.09,178.0,240.0,2.5,0.5446389044928144
2026-04-21T16:40:00,04/21/202604:40,140.8,0.76,107.00800000000001,54.720000000000006,1.06,58.00320000000001,57.4,0.6,11.0,198.7,23796.0,45017.0,19.9,18.4,77.6,30.0,16.09,178.0,240.0,2.5,0.5420454545454546
2026-04-21T16:40:09,04/21/202604:40,141.18,0.76,107.2968,54.720000000000006,1.1,60.192000000000014,59.6,0.6,11.0,198.7,23796.0,45017.0,19.9,18.4,77.8,30.0,16.09,178.0,240.0,2.5,0.5609859753506163
2026-04-21T16:42:20,04/21/202604:42,142.24,0.75,106.68,54.720000000000006,1.1199999999999999,61.2864,60.7,0.6,11.0,198.7,23796.0,45017.0,19.9,18.4,78.0,30.0,16.09,178.0,240.0,2.5,0.5744881889763779
2026-04-21T16:43:00,04/21/202604:43,143.22,0.74,105.9828,54.720000000000006,1.1099999999999999,60.7392,60.1,0.6,11.0,198.7,23796.0,45017.0,19.9,18.4,78.0,30.0,16.09,178.0,240.0,2.5,0.5731043150397989
2026-04-21T16:43:01,04/21/202604:43,143.91,0.73,105.0543,54.720000000000006,1.1,60.192000000000014,59.5,0.6,11.0,198.7,23796.0,45017.0,19.9,18.4,78.0,30.0,16.09,178.0,240.0,2.5,0.5729608402511845
2026-04-21T16:44:01,04/21/202604:44,144.0,0.73,105.12,54.71,1.1,60.181000000000004,59.5,0.6,11.0,198.7,23796.0,45017.0,19.9,18.4,78.0,30.0,16.09,178.0,240.0,2.5,0.572498097412481
2026-04-21T16:45:01,04/21/202604:45,144.03,0.72,103.7016,54.7,1.09,59.623000000000005,59.0,0.6,11.0,198.7,23796.0,45017.0,19.9,18.4,78.0,30.0,16.09,178.0,240.0,2.5,0.5749477346540459
2026-04-21T16:46:00,04/21/202604:46,144.4,0.72,103.968,54.7,1.06,57.982000000000006,57.4,0.6,11.0,198.7,23796.0,45017.0,19.9,18.36,78.1,30.0,16.047,177.9,237.0,2.4699999999999998,0.5576908279470607
2026-04-21T16:47:00,04/21/202604:47,144.77,0.72,104.23440000000001,54.7,1.03,56.341,55.8,0.6,11.0,198.7,23796.0,45017.0,19.9,18.32,78.2,30.0,16.003999999999998,177.8,234.0,2.44,0.5405221308896103
2026-04-21T16:47:01,04/21/202604:47,144.19,0.72,103.8168,54.7,0.99,54.153000000000006,53.6,0.6,11.0,198.7,23796.0,45017.0,19.9,18.279999999999998,78.3,30.0,15.961000000000002,177.7,231.0,2.41,0.5216207781399543
2026-04-21T16:48:00,04/21/202604:48,143.60999999999999,0.72,103.39919999999998,54.7,0.95,51.965,51.4,0.6,11.0,198.7,23796.0,45017.0,19.9,18.24,78.4,30.0,15.918000000000001,177.6,228.0,2.38,0.5025667510000079
2026-04-21T16:48:01,04/21/202604:48,143.92000000000002,0.7,100.744,54.7,0.9,49.230000000000004,48.7,0.6,11.0,198.7,23796.0,45017.0,19.9,18.2,78.5,30.0,15.875,177.5,225.0,2.35,0.4886643373302629
2026-04-21T16:49:01,04/21/202604:49,143.55,0.69,99.0495,54.7,0.8699999999999999,47.589,47.1,0.6,11.0,198.7,23796.0,45017.0,19.9,18.16,78.6,30.0,15.831999999999999,177.4,222.0,2.3200000000000003,0.48045674132630656
2026-04-21T16:49:02,04/21/202604:49,143.18,0.7,100.226,54.71,0.89,48.691900000000004,48.2,0.6,11.0,198.7,23796.0,45017.0,20.0,18.119999999999997,78.7,30.0,15.788999999999998,177.3,219.0,2.29,0.48582104443956664
2026-04-21T16:50:00,04/21/202604:50,143.1,0.71,101.60099999999998,54.720000000000006,0.9099999999999999,49.7952,49.3,0.6,11.0,198.7,23796.0,45017.0,20.0,18.080000000000002,78.8,30.0,15.746,177.2,216.0,2.2600000000000002,0.49010541234830374
2026-04-21T16:50:01,04/21/202604:50,143.47,0.71,101.8637,54.73,0.9099999999999999,49.80429999999999,49.3,0.6,11.0,198.7,23796.0,45017.0,19.9,18.04,78.9,30.0,15.703,177.1,213.0,2.23,0.4889307967411354
2026-04-21T16:51:13,04/21/202604:51,143.8,0.72,103.536,54.73,0.89,48.7097,48.2,0.6,11.0,198.7,23796.0,45017.0,19.9,18.0,79.0,30.0,15.66,177.0,210.0,2.2,0.4704614819966002
2026-04-21T16:52:00,04/21/202604:52,144.06,0.73,105.1638,54.73,0.9099999999999999,49.80429999999999,49.3,0.6,11.0,198.7,23796.0,45017.0,19.9,18.0,79.0,30.0,15.66,177.0,210.0,2.2,0.473587869590106
2026-04-21T16:53:31,04/21/202604:53,143.87,0.73,105.0251,54.73,0.9400000000000001,51.4462,50.9,0.6,11.0,198.7,23796.0,45017.0,19.9,18.0,79.0,30.0,15.66,177.0,210.0,2.2,0.4898467128334084
2026-04-21T16:54:00,04/21/202604:54,143.57,0.73,104.80609999999999,54.73,0.96,52.5408,52.0,0.6,11.0,198.7,23796.0,45017.0,19.9,18.0,79.0,30.0,15.66,177.0,210.0,2.2,0.5013143318948039
2026-04-21T16:54:12,04/21/202604:54,143.32,0.73,104.6236,54.73,0.9800000000000001,53.635400000000004,53.1,0.6,11.0,198.7,23796.0,45017.0,19.9,18.0,79.0,30.0,15.66,177.0,210.0,2.2,0.5126510653428099
2026-04-21T16:55:01,04/21/202604:55,142.94,0.74,105.7756,54.73,1.01,55.2773,54.7,0.6,11.0,198.7,23796.0,45017.0,19.9,18.0,79.0,30.0,15.66,177.0,210.0,2.2,0.5225902760182878
2026-04-21T16:55:13,04/21/202604:55,142.81,0.75,107.1075,54.73,1.04,56.9192,56.3,0.6,11.0,198.7,23796.0,45017.0,19.9,18.0,79.0,30.0,15.66,177.0,210.0,2.2,0.5314212356744392
2026-04-21T16:56:01,04/21/202604:56,142.68,0.74,105.5832,54.720000000000006,1.02,55.814400000000006,55.2,0.6,11.0,198.7,23796.0,45017.0,19.9,18.0,79.0,30.0,15.66,177.0,210.0,2.2,0.5286295547018844
2026-04-21T16:56:13,04/21/202604:56,142.82,0.74,105.68679999999999,54.720000000000006,1.02,55.814400000000006,55.2,0.6,11.0,198.7,23796.0,45017.0,19.9,18.0,79.0,30.0,15.66,177.0,210.0,2.2,0.5281113630084363
2026-04-21T16:57:00,04/21/202604:57,142.84,0.74,105.7016,54.720000000000006,1.02,55.814400000000006,55.2,0.6,11.0,198.7,23796.0,45017.0,19.9,18.0,79.0,30.0,15.66,177.0,210.0,2.2,0.5280374185442794
2026-04-21T16:57:13,04/21/202604:57,143.26,0.74,106.01239999999999,54.720000000000006,1.04,56.90880000000001,56.3,0.6,11.0,198.7,23796.0,45017.0,19.9,18.0,79.0,30.0,15.66,177.0,210.0,2.2,0.5368126747437094
2026-04-21T16:58:01,04/21/202604:58,143.68,0.74,106.3232,54.720000000000006,1.06,58.00320000000001,57.4,0.6,11.0,198.7,23796.0,45017.0,19.9,18.0,79.0,30.0,15.66,177.0,210.0,2.2,0.5455366279419732
2026-04-21T16:58:13,04/21/202604:58,144.31,0.75,108.2325,54.720000000000006,1.0699999999999998,58.550399999999996,58.0,0.6,11.0,198.7,23796.0,45017.0,19.9,18.0,79.0,30.0,15.66,177.0,210.0,2.2,0.5409687478345229
2026-04-21T16:59:00,04/21/202604:59,144.94,0.76,110.1544,54.720000000000006,1.08,59.09760000000001,58.6,0.6,11.0,198.7,23796.0,45017.0,19.9,18.0,79.0,30.0,15.66,177.0,210.0,2.2,0.5364978611839383
2026-04-21T16:59:12,04/21/202604:59,145.45,0.76,110.54199999999999,54.720000000000006,1.08,59.09760000000001,58.6,0.6,11.0,198.7,23796.0,45017.0,19.9,18.0,79.0,30.0,15.66,177.0,210.0,2.2,0.5346167067720867
2026-04-21T17:00:01,04/21/202605:00,145.95999999999998,0.76,110.92959999999998,54.720000000000006,1.08,59.09760000000001,58.6,0.6,11.0,198.7,23796.0,45017.0,19.9,18.0,79.0,30.0,15.66,177.0,210.0,2.2,0.5327486982734998
2026-04-21T17:00:13,04/21/202605:00,146.05,0.77,112.45850000000002,54.720000000000006,1.1,60.192000000000014,59.7,0.6,11.0,198.7,23796.0,45017.0,20.0,18.0,79.0,30.0,15.66,177.0,210.0,2.2,0.5352374431456938
2026-04-21T17:01:00,04/21/202605:01,146.14000000000001,0.78,113.98920000000001,54.720000000000006,1.1199999999999999,61.2864,60.8,0.6,11.0,198.7,23796.0,45017.0,20.0,18.0,79.0,30.0,15.66,177.0,210.0,2.2,0.5376509353517701
2026-04-21T17:01:12,04/21/202605:01,145.88,0.78,113.7864,54.71,1.1099999999999999,60.72809999999999,60.3,0.6,11.0,198.7,23796.0,45017.0,19.9,18.02,79.0,30.0,15.684999999999999,177.3,211.9,2.18,0.533702621754445
2026-04-21T17:01:23,04/21/202605:01,145.63,0.78,113.59140000000001,54.7,1.09,59.623000000000005,59.2,0.6,11.0,198.7,23796.0,45017.0,20.0,18.04,79.0,30.0,15.709999999999999,177.6,213.8,2.16,0.5248900885102218
2026-04-21T17:02:01,04/21/202605:02,145.07999999999998,0.78,113.16239999999999,54.7,1.08,59.07600000000001,58.6,0.6,11.0,198.7,23796.0,45017.0,20.0,18.06,79.0,30.0,15.735,177.9,215.7,2.14,0.5220461920213783
2026-04-21T17:02:23,04/21/202605:02,144.57,0.78,112.7646,54.7,1.06,57.982000000000006,57.5,0.6,11.0,198.7,23796.0,45017.0,20.0,18.080000000000002,79.0,30.0,15.76,178.2,217.6,2.12,0.5141861896375282
2026-04-21T17:03:00,04/21/202605:03,144.3,0.78,112.55400000000002,54.7,1.04,56.888000000000005,56.4,0.6,11.0,198.7,23796.0,45017.0,20.0,18.1,79.0,30.0,15.785,178.5,219.5,2.1,0.5054285054285054
2026-04-21T17:04:44,04/21/202605:04,143.99,0.78,112.3122,54.7,1.06,57.982000000000006,57.4,0.6,11.0,198.7,23796.0,45017.0,20.0,18.119999999999997,79.0,30.0,15.809999999999999,178.8,221.4,2.08,0.5162573611771473
2026-04-21T17:05:01,04/21/202605:05,143.75,0.79,113.5625,54.7,1.09,59.623000000000005,59.0,0.6,11.0,198.7,23796.0,45017.0,20.0,18.14,79.0,30.0,15.834999999999999,179.1,223.3,2.06,0.5250236653824987
2026-04-21T17:05:17,04/21/202605:05,143.47,0.8,114.77600000000001,54.7,1.1099999999999999,60.717,60.1,0.6,11.0,198.7,23796.0,45017.0,19.9,18.16,79.0,30.0,15.86,179.4,225.2,2.04,0.5290043214609326
2026-04-21T17:06:00,04/21/202605:06,143.35999999999999,0.8,114.68799999999999,54.7,1.1099999999999999,60.717,60.1,0.6,11.0,198.7,23796.0,45017.0,19.9,18.18,79.0,30.0,15.885,179.7,227.1,2.02,0.5294102260044643
2026-04-21T17:06:16,04/21/202605:06,143.42000000000002,0.8,114.73600000000002,54.7,1.09,59.623000000000005,59.0,0.6,11.0,198.7,23796.0,45017.0,19.9,18.2,79.0,30.0,15.91,180.0,229.0,2.0,0.5196538139729465
2026-04-21T17:07:00,04/21/202605:07,143.56,0.8,114.84800000000001,54.7,1.08,59.07600000000001,58.4,0.6,11.0,198.7,23796.0,45017.0,19.9,18.2,79.0,30.0,15.91,180.0,229.0,2.0,0.5143842295904152
2026-04-21T17:07:17,04/21/202605:07,143.66,0.79,113.4914,54.7,1.06,57.982000000000006,57.3,0.6,11.0,198.7,23796.0,45017.0,19.9,18.2,79.0,30.0,15.91,180.0,229.0,2.0,0.5108933364113933
2026-04-21T17:08:00,04/21/202605:08,143.76,0.78,112.1328,54.7,1.04,56.888000000000005,56.2,0.6,11.0,198.7,23796.0,45017.0,19.9,18.2,79.0,30.0,15.91,180.0,229.0,2.0,0.507327026525691
2026-04-21T17:08:17,04/21/202605:08,143.73,0.78,112.1094,54.7,1.0699999999999998,58.528999999999996,57.8,0.6,11.0,198.7,23796.0,45017.0,20.0,18.2,79.0,30.0,15.91,180.0,229.0,2.0,0.5220704062282021
2026-04-21T17:08:25,04/21/202605:08,143.7,0.78,112.086,54.7,1.09,59.623000000000005,58.9,0.6,11.0,198.7,23796.0,45017.0,19.9,18.2,79.0,30.0,15.91,180.0,229.0,2.0,0.5319397605410132
2026-04-21T17:09:00,04/21/202605:09,143.71,0.78,112.09380000000002,54.7,1.0699999999999998,58.528999999999996,57.9,0.6,11.0,198.7,23796.0,45017.0,19.9,18.2,79.0,30.0,15.91,180.0,229.0,2.0,0.5221430623281572
2026-04-21T17:09:24,04/21/202605:09,143.65,0.77,110.6105,54.7,1.05,57.435,56.9,0.6,11.0,198.7,23796.0,45017.0,19.9,18.2,79.0,30.0,15.91,180.0,229.0,2.0,0.5192545011549536
2026-04-21T17:10:00,04/21/202605:10,143.63,0.76,109.1588,54.7,1.04,56.888000000000005,56.4,0.6,11.0,198.7,23796.0,45017.0,19.9,18.2,79.0,30.0,15.91,180.0,229.0,2.0,0.5211490049359283
2026-04-21T17:10:25,04/21/202605:10,143.54000000000002,0.75,107.65500000000002,54.7,1.01,55.247,54.8,0.6,11.0,198.7,23796.0,45017.0,19.9,18.2,79.0,30.0,15.91,180.0,229.0,2.0,0.5131856393107611
2026-04-21T17:11:00,04/21/202605:11,143.28,0.74,106.0272,54.7,1.0,54.7,54.3,0.6,11.0,198.7,23796.0,45017.0,19.9,18.2,79.0,30.0,15.91,180.0,229.0,2.0,0.5159053525887697
2026-04-21T17:11:24,04/21/202605:11,142.95,0.74,105.78299999999999,54.71,1.02,55.8042,55.4,0.6,11.0,198.7,23796.0,45017.0,19.9,18.2,79.0,30.0,15.91,180.0,229.0,2.0,0.5275346700320468
2026-04-21T17:12:00,04/21/202605:12,142.65,0.75,106.98750000000001,54.720000000000006,1.06,58.00320000000001,57.6,0.6,11.0,198.7,23796.0,45017.0,19.9,18.2,79.0,30.0,15.91,180.0,229.0,2.0,0.5421493165089379
2026-04-21T17:12:25,04/21/202605:12,142.34,0.76,108.17840000000001,54.720000000000006,1.08,59.09760000000001,58.7,0.6,11.0,198.7,23796.0,45017.0,19.9,18.2,79.0,30.0,15.91,180.0,229.0,2.0,0.5462975973022342
2026-04-21T17:13:00,04/21/202605:13,142.12,0.76,108.0112,54.720000000000006,1.06,58.00320000000001,57.6,0.6,11.0,198.7,23796.0,45017.0,19.9,18.2,79.0,30.0,15.91,180.0,229.0,2.0,0.5370109766394596
2026-04-21T17:13:25,04/21/202605:13,141.95999999999998,0.75,106.46999999999998,54.720000000000006,1.04,56.90880000000001,56.5,0.6,11.0,198.7,23796.0,45017.0,20.0,18.2,79.0,30.0,15.91,180.0,229.0,2.0,0.5345054945054947
2026-04-21T17:14:00,04/21/202605:14,141.8,0.74,104.932,54.720000000000006,1.02,55.814400000000006,55.4,0.6,11.0,198.7,23796.0,45017.0,20.0,18.2,79.0,30.0,15.91,180.0,229.0,2.0,0.5319101894560287
2026-04-21T17:14:24,04/21/202605:14,141.53,0.74,104.7322,54.720000000000006,1.01,55.26720000000001,54.8,0.6,11.0,198.7,23796.0,45017.0,19.9,18.2,79.0,30.0,15.91,180.0,229.0,2.0,0.5277001724398037
2026-04-21T17:15:55,04/21/202605:15,141.27,0.75,105.95250000000001,54.720000000000006,1.02,55.814400000000006,55.3,0.6,11.0,198.7,23796.0,45017.0,19.9,18.2,79.0,30.0,15.91,180.0,229.0,2.0,0.5267870036101083
2026-04-21T17:16:00,04/21/202605:16,141.07999999999998,0.76,107.22079999999998,54.720000000000006,1.05,57.45600000000001,56.9,0.6,11.0,198.7,23796.0,45017.0,19.9,18.2,79.0,30.0,15.91,180.0,229.0,2.0,0.5358661752197337
2026-04-21T17:16:25,04/21/202605:16,140.92000000000002,0.76,107.09920000000001,54.720000000000006,1.0699999999999998,58.550399999999996,58.0,0.6,12.0,198.7,23796.0,45017.0,19.9,18.18,79.0,30.0,15.934999999999999,180.3,226.5,1.9899999999999998,0.5466931592392846
2026-04-21T17:17:00,04/21/202605:17,140.82999999999998,0.75,105.62249999999999,54.71,1.06,57.9926,57.5,0.6,12.0,198.7,23796.0,45017.0,19.9,18.16,79.0,30.0,15.959999999999999,180.6,224.0,1.98,0.549055362257095
2026-04-21T17:17:24,04/21/202605:17,140.88,0.75,105.66,54.7,1.02,55.794000000000004,55.3,0.6,12.0,198.7,23796.0,45017.0,19.9,18.14,79.0,30.0,15.985,180.9,221.5,1.97,0.5280522430437252
2026-04-21T17:18:00,04/21/202605:18,140.94,0.75,105.705,54.7,1.0,54.7,54.2,0.6,12.0,198.7,23796.0,45017.0,19.9,18.119999999999997,79.0,30.0,16.009999999999998,181.2,219.0,1.9600000000000002,0.5174778865711178
2026-04-21T17:18:24,04/21/202605:18,141.07,0.75,105.8025,54.7,1.0,54.7,54.2,0.6,12.0,198.7,23796.0,45017.0,19.9,18.1,79.0,30.0,16.035,181.5,216.5,1.95,0.5170010160440444
2026-04-21T17:19:00,04/21/202605:19,141.14000000000001,0.76,107.26640000000002,54.7,1.01,55.247,54.7,0.6,12.0,198.7,23796.0,45017.0,19.9,18.080000000000002,79.0,30.0,16.06,181.8,214.0,1.94,0.5150447856924442
2026-04-21T17:19:25,04/21/202605:19,141.14000000000001,0.76,107.26640000000002,54.7,1.02,55.794000000000004,55.2,0.6,12.0,198.7,23796.0,45017.0,19.9,18.06,79.0,30.0,16.085,182.1,211.5,1.9300000000000002,0.5201442390161317
2026-04-21T17:20:00,04/21/202605:20,141.32,0.76,107.4032,54.7,1.02,55.794000000000004,55.2,0.6,12.0,198.7,23796.0,45017.0,19.9,18.04,79.0,30.0,16.11,182.4,209.0,1.92,0.519481728663578
2026-04-21T17:20:25,04/21/202605:20,141.55,0.75,106.16250000000001,54.69,1.0,54.69,54.1,0.6,12.0,198.7,23796.0,45017.0,19.9,18.02,79.0,30.0,16.134999999999998,182.7,206.5,1.9099999999999997,0.5151536559519604
2026-04-21T17:21:00,04/21/202605:21,141.78000000000003,0.74,104.91720000000002,54.68000000000001,0.9800000000000001,53.58640000000001,53.0,0.6,12.0,198.7,23796.0,45017.0,19.9,18.0,79.0,30.0,16.16,183.0,204.0,1.9,0.5107494290735932
2026-04-21T17:21:25,04/21/202605:21,142.04000000000002,0.74,105.10960000000001,54.68000000000001,0.96,52.4928,51.9,0.6,12.0,198.7,23796.0,45017.0,19.9,18.0,79.0,30.0,16.16,183.0,204.0,1.9,0.49941013951151936
2026-04-21T17:22:00,04/21/202605:22,142.3,0.74,105.302,54.68000000000001,0.9400000000000001,51.39920000000001,50.8,0.6,12.0,198.7,23796.0,45017.0,19.9,18.0,79.0,30.0,16.16,183.0,204.0,1.9,0.4881122865662571
2026-04-21T17:22:18,04/21/202605:22,142.31,0.74,105.3094,54.68000000000001,0.9800000000000001,53.58640000000001,53.0,0.6,12.0,198.7,23796.0,45017.0,19.9,18.0,79.0,30.0,16.16,183.0,204.0,1.9,0.5088472633971898
2026-04-21T17:23:00,04/21/202605:23,142.32,0.74,105.3168,54.68000000000001,1.02,55.77360000000001,55.2,0.6,12.0,198.7,23796.0,45017.0,19.9,18.0,79.0,30.0,16.16,183.0,204.0,1.9,0.5295793263752793
2026-04-21T17:23:19,04/21/202605:23,142.21,0.73,103.8133,54.68000000000001,1.0,54.68000000000001,54.1,0.6,12.0,198.7,23796.0,45017.0,19.9,18.0,79.0,30.0,16.16,183.0,204.0,1.9,0.5267147850997898
2026-04-21T17:24:00,04/21/202605:24,142.1,0.72,102.312,54.68000000000001,0.9800000000000001,53.58640000000001,53.0,0.6,12.0,198.7,23796.0,45017.0,19.9,18.0,79.0,30.0,16.16,183.0,204.0,1.9,0.5237547892720308
2026-04-21T17:24:19,04/21/202605:24,142.05,0.73,103.6965,54.68000000000001,0.9800000000000001,53.58640000000001,53.0,0.6,12.0,198.7,23796.0,45017.0,19.9,18.0,79.0,30.0,16.16,183.0,204.0,1.9,0.5167618964960246
2026-04-21T17:25:00,04/21/202605:25,142.0,0.74,105.08,54.68000000000001,0.9800000000000001,53.58640000000001,53.0,0.6,12.0,198.7,23796.0,45017.0,19.9,18.0,79.0,30.0,16.16,183.0,204.0,1.9,0.5099581271412259
2026-04-21T17:25:19,04/21/202605:25,141.94,0.75,106.455,54.69,0.99,54.1431,53.6,0.6,12.0,198.7,23796.0,45017.0,19.9,18.0,79.0,30.0,16.16,183.0,204.0,1.9,0.5086008172467239
2026-04-21T17:27:07,04/21/202605:27,141.91000000000003,0.75,106.43250000000002,54.71,0.99,54.1629,53.6,0.6,12.0,198.7,23796.0,45017.0,19.9,18.0,79.0,30.0,16.16,183.0,204.0,1.9,0.5088943696709181
2026-04-21T17:27:19,04/21/202605:27,141.9,0.75,106.42500000000001,54.71,1.01,55.2571,54.7,0.6,12.0,198.7,23796.0,45017.0,19.9,18.0,79.0,30.0,16.16,183.0,204.0,1.9,0.5192116513976979
2026-04-21T17:28:01,04/21/202605:28,141.89000000000001,0.75,106.41750000000002,54.71,1.03,56.3513,55.8,0.6,12.0,198.7,23796.0,45017.0,19.9,18.0,79.0,30.0,16.16,183.0,204.0,1.9,0.5295303873892921
2026-04-21T17:28:19,04/21/202605:28,141.98000000000002,0.75,106.48500000000001,54.71,1.01,55.2571,54.7,0.6,12.0,198.7,23796.0,45017.0,19.9,18.0,79.0,30.0,16.16,183.0,204.0,1.9,0.5189190965863736
2026-04-21T17:29:01,04/21/202605:29,142.07,0.75,106.5525,54.71,0.99,54.1629,53.6,0.6,12.0,198.7,23796.0,45017.0,19.9,18.0,79.0,30.0,16.16,183.0,204.0,1.9,0.5083212500879848
2026-04-21T17:29:19,04/21/202605:29,142.19,0.75,106.6425,54.71,1.0,54.71,54.2,0.6,12.0,198.7,23796.0,45017.0,19.9,18.009999999999998,79.0,30.0,16.023,183.0,202.3,1.9,0.5130224816560002
2026-04-21T17:30:01,04/21/202605:30,142.31,0.75,106.7325,54.71,1.01,55.2571,54.8,0.6,12.0,198.7,23796.0,45017.0,19.9,18.02,79.0,30.0,15.886000000000001,183.0,200.6,1.9,0.5177157847890755
2026-04-21T17:30:12,04/21/202605:30,142.35,0.74,105.339,54.71,1.01,55.2571,54.8,0.6,12.0,198.7,23796.0,45017.0,19.9,18.03,79.0,30.0,15.749,183.0,198.9,1.9,0.5245645012768301
2026-04-21T17:31:01,04/21/202605:31,142.39000000000001,0.73,103.94470000000001,54.71,1.01,55.2571,54.8,0.6,12.0,198.7,23796.0,45017.0,19.9,18.04,79.0,30.0,15.612,183.0,197.2,1.9,0.5316009378063528
2026-04-21T17:31:11,04/21/202605:31,142.32,0.72,102.4704,54.71,0.99,54.1629,53.7,0.6,12.0,198.7,23796.0,45017.0,19.9,18.07,78.9,30.0,15.475,183.0,198.6,1.9,0.5285711776278809
2026-04-21T17:32:01,04/21/202605:32,142.22,0.72,102.3984,54.7,0.9800000000000001,53.60600000000001,53.2,0.6,12.0,198.7,23796.0,45017.0,19.9,18.1,78.8,30.0,15.338,183.0,200.0,1.9,0.5235042735042736
2026-04-21T17:32:12,04/21/202605:32,142.16,0.72,102.3552,54.7,0.9800000000000001,53.60600000000001,53.2,0.6,12.0,198.7,23796.0,45017.0,19.9,18.130000000000003,78.7,30.0,15.200999999999999,183.0,201.4,1.9,0.5237252235352968
2026-04-21T17:33:01,04/21/202605:33,142.1,0.72,102.312,54.7,0.9800000000000001,53.60600000000001,53.2,0.6,12.0,198.7,23796.0,45017.0,19.9,18.160000000000004,78.6,30.0,15.063999999999998,183.0,202.8,1.9,0.5239463601532568
2026-04-21T17:33:11,04/21/202605:33,142.2,0.71,100.96199999999999,54.7,0.9700000000000001,53.059000000000005,52.7,0.6,12.0,198.7,23796.0,45017.0,19.9,18.19,78.5,30.0,14.926999999999998,183.0,204.2,1.9,0.5255343594619759
2026-04-21T17:34:01,04/21/202605:34,142.3,0.7,99.61,54.7,0.96,52.512,52.2,0.6,12.0,198.7,23796.0,45017.0,19.9,18.220000000000002,78.4,30.0,14.789999999999997,183.0,205.6,1.9,0.5271759863467523
2026-04-21T17:34:11,04/21/202605:34,142.3,0.71,101.033,54.7,0.9700000000000001,53.059000000000005,52.7,0.6,12.0,198.7,23796.0,45017.0,19.9,18.240000000000002,78.3,30.0,14.789999999999997,183.0,208.7,1.9,0.5251650450842794
2026-04-21T17:35:00,04/21/202605:35,142.3,0.72,102.456,54.7,0.9800000000000001,53.60600000000001,53.2,0.6,12.0,198.7,23796.0,45017.0,19.9,18.26,78.2,30.0,14.789999999999997,183.0,211.8,1.9,0.5232099633013196
2026-04-21T17:35:13,04/21/202605:35,142.7,0.72,102.74399999999999,54.7,0.9700000000000001,53.059000000000005,52.7,0.6,12.0,198.7,23796.0,45017.0,19.9,18.28,78.1,30.0,14.789999999999997,183.0,214.9,1.9,0.5164194502842017
2026-04-21T17:36:01,04/21/202605:36,143.1,0.72,103.032,54.7,0.96,52.512,52.2,0.6,12.0,198.7,23796.0,45017.0,19.9,18.3,78.0,30.0,14.789999999999997,183.0,218.0,1.9,0.5096668996040066
2026-04-21T17:36:12,04/21/202605:36,143.2,0.72,103.10399999999998,54.71,0.9700000000000001,53.06870000000001,52.7,0.6,12.0,198.7,23796.0,45017.0,19.9,18.3,78.0,29.997000000000003,14.789999999999997,183.0,218.0,1.9,0.5147103895096214
2026-04-21T17:38:18,04/21/202605:38,143.07999999999998,0.73,104.44839999999999,54.71,1.01,55.2571,54.9,0.6,12.0,198.7,23796.0,45017.0,19.9,18.3,78.1,29.994,14.789999999999997,183.0,218.0,1.9,0.5290373045446365
2026-04-21T17:39:01,04/21/202605:39,142.84,0.74,105.7016,54.71,1.03,56.3513,56.0,0.6,12.0,198.7,23796.0,45017.0,19.9,18.3,78.2,29.990999999999996,14.789999999999997,183.0,218.0,1.9,0.5331168118552605
2026-04-21T17:39:12,04/21/202605:39,142.75,0.74,105.635,54.71,1.01,55.2571,54.9,0.6,12.0,198.7,23796.0,45017.0,20.0,18.3,78.3,29.988,14.789999999999997,183.0,218.0,1.9,0.523094618260993
2026-04-21T17:40:01,04/21/202605:40,142.51,0.74,105.45739999999999,54.71,1.01,55.2571,54.9,0.6,12.0,198.7,23796.0,45017.0,20.0,18.3,78.4,29.985000000000003,14.789999999999997,183.0,218.0,1.9,0.5239755579030017
2026-04-21T17:40:12,04/21/202605:40,142.20999999999998,0.75,106.65749999999998,54.71,1.01,55.2571,54.9,0.6,12.0,198.7,23796.0,45017.0,19.9,18.3,78.5,29.982,14.789999999999997,183.0,218.0,1.9,0.5180798349858192
2026-04-21T17:41:01,04/21/202605:41,142.03,0.75,106.52250000000001,54.71,1.0,54.71,54.4,0.6,12.0,198.7,23796.0,45017.0,19.9,18.3,78.6,29.978999999999996,14.789999999999997,183.0,218.0,1.9,0.5136004130582741
2026-04-21T17:41:12,04/21/202605:41,141.79000000000002,0.74,104.92460000000001,54.71,0.9800000000000001,53.61580000000001,53.9,0.6,12.0,198.7,23796.0,45017.0,19.9,18.3,78.7,29.976,14.789999999999997,183.0,218.0,1.9,0.5109936087438027
2026-04-21T17:42:01,04/21/202605:42,141.24,0.74,104.5176,54.71,0.9700000000000001,53.06870000000001,53.9,0.6,12.0,198.7,23796.0,45017.0,19.9,18.3,78.8,29.973000000000003,14.789999999999997,183.0,218.0,1.9,0.5077489341508034
2026-04-21T17:42:12,04/21/202605:42,140.70999999999998,0.75,105.53249999999998,54.71,1.0,54.71,55.5,0.6,12.0,198.7,23796.0,45017.0,19.9,18.3,78.9,29.97,14.789999999999997,183.0,218.0,1.9,0.5184184966716415
2026-04-21T17:43:01,04/21/202605:43,140.54000000000002,0.76,106.81040000000002,54.7,1.02,55.794000000000004,56.6,0.6,12.0,198.7,23796.0,45017.0,19.9,18.3,79.0,29.97,14.789999999999997,183.0,218.0,1.9,0.5223648633466403
2026-04-21T17:43:11,04/21/202605:43,140.68,0.75,105.51,54.7,0.99,54.153000000000006,54.9,0.6,12.0,198.7,23796.0,45017.0,19.9,18.3,79.0,29.97,14.789999999999997,183.0,218.0,1.9,0.5132499289166904
2026-04-21T17:44:01,04/21/202605:44,140.82,0.74,104.20679999999999,54.7,0.96,52.512,53.2,0.6,12.0,198.7,23796.0,45017.0,19.9,18.3,79.0,29.97,14.789999999999997,183.0,218.0,1.9,0.5039210492981265
2026-04-21T17:44:12,04/21/202605:44,140.85,0.74,104.229,54.71,0.9800000000000001,53.61580000000001,54.3,0.6,12.0,198.7,23796.0,45017.0,19.9,18.3,79.0,29.97,14.789999999999997,183.0,218.0,1.9,0.5144038607297394
2026-04-21T17:45:01,04/21/202605:45,140.88,0.74,104.2512,54.720000000000006,1.0,54.720000000000006,55.4,0.6,12.0,198.7,23796.0,45017.0,19.9,18.3,79.0,29.97,14.789999999999997,183.0,218.0,1.9,0.5248860444771859
2026-04-21T17:45:04,04/21/202605:45,140.91,0.74,104.2734,54.720000000000006,1.0,54.720000000000006,55.4,0.6,12.0,198.7,23796.0,45017.0,19.9,18.3,79.0,29.97,14.789999999999997,183.0,218.0,1.9,0.5247742952660986
2026-04-21T17:46:01,04/21/202605:46,140.94,0.74,104.2956,54.720000000000006,1.0,54.720000000000006,55.4,0.6,12.0,198.7,23796.0,45017.0,19.9,18.3,79.0,29.97,14.789999999999997,183.0,218.0,1.9,0.524662593628111
2026-04-21T17:46:04,04/21/202605:46,140.75,0.75,105.5625,54.720000000000006,1.02,55.814400000000006,55.9,0.6,12.0,198.7,23796.0,45017.0,20.0,18.32,78.8,29.97,14.820999999999998,183.3,215.0,1.9,0.5287332149200711
2026-04-21T17:47:00,04/21/202605:47,140.56,0.76,106.82560000000001,54.720000000000006,1.04,56.90880000000001,56.4,0.6,12.0,198.7,23796.0,45017.0,20.0,18.34,78.6,29.97,14.851999999999999,183.6,212.0,1.9,0.5327262379055208
2026-04-21T17:47:04,04/21/202605:47,140.22,0.76,106.5672,54.720000000000006,1.03,56.36160000000001,55.9,0.6,12.0,198.7,23796.0,45017.0,19.9,18.36,78.4,29.97,14.883,183.9,209.0,1.9,0.5288831835686779
2026-04-21T17:48:01,04/21/202605:48,139.88,0.76,106.30879999999999,54.720000000000006,1.02,55.814400000000006,55.4,0.6,12.0,198.7,23796.0,45017.0,19.9,18.380000000000003,78.2,29.97,14.913999999999998,184.2,206.0,1.9,0.5250214469545326
2026-04-21T17:48:05,04/21/202605:48,139.7,0.76,106.172,54.720000000000006,1.01,55.26720000000001,54.9,0.6,12.0,198.7,23796.0,45017.0,19.9,18.4,78.0,29.97,14.944999999999999,184.5,203.0,1.9,0.5205440229062277
2026-04-21T17:49:29,04/21/202605:49,139.45999999999998,0.77,107.38419999999999,54.720000000000006,1.03,56.36160000000001,56.0,0.6,12.0,198.7,23796.0,45017.0,19.9,18.419999999999998,77.8,29.97,14.975999999999999,184.8,200.0,1.9,0.5248593368484378
2026-04-21T17:50:01,04/21/202605:50,139.18,0.78,108.56040000000002,54.71,1.04,56.8984,56.5,0.6,12.0,198.7,23796.0,45017.0,19.9,18.44,77.6,29.97,15.007,185.1,197.0,1.9,0.5241174498251664
2026-04-21T17:50:05,04/21/202605:50,138.95999999999998,0.78,108.38879999999999,54.7,1.03,56.341,55.9,0.6,12.0,198.7,23796.0,45017.0,19.9,18.46,77.4,29.97,15.038,185.4,194.0,1.9,0.5198046292605879
2026-04-21T17:51:01,04/21/202605:51,138.8,0.77,106.876,54.7,1.04,56.888000000000005,56.4,0.6,12.0,198.7,23796.0,45017.0,19.9,18.48,77.2,29.97,15.068999999999999,185.7,191.0,1.9,0.5322803997155583
2026-04-21T17:51:04,04/21/202605:51,138.60999999999999,0.77,106.7297,54.7,1.05,57.435,56.9,0.6,12.0,198.7,23796.0,45017.0,19.9,18.5,77.0,29.97,15.1,186.0,188.0,1.9,0.5381351207770658
2026-04-21T17:52:01,04/21/202605:52,138.7,0.77,106.79899999999999,54.7,1.05,57.435,56.9,0.6,12.0,198.7,23796.0,45017.0,19.9,18.5,77.0,29.97,15.1,186.0,188.0,1.9,0.5377859343252278
2026-04-21T17:52:05,04/21/202605:52,138.9,0.76,105.56400000000001,54.7,1.04,56.888000000000005,56.4,0.6,12.0,198.7,23796.0,45017.0,19.9,18.5,77.0,29.97,15.1,186.0,188.0,1.9,0.538895835701565
2026-04-21T17:53:01,04/21/202605:53,139.23,0.75,104.42249999999999,54.7,1.02,55.794000000000004,55.3,0.6,12.0,198.7,23796.0,45017.0,19.9,18.5,77.0,29.97,15.1,186.0,188.0,1.9,0.5343101343101344
2026-04-21T17:53:04,04/21/202605:53,139.59,0.75,104.6925,54.7,1.02,55.794000000000004,55.3,0.6,12.0,198.7,23796.0,45017.0,19.9,18.5,77.0,29.97,15.1,186.0,188.0,1.9,0.5329321584640734
2026-04-21T17:54:01,04/21/202605:54,139.7,0.76,106.172,54.7,1.04,56.888000000000005,56.4,0.6,12.0,198.7,23796.0,45017.0,19.9,18.5,77.0,29.97,15.1,186.0,188.0,1.9,0.5358098180311194
2026-04-21T17:54:05,04/21/202605:54,139.78,0.76,106.2328,54.7,1.04,56.888000000000005,56.4,0.6,12.0,198.7,23796.0,45017.0,19.9,18.5,77.0,29.97,15.1,186.0,188.0,1.9,0.5355031590996379
2026-04-21T17:55:01,04/21/202605:55,139.85999999999999,0.76,106.29359999999998,54.7,1.04,56.888000000000005,56.4,0.6,12.0,198.7,23796.0,45017.0,19.9,18.5,77.0,29.97,15.1,186.0,188.0,1.9,0.5351968509863249
2026-04-21T17:55:04,04/21/202605:55,139.8,0.77,107.64600000000002,54.7,1.0699999999999998,58.528999999999996,58.1,0.6,12.0,198.7,23796.0,45017.0,19.9,18.5,77.0,29.97,15.1,186.0,188.0,1.9,0.5437173698976273
2026-04-21T17:56:01,04/21/202605:56,139.74,0.78,108.9972,54.7,1.1,60.17000000000001,59.8,0.6,12.0,198.7,23796.0,45017.0,19.9,18.5,77.0,29.97,15.1,186.0,188.0,1.9,0.5520325292759815
2026-04-21T17:56:04,04/21/202605:56,139.77,0.78,109.02060000000002,54.7,1.1,60.17000000000001,59.8,0.6,12.0,198.7,23796.0,45017.0,19.9,18.5,77.0,29.97,15.1,186.0,188.0,1.9,0.5519140419333594
2026-04-21T17:57:00,04/21/202605:57,139.8,0.78,109.04400000000001,54.7,1.1,60.17000000000001,59.8,0.6,12.0,198.7,23796.0,45017.0,19.9,18.5,77.0,29.97,15.1,186.0,188.0,1.9,0.5517956054436741
2026-04-21T17:57:04,04/21/202605:57,139.75,0.79,110.4025,54.7,1.1099999999999999,60.717,60.3,0.6,12.0,198.7,23796.0,45017.0,19.9,18.5,77.0,29.97,15.1,186.0,188.0,1.9,0.5499603722741786
2026-04-21T17:57:43,04/21/202605:57,139.73,0.79,110.38669999999999,54.7,1.1,60.17000000000001,59.7,0.6,12.0,198.7,23796.0,45017.0,19.9,18.5,77.0,29.97,15.1,186.0,188.0,1.9,0.5450837827383191
2026-04-21T17:58:01,04/21/202605:58,139.68,0.78,108.95040000000002,54.7,1.0699999999999998,58.528999999999996,58.0,0.6,12.0,198.7,23796.0,45017.0,19.9,18.5,77.0,29.97,15.1,186.0,188.0,1.9,0.5372077569242517
2026-04-21T17:58:42,04/21/202605:58,139.60999999999999,0.77,107.49969999999999,54.7,1.04,56.888000000000005,56.3,0.6,12.0,198.7,23796.0,45017.0,20.0,18.5,77.0,29.97,15.1,186.0,188.0,1.9,0.5291921744897894
2026-04-21T17:59:01,04/21/202605:59,139.63,0.76,106.1188,54.7,1.0,54.7,54.1,0.6,12.0,198.7,23796.0,45017.0,20.0,18.5,77.0,29.97,15.1,186.0,188.0,1.9,0.5154600315872401
2026-04-21T18:00:42,04/21/202606:00,139.67000000000002,0.75,104.75250000000001,54.7,0.9800000000000001,53.60600000000001,53.0,0.6,12.0,198.7,23796.0,45017.0,19.9,18.5,77.0,29.97,15.1,186.0,188.0,1.9,0.511739576621083
2026-04-21T18:00:43,04/21/202606:00,139.78,0.74,103.4372,54.7,0.9400000000000001,51.418000000000006,50.8,0.6,12.0,198.7,23796.0,45017.0,19.9,18.509999999999998,76.9,29.97,15.1,186.2,198.1,1.9,0.4970938888523665
2026-04-21T18:01:00,04/21/202606:01,139.89000000000001,0.73,102.11970000000001,54.7,0.9,49.230000000000004,48.6,0.6,12.0,198.7,23796.0,45017.0,19.9,18.52,76.8,29.97,15.1,186.4,208.2,1.9,0.48208132221305
2026-04-21T18:01:42,04/21/202606:01,139.60999999999999,0.72,100.51919999999998,54.7,0.9099999999999999,49.777,49.2,0.6,12.0,198.7,23796.0,45017.0,19.9,18.53,76.7,29.97,15.1,186.6,218.3,1.9,0.49519892717013275
2026-04-21T18:01:46,04/21/202606:01,139.31,0.71,98.9101,54.7,0.9200000000000002,50.32400000000001,49.8,0.6,12.0,198.7,23796.0,45017.0,19.9,18.54,76.6,29.97,15.1,186.8,228.4,1.9,0.5087852504445958
2026-04-21T18:02:00,04/21/202606:02,138.98,0.7,97.28599999999999,54.7,0.93,50.871,50.4,0.6,12.0,198.7,23796.0,45017.0,19.9,18.55,76.5,29.97,15.1,187.0,238.5,1.9,0.522901548013075
2026-04-21T18:02:47,04/21/202606:02,138.52,0.71,98.3492,54.7,0.95,51.965,51.5,0.6,12.0,198.7,23796.0,45017.0,19.9,18.560000000000002,76.4,29.97,15.1,187.2,248.6,1.9,0.5283723711021544
2026-04-21T18:03:00,04/21/202606:03,138.06,0.72,99.4032,54.7,0.9700000000000001,53.059000000000005,52.6,0.6,12.0,198.7,23796.0,45017.0,19.9,18.57,76.3,29.97,15.1,187.4,258.7,1.9,0.5337755726173806
2026-04-21T18:03:46,04/21/202606:03,137.56,0.72,99.0432,54.7,0.9700000000000001,53.059000000000005,52.6,0.6,12.0,198.7,23796.0,45017.0,19.9,18.580000000000002,76.2,29.97,15.1,187.6,268.8,1.9,0.5357157280863301
2026-04-21T18:04:00,04/21/202606:04,137.06,0.72,98.6832,54.7,0.9700000000000001,53.059000000000005,52.6,0.6,12.0,198.7,23796.0,45017.0,19.9,18.59,76.1,29.97,15.1,187.8,278.9,1.9,0.5376700390745335
2026-04-21T18:04:46,04/21/202606:04,136.19,0.73,99.4187,54.7,0.9800000000000001,53.60600000000001,53.2,0.6,12.0,198.7,23796.0,45017.0,19.9,18.6,76.0,29.97,15.1,188.0,289.0,1.9,0.5391943366791158
2026-04-21T18:05:00,04/21/202606:05,135.32999999999998,0.74,100.14419999999998,54.7,1.0,54.7,54.3,0.6,12.0,198.7,23796.0,45017.0,19.9,18.6,76.0,29.97,15.1,188.0,289.0,1.9,0.5462123617743215
2026-04-21T18:05:47,04/21/202606:05,134.42000000000002,0.75,100.81500000000001,54.7,1.02,55.794000000000004,55.4,0.6,12.0,198.7,23796.0,45017.0,19.9,18.6,76.0,29.97,15.1,188.0,289.0,1.9,0.55342954917423
2026-04-21T18:06:01,04/21/202606:06,133.84,0.76,101.7184,54.7,1.02,55.794000000000004,55.4,0.6,12.0,198.7,23796.0,45017.0,19.9,18.6,76.0,29.97,15.1,188.0,289.0,1.9,0.5485143297574481
2026-04-21T18:06:47,04/21/202606:06,133.74,0.77,102.97980000000001,54.7,1.03,56.341,55.9,0.6,12.0,198.7,23796.0,45017.0,20.0,18.6,76.0,29.97,15.1,188.0,289.0,1.9,0.5471072967708229
2026-04-21T18:07:00,04/21/202606:07,133.64000000000001,0.78,104.23920000000001,54.7,1.04,56.888000000000005,56.4,0.6,12.0,198.7,23796.0,45017.0,20.0,18.6,76.0,29.97,15.1,188.0,289.0,1.9,0.5457447869899231
2026-04-21T18:07:47,04/21/202606:07,133.63,0.78,104.2314,54.7,1.05,57.435,57.0,0.6,12.0,198.7,23796.0,45017.0,19.9,18.6,76.0,29.97,15.1,188.0,289.0,1.9,0.5510335657009309
2026-04-21T18:08:01,04/21/202606:08,133.62,0.78,104.2236,54.7,1.06,57.982000000000006,57.6,0.6,12.0,198.7,23796.0,45017.0,19.9,18.6,76.0,29.97,15.1,188.0,289.0,1.9,0.5563231360267732
2026-04-21T18:08:46,04/21/202606:08,133.62,0.79,105.55980000000001,54.7,1.08,59.07600000000001,58.7,0.7,12.0,198.7,23796.0,45017.0,19.9,18.6,76.0,29.97,15.1,188.0,289.0,1.9,0.5596448648064889
2026-04-21T18:09:00,04/21/202606:09,133.62,0.8,106.89600000000002,54.7,1.1,60.17000000000001,59.8,0.7,12.0,198.7,23796.0,45017.0,19.9,18.6,76.0,29.97,15.1,188.0,289.0,1.9,0.5628835503667116
2026-04-21T18:09:47,04/21/202606:09,133.62,0.8,106.89600000000002,54.7,1.09,59.623000000000005,59.2,0.7,12.0,198.7,23796.0,45017.0,19.9,18.6,76.0,29.97,15.1,188.0,289.0,1.9,0.5577664271815597
2026-04-21T18:10:01,04/21/202606:10,133.62,0.8,106.89600000000002,54.7,1.08,59.07600000000001,58.6,0.7,12.0,198.7,23796.0,45017.0,19.9,18.6,76.0,29.97,15.1,188.0,289.0,1.9,0.5526493039964078
2026-04-21T18:11:53,04/21/202606:11,134.13,0.8,107.304,54.7,1.08,59.07600000000001,58.6,0.7,12.0,198.7,23796.0,45017.0,19.9,18.6,76.0,29.97,15.1,188.0,289.0,1.9,0.5505479758443302
2026-04-21T18:12:01,04/21/202606:12,134.64000000000001,0.8,107.71200000000002,54.7,1.08,59.07600000000001,58.6,0.7,12.0,198.7,23796.0,45017.0,19.9,18.6,76.0,29.97,15.1,188.0,289.0,1.9,0.5484625668449198
2026-04-21T18:12:03,04/21/202606:12,134.62,0.8,107.69600000000001,54.7,1.06,57.982000000000006,57.5,0.7,12.0,198.7,23796.0,45017.0,19.9,18.6,76.0,29.97,15.1,188.0,289.0,1.9,0.5383858267716536
2026-04-21T18:13:01,04/21/202606:13,134.6,0.8,107.68,54.7,1.04,56.888000000000005,56.4,0.7,12.0,198.7,23796.0,45017.0,19.9,18.6,76.0,29.97,15.1,188.0,289.0,1.9,0.5283060921248143
2026-04-21T18:13:02,04/21/202606:13,133.04000000000002,0.8,106.43200000000002,54.7,1.03,56.341,55.8,0.7,12.0,198.7,23796.0,45017.0,19.9,18.6,76.0,29.97,15.1,188.0,289.0,1.9,0.5293614702345159
2026-04-21T18:14:00,04/21/202606:14,131.48,0.8,105.184,54.7,1.02,55.794000000000004,55.2,0.7,12.0,198.7,23796.0,45017.0,19.9,18.6,76.0,29.97,15.1,188.0,289.0,1.9,0.5304418923030119
2026-04-21T18:15:01,04/21/202606:15,129.97,0.8,103.976,54.69,1.02,55.7838,55.2,0.7,12.0,198.7,23796.0,45017.0,19.9,18.6,76.0,29.97,15.1,188.0,289.0,1.9,0.5365065015003462
2026-04-21T18:15:03,04/21/202606:15,128.43,0.79,101.45970000000001,54.67,1.01,55.2167,54.7,0.7,12.0,198.7,23796.0,45017.0,19.9,18.6,76.0,29.97,15.1,188.0,289.0,1.9,0.5442229772017855
2026-04-21T18:16:00,04/21/202606:16,127.24000000000001,0.78,99.2472,54.65,1.0,54.65,54.2,0.7,12.0,198.7,23796.0,45017.0,19.9,18.6,76.0,29.97,15.1,188.0,289.0,1.9,0.5506452574984483
2026-04-21T18:16:02,04/21/202606:16,126.05,0.77,97.0585,54.63000000000001,1.0,54.63000000000001,54.2,0.7,13.0,198.7,23796.0,45017.0,19.9,18.580000000000002,76.0,29.97,15.056000000000001,188.0,274.7,1.8800000000000001,0.5628564216426177
2026-04-21T18:16:38,04/21/202606:16,124.39000000000001,0.76,94.53640000000001,54.61,0.9800000000000001,53.5178,53.0,0.7,13.0,198.7,23796.0,45017.0,19.9,18.560000000000002,76.0,29.97,15.012,188.0,260.4,1.8599999999999999,0.5661078695613541
2026-04-21T18:17:01,04/21/202606:17,122.72999999999999,0.75,92.04749999999999,54.589999999999996,0.96,52.4064,51.8,0.7,13.0,198.7,23796.0,45017.0,19.9,18.54,76.0,29.97,14.968,188.0,246.1,1.8399999999999999,0.5693408294630491
2026-04-21T18:17:37,04/21/202606:17,121.13,0.75,90.8475,54.56,0.9400000000000001,51.28640000000001,50.7,0.7,13.0,198.7,23796.0,45017.0,20.0,18.52,76.0,29.97,14.924000000000001,188.0,231.8,1.8199999999999998,0.5645328710201162
2026-04-21T18:18:00,04/21/202606:18,119.53,0.75,89.64750000000001,54.529999999999994,0.9199999999999999,50.16759999999999,49.6,0.7,13.0,198.7,23796.0,45017.0,20.0,18.5,76.0,29.97,14.88,188.0,217.5,1.8,0.5596095819738419
2026-04-21T18:18:37,04/21/202606:18,119.55,0.75,89.6625,54.5,0.9,49.050000000000004,48.5,0.7,13.0,198.7,23796.0,45017.0,19.9,18.48,76.0,29.97,14.836000000000002,188.0,203.2,1.78,0.547051442910916
2026-04-21T18:19:00,04/21/202606:19,119.57000000000001,0.75,89.67750000000001,54.470000000000006,0.8800000000000001,47.93360000000001,47.4,0.7,13.0,198.7,23796.0,45017.0,19.9,18.46,76.0,29.97,14.791999999999998,188.0,188.9,1.7599999999999998,0.5345108862312175
2026-04-21T18:19:38,04/21/202606:19,119.60999999999999,0.75,89.70749999999998,54.45,0.8800000000000001,47.91600000000001,47.4,0.7,13.0,198.7,23796.0,45017.0,19.9,18.439999999999998,76.0,29.97,14.748,188.0,174.6,1.7399999999999998,0.5341359418108856
2026-04-21T18:20:01,04/21/202606:20,119.67999999999999,0.76,90.9568,54.44,0.89,48.4516,47.9,0.7,13.0,198.7,23796.0,45017.0,19.9,18.419999999999998,76.0,29.97,14.703999999999999,188.0,160.3,1.72,0.5326880453138193
2026-04-21T18:20:38,04/21/202606:20,119.67999999999999,0.77,92.1536,54.44,0.9099999999999999,49.54039999999999,48.9,0.7,13.0,198.7,23796.0,45017.0,19.9,18.4,76.0,29.97,14.66,188.0,146.0,1.7,0.5375850753524549
2026-04-21T18:21:01,04/21/202606:21,119.67999999999999,0.78,93.3504,54.44,0.9200000000000002,50.08480000000001,49.4,0.7,13.0,198.7,23796.0,45017.0,19.9,18.4,76.0,29.97,14.66,188.0,146.0,1.7,0.536524749760044
2026-04-21T18:21:37,04/21/202606:21,119.69000000000001,0.79,94.55510000000001,54.44,0.93,50.6292,50.0,0.7,13.0,198.7,23796.0,45017.0,19.9,18.4,76.0,29.97,14.66,188.0,146.0,1.7,0.5354465280032488
2026-04-21T18:23:05,04/21/202606:23,119.75,0.79,94.6025,54.42999999999999,0.93,50.619899999999994,50.0,0.7,13.0,198.7,23796.0,45017.0,19.9,18.4,76.0,29.97,14.66,188.0,146.0,1.7,0.5350799397478924
2026-04-21T18:23:37,04/21/202606:23,119.79,0.77,92.23830000000001,54.42,0.9200000000000002,50.06640000000001,49.5,0.7,13.0,198.7,23796.0,45017.0,19.9,18.4,76.0,29.97,14.66,188.0,146.0,1.7,0.5427940454236473
2026-04-21T18:24:01,04/21/202606:24,119.83,0.75,89.8725,54.410000000000004,0.9099999999999999,49.5131,49.0,0.7,13.0,198.7,23796.0,45017.0,19.9,18.4,76.0,29.97,14.66,188.0,146.0,1.7,0.5509260341038694
2026-04-21T18:24:38,04/21/202606:24,119.96,0.72,86.37119999999999,54.39,0.89,48.4071,47.9,0.7,13.0,198.7,23796.0,45017.0,19.9,18.4,76.0,29.97,14.66,188.0,146.0,1.7,0.5604541791708348
2026-04-21T18:25:01,04/21/202606:25,120.09,0.6900000000000001,82.86210000000001,54.370000000000005,0.8699999999999999,47.301899999999996,46.8,0.7,13.0,198.7,23796.0,45017.0,19.9,18.4,76.0,29.97,14.66,188.0,146.0,1.7,0.5708508473717174
2026-04-21T18:25:38,04/21/202606:25,120.19000000000001,0.6599999999999999,79.3254,54.35,0.8400000000000001,45.654,45.1,0.7,13.0,198.7,23796.0,45017.0,19.9,18.4,76.0,29.97,14.66,188.0,146.0,1.7,0.5755281410493991
2026-04-21T18:26:01,04/21/202606:26,120.29,0.63,75.7827,54.33,0.8099999999999999,44.007299999999994,43.4,0.7,13.0,198.7,23796.0,45017.0,19.9,18.4,76.0,29.97,14.66,188.0,146.0,1.7,0.5807037753999262
2026-04-21T18:27:00,04/21/202606:27,120.46,0.6,72.276,54.279999999999994,0.77,41.79559999999999,41.2,0.7,13.0,198.7,23796.0,45017.0,19.9,18.4,76.0,29.97,14.66,188.0,146.0,1.7,0.578277713210471
2026-04-21T18:27:38,04/21/202606:27,118.6,0.5700000000000001,67.602,54.239999999999995,0.71,38.5104,38.0,0.7,13.0,198.7,23796.0,45017.0,19.9,18.4,76.0,29.97,14.66,188.0,146.0,1.7,0.5696636194195437
2026-04-21T18:28:01,04/21/202606:28,116.74000000000001,0.54,63.03960000000001,54.2,0.6599999999999999,35.772,35.3,0.7,13.0,198.7,23796.0,45017.0,19.9,18.4,76.0,29.97,14.66,188.0,146.0,1.7,0.5674528391677611
2026-04-21T18:28:38,04/21/202606:28,114.83,0.52,59.711600000000004,54.17,0.63,34.1271,33.7,0.7,13.0,198.7,23796.0,45017.0,19.9,18.4,76.0,29.97,14.66,188.0,146.0,1.69,0.5715321646045324
2026-04-21T18:29:00,04/21/202606:29,112.95,0.51,57.6045,54.15,0.6199999999999999,33.57299999999999,33.1,0.7,13.0,198.7,23796.0,45017.0,19.9,18.4,76.0,29.97,14.66,188.0,146.0,1.6800000000000002,0.5828190505950055
2026-04-21T18:29:38,04/21/202606:29,111.07000000000001,0.49000000000000005,54.42430000000001,54.13000000000001,0.6,32.478,32.0,0.7,13.0,198.7,23796.0,45017.0,19.9,18.4,76.0,29.97,14.66,188.0,146.0,1.67,0.5967554934101127
2026-04-21T18:30:00,04/21/202606:30,109.03,0.48,52.334399999999995,54.120000000000005,0.59,31.9308,31.5,0.7,13.0,198.7,23796.0,45017.0,19.9,18.4,76.0,29.97,14.66,188.0,146.0,1.6600000000000001,0.610130239383656
2026-04-21T18:30:38,04/21/202606:30,106.42999999999999,0.48,51.0864,54.1,0.59,31.919,31.5,0.7,13.0,198.7,23796.0,45017.0,19.9,18.4,76.0,29.97,14.66,188.0,146.0,1.65,0.6248042531867581
2026-04-21T18:31:01,04/21/202606:31,103.84,0.48,49.8432,54.08,0.58,31.366399999999995,31.0,0.7,13.0,198.7,23796.0,45017.0,19.9,18.4,76.0,29.97,14.66,188.0,146.0,1.64,0.6293014894709809
2026-04-21T18:31:08,04/21/202606:31,101.25,0.48,48.6,54.08,0.5700000000000001,30.8256,30.5,0.7,13.0,198.7,23796.0,45017.0,19.9,18.4,75.9,29.973000000000003,14.605,188.2,138.8,1.59,0.6342716049382716
2026-04-21T18:32:00,04/21/202606:32,98.66,0.48,47.3568,54.1,0.5599999999999999,30.296,30.0,0.7,13.0,198.7,23796.0,45017.0,19.9,18.4,75.8,29.976,14.55,188.4,131.6,1.54,0.6397391715656463
2026-04-21T18:32:08,04/21/202606:32,98.1,0.48,47.087999999999994,54.1,0.5599999999999999,30.296,30.5,0.7,13.0,198.7,23796.0,45017.0,20.0,18.4,75.7,29.978999999999996,14.495,188.6,131.8,1.49,0.6433910975195379
2026-04-21T18:34:17,04/21/202606:34,97.65,0.47000000000000003,45.895500000000006,54.1,0.55,29.755000000000003,29.9,0.7,13.0,198.7,23796.0,45017.0,19.9,18.33,75.6,29.982,14.315000000000001,187.1,132.0,1.44,0.6483206414572235
2026-04-21T18:35:00,04/21/202606:35,97.2,0.45999999999999996,44.711999999999996,54.1,0.53,28.673000000000002,28.8,0.7,13.0,198.7,23796.0,45017.0,19.9,18.259999999999998,75.5,29.985000000000003,14.135,185.6,132.2,1.4,0.6412819824655575
2026-04-21T18:36:01,04/21/202606:36,96.75,0.45,43.5375,54.1,0.51,27.591,27.7,0.7,13.0,198.7,23796.0,45017.0,19.9,18.189999999999998,75.4,29.988,13.955000000000002,184.1,132.4,1.3599999999999999,0.6337295434969854
2026-04-21T18:36:08,04/21/202606:36,96.38,0.45,43.371,54.1,0.51,27.591,27.7,0.7,13.0,198.7,23796.0,45017.0,19.9,18.119999999999997,75.3,29.990999999999996,13.775,182.6,132.6,1.3199999999999998,0.636162412672062
2026-04-21T18:37:01,04/21/202606:37,96.01,0.45,43.2045,54.1,0.51,27.591,27.7,0.7,13.0,198.7,23796.0,45017.0,19.9,18.05,75.2,29.994,13.594999999999999,181.1,132.8,1.28,0.6386140332604242
2026-04-21T18:37:08,04/21/202606:37,96.19,0.44000000000000006,42.323600000000006,54.11,0.49000000000000005,26.513900000000003,26.6,0.7,13.0,198.7,23796.0,45017.0,19.9,17.979999999999997,75.1,29.994,13.415000000000001,179.6,133.0,1.24,0.6264566341237513
2026-04-21T18:38:01,04/21/202606:38,96.37,0.43,41.4391,54.120000000000005,0.47000000000000003,25.436400000000003,25.5,0.7,13.0,198.7,23796.0,45017.0,19.9,17.91,75.0,29.994,13.235,178.1,133.2,1.2,0.6138260724774428
2026-04-21T18:38:08,04/21/202606:38,96.55,0.42000000000000004,40.551,54.11,0.45999999999999996,24.8906,25.0,0.7,13.0,198.7,23796.0,45017.0,19.9,17.839999999999996,75.6,29.990999999999996,13.11,176.4,140.6,1.2,0.6138097704125668
2026-04-21T18:38:24,04/21/202606:38,96.74,0.41000000000000003,39.6634,54.089999999999996,0.45,24.3405,24.5,0.7,13.0,198.7,23796.0,45017.0,19.9,17.77,76.2,29.988,12.985,174.7,148.0,1.2,0.6136765884921614
2026-04-21T18:39:01,04/21/202606:39,96.92999999999999,0.4,38.772,54.08,0.45,24.336,24.0,0.7,13.0,198.7,23796.0,45017.0,19.9,17.7,76.8,29.985000000000003,12.86,173.0,148.0,1.2,0.627669452181987
2026-04-21T18:39:24,04/21/202606:39,96.9,0.4,38.760000000000005,54.08,0.44000000000000006,23.7952,23.5,0.7,13.0,198.7,23796.0,45017.0,19.9,17.7,77.4,29.982,12.86,173.0,148.0,1.2,0.6139112487100102
2026-04-21T18:40:00,04/21/202606:40,96.87,0.4,38.748000000000005,54.08,0.43,23.2544,23.0,0.7,13.0,198.7,23796.0,45017.0,19.9,17.7,78.0,29.978999999999996,12.86,173.0,148.0,1.2,0.6001445235883142
2026-04-21T18:41:01,04/21/202606:41,96.84,0.4,38.736000000000004,54.08,0.42000000000000004,22.713600000000003,22.5,0.7,13.0,198.7,23796.0,45017.0,19.9,17.7,78.6,29.976,12.86,173.0,148.0,1.2,0.5863692688971499
2026-04-21T18:41:23,04/21/202606:41,93.42999999999999,0.4,37.372,54.08,0.41,22.1728,21.9,0.7,13.0,198.7,23796.0,45017.0,19.9,17.7,79.2,29.973000000000003,12.86,173.0,148.0,1.2,0.5932997966391951
2026-04-21T18:42:01,04/21/202606:42,90.02,0.4,36.008,54.08,0.4,21.632,21.3,0.7,13.0,198.7,23796.0,45017.0,19.9,17.7,79.8,29.97,12.86,173.0,148.0,1.2,0.6007553876916241
2026-04-21T18:42:24,04/21/202606:42,86.61999999999999,0.39,33.7818,54.08,0.4,21.632,21.3,0.7,13.0,198.7,23796.0,45017.0,19.9,17.7,80.4,29.97,12.86,173.0,148.0,1.2,0.6403448010467175
2026-04-21T18:43:00,04/21/202606:43,83.22,0.38,31.6236,54.08,0.4,21.632,21.3,0.7,13.0,198.7,23796.0,45017.0,19.9,17.7,81.0,29.97,12.86,173.0,148.0,1.2,0.6840460921590206
2026-04-21T18:43:24,04/21/202606:43,79.82000000000001,0.38,30.3316,54.08,0.39,21.0912,20.7,0.7,13.0,198.7,23796.0,45017.0,19.9,17.7,81.0,29.97,12.86,173.0,148.0,1.2,0.6953540202297274
2026-04-21T18:44:01,04/21/202606:44,76.41,0.38,29.0358,54.089999999999996,0.38,20.554199999999998,20.1,0.7,13.0,198.7,23796.0,45017.0,19.9,17.7,81.0,29.97,12.86,173.0,148.0,1.2,0.707891637220259
2026-04-21T18:45:30,04/21/202606:45,75.28999999999999,0.36,27.104399999999995,54.1,0.36,19.476,19.0,0.7,13.0,198.7,23796.0,45017.0,19.9,17.7,81.0,29.97,12.86,173.0,148.0,1.2,0.7185549209722408
2026-04-21T18:46:00,04/21/202606:46,74.28,0.34,25.255200000000002,54.1,0.36,19.476,19.0,0.7,13.0,198.7,23796.0,45017.0,19.9,17.7,81.0,29.97,12.86,173.0,148.0,1.2,0.7711679178941365
2026-04-21T18:46:23,04/21/202606:46,70.67,0.33,23.3211,54.089999999999996,0.36,19.472399999999997,19.0,0.7,13.0,198.7,23796.0,45017.0,19.9,17.68,81.0,29.97,12.898,173.3,137.0,1.17,0.8349691909901332
2026-04-21T18:47:01,04/21/202606:47,67.06,0.32,21.459200000000003,54.08,0.36,19.468799999999998,19.0,0.7,13.0,198.7,23796.0,45017.0,19.9,17.66,81.0,29.97,12.935999999999998,173.6,126.0,1.1400000000000001,0.9072472412764686
2026-04-21T18:47:24,04/21/202606:47,66.74,0.31,20.6894,54.08,0.35,18.927999999999997,18.5,0.7,13.0,198.7,23796.0,45017.0,19.9,17.64,81.0,29.97,12.974,173.9,115.0,1.1099999999999999,0.9148646166636054
2026-04-21T18:48:00,04/21/202606:48,66.42,0.3,19.926,54.08,0.33999999999999997,18.387199999999996,18.0,0.7,13.0,198.7,23796.0,45017.0,19.9,17.619999999999997,81.0,29.97,13.012,174.2,104.0,1.08,0.9227742647796847
2026-04-21T18:48:24,04/21/202606:48,73.55,0.27,19.8585,54.06,0.3,16.218,15.9,0.7,13.0,198.7,23796.0,45017.0,19.9,17.6,81.0,29.97,13.05,174.5,93.0,1.05,0.8166779968275549
2026-04-21T18:49:01,04/21/202606:49,80.67999999999999,0.24,19.3632,54.04,0.26,14.0504,13.8,0.7,13.0,198.7,23796.0,45017.0,19.9,17.580000000000002,81.0,29.97,13.088,174.8,82.0,1.02,0.7256238638241613
2026-04-21T18:49:24,04/21/202606:49,87.78999999999999,0.2,17.558,54.02,0.22000000000000003,11.884400000000003,11.7,0.7,13.0,198.7,23796.0,45017.0,19.9,17.56,81.0,29.97,13.126,175.1,71.0,0.99,0.6768652466112315
2026-04-21T18:50:00,04/21/202606:50,94.9,0.16,15.184000000000001,54.0,0.18,9.719999999999999,9.6,0.7,13.0,198.7,23796.0,45017.0,19.9,17.54,81.0,29.97,13.163999999999998,175.4,60.0,0.96,0.6401475237091674
2026-04-21T18:50:24,04/21/202606:50,99.74,0.13999999999999999,13.963599999999998,53.970000000000006,0.15999999999999998,8.6352,8.5,0.7,13.0,198.7,23796.0,45017.0,19.9,17.52,81.0,29.97,13.202000000000002,175.7,49.0,0.93,0.6184078604371366
2026-04-21T18:51:01,04/21/202606:51,104.58,0.12,12.5496,53.94,0.13999999999999999,7.551599999999999,7.4,0.7,13.0,198.7,23796.0,45017.0,19.9,17.5,81.0,29.97,13.24,176.0,38.0,0.9,0.6017402945113788
2026-04-21T18:51:24,04/21/202606:51,111.97999999999999,0.09,10.078199999999999,53.92,0.11000000000000001,5.931200000000001,5.8,0.7,13.0,198.7,23796.0,45017.0,19.9,17.5,81.0,29.97,13.24,176.0,38.0,0.9,0.5885177908753549
2026-04-21T18:52:00,04/21/202606:52,119.38,0.06,7.1628,53.9,0.08,4.312,4.2,0.7,13.0,198.7,23796.0,45017.0,19.9,17.5,81.0,29.97,13.24,176.0,38.0,0.9,0.6019992181828335
2026-04-21T18:52:24,04/21/202606:52,126.85999999999999,0.03,3.8057999999999996,53.86,0.05,2.693,2.6,0.7,13.0,198.7,23796.0,45017.0,19.9,17.5,81.0,29.97,13.24,176.0,38.0,0.9,0.7076041830889696
2026-04-21T18:53:00,04/21/202606:53,134.34,0.0,0.0,53.82000000000001,0.02,1.0764000000000002,1.0,0.7,13.0,198.7,23796.0,45017.0,19.9,17.5,81.0,29.97,13.24,176.0,38.0,0.9,
2026-04-21T18:53:24,04/21/202606:53,126.72999999999999,0.03,3.8018999999999994,53.8,0.05,2.69,2.6,0.7,13.0,198.7,23796.0,45017.0,19.9,17.5,81.0,29.97,13.24,176.0,38.0,0.9,0.7075409663589259
2026-04-21T18:54:01,04/21/202606:54,119.12,0.06,7.1472,53.779999999999994,0.08,4.3024,4.2,0.7,13.0,198.7,23796.0,45017.0,19.9,17.5,81.0,29.97,13.24,176.0,38.0,0.9,0.6019700022386388
2026-04-21T18:54:24,04/21/202606:54,111.53,0.09,10.0377,53.760000000000005,0.12,6.4512,6.3,0.7,13.0,198.7,23796.0,45017.0,19.9,17.5,81.0,29.97,13.24,176.0,38.0,0.9,0.6426970321886488
2026-04-21T18:55:00,04/21/202606:55,103.94000000000001,0.12,12.472800000000001,53.739999999999995,0.16,8.5984,8.4,0.7,13.0,198.7,23796.0,45017.0,19.9,17.5,81.0,29.97,13.24,176.0,38.0,0.9,0.6893720736322236
2026-04-21T18:56:41,04/21/202606:56,99.07,0.13999999999999999,13.869799999999998,53.73,0.16,8.5968,8.4,0.7,13.0,198.7,23796.0,45017.0,20.0,17.5,81.0,29.97,13.24,176.0,38.0,0.9,0.6198214826457484
2026-04-21T18:57:00,04/21/202606:57,94.2,0.16,15.072000000000001,53.720000000000006,0.16,8.595200000000002,8.4,0.7,13.0,198.7,23796.0,45017.0,20.0,17.5,81.0,29.97,13.24,176.0,38.0,0.9,0.5702760084925691
2026-04-21T18:57:24,04/21/202606:57,94.10999999999999,0.16,15.057599999999997,53.7,0.16,8.592,8.4,0.7,13.0,198.7,23796.0,45017.0,19.9,17.5,81.0,29.97,13.24,176.0,38.0,0.9,0.5706088619700352
2026-04-21T18:58:01,04/21/202606:58,94.02,0.16,15.043199999999999,53.68000000000001,0.16,8.5888,8.4,0.7,13.0,198.7,23796.0,45017.0,19.9,17.5,81.0,29.97,13.24,176.0,38.0,0.9,0.570942352690917
2026-04-21T18:58:24,04/21/202606:58,93.57,0.16,14.9712,53.660000000000004,0.16,8.585600000000001,8.4,0.7,13.0,198.7,23796.0,45017.0,19.9,17.5,81.0,29.97,13.24,176.0,38.0,0.9,0.573474404189377
2026-04-21T18:59:01,04/21/202606:59,93.11999999999999,0.16,14.899199999999999,53.64,0.16,8.5824,8.4,0.7,13.0,198.7,23796.0,45017.0,19.9,17.5,81.0,29.97,13.24,176.0,38.0,0.9,0.5760309278350516
2026-04-21T18:59:24,04/21/202606:59,100.59,0.13,13.0767,53.620000000000005,0.13,6.970600000000001,6.8,0.7,13.0,198.7,23796.0,45017.0,19.9,17.5,81.0,29.97,13.24,176.0,38.0,0.9,0.5330549756437022
2026-04-21T19:00:01,04/21/202607:00,108.05999999999999,0.1,10.806,53.6,0.1,5.36,5.2,0.7,13.0,198.7,23796.0,45017.0,19.9,17.5,81.0,29.97,13.24,176.0,38.0,0.9,0.49602072922450496
2026-04-21T19:00:25,04/21/202607:00,115.47,0.06999999999999999,8.082899999999999,53.58,0.06000000000000001,3.2148000000000003,3.1,0.7,13.0,198.7,23796.0,45017.0,19.9,17.490000000000002,80.9,29.97,13.327000000000002,176.4,37.1,0.8699999999999999,0.39772853802471897
2026-04-21T19:01:01,04/21/202607:01,122.88,0.04,4.9152,53.56,0.02,1.0712000000000002,1.0,0.7,13.0,198.7,23796.0,45017.0,19.9,17.48,80.8,29.97,13.413999999999998,176.8,36.2,0.8400000000000001,0.2179361979166667
2026-04-21T19:01:24,04/21/202607:01,127.6,0.02,2.552,53.529999999999994,0.01,0.5353,0.5,0.7,13.0,198.7,23796.0,45017.0,20.0,17.47,80.7,29.97,13.501,177.2,35.3,0.8099999999999999,0.20975705329153604
2026-04-21T19:02:01,04/21/202607:02,132.32,0.0,0.0,53.5,0.0,0.0,0.0,0.7,13.0,198.7,23796.0,45017.0,20.0,17.46,80.6,29.97,13.588,177.6,34.4,0.78,
2026-04-21T19:02:24,04/21/202607:02,132.29000000000002,0.0,0.0,53.48,0.0,0.0,0.0,0.7,13.0,198.7,23796.0,45017.0,19.9,17.45,80.5,29.97,13.675,178.0,33.5,0.75,
2026-04-21T19:03:01,04/21/202607:03,132.26,0.0,0.0,53.46,0.0,0.0,0.0,0.7,13.0,198.7,23796.0,45017.0,19.9,17.439999999999998,80.4,29.97,13.762,178.4,32.6,0.72,
2026-04-21T19:03:24,04/21/202607:03,132.48,0.0,0.0,53.45,0.0,0.0,0.0,0.7,13.0,198.7,23796.0,45017.0,19.9,17.43,80.3,29.97,13.849,178.8,31.7,0.6900000000000001,
2026-04-21T19:04:01,04/21/202607:04,132.7,0.0,0.0,53.44,0.0,0.0,0.0,0.7,13.0,198.7,23796.0,45017.0,19.9,17.419999999999998,80.2,29.97,13.935999999999998,179.2,30.8,0.6599999999999999,
2026-04-21T19:04:24,04/21/202607:04,132.71,0.0,0.0,53.42999999999999,0.0,0.0,0.0,0.7,13.0,198.7,23796.0,45017.0,19.9,17.41,80.1,29.97,14.023,179.6,29.9,0.63,
2026-04-21T19:05:01,04/21/202607:05,132.72,0.0,0.0,53.42,0.0,0.0,0.0,0.7,13.0,198.7,23796.0,45017.0,19.9,17.4,80.0,29.97,14.11,180.0,29.0,0.6,
2026-04-21T19:05:25,04/21/202607:05,132.82999999999998,0.0,0.0,53.410000000000004,0.0,0.0,0.0,0.7,13.0,198.7,23796.0,45017.0,20.0,17.4,80.0,29.97,14.11,180.0,29.0,0.6,
2026-04-21T19:06:01,04/21/202607:06,132.94,0.0,0.0,53.4,0.0,0.0,0.0,0.7,13.0,198.7,23796.0,45017.0,20.0,17.4,80.0,29.97,14.11,180.0,29.0,0.6,
2026-04-21T19:06:25,04/21/202607:06,132.92000000000002,0.0,0.0,53.39,0.0,0.0,0.0,0.7,13.0,198.7,23796.0,45017.0,19.9,17.4,80.0,29.97,14.11,180.0,29.0,0.6,
2026-04-21T19:07:52,04/21/202607:07,132.84,0.0,0.0,53.379999999999995,0.0,0.0,0.0,0.7,13.0,198.7,23796.0,45017.0,20.0,17.4,80.0,29.97,14.11,180.0,29.0,0.6,
2026-04-21T19:08:01,04/21/202607:08,132.77,0.0,0.0,53.36999999999999,0.0,0.0,0.0,0.7,13.0,198.7,23796.0,45017.0,20.0,17.4,80.0,29.97,14.11,180.0,29.0,0.6,
2026-04-21T19:08:25,04/21/202607:08,132.69,0.0,0.0,53.36,0.0,0.0,0.0,0.7,13.0,198.7,23796.0,45017.0,19.9,17.4,80.0,29.97,14.11,180.0,29.0,0.6,
2026-04-21T19:09:01,04/21/202607:09,132.65,0.0,0.0,53.35,0.0,0.0,0.0,0.7,13.0,198.7,23796.0,45017.0,19.9,17.4,80.0,29.97,14.11,180.0,29.0,0.6,
2026-04-21T19:09:24,04/21/202607:09,132.69,0.0,0.0,53.33,0.0,0.0,0.0,0.7,13.0,198.7,23796.0,45017.0,20.0,17.4,80.0,29.97,14.11,180.0,29.0,0.6,
2026-04-21T19:10:01,04/21/202607:10,132.66,0.0,0.0,53.31,0.0,0.0,0.0,0.7,13.0,198.7,23796.0,45017.0,20.0,17.4,80.0,29.97,14.11,180.0,29.0,0.6,
2026-04-21T19:10:25,04/21/202607:10,132.59,0.0,0.0,53.29,0.0,0.0,0.0,0.7,13.0,198.7,23796.0,45017.0,20.0,17.4,80.0,29.97,14.11,180.0,29.0,0.6,
2026-04-21T19:11:01,04/21/202607:11,132.48,0.0,0.0,53.27,0.0,0.0,0.0,0.7,13.0,198.7,23796.0,45017.0,20.0,17.4,80.0,29.97,14.11,180.0,29.0,0.6,
2026-04-21T19:11:25,04/21/202607:11,132.24,0.0,0.0,53.239999999999995,0.0,0.0,0.0,0.7,13.0,198.7,23796.0,45017.0,20.0,17.4,80.0,29.97,14.11,180.0,29.0,0.6,
2026-04-21T19:12:01,04/21/202607:12,132.07999999999998,0.0,0.0,53.220000000000006,0.0,0.0,0.0,0.7,13.0,198.7,23796.0,45017.0,20.0,17.4,80.0,29.97,14.11,180.0,29.0,0.6,
2026-04-21T19:12:25,04/21/202607:12,131.93,0.0,0.0,53.2,0.0,0.0,0.0,0.7,13.0,198.7,23796.0,45017.0,20.0,17.4,80.0,29.97,14.11,180.0,29.0,0.6,
2026-04-21T19:13:01,04/21/202607:13,131.78,0.0,0.0,53.17999999999999,0.0,0.0,0.0,0.7,13.0,198.7,23796.0,45017.0,20.0,17.4,80.0,29.97,14.11,180.0,29.0,0.6,
2026-04-21T19:14:01,04/21/202607:14,131.64000000000001,0.0,0.0,53.15,0.0,0.0,0.0,0.7,13.0,198.7,23796.0,45017.0,19.9,17.4,80.0,29.97,14.11,180.0,29.0,0.6,
2026-04-21T19:14:24,04/21/202607:14,131.45,0.0,0.0,53.120000000000005,0.0,0.0,0.0,0.7,13.0,198.7,23796.0,45017.0,19.9,17.4,80.0,29.97,14.11,180.0,29.0,0.6,
2026-04-21T19:15:01,04/21/202607:15,131.18,0.0,0.0,53.1,0.0,0.0,0.0,0.7,13.0,198.7,23796.0,45017.0,19.9,17.4,80.0,29.97,14.11,180.0,29.0,0.6,
2026-04-21T19:15:25,04/21/202607:15,130.95999999999998,0.0,0.0,53.08,0.0,0.0,0.0,0.7,13.0,198.7,23796.0,45017.0,20.0,17.4,80.0,29.97,14.11,180.0,29.0,0.6,
2026-04-21T19:16:01,04/21/202607:16,130.78,0.0,0.0,53.06,0.0,0.0,0.0,0.7,13.0,198.7,23796.0,45017.0,20.0,17.4,80.0,29.97,14.11,180.0,29.0,0.6,
2026-04-21T19:16:25,04/21/202607:16,130.63,0.0,0.0,53.04,0.0,0.0,0.0,0.7,13.0,198.7,23796.0,45017.0,20.0,17.38,80.0,29.97,14.134,180.3,28.8,0.58,
2026-04-21T19:17:01,04/21/202607:17,130.60999999999999,0.0,0.0,53.029999999999994,0.0,0.0,0.0,0.7,13.0,198.7,23796.0,45017.0,20.0,17.36,80.0,29.97,14.157999999999998,180.6,28.6,0.5599999999999999,
2026-04-21T19:17:25,04/21/202607:17,130.56,0.0,0.0,53.010000000000005,0.0,0.0,0.0,0.7,13.0,198.7,23796.0,45017.0,20.0,17.339999999999996,80.0,29.97,14.181999999999999,180.9,28.4,0.54,
2026-04-21T19:19:04,04/21/202607:19,130.57999999999998,0.0,0.0,52.989999999999995,0.0,0.0,0.0,0.7,13.0,198.7,23796.0,45017.0,20.0,17.32,80.0,29.97,14.206,181.2,28.2,0.52,
2026-04-21T19:19:24,04/21/202607:19,130.18,0.0,0.0,52.96,0.0,0.0,0.0,0.7,13.0,198.7,23796.0,45017.0,20.0,17.3,80.0,29.97,14.229999999999999,181.5,28.0,0.5,
2026-04-21T19:20:01,04/21/202607:20,129.78,0.0,0.0,52.94,0.0,0.0,0.0,0.7,13.0,198.7,23796.0,45017.0,20.0,17.279999999999998,80.0,29.97,14.254,181.8,27.8,0.48,
2026-04-21T19:20:25,04/21/202607:20,129.92000000000002,0.0,0.0,52.92,0.0,0.0,0.0,0.7,13.0,198.7,23796.0,45017.0,19.9,17.259999999999998,80.0,29.97,14.278,182.1,27.6,0.45999999999999996,
2026-04-21T19:21:01,04/21/202607:21,130.06,0.0,0.0,52.9,0.0,0.0,0.0,0.7,13.0,198.7,23796.0,45017.0,19.9,17.24,80.0,29.97,14.301999999999998,182.4,27.4,0.44000000000000006,
2026-04-21T19:21:25,04/21/202607:21,129.24,0.0,0.0,52.879999999999995,0.0,0.0,0.0,0.7,13.0,198.7,23796.0,45017.0,20.0,17.22,80.0,29.97,14.325999999999999,182.7,27.2,0.42000000000000004,
2026-04-21T19:22:01,04/21/202607:22,128.42000000000002,0.0,0.0,52.86,0.0,0.0,0.0,0.7,13.0,198.7,23796.0,45017.0,20.0,17.2,80.0,29.97,14.35,183.0,27.0,0.4,
2026-04-21T19:22:25,04/21/202607:22,128.42000000000002,0.0,0.0,52.839999999999996,0.0,0.0,0.0,0.7,13.0,198.7,23796.0,45017.0,20.0,17.2,80.0,29.97,14.35,183.0,27.0,0.4,
2026-04-21T19:23:00,04/21/202607:23,128.42000000000002,0.0,0.0,52.81999999999999,0.0,0.0,0.0,0.7,13.0,198.7,23796.0,45017.0,20.0,17.2,80.0,29.97,14.35,183.0,27.0,0.4,
2026-04-21T19:23:25,04/21/202607:23,128.07,0.0,0.0,52.8,0.0,0.0,0.0,0.7,13.0,198.7,23796.0,45017.0,19.9,17.2,80.0,29.97,14.35,183.0,27.0,0.4,
2026-04-21T19:24:01,04/21/202607:24,127.7,0.0,0.0,52.779999999999994,0.0,0.0,0.0,0.7,13.0,198.7,23796.0,45017.0,19.9,17.2,80.0,29.97,14.35,183.0,27.0,0.4,
2026-04-21T19:24:24,04/21/202607:24,128.03,0.0,0.0,52.77,0.0,0.0,0.0,0.7,13.0,198.7,23796.0,45017.0,20.0,17.2,80.0,29.97,14.35,183.0,27.0,0.4,
2026-04-21T19:25:01,04/21/202607:25,128.35999999999999,0.0,0.0,52.760000000000005,0.0,0.0,0.0,0.7,13.0,198.7,23796.0,45017.0,20.0,17.2,80.0,29.97,14.35,183.0,27.0,0.4,
2026-04-21T19:25:25,04/21/202607:25,128.20999999999998,0.0,0.0,52.739999999999995,0.0,0.0,0.0,0.7,13.0,198.7,23796.0,45017.0,20.0,17.2,80.0,29.97,14.35,183.0,27.0,0.4,
2026-04-21T19:26:01,04/21/202607:26,128.06,0.0,0.0,52.720000000000006,0.0,0.0,0.0,0.7,13.0,198.7,23796.0,45017.0,20.0,17.2,80.0,29.97,14.35,183.0,27.0,0.4,
2026-04-21T19:26:25,04/21/202607:26,128.82999999999998,0.0,0.0,52.7,0.0,0.0,0.0,0.7,13.0,198.7,23796.0,45017.0,20.0,17.2,80.0,29.97,14.35,183.0,27.0,0.4,
2026-04-21T19:27:01,04/21/202607:27,129.6,0.0,0.0,52.67999999999999,0.0,0.0,0.0,0.7,13.0,198.7,23796.0,45017.0,20.0,17.2,80.0,29.97,14.35,183.0,27.0,0.4,
2026-04-21T19:27:25,04/21/202607:27,129.35,0.0,0.0,52.660000000000004,0.0,0.0,0.0,0.7,13.0,198.7,23796.0,45017.0,20.0,17.2,80.0,29.97,14.35,183.0,27.0,0.4,
2026-04-21T19:28:01,04/21/202607:28,129.1,0.0,0.0,52.64,0.0,0.0,0.0,0.7,13.0,198.7,23796.0,45017.0,20.0,17.2,80.0,29.97,14.35,183.0,27.0,0.4,
2026-04-21T19:28:25,04/21/202607:28,129.28,0.0,0.0,52.620000000000005,0.0,0.0,0.0,0.7,13.0,198.7,23796.0,45017.0,20.0,17.2,80.0,29.97,14.35,183.0,27.0,0.4,
2026-04-21T19:30:14,04/21/202607:30,129.38,0.0,0.0,52.6,0.0,0.0,0.0,0.7,13.0,198.7,23796.0,45017.0,20.0,17.18,80.0,29.97,14.35,183.0,28.7,0.4,
2026-04-21T19:30:25,04/21/202607:30,129.15,0.0,0.0,52.58,0.0,0.0,0.0,0.7,13.0,198.7,23796.0,45017.0,20.0,17.16,80.0,29.97,14.35,183.0,30.4,0.4,
2026-04-21T19:31:00,04/21/202607:31,128.92000000000002,0.0,0.0,52.56,0.0,0.0,0.0,0.7,13.0,198.7,23796.0,45017.0,20.0,17.14,80.0,29.97,14.35,183.0,32.1,0.4,
2026-04-21T19:31:25,04/21/202607:31,128.64000000000001,0.0,0.0,52.55,0.0,0.0,0.0,0.7,13.0,198.7,23796.0,45017.0,20.0,17.1,80.1,29.973000000000003,14.238999999999999,182.2,33.1,0.39,
2026-04-21T19:32:01,04/21/202607:32,128.35999999999999,0.0,0.0,52.54,0.0,0.0,0.0,0.7,13.0,198.7,23796.0,45017.0,20.0,17.06,80.2,29.976,14.128,181.4,34.1,0.38,
2026-04-21T19:32:25,04/21/202607:32,128.17000000000002,0.0,0.0,52.52,0.0,0.0,0.0,0.7,13.0,198.7,23796.0,45017.0,20.0,17.02,80.3,29.978999999999996,14.017,180.6,35.1,0.37,
2026-04-21T19:33:01,04/21/202607:33,127.97999999999999,0.0,0.0,52.5,0.0,0.0,0.0,0.7,13.0,198.7,23796.0,45017.0,20.0,16.98,80.4,29.982,13.906,179.8,36.1,0.36,
2026-04-21T19:33:25,04/21/202607:33,127.97999999999999,0.0,0.0,52.48,0.0,0.0,0.0,0.7,13.0,198.7,23796.0,45017.0,20.0,16.94,80.5,29.985000000000003,13.794999999999998,179.0,37.1,0.35,
2026-04-21T19:34:00,04/21/202607:34,127.97999999999999,0.0,0.0,52.46,0.0,0.0,0.0,0.7,13.0,198.7,23796.0,45017.0,20.0,16.9,80.6,29.988,13.684000000000001,178.2,38.1,0.33999999999999997,
2026-04-21T19:34:25,04/21/202607:34,127.85,0.0,0.0,52.45,0.0,0.0,0.0,0.7,13.0,198.7,23796.0,45017.0,20.0,16.86,80.7,29.990999999999996,13.572999999999999,177.4,39.1,0.32999999999999996,
2026-04-21T19:35:01,04/21/202607:35,127.8,0.0,0.0,52.44,0.0,0.0,0.0,0.7,13.0,198.7,23796.0,45017.0,20.0,16.84,80.8,29.994,13.462,176.6,38.4,0.32,
2026-04-21T19:35:25,04/21/202607:35,127.78,0.0,0.0,52.42999999999999,0.0,0.0,0.0,0.7,13.0,198.7,23796.0,45017.0,20.0,16.82,80.9,29.997000000000003,13.350999999999999,175.8,37.7,0.31,
2026-04-21T19:36:00,04/21/202607:36,127.75999999999999,0.0,0.0,52.42,0.0,0.0,0.0,0.7,13.0,198.7,23796.0,45017.0,20.0,16.8,81.0,30.0,13.24,175.0,37.0,0.3,
2026-04-21T19:36:25,04/21/202607:36,127.82000000000001,0.0,0.0,52.410000000000004,0.0,0.0,0.0,0.7,13.0,198.7,23796.0,45017.0,20.0,16.8,81.0,30.0,13.24,175.0,37.0,0.3,
2026-04-21T19:37:01,04/21/202607:37,127.88,0.0,0.0,52.4,0.0,0.0,0.0,0.7,13.0,198.7,23796.0,45017.0,20.0,16.8,81.0,30.0,13.24,175.0,37.0,0.3,
2026-04-21T19:37:25,04/21/202607:37,127.78,0.0,0.0,52.39,0.0,0.0,0.0,0.7,13.0,198.7,23796.0,45017.0,20.0,16.8,81.0,30.0,13.24,175.0,37.0,0.3,
2026-04-21T19:38:01,04/21/202607:38,127.67999999999999,0.0,0.0,52.379999999999995,0.0,0.0,0.0,0.7,13.0,198.7,23796.0,45017.0,20.0,16.8,81.0,30.0,13.24,175.0,37.0,0.3,
2026-04-21T19:38:25,04/21/202607:38,127.47,0.0,0.0,52.36999999999999,0.01,0.5236999999999999,0.5,0.7,13.0,198.7,23796.0,45017.0,20.0,16.8,81.0,30.0,13.24,175.0,37.0,0.3,
2026-04-21T19:39:00,04/21/202607:39,127.25999999999999,0.0,0.0,52.36,0.02,1.0472,1.0,0.7,13.0,198.7,23796.0,45017.0,20.0,16.8,81.0,30.0,13.24,175.0,37.0,0.3,
2026-04-21T19:39:26,04/21/202607:39,127.09,0.0,0.0,52.35,0.02,1.0470000000000002,1.0,0.7,13.0,198.7,23796.0,45017.0,20.0,16.8,81.0,30.0,13.24,175.0,37.0,0.3,
2026-04-21T19:39:54,04/21/202607:39,126.62,0.0,0.0,52.339999999999996,0.02,1.0468,1.0,0.7,13.0,198.7,23796.0,45017.0,20.0,16.8,81.0,30.0,13.24,175.0,37.0,0.3,
2026-04-21T19:40:01,04/21/202607:40,126.17,0.0,0.0,52.33,0.02,1.0466,1.0,0.7,13.0,198.7,23796.0,45017.0,20.0,16.8,81.0,30.0,13.24,175.0,37.0,0.3,
2026-04-21T19:41:25,04/21/202607:41,125.84,0.0,0.0,52.31999999999999,0.02,1.0463999999999998,1.0,0.7,13.0,198.7,23796.0,45017.0,20.0,16.8,81.0,30.0,13.24,175.0,37.0,0.3,
2026-04-21T19:41:53,04/21/202607:41,125.22,0.0,0.0,52.31,0.02,1.0462,1.0,0.7,13.0,198.7,23796.0,45017.0,20.0,16.8,81.0,30.0,13.24,175.0,37.0,0.3,
2026-04-21T19:42:00,04/21/202607:42,124.6,0.0,0.0,52.3,0.02,1.046,1.0,0.7,13.0,198.7,23796.0,45017.0,20.0,16.8,81.0,30.0,13.24,175.0,37.0,0.3,
2026-04-21T19:42:54,04/21/202607:42,124.15,0.0,0.0,52.3,0.02,1.046,1.0,0.7,13.0,198.7,23796.0,45017.0,20.0,16.8,81.0,30.0,13.24,175.0,37.0,0.3,
2026-04-21T19:43:01,04/21/202607:43,123.7,0.0,0.0,52.3,0.02,1.046,1.0,0.7,13.0,198.7,23796.0,45017.0,20.0,16.8,81.0,30.0,13.24,175.0,37.0,0.3,
2026-04-21T19:43:54,04/21/202607:43,123.17999999999999,0.0,0.0,52.29,0.01,0.5229,0.5,0.7,13.0,198.7,23796.0,45017.0,20.0,16.8,81.0,30.0,13.24,175.0,37.0,0.3,
2026-04-21T19:44:01,04/21/202607:44,122.66,0.0,0.0,52.279999999999994,0.0,0.0,0.0,0.7,13.0,198.7,23796.0,45017.0,20.0,16.8,81.0,30.0,13.24,175.0,37.0,0.3,
2026-04-21T19:44:54,04/21/202607:44,122.39000000000001,0.0,0.0,52.27,0.0,0.0,0.0,0.7,13.0,198.7,23796.0,45017.0,20.0,16.8,81.0,30.0,13.24,175.0,37.0,0.3,
2026-04-21T19:45:00,04/21/202607:45,122.42,0.0,0.0,52.260000000000005,0.0,0.0,0.0,0.7,13.0,198.7,23796.0,45017.0,20.0,16.8,81.0,30.0,13.24,175.0,37.0,0.3,
2026-04-21T19:45:54,04/21/202607:45,122.38,0.0,0.0,52.25,0.0,0.0,0.0,0.7,13.0,198.7,23796.0,45017.0,20.0,16.78,81.1,30.0,13.258000000000001,175.2,35.1,0.29,
2026-04-21T19:46:01,04/21/202607:46,122.22,0.0,0.0,52.239999999999995,0.0,0.0,0.0,0.7,13.0,198.7,23796.0,45017.0,20.0,16.76,81.2,30.0,13.276,175.4,33.2,0.27999999999999997,
2026-04-21T19:46:54,04/21/202607:46,122.25999999999999,0.0,0.0,52.23,0.0,0.0,0.0,0.7,13.0,198.7,23796.0,45017.0,20.0,16.740000000000002,81.3,30.0,13.294,175.6,31.3,0.27,
2026-04-21T19:47:01,04/21/202607:47,122.3,0.0,0.0,52.220000000000006,0.0,0.0,0.0,0.7,13.0,198.7,23796.0,45017.0,20.0,16.720000000000002,81.4,30.0,13.312000000000001,175.8,29.4,0.26,
2026-04-21T19:47:54,04/21/202607:47,122.1,0.0,0.0,52.21,0.0,0.0,0.0,0.7,13.0,198.7,23796.0,45017.0,20.0,16.7,81.5,30.0,13.330000000000002,176.0,27.5,0.25,
2026-04-21T19:48:01,04/21/202607:48,121.9,0.0,0.0,52.2,0.0,0.0,0.0,0.7,13.0,198.7,23796.0,45017.0,20.0,16.68,81.6,30.0,13.347999999999999,176.2,25.6,0.24,
2026-04-21T19:48:54,04/21/202607:48,121.92,0.0,0.0,52.2,0.0,0.0,0.0,0.7,13.0,198.7,23796.0,45017.0,20.0,16.660000000000004,81.7,30.0,13.366,176.4,23.7,0.22999999999999998,
2026-04-21T19:49:01,04/21/202607:49,121.94000000000001,0.0,0.0,52.2,0.0,0.0,0.0,0.7,13.0,198.7,23796.0,45017.0,20.0,16.64,81.8,30.0,13.384,176.6,21.8,0.22000000000000003,
2026-04-21T19:49:54,04/21/202607:49,121.82000000000001,0.0,0.0,52.2,0.0,0.0,0.0,0.7,13.0,198.7,23796.0,45017.0,20.0,16.62,81.9,30.0,13.402000000000001,176.8,19.9,0.21000000000000002,
2026-04-21T19:50:01,04/21/202607:50,121.7,0.0,0.0,52.2,0.0,0.0,0.0,0.7,13.0,198.7,23796.0,45017.0,20.0,16.6,82.0,30.0,13.419999999999998,177.0,18.0,0.2,
2026-04-21T19:50:54,04/21/202607:50,121.6,0.0,0.0,52.19,0.0,0.0,0.0,0.7,13.0,198.7,23796.0,45017.0,20.0,16.6,82.0,30.0,13.419999999999998,177.0,18.0,0.2,
2026-04-21T19:51:01,04/21/202607:51,121.5,0.0,0.0,52.18000000000001,0.0,0.0,0.0,0.7,13.0,198.7,23796.0,45017.0,20.0,16.6,82.0,30.0,13.419999999999998,177.0,18.0,0.2,
2026-04-21T19:52:37,04/21/202607:52,121.30999999999999,0.0,0.0,52.17,0.0,0.0,0.0,0.7,13.0,198.7,23796.0,45017.0,20.0,16.6,82.0,30.0,13.419999999999998,177.0,18.0,0.2,
2026-04-21T19:52:54,04/21/202607:52,120.95,0.0,0.0,52.160000000000004,0.0,0.0,0.0,0.7,13.0,198.7,23796.0,45017.0,20.0,16.6,82.0,30.0,13.419999999999998,177.0,18.0,0.2,
2026-04-21T19:53:00,04/21/202607:53,120.72,0.0,0.0,52.15,0.0,0.0,0.0,0.7,13.0,198.7,23796.0,45017.0,20.0,16.6,82.0,30.0,13.419999999999998,177.0,18.0,0.2,
2026-04-21T19:53:54,04/21/202607:53,120.67999999999999,0.0,0.0,52.14,0.0,0.0,0.0,0.7,13.0,198.7,23796.0,45017.0,19.9,16.6,82.0,30.0,13.419999999999998,177.0,18.0,0.2,
2026-04-21T19:53:58,04/21/202607:53,120.6,0.0,0.0,52.13000000000001,0.0,0.0,0.0,0.7,13.0,198.7,23796.0,45017.0,20.0,16.6,82.0,30.0,13.419999999999998,177.0,18.0,0.2,
2026-04-21T19:54:01,04/21/202607:54,120.52000000000001,0.0,0.0,52.120000000000005,0.0,0.0,0.0,0.7,13.0,198.7,23796.0,45017.0,20.0,16.6,82.0,30.0,13.419999999999998,177.0,18.0,0.2,
2026-04-21T19:54:58,04/21/202607:54,120.04,0.0,0.0,52.1,0.0,0.0,0.0,0.7,13.0,198.7,23796.0,45017.0,20.0,16.6,82.0,30.0,13.419999999999998,177.0,18.0,0.2,
2026-04-21T19:55:01,04/21/202607:55,119.55999999999999,0.0,0.0,52.08,0.0,0.0,0.0,0.7,13.0,198.7,23796.0,45017.0,20.0,16.6,82.0,30.0,13.419999999999998,177.0,18.0,0.2,
2026-04-21T19:55:58,04/21/202607:55,119.04,0.0,0.0,52.08,0.0,0.0,0.0,0.7,13.0,198.7,23796.0,45017.0,20.0,16.6,82.0,30.0,13.419999999999998,177.0,18.0,0.2,
2026-04-21T19:56:01,04/21/202607:56,118.52000000000001,0.0,0.0,52.08,0.0,0.0,0.0,0.7,13.0,198.7,23796.0,45017.0,20.0,16.6,82.0,30.0,13.419999999999998,177.0,18.0,0.2,
2026-04-21T19:56:59,04/21/202607:56,116.04,0.0,0.0,52.08,0.0,0.0,0.0,0.7,13.0,198.7,23796.0,45017.0,19.9,16.6,82.0,30.0,13.419999999999998,177.0,18.0,0.2,
2026-04-21T19:57:01,04/21/202607:57,113.72999999999999,0.0,0.0,52.08,0.0,0.0,0.0,0.7,13.0,198.7,23796.0,45017.0,19.9,16.6,82.0,30.0,13.419999999999998,177.0,18.0,0.2,
2026-04-21T19:57:59,04/21/202607:57,112.96,0.0,0.0,52.08,0.0,0.0,0.0,0.7,13.0,198.7,23796.0,45017.0,20.0,16.6,82.0,30.0,13.419999999999998,177.0,18.0,0.2,
2026-04-21T19:58:01,04/21/202607:58,112.0,0.0,0.0,52.08,0.0,0.0,0.0,0.7,13.0,198.7,23796.0,45017.0,20.0,16.6,82.0,30.0,13.419999999999998,177.0,18.0,0.2,
2026-04-21T19:58:58,04/21/202607:58,109.47999999999999,0.0,0.0,52.07000000000001,0.0,0.0,0.0,0.7,13.0,198.7,23796.0,45017.0,20.0,16.6,82.0,30.0,13.419999999999998,177.0,18.0,0.2,
2026-04-21T19:59:01,04/21/202607:59,106.96,0.0,0.0,52.06,0.0,0.0,0.0,0.7,13.0,198.7,23796.0,45017.0,20.0,16.6,82.0,30.0,13.419999999999998,177.0,18.0,0.2,
2026-04-21T19:59:58,04/21/202607:59,102.65,0.0,0.0,52.07000000000001,0.0,0.0,0.0,0.7,13.0,198.7,23796.0,45017.0,20.0,16.6,82.0,30.0,13.419999999999998,177.0,18.0,0.2,
2026-04-21T20:00:01,04/21/202608:00,98.34,0.0,0.0,52.08,0.0,0.0,0.0,0.7,13.0,198.7,23796.0,45017.0,20.0,16.6,82.0,30.0,13.419999999999998,177.0,18.0,0.2,
2026-04-21T20:00:59,04/21/202608:00,92.02,0.0,0.0,52.07000000000001,0.0,0.0,0.0,0.7,13.0,198.7,23796.0,45017.0,20.0,16.6,82.0,30.0,13.419999999999998,177.0,18.0,0.2,
2026-04-21T20:01:01,04/21/202608:01,85.7,0.0,0.0,52.06,0.0,0.0,0.0,0.7,13.0,198.7,23796.0,45017.0,20.0,16.6,82.0,30.0,13.419999999999998,177.0,18.0,0.2,
2026-04-21T20:01:58,04/21/202608:01,81.47,0.0,0.0,52.06,0.0,0.0,0.0,0.7,13.0,198.7,23796.0,45017.0,20.0,16.580000000000002,82.1,30.0,13.444999999999999,177.3,16.6,0.19,
2026-04-21T20:02:01,04/21/202608:02,77.24,0.0,0.0,52.06,0.0,0.0,0.0,0.7,13.0,198.7,23796.0,45017.0,20.0,16.560000000000002,82.2,30.0,13.469999999999999,177.6,15.2,0.18,
2026-04-21T20:03:49,04/21/202608:03,71.47,0.0,0.0,52.05,0.0,0.0,0.0,0.7,13.0,198.7,23796.0,45017.0,20.0,16.54,82.3,30.0,13.495,177.9,13.8,0.17,
2026-04-21T20:04:01,04/21/202608:04,65.7,0.0,0.0,52.04,0.0,0.0,0.0,0.7,13.0,198.7,23796.0,45017.0,19.9,16.52,82.4,30.0,13.52,178.2,12.4,0.16,
2026-04-21T20:04:59,04/21/202608:04,61.46,0.0,0.0,52.04,0.0,0.0,0.0,0.7,13.0,198.7,23796.0,45017.0,20.0,16.5,82.5,30.0,13.544999999999998,178.5,11.0,0.15,
2026-04-21T20:05:01,04/21/202608:05,57.220000000000006,0.0,0.0,52.04,0.0,0.0,0.0,0.7,13.0,198.7,23796.0,45017.0,20.0,16.48,82.6,30.0,13.569999999999999,178.8,9.6,0.14,
2026-04-21T20:05:58,04/21/202608:05,55.11,0.0,0.0,52.02,0.0,0.0,0.0,0.7,13.0,198.7,23796.0,45017.0,19.9,16.46,82.7,30.0,13.594999999999999,179.1,8.2,0.13,
2026-04-21T20:06:00,04/21/202608:06,53.0,0.0,0.0,52.0,0.0,0.0,0.0,0.7,13.0,198.7,23796.0,45017.0,19.9,16.439999999999998,82.8,30.0,13.62,179.4,6.8,0.12000000000000002,
2026-04-21T20:06:58,04/21/202608:06,52.98,0.0,0.0,52.0,0.0,0.0,0.0,0.7,13.0,198.7,23796.0,45017.0,20.0,16.419999999999998,82.9,30.0,13.645,179.7,5.4,0.11000000000000001,
2026-04-21T20:07:01,04/21/202608:07,52.96,0.0,0.0,52.0,0.0,0.0,0.0,0.7,13.0,198.7,23796.0,45017.0,20.0,16.4,83.0,30.0,13.669999999999998,180.0,4.0,0.1,
2026-04-21T20:07:58,04/21/202608:07,52.96,0.0,0.0,51.989999999999995,0.0,0.0,0.0,0.7,13.0,198.7,23796.0,45017.0,20.0,16.4,83.0,30.0,13.669999999999998,180.0,4.0,0.1,
2026-04-21T20:08:01,04/21/202608:08,52.96,0.0,0.0,51.98,0.0,0.0,0.0,0.7,13.0,198.7,23796.0,45017.0,20.0,16.4,83.0,30.0,13.669999999999998,180.0,4.0,0.1,
2026-04-21T20:09:01,04/21/202608:09,52.96,0.0,0.0,51.98,0.0,0.0,0.0,0.7,13.0,198.7,23796.0,45017.0,20.0,16.4,83.0,30.0,13.669999999999998,180.0,4.0,0.1,
2026-04-21T20:09:59,04/21/202608:09,52.95,0.0,0.0,51.970000000000006,0.0,0.0,0.0,0.7,13.0,198.7,23796.0,45017.0,20.0,16.4,83.0,30.0,13.669999999999998,180.0,4.0,0.1,
2026-04-21T20:10:01,04/21/202608:10,52.95,0.0,0.0,51.96,0.0,0.0,0.0,0.7,13.0,198.7,23796.0,45017.0,20.0,16.4,83.0,30.0,13.669999999999998,180.0,4.0,0.1,
2026-04-21T20:10:58,04/21/202608:10,52.96,0.0,0.0,51.96,0.0,0.0,0.0,0.7,13.0,198.7,23796.0,45017.0,20.0,16.4,83.0,30.0,13.669999999999998,180.0,4.0,0.1,
2026-04-21T20:11:00,04/21/202608:11,52.96,0.0,0.0,51.970000000000006,0.0,0.0,0.0,0.7,13.0,198.7,23796.0,45017.0,20.0,16.4,83.0,30.0,13.669999999999998,180.0,4.0,0.1,
2026-04-21T20:12:01,04/21/202608:12,52.96,0.0,0.0,51.970000000000006,0.0,0.0,0.0,0.7,13.0,198.7,23796.0,45017.0,20.0,16.4,83.0,30.0,13.669999999999998,180.0,4.0,0.1,
2026-04-21T20:13:01,04/21/202608:13,52.970000000000006,0.0,0.0,51.96,0.0,0.0,0.0,0.7,13.0,198.7,23796.0,45017.0,20.0,16.4,83.0,30.0,13.669999999999998,180.0,4.0,0.1,
2026-04-21T20:15:01,04/21/202608:15,52.98,0.0,0.0,51.95,0.0,0.0,0.0,0.7,13.0,198.7,23796.0,45017.0,20.0,16.4,83.0,30.0,13.669999999999998,180.0,4.0,0.1,
2026-04-21T20:15:58,04/21/202608:15,52.95,0.0,0.0,51.94,0.0,0.0,0.0,0.7,13.0,198.7,23796.0,45017.0,19.9,16.38,83.1,30.0,13.62,180.1,3.6,0.09,
2026-04-21T20:16:00,04/21/202608:16,52.92,0.0,0.0,51.92999999999999,0.0,0.0,0.0,0.7,13.0,198.7,23796.0,45017.0,19.9,16.36,83.2,30.0,13.569999999999999,180.2,3.2,0.08,
2026-04-21T20:16:58,04/21/202608:16,52.48,0.0,0.0,51.92,0.0,0.0,0.0,0.7,13.0,198.7,23796.0,45017.0,19.9,16.339999999999996,83.3,30.0,13.52,180.3,2.8,0.07,
2026-04-21T20:17:01,04/21/202608:17,52.05,0.0,0.0,51.92,0.0,0.0,0.0,0.7,13.0,198.7,23796.0,45017.0,19.9,16.32,83.4,30.0,13.469999999999999,180.4,2.4,0.06000000000000001,
2026-04-21T20:17:58,04/21/202608:17,51.1,0.0,0.0,51.92,0.0,0.0,0.0,0.7,13.0,198.7,23796.0,45017.0,20.0,16.3,83.5,30.0,13.419999999999998,180.5,2.0,0.05,
2026-04-21T20:18:00,04/21/202608:18,50.14,0.0,0.0,51.910000000000004,0.0,0.0,0.0,0.7,13.0,198.7,23796.0,45017.0,20.0,16.279999999999998,83.6,30.0,13.37,180.6,1.6,0.04,
2026-04-21T20:18:58,04/21/202608:18,48.769999999999996,0.0,0.0,51.9,0.0,0.0,0.0,0.7,13.0,198.7,23796.0,45017.0,19.9,16.259999999999998,83.7,30.0,13.319999999999999,180.7,1.2,0.030000000000000006,
2026-04-21T20:19:00,04/21/202608:19,47.4,0.0,0.0,51.9,0.0,0.0,0.0,0.7,13.0,198.7,23796.0,45017.0,19.9,16.24,83.8,30.0,13.27,180.8,0.8,0.02,
2026-04-21T20:19:59,04/21/202608:19,45.68,0.0,0.0,51.9,0.0,0.0,0.0,0.7,13.0,198.7,23796.0,45017.0,20.0,16.22,83.9,30.0,13.219999999999999,180.9,0.4,0.01,
2026-04-21T20:20:01,04/21/202608:20,43.96,0.0,0.0,51.9,0.0,0.0,0.0,0.7,13.0,198.7,23796.0,45017.0,20.0,16.2,84.0,30.0,13.169999999999998,181.0,0.0,0.0,
2026-04-21T20:20:58,04/21/202608:20,42.08,0.0,0.0,51.9,0.0,0.0,0.0,0.7,13.0,198.7,23796.0,45017.0,20.0,16.2,84.0,30.0,13.169999999999998,181.0,0.0,0.0,
2026-04-21T20:21:00,04/21/202608:21,40.2,0.0,0.0,51.9,0.0,0.0,0.0,0.7,13.0,198.7,23796.0,45017.0,20.0,16.2,84.0,30.0,13.169999999999998,181.0,0.0,0.0,
2026-04-21T20:21:58,04/21/202608:21,38.51,0.0,0.0,51.9,0.0,0.0,0.0,0.7,13.0,198.7,23796.0,45017.0,20.0,16.22,84.0,30.0,13.058000000000002,179.9,0.0,0.0,
2026-04-21T20:22:01,04/21/202608:22,36.82,0.0,0.0,51.9,0.0,0.0,0.0,0.7,13.0,198.7,23796.0,45017.0,20.0,16.24,84.0,30.0,12.946000000000002,178.8,0.0,0.0,
2026-04-21T20:22:58,04/21/202608:22,35.519999999999996,0.0,0.0,51.9,0.0,0.0,0.0,0.7,13.0,198.7,23796.0,45017.0,19.9,16.259999999999998,84.0,30.0,12.834,177.7,0.0,0.0,
2026-04-21T20:23:00,04/21/202608:23,34.22,0.0,0.0,51.9,0.0,0.0,0.0,0.7,13.0,198.7,23796.0,45017.0,19.9,16.279999999999998,84.0,30.0,12.722,176.6,0.0,0.0,
2026-04-21T20:23:58,04/21/202608:23,33.19,0.0,0.0,51.9,0.0,0.0,0.0,0.7,13.0,198.7,23796.0,45017.0,19.9,16.3,84.0,30.0,12.610000000000001,175.5,0.0,0.0,
2026-04-21T20:24:00,04/21/202608:24,32.16,0.0,0.0,51.9,0.0,0.0,0.0,0.7,13.0,198.7,23796.0,45017.0,19.9,16.32,84.0,30.0,12.498000000000001,174.4,0.0,0.0,
2026-04-21T20:24:25,04/21/202608:24,31.389999999999997,0.0,0.0,51.9,0.0,0.0,0.0,0.7,13.0,198.7,23796.0,45017.0,19.9,16.339999999999996,84.0,30.0,12.386,173.3,0.0,0.0,
2026-04-21T20:26:15,04/21/202608:26,30.5,0.0,0.0,51.9,0.0,0.0,0.0,0.7,13.0,198.7,23796.0,45017.0,19.9,16.36,84.0,30.0,12.274000000000001,172.2,0.0,0.0,
2026-04-21T20:26:26,04/21/202608:26,29.68,0.0,0.0,51.9,0.0,0.0,0.0,0.7,13.0,198.7,23796.0,45017.0,19.9,16.38,84.0,30.0,12.162,171.1,0.0,0.0,
2026-04-21T20:27:00,04/21/202608:27,28.860000000000003,0.0,0.0,51.9,0.0,0.0,0.0,0.7,13.0,198.7,23796.0,45017.0,19.9,16.4,84.0,30.0,12.05,170.0,0.0,0.0,
2026-04-21T20:27:26,04/21/202608:27,28.1,0.0,0.0,51.9,0.0,0.0,0.0,0.7,13.0,198.7,23796.0,45017.0,19.9,16.4,84.0,30.0,12.05,170.0,0.0,0.0,
2026-04-21T20:28:01,04/21/202608:28,27.339999999999996,0.0,0.0,51.9,0.0,0.0,0.0,0.7,13.0,198.7,23796.0,45017.0,19.9,16.4,84.0,30.0,12.05,170.0,0.0,0.0,
2026-04-21T20:28:26,04/21/202608:28,26.619999999999997,0.0,0.0,51.9,0.0,0.0,0.0,0.7,13.0,198.7,23796.0,45017.0,20.0,16.4,84.0,30.0,12.05,170.0,0.0,0.0,
2026-04-21T20:29:00,04/21/202608:29,25.9,0.0,0.0,51.9,0.0,0.0,0.0,0.7,13.0,198.7,23796.0,45017.0,20.0,16.4,84.0,30.0,12.05,170.0,0.0,0.0,
2026-04-21T20:29:25,04/21/202608:29,25.27,0.0,0.0,51.9,0.0,0.0,0.0,0.7,13.0,198.7,23796.0,45017.0,19.9,16.4,84.0,30.0,12.05,170.0,0.0,0.0,
2026-04-21T20:29:57,04/21/202608:29,24.619999999999997,0.0,0.0,51.9,0.0,0.0,0.0,0.7,13.0,198.7,23796.0,45017.0,19.9,16.4,84.0,30.0,12.05,170.0,0.0,0.0,
2026-04-21T20:30:00,04/21/202608:30,24.06,0.0,0.0,51.9,0.0,0.0,0.0,0.7,13.0,198.7,23796.0,45017.0,19.9,16.4,84.0,30.0,12.05,170.0,0.0,0.0,
2026-04-21T20:30:57,04/21/202608:30,23.580000000000002,0.0,0.0,51.89,0.0,0.0,0.0,0.7,13.0,198.7,23796.0,45017.0,19.9,16.389999999999997,84.0,30.0,12.125,170.6,0.0,0.0,
2026-04-21T20:31:00,04/21/202608:31,23.22,0.0,0.0,51.879999999999995,0.0,0.0,0.0,0.7,13.0,198.7,23796.0,45017.0,19.9,16.38,84.0,30.0,12.2,171.2,0.0,0.0,
2026-04-21T20:31:57,04/21/202608:31,22.830000000000002,0.0,0.0,51.879999999999995,0.0,0.0,0.0,0.7,13.0,198.7,23796.0,45017.0,19.9,16.369999999999997,84.0,30.0,12.275,171.8,0.0,0.0,
2026-04-21T20:32:00,04/21/202608:32,22.6,0.0,0.0,51.879999999999995,0.0,0.0,0.0,0.7,13.0,198.7,23796.0,45017.0,19.9,16.36,84.0,30.0,12.35,172.4,0.0,0.0,
2026-04-21T20:32:57,04/21/202608:32,22.35,0.0,0.0,51.879999999999995,0.0,0.0,0.0,0.7,13.0,198.7,23796.0,45017.0,20.0,16.35,84.0,30.0,12.425,173.0,0.0,0.0,
2026-04-21T20:33:01,04/21/202608:33,22.19,0.0,0.0,51.879999999999995,0.0,0.0,0.0,0.7,13.0,198.7,23796.0,45017.0,20.0,16.34,84.0,30.0,12.5,173.6,0.0,0.0,
2026-04-21T20:33:56,04/21/202608:33,22.020000000000003,0.0,0.0,51.879999999999995,0.0,0.0,0.0,0.7,13.0,198.7,23796.0,45017.0,20.0,16.330000000000002,84.0,30.0,12.575,174.2,0.0,0.0,
2026-04-21T20:34:00,04/21/202608:34,21.9,0.0,0.0,51.879999999999995,0.0,0.0,0.0,0.7,13.0,198.7,23796.0,45017.0,20.0,16.32,84.0,30.0,12.65,174.8,0.0,0.0,
2026-04-21T20:34:57,04/21/202608:34,21.78,0.0,0.0,51.879999999999995,0.0,0.0,0.0,0.7,13.0,198.7,23796.0,45017.0,19.9,16.31,84.0,30.0,12.725,175.4,0.0,0.0,
2026-04-21T20:35:00,04/21/202608:35,21.660000000000004,0.0,0.0,51.879999999999995,0.0,0.0,0.0,0.7,13.0,198.7,23796.0,45017.0,19.9,16.3,84.0,30.0,12.8,176.0,0.0,0.0,
2026-04-21T20:37:24,04/21/202608:37,21.57,0.0,0.0,51.89,0.0,0.0,0.0,0.7,13.0,198.7,23796.0,45017.0,19.9,16.3,84.0,30.0,12.8,176.0,0.0,0.0,
2026-04-21T20:37:57,04/21/202608:37,21.470000000000002,0.0,0.0,51.9,0.0,0.0,0.0,0.7,13.0,198.7,23796.0,45017.0,19.9,16.3,84.0,30.0,12.8,176.0,0.0,0.0,
2026-04-21T20:38:00,04/21/202608:38,21.4,0.0,0.0,51.9,0.0,0.0,0.0,0.7,13.0,198.7,23796.0,45017.0,19.9,16.3,84.0,30.0,12.8,176.0,0.0,0.0,
2026-04-21T20:39:48,04/21/202608:39,21.330000000000002,0.0,0.0,51.89,0.0,0.0,0.0,0.7,13.0,198.7,23796.0,45017.0,19.9,16.3,84.0,30.0,12.8,176.0,0.0,0.0,
2026-04-21T20:40:00,04/21/202608:40,21.28,0.0,0.0,51.879999999999995,0.0,0.0,0.0,0.7,13.0,198.7,23796.0,45017.0,19.9,16.3,84.0,30.0,12.8,176.0,0.0,0.0,
2026-04-21T20:41:00,04/21/202608:41,21.23,0.0,0.0,51.879999999999995,0.0,0.0,0.0,0.7,13.0,198.7,23796.0,45017.0,19.9,16.3,84.0,30.0,12.8,176.0,0.0,0.0,
2026-04-21T20:41:48,04/21/202608:41,21.18,0.0,0.0,51.86999999999999,0.0,0.0,0.0,0.7,13.0,198.7,23796.0,45017.0,19.9,16.3,84.0,30.0,12.8,176.0,0.0,0.0,
2026-04-21T20:42:01,04/21/202608:42,21.130000000000003,0.0,0.0,51.86,0.0,0.0,0.0,0.7,13.0,198.7,23796.0,45017.0,19.9,16.3,84.0,30.0,12.8,176.0,0.0,0.0,
2026-04-21T20:43:01,04/21/202608:43,21.1,0.0,0.0,51.85,0.0,0.0,0.0,0.7,13.0,198.7,23796.0,45017.0,19.9,16.3,84.0,30.0,12.8,176.0,0.0,0.0,
2026-04-21T20:44:01,04/21/202608:44,21.07,0.0,0.0,51.839999999999996,0.0,0.0,0.0,0.7,13.0,198.7,23796.0,45017.0,19.9,16.3,84.0,30.0,12.8,176.0,0.0,0.0,
2026-04-21T20:45:01,04/21/202608:45,21.05,0.0,0.0,51.83,0.0,0.0,0.0,0.7,13.0,198.7,23796.0,45017.0,19.9,16.3,84.0,30.0,12.8,176.0,0.0,0.0,
2026-04-21T20:46:01,04/21/202608:46,21.04,0.0,0.0,51.81999999999999,0.0,0.0,0.0,0.7,13.0,198.7,23796.0,45017.0,19.9,16.28,84.1,30.0,12.794,176.1,0.0,0.0,
2026-04-21T20:47:01,04/21/202608:47,21.03,0.0,0.0,51.81,0.0,0.0,0.0,0.7,13.0,198.7,23796.0,45017.0,19.9,16.26,84.2,30.0,12.788,176.2,0.0,0.0,
2026-04-21T20:48:36,04/21/202608:48,21.02,0.0,0.0,51.81,0.0,0.0,0.0,0.7,13.0,198.7,23796.0,45017.0,20.0,16.240000000000002,84.3,30.0,12.782,176.3,0.0,0.0,
2026-04-21T20:49:00,04/21/202608:49,21.009999999999998,0.0,0.0,51.81999999999999,0.0,0.0,0.0,0.7,13.0,198.7,23796.0,45017.0,19.9,16.220000000000002,84.4,30.0,12.776,176.4,0.0,0.0,
2026-04-21T20:50:00,04/21/202608:50,21.0,0.0,0.0,51.81,0.0,0.0,0.0,0.7,13.0,198.7,23796.0,45017.0,19.9,16.2,84.5,30.0,12.77,176.5,0.0,0.0,
2026-04-21T20:51:00,04/21/202608:51,20.990000000000002,0.0,0.0,51.81999999999999,0.0,0.0,0.0,0.7,13.0,198.7,23796.0,45017.0,19.9,16.18,84.6,30.0,12.764,176.6,0.0,0.0,
2026-04-21T20:52:00,04/21/202608:52,20.98,0.0,0.0,51.83,0.0,0.0,0.0,0.7,13.0,198.7,23796.0,45017.0,19.9,16.160000000000004,84.7,30.0,12.758,176.7,0.0,0.0,
2026-04-21T20:53:00,04/21/202608:53,20.97,0.0,0.0,51.83,0.0,0.0,0.0,0.7,13.0,198.7,23796.0,45017.0,19.9,16.14,84.8,30.0,12.752,176.8,0.0,0.0,
2026-04-21T20:54:00,04/21/202608:54,20.97,0.0,0.0,51.83,0.0,0.0,0.0,0.7,13.0,198.7,23796.0,45017.0,20.0,16.12,84.9,30.0,12.746,176.9,0.0,0.0,
2026-04-21T20:55:00,04/21/202608:55,20.97,0.0,0.0,51.839999999999996,0.0,0.0,0.0,0.7,13.0,198.7,23796.0,45017.0,20.0,16.1,85.0,30.0,12.74,177.0,0.0,0.0,
2026-04-21T20:56:00,04/21/202608:56,20.97,0.0,0.0,51.839999999999996,0.0,0.0,0.0,0.7,13.0,198.7,23796.0,45017.0,19.9,16.1,85.0,30.0,12.74,177.0,0.0,0.0,
2026-04-21T20:57:00,04/21/202608:57,20.97,0.0,0.0,51.839999999999996,0.0,0.0,0.0,0.7,13.0,198.7,23796.0,45017.0,19.9,16.1,85.0,30.0,12.74,177.0,0.0,0.0,
2026-04-21T20:58:00,04/21/202608:58,20.97,0.0,0.0,51.839999999999996,0.0,0.0,0.0,0.7,13.0,198.7,23796.0,45017.0,19.9,16.1,85.0,30.0,12.74,177.0,0.0,0.0,
2026-04-21T20:59:48,04/21/202608:59,20.96,0.0,0.0,51.83,0.0,0.0,0.0,0.7,13.0,198.7,23796.0,45017.0,19.9,16.1,85.0,30.0,12.74,177.0,0.0,0.0,
2026-04-21T20:59:59,04/21/202608:59,20.96,0.0,0.0,51.839999999999996,0.0,0.0,0.0,0.7,13.0,198.7,23796.0,45017.0,19.9,16.1,85.0,30.0,12.74,177.0,0.0,0.0,
2026-04-21T21:00:01,04/21/202609:00,20.97,0.0,0.0,51.839999999999996,0.0,0.0,0.0,0.7,13.0,198.7,23796.0,45017.0,19.9,16.1,85.0,30.0,12.74,177.0,0.0,0.0,
2026-04-21T21:01:00,04/21/202609:01,20.98,0.0,0.0,51.83,0.0,0.0,0.0,0.7,13.0,198.7,23796.0,45017.0,19.9,16.1,85.0,30.0,12.74,177.0,0.0,0.0,
2026-04-21T21:02:00,04/21/202609:02,20.990000000000002,0.0,0.0,51.839999999999996,0.0,0.0,0.0,0.7,13.0,198.7,23796.0,45017.0,19.9,16.09,85.0,30.0,12.721,176.8,0.0,0.0,
2026-04-21T21:02:15,04/21/202609:02,20.98,0.0,0.0,51.85,0.0,0.0,0.0,0.7,13.0,198.7,23796.0,45017.0,19.9,16.080000000000002,85.0,30.0,12.702000000000002,176.6,0.0,0.0,
2026-04-21T21:03:01,04/21/202609:03,20.97,0.0,0.0,51.85,0.0,0.0,0.0,0.7,13.0,198.7,23796.0,45017.0,19.9,16.07,85.0,30.0,12.683,176.4,0.0,0.0,
2026-04-21T21:04:00,04/21/202609:04,20.96,0.0,0.0,51.86,0.0,0.0,0.0,0.7,13.0,198.7,23796.0,45017.0,19.9,16.060000000000002,85.0,30.0,12.664,176.2,0.0,0.0,
2026-04-21T21:04:14,04/21/202609:04,20.96,0.0,0.0,51.86999999999999,0.0,0.0,0.0,0.7,13.0,198.7,23796.0,45017.0,19.9,16.05,85.0,30.0,12.645,176.0,0.0,0.0,
2026-04-21T21:05:00,04/21/202609:05,20.96,0.0,0.0,51.879999999999995,0.0,0.0,0.0,0.7,13.0,198.7,23796.0,45017.0,19.9,16.04,85.0,30.0,12.626000000000001,175.8,0.0,0.0,
2026-04-21T21:06:00,04/21/202609:06,20.97,0.0,0.0,51.89,0.0,0.0,0.0,0.7,13.0,198.7,23796.0,45017.0,19.9,16.03,85.0,30.0,12.607000000000001,175.6,0.0,0.0,
2026-04-21T21:06:15,04/21/202609:06,20.96,0.0,0.0,51.879999999999995,0.0,0.0,0.0,0.7,13.0,198.7,23796.0,45017.0,19.9,16.02,85.0,30.0,12.588000000000001,175.4,0.0,0.0,
2026-04-21T21:07:44,04/21/202609:07,20.95,0.0,0.0,51.879999999999995,0.0,0.0,0.0,0.7,13.0,198.7,23796.0,45017.0,19.9,16.009999999999998,85.0,30.0,12.569,175.2,0.0,0.0,
2026-04-21T21:08:01,04/21/202609:08,20.939999999999998,0.0,0.0,51.89,0.0,0.0,0.0,0.7,13.0,198.7,23796.0,45017.0,19.9,16.0,85.0,30.0,12.55,175.0,0.0,0.0,
2026-04-21T21:09:01,04/21/202609:09,20.93,0.0,0.0,51.879999999999995,0.0,0.0,0.0,0.7,13.0,198.7,23796.0,45017.0,19.9,16.0,85.0,30.0,12.55,175.0,0.0,0.0,
2026-04-21T21:11:00,04/21/202609:10,20.939999999999998,0.0,0.0,51.879999999999995,0.0,0.0,0.0,0.7,13.0,198.7,23796.0,45017.0,19.9,16.0,85.0,30.0,12.55,175.0,0.0,0.0,
2026-04-21T21:11:01,04/21/202609:11,20.95,0.0,0.0,51.879999999999995,0.0,0.0,0.0,0.7,13.0,198.7,23796.0,45017.0,19.9,16.0,85.0,30.0,12.55,175.0,0.0,0.0,
2026-04-21T21:12:01,04/21/202609:12,20.96,0.0,0.0,51.86999999999999,0.0,0.0,0.0,0.7,13.0,198.7,23796.0,45017.0,19.9,16.0,85.0,30.0,12.55,175.0,0.0,0.0,
2026-04-21T21:13:00,04/21/202609:13,20.96,0.0,0.0,51.86,0.0,0.0,0.0,0.7,13.0,198.7,23796.0,45017.0,19.9,16.0,85.0,30.0,12.55,175.0,0.0,0.0,
2026-04-21T21:13:45,04/21/202609:13,20.95,0.0,0.0,51.85,0.0,0.0,0.0,0.7,13.0,198.7,23796.0,45017.0,19.9,16.0,85.0,30.0,12.55,175.0,0.0,0.0,
2026-04-21T21:14:01,04/21/202609:14,20.939999999999998,0.0,0.0,51.839999999999996,0.0,0.0,0.0,0.7,13.0,198.7,23796.0,45017.0,19.9,16.0,85.0,30.0,12.55,175.0,0.0,0.0,
2026-04-21T21:15:00,04/21/202609:15,20.939999999999998,0.0,0.0,51.85,0.0,0.0,0.0,0.7,13.0,198.7,23796.0,45017.0,19.9,16.0,85.0,30.0,12.55,175.0,0.0,0.0,
2026-04-21T21:16:01,04/21/202609:16,20.939999999999998,0.0,0.0,51.839999999999996,0.0,0.0,0.0,0.7,13.0,198.7,23796.0,45017.0,19.9,16.0,85.0,30.0,12.55,175.0,0.0,0.0,
2026-04-21T21:17:01,04/21/202609:17,20.939999999999998,0.0,0.0,51.839999999999996,0.0,0.0,0.0,0.7,13.0,198.7,23796.0,45017.0,19.9,15.98,85.0,30.0,12.525,175.2,0.0,0.0,
2026-04-21T21:18:00,04/21/202609:18,20.939999999999998,0.0,0.0,51.839999999999996,0.0,0.0,0.0,0.7,13.0,198.7,23796.0,45017.0,19.9,15.959999999999999,85.0,30.0,12.5,175.4,0.0,0.0,
2026-04-21T21:19:01,04/21/202609:19,20.93,0.0,0.0,51.839999999999996,0.0,0.0,0.0,0.7,13.0,198.7,23796.0,45017.0,20.0,15.940000000000001,85.0,30.0,12.475,175.6,0.0,0.0,
2026-04-21T21:20:01,04/21/202609:20,20.919999999999998,0.0,0.0,51.83,0.0,0.0,0.0,0.7,13.0,198.7,23796.0,45017.0,19.9,15.919999999999998,85.0,30.0,12.45,175.8,0.0,0.0,
2026-04-21T21:22:13,04/21/202609:22,20.91,0.0,0.0,51.83,0.0,0.0,0.0,0.7,13.0,198.7,23796.0,45017.0,19.9,15.9,85.0,30.0,12.425,176.0,0.0,0.0,
2026-04-21T21:23:01,04/21/202609:23,20.9,0.0,0.0,51.83,0.0,0.0,0.0,0.7,13.0,198.7,23796.0,45017.0,19.9,15.88,85.0,30.0,12.4,176.2,0.0,0.0,
2026-04-21T21:23:44,04/21/202609:23,20.91,0.0,0.0,51.83,0.0,0.0,0.0,0.7,13.0,198.7,23796.0,45017.0,19.9,15.86,85.0,30.0,12.375,176.4,0.0,0.0,
2026-04-21T21:24:00,04/21/202609:24,20.919999999999998,0.0,0.0,51.83,0.0,0.0,0.0,0.7,13.0,198.7,23796.0,45017.0,19.9,15.84,85.0,30.0,12.35,176.6,0.0,0.0,
2026-04-21T21:25:01,04/21/202609:25,20.93,0.0,0.0,51.81999999999999,0.0,0.0,0.0,0.7,13.0,198.7,23796.0,45017.0,19.9,15.820000000000002,85.0,30.0,12.325,176.8,0.0,0.0,
2026-04-21T21:26:36,04/21/202609:26,20.93,0.0,0.0,51.81999999999999,0.0,0.0,0.0,0.7,13.0,198.7,23796.0,45017.0,19.9,15.8,85.0,30.0,12.3,177.0,0.0,0.0,
2026-04-21T21:27:01,04/21/202609:27,20.93,0.0,0.0,51.81,0.0,0.0,0.0,0.7,13.0,198.7,23796.0,45017.0,19.9,15.8,85.0,30.0,12.3,177.0,0.0,0.0,
2026-04-21T21:28:01,04/21/202609:28,20.93,0.0,0.0,51.81,0.0,0.0,0.0,0.7,13.0,198.7,23796.0,45017.0,19.9,15.8,85.0,30.0,12.3,177.0,0.0,0.0,
2026-04-21T21:29:01,04/21/202609:29,20.93,0.0,0.0,51.8,0.0,0.0,0.0,0.7,13.0,198.7,23796.0,45017.0,19.9,15.809999999999999,85.0,30.0,12.3,177.0,0.0,0.0,
2026-04-21T21:30:01,04/21/202609:30,20.93,0.0,0.0,51.8,0.0,0.0,0.0,0.7,13.0,198.7,23796.0,45017.0,19.9,15.820000000000002,85.0,30.0,12.238000000000001,176.8,0.0,0.0,
2026-04-21T21:30:36,04/21/202609:30,20.939999999999998,0.0,0.0,51.8,0.0,0.0,0.0,0.7,13.0,198.7,23796.0,45017.0,19.9,15.830000000000002,85.0,30.0,12.176,176.6,0.0,0.0,
2026-04-21T21:31:01,04/21/202609:31,20.95,0.0,0.0,51.8,0.0,0.0,0.0,0.7,13.0,198.7,23796.0,45017.0,19.9,15.84,85.0,30.0,12.114,176.4,0.0,0.0,
2026-04-21T21:31:36,04/21/202609:31,20.939999999999998,0.0,0.0,51.8,0.0,0.0,0.0,0.7,13.0,198.7,23796.0,45017.0,19.9,15.830000000000002,85.2,30.0,11.984,176.3,0.0,0.0,
2026-04-21T21:33:24,04/21/202609:33,20.93,0.0,0.0,51.8,0.0,0.0,0.0,0.7,13.0,198.7,23796.0,45017.0,19.9,15.819999999999999,85.4,30.0,11.854000000000001,176.2,0.0,0.0,
2026-04-21T21:34:00,04/21/202609:34,20.919999999999998,0.0,0.0,51.8,0.0,0.0,0.0,0.7,13.0,198.7,23796.0,45017.0,19.9,15.809999999999999,85.6,30.0,11.724,176.1,0.0,0.0,
2026-04-21T21:35:00,04/21/202609:35,20.919999999999998,0.0,0.0,51.8,0.0,0.0,0.0,0.7,13.0,198.7,23796.0,45017.0,19.9,15.8,85.8,30.0,11.594,176.0,0.0,0.0,
2026-04-21T21:36:00,04/21/202609:36,20.919999999999998,0.0,0.0,51.8,0.0,0.0,0.0,0.7,13.0,198.7,23796.0,45017.0,19.9,15.790000000000001,86.0,30.0,11.464,175.9,0.0,0.0,
2026-04-21T21:37:01,04/21/202609:37,20.919999999999998,0.0,0.0,51.8,0.0,0.0,0.0,0.7,13.0,198.7,23796.0,45017.0,19.9,15.780000000000001,86.2,30.0,11.334,175.8,0.0,0.0,
2026-04-21T21:38:00,04/21/202609:38,20.919999999999998,0.0,0.0,51.8,0.0,0.0,0.0,0.7,13.0,198.7,23796.0,45017.0,19.9,15.76,86.4,30.0,11.203999999999999,175.7,0.0,0.0,
2026-04-21T21:39:00,04/21/202609:39,20.919999999999998,0.0,0.0,51.8,0.0,0.0,0.0,0.7,13.0,198.7,23796.0,45017.0,19.9,15.74,86.6,30.0,11.136,175.8,0.0,0.0,
2026-04-21T21:40:00,04/21/202609:40,20.91,0.0,0.0,51.8,0.0,0.0,0.0,0.7,13.0,198.7,23796.0,45017.0,19.9,15.719999999999999,86.8,30.0,11.068000000000001,175.9,0.0,0.0,
2026-04-21T21:41:00,04/21/202609:41,20.9,0.0,0.0,51.8,0.0,0.0,0.0,0.7,13.0,198.7,23796.0,45017.0,19.9,15.7,87.0,30.0,11.0,176.0,0.0,0.0,
2026-04-21T21:42:00,04/21/202609:42,20.9,0.0,0.0,51.8,0.0,0.0,0.0,0.7,13.0,198.7,23796.0,45017.0,19.9,15.7,87.0,30.0,11.0,176.0,0.0,0.0,
2026-04-21T21:43:00,04/21/202609:43,20.9,0.0,0.0,51.8,0.0,0.0,0.0,0.7,13.0,198.7,23796.0,45017.0,19.9,15.7,87.0,30.0,11.0,176.0,0.0,0.0,
2026-04-21T21:44:35,04/21/202609:44,20.9,0.0,0.0,51.8,0.0,0.0,0.0,0.7,13.0,198.7,23796.0,45017.0,19.9,15.7,87.0,30.0,11.0,176.0,0.0,0.0,
2026-04-21T21:45:00,04/21/202609:45,20.9,0.0,0.0,51.8,0.0,0.0,0.0,0.7,13.0,198.7,23796.0,45017.0,19.9,15.7,87.0,30.0,11.0,176.0,0.0,0.0,
2026-04-21T21:46:33,04/21/202609:46,20.9,0.0,0.0,51.8,0.0,0.0,0.0,0.7,13.0,198.7,23796.0,45017.0,19.8,15.679999999999998,87.0,30.0,10.931000000000001,176.2,0.0,0.0,
2026-04-21T21:47:00,04/21/202609:47,20.9,0.0,0.0,51.8,0.0,0.0,0.0,0.7,13.0,198.7,23796.0,45017.0,19.8,15.66,87.0,30.0,10.862,176.4,0.0,0.0,
2026-04-21T21:48:01,04/21/202609:48,20.9,0.0,0.0,51.8,0.0,0.0,0.0,0.7,13.0,198.7,23796.0,45017.0,19.8,15.64,87.0,30.0,10.793000000000001,176.6,0.0,0.0,
2026-04-21T21:49:00,04/21/202609:49,20.9,0.0,0.0,51.8,0.0,0.0,0.0,0.7,13.0,198.7,23796.0,45017.0,19.8,15.62,87.0,30.0,10.724,176.8,0.0,0.0,
2026-04-21T21:50:00,04/21/202609:50,20.9,0.0,0.0,51.8,0.0,0.0,0.0,0.7,13.0,198.7,23796.0,45017.0,19.9,15.6,87.0,30.0,10.655,177.0,0.0,0.0,
2026-04-21T21:51:00,04/21/202609:51,20.9,0.0,0.0,51.8,0.0,0.0,0.0,0.7,13.0,198.7,23796.0,45017.0,19.9,15.580000000000002,87.0,30.0,10.586,177.2,0.0,0.0,
2026-04-21T21:52:00,04/21/202609:52,20.9,0.0,0.0,51.8,0.0,0.0,0.0,0.7,13.0,198.7,23796.0,45017.0,19.8,15.559999999999999,87.0,30.0,10.517,177.4,0.0,0.0,
2026-04-21T21:53:01,04/21/202609:53,20.9,0.0,0.0,51.8,0.0,0.0,0.0,0.7,13.0,198.7,23796.0,45017.0,19.8,15.540000000000001,87.0,30.0,10.448,177.6,0.0,0.0,
2026-04-21T21:54:00,04/21/202609:54,20.9,0.0,0.0,51.8,0.0,0.0,0.0,0.7,13.0,198.7,23796.0,45017.0,19.8,15.52,87.0,30.0,10.379000000000001,177.8,0.0,0.0,
2026-04-21T21:55:47,04/21/202609:55,20.9,0.0,0.0,51.8,0.0,0.0,0.0,0.7,13.0,198.7,23796.0,45017.0,19.9,15.5,87.0,30.0,10.31,178.0,0.0,0.0,
2026-04-21T21:56:01,04/21/202609:56,20.9,0.0,0.0,51.8,0.0,0.0,0.0,0.7,13.0,198.7,23796.0,45017.0,19.9,15.5,87.0,30.0,10.31,178.0,0.0,0.0,
2026-04-21T21:56:32,04/21/202609:56,20.889999999999997,0.0,0.0,51.8,0.0,0.0,0.0,0.7,13.0,198.7,23796.0,45017.0,19.9,15.5,87.0,30.0,10.31,178.0,0.0,0.0,
2026-04-21T21:57:01,04/21/202609:57,20.88,0.0,0.0,51.8,0.0,0.0,0.0,0.7,13.0,198.7,23796.0,45017.0,19.9,15.5,87.0,30.0,10.31,178.0,0.0,0.0,
2026-04-21T21:57:33,04/21/202609:57,20.88,0.0,0.0,51.8,0.0,0.0,0.0,0.7,13.0,198.7,23796.0,45017.0,19.8,15.5,87.0,30.0,10.31,178.0,0.0,0.0,
2026-04-21T21:58:00,04/21/202609:58,20.88,0.0,0.0,51.8,0.0,0.0,0.0,0.7,13.0,198.7,23796.0,45017.0,19.8,15.5,87.0,30.0,10.31,178.0,0.0,0.0,
2026-04-21T21:59:01,04/21/202609:59,20.88,0.0,0.0,51.8,0.0,0.0,0.0,0.7,13.0,198.7,23796.0,45017.0,19.8,15.5,87.0,30.0,10.31,178.0,0.0,0.0,
2026-04-21T22:00:00,04/21/202610:00,20.88,0.0,0.0,51.79,0.0,0.0,0.0,0.7,13.0,198.7,23796.0,45017.0,19.8,15.5,87.0,30.0,10.31,178.0,0.0,0.0,
2026-04-21T22:01:01,04/21/202610:01,20.88,0.0,0.0,51.79,0.0,0.0,0.0,0.7,13.0,198.7,23796.0,45017.0,19.9,15.469999999999999,87.1,30.0,10.199000000000002,177.6,0.0,0.0,
2026-04-21T22:02:01,04/21/202610:02,20.88,0.0,0.0,51.779999999999994,0.0,0.0,0.0,0.7,13.0,198.7,23796.0,45017.0,19.8,15.440000000000001,87.2,30.0,10.088,177.2,0.0,0.0,
2026-04-21T22:03:01,04/21/202610:03,20.88,0.0,0.0,51.779999999999994,0.0,0.0,0.0,0.7,13.0,198.7,23796.0,45017.0,19.8,15.41,87.3,30.0,9.977,176.8,0.0,0.0,
2026-04-21T22:04:00,04/21/202610:04,20.88,0.0,0.0,51.779999999999994,0.0,0.0,0.0,0.7,13.0,198.7,23796.0,45017.0,19.8,15.38,87.4,30.0,9.866,176.4,0.0,0.0,
2026-04-21T22:05:03,04/21/202610:05,20.889999999999997,0.0,0.0,51.77,0.0,0.0,0.0,0.7,13.0,198.7,23796.0,45017.0,19.8,15.35,87.5,30.0,9.754999999999999,176.0,0.0,0.0,
2026-04-21T22:06:59,04/21/202610:06,20.9,0.0,0.0,51.77,0.0,0.0,0.0,0.7,13.0,198.7,23796.0,45017.0,19.8,15.319999999999999,87.6,30.0,9.644,175.6,0.0,0.0,
2026-04-21T22:07:01,04/21/202610:07,20.9,0.0,0.0,51.77,0.0,0.0,0.0,0.7,13.0,198.7,23796.0,45017.0,19.8,15.290000000000001,87.7,30.0,9.533,175.2,0.0,0.0,
2026-04-21T22:08:00,04/21/202610:08,20.9,0.0,0.0,51.77,0.0,0.0,0.0,0.7,13.0,198.7,23796.0,45017.0,19.8,15.26,87.8,30.0,9.422,174.8,0.0,0.0,
2026-04-21T22:09:01,04/21/202610:09,20.9,0.0,0.0,51.77,0.0,0.0,0.0,0.7,13.0,198.7,23796.0,45017.0,19.8,15.229999999999999,87.9,30.0,9.311,174.4,0.0,0.0,
2026-04-21T22:10:01,04/21/202610:10,20.9,0.0,0.0,51.779999999999994,0.0,0.0,0.0,0.7,13.0,198.7,23796.0,45017.0,19.8,15.2,88.0,30.0,9.2,174.0,0.0,0.0,
2026-04-21T22:11:00,04/21/202610:11,20.9,0.0,0.0,51.779999999999994,0.0,0.0,0.0,0.7,13.0,198.7,23796.0,45017.0,19.8,15.2,88.0,30.0,9.2,174.0,0.0,0.0,
2026-04-21T22:12:01,04/21/202610:12,20.9,0.0,0.0,51.79,0.0,0.0,0.0,0.7,13.0,198.7,23796.0,45017.0,19.9,15.2,88.0,30.0,9.2,174.0,0.0,0.0,
2026-04-21T22:13:01,04/21/202610:13,20.9,0.0,0.0,51.79,0.0,0.0,0.0,0.7,13.0,198.7,23796.0,45017.0,19.8,15.2,88.0,30.0,9.2,174.0,0.0,0.0,
2026-04-21T22:14:00,04/21/202610:14,20.9,0.0,0.0,51.79,0.0,0.0,0.0,0.7,13.0,198.7,23796.0,45017.0,19.8,15.2,88.0,30.0,9.2,174.0,0.0,0.0,
2026-04-21T22:15:01,04/21/202610:15,20.9,0.0,0.0,51.8,0.0,0.0,0.0,0.7,13.0,198.7,23796.0,45017.0,19.8,15.2,88.0,30.0,9.2,174.0,0.0,0.0,
2026-04-21T22:15:04,04/21/202610:15,20.889999999999997,0.0,0.0,51.8,0.0,0.0,0.0,0.7,13.0,198.7,23796.0,45017.0,19.8,15.2,88.0,30.0,9.2,174.0,0.0,0.0,
2026-04-21T22:16:00,04/21/202610:16,20.88,0.0,0.0,51.8,0.0,0.0,0.0,0.7,13.0,198.7,23796.0,45017.0,19.8,15.2,88.0,30.0,9.2,174.0,0.0,0.0,
2026-04-21T22:18:08,04/21/202610:18,20.869999999999997,0.0,0.0,51.8,0.0,0.0,0.0,0.7,13.0,198.7,23796.0,45017.0,19.8,15.169999999999998,88.0,30.0,9.181,174.0,0.0,0.0,
2026-04-21T22:19:01,04/21/202610:19,20.86,0.0,0.0,51.8,0.0,0.0,0.0,0.7,13.0,198.7,23796.0,45017.0,19.8,15.14,88.0,30.0,9.161999999999999,174.0,0.0,0.0,
2026-04-21T22:19:04,04/21/202610:19,20.86,0.0,0.0,51.8,0.0,0.0,0.0,0.7,13.0,198.7,23796.0,45017.0,19.8,15.11,88.0,30.0,9.142999999999999,174.0,0.0,0.0,
2026-04-21T22:20:01,04/21/202610:20,20.86,0.0,0.0,51.8,0.0,0.0,0.0,0.7,13.0,198.7,23796.0,45017.0,19.8,15.080000000000002,88.0,30.0,9.123999999999999,174.0,0.0,0.0,
2026-04-21T22:21:00,04/21/202610:21,20.86,0.0,0.0,51.8,0.0,0.0,0.0,0.7,13.0,198.7,23796.0,45017.0,19.9,15.05,88.0,30.0,9.105,174.0,0.0,0.0,
2026-04-21T22:22:01,04/21/202610:22,20.86,0.0,0.0,51.8,0.0,0.0,0.0,0.7,13.0,198.7,23796.0,45017.0,19.8,15.02,88.0,30.0,9.086,174.0,0.0,0.0,
2026-04-21T22:23:01,04/21/202610:23,20.86,0.0,0.0,51.79,0.0,0.0,0.0,0.7,13.0,198.7,23796.0,45017.0,19.8,14.99,88.0,30.0,9.067,174.0,0.0,0.0,
2026-04-21T22:24:01,04/21/202610:24,20.86,0.0,0.0,51.79,0.0,0.0,0.0,0.7,13.0,198.7,23796.0,45017.0,19.8,14.959999999999999,88.0,30.0,9.047999999999998,174.0,0.0,0.0,
2026-04-21T22:25:01,04/21/202610:25,20.869999999999997,0.0,0.0,51.779999999999994,0.0,0.0,0.0,0.7,13.0,198.7,23796.0,45017.0,19.8,14.930000000000001,88.0,30.0,9.029,174.0,0.0,0.0,
2026-04-21T22:26:01,04/21/202610:26,20.88,0.0,0.0,51.779999999999994,0.0,0.0,0.0,0.7,13.0,198.7,23796.0,45017.0,19.8,14.9,88.0,30.0,9.01,174.0,0.0,0.0,
2026-04-21T22:26:30,04/21/202610:26,20.88,0.0,0.0,51.77,0.0,0.0,0.0,0.7,13.0,198.7,23796.0,45017.0,19.8,14.9,88.0,30.0,9.01,174.0,0.0,0.0,
2026-04-21T22:27:01,04/21/202610:27,20.88,0.0,0.0,51.760000000000005,0.0,0.0,0.0,0.7,13.0,198.7,23796.0,45017.0,19.8,14.9,88.0,30.0,9.01,174.0,0.0,0.0,
2026-04-21T22:27:30,04/21/202610:27,20.88,0.0,0.0,51.760000000000005,0.0,0.0,0.0,0.7,13.0,198.7,23796.0,45017.0,19.8,14.9,88.0,30.0,9.01,174.0,0.0,0.0,
2026-04-21T22:29:21,04/21/202610:29,20.88,0.0,0.0,51.760000000000005,0.0,0.0,0.0,0.7,13.0,198.7,23796.0,45017.0,19.8,14.9,88.0,30.0,9.01,174.0,0.0,0.0,
2026-04-21T22:30:00,04/21/202610:30,20.88,0.0,0.0,51.75,0.0,0.0,0.0,0.7,13.0,198.7,23796.0,45017.0,19.8,14.9,88.0,30.0,9.01,174.0,0.0,0.0,
2026-04-21T22:32:00,04/21/202610:31,20.88,0.0,0.0,51.75,0.0,0.0,0.0,0.7,13.0,198.7,23796.0,45017.0,19.8,14.98,88.1,30.0,9.165000000000001,174.0,0.0,0.0,
2026-04-21T22:32:01,04/21/202610:32,20.88,0.0,0.0,51.760000000000005,0.0,0.0,0.0,0.7,13.0,198.7,23796.0,45017.0,19.8,15.059999999999999,88.2,30.0,9.32,174.0,0.0,0.0,
2026-04-21T22:33:00,04/21/202610:33,20.88,0.0,0.0,51.75,0.0,0.0,0.0,0.7,13.0,198.7,23796.0,45017.0,19.8,15.14,88.3,30.0,9.475,174.0,0.0,0.0,
2026-04-21T22:34:01,04/21/202610:34,20.88,0.0,0.0,51.760000000000005,0.0,0.0,0.0,0.7,13.0,198.7,23796.0,45017.0,19.8,15.219999999999999,88.4,30.0,9.629999999999999,174.0,0.0,0.0,
2026-04-21T22:35:01,04/21/202610:35,20.88,0.0,0.0,51.75,0.0,0.0,0.0,0.7,13.0,198.7,23796.0,45017.0,19.8,15.3,88.5,30.0,9.785,174.0,0.0,0.0,
2026-04-21T22:36:00,04/21/202610:36,20.889999999999997,0.0,0.0,51.760000000000005,0.0,0.0,0.0,0.7,13.0,198.7,23796.0,45017.0,19.8,15.38,88.6,30.0,9.940000000000001,174.0,0.0,0.0,
2026-04-21T22:37:01,04/21/202610:37,20.9,0.0,0.0,51.77,0.0,0.0,0.0,0.7,13.0,198.7,23796.0,45017.0,19.8,15.459999999999999,88.7,30.0,10.095,174.0,0.0,0.0,
2026-04-21T22:38:01,04/21/202610:38,20.9,0.0,0.0,51.760000000000005,0.0,0.0,0.0,0.7,13.0,198.7,23796.0,45017.0,19.8,15.540000000000001,88.8,30.0,10.25,174.0,0.0,0.0,
2026-04-21T22:40:32,04/21/202610:40,20.9,0.0,0.0,51.75,0.0,0.0,0.0,0.7,13.0,198.7,23796.0,45017.0,19.8,15.62,88.9,30.0,10.405000000000001,174.0,0.0,0.0,
2026-04-21T22:41:00,04/21/202610:41,20.9,0.0,0.0,51.75,0.0,0.0,0.0,0.7,13.0,198.7,23796.0,45017.0,19.8,15.7,89.0,30.0,10.56,174.0,0.0,0.0,
2026-04-21T22:42:01,04/21/202610:42,20.9,0.0,0.0,51.739999999999995,0.0,0.0,0.0,0.7,13.0,198.7,23796.0,45017.0,19.8,15.7,88.8,30.0,10.56,174.0,0.0,0.0,
2026-04-21T22:43:01,04/21/202610:43,20.9,0.0,0.0,51.739999999999995,0.0,0.0,0.0,0.7,13.0,198.7,23796.0,45017.0,19.8,15.7,88.6,30.0,10.56,174.0,0.0,0.0,
2026-04-21T22:44:01,04/21/202610:44,20.9,0.0,0.0,51.739999999999995,0.0,0.0,0.0,0.7,13.0,198.7,23796.0,45017.0,19.8,15.7,88.4,30.0,10.56,174.0,0.0,0.0,
2026-04-21T22:45:01,04/21/202610:45,20.9,0.0,0.0,51.73,0.0,0.0,0.0,0.7,13.0,198.7,23796.0,45017.0,19.8,15.7,88.2,30.0,10.56,174.0,0.0,0.0,
2026-04-21T22:46:31,04/21/202610:46,20.889999999999997,0.0,0.0,51.73,0.0,0.0,0.0,0.7,13.0,198.7,23796.0,45017.0,19.8,15.690000000000001,88.0,30.0,10.492,174.3,0.0,0.0,
2026-04-21T22:47:01,04/21/202610:47,20.88,0.0,0.0,51.720000000000006,0.0,0.0,0.0,0.7,13.0,198.7,23796.0,45017.0,19.8,15.679999999999998,87.8,30.0,10.424000000000001,174.6,0.0,0.0,
2026-04-21T22:48:01,04/21/202610:48,20.869999999999997,0.0,0.0,51.71,0.0,0.0,0.0,0.7,13.0,198.7,23796.0,45017.0,19.8,15.669999999999998,87.6,30.0,10.356,174.9,0.0,0.0,
2026-04-21T22:49:00,04/21/202610:49,20.86,0.0,0.0,51.71,0.0,0.0,0.0,0.7,13.0,198.7,23796.0,45017.0,19.8,15.66,87.4,30.0,10.288,175.2,0.0,0.0,
2026-04-21T22:50:01,04/21/202610:50,20.85,0.0,0.0,51.71,0.0,0.0,0.0,0.7,13.0,198.7,23796.0,45017.0,19.8,15.65,87.2,30.0,10.22,175.5,0.0,0.0,
2026-04-21T22:51:44,04/21/202610:51,20.84,0.0,0.0,51.7,0.0,0.0,0.0,0.7,13.0,198.7,23796.0,45017.0,19.8,15.64,87.0,30.0,10.152000000000001,175.8,0.0,0.0,
2026-04-21T22:52:01,04/21/202610:52,20.830000000000002,0.0,0.0,51.69,0.0,0.0,0.0,0.7,13.0,198.7,23796.0,45017.0,19.8,15.629999999999999,87.0,30.0,10.084,176.1,0.0,0.0,
2026-04-21T22:53:01,04/21/202610:53,20.82,0.0,0.0,51.68000000000001,0.0,0.0,0.0,0.7,13.0,198.7,23796.0,45017.0,19.8,15.62,87.0,30.0,10.016000000000002,176.4,0.0,0.0,
2026-04-21T22:54:01,04/21/202610:54,20.81,0.0,0.0,51.68000000000001,0.0,0.0,0.0,0.7,13.0,198.7,23796.0,45017.0,19.8,15.61,87.0,30.0,9.948,176.7,0.0,0.0,
2026-04-21T22:54:31,04/21/202610:54,20.79,0.0,0.0,51.67,0.0,0.0,0.0,0.7,13.0,198.7,23796.0,45017.0,19.8,15.6,87.0,30.0,9.88,177.0,0.0,0.0,
2026-04-21T22:55:01,04/21/202610:55,20.78,0.0,0.0,51.660000000000004,0.0,0.0,0.0,0.7,13.0,198.7,23796.0,45017.0,19.8,15.6,87.0,30.0,9.88,177.0,0.0,0.0,
2026-04-21T22:55:30,04/21/202610:55,20.78,0.0,0.0,51.660000000000004,0.0,0.0,0.0,0.7,13.0,198.7,23796.0,45017.0,19.8,15.6,87.0,30.0,9.88,177.0,0.0,0.0,
2026-04-21T22:56:01,04/21/202610:56,20.78,0.0,0.0,51.660000000000004,0.0,0.0,0.0,0.7,13.0,198.7,23796.0,45017.0,19.8,15.6,87.0,30.0,9.88,177.0,0.0,0.0,
2026-04-21T22:57:01,04/21/202610:57,20.78,0.0,0.0,51.660000000000004,0.0,0.0,0.0,0.7,13.0,198.7,23796.0,45017.0,19.7,15.6,87.0,30.0,9.88,177.0,0.0,0.0,
2026-04-21T22:58:01,04/21/202610:58,20.78,0.0,0.0,51.660000000000004,0.0,0.0,0.0,0.7,13.0,198.7,23796.0,45017.0,19.7,15.6,87.0,30.0,9.88,177.0,0.0,0.0,
2026-04-21T22:58:03,04/21/202610:58,20.77,0.0,0.0,51.67,0.0,0.0,0.0,0.7,13.0,198.7,23796.0,45017.0,19.8,15.6,87.0,30.0,9.88,177.0,0.0,0.0,
2026-04-21T22:59:01,04/21/202610:59,20.759999999999998,0.0,0.0,51.68000000000001,0.0,0.0,0.0,0.7,13.0,198.7,23796.0,45017.0,19.8,15.6,87.0,30.0,9.88,177.0,0.0,0.0,
2026-04-21T23:00:01,04/21/202611:00,20.75,0.0,0.0,51.68000000000001,0.0,0.0,0.0,0.7,13.0,198.7,23796.0,45017.0,19.7,15.6,87.0,30.0,9.88,177.0,0.0,0.0,
2026-04-21T23:00:03,04/21/202611:00,20.75,0.0,0.0,51.68000000000001,0.0,0.0,0.0,0.7,13.0,198.7,23796.0,45017.0,19.8,15.6,87.0,30.0,9.88,177.0,0.0,0.0,
2026-04-21T23:01:01,04/21/202611:01,20.759999999999998,0.0,0.0,51.69,0.0,0.0,0.0,0.7,13.0,198.7,23796.0,45017.0,19.8,15.6,87.0,30.0,9.88,177.0,0.0,0.0,
2026-04-21T23:02:56,04/21/202611:02,20.759999999999998,0.0,0.0,51.7,0.0,0.0,0.0,0.7,13.0,198.7,23796.0,45017.0,19.7,15.61,87.0,30.0,9.874,177.3,0.0,0.0,
2026-04-21T23:03:00,04/21/202611:03,20.75,0.0,0.0,51.7,0.0,0.0,0.0,0.7,13.0,198.7,23796.0,45017.0,19.7,15.62,87.0,30.0,9.868,177.6,0.0,0.0,
2026-04-21T23:04:00,04/21/202611:04,20.740000000000002,0.0,0.0,51.7,0.0,0.0,0.0,0.7,13.0,198.7,23796.0,45017.0,19.7,15.629999999999999,87.0,30.0,9.862,177.9,0.0,0.0,
2026-04-21T23:05:01,04/21/202611:05,20.73,0.0,0.0,51.7,0.0,0.0,0.0,0.7,13.0,198.7,23796.0,45017.0,19.8,15.64,87.0,30.0,9.856,178.2,0.0,0.0,
2026-04-21T23:06:00,04/21/202611:06,20.72,0.0,0.0,51.69,0.0,0.0,0.0,0.7,13.0,198.7,23796.0,45017.0,19.8,15.65,87.0,30.0,9.85,178.5,0.0,0.0,
2026-04-21T23:07:00,04/21/202611:07,20.72,0.0,0.0,51.69,0.0,0.0,0.0,0.7,13.0,198.7,23796.0,45017.0,19.7,15.66,87.0,30.0,9.844,178.8,0.0,0.0,
2026-04-21T23:08:00,04/21/202611:08,20.72,0.0,0.0,51.69,0.0,0.0,0.0,0.7,13.0,198.7,23796.0,45017.0,19.7,15.669999999999998,87.0,30.0,9.838000000000001,179.1,0.0,0.0,
2026-04-21T23:09:00,04/21/202611:09,20.72,0.0,0.0,51.69,0.0,0.0,0.0,0.7,13.0,198.7,23796.0,45017.0,19.7,15.679999999999998,87.0,30.0,9.832,179.4,0.0,0.0,
2026-04-21T23:10:00,04/21/202611:10,20.71,0.0,0.0,51.69,0.0,0.0,0.0,0.7,13.0,198.7,23796.0,45017.0,19.7,15.690000000000001,87.0,30.0,9.826,179.7,0.0,0.0,
2026-04-21T23:11:01,04/21/202611:11,20.7,0.0,0.0,51.69,0.0,0.0,0.0,0.7,13.0,198.7,23796.0,45017.0,19.7,15.7,87.0,30.0,9.82,180.0,0.0,0.0,
2026-04-21T23:12:00,04/21/202611:12,20.7,0.0,0.0,51.69,0.0,0.0,0.0,0.7,13.0,198.7,23796.0,45017.0,19.7,15.7,87.0,30.0,9.82,180.0,0.0,0.0,
2026-04-21T23:16:34,04/21/202611:16,20.7,0.0,0.0,51.69,0.0,0.0,0.0,0.7,13.0,198.7,23796.0,45017.0,19.7,15.690000000000001,87.0,30.0,9.826,180.3,0.0,0.0,
2026-04-21T23:17:00,04/21/202611:17,20.7,0.0,0.0,51.69,0.0,0.0,0.0,0.7,13.0,198.7,23796.0,45017.0,19.7,15.679999999999998,87.0,30.0,9.832,180.6,0.0,0.0,
2026-04-21T23:18:00,04/21/202611:18,20.7,0.0,0.0,51.69,0.0,0.0,0.0,0.7,13.0,198.7,23796.0,45017.0,19.8,15.669999999999998,87.0,30.0,9.838000000000001,180.9,0.0,0.0,
2026-04-21T23:19:00,04/21/202611:19,20.7,0.0,0.0,51.7,0.0,0.0,0.0,0.7,13.0,198.7,23796.0,45017.0,19.7,15.66,87.0,30.0,9.844,181.2,0.0,0.0,
2026-04-21T23:20:00,04/21/202611:20,20.7,0.0,0.0,51.7,0.0,0.0,0.0,0.7,13.0,198.7,23796.0,45017.0,19.7,15.65,87.0,30.0,9.85,181.5,0.0,0.0,
2026-04-21T23:21:00,04/21/202611:21,20.7,0.0,0.0,51.7,0.0,0.0,0.0,0.7,13.0,198.7,23796.0,45017.0,19.7,15.64,87.0,30.0,9.856,181.8,0.0,0.0,
2026-04-21T23:22:01,04/21/202611:22,20.7,0.0,0.0,51.7,0.0,0.0,0.0,0.7,13.0,198.7,23796.0,45017.0,19.7,15.629999999999999,87.0,30.0,9.862,182.1,0.0,0.0,
2026-04-21T23:22:07,04/21/202611:22,20.729999999999997,0.0,0.0,51.7,0.0,0.0,0.0,0.7,13.0,198.7,23796.0,45017.0,19.7,15.62,87.0,30.0,9.868,182.4,0.0,0.0,
2026-04-21T23:23:00,04/21/202611:23,20.759999999999998,0.0,0.0,51.7,0.0,0.0,0.0,0.7,13.0,198.7,23796.0,45017.0,19.7,15.61,87.0,30.0,9.874,182.7,0.0,0.0,
2026-04-21T23:23:06,04/21/202611:23,20.88,0.0,0.0,51.69,0.0,0.0,0.0,0.7,13.0,198.7,23796.0,45017.0,19.7,15.6,87.0,30.0,9.88,183.0,0.0,0.0,
2026-04-21T23:24:00,04/21/202611:24,21.0,0.0,0.0,51.68000000000001,0.0,0.0,0.0,0.7,13.0,198.7,23796.0,45017.0,19.7,15.6,87.0,30.0,9.88,183.0,0.0,0.0,
2026-04-21T23:25:00,04/21/202611:25,21.119999999999997,0.0,0.0,51.68000000000001,0.0,0.0,0.0,0.7,13.0,198.7,23796.0,45017.0,19.7,15.6,87.0,30.0,9.88,183.0,0.0,0.0,
2026-04-21T23:26:00,04/21/202611:26,21.24,0.0,0.0,51.68000000000001,0.0,0.0,0.0,0.7,13.0,198.7,23796.0,45017.0,19.7,15.6,87.0,30.0,9.88,183.0,0.0,0.0,
2026-04-21T23:27:46,04/21/202611:27,21.36,0.0,0.0,51.68000000000001,0.0,0.0,0.0,0.7,13.0,198.7,23796.0,45017.0,19.7,15.6,87.0,30.0,9.88,183.0,0.0,0.0,
2026-04-21T23:28:01,04/21/202611:28,21.479999999999997,0.0,0.0,51.68000000000001,0.0,0.0,0.0,0.7,13.0,198.7,23796.0,45017.0,19.7,15.6,87.0,30.0,9.88,183.0,0.0,0.0,
2026-04-21T23:29:00,04/21/202611:29,21.6,0.0,0.0,51.68000000000001,0.0,0.0,0.0,0.7,13.0,198.7,23796.0,45017.0,19.7,15.6,87.0,30.0,9.88,183.0,0.0,0.0,
2026-04-21T23:30:00,04/21/202611:30,21.72,0.0,0.0,51.68000000000001,0.0,0.0,0.0,0.7,13.0,198.7,23796.0,45017.0,19.7,15.6,87.0,30.0,9.88,183.0,0.0,0.0,
2026-04-21T23:30:27,04/21/202611:30,21.77,0.0,0.0,51.67,0.0,0.0,0.0,0.7,13.0,198.7,23796.0,45017.0,19.7,15.559999999999999,87.0,30.0,9.88,183.0,0.0,0.0,
2026-04-21T23:31:00,04/21/202611:31,21.82,0.0,0.0,51.660000000000004,0.0,0.0,0.0,0.7,13.0,198.7,23796.0,45017.0,19.7,15.52,87.0,30.0,9.88,183.0,0.0,0.0,
2026-04-21T23:31:27,04/21/202611:31,21.7,0.0,0.0,51.67,0.0,0.0,0.0,0.7,13.0,198.7,23796.0,45017.0,19.7,15.5,87.1,30.0,9.930000000000001,182.0,0.0,0.0,
2026-04-21T23:32:00,04/21/202611:32,21.58,0.0,0.0,51.68000000000001,0.0,0.0,0.0,0.7,13.0,198.7,23796.0,45017.0,19.7,15.48,87.2,30.0,9.98,181.0,0.0,0.0,
2026-04-21T23:33:00,04/21/202611:33,21.46,0.0,0.0,51.68000000000001,0.0,0.0,0.0,0.7,13.0,198.7,23796.0,45017.0,19.7,15.459999999999999,87.3,30.0,9.899000000000001,179.8,0.0,0.0,
2026-04-21T23:34:00,04/21/202611:34,21.339999999999996,0.0,0.0,51.68000000000001,0.0,0.0,0.0,0.7,13.0,198.7,23796.0,45017.0,19.7,15.440000000000001,87.4,30.0,9.818000000000001,178.6,0.0,0.0,
2026-04-21T23:35:00,04/21/202611:35,21.22,0.0,0.0,51.68000000000001,0.0,0.0,0.0,0.7,13.0,198.7,23796.0,45017.0,19.8,15.419999999999998,87.5,30.0,9.737,177.4,0.0,0.0,
2026-04-21T23:36:00,04/21/202611:36,21.1,0.0,0.0,51.68000000000001,0.0,0.0,0.0,0.7,13.0,198.7,23796.0,45017.0,19.7,15.4,87.6,30.0,9.656,176.2,0.0,0.0,
2026-04-21T23:37:00,04/21/202611:37,20.979999999999997,0.0,0.0,51.68000000000001,0.0,0.0,0.0,0.7,13.0,198.7,23796.0,45017.0,19.7,15.38,87.7,30.0,9.575,175.0,0.0,0.0,
2026-04-21T23:38:58,04/21/202611:38,20.86,0.0,0.0,51.68000000000001,0.0,0.0,0.0,0.7,13.0,198.7,23796.0,45017.0,19.7,15.36,87.8,30.0,9.494,173.8,0.0,0.0,
2026-04-21T23:39:01,04/21/202611:39,20.779999999999998,0.0,0.0,51.69,0.0,0.0,0.0,0.7,13.0,198.7,23796.0,45017.0,19.7,15.38,87.9,30.0,9.413,172.6,0.0,0.0,
2026-04-21T23:40:01,04/21/202611:40,20.7,0.0,0.0,51.7,0.0,0.0,0.0,0.7,13.0,198.7,23796.0,45017.0,19.7,15.4,88.0,30.0,9.332,171.4,0.0,0.0,
2026-04-21T23:41:00,04/21/202611:41,20.7,0.0,0.0,51.7,0.0,0.0,0.0,0.7,13.0,198.7,23796.0,45017.0,19.7,15.4,88.0,30.0,9.201,171.2,0.0,0.0,
2026-04-21T23:41:48,04/21/202611:41,20.69,0.0,0.0,51.7,0.0,0.0,0.0,0.7,13.0,198.7,23796.0,45017.0,19.7,15.4,88.0,30.0,9.07,171.0,0.0,0.0,
2026-04-21T23:42:01,04/21/202611:42,20.68,0.0,0.0,51.7,0.0,0.0,0.0,0.7,13.0,198.7,23796.0,45017.0,19.7,15.4,88.0,30.0,9.07,171.0,0.0,0.0,
2026-04-21T23:42:47,04/21/202611:42,20.68,0.0,0.0,51.69,0.0,0.0,0.0,0.7,13.0,198.7,23796.0,45017.0,19.7,15.4,88.1,30.0,9.07,171.0,0.0,0.0,
2026-04-21T23:43:01,04/21/202611:43,20.68,0.0,0.0,51.68000000000001,0.0,0.0,0.0,0.7,13.0,198.7,23796.0,45017.0,19.7,15.4,88.2,30.0,9.07,171.0,0.0,0.0,
2026-04-21T23:44:01,04/21/202611:44,20.68,0.0,0.0,51.67,0.0,0.0,0.0,0.7,13.0,198.7,23796.0,45017.0,19.7,15.4,88.3,30.0,9.07,171.0,0.0,0.0,
2026-04-21T23:45:01,04/21/202611:45,20.68,0.0,0.0,51.67,0.0,0.0,0.0,0.7,13.0,198.7,23796.0,45017.0,19.7,15.4,88.4,30.0,9.07,171.0,0.0,0.0,
2026-04-21T23:46:01,04/21/202611:46,20.68,0.0,0.0,51.67,0.0,0.0,0.0,0.7,13.0,198.7,23796.0,45017.0,19.7,15.4,88.5,30.0,9.07,171.0,0.0,0.0,
2026-04-21T23:47:01,04/21/202611:47,20.68,0.0,0.0,51.67,0.0,0.0,0.0,0.7,13.0,198.7,23796.0,45017.0,19.7,15.41,88.6,30.0,9.108,171.2,0.0,0.0,
2026-04-21T23:48:00,04/21/202611:48,20.68,0.0,0.0,51.67,0.0,0.0,0.0,0.7,13.0,198.7,23796.0,45017.0,19.7,15.419999999999998,88.7,30.0,9.146,171.4,0.0,0.0,
2026-04-21T23:50:10,04/21/202611:50,20.68,0.0,0.0,51.67,0.0,0.0,0.0,0.7,13.0,198.7,23796.0,45017.0,19.7,15.430000000000001,88.8,30.0,9.184000000000001,171.6,0.0,0.0,
2026-04-21T23:51:00,04/21/202611:51,20.69,0.0,0.0,51.67,0.0,0.0,0.0,0.7,13.0,198.7,23796.0,45017.0,19.7,15.440000000000001,88.9,30.0,9.222,171.8,0.0,0.0,
2026-04-21T23:52:00,04/21/202611:52,20.7,0.0,0.0,51.660000000000004,0.0,0.0,0.0,0.7,13.0,198.7,23796.0,45017.0,19.7,15.45,89.0,30.0,9.26,172.0,0.0,0.0,
2026-04-21T23:52:42,04/21/202611:52,20.69,0.0,0.0,51.67,0.0,0.0,0.0,0.7,13.0,198.7,23796.0,45017.0,19.7,15.459999999999999,89.0,30.0,9.297999999999998,172.2,0.0,0.0,
2026-04-21T23:53:00,04/21/202611:53,20.68,0.0,0.0,51.68000000000001,0.0,0.0,0.0,0.7,13.0,198.7,23796.0,45017.0,19.7,15.469999999999999,89.0,30.0,9.336,172.4,0.0,0.0,
2026-04-21T23:53:43,04/21/202611:53,20.68,0.0,0.0,51.69,0.0,0.0,0.0,0.7,13.0,198.7,23796.0,45017.0,19.7,15.48,89.0,30.0,9.373999999999999,172.6,0.0,0.0,
2026-04-21T23:54:00,04/21/202611:54,20.68,0.0,0.0,51.69,0.0,0.0,0.0,0.7,13.0,198.7,23796.0,45017.0,19.7,15.49,89.0,30.0,9.411999999999999,172.8,0.0,0.0,
2026-04-21T23:55:00,04/21/202611:55,20.68,0.0,0.0,51.69,0.0,0.0,0.0,0.7,13.0,198.7,23796.0,45017.0,19.7,15.5,89.0,30.0,9.45,173.0,0.0,0.0,
2026-04-21T23:56:00,04/21/202611:56,20.68,0.0,0.0,51.69,0.0,0.0,0.0,0.7,13.0,198.7,23796.0,45017.0,19.7,15.5,89.0,30.0,9.45,173.0,0.0,0.0,
2026-04-21T23:57:00,04/21/202611:57,20.68,0.0,0.0,51.68000000000001,0.0,0.0,0.0,0.7,13.0,198.7,23796.0,45017.0,19.7,15.5,89.0,30.0,9.45,173.0,0.0,0.0,
2026-04-21T23:58:00,04/21/202611:58,20.68,0.0,0.0,51.68000000000001,0.0,0.0,0.0,0.7,13.0,198.7,23796.0,45017.0,19.7,15.5,89.0,30.0,9.45,173.0,0.0,0.0,
2026-04-21T23:59:00,04/21/202611:59,20.68,0.0,0.0,51.67,0.0,0.0,0.0,0.7,13.0,198.7,23796.0,45017.0,19.7,15.5,89.0,30.0,9.45,173.0,0.0,0.0,
