timestamp,HMI_Timestamp,PV_Voltage_V,PV_Current_A,PV_Power_W,Battery_Voltage_V,Battery_Current_A,Battery_Power_W,Avg_Power_to_Battery_W,Daily_Energy_kWh,Daily_Charge_Ah,History_Max_Input_Voltage_V,Lifetime_Energy_Gen_kWh,Lifetime_Charge_Ah,Battery_Temp_C,Air_Temp_C,Humidity_pct,Air_Pressure_inHg,Wind_Speed_ms,Wind_Direction_deg,Solar_Irradiance_Wm2,UV_Index,Est_Efficiency
2026-04-20T00:00:00,04/20/202600:00,20.47,0.0,0.0,51.67,0.0,0.0,0.0,0.7,13.0,198.7,23782.0,44991.0,20.4,12.7,51.0,30.18,6.769999999999999,188.0,0.0,0.0,
2026-04-20T00:01:01,04/20/202600:01,20.48,0.0,0.0,51.68000000000001,0.0,0.0,0.0,0.0,0.0,198.7,23789.0,45004.0,20.4,12.7,51.0,30.18,6.8759999999999994,187.7,0.0,0.0,
2026-04-20T00:01:42,04/20/202600:01,20.47,0.0,0.0,51.69,0.0,0.0,0.0,0.0,0.0,198.7,23789.0,45004.0,20.4,12.7,51.0,30.18,6.981999999999999,187.4,0.0,0.0,
2026-04-20T00:02:00,04/20/202600:02,20.46,0.0,0.0,51.7,0.0,0.0,0.0,0.0,0.0,198.7,23789.0,45004.0,20.4,12.7,51.0,30.18,7.087999999999999,187.1,0.0,0.0,
2026-04-20T00:02:42,04/20/202600:02,20.46,0.0,0.0,51.69,0.0,0.0,0.0,0.0,0.0,198.7,23789.0,45004.0,20.4,12.7,51.0,30.18,7.194,186.8,0.0,0.0,
2026-04-20T00:04:13,04/20/202600:04,20.46,0.0,0.0,51.7,0.0,0.0,0.0,0.0,0.0,198.7,23789.0,45004.0,20.4,12.7,51.0,30.18,7.3,186.5,0.0,0.0,
2026-04-20T00:05:00,04/20/202600:05,20.46,0.0,0.0,51.7,0.0,0.0,0.0,0.0,0.0,198.7,23789.0,45004.0,20.4,12.7,51.0,30.18,7.406000000000001,186.2,0.0,0.0,
2026-04-20T00:06:00,04/20/202600:06,20.47,0.0,0.0,51.7,0.0,0.0,0.0,0.0,0.0,198.7,23789.0,45004.0,20.4,12.7,51.0,30.18,7.5120000000000005,185.9,0.0,0.0,
2026-04-20T00:07:00,04/20/202600:07,20.48,0.0,0.0,51.7,0.0,0.0,0.0,0.0,0.0,198.7,23789.0,45004.0,20.4,12.7,51.0,30.18,7.618,185.6,0.0,0.0,
2026-04-20T00:08:00,04/20/202600:08,20.48,0.0,0.0,51.7,0.0,0.0,0.0,0.0,0.0,198.7,23789.0,45004.0,20.4,12.7,51.0,30.18,7.723999999999999,185.3,0.0,0.0,
2026-04-20T00:09:00,04/20/202600:09,20.48,0.0,0.0,51.7,0.0,0.0,0.0,0.0,0.0,198.7,23789.0,45004.0,20.4,12.7,51.0,30.18,7.83,185.0,0.0,0.0,
2026-04-20T00:10:00,04/20/202600:10,20.48,0.0,0.0,51.69,0.0,0.0,0.0,0.0,0.0,198.7,23789.0,45004.0,20.4,12.7,51.0,30.18,7.83,185.0,0.0,0.0,
2026-04-20T00:11:00,04/20/202600:11,20.490000000000002,0.0,0.0,51.69,0.0,0.0,0.0,0.0,0.0,198.7,23789.0,45004.0,20.4,12.7,51.0,30.18,7.83,185.0,0.0,0.0,
2026-04-20T00:12:00,04/20/202600:12,20.5,0.0,0.0,51.69,0.0,0.0,0.0,0.0,0.0,198.7,23789.0,45004.0,20.4,12.7,51.0,30.18,7.83,185.0,0.0,0.0,
2026-04-20T00:13:00,04/20/202600:13,20.5,0.0,0.0,51.69,0.0,0.0,0.0,0.0,0.0,198.7,23789.0,45004.0,20.4,12.7,51.0,30.18,7.83,185.0,0.0,0.0,
2026-04-20T00:15:25,04/20/202600:15,20.5,0.0,0.0,51.69,0.0,0.0,0.0,0.0,0.0,198.7,23789.0,45004.0,20.4,12.7,51.0,30.18,7.83,185.0,0.0,0.0,
2026-04-20T00:16:00,04/20/202600:16,20.5,0.0,0.0,51.69,0.0,0.0,0.0,0.0,0.0,198.7,23789.0,45004.0,20.4,12.68,51.1,30.177,7.773999999999999,185.4,0.0,0.0,
2026-04-20T00:17:01,04/20/202600:17,20.5,0.0,0.0,51.68000000000001,0.0,0.0,0.0,0.0,0.0,198.7,23789.0,45004.0,20.4,12.66,51.2,30.174,7.718000000000001,185.8,0.0,0.0,
2026-04-20T00:18:00,04/20/202600:18,20.5,0.0,0.0,51.68000000000001,0.0,0.0,0.0,0.0,0.0,198.7,23789.0,45004.0,20.4,12.639999999999999,51.3,30.171,7.662000000000001,186.2,0.0,0.0,
2026-04-20T00:19:01,04/20/202600:19,20.5,0.0,0.0,51.68000000000001,0.0,0.0,0.0,0.0,0.0,198.7,23789.0,45004.0,20.4,12.62,51.4,30.168,7.606,186.6,0.0,0.0,
2026-04-20T00:20:01,04/20/202600:20,20.5,0.0,0.0,51.68000000000001,0.0,0.0,0.0,0.0,0.0,198.7,23789.0,45004.0,20.4,12.6,51.5,30.165,7.55,187.0,0.0,0.0,
2026-04-20T00:21:01,04/20/202600:21,20.5,0.0,0.0,51.67,0.0,0.0,0.0,0.0,0.0,198.7,23789.0,45004.0,20.4,12.58,51.6,30.162,7.494,187.4,0.0,0.0,
2026-04-20T00:22:01,04/20/202600:22,20.5,0.0,0.0,51.67,0.0,0.0,0.0,0.0,0.0,198.7,23789.0,45004.0,20.4,12.559999999999999,51.7,30.159,7.438,187.8,0.0,0.0,
2026-04-20T00:23:01,04/20/202600:23,20.5,0.0,0.0,51.67,0.0,0.0,0.0,0.0,0.0,198.7,23789.0,45004.0,20.4,12.540000000000001,51.8,30.156,7.382,188.2,0.0,0.0,
2026-04-20T00:24:01,04/20/202600:24,20.5,0.0,0.0,51.68000000000001,0.0,0.0,0.0,0.0,0.0,198.7,23789.0,45004.0,20.4,12.52,51.9,30.153,7.325999999999999,188.6,0.0,0.0,
2026-04-20T00:25:00,04/20/202600:25,20.5,0.0,0.0,51.68000000000001,0.0,0.0,0.0,0.0,0.0,198.7,23789.0,45004.0,20.4,12.5,52.0,30.15,7.269999999999999,189.0,0.0,0.0,
2026-04-20T02:16:40,04/20/202602:16,20.490000000000002,0.0,0.0,51.67,0.0,0.0,0.0,0.0,0.0,198.7,23789.0,45004.0,20.3,12.32,52.9,30.15,7.189,189.5,0.0,0.0,
2026-04-20T02:17:00,04/20/202602:17,20.48,0.0,0.0,51.67,0.0,0.0,0.0,0.0,0.0,198.7,23789.0,45004.0,20.3,12.14,53.8,30.15,7.108,190.0,0.0,0.0,
2026-04-20T02:18:01,04/20/202602:18,20.47,0.0,0.0,51.65,0.0,0.0,0.0,0.0,0.0,198.7,23789.0,45004.0,20.3,11.959999999999999,54.7,30.15,7.026999999999999,190.5,0.0,0.0,
2026-04-20T02:19:00,04/20/202602:19,20.46,0.0,0.0,51.64,0.0,0.0,0.0,0.0,0.0,198.7,23789.0,45004.0,20.3,11.78,55.6,30.15,6.946,191.0,0.0,0.0,
2026-04-20T02:20:01,04/20/202602:20,20.45,0.0,0.0,51.620000000000005,0.0,0.0,0.0,0.0,0.0,198.7,23789.0,45004.0,20.3,11.6,56.5,30.15,6.864999999999999,191.5,0.0,0.0,
2026-04-20T02:21:01,04/20/202602:21,20.439999999999998,0.0,0.0,51.61,0.0,0.0,0.0,0.0,0.0,198.7,23789.0,45004.0,20.3,11.419999999999998,57.4,30.15,6.784000000000001,192.0,0.0,0.0,
2026-04-20T02:22:01,04/20/202602:22,20.43,0.0,0.0,51.589999999999996,0.0,0.0,0.0,0.0,0.0,198.7,23789.0,45004.0,20.3,11.239999999999998,58.3,30.15,6.703,192.5,0.0,0.0,
2026-04-20T02:23:01,04/20/202602:23,20.419999999999998,0.0,0.0,51.58,0.0,0.0,0.0,0.0,0.0,198.7,23789.0,45004.0,20.3,11.069999999999999,59.2,30.15,6.622,193.0,0.0,0.0,
2026-04-20T02:24:01,04/20/202602:24,20.41,0.0,0.0,51.57000000000001,0.0,0.0,0.0,0.0,0.0,198.7,23789.0,45004.0,20.4,10.9,60.1,30.15,6.5409999999999995,193.5,0.0,0.0,
2026-04-20T02:25:01,04/20/202602:25,20.4,0.0,0.0,51.56,0.0,0.0,0.0,0.0,0.0,198.7,23789.0,45004.0,20.3,10.73,61.0,30.15,6.454000000000001,193.8,0.0,0.0,
2026-04-20T02:26:00,04/20/202602:26,20.4,0.0,0.0,51.56,0.0,0.0,0.0,0.0,0.0,198.7,23789.0,45004.0,20.3,10.74,61.0,30.15,6.448,193.6,0.0,0.0,
2026-04-20T02:27:50,04/20/202602:27,20.4,0.0,0.0,51.55,0.0,0.0,0.0,0.0,0.0,198.7,23789.0,45004.0,20.3,10.75,61.0,30.15,6.442,193.4,0.0,0.0,
2026-04-20T02:28:01,04/20/202602:28,20.4,0.0,0.0,51.55,0.0,0.0,0.0,0.0,0.0,198.7,23789.0,45004.0,20.3,10.76,61.0,30.15,6.436,193.2,0.0,0.0,
2026-04-20T02:29:00,04/20/202602:29,20.4,0.0,0.0,51.55,0.0,0.0,0.0,0.0,0.0,198.7,23789.0,45004.0,20.3,10.77,61.0,30.15,6.43,193.0,0.0,0.0,
2026-04-20T02:30:00,04/20/202602:30,20.4,0.0,0.0,51.55,0.0,0.0,0.0,0.0,0.0,198.7,23789.0,45004.0,20.3,10.780000000000001,61.0,30.15,6.424000000000001,192.8,0.0,0.0,
2026-04-20T02:31:00,04/20/202602:31,20.4,0.0,0.0,51.55,0.0,0.0,0.0,0.0,0.0,198.7,23789.0,45004.0,20.4,10.790000000000001,61.0,30.15,6.418000000000001,192.6,0.0,0.0,
2026-04-20T02:32:00,04/20/202602:32,20.4,0.0,0.0,51.56,0.0,0.0,0.0,0.0,0.0,198.7,23789.0,45004.0,20.3,10.760000000000002,61.0,30.15,6.319000000000001,192.1,0.0,0.0,
2026-04-20T02:33:00,04/20/202602:33,20.4,0.0,0.0,51.56,0.0,0.0,0.0,0.0,0.0,198.7,23789.0,45004.0,20.3,10.72,61.0,30.15,6.220000000000001,191.6,0.0,0.0,
2026-04-20T02:34:00,04/20/202602:34,20.4,0.0,0.0,51.56,0.0,0.0,0.0,0.0,0.0,198.7,23789.0,45004.0,20.3,10.680000000000001,61.0,30.15,6.121,191.1,0.0,0.0,
2026-04-20T02:35:00,04/20/202602:35,20.4,0.0,0.0,51.55,0.0,0.0,0.0,0.0,0.0,198.7,23789.0,45004.0,20.3,10.64,61.0,30.15,6.0280000000000005,190.8,0.0,0.0,
2026-04-20T02:36:00,04/20/202602:36,20.4,0.0,0.0,51.55,0.0,0.0,0.0,0.0,0.0,198.7,23789.0,45004.0,20.3,10.6,61.0,30.15,5.9350000000000005,190.5,0.0,0.0,
2026-04-20T02:37:00,04/20/202602:37,20.4,0.0,0.0,51.55,0.0,0.0,0.0,0.0,0.0,198.7,23789.0,45004.0,20.3,10.56,61.0,30.15,5.8420000000000005,190.2,0.0,0.0,
2026-04-20T02:39:02,04/20/202602:39,20.4,0.0,0.0,51.56,0.0,0.0,0.0,0.0,0.0,198.7,23789.0,45004.0,20.3,10.52,61.0,30.15,5.7490000000000006,189.9,0.0,0.0,
2026-04-20T02:40:00,04/20/202602:40,20.4,0.0,0.0,51.55,0.0,0.0,0.0,0.0,0.0,198.7,23789.0,45004.0,20.3,10.48,61.0,30.15,5.656000000000001,189.6,0.0,0.0,
2026-04-20T02:41:07,04/20/202602:41,20.4,0.0,0.0,51.56,0.0,0.0,0.0,0.0,0.0,198.7,23789.0,45004.0,20.3,10.440000000000001,61.0,30.15,5.563,189.3,0.0,0.0,
2026-04-20T02:42:00,04/20/202602:42,20.4,0.0,0.0,51.57000000000001,0.0,0.0,0.0,0.0,0.0,198.7,23789.0,45004.0,20.3,10.4,61.0,30.15,5.47,189.0,0.0,0.0,
2026-04-20T02:43:00,04/20/202602:43,20.4,0.0,0.0,51.57000000000001,0.0,0.0,0.0,0.0,0.0,198.7,23789.0,45004.0,20.3,10.4,61.0,30.15,5.47,189.0,0.0,0.0,
2026-04-20T02:44:01,04/20/202602:44,20.4,0.0,0.0,51.57000000000001,0.0,0.0,0.0,0.0,0.0,198.7,23789.0,45004.0,20.3,10.4,61.0,30.15,5.47,189.0,0.0,0.0,
2026-04-20T02:45:00,04/20/202602:45,20.4,0.0,0.0,51.56,0.0,0.0,0.0,0.0,0.0,198.7,23789.0,45004.0,20.3,10.4,61.0,30.15,5.47,189.0,0.0,0.0,
2026-04-20T02:46:01,04/20/202602:46,20.4,0.0,0.0,51.56,0.0,0.0,0.0,0.0,0.0,198.7,23789.0,45004.0,20.3,10.4,61.0,30.15,5.47,189.0,0.0,0.0,
2026-04-20T02:47:00,04/20/202602:47,20.4,0.0,0.0,51.56,0.0,0.0,0.0,0.0,0.0,198.7,23789.0,45004.0,20.3,10.360000000000001,61.1,30.15,5.395,188.9,0.0,0.0,
2026-04-20T02:48:01,04/20/202602:48,20.4,0.0,0.0,51.57000000000001,0.0,0.0,0.0,0.0,0.0,198.7,23789.0,45004.0,20.3,10.32,61.2,30.15,5.319999999999999,188.8,0.0,0.0,
2026-04-20T02:50:13,04/20/202602:50,20.4,0.0,0.0,51.56,0.0,0.0,0.0,0.0,0.0,198.7,23789.0,45004.0,20.3,10.28,61.3,30.15,5.244999999999999,188.7,0.0,0.0,
2026-04-20T02:51:00,04/20/202602:51,20.4,0.0,0.0,51.56,0.0,0.0,0.0,0.0,0.0,198.7,23789.0,45004.0,20.3,10.24,61.4,30.15,5.17,188.6,0.0,0.0,
2026-04-20T02:52:01,04/20/202602:52,20.4,0.0,0.0,51.56,0.0,0.0,0.0,0.0,0.0,198.7,23789.0,45004.0,20.3,10.2,61.5,30.15,5.095,188.5,0.0,0.0,
2026-04-20T02:53:01,04/20/202602:53,20.4,0.0,0.0,51.56,0.0,0.0,0.0,0.0,0.0,198.7,23789.0,45004.0,20.3,10.16,61.6,30.15,5.02,188.4,0.0,0.0,
2026-04-20T02:54:01,04/20/202602:54,20.4,0.0,0.0,51.55,0.0,0.0,0.0,0.0,0.0,198.7,23789.0,45004.0,20.4,10.120000000000001,61.7,30.15,4.944999999999999,188.3,0.0,0.0,
2026-04-20T02:54:22,04/20/202602:54,20.389999999999997,0.0,0.0,51.55,0.0,0.0,0.0,0.0,0.0,198.7,23789.0,45004.0,20.3,10.08,61.8,30.15,4.869999999999999,188.2,0.0,0.0,
2026-04-20T02:55:01,04/20/202602:55,20.38,0.0,0.0,51.56,0.0,0.0,0.0,0.0,0.0,198.7,23789.0,45004.0,20.3,10.040000000000001,61.9,30.15,4.795,188.1,0.0,0.0,
2026-04-20T02:55:23,04/20/202602:55,20.38,0.0,0.0,51.56,0.0,0.0,0.0,0.0,0.0,198.7,23789.0,45004.0,20.3,10.0,62.0,30.15,4.72,188.0,0.0,0.0,
2026-04-20T02:56:00,04/20/202602:56,20.38,0.0,0.0,51.55,0.0,0.0,0.0,0.0,0.0,198.7,23789.0,45004.0,20.3,10.0,62.0,30.15,4.72,188.0,0.0,0.0,
2026-04-20T02:57:01,04/20/202602:57,20.38,0.0,0.0,51.55,0.0,0.0,0.0,0.0,0.0,198.7,23789.0,45004.0,20.3,10.0,62.0,30.15,4.72,188.0,0.0,0.0,
2026-04-20T02:58:00,04/20/202602:58,20.38,0.0,0.0,51.55,0.0,0.0,0.0,0.0,0.0,198.7,23789.0,45004.0,20.3,10.0,62.0,30.15,4.72,188.0,0.0,0.0,
2026-04-20T02:59:20,04/20/202602:59,20.38,0.0,0.0,51.55,0.0,0.0,0.0,0.0,0.0,198.7,23789.0,45004.0,20.3,10.0,62.0,30.15,4.72,188.0,0.0,0.0,
2026-04-20T03:00:00,04/20/202603:00,20.38,0.0,0.0,51.54,0.0,0.0,0.0,0.0,0.0,198.7,23789.0,45004.0,20.3,10.0,62.0,30.15,4.72,188.0,0.0,0.0,
2026-04-20T03:01:24,04/20/202603:01,20.38,0.0,0.0,51.529999999999994,0.0,0.0,0.0,0.0,0.0,198.7,23789.0,45004.0,20.3,9.98,62.0,30.15,4.819999999999999,188.3,0.0,0.0,
2026-04-20T03:02:00,04/20/202603:02,20.38,0.0,0.0,51.529999999999994,0.0,0.0,0.0,0.0,0.0,198.7,23789.0,45004.0,20.3,9.959999999999999,62.0,30.15,4.92,188.6,0.0,0.0,
2026-04-20T03:03:00,04/20/202603:03,20.389999999999997,0.0,0.0,51.529999999999994,0.0,0.0,0.0,0.0,0.0,198.7,23789.0,45004.0,20.3,9.940000000000001,62.3,30.15,5.02,188.9,0.0,0.0,
2026-04-20T03:04:00,04/20/202603:04,20.4,0.0,0.0,51.52,0.0,0.0,0.0,0.0,0.0,198.7,23789.0,45004.0,20.3,9.92,62.6,30.15,5.119999999999999,189.2,0.0,0.0,
2026-04-20T03:05:00,04/20/202603:05,20.4,0.0,0.0,51.529999999999994,0.0,0.0,0.0,0.0,0.0,198.7,23789.0,45004.0,20.3,9.9,62.9,30.15,5.22,189.5,0.0,0.0,
2026-04-20T03:06:00,04/20/202603:06,20.4,0.0,0.0,51.529999999999994,0.0,0.0,0.0,0.0,0.0,198.7,23789.0,45004.0,20.3,9.88,63.2,30.15,5.319999999999999,189.8,0.0,0.0,
2026-04-20T03:07:00,04/20/202603:07,20.4,0.0,0.0,51.529999999999994,0.0,0.0,0.0,0.0,0.0,198.7,23789.0,45004.0,20.3,9.860000000000001,63.5,30.15,5.42,190.1,0.0,0.0,
2026-04-20T03:08:00,04/20/202603:08,20.4,0.0,0.0,51.529999999999994,0.0,0.0,0.0,0.0,0.0,198.7,23789.0,45004.0,20.3,9.84,63.8,30.15,5.52,190.4,0.0,0.0,
2026-04-20T03:09:00,04/20/202603:09,20.4,0.0,0.0,51.529999999999994,0.0,0.0,0.0,0.0,0.0,198.7,23789.0,45004.0,20.3,9.82,64.1,30.15,5.619999999999999,190.7,0.0,0.0,
2026-04-20T03:10:00,04/20/202603:10,20.4,0.0,0.0,51.54,0.0,0.0,0.0,0.0,0.0,198.7,23789.0,45004.0,20.3,9.8,64.4,30.15,5.72,191.0,0.0,0.0,
2026-04-20T03:11:00,04/20/202603:11,20.4,0.0,0.0,51.55,0.0,0.0,0.0,0.0,0.0,198.7,23789.0,45004.0,20.3,9.8,64.7,30.15,5.72,191.0,0.0,0.0,
2026-04-20T03:12:35,04/20/202603:12,20.4,0.0,0.0,51.56,0.0,0.0,0.0,0.0,0.0,198.7,23789.0,45004.0,20.3,9.8,65.0,30.15,5.72,191.0,0.0,0.0,
2026-04-20T03:13:00,04/20/202603:13,20.4,0.0,0.0,51.56,0.0,0.0,0.0,0.0,0.0,198.7,23789.0,45004.0,20.3,9.8,65.0,30.15,5.72,191.0,0.0,0.0,
2026-04-20T03:14:00,04/20/202603:14,20.4,0.0,0.0,51.56,0.0,0.0,0.0,0.0,0.0,198.7,23789.0,45004.0,20.3,9.8,65.0,30.15,5.72,191.0,0.0,0.0,
2026-04-20T03:15:01,04/20/202603:15,20.4,0.0,0.0,51.54,0.0,0.0,0.0,0.0,0.0,198.7,23789.0,45004.0,20.3,9.8,65.0,30.15,5.72,191.0,0.0,0.0,
2026-04-20T03:16:00,04/20/202603:16,20.4,0.0,0.0,51.54,0.0,0.0,0.0,0.0,0.0,198.7,23789.0,45004.0,20.3,9.8,65.0,30.15,5.72,191.0,0.0,0.0,
2026-04-20T03:17:00,04/20/202603:17,20.4,0.0,0.0,51.529999999999994,0.0,0.0,0.0,0.0,0.0,198.7,23789.0,45004.0,20.3,9.790000000000001,65.1,30.15,5.707,190.4,0.0,0.0,
2026-04-20T03:18:00,04/20/202603:18,20.4,0.0,0.0,51.529999999999994,0.0,0.0,0.0,0.0,0.0,198.7,23789.0,45004.0,20.3,9.780000000000001,65.2,30.15,5.694,189.8,0.0,0.0,
2026-04-20T03:19:17,04/20/202603:19,20.4,0.0,0.0,51.529999999999994,0.0,0.0,0.0,0.0,0.0,198.7,23789.0,45004.0,20.3,9.77,65.3,30.15,5.680999999999999,189.2,0.0,0.0,
2026-04-20T03:20:00,04/20/202603:20,20.4,0.0,0.0,51.52,0.0,0.0,0.0,0.0,0.0,198.7,23789.0,45004.0,20.3,9.76,65.4,30.15,5.668,188.6,0.0,0.0,
2026-04-20T03:21:00,04/20/202603:21,20.4,0.0,0.0,51.52,0.0,0.0,0.0,0.0,0.0,198.7,23789.0,45004.0,20.3,9.75,65.5,30.15,5.654999999999999,188.0,0.0,0.0,
2026-04-20T03:22:00,04/20/202603:22,20.4,0.0,0.0,51.510000000000005,0.0,0.0,0.0,0.0,0.0,198.7,23789.0,45004.0,20.3,9.74,65.6,30.15,5.642,187.4,0.0,0.0,
2026-04-20T03:23:47,04/20/202603:23,20.4,0.0,0.0,51.5,0.0,0.0,0.0,0.0,0.0,198.7,23789.0,45004.0,20.3,9.73,65.7,30.15,5.629,186.8,0.0,0.0,
2026-04-20T03:24:01,04/20/202603:24,20.4,0.0,0.0,51.5,0.0,0.0,0.0,0.0,0.0,198.7,23789.0,45004.0,20.3,9.719999999999999,65.8,30.15,5.616,186.2,0.0,0.0,
2026-04-20T03:25:00,04/20/202603:25,20.4,0.0,0.0,51.510000000000005,0.0,0.0,0.0,0.0,0.0,198.7,23789.0,45004.0,20.3,9.709999999999999,65.9,30.15,5.603,185.6,0.0,0.0,
2026-04-20T03:26:01,04/20/202603:26,20.4,0.0,0.0,51.510000000000005,0.0,0.0,0.0,0.0,0.0,198.7,23789.0,45004.0,20.3,9.7,66.0,30.15,5.59,185.0,0.0,0.0,
2026-04-20T03:27:00,04/20/202603:27,20.4,0.0,0.0,51.510000000000005,0.0,0.0,0.0,0.0,0.0,198.7,23789.0,45004.0,20.3,9.7,66.0,30.15,5.59,185.0,0.0,0.0,
2026-04-20T03:28:00,04/20/202603:28,20.4,0.0,0.0,51.510000000000005,0.0,0.0,0.0,0.0,0.0,198.7,23789.0,45004.0,20.3,9.7,66.0,30.15,5.59,185.0,0.0,0.0,
2026-04-20T03:29:00,04/20/202603:29,20.4,0.0,0.0,51.510000000000005,0.0,0.0,0.0,0.0,0.0,198.7,23789.0,45004.0,20.3,9.7,66.0,30.15,5.59,185.0,0.0,0.0,
2026-04-20T03:29:01,04/20/202603:29,20.389999999999997,0.0,0.0,51.510000000000005,0.0,0.0,0.0,0.0,0.0,198.7,23789.0,45004.0,20.2,9.7,66.0,30.15,5.59,185.0,0.0,0.0,
2026-04-20T03:30:00,04/20/202603:30,20.38,0.0,0.0,51.5,0.0,0.0,0.0,0.0,0.0,198.7,23789.0,45004.0,20.2,9.7,66.0,30.15,5.59,185.0,0.0,0.0,
2026-04-20T03:30:02,04/20/202603:30,20.38,0.0,0.0,51.5,0.0,0.0,0.0,0.0,0.0,198.7,23789.0,45004.0,20.2,9.7,66.0,30.15,5.59,185.0,0.0,0.0,
2026-04-20T03:31:00,04/20/202603:31,20.38,0.0,0.0,51.5,0.0,0.0,0.0,0.0,0.0,198.7,23789.0,45004.0,20.2,9.7,66.0,30.15,5.59,185.0,0.0,0.0,
2026-04-20T03:32:44,04/20/202603:32,20.38,0.0,0.0,51.5,0.0,0.0,0.0,0.0,0.0,198.7,23789.0,45004.0,20.2,9.68,66.1,30.15,5.503,184.8,0.0,0.0,
2026-04-20T03:33:01,04/20/202603:33,20.38,0.0,0.0,51.5,0.0,0.0,0.0,0.0,0.0,198.7,23789.0,45004.0,20.2,9.66,66.2,30.15,5.4159999999999995,184.6,0.0,0.0,
2026-04-20T03:34:59,04/20/202603:34,20.38,0.0,0.0,51.5,0.0,0.0,0.0,0.0,0.0,198.7,23789.0,45004.0,20.2,9.639999999999999,66.2,30.15,5.329,184.4,0.0,0.0,
2026-04-20T03:35:01,04/20/202603:35,20.38,0.0,0.0,51.5,0.0,0.0,0.0,0.0,0.0,198.7,23789.0,45004.0,20.2,9.62,66.2,30.15,5.242,184.2,0.0,0.0,
2026-04-20T03:36:00,04/20/202603:36,20.38,0.0,0.0,51.5,0.0,0.0,0.0,0.0,0.0,198.7,23789.0,45004.0,20.3,9.6,66.2,30.15,5.154999999999999,184.0,0.0,0.0,
2026-04-20T03:37:01,04/20/202603:37,20.38,0.0,0.0,51.5,0.0,0.0,0.0,0.0,0.0,198.7,23789.0,45004.0,20.3,9.58,66.2,30.15,5.068,183.8,0.0,0.0,
2026-04-20T03:38:00,04/20/202603:38,20.389999999999997,0.0,0.0,51.5,0.0,0.0,0.0,0.0,0.0,198.7,23789.0,45004.0,20.3,9.559999999999999,66.2,30.15,4.981,183.6,0.0,0.0,
2026-04-20T03:39:00,04/20/202603:39,20.4,0.0,0.0,51.5,0.0,0.0,0.0,0.0,0.0,198.7,23789.0,45004.0,20.2,9.540000000000001,66.2,30.15,4.894,183.4,0.0,0.0,
2026-04-20T03:40:01,04/20/202603:40,20.4,0.0,0.0,51.5,0.0,0.0,0.0,0.0,0.0,198.7,23789.0,45004.0,20.2,9.52,66.2,30.15,4.807,183.2,0.0,0.0,
2026-04-20T03:41:00,04/20/202603:41,20.4,0.0,0.0,51.5,0.0,0.0,0.0,0.0,0.0,198.7,23789.0,45004.0,20.2,9.5,66.2,30.15,4.72,183.0,0.0,0.0,
2026-04-20T03:42:01,04/20/202603:42,20.4,0.0,0.0,51.5,0.0,0.0,0.0,0.0,0.0,198.7,23789.0,45004.0,20.2,9.5,66.1,30.15,4.72,183.0,0.0,0.0,
2026-04-20T03:43:00,04/20/202603:43,20.4,0.0,0.0,51.5,0.0,0.0,0.0,0.0,0.0,198.7,23789.0,45004.0,20.2,9.5,66.0,30.15,4.72,183.0,0.0,0.0,
2026-04-20T03:43:45,04/20/202603:43,20.389999999999997,0.0,0.0,51.5,0.0,0.0,0.0,0.0,0.0,198.7,23789.0,45004.0,20.2,9.5,66.0,30.15,4.72,183.0,0.0,0.0,
2026-04-20T03:44:01,04/20/202603:44,20.38,0.0,0.0,51.5,0.0,0.0,0.0,0.0,0.0,198.7,23789.0,45004.0,20.2,9.5,66.0,30.15,4.72,183.0,0.0,0.0,
2026-04-20T03:44:07,04/20/202603:44,20.38,0.0,0.0,51.5,0.0,0.0,0.0,0.0,0.0,198.7,23789.0,45004.0,20.3,9.5,66.0,30.15,4.72,183.0,0.0,0.0,
2026-04-20T03:46:10,04/20/202603:46,20.38,0.0,0.0,51.5,0.0,0.0,0.0,0.0,0.0,198.7,23789.0,45004.0,20.2,9.47,66.0,30.15,4.739,182.7,0.0,0.0,
2026-04-20T03:47:00,04/20/202603:47,20.38,0.0,0.0,51.5,0.0,0.0,0.0,0.0,0.0,198.7,23789.0,45004.0,20.2,9.440000000000001,66.0,30.15,4.758,182.4,0.0,0.0,
2026-04-20T03:48:01,04/20/202603:48,20.38,0.0,0.0,51.5,0.0,0.0,0.0,0.0,0.0,198.7,23789.0,45004.0,20.2,9.41,66.0,30.15,4.776999999999999,182.1,0.0,0.0,
2026-04-20T03:49:01,04/20/202603:49,20.38,0.0,0.0,51.5,0.0,0.0,0.0,0.0,0.0,198.7,23789.0,45004.0,20.2,9.379999999999999,66.0,30.15,4.796,181.8,0.0,0.0,
2026-04-20T03:50:01,04/20/202603:50,20.38,0.0,0.0,51.5,0.0,0.0,0.0,0.0,0.0,198.7,23789.0,45004.0,20.2,9.35,66.0,30.15,4.8149999999999995,181.5,0.0,0.0,
2026-04-20T03:50:06,04/20/202603:50,20.369999999999997,0.0,0.0,51.5,0.0,0.0,0.0,0.0,0.0,198.7,23789.0,45004.0,20.3,9.319999999999999,66.0,30.15,4.8340000000000005,181.2,0.0,0.0,
2026-04-20T03:51:01,04/20/202603:51,20.36,0.0,0.0,51.5,0.0,0.0,0.0,0.0,0.0,198.7,23789.0,45004.0,20.3,9.29,66.0,30.15,4.853,180.9,0.0,0.0,
2026-04-20T03:51:07,04/20/202603:51,20.369999999999997,0.0,0.0,51.489999999999995,0.0,0.0,0.0,0.0,0.0,198.7,23789.0,45004.0,20.2,9.26,66.0,30.15,4.872,180.6,0.0,0.0,
2026-04-20T03:52:49,04/20/202603:52,20.38,0.0,0.0,51.489999999999995,0.0,0.0,0.0,0.0,0.0,198.7,23789.0,45004.0,20.3,9.23,66.0,30.15,4.891,180.3,0.0,0.0,
2026-04-20T03:53:01,04/20/202603:53,20.38,0.0,0.0,51.489999999999995,0.0,0.0,0.0,0.0,0.0,198.7,23789.0,45004.0,20.3,9.2,66.0,30.15,4.91,180.0,0.0,0.0,
2026-04-20T03:54:00,04/20/202603:54,20.38,0.0,0.0,51.489999999999995,0.0,0.0,0.0,0.0,0.0,198.7,23789.0,45004.0,20.3,9.2,66.0,30.15,4.91,180.0,0.0,0.0,
2026-04-20T03:54:49,04/20/202603:54,20.369999999999997,0.0,0.0,51.489999999999995,0.0,0.0,0.0,0.0,0.0,198.7,23789.0,45004.0,20.2,9.2,66.0,30.15,4.91,180.0,0.0,0.0,
2026-04-20T03:55:01,04/20/202603:55,20.36,0.0,0.0,51.489999999999995,0.0,0.0,0.0,0.0,0.0,198.7,23789.0,45004.0,20.2,9.2,66.0,30.15,4.91,180.0,0.0,0.0,
2026-04-20T03:55:48,04/20/202603:55,20.36,0.0,0.0,51.489999999999995,0.0,0.0,0.0,0.0,0.0,198.7,23789.0,45004.0,20.2,9.2,66.0,30.15,4.91,180.0,0.0,0.0,
2026-04-20T03:56:00,04/20/202603:56,20.36,0.0,0.0,51.489999999999995,0.0,0.0,0.0,0.0,0.0,198.7,23789.0,45004.0,20.2,9.2,66.0,30.15,4.91,180.0,0.0,0.0,
2026-04-20T03:57:21,04/20/202603:57,20.369999999999997,0.0,0.0,51.48,0.0,0.0,0.0,0.0,0.0,198.7,23789.0,45004.0,20.2,9.2,66.0,30.15,4.91,180.0,0.0,0.0,
2026-04-20T03:58:01,04/20/202603:58,20.38,0.0,0.0,51.48,0.0,0.0,0.0,0.0,0.0,198.7,23789.0,45004.0,20.2,9.2,66.0,30.15,4.91,180.0,0.0,0.0,
2026-04-20T03:59:01,04/20/202603:59,20.38,0.0,0.0,51.48,0.0,0.0,0.0,0.0,0.0,198.7,23789.0,45004.0,20.3,9.2,66.0,30.15,4.91,180.0,0.0,0.0,
2026-04-20T03:59:49,04/20/202603:59,20.369999999999997,0.0,0.0,51.48,0.0,0.0,0.0,0.0,0.0,198.7,23789.0,45004.0,20.2,9.2,66.0,30.15,4.91,180.0,0.0,0.0,
2026-04-20T04:00:01,04/20/202604:00,20.36,0.0,0.0,51.48,0.0,0.0,0.0,0.0,0.0,198.7,23789.0,45004.0,20.2,9.2,66.0,30.15,4.91,180.0,0.0,0.0,
2026-04-20T04:00:48,04/20/202604:00,20.36,0.0,0.0,51.470000000000006,0.0,0.0,0.0,0.0,0.0,198.7,23789.0,45004.0,20.2,9.19,66.1,30.15,5.003,180.7,0.0,0.0,
2026-04-20T04:01:01,04/20/202604:01,20.369999999999997,0.0,0.0,51.46,0.0,0.0,0.0,0.0,0.0,198.7,23789.0,45004.0,20.2,9.18,66.2,30.15,5.096,181.4,0.0,0.0,
2026-04-20T04:02:01,04/20/202604:02,20.38,0.0,0.0,51.46,0.0,0.0,0.0,0.0,0.0,198.7,23789.0,45004.0,20.2,9.169999999999998,66.3,30.15,5.189,182.1,0.0,0.0,
2026-04-20T04:03:01,04/20/202604:03,20.38,0.0,0.0,51.46,0.0,0.0,0.0,0.0,0.0,198.7,23789.0,45004.0,20.2,9.16,66.4,30.15,5.282,182.8,0.0,0.0,
2026-04-20T04:04:01,04/20/202604:04,20.38,0.0,0.0,51.46,0.0,0.0,0.0,0.0,0.0,198.7,23789.0,45004.0,20.2,9.15,66.5,30.15,5.375,183.5,0.0,0.0,
2026-04-20T04:04:49,04/20/202604:04,20.369999999999997,0.0,0.0,51.470000000000006,0.0,0.0,0.0,0.0,0.0,198.7,23789.0,45004.0,20.2,9.139999999999999,66.6,30.15,5.468,184.2,0.0,0.0,
2026-04-20T04:05:01,04/20/202604:05,20.36,0.0,0.0,51.470000000000006,0.0,0.0,0.0,0.0,0.0,198.7,23789.0,45004.0,20.2,9.129999999999999,66.7,30.15,5.561,184.9,0.0,0.0,
2026-04-20T04:05:49,04/20/202604:05,20.36,0.0,0.0,51.470000000000006,0.0,0.0,0.0,0.0,0.0,198.7,23789.0,45004.0,20.2,9.12,66.8,30.15,5.654,185.6,0.0,0.0,
2026-04-20T04:06:01,04/20/202604:06,20.369999999999997,0.0,0.0,51.46,0.0,0.0,0.0,0.0,0.0,198.7,23789.0,45004.0,20.2,9.11,66.9,30.15,5.747,186.3,0.0,0.0,
2026-04-20T04:07:01,04/20/202604:07,20.38,0.0,0.0,51.46,0.0,0.0,0.0,0.0,0.0,198.7,23789.0,45004.0,20.2,9.1,67.0,30.15,5.84,187.0,0.0,0.0,
2026-04-20T04:08:33,04/20/202604:08,20.38,0.0,0.0,51.470000000000006,0.0,0.0,0.0,0.0,0.0,198.7,23789.0,45004.0,20.2,9.1,67.0,30.15,5.84,187.0,0.0,0.0,
2026-04-20T04:09:00,04/20/202604:09,20.38,0.0,0.0,51.48,0.0,0.0,0.0,0.0,0.0,198.7,23789.0,45004.0,20.2,9.1,67.0,30.15,5.84,187.0,0.0,0.0,
2026-04-20T04:10:00,04/20/202604:10,20.38,0.0,0.0,51.470000000000006,0.0,0.0,0.0,0.0,0.0,198.7,23789.0,45004.0,20.2,9.1,67.0,30.15,5.84,187.0,0.0,0.0,
2026-04-20T04:10:10,04/20/202604:10,20.369999999999997,0.0,0.0,51.470000000000006,0.0,0.0,0.0,0.0,0.0,198.7,23789.0,45004.0,20.2,9.1,67.0,30.15,5.84,187.0,0.0,0.0,
2026-04-20T04:11:00,04/20/202604:11,20.36,0.0,0.0,51.470000000000006,0.0,0.0,0.0,0.0,0.0,198.7,23789.0,45004.0,20.2,9.1,67.0,30.15,5.84,187.0,0.0,0.0,
2026-04-20T04:12:01,04/20/202604:12,20.36,0.0,0.0,51.470000000000006,0.0,0.0,0.0,0.0,0.0,198.7,23789.0,45004.0,20.2,9.1,67.0,30.15,5.84,187.0,0.0,0.0,
2026-04-20T04:12:11,04/20/202604:12,20.369999999999997,0.0,0.0,51.470000000000006,0.0,0.0,0.0,0.0,0.0,198.7,23789.0,45004.0,20.2,9.1,67.0,30.15,5.84,187.0,0.0,0.0,
2026-04-20T04:13:53,04/20/202604:13,20.36,0.0,0.0,51.470000000000006,0.0,0.0,0.0,0.0,0.0,198.7,23789.0,45004.0,20.2,9.1,67.0,30.15,5.84,187.0,0.0,0.0,
2026-04-20T04:13:54,04/20/202604:13,20.36,0.0,0.0,51.48,0.0,0.0,0.0,0.0,0.0,198.7,23789.0,45004.0,20.2,9.1,67.0,30.15,5.84,187.0,0.0,0.0,
2026-04-20T04:14:01,04/20/202604:14,20.36,0.0,0.0,51.48,0.0,0.0,0.0,0.0,0.0,198.7,23789.0,45004.0,20.2,9.1,67.0,30.15,5.84,187.0,0.0,0.0,
2026-04-20T04:15:00,04/20/202604:15,20.36,0.0,0.0,51.48,0.0,0.0,0.0,0.0,0.0,198.7,23789.0,45004.0,20.2,9.1,67.0,30.15,5.84,187.0,0.0,0.0,
2026-04-20T04:16:51,04/20/202604:16,20.36,0.0,0.0,51.48,0.0,0.0,0.0,0.0,0.0,198.7,23789.0,45004.0,20.3,9.1,66.9,30.15,5.8839999999999995,186.9,0.0,0.0,
2026-04-20T04:17:00,04/20/202604:17,20.36,0.0,0.0,51.489999999999995,0.0,0.0,0.0,0.0,0.0,198.7,23789.0,45004.0,20.3,9.1,66.8,30.15,5.928,186.8,0.0,0.0,
2026-04-20T04:18:00,04/20/202604:18,20.369999999999997,0.0,0.0,51.489999999999995,0.0,0.0,0.0,0.0,0.0,198.7,23789.0,45004.0,20.2,9.1,66.7,30.15,5.9719999999999995,186.7,0.0,0.0,
2026-04-20T04:19:44,04/20/202604:19,20.38,0.0,0.0,51.489999999999995,0.0,0.0,0.0,0.0,0.0,198.7,23789.0,45004.0,20.2,9.1,66.6,30.15,6.016,186.6,0.0,0.0,
2026-04-20T04:20:01,04/20/202604:20,20.389999999999997,0.0,0.0,51.489999999999995,0.0,0.0,0.0,0.0,0.0,198.7,23789.0,45004.0,20.2,9.1,66.5,30.15,6.0600000000000005,186.5,0.0,0.0,
2026-04-20T04:21:01,04/20/202604:21,20.389999999999997,0.0,0.0,51.48,0.0,0.0,0.0,0.0,0.0,198.7,23789.0,45004.0,20.2,9.1,66.4,30.15,6.104,186.4,0.0,0.0,
2026-04-20T04:22:00,04/20/202604:22,20.4,0.0,0.0,51.489999999999995,0.0,0.0,0.0,0.0,0.0,198.7,23789.0,45004.0,20.2,9.1,66.3,30.15,6.148000000000001,186.3,0.0,0.0,
2026-04-20T04:23:01,04/20/202604:23,20.4,0.0,0.0,51.48,0.0,0.0,0.0,0.0,0.0,198.7,23789.0,45004.0,20.3,9.1,66.2,30.15,6.192,186.2,0.0,0.0,
2026-04-20T04:23:43,04/20/202604:23,20.389999999999997,0.0,0.0,51.48,0.0,0.0,0.0,0.0,0.0,198.7,23789.0,45004.0,20.2,9.1,66.1,30.15,6.236,186.1,0.0,0.0,
2026-04-20T04:24:00,04/20/202604:24,20.38,0.0,0.0,51.48,0.0,0.0,0.0,0.0,0.0,198.7,23789.0,45004.0,20.2,9.1,66.0,30.15,6.28,186.0,0.0,0.0,
2026-04-20T04:24:43,04/20/202604:24,20.38,0.0,0.0,51.470000000000006,0.0,0.0,0.0,0.0,0.0,198.7,23789.0,45004.0,20.2,9.1,66.0,30.15,6.28,186.0,0.0,0.0,
2026-04-20T04:25:01,04/20/202604:25,20.38,0.0,0.0,51.46,0.0,0.0,0.0,0.0,0.0,198.7,23789.0,45004.0,20.2,9.1,66.0,30.15,6.28,186.0,0.0,0.0,
2026-04-20T04:26:00,04/20/202604:26,20.38,0.0,0.0,51.45,0.0,0.0,0.0,0.0,0.0,198.7,23789.0,45004.0,20.2,9.1,66.0,30.15,6.28,186.0,0.0,0.0,
2026-04-20T04:27:01,04/20/202604:27,20.38,0.0,0.0,51.42999999999999,0.0,0.0,0.0,0.0,0.0,198.7,23789.0,45004.0,20.2,9.1,66.0,30.15,6.28,186.0,0.0,0.0,
2026-04-20T04:28:01,04/20/202604:28,20.38,0.0,0.0,51.42,0.0,0.0,0.0,0.0,0.0,198.7,23789.0,45004.0,20.2,9.1,66.0,30.15,6.28,186.0,0.0,0.0,
2026-04-20T04:28:44,04/20/202604:28,20.369999999999997,0.0,0.0,51.42999999999999,0.0,0.0,0.0,0.0,0.0,198.7,23789.0,45004.0,20.2,9.1,66.0,30.15,6.28,186.0,0.0,0.0,
2026-04-20T04:29:01,04/20/202604:29,20.36,0.0,0.0,51.42999999999999,0.0,0.0,0.0,0.0,0.0,198.7,23789.0,45004.0,20.2,9.1,66.0,30.15,6.28,186.0,0.0,0.0,
2026-04-20T04:30:55,04/20/202604:30,20.35,0.0,0.0,51.42999999999999,0.0,0.0,0.0,0.0,0.0,198.7,23789.0,45004.0,20.2,9.11,65.9,30.15,6.36,186.7,0.0,0.0,
2026-04-20T04:31:01,04/20/202604:31,20.35,0.0,0.0,51.42,0.0,0.0,0.0,0.0,0.0,198.7,23789.0,45004.0,20.2,9.12,65.8,30.15,6.44,187.4,0.0,0.0,
2026-04-20T04:32:01,04/20/202604:32,20.35,0.0,0.0,51.410000000000004,0.0,0.0,0.0,0.0,0.0,198.7,23789.0,45004.0,20.2,9.129999999999999,65.7,30.15,6.5200000000000005,187.9,0.0,0.0,
2026-04-20T04:32:43,04/20/202604:32,20.35,0.0,0.0,51.410000000000004,0.0,0.0,0.0,0.0,0.0,198.7,23789.0,45004.0,20.2,9.139999999999999,65.6,30.15,6.532000000000001,188.5,0.0,0.0,
2026-04-20T04:33:00,04/20/202604:33,20.35,0.0,0.0,51.410000000000004,0.0,0.0,0.0,0.0,0.0,198.7,23789.0,45004.0,20.2,9.15,65.5,30.15,6.544,189.1,0.0,0.0,
2026-04-20T04:34:01,04/20/202604:34,20.35,0.0,0.0,51.410000000000004,0.0,0.0,0.0,0.0,0.0,198.7,23789.0,45004.0,20.2,9.16,65.4,30.15,6.556,189.7,0.0,0.0,
2026-04-20T04:34:43,04/20/202604:34,20.34,0.0,0.0,51.42999999999999,0.0,0.0,0.0,0.0,0.0,198.7,23789.0,45004.0,20.2,9.169999999999998,65.3,30.15,6.5680000000000005,190.3,0.0,0.0,
2026-04-20T04:35:01,04/20/202604:35,20.330000000000002,0.0,0.0,51.44,0.0,0.0,0.0,0.0,0.0,198.7,23789.0,45004.0,20.2,9.18,65.2,30.15,6.58,190.9,0.0,0.0,
2026-04-20T04:35:43,04/20/202604:35,20.34,0.0,0.0,51.42999999999999,0.0,0.0,0.0,0.0,0.0,198.7,23789.0,45004.0,20.2,9.19,65.1,30.15,6.5920000000000005,191.5,0.0,0.0,
2026-04-20T04:36:51,04/20/202604:36,20.35,0.0,0.0,51.42,0.0,0.0,0.0,0.0,0.0,198.7,23789.0,45004.0,20.2,9.2,65.0,30.15,6.604000000000001,192.1,0.0,0.0,
2026-04-20T04:37:01,04/20/202604:37,20.36,0.0,0.0,51.42,0.0,0.0,0.0,0.0,0.0,198.7,23789.0,45004.0,20.2,9.2,65.0,30.15,6.536,192.0,0.0,0.0,
2026-04-20T04:38:01,04/20/202604:38,20.369999999999997,0.0,0.0,51.42,0.0,0.0,0.0,0.0,0.0,198.7,23789.0,45004.0,20.2,9.2,65.0,30.15,6.468000000000001,191.9,0.0,0.0,
2026-04-20T04:39:01,04/20/202604:39,20.38,0.0,0.0,51.42,0.0,0.0,0.0,0.0,0.0,198.7,23789.0,45004.0,20.2,9.2,65.0,30.15,6.4,192.0,0.0,0.0,
2026-04-20T04:40:00,04/20/202604:40,20.38,0.0,0.0,51.42,0.0,0.0,0.0,0.0,0.0,198.7,23789.0,45004.0,20.2,9.2,65.0,30.15,6.4,192.0,0.0,0.0,
2026-04-20T04:40:42,04/20/202604:40,20.369999999999997,0.0,0.0,51.42999999999999,0.0,0.0,0.0,0.0,0.0,198.7,23789.0,45004.0,20.2,9.2,65.0,30.15,6.4,192.0,0.0,0.0,
2026-04-20T04:42:07,04/20/202604:42,20.369999999999997,0.0,0.0,51.42999999999999,0.0,0.0,0.0,0.0,0.0,198.7,23789.0,45004.0,20.2,9.2,65.0,30.15,6.4,192.0,0.0,0.0,
2026-04-20T04:43:00,04/20/202604:43,20.38,0.0,0.0,51.42,0.0,0.0,0.0,0.0,0.0,198.7,23789.0,45004.0,20.2,9.2,65.0,30.15,6.4,192.0,0.0,0.0,
2026-04-20T04:43:07,04/20/202604:43,20.38,0.0,0.0,51.42,0.0,0.0,0.0,0.0,0.0,198.7,23789.0,45004.0,20.2,9.2,65.0,30.15,6.4,192.0,0.0,0.0,
2026-04-20T04:44:01,04/20/202604:44,20.369999999999997,0.0,0.0,51.42999999999999,0.0,0.0,0.0,0.0,0.0,198.7,23789.0,45004.0,20.2,9.2,65.0,30.15,6.4,192.0,0.0,0.0,
2026-04-20T04:44:08,04/20/202604:44,20.369999999999997,0.0,0.0,51.44,0.0,0.0,0.0,0.0,0.0,198.7,23789.0,45004.0,20.2,9.2,65.0,30.15,6.4,192.0,0.0,0.0,
2026-04-20T04:45:00,04/20/202604:45,20.369999999999997,0.0,0.0,51.45,0.0,0.0,0.0,0.0,0.0,198.7,23789.0,45004.0,20.2,9.2,65.0,30.15,6.4,192.0,0.0,0.0,
2026-04-20T04:45:07,04/20/202604:45,20.36,0.0,0.0,51.45,0.0,0.0,0.0,0.0,0.0,198.7,23789.0,45004.0,20.2,9.2,65.0,30.15,6.4,192.0,0.0,0.0,
2026-04-20T04:45:28,04/20/202604:45,20.36,0.0,0.0,51.45,0.0,0.0,0.0,0.0,0.0,198.7,23789.0,45004.0,20.2,9.2,65.0,30.15,6.4,192.0,0.0,0.0,
2026-04-20T04:46:00,04/20/202604:46,20.36,0.0,0.0,51.45,0.0,0.0,0.0,0.0,0.0,198.7,23789.0,45004.0,20.2,9.2,65.0,30.15,6.4,192.0,0.0,0.0,
2026-04-20T04:47:00,04/20/202604:47,20.369999999999997,0.0,0.0,51.44,0.0,0.0,0.0,0.0,0.0,198.7,23789.0,45004.0,20.2,9.19,65.1,30.15,6.332,191.9,0.0,0.0,
2026-04-20T04:47:28,04/20/202604:47,20.36,0.0,0.0,51.44,0.0,0.0,0.0,0.0,0.0,198.7,23789.0,45004.0,20.2,9.18,65.2,30.15,6.264,191.8,0.0,0.0,
2026-04-20T04:48:00,04/20/202604:48,20.35,0.0,0.0,51.44,0.0,0.0,0.0,0.0,0.0,198.7,23789.0,45004.0,20.2,9.169999999999998,65.3,30.15,6.196,191.7,0.0,0.0,
2026-04-20T04:48:27,04/20/202604:48,20.36,0.0,0.0,51.42999999999999,0.0,0.0,0.0,0.0,0.0,198.7,23789.0,45004.0,20.2,9.16,65.4,30.15,6.128,191.6,0.0,0.0,
2026-04-20T04:49:00,04/20/202604:49,20.369999999999997,0.0,0.0,51.42,0.0,0.0,0.0,0.0,0.0,198.7,23789.0,45004.0,20.2,9.15,65.5,30.15,6.0600000000000005,191.5,0.0,0.0,
2026-04-20T04:50:00,04/20/202604:50,20.369999999999997,0.0,0.0,51.410000000000004,0.0,0.0,0.0,0.0,0.0,198.7,23789.0,45004.0,20.2,9.139999999999999,65.6,30.15,5.992,191.4,0.0,0.0,
2026-04-20T04:51:01,04/20/202604:51,20.369999999999997,0.0,0.0,51.410000000000004,0.0,0.0,0.0,0.0,0.0,198.7,23789.0,45004.0,20.2,9.129999999999999,65.7,30.15,5.924,191.3,0.0,0.0,
2026-04-20T04:52:00,04/20/202604:52,20.38,0.0,0.0,51.410000000000004,0.0,0.0,0.0,0.0,0.0,198.7,23789.0,45004.0,20.2,9.12,65.8,30.15,5.856,191.2,0.0,0.0,
2026-04-20T04:53:18,04/20/202604:53,20.38,0.0,0.0,51.410000000000004,0.0,0.0,0.0,0.0,0.0,198.7,23789.0,45004.0,20.2,9.11,65.9,30.15,5.787999999999999,191.1,0.0,0.0,
2026-04-20T04:54:00,04/20/202604:54,20.38,0.0,0.0,51.410000000000004,0.0,0.0,0.0,0.0,0.0,198.7,23789.0,45004.0,20.2,9.1,66.0,30.15,5.72,191.0,0.0,0.0,
2026-04-20T04:55:01,04/20/202604:55,20.38,0.0,0.0,51.410000000000004,0.0,0.0,0.0,0.0,0.0,198.7,23789.0,45004.0,20.2,9.1,66.0,30.15,5.72,191.0,0.0,0.0,
2026-04-20T04:56:00,04/20/202604:56,20.389999999999997,0.0,0.0,51.410000000000004,0.0,0.0,0.0,0.0,0.0,198.7,23789.0,45004.0,20.2,9.1,66.0,30.15,5.72,191.0,0.0,0.0,
2026-04-20T04:57:01,04/20/202604:57,20.4,0.0,0.0,51.4,0.0,0.0,0.0,0.0,0.0,198.7,23789.0,45004.0,20.2,9.1,66.0,30.15,5.72,191.0,0.0,0.0,
2026-04-20T04:58:01,04/20/202604:58,20.4,0.0,0.0,51.4,0.0,0.0,0.0,0.0,0.0,198.7,23789.0,45004.0,20.2,9.1,66.0,30.15,5.72,191.0,0.0,0.0,
2026-04-20T04:58:11,04/20/202604:58,20.389999999999997,0.0,0.0,51.4,0.0,0.0,0.0,0.0,0.0,198.7,23789.0,45004.0,20.2,9.1,66.0,30.15,5.72,191.0,0.0,0.0,
2026-04-20T04:59:00,04/20/202604:59,20.38,0.0,0.0,51.4,0.0,0.0,0.0,0.0,0.0,198.7,23789.0,45004.0,20.2,9.1,66.0,30.15,5.72,191.0,0.0,0.0,
2026-04-20T04:59:10,04/20/202604:59,20.38,0.0,0.0,51.39,0.0,0.0,0.0,0.0,0.0,198.7,23789.0,45004.0,20.1,9.1,66.0,30.15,5.72,191.0,0.0,0.0,
2026-04-20T05:00:01,04/20/202605:00,20.38,0.0,0.0,51.39,0.0,0.0,0.0,0.0,0.0,198.7,23789.0,45004.0,20.1,9.1,66.0,30.15,5.72,191.0,0.0,0.0,
2026-04-20T05:00:11,04/20/202605:00,20.369999999999997,0.0,0.0,51.39,0.0,0.0,0.0,0.0,0.0,198.7,23789.0,45004.0,20.2,9.1,66.0,30.15,5.72,191.0,0.0,0.0,
2026-04-20T05:01:00,04/20/202605:01,20.36,0.0,0.0,51.39,0.0,0.0,0.0,0.0,0.0,198.7,23789.0,45004.0,20.2,9.1,66.0,30.15,5.72,191.0,0.0,0.0,
2026-04-20T05:01:11,04/20/202605:01,20.36,0.0,0.0,51.39,0.0,0.0,0.0,0.0,0.0,198.7,23789.0,45004.0,20.2,9.08,66.0,30.15,5.664,190.4,0.0,0.0,
2026-04-20T05:02:01,04/20/202605:02,20.36,0.0,0.0,51.39,0.0,0.0,0.0,0.0,0.0,198.7,23789.0,45004.0,20.2,9.059999999999999,66.0,30.15,5.608,189.8,0.0,0.0,
2026-04-20T05:03:00,04/20/202605:03,20.36,0.0,0.0,51.39,0.0,0.0,0.0,0.0,0.0,198.7,23789.0,45004.0,20.1,9.040000000000001,66.0,30.15,5.552,189.2,0.0,0.0,
2026-04-20T05:04:29,04/20/202605:04,20.36,0.0,0.0,51.39,0.0,0.0,0.0,0.0,0.0,198.7,23789.0,45004.0,20.2,9.02,66.0,30.15,5.496,188.6,0.0,0.0,
2026-04-20T05:05:00,04/20/202605:05,20.369999999999997,0.0,0.0,51.39,0.0,0.0,0.0,0.0,0.0,198.7,23789.0,45004.0,20.2,9.0,66.0,30.15,5.4399999999999995,188.0,0.0,0.0,
2026-04-20T05:06:01,04/20/202605:06,20.38,0.0,0.0,51.39,0.0,0.0,0.0,0.0,0.0,198.7,23789.0,45004.0,20.2,8.98,66.0,30.15,5.384,187.4,0.0,0.0,
2026-04-20T05:06:09,04/20/202605:06,20.369999999999997,0.0,0.0,51.39,0.0,0.0,0.0,0.0,0.0,198.7,23789.0,45004.0,20.1,8.959999999999999,66.0,30.15,5.328,186.8,0.0,0.0,
2026-04-20T05:07:01,04/20/202605:07,20.36,0.0,0.0,51.39,0.0,0.0,0.0,0.0,0.0,198.7,23789.0,45004.0,20.1,8.940000000000001,66.0,30.15,5.272,186.2,0.0,0.0,
2026-04-20T05:07:10,04/20/202605:07,20.369999999999997,0.0,0.0,51.39,0.0,0.0,0.0,0.0,0.0,198.7,23789.0,45004.0,20.2,8.92,66.0,30.15,5.216,185.6,0.0,0.0,
2026-04-20T05:08:01,04/20/202605:08,20.38,0.0,0.0,51.39,0.0,0.0,0.0,0.0,0.0,198.7,23789.0,45004.0,20.2,8.9,66.0,30.15,5.16,185.0,0.0,0.0,
2026-04-20T05:09:01,04/20/202605:09,20.38,0.0,0.0,51.39,0.0,0.0,0.0,0.0,0.0,198.7,23789.0,45004.0,20.2,8.9,66.0,30.15,5.16,185.0,0.0,0.0,
2026-04-20T05:10:01,04/20/202605:10,20.38,0.0,0.0,51.39,0.0,0.0,0.0,0.0,0.0,198.7,23789.0,45004.0,20.2,8.9,66.0,30.15,5.16,185.0,0.0,0.0,
2026-04-20T05:11:01,04/20/202605:11,20.38,0.0,0.0,51.4,0.0,0.0,0.0,0.0,0.0,198.7,23789.0,45004.0,20.1,8.9,66.0,30.15,5.16,185.0,0.0,0.0,
2026-04-20T05:11:10,04/20/202605:11,20.369999999999997,0.0,0.0,51.4,0.0,0.0,0.0,0.0,0.0,198.7,23789.0,45004.0,20.1,8.9,66.0,30.15,5.16,185.0,0.0,0.0,
2026-04-20T05:12:01,04/20/202605:12,20.36,0.0,0.0,51.4,0.0,0.0,0.0,0.0,0.0,198.7,23789.0,45004.0,20.1,8.9,66.0,30.15,5.16,185.0,0.0,0.0,
2026-04-20T05:13:01,04/20/202605:13,20.35,0.0,0.0,51.4,0.0,0.0,0.0,0.0,0.0,198.7,23789.0,45004.0,20.1,8.9,66.0,30.15,5.16,185.0,0.0,0.0,
2026-04-20T05:13:55,04/20/202605:13,20.36,0.0,0.0,51.39,0.0,0.0,0.0,0.0,0.0,198.7,23789.0,45004.0,20.1,8.9,66.0,30.15,5.16,185.0,0.0,0.0,
2026-04-20T05:14:01,04/20/202605:14,20.369999999999997,0.0,0.0,51.379999999999995,0.0,0.0,0.0,0.0,0.0,198.7,23789.0,45004.0,20.1,8.9,66.0,30.15,5.16,185.0,0.0,0.0,
2026-04-20T05:15:40,04/20/202605:15,20.36,0.0,0.0,51.379999999999995,0.0,0.0,0.0,0.0,0.0,198.7,23789.0,45004.0,20.1,8.9,66.0,30.15,5.16,185.0,0.0,0.0,
2026-04-20T05:15:56,04/20/202605:15,20.36,0.0,0.0,51.379999999999995,0.0,0.0,0.0,0.0,0.0,198.7,23789.0,45004.0,20.1,8.9,66.0,30.15,5.16,185.0,0.0,0.0,
2026-04-20T05:16:01,04/20/202605:16,20.36,0.0,0.0,51.379999999999995,0.0,0.0,0.0,0.0,0.0,198.7,23789.0,45004.0,20.1,8.9,66.0,30.15,5.16,185.0,0.0,0.0,
2026-04-20T05:17:00,04/20/202605:17,20.36,0.0,0.0,51.379999999999995,0.0,0.0,0.0,0.0,0.0,198.7,23789.0,45004.0,20.1,8.870000000000001,66.1,30.15,5.135,184.5,0.0,0.0,
2026-04-20T05:17:56,04/20/202605:17,20.35,0.0,0.0,51.36999999999999,0.0,0.0,0.0,0.0,0.0,198.7,23789.0,45004.0,20.1,8.84,66.2,30.15,5.11,184.0,0.0,0.0,
2026-04-20T05:18:00,04/20/202605:18,20.35,0.0,0.0,51.36,0.0,0.0,0.0,0.0,0.0,198.7,23789.0,45004.0,20.1,8.809999999999999,66.3,30.15,5.085,183.5,0.0,0.0,
2026-04-20T05:18:55,04/20/202605:18,20.36,0.0,0.0,51.36,0.0,0.0,0.0,0.0,0.0,198.7,23789.0,45004.0,20.1,8.78,66.4,30.15,5.0600000000000005,183.0,0.0,0.0,
2026-04-20T05:19:00,04/20/202605:19,20.369999999999997,0.0,0.0,51.36,0.0,0.0,0.0,0.0,0.0,198.7,23789.0,45004.0,20.1,8.75,66.5,30.15,5.035,182.5,0.0,0.0,
2026-04-20T05:19:55,04/20/202605:19,20.36,0.0,0.0,51.36999999999999,0.0,0.0,0.0,0.0,0.0,198.7,23789.0,45004.0,20.2,8.72,66.6,30.15,5.01,182.0,0.0,0.0,
2026-04-20T05:20:00,04/20/202605:20,20.35,0.0,0.0,51.379999999999995,0.0,0.0,0.0,0.0,0.0,198.7,23789.0,45004.0,20.2,8.690000000000001,66.7,30.15,4.985,181.5,0.0,0.0,
2026-04-20T05:21:00,04/20/202605:21,20.35,0.0,0.0,51.379999999999995,0.0,0.0,0.0,0.0,0.0,198.7,23789.0,45004.0,20.2,8.66,66.8,30.15,4.96,181.0,0.0,0.0,
2026-04-20T05:22:21,04/20/202605:22,20.35,0.0,0.0,51.36999999999999,0.0,0.0,0.0,0.0,0.0,198.7,23789.0,45004.0,20.1,8.629999999999999,66.9,30.15,4.9350000000000005,180.5,0.0,0.0,
2026-04-20T05:23:01,04/20/202605:23,20.35,0.0,0.0,51.36,0.0,0.0,0.0,0.0,0.0,198.7,23789.0,45004.0,20.1,8.6,67.0,30.15,4.91,180.0,0.0,0.0,
2026-04-20T05:24:00,04/20/202605:24,20.35,0.0,0.0,51.36,0.0,0.0,0.0,0.0,0.0,198.7,23789.0,45004.0,20.2,8.6,67.0,30.15,4.91,180.0,0.0,0.0,
2026-04-20T05:24:21,04/20/202605:24,20.35,0.0,0.0,51.36,0.0,0.0,0.0,0.0,0.0,198.7,23789.0,45004.0,20.2,8.6,67.0,30.15,4.91,180.0,0.0,0.0,
2026-04-20T05:25:01,04/20/202605:25,20.35,0.0,0.0,51.36,0.0,0.0,0.0,0.0,0.0,198.7,23789.0,45004.0,20.2,8.6,67.0,30.15,4.91,180.0,0.0,0.0,
2026-04-20T05:25:21,04/20/202605:25,20.35,0.0,0.0,51.35,0.0,0.0,0.0,0.0,0.0,198.7,23789.0,45004.0,20.1,8.6,67.0,30.15,4.91,180.0,0.0,0.0,
2026-04-20T05:26:52,04/20/202605:26,20.34,0.0,0.0,51.35,0.0,0.0,0.0,0.0,0.0,198.7,23789.0,45004.0,20.1,8.6,67.0,30.15,4.91,180.0,0.0,0.0,
2026-04-20T05:27:01,04/20/202605:27,20.34,0.0,0.0,51.35,0.0,0.0,0.0,0.0,0.0,198.7,23789.0,45004.0,20.1,8.6,67.0,30.15,4.91,180.0,0.0,0.0,
2026-04-20T05:28:00,04/20/202605:28,20.34,0.0,0.0,51.35,0.0,0.0,0.0,0.0,0.0,198.7,23789.0,45004.0,20.2,8.6,67.0,30.15,4.91,180.0,0.0,0.0,
2026-04-20T05:29:01,04/20/202605:29,20.34,0.0,0.0,51.35,0.0,0.0,0.0,0.0,0.0,198.7,23789.0,45004.0,20.1,8.6,67.0,30.15,4.91,180.0,0.0,0.0,
2026-04-20T05:29:21,04/20/202605:29,20.34,0.0,0.0,51.36,0.0,0.0,0.0,0.0,0.0,198.7,23789.0,45004.0,20.1,8.6,67.0,30.15,4.91,180.0,0.0,0.0,
2026-04-20T05:30:00,04/20/202605:30,20.34,0.0,0.0,51.36999999999999,0.0,0.0,0.0,0.0,0.0,198.7,23789.0,45004.0,20.1,8.6,67.0,30.15,4.91,180.0,0.0,0.0,
2026-04-20T05:30:22,04/20/202605:30,20.330000000000002,0.0,0.0,51.36999999999999,0.0,0.0,0.0,0.0,0.0,198.7,23789.0,45004.0,20.1,8.559999999999999,67.1,30.15,4.8660000000000005,179.7,0.0,0.0,
2026-04-20T05:31:00,04/20/202605:31,20.330000000000002,0.0,0.0,51.379999999999995,0.0,0.0,0.0,0.0,0.0,198.7,23789.0,45004.0,20.1,8.52,67.2,30.15,4.822,179.4,0.0,0.0,
2026-04-20T05:31:53,04/20/202605:31,20.34,0.0,0.0,51.379999999999995,0.0,0.0,0.0,0.0,0.0,198.7,23789.0,45004.0,20.1,8.48,67.3,30.15,4.7780000000000005,178.8,0.0,0.0,
2026-04-20T05:32:00,04/20/202605:32,20.34,0.0,0.0,51.379999999999995,0.0,0.0,0.0,0.0,0.0,198.7,23789.0,45004.0,20.1,8.44,67.4,30.15,4.734,178.2,0.0,0.0,
2026-04-20T05:32:53,04/20/202605:32,20.34,0.0,0.0,51.36999999999999,0.0,0.0,0.0,0.0,0.0,198.7,23789.0,45004.0,20.1,8.4,67.5,30.15,4.6899999999999995,177.6,0.0,0.0,
2026-04-20T05:33:00,04/20/202605:33,20.34,0.0,0.0,51.36,0.0,0.0,0.0,0.0,0.0,198.7,23789.0,45004.0,20.1,8.36,67.6,30.15,4.646,177.0,0.0,0.0,
2026-04-20T05:34:01,04/20/202605:34,20.34,0.0,0.0,51.35,0.0,0.0,0.0,0.0,0.0,198.7,23789.0,45004.0,20.1,8.319999999999999,67.7,30.153,4.601999999999999,176.4,0.0,0.0,
2026-04-20T05:34:53,04/20/202605:34,20.35,0.0,0.0,51.339999999999996,0.0,0.0,0.0,0.0,0.0,198.7,23789.0,45004.0,20.1,8.28,67.8,30.156,4.558,175.8,0.0,0.0,
2026-04-20T05:35:00,04/20/202605:35,20.35,0.0,0.0,51.33,0.0,0.0,0.0,0.0,0.0,198.7,23789.0,45004.0,20.1,8.239999999999998,67.9,30.159,4.514,175.2,0.0,0.0,
2026-04-20T05:35:53,04/20/202605:35,20.34,0.0,0.0,51.31999999999999,0.0,0.0,0.0,0.0,0.0,198.7,23789.0,45004.0,20.1,8.2,68.0,30.162,4.47,174.6,0.0,0.0,
2026-04-20T05:36:01,04/20/202605:36,20.34,0.0,0.0,51.31,0.0,0.0,0.0,0.0,0.0,198.7,23789.0,45004.0,20.1,8.2,68.0,30.165,4.47,174.3,0.0,0.0,
2026-04-20T05:38:03,04/20/202605:38,20.35,0.0,0.0,51.3,0.0,0.0,0.0,0.0,0.0,198.7,23789.0,45004.0,20.1,8.2,68.0,30.168,4.47,174.0,0.0,0.0,
2026-04-20T05:38:52,04/20/202605:38,20.34,0.0,0.0,51.31,0.0,0.0,0.0,0.0,0.0,198.7,23789.0,45004.0,20.1,8.2,68.0,30.171,4.47,174.0,0.0,0.0,
2026-04-20T05:39:00,04/20/202605:39,20.330000000000002,0.0,0.0,51.31999999999999,0.0,0.0,0.0,0.0,0.0,198.7,23789.0,45004.0,20.1,8.2,68.0,30.174,4.47,174.0,0.0,0.0,
2026-04-20T05:40:01,04/20/202605:40,20.330000000000002,0.0,0.0,51.31999999999999,0.0,0.0,0.0,0.0,0.0,198.7,23789.0,45004.0,20.1,8.2,68.0,30.177,4.47,174.0,0.0,0.0,
2026-04-20T05:41:00,04/20/202605:41,20.330000000000002,0.0,0.0,51.33,0.0,0.0,0.0,0.0,0.0,198.7,23789.0,45004.0,20.1,8.2,68.0,30.18,4.47,174.0,0.0,0.0,
2026-04-20T05:43:01,04/20/202605:43,20.330000000000002,0.0,0.0,51.339999999999996,0.0,0.0,0.0,0.0,0.0,198.7,23789.0,45004.0,20.1,8.2,68.0,30.18,4.47,174.0,0.0,0.0,
2026-04-20T05:44:00,04/20/202605:44,20.32,0.0,0.0,51.35,0.0,0.0,0.0,0.0,0.0,198.7,23789.0,45004.0,20.1,8.2,68.0,30.18,4.47,174.0,0.0,0.0,
2026-04-20T05:45:01,04/20/202605:45,20.31,0.0,0.0,51.35,0.0,0.0,0.0,0.0,0.0,198.7,23789.0,45004.0,20.1,8.2,68.0,30.18,4.47,174.0,0.0,0.0,
2026-04-20T05:46:00,04/20/202605:46,20.32,0.0,0.0,51.35,0.0,0.0,0.0,0.0,0.0,198.7,23789.0,45004.0,20.1,8.19,68.1,30.18,4.494999999999999,174.3,0.0,0.0,
2026-04-20T05:47:01,04/20/202605:47,20.330000000000002,0.0,0.0,51.35,0.0,0.0,0.0,0.0,0.0,198.7,23789.0,45004.0,20.1,8.18,68.2,30.18,4.52,174.6,0.0,0.0,
2026-04-20T05:49:14,04/20/202605:49,20.32,0.0,0.0,51.35,0.0,0.0,0.0,0.0,0.0,198.7,23789.0,45004.0,20.1,8.169999999999998,68.3,30.18,4.545,174.9,0.0,0.0,
2026-04-20T05:50:01,04/20/202605:50,20.32,0.0,0.0,51.339999999999996,0.0,0.0,0.0,0.0,0.0,198.7,23789.0,45004.0,20.1,8.16,68.4,30.18,4.569999999999999,175.2,0.0,0.0,
2026-04-20T05:51:01,04/20/202605:51,20.32,0.0,0.0,51.33,0.0,0.0,0.0,0.0,0.0,198.7,23789.0,45004.0,20.1,8.15,68.5,30.18,4.595,175.5,0.0,0.0,
2026-04-20T05:51:23,04/20/202605:51,20.330000000000002,0.0,0.0,51.33,0.0,0.0,0.0,0.0,0.0,198.7,23789.0,45004.0,20.1,8.139999999999999,68.6,30.18,4.619999999999999,175.8,0.0,0.0,
2026-04-20T05:52:01,04/20/202605:52,20.34,0.0,0.0,51.31999999999999,0.0,0.0,0.0,0.0,0.0,198.7,23789.0,45004.0,20.1,8.129999999999999,68.7,30.18,4.645,176.1,0.0,0.0,
2026-04-20T05:52:24,04/20/202605:52,20.34,0.0,0.0,51.31,0.0,0.0,0.0,0.0,0.0,198.7,23789.0,45004.0,20.1,8.12,68.8,30.18,4.67,176.4,0.0,0.0,
2026-04-20T05:53:01,04/20/202605:53,20.34,0.0,0.0,51.3,0.0,0.0,0.0,0.0,0.0,198.7,23789.0,45004.0,20.1,8.11,68.9,30.18,4.694999999999999,176.7,0.0,0.0,
2026-04-20T05:54:01,04/20/202605:54,20.34,0.0,0.0,51.3,0.0,0.0,0.0,0.0,0.0,198.7,23789.0,45004.0,20.1,8.1,69.0,30.18,4.72,177.0,0.0,0.0,
2026-04-20T05:55:01,04/20/202605:55,20.330000000000002,0.0,0.0,51.3,0.0,0.0,0.0,0.0,0.0,198.7,23789.0,45004.0,20.1,8.1,69.0,30.18,4.72,177.0,0.0,0.0,
2026-04-20T05:55:23,04/20/202605:55,20.330000000000002,0.0,0.0,51.29,0.0,0.0,0.0,0.0,0.0,198.7,23789.0,45004.0,20.1,8.1,69.0,30.18,4.72,177.0,0.0,0.0,
2026-04-20T05:56:01,04/20/202605:56,20.34,0.0,0.0,51.279999999999994,0.0,0.0,0.0,0.0,0.0,198.7,23789.0,45004.0,20.1,8.1,69.0,30.18,4.72,177.0,0.0,0.0,
2026-04-20T05:56:24,04/20/202605:56,20.34,0.0,0.0,51.279999999999994,0.0,0.0,0.0,0.0,0.0,198.7,23789.0,45004.0,20.1,8.1,69.0,30.18,4.72,177.0,0.0,0.0,
2026-04-20T05:57:01,04/20/202605:57,20.34,0.0,0.0,51.279999999999994,0.0,0.0,0.0,0.0,0.0,198.7,23789.0,45004.0,20.1,8.1,69.0,30.18,4.72,177.0,0.0,0.0,
2026-04-20T05:58:01,04/20/202605:58,20.330000000000002,0.0,0.0,51.279999999999994,0.0,0.0,0.0,0.0,0.0,198.7,23789.0,45004.0,20.1,8.1,69.0,30.18,4.72,177.0,0.0,0.0,
2026-04-20T05:59:00,04/20/202605:59,20.32,0.0,0.0,51.279999999999994,0.0,0.0,0.0,0.0,0.0,198.7,23789.0,45004.0,20.1,8.1,69.0,30.18,4.72,177.0,0.0,0.0,
2026-04-20T06:00:25,04/20/202606:00,20.32,0.0,0.0,51.279999999999994,0.0,0.0,0.0,0.0,0.0,198.7,23789.0,45004.0,20.1,8.1,69.0,30.18,4.72,177.0,0.0,0.0,
2026-04-20T06:01:00,04/20/202606:01,20.32,0.0,0.0,51.279999999999994,0.0,0.0,0.0,0.0,0.0,198.7,23789.0,45004.0,20.1,8.1,69.0,30.18,4.72,177.0,0.0,0.0,
2026-04-20T06:03:15,04/20/202606:03,20.330000000000002,0.0,0.0,51.279999999999994,0.0,0.0,0.0,0.0,0.0,198.7,23789.0,45004.0,20.1,8.09,69.1,30.18,4.739,177.0,0.0,0.0,
2026-04-20T06:04:00,04/20/202606:04,20.34,0.0,0.0,51.279999999999994,0.0,0.0,0.0,0.0,0.0,198.7,23789.0,45004.0,20.1,8.08,69.2,30.18,4.758,177.0,0.0,0.0,
2026-04-20T06:04:15,04/20/202606:04,20.330000000000002,0.0,0.0,51.279999999999994,0.0,0.0,0.0,0.0,0.0,198.7,23789.0,45004.0,20.1,8.07,69.3,30.18,4.776999999999999,177.0,0.0,0.0,
2026-04-20T06:05:00,04/20/202606:05,20.32,0.0,0.0,51.279999999999994,0.0,0.0,0.0,0.0,0.0,198.7,23789.0,45004.0,20.1,8.059999999999999,69.4,30.18,4.796,177.0,0.0,0.0,
2026-04-20T06:05:15,04/20/202606:05,20.330000000000002,0.0,0.0,51.279999999999994,0.0,0.0,0.0,0.0,0.0,198.7,23789.0,45004.0,20.1,8.05,69.5,30.18,4.8149999999999995,177.0,0.0,0.0,
2026-04-20T06:06:00,04/20/202606:06,20.34,0.0,0.0,51.279999999999994,0.0,0.0,0.0,0.0,0.0,198.7,23789.0,45004.0,20.1,8.040000000000001,69.6,30.18,4.8340000000000005,177.0,0.0,0.0,
2026-04-20T06:07:00,04/20/202606:07,20.35,0.0,0.0,51.279999999999994,0.0,0.0,0.0,0.0,0.0,198.7,23789.0,45004.0,20.1,8.03,69.7,30.18,4.853,177.0,0.0,0.0,
2026-04-20T06:07:15,04/20/202606:07,20.35,0.0,0.0,51.279999999999994,0.0,0.0,0.0,0.0,0.0,198.7,23789.0,45004.0,20.1,8.02,69.8,30.18,4.872,177.0,0.0,0.0,
2026-04-20T06:08:00,04/20/202606:08,20.35,0.0,0.0,51.279999999999994,0.0,0.0,0.0,0.0,0.0,198.7,23789.0,45004.0,20.1,8.01,69.9,30.18,4.891,177.0,0.0,0.0,
2026-04-20T06:08:15,04/20/202606:08,20.36,0.0,0.0,51.279999999999994,0.0,0.0,0.0,0.0,0.0,198.7,23789.0,45004.0,20.1,8.0,70.0,30.18,4.91,177.0,0.0,0.0,
2026-04-20T06:09:00,04/20/202606:09,20.36,0.0,0.0,51.279999999999994,0.0,0.0,0.0,0.0,0.0,198.7,23789.0,45004.0,20.1,8.0,70.0,30.18,4.91,177.0,0.0,0.0,
2026-04-20T06:10:00,04/20/202606:10,20.36,0.0,0.0,51.279999999999994,0.0,0.0,0.0,0.0,0.0,198.7,23789.0,45004.0,20.1,8.0,70.0,30.18,4.91,177.0,0.0,0.0,
2026-04-20T06:11:37,04/20/202606:11,20.38,0.0,0.0,51.29,0.0,0.0,0.0,0.0,0.0,198.7,23789.0,45004.0,20.1,8.0,70.0,30.18,4.91,177.0,0.0,0.0,
2026-04-20T06:12:48,04/20/202606:12,20.4,0.0,0.0,51.3,0.0,0.0,0.0,0.0,0.0,198.7,23789.0,45004.0,20.1,8.0,70.0,30.18,4.91,177.0,0.0,0.0,
2026-04-20T06:13:00,04/20/202606:13,20.41,0.0,0.0,51.3,0.0,0.0,0.0,0.0,0.0,198.7,23789.0,45004.0,20.1,8.0,70.0,30.18,4.91,177.0,0.0,0.0,
2026-04-20T06:13:49,04/20/202606:13,20.43,0.0,0.0,51.3,0.0,0.0,0.0,0.0,0.0,198.7,23789.0,45004.0,20.1,8.0,70.0,30.18,4.91,177.0,0.0,0.0,
2026-04-20T06:14:00,04/20/202606:14,20.45,0.0,0.0,51.3,0.0,0.0,0.0,0.0,0.0,198.7,23789.0,45004.0,20.1,8.0,70.0,30.18,4.91,177.0,0.0,0.0,
2026-04-20T06:15:01,04/20/202606:15,20.48,0.0,0.0,51.29,0.0,0.0,0.0,0.0,0.0,198.7,23789.0,45004.0,20.1,8.0,70.0,30.18,4.91,177.0,0.0,0.0,
2026-04-20T06:15:49,04/20/202606:15,20.52,0.0,0.0,51.279999999999994,0.0,0.0,0.0,0.0,0.0,198.7,23789.0,45004.0,20.1,7.9799999999999995,70.1,30.18,4.8660000000000005,176.7,0.0,0.0,
2026-04-20T06:16:00,04/20/202606:16,20.55,0.0,0.0,51.27,0.0,0.0,0.0,0.0,0.0,198.7,23789.0,45004.0,20.1,7.959999999999999,70.2,30.18,4.822,176.4,0.0,0.0,
2026-04-20T06:16:50,04/20/202606:16,20.59,0.0,0.0,51.27,0.0,0.0,0.0,0.0,0.0,198.7,23789.0,45004.0,20.1,7.94,70.3,30.18,4.7780000000000005,176.1,0.0,0.0,
2026-04-20T06:17:01,04/20/202606:17,20.630000000000003,0.0,0.0,51.27,0.0,0.0,0.0,0.0,0.0,198.7,23789.0,45004.0,20.1,7.92,70.4,30.18,4.734,175.8,0.0,0.0,
2026-04-20T06:17:49,04/20/202606:17,20.669999999999998,0.0,0.0,51.260000000000005,0.0,0.0,0.0,0.0,0.0,198.7,23789.0,45004.0,20.1,7.9,70.5,30.18,4.6899999999999995,175.5,0.0,0.0,
2026-04-20T06:18:00,04/20/202606:18,20.71,0.0,0.0,51.25,0.0,0.0,0.0,0.0,0.0,198.7,23789.0,45004.0,20.1,7.88,70.6,30.18,4.646,175.2,0.0,0.0,
2026-04-20T06:19:01,04/20/202606:19,20.75,0.0,0.0,51.239999999999995,0.0,0.0,0.0,0.0,0.0,198.7,23789.0,45004.0,20.1,7.859999999999999,70.7,30.18,4.601999999999999,174.9,0.0,0.0,
2026-04-20T06:19:11,04/20/202606:19,20.79,0.0,0.0,51.23,0.0,0.0,0.0,0.0,0.0,198.7,23789.0,45004.0,20.1,7.840000000000001,70.8,30.18,4.558,174.6,0.0,0.0,
2026-04-20T06:20:00,04/20/202606:20,20.830000000000002,0.0,0.0,51.220000000000006,0.0,0.0,0.0,0.0,0.0,198.7,23789.0,45004.0,20.1,7.82,70.9,30.18,4.514,174.3,0.0,0.0,
2026-04-20T06:20:10,04/20/202606:20,20.89,0.0,0.0,51.220000000000006,0.0,0.0,0.0,0.0,0.0,198.7,23789.0,45004.0,20.0,7.8,71.0,30.18,4.47,174.0,0.0,0.0,
2026-04-20T06:21:01,04/20/202606:21,20.94,0.0,0.0,51.220000000000006,0.0,0.0,0.0,0.0,0.0,198.7,23789.0,45004.0,20.0,7.8,71.0,30.18,4.47,174.0,0.0,0.0,
2026-04-20T06:21:11,04/20/202606:21,21.009999999999998,0.0,0.0,51.220000000000006,0.0,0.0,0.0,0.0,0.0,198.7,23789.0,45004.0,20.0,7.8,71.0,30.18,4.47,174.0,0.0,0.0,
2026-04-20T06:22:48,04/20/202606:22,21.11,0.0,0.0,51.220000000000006,0.0,0.0,0.0,0.0,0.0,198.7,23789.0,45004.0,20.0,7.8,71.0,30.18,4.47,174.0,0.0,0.0,
2026-04-20T06:23:01,04/20/202606:23,21.21,0.0,0.0,51.220000000000006,0.0,0.0,0.0,0.0,0.0,198.7,23789.0,45004.0,20.0,7.8,71.0,30.18,4.47,174.0,0.0,0.0,
2026-04-20T06:23:36,04/20/202606:23,21.34,0.0,0.0,51.220000000000006,0.0,0.0,0.0,0.0,0.0,198.7,23789.0,45004.0,20.0,7.8,71.0,30.18,4.47,174.0,0.0,0.0,
2026-04-20T06:24:00,04/20/202606:24,21.47,0.0,0.0,51.220000000000006,0.0,0.0,0.0,0.0,0.0,198.7,23789.0,45004.0,20.0,7.8,71.0,30.18,4.47,174.0,0.0,0.0,
2026-04-20T06:24:36,04/20/202606:24,21.65,0.0,0.0,51.23,0.0,0.0,0.0,0.0,0.0,198.7,23789.0,45004.0,20.0,7.8,71.0,30.18,4.47,174.0,0.0,0.0,
2026-04-20T06:25:00,04/20/202606:25,21.82,0.0,0.0,51.239999999999995,0.0,0.0,0.0,0.0,0.0,198.7,23789.0,45004.0,20.0,7.8,71.0,30.18,4.47,174.0,0.0,0.0,
2026-04-20T06:25:36,04/20/202606:25,22.05,0.0,0.0,51.239999999999995,0.0,0.0,0.0,0.0,0.0,198.7,23789.0,45004.0,20.1,7.8,71.0,30.18,4.47,174.0,0.0,0.0,
2026-04-20T06:26:01,04/20/202606:26,22.259999999999998,0.0,0.0,51.239999999999995,0.0,0.0,0.0,0.0,0.0,198.7,23789.0,45004.0,20.1,7.8,71.0,30.18,4.47,174.0,0.0,0.0,
2026-04-20T06:26:36,04/20/202606:26,22.55,0.0,0.0,51.25,0.0,0.0,0.0,0.0,0.0,198.7,23789.0,45004.0,20.1,7.8,71.0,30.18,4.47,174.0,0.0,0.0,
2026-04-20T06:27:00,04/20/202606:27,22.82,0.0,0.0,51.260000000000005,0.0,0.0,0.0,0.0,0.0,198.7,23789.0,45004.0,20.1,7.8,71.0,30.18,4.47,174.0,0.0,0.0,
2026-04-20T06:27:36,04/20/202606:27,23.169999999999998,0.0,0.0,51.260000000000005,0.0,0.0,0.0,0.0,0.0,198.7,23789.0,45004.0,20.0,7.8,71.0,30.18,4.47,174.0,0.0,0.0,
2026-04-20T06:28:01,04/20/202606:28,23.52,0.0,0.0,51.260000000000005,0.0,0.0,0.0,0.0,0.0,198.7,23789.0,45004.0,20.0,7.8,71.0,30.18,4.47,174.0,0.0,0.0,
2026-04-20T06:28:36,04/20/202606:28,24.03,0.0,0.0,51.260000000000005,0.0,0.0,0.0,0.0,0.0,198.7,23789.0,45004.0,20.0,7.8,71.0,30.18,4.47,174.0,0.0,0.0,
2026-04-20T06:29:00,04/20/202606:29,24.54,0.0,0.0,51.260000000000005,0.0,0.0,0.0,0.0,0.0,198.7,23789.0,45004.0,20.0,7.8,71.0,30.18,4.47,174.0,0.0,0.0,
2026-04-20T06:29:35,04/20/202606:29,25.270000000000003,0.0,0.0,51.25,0.0,0.0,0.0,0.0,0.0,198.7,23789.0,45004.0,20.0,7.8,71.0,30.18,4.47,174.0,0.0,0.0,
2026-04-20T06:30:01,04/20/202606:30,26.0,0.0,0.0,51.239999999999995,0.0,0.0,0.0,0.0,0.0,198.7,23789.0,45004.0,20.0,7.8,71.0,30.18,4.47,174.0,0.0,0.0,
2026-04-20T06:30:36,04/20/202606:30,26.990000000000002,0.0,0.0,51.239999999999995,0.0,0.0,0.0,0.0,0.0,198.7,23789.0,45004.0,20.0,7.8,71.0,30.18,4.47,174.0,0.0,0.0,
2026-04-20T06:31:00,04/20/202606:31,27.98,0.0,0.0,51.239999999999995,0.0,0.0,0.0,0.0,0.0,198.7,23789.0,45004.0,20.0,7.8,71.0,30.18,4.47,174.0,0.0,0.0,
2026-04-20T06:31:35,04/20/202606:31,29.290000000000003,0.0,0.0,51.23,0.0,0.0,0.0,0.0,0.0,198.7,23789.0,45004.0,20.0,7.779999999999999,71.1,30.18,4.458,173.4,0.0,0.0,
2026-04-20T06:32:01,04/20/202606:32,30.6,0.0,0.0,51.220000000000006,0.0,0.0,0.0,0.0,0.0,198.7,23789.0,45004.0,20.0,7.76,71.2,30.18,4.446,172.8,0.0,0.0,
2026-04-20T06:32:36,04/20/202606:32,32.24,0.0,0.0,51.220000000000006,0.0,0.0,0.0,0.0,0.0,198.7,23789.0,45004.0,20.0,7.739999999999999,71.3,30.18,4.4959999999999996,172.9,0.0,0.0,
2026-04-20T06:34:00,04/20/202606:33,34.42,0.0,0.0,51.21,0.0,0.0,0.0,0.0,0.0,198.7,23789.0,45004.0,20.1,7.720000000000001,71.4,30.18,4.545999999999999,173.0,0.0,0.0,
2026-04-20T06:34:01,04/20/202606:34,36.4,0.0,0.0,51.21,0.0,0.0,0.0,0.0,0.0,198.7,23789.0,45004.0,20.1,7.7,71.5,30.18,4.595999999999999,173.1,0.0,0.0,
2026-04-20T06:34:36,04/20/202606:34,38.96,0.0,0.0,51.21,0.0,0.0,0.0,0.0,0.0,198.7,23789.0,45004.0,20.0,7.68,71.6,30.177,4.645999999999999,173.2,0.0,0.0,
2026-04-20T06:35:00,04/20/202606:35,41.25,0.0,0.0,51.21,0.0,0.0,0.0,0.0,0.0,198.7,23789.0,45004.0,20.0,7.659999999999999,71.7,30.174,4.696,173.3,0.0,0.0,
2026-04-20T06:36:01,04/20/202606:36,43.540000000000006,0.0,0.0,51.21,0.0,0.0,0.0,0.0,0.0,198.7,23789.0,45004.0,20.0,7.639999999999999,71.7,30.171,4.7459999999999996,173.4,0.0,0.0,
2026-04-20T06:37:00,04/20/202606:37,45.510000000000005,0.0,0.0,51.21,0.0,0.0,0.0,0.0,0.0,198.7,23789.0,45004.0,20.1,7.62,71.7,30.168,4.795999999999999,173.5,0.0,0.0,
2026-04-20T06:38:01,04/20/202606:38,47.480000000000004,0.0,0.0,51.21,0.0,0.0,0.0,0.0,0.0,198.7,23789.0,45004.0,20.0,7.6,71.7,30.165,4.845999999999999,173.6,0.0,0.0,
2026-04-20T06:39:01,04/20/202606:39,49.05,0.0,0.0,51.21,0.0,0.0,0.0,0.0,0.0,198.7,23789.0,45004.0,20.0,7.6,71.6,30.162,4.9079999999999995,174.3,0.0,0.0,
2026-04-20T06:40:00,04/20/202606:40,50.62,0.0,0.0,51.21,0.0,0.0,0.0,0.0,0.0,198.7,23789.0,45004.0,20.0,7.6,71.5,30.159,4.97,175.0,0.0,0.0,
2026-04-20T06:41:01,04/20/202606:41,51.739999999999995,0.0,0.0,51.2,0.0,0.0,0.0,0.0,0.0,198.7,23789.0,45004.0,20.0,7.6,71.4,30.156,4.97,175.0,0.0,0.0,
2026-04-20T06:41:25,04/20/202606:41,52.33,0.0,0.0,51.2,0.0,0.0,0.0,0.0,0.0,198.7,23789.0,45004.0,20.0,7.6,71.3,30.153,4.97,175.0,0.0,0.0,
2026-04-20T06:42:00,04/20/202606:42,52.92,0.0,0.0,51.2,0.0,0.0,0.0,0.0,0.0,198.7,23789.0,45004.0,20.0,7.6,71.2,30.15,4.97,175.0,0.0,0.0,
2026-04-20T06:43:01,04/20/202606:43,52.92999999999999,0.0,0.0,51.2,0.0,0.0,0.0,0.0,0.0,198.7,23789.0,45004.0,20.1,7.6,71.1,30.15,4.97,175.0,0.0,0.0,
2026-04-20T06:45:11,04/20/202606:45,52.94,0.0,0.0,51.2,0.0,0.0,0.0,0.0,0.0,198.7,23789.0,45004.0,20.0,7.6,71.0,30.15,4.97,175.0,0.0,0.0,
2026-04-20T06:45:25,04/20/202606:45,52.96,0.0,0.0,51.2,0.0,0.0,0.0,0.0,0.0,198.7,23789.0,45004.0,20.0,7.589999999999999,71.1,30.153,4.92,175.5,0.0,0.0,
2026-04-20T06:46:01,04/20/202606:46,52.98,0.0,0.0,51.2,0.0,0.0,0.0,0.0,0.0,198.7,23789.0,45004.0,20.0,7.58,71.2,30.156,4.869999999999999,176.0,0.0,0.0,
2026-04-20T06:47:01,04/20/202606:47,53.0,0.0,0.0,51.2,0.0,0.0,0.0,0.0,0.0,198.7,23789.0,45004.0,20.0,7.57,71.3,30.159,4.819999999999999,176.5,0.0,0.0,
2026-04-20T06:48:01,04/20/202606:48,53.02,0.0,0.0,51.21,0.0,0.0,0.0,0.0,0.0,198.7,23789.0,45004.0,20.1,7.56,71.4,30.162,4.77,177.0,0.0,0.0,
2026-04-20T06:49:02,04/20/202606:49,53.04,0.0,0.0,51.21,0.0,0.0,0.0,0.0,0.0,198.7,23789.0,45004.0,20.0,7.55,71.5,30.165,4.72,177.5,0.0,0.0,
2026-04-20T06:50:01,04/20/202606:50,53.06,0.0,0.0,51.21,0.0,0.0,0.0,0.0,0.0,198.7,23789.0,45004.0,20.0,7.540000000000001,71.6,30.168,4.67,178.0,0.0,0.0,
2026-04-20T06:50:02,04/20/202606:50,53.08,0.0,0.0,51.21,0.0,0.0,0.0,0.0,0.0,198.7,23789.0,45004.0,20.0,7.529999999999999,71.7,30.171,4.619999999999999,178.5,0.0,0.0,
2026-04-20T06:51:00,04/20/202606:51,53.1,0.0,0.0,51.21,0.0,0.0,0.0,0.0,0.0,198.7,23789.0,45004.0,20.0,7.5200000000000005,71.8,30.174,4.569999999999999,179.0,0.0,0.0,
2026-04-20T06:52:01,04/20/202606:52,53.120000000000005,0.0,0.0,51.21,0.0,0.0,0.0,0.0,0.0,198.7,23789.0,45004.0,20.0,7.51,71.9,30.177,4.52,179.5,0.0,0.0,
2026-04-20T06:53:01,04/20/202606:53,53.14,0.0,0.0,51.21,0.0,0.0,0.0,0.0,0.0,198.7,23789.0,45004.0,20.0,7.5,72.0,30.18,4.47,180.0,0.0,0.0,
2026-04-20T06:53:03,04/20/202606:53,52.92,0.0,0.0,51.21,0.0,0.0,0.0,0.0,0.0,198.7,23789.0,45004.0,20.0,7.5,72.0,30.18,4.47,180.0,0.0,0.0,
2026-04-20T06:54:01,04/20/202606:54,52.7,0.0,0.0,51.21,0.0,0.0,0.0,0.0,0.0,198.7,23789.0,45004.0,20.0,7.5,72.0,30.18,4.47,180.0,0.0,0.0,
2026-04-20T06:54:02,04/20/202606:54,52.48,0.0,0.0,51.21,0.01,0.5121,0.5,0.0,0.0,198.7,23789.0,45004.0,20.0,7.5,72.0,30.18,4.47,180.0,0.0,0.0,
2026-04-20T06:55:01,04/20/202606:55,52.260000000000005,0.0,0.0,51.2,0.02,1.024,1.0,0.0,0.0,198.7,23789.0,45004.0,20.0,7.5,72.0,30.18,4.47,180.0,0.0,0.0,
2026-04-20T06:55:03,04/20/202606:55,59.970000000000006,0.0,0.0,51.2,0.02,1.024,1.0,0.0,0.0,198.7,23789.0,45004.0,20.0,7.5,72.0,30.18,4.47,180.0,0.0,0.0,
2026-04-20T06:56:22,04/20/202606:56,65.46000000000001,0.0,0.0,51.2,0.02,1.024,1.0,0.0,0.0,198.7,23789.0,45004.0,20.0,7.5,72.0,30.18,4.47,180.0,0.0,0.0,
2026-04-20T06:57:00,04/20/202606:57,70.94,0.0,0.0,51.2,0.02,1.024,1.0,0.0,0.0,198.7,23789.0,45004.0,20.0,7.5,72.0,30.18,4.47,180.0,0.0,0.0,
2026-04-20T06:57:03,04/20/202606:57,78.78999999999999,0.0,0.0,51.2,0.02,1.024,1.0,0.0,0.0,198.7,23789.0,45004.0,20.0,7.5,72.0,30.18,4.47,180.0,0.0,0.0,
2026-04-20T06:58:00,04/20/202606:58,86.64,0.0,0.0,51.2,0.02,1.024,1.0,0.0,0.0,198.7,23789.0,45004.0,20.0,7.5,72.0,30.18,4.47,180.0,0.0,0.0,
2026-04-20T06:58:02,04/20/202606:58,93.45,0.0,0.0,51.2,0.02,1.024,1.0,0.0,0.0,198.7,23789.0,45004.0,20.0,7.5,72.0,30.18,4.47,180.0,0.0,0.0,
2026-04-20T06:58:26,04/20/202606:58,101.61999999999999,0.0,0.0,51.2,0.02,1.024,1.0,0.0,0.0,198.7,23789.0,45004.0,20.0,7.5,72.0,30.18,4.47,180.0,0.0,0.0,
2026-04-20T06:59:00,04/20/202606:59,109.78999999999999,0.0,0.0,51.2,0.02,1.024,1.0,0.0,0.0,198.7,23789.0,45004.0,20.0,7.5,72.0,30.18,4.47,180.0,0.0,0.0,
2026-04-20T06:59:26,04/20/202606:59,118.03,0.0,0.0,51.2,0.01,0.512,0.5,0.0,0.0,198.7,23789.0,45004.0,20.0,7.5,72.0,30.18,4.47,180.0,0.0,0.0,
2026-04-20T07:00:00,04/20/202607:00,126.27000000000001,0.0,0.0,51.2,0.0,0.0,0.0,0.0,0.0,198.7,23789.0,45004.0,20.0,7.5,72.0,30.18,4.47,180.0,0.0,0.0,
2026-04-20T07:00:26,04/20/202607:00,126.63,0.0,0.0,51.2,0.0,0.0,0.0,0.0,0.0,198.7,23789.0,45004.0,20.0,7.4799999999999995,72.0,30.18,4.458,178.8,0.0,0.0,
2026-04-20T07:01:00,04/20/202607:01,129.20999999999998,0.0,0.0,51.2,0.0,0.0,0.0,0.0,0.0,198.7,23789.0,45004.0,20.0,7.459999999999999,72.0,30.18,4.446,177.6,0.0,0.0,
2026-04-20T07:01:25,04/20/202607:01,131.84,0.0,0.0,51.190000000000005,0.0,0.0,0.0,0.0,0.0,198.7,23789.0,45004.0,20.0,7.44,72.0,30.18,4.433999999999999,176.4,0.0,0.0,
2026-04-20T07:02:01,04/20/202607:02,132.1,0.0,0.0,51.18,0.0,0.0,0.0,0.0,0.0,198.7,23789.0,45004.0,20.0,7.42,72.0,30.18,4.422,175.2,0.0,0.0,
2026-04-20T07:02:26,04/20/202607:02,132.41000000000003,0.0,0.0,51.18,0.0,0.0,0.0,0.0,0.0,198.7,23789.0,45004.0,20.0,7.4,72.0,30.18,4.409999999999999,174.0,0.0,0.0,
2026-04-20T07:03:00,04/20/202607:03,133.76000000000002,0.0,0.0,51.18,0.0,0.0,0.0,0.0,0.0,198.7,23789.0,45004.0,20.0,7.38,72.0,30.18,4.398,172.8,0.0,0.0,
2026-04-20T07:03:26,04/20/202607:03,134.02,0.0,0.0,51.18,0.0,0.0,0.0,0.0,0.0,198.7,23789.0,45004.0,20.0,7.359999999999999,72.0,30.18,4.386,171.6,0.0,0.0,
2026-04-20T07:04:01,04/20/202607:04,134.28000000000003,0.0,0.0,51.18,0.0,0.0,0.0,0.0,0.0,198.7,23789.0,45004.0,20.0,7.340000000000001,72.0,30.18,4.374,170.4,0.0,0.0,
2026-04-20T07:04:26,04/20/202607:04,134.51000000000002,0.0,0.0,51.18,0.0,0.0,0.0,0.0,0.0,198.7,23789.0,45004.0,20.0,7.32,72.0,30.18,4.362,169.2,0.0,0.0,
2026-04-20T07:05:00,04/20/202607:05,134.74,0.0,0.0,51.18,0.0,0.0,0.0,0.0,0.0,198.7,23789.0,45004.0,20.0,7.3,72.0,30.18,4.35,168.0,0.0,0.0,
2026-04-20T07:05:26,04/20/202607:05,134.95,0.0,0.0,51.17,0.0,0.0,0.0,0.0,0.0,198.7,23789.0,45004.0,20.0,7.3,72.0,30.18,4.35,168.0,0.0,0.0,
2026-04-20T07:06:00,04/20/202607:06,135.16,0.0,0.0,51.160000000000004,0.0,0.0,0.0,0.0,0.0,198.7,23789.0,45004.0,20.0,7.3,72.0,30.18,4.35,168.0,0.0,0.0,
2026-04-20T07:07:34,04/20/202607:07,135.39000000000001,0.0,0.0,51.17,0.0,0.0,0.0,0.0,0.0,198.7,23789.0,45004.0,20.0,7.3,72.0,30.18,4.35,168.0,0.0,0.0,
2026-04-20T07:08:00,04/20/202607:08,135.62,0.0,0.0,51.18,0.0,0.0,0.0,0.0,0.0,198.7,23789.0,45004.0,20.0,7.3,72.0,30.18,4.35,168.0,0.0,0.0,
2026-04-20T07:08:26,04/20/202607:08,135.82999999999998,0.0,0.0,51.18,0.0,0.0,0.0,0.0,0.0,198.7,23789.0,45004.0,20.0,7.3,72.0,30.18,4.35,168.0,0.0,0.0,
2026-04-20T07:09:00,04/20/202607:09,136.04000000000002,0.0,0.0,51.18,0.0,0.0,0.0,0.0,0.0,198.7,23789.0,45004.0,20.0,7.3,72.0,30.18,4.35,168.0,0.0,0.0,
2026-04-20T07:09:26,04/20/202607:09,135.77,0.0,0.0,51.17,0.0,0.0,0.0,0.0,0.0,198.7,23789.0,45004.0,20.0,7.3,72.0,30.18,4.35,168.0,0.0,0.0,
2026-04-20T07:10:00,04/20/202607:10,135.5,0.0,0.0,51.160000000000004,0.0,0.0,0.0,0.0,0.0,198.7,23789.0,45004.0,20.0,7.3,72.0,30.18,4.35,168.0,0.0,0.0,
2026-04-20T07:10:26,04/20/202607:10,135.69,0.0,0.0,51.15,0.0,0.0,0.0,0.0,0.0,198.7,23789.0,45004.0,20.0,7.3,72.0,30.18,4.35,168.0,0.0,0.0,
2026-04-20T07:11:01,04/20/202607:11,135.88,0.0,0.0,51.14,0.0,0.0,0.0,0.0,0.0,198.7,23789.0,45004.0,20.0,7.3,72.0,30.18,4.35,168.0,0.0,0.0,
2026-04-20T07:11:26,04/20/202607:11,135.73,0.0,0.0,51.15,0.0,0.0,0.0,0.0,0.0,198.7,23789.0,45004.0,20.0,7.3,72.0,30.18,4.35,168.0,0.0,0.0,
2026-04-20T07:12:00,04/20/202607:12,135.57999999999998,0.0,0.0,51.160000000000004,0.0,0.0,0.0,0.0,0.0,198.7,23789.0,45004.0,20.0,7.3,72.0,30.18,4.35,168.0,0.0,0.0,
2026-04-20T07:12:15,04/20/202607:12,135.70999999999998,0.0,0.0,51.160000000000004,0.0,0.0,0.0,0.0,0.0,198.7,23789.0,45004.0,20.0,7.3,72.0,30.18,4.35,168.0,0.0,0.0,
2026-04-20T07:13:01,04/20/202607:13,135.84,0.0,0.0,51.160000000000004,0.0,0.0,0.0,0.0,0.0,198.7,23789.0,45004.0,20.0,7.3,72.0,30.18,4.35,168.0,0.0,0.0,
2026-04-20T07:13:16,04/20/202607:13,135.95999999999998,0.0,0.0,51.160000000000004,0.0,0.0,0.0,0.0,0.0,198.7,23789.0,45004.0,20.0,7.3,72.0,30.18,4.35,168.0,0.0,0.0,
2026-04-20T07:14:00,04/20/202607:14,136.07999999999998,0.0,0.0,51.160000000000004,0.0,0.0,0.0,0.0,0.0,198.7,23789.0,45004.0,20.0,7.3,72.0,30.18,4.35,168.0,0.0,0.0,
2026-04-20T07:14:16,04/20/202607:14,136.66,0.0,0.0,51.17,0.0,0.0,0.0,0.0,0.0,198.7,23789.0,45004.0,20.0,7.3,72.0,30.18,4.35,168.0,0.0,0.0,
2026-04-20T07:15:01,04/20/202607:15,137.24,0.0,0.0,51.18,0.0,0.0,0.0,0.0,0.0,198.7,23789.0,45004.0,20.0,7.3,72.0,30.18,4.35,168.0,0.0,0.0,
2026-04-20T07:15:16,04/20/202607:15,137.35,0.0,0.0,51.190000000000005,0.0,0.0,0.0,0.0,0.0,198.7,23789.0,45004.0,20.0,7.3,72.0,30.18,4.35,168.0,0.0,0.0,
2026-04-20T07:15:32,04/20/202607:15,137.45999999999998,0.0,0.0,51.21,0.0,0.0,0.0,0.0,0.0,198.7,23789.0,45004.0,20.0,7.31,72.0,30.18,4.3309999999999995,167.6,2.2,0.01,
2026-04-20T07:16:00,04/20/202607:16,137.88,0.0,0.0,51.220000000000006,0.0,0.0,0.0,0.0,0.0,198.7,23789.0,45004.0,20.0,7.32,72.0,30.18,4.311999999999999,167.2,4.4,0.02,
2026-04-20T07:16:32,04/20/202607:16,138.32,0.0,0.0,51.23,0.0,0.0,0.0,0.0,0.0,198.7,23789.0,45004.0,20.0,7.33,72.0,30.18,4.293,166.8,6.6,0.030000000000000006,
2026-04-20T07:17:01,04/20/202607:17,138.41,0.0,0.0,51.239999999999995,0.0,0.0,0.0,0.0,0.0,198.7,23789.0,45004.0,20.0,7.340000000000001,72.0,30.18,4.273999999999999,166.4,8.8,0.04,
2026-04-20T07:18:45,04/20/202607:18,138.54000000000002,0.0,0.0,51.25,0.0,0.0,0.0,0.0,0.0,198.7,23789.0,45004.0,20.0,7.35,72.0,30.18,4.255,166.0,11.0,0.05,
2026-04-20T07:19:01,04/20/202607:19,138.65,0.0,0.0,51.260000000000005,0.0,0.0,0.0,0.0,0.0,198.7,23789.0,45004.0,20.0,7.359999999999999,72.0,30.18,4.236,165.6,13.2,0.06000000000000001,
2026-04-20T07:19:32,04/20/202607:19,138.77,0.0,0.0,51.27,0.0,0.0,0.0,0.0,0.0,198.7,23789.0,45004.0,20.0,7.37,72.0,30.18,4.2170000000000005,165.2,15.4,0.07,
2026-04-20T07:20:01,04/20/202607:20,138.87,0.0,0.0,51.279999999999994,0.0,0.0,0.0,0.0,0.0,198.7,23789.0,45004.0,20.0,7.38,72.0,30.18,4.198,164.8,17.6,0.08,
2026-04-20T07:20:32,04/20/202607:20,138.99,0.0,0.0,51.29,0.0,0.0,0.0,0.0,0.0,198.7,23789.0,45004.0,20.0,7.390000000000001,72.0,30.18,4.179,164.4,19.8,0.09,
2026-04-20T07:21:00,04/20/202607:21,139.07999999999998,0.0,0.0,51.3,0.0,0.0,0.0,0.0,0.0,198.7,23789.0,45004.0,20.0,7.4,72.0,30.18,4.16,164.0,22.0,0.1,
2026-04-20T07:21:31,04/20/202607:21,139.19,0.0,0.0,51.3,0.0,0.0,0.0,0.0,0.0,198.7,23789.0,45004.0,20.0,7.4,72.0,30.18,4.16,164.0,22.0,0.1,
2026-04-20T07:22:01,04/20/202607:22,139.3,0.0,0.0,51.3,0.0,0.0,0.0,0.0,0.0,198.7,23789.0,45004.0,20.0,7.4,72.0,30.18,4.16,164.0,22.0,0.1,
2026-04-20T07:22:32,04/20/202607:22,139.4,0.0,0.0,51.29,0.0,0.0,0.0,0.0,0.0,198.7,23789.0,45004.0,20.0,7.4,72.0,30.18,4.16,164.0,22.0,0.1,
2026-04-20T07:23:00,04/20/202607:23,139.5,0.0,0.0,51.279999999999994,0.0,0.0,0.0,0.0,0.0,198.7,23789.0,45004.0,20.0,7.4,72.0,30.18,4.16,164.0,22.0,0.1,
2026-04-20T07:23:31,04/20/202607:23,139.57,0.0,0.0,51.27,0.0,0.0,0.0,0.0,0.0,198.7,23789.0,45004.0,20.0,7.4,72.0,30.18,4.16,164.0,22.0,0.1,
2026-04-20T07:24:01,04/20/202607:24,139.64000000000001,0.0,0.0,51.260000000000005,0.0,0.0,0.0,0.0,0.0,198.7,23789.0,45004.0,20.0,7.4,72.0,30.18,4.16,164.0,22.0,0.1,
2026-04-20T07:24:32,04/20/202607:24,139.72,0.0,0.0,51.260000000000005,0.0,0.0,0.0,0.0,0.0,198.7,23789.0,45004.0,20.0,7.4,72.0,30.18,4.16,164.0,22.0,0.1,
2026-04-20T07:25:00,04/20/202607:25,139.8,0.0,0.0,51.260000000000005,0.0,0.0,0.0,0.0,0.0,198.7,23789.0,45004.0,20.0,7.4,72.0,30.18,4.16,164.0,22.0,0.1,
2026-04-20T07:25:32,04/20/202607:25,139.88,0.0,0.0,51.260000000000005,0.0,0.0,0.0,0.0,0.0,198.7,23789.0,45004.0,20.0,7.4,72.0,30.18,4.16,164.0,22.0,0.1,
2026-04-20T07:26:01,04/20/202607:26,139.95999999999998,0.0,0.0,51.260000000000005,0.0,0.0,0.0,0.0,0.0,198.7,23789.0,45004.0,20.0,7.4,72.0,30.18,4.16,164.0,22.0,0.1,
2026-04-20T07:26:32,04/20/202607:26,140.03,0.0,0.0,51.27,0.0,0.0,0.0,0.0,0.0,198.7,23789.0,45004.0,20.0,7.4,72.0,30.18,4.16,164.0,22.0,0.1,
2026-04-20T07:27:00,04/20/202607:27,140.1,0.0,0.0,51.279999999999994,0.0,0.0,0.0,0.0,0.0,198.7,23789.0,45004.0,20.0,7.4,72.0,30.18,4.16,164.0,22.0,0.1,
2026-04-20T07:27:32,04/20/202607:27,140.17000000000002,0.0,0.0,51.29,0.0,0.0,0.0,0.0,0.0,198.7,23789.0,45004.0,20.0,7.4,72.0,30.18,4.16,164.0,22.0,0.1,
2026-04-20T07:28:01,04/20/202607:28,140.24,0.0,0.0,51.3,0.0,0.0,0.0,0.0,0.0,198.7,23789.0,45004.0,20.0,7.4,72.0,30.18,4.16,164.0,22.0,0.1,
2026-04-20T07:29:57,04/20/202607:29,140.3,0.0,0.0,51.31999999999999,0.0,0.0,0.0,0.0,0.0,198.7,23789.0,45004.0,20.0,7.4,72.0,30.18,4.16,164.0,22.0,0.1,
2026-04-20T07:30:01,04/20/202607:30,140.35999999999999,0.0,0.0,51.339999999999996,0.0,0.0,0.0,0.0,0.0,198.7,23789.0,45004.0,20.0,7.4,72.0,30.18,4.16,164.0,22.0,0.1,
2026-04-20T07:30:12,04/20/202607:30,140.42000000000002,0.0,0.0,51.35,0.0,0.0,0.0,0.0,0.0,198.7,23789.0,45004.0,20.0,7.4,72.0,30.18,4.16,164.0,22.0,0.1,
2026-04-20T07:31:01,04/20/202607:31,140.48,0.0,0.0,51.36,0.0,0.0,0.0,0.0,0.0,198.7,23789.0,45004.0,20.0,7.4,72.0,30.18,4.16,164.0,22.0,0.1,
2026-04-20T07:31:13,04/20/202607:31,140.53,0.0,0.0,51.36999999999999,0.0,0.0,0.0,0.0,0.0,198.7,23789.0,45004.0,20.0,7.45,71.9,30.18,4.111,164.2,25.8,0.11000000000000001,
2026-04-20T07:32:01,04/20/202607:32,140.57999999999998,0.0,0.0,51.379999999999995,0.0,0.0,0.0,0.0,0.0,198.7,23789.0,45004.0,20.0,7.5,71.8,30.18,4.062,164.4,29.6,0.12000000000000002,
2026-04-20T07:32:12,04/20/202607:32,140.63,0.0,0.0,51.379999999999995,0.0,0.0,0.0,0.0,0.0,198.7,23789.0,45004.0,20.0,7.5600000000000005,71.7,30.18,4.013,164.6,33.4,0.13,
2026-04-20T07:33:01,04/20/202607:33,140.68,0.0,0.0,51.379999999999995,0.0,0.0,0.0,0.0,0.0,198.7,23789.0,45004.0,20.0,7.62,71.6,30.18,3.964,164.8,37.2,0.14,
2026-04-20T07:33:21,04/20/202607:33,140.73,0.0,0.0,51.39,0.0,0.0,0.0,0.0,0.0,198.7,23789.0,45004.0,20.0,7.68,71.5,30.18,3.915,165.0,41.0,0.15,
2026-04-20T07:34:00,04/20/202607:34,140.78,0.0,0.0,51.4,0.0,0.0,0.0,0.0,0.0,198.7,23789.0,45004.0,20.0,7.74,71.4,30.18,3.8659999999999997,165.2,44.8,0.16,
2026-04-20T07:34:20,04/20/202607:34,140.84,0.0,0.0,51.4,0.0,0.0,0.0,0.0,0.0,198.7,23789.0,45004.0,20.0,7.8,71.3,30.18,3.817,165.4,48.6,0.17,
2026-04-20T07:35:01,04/20/202607:35,140.9,0.0,0.0,51.4,0.0,0.0,0.0,0.0,0.0,198.7,23789.0,45004.0,20.0,7.859999999999999,71.2,30.18,3.768,165.6,52.4,0.18,
2026-04-20T07:36:00,04/20/202607:36,140.94,0.0,0.0,51.410000000000004,0.0,0.0,0.0,0.0,0.0,198.7,23789.0,45004.0,20.0,7.92,71.1,30.18,3.719,165.8,56.2,0.19,
2026-04-20T07:36:20,04/20/202607:36,140.99,0.0,0.0,51.42,0.0,0.0,0.0,0.0,0.0,198.7,23789.0,45004.0,20.0,7.9799999999999995,71.0,30.18,3.6630000000000003,167.8,60.0,0.2,
2026-04-20T07:37:01,04/20/202607:37,141.03,0.0,0.0,51.42999999999999,0.0,0.0,0.0,0.0,0.0,198.7,23789.0,45004.0,20.0,7.99,71.0,30.18,3.656,169.6,60.0,0.2,
2026-04-20T07:38:00,04/20/202607:38,141.07,0.0,0.0,51.44,0.0,0.0,0.0,0.0,0.0,198.7,23789.0,45004.0,20.0,8.0,71.0,30.18,3.7119999999999997,171.3,60.0,0.2,
2026-04-20T07:38:21,04/20/202607:38,141.10999999999999,0.0,0.0,51.45,0.0,0.0,0.0,0.0,0.0,198.7,23789.0,45004.0,20.0,8.0,71.0,30.18,3.768,173.0,60.0,0.2,
2026-04-20T07:39:01,04/20/202607:39,141.15,0.0,0.0,51.46,0.0,0.0,0.0,0.0,0.0,198.7,23789.0,45004.0,20.0,8.0,71.0,30.18,3.8240000000000003,174.7,60.0,0.2,
2026-04-20T07:39:21,04/20/202607:39,133.12,0.02,2.6624000000000003,51.46,0.02,1.0292000000000001,1.0,0.0,0.0,198.7,23789.0,45004.0,20.0,8.0,71.0,30.18,3.8800000000000003,176.4,60.0,0.2,0.38656850961538464
2026-04-20T07:41:08,04/20/202607:41,125.09,0.04,5.0036000000000005,51.470000000000006,0.05,2.5735000000000006,2.5,0.0,0.0,198.7,23789.0,45004.0,20.0,8.0,70.9,30.18,3.936,178.1,60.0,0.2,0.5143296826285075
2026-04-20T07:41:21,04/20/202607:41,117.39000000000001,0.06999999999999999,8.2173,51.48,0.08,4.118399999999999,4.0,0.0,0.0,198.7,23789.0,45004.0,20.0,8.0,70.8,30.18,3.992,179.8,60.0,0.2,0.5011865211200759
2026-04-20T07:42:01,04/20/202607:42,109.69000000000001,0.1,10.969000000000001,51.489999999999995,0.11000000000000001,5.6639,5.5,0.0,0.0,198.7,23789.0,45004.0,20.0,8.0,70.7,30.18,4.048,181.5,60.0,0.2,0.5163551827878566
2026-04-20T07:43:01,04/20/202607:43,101.05,0.13,13.1365,51.5,0.13999999999999999,7.209999999999999,7.0,0.0,0.0,198.7,23789.0,45004.0,20.0,8.0,70.6,30.18,4.104000000000001,183.2,60.0,0.2,0.5488524340577778
2026-04-20T07:44:01,04/20/202607:44,92.4,0.16,14.784,51.510000000000005,0.16999999999999998,8.7567,8.5,0.0,0.0,198.7,23789.0,45004.0,20.0,8.0,70.5,30.18,4.167,183.1,60.0,0.2,0.5923092532467532
2026-04-20T07:44:02,04/20/202607:44,83.76,0.19,15.9144,51.510000000000005,0.2,10.302000000000001,10.0,0.0,0.0,198.7,23789.0,45004.0,20.0,8.0,70.4,30.18,4.23,183.0,60.0,0.2,0.647338259689338
2026-04-20T07:45:00,04/20/202607:45,75.12,0.22000000000000003,16.526400000000002,51.510000000000005,0.22999999999999998,11.8473,11.5,0.0,0.0,198.7,23789.0,45004.0,20.0,8.0,70.3,30.18,4.23,183.0,60.0,0.2,0.7168711879175137
2026-04-20T07:45:01,04/20/202607:45,67.36,0.25,16.84,51.52,0.25,12.88,12.5,0.0,0.0,198.7,23789.0,45004.0,20.0,8.0,70.2,30.18,4.23,183.0,60.0,0.2,0.7648456057007127
2026-04-20T07:46:01,04/20/202607:46,59.6,0.27999999999999997,16.688,51.529999999999994,0.27,13.9131,13.5,0.0,0.0,198.7,23789.0,45004.0,20.0,8.0,70.1,30.18,4.23,183.0,60.0,0.2,0.8337188398849473
2026-04-20T07:46:02,04/20/202607:46,59.9,0.29,17.371,51.55,0.27,13.9185,13.5,0.0,0.0,198.7,23789.0,45004.0,20.0,8.09,69.8,30.18,4.167,182.7,64.7,0.21000000000000002,0.8012492084508664
2026-04-20T07:46:29,04/20/202607:46,60.96,0.31,18.8976,51.56,0.27999999999999997,14.4368,14.0,0.0,0.0,198.7,23789.0,45004.0,20.0,8.18,69.6,30.18,4.104000000000001,182.4,69.4,0.22000000000000003,0.7639488612310558
2026-04-20T07:47:01,04/20/202607:47,61.67999999999999,0.32,19.737599999999997,51.57000000000001,0.29,14.955300000000001,14.5,0.0,0.0,198.7,23789.0,45004.0,20.0,8.27,69.4,30.18,4.041,182.1,74.1,0.22999999999999998,0.7577061040856032
2026-04-20T07:47:29,04/20/202607:47,61.98,0.32999999999999996,20.453399999999995,51.589999999999996,0.3,15.476999999999999,15.0,0.0,0.0,198.7,23789.0,45004.0,20.0,8.36,69.2,30.18,3.978,181.8,78.8,0.24,0.7566957082929978
2026-04-20T07:48:01,04/20/202607:48,63.220000000000006,0.33999999999999997,21.4948,51.6,0.31,15.996,15.5,0.0,0.0,198.7,23789.0,45004.0,20.0,8.45,69.0,30.18,3.9150000000000005,181.5,83.5,0.25,0.7441799877179597
2026-04-20T07:48:29,04/20/202607:48,63.410000000000004,0.33999999999999997,21.5594,51.6,0.32,16.512,16.0,0.0,0.0,198.7,23789.0,45004.0,20.0,8.540000000000001,68.8,30.18,3.8520000000000003,181.2,88.2,0.26,0.7658840227464586
2026-04-20T07:49:01,04/20/202607:49,63.589999999999996,0.33999999999999997,21.620599999999996,51.61,0.33,17.0313,16.5,0.0,0.0,198.7,23789.0,45004.0,20.0,8.629999999999999,68.6,30.18,3.789,180.9,92.9,0.27,0.7877348454714488
2026-04-20T07:49:29,04/20/202607:49,63.779999999999994,0.33999999999999997,21.685199999999995,51.63000000000001,0.34,17.554200000000005,17.0,0.0,0.0,198.7,23789.0,45004.0,20.0,8.72,68.4,30.18,3.7260000000000004,180.6,97.6,0.27999999999999997,0.809501411100659
2026-04-20T07:50:01,04/20/202607:50,63.08,0.33999999999999997,21.4472,51.64,0.36,18.5904,18.0,0.0,0.0,198.7,23789.0,45004.0,20.0,8.81,68.2,30.18,3.6630000000000003,180.3,102.3,0.29,0.8667984632026559
2026-04-20T07:50:29,04/20/202607:50,62.7,0.33999999999999997,21.317999999999998,51.65,0.37,19.1105,18.5,0.0,0.0,198.7,23789.0,45004.0,20.0,8.9,68.0,30.18,3.6,180.0,107.0,0.3,0.8964490102261
2026-04-20T07:51:01,04/20/202607:51,62.32000000000001,0.33999999999999997,21.1888,51.660000000000004,0.38,19.6308,19.0,0.0,0.0,198.7,23789.0,45004.0,20.0,8.9,68.0,30.18,3.6,180.0,107.0,0.3,0.9264705882352942
2026-04-20T07:52:20,04/20/202607:52,61.17999999999999,0.32999999999999996,20.189399999999996,51.67,0.37,19.1179,18.5,0.0,0.0,198.7,23789.0,45004.0,20.0,8.9,68.0,30.18,3.6,180.0,107.0,0.3,0.9469275956690146
2026-04-20T07:52:30,04/20/202607:52,60.470000000000006,0.32,19.350400000000004,51.68000000000001,0.36,18.6048,18.0,0.0,0.0,198.7,23789.0,45004.0,20.0,8.9,68.0,30.18,3.6,180.0,107.0,0.3,0.9614684967752603
2026-04-20T07:53:00,04/20/202607:53,60.17999999999999,0.31,18.6558,51.68000000000001,0.35,18.088,17.5,0.0,0.0,198.7,23789.0,45004.0,20.0,8.9,68.0,30.18,3.6,180.0,107.0,0.3,0.9695644250045563
2026-04-20T07:53:29,04/20/202607:53,59.9,0.3,17.97,51.68000000000001,0.33999999999999997,17.5712,17.0,0.0,0.0,198.7,23789.0,45004.0,20.0,8.9,68.0,30.18,3.6,180.0,107.0,0.3,0.9778074568725655
2026-04-20T07:54:00,04/20/202607:54,60.67,0.3,18.201,51.69,0.32999999999999996,17.057699999999997,16.5,0.0,0.0,198.7,23789.0,45004.0,20.0,8.9,68.0,30.18,3.6,180.0,107.0,0.3,0.9371847700675785
2026-04-20T07:54:30,04/20/202607:54,61.6,0.31,19.096,51.71,0.32999999999999996,17.0643,16.5,0.0,0.0,198.7,23789.0,45004.0,20.0,8.9,68.0,30.18,3.6,180.0,107.0,0.3,0.8936059907834101
2026-04-20T07:55:00,04/20/202607:55,62.52,0.32,20.006400000000003,51.720000000000006,0.32999999999999996,17.0676,16.5,0.0,0.0,198.7,23789.0,45004.0,20.0,8.9,68.0,30.18,3.6,180.0,107.0,0.3,0.8531070057581572
2026-04-20T07:55:29,04/20/202607:55,71.06,0.29,20.6074,51.739999999999995,0.29,15.004599999999998,14.5,0.0,0.0,198.7,23789.0,45004.0,20.0,8.9,68.0,30.18,3.6,180.0,107.0,0.3,0.7281170841542358
2026-04-20T07:56:00,04/20/202607:56,79.28,0.26,20.6128,51.760000000000005,0.26,13.457600000000001,13.0,0.0,0.0,198.7,23789.0,45004.0,20.0,8.9,68.0,30.18,3.6,180.0,107.0,0.3,0.6528758829465188
2026-04-20T07:56:30,04/20/202607:56,80.02000000000001,0.27,21.605400000000003,51.779999999999994,0.27,13.980599999999999,13.5,0.0,0.0,198.7,23789.0,45004.0,20.0,8.9,68.0,30.18,3.6,180.0,107.0,0.3,0.6470882279430141
2026-04-20T07:57:00,04/20/202607:57,80.76,0.27999999999999997,22.6128,51.8,0.27999999999999997,14.503999999999998,14.0,0.0,0.0,198.7,23789.0,45004.0,20.0,8.9,68.0,30.18,3.6,180.0,107.0,0.3,0.6414066369489846
2026-04-20T07:57:29,04/20/202607:57,88.57000000000001,0.25,22.142500000000002,51.81,0.25,12.9525,12.5,0.0,0.0,198.7,23789.0,45004.0,20.0,8.9,68.0,30.18,3.6,180.0,107.0,0.3,0.5849610477588348
2026-04-20T07:58:01,04/20/202607:58,96.38,0.22000000000000003,21.2036,51.82000000000001,0.22000000000000003,11.400400000000003,11.0,0.0,0.0,198.7,23789.0,45004.0,20.0,8.9,68.0,30.18,3.6,180.0,107.0,0.3,0.5376634156463997
2026-04-20T07:58:29,04/20/202607:58,96.67999999999999,0.22000000000000003,21.2696,51.839999999999996,0.23000000000000004,11.923200000000001,11.5,0.0,0.0,198.7,23789.0,45004.0,20.0,8.9,68.0,30.18,3.6,180.0,107.0,0.3,0.5605747169669388
2026-04-20T07:59:00,04/20/202607:59,96.97999999999999,0.22000000000000003,21.3356,51.86,0.24000000000000005,12.446400000000002,12.0,0.0,0.0,198.7,23789.0,45004.0,20.0,8.9,68.0,30.18,3.6,180.0,107.0,0.3,0.5833630176793717
2026-04-20T07:59:29,04/20/202607:59,104.63,0.18,18.833399999999997,51.879999999999995,0.2,10.376,10.0,0.0,0.0,198.7,23789.0,45004.0,20.0,8.9,68.0,30.18,3.6,180.0,107.0,0.3,0.5509361028810518
2026-04-20T08:00:01,04/20/202608:00,112.28,0.13999999999999999,15.719199999999999,51.9,0.16,8.304,8.0,0.0,0.0,198.7,23789.0,45004.0,20.0,8.9,68.0,30.18,3.6,180.0,107.0,0.3,0.5282711588375999
2026-04-20T08:00:29,04/20/202608:00,104.94000000000001,0.16999999999999998,17.8398,51.910000000000004,0.2,10.382000000000001,10.0,0.0,0.0,198.7,23789.0,45004.0,20.0,8.9,68.0,30.18,3.6,180.0,107.0,0.3,0.5819571968295609
2026-04-20T08:01:00,04/20/202608:01,97.6,0.2,19.52,51.92,0.24000000000000005,12.460800000000003,12.0,0.0,0.0,198.7,23789.0,45004.0,20.0,8.9,68.0,30.18,3.6,180.0,107.0,0.3,0.6383606557377051
2026-04-20T08:01:29,04/20/202608:01,105.1,0.16,16.816,51.92999999999999,0.2,10.386,10.0,0.0,0.0,198.7,23789.0,45004.0,20.0,9.010000000000002,67.9,30.18,3.768,181.2,112.2,0.31,0.6176260704091342
2026-04-20T08:02:00,04/20/202608:02,112.6,0.12,13.511999999999999,51.94,0.16,8.3104,8.0,0.0,0.0,198.7,23789.0,45004.0,20.0,9.120000000000001,67.8,30.18,3.936,182.4,117.4,0.32,0.6150384843102428
2026-04-20T08:03:31,04/20/202608:03,105.04,0.15,15.756,51.96,0.2,10.392000000000001,10.0,0.0,0.0,198.7,23789.0,45004.0,20.0,9.23,67.7,30.18,4.104,183.6,122.6,0.32999999999999996,0.6595582635186596
2026-04-20T08:04:00,04/20/202608:04,97.48,0.18,17.5464,51.98,0.24000000000000005,12.475200000000001,12.0,0.0,0.0,198.7,23789.0,45004.0,20.0,9.34,67.6,30.18,4.272,184.8,127.8,0.33999999999999997,0.7109834495964985
2026-04-20T08:04:07,04/20/202608:04,97.75,0.19,18.5725,52.0,0.24000000000000005,12.480000000000002,12.0,0.0,0.0,198.7,23789.0,45004.0,20.0,9.45,67.5,30.18,4.4399999999999995,186.0,133.0,0.35,0.6719612330057881
2026-04-20T08:05:00,04/20/202608:05,98.02000000000001,0.2,19.604000000000003,52.02,0.24000000000000005,12.484800000000003,12.0,0.0,0.0,198.7,23789.0,45004.0,20.0,9.559999999999999,67.4,30.18,4.608,187.2,138.2,0.36,0.6368496225260152
2026-04-20T08:05:08,04/20/202608:05,97.98,0.2,19.596000000000004,52.029999999999994,0.24000000000000005,12.487200000000001,12.0,0.0,0.0,198.7,23789.0,45004.0,20.0,9.67,67.3,30.18,4.776000000000001,188.4,143.4,0.37,0.6372320881812614
2026-04-20T08:06:00,04/20/202608:06,97.94000000000001,0.2,19.588000000000005,52.04,0.24000000000000005,12.489600000000003,12.0,0.0,0.0,198.7,23789.0,45004.0,20.0,9.78,67.2,30.18,4.944000000000001,189.6,148.6,0.38,0.6376148662446396
2026-04-20T08:06:07,04/20/202608:06,96.87,0.22000000000000003,21.311400000000003,52.05,0.25,13.0125,12.6,0.0,0.0,198.7,23789.0,45004.0,20.0,9.89,67.1,30.18,5.112,190.8,153.8,0.39,0.6105886990061656
2026-04-20T08:07:01,04/20/202608:07,95.8,0.24,22.991999999999997,52.06,0.26,13.5356,13.2,0.0,0.0,198.7,23789.0,45004.0,20.0,10.0,67.0,30.18,5.28,192.0,159.0,0.4,0.5887091162143355
2026-04-20T08:08:00,04/20/202608:08,87.37,0.29,25.3373,52.07000000000001,0.31,16.141700000000004,15.8,0.0,0.0,198.7,23789.0,45004.0,20.0,10.0,67.0,30.18,5.28,192.0,159.0,0.4,0.6370726162614013
2026-04-20T08:08:28,04/20/202608:08,78.95,0.33999999999999997,26.843,52.089999999999996,0.36,18.752399999999998,18.4,0.0,0.0,198.7,23789.0,45004.0,20.0,10.0,67.0,30.18,5.28,192.0,159.0,0.4,0.6985955370115113
2026-04-20T08:09:01,04/20/202608:09,78.09,0.36,28.1124,52.11,0.37,19.2807,19.0,0.0,0.0,198.7,23789.0,45004.0,20.0,10.0,67.0,30.18,5.28,192.0,159.0,0.4,0.6858432577794852
2026-04-20T08:09:28,04/20/202608:09,81.47999999999999,0.37,30.147599999999997,52.14,0.38,19.813200000000002,19.6,0.0,0.0,198.7,23789.0,45004.0,20.0,10.0,67.0,30.18,5.28,192.0,159.0,0.4,0.6572065438044821
2026-04-20T08:10:00,04/20/202608:10,84.53999999999999,0.37,31.279799999999998,52.160000000000004,0.39,20.3424,20.2,0.0,0.0,198.7,23789.0,45004.0,20.0,10.0,67.0,30.18,5.28,192.0,159.0,0.4,0.6503366389810677
2026-04-20T08:11:01,04/20/202608:11,87.6,0.37,32.412,52.17999999999999,0.4,20.872,20.8,0.0,0.0,198.7,23789.0,45004.0,20.0,10.0,67.0,30.18,5.28,192.0,159.0,0.4,0.6439590275206714
2026-04-20T08:11:28,04/20/202608:11,83.41,0.41,34.1981,52.2,0.45999999999999996,24.012,23.4,0.0,0.0,198.7,23789.0,45004.0,20.0,10.0,67.0,30.18,5.28,192.0,159.0,0.4,0.70214427117296
2026-04-20T08:12:00,04/20/202608:12,79.22,0.45,35.649,52.220000000000006,0.52,27.154400000000003,26.0,0.0,0.0,198.7,23789.0,45004.0,20.0,10.0,67.0,30.18,5.28,192.0,159.0,0.4,0.7617156161463156
2026-04-20T08:12:28,04/20/202608:12,82.11,0.44000000000000006,36.128400000000006,52.239999999999995,0.51,26.6424,24.9,0.0,0.0,198.7,23789.0,45004.0,19.9,10.0,67.0,30.18,5.28,192.0,159.0,0.4,0.7374364765669111
2026-04-20T08:13:01,04/20/202608:13,85.0,0.43,36.55,52.260000000000005,0.5,26.130000000000003,23.8,0.0,0.0,198.7,23789.0,45004.0,19.9,10.0,67.0,30.18,5.28,192.0,159.0,0.4,0.7149110807113545
2026-04-20T08:14:42,04/20/202608:14,85.88,0.42000000000000004,36.0696,52.29,0.49000000000000005,25.622100000000003,23.2,0.0,0.0,198.7,23789.0,45004.0,19.9,10.0,67.0,30.18,5.28,192.0,159.0,0.4,0.7103516534699581
2026-04-20T08:15:01,04/20/202608:15,86.75,0.41000000000000003,35.5675,52.31,0.48,25.1088,22.6,0.0,0.0,198.7,23789.0,45004.0,19.9,10.0,67.0,30.18,5.28,192.0,159.0,0.4,0.7059478456456033
2026-04-20T08:15:28,04/20/202608:15,95.17999999999999,0.36,34.264799999999994,52.33,0.43,22.5019,20.0,0.0,0.0,198.7,23789.0,45004.0,20.0,10.129999999999999,66.7,30.18,5.535,192.8,164.4,0.42000000000000004,0.6567060073311387
2026-04-20T08:16:00,04/20/202608:16,99.36,0.32,31.7952,52.339999999999996,0.38,19.8892,17.4,0.0,0.0,198.7,23789.0,45004.0,20.0,10.26,66.4,30.18,5.790000000000001,193.6,169.8,0.44000000000000006,0.62554096215781
2026-04-20T08:16:28,04/20/202608:16,95.72,0.32,30.6304,52.35,0.37,19.3695,16.3,0.0,0.0,198.7,23789.0,45004.0,19.9,10.39,66.1,30.18,6.045,194.4,175.2,0.45999999999999996,0.6323619671959883
2026-04-20T08:17:01,04/20/202608:17,92.08,0.32,29.4656,52.36,0.36,18.8496,15.2,0.0,0.0,198.7,23789.0,45004.0,19.9,10.52,65.8,30.18,6.3,195.2,180.6,0.48,0.6397154648132058
2026-04-20T08:17:28,04/20/202608:17,88.5,0.32,28.32,52.379999999999995,0.34,17.8092,14.7,0.0,0.0,198.7,23789.0,45004.0,20.0,10.65,65.5,30.18,6.555,196.0,186.0,0.5,0.6288559322033899
2026-04-20T08:18:01,04/20/202608:18,84.92,0.32,27.174400000000002,52.4,0.32,16.768,14.2,0.0,0.0,198.7,23789.0,45004.0,20.0,10.780000000000001,65.2,30.18,6.81,196.8,191.4,0.52,0.6170513424399434
2026-04-20T08:19:00,04/20/202608:19,82.66,0.32,26.4512,52.42,0.32,16.7744,14.8,0.0,0.0,198.7,23789.0,45004.0,19.9,10.91,64.9,30.18,7.065,197.6,196.8,0.54,0.6341640454875394
2026-04-20T08:19:28,04/20/202608:19,84.0,0.32,26.88,52.45,0.32,16.784000000000002,15.4,0.0,0.0,198.7,23789.0,45004.0,19.9,11.040000000000001,64.6,30.18,7.32,198.4,202.2,0.5599999999999999,0.624404761904762
2026-04-20T08:20:01,04/20/202608:20,87.35,0.32,27.951999999999998,52.470000000000006,0.32,16.7904,15.5,0.0,0.0,198.7,23789.0,45004.0,19.9,11.17,64.3,30.18,7.575,199.2,207.6,0.58,0.6006868918145393
2026-04-20T08:20:28,04/20/202608:20,90.71000000000001,0.32,29.027200000000004,52.489999999999995,0.32,16.796799999999998,15.6,0.0,0.0,198.7,23789.0,45004.0,19.9,11.3,64.0,30.18,7.83,200.0,213.0,0.6,0.5786572593980817
2026-04-20T08:21:00,04/20/202608:21,86.51,0.36,31.1436,52.510000000000005,0.36,18.9036,17.7,0.0,0.0,198.7,23789.0,45004.0,19.9,11.3,64.0,30.18,7.83,200.0,213.0,0.6,0.6069818518090394
2026-04-20T08:21:28,04/20/202608:21,82.32000000000001,0.4,32.928000000000004,52.54,0.4,21.016000000000002,19.8,0.0,0.0,198.7,23789.0,45004.0,19.9,11.3,64.0,30.18,7.83,200.0,213.0,0.6,0.6382410106899903
2026-04-20T08:22:01,04/20/202608:22,85.95,0.4,34.38,52.57000000000001,0.4,21.028000000000006,20.4,0.0,0.0,198.7,23789.0,45004.0,19.9,11.3,64.0,30.18,7.83,200.0,213.0,0.6,0.6116346713205353
2026-04-20T08:23:07,04/20/202608:23,89.64,0.4,35.856,52.6,0.4,21.040000000000003,21.0,0.0,0.0,198.7,23789.0,45004.0,20.0,11.3,64.0,30.18,7.83,200.0,213.0,0.6,0.5867916108879965
2026-04-20T08:24:01,04/20/202608:24,93.32000000000001,0.4,37.328,52.620000000000005,0.4,21.048000000000002,21.0,0.0,0.0,198.7,23789.0,45004.0,20.0,11.3,64.0,30.18,7.83,200.0,213.0,0.6,0.5638662666095157
2026-04-20T08:24:08,04/20/202608:24,96.96000000000001,0.4,38.784000000000006,52.64,0.4,21.056,21.0,0.0,0.0,198.7,23789.0,45004.0,20.0,11.3,64.0,30.18,7.83,200.0,212.9,0.6,0.5429042904290429
2026-04-20T08:25:53,04/20/202608:25,99.22,0.4,39.688,52.67,0.41000000000000003,21.594700000000003,21.5,0.0,0.0,198.7,23789.0,45004.0,19.9,11.290000000000001,64.0,30.18,7.83,200.0,212.8,0.6,0.5441115702479339
2026-04-20T08:26:01,04/20/202608:26,97.88,0.4,39.152,52.69,0.42000000000000004,22.1298,22.0,0.0,0.0,198.7,23789.0,45004.0,19.9,11.280000000000001,64.0,30.18,7.83,200.0,212.7,0.6,0.5652278299959134
2026-04-20T08:26:08,04/20/202608:26,96.55,0.4,38.620000000000005,52.71,0.43,22.6653,22.5,0.0,0.0,198.7,23789.0,45004.0,20.0,11.27,64.0,30.18,7.83,200.0,212.6,0.6,0.5868798549974106
2026-04-20T08:27:01,04/20/202608:27,95.21000000000001,0.4,38.084,52.73,0.44000000000000006,23.2012,23.0,0.0,0.0,198.7,23789.0,45004.0,20.0,11.26,64.0,30.18,7.83,200.0,212.5,0.6,0.6092112173091061
2026-04-20T08:27:08,04/20/202608:27,93.88,0.4,37.552,52.75,0.45,23.7375,23.5,0.0,0.0,198.7,23789.0,45004.0,19.9,11.25,64.0,30.18,7.83,200.0,212.4,0.6,0.6321234554750745
2026-04-20T08:28:00,04/20/202608:28,92.53999999999999,0.4,37.016,52.760000000000005,0.45999999999999996,24.2696,24.0,0.0,0.0,198.7,23789.0,45004.0,19.9,11.24,64.0,30.18,7.83,200.0,212.3,0.6,0.6556516101145451
2026-04-20T08:28:08,04/20/202608:28,91.16,0.4,36.464,52.779999999999994,0.47000000000000003,24.8066,24.5,0.0,0.0,198.7,23789.0,45004.0,19.9,11.23,64.0,30.18,7.83,200.0,212.2,0.6,0.6803038613426942
2026-04-20T08:29:01,04/20/202608:29,89.72,0.4,35.888,52.8,0.48,25.343999999999998,25.0,0.0,0.0,198.7,23789.0,45004.0,19.9,11.219999999999999,64.0,30.18,7.83,200.0,212.1,0.6,0.7061970575122604
2026-04-20T08:29:08,04/20/202608:29,89.83,0.4,35.932,52.81999999999999,0.49000000000000005,25.8818,25.5,0.0,0.0,198.7,23789.0,45004.0,19.9,11.209999999999999,64.0,30.18,7.83,200.0,212.0,0.6,0.7202994545252142
2026-04-20T08:30:00,04/20/202608:30,89.97999999999999,0.4,35.992,52.839999999999996,0.5,26.419999999999998,26.0,0.0,0.0,198.7,23789.0,45004.0,19.9,11.2,64.0,30.18,7.83,200.0,212.0,0.6,0.734052011558124
2026-04-20T08:30:08,04/20/202608:30,91.46000000000001,0.4,36.584,52.85,0.5,26.425,26.0,0.0,0.0,198.7,23789.0,45004.0,19.9,11.2,64.0,30.18,7.83,200.0,212.0,0.6,0.7223102995845178
2026-04-20T08:31:01,04/20/202608:31,92.94,0.4,37.176,52.86,0.5,26.43,26.0,0.0,0.0,198.7,23789.0,45004.0,19.9,11.2,64.0,30.18,7.83,200.0,212.0,0.6,0.7109425435765009
2026-04-20T08:31:08,04/20/202608:31,94.42,0.4,37.768,52.879999999999995,0.5,26.439999999999998,26.0,0.0,0.0,198.7,23789.0,45004.0,19.9,11.3,63.6,30.18,8.004000000000001,200.1,217.6,0.6399999999999999,0.7000635458589282
2026-04-20T08:32:00,04/20/202608:32,95.9,0.4,38.36000000000001,52.9,0.5,26.45,26.0,0.0,0.0,198.7,23789.0,45004.0,19.9,11.4,63.2,30.18,8.178,200.2,223.2,0.6799999999999999,0.6895203336809175
2026-04-20T08:32:08,04/20/202608:32,96.63,0.41000000000000003,39.6183,52.92,0.5,26.46,26.0,0.0,0.0,198.7,23789.0,45004.0,19.9,11.5,62.8,30.18,8.352,200.3,228.8,0.72,0.6678731798184173
2026-04-20T08:33:01,04/20/202608:33,97.36,0.42000000000000004,40.891200000000005,52.94,0.5,26.47,26.0,0.0,0.0,198.7,23789.0,45004.0,19.9,11.6,62.4,30.18,8.526,200.4,234.4,0.76,0.6473275423563015
2026-04-20T08:33:08,04/20/202608:33,98.14,0.43,42.2002,52.95,0.5,26.475,26.0,0.0,0.0,198.7,23789.0,45004.0,19.9,11.7,62.0,30.18,8.693999999999999,200.3,240.0,0.8,0.6273666949445738
2026-04-20T08:34:00,04/20/202608:34,98.92,0.44000000000000006,43.524800000000006,52.96,0.5,26.48,26.0,0.0,0.0,198.7,23789.0,45004.0,19.9,11.8,61.6,30.18,8.862,200.2,245.6,0.8400000000000001,0.608388780649193
2026-04-20T08:34:08,04/20/202608:34,98.16,0.45,44.172,52.98,0.5,26.49,26.0,0.0,0.0,198.7,23789.0,45004.0,19.9,11.9,61.2,30.18,9.067,200.0,251.2,0.8800000000000001,0.5997011681608259
2026-04-20T08:35:01,04/20/202608:35,97.4,0.45999999999999996,44.804,53.0,0.5,26.5,26.0,0.0,0.0,198.7,23789.0,45004.0,19.9,12.0,60.8,30.18,9.272,199.8,256.8,0.9199999999999999,0.5914650477635925
2026-04-20T08:35:08,04/20/202608:35,97.64,0.45999999999999996,44.91439999999999,53.02,0.49000000000000005,25.979800000000004,25.5,0.0,0.0,198.7,23789.0,45004.0,19.9,12.1,60.4,30.18,9.477,199.6,262.4,0.96,0.5784291897476089
2026-04-20T08:37:04,04/20/202608:37,97.89,0.45999999999999996,45.029399999999995,53.05,0.48,25.464,25.0,0.0,0.0,198.7,23789.0,45004.0,19.9,12.2,60.0,30.18,9.682,199.4,268.0,1.0,0.5654972084904529
2026-04-20T08:37:53,04/20/202608:37,98.22999999999999,0.45999999999999996,45.18579999999999,53.07000000000001,0.48,25.4736,25.0,0.0,0.0,198.7,23789.0,45004.0,19.9,12.2,60.0,30.18,9.713000000000001,199.1,268.0,1.0,0.5637523292715855
2026-04-20T08:38:01,04/20/202608:38,98.57000000000001,0.45999999999999996,45.3422,53.089999999999996,0.48,25.483199999999997,25.0,0.0,0.0,198.7,23789.0,45004.0,19.9,12.2,60.0,30.18,9.744,198.8,268.0,1.0,0.5620194873649712
2026-04-20T08:38:52,04/20/202608:38,99.6,0.45,44.82,53.120000000000005,0.49000000000000005,26.028800000000004,25.5,0.0,0.0,198.7,23789.0,45004.0,19.9,12.2,60.0,30.18,9.775,198.5,268.0,1.0,0.5807407407407408
2026-04-20T08:39:01,04/20/202608:39,100.63,0.44000000000000006,44.2772,53.15,0.5,26.575,26.0,0.0,0.0,198.7,23789.0,45004.0,19.9,12.2,60.0,30.18,9.806000000000001,198.2,268.0,1.0,0.6001960376898268
2026-04-20T08:40:01,04/20/202608:40,101.65,0.43,43.7095,53.17999999999999,0.51,27.121799999999997,26.5,0.0,0.0,198.7,23789.0,45004.0,19.9,12.2,60.0,30.18,9.843,198.1,268.0,1.0,0.6205012640272709
2026-04-20T08:40:52,04/20/202608:40,102.55999999999999,0.43,44.10079999999999,53.21,0.52,27.6692,27.0,0.0,0.0,198.7,23789.0,45004.0,19.9,12.2,60.0,30.18,9.88,198.0,268.0,1.0,0.6274081195805973
2026-04-20T08:41:01,04/20/202608:41,103.46,0.43,44.4878,53.23,0.53,28.2119,27.5,0.0,0.0,198.7,23789.0,45004.0,19.9,12.2,60.0,30.18,9.88,198.0,268.0,1.0,0.6341491375163528
2026-04-20T08:41:53,04/20/202608:41,104.30999999999999,0.43,44.8533,53.25,0.54,28.755000000000003,28.0,0.0,0.0,198.7,23789.0,45004.0,20.0,12.2,60.0,30.18,9.88,198.0,268.0,1.0,0.6410899532475872
2026-04-20T08:42:01,04/20/202608:42,104.21,0.44000000000000006,45.8524,53.27,0.5599999999999999,29.8312,29.0,0.0,0.0,198.7,23789.0,45004.0,20.0,12.2,60.0,30.18,9.88,198.0,268.0,1.0,0.650591899224468
2026-04-20T08:43:01,04/20/202608:43,104.1,0.45,46.845,53.279999999999994,0.58,30.902399999999993,30.1,0.0,0.0,198.7,23789.0,45004.0,19.9,12.2,60.0,30.18,9.88,198.0,268.0,1.0,0.6596733909702208
2026-04-20T08:43:19,04/20/202608:43,104.17,0.45,46.8765,53.3,0.59,31.446999999999996,30.7,0.0,0.0,198.7,23789.0,45004.0,19.9,12.2,60.0,30.18,9.88,198.0,268.0,1.0,0.6708478662016147
2026-04-20T08:44:01,04/20/202608:44,104.24000000000001,0.45,46.90800000000001,53.31999999999999,0.6,31.991999999999994,31.3,0.0,0.0,198.7,23789.0,45004.0,19.9,12.2,60.0,30.18,9.88,198.0,268.0,1.0,0.6820158608339726
2026-04-20T08:44:19,04/20/202608:44,104.37,0.45999999999999996,48.0102,53.33,0.6,31.997999999999998,31.4,0.0,0.0,198.7,23789.0,45004.0,19.9,12.2,60.0,30.18,9.88,198.0,268.0,1.0,0.6664833722833897
2026-04-20T08:45:01,04/20/202608:45,104.5,0.47000000000000003,49.115,53.339999999999996,0.6,32.004,31.5,0.0,0.0,198.7,23789.0,45004.0,19.9,12.2,60.0,30.18,9.88,198.0,268.0,1.0,0.6516135600122162
2026-04-20T08:45:19,04/20/202608:45,104.63,0.47000000000000003,49.1761,53.36,0.6,32.016,31.6,0.0,0.0,198.7,23789.0,45004.0,19.9,12.2,60.0,30.18,9.88,198.0,268.0,1.0,0.6510479684236855
2026-04-20T08:46:01,04/20/202608:46,104.87,0.45999999999999996,48.2402,53.379999999999995,0.6,32.028,31.7,0.0,0.0,198.7,23789.0,45004.0,19.9,12.2,60.0,30.18,9.88,198.0,268.0,1.0,0.6639275956567344
2026-04-20T08:46:18,04/20/202608:46,105.27000000000001,0.45,47.371500000000005,53.39,0.59,31.5001,31.2,0.0,0.0,198.7,23789.0,45004.0,19.9,12.26,59.6,30.18,9.911000000000001,198.1,273.7,1.03,0.6649588887833401
2026-04-20T08:47:01,04/20/202608:47,105.72,0.44000000000000006,46.5168,53.4,0.58,30.971999999999998,30.7,0.0,0.0,198.7,23789.0,45004.0,19.9,12.319999999999999,59.2,30.18,9.942,198.2,279.4,1.06,0.6658239603756061
2026-04-20T08:48:16,04/20/202608:48,106.17999999999999,0.43,45.657399999999996,53.42999999999999,0.5700000000000001,30.455099999999998,30.2,0.0,0.0,198.7,23789.0,45004.0,19.9,12.379999999999999,58.8,30.18,9.973,198.3,285.1,1.09,0.6670353546194046
2026-04-20T08:48:19,04/20/202608:48,106.65,0.42000000000000004,44.793000000000006,53.45,0.5599999999999999,29.932,29.6,0.0,0.0,198.7,23789.0,45004.0,19.9,12.440000000000001,58.4,30.18,10.004000000000001,198.4,290.8,1.1199999999999999,0.6682294108454445
2026-04-20T08:49:00,04/20/202608:49,106.84,0.42000000000000004,44.872800000000005,53.46,0.55,29.403000000000002,29.0,0.0,0.0,198.7,23789.0,45004.0,19.9,12.5,58.0,30.18,10.035,198.5,296.5,1.15,0.6552521794940365
2026-04-20T08:49:19,04/20/202608:49,105.78,0.43,45.4854,53.470000000000006,0.55,29.408500000000007,29.0,0.0,0.0,198.7,23789.0,45004.0,19.9,12.559999999999999,57.6,30.18,10.065999999999999,198.6,302.2,1.1800000000000002,0.6465481231340168
2026-04-20T08:50:27,04/20/202608:50,104.71,0.44000000000000006,46.0724,53.489999999999995,0.55,29.4195,29.0,0.0,0.0,198.7,23789.0,45004.0,19.9,12.620000000000001,57.2,30.18,10.097,198.7,307.9,1.21,0.6385493267118708
2026-04-20T08:51:00,04/20/202608:51,103.64000000000001,0.45,46.638000000000005,53.510000000000005,0.55,29.430500000000006,29.0,0.0,0.0,198.7,23789.0,45004.0,19.9,12.680000000000001,56.8,30.18,10.128,198.8,313.6,1.24,0.6310412110296325
2026-04-20T08:51:26,04/20/202608:51,102.58,0.47000000000000003,48.2126,53.52,0.55,29.436000000000003,29.0,0.0,0.0,198.7,23789.0,45004.0,19.9,12.74,56.4,30.18,10.159,198.9,319.3,1.27,0.6105457909343202
2026-04-20T08:52:01,04/20/202608:52,101.52000000000001,0.49000000000000005,49.74480000000001,53.529999999999994,0.55,29.441499999999998,29.0,0.0,0.0,198.7,23789.0,45004.0,19.9,12.8,56.0,30.18,10.19,199.0,325.0,1.3,0.5918508065164598
2026-04-20T08:52:26,04/20/202608:52,100.61,0.5,50.305,53.55,0.55,29.4525,29.0,0.0,0.0,198.7,23789.0,45004.0,19.9,12.8,56.0,30.18,10.19,199.0,325.0,1.3,0.5854785806579863
2026-04-20T08:53:00,04/20/202608:53,99.7,0.51,50.847,53.57000000000001,0.55,29.463500000000007,29.0,0.0,0.0,198.7,23789.0,45004.0,19.9,12.8,56.0,30.18,10.19,199.0,325.0,1.3,0.5794540484197692
2026-04-20T08:53:26,04/20/202608:53,98.78,0.52,51.3656,53.58,0.5599999999999999,30.004799999999996,29.6,0.0,0.0,198.7,23789.0,45004.0,19.9,12.8,56.0,30.18,10.19,199.0,325.0,1.3,0.5841419159904683
2026-04-20T08:54:01,04/20/202608:54,97.85,0.53,51.8605,53.6,0.5700000000000001,30.552000000000003,30.2,0.0,0.0,198.7,23789.0,45004.0,19.9,12.8,56.0,30.18,10.19,199.0,325.0,1.3,0.5891188862429017
2026-04-20T08:54:27,04/20/202608:54,96.92999999999999,0.54,52.3422,53.620000000000005,0.58,31.0996,30.8,0.0,0.0,198.7,23789.0,45004.0,19.9,12.8,56.0,30.18,10.19,199.0,325.0,1.3,0.5941592061472387
2026-04-20T08:55:00,04/20/202608:55,97.26,0.54,52.52040000000001,53.64,0.58,31.111199999999997,30.8,0.0,0.0,198.7,23789.0,45004.0,19.9,12.8,56.0,30.18,10.19,199.0,325.0,1.3,0.5923641099458494
2026-04-20T08:55:43,04/20/202608:55,97.95,0.53,51.913500000000006,53.65,0.58,31.116999999999997,30.8,0.0,0.0,198.7,23789.0,45004.0,19.9,12.8,56.0,30.18,10.19,199.0,325.0,1.3,0.5994009265412656
2026-04-20T08:56:48,04/20/202608:56,98.59,0.52,51.2668,53.660000000000004,0.58,31.1228,30.8,0.0,0.0,198.7,23789.0,45004.0,19.9,12.8,56.0,30.18,10.19,199.0,325.0,1.3,0.6070751441478696
2026-04-20T08:57:00,04/20/202608:57,99.22,0.51,50.6022,53.67,0.58,31.1286,30.8,0.0,0.0,198.7,23789.0,45004.0,19.9,12.8,56.0,30.18,10.19,199.0,325.0,1.3,0.6151629771037622
2026-04-20T08:57:49,04/20/202608:57,99.85,0.51,50.9235,53.68000000000001,0.58,31.134400000000003,30.8,0.0,0.0,198.7,23789.0,45004.0,19.9,12.8,56.0,30.18,10.19,199.0,325.0,1.3,0.6113955246595384
2026-04-20T08:58:00,04/20/202608:58,100.17,0.52,52.0884,53.69,0.59,31.677099999999996,31.4,0.0,0.0,198.7,23789.0,45004.0,19.9,12.8,56.0,30.18,10.19,199.0,325.0,1.3,0.6081411600279524
2026-04-20T08:59:27,04/20/202608:59,100.22,0.53,53.116600000000005,53.71,0.61,32.7631,32.5,0.0,0.0,198.7,23789.0,45004.0,19.9,12.8,56.1,30.18,10.19,199.0,325.0,1.3,0.6168147057605343
2026-04-20T08:59:49,04/20/202608:59,100.28,0.54,54.1512,53.720000000000006,0.6199999999999999,33.3064,33.0,0.0,0.0,198.7,23789.0,45004.0,19.9,12.8,56.2,30.18,10.19,199.0,325.0,1.3,0.6150630087606552
2026-04-20T09:00:00,04/20/202609:00,100.34,0.55,55.187000000000005,53.73,0.63,33.8499,33.5,0.0,0.0,198.7,23789.0,45004.0,19.9,12.8,56.3,30.18,10.19,199.0,325.0,1.3,0.6133672785257397
2026-04-20T09:00:49,04/20/202609:00,100.39,0.5599999999999999,56.218399999999995,53.739999999999995,0.6399999999999999,34.39359999999999,34.0,0.0,0.0,198.7,23789.0,45004.0,19.8,12.88,56.1,30.183,10.202,198.9,330.6,1.32,0.6117854652569265
2026-04-20T09:01:01,04/20/202609:01,100.44,0.5700000000000001,57.250800000000005,53.75,0.65,34.9375,34.5,0.0,0.0,198.7,23789.0,45004.0,19.8,12.959999999999999,55.9,30.186,10.214,198.8,336.2,1.34,0.6102534811740622
2026-04-20T09:01:49,04/20/202609:01,100.58,0.5700000000000001,57.330600000000004,53.77,0.65,34.950500000000005,34.5,0.0,0.0,198.7,23789.0,45004.0,19.9,13.040000000000001,55.7,30.189,10.225999999999999,198.7,341.8,1.3599999999999999,0.6096308079803805
2026-04-20T09:02:00,04/20/202609:02,100.77,0.5700000000000001,57.438900000000004,53.79,0.65,34.9635,34.5,0.0,0.0,198.7,23789.0,45004.0,19.9,13.12,55.5,30.192,10.238,198.6,347.4,1.3800000000000001,0.6087076876472217
2026-04-20T09:02:49,04/20/202609:02,100.97,0.5700000000000001,57.55290000000001,53.81,0.6599999999999999,35.514599999999994,35.0,0.0,0.0,198.7,23789.0,45004.0,19.8,13.2,55.3,30.195,10.25,198.5,353.0,1.4,0.6170775060857053
2026-04-20T09:03:01,04/20/202609:03,101.16999999999999,0.5599999999999999,56.65519999999999,53.83,0.6699999999999999,36.06609999999999,35.5,0.0,0.0,198.7,23789.0,45004.0,19.8,13.280000000000001,55.1,30.198,10.262,198.4,358.6,1.42,0.6365894039735099
2026-04-20T09:04:00,04/20/202609:04,101.36999999999999,0.55,55.7535,53.85,0.6799999999999999,36.617999999999995,36.0,0.0,0.0,198.7,23789.0,45004.0,19.8,13.36,54.9,30.201,10.274000000000001,198.3,364.2,1.44,0.6567838790389839
2026-04-20T09:04:48,04/20/202609:04,102.11999999999999,0.54,55.1448,53.86999999999999,0.69,37.17029999999999,36.0,0.0,0.0,198.7,23789.0,45004.0,19.9,13.440000000000001,54.6,30.204,10.286,198.2,369.8,1.46,0.6740490490490489
2026-04-20T09:05:01,04/20/202609:05,102.85999999999999,0.53,54.51579999999999,53.89,0.7,37.723,36.0,0.0,0.0,198.7,23789.0,45004.0,19.9,13.52,54.3,30.207,10.298,198.1,375.4,1.48,0.6919645313835623
2026-04-20T09:06:00,04/20/202609:06,103.6,0.52,53.872,53.910000000000004,0.71,38.2761,36.6,0.0,0.0,198.7,23789.0,45004.0,19.8,13.6,54.0,30.21,10.31,198.0,381.0,1.5,0.7105008167508168
2026-04-20T09:07:01,04/20/202609:07,104.34,0.51,53.2134,53.92999999999999,0.72,38.82959999999999,37.2,0.0,0.0,198.7,23789.0,45004.0,19.8,13.6,54.0,30.21,10.31,198.0,381.0,1.5,0.7296959036633628
2026-04-20T09:07:49,04/20/202609:07,105.37,0.52,54.79240000000001,53.95,0.72,38.844,37.2,0.0,0.0,198.7,23789.0,45004.0,19.9,13.6,54.0,30.21,10.31,198.0,381.0,1.5,0.708930435607858
2026-04-20T09:08:00,04/20/202609:08,105.95,0.54,57.21300000000001,53.96,0.73,39.3908,37.7,0.0,0.0,198.7,23789.0,45004.0,19.9,13.6,54.0,30.21,10.31,198.0,381.0,1.5,0.6884938737699473
2026-04-20T09:08:42,04/20/202609:08,106.54,0.5599999999999999,59.6624,53.970000000000006,0.74,39.9378,38.2,0.0,0.0,198.7,23789.0,45004.0,19.9,13.6,54.0,30.21,10.31,198.0,381.0,1.5,0.6693964708090858
2026-04-20T09:09:01,04/20/202609:09,107.12,0.58,62.129599999999996,53.98,0.74,39.9452,38.2,0.0,0.0,198.7,23789.0,45004.0,19.9,13.6,54.0,30.21,10.31,198.0,381.0,1.5,0.6429334809816899
2026-04-20T09:10:39,04/20/202609:10,107.7,0.6,64.62,53.989999999999995,0.74,39.9526,38.2,0.0,0.0,198.7,23789.0,45004.0,19.8,13.6,54.0,30.21,10.31,198.0,381.0,1.5,0.6182698854843701
2026-04-20T09:10:43,04/20/202609:10,108.22,0.61,66.0142,54.0,0.74,39.96,38.2,0.0,0.0,198.7,23789.0,45004.0,19.9,13.6,54.0,30.21,10.31,198.0,381.0,1.5,0.6053243090123034
2026-04-20T09:11:00,04/20/202609:11,108.46,0.6199999999999999,67.24519999999998,54.0,0.73,39.42,38.2,0.0,0.0,198.7,23789.0,45004.0,19.9,13.6,54.0,30.21,10.31,198.0,381.0,1.5,0.586212844931683
2026-04-20T09:11:42,04/20/202609:11,108.7,0.63,68.48100000000001,54.0,0.73,39.42,38.8,0.0,0.0,198.7,23789.0,45004.0,19.9,13.6,54.0,30.21,10.31,198.0,381.0,1.5,0.5756341174924431
2026-04-20T09:12:00,04/20/202609:12,108.94000000000001,0.6399999999999999,69.7216,54.0,0.73,39.42,38.8,0.0,0.0,198.7,23789.0,45004.0,19.9,13.6,54.0,30.21,10.31,198.0,381.0,1.5,0.5653914999082064
2026-04-20T09:13:00,04/20/202609:13,109.17999999999999,0.65,70.967,54.010000000000005,0.73,39.4273,38.8,0.0,0.0,198.7,23789.0,45004.0,19.8,13.6,54.0,30.21,10.31,198.0,381.0,1.5,0.5555723082559499
2026-04-20T09:13:42,04/20/202609:13,109.22999999999999,0.63,68.8149,54.02,0.74,39.9748,39.4,0.0,0.0,198.7,23789.0,45004.0,19.8,13.6,54.0,30.21,10.31,198.0,381.0,1.5,0.5809032636827199
2026-04-20T09:14:00,04/20/202609:14,109.28,0.61,66.6608,54.029999999999994,0.75,40.522499999999994,40.0,0.0,0.0,198.7,23789.0,45004.0,19.8,13.6,54.0,30.21,10.31,198.0,381.0,1.5,0.6078909944075078
2026-04-20T09:14:42,04/20/202609:14,109.33,0.59,64.5047,54.04,0.76,41.0704,40.6,0.0,0.0,198.7,23789.0,45004.0,19.8,13.6,54.0,30.21,10.31,198.0,381.0,1.5,0.6367039921122026
2026-04-20T09:15:00,04/20/202609:15,109.38,0.5700000000000001,62.3466,54.05,0.77,41.6185,41.2,0.0,0.0,198.7,23789.0,45004.0,19.8,13.6,54.0,30.21,10.31,198.0,381.0,1.5,0.6675343964225795
2026-04-20T09:16:00,04/20/202609:16,109.42999999999999,0.55,60.1865,54.06,0.78,42.1668,41.8,0.0,0.0,198.7,23789.0,45004.0,19.9,13.6,54.0,30.21,10.31,198.0,381.0,1.5,0.7006022945344886
2026-04-20T09:16:42,04/20/202609:16,109.65,0.54,59.211000000000006,54.07000000000001,0.79,42.715300000000006,42.4,0.0,0.0,198.7,23789.0,45004.0,19.8,13.680000000000001,53.8,30.21,10.323,197.7,386.6,1.54,0.7214081842900812
2026-04-20T09:17:00,04/20/202609:17,109.87,0.53,58.231100000000005,54.08,0.8,43.264,43.0,0.0,0.0,198.7,23789.0,45004.0,19.9,13.76,53.6,30.21,10.336,197.4,392.2,1.58,0.7429706806156847
2026-04-20T09:18:00,04/20/202609:18,110.09,0.52,57.2468,54.089999999999996,0.8,43.272,43.0,0.0,0.0,198.7,23789.0,45004.0,19.8,13.84,53.4,30.21,10.349,197.1,397.8,1.6199999999999999,0.7558850451029577
2026-04-20T09:19:00,04/20/202609:19,110.30999999999999,0.51,56.25809999999999,54.11,0.8,43.288000000000004,43.0,0.0,0.0,198.7,23789.0,45004.0,19.8,13.919999999999998,53.2,30.21,10.362,196.8,403.4,1.6600000000000001,0.7694536431198353
2026-04-20T09:19:59,04/20/202609:19,110.13,0.51,56.1663,54.120000000000005,0.8,43.29600000000001,43.0,0.0,0.0,198.7,23789.0,45004.0,19.8,14.0,53.0,30.21,10.375,196.5,409.0,1.7,0.7708536969677549
2026-04-20T09:20:00,04/20/202609:20,109.85,0.52,57.122,54.13000000000001,0.8,43.30400000000001,43.0,0.0,0.0,198.7,23789.0,45004.0,19.8,14.080000000000002,52.8,30.21,10.388,196.2,414.6,1.7399999999999998,0.7580967052974337
2026-04-20T09:21:50,04/20/202609:21,109.57000000000001,0.53,58.072100000000006,54.14,0.8,43.312000000000005,43.0,0.0,0.0,198.7,23789.0,45004.0,19.8,14.16,52.6,30.21,10.401,195.9,420.2,1.78,0.745831475011236
2026-04-20T09:22:00,04/20/202609:22,109.28,0.54,59.0112,54.15,0.8,43.32,43.0,0.0,0.0,198.7,23789.0,45004.0,19.8,14.24,52.4,30.21,10.414,195.6,425.8,1.8199999999999998,0.734097933951521
2026-04-20T09:22:59,04/20/202609:22,109.42999999999999,0.55,60.1865,54.160000000000004,0.8,43.328,43.0,0.0,0.0,198.7,23789.0,45004.0,19.8,14.319999999999999,52.2,30.21,10.427,195.3,431.4,1.8599999999999999,0.7198956576640941
2026-04-20T09:23:00,04/20/202609:23,109.58,0.5599999999999999,61.364799999999995,54.17,0.8,43.336000000000006,43.0,0.0,0.0,198.7,23789.0,45004.0,19.8,14.4,52.0,30.21,10.44,195.0,437.0,1.9,0.7062029045967723
2026-04-20T09:24:00,04/20/202609:24,109.63,0.5700000000000001,62.48910000000001,54.18000000000001,0.8099999999999999,43.8858,43.5,0.0,0.0,198.7,23789.0,45004.0,19.8,14.4,52.0,30.21,10.44,195.0,437.0,1.9,0.7022952802968837
2026-04-20T09:25:22,04/20/202609:25,110.0,0.5700000000000001,62.70000000000001,54.19,0.8200000000000001,44.4358,44.0,0.0,0.0,198.7,23789.0,45004.0,19.9,14.4,52.0,30.21,10.44,195.0,437.0,1.9,0.7087049441786283
2026-04-20T09:26:00,04/20/202609:26,110.37,0.5700000000000001,62.91090000000001,54.2,0.8300000000000001,44.986000000000004,44.5,0.0,0.0,198.7,23789.0,45004.0,19.9,14.4,52.0,30.21,10.44,195.0,437.0,1.9,0.7150748121549683
2026-04-20T09:27:00,04/20/202609:27,110.73999999999998,0.5700000000000001,63.12179999999999,54.21,0.8400000000000001,45.53640000000001,45.0,0.0,0.0,198.7,23789.0,45004.0,19.9,14.4,52.0,30.21,10.44,195.0,437.0,1.9,0.7214052831193029
2026-04-20T09:27:22,04/20/202609:27,111.43999999999998,0.5599999999999999,62.406399999999984,54.220000000000006,0.85,46.087,45.5,0.0,0.0,198.7,23789.0,45004.0,19.8,14.4,52.0,30.21,10.44,195.0,437.0,1.9,0.7384979745667114
2026-04-20T09:28:00,04/20/202609:28,112.13999999999999,0.55,61.677,54.23,0.86,46.6378,46.0,0.0,0.0,198.7,23789.0,45004.0,19.8,14.4,52.0,30.21,10.44,195.0,437.0,1.9,0.7561619404316033
2026-04-20T09:28:23,04/20/202609:28,111.55999999999999,0.55,61.358,54.23,0.86,46.6378,46.0,0.0,0.0,198.7,23789.0,45004.0,19.8,14.4,52.0,30.21,10.44,195.0,437.0,1.9,0.7600932233775547
2026-04-20T09:29:00,04/20/202609:29,110.97999999999999,0.55,61.039,54.23,0.86,46.6378,46.0,0.0,0.0,198.7,23789.0,45004.0,19.8,14.4,52.0,30.21,10.44,195.0,437.0,1.9,0.7640655974049377
2026-04-20T09:29:22,04/20/202609:29,109.97,0.55,60.48350000000001,54.239999999999995,0.86,46.64639999999999,46.0,0.0,0.0,198.7,23789.0,45004.0,19.8,14.41,52.0,30.21,10.44,195.0,437.0,1.9,0.7712252101812889
2026-04-20T09:30:00,04/20/202609:30,108.96,0.55,59.928000000000004,54.25,0.86,46.655,46.0,0.0,0.0,198.7,23789.0,45004.0,19.8,14.419999999999998,52.0,30.21,10.44,195.0,437.0,1.9,0.7785175543986116
2026-04-20T09:31:00,04/20/202609:31,107.94000000000001,0.55,59.36700000000001,54.260000000000005,0.85,46.121,45.5,0.0,0.0,198.7,23789.0,45004.0,19.8,14.430000000000001,52.0,30.21,10.446,195.1,437.0,1.9,0.7768794111206562
2026-04-20T09:31:22,04/20/202609:31,107.13,0.5599999999999999,59.99279999999999,54.27,0.85,46.1295,45.5,0.0,0.0,198.7,23789.0,45004.0,19.8,14.51,51.9,30.21,10.477,194.8,442.5,1.95,0.7689172700724088
2026-04-20T09:33:02,04/20/202609:33,106.33,0.5700000000000001,60.60810000000001,54.279999999999994,0.85,46.13799999999999,45.5,0.0,1.0,198.7,23789.0,45004.0,19.8,14.59,51.8,30.21,10.508,194.5,448.0,2.0,0.7612513838909318
2026-04-20T09:34:00,04/20/202609:34,105.53,0.58,61.2074,54.279999999999994,0.85,46.13799999999999,45.5,0.0,1.0,198.7,23789.0,45004.0,19.8,14.669999999999998,51.7,30.21,10.539,194.2,453.5,2.05,0.7537977434101104
2026-04-20T09:34:02,04/20/202609:34,104.8,0.6,62.879999999999995,54.29,0.85,46.146499999999996,45.5,0.0,1.0,198.7,23789.0,45004.0,19.8,14.75,51.6,30.21,10.57,193.9,459.0,2.1,0.7338819974554708
2026-04-20T09:35:00,04/20/202609:35,104.07000000000001,0.6199999999999999,64.5234,54.3,0.85,46.154999999999994,45.5,0.0,1.0,198.7,23789.0,45004.0,19.8,14.830000000000002,51.5,30.21,10.600999999999999,193.6,464.5,2.15,0.7153218832237607
2026-04-20T09:35:01,04/20/202609:35,104.75,0.63,65.9925,54.31999999999999,0.86,46.715199999999996,46.0,0.0,1.0,198.7,23789.0,45004.0,19.8,14.91,51.4,30.21,10.632,193.3,470.0,2.2,0.7078865022540439
2026-04-20T09:36:00,04/20/202609:36,105.42999999999999,0.6399999999999999,67.47519999999999,54.339999999999996,0.8700000000000001,47.275800000000004,46.5,0.0,1.0,198.7,23789.0,45004.0,19.8,14.99,51.3,30.21,10.663,193.0,475.5,2.25,0.7006396424167696
2026-04-20T09:36:02,04/20/202609:36,106.1,0.6399999999999999,67.90399999999998,54.339999999999996,0.8800000000000001,47.8192,47.0,0.0,1.0,198.7,23789.0,45004.0,19.8,15.059999999999999,51.2,30.21,10.693999999999999,192.7,481.0,2.3,0.7042177191328937
2026-04-20T09:37:00,04/20/202609:37,106.77000000000001,0.6399999999999999,68.33279999999999,54.339999999999996,0.89,48.3626,47.5,0.0,1.0,198.7,23789.0,45004.0,19.8,15.129999999999999,51.1,30.21,10.725,192.4,486.5,2.35,0.7077508897630421
2026-04-20T09:37:02,04/20/202609:37,107.43999999999998,0.65,69.836,54.35,0.9,48.915,48.0,0.0,1.0,198.7,23789.0,45004.0,19.8,15.2,51.0,30.21,10.75,192.0,492.0,2.4,0.7004267140156939
2026-04-20T09:38:00,04/20/202609:38,107.58,0.6599999999999999,71.0028,54.36,0.9,48.924,48.0,0.0,1.0,198.7,23789.0,45004.0,19.8,15.2,51.0,30.21,10.75,192.0,492.0,2.4,0.6890432489986311
2026-04-20T09:38:02,04/20/202609:38,107.41,0.6599999999999999,70.89059999999999,54.36999999999999,0.9,48.93299999999999,48.0,0.0,1.0,198.7,23789.0,45004.0,19.8,15.2,51.0,30.21,10.75,192.0,492.0,2.4,0.6902607680002708
2026-04-20T09:39:00,04/20/202609:39,107.23999999999998,0.6599999999999999,70.77839999999998,54.379999999999995,0.9,48.942,48.0,0.0,1.0,198.7,23789.0,45004.0,19.8,15.2,51.0,30.21,10.75,192.0,492.0,2.4,0.6914821470957243
2026-04-20T09:39:20,04/20/202609:39,107.07000000000001,0.6399999999999999,68.5248,54.379999999999995,0.9,48.942,48.0,0.0,1.0,198.7,23789.0,45004.0,19.8,15.2,51.0,30.21,10.75,192.0,492.0,2.4,0.7142231717567946
2026-04-20T09:40:00,04/20/202609:40,106.9,0.6199999999999999,66.27799999999999,54.379999999999995,0.9,48.942,48.0,0.0,1.0,198.7,23789.0,45004.0,19.8,15.2,51.0,30.21,10.75,192.0,492.0,2.4,0.7384350764959716
2026-04-20T09:40:19,04/20/202609:40,106.82000000000001,0.6199999999999999,66.2284,54.379999999999995,0.89,48.398199999999996,47.5,0.0,1.0,198.7,23789.0,45004.0,19.8,15.2,50.9,30.207,10.75,192.0,492.0,2.4,0.7307771288450272
2026-04-20T09:41:00,04/20/202609:41,106.73999999999998,0.6199999999999999,66.17879999999998,54.379999999999995,0.8800000000000001,47.854400000000005,47.0,0.0,1.0,198.7,23789.0,45004.0,19.8,15.2,50.8,30.204,10.75,192.0,492.0,2.4,0.7231077021644396
2026-04-20T09:42:00,04/20/202609:42,106.66,0.63,67.19579999999999,54.39,0.8700000000000001,47.319300000000005,46.5,0.0,1.0,198.7,23789.0,45004.0,19.9,15.2,50.7,30.201,10.75,192.0,492.0,2.4,0.7042002625164074
2026-04-20T09:44:14,04/20/202609:44,106.48999999999998,0.63,67.08869999999999,54.4,0.8700000000000001,47.328,46.6,0.0,1.0,198.7,23789.0,45004.0,19.8,15.2,50.6,30.198,10.75,192.0,492.0,2.4,0.7054541226763972
2026-04-20T09:44:20,04/20/202609:44,106.3,0.63,66.969,54.4,0.8800000000000001,47.87200000000001,47.2,0.0,1.0,198.7,23789.0,45004.0,19.8,15.2,50.5,30.195,10.75,192.0,492.0,2.4,0.7148382087234394
2026-04-20T09:45:20,04/20/202609:45,106.1,0.63,66.843,54.410000000000004,0.89,48.4249,47.8,0.0,1.0,198.7,23789.0,45004.0,19.9,15.25,50.4,30.192,10.775,192.0,497.4,2.44,0.7244573104139551
2026-04-20T09:46:01,04/20/202609:46,106.2,0.6399999999999999,67.96799999999999,54.42,0.9,48.978,48.4,0.0,1.0,198.7,23789.0,45004.0,19.9,15.3,50.3,30.189,10.8,192.0,502.8,2.4799999999999995,0.7206038135593221
2026-04-20T09:46:21,04/20/202609:46,107.16,0.65,69.654,54.42999999999999,0.9099999999999999,49.53129999999999,49.0,0.0,1.0,198.7,23789.0,45004.0,19.8,15.35,50.2,30.186,10.825,192.0,508.2,2.52,0.711104889884285
2026-04-20T09:47:00,04/20/202609:47,108.12,0.6699999999999999,72.4404,54.44,0.9199999999999999,50.084799999999994,49.6,0.0,1.0,198.7,23789.0,45004.0,19.8,15.4,50.1,30.183,10.85,192.0,513.6,2.5599999999999996,0.6913932004792905
2026-04-20T09:47:20,04/20/202609:47,109.15,0.69,75.3135,54.45,0.93,50.63850000000001,50.2,0.0,1.0,198.7,23789.0,45004.0,19.8,15.45,50.0,30.18,10.875,192.0,519.0,2.6,0.6723694955087733
2026-04-20T09:48:01,04/20/202609:48,109.96,0.69,75.87239999999998,54.46,0.95,51.737,51.3,0.0,1.0,198.7,23789.0,45004.0,19.8,15.5,50.0,30.18,10.9,192.0,524.4,2.6399999999999997,0.6818948655901226
2026-04-20T09:48:21,04/20/202609:48,110.49000000000001,0.69,76.2381,54.470000000000006,0.9800000000000001,53.38060000000001,52.9,0.0,1.0,198.7,23789.0,45004.0,19.9,15.55,50.0,30.18,10.925,192.0,529.8,2.6799999999999997,0.70018271704043
2026-04-20T09:49:00,04/20/202609:49,111.02000000000001,0.69,76.6038,54.48,1.01,55.0248,54.5,0.0,1.0,198.7,23789.0,45004.0,19.9,15.6,50.0,30.18,10.95,192.0,535.2,2.7199999999999998,0.7183037917179043
2026-04-20T09:49:20,04/20/202609:49,111.96,0.7,78.37199999999999,54.489999999999995,1.03,56.1247,55.5,0.0,1.0,198.7,23789.0,45004.0,19.8,15.65,50.0,30.18,10.975,192.0,540.6,2.76,0.7161320369519727
2026-04-20T09:50:00,04/20/202609:50,112.92,0.7,79.044,54.5,1.04,56.68,56.0,0.0,1.0,198.7,23789.0,45004.0,19.8,15.7,50.0,30.18,11.0,192.0,546.0,2.8,0.7170689742421943
2026-04-20T09:51:00,04/20/202609:51,113.89000000000001,0.7,79.723,54.489999999999995,1.05,57.214499999999994,56.5,0.0,1.0,198.7,23789.0,45004.0,19.9,15.7,50.0,30.18,11.0,192.0,546.0,2.8,0.7176661691105451
2026-04-20T09:52:00,04/20/202609:52,114.85999999999999,0.7,80.40199999999999,54.489999999999995,1.06,57.7594,57.0,0.0,1.0,198.7,23789.0,45004.0,19.9,15.7,50.0,30.18,11.0,192.0,546.0,2.8,0.7183826272978285
2026-04-20T09:52:21,04/20/202609:52,114.3,0.71,81.15299999999999,54.489999999999995,1.07,58.3043,57.5,0.0,1.0,198.7,23789.0,45004.0,19.8,15.7,50.0,30.18,11.0,192.0,546.0,2.8,0.7184491023129151
2026-04-20T09:53:00,04/20/202609:53,113.74000000000001,0.72,81.89280000000001,54.489999999999995,1.08,58.849199999999996,58.0,0.0,1.0,198.7,23789.0,45004.0,19.8,15.7,50.0,30.18,11.0,192.0,546.0,2.8,0.7186126252857393
2026-04-20T09:53:21,04/20/202609:53,113.10999999999999,0.73,82.57029999999999,54.489999999999995,1.1,59.939,59.1,0.0,1.0,198.7,23789.0,45004.0,19.8,15.7,50.0,30.18,11.0,192.0,546.0,2.8,0.7259147659630643
2026-04-20T09:54:00,04/20/202609:54,112.47999999999999,0.74,83.23519999999999,54.489999999999995,1.12,61.0288,60.2,0.0,1.0,198.7,23789.0,45004.0,19.8,15.7,50.0,30.18,11.0,192.0,546.0,2.8,0.7332090269501366
2026-04-20T09:55:25,04/20/202609:55,112.57000000000001,0.75,84.42750000000001,54.489999999999995,1.1300000000000001,61.5737,60.8,0.0,1.0,198.7,23789.0,45004.0,19.8,15.7,50.0,30.18,11.0,192.0,546.0,2.8,0.7293085783660537
2026-04-20T09:56:00,04/20/202609:56,112.66,0.76,85.6216,54.489999999999995,1.1400000000000001,62.1186,61.4,0.0,1.0,198.7,23789.0,45004.0,19.8,15.7,50.0,30.18,11.0,192.0,546.0,2.8,0.7255015089650275
2026-04-20T09:57:01,04/20/202609:57,112.42999999999999,0.77,86.5711,54.489999999999995,1.15,62.66349999999999,62.0,0.0,1.0,198.7,23789.0,45004.0,19.8,15.7,50.0,30.18,11.0,192.0,546.0,2.8,0.7238385558229016
2026-04-20T09:57:21,04/20/202609:57,112.19000000000001,0.78,87.50820000000002,54.489999999999995,1.16,63.20839999999999,62.6,0.0,1.0,198.7,23789.0,45004.0,19.8,15.7,50.0,30.18,11.0,192.0,546.0,2.8,0.7223140231429738
2026-04-20T09:58:00,04/20/202609:58,111.95,0.79,88.4405,54.5,1.17,63.76499999999999,63.2,0.0,1.0,198.7,23789.0,45004.0,19.8,15.7,50.0,30.18,11.0,192.0,546.0,2.8,0.7209932101243208
2026-04-20T09:58:21,04/20/202609:58,112.44000000000001,0.79,88.82760000000002,54.5,1.1800000000000002,64.31,63.8,0.0,1.0,198.7,23789.0,45004.0,19.8,15.7,50.0,30.18,11.0,192.0,546.0,2.8,0.7239866888219426
2026-04-20T09:59:01,04/20/202609:59,113.6,0.78,88.608,54.5,1.19,64.855,64.4,0.0,1.0,198.7,23789.0,45004.0,19.8,15.7,50.0,30.18,11.0,192.0,546.0,2.8,0.7319316540267244
2026-04-20T09:59:21,04/20/202609:59,113.63,0.78,88.6314,54.5,1.2,65.39999999999999,65.0,0.0,1.0,198.7,23789.0,45004.0,19.8,15.7,50.0,30.18,11.0,192.0,546.0,2.8,0.7378874755447843
2026-04-20T09:59:23,04/20/202609:59,113.66,0.77,87.5182,54.5,1.2,65.39999999999999,65.0,0.0,1.0,198.7,23789.0,45004.0,19.8,15.7,50.0,30.18,11.0,192.0,546.0,2.8,0.7472731386157393
2026-04-20T10:00:00,04/20/202610:00,113.69000000000001,0.76,86.40440000000001,54.5,1.2,65.39999999999999,65.0,0.0,1.0,198.7,23789.0,45004.0,19.8,15.7,50.0,30.18,11.0,192.0,546.0,2.8,0.756905898310734
2026-04-20T10:00:22,04/20/202610:00,114.25,0.75,85.6875,54.5,1.19,64.855,64.4,0.0,1.0,198.7,23789.0,45004.0,19.8,15.77,49.9,30.177,11.019,192.0,551.2,2.8299999999999996,0.7568781911013859
2026-04-20T10:01:01,04/20/202610:01,114.80999999999999,0.74,84.95939999999999,54.5,1.1800000000000002,64.31,63.8,0.0,1.0,198.7,23789.0,45004.0,19.8,15.839999999999998,49.8,30.174,11.038,192.0,556.4,2.86,0.7569497901350529
2026-04-20T10:02:00,04/20/202610:02,115.37,0.73,84.2201,54.489999999999995,1.17,63.75329999999999,63.2,0.0,1.0,198.7,23789.0,45004.0,19.8,15.91,49.7,30.171,11.056999999999999,192.0,561.6,2.8899999999999997,0.7569843778385443
2026-04-20T10:03:01,04/20/202610:03,115.94000000000001,0.72,83.47680000000001,54.489999999999995,1.16,63.20839999999999,62.6,0.0,1.0,198.7,23789.0,45004.0,19.8,15.979999999999999,49.6,30.168,11.075999999999999,192.0,566.8,2.92,0.7571972092844956
2026-04-20T10:03:23,04/20/202610:03,116.33,0.71,82.59429999999999,54.489999999999995,1.15,62.66349999999999,62.0,0.0,1.0,198.7,23789.0,45004.0,19.8,16.05,49.5,30.165,11.095,192.0,572.0,2.95,0.7586903696744206
2026-04-20T10:04:01,04/20/202610:04,115.99000000000001,0.71,82.3529,54.489999999999995,1.1400000000000001,62.1186,61.4,0.0,1.0,198.7,23789.0,45004.0,19.8,16.119999999999997,49.4,30.162,11.114,192.0,577.2,2.98,0.7542976628631171
2026-04-20T10:04:23,04/20/202610:04,115.3,0.71,81.863,54.489999999999995,1.1400000000000001,62.1186,61.4,0.0,1.0,198.7,23789.0,45004.0,19.8,16.189999999999998,49.3,30.159,11.133,192.0,582.4,3.0100000000000002,0.7588116731612572
2026-04-20T10:05:00,04/20/202610:05,115.74000000000001,0.7,81.018,54.489999999999995,1.1400000000000001,62.1186,61.4,0.0,1.0,198.7,23789.0,45004.0,19.8,16.259999999999998,49.2,30.156,11.152,192.0,587.6,3.04,0.7667259127601274
2026-04-20T10:06:36,04/20/202610:06,116.12,0.71,82.4452,54.45,1.15,62.6175,61.9,0.0,1.0,198.7,23789.0,45004.0,19.8,16.33,49.1,30.153,11.171,192.0,592.8,3.07,0.759504495107053
2026-04-20T10:07:00,04/20/202610:07,116.5,0.72,83.88,54.410000000000004,1.1600000000000001,63.115600000000015,62.4,0.0,1.0,198.7,23789.0,45004.0,19.8,16.4,49.0,30.15,11.19,192.0,598.0,3.1,0.7524511206485458
2026-04-20T10:07:22,04/20/202610:07,115.69000000000001,0.72,83.2968,54.370000000000005,1.1800000000000002,64.15660000000001,63.5,0.0,1.0,198.7,23789.0,45004.0,19.8,16.4,49.0,30.15,11.19,192.0,598.0,3.1,0.7702168630727712
2026-04-20T10:08:51,04/20/202610:08,114.88,0.72,82.7136,54.33,1.2,65.196,64.6,0.0,1.0,198.7,23789.0,45004.0,19.8,16.4,49.0,30.15,11.19,192.0,598.0,3.1,0.7882137883008357
2026-04-20T10:09:00,04/20/202610:09,114.07000000000001,0.72,82.13040000000001,54.3,1.2200000000000002,66.24600000000001,65.7,0.0,1.0,198.7,23789.0,45004.0,19.9,16.4,49.0,30.15,11.19,192.0,598.0,3.1,0.8065953654188949
2026-04-20T10:09:52,04/20/202610:09,113.53,0.73,82.87689999999999,54.260000000000005,1.23,66.7398,66.2,0.0,1.0,198.7,23789.0,45004.0,19.8,16.4,49.0,30.15,11.19,192.0,598.0,3.1,0.8052883252148669
2026-04-20T10:10:01,04/20/202610:10,113.17,0.74,83.7458,54.220000000000006,1.24,67.23280000000001,66.7,0.0,1.0,198.7,23789.0,45004.0,19.8,16.4,49.0,30.15,11.19,192.0,598.0,3.1,0.8028199623145281
2026-04-20T10:10:52,04/20/202610:10,113.50999999999999,0.75,85.1325,54.17999999999999,1.25,67.725,67.2,0.0,1.0,198.7,23789.0,45004.0,19.8,16.4,49.0,30.15,11.19,192.0,598.0,3.1,0.7955246233811999
2026-04-20T10:11:00,04/20/202610:11,114.2,0.76,86.792,54.14,1.25,67.675,67.1,0.0,1.0,198.7,23789.0,45004.0,19.8,16.4,49.0,30.15,11.19,192.0,598.0,3.1,0.7797377638492027
2026-04-20T10:11:52,04/20/202610:11,114.88,0.76,87.30879999999999,54.1,1.25,67.625,67.0,0.0,1.0,198.7,23789.0,45004.0,19.8,16.4,49.0,30.15,11.19,192.0,598.0,3.1,0.7745496444802815
2026-04-20T10:12:01,04/20/202610:12,115.62,0.75,86.715,54.1,1.24,67.084,66.4,0.0,1.0,198.7,23789.0,45004.0,19.8,16.4,49.0,30.15,11.19,192.0,598.0,3.1,0.773614714870553
2026-04-20T10:12:52,04/20/202610:12,116.1,0.74,85.914,54.1,1.23,66.543,65.8,0.0,1.0,198.7,23789.0,45004.0,19.8,16.4,49.0,30.15,11.19,192.0,598.0,3.1,0.7745303442977862
2026-04-20T10:13:01,04/20/202610:13,116.8,0.74,86.432,54.1,1.22,66.002,65.2,0.0,1.0,198.7,23789.0,45004.0,19.8,16.4,49.0,30.15,11.19,192.0,598.0,3.1,0.763629211403184
2026-04-20T10:13:52,04/20/202610:13,117.35,0.73,85.6655,54.1,1.21,65.461,64.6,0.0,1.0,198.7,23789.0,45004.0,19.9,16.4,49.0,30.15,11.19,192.0,598.0,3.1,0.7641465934360974
2026-04-20T10:14:01,04/20/202610:14,117.9,0.72,84.888,54.1,1.2,64.92,64.0,0.0,1.0,198.7,23789.0,45004.0,19.9,16.4,49.0,30.15,11.19,192.0,598.0,3.1,0.76477240599378
2026-04-20T10:14:51,04/20/202610:14,118.19000000000001,0.71,83.9149,54.1,1.2,64.92,64.0,0.0,1.0,198.7,23789.0,45004.0,19.8,16.4,49.0,30.15,11.19,192.0,598.0,3.1,0.7736409147839061
2026-04-20T10:15:01,04/20/202610:15,118.47999999999999,0.7,82.93599999999999,54.1,1.2,64.92,64.0,0.0,1.0,198.7,23789.0,45004.0,19.8,16.4,49.0,30.15,11.19,192.0,598.0,3.1,0.7827722581267484
2026-04-20T10:15:52,04/20/202610:15,118.05999999999999,0.69,81.46139999999998,54.1,1.2,64.92,64.0,0.0,1.0,198.7,23789.0,45004.0,19.8,16.479999999999997,48.8,30.15,11.134,191.6,603.0,3.15,0.7969418644904214
2026-04-20T10:16:01,04/20/202610:16,117.64000000000001,0.6799999999999999,79.9952,54.1,1.2,64.92,64.0,0.0,1.0,198.7,23789.0,45004.0,19.8,16.56,48.6,30.15,11.078,191.2,608.0,3.2,0.8115486929215754
2026-04-20T10:17:47,04/20/202610:17,116.10999999999999,0.69,80.11589999999998,54.1,1.2,64.92,64.0,0.0,1.0,198.7,23789.0,45004.0,19.8,16.639999999999997,48.4,30.15,11.022,190.8,613.0,3.25,0.8103260401493338
2026-04-20T10:17:52,04/20/202610:17,114.58,0.7,80.20599999999999,54.1,1.19,64.379,63.5,0.0,1.0,198.7,23789.0,45004.0,19.8,16.72,48.2,30.15,10.966,190.4,618.0,3.3,0.8026706231454007
2026-04-20T10:18:01,04/20/202610:18,113.30999999999999,0.71,80.45009999999999,54.1,1.1800000000000002,63.83800000000001,63.0,0.0,1.0,198.7,23789.0,45004.0,19.8,16.8,48.0,30.15,10.91,190.0,623.0,3.35,0.793510511484759
2026-04-20T10:18:52,04/20/202610:18,113.12,0.71,80.3152,54.11,1.17,63.308699999999995,62.5,0.0,1.0,198.7,23789.0,45004.0,19.9,16.88,47.8,30.15,10.854000000000001,189.6,628.0,3.4,0.7882530330497838
2026-04-20T10:19:01,04/20/202610:19,113.08,0.72,81.4176,54.120000000000005,1.16,62.7792,62.0,0.0,1.0,198.7,23789.0,45004.0,19.9,16.96,47.6,30.15,10.798,189.2,633.0,3.45,0.7710765239948121
2026-04-20T10:20:00,04/20/202610:20,113.03999999999999,0.73,82.5192,54.120000000000005,1.15,62.238,61.5,0.0,1.0,198.7,23789.0,45004.0,19.9,17.04,47.4,30.15,10.742,188.8,638.0,3.5,0.7542244713957479
2026-04-20T10:20:04,04/20/202610:20,112.82000000000001,0.74,83.4868,54.120000000000005,1.15,62.238,61.5,0.0,1.0,198.7,23789.0,45004.0,19.8,17.119999999999997,47.2,30.15,10.686000000000002,188.4,643.0,3.55,0.7454831182893583
2026-04-20T10:21:01,04/20/202610:21,112.6,0.75,84.44999999999999,54.120000000000005,1.15,62.238,61.5,0.0,1.0,198.7,23789.0,45004.0,19.8,17.2,47.0,30.15,10.63,188.0,648.0,3.6,0.736980461811723
2026-04-20T10:22:00,04/20/202610:22,112.39000000000001,0.76,85.41640000000001,54.120000000000005,1.15,62.238,61.5,0.1,1.0,198.7,23789.0,45004.0,19.8,17.2,47.0,30.15,10.63,188.0,648.0,3.6,0.7286422747856383
2026-04-20T10:22:03,04/20/202610:22,112.17,0.77,86.3709,54.120000000000005,1.15,62.238,61.5,0.1,1.0,198.7,23789.0,45004.0,19.8,17.2,47.0,30.15,10.63,188.0,648.0,3.6,0.7205899209108623
2026-04-20T10:23:01,04/20/202610:23,113.07000000000001,0.77,87.0639,54.120000000000005,1.15,62.238,61.5,0.1,1.0,198.7,23789.0,45004.0,19.8,17.2,47.0,30.15,10.63,188.0,648.0,3.6,0.7148542622143046
2026-04-20T10:23:04,04/20/202610:23,113.6,0.77,87.472,54.120000000000005,1.16,62.7792,62.0,0.1,1.0,198.7,23789.0,45004.0,19.8,17.2,47.0,30.15,10.63,188.0,648.0,3.6,0.7177062374245473
2026-04-20T10:24:00,04/20/202610:24,114.13,0.77,87.8801,54.120000000000005,1.17,63.3204,62.5,0.1,1.0,198.7,23789.0,45004.0,19.8,17.2,47.0,30.15,10.63,188.0,648.0,3.6,0.7205317244745967
2026-04-20T10:24:04,04/20/202610:24,113.57000000000001,0.77,87.44890000000001,54.11,1.17,63.308699999999995,62.5,0.1,1.0,198.7,23789.0,45004.0,19.9,17.2,47.0,30.15,10.63,188.0,648.0,3.6,0.7239507872597596
2026-04-20T10:25:01,04/20/202610:25,113.00999999999999,0.77,87.01769999999999,54.1,1.17,63.297,62.5,0.1,1.0,198.7,23789.0,45004.0,19.9,17.2,47.0,30.15,10.63,188.0,648.0,3.6,0.7274037351021689
2026-04-20T10:25:04,04/20/202610:25,112.46,0.77,86.5942,54.1,1.17,63.297,62.5,0.1,1.0,198.7,23789.0,45004.0,19.8,17.2,47.0,30.15,10.63,188.0,648.0,3.6,0.7309611960154375
2026-04-20T10:26:01,04/20/202610:26,112.08,0.76,85.1808,54.1,1.16,62.756,62.0,0.1,1.0,198.7,23789.0,45004.0,19.8,17.2,47.0,30.15,10.63,188.0,648.0,3.6,0.7367387955971298
2026-04-20T10:26:04,04/20/202610:26,111.35,0.75,83.51249999999999,54.1,1.15,62.214999999999996,61.5,0.1,1.0,198.7,23789.0,45004.0,19.8,17.2,47.0,30.15,10.63,188.0,648.0,3.6,0.7449782966621764
2026-04-20T10:27:01,04/20/202610:27,110.62,0.74,81.8588,54.1,1.1400000000000001,61.67400000000001,61.0,0.1,1.0,198.7,23789.0,45004.0,19.8,17.2,47.0,30.15,10.63,188.0,648.0,3.6,0.753419302506267
2026-04-20T10:28:58,04/20/202610:28,110.52000000000001,0.72,79.57440000000001,54.1,1.1300000000000001,61.13300000000001,60.5,0.1,2.0,198.7,23789.0,45004.0,19.8,17.2,47.0,30.15,10.63,188.0,648.0,3.6,0.7682495878071339
2026-04-20T10:29:01,04/20/202610:29,110.42,0.7,77.294,54.1,1.12,60.592000000000006,60.0,0.1,2.0,198.7,23789.0,45004.0,19.8,17.2,47.0,30.15,10.63,188.0,648.0,3.6,0.7839159572541208
2026-04-20T10:30:01,04/20/202610:30,110.68999999999998,0.6799999999999999,75.26919999999998,54.1,1.11,60.05100000000001,59.5,0.1,2.0,198.7,23789.0,45004.0,19.8,17.2,47.0,30.15,10.63,188.0,648.0,3.6,0.797816371105313
2026-04-20T10:30:52,04/20/202610:30,109.97999999999999,0.6799999999999999,74.78639999999999,54.1,1.1,59.510000000000005,59.0,0.1,2.0,198.7,23789.0,45004.0,19.8,17.259999999999998,46.8,30.15,10.723,188.2,652.6,3.65,0.7957329140057553
2026-04-20T10:31:01,04/20/202610:31,109.28,0.69,75.4032,54.1,1.1,59.510000000000005,59.0,0.1,2.0,198.7,23789.0,45004.0,19.8,17.32,46.6,30.15,10.816,188.4,657.2,3.7,0.7892237995204449
2026-04-20T10:31:52,04/20/202610:31,109.80999999999999,0.7,76.86699999999999,54.1,1.1,59.510000000000005,59.0,0.1,2.0,198.7,23789.0,45004.0,19.9,17.419999999999998,46.4,30.15,10.909,188.6,661.8,3.75,0.7741943877086398
2026-04-20T10:32:01,04/20/202610:32,110.33,0.71,78.3343,54.1,1.1,59.510000000000005,59.0,0.1,2.0,198.7,23789.0,45004.0,19.9,17.52,46.2,30.15,11.002,188.8,666.4,3.8,0.7596927527277324
2026-04-20T10:32:51,04/20/202610:32,110.08,0.71,78.15679999999999,54.1,1.1,59.510000000000005,59.0,0.1,2.0,198.7,23789.0,45004.0,19.8,17.619999999999997,46.0,30.15,11.026,188.9,671.0,3.85,0.7614180723878154
2026-04-20T10:33:01,04/20/202610:33,110.17999999999999,0.71,78.22779999999999,54.1,1.1,59.510000000000005,59.0,0.1,2.0,198.7,23789.0,45004.0,19.8,17.72,45.8,30.15,11.05,189.0,675.6,3.9,0.7607270049777702
2026-04-20T10:33:52,04/20/202610:33,111.35,0.73,81.2855,54.11,1.11,60.06210000000001,59.5,0.1,2.0,198.7,23789.0,45004.0,19.8,17.82,45.6,30.15,11.074000000000002,189.1,680.2,3.95,0.7389030023804984
2026-04-20T10:34:01,04/20/202610:34,111.9,0.76,85.04400000000001,54.120000000000005,1.12,60.61440000000001,60.0,0.1,2.0,198.7,23789.0,45004.0,19.8,17.919999999999998,45.4,30.15,11.098,189.2,684.8,4.0,0.7127416396218429
2026-04-20T10:35:00,04/20/202610:35,112.45,0.79,88.83550000000001,54.120000000000005,1.1300000000000001,61.155600000000014,60.5,0.1,2.0,198.7,23789.0,45004.0,19.8,18.02,45.1,30.153,11.122,189.3,689.4,4.05,0.6884139786459242
2026-04-20T10:35:52,04/20/202610:35,112.71,0.8099999999999999,91.29509999999999,54.120000000000005,1.15,62.238,61.6,0.1,2.0,198.7,23789.0,45004.0,19.8,18.119999999999997,44.8,30.156,11.145999999999999,189.4,694.0,4.1,0.6817233345491708
2026-04-20T10:36:01,04/20/202610:36,113.95,0.8099999999999999,92.2995,54.120000000000005,1.1700000000000002,63.320400000000014,62.7,0.1,2.0,198.7,23789.0,45004.0,19.8,18.16,44.7,30.159,11.077,189.3,694.0,4.1,0.6860318853298232
2026-04-20T10:36:52,04/20/202610:36,115.19000000000001,0.8099999999999999,93.3039,54.120000000000005,1.2,64.944,64.3,0.1,2.0,198.7,23789.0,45004.0,19.8,18.2,44.6,30.162,11.008,189.2,694.0,4.1,0.6960480751608454
2026-04-20T10:37:01,04/20/202610:37,115.2,0.8099999999999999,93.312,54.120000000000005,1.23,66.5676,65.9,0.1,2.0,198.7,23789.0,45004.0,19.8,18.2,44.5,30.165,10.938999999999998,189.1,694.0,4.1,0.7133873456790123
2026-04-20T10:37:52,04/20/202610:37,115.21,0.82,94.47219999999999,54.120000000000005,1.26,68.19120000000001,67.5,0.1,2.0,198.7,23789.0,45004.0,19.8,18.2,44.4,30.168,10.87,189.0,694.0,4.1,0.7218123426785872
2026-04-20T10:38:01,04/20/202610:38,115.99000000000001,0.8400000000000001,97.43160000000002,54.120000000000005,1.29,69.8148,69.1,0.1,2.0,198.7,23789.0,45004.0,19.8,18.2,44.3,30.171,10.87,189.0,694.0,4.1,0.7165519195004495
2026-04-20T10:38:53,04/20/202610:38,116.57000000000001,0.86,100.2502,54.11,1.3199999999999998,71.42519999999999,70.7,0.1,2.0,198.7,23789.0,45004.0,19.9,18.2,44.2,30.174,10.87,189.0,694.0,4.1,0.7124694015573034
2026-04-20T10:40:09,04/20/202610:40,115.88,0.85,98.49799999999999,54.11,1.3399999999999999,72.50739999999999,71.8,0.1,2.0,198.7,23789.0,45004.0,19.8,18.2,44.1,30.177,10.87,189.0,694.0,4.1,0.7361306828565046
2026-04-20T10:41:00,04/20/202610:41,115.19000000000001,0.8400000000000001,96.75960000000002,54.11,1.3599999999999999,73.58959999999999,72.9,0.1,2.0,198.7,23789.0,45004.0,19.8,18.2,44.0,30.18,10.87,189.0,694.0,4.1,0.7605405561825387
2026-04-20T10:41:04,04/20/202610:41,114.51000000000002,0.8300000000000001,95.04330000000003,54.11,1.39,75.21289999999999,74.6,0.1,2.0,198.7,23789.0,45004.0,19.8,18.2,44.0,30.18,10.87,189.0,694.0,4.1,0.7913540459979816
2026-04-20T10:42:00,04/20/202610:42,114.12,0.8300000000000001,94.71960000000001,54.11,1.41,76.29509999999999,75.7,0.1,2.0,198.7,23789.0,45004.0,19.8,18.2,44.0,30.18,10.87,189.0,694.0,4.1,0.805483764711844
2026-04-20T10:42:04,04/20/202610:42,114.45,0.85,97.2825,54.11,1.45,78.45949999999999,77.8,0.1,2.0,198.7,23789.0,45004.0,19.8,18.2,44.0,30.18,10.87,189.0,694.0,4.1,0.8065119625831983
2026-04-20T10:43:00,04/20/202610:43,114.78,0.8700000000000001,99.85860000000001,54.11,1.48,80.08279999999999,79.4,0.1,2.0,198.7,23789.0,45004.0,19.8,18.2,44.0,30.18,10.87,189.0,694.0,4.1,0.8019619742315632
2026-04-20T10:43:04,04/20/202610:43,114.97,0.89,102.3233,54.11,1.52,82.2472,81.6,0.1,2.0,198.7,23789.0,45004.0,19.8,18.2,44.0,30.18,10.87,189.0,694.0,4.1,0.8037973755733054
2026-04-20T10:44:00,04/20/202610:44,115.16,0.9,103.644,54.11,1.56,84.4116,83.8,0.1,2.0,198.7,23789.0,45004.0,19.8,18.2,44.0,30.18,10.87,189.0,694.0,4.1,0.814437883524372
2026-04-20T10:44:03,04/20/202610:44,114.85999999999999,0.93,106.81979999999999,54.1,1.59,86.019,85.4,0.1,2.0,198.7,23789.0,45004.0,19.8,18.2,44.0,30.18,10.87,189.0,694.0,4.1,0.8052720563041684
2026-04-20T10:45:00,04/20/202610:45,114.75999999999999,0.96,110.16959999999999,54.1,1.6199999999999999,87.642,87.0,0.1,2.0,198.7,23789.0,45004.0,19.8,18.2,44.0,30.18,10.87,189.0,694.0,4.1,0.7955189090275357
2026-04-20T10:45:04,04/20/202610:45,115.44000000000001,0.9800000000000001,113.13120000000002,54.1,1.6600000000000001,89.80600000000001,89.2,0.1,2.0,198.7,23789.0,45004.0,19.8,18.2,44.0,30.18,10.87,189.0,694.0,4.1,0.7938216866788295
2026-04-20T10:46:00,04/20/202610:46,116.12,1.0,116.12,54.1,1.7,91.97,91.4,0.1,2.0,198.7,23789.0,45004.0,19.8,18.2,44.0,30.18,10.87,189.0,694.0,4.1,0.7920254908715122
2026-04-20T10:46:03,04/20/202610:46,116.79,1.02,119.12580000000001,54.1,1.73,93.593,93.0,0.1,2.0,198.7,23789.0,45004.0,19.9,18.25,43.7,30.18,10.902,189.3,698.3,4.15,0.7856652379249499
2026-04-20T10:47:00,04/20/202610:47,117.46,1.04,122.1584,54.1,1.7600000000000002,95.21600000000001,94.6,0.1,2.0,198.7,23789.0,45004.0,19.9,18.3,43.4,30.18,10.934,189.6,702.6,4.2,0.7794470130584553
2026-04-20T10:47:04,04/20/202610:47,117.42,1.05,123.29100000000001,54.1,1.77,95.757,95.2,0.1,2.0,198.7,23789.0,45004.0,19.8,18.35,43.1,30.18,10.966,189.9,706.9,4.25,0.7766746964498625
2026-04-20T10:47:19,04/20/202610:47,117.38,1.05,123.249,54.11,1.78,96.3158,95.8,0.1,2.0,198.7,23789.0,45004.0,19.8,18.4,42.8,30.18,10.998,190.2,711.2,4.3,0.7814732776736525
2026-04-20T10:48:00,04/20/202610:48,117.47999999999999,1.05,123.354,54.120000000000005,1.78,96.3336,95.8,0.1,2.0,198.7,23789.0,45004.0,19.8,18.45,42.5,30.18,11.03,190.5,715.5,4.35,0.780952380952381
2026-04-20T10:48:20,04/20/202610:48,117.97,1.06,125.04820000000001,54.120000000000005,1.7899999999999998,96.8748,96.3,0.1,2.0,198.7,23789.0,45004.0,19.8,18.5,42.2,30.18,11.062,190.8,719.8,4.4,0.7746996758050095
2026-04-20T10:49:00,04/20/202610:49,118.95,1.05,124.89750000000001,54.13000000000001,1.81,97.97530000000002,97.4,0.1,2.0,198.7,23789.0,45004.0,19.8,18.55,41.9,30.18,11.094,191.1,724.1,4.45,0.7844456454292521
2026-04-20T10:49:19,04/20/202610:49,119.92999999999999,1.03,123.5279,54.14,1.8399999999999999,99.6176,99.1,0.1,2.0,198.7,23789.0,45004.0,19.8,18.6,41.6,30.18,11.126,191.4,728.4,4.5,0.8064380597419691
2026-04-20T10:50:00,04/20/202610:50,120.33,1.03,123.9399,54.13000000000001,1.86,100.68180000000002,100.2,0.1,2.0,198.7,23789.0,45004.0,19.8,18.65,41.3,30.18,11.158,191.7,732.7,4.55,0.8123437246600976
2026-04-20T10:51:20,04/20/202610:51,120.8,1.04,125.632,54.13000000000001,1.8800000000000001,101.76440000000002,101.3,0.1,2.0,198.7,23789.0,45004.0,19.8,18.7,41.0,30.18,11.19,192.0,737.0,4.6,0.8100197401935814
2026-04-20T10:52:00,04/20/202610:52,121.27000000000001,1.05,127.33350000000002,54.14,1.9,102.866,102.4,0.1,2.0,198.7,23789.0,45004.0,19.8,18.7,41.0,30.18,11.19,192.0,737.0,4.6,0.8078471101477614
2026-04-20T10:52:20,04/20/202610:52,121.75,1.06,129.055,54.14,1.9300000000000002,104.49020000000002,104.0,0.1,2.0,198.7,23789.0,45004.0,19.9,18.7,41.0,30.18,11.19,192.0,737.0,4.6,0.8096563480686529
2026-04-20T10:53:00,04/20/202610:53,122.22,1.06,129.5532,54.14,1.9600000000000002,106.11440000000002,105.6,0.1,2.0,198.7,23789.0,45004.0,19.9,18.7,41.0,30.18,11.19,192.0,737.0,4.6,0.8190797294084593
2026-04-20T10:53:20,04/20/202610:53,122.39000000000001,1.08,132.18120000000002,54.14,2.0,108.28,107.8,0.1,2.0,198.7,23789.0,45004.0,19.8,18.7,41.0,30.18,11.19,192.0,737.0,4.6,0.8191785216051903
2026-04-20T10:54:00,04/20/202610:54,122.55999999999999,1.1,134.816,54.14,2.04,110.4456,110.0,0.1,2.0,198.7,23789.0,45004.0,19.8,18.7,41.0,30.18,11.19,192.0,737.0,4.6,0.8192321386185616
2026-04-20T10:55:00,04/20/202610:55,122.38,1.1099999999999999,135.84179999999998,54.15,2.08,112.632,112.2,0.1,2.0,198.7,23789.0,45004.0,19.8,18.7,41.0,30.18,11.19,192.0,737.0,4.6,0.8291409566127659
2026-04-20T10:56:00,04/20/202610:56,122.2,1.1199999999999999,136.86399999999998,54.160000000000004,2.12,114.81920000000001,114.4,0.1,2.0,198.7,23789.0,45004.0,19.8,18.7,41.0,30.18,11.19,192.0,737.0,4.6,0.8389291559504327
2026-04-20T10:56:01,04/20/202610:56,122.04,1.15,140.346,54.18000000000001,2.15,116.48700000000001,116.0,0.1,2.0,198.7,23789.0,45004.0,19.8,18.7,41.0,30.18,11.19,192.0,737.0,4.6,0.8299987174554316
2026-04-20T10:56:35,04/20/202610:56,121.32000000000001,1.1800000000000002,143.15760000000003,54.2,2.19,118.69800000000001,118.2,0.1,2.0,198.7,23789.0,45004.0,19.8,18.7,41.0,30.18,11.19,192.0,737.0,4.6,0.8291421482338345
2026-04-20T10:57:00,04/20/202610:57,120.53,1.2,144.636,54.21,2.23,120.8883,120.4,0.1,2.0,198.7,23789.0,45004.0,19.8,18.7,41.0,30.18,11.19,192.0,737.0,4.6,0.8358105865759562
2026-04-20T10:58:00,04/20/202610:58,119.74000000000001,1.22,146.08280000000002,54.23,2.27,123.1021,122.6,0.1,2.0,198.7,23789.0,45004.0,19.9,18.7,41.0,30.18,11.19,192.0,737.0,4.6,0.8426871609799372
2026-04-20T10:58:36,04/20/202610:58,118.95,1.24,147.498,54.260000000000005,2.29,124.25540000000001,123.8,0.1,2.0,198.7,23789.0,45004.0,19.8,18.7,41.0,30.18,11.19,192.0,737.0,4.6,0.8424209141818874
2026-04-20T10:59:00,04/20/202610:59,118.16,1.26,148.8816,54.29,2.3099999999999996,125.40989999999998,125.0,0.1,2.0,198.7,23789.0,45004.0,19.8,18.7,41.0,30.18,11.19,192.0,737.0,4.6,0.8423465357707063
2026-04-20T10:59:35,04/20/202610:59,118.74000000000001,1.27,150.7998,54.31,2.34,127.08539999999999,126.7,0.1,2.0,198.7,23789.0,45004.0,19.8,18.7,41.0,30.18,11.19,192.0,737.0,4.6,0.8427424970059642
2026-04-20T11:00:00,04/20/202611:00,119.32000000000001,1.28,152.7296,54.33,2.37,128.7621,128.4,0.1,2.0,198.7,23789.0,45004.0,19.9,18.7,41.0,30.18,11.19,192.0,737.0,4.6,0.8430723317549447
2026-04-20T11:00:40,04/20/202611:00,119.85999999999999,1.28,153.42079999999999,54.36,2.38,129.3768,129.0,0.1,2.0,198.7,23789.0,45004.0,19.8,18.7,41.0,30.18,11.19,192.0,737.0,4.6,0.843280702486234
2026-04-20T11:01:00,04/20/202611:01,120.4,1.28,154.11200000000002,54.39,2.3899999999999997,129.9921,129.6,0.1,2.0,198.7,23789.0,45004.0,19.8,18.7,41.0,30.18,11.19,192.0,737.0,4.6,0.8434910973837207
2026-04-20T11:02:32,04/20/202611:02,120.94000000000001,1.28,154.80320000000003,54.42,2.4099999999999997,131.1522,130.8,0.1,2.0,198.7,23789.0,45004.0,19.8,18.759999999999998,40.8,30.18,11.227,191.8,741.3,4.63,0.8472189205391101
2026-04-20T11:02:40,04/20/202611:02,121.17,1.28,155.0976,54.44,2.42,131.7448,131.4,0.1,3.0,198.7,23789.0,45004.0,19.8,18.82,40.6,30.18,11.264,191.6,745.6,4.659999999999999,0.8494315837253446
2026-04-20T11:03:00,04/20/202611:03,121.4,1.28,155.39200000000002,54.46,2.43,132.33780000000002,132.0,0.1,3.0,198.7,23789.0,45004.0,19.8,18.880000000000003,40.4,30.18,11.300999999999998,191.4,749.9,4.6899999999999995,0.8516384369851729
2026-04-20T11:03:39,04/20/202611:03,121.66,1.28,155.7248,54.48,2.45,133.476,133.1,0.1,3.0,198.7,23789.0,45004.0,19.8,18.94,40.2,30.18,11.338,191.2,754.2,4.720000000000001,0.8571274453394707
2026-04-20T11:04:01,04/20/202611:04,121.91,1.28,156.0448,54.5,2.48,135.16,134.7,0.1,3.0,198.7,23789.0,45004.0,19.8,19.0,40.0,30.18,11.375,191.0,758.5,4.75,0.8661615125912557
2026-04-20T11:04:40,04/20/202611:04,122.17999999999999,1.28,156.3904,54.52,2.5100000000000002,136.84520000000003,136.3,0.1,3.0,198.7,23789.0,45004.0,19.9,19.06,39.8,30.18,11.412,190.8,762.8,4.779999999999999,0.8750230193157639
2026-04-20T11:05:00,04/20/202611:05,121.38,1.28,155.3664,54.54,2.52,137.4408,136.8,0.1,3.0,198.7,23789.0,45004.0,19.9,19.119999999999997,39.6,30.18,11.449000000000002,190.6,767.1,4.8100000000000005,0.8846237024221453
2026-04-20T11:05:39,04/20/202611:05,120.67,1.29,155.6643,54.56,2.5300000000000002,138.03680000000003,137.4,0.1,3.0,198.7,23789.0,45004.0,19.8,19.18,39.4,30.18,11.486,190.4,771.4,4.840000000000001,0.8867595203267546
2026-04-20T11:06:01,04/20/202611:06,119.96,1.31,157.1476,54.57000000000001,2.55,139.1535,138.6,0.1,3.0,198.7,23789.0,45004.0,19.8,19.240000000000002,39.2,30.18,11.523,190.2,775.7,4.87,0.8854955468616765
2026-04-20T11:06:40,04/20/202611:06,119.25999999999999,1.33,158.6158,54.6,2.58,140.868,140.3,0.1,3.0,198.7,23789.0,45004.0,19.9,19.3,39.0,30.18,11.56,190.0,780.0,4.9,0.8881082464672497
2026-04-20T11:07:00,04/20/202611:07,118.54,1.34,158.8436,54.620000000000005,2.6,142.01200000000003,141.4,0.1,3.0,198.7,23789.0,45004.0,19.9,19.3,39.0,30.18,11.56,190.0,780.0,4.9,0.8940366498870589
2026-04-20T11:07:40,04/20/202611:07,119.78,1.21,144.9338,54.64,2.35,128.404,127.8,0.1,3.0,198.7,23789.0,45004.0,19.8,19.3,39.0,30.18,11.56,190.0,780.0,4.9,0.8859493092708534
2026-04-20T11:08:01,04/20/202611:08,121.02000000000001,1.08,130.7016,54.660000000000004,2.1,114.78600000000002,114.2,0.1,3.0,198.7,23789.0,45004.0,19.8,19.3,39.0,30.18,11.56,190.0,780.0,4.9,0.87822949374759
2026-04-20T11:08:40,04/20/202611:08,120.82000000000001,1.1400000000000001,137.73480000000004,54.71,2.2,120.36200000000001,119.9,0.1,3.0,198.7,23789.0,45004.0,19.8,19.3,39.0,30.18,11.56,190.0,780.0,4.9,0.8738677516502726
2026-04-20T11:09:00,04/20/202611:09,120.62,1.2,144.744,54.760000000000005,2.3,125.94800000000001,125.6,0.1,3.0,198.7,23789.0,45004.0,19.8,19.3,39.0,30.18,11.56,190.0,780.0,4.9,0.8701431492842536
2026-04-20T11:09:40,04/20/202611:09,123.10999999999999,1.21,148.96309999999997,54.81,2.35,128.8035,128.5,0.1,3.0,198.7,23789.0,45004.0,19.8,19.3,39.0,30.18,11.56,190.0,780.0,4.9,0.864667155825839
2026-04-20T11:10:01,04/20/202611:10,125.6,1.22,153.232,54.86,2.4,131.664,131.4,0.1,3.0,198.7,23789.0,45004.0,19.8,19.3,39.0,30.18,11.56,190.0,780.0,4.9,0.8592461104730081
2026-04-20T11:10:40,04/20/202611:10,128.1,1.21,155.00099999999998,54.910000000000004,2.42,132.8822,132.6,0.1,3.0,198.7,23789.0,45004.0,19.9,19.3,39.0,30.18,11.56,190.0,780.0,4.9,0.8572989851678379
2026-04-20T11:11:00,04/20/202611:11,130.6,1.2,156.72,54.96,2.44,134.1024,133.8,0.1,3.0,198.7,23789.0,45004.0,19.9,19.3,39.0,30.18,11.56,190.0,780.0,4.9,0.8556814701378254
2026-04-20T11:11:40,04/20/202611:11,133.13,1.19,158.4247,54.989999999999995,2.46,135.2754,135.0,0.1,3.0,198.7,23789.0,45004.0,19.8,19.3,39.0,30.18,11.56,190.0,780.0,4.9,0.8538782146975818
2026-04-20T11:12:01,04/20/202611:12,135.66,1.1800000000000002,160.07880000000003,55.02,2.48,136.4496,136.2,0.1,3.0,198.7,23789.0,45004.0,19.8,19.3,39.0,30.18,11.56,190.0,780.0,4.9,0.8523901978275698
2026-04-20T11:13:43,04/20/202611:13,137.15,1.31,179.6665,55.07000000000001,2.75,151.44250000000002,151.0,0.1,3.0,198.7,23789.0,45004.0,19.8,19.3,39.0,30.18,11.56,190.0,780.0,4.9,0.8429089451845503
2026-04-20T11:14:00,04/20/202611:14,138.64,1.44,199.64159999999998,55.120000000000005,3.02,166.4624,165.8,0.1,3.0,198.7,23789.0,45004.0,19.8,19.3,39.0,30.18,11.56,190.0,780.0,4.9,0.8338061806757711
2026-04-20T11:14:40,04/20/202611:14,141.56,1.3699999999999999,193.9372,55.120000000000005,2.8899999999999997,159.2968,158.6,0.1,3.0,198.7,23789.0,45004.0,19.8,19.3,39.0,30.18,11.56,190.0,780.0,4.9,0.8213834168999037
2026-04-20T11:15:00,04/20/202611:15,144.48,1.3,187.82399999999998,55.120000000000005,2.7600000000000002,152.13120000000004,151.4,0.1,3.0,198.7,23789.0,45004.0,19.8,19.3,39.0,30.18,11.56,190.0,780.0,4.9,0.8099667774086381
2026-04-20T11:15:37,04/20/202611:15,144.60999999999999,1.29,186.5469,55.120000000000005,2.71,149.3752,148.7,0.1,3.0,198.7,23789.0,45004.0,19.8,19.3,39.0,30.18,11.56,190.0,780.0,4.9,0.8007380449634918
2026-04-20T11:16:00,04/20/202611:16,144.74,1.28,185.2672,55.120000000000005,2.66,146.6192,146.0,0.1,3.0,198.7,23789.0,45004.0,19.8,19.3,39.0,30.18,11.56,190.0,780.0,4.9,0.7913931877849938
2026-04-20T11:16:37,04/20/202611:16,144.72,1.27,183.7944,55.120000000000005,2.62,144.41440000000003,143.8,0.1,3.0,198.7,23789.0,45004.0,19.8,19.37,38.8,30.18,11.647,189.8,784.0,4.94,0.785738847320702
2026-04-20T11:17:00,04/20/202611:17,144.7,1.26,182.32199999999997,55.120000000000005,2.58,142.20960000000002,141.6,0.1,3.0,198.7,23789.0,45004.0,19.8,19.44,38.6,30.18,11.734,189.6,788.0,4.98,0.7799914437094813
2026-04-20T11:17:36,04/20/202611:17,144.62,1.25,180.775,55.120000000000005,2.5300000000000002,139.45360000000002,138.9,0.1,3.0,198.7,23789.0,45004.0,19.8,19.509999999999998,38.4,30.18,11.821000000000002,189.4,792.0,5.0200000000000005,0.7714208269948832
2026-04-20T11:18:00,04/20/202611:18,144.54000000000002,1.24,179.22960000000003,55.120000000000005,2.48,136.69760000000002,136.2,0.1,3.0,198.7,23789.0,45004.0,19.8,19.580000000000002,38.2,30.18,11.908,189.2,796.0,5.0600000000000005,0.7626954476269545
2026-04-20T11:18:37,04/20/202611:18,144.41000000000003,1.22,176.1802,55.11,2.43,133.9173,133.5,0.2,3.0,198.7,23789.0,45004.0,19.8,19.65,38.0,30.18,11.995000000000001,189.0,800.0,5.1,0.7601154953848389
2026-04-20T11:19:00,04/20/202611:19,144.28000000000003,1.2,173.13600000000002,55.1,2.38,131.138,130.8,0.2,3.0,198.7,23789.0,45004.0,19.8,19.72,37.8,30.18,12.081999999999999,188.8,804.0,5.14,0.7574276869050919
2026-04-20T11:19:36,04/20/202611:19,144.06,1.2,172.87199999999999,55.11,2.3899999999999997,131.7129,131.4,0.2,3.0,198.7,23789.0,45004.0,19.8,19.79,37.6,30.18,12.169,188.6,808.0,5.18,0.7619099680688602
2026-04-20T11:20:00,04/20/202611:20,143.84,1.2,172.608,55.120000000000005,2.4,132.288,132.0,0.2,3.0,198.7,23789.0,45004.0,19.8,19.86,37.4,30.18,12.256,188.4,812.0,5.220000000000001,0.7664071190211347
2026-04-20T11:20:37,04/20/202611:20,143.74,1.19,171.0506,55.120000000000005,2.3600000000000003,130.08320000000003,129.8,0.2,3.0,198.7,23789.0,45004.0,19.8,19.93,37.2,30.18,12.343,188.2,816.0,5.26,0.7604954323457505
2026-04-20T11:21:00,04/20/202611:21,143.64000000000001,1.1800000000000002,169.49520000000004,55.120000000000005,2.32,127.8784,127.6,0.2,3.0,198.7,23789.0,45004.0,19.8,20.0,37.0,30.18,12.43,188.0,820.0,5.3,0.7544662031727151
2026-04-20T11:21:37,04/20/202611:21,143.70999999999998,1.1800000000000002,169.5778,55.120000000000005,2.3,126.776,126.5,0.2,3.0,198.7,23789.0,45004.0,19.8,20.0,37.0,30.18,12.43,188.0,820.0,5.3,0.747597857738454
2026-04-20T11:22:00,04/20/202611:22,143.78,1.1800000000000002,169.66040000000004,55.120000000000005,2.2800000000000002,125.67360000000002,125.4,0.2,3.0,198.7,23789.0,45004.0,19.8,20.0,37.0,30.18,12.43,188.0,820.0,5.3,0.7407362000796885
2026-04-20T11:22:37,04/20/202611:22,143.78,1.1800000000000002,169.66040000000004,55.120000000000005,2.2800000000000002,125.67360000000002,125.4,0.2,3.0,198.7,23789.0,45004.0,19.9,20.0,37.0,30.18,12.43,188.0,820.0,5.3,0.7407362000796885
2026-04-20T11:23:00,04/20/202611:23,143.78,1.1800000000000002,169.66040000000004,55.120000000000005,2.2800000000000002,125.67360000000002,125.4,0.2,3.0,198.7,23789.0,45004.0,19.9,20.0,37.0,30.18,12.43,188.0,820.0,5.3,0.7407362000796885
2026-04-20T11:23:36,04/20/202611:23,143.85999999999999,1.1800000000000002,169.75480000000002,55.120000000000005,2.27,125.12240000000001,124.8,0.2,3.0,198.7,23789.0,45004.0,19.8,20.0,37.0,30.18,12.43,188.0,820.0,5.3,0.7370772431766289
2026-04-20T11:24:55,04/20/202611:24,143.93,1.17,168.3981,55.120000000000005,2.2600000000000002,124.57120000000002,124.2,0.2,3.0,198.7,23789.0,45004.0,19.8,20.0,37.0,30.18,12.43,188.0,820.0,5.3,0.7397423130070946
2026-04-20T11:25:01,04/20/202611:25,144.07,1.15,165.68049999999997,55.11,2.23,122.89529999999999,122.5,0.2,3.0,198.7,23789.0,45004.0,19.8,20.0,37.0,30.18,12.43,188.0,820.0,5.3,0.7417607986455861
2026-04-20T11:25:37,04/20/202611:25,144.20999999999998,1.1400000000000001,164.39939999999999,55.1,2.21,121.771,121.4,0.2,4.0,198.7,23789.0,45004.0,19.8,20.0,37.0,30.18,12.43,188.0,820.0,5.3,0.7407022166747568
2026-04-20T11:26:00,04/20/202611:26,144.31,1.1300000000000001,163.07030000000003,55.1,2.21,121.771,121.4,0.2,4.0,198.7,23789.0,45004.0,19.8,20.0,37.0,30.18,12.43,188.0,820.0,5.3,0.7467392897419087
2026-04-20T11:26:36,04/20/202611:26,144.48,1.1199999999999999,161.81759999999997,55.11,2.2,121.242,120.8,0.2,4.0,198.7,23789.0,45004.0,19.8,20.0,37.0,30.18,12.43,188.0,820.0,5.3,0.7492510085429522
2026-04-20T11:27:01,04/20/202611:27,144.53,1.1099999999999999,160.42829999999998,55.120000000000005,2.1900000000000004,120.71280000000003,120.2,0.2,4.0,198.7,23789.0,45004.0,19.8,20.0,37.0,30.18,12.43,188.0,820.0,5.3,0.7524408100067136
2026-04-20T11:27:37,04/20/202611:27,144.63,1.09,157.6467,55.120000000000005,2.16,119.05920000000002,118.5,0.2,4.0,198.7,23789.0,45004.0,19.8,20.0,37.0,30.18,12.43,188.0,820.0,5.3,0.7552279876457928
2026-04-20T11:28:00,04/20/202611:28,144.82,1.07,154.9574,55.120000000000005,2.1100000000000003,116.30320000000003,115.7,0.2,4.0,198.7,23789.0,45004.0,19.8,20.0,37.0,30.18,12.43,188.0,820.0,5.3,0.7505495058641926
2026-04-20T11:28:37,04/20/202611:28,144.98,1.05,152.22899999999998,55.120000000000005,2.07,114.0984,113.5,0.2,4.0,198.7,23789.0,45004.0,19.8,20.0,37.0,30.18,12.43,188.0,820.0,5.3,0.749518160140315
2026-04-20T11:29:00,04/20/202611:29,145.06,1.04,150.8624,55.120000000000005,2.06,113.54720000000002,113.0,0.2,4.0,198.7,23789.0,45004.0,19.8,20.0,37.0,30.18,12.43,188.0,820.0,5.3,0.752654074176203
2026-04-20T11:29:01,04/20/202611:29,145.13,1.05,152.3865,55.120000000000005,2.07,114.0984,113.6,0.2,4.0,198.7,23789.0,45004.0,19.8,20.0,37.0,30.18,12.43,188.0,820.0,5.3,0.7487434910572787
2026-04-20T11:30:00,04/20/202611:30,145.19,1.05,152.4495,55.120000000000005,2.07,114.0984,113.6,0.2,4.0,198.7,23789.0,45004.0,19.8,20.0,37.0,30.18,12.43,188.0,820.0,5.3,0.7484340716105989
2026-04-20T11:31:00,04/20/202611:31,145.25,1.04,151.06,55.120000000000005,2.06,113.54720000000002,113.0,0.2,4.0,198.7,23789.0,45004.0,19.8,20.0,37.0,30.18,12.43,188.0,820.0,5.3,0.7516695352839933
2026-04-20T11:31:01,04/20/202611:31,145.26999999999998,1.04,151.08079999999998,55.120000000000005,2.06,113.54720000000002,113.0,0.2,4.0,198.7,23789.0,45004.0,19.8,20.05,36.7,30.18,12.504,188.2,823.0,5.34,0.7515660494252084
2026-04-20T11:32:01,04/20/202611:32,145.17,1.04,150.9768,55.120000000000005,2.05,112.996,112.5,0.2,4.0,198.7,23789.0,45004.0,19.8,20.1,36.4,30.18,12.578,188.4,826.0,5.38,0.7484328718054695
2026-04-20T11:33:00,04/20/202611:33,145.07,1.04,150.8728,55.120000000000005,2.04,112.44480000000001,112.0,0.2,4.0,198.7,23789.0,45004.0,19.8,20.15,36.1,30.18,12.652,188.6,829.0,5.42,0.7452953746467224
2026-04-20T11:33:01,04/20/202611:33,144.91,1.04,150.7064,55.120000000000005,2.05,112.996,112.6,0.2,4.0,198.7,23789.0,45004.0,19.9,20.2,35.8,30.18,12.733,189.0,832.0,5.46,0.7497757228624663
2026-04-20T11:34:01,04/20/202611:34,144.73,1.04,150.51919999999998,55.120000000000005,2.06,113.54720000000002,113.2,0.2,4.0,198.7,23789.0,45004.0,19.9,20.25,35.5,30.18,12.795,189.4,835.0,5.5,0.7543702065915845
2026-04-20T11:36:07,04/20/202611:36,144.53,1.04,150.3112,55.120000000000005,2.07,114.0984,113.7,0.2,4.0,198.7,23789.0,45004.0,19.8,20.3,35.2,30.18,12.857,189.8,838.0,5.54,0.7590811596208399
2026-04-20T11:36:42,04/20/202611:36,144.28,1.06,152.9368,55.13000000000001,2.0900000000000003,115.22170000000004,114.8,0.2,4.0,198.7,23789.0,45004.0,19.8,20.35,34.9,30.18,12.919,190.2,841.0,5.58,0.7533942125113121
2026-04-20T11:37:00,04/20/202611:37,144.05,1.0699999999999998,154.1335,55.14,2.0900000000000003,115.24260000000002,114.8,0.2,4.0,198.7,23789.0,45004.0,19.8,20.4,34.6,30.18,12.981,190.6,844.0,5.62,0.7476804198957399
2026-04-20T11:37:20,04/20/202611:37,143.85,1.0699999999999998,153.91949999999997,55.14,2.07,114.1398,113.7,0.2,4.0,198.7,23789.0,45004.0,19.8,20.45,34.3,30.18,13.043000000000001,191.0,847.0,5.66,0.7415551635757653
2026-04-20T11:38:01,04/20/202611:38,143.65,1.0699999999999998,153.70549999999997,55.14,2.05,113.03699999999999,112.6,0.2,4.0,198.7,23789.0,45004.0,19.8,20.5,34.0,30.18,13.105,191.4,850.0,5.7,0.735412851199209
2026-04-20T11:38:21,04/20/202611:38,143.51,1.06,152.1206,55.14,2.02,111.3828,110.9,0.2,4.0,198.7,23789.0,45004.0,19.8,20.5,34.0,30.18,13.093,191.6,850.0,5.7,0.7322006355483741
2026-04-20T11:39:00,04/20/202611:39,143.42000000000002,1.05,150.59100000000004,55.13000000000001,2.0100000000000002,110.81130000000003,110.3,0.2,4.0,198.7,23789.0,45004.0,19.8,20.5,34.0,30.18,13.081,191.8,850.0,5.7,0.735842779448971
2026-04-20T11:39:04,04/20/202611:39,143.37,1.03,147.6711,55.120000000000005,1.9899999999999998,109.6888,109.2,0.2,4.0,198.7,23789.0,45004.0,19.9,20.5,34.0,30.18,13.068999999999999,192.0,850.0,5.7,0.7427912435134566
2026-04-20T11:40:01,04/20/202611:40,143.32999999999998,1.02,146.1966,55.120000000000005,1.97,108.58640000000001,108.1,0.2,4.0,198.7,23789.0,45004.0,19.9,20.5,34.0,30.18,13.05,192.0,850.0,5.7,0.7427423072766399
2026-04-20T11:40:05,04/20/202611:40,143.25,1.02,146.115,55.120000000000005,1.98,109.1376,108.6,0.2,4.0,198.7,23789.0,45004.0,19.9,20.5,34.0,30.18,13.05,192.0,850.0,5.7,0.7469294733600247
2026-04-20T11:41:00,04/20/202611:41,143.22,1.02,146.0844,55.120000000000005,1.98,109.1376,108.6,0.2,4.0,198.7,23789.0,45004.0,19.9,20.5,34.0,30.18,13.05,192.0,850.0,5.7,0.7470859311466523
2026-04-20T11:41:05,04/20/202611:41,143.16,1.0,143.16,55.1,1.97,108.547,108.0,0.2,4.0,198.7,23789.0,45004.0,19.8,20.5,34.0,30.18,13.05,192.0,850.0,5.7,0.7582215702710254
2026-04-20T11:42:00,04/20/202611:42,143.1,0.9800000000000001,140.238,55.08,1.9600000000000002,107.9568,107.4,0.2,4.0,198.7,23789.0,45004.0,19.8,20.5,34.0,30.18,13.05,192.0,850.0,5.7,0.769811320754717
2026-04-20T11:42:05,04/20/202611:42,143.07999999999998,0.9800000000000001,140.2184,55.08,1.9600000000000002,107.9568,107.4,0.2,4.0,198.7,23789.0,45004.0,19.9,20.5,34.0,30.18,13.05,192.0,850.0,5.7,0.7699189264746995
2026-04-20T11:43:01,04/20/202611:43,143.06,0.9800000000000001,140.1988,55.08,1.9600000000000002,107.9568,107.4,0.2,4.0,198.7,23789.0,45004.0,19.9,20.5,34.0,30.18,13.05,192.0,850.0,5.7,0.7700265622815602
2026-04-20T11:43:05,04/20/202611:43,143.12,0.97,138.8264,55.08,1.95,107.40599999999999,106.9,0.2,4.0,198.7,23789.0,45004.0,19.8,20.5,34.0,30.18,13.05,192.0,850.0,5.7,0.7736712901868807
2026-04-20T11:44:01,04/20/202611:44,143.18,0.96,137.4528,55.08,1.94,106.8552,106.4,0.2,4.0,198.7,23789.0,45004.0,19.8,20.5,34.0,30.18,13.05,192.0,850.0,5.7,0.7773955859756949
2026-04-20T11:44:05,04/20/202611:44,143.23,0.96,137.5008,55.08,1.94,106.8552,106.4,0.2,4.0,198.7,23789.0,45004.0,19.9,20.5,34.0,30.18,13.05,192.0,850.0,5.7,0.7771242058228025
2026-04-20T11:45:00,04/20/202611:45,143.28,0.96,137.5488,55.08,1.94,106.8552,106.4,0.2,4.0,198.7,23789.0,45004.0,19.9,20.5,34.0,30.18,13.05,192.0,850.0,5.7,0.7768530150753769
2026-04-20T11:45:04,04/20/202611:45,143.37,0.96,137.6352,55.08,1.94,106.8552,106.4,0.2,4.0,198.7,23789.0,45004.0,19.9,20.5,34.0,30.18,13.05,192.0,850.0,5.7,0.7763653483992466
2026-04-20T11:46:01,04/20/202611:46,143.45999999999998,0.96,137.72159999999997,55.08,1.94,106.8552,106.4,0.2,4.0,198.7,23789.0,45004.0,19.9,20.5,34.0,30.18,13.05,192.0,850.0,5.7,0.7758782936010039
2026-04-20T11:47:18,04/20/202611:47,143.6,0.96,137.856,55.089999999999996,1.89,104.1201,103.7,0.2,4.0,198.7,23789.0,45004.0,19.9,20.54,33.9,30.177,13.081,192.2,853.0,5.74,0.755281598189415
2026-04-20T11:47:58,04/20/202611:47,143.78,0.96,138.0288,55.1,1.86,102.486,102.1,0.2,4.0,198.7,23789.0,45004.0,19.9,20.580000000000002,33.8,30.174,13.112,192.4,856.0,5.779999999999999,0.7424972179719016
2026-04-20T11:48:00,04/20/202611:48,143.9,0.96,138.144,55.1,1.85,101.935,101.6,0.2,4.0,198.7,23789.0,45004.0,19.9,20.619999999999997,33.7,30.171,13.143,192.6,859.0,5.82,0.7378894486912208
2026-04-20T11:48:59,04/20/202611:48,144.07,0.96,138.3072,55.1,1.8400000000000003,101.38400000000001,101.1,0.2,4.0,198.7,23789.0,45004.0,19.8,20.66,33.6,30.168,13.174000000000001,192.8,862.0,5.86,0.7330348673098727
2026-04-20T11:49:01,04/20/202611:49,144.14,0.97,139.8158,55.1,1.8400000000000003,101.38400000000001,101.1,0.2,4.0,198.7,23789.0,45004.0,19.8,20.7,33.5,30.165,13.205000000000002,193.0,865.0,5.9,0.7251254865329957
2026-04-20T11:49:59,04/20/202611:49,144.23,0.9800000000000001,141.3454,55.1,1.85,101.935,101.6,0.2,4.0,198.7,23789.0,45004.0,19.8,20.74,33.4,30.162,13.236,193.2,868.0,5.9399999999999995,0.7211766353910349
2026-04-20T11:50:01,04/20/202611:50,144.29000000000002,0.99,142.8471,55.1,1.86,102.486,102.1,0.2,4.0,198.7,23789.0,45004.0,19.8,20.779999999999998,33.3,30.159,13.267,193.4,871.0,5.9799999999999995,0.7174524369063144
2026-04-20T11:50:59,04/20/202611:50,144.23,1.0,144.23,55.1,1.89,104.139,103.7,0.2,4.0,198.7,23789.0,45004.0,19.9,20.82,33.2,30.156,13.297999999999998,193.6,874.0,6.02,0.7220342508493379
2026-04-20T11:51:01,04/20/202611:51,144.19,1.0,144.19,55.1,1.89,104.139,103.7,0.2,4.0,198.7,23789.0,45004.0,19.9,20.86,33.1,30.153,13.328999999999999,193.8,877.0,6.06,0.7222345516332617
2026-04-20T11:51:59,04/20/202611:51,144.22,1.01,145.6622,55.1,1.8800000000000001,103.58800000000001,103.2,0.2,4.0,198.7,23789.0,45004.0,19.8,20.9,33.0,30.15,13.36,194.0,880.0,6.1,0.7111522412815404
2026-04-20T11:52:01,04/20/202611:52,144.28,1.02,147.1656,55.1,1.92,105.792,105.4,0.2,4.0,198.7,23789.0,45004.0,19.8,20.9,33.0,30.15,13.36,194.0,880.0,6.1,0.7188636474828356
2026-04-20T11:52:59,04/20/202611:52,144.32,1.01,145.76319999999998,55.1,1.89,104.139,103.7,0.2,4.0,198.7,23789.0,45004.0,19.9,20.9,33.0,30.15,13.36,194.0,880.0,6.1,0.7144395842023227
2026-04-20T11:53:00,04/20/202611:53,144.35999999999999,1.0,144.35999999999999,55.1,1.86,102.486,102.0,0.2,4.0,198.7,23789.0,45004.0,19.9,20.9,33.0,30.15,13.36,194.0,880.0,6.1,0.7099334995843725
2026-04-20T11:53:59,04/20/202611:53,144.37,0.99,142.9263,55.1,1.86,102.486,102.0,0.2,4.0,198.7,23789.0,45004.0,19.8,20.9,33.0,30.15,13.36,194.0,880.0,6.1,0.7170548737356246
2026-04-20T11:54:01,04/20/202611:54,144.38,0.9800000000000001,141.4924,55.1,1.86,102.486,102.0,0.2,4.0,198.7,23789.0,45004.0,19.8,20.9,33.0,30.15,13.36,194.0,880.0,6.1,0.7243215890040737
2026-04-20T11:54:59,04/20/202611:54,144.32999999999998,0.9700000000000001,140.0001,55.1,1.8399999999999999,101.384,100.9,0.2,5.0,198.7,23789.0,45004.0,19.9,20.9,33.0,30.15,13.36,194.0,880.0,6.1,0.7241709113064919
2026-04-20T11:55:00,04/20/202611:55,144.28,0.96,138.5088,55.1,1.8199999999999998,100.282,99.8,0.2,5.0,198.7,23789.0,45004.0,19.9,20.9,33.0,30.15,13.36,194.0,880.0,6.1,0.724011759541632
2026-04-20T11:55:59,04/20/202611:55,144.35,0.95,137.1325,55.1,1.8,99.18,98.7,0.2,5.0,198.7,23789.0,45004.0,19.9,20.9,33.0,30.15,13.36,194.0,880.0,6.1,0.7232421198475928
2026-04-20T11:56:01,04/20/202611:56,144.42000000000002,0.9400000000000001,135.75480000000002,55.1,1.78,98.078,97.6,0.2,5.0,198.7,23789.0,45004.0,19.9,20.9,33.0,30.15,13.36,194.0,880.0,6.1,0.722464325386653
2026-04-20T11:56:58,04/20/202611:56,144.38,0.9400000000000001,135.7172,55.1,1.78,98.078,97.6,0.2,5.0,198.7,23789.0,45004.0,19.9,20.9,33.0,30.15,13.36,194.0,880.0,6.1,0.7226644817311292
2026-04-20T11:57:00,04/20/202611:57,144.34,0.9400000000000001,135.67960000000002,55.1,1.78,98.078,97.6,0.2,5.0,198.7,23789.0,45004.0,19.9,20.9,33.0,30.15,13.36,194.0,880.0,6.1,0.722864749011642
2026-04-20T11:58:30,04/20/202611:58,144.29000000000002,0.9400000000000001,135.63260000000002,55.1,1.7899999999999998,98.62899999999999,98.2,0.2,5.0,198.7,23789.0,45004.0,19.9,20.9,33.0,30.15,13.36,194.0,880.0,6.1,0.7271776844210018
2026-04-20T11:59:00,04/20/202611:59,144.24,0.9400000000000001,135.58560000000003,55.1,1.8,99.18,98.8,0.2,5.0,198.7,23789.0,45004.0,19.9,20.9,33.0,30.15,13.36,194.0,880.0,6.1,0.7314936099408785
2026-04-20T11:59:26,04/20/202611:59,144.07999999999998,0.9400000000000001,135.43519999999998,55.11,1.8,99.19800000000001,98.8,0.2,5.0,198.7,23789.0,45004.0,19.9,20.9,33.0,30.15,13.36,194.0,880.0,6.1,0.7324388342173971
2026-04-20T12:00:01,04/20/202600:00,143.92000000000002,0.9400000000000001,135.28480000000002,55.120000000000005,1.8,99.21600000000001,98.8,0.2,5.0,198.7,23789.0,45004.0,19.9,20.9,33.0,30.15,13.36,194.0,880.0,6.1,0.7333861601598997
2026-04-20T12:00:25,04/20/202600:00,143.82,0.9400000000000001,135.1908,55.120000000000005,1.8199999999999998,100.3184,99.9,0.2,5.0,198.7,23789.0,45004.0,19.8,20.9,33.0,30.15,13.36,194.0,880.0,6.1,0.7420504945602807
2026-04-20T12:01:00,04/20/202600:01,143.72,0.9400000000000001,135.0968,55.120000000000005,1.8399999999999999,101.4208,101.0,0.2,5.0,198.7,23789.0,45004.0,19.8,20.9,33.0,30.15,13.36,194.0,880.0,6.1,0.750726886203078
2026-04-20T12:01:26,04/20/202600:01,143.56,0.9400000000000001,134.9464,55.120000000000005,1.83,100.8696,100.5,0.2,5.0,198.7,23789.0,45004.0,19.9,20.93,32.9,30.15,13.372,193.8,883.0,6.119999999999999,0.7474789990692601
2026-04-20T12:02:01,04/20/202600:02,143.4,0.9400000000000001,134.79600000000002,55.120000000000005,1.8199999999999998,100.3184,100.0,0.2,5.0,198.7,23789.0,45004.0,19.9,20.96,32.8,30.15,13.384,193.6,886.0,6.14,0.7442238642096203
2026-04-20T12:02:25,04/20/202600:02,143.23,0.9400000000000001,134.6362,55.13000000000001,1.8,99.23400000000002,98.9,0.2,5.0,198.7,23789.0,45004.0,19.9,20.99,32.7,30.15,13.396,193.4,889.0,6.159999999999999,0.7370528877077638
2026-04-20T12:03:01,04/20/202600:03,143.06,0.9400000000000001,134.4764,55.14,1.78,98.14920000000001,97.8,0.2,5.0,198.7,23789.0,45004.0,19.9,21.02,32.6,30.15,13.407999999999998,193.2,892.0,6.18,0.7298618939828847
2026-04-20T12:03:26,04/20/202600:03,143.02,0.9400000000000001,134.43880000000001,55.14,1.7899999999999998,98.7006,98.3,0.2,5.0,198.7,23789.0,45004.0,19.9,21.05,32.5,30.15,13.419999999999998,193.0,895.0,6.2,0.7341675171155945
2026-04-20T12:04:01,04/20/202600:04,142.98,0.9400000000000001,134.4012,55.14,1.8,99.25200000000001,98.8,0.2,5.0,198.7,23789.0,45004.0,19.9,21.08,32.4,30.15,13.431999999999999,192.8,898.0,6.22,0.7384755493254526
2026-04-20T12:04:25,04/20/202600:04,143.04,0.9400000000000001,134.4576,55.13000000000001,1.8,99.23400000000002,98.8,0.2,5.0,198.7,23789.0,45004.0,19.9,21.11,32.3,30.15,13.443999999999999,192.6,901.0,6.24,0.7380319148936171
2026-04-20T12:05:01,04/20/202600:05,143.1,0.9400000000000001,134.514,55.120000000000005,1.8,99.21600000000001,98.8,0.2,5.0,198.7,23789.0,45004.0,19.9,21.139999999999997,32.2,30.15,13.456,192.4,904.0,6.26,0.7375886524822695
2026-04-20T12:05:26,04/20/202600:05,143.16,0.9400000000000001,134.5704,55.120000000000005,1.7899999999999998,98.6648,98.3,0.2,5.0,198.7,23789.0,45004.0,19.8,21.169999999999998,32.1,30.15,13.468,192.2,907.0,6.279999999999999,0.7331835232710908
2026-04-20T12:06:01,04/20/202600:06,143.21999999999997,0.9400000000000001,134.62679999999997,55.120000000000005,1.78,98.1136,97.8,0.2,5.0,198.7,23789.0,45004.0,19.8,21.2,32.0,30.15,13.48,192.0,910.0,6.3,0.7287820849934784
2026-04-20T12:06:26,04/20/202600:06,143.32999999999998,0.95,136.16349999999997,55.120000000000005,1.7899999999999998,98.6648,98.3,0.2,5.0,198.7,23789.0,45004.0,19.8,21.2,32.0,30.15,13.48,192.0,910.0,6.3,0.7246053457791554
2026-04-20T12:07:01,04/20/202600:07,143.44,0.96,137.70239999999998,55.120000000000005,1.8,99.21600000000001,98.8,0.2,5.0,198.7,23789.0,45004.0,19.8,21.2,32.0,30.15,13.48,192.0,910.0,6.3,0.720510317902956
2026-04-20T12:07:26,04/20/202600:07,143.57,0.95,136.39149999999998,55.11,1.78,98.0958,97.7,0.2,5.0,198.7,23789.0,45004.0,19.9,21.2,32.0,30.15,13.48,192.0,910.0,6.3,0.7192222389225136
2026-04-20T12:08:01,04/20/202600:08,143.7,0.9400000000000001,135.078,55.1,1.7600000000000002,96.97600000000001,96.6,0.2,5.0,198.7,23789.0,45004.0,19.9,21.2,32.0,30.15,13.48,192.0,910.0,6.3,0.717925939087046
2026-04-20T12:08:03,04/20/202600:08,143.68,0.95,136.496,55.1,1.7600000000000002,96.97600000000001,96.6,0.2,5.0,198.7,23789.0,45004.0,19.9,21.2,32.0,30.15,13.48,192.0,910.0,6.3,0.7104677060133631
2026-04-20T12:09:42,04/20/202600:09,143.68,0.95,136.496,55.1,1.77,97.527,97.2,0.2,5.0,198.7,23789.0,45004.0,19.9,21.2,32.0,30.15,13.48,192.0,910.0,6.3,0.7145044543429844
2026-04-20T12:10:01,04/20/202600:10,143.67000000000002,0.95,136.4865,55.1,1.77,97.527,97.2,0.2,5.0,198.7,23789.0,45004.0,19.9,21.2,32.0,30.15,13.48,192.0,910.0,6.3,0.7145541866778032
2026-04-20T12:10:04,04/20/202600:10,143.49,0.95,136.31550000000001,55.1,1.7600000000000002,96.97600000000001,96.6,0.2,5.0,198.7,23789.0,45004.0,19.9,21.2,32.0,30.15,13.48,192.0,910.0,6.3,0.7114084605198969
2026-04-20T12:11:01,04/20/202600:11,143.29000000000002,0.95,136.12550000000002,55.1,1.75,96.425,96.0,0.2,5.0,198.7,23789.0,45004.0,19.9,21.2,32.0,30.15,13.48,192.0,910.0,6.3,0.7083536883243771
2026-04-20T12:11:04,04/20/202600:11,143.09,0.95,135.9355,55.1,1.75,96.425,96.0,0.2,5.0,198.7,23789.0,45004.0,19.9,21.2,32.0,30.15,13.48,192.0,910.0,6.3,0.7093437696554616
2026-04-20T12:12:00,04/20/202600:12,142.9,0.9400000000000001,134.32600000000002,55.1,1.7399999999999998,95.874,95.5,0.2,5.0,198.7,23789.0,45004.0,19.9,21.2,32.0,30.15,13.48,192.0,910.0,6.3,0.713741196789899
2026-04-20T12:12:03,04/20/202600:12,142.79000000000002,0.9400000000000001,134.22260000000003,55.1,1.72,94.772,94.4,0.2,5.0,198.7,23789.0,45004.0,19.9,21.2,32.0,30.15,13.48,192.0,910.0,6.3,0.70608079414346
2026-04-20T12:13:01,04/20/202600:13,142.70999999999998,0.9400000000000001,134.14739999999998,55.1,1.73,95.32300000000001,94.9,0.2,5.0,198.7,23789.0,45004.0,19.9,21.2,32.0,30.15,13.48,192.0,910.0,6.3,0.7105840292096606
2026-04-20T12:13:04,04/20/202600:13,142.57,0.93,132.5901,55.1,1.73,95.32300000000001,94.9,0.2,5.0,198.7,23789.0,45004.0,19.9,21.2,32.0,30.15,13.48,192.0,910.0,6.3,0.7189299955275695
2026-04-20T12:14:00,04/20/202600:14,142.44,0.9199999999999999,131.04479999999998,55.1,1.72,94.772,94.4,0.2,5.0,198.7,23789.0,45004.0,19.9,21.2,32.0,30.15,13.48,192.0,910.0,6.3,0.7232030572750694
2026-04-20T12:14:03,04/20/202600:14,142.37,0.9199999999999999,130.9804,55.11,1.7100000000000002,94.2381,93.8,0.3,5.0,198.7,23789.0,45004.0,19.9,21.2,32.0,30.15,13.48,192.0,910.0,6.3,0.7194824569172181
2026-04-20T12:15:01,04/20/202600:15,142.3,0.9199999999999999,130.916,55.120000000000005,1.7,93.70400000000001,93.2,0.3,5.0,198.7,23789.0,45004.0,19.9,21.2,32.0,30.15,13.48,192.0,910.0,6.3,0.7157566683980569
2026-04-20T12:15:04,04/20/202600:15,142.47,0.9199999999999999,131.0724,55.120000000000005,1.7100000000000002,94.25520000000002,93.8,0.3,5.0,198.7,23789.0,45004.0,19.9,21.2,32.0,30.15,13.48,192.0,910.0,6.3,0.719107912878684
2026-04-20T12:16:00,04/20/202600:16,142.64000000000001,0.9199999999999999,131.2288,55.120000000000005,1.72,94.80640000000001,94.4,0.3,5.0,198.7,23789.0,45004.0,19.9,21.2,32.0,30.15,13.48,192.0,910.0,6.3,0.7224511692555293
2026-04-20T12:16:03,04/20/202600:16,142.85999999999999,0.9199999999999999,131.4312,55.120000000000005,1.7100000000000002,94.25520000000002,93.8,0.3,5.0,198.7,23789.0,45004.0,19.9,21.240000000000002,31.9,30.15,13.505,192.0,913.0,6.33,0.717144787539032
2026-04-20T12:17:01,04/20/202600:17,143.07999999999998,0.9199999999999999,131.63359999999997,55.120000000000005,1.7,93.70400000000001,93.2,0.3,5.0,198.7,23789.0,45004.0,19.9,21.28,31.8,30.15,13.530000000000001,192.0,916.0,6.359999999999999,0.7118547240218305
2026-04-20T12:17:04,04/20/202600:17,143.20999999999998,0.9099999999999999,130.32109999999997,55.120000000000005,1.7,93.70400000000001,93.2,0.3,5.0,198.7,23789.0,45004.0,19.9,21.32,31.7,30.15,13.555000000000001,192.0,919.0,6.39,0.719024010693587
2026-04-20T12:18:01,04/20/202600:18,143.34,0.9,129.006,55.120000000000005,1.7,93.70400000000001,93.2,0.3,5.0,198.7,23789.0,45004.0,19.9,21.36,31.6,30.15,13.580000000000002,192.0,922.0,6.42,0.7263538130009457
2026-04-20T12:18:05,04/20/202600:18,143.51,0.9,129.159,55.120000000000005,1.7,93.70400000000001,93.2,0.3,5.0,198.7,23789.0,45004.0,19.9,21.4,31.5,30.15,13.605,192.0,925.0,6.45,0.7254933841234449
2026-04-20T12:19:01,04/20/202600:19,143.68,0.9,129.312,55.120000000000005,1.7,93.70400000000001,93.2,0.3,5.0,198.7,23789.0,45004.0,19.9,21.44,31.4,30.15,13.63,192.0,928.0,6.4799999999999995,0.7246349913387775
2026-04-20T12:19:04,04/20/202600:19,143.76,0.9,129.384,55.11,1.7,93.687,93.2,0.3,5.0,198.7,23789.0,45004.0,19.9,21.48,31.3,30.15,13.655000000000001,192.0,931.0,6.51,0.7241003524392506
2026-04-20T12:20:54,04/20/202600:20,143.76,0.89,127.9464,55.1,1.69,93.119,92.7,0.3,5.0,198.7,23789.0,45004.0,19.9,21.520000000000003,31.2,30.15,13.680000000000001,192.0,934.0,6.539999999999999,0.7277969524738485
2026-04-20T12:21:01,04/20/202600:21,143.69,0.8800000000000001,126.44720000000001,55.1,1.67,92.017,91.6,0.3,5.0,198.7,23789.0,45004.0,19.9,21.560000000000002,31.1,30.15,13.705000000000002,192.0,937.0,6.57,0.727710854807382
2026-04-20T12:21:04,04/20/202600:21,143.52,0.8800000000000001,126.29760000000003,55.1,1.6800000000000002,92.56800000000001,92.1,0.3,5.0,198.7,23789.0,45004.0,19.9,21.6,31.0,30.15,13.73,192.0,940.0,6.6,0.7329355427181513
2026-04-20T12:22:00,04/20/202600:22,143.3,0.8800000000000001,126.10400000000003,55.1,1.7,93.67,93.2,0.3,5.0,198.7,23789.0,45004.0,19.9,21.6,31.0,30.15,13.73,192.0,940.0,6.6,0.7427995939859162
2026-04-20T12:22:04,04/20/202600:22,143.2,0.8800000000000001,126.016,55.1,1.6800000000000002,92.56800000000001,92.1,0.3,5.0,198.7,23789.0,45004.0,19.9,21.6,31.0,30.15,13.73,192.0,940.0,6.6,0.7345733875063485
2026-04-20T12:23:01,04/20/202600:23,143.10999999999999,0.8800000000000001,125.9368,55.1,1.6600000000000001,91.46600000000001,91.0,0.3,5.0,198.7,23789.0,45004.0,19.9,21.6,31.0,30.15,13.73,192.0,940.0,6.6,0.726284930218967
2026-04-20T12:23:05,04/20/202600:23,143.15,0.8700000000000001,124.54050000000002,55.089999999999996,1.6300000000000001,89.7967,89.4,0.3,5.0,198.7,23789.0,45004.0,19.9,21.6,31.0,30.15,13.73,192.0,940.0,6.6,0.7210240845347496
2026-04-20T12:24:00,04/20/202600:24,143.20999999999998,0.86,123.16059999999997,55.08,1.61,88.67880000000001,88.3,0.3,5.0,198.7,23789.0,45004.0,19.9,21.6,31.0,30.15,13.73,192.0,940.0,6.6,0.7200257225119074
2026-04-20T12:24:04,04/20/202600:24,143.24,0.86,123.1864,55.089999999999996,1.6300000000000001,89.7967,89.4,0.3,5.0,198.7,23789.0,45004.0,19.9,21.6,31.0,30.15,13.73,192.0,940.0,6.6,0.7289497866647616
2026-04-20T12:24:08,04/20/202600:24,143.29000000000002,0.86,123.22940000000001,55.089999999999996,1.6300000000000001,89.7967,89.4,0.3,5.0,198.7,23789.0,45004.0,19.9,21.6,31.0,30.15,13.73,192.0,940.0,6.6,0.7286954249554083
2026-04-20T12:25:01,04/20/202600:25,143.42000000000002,0.8700000000000001,124.77540000000003,55.089999999999996,1.64,90.34759999999999,89.9,0.3,5.0,198.7,23789.0,45004.0,19.9,21.6,31.0,30.15,13.73,192.0,940.0,6.6,0.7240818302325616
2026-04-20T12:25:08,04/20/202600:25,143.45,0.8700000000000001,124.8015,55.089999999999996,1.6300000000000001,89.7967,89.3,0.3,5.0,198.7,23789.0,45004.0,19.9,21.6,31.0,30.15,13.73,192.0,940.0,6.6,0.7195161917124393
2026-04-20T12:26:00,04/20/202600:26,143.57999999999998,0.86,123.47879999999998,55.089999999999996,1.59,87.59309999999999,87.1,0.3,5.0,198.7,23789.0,45004.0,19.9,21.6,31.0,30.15,13.73,192.0,940.0,6.6,0.7093776421539568
2026-04-20T12:26:08,04/20/202600:26,143.75,0.86,123.625,55.089999999999996,1.5699999999999998,86.49129999999998,86.0,0.3,5.0,198.7,23789.0,45004.0,19.9,21.6,31.0,30.15,13.73,192.0,940.0,6.6,0.6996262891809908
2026-04-20T12:27:01,04/20/202600:27,143.8,0.86,123.668,55.089999999999996,1.59,87.59309999999999,87.1,0.3,5.0,198.7,23789.0,45004.0,19.9,21.6,31.0,30.15,13.73,192.0,940.0,6.6,0.708292363424653
2026-04-20T12:27:08,04/20/202600:27,143.85999999999999,0.86,123.71959999999999,55.089999999999996,1.59,87.59309999999999,87.1,0.3,5.0,198.7,23789.0,45004.0,19.9,21.6,31.0,30.15,13.73,192.0,940.0,6.6,0.7079969544033443
2026-04-20T12:28:00,04/20/202600:28,143.79,0.8700000000000001,125.0973,55.1,1.6,88.16000000000001,87.6,0.3,5.0,198.7,23789.0,45004.0,19.9,21.6,31.0,30.15,13.73,192.0,940.0,6.6,0.7047314370494008
2026-04-20T12:28:04,04/20/202600:28,143.67,0.89,127.8663,55.11,1.6300000000000001,89.8293,89.2,0.3,5.0,198.7,23789.0,45004.0,19.9,21.6,31.0,30.15,13.73,192.0,940.0,6.589999999999999,0.7025252157918076
2026-04-20T12:29:00,04/20/202600:28,143.7,0.8800000000000001,126.456,55.1,1.6,88.16000000000001,87.5,0.3,5.0,198.7,23789.0,45004.0,19.9,21.6,31.0,30.15,13.73,192.0,940.0,6.58,0.6971594863035365
2026-04-20T12:29:01,04/20/202600:29,143.71999999999997,0.8700000000000001,125.03639999999999,55.1,1.58,87.058,86.4,0.3,5.0,198.7,23789.0,45004.0,19.9,21.6,31.0,30.15,13.73,192.0,940.0,6.57,0.6962612487243716
2026-04-20T12:29:59,04/20/202600:29,143.69,0.8700000000000001,125.01030000000002,55.1,1.59,87.60900000000001,87.0,0.3,6.0,198.7,23789.0,45004.0,19.9,21.630000000000003,31.0,30.15,13.817000000000002,192.3,940.0,6.56,0.7008142529055605
2026-04-20T12:30:00,04/20/202600:30,143.76,0.8800000000000001,126.50880000000001,55.1,1.6199999999999999,89.262,88.7,0.3,6.0,198.7,23789.0,45004.0,19.9,21.660000000000004,31.0,30.15,13.904,192.6,940.0,6.55,0.7055793747154347
2026-04-20T12:32:06,04/20/202600:32,143.91,0.89,128.0799,55.1,1.64,90.36399999999999,89.8,0.3,6.0,198.7,23789.0,45004.0,19.9,21.720000000000002,30.6,30.15,13.959999999999999,192.8,942.0,6.57,0.705528345977784
2026-04-20T12:32:32,04/20/202600:32,143.99,0.89,128.1511,55.1,1.6300000000000001,89.813,89.3,0.3,6.0,198.7,23789.0,45004.0,19.9,21.78,30.2,30.15,14.016,193.0,944.0,6.590000000000001,0.7008367466217613
2026-04-20T12:33:00,04/20/202600:33,144.07,0.89,128.2223,55.1,1.6199999999999999,89.262,88.8,0.3,6.0,198.7,23789.0,45004.0,19.9,21.84,29.8,30.15,14.072,193.2,946.0,6.609999999999999,0.6961503576211003
2026-04-20T12:33:31,04/20/202600:33,144.13,0.8800000000000001,126.83440000000002,55.1,1.61,88.71100000000001,88.3,0.3,6.0,198.7,23789.0,45004.0,19.9,21.9,29.4,30.15,14.128,193.4,948.0,6.63,0.6994238156209988
2026-04-20T12:34:01,04/20/202600:34,144.19,0.8700000000000001,125.44530000000002,55.1,1.6,88.16000000000001,87.8,0.3,6.0,198.7,23789.0,45004.0,19.9,21.96,29.0,30.15,14.184000000000001,193.6,950.0,6.65,0.7027764292484453
2026-04-20T12:34:32,04/20/202600:34,144.24,0.86,124.0464,55.1,1.6,88.16000000000001,87.8,0.3,6.0,198.7,23789.0,45004.0,19.9,22.02,28.6,30.15,14.24,193.8,952.0,6.68,0.7107018019063834
2026-04-20T12:35:00,04/20/202600:35,144.17000000000002,0.8700000000000001,125.42790000000002,55.1,1.6199999999999999,89.262,88.9,0.3,6.0,198.7,23789.0,45004.0,19.9,22.08,28.2,30.15,14.295999999999998,194.0,954.0,6.709999999999999,0.7116598460151209
2026-04-20T12:35:32,04/20/202600:35,144.09,0.8700000000000001,125.35830000000001,55.1,1.6300000000000001,89.813,89.5,0.3,6.0,198.7,23789.0,45004.0,19.9,22.139999999999997,27.8,30.15,14.351999999999999,194.2,956.0,6.74,0.71645036666898
2026-04-20T12:36:01,04/20/202600:36,144.06,0.86,123.8916,55.1,1.61,88.71100000000001,88.4,0.3,6.0,198.7,23789.0,45004.0,19.9,22.169999999999998,27.4,30.15,14.320999999999998,194.1,958.0,6.7700000000000005,0.7160372454629693
2026-04-20T12:36:32,04/20/202600:36,144.01,0.85,122.40849999999999,55.1,1.59,87.60900000000001,87.3,0.3,6.0,198.7,23789.0,45004.0,19.9,22.2,27.0,30.15,14.289999999999997,194.0,960.0,6.8,0.7157101018311638
2026-04-20T12:37:00,04/20/202600:37,143.88,0.8400000000000001,120.8592,55.1,1.58,87.058,86.8,0.3,6.0,198.7,23789.0,45004.0,19.9,22.2,27.0,30.15,14.289999999999997,194.0,960.0,6.8,0.72032580060103
2026-04-20T12:37:32,04/20/202600:37,143.70999999999998,0.8400000000000001,120.7164,55.1,1.56,85.956,85.7,0.3,6.0,198.7,23789.0,45004.0,19.9,22.2,27.0,30.15,14.289999999999997,194.0,960.0,6.8,0.7120490670695946
2026-04-20T12:38:00,04/20/202600:38,143.54000000000002,0.8400000000000001,120.57360000000003,55.1,1.54,84.854,84.6,0.3,6.0,198.7,23789.0,45004.0,19.9,22.2,27.0,30.15,14.289999999999997,194.0,960.0,6.8,0.7037527286238445
2026-04-20T12:38:32,04/20/202600:38,143.39000000000001,0.8400000000000001,120.44760000000002,55.1,1.54,84.854,84.6,0.3,6.0,198.7,23789.0,45004.0,19.9,22.2,27.0,30.15,14.289999999999997,194.0,960.0,6.8,0.7044889229839364
2026-04-20T12:39:01,04/20/202600:39,143.24,0.8400000000000001,120.32160000000002,55.1,1.54,84.854,84.6,0.3,6.0,198.7,23789.0,45004.0,19.9,22.2,27.0,30.15,14.289999999999997,194.0,960.0,6.8,0.7052266592199571
2026-04-20T12:39:32,04/20/202600:39,142.98,0.8400000000000001,120.1032,55.1,1.53,84.303,84.1,0.3,6.0,198.7,23789.0,45004.0,19.9,22.2,27.0,30.15,14.289999999999997,194.0,960.0,6.8,0.7019213476410286
2026-04-20T12:40:00,04/20/202600:40,142.72,0.8400000000000001,119.88480000000001,55.1,1.52,83.75200000000001,83.6,0.3,6.0,198.7,23789.0,45004.0,19.9,22.2,27.0,30.15,14.289999999999997,194.0,960.0,6.8,0.6986039931667735
2026-04-20T12:40:32,04/20/202600:40,142.53,0.85,121.1505,55.1,1.53,84.303,83.6,0.3,6.0,198.7,23789.0,45004.0,19.9,22.2,27.0,30.15,14.289999999999997,194.0,960.0,6.8,0.6958535045253631
2026-04-20T12:41:01,04/20/202600:41,142.34,0.86,122.4124,55.1,1.54,84.854,83.6,0.3,6.0,198.7,23789.0,45004.0,19.9,22.2,27.0,30.15,14.289999999999997,194.0,960.0,6.8,0.6931814097264656
2026-04-20T12:41:32,04/20/202600:41,142.25,0.86,122.335,55.1,1.53,84.303,83.0,0.3,6.0,198.7,23789.0,45004.0,19.9,22.2,27.0,30.15,14.289999999999997,194.0,960.0,6.8,0.6891159520987452
2026-04-20T12:42:00,04/20/202600:42,142.16,0.86,122.2576,55.1,1.52,83.75200000000001,82.4,0.3,6.0,198.7,23789.0,45004.0,19.9,22.2,27.0,30.15,14.289999999999997,194.0,960.0,6.8,0.6850453468741412
2026-04-20T12:43:17,04/20/202600:43,142.15,0.86,122.24900000000001,55.1,1.53,84.303,82.9,0.3,6.0,198.7,23789.0,45004.0,19.9,22.2,27.0,30.15,14.289999999999997,194.0,960.0,6.8,0.6896007329303306
2026-04-20T12:43:32,04/20/202600:43,142.29000000000002,0.85,120.94650000000001,55.1,1.54,84.854,83.4,0.3,6.0,198.7,23789.0,45004.0,19.9,22.2,27.0,30.15,14.289999999999997,194.0,960.0,6.8,0.7015829312960689
2026-04-20T12:44:01,04/20/202600:44,142.42000000000002,0.85,121.05700000000002,55.1,1.55,85.405,83.9,0.3,6.0,198.7,23789.0,45004.0,19.9,22.2,27.0,30.15,14.289999999999997,194.0,960.0,6.8,0.7054941060822587
2026-04-20T12:44:32,04/20/202600:44,142.52,0.86,122.56720000000001,55.1,1.5699999999999998,86.50699999999999,85.0,0.3,6.0,198.7,23789.0,45004.0,19.9,22.2,27.0,30.15,14.289999999999997,194.0,960.0,6.8,0.705792414283756
2026-04-20T12:45:01,04/20/202600:45,142.79000000000002,0.86,122.79940000000002,55.1,1.5699999999999998,86.50699999999999,85.0,0.3,6.0,198.7,23789.0,45004.0,19.9,22.2,27.0,30.15,14.289999999999997,194.0,960.0,6.8,0.7044578393705505
2026-04-20T12:45:32,04/20/202600:45,143.02,0.86,122.9972,55.1,1.58,87.058,85.5,0.3,6.0,198.7,23789.0,45004.0,19.9,22.2,27.0,30.15,14.289999999999997,194.0,960.0,6.8,0.7078047305141906
2026-04-20T12:46:01,04/20/202600:46,143.19,0.86,123.1434,55.1,1.58,87.058,86.0,0.3,6.0,198.7,23789.0,45004.0,19.9,22.2,27.0,30.15,14.289999999999997,194.0,960.0,6.8,0.7069644008529893
2026-04-20T12:46:32,04/20/202600:46,143.38,0.85,121.87299999999999,55.11,1.56,85.9716,85.4,0.3,6.0,198.7,23789.0,45004.0,19.9,22.22,27.0,30.147,14.264999999999997,194.0,961.0,6.83,0.7054195761161209
2026-04-20T12:47:01,04/20/202600:47,143.49,0.85,121.96650000000001,55.120000000000005,1.56,85.98720000000002,85.4,0.3,6.0,198.7,23789.0,45004.0,19.9,22.24,27.0,30.144,14.239999999999998,194.0,962.0,6.859999999999999,0.7050067026601567
2026-04-20T12:47:31,04/20/202600:47,143.56,0.86,123.4616,55.120000000000005,1.55,85.436,84.9,0.3,6.0,198.7,23789.0,45004.0,19.9,22.259999999999998,27.0,30.141,14.214999999999998,194.0,963.0,6.889999999999999,0.6920046394992452
2026-04-20T12:48:01,04/20/202600:48,143.62,0.86,123.5132,55.120000000000005,1.54,84.88480000000001,84.4,0.3,6.0,198.7,23789.0,45004.0,19.9,22.279999999999998,27.0,30.137999999999998,14.189999999999998,194.0,964.0,6.92,0.6872528604230156
2026-04-20T12:48:32,04/20/202600:48,143.52,0.8700000000000001,124.86240000000002,55.120000000000005,1.54,84.88480000000001,84.4,0.3,6.0,198.7,23789.0,45004.0,20.0,22.3,27.0,30.135,14.164999999999997,194.0,965.0,6.95,0.6798267532900216
2026-04-20T12:49:01,04/20/202600:49,143.42000000000002,0.8800000000000001,126.20960000000004,55.120000000000005,1.54,84.88480000000001,84.4,0.3,6.0,198.7,23789.0,45004.0,20.0,22.32,27.0,30.131999999999998,14.139999999999997,194.0,966.0,6.9799999999999995,0.6725700739087992
2026-04-20T12:49:33,04/20/202600:49,143.34,0.8700000000000001,124.70580000000002,55.120000000000005,1.52,83.78240000000001,83.3,0.3,6.0,198.7,23789.0,45004.0,19.9,22.339999999999996,27.0,30.129,14.114999999999998,194.0,967.0,7.01,0.6718404436682175
2026-04-20T12:50:01,04/20/202600:50,143.26,0.86,123.2036,55.120000000000005,1.5,82.68,82.2,0.3,6.0,198.7,23789.0,45004.0,19.9,22.36,27.0,30.125999999999998,14.089999999999998,194.0,968.0,7.039999999999999,0.6710842864981219
2026-04-20T12:50:32,04/20/202600:50,143.07,0.86,123.0402,55.120000000000005,1.5,82.68,82.2,0.3,6.0,198.7,23789.0,45004.0,19.9,22.38,27.0,30.123,14.064999999999998,194.0,969.0,7.07,0.6719755006900184
2026-04-20T12:51:01,04/20/202600:51,142.88,0.86,122.87679999999999,55.120000000000005,1.5,82.68,82.2,0.3,6.0,198.7,23789.0,45004.0,19.9,22.4,27.0,30.119999999999997,14.039999999999997,194.0,970.0,7.1,0.6728690851324255
2026-04-20T12:51:32,04/20/202600:51,142.70999999999998,0.86,122.73059999999998,55.11,1.4899999999999998,82.11389999999999,81.7,0.3,6.0,198.7,23789.0,45004.0,19.9,22.4,27.0,30.119999999999997,14.039999999999997,194.0,970.0,7.1,0.6690580833141857
2026-04-20T12:52:01,04/20/202600:52,142.54000000000002,0.86,122.58440000000002,55.1,1.48,81.548,81.2,0.3,6.0,198.7,23789.0,45004.0,19.9,22.4,27.0,30.119999999999997,14.039999999999997,194.0,970.0,7.1,0.6652396226599795
2026-04-20T12:52:32,04/20/202600:52,142.37,0.86,122.43820000000001,55.1,1.4899999999999998,82.09899999999999,81.7,0.3,6.0,198.7,23789.0,45004.0,19.9,22.4,27.0,30.119999999999997,14.039999999999997,194.0,970.0,7.1,0.6705341960270568
2026-04-20T12:53:01,04/20/202600:53,142.2,0.86,122.29199999999999,55.1,1.5,82.65,82.2,0.3,6.0,198.7,23789.0,45004.0,19.9,22.4,27.0,30.119999999999997,14.039999999999997,194.0,970.0,7.1,0.6758414287116083
2026-04-20T12:54:29,04/20/202600:54,142.05,0.86,122.16300000000001,55.1,1.51,83.20100000000001,82.8,0.3,6.0,198.7,23789.0,45004.0,19.9,22.4,27.0,30.119999999999997,14.039999999999997,194.0,970.0,7.1,0.6810654617191785
2026-04-20T12:54:32,04/20/202600:54,141.93,0.85,120.6405,55.1,1.5,82.65,82.3,0.3,6.0,198.7,23789.0,45004.0,19.9,22.4,27.0,30.119999999999997,14.039999999999997,194.0,970.0,7.1,0.6850933144342074
2026-04-20T12:55:01,04/20/202600:55,141.82,0.85,120.547,55.1,1.5,82.65,82.3,0.3,6.0,198.7,23789.0,45004.0,19.9,22.4,27.0,30.119999999999997,14.039999999999997,194.0,970.0,7.1,0.6856246941027152
2026-04-20T12:55:32,04/20/202600:55,141.7,0.85,120.445,55.1,1.51,83.20100000000001,82.8,0.3,6.0,198.7,23789.0,45004.0,19.9,22.4,27.0,30.119999999999997,14.039999999999997,194.0,970.0,7.1,0.6907800240773798
2026-04-20T12:55:47,04/20/202600:55,141.73,0.8400000000000001,119.0532,55.1,1.48,81.548,81.2,0.3,6.0,198.7,23789.0,45004.0,19.9,22.4,27.0,30.119999999999997,14.039999999999997,194.0,970.0,7.1,0.6849710885553685
2026-04-20T12:56:01,04/20/202600:56,141.76000000000002,0.8300000000000001,117.66080000000002,55.1,1.45,79.895,79.6,0.3,6.0,198.7,23789.0,45004.0,19.9,22.4,27.0,30.119999999999997,14.039999999999997,194.0,970.0,7.1,0.6790281895074654
2026-04-20T12:56:47,04/20/202600:56,141.91000000000003,0.8300000000000001,117.78530000000003,55.1,1.47,80.997,80.7,0.3,6.0,198.7,23789.0,45004.0,19.9,22.4,27.0,30.119999999999997,14.039999999999997,194.0,970.0,7.1,0.6876664575290803
2026-04-20T12:57:01,04/20/202600:57,142.06,0.8300000000000001,117.90980000000002,55.1,1.49,82.099,81.8,0.3,6.0,198.7,23789.0,45004.0,19.9,22.4,27.0,30.119999999999997,14.039999999999997,194.0,970.0,7.1,0.6962864833966302
2026-04-20T12:57:46,04/20/202600:57,142.3,0.8200000000000001,116.68600000000002,55.1,1.46,80.446,80.2,0.3,6.0,198.7,23789.0,45004.0,19.9,22.4,27.0,30.119999999999997,14.039999999999997,194.0,970.0,7.1,0.6894228956344376
2026-04-20T12:58:01,04/20/202600:58,142.54000000000002,0.8099999999999999,115.4574,55.1,1.4300000000000002,78.793,78.6,0.3,6.0,198.7,23789.0,45004.0,19.9,22.4,27.0,30.119999999999997,14.039999999999997,194.0,970.0,7.1,0.6824421821381739
2026-04-20T12:58:47,04/20/202600:58,142.82,0.8,114.256,55.1,1.41,77.691,77.5,0.3,6.0,198.7,23789.0,45004.0,19.9,22.4,27.0,30.119999999999997,14.039999999999997,194.0,970.0,7.1,0.6799730429911778
2026-04-20T12:59:01,04/20/202600:59,143.07,0.8,114.456,55.1,1.41,77.691,77.5,0.3,6.0,198.7,23789.0,45004.0,19.9,22.4,27.0,30.119999999999997,14.039999999999997,194.0,970.0,7.1,0.6787848605577689
2026-04-20T12:59:47,04/20/202600:59,143.18,0.79,113.11220000000002,55.089999999999996,1.4,77.12599999999999,76.9,0.3,6.0,198.7,23789.0,45004.0,19.9,22.4,27.0,30.119999999999997,14.039999999999997,194.0,970.0,7.1,0.6818539467891171
2026-04-20T13:00:01,04/20/202601:00,143.3,0.78,111.77400000000002,55.08,1.3800000000000001,76.0104,75.8,0.3,6.0,198.7,23789.0,45004.0,19.9,22.4,27.0,30.119999999999997,14.039999999999997,194.0,970.0,7.1,0.6800365022277094
2026-04-20T13:01:16,04/20/202601:01,143.57,0.78,111.9846,55.08,1.3800000000000001,76.0104,75.8,0.3,6.0,198.7,23789.0,45004.0,19.9,22.43,26.9,30.119999999999997,14.059000000000001,193.9,972.0,7.109999999999999,0.6787576148863326
2026-04-20T13:01:53,04/20/202601:01,144.01,0.78,112.3278,55.08,1.3800000000000001,76.0104,75.8,0.3,6.0,198.7,23789.0,45004.0,19.9,22.46,26.8,30.119999999999997,14.078,193.8,974.0,7.12,0.67668377730179
2026-04-20T13:02:01,04/20/202601:02,144.29000000000002,0.78,112.54620000000001,55.08,1.3599999999999999,74.90879999999999,74.7,0.3,6.0,198.7,23789.0,45004.0,19.9,22.49,26.7,30.119999999999997,14.097,193.7,976.0,7.13,0.6655826673845938
2026-04-20T13:02:07,04/20/202601:02,144.56,0.78,112.75680000000001,55.08,1.3399999999999999,73.8072,73.6,0.3,6.0,198.7,23789.0,45004.0,19.9,22.52,26.6,30.119999999999997,14.116,193.6,978.0,7.140000000000001,0.6545698352560554
2026-04-20T13:03:01,04/20/202601:03,144.78,0.78,112.92840000000001,55.08,1.3599999999999999,74.90879999999999,74.7,0.3,6.0,198.7,23789.0,45004.0,19.9,22.55,26.5,30.119999999999997,14.135,193.5,980.0,7.15,0.6633300392106856
2026-04-20T13:03:07,04/20/202601:03,144.8,0.79,114.39200000000001,55.08,1.38,76.01039999999999,75.8,0.3,6.0,198.7,23789.0,45004.0,19.9,22.58,26.4,30.119999999999997,14.154,193.4,982.0,7.159999999999999,0.6644730400727322
2026-04-20T13:04:01,04/20/202601:04,144.77,0.8,115.81600000000002,55.08,1.38,76.01039999999999,75.8,0.3,6.0,198.7,23789.0,45004.0,19.9,22.61,26.3,30.119999999999997,14.172999999999998,193.3,984.0,7.17,0.6563031014712991
2026-04-20T13:04:07,04/20/202601:04,144.83999999999997,0.8,115.87199999999999,55.08,1.38,76.01039999999999,75.8,0.3,6.0,198.7,23789.0,45004.0,19.9,22.639999999999997,26.2,30.119999999999997,14.192000000000002,193.2,986.0,7.18,0.6559859154929577
2026-04-20T13:05:41,04/20/202601:05,145.07999999999998,0.8,116.064,55.089999999999996,1.3699999999999999,75.4733,75.3,0.3,6.0,198.7,23789.0,45004.0,19.9,22.669999999999998,26.1,30.119999999999997,14.211000000000002,193.1,988.0,7.19,0.6502731251723187
2026-04-20T13:06:00,04/20/202601:06,145.32,0.8,116.256,55.1,1.3599999999999999,74.93599999999999,74.8,0.3,6.0,198.7,23789.0,45004.0,19.9,22.7,26.0,30.119999999999997,14.23,193.0,990.0,7.2,0.6445774841728599
2026-04-20T13:06:07,04/20/202601:06,145.27,0.79,114.76330000000002,55.1,1.3399999999999999,73.83399999999999,73.7,0.3,6.0,198.7,23789.0,45004.0,19.9,22.7,26.0,30.119999999999997,14.23,193.0,990.0,7.2,0.6433589832289589
2026-04-20T13:07:01,04/20/202601:07,145.05,0.78,113.13900000000001,55.1,1.3199999999999998,72.732,72.6,0.3,6.0,198.7,23789.0,45004.0,19.9,22.7,26.0,30.119999999999997,14.23,193.0,990.0,7.2,0.6428552488531806
2026-04-20T13:07:07,04/20/202601:07,144.69,0.77,111.4113,55.06,1.31,72.1286,72.0,0.3,6.0,198.7,23789.0,45004.0,19.9,22.7,26.0,30.119999999999997,14.23,193.0,990.0,7.2,0.6474082970039844
2026-04-20T13:08:00,04/20/202601:08,144.34,0.76,109.6984,55.02,1.3,71.52600000000001,71.4,0.3,6.0,198.7,23789.0,45004.0,19.9,22.7,26.0,30.119999999999997,14.23,193.0,990.0,7.2,0.6520240951554445
2026-04-20T13:08:07,04/20/202601:08,144.05,0.76,109.47800000000001,54.980000000000004,1.29,70.92420000000001,70.8,0.3,6.0,198.7,23789.0,45004.0,19.9,22.7,26.0,30.119999999999997,14.23,193.0,990.0,7.2,0.6478397486252947
2026-04-20T13:09:01,04/20/202601:09,143.95999999999998,0.75,107.96999999999998,54.94,1.28,70.3232,70.2,0.3,6.0,198.7,23789.0,45004.0,19.9,22.7,26.0,30.119999999999997,14.23,193.0,990.0,7.2,0.6513216634250255
2026-04-20T13:09:07,04/20/202601:09,144.03,0.73,105.14189999999999,54.9,1.25,68.625,68.5,0.3,6.0,198.7,23789.0,45004.0,19.9,22.7,26.0,30.119999999999997,14.23,193.0,990.0,7.2,0.6526893655146045
2026-04-20T13:10:00,04/20/202601:10,144.0,0.72,103.67999999999999,54.86,1.22,66.9292,66.8,0.3,6.0,198.7,23789.0,45004.0,19.9,22.7,26.0,30.119999999999997,14.23,193.0,990.0,7.2,0.6455362654320987
2026-04-20T13:10:07,04/20/202601:10,143.85999999999999,0.73,105.01779999999998,54.82000000000001,1.24,67.97680000000001,67.8,0.3,6.0,198.7,23789.0,45004.0,19.9,22.7,26.0,30.119999999999997,14.23,193.0,990.0,7.2,0.6472883644486936
2026-04-20T13:11:01,04/20/202601:11,143.72,0.74,106.3528,54.78000000000001,1.26,69.02280000000002,68.8,0.3,6.0,198.7,23789.0,45004.0,19.9,22.7,26.0,30.119999999999997,14.23,193.0,990.0,7.2,0.6489984278740195
2026-04-20T13:11:08,04/20/202601:11,143.81,0.74,106.4194,54.739999999999995,1.27,69.51979999999999,69.3,0.3,7.0,198.7,23789.0,45004.0,19.9,22.7,26.0,30.119999999999997,14.23,193.0,990.0,7.2,0.6532624690610922
2026-04-20T13:12:00,04/20/202601:12,143.9,0.74,106.486,54.7,1.28,70.016,69.8,0.3,7.0,198.7,23789.0,45004.0,19.9,22.7,26.0,30.119999999999997,14.23,193.0,990.0,7.2,0.6575136637680071
2026-04-20T13:13:08,04/20/202601:13,144.14000000000001,0.74,106.66360000000002,54.7,1.26,68.922,68.7,0.3,7.0,198.7,23789.0,45004.0,19.9,22.7,26.0,30.119999999999997,14.23,193.0,990.0,7.2,0.6461623271669059
2026-04-20T13:14:01,04/20/202601:14,144.38,0.74,106.8412,54.7,1.24,67.828,67.6,0.3,7.0,198.7,23789.0,45004.0,19.9,22.7,26.0,30.119999999999997,14.23,193.0,990.0,7.2,0.6348487287675542
2026-04-20T13:14:08,04/20/202601:14,144.52,0.73,105.4996,54.7,1.2200000000000002,66.73400000000001,66.5,0.3,7.0,198.7,23789.0,45004.0,19.9,22.7,26.0,30.119999999999997,14.23,193.0,990.0,7.2,0.632552161335209
2026-04-20T13:16:53,04/20/202601:16,144.56,0.73,105.5288,54.7,1.23,67.281,67.0,0.3,7.0,198.7,23789.0,45004.0,19.9,22.729999999999997,25.9,30.119999999999997,14.242,192.8,990.0,7.209999999999999,0.6375605521904921
2026-04-20T13:16:58,04/20/202601:16,144.25,0.73,105.3025,54.71,1.24,67.8404,67.5,0.3,7.0,198.7,23789.0,45004.0,19.9,22.759999999999998,25.8,30.119999999999997,14.254,192.6,990.0,7.220000000000001,0.6442430141734528
2026-04-20T13:17:01,04/20/202601:17,143.94,0.73,105.0762,54.720000000000006,1.25,68.4,68.0,0.3,7.0,198.7,23789.0,45004.0,19.9,22.79,25.7,30.119999999999997,14.266,192.4,990.0,7.2299999999999995,0.6509561632415334
2026-04-20T13:17:58,04/20/202601:17,143.85999999999999,0.72,103.57919999999999,54.720000000000006,1.21,66.2112,65.8,0.3,7.0,198.7,23789.0,45004.0,20.0,22.82,25.6,30.119999999999997,14.278,192.2,990.0,7.24,0.6392325872375922
2026-04-20T13:18:00,04/20/202601:18,143.78,0.71,102.0838,54.720000000000006,1.17,64.0224,63.6,0.3,7.0,198.7,23789.0,45004.0,20.0,22.85,25.5,30.119999999999997,14.290000000000001,192.0,990.0,7.25,0.6271553370858061
2026-04-20T13:19:23,04/20/202601:19,143.75,0.71,102.0625,54.720000000000006,1.16,63.4752,63.6,0.3,7.0,198.7,23789.0,45004.0,19.9,22.880000000000003,25.4,30.119999999999997,14.302000000000001,191.8,990.0,7.26,0.6219248009797919
2026-04-20T13:20:00,04/20/202601:20,143.71999999999997,0.71,102.04119999999998,54.720000000000006,1.15,62.928000000000004,63.6,0.3,7.0,198.7,23789.0,45004.0,19.9,22.91,25.3,30.119999999999997,14.313999999999998,191.6,990.0,7.2700000000000005,0.6166920812377747
2026-04-20T13:20:23,04/20/202601:20,143.70999999999998,0.72,103.47119999999998,54.720000000000006,1.1800000000000002,64.56960000000002,65.2,0.3,7.0,198.7,23789.0,45004.0,19.9,22.94,25.2,30.119999999999997,14.325999999999999,191.4,990.0,7.279999999999999,0.6240345139517086
2026-04-20T13:21:00,04/20/202601:21,143.7,0.73,104.901,54.720000000000006,1.21,66.2112,66.8,0.3,7.0,198.7,23789.0,45004.0,19.9,22.97,25.1,30.119999999999997,14.338,191.2,990.0,7.290000000000001,0.6311779677982098
2026-04-20T13:21:23,04/20/202601:21,143.63,0.73,104.84989999999999,54.71,1.23,67.2933,67.9,0.3,7.0,198.7,23789.0,45004.0,19.9,23.0,25.0,30.119999999999997,14.35,191.0,990.0,7.3,0.6418060484559357
2026-04-20T13:22:00,04/20/202601:22,143.66,0.72,103.4352,54.7,1.22,66.73400000000001,67.4,0.3,7.0,198.7,23789.0,45004.0,19.9,23.0,25.0,30.119999999999997,14.35,191.0,990.0,7.3,0.645176883691432
2026-04-20T13:22:08,04/20/202601:22,143.88,0.73,105.0324,54.69,1.21,66.1749,66.9,0.3,7.0,198.7,23789.0,45004.0,19.9,23.0,25.0,30.119999999999997,14.35,191.0,990.0,7.3,0.6300427296719869
2026-04-20T13:23:00,04/20/202601:23,144.1,0.74,106.634,54.68000000000001,1.2,65.616,66.4,0.3,7.0,198.7,23789.0,45004.0,19.9,23.0,25.0,30.119999999999997,14.35,191.0,990.0,7.3,0.615338447399516
2026-04-20T13:23:09,04/20/202601:23,144.07,0.75,108.0525,54.68000000000001,1.22,66.70960000000001,67.5,0.3,7.0,198.7,23789.0,45004.0,19.9,23.0,25.0,30.119999999999997,14.35,191.0,990.0,7.3,0.6173813655398998
2026-04-20T13:24:00,04/20/202601:24,144.04000000000002,0.76,109.47040000000001,54.68000000000001,1.24,67.8032,68.6,0.3,7.0,198.7,23789.0,45004.0,19.9,23.0,25.0,30.119999999999997,14.35,191.0,990.0,7.3,0.6193747350882065
2026-04-20T13:24:08,04/20/202601:24,143.92000000000002,0.76,109.37920000000001,54.68000000000001,1.23,67.25640000000001,67.5,0.3,7.0,198.7,23789.0,45004.0,19.9,23.0,25.0,30.119999999999997,14.35,191.0,990.0,7.3,0.6148920452883181
2026-04-20T13:25:00,04/20/202601:25,143.8,0.76,109.28800000000001,54.68000000000001,1.22,66.70960000000001,66.4,0.3,7.0,198.7,23789.0,45004.0,19.9,23.0,25.0,30.119999999999997,14.35,191.0,990.0,7.3,0.6104018739477345
2026-04-20T13:25:08,04/20/202601:25,143.74,0.75,107.805,54.68000000000001,1.2,65.616,65.3,0.3,7.0,198.7,23789.0,45004.0,19.9,23.0,25.0,30.119999999999997,14.35,191.0,990.0,7.3,0.6086545150967023
2026-04-20T13:26:00,04/20/202601:26,143.68,0.74,106.3232,54.68000000000001,1.1800000000000002,64.52240000000002,64.2,0.3,7.0,198.7,23789.0,45004.0,19.9,23.0,25.0,30.119999999999997,14.35,191.0,990.0,7.3,0.6068515620297359
2026-04-20T13:26:08,04/20/202601:26,143.76000000000002,0.73,104.94480000000001,54.69,1.16,63.44039999999999,63.1,0.3,7.0,198.7,23789.0,45004.0,19.9,23.0,25.0,30.119999999999997,14.35,191.0,990.0,7.3,0.6045120863539688
2026-04-20T13:28:04,04/20/202601:28,143.89000000000001,0.74,106.47860000000001,54.7,1.15,62.905,62.5,0.3,7.0,198.7,23789.0,45004.0,19.9,23.0,25.0,30.119999999999997,14.35,191.0,990.0,7.3,0.590775986911924
2026-04-20T13:29:15,04/20/202601:29,144.0,0.73,105.12,54.7,1.16,63.452,63.0,0.4,7.0,198.7,23789.0,45004.0,19.9,23.0,25.0,30.119999999999997,14.35,191.0,990.0,7.3,0.6036149162861492
2026-04-20T13:30:01,04/20/202601:30,144.10999999999999,0.72,103.75919999999998,54.7,1.17,63.999,63.5,0.4,7.0,198.7,23789.0,45004.0,19.9,23.0,25.0,30.119999999999997,14.35,191.0,990.0,7.3,0.6168031364929569
2026-04-20T13:30:15,04/20/202601:30,144.3,0.71,102.453,54.7,1.17,63.999,63.5,0.4,7.0,198.7,23789.0,45004.0,19.9,23.0,25.0,30.119999999999997,14.35,191.0,990.0,7.3,0.6246669204415684
2026-04-20T13:31:00,04/20/202601:31,144.49,0.7,101.143,54.7,1.17,63.999,63.5,0.4,7.0,198.7,23789.0,45004.0,19.9,23.0,25.0,30.119999999999997,14.35,191.0,990.0,7.3,0.6327575808508745
2026-04-20T13:31:15,04/20/202601:31,144.57999999999998,0.7,101.20599999999999,54.7,1.2,65.64,65.1,0.4,7.0,198.7,23789.0,45004.0,19.9,23.03,25.0,30.119999999999997,14.388,190.9,991.0,7.3,0.6485781475406597
2026-04-20T13:32:01,04/20/202601:32,144.67000000000002,0.7,101.269,54.7,1.23,67.281,66.7,0.4,7.0,198.7,23789.0,45004.0,19.9,23.06,25.0,30.119999999999997,14.425999999999998,190.8,992.0,7.3,0.6643790301079304
2026-04-20T13:32:15,04/20/202601:32,144.6,0.71,102.666,54.7,1.23,67.281,67.3,0.4,7.0,198.7,23789.0,45004.0,19.9,23.09,25.0,30.119999999999997,14.463999999999999,190.7,993.0,7.3,0.6553386710303315
2026-04-20T13:33:00,04/20/202601:33,144.53,0.72,104.0616,54.7,1.23,67.281,67.9,0.4,7.0,198.7,23789.0,45004.0,19.9,23.119999999999997,25.0,30.119999999999997,14.502,190.6,994.0,7.3,0.6465497359256441
2026-04-20T13:33:15,04/20/202601:33,144.42000000000002,0.72,103.98240000000001,54.7,1.2,65.64,66.2,0.4,7.0,198.7,23789.0,45004.0,19.9,23.15,25.0,30.119999999999997,14.533000000000001,190.3,995.0,7.3,0.6312606748834417
2026-04-20T13:34:01,04/20/202601:34,144.26,0.7,100.98199999999999,54.7,1.16,63.452,64.0,0.4,7.0,198.7,23789.0,45004.0,19.9,23.18,25.0,30.119999999999997,14.563999999999998,190.0,996.0,7.3,0.6283496068606287
2026-04-20T13:34:15,04/20/202601:34,144.04000000000002,0.71,102.26840000000001,54.7,1.17,63.999,64.6,0.4,7.0,198.7,23789.0,45004.0,19.9,23.21,25.0,30.119999999999997,14.577000000000002,189.7,997.0,7.3,0.6257944780596938
2026-04-20T13:35:00,04/20/202601:35,143.82,0.72,103.5504,54.7,1.1800000000000002,64.546,65.2,0.4,7.0,198.7,23789.0,45004.0,19.9,23.240000000000002,25.0,30.119999999999997,14.59,189.4,998.0,7.3,0.6233293159659452
2026-04-20T13:35:14,04/20/202601:35,143.60999999999999,0.72,103.39919999999998,54.7,1.19,65.093,65.8,0.4,7.0,198.7,23789.0,45004.0,19.9,23.270000000000003,25.0,30.119999999999997,14.603,189.1,999.0,7.3,0.6295309828315888
2026-04-20T13:36:00,04/20/202601:36,143.4,0.72,103.248,54.7,1.2,65.64,66.4,0.4,7.0,198.7,23789.0,45004.0,19.9,23.3,25.0,30.119999999999997,14.616,188.8,1000.0,7.3,0.6357508135750813
2026-04-20T13:36:15,04/20/202601:36,143.23,0.72,103.12559999999999,54.71,1.19,65.1049,65.9,0.4,7.0,198.7,23789.0,45004.0,20.0,23.3,25.0,30.119999999999997,14.591,188.6,1000.0,7.3,0.6313165693096574
2026-04-20T13:37:00,04/20/202601:37,143.06,0.72,103.00319999999999,54.720000000000006,1.1800000000000002,64.56960000000002,65.4,0.4,7.0,198.7,23789.0,45004.0,20.0,23.3,25.0,30.119999999999997,14.565999999999999,188.4,1000.0,7.3,0.6268698448203553
2026-04-20T13:37:14,04/20/202601:37,142.9,0.72,102.888,54.720000000000006,1.1700000000000002,64.02240000000002,64.3,0.4,7.0,198.7,23789.0,45004.0,20.0,23.3,25.1,30.119999999999997,14.541,188.2,1000.0,7.3,0.6222533240027993
2026-04-20T13:39:15,04/20/202601:39,142.82999999999998,0.71,101.40929999999999,54.720000000000006,1.1700000000000002,64.02240000000002,63.7,0.4,7.0,198.7,23789.0,45004.0,20.0,23.3,25.2,30.119999999999997,14.516,188.0,1000.0,7.3,0.6313267126387819
2026-04-20T13:40:00,04/20/202601:40,142.76,0.72,102.78719999999998,54.720000000000006,1.21,66.2112,65.9,0.4,7.0,198.7,23789.0,45004.0,20.0,23.3,25.3,30.119999999999997,14.498000000000001,188.0,1000.0,7.3,0.644158027458672
2026-04-20T13:40:15,04/20/202601:40,142.68,0.73,104.1564,54.71,1.26,68.9346,68.7,0.4,7.0,198.7,23789.0,45004.0,20.0,23.3,25.4,30.119999999999997,14.48,188.0,1000.0,7.3,0.6618373906932267
2026-04-20T13:41:00,04/20/202601:41,142.68,0.72,102.7296,54.7,1.26,68.922,68.7,0.4,7.0,198.7,23789.0,45004.0,20.0,23.3,25.5,30.119999999999997,14.48,188.0,1000.0,7.3,0.6709069245864872
2026-04-20T13:41:15,04/20/202601:41,142.60999999999999,0.71,101.25309999999999,54.7,1.25,68.375,68.1,0.4,7.0,198.7,23789.0,45004.0,19.9,23.3,25.6,30.119999999999997,14.48,188.0,1000.0,7.3,0.6752879664918902
2026-04-20T13:42:00,04/20/202601:42,142.55,0.71,101.2105,54.7,1.24,67.828,67.5,0.4,7.0,198.7,23789.0,45004.0,19.9,23.3,25.7,30.119999999999997,14.48,188.0,1000.0,7.3,0.6701676209484194
2026-04-20T13:42:15,04/20/202601:42,142.27,0.72,102.4344,54.7,1.22,66.73400000000001,66.4,0.4,7.0,198.7,23789.0,45004.0,20.0,23.3,25.8,30.119999999999997,14.48,188.0,1000.0,7.3,0.6514803620658686
2026-04-20T13:43:00,04/20/202601:43,142.0,0.73,103.66,54.69,1.2,65.628,65.3,0.4,7.0,198.7,23789.0,45004.0,20.0,23.3,25.9,30.119999999999997,14.48,188.0,1000.0,7.3,0.6331082384719274
2026-04-20T13:43:15,04/20/202601:43,141.88,0.74,104.99119999999999,54.67,1.2,65.604,65.3,0.4,7.0,198.7,23789.0,45004.0,19.9,23.3,26.0,30.119999999999997,14.48,188.0,1000.0,7.3,0.6248523685794619
2026-04-20T13:43:35,04/20/202601:43,141.85,0.73,103.5505,54.68000000000001,1.2,65.616,65.3,0.4,7.0,198.7,23789.0,45004.0,20.0,23.3,26.0,30.119999999999997,14.48,188.0,1000.0,7.3,0.6336618364952367
2026-04-20T13:44:00,04/20/202601:44,141.73,0.73,103.46289999999999,54.69,1.19,65.08109999999999,64.8,0.4,7.0,198.7,23789.0,45004.0,20.0,23.3,26.0,30.119999999999997,14.48,188.0,1000.0,7.3,0.6290283763551959
2026-04-20T13:44:35,04/20/202601:44,141.67000000000002,0.73,103.41910000000001,54.69,1.1800000000000002,64.53420000000001,64.3,0.4,7.0,198.7,23789.0,45004.0,19.9,23.3,26.0,30.119999999999997,14.48,188.0,1000.0,7.3,0.6240065906587855
2026-04-20T13:45:00,04/20/202601:45,141.62,0.73,103.3826,54.7,1.1600000000000001,63.45200000000001,63.2,0.4,7.0,198.7,23789.0,45004.0,19.9,23.3,26.0,30.119999999999997,14.48,188.0,1000.0,7.3,0.6137589884564716
2026-04-20T13:45:35,04/20/202601:45,141.62,0.73,103.3826,54.71,1.1400000000000001,62.369400000000006,62.1,0.4,7.0,198.7,23789.0,45004.0,20.0,23.3,26.0,30.119999999999997,14.48,188.0,1000.0,7.3,0.6032872069381116
2026-04-20T13:46:00,04/20/202601:46,141.69,0.73,103.4337,54.71,1.1300000000000001,61.822300000000006,61.6,0.4,7.0,198.7,23789.0,45004.0,20.0,23.3,26.0,30.119999999999997,14.48,188.0,1000.0,7.3,0.5976997825660303
2026-04-20T13:46:35,04/20/202601:46,141.64000000000001,0.74,104.81360000000001,54.71,1.1300000000000001,61.822300000000006,61.6,0.4,7.0,198.7,23789.0,45004.0,19.9,23.32,25.9,30.119999999999997,14.553999999999998,188.2,999.0,7.290000000000001,0.5898308998068953
2026-04-20T13:47:00,04/20/202601:47,141.81,0.74,104.9394,54.71,1.1400000000000001,62.369400000000006,62.1,0.4,7.0,198.7,23789.0,45004.0,19.9,23.34,25.8,30.119999999999997,14.628,188.4,998.0,7.279999999999999,0.5943373032435864
2026-04-20T13:47:35,04/20/202601:47,141.93,0.74,105.0282,54.71,1.15,62.9165,62.6,0.4,7.0,198.7,23789.0,45004.0,20.0,23.36,25.7,30.119999999999997,14.702000000000002,188.6,997.0,7.2700000000000005,0.5990438758352519
2026-04-20T13:48:00,04/20/202601:48,141.9,0.74,105.006,54.720000000000006,1.1400000000000001,62.380800000000015,62.0,0.4,7.0,198.7,23789.0,45004.0,20.0,23.380000000000003,25.6,30.119999999999997,14.776,188.8,996.0,7.26,0.5940689103479803
2026-04-20T13:48:34,04/20/202601:48,142.07999999999998,0.74,105.13919999999999,54.7,1.1300000000000001,61.81100000000001,61.4,0.4,7.0,198.7,23789.0,45004.0,20.0,23.4,25.5,30.119999999999997,14.85,189.0,995.0,7.25,0.5878968072802534
2026-04-20T13:49:00,04/20/202601:49,142.26,0.74,105.27239999999999,54.68000000000001,1.1199999999999999,61.2416,60.8,0.4,7.0,198.7,23789.0,45004.0,20.0,23.419999999999998,25.4,30.119999999999997,14.924000000000001,189.2,994.0,7.24,0.5817441228660124
2026-04-20T13:50:27,04/20/202601:50,142.37,0.74,105.3538,54.68000000000001,1.1300000000000001,61.78840000000002,61.3,0.4,7.0,198.7,23789.0,45004.0,20.0,23.44,25.3,30.119999999999997,14.998000000000001,189.4,993.0,7.2299999999999995,0.5864847779577007
2026-04-20T13:50:35,04/20/202601:50,142.44,0.73,103.9812,54.68000000000001,1.1300000000000001,61.78840000000002,61.3,0.4,7.0,198.7,23789.0,45004.0,20.0,23.46,25.2,30.119999999999997,15.072,189.6,992.0,7.220000000000001,0.5942266486634123
2026-04-20T13:51:00,04/20/202601:51,142.45999999999998,0.72,102.57119999999998,54.68000000000001,1.1300000000000001,61.78840000000002,61.3,0.4,7.0,198.7,23789.0,45004.0,20.0,23.48,25.1,30.119999999999997,15.146,189.8,991.0,7.209999999999999,0.6023952142511741
2026-04-20T13:51:35,04/20/202601:51,142.43,0.72,102.5496,54.67,1.1099999999999999,60.683699999999995,60.2,0.4,7.0,198.7,23789.0,45004.0,20.0,23.5,25.0,30.119999999999997,15.220000000000002,190.0,990.0,7.2,0.5917497484144257
2026-04-20T13:52:01,04/20/202601:52,142.52,0.71,101.1892,54.660000000000004,1.08,59.03280000000001,58.6,0.4,7.0,198.7,23789.0,45004.0,20.0,23.5,25.0,30.119999999999997,15.220000000000002,190.0,990.0,7.2,0.5833903222873588
2026-04-20T13:52:35,04/20/202601:52,142.62,0.7,99.834,54.660000000000004,1.06,57.939600000000006,57.5,0.4,7.0,198.7,23789.0,45004.0,20.0,23.5,25.0,30.119999999999997,15.220000000000002,190.0,990.0,7.2,0.5803593965983533
2026-04-20T13:53:00,04/20/202601:53,142.77,0.69,98.5113,54.660000000000004,1.04,56.8464,56.4,0.4,7.0,198.7,23789.0,45004.0,20.0,23.5,25.0,30.119999999999997,15.220000000000002,190.0,990.0,7.2,0.5770546120089777
2026-04-20T13:53:35,04/20/202601:53,142.95,0.6799999999999999,97.20599999999999,54.660000000000004,1.04,56.8464,56.4,0.4,7.0,198.7,23789.0,45004.0,20.0,23.5,25.0,30.119999999999997,15.220000000000002,190.0,990.0,7.2,0.5848034071970867
2026-04-20T13:54:01,04/20/202601:54,142.89000000000001,0.6799999999999999,97.1652,54.67,1.06,57.9502,57.5,0.4,7.0,198.7,23789.0,45004.0,20.0,23.5,25.0,30.119999999999997,15.220000000000002,190.0,990.0,7.2,0.5964090024000362
2026-04-20T13:54:35,04/20/202601:54,142.85999999999999,0.6799999999999999,97.14479999999998,54.68000000000001,1.09,59.60120000000001,59.2,0.4,7.0,198.7,23789.0,45004.0,20.0,23.5,25.0,30.119999999999997,15.220000000000002,190.0,990.0,7.2,0.6135294941160003
2026-04-20T13:55:00,04/20/202601:55,142.84,0.6799999999999999,97.13119999999999,54.68000000000001,1.1,60.14800000000001,59.8,0.4,7.0,198.7,23789.0,45004.0,20.0,23.5,25.0,30.119999999999997,15.220000000000002,190.0,990.0,7.2,0.619244897623009
2026-04-20T13:55:36,04/20/202601:55,142.87,0.69,98.5803,54.68000000000001,1.1099999999999999,60.6948,60.3,0.4,7.0,198.7,23789.0,45004.0,20.0,23.5,25.0,30.119999999999997,15.220000000000002,190.0,990.0,7.2,0.615688935821863
2026-04-20T13:56:01,04/20/202601:56,142.9,0.7,100.03,54.68000000000001,1.1199999999999999,61.2416,60.8,0.4,7.0,198.7,23789.0,45004.0,20.0,23.5,25.0,30.119999999999997,15.220000000000002,190.0,990.0,7.2,0.6122323303009097
2026-04-20T13:56:35,04/20/202601:56,142.95,0.7,100.06499999999998,54.69,1.1400000000000001,62.3466,61.9,0.4,7.0,198.7,23789.0,45004.0,20.0,23.5,25.0,30.119999999999997,15.220000000000002,190.0,990.0,7.2,0.623061010343277
2026-04-20T13:57:00,04/20/202601:57,143.0,0.7,100.1,54.7,1.16,63.452,63.0,0.4,7.0,198.7,23789.0,45004.0,20.0,23.5,25.0,30.119999999999997,15.220000000000002,190.0,990.0,7.2,0.6338861138861139
2026-04-20T13:57:35,04/20/202601:57,143.03,0.7,100.121,54.7,1.17,63.999,63.6,0.4,7.0,198.7,23789.0,45004.0,20.0,23.5,25.0,30.119999999999997,15.220000000000002,190.0,990.0,7.2,0.6392165479769479
2026-04-20T13:58:01,04/20/202601:58,143.06,0.7,100.142,54.7,1.1800000000000002,64.546,64.2,0.4,7.0,198.7,23789.0,45004.0,20.0,23.5,25.0,30.119999999999997,15.220000000000002,190.0,990.0,7.2,0.6445447464600269
2026-04-20T13:58:35,04/20/202601:58,143.04000000000002,0.69,98.69760000000001,54.7,1.16,63.452,63.1,0.4,7.0,198.7,23789.0,45004.0,20.0,23.5,25.0,30.119999999999997,15.220000000000002,190.0,990.0,7.2,0.6428930389391433
2026-04-20T13:59:00,04/20/202601:59,143.02,0.6799999999999999,97.25359999999999,54.7,1.1400000000000001,62.35800000000001,62.0,0.4,7.0,198.7,23789.0,45004.0,20.0,23.5,25.0,30.119999999999997,15.220000000000002,190.0,990.0,7.2,0.6411896320547519
2026-04-20T13:59:35,04/20/202601:59,142.95,0.6799999999999999,97.20599999999999,54.7,1.1400000000000001,62.35800000000001,62.0,0.4,7.0,198.7,23789.0,45004.0,20.0,23.5,25.0,30.119999999999997,15.220000000000002,190.0,990.0,7.2,0.641503610888217
2026-04-20T14:00:01,04/20/202602:00,142.88,0.6799999999999999,97.15839999999999,54.7,1.1400000000000001,62.35800000000001,62.0,0.4,7.0,198.7,23789.0,45004.0,20.0,23.5,25.0,30.119999999999997,15.220000000000002,190.0,990.0,7.2,0.6418178973717148
2026-04-20T14:01:38,04/20/202602:01,142.78,0.6799999999999999,97.09039999999999,54.7,1.1300000000000001,61.81100000000001,61.5,0.4,8.0,198.7,23789.0,45004.0,20.0,23.509999999999998,25.0,30.117,15.283000000000001,190.3,990.0,7.2,0.6366334879658546
2026-04-20T14:02:00,04/20/202602:02,142.68,0.6799999999999999,97.02239999999999,54.7,1.12,61.26400000000001,61.0,0.4,8.0,198.7,23789.0,45004.0,20.0,23.52,25.0,30.113999999999997,15.346,190.6,990.0,7.2,0.6314418113755176
2026-04-20T14:02:30,04/20/202602:02,142.57999999999998,0.69,98.38019999999999,54.7,1.12,61.26400000000001,61.0,0.4,8.0,198.7,23789.0,45004.0,20.0,23.53,25.0,30.111,15.409,190.9,990.0,7.2,0.6227269308255118
2026-04-20T14:03:01,04/20/202602:03,142.48,0.7,99.73599999999999,54.7,1.12,61.26400000000001,61.0,0.4,8.0,198.7,23789.0,45004.0,20.0,23.54,25.0,30.107999999999997,15.472,191.2,990.0,7.2,0.6142616507580013
2026-04-20T14:03:30,04/20/202602:03,142.4,0.7,99.67999999999999,54.7,1.12,61.26400000000001,61.0,0.4,8.0,198.7,23789.0,45004.0,20.0,23.55,25.0,30.105,15.535,191.5,990.0,7.2,0.6146067415730339
2026-04-20T14:04:01,04/20/202602:04,142.32,0.7,99.624,54.7,1.12,61.26400000000001,61.0,0.4,8.0,198.7,23789.0,45004.0,20.0,23.560000000000002,25.0,30.101999999999997,15.597999999999999,191.8,990.0,7.2,0.6149522203485105
2026-04-20T14:04:30,04/20/202602:04,142.22,0.71,100.97619999999999,54.7,1.1400000000000001,62.35800000000001,62.1,0.4,8.0,198.7,23789.0,45004.0,20.0,23.57,25.0,30.099,15.661000000000001,192.1,990.0,7.2,0.6175514626218853
2026-04-20T14:05:01,04/20/202602:05,142.12,0.72,102.32639999999999,54.7,1.1600000000000001,63.45200000000001,63.2,0.4,8.0,198.7,23789.0,45004.0,20.0,23.580000000000002,25.0,30.095999999999997,15.724,192.4,990.0,7.2,0.6200941301560499
2026-04-20T14:05:30,04/20/202602:05,142.06,0.72,102.2832,54.7,1.15,62.905,62.6,0.4,8.0,198.7,23789.0,45004.0,20.0,23.59,25.0,30.093,15.787,192.7,990.0,7.2,0.615008134278161
2026-04-20T14:06:01,04/20/202602:06,142.0,0.72,102.24,54.7,1.1400000000000001,62.35800000000001,62.0,0.4,8.0,198.7,23789.0,45004.0,20.0,23.6,25.0,30.089999999999996,15.85,193.0,990.0,7.2,0.6099178403755869
2026-04-20T14:06:30,04/20/202602:06,141.91,0.72,102.17519999999999,54.7,1.1300000000000001,61.81100000000001,61.4,0.4,8.0,198.7,23789.0,45004.0,20.0,23.6,25.0,30.089999999999996,15.85,193.0,990.0,7.2,0.6049511035946101
2026-04-20T14:07:01,04/20/202602:07,141.82,0.72,102.11039999999998,54.7,1.1199999999999999,61.263999999999996,60.8,0.4,8.0,198.7,23789.0,45004.0,20.0,23.6,25.0,30.089999999999996,15.85,193.0,990.0,7.2,0.5999780629593069
2026-04-20T14:07:29,04/20/202602:07,141.72,0.72,102.0384,54.7,1.1199999999999999,61.263999999999996,60.8,0.4,8.0,198.7,23789.0,45004.0,20.0,23.6,25.0,30.089999999999996,15.85,193.0,990.0,7.2,0.6004014175055665
2026-04-20T14:08:01,04/20/202602:08,141.62,0.72,101.9664,54.7,1.1199999999999999,61.263999999999996,60.8,0.4,8.0,198.7,23789.0,45004.0,20.0,23.6,25.0,30.089999999999996,15.85,193.0,990.0,7.2,0.6008253699257795
2026-04-20T14:08:30,04/20/202602:08,141.51,0.73,103.30229999999999,54.7,1.1300000000000001,61.81100000000001,61.3,0.4,8.0,198.7,23789.0,45004.0,20.0,23.6,25.0,30.089999999999996,15.85,193.0,990.0,7.2,0.5983506659580669
2026-04-20T14:10:00,04/20/202602:09,141.43,0.72,101.8296,54.7,1.1199999999999999,61.263999999999996,60.7,0.4,8.0,198.7,23789.0,45004.0,20.0,23.6,25.0,30.089999999999996,15.85,193.0,990.0,7.2,0.6016325312090001
2026-04-20T14:10:01,04/20/202602:10,141.39000000000001,0.71,100.38690000000001,54.7,1.1,60.17000000000001,59.6,0.4,8.0,198.7,23789.0,45004.0,20.0,23.6,25.0,30.089999999999996,15.85,193.0,990.0,7.2,0.5993809949306135
2026-04-20T14:11:01,04/20/202602:11,141.34,0.71,100.3514,54.7,1.09,59.623000000000005,59.1,0.4,8.0,198.7,23789.0,45004.0,20.0,23.6,25.0,30.089999999999996,15.85,193.0,990.0,7.2,0.5941421843641445
2026-04-20T14:12:51,04/20/202602:12,141.25,0.72,101.7,54.7,1.08,59.07600000000001,58.6,0.4,8.0,198.7,23789.0,45004.0,20.0,23.6,25.0,30.089999999999996,15.85,193.0,990.0,7.2,0.5808849557522124
2026-04-20T14:13:00,04/20/202602:12,141.16,0.71,100.22359999999999,54.7,1.05,57.435,57.0,0.4,8.0,198.7,23789.0,45004.0,20.0,23.6,25.0,30.089999999999996,15.85,193.0,990.0,7.2,0.57306861856888
2026-04-20T14:13:01,04/20/202602:13,141.12,0.7,98.78399999999999,54.7,1.04,56.888000000000005,56.5,0.4,8.0,198.7,23789.0,45004.0,20.0,23.6,25.0,30.089999999999996,15.85,193.0,990.0,7.2,0.5758827340459994
2026-04-20T14:14:01,04/20/202602:14,141.1,0.7,98.77,54.7,1.05,57.435,57.1,0.4,8.0,198.7,23789.0,45004.0,20.0,23.6,25.0,30.089999999999996,15.85,193.0,990.0,7.2,0.5815024805102764
2026-04-20T14:14:55,04/20/202602:14,141.1,0.6900000000000001,97.35900000000001,54.69,1.05,57.4245,57.1,0.4,8.0,198.7,23789.0,45004.0,20.0,23.6,25.0,30.089999999999996,15.85,193.0,990.0,7.2,0.5898222044186978
2026-04-20T14:15:00,04/20/202602:15,141.1,0.6799999999999999,95.948,54.68000000000001,1.05,57.41400000000001,57.1,0.4,8.0,198.7,23789.0,45004.0,20.0,23.6,25.0,30.089999999999996,15.85,193.0,990.0,7.2,0.5983866260891317
2026-04-20T14:15:56,04/20/202602:15,141.12,0.6599999999999999,93.13919999999999,54.68000000000001,1.04,56.86720000000001,56.6,0.4,8.0,198.7,23789.0,45004.0,20.0,23.6,25.0,30.089999999999996,15.85,193.0,990.0,7.2,0.6105613962756822
2026-04-20T14:16:01,04/20/202602:16,141.10999999999999,0.6599999999999999,93.13259999999998,54.68000000000001,1.05,57.41400000000001,57.2,0.4,8.0,198.7,23789.0,45004.0,20.0,23.6,25.0,30.089999999999996,15.85,193.0,990.0,7.2,0.6164758634463122
2026-04-20T14:16:55,04/20/202602:16,141.1,0.6799999999999999,95.948,54.68000000000001,1.05,57.41400000000001,57.2,0.4,8.0,198.7,23789.0,45004.0,20.0,23.62,25.0,30.089999999999996,15.856,193.1,989.0,7.19,0.5983866260891317
2026-04-20T14:17:00,04/20/202602:17,141.1,0.6900000000000001,97.35900000000001,54.68000000000001,1.04,56.86720000000001,56.6,0.4,8.0,198.7,23789.0,45004.0,20.0,23.64,25.0,30.089999999999996,15.862,193.2,988.0,7.18,0.5840980289444222
2026-04-20T14:17:56,04/20/202602:17,141.11999999999998,0.6900000000000001,97.3728,54.68000000000001,1.05,57.41400000000001,57.1,0.4,8.0,198.7,23789.0,45004.0,20.0,23.660000000000004,25.0,30.089999999999996,15.868,193.3,987.0,7.17,0.5896307798481712
2026-04-20T14:18:01,04/20/202602:18,141.14,0.71,100.20939999999999,54.68000000000001,1.08,59.05440000000001,58.7,0.4,8.0,198.7,23789.0,45004.0,20.0,23.68,25.0,30.089999999999996,15.874,193.4,986.0,7.159999999999999,0.5893099848916371
2026-04-20T14:18:55,04/20/202602:18,141.11999999999998,0.73,103.01759999999997,54.69,1.12,61.2528,60.9,0.4,8.0,198.7,23789.0,45004.0,20.0,23.7,25.0,30.089999999999996,15.88,193.5,985.0,7.15,0.5945857795172865
2026-04-20T14:19:00,04/20/202602:19,141.07999999999998,0.74,104.3992,54.7,1.1400000000000001,62.35800000000001,62.0,0.4,8.0,198.7,23789.0,45004.0,20.0,23.720000000000002,25.0,30.089999999999996,15.886000000000001,193.6,984.0,7.140000000000001,0.5973034276124722
2026-04-20T14:19:55,04/20/202602:19,141.07999999999998,0.73,102.98839999999998,54.71,1.1400000000000001,62.369400000000006,62.0,0.4,8.0,198.7,23789.0,45004.0,20.0,23.71,25.0,30.089999999999996,15.892,193.7,982.0,7.13,0.6055963584248325
2026-04-20T14:20:01,04/20/202602:20,141.07999999999998,0.72,101.57759999999999,54.720000000000006,1.1400000000000001,62.380800000000015,62.0,0.4,8.0,198.7,23789.0,45004.0,20.0,23.7,25.0,30.089999999999996,15.898,193.8,980.0,7.12,0.614119648426425
2026-04-20T14:20:56,04/20/202602:20,141.04000000000002,0.72,101.54880000000001,54.720000000000006,1.1400000000000001,62.380800000000015,62.0,0.4,8.0,198.7,23789.0,45004.0,20.0,23.69,25.0,30.089999999999996,15.904,193.9,978.0,7.109999999999999,0.6142938173567782
2026-04-20T14:21:01,04/20/202602:21,141.0,0.72,101.52,54.720000000000006,1.1400000000000001,62.380800000000015,62.0,0.4,8.0,198.7,23789.0,45004.0,20.0,23.68,25.0,30.089999999999996,15.91,194.0,976.0,7.1,0.6144680851063832
2026-04-20T14:21:56,04/20/202602:21,140.95,0.71,100.07449999999999,54.720000000000006,1.1400000000000001,62.380800000000015,62.0,0.4,8.0,198.7,23789.0,45004.0,20.0,23.65,25.0,30.089999999999996,15.817000000000002,193.6,975.0,7.1,0.6233436090112868
2026-04-20T14:22:01,04/20/202602:22,140.9,0.7,98.63,54.720000000000006,1.1400000000000001,62.380800000000015,62.0,0.4,8.0,198.7,23789.0,45004.0,20.0,23.619999999999997,25.0,30.089999999999996,15.724,193.2,974.0,7.1,0.6324728784345536
2026-04-20T14:24:03,04/20/202602:24,140.8,0.6900000000000001,97.15200000000002,54.720000000000006,1.1400000000000001,62.380800000000015,62.0,0.4,8.0,198.7,23789.0,45004.0,20.0,23.59,25.0,30.089999999999996,15.631,192.8,973.0,7.1,0.6420948616600791
2026-04-20T14:24:55,04/20/202602:24,140.74,0.67,94.29580000000001,54.720000000000006,1.1099999999999999,60.7392,60.4,0.4,8.0,198.7,23789.0,45004.0,20.0,23.56,25.0,30.089999999999996,15.538,192.4,972.0,7.1,0.6441347334663897
2026-04-20T14:25:00,04/20/202602:25,140.72,0.65,91.468,54.71,1.07,58.5397,58.2,0.4,8.0,198.7,23789.0,45004.0,20.0,23.53,25.0,30.089999999999996,15.444999999999999,192.0,971.0,7.1,0.6400019679013426
2026-04-20T14:25:56,04/20/202602:25,140.72,0.6399999999999999,90.06079999999999,54.7,1.06,57.982000000000006,57.6,0.4,8.0,198.7,23789.0,45004.0,20.0,23.5,25.0,30.089999999999996,15.352,191.6,970.0,7.1,0.6438095153496306
2026-04-20T14:26:01,04/20/202602:26,140.7,0.65,91.455,54.7,1.0699999999999998,58.528999999999996,58.1,0.4,8.0,198.7,23789.0,45004.0,20.0,23.5,25.0,30.089999999999996,15.259,191.2,970.0,7.1,0.6399759444535563
2026-04-20T14:26:56,04/20/202602:26,140.67000000000002,0.6599999999999999,92.8422,54.7,1.05,57.435,57.0,0.4,8.0,198.7,23789.0,45004.0,20.0,23.5,25.0,30.089999999999996,15.166,190.8,970.0,7.1,0.6186303211255226
2026-04-20T14:27:00,04/20/202602:27,140.66,0.6699999999999999,94.24219999999998,54.7,1.03,56.341,55.9,0.4,8.0,198.7,23789.0,45004.0,20.0,23.5,25.0,30.089999999999996,15.073000000000002,190.4,970.0,7.1,0.5978319691178687
2026-04-20T14:27:56,04/20/202602:27,140.69,0.6699999999999999,94.26229999999998,54.7,1.0,54.7,54.2,0.4,8.0,198.7,23789.0,45004.0,20.0,23.5,25.0,30.089999999999996,14.98,190.0,970.0,7.1,0.5802956218976199
2026-04-20T14:28:00,04/20/202602:28,140.73,0.6599999999999999,92.88179999999998,54.7,0.9800000000000001,53.60600000000001,53.1,0.4,8.0,198.7,23789.0,45004.0,20.0,23.5,25.0,30.089999999999996,14.98,190.0,970.0,7.1,0.5771421311817818
2026-04-20T14:28:56,04/20/202602:28,140.73,0.6599999999999999,92.88179999999998,54.7,1.0,54.7,54.2,0.4,8.0,198.7,23789.0,45004.0,20.0,23.5,25.0,30.089999999999996,14.98,190.0,970.0,7.1,0.5889205420222262
2026-04-20T14:30:00,04/20/202602:30,140.77,0.6599999999999999,92.9082,54.7,0.99,54.153000000000006,53.7,0.4,8.0,198.7,23789.0,45004.0,20.0,23.5,25.0,30.089999999999996,14.98,190.0,970.0,7.1,0.5828656674007247
2026-04-20T14:30:30,04/20/202602:30,140.81,0.6599999999999999,92.93459999999999,54.71,0.99,54.1629,53.7,0.4,8.0,198.7,23789.0,45004.0,20.0,23.5,25.0,30.089999999999996,15.011000000000001,190.1,969.0,7.089999999999999,0.5828066188480933
2026-04-20T14:31:01,04/20/202602:31,140.85,0.6599999999999999,92.96099999999998,54.720000000000006,0.99,54.1728,53.7,0.4,8.0,198.7,23789.0,45004.0,20.0,23.5,25.0,30.089999999999996,15.042000000000002,190.2,968.0,7.08,0.5827476038338659
2026-04-20T14:31:30,04/20/202602:31,140.82,0.6699999999999999,94.34939999999999,54.720000000000006,1.0,54.720000000000006,54.3,0.4,8.0,198.7,23789.0,45004.0,20.0,23.5,25.0,30.089999999999996,15.072999999999999,190.3,967.0,7.07,0.579971891713143
2026-04-20T14:32:00,04/20/202602:32,140.79,0.6799999999999999,95.73719999999999,54.720000000000006,1.01,55.26720000000001,54.9,0.4,8.0,198.7,23789.0,45004.0,20.0,23.5,25.0,30.089999999999996,15.104,190.4,966.0,7.06,0.5772803048344846
2026-04-20T14:32:30,04/20/202602:32,140.75,0.6799999999999999,95.71,54.720000000000006,1.02,55.814400000000006,55.4,0.4,8.0,198.7,23789.0,45004.0,20.0,23.5,25.0,30.089999999999996,15.135,190.5,965.0,7.05,0.5831616341030197
2026-04-20T14:33:01,04/20/202602:33,140.70999999999998,0.6799999999999999,95.68279999999997,54.720000000000006,1.03,56.36160000000001,55.9,0.4,8.0,198.7,23789.0,45004.0,20.0,23.5,25.0,30.089999999999996,15.166,190.6,964.0,7.040000000000001,0.5890463071732853
2026-04-20T14:33:30,04/20/202602:33,140.73,0.6799999999999999,95.69639999999998,54.720000000000006,1.04,56.90880000000001,56.5,0.4,8.0,198.7,23789.0,45004.0,20.0,23.5,25.0,30.089999999999996,15.197,190.7,963.0,7.029999999999999,0.5946806776430463
2026-04-20T14:35:15,04/20/202602:35,140.78,0.69,97.1382,54.720000000000006,1.07,58.55040000000001,58.2,0.4,8.0,198.7,23789.0,45004.0,20.0,23.5,25.0,30.089999999999996,15.228,190.8,962.0,7.0200000000000005,0.6027536025991835
2026-04-20T14:36:00,04/20/202602:36,140.87,0.69,97.2003,54.720000000000006,1.06,58.00320000000001,57.7,0.4,8.0,198.7,23789.0,45004.0,20.0,23.5,25.0,30.089999999999996,15.259,190.9,961.0,7.01,0.5967388989540157
2026-04-20T14:36:01,04/20/202602:36,140.94,0.69,97.2486,54.71,1.06,57.9926,57.7,0.4,8.0,198.7,23789.0,45004.0,20.0,23.5,25.0,30.089999999999996,15.289999999999997,191.0,960.0,7.0,0.5963335204825572
2026-04-20T14:37:01,04/20/202602:37,140.97,0.7,98.67899999999999,54.7,1.07,58.529,58.2,0.4,8.0,198.7,23789.0,45004.0,20.0,23.5,25.0,30.089999999999996,15.289999999999997,191.0,960.0,7.0,0.5931251836763649
2026-04-20T14:38:00,04/20/202602:38,141.0,0.71,100.11,54.69,1.08,59.065200000000004,58.7,0.4,8.0,198.7,23789.0,45004.0,20.0,23.5,25.0,30.089999999999996,15.289999999999997,191.0,960.0,7.0,0.5900029967036261
2026-04-20T14:38:01,04/20/202602:38,141.14000000000001,0.7,98.798,54.69,1.07,58.5183,58.1,0.4,8.0,198.7,23789.0,45004.0,20.0,23.5,25.0,30.089999999999996,15.289999999999997,191.0,960.0,7.0,0.5923024757586186
2026-04-20T14:39:01,04/20/202602:39,141.27,0.6799999999999999,96.0636,54.69,1.04,56.8776,56.4,0.4,8.0,198.7,23789.0,45004.0,20.0,23.5,25.0,30.089999999999996,15.289999999999997,191.0,960.0,7.0,0.5920827451813174
2026-04-20T14:40:00,04/20/202602:40,141.42000000000002,0.6699999999999999,94.7514,54.69,1.04,56.8776,56.4,0.4,8.0,198.7,23789.0,45004.0,20.0,23.5,25.0,30.089999999999996,15.289999999999997,191.0,960.0,7.0,0.6002824232676245
2026-04-20T14:40:01,04/20/202602:40,141.58,0.6599999999999999,93.44279999999999,54.69,1.04,56.8776,56.4,0.4,8.0,198.7,23789.0,45004.0,20.0,23.5,25.0,30.089999999999996,15.289999999999997,191.0,960.0,7.0,0.6086889519577753
2026-04-20T14:41:01,04/20/202602:41,141.58,0.6799999999999999,96.2744,54.69,1.08,59.065200000000004,58.6,0.4,8.0,198.7,23789.0,45004.0,20.0,23.5,25.0,30.089999999999996,15.289999999999997,191.0,960.0,7.0,0.6135088870977125
2026-04-20T14:42:00,04/20/202602:42,141.55,0.69,97.6695,54.69,1.1,60.159,59.7,0.4,8.0,198.7,23789.0,45004.0,20.0,23.5,25.0,30.089999999999996,15.289999999999997,191.0,960.0,7.0,0.6159445886382136
2026-04-20T14:42:01,04/20/202602:42,141.63000000000002,0.7,99.141,54.7,1.1,60.17000000000001,59.7,0.4,8.0,198.7,23789.0,45004.0,20.0,23.5,25.0,30.089999999999996,15.289999999999997,191.0,960.0,7.0,0.6069133859856165
2026-04-20T14:43:01,04/20/202602:43,141.56,0.7,99.092,54.7,1.09,59.623000000000005,59.1,0.4,8.0,198.7,23789.0,45004.0,20.0,23.5,25.0,30.089999999999996,15.289999999999997,191.0,960.0,7.0,0.601693375852743
2026-04-20T14:44:00,04/20/202602:44,141.49,0.7,99.043,54.69,1.09,59.612100000000005,59.1,0.4,8.0,198.7,23789.0,45004.0,20.0,23.5,25.0,30.089999999999996,15.289999999999997,191.0,960.0,7.0,0.601881001181305
2026-04-20T14:44:01,04/20/202602:44,141.6,0.7,99.11999999999999,54.69,1.1099999999999999,60.70589999999999,60.2,0.4,8.0,198.7,23789.0,45004.0,20.0,23.5,25.0,30.089999999999996,15.289999999999997,191.0,960.0,7.0,0.6124485472154964
2026-04-20T14:45:01,04/20/202602:45,141.65,0.7,99.155,54.69,1.1099999999999999,60.70589999999999,60.2,0.4,8.0,198.7,23789.0,45004.0,20.0,23.5,25.0,30.089999999999996,15.289999999999997,191.0,960.0,7.0,0.6122323634713327
2026-04-20T14:45:02,04/20/202602:45,141.76000000000002,0.71,100.6496,54.69,1.1199999999999999,61.25279999999999,60.8,0.4,8.0,198.7,23789.0,45004.0,20.0,23.5,25.0,30.089999999999996,15.289999999999997,191.0,960.0,7.0,0.6085746987568752
2026-04-20T14:46:26,04/20/202602:46,141.86,0.72,102.1392,54.69,1.1400000000000001,62.3466,61.9,0.4,8.0,198.7,23789.0,45004.0,20.0,23.490000000000002,25.1,30.089999999999996,15.234,191.2,958.0,6.99,0.6104081488791767
2026-04-20T14:47:00,04/20/202602:47,141.95,0.73,103.62349999999999,54.69,1.16,63.44039999999999,63.0,0.4,8.0,198.7,23789.0,45004.0,20.0,23.48,25.2,30.089999999999996,15.178,191.4,956.0,6.9799999999999995,0.6122202010161787
2026-04-20T14:47:01,04/20/202602:47,142.1,0.72,102.312,54.69,1.1300000000000001,61.7997,61.3,0.4,8.0,198.7,23789.0,45004.0,20.0,23.47,25.3,30.089999999999996,15.122,191.6,954.0,6.970000000000001,0.6040317851278443
2026-04-20T14:48:01,04/20/202602:48,142.29000000000002,0.7,99.60300000000001,54.7,1.08,59.07600000000001,58.5,0.4,8.0,198.7,23789.0,45004.0,20.0,23.46,25.4,30.089999999999996,15.065999999999999,191.8,952.0,6.959999999999999,0.5931146652209272
2026-04-20T14:49:00,04/20/202602:49,142.37,0.6799999999999999,96.8116,54.7,1.05,57.435,56.8,0.4,8.0,198.7,23789.0,45004.0,20.0,23.45,25.5,30.089999999999996,15.01,192.0,950.0,6.95,0.5932656830379831
2026-04-20T14:49:01,04/20/202602:49,142.56,0.6699999999999999,95.5152,54.71,1.04,56.8984,56.3,0.4,8.0,198.7,23789.0,45004.0,20.0,23.439999999999998,25.6,30.089999999999996,14.953999999999999,192.2,948.0,6.94,0.5956999514213446
2026-04-20T14:50:01,04/20/202602:50,142.72,0.6599999999999999,94.19519999999999,54.720000000000006,1.04,56.90880000000001,56.3,0.4,8.0,198.7,23789.0,45004.0,20.0,23.43,25.7,30.089999999999996,14.898,192.4,946.0,6.93,0.6041581736649003
2026-04-20T14:51:00,04/20/202602:51,142.7,0.65,92.755,54.720000000000006,1.02,55.814400000000006,55.2,0.4,8.0,198.7,23789.0,45004.0,20.0,23.419999999999998,25.8,30.089999999999996,14.842000000000002,192.6,944.0,6.92,0.6017400679208669
2026-04-20T14:51:01,04/20/202602:51,142.65,0.6399999999999999,91.29599999999999,54.720000000000006,1.0,54.720000000000006,54.1,0.4,8.0,198.7,23789.0,45004.0,20.0,23.41,25.9,30.089999999999996,14.786000000000001,192.8,942.0,6.910000000000001,0.5993690851735017
2026-04-20T14:52:01,04/20/202602:52,142.57,0.6399999999999999,91.24479999999998,54.720000000000006,1.0,54.720000000000006,54.1,0.4,8.0,198.7,23789.0,45004.0,20.0,23.4,26.0,30.089999999999996,14.73,193.0,940.0,6.9,0.5997054078698185
2026-04-20T14:53:00,04/20/202602:53,142.5,0.6399999999999999,91.19999999999999,54.720000000000006,0.99,54.1728,53.6,0.4,8.0,198.7,23789.0,45004.0,20.0,23.4,26.0,30.089999999999996,14.73,193.0,940.0,6.9,0.5940000000000001
2026-04-20T14:53:01,04/20/202602:53,142.45,0.63,89.7435,54.73,0.95,51.9935,51.4,0.4,8.0,198.7,23789.0,45004.0,20.0,23.4,26.0,30.089999999999996,14.73,193.0,940.0,6.9,0.579356722213865
2026-04-20T14:54:01,04/20/202602:54,142.37,0.6199999999999999,88.26939999999999,54.73,0.95,51.9935,51.4,0.4,8.0,198.7,23789.0,45004.0,20.0,23.4,26.0,30.089999999999996,14.73,193.0,940.0,6.9,0.5890319861696126
2026-04-20T14:55:01,04/20/202602:55,142.25,0.6199999999999999,88.19499999999998,54.720000000000006,0.9700000000000001,53.07840000000001,52.5,0.4,8.0,198.7,23789.0,45004.0,20.0,23.4,26.0,30.089999999999996,14.73,193.0,940.0,6.9,0.6018300357163107
2026-04-20T14:55:02,04/20/202602:55,142.15,0.63,89.5545,54.71,1.01,55.2571,54.7,0.4,8.0,198.7,23789.0,45004.0,20.0,23.4,26.0,30.089999999999996,14.73,193.0,940.0,6.9,0.6170220368602359
2026-04-20T14:56:01,04/20/202602:56,142.09,0.6399999999999999,90.93759999999999,54.71,1.03,56.3513,55.8,0.4,8.0,198.7,23789.0,45004.0,20.0,23.4,26.0,30.089999999999996,14.73,193.0,940.0,6.9,0.6196699714969387
2026-04-20T14:57:38,04/20/202602:57,141.85,0.65,92.2025,54.71,1.03,56.3513,55.8,0.4,9.0,198.7,23789.0,45004.0,20.0,23.4,26.0,30.089999999999996,14.73,193.0,940.0,6.9,0.6111688945527508
2026-04-20T14:58:00,04/20/202602:58,141.60999999999999,0.6599999999999999,93.46259999999998,54.71,1.03,56.3513,55.8,0.4,9.0,198.7,23789.0,45004.0,20.0,23.4,26.0,30.089999999999996,14.73,193.0,940.0,6.9,0.6029288720835929
2026-04-20T14:58:01,04/20/202602:58,141.4,0.6699999999999999,94.738,54.71,1.04,56.8984,56.4,0.4,9.0,198.7,23789.0,45004.0,20.0,23.4,26.0,30.089999999999996,14.73,193.0,940.0,6.9,0.6005868817158901
2026-04-20T14:59:01,04/20/202602:59,141.17000000000002,0.6699999999999999,94.5839,54.71,1.04,56.8984,56.4,0.4,9.0,198.7,23789.0,45004.0,20.0,23.4,26.0,30.089999999999996,14.73,193.0,940.0,6.9,0.6015653826919803
2026-04-20T14:59:02,04/20/202602:59,140.94,0.6699999999999999,94.42979999999999,54.71,1.05,57.4455,56.9,0.4,9.0,198.7,23789.0,45004.0,20.0,23.4,26.4,30.089999999999996,14.73,193.0,940.0,6.9,0.6083407991968638
2026-04-20T15:00:00,04/20/202603:00,140.69,0.6799999999999999,95.66919999999999,54.7,1.09,59.623000000000005,59.1,0.4,9.0,198.7,23789.0,45004.0,20.0,23.4,26.8,30.089999999999996,14.73,193.0,940.0,6.9,0.6232204303997526
2026-04-20T15:00:01,04/20/202603:00,140.49,0.6799999999999999,95.5332,54.7,1.1,60.17000000000001,59.7,0.4,9.0,198.7,23789.0,45004.0,20.0,23.4,27.2,30.089999999999996,14.73,193.0,940.0,6.9,0.6298333982322377
2026-04-20T15:01:01,04/20/202603:01,140.29000000000002,0.6799999999999999,95.39720000000001,54.7,1.1099999999999999,60.717,60.3,0.4,9.0,198.7,23789.0,45004.0,20.0,23.4,27.6,30.089999999999996,14.73,193.0,940.0,6.9,0.6364652212014608
2026-04-20T15:01:02,04/20/202603:01,140.27,0.6699999999999999,93.98089999999999,54.7,1.07,58.529,58.1,0.4,9.0,198.7,23789.0,45004.0,20.0,23.419999999999998,28.1,30.089999999999996,14.773000000000001,193.0,938.0,6.890000000000001,0.6227754788472978
2026-04-20T15:02:00,04/20/202603:02,140.28000000000003,0.6599999999999999,92.5848,54.7,1.04,56.888000000000005,56.4,0.4,9.0,198.7,23789.0,45004.0,20.0,23.439999999999998,28.6,30.089999999999996,14.815999999999999,193.0,936.0,6.88,0.6144421114480996
2026-04-20T15:02:01,04/20/202603:02,140.63000000000002,0.6599999999999999,92.81580000000001,54.71,1.05,57.4455,57.0,0.4,9.0,198.7,23789.0,45004.0,20.0,23.46,29.1,30.089999999999996,14.859,193.0,934.0,6.87,0.6189194081180144
2026-04-20T15:03:01,04/20/202603:03,140.98000000000002,0.6599999999999999,93.0468,54.720000000000006,1.06,58.00320000000001,57.6,0.4,9.0,198.7,23789.0,45004.0,20.0,23.48,29.6,30.089999999999996,14.902000000000001,193.0,932.0,6.859999999999999,0.6233766233766235
2026-04-20T15:03:02,04/20/202603:03,141.32,0.6599999999999999,93.27119999999998,54.720000000000006,1.06,58.00320000000001,57.6,0.4,9.0,198.7,23789.0,45004.0,20.0,23.5,30.1,30.089999999999996,14.944999999999999,193.0,930.0,6.85,0.6218768494454882
2026-04-20T15:04:00,04/20/202603:04,141.66,0.6599999999999999,93.49559999999998,54.720000000000006,1.06,58.00320000000001,57.6,0.4,9.0,198.7,23789.0,45004.0,20.0,23.52,30.6,30.089999999999996,14.988,193.0,928.0,6.840000000000001,0.6203842747680106
2026-04-20T15:04:01,04/20/202603:04,141.95,0.6599999999999999,93.68699999999998,54.720000000000006,1.05,57.45600000000001,57.1,0.4,9.0,198.7,23789.0,45004.0,20.0,23.54,30.7,30.089999999999996,15.031,193.0,926.0,6.83,0.6132761215536843
2026-04-20T15:05:01,04/20/202603:05,142.24,0.6599999999999999,93.8784,54.720000000000006,1.04,56.90880000000001,56.6,0.4,9.0,198.7,23789.0,45004.0,20.0,23.560000000000002,30.8,30.089999999999996,15.074000000000002,193.0,924.0,6.82,0.6061969526536456
2026-04-20T15:05:02,04/20/202603:05,142.57,0.6599999999999999,94.09619999999998,54.720000000000006,1.03,56.36160000000001,56.0,0.4,9.0,198.7,23789.0,45004.0,20.0,23.580000000000002,30.9,30.089999999999996,15.117,193.0,922.0,6.81,0.5989784922239157
2026-04-20T15:06:00,04/20/202603:06,142.9,0.6599999999999999,94.314,54.720000000000006,1.02,55.814400000000006,55.4,0.4,9.0,198.7,23789.0,45004.0,20.0,23.6,31.0,30.089999999999996,15.16,193.0,920.0,6.8,0.5917933710795853
2026-04-20T15:06:01,04/20/202603:06,143.07,0.6699999999999999,95.85689999999998,54.73,1.05,57.466499999999996,57.1,0.4,9.0,198.7,23789.0,45004.0,20.0,23.6,31.0,30.089999999999996,15.16,193.0,920.0,6.8,0.5995030091730487
2026-04-20T15:07:01,04/20/202603:07,143.24,0.6799999999999999,97.4032,54.739999999999995,1.08,59.1192,58.8,0.4,9.0,198.7,23789.0,45004.0,20.0,23.6,31.0,30.089999999999996,15.16,193.0,920.0,6.8,0.6069533649818486
2026-04-20T15:07:02,04/20/202603:07,143.09,0.69,98.73209999999999,54.73,1.1,60.203,59.9,0.4,9.0,198.7,23789.0,45004.0,20.0,23.6,31.0,30.089999999999996,15.16,193.0,920.0,6.8,0.609761161770083
2026-04-20T15:08:50,04/20/202603:08,142.91,0.69,98.60789999999999,54.720000000000006,1.1,60.192000000000014,59.9,0.5,9.0,198.7,23789.0,45004.0,20.0,23.6,31.0,30.089999999999996,15.16,193.0,920.0,6.8,0.610417623740086
2026-04-20T15:09:01,04/20/202603:09,142.87,0.6799999999999999,97.15159999999999,54.720000000000006,1.1,60.192000000000014,59.9,0.5,9.0,198.7,23789.0,45004.0,20.0,23.6,31.0,30.089999999999996,15.16,193.0,920.0,6.8,0.6195677683126168
2026-04-20T15:10:00,04/20/202603:10,142.82999999999998,0.6699999999999999,95.69609999999997,54.720000000000006,1.1,60.192000000000014,59.9,0.5,9.0,198.7,23789.0,45004.0,20.0,23.6,31.0,30.089999999999996,15.16,193.0,920.0,6.8,0.628991150109566
2026-04-20T15:10:01,04/20/202603:10,142.8,0.6599999999999999,94.24799999999999,54.73,1.09,59.6557,59.3,0.5,9.0,198.7,23789.0,45004.0,20.0,23.6,31.0,30.089999999999996,15.16,193.0,920.0,6.8,0.6329651557592735
2026-04-20T15:11:01,04/20/202603:11,142.82999999999998,0.67,95.6961,54.73,1.1,60.203,59.8,0.5,9.0,198.7,23789.0,45004.0,20.0,23.6,31.0,30.089999999999996,15.16,193.0,920.0,6.8,0.6291060973226704
2026-04-20T15:12:01,04/20/202603:12,142.8,0.6900000000000001,98.53200000000001,54.73,1.12,61.2976,60.9,0.5,9.0,198.7,23789.0,45004.0,20.0,23.6,31.0,30.089999999999996,15.16,193.0,920.0,6.8,0.6221085535663541
2026-04-20T15:12:02,04/20/202603:12,142.82,0.7,99.97399999999999,54.73,1.1300000000000001,61.8449,61.5,0.5,9.0,198.7,23789.0,45004.0,20.0,23.6,31.0,30.089999999999996,15.16,193.0,920.0,6.8,0.6186098385580252
2026-04-20T15:12:39,04/20/202603:12,142.82,0.6900000000000001,98.5458,54.71,1.1099999999999999,60.72809999999999,60.4,0.5,9.0,198.7,23789.0,45004.0,20.0,23.6,31.0,30.089999999999996,15.16,193.0,920.0,6.8,0.6162423969362468
2026-04-20T15:13:00,04/20/202603:13,142.82,0.6799999999999999,97.11759999999998,54.69,1.09,59.612100000000005,59.3,0.5,9.0,198.7,23789.0,45004.0,20.0,23.6,31.0,30.089999999999996,15.16,193.0,920.0,6.8,0.6138135621143852
2026-04-20T15:13:39,04/20/202603:13,143.0,0.6599999999999999,94.38,54.69,1.04,56.8776,56.5,0.5,9.0,198.7,23789.0,45004.0,20.0,23.6,31.0,30.089999999999996,15.16,193.0,920.0,6.8,0.6026446280991736
2026-04-20T15:14:01,04/20/202603:14,143.20999999999998,0.65,93.08649999999999,54.69,1.01,55.2369,54.8,0.5,9.0,198.7,23789.0,45004.0,20.0,23.6,31.0,30.089999999999996,15.16,193.0,920.0,6.8,0.5933932417697518
2026-04-20T15:14:39,04/20/202603:14,143.26,0.65,93.119,54.69,0.99,54.1431,53.7,0.5,9.0,198.7,23789.0,45004.0,20.0,23.6,31.0,30.089999999999996,15.16,193.0,920.0,6.8,0.5814398780055627
2026-04-20T15:15:00,04/20/202603:15,143.31,0.65,93.1515,54.69,0.97,53.049299999999995,52.6,0.5,9.0,198.7,23789.0,45004.0,20.0,23.6,31.0,30.089999999999996,15.16,193.0,920.0,6.8,0.5694948551553115
2026-04-20T15:15:40,04/20/202603:15,143.42000000000002,0.6599999999999999,94.6572,54.68000000000001,0.95,51.946000000000005,51.5,0.5,9.0,198.7,23789.0,45004.0,20.0,23.6,31.0,30.089999999999996,15.16,193.0,920.0,6.8,0.5487802301356897
2026-04-20T15:16:01,04/20/202603:16,143.47,0.65,93.2555,54.68000000000001,0.9099999999999999,49.7588,49.3,0.5,9.0,198.7,23789.0,45004.0,20.0,23.6,31.0,30.089999999999996,15.16,193.0,920.0,6.8,0.5335749634069841
2026-04-20T15:16:39,04/20/202603:16,143.51,0.6399999999999999,91.84639999999997,54.68000000000001,0.9,49.21200000000001,48.8,0.5,9.0,198.7,23789.0,45004.0,20.0,23.610000000000003,30.9,30.089999999999996,15.148,193.2,917.0,6.779999999999999,0.5358076092258381
2026-04-20T15:17:00,04/20/202603:17,143.5,0.6399999999999999,91.83999999999999,54.68000000000001,0.9,49.21200000000001,48.8,0.5,9.0,198.7,23789.0,45004.0,20.0,23.62,30.8,30.089999999999996,15.136000000000001,193.4,914.0,6.76,0.5358449477351919
2026-04-20T15:17:39,04/20/202603:17,143.45999999999998,0.65,93.249,54.69,0.9099999999999999,49.76789999999999,49.3,0.5,9.0,198.7,23789.0,45004.0,20.0,23.630000000000003,30.7,30.089999999999996,15.124,193.6,911.0,6.739999999999999,0.5337097448766206
2026-04-20T15:18:01,04/20/202603:18,143.42000000000002,0.6599999999999999,94.6572,54.7,0.9200000000000002,50.32400000000001,49.8,0.5,9.0,198.7,23789.0,45004.0,20.0,23.64,30.6,30.089999999999996,15.112,193.8,908.0,6.720000000000001,0.5316447137671515
2026-04-20T15:18:39,04/20/202603:18,143.36,0.6699999999999999,96.0512,54.7,0.96,52.512,52.0,0.5,9.0,198.7,23789.0,45004.0,20.0,23.65,30.5,30.089999999999996,15.1,194.0,905.0,6.7,0.5467084221748402
2026-04-20T15:20:01,04/20/202603:20,143.22,0.6799999999999999,97.38959999999999,54.7,0.99,54.153000000000006,53.7,0.5,9.0,198.7,23789.0,45004.0,20.0,23.66,30.4,30.089999999999996,15.088,194.2,902.0,6.68,0.5560449986446193
2026-04-20T15:20:39,04/20/202603:20,143.02,0.69,98.6838,54.69,0.99,54.1431,53.7,0.5,9.0,198.7,23789.0,45004.0,20.0,23.669999999999998,30.3,30.089999999999996,15.075999999999999,194.4,899.0,6.659999999999999,0.5486523623938275
2026-04-20T15:21:01,04/20/202603:21,142.82,0.7,99.97399999999999,54.68000000000001,0.99,54.13320000000001,53.7,0.5,9.0,198.7,23789.0,45004.0,20.0,23.68,30.2,30.089999999999996,15.063999999999998,194.6,896.0,6.639999999999999,0.5414727829235603
2026-04-20T15:21:39,04/20/202603:21,142.62,0.7,99.834,54.68000000000001,1.02,55.77360000000001,55.4,0.5,9.0,198.7,23789.0,45004.0,20.0,23.69,30.1,30.089999999999996,15.051999999999998,194.8,893.0,6.62,0.5586633812128133
2026-04-20T15:22:01,04/20/202603:22,142.42000000000002,0.7,99.694,54.68000000000001,1.05,57.41400000000001,57.1,0.5,9.0,198.7,23789.0,45004.0,20.0,23.7,30.0,30.089999999999996,15.039999999999997,195.0,890.0,6.6,0.5759022609184105
2026-04-20T15:22:40,04/20/202603:22,142.22,0.71,100.97619999999999,54.69,1.07,58.5183,58.2,0.5,9.0,198.7,23789.0,45004.0,20.0,23.7,30.0,30.089999999999996,15.039999999999997,195.0,890.0,6.6,0.5795256704055016
2026-04-20T15:23:01,04/20/202603:23,142.02,0.72,102.2544,54.7,1.09,59.623000000000005,59.3,0.5,9.0,198.7,23789.0,45004.0,20.0,23.7,30.0,30.089999999999996,15.039999999999997,195.0,890.0,6.6,0.5830849332644855
2026-04-20T15:23:39,04/20/202603:23,141.8,0.72,102.096,54.7,1.1,60.17000000000001,59.9,0.5,9.0,198.7,23789.0,45004.0,20.0,23.7,30.0,30.089999999999996,15.039999999999997,195.0,890.0,6.6,0.5893472809904404
2026-04-20T15:24:01,04/20/202603:24,141.57999999999998,0.72,101.93759999999999,54.7,1.11,60.717000000000006,60.5,0.5,9.0,198.7,23789.0,45004.0,20.0,23.7,30.0,30.089999999999996,15.039999999999997,195.0,890.0,6.6,0.5956290907378633
2026-04-20T15:24:39,04/20/202603:24,141.43,0.71,100.4153,54.7,1.08,59.07600000000001,58.9,0.5,9.0,198.7,23789.0,45004.0,20.0,23.7,30.0,30.089999999999996,15.039999999999997,195.0,890.0,6.6,0.5883167206591028
2026-04-20T15:25:01,04/20/202603:25,141.35999999999999,0.7,98.95199999999998,54.7,1.06,57.982000000000006,57.8,0.5,9.0,198.7,23789.0,45004.0,20.0,23.7,30.0,30.089999999999996,15.039999999999997,195.0,890.0,6.6,0.5859608699167275
2026-04-20T15:25:39,04/20/202603:25,141.45999999999998,0.69,97.60739999999998,54.71,1.05,57.4455,57.2,0.5,9.0,198.7,23789.0,45004.0,20.0,23.7,30.0,30.089999999999996,15.039999999999997,195.0,890.0,6.6,0.5885363199921319
2026-04-20T15:26:00,04/20/202603:26,141.56,0.6799999999999999,96.26079999999999,54.720000000000006,1.04,56.90880000000001,56.6,0.5,9.0,198.7,23789.0,45004.0,20.0,23.7,30.0,30.089999999999996,15.039999999999997,195.0,890.0,6.6,0.5911939231753737
2026-04-20T15:26:39,04/20/202603:26,141.59,0.6799999999999999,96.2812,54.720000000000006,1.04,56.90880000000001,56.6,0.5,9.0,198.7,23789.0,45004.0,20.0,23.7,30.0,30.089999999999996,15.039999999999997,195.0,890.0,6.6,0.5910686613793763
2026-04-20T15:27:01,04/20/202603:27,141.62,0.6799999999999999,96.3016,54.720000000000006,1.04,56.90880000000001,56.6,0.5,9.0,198.7,23789.0,45004.0,20.0,23.7,30.0,30.089999999999996,15.039999999999997,195.0,890.0,6.6,0.5909434526529155
2026-04-20T15:27:39,04/20/202603:27,141.65,0.6699999999999999,94.90549999999999,54.71,1.0100000000000002,55.257100000000015,54.9,0.5,9.0,198.7,23789.0,45004.0,20.0,23.7,30.0,30.089999999999996,15.039999999999997,195.0,890.0,6.6,0.5822328526797712
2026-04-20T15:28:01,04/20/202603:28,141.68,0.6599999999999999,93.5088,54.7,0.9800000000000001,53.60600000000001,53.2,0.5,9.0,198.7,23789.0,45004.0,20.0,23.7,30.0,30.089999999999996,15.039999999999997,195.0,890.0,6.6,0.573272248173434
2026-04-20T15:28:39,04/20/202603:28,141.77,0.6599999999999999,93.56819999999999,54.7,0.99,54.153000000000006,53.7,0.5,9.0,198.7,23789.0,45004.0,20.0,23.7,30.0,30.089999999999996,15.039999999999997,195.0,890.0,6.6,0.5787543203780773
2026-04-20T15:29:01,04/20/202603:29,141.85999999999999,0.6599999999999999,93.62759999999997,54.7,1.0,54.7,54.2,0.5,9.0,198.7,23789.0,45004.0,20.0,23.7,30.0,30.089999999999996,15.039999999999997,195.0,890.0,6.6,0.5842294366191167
2026-04-20T15:29:39,04/20/202603:29,141.89000000000001,0.6699999999999999,95.0663,54.7,1.0,54.7,54.2,0.5,9.0,198.7,23789.0,45004.0,20.0,23.7,30.0,30.089999999999996,15.039999999999997,195.0,890.0,6.6,0.5753879134877449
2026-04-20T15:31:13,04/20/202603:31,141.89000000000001,0.7,99.32300000000001,54.7,1.05,57.435,56.9,0.5,9.0,198.7,23789.0,45004.0,20.0,23.72,30.0,30.089999999999996,15.039999999999997,195.0,890.0,6.6,0.5782648530551836
2026-04-20T15:31:39,04/20/202603:31,141.85,0.7,99.29499999999999,54.7,1.0699999999999998,58.528999999999996,58.0,0.5,9.0,198.7,23789.0,45004.0,20.0,23.759999999999998,29.9,30.089999999999996,15.039999999999997,195.0,887.0,6.56,0.5894455914195076
2026-04-20T15:32:00,04/20/202603:32,141.81,0.7,99.267,54.7,1.09,59.623000000000005,59.1,0.5,9.0,198.7,23789.0,45004.0,20.0,23.8,29.8,30.089999999999996,15.039999999999997,195.0,884.0,6.5200000000000005,0.6006326372309025
2026-04-20T15:32:40,04/20/202603:32,141.92000000000002,0.7,99.34400000000001,54.7,1.1,60.17000000000001,59.6,0.5,9.0,198.7,23789.0,45004.0,20.0,23.84,29.7,30.089999999999996,15.009,194.4,881.0,6.4799999999999995,0.605673216298921
2026-04-20T15:33:01,04/20/202603:33,142.03,0.7,99.42099999999999,54.7,1.1099999999999999,60.717,60.1,0.5,9.0,198.7,23789.0,45004.0,20.0,23.880000000000003,29.6,30.089999999999996,14.978,193.8,878.0,6.44,0.6107059876686013
2026-04-20T15:33:39,04/20/202603:33,142.09,0.69,98.04209999999999,54.7,1.1199999999999999,61.263999999999996,60.7,0.5,9.0,198.7,23789.0,45004.0,20.0,23.919999999999998,29.5,30.089999999999996,14.878,193.2,875.0,6.4,0.6248744161946755
2026-04-20T15:33:46,04/20/202603:33,142.15,0.6799999999999999,96.66199999999999,54.7,1.1199999999999999,61.263999999999996,60.7,0.5,9.0,198.7,23789.0,45004.0,20.0,23.96,29.4,30.089999999999996,14.778,192.6,872.0,6.36,0.6337961142951729
2026-04-20T15:34:00,04/20/202603:34,142.18,0.6699999999999999,95.2606,54.7,1.1,60.17000000000001,59.6,0.5,9.0,198.7,23789.0,45004.0,20.0,24.0,29.3,30.089999999999996,14.678,192.0,869.0,6.32,0.6316357444735811
2026-04-20T15:34:46,04/20/202603:34,142.04000000000002,0.6799999999999999,96.58720000000001,54.7,1.09,59.623000000000005,59.1,0.5,9.0,198.7,23789.0,45004.0,20.0,24.04,29.3,30.089999999999996,14.578,191.4,866.0,6.279999999999999,0.6172971159739593
2026-04-20T15:35:01,04/20/202603:35,141.92000000000002,0.6900000000000001,97.92480000000002,54.7,1.1099999999999999,60.717,60.2,0.5,9.0,198.7,23789.0,45004.0,20.0,24.080000000000002,29.3,30.089999999999996,14.478,190.8,863.0,6.24,0.6200370079898043
2026-04-20T15:35:46,04/20/202603:35,141.77,0.6599999999999999,93.56819999999999,54.69,1.05,57.4245,56.9,0.5,9.0,198.7,23789.0,45004.0,20.0,24.1,29.3,30.089999999999996,14.378,190.2,860.0,6.2,0.6137181221825364
2026-04-20T15:36:00,04/20/202603:36,141.57999999999998,0.6599999999999999,93.44279999999998,54.68000000000001,1.03,56.32040000000001,55.8,0.5,9.0,198.7,23789.0,45004.0,20.0,24.1,29.4,30.089999999999996,14.278,189.6,860.0,6.2,0.6027259457122435
2026-04-20T15:36:46,04/20/202603:36,141.23,0.67,94.6241,54.68000000000001,1.03,56.32040000000001,55.8,0.5,9.0,198.7,23789.0,45004.0,20.0,24.1,29.5,30.089999999999996,14.178,189.0,860.0,6.2,0.5952014338841797
2026-04-20T15:37:01,04/20/202603:37,140.78,0.67,94.32260000000001,54.68000000000001,1.01,55.226800000000004,54.7,0.5,9.0,198.7,23789.0,45004.0,20.0,24.1,29.6,30.089999999999996,14.109,189.0,860.0,6.2,0.5855097293755686
2026-04-20T15:37:45,04/20/202603:37,140.38,0.6599999999999999,92.65079999999999,54.68000000000001,0.99,54.13320000000001,53.6,0.5,9.0,198.7,23789.0,45004.0,20.0,24.1,29.7,30.089999999999996,14.039999999999997,189.0,860.0,6.2,0.5842712637127797
2026-04-20T15:38:00,04/20/202603:38,140.04000000000002,0.6599999999999999,92.4264,54.68000000000001,0.9800000000000001,53.58640000000001,53.0,0.5,9.0,198.7,23789.0,45004.0,20.0,24.1,29.8,30.089999999999996,14.039999999999997,189.0,860.0,6.2,0.579773744298166
2026-04-20T15:38:46,04/20/202603:38,139.74,0.6599999999999999,92.2284,54.68000000000001,0.9800000000000001,53.58640000000001,53.0,0.5,9.0,198.7,23789.0,45004.0,20.0,24.1,29.9,30.089999999999996,14.039999999999997,189.0,860.0,6.2,0.5810184281631257
2026-04-20T15:39:01,04/20/202603:39,139.44,0.6599999999999999,92.03039999999999,54.68000000000001,0.9800000000000001,53.58640000000001,53.0,0.5,9.0,198.7,23789.0,45004.0,20.0,24.1,30.0,30.089999999999996,14.039999999999997,189.0,860.0,6.2,0.5822684678106367
2026-04-20T15:39:35,04/20/202603:39,139.43,0.65,90.62950000000001,54.68000000000001,0.96,52.4928,51.9,0.5,9.0,198.7,23789.0,45004.0,20.0,24.1,30.0,30.089999999999996,14.039999999999997,189.0,860.0,6.2,0.5792021361697902
2026-04-20T15:40:00,04/20/202603:40,139.42000000000002,0.6399999999999999,89.22879999999999,54.68000000000001,0.9400000000000001,51.39920000000001,50.8,0.5,9.0,198.7,23789.0,45004.0,20.0,24.1,30.0,30.089999999999996,14.039999999999997,189.0,860.0,6.2,0.5760382298092097
2026-04-20T15:40:35,04/20/202603:40,139.7,0.65,90.80499999999999,54.69,0.9800000000000001,53.5962,53.0,0.5,9.0,198.7,23789.0,45004.0,20.0,24.1,30.0,30.089999999999996,14.039999999999997,189.0,860.0,6.2,0.5902340179505534
2026-04-20T15:41:00,04/20/202603:41,139.98000000000002,0.6599999999999999,92.3868,54.7,1.02,55.794000000000004,55.2,0.5,9.0,198.7,23789.0,45004.0,20.0,24.1,30.0,30.089999999999996,14.039999999999997,189.0,860.0,6.2,0.603917442751562
2026-04-20T15:42:24,04/20/202603:42,140.54000000000002,0.6599999999999999,92.7564,54.7,1.03,56.341,55.8,0.5,9.0,198.7,23789.0,45004.0,20.0,24.1,30.0,30.089999999999996,14.039999999999997,189.0,860.0,6.2,0.6074082219663549
2026-04-20T15:42:35,04/20/202603:42,141.11,0.65,91.7215,54.7,1.04,56.888000000000005,56.4,0.5,9.0,198.7,23789.0,45004.0,20.0,24.1,30.0,30.089999999999996,14.039999999999997,189.0,860.0,6.2,0.6202253561051662
2026-04-20T15:43:00,04/20/202603:43,141.63,0.65,92.0595,54.7,1.05,57.435,57.0,0.5,9.0,198.7,23789.0,45004.0,20.0,24.1,30.0,30.089999999999996,14.039999999999997,189.0,860.0,6.2,0.6238899841950043
2026-04-20T15:43:35,04/20/202603:43,142.1,0.6599999999999999,93.78599999999999,54.7,1.06,57.982000000000006,57.6,0.5,9.0,198.7,23789.0,45004.0,20.0,24.1,30.0,30.089999999999996,14.039999999999997,189.0,860.0,6.2,0.6182372635574608
2026-04-20T15:44:01,04/20/202603:44,142.53,0.6699999999999999,95.4951,54.7,1.07,58.529,58.2,0.5,9.0,198.7,23789.0,45004.0,20.0,24.1,30.0,30.089999999999996,14.039999999999997,189.0,860.0,6.2,0.6129005572013644
2026-04-20T15:44:35,04/20/202603:44,142.94,0.6799999999999999,97.19919999999999,54.7,1.06,57.982000000000006,57.7,0.5,9.0,198.7,23789.0,45004.0,20.0,24.1,30.0,30.089999999999996,14.039999999999997,189.0,860.0,6.2,0.5965275434365717
2026-04-20T15:45:00,04/20/202603:45,143.23,0.6799999999999999,97.39639999999999,54.7,1.06,57.982000000000006,57.7,0.5,9.0,198.7,23789.0,45004.0,20.0,24.1,30.0,30.089999999999996,14.039999999999997,189.0,860.0,6.2,0.5953197448776343
2026-04-20T15:45:35,04/20/202603:45,143.45999999999998,0.6799999999999999,97.55279999999998,54.7,1.08,59.07600000000001,58.8,0.5,9.0,198.7,23789.0,45004.0,20.0,24.1,30.1,30.087,14.109,189.4,857.0,6.17,0.6055797475828477
2026-04-20T15:46:01,04/20/202603:46,143.45999999999998,0.6799999999999999,97.55279999999998,54.7,1.07,58.529,58.3,0.5,9.0,198.7,23789.0,45004.0,20.0,24.1,30.2,30.083999999999996,14.178,189.8,854.0,6.140000000000001,0.5999725276978213
2026-04-20T15:46:35,04/20/202603:46,143.41,0.6799999999999999,97.51879999999998,54.7,1.05,57.435,57.2,0.5,9.0,198.7,23789.0,45004.0,20.0,24.1,30.3,30.081,14.247,190.2,851.0,6.11,0.5889633588600353
2026-04-20T15:47:00,04/20/202603:47,143.24,0.6799999999999999,97.4032,54.7,1.04,56.888000000000005,56.6,0.5,9.0,198.7,23789.0,45004.0,20.0,24.1,30.4,30.077999999999996,14.315999999999999,190.6,848.0,6.08,0.5840465200321961
2026-04-20T15:47:35,04/20/202603:47,143.03,0.6799999999999999,97.26039999999999,54.7,1.02,55.794000000000004,55.5,0.5,9.0,198.7,23789.0,45004.0,20.0,24.1,30.5,30.075,14.385,191.0,845.0,6.05,0.5736558763895687
2026-04-20T15:48:01,04/20/202603:48,142.82,0.6799999999999999,97.11759999999998,54.7,1.0,54.7,54.4,0.5,9.0,198.7,23789.0,45004.0,20.0,24.1,30.6,30.071999999999996,14.453999999999999,191.4,842.0,6.0200000000000005,0.5632346763099584
2026-04-20T15:48:35,04/20/202603:48,142.61,0.6799999999999999,96.9748,54.7,1.0,54.7,54.4,0.5,9.0,198.7,23789.0,45004.0,20.0,24.1,30.7,30.069,14.523,191.8,839.0,5.99,0.56406406612852
2026-04-20T15:49:00,04/20/202603:49,142.4,0.6799999999999999,96.832,54.7,1.0,54.7,54.4,0.5,9.0,198.7,23789.0,45004.0,20.0,24.1,30.8,30.065999999999995,14.592000000000002,192.2,836.0,5.96,0.5648959021810972
2026-04-20T15:49:35,04/20/202603:49,142.18,0.69,98.10419999999999,54.7,1.02,55.794000000000004,55.5,0.5,9.0,198.7,23789.0,45004.0,20.0,24.1,30.9,30.063,14.661000000000001,192.6,833.0,5.930000000000001,0.568721828423248
2026-04-20T15:50:01,04/20/202603:50,141.95999999999998,0.7,99.37199999999999,54.7,1.04,56.888000000000005,56.6,0.5,9.0,198.7,23789.0,45004.0,20.0,24.1,31.0,30.059999999999995,14.73,193.0,830.0,5.9,0.5724751439037155
2026-04-20T15:50:35,04/20/202603:50,141.81,0.7,99.267,54.7,1.04,56.888000000000005,56.6,0.5,9.0,198.7,23789.0,45004.0,20.0,24.1,31.0,30.059999999999995,14.73,193.0,830.0,5.9,0.5730806813946226
2026-04-20T15:51:00,04/20/202603:51,141.66,0.7,99.16199999999999,54.7,1.04,56.888000000000005,56.6,0.5,9.0,198.7,23789.0,45004.0,20.0,24.1,31.0,30.059999999999995,14.73,193.0,830.0,5.9,0.5736875012605637
2026-04-20T15:51:35,04/20/202603:51,141.54000000000002,0.7,99.078,54.71,1.06,57.9926,57.7,0.5,9.0,198.7,23789.0,45004.0,20.0,24.1,31.0,30.059999999999995,14.73,193.0,830.0,5.9,0.585322675064091
2026-04-20T15:52:01,04/20/202603:52,141.42000000000002,0.7,98.994,54.720000000000006,1.08,59.09760000000001,58.8,0.5,9.0,198.7,23789.0,45004.0,20.0,24.1,31.0,30.059999999999995,14.73,193.0,830.0,5.9,0.5969816352506213
2026-04-20T15:53:35,04/20/202603:53,141.32,0.72,101.75039999999998,54.720000000000006,1.1,60.192000000000014,59.9,0.5,9.0,198.7,23789.0,45004.0,20.0,24.1,31.0,30.059999999999995,14.73,193.0,830.0,5.9,0.5915652420039629
2026-04-20T15:54:01,04/20/202603:54,141.22,0.74,104.5028,54.720000000000006,1.12,61.286400000000015,61.0,0.5,9.0,198.7,23789.0,45004.0,20.0,24.1,31.0,30.059999999999995,14.73,193.0,830.0,5.9,0.5864570135919804
2026-04-20T15:54:02,04/20/202603:54,141.19,0.73,103.06869999999999,54.720000000000006,1.08,59.09760000000001,58.8,0.5,10.0,198.7,23789.0,45004.0,20.0,24.1,31.0,30.059999999999995,14.73,193.0,830.0,5.9,0.5733806674577249
2026-04-20T15:55:01,04/20/202603:55,141.16,0.72,101.6352,54.720000000000006,1.04,56.90880000000001,56.6,0.5,10.0,198.7,23789.0,45004.0,20.0,24.1,31.0,30.059999999999995,14.73,193.0,830.0,5.9,0.5599319920657411
2026-04-20T15:55:02,04/20/202603:55,141.07999999999998,0.71,100.16679999999998,54.73,1.03,56.3719,56.0,0.5,10.0,198.7,23789.0,45004.0,20.0,24.1,31.0,30.059999999999995,14.73,193.0,830.0,5.9,0.5627802824888087
2026-04-20T15:56:00,04/20/202603:56,141.0,0.7,98.69999999999999,54.739999999999995,1.02,55.834799999999994,55.4,0.5,10.0,198.7,23789.0,45004.0,20.0,24.1,31.0,30.059999999999995,14.73,193.0,830.0,5.9,0.5657021276595745
2026-04-20T15:56:01,04/20/202603:56,140.9,0.7,98.63,54.739999999999995,1.03,56.3822,55.9,0.5,10.0,198.7,23789.0,45004.0,20.0,24.1,31.0,30.059999999999995,14.73,193.0,830.0,5.9,0.5716536550745209
2026-04-20T15:57:01,04/20/202603:57,140.8,0.7,98.56,54.739999999999995,1.04,56.92959999999999,56.4,0.5,10.0,198.7,23789.0,45004.0,20.0,24.1,31.0,30.059999999999995,14.73,193.0,830.0,5.9,0.5776136363636363
2026-04-20T15:57:02,04/20/202603:57,140.67000000000002,0.7,98.46900000000001,54.73,1.03,56.3719,55.9,0.5,10.0,198.7,23789.0,45004.0,20.0,24.1,31.0,30.059999999999995,14.73,193.0,830.0,5.9,0.572483725842651
2026-04-20T15:58:00,04/20/202603:58,140.54000000000002,0.7,98.37800000000001,54.720000000000006,1.02,55.814400000000006,55.4,0.5,10.0,198.7,23789.0,45004.0,20.0,24.1,31.0,30.059999999999995,14.73,193.0,830.0,5.9,0.5673463579255524
2026-04-20T15:58:01,04/20/202603:58,140.53,0.7,98.371,54.73,1.02,55.8246,55.4,0.5,10.0,198.7,23789.0,45004.0,20.0,24.1,31.0,30.059999999999995,14.73,193.0,830.0,5.9,0.5674904189242764
2026-04-20T15:59:01,04/20/202603:59,140.52,0.7,98.364,54.739999999999995,1.02,55.834799999999994,55.4,0.5,10.0,198.7,23789.0,45004.0,20.0,24.1,31.0,30.059999999999995,14.73,193.0,830.0,5.9,0.5676345004269854
2026-04-20T15:59:02,04/20/202603:59,140.39000000000001,0.72,101.08080000000001,54.739999999999995,1.06,58.0244,57.6,0.5,10.0,198.7,23789.0,45004.0,20.0,24.1,31.0,30.059999999999995,14.73,193.0,830.0,5.9,0.5740397780785272
2026-04-20T16:00:00,04/20/202604:00,140.26000000000002,0.74,103.79240000000001,54.739999999999995,1.1,60.214,59.8,0.5,10.0,198.7,23789.0,45004.0,20.0,24.1,31.0,30.059999999999995,14.73,193.0,830.0,5.9,0.5801388155587499
2026-04-20T16:00:02,04/20/202604:00,140.28000000000003,0.74,103.80720000000002,54.73,1.11,60.7503,60.4,0.5,10.0,198.7,23789.0,45004.0,20.0,24.1,31.0,30.059999999999995,14.73,193.0,830.0,5.9,0.5852224123182206
2026-04-20T16:01:01,04/20/202604:01,140.3,0.74,103.822,54.720000000000006,1.12,61.286400000000015,61.0,0.5,10.0,198.7,23789.0,45004.0,20.0,24.1,31.0,30.059999999999995,14.73,193.0,830.0,5.9,0.5903026333532393
2026-04-20T16:01:02,04/20/202604:01,140.32,0.74,103.8368,54.720000000000006,1.11,60.73920000000001,60.5,0.5,10.0,198.7,23789.0,45004.0,20.0,24.09,31.0,30.059999999999995,14.792000000000002,193.0,827.0,5.880000000000001,0.5849486887115166
2026-04-20T16:02:00,04/20/202604:02,140.34,0.74,103.8516,54.720000000000006,1.1,60.192000000000014,60.0,0.5,10.0,198.7,23789.0,45004.0,20.0,24.080000000000002,31.0,30.059999999999995,14.854,193.0,824.0,5.86,0.5795962700622813
2026-04-20T16:02:03,04/20/202604:02,140.53,0.74,103.9922,54.720000000000006,1.1,60.192000000000014,60.0,0.5,10.0,198.7,23789.0,45004.0,20.0,24.07,31.0,30.059999999999995,14.916,193.0,821.0,5.840000000000001,0.5788126417173597
2026-04-20T16:03:01,04/20/202604:03,140.72,0.74,104.1328,54.720000000000006,1.1,60.192000000000014,60.0,0.5,10.0,198.7,23789.0,45004.0,20.0,24.060000000000002,31.0,30.059999999999995,14.978,193.0,818.0,5.82,0.5780311294808169
2026-04-20T16:03:02,04/20/202604:03,140.84,0.74,104.2216,54.71,1.11,60.728100000000005,60.5,0.5,10.0,198.7,23789.0,45004.0,20.0,24.05,31.0,30.059999999999995,15.040000000000001,193.0,815.0,5.8,0.5826824765691566
2026-04-20T16:04:47,04/20/202604:04,141.05,0.73,102.96650000000001,54.7,1.08,59.07600000000001,58.8,0.5,10.0,198.7,23789.0,45004.0,20.0,24.04,31.0,30.059999999999995,15.102,193.0,812.0,5.78,0.57374000281645
2026-04-20T16:05:01,04/20/202604:05,141.35999999999999,0.72,101.77919999999999,54.7,1.05,57.435,57.1,0.5,10.0,198.7,23789.0,45004.0,20.0,24.03,31.0,30.059999999999995,15.163999999999998,193.0,809.0,5.76,0.5643098000377288
2026-04-20T16:05:02,04/20/202604:05,141.66,0.71,100.5786,54.69,1.05,57.4245,57.1,0.5,10.0,198.7,23789.0,45004.0,20.0,24.02,31.0,30.059999999999995,15.225999999999999,193.0,806.0,5.74,0.5709415322941461
2026-04-20T16:06:01,04/20/202604:06,141.89000000000001,0.71,100.7419,54.68000000000001,1.05,57.41400000000001,57.1,0.5,10.0,198.7,23789.0,45004.0,20.0,24.009999999999998,31.0,30.059999999999995,15.288,193.0,803.0,5.720000000000001,0.5699118241764352
2026-04-20T16:06:03,04/20/202604:06,142.13,0.7,99.49099999999999,54.68000000000001,1.03,56.32040000000001,56.0,0.5,10.0,198.7,23789.0,45004.0,20.0,24.0,31.0,30.059999999999995,15.35,193.0,800.0,5.7,0.5660853745564927
2026-04-20T16:07:00,04/20/202604:07,142.38,0.69,98.24219999999998,54.68000000000001,1.0100000000000002,55.22680000000002,54.9,0.5,10.0,198.7,23789.0,45004.0,20.0,24.0,31.0,30.059999999999995,15.35,193.0,800.0,5.7,0.5621494632652774
2026-04-20T16:07:02,04/20/202604:07,142.57999999999998,0.6799999999999999,96.95439999999998,54.68000000000001,1.0100000000000002,55.22680000000002,54.9,0.5,10.0,198.7,23789.0,45004.0,20.0,24.0,31.0,30.059999999999995,15.35,193.0,800.0,5.7,0.5696162319605921
2026-04-20T16:08:01,04/20/202604:08,142.66,0.6699999999999999,95.58219999999999,54.68000000000001,1.0100000000000002,55.22680000000002,54.9,0.5,10.0,198.7,23789.0,45004.0,20.0,24.0,31.0,30.059999999999995,15.35,193.0,800.0,5.7,0.5777937733176264
2026-04-20T16:08:03,04/20/202604:08,142.72,0.6699999999999999,95.62239999999998,54.68000000000001,1.0,54.68000000000001,54.3,0.5,10.0,198.7,23789.0,45004.0,20.0,24.0,31.0,30.059999999999995,15.35,193.0,800.0,5.7,0.5718325413292284
2026-04-20T16:09:00,04/20/202604:09,142.74,0.6599999999999999,94.2084,54.68000000000001,0.9800000000000001,53.58640000000001,53.2,0.5,10.0,198.7,23789.0,45004.0,20.0,24.0,31.0,30.059999999999995,15.35,193.0,800.0,5.7,0.5688070278234214
2026-04-20T16:09:02,04/20/202604:09,142.60999999999999,0.65,92.6965,54.68000000000001,0.96,52.4928,52.1,0.5,10.0,198.7,23789.0,45004.0,20.0,24.0,31.0,30.059999999999995,15.35,193.0,800.0,5.7,0.5662867530057769
2026-04-20T16:10:01,04/20/202604:10,142.48,0.6399999999999999,91.18719999999998,54.68000000000001,0.9400000000000001,51.39920000000001,51.0,0.5,10.0,198.7,23789.0,45004.0,20.0,24.0,31.0,30.059999999999995,15.35,193.0,800.0,5.7,0.5636668304323416
2026-04-20T16:10:02,04/20/202604:10,142.43,0.63,89.7309,54.69,0.9200000000000002,50.314800000000005,49.9,0.5,10.0,198.7,23789.0,45004.0,20.0,24.0,31.0,30.059999999999995,15.35,193.0,800.0,5.7,0.5607299157815201
2026-04-20T16:11:00,04/20/202604:11,142.38,0.6199999999999999,88.27559999999998,54.7,0.9,49.230000000000004,48.8,0.5,10.0,198.7,23789.0,45004.0,20.0,24.0,31.0,30.059999999999995,15.35,193.0,800.0,5.7,0.5576852493780843
2026-04-20T16:11:02,04/20/202604:11,142.3,0.63,89.649,54.7,0.9200000000000002,50.32400000000001,49.9,0.5,10.0,198.7,23789.0,45004.0,20.0,24.0,31.0,30.059999999999995,15.35,193.0,800.0,5.7,0.5613448002766346
2026-04-20T16:12:01,04/20/202604:12,142.22,0.6399999999999999,91.02079999999998,54.7,0.9400000000000001,51.418000000000006,51.0,0.5,10.0,198.7,23789.0,45004.0,20.0,24.0,31.0,30.059999999999995,15.35,193.0,800.0,5.7,0.5649038461538464
2026-04-20T16:12:02,04/20/202604:12,142.14000000000001,0.6399999999999999,90.9696,54.7,0.93,50.871,50.4,0.5,10.0,198.7,23789.0,45004.0,20.0,24.0,31.0,30.059999999999995,15.35,193.0,800.0,5.7,0.5592087906289573
2026-04-20T16:13:00,04/20/202604:13,142.06,0.6399999999999999,90.91839999999999,54.7,0.9199999999999999,50.324,49.8,0.5,10.0,198.7,23789.0,45004.0,20.0,24.0,31.0,30.059999999999995,15.35,193.0,800.0,5.7,0.5535073208503449
2026-04-20T16:13:02,04/20/202604:13,142.06,0.63,89.4978,54.7,0.89,48.683,48.2,0.5,10.0,198.7,23789.0,45004.0,20.0,24.0,31.0,30.059999999999995,15.35,193.0,800.0,5.7,0.5439575051006841
2026-04-20T16:14:01,04/20/202604:14,142.06,0.6199999999999999,88.07719999999999,54.7,0.86,47.042,46.6,0.5,10.0,198.7,23789.0,45004.0,20.0,24.0,31.0,30.059999999999995,15.35,193.0,800.0,5.7,0.5340996307784536
2026-04-20T16:14:02,04/20/202604:14,142.10999999999999,0.6399999999999999,90.95039999999997,54.7,0.9199999999999999,50.324,49.9,0.5,10.0,198.7,23789.0,45004.0,20.0,24.0,31.0,30.059999999999995,15.35,193.0,800.0,5.7,0.5533125747660265
2026-04-20T16:15:59,04/20/202604:15,142.18,0.65,92.417,54.7,0.9800000000000001,53.60600000000001,53.2,0.5,10.0,198.7,23789.0,45004.0,20.0,24.0,31.0,30.059999999999995,15.35,193.0,800.0,5.7,0.5800447969529416
2026-04-20T16:16:01,04/20/202604:16,142.18,0.6599999999999999,93.83879999999999,54.7,1.01,55.247,54.8,0.5,10.0,198.7,23789.0,45004.0,20.0,24.0,31.0,30.059999999999995,15.35,193.0,800.0,5.7,0.5887436753240665
2026-04-20T16:16:02,04/20/202604:16,142.16,0.6599999999999999,93.82559999999998,54.7,1.01,55.247,54.8,0.5,10.0,198.7,23789.0,45004.0,20.0,24.009999999999998,30.9,30.059999999999995,15.369,192.9,795.0,5.66,0.5888265036407975
2026-04-20T16:17:01,04/20/202604:17,142.16,0.65,92.404,54.7,0.99,54.153000000000006,53.7,0.5,10.0,198.7,23789.0,45004.0,20.0,24.02,30.8,30.059999999999995,15.388,192.8,790.0,5.62,0.5860460586121814
2026-04-20T16:17:03,04/20/202604:17,142.12,0.6399999999999999,90.95679999999999,54.69,0.97,53.049299999999995,52.6,0.5,10.0,198.7,23789.0,45004.0,20.0,24.03,30.7,30.059999999999995,15.407,192.7,785.0,5.58,0.5832362176329863
2026-04-20T16:17:08,04/20/202604:17,142.10999999999999,0.65,92.3715,54.69,0.97,53.049299999999995,52.6,0.5,10.0,198.7,23789.0,45004.0,20.0,24.04,30.6,30.059999999999995,15.425999999999998,192.6,780.0,5.54,0.5743037625241552
2026-04-20T16:18:01,04/20/202604:18,142.1,0.6599999999999999,93.78599999999999,54.69,0.97,53.049299999999995,52.6,0.5,10.0,198.7,23789.0,45004.0,20.0,24.05,30.5,30.059999999999995,15.444999999999999,192.5,775.0,5.5,0.5656419934745058
2026-04-20T16:18:07,04/20/202604:18,141.99,0.6699999999999999,95.13329999999999,54.69,1.0,54.69,54.2,0.5,10.0,198.7,23789.0,45004.0,20.0,24.060000000000002,30.4,30.059999999999995,15.463999999999999,192.4,770.0,5.46,0.5748775665303317
2026-04-20T16:19:01,04/20/202604:19,141.88,0.6799999999999999,96.4784,54.69,1.03,56.3307,55.8,0.5,10.0,198.7,23789.0,45004.0,20.0,24.07,30.3,30.059999999999995,15.482999999999999,192.3,765.0,5.42,0.5838685135740228
2026-04-20T16:19:08,04/20/202604:19,141.79000000000002,0.6699999999999999,94.9993,54.69,1.01,55.2369,54.7,0.5,10.0,198.7,23789.0,45004.0,20.0,24.080000000000002,30.2,30.059999999999995,15.501999999999999,192.2,760.0,5.38,0.5814453369656407
2026-04-20T16:20:55,04/20/202604:20,141.67000000000002,0.6699999999999999,94.9189,54.69,1.0,54.69,54.2,0.5,10.0,198.7,23789.0,45004.0,20.0,24.09,30.1,30.059999999999995,15.520999999999997,192.1,755.0,5.34,0.5761760829508138
2026-04-20T16:21:01,04/20/202604:21,141.55,0.6699999999999999,94.8385,54.69,0.99,54.1431,53.7,0.5,10.0,198.7,23789.0,45004.0,20.0,24.1,30.0,30.059999999999995,15.539999999999997,192.0,750.0,5.3,0.5708978948422845
2026-04-20T16:21:06,04/20/202604:21,141.47,0.6699999999999999,94.7849,54.69,1.0,54.69,54.2,0.5,10.0,198.7,23789.0,45004.0,20.0,24.1,30.0,30.059999999999995,15.539999999999997,192.0,750.0,5.3,0.5769906388042821
2026-04-20T16:22:00,04/20/202604:22,141.39000000000001,0.6699999999999999,94.7313,54.69,1.01,55.2369,54.7,0.5,10.0,198.7,23789.0,45004.0,20.0,24.1,30.0,30.059999999999995,15.539999999999997,192.0,750.0,5.3,0.5830902774478973
2026-04-20T16:22:05,04/20/202604:22,141.32,0.6799999999999999,96.09759999999999,54.7,1.02,55.794000000000004,55.2,0.5,10.0,198.7,23789.0,45004.0,20.0,24.1,30.0,30.059999999999995,15.539999999999997,192.0,750.0,5.3,0.5805972261534108
2026-04-20T16:23:01,04/20/202604:23,141.27,0.6799999999999999,96.0636,54.7,1.02,55.794000000000004,55.2,0.5,10.0,198.7,23789.0,45004.0,20.0,24.1,30.0,30.059999999999995,15.539999999999997,192.0,750.0,5.3,0.5808027181991932
2026-04-20T16:23:05,04/20/202604:23,141.29000000000002,0.6799999999999999,96.0772,54.7,1.02,55.794000000000004,55.2,0.5,10.0,198.7,23789.0,45004.0,20.0,24.1,30.0,30.059999999999995,15.539999999999997,192.0,750.0,5.3,0.5807205039280912
2026-04-20T16:24:00,04/20/202604:24,141.35,0.6799999999999999,96.11799999999998,54.7,1.02,55.794000000000004,55.2,0.5,10.0,198.7,23789.0,45004.0,20.0,24.1,30.0,30.059999999999995,15.539999999999997,192.0,750.0,5.3,0.5804740007074639
2026-04-20T16:24:06,04/20/202604:24,141.43,0.6799999999999999,96.1724,54.7,1.03,56.341,55.8,0.5,10.0,198.7,23789.0,45004.0,20.0,24.1,30.0,30.059999999999995,15.539999999999997,192.0,750.0,5.3,0.5858333575953184
2026-04-20T16:25:01,04/20/202604:25,141.5,0.6799999999999999,96.21999999999998,54.7,1.04,56.888000000000005,56.4,0.5,10.0,198.7,23789.0,45004.0,20.0,24.1,30.0,30.059999999999995,15.539999999999997,192.0,750.0,5.3,0.5912284348368324
2026-04-20T16:25:05,04/20/202604:25,141.57999999999998,0.6699999999999999,94.85859999999998,54.7,1.04,56.888000000000005,56.4,0.5,10.0,198.7,23789.0,45004.0,20.0,24.1,30.0,30.059999999999995,15.539999999999997,192.0,750.0,5.3,0.5997136790970984
2026-04-20T16:27:11,04/20/202604:27,141.55,0.6799999999999999,96.254,54.7,1.03,56.341,55.8,0.5,10.0,198.7,23789.0,45004.0,20.0,24.1,30.0,30.059999999999995,15.539999999999997,192.0,750.0,5.3,0.5853367132794481
2026-04-20T16:28:00,04/20/202604:28,141.5,0.7,99.05,54.7,1.03,56.341,55.8,0.5,10.0,198.7,23789.0,45004.0,20.0,24.1,30.0,30.059999999999995,15.539999999999997,192.0,750.0,5.3,0.5688137304391722
2026-04-20T16:28:06,04/20/202604:28,141.48,0.7,99.03599999999999,54.71,1.02,55.8042,55.3,0.5,10.0,198.7,23789.0,45004.0,20.0,24.1,30.0,30.059999999999995,15.539999999999997,192.0,750.0,5.3,0.5634738882830487
2026-04-20T16:29:00,04/20/202604:29,141.49,0.69,97.6281,54.720000000000006,1.01,55.26720000000001,54.8,0.5,10.0,198.7,23789.0,45004.0,20.0,24.1,30.0,30.059999999999995,15.539999999999997,192.0,750.0,5.3,0.5660993095225658
2026-04-20T16:29:06,04/20/202604:29,141.57999999999998,0.69,97.69019999999998,54.720000000000006,1.02,55.814400000000006,55.4,0.5,10.0,198.7,23789.0,45004.0,20.1,24.1,30.0,30.059999999999995,15.539999999999997,192.0,750.0,5.3,0.5713408305029575
2026-04-20T16:30:00,04/20/202604:30,141.6,0.69,97.704,54.720000000000006,1.03,56.36160000000001,56.0,0.5,10.0,198.7,23789.0,45004.0,20.1,24.1,30.0,30.059999999999995,15.539999999999997,192.0,750.0,5.3,0.5768607221812824
2026-04-20T16:30:06,04/20/202604:30,141.64000000000001,0.69,97.7316,54.720000000000006,1.05,57.45600000000001,57.1,0.5,10.0,198.7,23789.0,45004.0,20.0,24.1,30.0,30.059999999999995,15.539999999999997,192.0,750.0,5.3,0.5878958289846887
2026-04-20T16:31:00,04/20/202604:31,141.66,0.69,97.74539999999999,54.720000000000006,1.06,58.00320000000001,57.6,0.5,10.0,198.7,23789.0,45004.0,20.0,24.1,30.0,30.059999999999995,15.539999999999997,192.0,750.0,5.3,0.593411045430271
2026-04-20T16:31:06,04/20/202604:31,141.72,0.6799999999999999,96.36959999999999,54.720000000000006,1.02,55.814400000000006,55.9,0.5,10.0,198.7,23789.0,45004.0,20.0,24.060000000000002,29.9,30.059999999999995,15.62,191.7,747.0,5.26,0.5791701947502118
2026-04-20T16:32:00,04/20/202604:32,141.78,0.6799999999999999,96.4104,54.720000000000006,0.9800000000000001,53.62560000000001,54.2,0.5,10.0,198.7,23789.0,45004.0,20.0,24.020000000000003,29.8,30.059999999999995,15.7,191.4,744.0,5.220000000000001,0.5562221503074358
2026-04-20T16:32:06,04/20/202604:32,141.91,0.6699999999999999,95.07969999999999,54.720000000000006,0.97,53.0784,53.7,0.5,10.0,198.7,23789.0,45004.0,20.0,23.98,29.7,30.059999999999995,15.779999999999998,191.1,741.0,5.18,0.5582516562420791
2026-04-20T16:33:01,04/20/202604:33,142.04,0.6599999999999999,93.74639999999998,54.720000000000006,0.96,52.531200000000005,53.2,0.5,10.0,198.7,23789.0,45004.0,20.0,23.94,29.6,30.059999999999995,15.86,190.8,738.0,5.14,0.5603543176057962
2026-04-20T16:33:06,04/20/202604:33,142.13,0.6699999999999999,95.2271,54.720000000000006,0.9800000000000001,53.62560000000001,54.3,0.5,10.0,198.7,23789.0,45004.0,20.0,23.9,29.5,30.059999999999995,15.897,190.6,735.0,5.1,0.5631338137988032
2026-04-20T16:33:45,04/20/202604:33,142.20999999999998,0.6799999999999999,96.70279999999998,54.71,0.99,54.1629,54.8,0.5,10.0,198.7,23789.0,45004.0,20.0,23.86,29.4,30.059999999999995,15.934000000000001,190.4,732.0,5.0600000000000005,0.5600965018593052
2026-04-20T16:34:00,04/20/202604:34,142.20999999999998,0.6799999999999999,96.70279999999998,54.71,0.9800000000000001,53.61580000000001,54.2,0.5,10.0,198.7,23789.0,45004.0,20.0,23.82,29.3,30.059999999999995,15.971,190.2,729.0,5.0200000000000005,0.554438961436484
2026-04-20T16:34:44,04/20/202604:34,142.23,0.6799999999999999,96.71639999999998,54.71,0.9800000000000001,53.61580000000001,54.2,0.5,10.0,198.7,23789.0,45004.0,20.0,23.78,29.2,30.059999999999995,16.008,190.0,726.0,4.98,0.5543609977211726
2026-04-20T16:35:01,04/20/202604:35,142.23,0.6799999999999999,96.71639999999998,54.71,0.97,53.0687,53.7,0.5,10.0,198.7,23789.0,45004.0,20.0,23.740000000000002,29.1,30.059999999999995,16.044999999999998,189.8,723.0,4.94,0.5487042528464667
2026-04-20T16:35:45,04/20/202604:35,142.23,0.6799999999999999,96.71639999999998,54.71,0.9400000000000001,51.427400000000006,52.1,0.5,10.0,198.7,23789.0,45004.0,20.0,23.7,29.0,30.059999999999995,16.082,189.6,720.0,4.9,0.5317340182223492
2026-04-20T16:36:00,04/20/202604:36,142.19,0.69,98.1111,54.71,0.96,52.5216,52.7,0.5,10.0,198.7,23789.0,45004.0,20.0,23.7,29.0,30.059999999999995,16.038999999999998,189.7,720.0,4.9,0.5353278069453915
2026-04-20T16:36:46,04/20/202604:36,142.1,0.7,99.46999999999998,54.71,0.9800000000000001,53.61580000000001,53.3,0.5,10.0,198.7,23789.0,45004.0,20.0,23.7,29.0,30.059999999999995,15.996,189.8,720.0,4.9,0.5390147783251233
2026-04-20T16:37:01,04/20/202604:37,142.05,0.7,99.435,54.71,0.9800000000000001,53.61580000000001,53.3,0.5,10.0,198.7,23789.0,45004.0,20.0,23.7,29.0,30.059999999999995,15.953,189.9,720.0,4.9,0.5392045054558254
2026-04-20T16:38:22,04/20/202604:38,141.95,0.71,100.78449999999998,54.71,1.02,55.8042,55.5,0.5,10.0,198.7,23789.0,45004.0,20.0,23.7,29.0,30.059999999999995,15.91,190.0,720.0,4.9,0.5536982373281607
2026-04-20T16:38:55,04/20/202604:38,141.89,0.71,100.74189999999999,54.7,1.02,55.794000000000004,55.5,0.5,10.0,198.7,23789.0,45004.0,20.0,23.7,29.0,30.059999999999995,15.91,190.0,720.0,4.9,0.5538311268697534
2026-04-20T16:39:00,04/20/202604:39,141.83999999999997,0.71,100.70639999999997,54.7,1.03,56.341,56.1,0.5,10.0,198.7,23789.0,45004.0,20.0,23.7,29.0,30.059999999999995,15.91,190.0,720.0,4.9,0.5594579887673476
2026-04-20T16:40:55,04/20/202604:40,141.69,0.71,100.59989999999999,54.7,1.0100000000000002,55.247000000000014,55.0,0.5,10.0,198.7,23789.0,45004.0,20.0,23.7,29.0,30.059999999999995,15.91,190.0,720.0,4.9,0.5491754961983065
2026-04-20T16:41:00,04/20/202604:41,141.51999999999998,0.71,100.47919999999998,54.7,0.9800000000000001,53.60600000000001,53.3,0.5,10.0,198.7,23789.0,45004.0,20.0,23.7,29.0,30.059999999999995,15.91,190.0,720.0,4.9,0.533503451460601
2026-04-20T16:41:54,04/20/202604:41,141.43,0.7,99.001,54.7,0.93,50.871,50.5,0.5,10.0,198.7,23789.0,45004.0,20.0,23.7,29.0,30.059999999999995,15.91,190.0,720.0,4.9,0.5138432945121767
2026-04-20T16:42:00,04/20/202604:42,141.34,0.69,97.52459999999999,54.7,0.9,49.230000000000004,48.8,0.5,10.0,198.7,23789.0,45004.0,20.0,23.7,29.0,30.059999999999995,15.91,190.0,720.0,4.9,0.5047957130816225
2026-04-20T16:42:55,04/20/202604:42,141.17000000000002,0.69,97.4073,54.7,0.9200000000000002,50.32400000000001,49.9,0.5,10.0,198.7,23789.0,45004.0,20.1,23.7,29.0,30.059999999999995,15.91,190.0,720.0,4.9,0.5166347902056623
2026-04-20T16:43:00,04/20/202604:43,141.05,0.69,97.3245,54.7,0.9400000000000001,51.418000000000006,51.0,0.5,10.0,198.7,23789.0,45004.0,20.1,23.7,29.0,30.059999999999995,15.91,190.0,720.0,4.9,0.5283150696895438
2026-04-20T16:43:54,04/20/202604:43,140.95999999999998,0.6699999999999999,94.44319999999998,54.7,0.93,50.871,50.4,0.5,10.0,198.7,23789.0,45004.0,20.1,23.7,29.0,30.059999999999995,15.91,190.0,720.0,4.9,0.5386412150371865
2026-04-20T16:44:00,04/20/202604:44,140.92000000000002,0.6399999999999999,90.1888,54.7,0.8800000000000001,48.13600000000001,47.6,0.5,10.0,198.7,23789.0,45004.0,20.1,23.7,29.0,30.059999999999995,15.91,190.0,720.0,4.9,0.5337248084019303
2026-04-20T16:44:55,04/20/202604:44,140.86,0.63,88.74180000000001,54.7,0.85,46.495000000000005,45.9,0.5,10.0,198.7,23789.0,45004.0,20.0,23.7,29.0,30.059999999999995,15.91,190.0,720.0,4.9,0.5239357326536085
2026-04-20T16:45:00,04/20/202604:45,140.8,0.6199999999999999,87.29599999999999,54.7,0.8200000000000001,44.854000000000006,44.2,0.5,10.0,198.7,23789.0,45004.0,20.0,23.7,29.0,30.059999999999995,15.91,190.0,720.0,4.9,0.5138150659824048
2026-04-20T16:45:54,04/20/202604:45,140.78000000000003,0.6199999999999999,87.2836,54.7,0.8300000000000001,45.401,44.8,0.5,10.0,198.7,23789.0,45004.0,20.0,23.69,28.9,30.059999999999995,15.928,190.0,715.2,4.86,0.520154989024284
2026-04-20T16:46:00,04/20/202604:46,140.76000000000002,0.6199999999999999,87.2712,54.7,0.8400000000000001,45.94800000000001,45.4,0.5,10.0,198.7,23789.0,45004.0,20.0,23.68,28.8,30.059999999999995,15.946000000000002,190.0,710.4,4.82,0.5264967136924897
2026-04-20T16:46:54,04/20/202604:46,140.71,0.63,88.6473,54.7,0.8800000000000001,48.13600000000001,47.6,0.5,10.0,198.7,23789.0,45004.0,20.0,23.669999999999998,28.7,30.059999999999995,15.963999999999999,190.0,705.6,4.78,0.5430058219483279
2026-04-20T16:47:00,04/20/202604:47,140.66000000000003,0.6399999999999999,90.0224,54.7,0.9200000000000002,50.32400000000001,49.8,0.5,10.0,198.7,23789.0,45004.0,20.0,23.66,28.6,30.059999999999995,15.982,190.0,700.8,4.74,0.5590164225792693
2026-04-20T16:47:54,04/20/202604:47,140.68,0.6399999999999999,90.03519999999999,54.7,0.9200000000000002,50.32400000000001,49.8,0.5,10.0,198.7,23789.0,45004.0,20.0,23.65,28.5,30.059999999999995,16.0,190.0,696.0,4.7,0.5589369491043505
2026-04-20T16:48:00,04/20/202604:48,140.7,0.6399999999999999,90.04799999999997,54.7,0.9200000000000002,50.32400000000001,49.8,0.5,10.0,198.7,23789.0,45004.0,20.0,23.64,28.4,30.059999999999995,16.018,190.0,691.2,4.66,0.5588574982231702
2026-04-20T16:49:34,04/20/202604:49,140.69,0.65,91.4485,54.71,0.93,50.880300000000005,50.4,0.5,10.0,198.7,23789.0,45004.0,20.0,23.630000000000003,28.3,30.059999999999995,16.036,190.0,686.4,4.62,0.5563820073593335
2026-04-20T16:49:55,04/20/202604:49,140.77,0.6699999999999999,94.3159,54.71,0.9400000000000001,51.427400000000006,51.0,0.5,10.0,198.7,23789.0,45004.0,20.0,23.62,28.2,30.059999999999995,16.054,190.0,681.6,4.58,0.5452675529788721
2026-04-20T16:50:00,04/20/202604:50,140.84,0.6799999999999999,95.7712,54.71,0.95,51.9745,51.6,0.5,10.0,198.7,23789.0,45004.0,20.0,23.610000000000003,28.1,30.059999999999995,16.072,190.0,676.8,4.54,0.5426944634712733
2026-04-20T16:50:54,04/20/202604:50,140.93,0.69,97.2417,54.71,0.9700000000000001,53.06870000000001,52.7,0.5,10.0,198.7,23789.0,45004.0,20.0,23.6,28.0,30.059999999999995,16.09,190.0,672.0,4.5,0.5457401505732624
2026-04-20T16:51:00,04/20/202604:51,141.07999999999998,0.69,97.34519999999998,54.71,0.9800000000000001,53.61580000000001,53.2,0.5,10.0,198.7,23789.0,45004.0,20.0,23.6,28.0,30.059999999999995,16.09,190.0,672.0,4.5,0.5507801103701058
2026-04-20T16:51:55,04/20/202604:51,141.3,0.6799999999999999,96.084,54.7,0.9700000000000001,53.059000000000005,52.6,0.5,10.0,198.7,23789.0,45004.0,20.0,23.6,28.0,30.059999999999995,16.09,190.0,672.0,4.5,0.552214728778985
2026-04-20T16:52:00,04/20/202604:52,141.47,0.6699999999999999,94.7849,54.69,0.95,51.955499999999994,51.5,0.5,10.0,198.7,23789.0,45004.0,20.0,23.6,28.0,30.059999999999995,16.09,190.0,672.0,4.5,0.548141106864068
2026-04-20T16:52:55,04/20/202604:52,141.60999999999999,0.6699999999999999,94.87869999999998,54.69,0.9700000000000001,53.0493,52.6,0.5,10.0,198.7,23789.0,45004.0,20.0,23.6,28.0,30.059999999999995,16.09,190.0,672.0,4.5,0.559127601874815
2026-04-20T16:53:01,04/20/202604:53,141.76,0.6699999999999999,94.97919999999998,54.69,0.9800000000000001,53.5962,53.1,0.5,10.0,198.7,23789.0,45004.0,20.0,23.6,28.0,30.059999999999995,16.09,190.0,672.0,4.5,0.5642940770189685
2026-04-20T16:53:46,04/20/202604:53,141.85,0.6699999999999999,95.03949999999999,54.69,0.9800000000000001,53.5962,53.1,0.5,11.0,198.7,23789.0,45004.0,20.0,23.6,28.0,30.059999999999995,16.09,190.0,672.0,4.5,0.5639360476433484
2026-04-20T16:54:00,04/20/202604:54,141.94,0.6799999999999999,96.51919999999998,54.68000000000001,1.0,54.68000000000001,54.2,0.5,11.0,198.7,23789.0,45004.0,20.0,23.6,28.0,30.059999999999995,16.09,190.0,672.0,4.5,0.5665194075375678
2026-04-20T16:54:46,04/20/202604:54,142.0,0.6799999999999999,96.55999999999999,54.68000000000001,1.0,54.68000000000001,54.2,0.5,11.0,198.7,23789.0,45004.0,20.0,23.6,28.0,30.059999999999995,16.09,190.0,672.0,4.5,0.5662800331400167
2026-04-20T16:55:01,04/20/202604:55,142.06,0.6799999999999999,96.60079999999999,54.68000000000001,1.0,54.68000000000001,54.2,0.5,11.0,198.7,23789.0,45004.0,20.0,23.6,28.0,30.059999999999995,16.09,190.0,672.0,4.5,0.5660408609452511
2026-04-20T16:55:46,04/20/202604:55,142.07,0.6699999999999999,95.18689999999998,54.68000000000001,0.9800000000000001,53.58640000000001,53.1,0.5,11.0,198.7,23789.0,45004.0,20.0,23.6,28.0,30.059999999999995,16.09,190.0,672.0,4.5,0.562959819050731
2026-04-20T16:56:00,04/20/202604:56,142.07999999999998,0.6599999999999999,93.77279999999998,54.68000000000001,0.96,52.4928,52.0,0.5,11.0,198.7,23789.0,45004.0,20.0,23.6,28.0,30.059999999999995,16.09,190.0,672.0,4.5,0.55978705978706
2026-04-20T16:56:47,04/20/202604:56,142.01,0.6699999999999999,95.14669999999998,54.69,0.99,54.1431,53.7,0.6,11.0,198.7,23789.0,45004.0,20.0,23.6,28.0,30.059999999999995,16.09,190.0,672.0,4.5,0.5690486375250009
2026-04-20T16:57:01,04/20/202604:57,141.94,0.6799999999999999,96.51919999999998,54.7,1.02,55.794000000000004,55.4,0.6,11.0,198.7,23789.0,45004.0,20.0,23.6,28.0,30.059999999999995,16.09,190.0,672.0,4.5,0.5780611525996902
2026-04-20T16:57:46,04/20/202604:57,141.91,0.6699999999999999,95.07969999999999,54.7,0.9800000000000001,53.60600000000001,53.2,0.6,11.0,198.7,23789.0,45004.0,20.0,23.6,28.0,30.059999999999995,16.09,190.0,672.0,4.5,0.5638006851094399
2026-04-20T16:58:00,04/20/202604:58,141.88,0.6599999999999999,93.64079999999998,54.7,0.9400000000000001,51.418000000000006,51.0,0.6,11.0,198.7,23789.0,45004.0,20.0,23.6,28.0,30.059999999999995,16.09,190.0,672.0,4.5,0.5490982563156233
2026-04-20T16:58:47,04/20/202604:58,141.92000000000002,0.6599999999999999,93.6672,54.7,0.9400000000000001,51.418000000000006,51.0,0.6,11.0,198.7,23789.0,45004.0,20.0,23.6,28.0,30.059999999999995,16.09,190.0,672.0,4.5,0.5489434935601791
2026-04-20T16:59:01,04/20/202604:59,141.95999999999998,0.6599999999999999,93.69359999999998,54.7,0.9400000000000001,51.418000000000006,51.0,0.6,11.0,198.7,23789.0,45004.0,20.0,23.6,28.0,30.059999999999995,16.09,190.0,672.0,4.5,0.5487888180195875
2026-04-20T17:00:46,04/20/202605:00,142.0,0.6599999999999999,93.71999999999998,54.7,0.9400000000000001,51.418000000000006,51.0,0.6,11.0,198.7,23789.0,45004.0,20.0,23.6,28.0,30.059999999999995,16.09,190.0,672.0,4.5,0.5486342296201453
2026-04-20T17:00:47,04/20/202605:00,142.01000000000002,0.6599999999999999,93.7266,54.7,0.9700000000000001,53.059000000000005,52.6,0.6,11.0,198.7,23789.0,45004.0,20.1,23.6,28.0,30.059999999999995,16.09,190.0,672.0,4.5,0.5661039662166344
2026-04-20T17:01:01,04/20/202605:01,142.05,0.6699999999999999,95.1735,54.7,1.01,55.247,54.8,0.6,11.0,198.7,23789.0,45004.0,20.1,23.6,28.0,30.059999999999995,16.09,190.0,672.0,4.5,0.5804872154538816
2026-04-20T17:01:47,04/20/202605:01,142.12,0.6699999999999999,95.2204,54.69,1.02,55.7838,55.4,0.6,11.0,198.7,23789.0,45004.0,20.0,23.580000000000002,27.9,30.059999999999995,16.128,189.8,667.5,4.470000000000001,0.5858387488395344
2026-04-20T17:02:00,04/20/202605:02,142.2,0.6599999999999999,93.85199999999998,54.68000000000001,1.0,54.68000000000001,54.3,0.6,11.0,198.7,23789.0,45004.0,20.0,23.560000000000002,27.8,30.059999999999995,16.166,189.6,663.0,4.4399999999999995,0.5826194433789372
2026-04-20T17:02:47,04/20/202605:02,142.25,0.65,92.4625,54.68000000000001,0.99,54.13320000000001,53.7,0.6,11.0,198.7,23789.0,45004.0,20.0,23.54,27.7,30.059999999999995,16.204,189.4,658.5,4.41,0.585461132891713
2026-04-20T17:03:00,04/20/202605:03,142.29000000000002,0.65,92.48850000000002,54.68000000000001,1.01,55.226800000000004,54.8,0.6,11.0,198.7,23789.0,45004.0,20.0,23.52,27.6,30.059999999999995,16.241999999999997,189.2,654.0,4.38,0.597120723116928
2026-04-20T17:03:46,04/20/202605:03,142.26,0.6599999999999999,93.89159999999998,54.67,1.03,56.310100000000006,55.9,0.6,11.0,198.7,23789.0,45004.0,20.1,23.5,27.5,30.059999999999995,16.279999999999998,189.0,649.5,4.35,0.5997352265804398
2026-04-20T17:04:00,04/20/202605:04,142.22,0.6599999999999999,93.86519999999999,54.660000000000004,1.02,55.75320000000001,55.3,0.6,11.0,198.7,23789.0,45004.0,20.1,23.48,27.4,30.059999999999995,16.318,188.8,645.0,4.32,0.593970928523031
2026-04-20T17:04:21,04/20/202605:04,142.19,0.6599999999999999,93.84539999999998,54.660000000000004,1.01,55.2066,54.7,0.6,11.0,198.7,23789.0,45004.0,20.0,23.46,27.3,30.059999999999995,16.356,188.6,640.5,4.29,0.5882717746421243
2026-04-20T17:05:00,04/20/202605:05,142.1,0.6599999999999999,93.78599999999999,54.660000000000004,1.02,55.75320000000001,55.2,0.6,11.0,198.7,23789.0,45004.0,20.0,23.439999999999998,27.2,30.059999999999995,16.394,188.4,636.0,4.26,0.5944725225513404
2026-04-20T17:05:21,04/20/202605:05,142.05,0.65,92.33250000000001,54.660000000000004,0.9800000000000001,53.56680000000001,53.0,0.6,11.0,198.7,23789.0,45004.0,20.1,23.419999999999998,27.1,30.059999999999995,16.432,188.2,631.5,4.23,0.5801510843960686
2026-04-20T17:06:01,04/20/202605:06,142.0,0.6399999999999999,90.87999999999998,54.660000000000004,0.9400000000000001,51.38040000000001,50.8,0.6,11.0,198.7,23789.0,45004.0,20.1,23.4,27.0,30.059999999999995,16.47,188.0,627.0,4.2,0.5653653169014087
2026-04-20T17:06:21,04/20/202605:06,141.94,0.65,92.261,54.660000000000004,0.95,51.927,51.3,0.6,11.0,198.7,23789.0,45004.0,20.1,23.4,27.0,30.059999999999995,16.47,188.0,627.0,4.2,0.5628271967570263
2026-04-20T17:07:00,04/20/202605:07,141.88,0.6599999999999999,93.64079999999998,54.660000000000004,0.96,52.473600000000005,51.8,0.6,11.0,198.7,23789.0,45004.0,20.1,23.4,27.0,30.059999999999995,16.47,188.0,627.0,4.2,0.5603711202809033
2026-04-20T17:07:21,04/20/202605:07,141.69,0.6599999999999999,93.51539999999999,54.65,0.96,52.464,51.8,0.6,11.0,198.7,23789.0,45004.0,20.0,23.4,27.0,30.059999999999995,16.47,188.0,627.0,4.2,0.5610198961882215
2026-04-20T17:08:01,04/20/202605:08,141.5,0.6599999999999999,93.38999999999999,54.64,0.96,52.4544,51.8,0.6,11.0,198.7,23789.0,45004.0,20.0,23.4,27.0,30.059999999999995,16.47,188.0,627.0,4.2,0.5616704143912625
2026-04-20T17:08:21,04/20/202605:08,141.35,0.6599999999999999,93.29099999999998,54.65,0.95,51.9175,51.3,0.6,11.0,198.7,23789.0,45004.0,20.1,23.4,27.0,30.059999999999995,16.47,188.0,627.0,4.2,0.5565113462177488
2026-04-20T17:09:38,04/20/202605:09,141.35999999999999,0.6599999999999999,93.29759999999997,54.660000000000004,0.95,51.927,51.3,0.6,11.0,198.7,23789.0,45004.0,20.0,23.4,27.0,30.059999999999995,16.47,188.0,627.0,4.2,0.5565738025415446
2026-04-20T17:10:01,04/20/202605:10,141.35999999999999,0.6599999999999999,93.29759999999997,54.660000000000004,0.95,51.927,51.3,0.6,11.0,198.7,23789.0,45004.0,20.0,23.4,27.0,30.059999999999995,16.47,188.0,627.0,4.2,0.5565738025415446
2026-04-20T17:11:55,04/20/202605:11,141.4,0.6599999999999999,93.324,54.660000000000004,0.97,53.0202,52.4,0.6,11.0,198.7,23789.0,45004.0,20.1,23.4,27.0,30.059999999999995,16.47,188.0,627.0,4.2,0.5681303844670181
2026-04-20T17:12:01,04/20/202605:12,141.43,0.6699999999999999,94.7581,54.660000000000004,1.01,55.2066,54.6,0.6,11.0,198.7,23789.0,45004.0,20.1,23.4,27.0,30.059999999999995,16.47,188.0,627.0,4.2,0.5826056031093912
2026-04-20T17:12:14,04/20/202605:12,141.32,0.6799999999999999,96.09759999999999,54.65,1.04,56.836,55.2,0.6,11.0,198.7,23789.0,45004.0,20.1,23.4,27.0,30.059999999999995,16.47,188.0,627.0,4.2,0.5914403689582258
2026-04-20T17:13:00,04/20/202605:13,141.19,0.6799999999999999,96.00919999999999,54.65,1.05,57.3825,54.7,0.6,11.0,198.7,23789.0,45004.0,20.1,23.4,27.0,30.059999999999995,16.47,188.0,627.0,4.2,0.5976770976114789
2026-04-20T17:13:14,04/20/202605:13,141.07,0.6699999999999999,94.51689999999998,54.65,1.01,55.1965,52.5,0.6,11.0,198.7,23789.0,45004.0,20.1,23.4,27.0,30.059999999999995,16.47,188.0,627.0,4.2,0.5839855094697352
2026-04-20T17:14:01,04/20/202605:14,141.10999999999999,0.6699999999999999,94.54369999999999,54.65,0.97,53.0105,50.3,0.6,11.0,198.7,23789.0,45004.0,20.1,23.4,27.0,30.059999999999995,16.47,188.0,627.0,4.2,0.5606983860373563
2026-04-20T17:14:14,04/20/202605:14,141.15,0.6699999999999999,94.5705,54.65,0.95,51.9175,49.2,0.6,11.0,198.7,23789.0,45004.0,20.1,23.4,27.0,30.059999999999995,16.47,188.0,627.0,4.2,0.5489819764091339
2026-04-20T17:15:01,04/20/202605:15,141.22,0.6599999999999999,93.20519999999999,54.64,0.9400000000000001,51.3616,48.6,0.6,11.0,198.7,23789.0,45004.0,20.1,23.4,27.0,30.059999999999995,16.47,188.0,627.0,4.2,0.5510593829528826
2026-04-20T17:15:14,04/20/202605:15,141.22,0.65,91.793,54.63000000000001,0.9400000000000001,51.35220000000001,48.6,0.6,11.0,198.7,23789.0,45004.0,20.1,23.389999999999997,27.1,30.057,16.451,188.1,621.6,4.16,0.5594348152909264
2026-04-20T17:16:01,04/20/202605:16,141.22,0.6399999999999999,90.38079999999998,54.620000000000005,0.9400000000000001,51.342800000000004,48.6,0.6,11.0,198.7,23789.0,45004.0,20.1,23.38,27.2,30.053999999999995,16.432,188.2,616.2,4.12,0.5680719798895343
2026-04-20T17:16:14,04/20/202605:16,141.07999999999998,0.63,88.8804,54.620000000000005,0.9199999999999999,50.2504,47.5,0.6,11.0,198.7,23789.0,45004.0,20.1,23.369999999999997,27.3,30.051,16.413,188.3,610.8,4.08,0.5653709929298248
2026-04-20T17:17:01,04/20/202605:17,140.94,0.6199999999999999,87.38279999999999,54.620000000000005,0.9,49.15800000000001,46.4,0.6,11.0,198.7,23789.0,45004.0,20.1,23.36,27.4,30.048000000000002,16.394,188.4,605.4,4.04,0.5625592221810244
2026-04-20T17:17:14,04/20/202605:17,140.95,0.61,85.97949999999999,54.620000000000005,0.86,46.973200000000006,45.3,0.6,11.0,198.7,23789.0,45004.0,20.1,23.35,27.5,30.044999999999998,16.375,188.5,600.0,4.0,0.5463302298803786
2026-04-20T17:18:01,04/20/202605:18,140.95999999999998,0.6,84.57599999999998,54.620000000000005,0.82,44.7884,44.2,0.6,11.0,198.7,23789.0,45004.0,20.1,23.34,27.6,30.042,16.356,188.6,594.6,3.96,0.5295639424895954
2026-04-20T17:18:14,04/20/202605:18,140.93,0.61,85.96730000000001,54.620000000000005,0.85,46.427,46.4,0.6,11.0,198.7,23789.0,45004.0,20.1,23.330000000000002,27.7,30.038999999999998,16.337,188.7,589.2,3.9200000000000004,0.5400541833929877
2026-04-20T17:19:01,04/20/202605:19,140.9,0.6199999999999999,87.35799999999999,54.620000000000005,0.8800000000000001,48.06560000000001,48.6,0.6,11.0,198.7,23789.0,45004.0,20.1,23.32,27.8,30.036,16.318,188.8,583.8,3.88,0.5502140616772364
2026-04-20T17:19:15,04/20/202605:19,140.85999999999999,0.63,88.7418,54.620000000000005,0.9,49.15800000000001,49.7,0.6,11.0,198.7,23789.0,45004.0,20.1,23.31,27.9,30.032999999999998,16.299,188.9,578.4,3.84,0.5539441390641164
2026-04-20T17:20:00,04/20/202605:20,140.82,0.6399999999999999,90.12479999999998,54.620000000000005,0.9199999999999999,50.2504,50.8,0.6,11.0,198.7,23789.0,45004.0,20.1,23.3,28.0,30.03,16.28,189.0,573.0,3.8,0.5575646215026275
2026-04-20T17:20:14,04/20/202605:20,140.67000000000002,0.65,91.43550000000002,54.63000000000001,0.9199999999999999,50.259600000000006,50.8,0.6,11.0,198.7,23789.0,45004.0,20.1,23.3,28.0,30.03,16.28,189.0,573.0,3.8,0.5496727201141788
2026-04-20T17:21:01,04/20/202605:21,140.52,0.6599999999999999,92.7432,54.64,0.9199999999999999,50.2688,50.8,0.6,11.0,198.7,23789.0,45004.0,20.1,23.3,28.0,30.03,16.28,189.0,573.0,3.8,0.5420214096559101
2026-04-20T17:21:14,04/20/202605:21,140.57999999999998,0.6699999999999999,94.18859999999998,54.63000000000001,0.9199999999999999,50.259600000000006,50.8,0.6,11.0,198.7,23789.0,45004.0,20.1,23.3,28.0,30.03,16.28,189.0,573.0,3.8,0.5336059777934911
2026-04-20T17:23:07,04/20/202605:23,140.73,0.6799999999999999,95.69639999999998,54.620000000000005,0.9199999999999999,50.2504,50.8,0.6,11.0,198.7,23789.0,45004.0,20.1,23.3,28.0,30.03,16.28,189.0,573.0,3.8,0.5251023026989522
2026-04-20T17:24:01,04/20/202605:24,140.87,0.69,97.2003,54.620000000000005,0.95,51.889,52.4,0.6,11.0,198.7,23789.0,45004.0,20.1,23.3,28.0,30.03,16.28,189.0,573.0,3.8,0.53383580091831
2026-04-20T17:24:24,04/20/202605:24,141.05,0.69,97.3245,54.620000000000005,0.96,52.4352,52.9,0.6,11.0,198.7,23789.0,45004.0,20.1,23.3,28.0,30.03,16.28,189.0,573.0,3.8,0.5387667031425797
2026-04-20T17:25:01,04/20/202605:25,141.26,0.6799999999999999,96.05679999999998,54.620000000000005,0.95,51.889,51.8,0.6,11.0,198.7,23789.0,45004.0,20.1,23.3,28.0,30.03,16.28,189.0,573.0,3.8,0.5401908037744336
2026-04-20T17:25:24,04/20/202605:25,141.45999999999998,0.6699999999999999,94.77819999999997,54.620000000000005,0.96,52.4352,51.8,0.6,11.0,198.7,23789.0,45004.0,20.1,23.3,28.0,30.03,16.28,189.0,573.0,3.8,0.553241146170744
2026-04-20T17:26:01,04/20/202605:26,141.67000000000002,0.6599999999999999,93.5022,54.620000000000005,0.96,52.4352,51.8,0.6,11.0,198.7,23789.0,45004.0,20.1,23.3,28.0,30.03,16.28,189.0,573.0,3.8,0.5607910829905607
2026-04-20T17:26:24,04/20/202605:26,141.82999999999998,0.6699999999999999,95.02609999999999,54.620000000000005,0.9800000000000001,53.52760000000001,52.9,0.6,11.0,198.7,23789.0,45004.0,20.1,23.3,28.0,30.03,16.28,189.0,573.0,3.8,0.5632936635303355
2026-04-20T17:27:01,04/20/202605:27,142.01,0.6799999999999999,96.56679999999999,54.61,1.0,54.61,54.0,0.6,11.0,198.7,23789.0,45004.0,20.1,23.3,28.0,30.03,16.28,189.0,573.0,3.8,0.5655152702585154
2026-04-20T17:27:25,04/20/202605:27,142.2,0.6799999999999999,96.69599999999998,54.6,0.99,54.054,53.5,0.6,11.0,198.7,23789.0,45004.0,20.1,23.3,28.0,30.03,16.28,189.0,573.1,3.8,0.5590096798212957
2026-04-20T17:28:01,04/20/202605:28,142.28,0.6799999999999999,96.75039999999998,54.6,0.9800000000000001,53.50800000000001,53.0,0.6,11.0,198.7,23789.0,45004.0,20.1,23.3,28.0,30.03,16.28,189.0,573.2,3.8,0.5530519770460899
2026-04-20T17:28:24,04/20/202605:28,142.19,0.67,95.2673,54.6,0.97,52.962,52.5,0.6,11.0,198.7,23789.0,45004.0,20.1,23.3,28.0,30.03,16.28,189.0,573.3,3.8,0.5559305239048445
2026-04-20T17:29:00,04/20/202605:29,142.1,0.6599999999999999,93.78599999999999,54.6,0.96,52.416,52.0,0.6,11.0,198.7,23789.0,45004.0,20.1,23.3,28.0,30.03,16.28,189.0,573.4,3.8,0.5588893864755934
2026-04-20T17:29:25,04/20/202605:29,142.01,0.6599999999999999,93.72659999999998,54.6,0.97,52.962,52.6,0.6,11.0,198.7,23789.0,45004.0,20.1,23.32,28.0,30.03,16.28,189.0,573.5,3.8,0.5650690412326919
2026-04-20T17:30:01,04/20/202605:30,141.92000000000002,0.6599999999999999,93.6672,54.6,0.9800000000000001,53.50800000000001,53.2,0.6,11.0,198.7,23789.0,45004.0,20.1,23.34,28.0,30.03,16.28,189.0,573.6,3.8,0.5712565337706264
2026-04-20T17:30:24,04/20/202605:30,141.85999999999999,0.6599999999999999,93.62759999999997,54.6,0.96,52.416,52.1,0.6,11.0,198.7,23789.0,45004.0,20.1,23.34,28.1,30.03,16.199,188.6,566.5,3.7600000000000002,0.5598349204721685
2026-04-20T17:31:01,04/20/202605:31,141.8,0.6599999999999999,93.588,54.6,0.9400000000000001,51.324000000000005,51.0,0.6,11.0,198.7,23789.0,45004.0,20.1,23.34,28.2,30.03,16.118000000000002,188.2,559.4,3.7199999999999998,0.5484036414924991
2026-04-20T17:31:17,04/20/202605:31,141.76,0.65,92.14399999999999,54.6,0.9099999999999999,49.686,49.4,0.6,11.0,198.7,23789.0,45004.0,20.1,23.34,28.3,30.03,16.037,187.8,552.3,3.6799999999999997,0.5392212189616253
2026-04-20T17:32:01,04/20/202605:32,141.72,0.6399999999999999,90.70079999999999,54.6,0.8800000000000001,48.04800000000001,47.8,0.6,11.0,198.7,23789.0,45004.0,20.1,23.34,28.4,30.03,15.956,187.4,545.2,3.6399999999999997,0.5297417442845048
2026-04-20T17:32:17,04/20/202605:32,141.63,0.6399999999999999,90.64319999999998,54.6,0.89,48.594,48.3,0.6,11.0,198.7,23789.0,45004.0,20.1,23.34,28.5,30.03,15.875,187.0,538.0,3.6,0.5361019911035799
2026-04-20T17:34:19,04/20/202605:34,141.57,0.6399999999999999,90.60479999999998,54.61,0.9099999999999999,49.6951,49.4,0.6,11.0,198.7,23789.0,45004.0,20.1,23.34,28.6,30.03,15.794,186.6,530.8,3.56,0.5484819788797062
2026-04-20T17:35:00,04/20/202605:35,141.59,0.65,92.0335,54.620000000000005,0.93,50.796600000000005,50.5,0.6,11.0,198.7,23789.0,45004.0,20.1,23.34,28.7,30.03,15.713,186.2,523.6,3.5199999999999996,0.5519359798334302
2026-04-20T17:35:17,04/20/202605:35,141.66,0.6599999999999999,93.49559999999998,54.620000000000005,0.93,50.796600000000005,50.5,0.6,11.0,198.7,23789.0,45004.0,20.1,23.34,28.8,30.03,15.632,185.8,516.4,3.4799999999999995,0.5433047116655758
2026-04-20T17:36:01,04/20/202605:36,141.69,0.6699999999999999,94.93229999999998,54.620000000000005,0.93,50.796600000000005,50.5,0.6,11.0,198.7,23789.0,45004.0,20.1,23.32,28.9,30.03,15.551000000000002,185.4,509.2,3.44,0.535082369225227
2026-04-20T17:36:17,04/20/202605:36,141.74,0.6799999999999999,96.3832,54.620000000000005,0.9200000000000002,50.25040000000001,49.9,0.6,11.0,198.7,23789.0,45004.0,20.1,23.3,29.0,30.03,15.470000000000002,185.0,502.0,3.4,0.5213605690618284
2026-04-20T17:37:00,04/20/202605:37,141.77,0.69,97.8213,54.620000000000005,0.9200000000000002,50.25040000000001,49.9,0.6,11.0,198.7,23789.0,45004.0,20.1,23.3,29.0,30.03,15.470000000000002,185.0,502.0,3.4,0.5136958924078909
2026-04-20T17:37:16,04/20/202605:37,141.82,0.7,99.27399999999999,54.620000000000005,0.9400000000000001,51.342800000000004,51.0,0.6,11.0,198.7,23789.0,45004.0,20.1,23.3,29.0,30.03,15.470000000000002,185.0,502.0,3.4,0.5171827467413422
2026-04-20T17:38:01,04/20/202605:38,141.9,0.7,99.33,54.620000000000005,0.95,51.889,51.5,0.6,11.0,198.7,23789.0,45004.0,20.1,23.3,29.0,30.03,15.470000000000002,185.0,502.0,3.4,0.5223900130876875
2026-04-20T17:38:17,04/20/202605:38,142.07999999999998,0.6799999999999999,96.61439999999997,54.620000000000005,0.93,50.796600000000005,50.4,0.6,11.0,198.7,23789.0,45004.0,20.1,23.3,29.0,30.03,15.470000000000002,185.0,502.0,3.4,0.5257663453895074
2026-04-20T17:39:00,04/20/202605:39,142.3,0.6599999999999999,93.91799999999999,54.620000000000005,0.9,49.15800000000001,48.8,0.6,11.0,198.7,23789.0,45004.0,20.1,23.3,29.0,30.03,15.470000000000002,185.0,502.0,3.4,0.5234140420366704
2026-04-20T17:39:17,04/20/202605:39,142.42000000000002,0.6599999999999999,93.99719999999999,54.61,0.9,49.149,48.8,0.6,11.0,198.7,23789.0,45004.0,20.1,23.3,29.0,30.03,15.470000000000002,185.0,502.0,3.4,0.5228772771954909
2026-04-20T17:40:00,04/20/202605:40,142.54000000000002,0.6599999999999999,94.0764,54.6,0.9,49.14,48.8,0.6,11.0,198.7,23789.0,45004.0,20.1,23.3,29.0,30.03,15.470000000000002,185.0,502.0,3.4,0.522341416125617
2026-04-20T17:40:17,04/20/202605:40,142.54000000000002,0.6599999999999999,94.0764,54.6,0.89,48.594,48.2,0.6,11.0,198.7,23789.0,45004.0,20.1,23.3,29.0,30.03,15.470000000000002,185.0,502.0,3.4,0.5165376226131102
2026-04-20T17:41:01,04/20/202605:41,142.54000000000002,0.6599999999999999,94.0764,54.6,0.8800000000000001,48.04800000000001,47.6,0.6,11.0,198.7,23789.0,45004.0,20.1,23.3,29.0,30.03,15.470000000000002,185.0,502.0,3.4,0.5107338291006034
2026-04-20T17:41:17,04/20/202605:41,142.47,0.65,92.6055,54.6,0.8699999999999999,47.501999999999995,47.1,0.6,11.0,198.7,23789.0,45004.0,20.1,23.3,29.0,30.03,15.470000000000002,185.0,502.0,3.4,0.5129500947567908
2026-04-20T17:41:31,04/20/202605:41,142.35999999999999,0.65,92.53399999999999,54.6,0.89,48.594,48.2,0.6,11.0,198.7,23789.0,45004.0,20.1,23.3,29.0,30.03,15.470000000000002,185.0,502.0,3.4,0.5251475133464457
2026-04-20T17:42:00,04/20/202605:42,142.23,0.65,92.4495,54.6,0.89,48.594,48.2,0.6,11.0,198.7,23789.0,45004.0,20.1,23.3,29.0,30.03,15.470000000000002,185.0,502.0,3.4,0.5256275047458342
2026-04-20T17:42:31,04/20/202605:42,142.10999999999999,0.65,92.3715,54.6,0.89,48.594,48.2,0.6,11.0,198.7,23789.0,45004.0,20.1,23.3,29.0,30.03,15.470000000000002,185.0,502.0,3.4,0.5260713531771164
2026-04-20T17:43:01,04/20/202605:43,141.89,0.6699999999999999,95.06629999999998,54.6,0.9199999999999999,50.232,49.8,0.6,11.0,198.7,23789.0,45004.0,20.1,23.3,29.0,30.03,15.470000000000002,185.0,502.0,3.4,0.5283891347407021
2026-04-20T17:43:31,04/20/202605:43,141.75,0.6799999999999999,96.38999999999999,54.6,0.95,51.87,51.4,0.6,11.0,198.7,23789.0,45004.0,20.1,23.3,29.0,30.03,15.470000000000002,185.0,502.0,3.4,0.5381263616557734
2026-04-20T17:44:00,04/20/202605:44,141.68,0.6699999999999999,94.92559999999999,54.6,0.9400000000000001,51.324000000000005,50.8,0.6,11.0,198.7,23789.0,45004.0,20.1,23.3,29.0,30.03,15.470000000000002,185.0,502.0,3.4,0.5406760663087725
2026-04-20T17:45:49,04/20/202605:45,141.57,0.6699999999999999,94.85189999999999,54.6,0.9199999999999999,50.232,49.7,0.6,11.0,198.7,23789.0,45004.0,20.1,23.29,29.3,30.03,15.470000000000002,184.9,498.1,3.3600000000000003,0.5295834875210724
2026-04-20T17:46:00,04/20/202605:46,141.53,0.6699999999999999,94.82509999999999,54.6,0.93,50.778000000000006,50.3,0.6,11.0,198.7,23789.0,45004.0,20.1,23.28,29.6,30.03,15.470000000000002,184.8,494.2,3.3200000000000003,0.5354911305129129
2026-04-20T17:46:49,04/20/202605:46,141.41,0.6699999999999999,94.7447,54.6,0.97,52.962,52.5,0.6,11.0,198.7,23789.0,45004.0,20.1,23.27,29.9,30.03,15.470000000000002,184.7,490.3,3.28,0.5589969676404063
2026-04-20T17:47:00,04/20/202605:47,141.34,0.6799999999999999,96.1112,54.6,1.02,55.692,55.2,0.6,11.0,198.7,23789.0,45004.0,20.1,23.259999999999998,30.2,30.03,15.470000000000002,184.6,486.4,3.2399999999999998,0.5794537993490874
2026-04-20T17:47:49,04/20/202605:47,141.34,0.6699999999999999,94.69779999999999,54.6,1.02,55.692,55.2,0.6,11.0,198.7,23789.0,45004.0,20.1,23.25,30.5,30.03,15.470000000000002,184.5,482.5,3.2,0.5881023635184768
2026-04-20T17:48:00,04/20/202605:48,141.34,0.6599999999999999,93.28439999999999,54.6,1.02,55.692,55.2,0.6,11.0,198.7,23789.0,45004.0,20.1,23.240000000000002,30.8,30.03,15.470000000000002,184.4,478.6,3.16,0.5970130053899688
2026-04-20T17:49:29,04/20/202605:49,141.35999999999999,0.6599999999999999,93.29759999999997,54.6,1.0,54.6,54.1,0.6,11.0,198.7,23789.0,45004.0,20.1,23.23,31.1,30.03,15.470000000000002,184.3,474.7,3.12,0.585224057210475
2026-04-20T17:50:00,04/20/202605:50,141.38,0.6599999999999999,93.31079999999999,54.6,0.9800000000000001,53.50800000000001,53.0,0.6,11.0,198.7,23789.0,45004.0,20.1,23.22,31.4,30.03,15.470000000000002,184.2,470.8,3.08,0.5734384444244398
2026-04-20T17:50:29,04/20/202605:50,141.29000000000002,0.6699999999999999,94.6643,54.6,0.99,54.054,53.6,0.6,11.0,198.7,23789.0,45004.0,20.1,23.21,31.7,30.03,15.470000000000002,184.1,466.9,3.04,0.571007232927302
2026-04-20T17:51:00,04/20/202605:51,141.2,0.6799999999999999,96.01599999999998,54.6,1.0,54.6,54.2,0.6,11.0,198.7,23789.0,45004.0,20.1,23.2,32.0,30.03,15.470000000000002,184.0,463.0,3.0,0.5686552241293119
2026-04-20T17:51:29,04/20/202605:51,141.19,0.6699999999999999,94.59729999999999,54.6,1.0,54.6,54.2,0.6,11.0,198.7,23789.0,45004.0,20.1,23.2,32.0,30.03,15.470000000000002,184.0,463.0,3.0,0.5771834925521131
2026-04-20T17:52:00,04/20/202605:52,141.18,0.6599999999999999,93.1788,54.6,1.0,54.6,54.2,0.6,11.0,198.7,23789.0,45004.0,20.1,23.2,32.0,30.03,15.470000000000002,184.0,463.0,3.0,0.5859701992298678
2026-04-20T17:52:29,04/20/202605:52,141.24,0.6599999999999999,93.21839999999999,54.6,0.99,54.054,53.7,0.6,11.0,198.7,23789.0,45004.0,20.1,23.2,32.0,30.03,15.470000000000002,184.0,463.0,3.0,0.5798640611724725
2026-04-20T17:53:00,04/20/202605:53,141.3,0.6599999999999999,93.258,54.6,0.9800000000000001,53.50800000000001,53.2,0.6,11.0,198.7,23789.0,45004.0,20.1,23.2,32.0,30.03,15.470000000000002,184.0,463.0,3.0,0.5737631087949561
2026-04-20T17:53:29,04/20/202605:53,141.35999999999999,0.6599999999999999,93.29759999999997,54.6,0.9800000000000001,53.50800000000001,53.2,0.6,11.0,198.7,23789.0,45004.0,20.1,23.2,32.0,30.03,15.470000000000002,184.0,463.0,3.0,0.5735195760662656
2026-04-20T17:54:00,04/20/202605:54,141.42000000000002,0.6599999999999999,93.3372,54.6,0.9800000000000001,53.50800000000001,53.2,0.6,11.0,198.7,23789.0,45004.0,20.1,23.2,32.0,30.03,15.470000000000002,184.0,463.0,3.0,0.5732762499839293
2026-04-20T17:54:28,04/20/202605:54,141.60999999999999,0.6599999999999999,93.46259999999998,54.6,0.9800000000000001,53.50800000000001,53.2,0.6,11.0,198.7,23789.0,45004.0,20.1,23.2,32.0,30.03,15.470000000000002,184.0,463.0,3.0,0.5725070776973893
2026-04-20T17:55:01,04/20/202605:55,141.8,0.6599999999999999,93.588,54.6,0.9800000000000001,53.50800000000001,53.2,0.6,11.0,198.7,23789.0,45004.0,20.1,23.2,32.0,30.03,15.470000000000002,184.0,463.0,3.0,0.5717399666623928
2026-04-20T17:56:42,04/20/202605:56,141.91,0.6599999999999999,93.66059999999999,54.6,0.9700000000000001,52.962,52.6,0.6,11.0,198.7,23789.0,45004.0,20.1,23.2,32.0,30.03,15.470000000000002,184.0,463.0,3.0,0.5654672295500991
2026-04-20T17:57:01,04/20/202605:57,142.02,0.6599999999999999,93.7332,54.6,0.96,52.416,52.0,0.6,11.0,198.7,23789.0,45004.0,20.1,23.2,32.0,30.03,15.470000000000002,184.0,463.0,3.0,0.5592042093943235
2026-04-20T17:57:29,04/20/202605:57,142.16,0.65,92.404,54.6,0.95,51.87,51.4,0.6,12.0,198.7,23789.0,45004.0,20.1,23.2,32.0,30.03,15.470000000000002,184.0,463.0,3.0,0.5613393359594823
2026-04-20T17:58:01,04/20/202605:58,142.3,0.6399999999999999,91.07199999999999,54.6,0.9400000000000001,51.324000000000005,50.8,0.6,12.0,198.7,23789.0,45004.0,20.1,23.2,32.0,30.03,15.470000000000002,184.0,463.0,3.0,0.563554111033029
2026-04-20T17:58:29,04/20/202605:58,142.48,0.6399999999999999,91.18719999999998,54.6,0.93,50.778000000000006,50.2,0.6,12.0,198.7,23789.0,45004.0,20.1,23.2,32.0,30.03,15.470000000000002,184.0,463.0,3.0,0.5568544708029199
2026-04-20T17:59:01,04/20/202605:59,142.66,0.6399999999999999,91.30239999999998,54.6,0.9199999999999999,50.232,49.6,0.6,12.0,198.7,23789.0,45004.0,20.1,23.2,32.0,30.03,15.470000000000002,184.0,463.0,3.0,0.550171736997056
2026-04-20T17:59:29,04/20/202605:59,142.91,0.6399999999999999,91.46239999999999,54.6,0.8699999999999999,47.501999999999995,46.9,0.6,12.0,198.7,23789.0,45004.0,20.1,23.2,32.0,30.03,15.470000000000002,184.0,463.0,3.0,0.5193609614442657
2026-04-20T18:00:01,04/20/202606:00,143.16,0.6399999999999999,91.62239999999998,54.6,0.82,44.772,44.2,0.6,12.0,198.7,23789.0,45004.0,20.1,23.2,32.0,30.03,15.470000000000002,184.0,463.0,3.0,0.48865779547359606
2026-04-20T18:00:29,04/20/202606:00,143.26,0.6199999999999999,88.82119999999998,54.6,0.8,43.68000000000001,43.1,0.6,12.0,198.7,23789.0,45004.0,20.1,23.2,32.0,30.03,15.470000000000002,184.0,463.0,3.0,0.4917744862712958
2026-04-20T18:01:01,04/20/202606:01,143.35999999999999,0.6,86.01599999999999,54.6,0.78,42.588,42.0,0.6,12.0,198.7,23789.0,45004.0,20.1,23.2,32.0,30.03,15.470000000000002,184.0,463.0,3.0,0.49511718750000006
2026-04-20T18:01:29,04/20/202606:01,143.54000000000002,0.59,84.68860000000001,54.6,0.76,41.496,40.9,0.6,12.0,198.7,23789.0,45004.0,20.1,23.169999999999998,32.2,30.03,15.495000000000001,184.0,457.0,2.9699999999999998,0.48998330353790237
2026-04-20T18:01:35,04/20/202606:01,143.70999999999998,0.58,83.35179999999998,54.6,0.75,40.95,40.4,0.6,12.0,198.7,23789.0,45004.0,20.1,23.139999999999997,32.4,30.03,15.520000000000001,184.0,451.0,2.94,0.49129112988561746
2026-04-20T18:02:01,04/20/202606:02,143.81,0.59,84.8479,54.6,0.76,41.496,41.0,0.6,12.0,198.7,23789.0,45004.0,20.1,23.11,32.6,30.03,15.545000000000002,184.0,445.0,2.91,0.4890633710439505
2026-04-20T18:02:35,04/20/202606:02,143.88,0.6,86.32799999999999,54.6,0.78,42.588,42.1,0.6,12.0,198.7,23789.0,45004.0,20.1,23.08,32.8,30.03,15.570000000000002,184.0,439.0,2.88,0.493327773144287
2026-04-20T18:03:00,04/20/202606:03,143.92000000000002,0.59,84.9128,54.6,0.78,42.588,42.1,0.6,12.0,198.7,23789.0,45004.0,20.1,23.05,33.0,30.03,15.595000000000002,184.0,433.0,2.85,0.5015498252324738
2026-04-20T18:03:35,04/20/202606:03,144.01,0.59,84.96589999999999,54.6,0.77,42.042,41.6,0.6,12.0,198.7,23789.0,45004.0,20.1,23.02,33.2,30.03,15.620000000000001,184.0,427.0,2.8200000000000003,0.49481027094399055
2026-04-20T18:04:01,04/20/202606:04,144.0,0.6,86.39999999999999,54.6,0.8099999999999999,44.226,43.8,0.6,12.0,198.7,23789.0,45004.0,20.1,22.99,33.4,30.03,15.645000000000001,184.0,421.0,2.79,0.5118750000000001
2026-04-20T18:04:35,04/20/202606:04,144.03,0.61,87.8583,54.61,0.8699999999999999,47.51069999999999,47.1,0.6,12.0,198.7,23789.0,45004.0,20.1,22.96,33.6,30.03,15.670000000000002,184.0,415.0,2.7600000000000002,0.54076507285026
2026-04-20T18:05:00,04/20/202606:05,144.05,0.63,90.75150000000001,54.620000000000005,0.9200000000000002,50.25040000000001,49.9,0.6,12.0,198.7,23789.0,45004.0,20.1,22.93,33.8,30.03,15.695000000000002,184.0,409.0,2.73,0.5537142636760826
2026-04-20T18:05:36,04/20/202606:05,144.06,0.65,93.63900000000001,54.620000000000005,0.96,52.4352,52.1,0.6,12.0,198.7,23789.0,45004.0,20.1,22.9,34.0,30.03,15.720000000000002,184.0,403.0,2.7,0.5599718066190369
2026-04-20T18:06:01,04/20/202606:06,144.1,0.6599999999999999,95.10599999999998,54.620000000000005,0.9800000000000001,53.52760000000001,53.2,0.6,12.0,198.7,23789.0,45004.0,20.1,22.9,34.0,30.03,15.720000000000002,184.0,403.0,2.7,0.5628204319390997
2026-04-20T18:07:53,04/20/202606:07,144.17000000000002,0.6599999999999999,95.1522,54.620000000000005,0.9700000000000001,52.98140000000001,52.6,0.6,12.0,198.7,23789.0,45004.0,20.2,22.9,34.0,30.03,15.720000000000002,184.0,403.0,2.7,0.5568068841287959
2026-04-20T18:08:00,04/20/202606:08,144.24,0.6599999999999999,95.19839999999999,54.620000000000005,0.96,52.4352,52.0,0.6,12.0,198.7,23789.0,45004.0,20.2,22.9,34.0,30.03,15.720000000000002,184.0,403.0,2.7,0.5507991730953462
2026-04-20T18:09:27,04/20/202606:09,144.35,0.65,93.8275,54.620000000000005,0.93,50.796600000000005,50.4,0.6,12.0,198.7,23789.0,45004.0,20.1,22.9,34.0,30.03,15.720000000000002,184.0,403.0,2.7,0.541382856838347
2026-04-20T18:10:38,04/20/202606:10,144.45999999999998,0.6599999999999999,95.34359999999998,54.620000000000005,0.9400000000000001,51.342800000000004,51.0,0.6,12.0,198.7,23789.0,45004.0,20.1,22.9,34.0,30.03,15.720000000000002,184.0,403.0,2.7,0.5385028465465959
2026-04-20T18:11:00,04/20/202606:11,144.52,0.6599999999999999,95.3832,54.620000000000005,0.96,52.4352,52.1,0.6,12.0,198.7,23789.0,45004.0,20.1,22.9,34.0,30.03,15.720000000000002,184.0,403.0,2.7,0.54973202828171
2026-04-20T18:11:37,04/20/202606:11,144.60999999999999,0.65,93.9965,54.620000000000005,0.9800000000000001,53.52760000000001,53.2,0.6,12.0,198.7,23789.0,45004.0,20.1,22.9,34.0,30.03,15.720000000000002,184.0,403.0,2.7,0.5694637566292363
2026-04-20T18:12:00,04/20/202606:12,144.66,0.6399999999999999,92.58239999999998,54.61,0.9800000000000001,53.5178,53.2,0.6,12.0,198.7,23789.0,45004.0,20.1,22.9,34.0,30.03,15.720000000000002,184.0,403.0,2.7,0.5780558723904329
2026-04-20T18:12:38,04/20/202606:12,144.67000000000002,0.6399999999999999,92.58879999999999,54.6,0.95,51.87,51.5,0.6,12.0,198.7,23789.0,45004.0,20.1,22.9,34.0,30.03,15.720000000000002,184.0,403.0,2.7,0.5602189465680515
2026-04-20T18:13:00,04/20/202606:13,144.69,0.6399999999999999,92.60159999999999,54.6,0.93,50.778000000000006,50.4,0.6,12.0,198.7,23789.0,45004.0,20.1,22.9,34.0,30.03,15.720000000000002,184.0,403.0,2.7,0.5483490566037738
2026-04-20T18:13:37,04/20/202606:13,144.64,0.6399999999999999,92.56959999999998,54.6,0.93,50.778000000000006,50.4,0.6,12.0,198.7,23789.0,45004.0,20.1,22.9,34.0,30.03,15.720000000000002,184.0,403.0,2.7,0.5485386131084072
2026-04-20T18:14:00,04/20/202606:14,144.57,0.65,93.9705,54.6,0.95,51.87,51.5,0.6,12.0,198.7,23789.0,45004.0,20.1,22.9,34.0,30.03,15.720000000000002,184.0,403.0,2.7,0.5519817389499896
2026-04-20T18:14:38,04/20/202606:14,144.47,0.6599999999999999,95.35019999999999,54.6,0.9700000000000001,52.962,52.6,0.6,12.0,198.7,23789.0,45004.0,20.1,22.9,34.0,30.03,15.720000000000002,184.0,403.0,2.7,0.5554471831207487
2026-04-20T18:15:00,04/20/202606:15,144.35999999999999,0.6799999999999999,98.16479999999999,54.6,1.0,54.6,54.2,0.6,12.0,198.7,23789.0,45004.0,20.1,22.9,34.0,30.03,15.720000000000002,184.0,403.0,2.7,0.5562075204146497
2026-04-20T18:15:37,04/20/202606:15,144.27,0.6699999999999999,96.6609,54.61,0.99,54.0639,53.6,0.6,12.0,198.7,23789.0,45004.0,20.1,22.9,34.0,30.03,15.720000000000002,184.0,403.0,2.7,0.5593150901760691
2026-04-20T18:16:00,04/20/202606:16,144.18,0.6599999999999999,95.1588,54.620000000000005,0.9800000000000001,53.52760000000001,53.0,0.6,12.0,198.7,23789.0,45004.0,20.1,22.9,34.0,30.03,15.720000000000002,184.0,403.0,2.7,0.5625081442809283
2026-04-20T18:16:38,04/20/202606:16,144.06,0.6599999999999999,95.07959999999999,54.620000000000005,0.9400000000000001,51.342800000000004,50.8,0.6,12.0,198.7,23789.0,45004.0,20.2,22.88,34.0,30.03,15.646,183.9,395.6,2.66,0.539998064779406
2026-04-20T18:17:00,04/20/202606:17,143.94,0.6599999999999999,95.00039999999998,54.620000000000005,0.9,49.15800000000001,48.6,0.6,12.0,198.7,23789.0,45004.0,20.2,22.86,34.0,30.03,15.572,183.8,388.2,2.62,0.5174504528401987
2026-04-20T18:17:38,04/20/202606:17,143.82,0.65,93.483,54.61,0.9,49.149,48.6,0.6,12.0,198.7,23789.0,45004.0,20.1,22.839999999999996,34.0,30.03,15.498000000000001,183.7,380.8,2.58,0.525753345528064
2026-04-20T18:19:05,04/20/202606:19,143.61,0.65,93.3465,54.620000000000005,0.9199999999999999,50.2504,49.7,0.6,12.0,198.7,23789.0,45004.0,20.1,22.82,34.0,30.03,15.424000000000001,183.6,373.4,2.54,0.538321201116271
2026-04-20T18:19:37,04/20/202606:19,143.36,0.6399999999999999,91.7504,54.620000000000005,0.9,49.15800000000001,48.6,0.6,12.0,198.7,23789.0,45004.0,20.1,22.8,34.0,30.03,15.35,183.5,366.0,2.5,0.5357796805245537
2026-04-20T18:20:01,04/20/202606:20,143.11,0.63,90.15930000000002,54.620000000000005,0.8800000000000001,48.06560000000001,47.5,0.6,12.0,198.7,23789.0,45004.0,20.1,22.779999999999998,34.0,30.03,15.276,183.4,358.6,2.46,0.533118602296158
2026-04-20T18:20:38,04/20/202606:20,142.84,0.6399999999999999,91.4176,54.620000000000005,0.9099999999999999,49.7042,49.2,0.6,12.0,198.7,23789.0,45004.0,20.1,22.759999999999998,34.0,30.03,15.202000000000002,183.3,351.2,2.42,0.5437049320918511
2026-04-20T18:21:01,04/20/202606:21,142.57,0.65,92.6705,54.620000000000005,0.9400000000000001,51.342800000000004,50.9,0.6,12.0,198.7,23789.0,45004.0,20.1,22.74,34.0,30.03,15.128,183.2,343.8,2.38,0.5540360740472966
2026-04-20T18:21:38,04/20/202606:21,142.41000000000003,0.6599999999999999,93.9906,54.6,0.9199999999999999,50.232,49.8,0.6,12.0,198.7,23789.0,45004.0,20.1,22.72,34.0,30.03,15.053999999999998,183.1,336.4,2.34,0.5344364223656408
2026-04-20T18:22:01,04/20/202606:22,142.25,0.67,95.3075,54.58,0.9,49.122,48.7,0.6,12.0,198.7,23789.0,45004.0,20.1,22.7,34.0,30.03,14.98,183.0,329.0,2.3,0.5154053983159772
2026-04-20T18:22:38,04/20/202606:22,142.09,0.6799999999999999,96.62119999999999,54.58,0.9400000000000001,51.3052,50.9,0.6,12.0,198.7,23789.0,45004.0,20.1,22.7,34.0,30.03,14.98,183.0,329.0,2.3,0.5309931981801096
2026-04-20T18:23:01,04/20/202606:23,141.93,0.69,97.93169999999999,54.58,0.9800000000000001,53.488400000000006,53.1,0.6,12.0,198.7,23789.0,45004.0,20.1,22.7,34.0,30.03,14.98,183.0,329.0,2.3,0.5461806544765383
2026-04-20T18:23:38,04/20/202606:23,141.68,0.69,97.75919999999999,54.589999999999996,1.0,54.589999999999996,54.2,0.6,12.0,198.7,23789.0,45004.0,20.1,22.7,34.0,30.03,14.98,183.0,329.0,2.3,0.558412916635979
2026-04-20T18:24:01,04/20/202606:24,141.52,0.6799999999999999,96.2336,54.58,1.0,54.58,54.2,0.6,12.0,198.7,23789.0,45004.0,20.1,22.7,34.0,30.03,14.98,183.0,329.0,2.3,0.5671615735044725
2026-04-20T18:24:38,04/20/202606:24,141.43,0.6799999999999999,96.1724,54.58,1.02,55.6716,55.3,0.6,12.0,198.7,23789.0,45004.0,20.1,22.7,34.0,30.03,14.98,183.0,329.0,2.3,0.5788729406773669
2026-04-20T18:25:00,04/20/202606:25,141.34,0.6799999999999999,96.1112,54.58,1.04,56.7632,56.4,0.6,12.0,198.7,23789.0,45004.0,20.1,22.7,34.0,30.03,14.98,183.0,329.0,2.3,0.590599222567193
2026-04-20T18:25:38,04/20/202606:25,141.45,0.6699999999999999,94.77149999999999,54.58,1.01,55.1258,54.7,0.6,12.0,198.7,23789.0,45004.0,20.1,22.7,34.0,30.03,14.98,183.0,329.0,2.3,0.5816706499316778
2026-04-20T18:26:01,04/20/202606:26,141.56,0.6599999999999999,93.4296,54.58,0.9800000000000001,53.488400000000006,53.0,0.6,12.0,198.7,23789.0,45004.0,20.1,22.7,34.0,30.03,14.98,183.0,329.0,2.3,0.5724995076506804
2026-04-20T18:26:38,04/20/202606:26,141.67000000000002,0.6599999999999999,93.5022,54.589999999999996,1.0,54.589999999999996,54.1,0.6,12.0,198.7,23789.0,45004.0,20.1,22.7,34.0,30.03,14.98,183.0,329.0,2.3,0.5838365300495603
2026-04-20T18:27:00,04/20/202606:27,141.78,0.6599999999999999,93.5748,54.6,1.02,55.692,55.2,0.6,12.0,198.7,23789.0,45004.0,20.1,22.7,34.0,30.03,14.98,183.0,329.0,2.3,0.5951602354480052
2026-04-20T18:27:38,04/20/202606:27,141.94,0.6699999999999999,95.09979999999999,54.6,1.04,56.784000000000006,56.3,0.6,12.0,198.7,23789.0,45004.0,20.1,22.7,34.0,30.03,14.98,183.0,329.0,2.3,0.597099047526914
2026-04-20T18:28:01,04/20/202606:28,142.1,0.6799999999999999,96.62799999999999,54.6,1.06,57.876000000000005,57.4,0.6,12.0,198.7,23789.0,45004.0,20.1,22.7,34.0,30.03,14.98,183.0,329.0,2.3,0.598956824108954
2026-04-20T18:28:38,04/20/202606:28,142.29000000000002,0.6799999999999999,96.75720000000001,54.6,1.06,57.876000000000005,57.4,0.6,12.0,198.7,23789.0,45004.0,20.2,22.7,34.0,30.03,14.98,183.0,329.9,2.3,0.5981570363755875
2026-04-20T18:30:19,04/20/202606:30,142.4,0.6799999999999999,96.832,54.589999999999996,1.05,57.3195,56.9,0.6,12.0,198.7,23789.0,45004.0,20.1,22.66,34.0,30.03,14.98,182.9,330.8,2.3,0.5919479097818903
2026-04-20T18:30:38,04/20/202606:30,142.59,0.69,98.38709999999999,54.589999999999996,1.03,56.2277,55.8,0.6,12.0,198.7,23789.0,45004.0,20.1,22.6,34.0,30.03,14.849,182.6,326.2,2.26,0.5714946370001759
2026-04-20T18:31:00,04/20/202606:31,142.78000000000003,0.7,99.94600000000001,54.589999999999996,1.01,55.1359,54.7,0.6,12.0,198.7,23789.0,45004.0,20.1,22.54,34.0,30.03,14.718,182.3,321.6,2.2199999999999998,0.5516568947231504
2026-04-20T18:31:38,04/20/202606:31,142.78000000000003,0.69,98.51820000000001,54.589999999999996,1.01,55.1359,54.7,0.6,12.0,198.7,23789.0,45004.0,20.2,22.48,34.1,30.03,14.587,182.0,317.0,2.1799999999999997,0.5596519221829063
2026-04-20T18:32:01,04/20/202606:32,142.78000000000003,0.6799999999999999,97.09040000000002,54.589999999999996,1.01,55.1359,54.7,0.6,12.0,198.7,23789.0,45004.0,20.2,22.419999999999998,34.2,30.03,14.456,181.7,312.4,2.1399999999999997,0.5678820975091254
2026-04-20T18:32:37,04/20/202606:32,142.71,0.67,95.61570000000002,54.589999999999996,1.0,54.589999999999996,54.2,0.6,12.0,198.7,23789.0,45004.0,20.1,22.36,34.3,30.03,14.325,181.4,307.8,2.1,0.5709313428652406
2026-04-20T18:33:01,04/20/202606:33,142.64000000000001,0.6599999999999999,94.1424,54.589999999999996,0.99,54.04409999999999,53.7,0.6,12.0,198.7,23789.0,45004.0,20.1,22.3,34.4,30.03,14.193999999999999,181.1,303.2,2.0599999999999996,0.5740675827257431
2026-04-20T18:33:38,04/20/202606:33,142.44,0.65,92.586,54.589999999999996,0.9700000000000001,52.9523,52.6,0.6,12.0,198.7,23789.0,45004.0,20.1,22.240000000000002,34.5,30.03,14.062999999999999,180.8,298.6,2.02,0.5719255610999503
2026-04-20T18:34:01,04/20/202606:34,142.24,0.6399999999999999,91.03359999999999,54.589999999999996,0.95,51.860499999999995,51.5,0.6,12.0,198.7,23789.0,45004.0,20.1,22.18,34.6,30.03,13.931999999999999,180.5,294.0,1.9799999999999998,0.5696852590691789
2026-04-20T18:34:38,04/20/202606:34,142.04000000000002,0.65,92.32600000000002,54.6,0.95,51.87,51.5,0.6,12.0,198.7,23789.0,45004.0,20.1,22.12,34.7,30.03,13.800999999999998,180.2,288.5,1.94,0.5618135736412276
2026-04-20T18:35:01,04/20/202606:35,141.92000000000002,0.6599999999999999,93.6672,54.620000000000005,0.96,52.4352,52.0,0.6,12.0,198.7,23789.0,45004.0,20.1,22.1,34.8,30.03,13.669999999999998,180.0,283.0,1.9,0.5598032182023164
2026-04-20T18:35:38,04/20/202606:35,141.82,0.65,92.18299999999999,54.620000000000005,0.95,51.889,51.5,0.6,12.0,198.7,23789.0,45004.0,20.1,22.1,34.9,30.03,13.669999999999998,180.0,283.0,1.9,0.5628912055368127
2026-04-20T18:36:01,04/20/202606:36,141.72,0.6399999999999999,90.70079999999999,54.620000000000005,0.9400000000000001,51.342800000000004,51.0,0.6,12.0,198.7,23789.0,45004.0,20.1,22.1,35.0,30.03,13.669999999999998,180.0,283.0,1.9,0.5660677744849
2026-04-20T18:36:38,04/20/202606:36,141.62,0.6399999999999999,90.6368,54.620000000000005,0.9199999999999999,50.2504,49.9,0.6,12.0,198.7,23789.0,45004.0,20.1,22.1,35.0,30.03,13.669999999999998,180.0,283.0,1.9,0.554414983759356
2026-04-20T18:37:01,04/20/202606:37,141.52,0.6399999999999999,90.57279999999999,54.620000000000005,0.9,49.15800000000001,48.8,0.6,12.0,198.7,23789.0,45004.0,20.1,22.1,35.0,30.03,13.669999999999998,180.0,283.0,1.9,0.5427457249858679
2026-04-20T18:37:38,04/20/202606:37,141.42000000000002,0.6399999999999999,90.5088,54.620000000000005,0.9,49.15800000000001,48.8,0.6,12.0,198.7,23789.0,45004.0,20.1,22.1,35.0,30.03,13.669999999999998,180.0,283.0,1.9,0.5431295078489606
2026-04-20T18:38:00,04/20/202606:38,141.32,0.6399999999999999,90.44479999999999,54.620000000000005,0.9,49.15800000000001,48.8,0.6,12.0,198.7,23789.0,45004.0,20.1,22.1,35.0,30.03,13.669999999999998,180.0,283.0,1.9,0.5435138338522504
2026-04-20T18:38:38,04/20/202606:38,141.37,0.63,89.0631,54.620000000000005,0.89,48.6118,48.2,0.6,12.0,198.7,23789.0,45004.0,20.1,22.1,35.0,30.03,13.669999999999998,180.0,283.0,1.9,0.5458130246982196
2026-04-20T18:39:01,04/20/202606:39,141.42000000000002,0.6199999999999999,87.68039999999999,54.620000000000005,0.8800000000000001,48.06560000000001,47.6,0.6,12.0,198.7,23789.0,45004.0,20.1,22.1,35.0,30.03,13.669999999999998,180.0,283.0,1.9,0.5481909297859044
2026-04-20T18:39:38,04/20/202606:39,141.52,0.63,89.1576,54.6,0.89,48.594,48.2,0.6,12.0,198.7,23789.0,45004.0,20.2,22.1,35.0,30.03,13.669999999999998,180.0,283.0,1.9,0.5450348596193706
2026-04-20T18:40:01,04/20/202606:40,141.62,0.64,90.63680000000001,54.58,0.9,49.122,48.8,0.6,12.0,198.7,23789.0,45004.0,20.2,22.1,35.0,30.03,13.669999999999998,180.0,283.0,1.9,0.5419652944499364
2026-04-20T18:41:29,04/20/202606:41,141.62,0.65,92.05300000000001,54.58,0.93,50.7594,50.4,0.6,12.0,198.7,23789.0,45004.0,20.1,22.1,35.0,30.03,13.669999999999998,180.0,283.0,1.9,0.5514149457377814
2026-04-20T18:41:39,04/20/202606:41,141.62,0.65,92.05300000000001,54.58,0.95,51.851,51.5,0.6,12.0,198.7,23789.0,45004.0,20.1,22.1,35.0,30.03,13.669999999999998,180.0,283.0,1.9,0.5632733316676262
2026-04-20T18:42:00,04/20/202606:42,141.66000000000003,0.65,92.07900000000002,54.58,0.96,52.3968,52.1,0.6,12.0,198.7,23789.0,45004.0,20.1,22.1,35.0,30.03,13.669999999999998,180.0,283.0,1.9,0.5690418010621313
2026-04-20T18:42:38,04/20/202606:42,141.66000000000003,0.65,92.07900000000002,54.58,0.9800000000000001,53.488400000000006,53.2,0.6,12.0,198.7,23789.0,45004.0,20.1,22.1,35.0,30.03,13.669999999999998,180.0,283.0,1.9,0.5808968385842591
2026-04-20T18:43:01,04/20/202606:43,141.6,0.65,92.04,54.58,0.99,54.0342,53.7,0.6,12.0,198.7,23789.0,45004.0,20.1,22.1,35.0,30.03,13.669999999999998,180.0,283.0,1.9,0.5870730117340286
2026-04-20T18:43:38,04/20/202606:43,141.61,0.6599999999999999,93.4626,54.58,1.0,54.58,54.2,0.6,12.0,198.7,23789.0,45004.0,20.2,22.1,35.0,30.03,13.669999999999998,180.0,283.0,1.9,0.5839769062705296
2026-04-20T18:44:00,04/20/202606:44,141.55,0.67,94.83850000000001,54.58,1.0,54.58,54.2,0.6,12.0,198.7,23789.0,45004.0,20.2,22.1,35.0,30.03,13.669999999999998,180.0,283.0,1.9,0.5755046737348228
2026-04-20T18:44:38,04/20/202606:44,141.54000000000002,0.6799999999999999,96.2472,54.58,0.99,54.0342,53.7,0.6,12.0,198.7,23789.0,45004.0,20.2,22.1,35.0,30.03,13.669999999999998,180.0,283.0,1.9,0.5614106176595267
2026-04-20T18:45:01,04/20/202606:45,141.57999999999998,0.6699999999999999,94.85859999999998,54.589999999999996,0.97,52.952299999999994,52.6,0.6,12.0,198.7,23789.0,45004.0,20.2,22.1,35.0,30.03,13.669999999999998,180.0,283.0,1.9,0.5582235031931739
2026-04-20T18:45:38,04/20/202606:45,141.64000000000001,0.65,92.06600000000002,54.6,0.95,51.87,51.5,0.6,12.0,198.7,23789.0,45004.0,20.2,22.07,35.1,30.03,13.577000000000002,180.0,278.4,1.8599999999999999,0.5634001694436599
2026-04-20T18:45:59,04/20/202606:45,141.73,0.6399999999999999,90.70719999999999,54.6,0.9400000000000001,51.324000000000005,51.0,0.6,12.0,198.7,23789.0,45004.0,20.2,22.04,35.2,30.03,13.484,180.0,273.8,1.8199999999999998,0.5658205743314755
2026-04-20T18:46:00,04/20/202606:46,141.82,0.6399999999999999,90.76479999999998,54.6,0.9400000000000001,51.324000000000005,51.0,0.6,12.0,198.7,23789.0,45004.0,20.2,22.01,35.3,30.03,13.391,180.0,269.2,1.78,0.5654615004935836
2026-04-20T18:46:34,04/20/202606:46,141.93,0.63,89.41590000000001,54.6,0.9199999999999999,50.232,49.9,0.6,12.0,198.7,23789.0,45004.0,20.1,21.98,35.4,30.03,13.297999999999998,180.0,264.6,1.7399999999999998,0.5617792808661546
2026-04-20T18:47:01,04/20/202606:47,142.07999999999998,0.6199999999999999,88.08959999999998,54.6,0.89,48.594,48.3,0.6,12.0,198.7,23789.0,45004.0,20.1,21.95,35.5,30.03,13.205000000000002,180.0,260.0,1.7,0.5516428727114213
2026-04-20T18:47:34,04/20/202606:47,142.16,0.63,89.5608,54.6,0.9,49.14,48.9,0.6,12.0,198.7,23789.0,45004.0,20.1,21.92,35.6,30.03,13.112,180.0,255.4,1.6600000000000001,0.5486775464265616
2026-04-20T18:48:00,04/20/202606:48,142.17000000000002,0.63,89.56710000000001,54.6,0.9099999999999999,49.686,49.5,0.6,12.0,198.7,23789.0,45004.0,20.1,21.89,35.7,30.03,13.019,180.0,250.8,1.6199999999999999,0.5547349417364188
2026-04-20T18:48:34,04/20/202606:48,142.05,0.63,89.4915,54.6,0.9,49.14,49.0,0.6,12.0,198.7,23789.0,45004.0,20.2,21.860000000000003,35.8,30.03,12.925999999999998,180.0,246.2,1.58,0.5491024287222809
2026-04-20T18:49:01,04/20/202606:49,141.88,0.63,89.3844,54.6,0.9,49.14,49.0,0.6,12.0,198.7,23789.0,45004.0,20.2,21.830000000000002,35.9,30.03,12.833000000000002,180.0,241.6,1.54,0.5497603608683395
2026-04-20T18:49:34,04/20/202606:49,141.71,0.63,89.27730000000001,54.61,0.9099999999999999,49.6951,49.5,0.6,12.0,198.7,23789.0,45004.0,20.2,21.8,36.0,30.03,12.74,180.0,237.0,1.5,0.5566375775253058
2026-04-20T18:50:00,04/20/202606:50,141.52,0.6399999999999999,90.57279999999999,54.620000000000005,0.9199999999999999,50.2504,50.0,0.6,12.0,198.7,23789.0,45004.0,20.2,21.8,36.0,30.03,12.74,180.0,237.0,1.5,0.5548067410966648
2026-04-20T18:50:35,04/20/202606:50,141.51,0.65,91.9815,54.620000000000005,0.9400000000000001,51.342800000000004,51.1,0.6,12.0,198.7,23789.0,45004.0,20.2,21.8,36.0,30.03,12.74,180.0,237.0,1.5,0.5581861569989618
2026-04-20T18:51:00,04/20/202606:51,141.5,0.6599999999999999,93.38999999999999,54.620000000000005,0.96,52.4352,52.2,0.6,12.0,198.7,23789.0,45004.0,20.2,21.8,36.0,30.03,12.74,180.0,237.0,1.5,0.5614648249277225
2026-04-20T18:52:41,04/20/202606:52,141.19,0.6699999999999999,94.59729999999999,54.620000000000005,0.9700000000000001,52.98140000000001,52.7,0.6,12.0,198.7,23789.0,45004.0,20.2,21.8,36.0,30.03,12.74,180.0,237.0,1.5,0.5600730676245518
2026-04-20T18:53:00,04/20/202606:53,140.88,0.6799999999999999,95.79839999999999,54.620000000000005,0.9800000000000001,53.52760000000001,53.2,0.6,12.0,198.7,23789.0,45004.0,20.2,21.8,36.0,30.03,12.74,180.0,237.0,1.5,0.5587525470153991
2026-04-20T18:53:34,04/20/202606:53,140.56,0.6799999999999999,95.5808,54.620000000000005,0.96,52.4352,52.1,0.6,12.0,198.7,23789.0,45004.0,20.2,21.8,36.0,30.03,12.74,180.0,237.0,1.5,0.5485955338310623
2026-04-20T18:54:00,04/20/202606:54,140.24,0.6799999999999999,95.36319999999999,54.620000000000005,0.9400000000000001,51.342800000000004,51.0,0.6,12.0,198.7,23789.0,45004.0,20.2,21.8,36.0,30.03,12.74,180.0,237.0,1.5,0.5383921680480521
2026-04-20T18:54:35,04/20/202606:54,140.05,0.6699999999999999,93.8335,54.620000000000005,0.93,50.796600000000005,50.4,0.7,12.0,198.7,23789.0,45004.0,20.2,21.8,36.0,30.03,12.74,180.0,237.0,1.5,0.5413482391683141
2026-04-20T18:54:54,04/20/202606:54,139.87,0.6599999999999999,92.31419999999999,54.620000000000005,0.93,50.796600000000005,50.4,0.7,12.0,198.7,23789.0,45004.0,20.2,21.8,36.0,30.03,12.74,180.0,237.0,1.5,0.5502577068316685
2026-04-20T18:55:00,04/20/202606:55,139.69,0.65,90.7985,54.61,0.9200000000000002,50.241200000000006,49.9,0.7,12.0,198.7,23789.0,45004.0,20.2,21.8,36.0,30.03,12.74,180.0,237.0,1.5,0.5533263214700683
2026-04-20T18:55:54,04/20/202606:55,139.57999999999998,0.65,90.72699999999999,54.6,0.9200000000000002,50.232000000000006,49.9,0.7,12.0,198.7,23789.0,45004.0,20.2,21.8,36.0,30.03,12.74,180.0,237.0,1.5,0.5536609829488467
2026-04-20T18:56:00,04/20/202606:56,139.3,0.65,90.54500000000002,54.6,0.9099999999999999,49.686,49.3,0.7,12.0,198.7,23789.0,45004.0,20.2,21.8,36.0,30.03,12.74,180.0,237.0,1.5,0.5487437185929648
2026-04-20T18:56:54,04/20/202606:56,139.0,0.65,90.35000000000001,54.6,0.9,49.14,48.7,0.7,12.0,198.7,23789.0,45004.0,20.2,21.8,36.0,30.03,12.74,180.0,237.0,1.5,0.5438848920863308
2026-04-20T18:57:00,04/20/202606:57,138.98,0.6599999999999999,91.72679999999998,54.6,0.9199999999999999,50.232,49.8,0.7,12.0,198.7,23789.0,45004.0,20.2,21.8,36.0,30.03,12.74,180.0,237.0,1.5,0.5476262117505463
2026-04-20T18:57:53,04/20/202606:57,138.97,0.6699999999999999,93.1099,54.6,0.9400000000000001,51.324000000000005,50.9,0.7,12.0,198.7,23789.0,45004.0,20.2,21.8,36.0,30.03,12.74,180.0,237.0,1.5,0.5512195803024169
2026-04-20T18:58:00,04/20/202606:58,139.04000000000002,0.6699999999999999,93.1568,54.6,0.95,51.87,51.4,0.7,12.0,198.7,23789.0,45004.0,20.2,21.8,36.0,30.03,12.74,180.0,237.0,1.5,0.556803153392989
2026-04-20T18:58:54,04/20/202606:58,139.16,0.6599999999999999,91.84559999999999,54.6,0.9400000000000001,51.324000000000005,50.8,0.7,12.0,198.7,23789.0,45004.0,20.2,21.8,36.0,30.03,12.74,180.0,237.0,1.5,0.5588073897933054
2026-04-20T18:59:00,04/20/202606:59,139.28,0.6599999999999999,91.92479999999999,54.6,0.9400000000000001,51.324000000000005,50.8,0.7,12.0,198.7,23789.0,45004.0,20.2,21.8,36.0,30.03,12.74,180.0,237.0,1.5,0.5583259359824554
2026-04-20T18:59:54,04/20/202606:59,139.18,0.6699999999999999,93.25059999999999,54.6,0.9400000000000001,51.324000000000005,50.8,0.7,12.0,198.7,23789.0,45004.0,20.2,21.8,36.0,30.03,12.74,180.0,237.0,1.5,0.5503878795417939
2026-04-20T19:00:01,04/20/202607:00,139.07999999999998,0.6799999999999999,94.57439999999998,54.6,0.9400000000000001,51.324000000000005,50.8,0.7,12.0,198.7,23789.0,45004.0,20.2,21.8,36.0,30.03,12.74,180.0,237.0,1.5,0.5426838552504696
2026-04-20T19:00:54,04/20/202607:00,138.77,0.6699999999999999,92.9759,54.6,0.9400000000000001,51.324000000000005,50.8,0.7,12.0,198.7,23789.0,45004.0,20.2,21.770000000000003,36.1,30.026999999999997,12.653,179.9,230.5,1.47,0.5520140165354679
2026-04-20T19:01:00,04/20/202607:01,138.45999999999998,0.6599999999999999,91.38359999999997,54.6,0.9400000000000001,51.324000000000005,50.8,0.7,12.0,198.7,23789.0,45004.0,20.2,21.740000000000002,36.2,30.024,12.565999999999999,179.8,224.0,1.44,0.5616325029874072
2026-04-20T19:01:55,04/20/202607:01,137.95,0.6599999999999999,91.04699999999998,54.6,0.95,51.87,51.4,0.7,13.0,198.7,23789.0,45004.0,20.2,21.71,36.3,30.021000000000004,12.479,179.7,217.5,1.41,0.5697057563675905
2026-04-20T19:02:01,04/20/202607:02,137.44,0.6599999999999999,90.71039999999999,54.6,0.96,52.416,52.0,0.7,13.0,198.7,23789.0,45004.0,20.2,21.68,36.4,30.018,12.392,179.6,211.0,1.3800000000000001,0.5778389247539423
2026-04-20T19:03:52,04/20/202607:03,136.8,0.6599999999999999,90.288,54.61,0.9400000000000001,51.333400000000005,50.9,0.7,13.0,198.7,23789.0,45004.0,20.2,21.65,36.5,30.014999999999997,12.305,179.5,204.5,1.35,0.5685517455254298
2026-04-20T19:03:54,04/20/202607:03,136.16,0.6599999999999999,89.86559999999999,54.61,0.93,50.7873,50.4,0.7,13.0,198.7,23789.0,45004.0,20.2,21.619999999999997,36.6,30.012,12.218,179.4,198.0,1.3199999999999998,0.5651472866146781
2026-04-20T19:04:01,04/20/202607:04,135.47,0.6699999999999999,90.76489999999998,54.61,0.9400000000000001,51.333400000000005,51.0,0.7,13.0,198.7,23789.0,45004.0,20.2,21.59,36.7,30.009000000000004,12.131,179.3,191.5,1.29,0.5655644417610775
2026-04-20T19:04:55,04/20/202607:04,134.85,0.6799999999999999,91.698,54.61,0.95,51.8795,51.6,0.7,13.0,198.7,23789.0,45004.0,20.2,21.56,36.8,30.006,12.044,179.2,185.0,1.26,0.5657647931252591
2026-04-20T19:05:01,04/20/202607:05,134.44,0.6799999999999999,91.41919999999999,54.61,0.95,51.8795,51.6,0.7,13.0,198.7,23789.0,45004.0,20.2,21.53,36.9,30.002999999999997,11.956999999999999,179.1,178.5,1.23,0.5674901989953971
2026-04-20T19:05:54,04/20/202607:05,134.02,0.6699999999999999,89.79339999999999,54.61,0.95,51.8795,51.6,0.7,13.0,198.7,23789.0,45004.0,20.2,21.5,37.0,30.0,11.87,179.0,172.0,1.2,0.5777651809598479
2026-04-20T19:06:00,04/20/202607:06,133.74,0.6699999999999999,89.6058,54.61,0.9400000000000001,51.333400000000005,51.1,0.7,13.0,198.7,23789.0,45004.0,20.2,21.5,37.0,30.0,11.87,179.0,172.0,1.2,0.5728803269431221
2026-04-20T19:06:01,04/20/202607:06,133.45999999999998,0.6799999999999999,90.75279999999998,54.61,0.93,50.7873,50.6,0.7,13.0,198.7,23789.0,45004.0,20.2,21.5,37.0,30.0,11.87,179.0,172.0,1.2,0.559622402834954
2026-04-20T19:07:01,04/20/202607:07,133.45,0.6699999999999999,89.41149999999999,54.61,0.9,49.149,48.9,0.7,13.0,198.7,23789.0,45004.0,20.2,21.5,37.0,30.0,11.87,179.0,172.0,1.2,0.5496943905426036
2026-04-20T19:08:00,04/20/202607:08,133.44,0.6599999999999999,88.07039999999999,54.61,0.8700000000000001,47.51070000000001,47.2,0.7,13.0,198.7,23789.0,45004.0,20.2,21.5,37.0,30.0,11.87,179.0,172.0,1.2,0.5394627479834315
2026-04-20T19:08:01,04/20/202607:08,133.19,0.6699999999999999,89.23729999999999,54.589999999999996,0.89,48.5851,48.3,0.7,13.0,198.7,23789.0,45004.0,20.2,21.5,37.0,30.0,11.87,179.0,172.0,1.2,0.5444483416687865
2026-04-20T19:09:01,04/20/202607:09,133.06,0.6699999999999999,89.1502,54.6,0.89,48.594,48.3,0.7,13.0,198.7,23789.0,45004.0,20.2,21.5,37.0,30.0,11.87,179.0,172.0,1.2,0.5450801007737504
2026-04-20T19:10:00,04/20/202607:10,132.91,0.6699999999999999,89.04969999999999,54.6,0.9,49.14,48.8,0.7,13.0,198.7,23789.0,45004.0,20.2,21.5,37.0,30.0,11.87,179.0,172.0,1.2,0.5518266765637617
2026-04-20T19:11:01,04/20/202607:11,132.59,0.6699999999999999,88.83529999999999,54.6,0.9099999999999999,49.686,49.3,0.7,13.0,198.7,23789.0,45004.0,20.2,21.5,37.0,30.0,11.87,179.0,172.0,1.2,0.5593046908154754
2026-04-20T19:12:00,04/20/202607:12,132.32,0.6699999999999999,88.65439999999998,54.6,0.9099999999999999,49.686,49.3,0.7,13.0,198.7,23789.0,45004.0,20.2,21.5,37.0,30.0,11.87,179.0,172.0,1.2,0.5604459564330706
2026-04-20T19:13:01,04/20/202607:13,131.54000000000002,0.69,90.7626,54.6,0.9099999999999999,49.686,49.3,0.7,13.0,198.7,23789.0,45004.0,20.2,21.5,37.0,30.0,11.87,179.0,172.0,1.2,0.5474281256817235
2026-04-20T19:15:06,04/20/202607:15,130.82,0.7,91.57399999999998,54.6,0.9099999999999999,49.686,49.3,0.7,13.0,198.7,23789.0,45004.0,20.2,21.5,37.0,30.0,11.87,179.0,172.0,1.2,0.5425775875248434
2026-04-20T19:16:00,04/20/202607:16,130.1,0.7,91.07,54.6,0.9099999999999999,49.686,49.3,0.7,13.0,198.7,23789.0,45004.0,20.2,21.5,37.0,30.0,11.87,179.0,172.0,1.2,0.5455803228285935
2026-04-20T19:16:04,04/20/202607:16,128.27,0.71,91.0717,54.6,0.9199999999999999,50.232,50.4,0.7,13.0,198.7,23789.0,45004.0,20.2,21.47,37.0,30.0,11.713999999999999,179.0,167.9,1.17,0.5515654149422927
2026-04-20T19:17:01,04/20/202607:17,126.44000000000001,0.72,91.0368,54.6,0.93,50.778000000000006,51.5,0.7,13.0,198.7,23789.0,45004.0,20.2,21.44,37.0,30.0,11.558,179.0,163.8,1.1400000000000001,0.557774438468839
2026-04-20T19:17:04,04/20/202607:17,125.0,0.71,88.75,54.6,0.9199999999999999,50.232,51.0,0.7,13.0,198.7,23789.0,45004.0,20.2,21.41,37.0,30.0,11.402,179.0,159.7,1.1099999999999999,0.5659943661971831
2026-04-20T19:17:55,04/20/202607:17,123.42,0.71,87.62819999999999,54.58,0.9199999999999999,50.21359999999999,51.0,0.7,13.0,198.7,23789.0,45004.0,20.2,21.380000000000003,37.0,30.0,11.245999999999999,179.0,155.6,1.08,0.5730301432643828
2026-04-20T19:18:00,04/20/202607:18,121.85999999999999,0.71,86.52059999999999,54.57000000000001,0.9099999999999999,49.6587,50.5,0.7,13.0,198.7,23789.0,45004.0,20.2,21.35,37.0,30.0,11.09,179.0,151.5,1.05,0.573952330427667
2026-04-20T19:18:55,04/20/202607:18,120.37,0.7,84.259,54.55,0.89,48.549499999999995,49.4,0.7,13.0,198.7,23789.0,45004.0,20.2,21.32,37.0,30.0,10.934000000000001,179.0,147.4,1.02,0.576193641035379
2026-04-20T19:19:01,04/20/202607:19,118.83,0.69,81.9927,54.529999999999994,0.8800000000000001,47.9864,48.8,0.7,13.0,198.7,23789.0,45004.0,20.2,21.29,37.0,30.0,10.778,179.0,143.3,0.99,0.5852521017114939
2026-04-20T19:19:55,04/20/202607:19,117.85999999999999,0.6699999999999999,78.96619999999999,54.5,0.85,46.324999999999996,47.1,0.7,13.0,198.7,23789.0,45004.0,20.2,21.259999999999998,37.0,30.0,10.622,179.0,139.2,0.96,0.5866433993278137
2026-04-20T19:20:00,04/20/202607:20,116.83,0.6599999999999999,77.10779999999998,54.470000000000006,0.82,44.665400000000005,45.4,0.7,13.0,198.7,23789.0,45004.0,20.2,21.229999999999997,37.0,30.0,10.466,179.0,135.1,0.93,0.5792591670362792
2026-04-20T19:20:55,04/20/202607:20,115.79,0.65,75.26350000000001,54.44,0.79,43.007600000000004,43.7,0.7,13.0,198.7,23789.0,45004.0,20.2,21.2,37.0,30.0,10.31,179.0,131.0,0.9,0.5714270529539551
2026-04-20T19:21:01,04/20/202607:21,115.80999999999999,0.6399999999999999,74.11839999999998,54.410000000000004,0.76,41.351600000000005,41.5,0.7,13.0,198.7,23789.0,45004.0,20.2,21.2,37.0,30.0,10.31,179.0,131.0,0.9,0.5579127450133842
2026-04-20T19:21:55,04/20/202607:21,115.80999999999999,0.63,72.96029999999999,54.36,0.73,39.6828,39.3,0.7,13.0,198.7,23789.0,45004.0,20.2,21.2,37.0,30.0,10.31,179.0,131.0,0.9,0.5438957899021798
2026-04-20T19:22:00,04/20/202607:22,115.78,0.6199999999999999,71.78359999999999,54.32000000000001,0.7,38.024,37.6,0.7,13.0,198.7,23789.0,45004.0,20.2,21.2,37.0,30.0,10.31,179.0,131.0,0.9,0.5297031633966534
2026-04-20T19:22:56,04/20/202607:22,114.92,0.6,68.952,54.279999999999994,0.6799999999999999,36.910399999999996,36.4,0.7,13.0,198.7,23789.0,45004.0,20.2,21.2,37.0,30.0,10.31,179.0,131.0,0.9,0.5353057199211045
2026-04-20T19:23:01,04/20/202607:23,114.05999999999999,0.58,66.1548,54.239999999999995,0.6599999999999999,35.798399999999994,35.2,0.7,13.0,198.7,23789.0,45004.0,20.2,21.2,37.0,30.0,10.31,179.0,131.0,0.9,0.5411308023000598
2026-04-20T19:23:55,04/20/202607:23,113.22999999999999,0.5599999999999999,63.408799999999985,54.21,0.65,35.2365,34.6,0.7,13.0,198.7,23789.0,45004.0,20.2,21.2,37.0,30.0,10.31,179.0,131.0,0.9,0.5557036247334756
2026-04-20T19:24:00,04/20/202607:24,112.4,0.54,60.696000000000005,54.17999999999999,0.6399999999999999,34.67519999999999,34.0,0.7,13.0,198.7,23789.0,45004.0,20.2,21.2,37.0,30.0,10.31,179.0,131.0,0.9,0.5712930011862394
2026-04-20T19:26:15,04/20/202607:26,110.38,0.53,58.501400000000004,54.160000000000004,0.6399999999999999,34.6624,34.0,0.7,13.0,198.7,23789.0,45004.0,20.2,21.2,37.0,30.0,10.31,179.0,131.0,0.9,0.5925054785013691
2026-04-20T19:26:56,04/20/202607:26,108.35,0.52,56.342,54.14,0.63,34.108200000000004,33.5,0.7,13.0,198.7,23789.0,45004.0,20.2,21.2,37.0,30.0,10.31,179.0,131.0,0.9,0.6053778708601044
2026-04-20T19:27:01,04/20/202607:27,106.33,0.51,54.2283,54.120000000000005,0.6199999999999999,33.554399999999994,33.0,0.7,13.0,198.7,23789.0,45004.0,20.2,21.2,37.0,30.0,10.31,179.0,131.0,0.9,0.6187617904304579
2026-04-20T19:27:55,04/20/202607:27,104.30999999999999,0.49000000000000005,51.1119,54.1,0.61,33.001,32.5,0.7,13.0,198.7,23789.0,45004.0,20.2,21.2,37.0,30.0,10.31,179.0,131.0,0.9,0.6456617734813224
2026-04-20T19:28:01,04/20/202607:28,102.31,0.47000000000000003,48.0857,54.1,0.6,32.46,32.0,0.7,13.0,198.7,23789.0,45004.0,20.2,21.2,37.0,30.0,10.31,179.0,131.0,0.9,0.6750447638279156
2026-04-20T19:28:56,04/20/202607:28,100.43,0.45,45.19350000000001,54.11,0.59,31.924899999999997,31.5,0.7,13.0,198.7,23789.0,45004.0,20.2,21.2,37.0,30.0,10.31,179.0,131.0,0.9,0.7064046820892383
2026-04-20T19:29:01,04/20/202607:29,99.4,0.44000000000000006,43.73600000000001,54.120000000000005,0.5700000000000001,30.848400000000005,30.5,0.7,13.0,198.7,23789.0,45004.0,20.2,21.2,37.0,30.0,10.31,179.0,131.0,0.9,0.7053319919517101
2026-04-20T19:30:01,04/20/202607:30,98.37,0.43,42.2991,54.120000000000005,0.55,29.766000000000005,29.5,0.7,13.0,198.7,23789.0,45004.0,20.2,21.2,37.0,30.0,10.31,179.0,131.0,0.9,0.7037029156648724
2026-04-20T19:30:55,04/20/202607:30,97.34,0.43,41.8562,54.120000000000005,0.53,28.683600000000006,28.5,0.7,13.0,198.7,23789.0,45004.0,20.2,21.14,37.1,30.002999999999997,10.242,179.1,126.7,0.8800000000000001,0.6852891566840756
2026-04-20T19:31:01,04/20/202607:31,96.31,0.43,41.4133,54.120000000000005,0.51,27.601200000000002,27.5,0.7,13.0,198.7,23789.0,45004.0,20.2,21.080000000000002,37.2,30.006,10.174000000000001,179.2,122.4,0.86,0.6664815409542346
2026-04-20T19:31:55,04/20/202607:31,95.43,0.42000000000000004,40.080600000000004,54.120000000000005,0.49000000000000005,26.518800000000006,26.4,0.7,13.0,198.7,23789.0,45004.0,20.2,21.02,37.3,30.009000000000004,10.106,179.3,118.1,0.8400000000000001,0.6616368018442839
2026-04-20T19:32:01,04/20/202607:32,94.56,0.41000000000000003,38.769600000000004,54.120000000000005,0.48,25.977600000000002,25.8,0.7,13.0,198.7,23789.0,45004.0,20.2,20.96,37.4,30.012,10.038,179.4,113.8,0.82,0.6700507614213198
2026-04-20T19:32:56,04/20/202607:32,93.68,0.4,37.472,54.120000000000005,0.47000000000000003,25.436400000000003,25.2,0.7,13.0,198.7,23789.0,45004.0,20.2,20.9,37.5,30.014999999999997,9.97,179.5,109.5,0.8,0.6788108454312554
2026-04-20T19:33:01,04/20/202607:33,92.8,0.4,37.12,54.120000000000005,0.45999999999999996,24.8952,24.6,0.7,13.0,198.7,23789.0,45004.0,20.2,20.84,37.6,30.018,9.902000000000001,179.6,105.2,0.78,0.6706681034482759
2026-04-20T19:34:00,04/20/202607:34,91.92,0.4,36.768,54.120000000000005,0.45,24.354000000000003,24.0,0.7,13.0,198.7,23789.0,45004.0,20.3,20.770000000000003,37.7,30.021000000000004,9.834,179.7,100.9,0.76,0.662369451697128
2026-04-20T19:34:27,04/20/202607:34,91.51,0.4,36.604000000000006,54.11,0.44000000000000006,23.808400000000002,23.4,0.7,13.0,198.7,23789.0,45004.0,20.2,20.7,37.8,30.024,9.766000000000002,179.8,96.6,0.74,0.6504316468145558
2026-04-20T19:35:01,04/20/202607:35,91.1,0.4,36.44,54.1,0.43,23.263,22.8,0.7,13.0,198.7,23789.0,45004.0,20.2,20.630000000000003,37.9,30.026999999999997,9.698,179.9,92.3,0.72,0.6383918770581779
2026-04-20T19:35:27,04/20/202607:35,90.68,0.39,35.3652,54.1,0.42000000000000004,22.722,22.2,0.7,13.0,198.7,23789.0,45004.0,20.2,20.560000000000002,38.0,30.03,9.63,180.0,88.0,0.7,0.6424960130297581
2026-04-20T19:36:01,04/20/202607:36,90.26,0.38,34.2988,54.1,0.41000000000000003,22.181,21.6,0.7,13.0,198.7,23789.0,45004.0,20.2,20.55,38.0,30.03,9.63,180.0,88.0,0.7,0.6466990098778966
2026-04-20T19:37:27,04/20/202607:37,88.85,0.36,31.985999999999997,54.1,0.39,21.099,20.5,0.7,13.0,198.7,23789.0,45004.0,20.2,20.54,38.0,30.026999999999997,9.562000000000001,178.7,88.0,0.7,0.6596323391483775
2026-04-20T19:38:01,04/20/202607:38,88.42999999999999,0.34,30.0662,54.1,0.38,20.558,20.0,0.7,13.0,198.7,23789.0,45004.0,20.2,20.53,38.5,30.024,9.494,177.4,88.0,0.7,0.6837578410307921
2026-04-20T19:38:52,04/20/202607:38,86.31,0.3,25.893,54.1,0.36,19.476,18.9,0.7,13.0,198.7,23789.0,45004.0,20.2,20.52,39.0,30.021000000000004,9.426,176.1,88.0,0.7,0.7521724018074383
2026-04-20T19:39:01,04/20/202607:39,84.2,0.26,21.892000000000003,54.1,0.34,18.394000000000002,17.8,0.7,13.0,198.7,23789.0,45004.0,20.2,20.509999999999998,39.5,30.018,9.358,174.8,88.0,0.7,0.8402156038735611
2026-04-20T19:39:53,04/20/202607:39,81.42999999999999,0.25,20.357499999999998,54.089999999999996,0.33,17.8497,17.3,0.7,13.0,198.7,23789.0,45004.0,20.2,20.5,40.0,30.014999999999997,9.290000000000001,173.5,88.0,0.7,0.8768119857546359
2026-04-20T19:40:01,04/20/202607:40,78.66,0.24,18.8784,54.08,0.32,17.3056,16.8,0.7,13.0,198.7,23789.0,45004.0,20.2,20.5,40.5,30.012,9.222,172.2,88.0,0.7,0.9166878549029578
2026-04-20T19:40:52,04/20/202607:40,75.27000000000001,0.24,18.0648,54.06,0.3,16.218,16.3,0.7,13.0,198.7,23789.0,45004.0,20.2,20.5,41.0,30.009000000000004,9.154,170.9,88.0,0.7,0.8977680350737345
2026-04-20T19:41:01,04/20/202607:41,71.88,0.24,17.251199999999997,54.04,0.27999999999999997,15.131199999999998,15.8,0.7,13.0,198.7,23789.0,45004.0,20.2,20.5,41.5,30.006,9.086,169.6,88.0,0.7,0.8771099981450566
2026-04-20T19:41:52,04/20/202607:41,68.49,0.25,17.1225,54.029999999999994,0.27,14.588099999999999,15.3,0.7,13.0,198.7,23789.0,45004.0,20.2,20.5,42.0,30.002999999999997,9.017999999999999,168.3,88.0,0.7,0.8519842312746386
2026-04-20T19:42:01,04/20/202607:42,65.1,0.26,16.926,54.02,0.26,14.045200000000001,14.8,0.7,13.0,198.7,23789.0,45004.0,20.2,20.5,42.5,30.0,8.95,167.0,88.0,0.7,0.8298003072196622
2026-04-20T19:42:52,04/20/202607:42,62.510000000000005,0.27,16.8777,54.0,0.26,14.040000000000001,14.8,0.7,13.0,198.7,23789.0,45004.0,20.2,20.5,43.0,30.0,8.95,167.0,88.0,0.7,0.8318669012957927
2026-04-20T19:43:01,04/20/202607:43,59.92,0.27999999999999997,16.7776,53.98,0.26,14.034799999999999,14.8,0.7,13.0,198.7,23789.0,45004.0,20.2,20.5,43.0,30.0,8.95,167.0,88.0,0.7,0.8365201220675186
2026-04-20T19:43:52,04/20/202607:43,58.94,0.31,18.2714,53.95,0.27,14.566500000000001,15.4,0.7,13.0,198.7,23789.0,45004.0,20.2,20.5,43.0,30.0,8.95,167.0,88.0,0.7,0.797229550007115
2026-04-20T19:44:01,04/20/202607:44,57.96,0.33999999999999997,19.7064,53.92,0.27999999999999997,15.097599999999998,16.0,0.7,13.0,198.7,23789.0,45004.0,20.2,20.5,43.0,30.0,8.95,167.0,88.0,0.7,0.7661267405512929
2026-04-20T19:44:52,04/20/202607:44,65.42,0.31,20.2802,53.9,0.25,13.475,14.4,0.7,13.0,198.7,23789.0,45004.0,20.2,20.5,43.0,30.0,8.95,167.0,88.0,0.7,0.6644411790810741
2026-04-20T19:45:01,04/20/202607:45,72.88,0.27999999999999997,20.406399999999998,53.879999999999995,0.22000000000000003,11.8536,12.8,0.7,13.0,198.7,23789.0,45004.0,20.2,20.5,43.0,30.0,8.95,167.0,88.0,0.7,0.5808765877371805
2026-04-20T19:45:52,04/20/202607:45,80.34,0.24,19.2816,53.86999999999999,0.2,10.774,11.2,0.7,13.0,198.7,23789.0,45004.0,20.2,20.5,43.0,30.0,8.95,167.0,88.0,0.7,0.5587710563438718
2026-04-20T19:46:01,04/20/202607:46,87.8,0.2,17.56,53.86,0.18,9.694799999999999,9.6,0.7,13.0,198.7,23789.0,45004.0,20.2,20.5,43.0,30.0,8.95,167.0,88.0,0.7,0.5520956719817768
2026-04-20T19:46:16,04/20/202607:46,95.26,0.16,15.241600000000002,53.839999999999996,0.15,8.075999999999999,8.0,0.7,13.0,198.7,23789.0,45004.0,20.2,20.44,43.2,30.0,8.911999999999999,167.4,83.7,0.6699999999999999,0.5298656309048917
2026-04-20T19:47:01,04/20/202607:47,102.72,0.12,12.3264,53.81999999999999,0.12,6.458399999999999,6.4,0.7,13.0,198.7,23789.0,45004.0,20.2,20.380000000000003,43.4,30.0,8.873999999999999,167.8,79.4,0.6399999999999999,0.523948598130841
2026-04-20T19:47:16,04/20/202607:47,109.99000000000001,0.09,9.8991,53.8,0.09,4.842,4.8,0.7,13.0,198.7,23789.0,45004.0,20.2,20.32,43.6,30.0,8.836,168.2,75.1,0.61,0.4891353759432675
2026-04-20T19:48:39,04/20/202607:48,117.55999999999999,0.06,7.053599999999999,53.769999999999996,0.06,3.2261999999999995,3.2,0.7,13.0,198.7,23789.0,45004.0,20.2,20.259999999999998,43.8,30.0,8.797999999999998,168.6,70.8,0.58,0.4573834637631847
2026-04-20T19:49:01,04/20/202607:49,125.22,0.03,3.7565999999999997,53.75,0.03,1.6125,1.6,0.7,13.0,198.7,23789.0,45004.0,20.2,20.2,44.0,30.0,8.76,169.0,66.5,0.55,0.42924452962785503
2026-04-20T19:49:16,04/20/202607:49,132.79000000000002,0.0,0.0,53.73,0.0,0.0,0.0,0.7,13.0,198.7,23789.0,45004.0,20.3,20.139999999999997,44.2,30.0,8.722,169.4,62.2,0.52,
2026-04-20T19:50:01,04/20/202607:50,132.57999999999998,0.0,0.0,53.71,0.0,0.0,0.0,0.7,13.0,198.7,23789.0,45004.0,20.3,20.08,44.4,30.0,8.684000000000001,169.8,57.9,0.49000000000000005,
2026-04-20T19:50:16,04/20/202607:50,132.39000000000001,0.0,0.0,53.67999999999999,0.0,0.0,0.0,0.7,13.0,198.7,23789.0,45004.0,20.2,20.02,44.6,30.0,8.646,170.2,53.6,0.45999999999999996,
2026-04-20T19:51:01,04/20/202607:51,132.23,0.0,0.0,53.65,0.0,0.0,0.0,0.7,13.0,198.7,23789.0,45004.0,20.2,19.96,44.8,30.0,8.608,170.6,49.3,0.43,
2026-04-20T19:51:16,04/20/202607:51,132.02,0.0,0.0,53.620000000000005,0.0,0.0,0.0,0.7,13.0,198.7,23789.0,45004.0,20.2,19.9,45.0,30.0,8.57,171.0,45.0,0.4,
2026-04-20T19:52:01,04/20/202607:52,131.82,0.0,0.0,53.589999999999996,0.0,0.0,0.0,0.7,13.0,198.7,23789.0,45004.0,20.2,19.9,45.0,30.0,8.57,171.0,45.0,0.4,
2026-04-20T19:52:16,04/20/202607:52,131.6,0.0,0.0,53.55,0.0,0.0,0.0,0.7,13.0,198.7,23789.0,45004.0,20.2,19.9,45.0,30.0,8.57,171.0,45.0,0.4,
2026-04-20T19:53:01,04/20/202607:53,131.76,0.0,0.0,53.52,0.0,0.0,0.0,0.7,13.0,198.7,23789.0,45004.0,20.2,19.9,45.0,30.0,8.57,171.0,45.0,0.4,
2026-04-20T19:53:17,04/20/202607:53,131.57999999999998,0.0,0.0,53.5,0.0,0.0,0.0,0.7,13.0,198.7,23789.0,45004.0,20.2,19.9,45.0,30.0,8.57,171.0,45.0,0.4,
2026-04-20T19:54:01,04/20/202607:54,131.4,0.0,0.0,53.48,0.0,0.0,0.0,0.7,13.0,198.7,23789.0,45004.0,20.2,19.9,45.0,30.0,8.57,171.0,45.0,0.4,
2026-04-20T19:54:16,04/20/202607:54,131.27,0.0,0.0,53.45,0.0,0.0,0.0,0.7,13.0,198.7,23789.0,45004.0,20.2,19.9,45.0,30.0,8.57,171.0,45.0,0.4,
2026-04-20T19:55:01,04/20/202607:55,131.14000000000001,0.0,0.0,53.42,0.0,0.0,0.0,0.7,13.0,198.7,23789.0,45004.0,20.2,19.9,45.0,30.0,8.57,171.0,45.0,0.4,
2026-04-20T19:55:16,04/20/202607:55,130.95,0.0,0.0,53.4,0.0,0.0,0.0,0.7,13.0,198.7,23789.0,45004.0,20.3,19.9,45.0,30.0,8.57,171.0,45.0,0.4,
2026-04-20T19:56:01,04/20/202607:56,130.76,0.0,0.0,53.379999999999995,0.0,0.0,0.0,0.7,13.0,198.7,23789.0,45004.0,20.3,19.9,45.0,30.0,8.57,171.0,45.0,0.4,
2026-04-20T19:56:16,04/20/202607:56,130.59,0.0,0.0,53.35,0.0,0.0,0.0,0.7,13.0,198.7,23789.0,45004.0,20.3,19.9,45.0,30.0,8.57,171.0,45.0,0.4,
2026-04-20T19:57:01,04/20/202607:57,130.42000000000002,0.0,0.0,53.32000000000001,0.0,0.0,0.0,0.7,13.0,198.7,23789.0,45004.0,20.3,19.9,45.0,30.0,8.57,171.0,45.0,0.4,
2026-04-20T19:57:16,04/20/202607:57,130.23,0.0,0.0,53.3,0.0,0.0,0.0,0.7,13.0,198.7,23789.0,45004.0,20.3,19.9,45.0,30.0,8.57,171.0,45.0,0.4,
2026-04-20T19:58:01,04/20/202607:58,130.04000000000002,0.0,0.0,53.279999999999994,0.0,0.0,0.0,0.7,13.0,198.7,23789.0,45004.0,20.3,19.9,45.0,30.0,8.57,171.0,45.0,0.4,
2026-04-20T19:58:17,04/20/202607:58,129.84,0.0,0.0,53.25,0.0,0.0,0.0,0.7,13.0,198.7,23789.0,45004.0,20.3,19.9,45.0,30.0,8.57,171.0,45.0,0.4,
2026-04-20T19:59:50,04/20/202607:59,129.59,0.0,0.0,53.220000000000006,0.0,0.0,0.0,0.7,13.0,198.7,23789.0,45004.0,20.3,19.9,45.0,30.0,8.57,171.0,45.0,0.4,
2026-04-20T20:00:00,04/20/202608:00,129.38,0.0,0.0,53.2,0.0,0.0,0.0,0.7,13.0,198.7,23789.0,45004.0,20.3,19.9,45.0,30.0,8.57,171.0,45.0,0.4,
2026-04-20T20:00:17,04/20/202608:00,129.12,0.0,0.0,53.17999999999999,0.0,0.0,0.0,0.7,13.0,198.7,23789.0,45004.0,20.3,19.9,45.0,30.0,8.57,171.0,45.0,0.4,
2026-04-20T20:01:00,04/20/202608:01,128.9,0.0,0.0,53.160000000000004,0.0,0.0,0.0,0.7,13.0,198.7,23789.0,45004.0,20.3,19.9,45.0,30.0,8.57,171.0,45.0,0.4,
2026-04-20T20:01:16,04/20/202608:01,128.63,0.0,0.0,53.13000000000001,0.0,0.0,0.0,0.7,13.0,198.7,23789.0,45004.0,20.3,19.839999999999996,45.1,30.0,8.633,171.6,41.7,0.39,
2026-04-20T20:02:00,04/20/202608:02,128.39000000000001,0.0,0.0,53.11,0.0,0.0,0.0,0.7,13.0,198.7,23789.0,45004.0,20.3,19.779999999999998,45.2,30.0,8.696000000000002,172.2,38.4,0.38,
2026-04-20T20:02:17,04/20/202608:02,128.09,0.0,0.0,53.08,0.0,0.0,0.0,0.7,13.0,198.7,23789.0,45004.0,20.3,19.72,45.3,30.0,8.759,172.8,35.1,0.37,
2026-04-20T20:03:00,04/20/202608:03,127.83,0.0,0.0,53.05,0.0,0.0,0.0,0.7,13.0,198.7,23789.0,45004.0,20.3,19.66,45.4,30.0,8.822,173.4,31.8,0.36,
2026-04-20T20:03:16,04/20/202608:03,127.52000000000001,0.0,0.0,53.029999999999994,0.0,0.0,0.0,0.7,13.0,198.7,23789.0,45004.0,20.3,19.6,45.5,30.0,8.885,174.0,28.5,0.35,
2026-04-20T20:04:01,04/20/202608:04,127.25999999999999,0.0,0.0,53.02,0.0,0.0,0.0,0.7,13.0,198.7,23789.0,45004.0,20.3,19.54,45.6,30.0,8.947999999999999,174.6,25.2,0.33999999999999997,
2026-04-20T20:04:17,04/20/202608:04,126.97,0.0,0.0,53.0,0.0,0.0,0.0,0.7,13.0,198.7,23789.0,45004.0,20.3,19.48,45.7,30.0,9.011,175.2,21.9,0.32999999999999996,
2026-04-20T20:05:00,04/20/202608:05,126.67999999999999,0.0,0.0,52.98,0.0,0.0,0.0,0.7,13.0,198.7,23789.0,45004.0,20.3,19.419999999999998,45.8,30.0,9.074,175.8,18.6,0.32,
2026-04-20T20:05:16,04/20/202608:05,126.35999999999999,0.0,0.0,52.96,0.0,0.0,0.0,0.7,13.0,198.7,23789.0,45004.0,20.3,19.36,45.9,30.0,9.136999999999999,176.4,15.3,0.31,
2026-04-20T20:06:01,04/20/202608:06,126.04,0.0,0.0,52.94,0.0,0.0,0.0,0.7,13.0,198.7,23789.0,45004.0,20.3,19.3,46.0,30.0,9.2,177.0,12.0,0.3,
2026-04-20T20:06:16,04/20/202608:06,125.69000000000001,0.0,0.0,52.92,0.0,0.0,0.0,0.7,13.0,198.7,23789.0,45004.0,20.3,19.3,46.0,30.0,9.2,177.0,12.0,0.3,
2026-04-20T20:07:00,04/20/202608:07,125.34,0.0,0.0,52.9,0.0,0.0,0.0,0.7,13.0,198.7,23789.0,45004.0,20.3,19.3,46.0,30.0,9.2,177.0,12.0,0.3,
2026-04-20T20:07:16,04/20/202608:07,124.97,0.0,0.0,52.89,0.0,0.0,0.0,0.7,13.0,198.7,23789.0,45004.0,20.3,19.3,46.0,30.0,9.2,177.0,12.0,0.3,
2026-04-20T20:08:00,04/20/202608:08,124.6,0.0,0.0,52.879999999999995,0.0,0.0,0.0,0.7,13.0,198.7,23789.0,45004.0,20.3,19.3,46.0,30.0,9.2,177.0,12.0,0.3,
2026-04-20T20:08:16,04/20/202608:08,124.17,0.0,0.0,52.86,0.0,0.0,0.0,0.7,13.0,198.7,23789.0,45004.0,20.3,19.3,46.0,30.0,9.2,177.0,12.0,0.3,
2026-04-20T20:09:00,04/20/202608:09,123.74000000000001,0.0,0.0,52.839999999999996,0.0,0.0,0.0,0.7,13.0,198.7,23789.0,45004.0,20.3,19.3,46.0,30.0,9.2,177.0,12.0,0.3,
2026-04-20T20:09:16,04/20/202608:09,123.22999999999999,0.0,0.0,52.81999999999999,0.0,0.0,0.0,0.7,13.0,198.7,23789.0,45004.0,20.3,19.3,46.0,30.0,9.2,177.0,12.0,0.3,
2026-04-20T20:11:06,04/20/202608:11,122.47999999999999,0.0,0.0,52.8,0.0,0.0,0.0,0.7,13.0,198.7,23789.0,45004.0,20.3,19.3,46.0,30.0,9.2,177.0,12.0,0.3,
2026-04-20T20:11:16,04/20/202608:11,120.60999999999999,0.0,0.0,52.779999999999994,0.0,0.0,0.0,0.7,13.0,198.7,23789.0,45004.0,20.3,19.3,46.0,30.0,9.2,177.0,12.0,0.3,
2026-04-20T20:12:00,04/20/202608:12,118.74000000000001,0.0,0.0,52.760000000000005,0.0,0.0,0.0,0.7,13.0,198.7,23789.0,45004.0,20.3,19.3,46.0,30.0,9.2,177.0,12.0,0.3,
2026-04-20T20:12:16,04/20/202608:12,115.24000000000001,0.0,0.0,52.739999999999995,0.0,0.0,0.0,0.7,13.0,198.7,23789.0,45004.0,20.3,19.3,46.0,30.0,9.2,177.0,12.0,0.3,
2026-04-20T20:13:01,04/20/202608:13,111.74000000000001,0.0,0.0,52.720000000000006,0.0,0.0,0.0,0.7,13.0,198.7,23789.0,45004.0,20.3,19.3,46.0,30.0,9.2,177.0,12.0,0.3,
2026-04-20T20:13:16,04/20/202608:13,104.75,0.0,0.0,52.7,0.0,0.0,0.0,0.7,13.0,198.7,23789.0,45004.0,20.3,19.3,46.0,30.0,9.2,177.0,12.0,0.3,
2026-04-20T20:14:00,04/20/202608:14,97.76,0.0,0.0,52.67999999999999,0.0,0.0,0.0,0.7,13.0,198.7,23789.0,45004.0,20.3,19.3,46.0,30.0,9.2,177.0,12.0,0.3,
2026-04-20T20:15:00,04/20/202608:15,90.88000000000001,0.0,0.0,52.65,0.0,0.0,0.0,0.7,13.0,198.7,23789.0,45004.0,20.3,19.3,46.0,30.0,9.2,177.0,12.0,0.3,
2026-04-20T20:15:07,04/20/202608:15,83.99,0.0,0.0,52.620000000000005,0.0,0.0,0.0,0.7,13.0,198.7,23789.0,45004.0,20.3,19.3,46.0,30.0,9.2,177.0,12.0,0.3,
2026-04-20T20:16:01,04/20/202608:16,77.26,0.0,0.0,52.6,0.0,0.0,0.0,0.7,13.0,198.7,23789.0,45004.0,20.3,19.3,46.0,30.0,9.2,177.0,12.0,0.3,
2026-04-20T20:16:08,04/20/202608:16,70.77000000000001,0.0,0.0,52.58,0.0,0.0,0.0,0.7,13.0,198.7,23789.0,45004.0,20.3,19.259999999999998,46.2,30.0,9.2,177.2,10.8,0.27999999999999997,
2026-04-20T20:17:00,04/20/202608:17,65.47999999999999,0.0,0.0,52.56,0.0,0.0,0.0,0.7,13.0,198.7,23789.0,45004.0,20.3,19.22,46.4,30.0,9.2,177.4,9.6,0.26,
2026-04-20T20:18:01,04/20/202608:18,60.19,0.0,0.0,52.54,0.0,0.0,0.0,0.7,13.0,198.7,23789.0,45004.0,20.3,19.18,46.6,30.0,9.2,177.6,8.4,0.24,
2026-04-20T20:19:00,04/20/202608:19,56.61,0.0,0.0,52.52,0.0,0.0,0.0,0.7,13.0,198.7,23789.0,45004.0,20.3,19.14,46.8,30.0,9.2,177.8,7.2,0.22000000000000003,
2026-04-20T20:20:01,04/20/202608:20,53.029999999999994,0.0,0.0,52.5,0.0,0.0,0.0,0.7,13.0,198.7,23789.0,45004.0,20.3,19.1,47.0,30.0,9.2,178.0,6.0,0.2,
2026-04-20T20:22:15,04/20/202608:22,53.02,0.0,0.0,52.470000000000006,0.0,0.0,0.0,0.7,13.0,198.7,23789.0,45004.0,20.3,19.06,47.2,30.0,9.236999999999998,177.2,4.8,0.18,
2026-04-20T20:23:00,04/20/202608:23,53.010000000000005,0.0,0.0,52.44,0.0,0.0,0.0,0.7,13.0,198.7,23789.0,45004.0,20.3,19.02,47.4,30.0,9.274,176.4,3.6,0.16,
2026-04-20T20:23:13,04/20/202608:23,52.46,0.0,0.0,52.42999999999999,0.0,0.0,0.0,0.7,13.0,198.7,23789.0,45004.0,20.3,18.979999999999997,47.6,30.0,9.311,175.6,2.4,0.13999999999999999,
2026-04-20T20:24:00,04/20/202608:24,51.92,0.0,0.0,52.42,0.0,0.0,0.0,0.7,13.0,198.7,23789.0,45004.0,20.3,18.939999999999998,47.8,30.0,9.347999999999999,174.8,1.2,0.12,
2026-04-20T20:24:13,04/20/202608:24,50.839999999999996,0.0,0.0,52.4,0.0,0.0,0.0,0.7,13.0,198.7,23789.0,45004.0,20.3,18.9,48.0,30.0,9.385,174.0,0.0,0.1,
2026-04-20T20:25:00,04/20/202608:25,49.760000000000005,0.0,0.0,52.379999999999995,0.0,0.0,0.0,0.7,13.0,198.7,23789.0,45004.0,20.3,18.9,48.0,30.0,9.422,173.0,0.0,0.1,
2026-04-20T20:25:13,04/20/202608:25,48.230000000000004,0.0,0.0,52.36,0.0,0.0,0.0,0.7,13.0,198.7,23789.0,45004.0,20.3,18.9,48.0,30.0,9.459,172.0,0.0,0.1,
2026-04-20T20:26:00,04/20/202608:26,46.7,0.0,0.0,52.339999999999996,0.0,0.0,0.0,0.7,13.0,198.7,23789.0,45004.0,20.3,18.9,48.0,30.0,9.496,171.0,0.0,0.1,
2026-04-20T20:26:13,04/20/202608:26,44.81,0.0,0.0,52.33,0.0,0.0,0.0,0.7,13.0,198.7,23789.0,45004.0,20.3,18.9,48.0,30.0,9.533,170.0,0.0,0.1,
2026-04-20T20:27:00,04/20/202608:27,42.92,0.0,0.0,52.31999999999999,0.0,0.0,0.0,0.7,13.0,198.7,23789.0,45004.0,20.3,18.9,48.0,30.0,9.57,169.0,0.0,0.1,
2026-04-20T20:27:13,04/20/202608:27,40.75,0.0,0.0,52.31,0.0,0.0,0.0,0.7,13.0,198.7,23789.0,45004.0,20.4,18.9,48.0,30.0,9.57,169.0,0.0,0.1,
2026-04-20T20:28:01,04/20/202608:28,38.58,0.0,0.0,52.3,0.0,0.0,0.0,0.7,13.0,198.7,23789.0,45004.0,20.4,18.9,48.0,30.0,9.57,169.0,0.0,0.1,
2026-04-20T20:28:14,04/20/202608:28,36.71,0.0,0.0,52.279999999999994,0.0,0.0,0.0,0.7,13.0,198.7,23789.0,45004.0,20.3,18.9,48.0,30.0,9.57,169.0,0.0,0.1,
2026-04-20T20:29:00,04/20/202608:29,34.84,0.0,0.0,52.260000000000005,0.0,0.0,0.0,0.7,13.0,198.7,23789.0,45004.0,20.3,18.9,48.0,30.0,9.57,169.0,0.0,0.1,
2026-04-20T20:29:13,04/20/202608:29,33.3,0.0,0.0,52.25,0.0,0.0,0.0,0.7,13.0,198.7,23789.0,45004.0,20.3,18.9,48.0,30.0,9.57,169.0,0.0,0.1,
2026-04-20T20:30:01,04/20/202608:30,31.76,0.0,0.0,52.239999999999995,0.0,0.0,0.0,0.7,13.0,198.7,23789.0,45004.0,20.3,18.9,48.0,30.0,9.57,169.0,0.0,0.1,
2026-04-20T20:30:14,04/20/202608:30,30.5,0.0,0.0,52.23,0.0,0.0,0.0,0.7,13.0,198.7,23789.0,45004.0,20.3,18.9,48.0,30.0,9.57,169.0,0.0,0.1,
2026-04-20T20:31:00,04/20/202608:31,29.24,0.0,0.0,52.220000000000006,0.0,0.0,0.0,0.7,13.0,198.7,23789.0,45004.0,20.3,18.9,48.0,30.0,9.57,169.0,0.0,0.1,
2026-04-20T20:31:13,04/20/202608:31,28.2,0.0,0.0,52.21,0.0,0.0,0.0,0.7,13.0,198.7,23789.0,45004.0,20.3,18.869999999999997,48.1,30.002999999999997,9.620000000000001,168.9,0.0,0.1,
2026-04-20T20:32:00,04/20/202608:32,27.160000000000004,0.0,0.0,52.2,0.0,0.0,0.0,0.7,13.0,198.7,23789.0,45004.0,20.3,18.839999999999996,48.2,30.006,9.67,168.8,0.0,0.1,
2026-04-20T20:33:26,04/20/202608:33,26.26,0.0,0.0,52.2,0.0,0.0,0.0,0.7,13.0,198.7,23789.0,45004.0,20.4,18.81,48.3,30.009000000000004,9.72,168.7,0.0,0.1,
2026-04-20T20:34:00,04/20/202608:34,25.36,0.0,0.0,52.2,0.0,0.0,0.0,0.7,13.0,198.7,23789.0,45004.0,20.4,18.78,48.4,30.012,9.77,168.6,0.0,0.1,
2026-04-20T20:34:13,04/20/202608:34,24.669999999999998,0.0,0.0,52.19,0.0,0.0,0.0,0.7,13.0,198.7,23789.0,45004.0,20.4,18.75,48.5,30.014999999999997,9.82,168.5,0.0,0.1,
2026-04-20T20:35:00,04/20/202608:35,23.98,0.0,0.0,52.18000000000001,0.0,0.0,0.0,0.7,13.0,198.7,23789.0,45004.0,20.4,18.72,48.6,30.018,9.870000000000001,168.4,0.0,0.1,
2026-04-20T20:35:13,04/20/202608:35,23.47,0.0,0.0,52.17,0.0,0.0,0.0,0.7,13.0,198.7,23789.0,45004.0,20.3,18.69,48.7,30.021000000000004,9.92,168.3,0.0,0.1,
2026-04-20T20:36:00,04/20/202608:36,22.96,0.0,0.0,52.160000000000004,0.0,0.0,0.0,0.7,13.0,198.7,23789.0,45004.0,20.3,18.660000000000004,48.8,30.024,9.97,168.2,0.0,0.1,
2026-04-20T20:36:13,04/20/202608:36,22.6,0.0,0.0,52.15,0.0,0.0,0.0,0.7,13.0,198.7,23789.0,45004.0,20.3,18.630000000000003,48.9,30.026999999999997,10.02,168.1,0.0,0.1,
2026-04-20T20:37:00,04/20/202608:37,22.240000000000002,0.0,0.0,52.14,0.0,0.0,0.0,0.7,13.0,198.7,23789.0,45004.0,20.3,18.6,49.0,30.03,10.07,168.0,0.0,0.1,
2026-04-20T20:37:14,04/20/202608:37,22.0,0.0,0.0,52.13000000000001,0.0,0.0,0.0,0.7,13.0,198.7,23789.0,45004.0,20.4,18.6,49.0,30.03,10.07,168.0,0.0,0.1,
2026-04-20T20:38:00,04/20/202608:38,21.759999999999998,0.0,0.0,52.120000000000005,0.0,0.0,0.0,0.7,13.0,198.7,23789.0,45004.0,20.4,18.6,49.0,30.03,10.07,168.0,0.0,0.1,
2026-04-20T20:38:13,04/20/202608:38,21.65,0.0,0.0,52.11,0.0,0.0,0.0,0.7,13.0,198.7,23789.0,45004.0,20.3,18.6,49.0,30.03,10.07,168.0,0.0,0.1,
2026-04-20T20:39:01,04/20/202608:39,21.54,0.0,0.0,52.1,0.0,0.0,0.0,0.7,13.0,198.7,23789.0,45004.0,20.3,18.6,49.0,30.03,10.07,168.0,0.0,0.1,
2026-04-20T20:39:14,04/20/202608:39,21.45,0.0,0.0,52.1,0.0,0.0,0.0,0.7,13.0,198.7,23789.0,45004.0,20.4,18.6,49.0,30.03,10.07,168.0,0.0,0.1,
2026-04-20T20:40:00,04/20/202608:40,21.36,0.0,0.0,52.1,0.0,0.0,0.0,0.7,13.0,198.7,23789.0,45004.0,20.4,18.6,49.0,30.03,10.07,168.0,0.0,0.1,
2026-04-20T20:40:11,04/20/202608:40,21.28,0.0,0.0,52.1,0.0,0.0,0.0,0.7,13.0,198.7,23789.0,45004.0,20.3,18.6,49.0,30.03,10.07,168.0,0.0,0.1,
2026-04-20T20:41:00,04/20/202608:41,21.2,0.0,0.0,52.1,0.0,0.0,0.0,0.7,13.0,198.7,23789.0,45004.0,20.3,18.6,49.0,30.03,10.07,168.0,0.0,0.1,
2026-04-20T20:42:00,04/20/202608:42,21.14,0.0,0.0,52.089999999999996,0.0,0.0,0.0,0.7,13.0,198.7,23789.0,45004.0,20.4,18.6,49.0,30.03,10.07,168.0,0.0,0.1,
2026-04-20T20:43:00,04/20/202608:43,21.080000000000002,0.0,0.0,52.08,0.0,0.0,0.0,0.7,13.0,198.7,23789.0,45004.0,20.4,18.6,49.0,30.03,10.07,168.0,0.0,0.1,
2026-04-20T20:43:11,04/20/202608:43,21.03,0.0,0.0,52.07000000000001,0.0,0.0,0.0,0.7,13.0,198.7,23789.0,45004.0,20.4,18.6,49.0,30.03,10.07,168.0,0.0,0.1,
2026-04-20T20:44:38,04/20/202608:44,20.98,0.0,0.0,52.06,0.0,0.0,0.0,0.7,13.0,198.7,23789.0,45004.0,20.3,18.6,49.0,30.03,10.07,168.0,0.0,0.1,
2026-04-20T20:45:00,04/20/202608:45,20.94,0.0,0.0,52.05,0.0,0.0,0.0,0.7,13.0,198.7,23789.0,45004.0,20.3,18.6,49.0,30.03,10.07,168.0,0.0,0.1,
2026-04-20T20:45:11,04/20/202608:45,20.89,0.0,0.0,52.04,0.0,0.0,0.0,0.7,13.0,198.7,23789.0,45004.0,20.4,18.6,49.0,30.03,10.07,168.0,0.0,0.1,
2026-04-20T20:46:00,04/20/202608:46,20.85,0.0,0.0,52.029999999999994,0.0,0.0,0.0,0.7,13.0,198.7,23789.0,45004.0,20.4,18.6,49.0,30.03,10.07,168.0,0.0,0.1,
2026-04-20T20:47:00,04/20/202608:47,20.81,0.0,0.0,52.02,0.0,0.0,0.0,0.7,13.0,198.7,23789.0,45004.0,20.3,18.580000000000002,49.1,30.03,10.107000000000001,168.3,0.0,0.09,
2026-04-20T20:47:11,04/20/202608:47,20.78,0.0,0.0,52.010000000000005,0.0,0.0,0.0,0.7,13.0,198.7,23789.0,45004.0,20.3,18.560000000000002,49.2,30.03,10.144,168.6,0.0,0.08,
2026-04-20T20:48:00,04/20/202608:48,20.75,0.0,0.0,52.0,0.0,0.0,0.0,0.7,13.0,198.7,23789.0,45004.0,20.3,18.54,49.3,30.03,10.181000000000001,168.9,0.0,0.07,
2026-04-20T20:49:00,04/20/202608:49,20.72,0.0,0.0,52.0,0.0,0.0,0.0,0.7,13.0,198.7,23789.0,45004.0,20.4,18.52,49.4,30.03,10.218,169.2,0.0,0.06000000000000001,
2026-04-20T20:50:01,04/20/202608:50,20.69,0.0,0.0,52.0,0.0,0.0,0.0,0.7,13.0,198.7,23789.0,45004.0,20.4,18.5,49.5,30.03,10.254999999999999,169.5,0.0,0.05,
2026-04-20T20:51:00,04/20/202608:51,20.67,0.0,0.0,51.989999999999995,0.0,0.0,0.0,0.7,13.0,198.7,23789.0,45004.0,20.4,18.48,49.6,30.03,10.292,169.8,0.0,0.04,
2026-04-20T20:52:01,04/20/202608:52,20.65,0.0,0.0,51.989999999999995,0.0,0.0,0.0,0.7,13.0,198.7,23789.0,45004.0,20.4,18.46,49.7,30.03,10.328999999999999,170.1,0.0,0.030000000000000006,
2026-04-20T20:53:00,04/20/202608:53,20.630000000000003,0.0,0.0,51.98,0.0,0.0,0.0,0.7,13.0,198.7,23789.0,45004.0,20.3,18.439999999999998,49.8,30.03,10.366,170.4,0.0,0.02,
2026-04-20T20:54:01,04/20/202608:54,20.62,0.0,0.0,51.970000000000006,0.0,0.0,0.0,0.7,13.0,198.7,23789.0,45004.0,20.4,18.419999999999998,49.9,30.03,10.403,170.7,0.0,0.01,
2026-04-20T20:54:11,04/20/202608:54,20.6,0.0,0.0,51.970000000000006,0.0,0.0,0.0,0.7,13.0,198.7,23789.0,45004.0,20.4,18.4,50.0,30.03,10.44,171.0,0.0,0.0,
2026-04-20T20:55:49,04/20/202608:55,20.580000000000002,0.0,0.0,51.96,0.0,0.0,0.0,0.7,13.0,198.7,23789.0,45004.0,20.3,18.4,50.0,30.03,10.44,171.0,0.0,0.0,
2026-04-20T20:56:01,04/20/202608:56,20.57,0.0,0.0,51.95,0.0,0.0,0.0,0.7,13.0,198.7,23789.0,45004.0,20.3,18.4,50.0,30.03,10.44,171.0,0.0,0.0,
2026-04-20T20:56:11,04/20/202608:56,20.57,0.0,0.0,51.94,0.0,0.0,0.0,0.7,13.0,198.7,23789.0,45004.0,20.4,18.4,49.7,30.03,10.44,171.0,0.0,0.0,
2026-04-20T20:57:01,04/20/202608:57,20.57,0.0,0.0,51.92999999999999,0.0,0.0,0.0,0.7,13.0,198.7,23789.0,45004.0,20.4,18.4,49.4,30.03,10.44,171.0,0.0,0.0,
2026-04-20T20:57:11,04/20/202608:57,20.560000000000002,0.0,0.0,51.92,0.0,0.0,0.0,0.7,13.0,198.7,23789.0,45004.0,20.3,18.4,49.1,30.03,10.44,171.0,0.0,0.0,
2026-04-20T20:58:00,04/20/202608:58,20.55,0.0,0.0,51.92,0.0,0.0,0.0,0.7,13.0,198.7,23789.0,45004.0,20.3,18.4,48.8,30.03,10.44,171.0,0.0,0.0,
2026-04-20T20:58:11,04/20/202608:58,20.55,0.0,0.0,51.92,0.0,0.0,0.0,0.7,13.0,198.7,23789.0,45004.0,20.4,18.4,48.5,30.03,10.44,171.0,0.0,0.0,
2026-04-20T20:59:01,04/20/202608:59,20.55,0.0,0.0,51.92999999999999,0.0,0.0,0.0,0.7,13.0,198.7,23789.0,45004.0,20.4,18.4,48.2,30.03,10.44,171.0,0.0,0.0,
2026-04-20T21:00:00,04/20/202609:00,20.55,0.0,0.0,51.92999999999999,0.0,0.0,0.0,0.7,13.0,198.7,23789.0,45004.0,20.4,18.4,47.9,30.03,10.44,171.0,0.0,0.0,
2026-04-20T21:00:11,04/20/202609:00,20.55,0.0,0.0,51.92,0.0,0.0,0.0,0.7,13.0,198.7,23789.0,45004.0,20.3,18.4,47.6,30.03,10.44,171.0,0.0,0.0,
2026-04-20T21:01:01,04/20/202609:01,20.55,0.0,0.0,51.92,0.0,0.0,0.0,0.7,13.0,198.7,23789.0,45004.0,20.4,18.4,47.3,30.03,10.44,171.0,0.0,0.0,
2026-04-20T21:02:01,04/20/202609:02,20.55,0.0,0.0,51.92,0.0,0.0,0.0,0.7,13.0,198.7,23789.0,45004.0,20.4,18.369999999999997,47.0,30.03,10.489999999999998,171.9,0.0,0.0,
2026-04-20T21:03:01,04/20/202609:03,20.54,0.0,0.0,51.92,0.0,0.0,0.0,0.7,13.0,198.7,23789.0,45004.0,20.3,18.339999999999996,47.0,30.03,10.54,172.8,0.0,0.0,
2026-04-20T21:04:01,04/20/202609:04,20.53,0.0,0.0,51.910000000000004,0.0,0.0,0.0,0.7,13.0,198.7,23789.0,45004.0,20.4,18.31,47.0,30.03,10.59,173.7,0.0,0.0,
2026-04-20T21:07:01,04/20/202609:07,20.53,0.0,0.0,51.910000000000004,0.0,0.0,0.0,0.7,13.0,198.7,23789.0,45004.0,20.4,18.28,47.0,30.03,10.639999999999999,174.6,0.0,0.0,
2026-04-20T21:08:00,04/20/202609:08,20.53,0.0,0.0,51.910000000000004,0.0,0.0,0.0,0.7,13.0,198.7,23789.0,45004.0,20.4,18.25,47.0,30.03,10.69,175.5,0.0,0.0,
2026-04-20T21:09:10,04/20/202609:09,20.52,0.0,0.0,51.9,0.0,0.0,0.0,0.7,13.0,198.7,23789.0,45004.0,20.4,18.22,47.0,30.03,10.739999999999998,176.4,0.0,0.0,
2026-04-20T21:10:01,04/20/202609:10,20.509999999999998,0.0,0.0,51.89,0.0,0.0,0.0,0.7,13.0,198.7,23789.0,45004.0,20.4,18.19,47.0,30.03,10.79,177.3,0.0,0.0,
2026-04-20T21:11:00,04/20/202609:11,20.5,0.0,0.0,51.89,0.0,0.0,0.0,0.7,13.0,198.7,23789.0,45004.0,20.4,18.160000000000004,47.0,30.03,10.84,178.2,0.0,0.0,
2026-04-20T21:12:01,04/20/202609:12,20.5,0.0,0.0,51.89,0.0,0.0,0.0,0.7,13.0,198.7,23789.0,45004.0,20.4,18.130000000000003,47.0,30.03,10.889999999999999,179.1,0.0,0.0,
2026-04-20T21:13:00,04/20/202609:13,20.5,0.0,0.0,51.89,0.0,0.0,0.0,0.7,13.0,198.7,23789.0,45004.0,20.4,18.1,47.0,30.03,10.94,180.0,0.0,0.0,
2026-04-20T21:14:01,04/20/202609:14,20.5,0.0,0.0,51.89,0.0,0.0,0.0,0.7,13.0,198.7,23789.0,45004.0,20.4,18.1,47.0,30.03,10.94,180.0,0.0,0.0,
2026-04-20T21:15:00,04/20/202609:15,20.5,0.0,0.0,51.879999999999995,0.0,0.0,0.0,0.7,13.0,198.7,23789.0,45004.0,20.4,18.1,47.0,30.03,10.94,180.0,0.0,0.0,
2026-04-20T21:16:01,04/20/202609:16,20.5,0.0,0.0,51.89,0.0,0.0,0.0,0.7,13.0,198.7,23789.0,45004.0,20.4,18.1,47.0,30.03,10.94,180.0,0.0,0.0,
2026-04-20T21:18:12,04/20/202609:18,20.5,0.0,0.0,51.89,0.0,0.0,0.0,0.7,13.0,198.7,23789.0,45004.0,20.4,18.060000000000002,47.1,30.03,10.853,180.3,0.0,0.0,
2026-04-20T21:19:00,04/20/202609:19,20.5,0.0,0.0,51.879999999999995,0.0,0.0,0.0,0.7,13.0,198.7,23789.0,45004.0,20.4,18.020000000000003,47.2,30.03,10.766,180.6,0.0,0.0,
2026-04-20T21:20:00,04/20/202609:20,20.5,0.0,0.0,51.879999999999995,0.0,0.0,0.0,0.7,13.0,198.7,23789.0,45004.0,20.4,17.98,47.3,30.03,10.678999999999998,180.9,0.0,0.0,
2026-04-20T21:21:00,04/20/202609:21,20.5,0.0,0.0,51.86999999999999,0.0,0.0,0.0,0.7,13.0,198.7,23789.0,45004.0,20.4,17.94,47.4,30.03,10.592,181.2,0.0,0.0,
2026-04-20T21:22:01,04/20/202609:22,20.5,0.0,0.0,51.86999999999999,0.0,0.0,0.0,0.7,13.0,198.7,23789.0,45004.0,20.4,17.9,47.5,30.03,10.504999999999999,181.5,0.0,0.0,
2026-04-20T21:23:00,04/20/202609:23,20.5,0.0,0.0,51.86999999999999,0.0,0.0,0.0,0.7,13.0,198.7,23789.0,45004.0,20.4,17.86,47.6,30.03,10.418000000000001,181.8,0.0,0.0,
2026-04-20T21:23:23,04/20/202609:23,20.490000000000002,0.0,0.0,51.86,0.0,0.0,0.0,0.7,13.0,198.7,23789.0,45004.0,20.4,17.82,47.7,30.03,10.331,182.1,0.0,0.0,
2026-04-20T21:24:01,04/20/202609:24,20.48,0.0,0.0,51.85,0.0,0.0,0.0,0.7,13.0,198.7,23789.0,45004.0,20.4,17.78,47.8,30.03,10.244,182.4,0.0,0.0,
2026-04-20T21:24:24,04/20/202609:24,20.48,0.0,0.0,51.86,0.0,0.0,0.0,0.7,13.0,198.7,23789.0,45004.0,20.4,17.740000000000002,47.9,30.03,10.157,182.7,0.0,0.0,
2026-04-20T21:25:00,04/20/202609:25,20.48,0.0,0.0,51.86,0.0,0.0,0.0,0.7,13.0,198.7,23789.0,45004.0,20.4,17.7,48.0,30.03,10.07,183.0,0.0,0.0,
2026-04-20T21:26:00,04/20/202609:26,20.48,0.0,0.0,51.86,0.0,0.0,0.0,0.7,13.0,198.7,23789.0,45004.0,20.4,17.7,48.0,30.03,10.07,183.0,0.0,0.0,
2026-04-20T21:27:00,04/20/202609:27,20.48,0.0,0.0,51.86,0.0,0.0,0.0,0.7,13.0,198.7,23789.0,45004.0,20.4,17.7,48.0,30.03,10.07,183.0,0.0,0.0,
2026-04-20T21:28:00,04/20/202609:28,20.48,0.0,0.0,51.86,0.0,0.0,0.0,0.7,13.0,198.7,23789.0,45004.0,20.4,17.7,48.0,30.03,10.07,183.0,0.0,0.0,
2026-04-20T21:29:24,04/20/202609:29,20.48,0.0,0.0,51.86,0.0,0.0,0.0,0.7,13.0,198.7,23789.0,45004.0,20.4,17.7,48.0,30.03,10.07,183.0,0.0,0.0,
2026-04-20T21:30:00,04/20/202609:30,20.48,0.0,0.0,51.85,0.0,0.0,0.0,0.7,13.0,198.7,23789.0,45004.0,20.4,17.7,48.0,30.03,10.07,183.0,0.0,0.0,
2026-04-20T21:31:01,04/20/202609:31,20.48,0.0,0.0,51.85,0.0,0.0,0.0,0.7,13.0,198.7,23789.0,45004.0,20.4,17.66,48.0,30.03,10.07,183.1,0.0,0.0,
2026-04-20T21:32:00,04/20/202609:32,20.490000000000002,0.0,0.0,51.85,0.0,0.0,0.0,0.7,13.0,198.7,23789.0,45004.0,20.4,17.64,48.0,30.03,10.163,183.3,0.0,0.0,
2026-04-20T21:33:01,04/20/202609:33,20.5,0.0,0.0,51.85,0.0,0.0,0.0,0.7,13.0,198.7,23789.0,45004.0,20.4,17.619999999999997,48.0,30.03,10.256,183.5,0.0,0.0,
2026-04-20T21:34:00,04/20/202609:34,20.5,0.0,0.0,51.839999999999996,0.0,0.0,0.0,0.7,13.0,198.7,23789.0,45004.0,20.4,17.6,48.0,30.03,10.349,183.7,0.0,0.0,
2026-04-20T21:35:01,04/20/202609:35,20.5,0.0,0.0,51.83,0.0,0.0,0.0,0.7,13.0,198.7,23789.0,45004.0,20.4,17.580000000000002,48.0,30.03,10.442,183.9,0.0,0.0,
2026-04-20T21:36:39,04/20/202609:36,20.5,0.0,0.0,51.83,0.0,0.0,0.0,0.7,13.0,198.7,23789.0,45004.0,20.4,17.56,47.9,30.03,10.535,184.1,0.0,0.0,
2026-04-20T21:37:00,04/20/202609:37,20.5,0.0,0.0,51.839999999999996,0.0,0.0,0.0,0.7,13.0,198.7,23789.0,45004.0,20.4,17.54,47.8,30.03,10.628,184.3,0.0,0.0,
2026-04-20T21:38:01,04/20/202609:38,20.5,0.0,0.0,51.839999999999996,0.0,0.0,0.0,0.7,13.0,198.7,23789.0,45004.0,20.4,17.52,47.7,30.03,10.721,184.5,0.0,0.0,
2026-04-20T21:39:00,04/20/202609:39,20.5,0.0,0.0,51.839999999999996,0.0,0.0,0.0,0.7,13.0,198.7,23789.0,45004.0,20.4,17.5,47.6,30.03,10.814,184.7,0.0,0.0,
2026-04-20T21:40:36,04/20/202609:40,20.5,0.0,0.0,51.839999999999996,0.0,0.0,0.0,0.7,13.0,198.7,23789.0,45004.0,20.4,17.48,47.5,30.03,10.907,184.9,0.0,0.0,
2026-04-20T21:41:00,04/20/202609:41,20.5,0.0,0.0,51.83,0.0,0.0,0.0,0.7,13.0,198.7,23789.0,45004.0,20.4,17.5,47.4,30.03,11.0,185.0,0.0,0.0,
2026-04-20T21:42:01,04/20/202609:42,20.5,0.0,0.0,51.83,0.0,0.0,0.0,0.7,13.0,198.7,23789.0,45004.0,20.4,17.5,47.3,30.03,11.0,185.0,0.0,0.0,
2026-04-20T21:43:01,04/20/202609:43,20.5,0.0,0.0,51.83,0.0,0.0,0.0,0.7,13.0,198.7,23789.0,45004.0,20.4,17.5,47.2,30.03,11.0,185.0,0.0,0.0,
2026-04-20T21:44:01,04/20/202609:44,20.5,0.0,0.0,51.83,0.0,0.0,0.0,0.7,13.0,198.7,23789.0,45004.0,20.4,17.5,47.1,30.03,11.0,185.0,0.0,0.0,
2026-04-20T21:45:01,04/20/202609:45,20.5,0.0,0.0,51.83,0.0,0.0,0.0,0.7,13.0,198.7,23789.0,45004.0,20.4,17.5,47.0,30.03,11.0,185.0,0.0,0.0,
2026-04-20T21:46:01,04/20/202609:46,20.5,0.0,0.0,51.81999999999999,0.0,0.0,0.0,0.7,13.0,198.7,23789.0,45004.0,20.4,17.47,46.8,30.03,10.981,185.2,0.0,0.0,
2026-04-20T21:47:01,04/20/202609:47,20.5,0.0,0.0,51.81999999999999,0.0,0.0,0.0,0.7,13.0,198.7,23789.0,45004.0,20.4,17.44,46.6,30.03,10.962,185.4,0.0,0.0,
2026-04-20T21:48:01,04/20/202609:48,20.5,0.0,0.0,51.81,0.0,0.0,0.0,0.7,13.0,198.7,23789.0,45004.0,20.4,17.41,46.4,30.03,10.943000000000001,185.6,0.0,0.0,
2026-04-20T21:49:01,04/20/202609:49,20.5,0.0,0.0,51.81999999999999,0.0,0.0,0.0,0.7,13.0,198.7,23789.0,45004.0,20.4,17.380000000000003,46.2,30.03,10.924000000000001,185.8,0.0,0.0,
2026-04-20T21:50:01,04/20/202609:50,20.5,0.0,0.0,51.81999999999999,0.0,0.0,0.0,0.7,13.0,198.7,23789.0,45004.0,20.4,17.35,46.0,30.03,10.905,186.0,0.0,0.0,
2026-04-20T21:51:47,04/20/202609:51,20.5,0.0,0.0,51.81999999999999,0.0,0.0,0.0,0.7,13.0,198.7,23789.0,45004.0,20.4,17.32,45.8,30.03,10.886,186.2,0.0,0.0,
2026-04-20T21:52:01,04/20/202609:52,20.5,0.0,0.0,51.81999999999999,0.0,0.0,0.0,0.7,13.0,198.7,23789.0,45004.0,20.4,17.29,45.6,30.03,10.867,186.4,0.0,0.0,
2026-04-20T21:53:01,04/20/202609:53,20.5,0.0,0.0,51.81999999999999,0.0,0.0,0.0,0.7,13.0,198.7,23789.0,45004.0,20.4,17.259999999999998,45.4,30.03,10.848,186.6,0.0,0.0,
2026-04-20T21:54:00,04/20/202609:54,20.5,0.0,0.0,51.81999999999999,0.0,0.0,0.0,0.7,13.0,198.7,23789.0,45004.0,20.4,17.229999999999997,45.2,30.03,10.829,186.8,0.0,0.0,
2026-04-20T21:55:01,04/20/202609:55,20.5,0.0,0.0,51.81999999999999,0.0,0.0,0.0,0.7,13.0,198.7,23789.0,45004.0,20.4,17.2,45.0,30.03,10.81,187.0,0.0,0.0,
2026-04-20T21:56:00,04/20/202609:55,20.490000000000002,0.0,0.0,51.81999999999999,0.0,0.0,0.0,0.7,13.0,198.7,23789.0,45004.0,20.4,17.2,45.0,30.03,10.81,187.0,0.0,0.0,
2026-04-20T21:56:01,04/20/202609:56,20.48,0.0,0.0,51.81,0.0,0.0,0.0,0.7,13.0,198.7,23789.0,45004.0,20.4,17.2,45.0,30.03,10.81,187.0,0.0,0.0,
2026-04-20T21:56:59,04/20/202609:56,20.48,0.0,0.0,51.81,0.0,0.0,0.0,0.7,13.0,198.7,23789.0,45004.0,20.4,17.2,45.0,30.03,10.81,187.0,0.0,0.0,
2026-04-20T21:57:01,04/20/202609:57,20.48,0.0,0.0,51.8,0.0,0.0,0.0,0.7,13.0,198.7,23789.0,45004.0,20.4,17.2,45.0,30.03,10.81,187.0,0.0,0.0,
2026-04-20T21:58:01,04/20/202609:58,20.48,0.0,0.0,51.8,0.0,0.0,0.0,0.7,13.0,198.7,23789.0,45004.0,20.4,17.2,45.0,30.03,10.81,187.0,0.0,0.0,
2026-04-20T21:59:00,04/20/202609:59,20.48,0.0,0.0,51.8,0.0,0.0,0.0,0.7,13.0,198.7,23789.0,45004.0,20.4,17.2,45.0,30.03,10.81,187.0,0.0,0.0,
2026-04-20T22:00:01,04/20/202610:00,20.48,0.0,0.0,51.8,0.0,0.0,0.0,0.7,13.0,198.7,23789.0,45004.0,20.4,17.2,45.0,30.03,10.81,187.0,0.0,0.0,
2026-04-20T22:01:01,04/20/202610:01,20.48,0.0,0.0,51.8,0.0,0.0,0.0,0.7,13.0,198.7,23789.0,45004.0,20.4,17.169999999999998,44.9,30.03,10.785,186.8,0.0,0.0,
2026-04-20T22:02:59,04/20/202610:02,20.48,0.0,0.0,51.8,0.0,0.0,0.0,0.7,13.0,198.7,23789.0,45004.0,20.4,17.139999999999997,44.8,30.03,10.760000000000002,186.6,0.0,0.0,
2026-04-20T22:03:01,04/20/202610:03,20.48,0.0,0.0,51.8,0.0,0.0,0.0,0.7,13.0,198.7,23789.0,45004.0,20.4,17.11,44.7,30.03,10.735000000000001,186.4,0.0,0.0,
2026-04-20T22:04:00,04/20/202610:04,20.490000000000002,0.0,0.0,51.8,0.0,0.0,0.0,0.7,13.0,198.7,23789.0,45004.0,20.4,17.08,44.6,30.03,10.71,186.2,0.0,0.0,
2026-04-20T22:05:00,04/20/202610:05,20.5,0.0,0.0,51.8,0.0,0.0,0.0,0.7,13.0,198.7,23789.0,45004.0,20.4,17.05,44.5,30.03,10.685,186.0,0.0,0.0,
2026-04-20T22:06:00,04/20/202610:06,20.5,0.0,0.0,51.81,0.0,0.0,0.0,0.7,13.0,198.7,23789.0,45004.0,20.4,17.02,44.4,30.03,10.66,185.8,0.0,0.0,
2026-04-20T22:07:00,04/20/202610:07,20.5,0.0,0.0,51.81,0.0,0.0,0.0,0.7,13.0,198.7,23789.0,45004.0,20.4,16.99,44.3,30.03,10.635000000000002,185.6,0.0,0.0,
2026-04-20T22:08:17,04/20/202610:08,20.5,0.0,0.0,51.81,0.0,0.0,0.0,0.7,13.0,198.7,23789.0,45004.0,20.4,16.96,44.2,30.03,10.610000000000001,185.4,0.0,0.0,
2026-04-20T22:09:00,04/20/202610:09,20.5,0.0,0.0,51.81,0.0,0.0,0.0,0.7,13.0,198.7,23789.0,45004.0,20.4,16.93,44.1,30.03,10.585,185.2,0.0,0.0,
2026-04-20T22:10:01,04/20/202610:10,20.5,0.0,0.0,51.81,0.0,0.0,0.0,0.7,13.0,198.7,23789.0,45004.0,20.4,16.9,44.0,30.03,10.56,185.0,0.0,0.0,
2026-04-20T22:11:47,04/20/202610:11,20.5,0.0,0.0,51.81,0.0,0.0,0.0,0.7,13.0,198.7,23789.0,45004.0,20.4,16.9,44.0,30.03,10.56,185.0,0.0,0.0,
2026-04-20T22:12:01,04/20/202610:12,20.5,0.0,0.0,51.81,0.0,0.0,0.0,0.7,13.0,198.7,23789.0,45004.0,20.4,16.9,44.0,30.03,10.56,185.0,0.0,0.0,
2026-04-20T22:14:10,04/20/202610:14,20.5,0.0,0.0,51.81,0.0,0.0,0.0,0.7,13.0,198.7,23789.0,45004.0,20.4,16.9,44.0,30.03,10.56,185.0,0.0,0.0,
2026-04-20T22:15:00,04/20/202610:15,20.5,0.0,0.0,51.81,0.0,0.0,0.0,0.7,13.0,198.7,23789.0,45004.0,20.4,16.9,44.0,30.03,10.56,185.0,0.0,0.0,
2026-04-20T22:16:01,04/20/202610:16,20.5,0.0,0.0,51.81,0.0,0.0,0.0,0.7,13.0,198.7,23789.0,45004.0,20.4,16.9,44.0,30.03,10.56,185.0,0.0,0.0,
2026-04-20T22:17:00,04/20/202610:17,20.5,0.0,0.0,51.81,0.0,0.0,0.0,0.7,13.0,198.7,23789.0,45004.0,20.4,16.869999999999997,44.1,30.032999999999998,10.492,184.8,0.0,0.0,
2026-04-20T22:18:01,04/20/202610:18,20.5,0.0,0.0,51.81,0.0,0.0,0.0,0.7,13.0,198.7,23789.0,45004.0,20.4,16.839999999999996,44.2,30.036,10.424000000000001,184.6,0.0,0.0,
2026-04-20T22:19:01,04/20/202610:19,20.5,0.0,0.0,51.81,0.0,0.0,0.0,0.7,13.0,198.7,23789.0,45004.0,20.4,16.81,44.3,30.038999999999998,10.356,184.4,0.0,0.0,
2026-04-20T22:20:01,04/20/202610:20,20.5,0.0,0.0,51.81,0.0,0.0,0.0,0.7,13.0,198.7,23789.0,45004.0,20.4,16.78,44.4,30.042,10.288,184.2,0.0,0.0,
2026-04-20T22:21:01,04/20/202610:21,20.5,0.0,0.0,51.81,0.0,0.0,0.0,0.7,13.0,198.7,23789.0,45004.0,20.4,16.75,44.5,30.044999999999998,10.22,184.0,0.0,0.0,
2026-04-20T22:22:00,04/20/202610:22,20.5,0.0,0.0,51.81,0.0,0.0,0.0,0.7,13.0,198.7,23789.0,45004.0,20.4,16.72,44.6,30.048000000000002,10.152000000000001,183.8,0.0,0.0,
2026-04-20T22:23:01,04/20/202610:23,20.5,0.0,0.0,51.81,0.0,0.0,0.0,0.7,13.0,198.7,23789.0,45004.0,20.4,16.69,44.7,30.051,10.084,183.6,0.0,0.0,
2026-04-20T22:25:21,04/20/202610:25,20.5,0.0,0.0,51.81,0.0,0.0,0.0,0.7,13.0,198.7,23789.0,45004.0,20.4,16.660000000000004,44.8,30.053999999999995,10.016000000000002,183.4,0.0,0.0,
2026-04-20T22:26:00,04/20/202610:26,20.5,0.0,0.0,51.81,0.0,0.0,0.0,0.7,13.0,198.7,23789.0,45004.0,20.4,16.630000000000003,44.9,30.057,9.948,183.2,0.0,0.0,
2026-04-20T22:27:00,04/20/202610:27,20.5,0.0,0.0,51.81,0.0,0.0,0.0,0.7,13.0,198.7,23789.0,45004.0,20.4,16.6,45.0,30.059999999999995,9.88,183.0,0.0,0.0,
2026-04-20T22:28:00,04/20/202610:28,20.5,0.0,0.0,51.8,0.0,0.0,0.0,0.7,13.0,198.7,23789.0,45004.0,20.4,16.6,45.0,30.059999999999995,9.88,183.0,0.0,0.0,
2026-04-20T22:29:00,04/20/202610:29,20.5,0.0,0.0,51.8,0.0,0.0,0.0,0.7,13.0,198.7,23789.0,45004.0,20.4,16.6,45.0,30.059999999999995,9.88,183.0,0.0,0.0,
2026-04-20T22:30:00,04/20/202610:30,20.5,0.0,0.0,51.8,0.0,0.0,0.0,0.7,13.0,198.7,23789.0,45004.0,20.4,16.580000000000002,45.0,30.059999999999995,9.830000000000002,182.8,0.0,0.0,
2026-04-20T22:30:08,04/20/202610:30,20.490000000000002,0.0,0.0,51.8,0.0,0.0,0.0,0.7,13.0,198.7,23789.0,45004.0,20.4,16.560000000000002,45.0,30.059999999999995,9.780000000000001,182.6,0.0,0.0,
2026-04-20T22:31:46,04/20/202610:31,20.490000000000002,0.0,0.0,51.8,0.0,0.0,0.0,0.7,13.0,198.7,23789.0,45004.0,20.4,16.520000000000003,45.5,30.059999999999995,9.712,182.6,0.0,0.0,
2026-04-20T22:32:00,04/20/202610:32,20.490000000000002,0.0,0.0,51.8,0.0,0.0,0.0,0.7,13.0,198.7,23789.0,45004.0,20.4,16.48,46.0,30.059999999999995,9.644,182.6,0.0,0.0,
2026-04-20T22:33:01,04/20/202610:33,20.490000000000002,0.0,0.0,51.8,0.0,0.0,0.0,0.7,13.0,198.7,23789.0,45004.0,20.4,16.44,46.5,30.059999999999995,9.576,182.6,0.0,0.0,
2026-04-20T22:34:00,04/20/202610:34,20.490000000000002,0.0,0.0,51.8,0.0,0.0,0.0,0.7,13.0,198.7,23789.0,45004.0,20.4,16.4,47.0,30.059999999999995,9.508,182.6,0.0,0.0,
2026-04-20T22:35:00,04/20/202610:35,20.490000000000002,0.0,0.0,51.8,0.0,0.0,0.0,0.7,13.0,198.7,23789.0,45004.0,20.4,16.36,47.5,30.059999999999995,9.440000000000001,182.6,0.0,0.0,
2026-04-20T22:36:33,04/20/202610:36,20.490000000000002,0.0,0.0,51.8,0.0,0.0,0.0,0.7,13.0,198.7,23789.0,45004.0,20.4,16.32,48.0,30.059999999999995,9.372,182.6,0.0,0.0,
2026-04-20T22:37:00,04/20/202610:37,20.490000000000002,0.0,0.0,51.8,0.0,0.0,0.0,0.7,13.0,198.7,23789.0,45004.0,20.4,16.279999999999998,48.5,30.059999999999995,9.303999999999998,182.6,0.0,0.0,
2026-04-20T22:38:00,04/20/202610:38,20.490000000000002,0.0,0.0,51.8,0.0,0.0,0.0,0.7,13.0,198.7,23789.0,45004.0,20.4,16.24,49.0,30.059999999999995,9.236,182.6,0.0,0.0,
2026-04-20T22:39:00,04/20/202610:39,20.490000000000002,0.0,0.0,51.8,0.0,0.0,0.0,0.7,13.0,198.7,23789.0,45004.0,20.4,16.22,49.5,30.059999999999995,9.218,182.8,0.0,0.0,
2026-04-20T22:40:00,04/20/202610:40,20.5,0.0,0.0,51.8,0.0,0.0,0.0,0.7,13.0,198.7,23789.0,45004.0,20.4,16.2,50.0,30.059999999999995,9.2,183.0,0.0,0.0,
2026-04-20T22:41:00,04/20/202610:41,20.5,0.0,0.0,51.8,0.0,0.0,0.0,0.7,13.0,198.7,23789.0,45004.0,20.4,16.2,50.0,30.059999999999995,9.2,183.0,0.0,0.0,
2026-04-20T22:42:01,04/20/202610:42,20.5,0.0,0.0,51.8,0.0,0.0,0.0,0.7,13.0,198.7,23789.0,45004.0,20.4,16.2,50.0,30.059999999999995,9.2,183.0,0.0,0.0,
2026-04-20T22:43:00,04/20/202610:43,20.5,0.0,0.0,51.79,0.0,0.0,0.0,0.7,13.0,198.7,23789.0,45004.0,20.4,16.2,50.0,30.059999999999995,9.2,183.0,0.0,0.0,
2026-04-20T22:44:00,04/20/202610:44,20.5,0.0,0.0,51.779999999999994,0.0,0.0,0.0,0.7,13.0,198.7,23789.0,45004.0,20.4,16.2,50.0,30.059999999999995,9.2,183.0,0.0,0.0,
2026-04-20T22:45:00,04/20/202610:45,20.5,0.0,0.0,51.779999999999994,0.0,0.0,0.0,0.7,13.0,198.7,23789.0,45004.0,20.4,16.2,50.0,30.059999999999995,9.2,183.0,0.0,0.0,
2026-04-20T22:46:00,04/20/202610:46,20.5,0.0,0.0,51.77,0.0,0.0,0.0,0.7,13.0,198.7,23789.0,45004.0,20.4,16.2,50.0,30.059999999999995,9.2,183.0,0.0,0.0,
2026-04-20T22:47:45,04/20/202610:47,20.5,0.0,0.0,51.77,0.0,0.0,0.0,0.7,13.0,198.7,23789.0,45004.0,20.4,16.169999999999998,50.2,30.059999999999995,9.161999999999999,183.4,0.0,0.0,
2026-04-20T22:48:01,04/20/202610:48,20.5,0.0,0.0,51.77,0.0,0.0,0.0,0.7,13.0,198.7,23789.0,45004.0,20.4,16.14,50.4,30.059999999999995,9.123999999999999,183.8,0.0,0.0,
2026-04-20T22:49:00,04/20/202610:49,20.5,0.0,0.0,51.77,0.0,0.0,0.0,0.7,13.0,198.7,23789.0,45004.0,20.4,16.11,50.6,30.059999999999995,9.086,184.2,0.0,0.0,
2026-04-20T22:50:01,04/20/202610:50,20.5,0.0,0.0,51.77,0.0,0.0,0.0,0.7,13.0,198.7,23789.0,45004.0,20.4,16.080000000000002,50.8,30.059999999999995,9.047999999999998,184.6,0.0,0.0,
2026-04-20T22:51:00,04/20/202610:51,20.5,0.0,0.0,51.760000000000005,0.0,0.0,0.0,0.7,13.0,198.7,23789.0,45004.0,20.4,16.05,51.0,30.059999999999995,9.01,185.0,0.0,0.0,
2026-04-20T22:52:00,04/20/202610:52,20.5,0.0,0.0,51.760000000000005,0.0,0.0,0.0,0.7,13.0,198.7,23789.0,45004.0,20.4,16.02,51.2,30.059999999999995,8.972,185.4,0.0,0.0,
2026-04-20T22:53:00,04/20/202610:53,20.5,0.0,0.0,51.77,0.0,0.0,0.0,0.7,13.0,198.7,23789.0,45004.0,20.4,15.99,51.4,30.059999999999995,8.934000000000001,185.8,0.0,0.0,
2026-04-20T22:54:00,04/20/202610:54,20.5,0.0,0.0,51.779999999999994,0.0,0.0,0.0,0.7,13.0,198.7,23789.0,45004.0,20.4,15.959999999999999,51.6,30.059999999999995,8.896,186.2,0.0,0.0,
2026-04-20T22:55:01,04/20/202610:55,20.5,0.0,0.0,51.779999999999994,0.0,0.0,0.0,0.7,13.0,198.7,23789.0,45004.0,20.4,15.930000000000001,51.8,30.059999999999995,8.858,186.6,0.0,0.0,
2026-04-20T22:56:00,04/20/202610:56,20.5,0.0,0.0,51.79,0.0,0.0,0.0,0.7,13.0,198.7,23789.0,45004.0,20.4,15.9,52.0,30.059999999999995,8.82,187.0,0.0,0.0,
2026-04-20T22:57:01,04/20/202610:57,20.5,0.0,0.0,51.79,0.0,0.0,0.0,0.7,13.0,198.7,23789.0,45004.0,20.4,15.9,52.0,30.059999999999995,8.82,187.0,0.0,0.0,
2026-04-20T22:58:56,04/20/202610:58,20.5,0.0,0.0,51.79,0.0,0.0,0.0,0.7,13.0,198.7,23789.0,45004.0,20.4,15.9,52.0,30.059999999999995,8.82,187.0,0.0,0.0,
2026-04-20T22:59:01,04/20/202610:59,20.5,0.0,0.0,51.79,0.0,0.0,0.0,0.7,13.0,198.7,23789.0,45004.0,20.4,15.9,52.0,30.059999999999995,8.82,187.0,0.0,0.0,
2026-04-20T23:00:33,04/20/202611:00,20.5,0.0,0.0,51.79,0.0,0.0,0.0,0.7,13.0,198.7,23789.0,45004.0,20.4,15.9,52.0,30.059999999999995,8.82,187.0,0.0,0.0,
2026-04-20T23:01:00,04/20/202611:01,20.5,0.0,0.0,51.8,0.0,0.0,0.0,0.7,13.0,198.7,23789.0,45004.0,20.4,15.9,52.0,30.059999999999995,8.82,187.0,0.0,0.0,
2026-04-20T23:02:01,04/20/202611:02,20.5,0.0,0.0,51.8,0.0,0.0,0.0,0.7,13.0,198.7,23789.0,45004.0,20.4,15.88,52.1,30.059999999999995,8.82,187.2,0.0,0.0,
2026-04-20T23:03:00,04/20/202611:03,20.5,0.0,0.0,51.8,0.0,0.0,0.0,0.7,13.0,198.7,23789.0,45004.0,20.4,15.86,52.2,30.059999999999995,8.82,187.4,0.0,0.0,
2026-04-20T23:04:01,04/20/202611:04,20.5,0.0,0.0,51.8,0.0,0.0,0.0,0.7,13.0,198.7,23789.0,45004.0,20.4,15.84,52.3,30.059999999999995,8.82,187.6,0.0,0.0,
2026-04-20T23:04:33,04/20/202611:04,20.490000000000002,0.0,0.0,51.8,0.0,0.0,0.0,0.7,13.0,198.7,23789.0,45004.0,20.4,15.819999999999999,52.4,30.059999999999995,8.82,187.8,0.0,0.0,
2026-04-20T23:05:00,04/20/202611:05,20.48,0.0,0.0,51.8,0.0,0.0,0.0,0.7,13.0,198.7,23789.0,45004.0,20.4,15.8,52.5,30.059999999999995,8.82,188.0,0.0,0.0,
2026-04-20T23:05:33,04/20/202611:05,20.48,0.0,0.0,51.8,0.0,0.0,0.0,0.7,13.0,198.7,23789.0,45004.0,20.4,15.780000000000001,52.6,30.059999999999995,8.82,188.2,0.0,0.0,
2026-04-20T23:06:01,04/20/202611:06,20.48,0.0,0.0,51.8,0.0,0.0,0.0,0.7,13.0,198.7,23789.0,45004.0,20.4,15.76,52.7,30.059999999999995,8.82,188.4,0.0,0.0,
2026-04-20T23:07:00,04/20/202611:07,20.48,0.0,0.0,51.8,0.0,0.0,0.0,0.7,13.0,198.7,23789.0,45004.0,20.4,15.74,52.8,30.059999999999995,8.82,188.6,0.0,0.0,
2026-04-20T23:08:01,04/20/202611:08,20.48,0.0,0.0,51.8,0.0,0.0,0.0,0.7,13.0,198.7,23789.0,45004.0,20.4,15.719999999999999,52.9,30.059999999999995,8.82,188.8,0.0,0.0,
2026-04-20T23:10:07,04/20/202611:10,20.48,0.0,0.0,51.8,0.0,0.0,0.0,0.7,13.0,198.7,23789.0,45004.0,20.4,15.7,53.0,30.059999999999995,8.82,189.0,0.0,0.0,
2026-04-20T23:10:33,04/20/202611:10,20.47,0.0,0.0,51.8,0.0,0.0,0.0,0.7,13.0,198.7,23789.0,45004.0,20.4,15.7,53.0,30.059999999999995,8.82,189.0,0.0,0.0,
2026-04-20T23:11:00,04/20/202611:11,20.46,0.0,0.0,51.8,0.0,0.0,0.0,0.7,13.0,198.7,23789.0,45004.0,20.4,15.7,53.0,30.059999999999995,8.82,189.0,0.0,0.0,
2026-04-20T23:11:33,04/20/202611:11,20.46,0.0,0.0,51.79,0.0,0.0,0.0,0.7,13.0,198.7,23789.0,45004.0,20.4,15.7,53.0,30.059999999999995,8.82,189.0,0.0,0.0,
2026-04-20T23:12:01,04/20/202611:12,20.47,0.0,0.0,51.779999999999994,0.0,0.0,0.0,0.7,13.0,198.7,23789.0,45004.0,20.4,15.7,53.0,30.059999999999995,8.82,189.0,0.0,0.0,
2026-04-20T23:13:01,04/20/202611:13,20.48,0.0,0.0,51.779999999999994,0.0,0.0,0.0,0.7,13.0,198.7,23789.0,45004.0,20.4,15.7,53.0,30.059999999999995,8.82,189.0,0.0,0.0,
2026-04-20T23:13:33,04/20/202611:13,20.47,0.0,0.0,51.77,0.0,0.0,0.0,0.7,13.0,198.7,23789.0,45004.0,20.4,15.7,53.0,30.059999999999995,8.82,189.0,0.0,0.0,
2026-04-20T23:14:01,04/20/202611:14,20.46,0.0,0.0,51.760000000000005,0.0,0.0,0.0,0.7,13.0,198.7,23789.0,45004.0,20.4,15.7,53.0,30.059999999999995,8.82,189.0,0.0,0.0,
2026-04-20T23:14:15,04/20/202611:14,20.46,0.0,0.0,51.75,0.0,0.0,0.0,0.7,13.0,198.7,23789.0,45004.0,20.4,15.7,53.0,30.059999999999995,8.82,189.0,0.0,0.0,
2026-04-20T23:15:01,04/20/202611:15,20.46,0.0,0.0,51.739999999999995,0.0,0.0,0.0,0.7,13.0,198.7,23789.0,45004.0,20.4,15.7,53.0,30.059999999999995,8.82,189.0,0.0,0.0,
2026-04-20T23:16:01,04/20/202611:16,20.46,0.0,0.0,51.73,0.0,0.0,0.0,0.7,13.0,198.7,23789.0,45004.0,20.4,15.7,53.0,30.059999999999995,8.82,189.0,0.0,0.0,
2026-04-20T23:17:01,04/20/202611:17,20.47,0.0,0.0,51.73,0.0,0.0,0.0,0.7,13.0,198.7,23789.0,45004.0,20.4,15.690000000000001,53.0,30.059999999999995,8.889,188.9,0.0,0.0,
2026-04-20T23:18:01,04/20/202611:18,20.48,0.0,0.0,51.720000000000006,0.0,0.0,0.0,0.7,13.0,198.7,23789.0,45004.0,20.4,15.679999999999998,53.0,30.059999999999995,8.958,188.8,0.0,0.0,
2026-04-20T23:19:01,04/20/202611:19,20.48,0.0,0.0,51.73,0.0,0.0,0.0,0.7,13.0,198.7,23789.0,45004.0,20.4,15.669999999999998,53.0,30.059999999999995,9.027,188.7,0.0,0.0,
2026-04-20T23:22:17,04/20/202611:22,20.48,0.0,0.0,51.739999999999995,0.0,0.0,0.0,0.7,13.0,198.7,23789.0,45004.0,20.4,15.66,53.0,30.059999999999995,9.096,188.6,0.0,0.0,
2026-04-20T23:23:01,04/20/202611:23,20.48,0.0,0.0,51.739999999999995,0.0,0.0,0.0,0.7,13.0,198.7,23789.0,45004.0,20.4,15.65,53.0,30.059999999999995,9.165000000000001,188.5,0.0,0.0,
2026-04-20T23:24:00,04/20/202611:24,20.490000000000002,0.0,0.0,51.739999999999995,0.0,0.0,0.0,0.7,13.0,198.7,23789.0,45004.0,20.4,15.64,53.0,30.059999999999995,9.234,188.4,0.0,0.0,
2026-04-20T23:25:01,04/20/202611:25,20.5,0.0,0.0,51.739999999999995,0.0,0.0,0.0,0.7,13.0,198.7,23789.0,45004.0,20.4,15.629999999999999,53.0,30.059999999999995,9.303,188.3,0.0,0.0,
2026-04-20T23:26:00,04/20/202611:26,20.5,0.0,0.0,51.75,0.0,0.0,0.0,0.7,13.0,198.7,23789.0,45004.0,20.4,15.62,53.0,30.059999999999995,9.372,188.2,0.0,0.0,
2026-04-20T23:26:18,04/20/202611:26,20.490000000000002,0.0,0.0,51.760000000000005,0.0,0.0,0.0,0.7,13.0,198.7,23789.0,45004.0,20.4,15.61,53.0,30.059999999999995,9.440999999999999,188.1,0.0,0.0,
2026-04-20T23:27:01,04/20/202611:27,20.48,0.0,0.0,51.77,0.0,0.0,0.0,0.7,13.0,198.7,23789.0,45004.0,20.4,15.6,53.0,30.059999999999995,9.51,188.0,0.0,0.0,
2026-04-20T23:27:18,04/20/202611:27,20.48,0.0,0.0,51.77,0.0,0.0,0.0,0.7,13.0,198.7,23789.0,45004.0,20.4,15.6,53.0,30.059999999999995,9.51,188.0,0.0,0.0,
2026-04-20T23:28:00,04/20/202611:28,20.48,0.0,0.0,51.779999999999994,0.0,0.0,0.0,0.7,13.0,198.7,23789.0,45004.0,20.4,15.6,53.0,30.059999999999995,9.51,188.0,0.0,0.0,
2026-04-20T23:29:01,04/20/202611:29,20.48,0.0,0.0,51.77,0.0,0.0,0.0,0.7,13.0,198.7,23789.0,45004.0,20.4,15.6,53.0,30.059999999999995,9.51,188.0,0.0,0.0,
2026-04-20T23:30:00,04/20/202611:30,20.48,0.0,0.0,51.760000000000005,0.0,0.0,0.0,0.7,13.0,198.7,23789.0,45004.0,20.4,15.55,53.0,30.059999999999995,9.51,188.0,0.0,0.0,
2026-04-20T23:31:00,04/20/202611:31,20.48,0.0,0.0,51.75,0.0,0.0,0.0,0.7,13.0,198.7,23789.0,45004.0,20.4,15.5,53.0,30.059999999999995,9.41,187.2,0.0,0.0,
2026-04-20T23:32:29,04/20/202611:32,20.47,0.0,0.0,51.75,0.0,0.0,0.0,0.7,13.0,198.7,23789.0,45004.0,20.4,15.430000000000001,52.9,30.059999999999995,9.309999999999999,186.7,0.0,0.0,
2026-04-20T23:33:00,04/20/202611:33,20.46,0.0,0.0,51.75,0.0,0.0,0.0,0.7,13.0,198.7,23789.0,45004.0,20.4,15.36,52.8,30.059999999999995,9.209999999999999,186.2,0.0,0.0,
2026-04-20T23:34:00,04/20/202611:34,20.45,0.0,0.0,51.739999999999995,0.0,0.0,0.0,0.7,13.0,198.7,23789.0,45004.0,20.4,15.290000000000001,52.7,30.059999999999995,9.11,185.7,0.0,0.0,
2026-04-20T23:34:11,04/20/202611:34,20.46,0.0,0.0,51.739999999999995,0.0,0.0,0.0,0.7,13.0,198.7,23789.0,45004.0,20.4,15.219999999999999,52.6,30.059999999999995,9.01,185.2,0.0,0.0,
2026-04-20T23:34:38,04/20/202611:34,20.46,0.0,0.0,51.739999999999995,0.0,0.0,0.0,0.7,13.0,198.7,23789.0,45004.0,20.4,15.15,52.5,30.059999999999995,8.91,184.7,0.0,0.0,
2026-04-20T23:34:59,04/20/202611:34,20.46,0.0,0.0,51.73,0.0,0.0,0.0,0.7,13.0,198.7,23789.0,45004.0,20.4,15.080000000000002,52.4,30.059999999999995,8.809999999999999,184.2,0.0,0.0,
2026-04-20T23:35:00,04/20/202611:35,20.46,0.0,0.0,51.720000000000006,0.0,0.0,0.0,0.7,13.0,198.7,23789.0,45004.0,20.4,15.01,52.3,30.059999999999995,8.709999999999999,183.7,0.0,0.0,
2026-04-20T23:36:00,04/20/202611:36,20.46,0.0,0.0,51.720000000000006,0.0,0.0,0.0,0.7,13.0,198.7,23789.0,45004.0,20.4,14.940000000000001,52.2,30.059999999999995,8.61,183.2,0.0,0.0,
2026-04-20T23:37:00,04/20/202611:37,20.46,0.0,0.0,51.720000000000006,0.0,0.0,0.0,0.7,13.0,198.7,23789.0,45004.0,20.4,14.919999999999998,52.1,30.059999999999995,8.51,182.7,0.0,0.0,
2026-04-20T23:38:00,04/20/202611:38,20.46,0.0,0.0,51.720000000000006,0.0,0.0,0.0,0.7,13.0,198.7,23789.0,45004.0,20.4,14.9,52.0,30.059999999999995,8.51,183.0,0.0,0.0,
2026-04-20T23:39:00,04/20/202611:39,20.47,0.0,0.0,51.720000000000006,0.0,0.0,0.0,0.7,13.0,198.7,23789.0,45004.0,20.4,14.9,52.0,30.059999999999995,8.51,183.0,0.0,0.0,
2026-04-20T23:40:00,04/20/202611:40,20.48,0.0,0.0,51.720000000000006,0.0,0.0,0.0,0.7,13.0,198.7,23789.0,45004.0,20.3,14.9,52.0,30.059999999999995,8.51,183.0,0.0,0.0,
2026-04-20T23:41:00,04/20/202611:41,20.490000000000002,0.0,0.0,51.720000000000006,0.0,0.0,0.0,0.7,13.0,198.7,23789.0,45004.0,20.4,14.9,52.0,30.059999999999995,8.51,183.0,0.0,0.0,
2026-04-20T23:43:41,04/20/202611:43,20.490000000000002,0.0,0.0,51.71,0.0,0.0,0.0,0.7,13.0,198.7,23789.0,45004.0,20.4,14.9,52.0,30.059999999999995,8.51,183.0,0.0,0.0,
2026-04-20T23:44:01,04/20/202611:44,20.5,0.0,0.0,51.7,0.0,0.0,0.0,0.7,13.0,198.7,23789.0,45004.0,20.4,14.9,52.0,30.059999999999995,8.51,183.0,0.0,0.0,
2026-04-20T23:44:18,04/20/202611:44,20.490000000000002,0.0,0.0,51.7,0.0,0.0,0.0,0.7,13.0,198.7,23789.0,45004.0,20.4,14.9,52.0,30.059999999999995,8.51,183.0,0.0,0.0,
2026-04-20T23:45:01,04/20/202611:45,20.48,0.0,0.0,51.7,0.0,0.0,0.0,0.7,13.0,198.7,23789.0,45004.0,20.4,14.9,52.0,30.059999999999995,8.51,183.0,0.0,0.0,
2026-04-20T23:45:19,04/20/202611:45,20.48,0.0,0.0,51.7,0.0,0.0,0.0,0.7,13.0,198.7,23789.0,45004.0,20.4,14.9,52.0,30.059999999999995,8.51,183.0,0.0,0.0,
2026-04-20T23:46:00,04/20/202611:46,20.48,0.0,0.0,51.7,0.0,0.0,0.0,0.7,13.0,198.7,23789.0,45004.0,20.4,14.9,52.0,30.059999999999995,8.51,183.0,0.0,0.0,
2026-04-20T23:47:01,04/20/202611:47,20.48,0.0,0.0,51.7,0.0,0.0,0.0,0.7,13.0,198.7,23789.0,45004.0,20.4,14.89,52.0,30.059999999999995,8.559999999999999,183.4,0.0,0.0,
2026-04-20T23:47:19,04/20/202611:47,20.47,0.0,0.0,51.7,0.0,0.0,0.0,0.7,13.0,198.7,23789.0,45004.0,20.4,14.88,52.0,30.059999999999995,8.61,183.8,0.0,0.0,
2026-04-20T23:48:00,04/20/202611:48,20.46,0.0,0.0,51.7,0.0,0.0,0.0,0.7,13.0,198.7,23789.0,45004.0,20.4,14.870000000000001,52.0,30.059999999999995,8.66,184.2,0.0,0.0,
2026-04-20T23:48:18,04/20/202611:48,20.46,0.0,0.0,51.7,0.0,0.0,0.0,0.7,13.0,198.7,23789.0,45004.0,20.3,14.86,52.0,30.059999999999995,8.709999999999999,184.6,0.0,0.0,
2026-04-20T23:49:01,04/20/202611:49,20.46,0.0,0.0,51.7,0.0,0.0,0.0,0.7,13.0,198.7,23789.0,45004.0,20.3,14.85,52.0,30.059999999999995,8.76,185.0,0.0,0.0,
2026-04-20T23:50:00,04/20/202611:50,20.46,0.0,0.0,51.7,0.0,0.0,0.0,0.7,13.0,198.7,23789.0,45004.0,20.4,14.84,52.0,30.059999999999995,8.809999999999999,185.4,0.0,0.0,
2026-04-20T23:50:19,04/20/202611:50,20.46,0.0,0.0,51.7,0.0,0.0,0.0,0.7,13.0,198.7,23789.0,45004.0,20.4,14.830000000000002,52.0,30.059999999999995,8.86,185.8,0.0,0.0,
2026-04-20T23:51:01,04/20/202611:51,20.46,0.0,0.0,51.7,0.0,0.0,0.0,0.7,13.0,198.7,23789.0,45004.0,20.4,14.820000000000002,52.0,30.059999999999995,8.91,186.2,0.0,0.0,
2026-04-20T23:51:19,04/20/202611:51,20.46,0.0,0.0,51.69,0.0,0.0,0.0,0.7,13.0,198.7,23789.0,45004.0,20.4,14.809999999999999,52.0,30.059999999999995,8.959999999999999,186.6,0.0,0.0,
2026-04-20T23:52:01,04/20/202611:52,20.46,0.0,0.0,51.68000000000001,0.0,0.0,0.0,0.7,13.0,198.7,23789.0,45004.0,20.4,14.8,52.0,30.059999999999995,9.01,187.0,0.0,0.0,
2026-04-20T23:53:01,04/20/202611:53,20.46,0.0,0.0,51.68000000000001,0.0,0.0,0.0,0.7,13.0,198.7,23789.0,45004.0,20.4,14.8,52.0,30.059999999999995,9.01,187.0,0.0,0.0,
2026-04-20T23:54:53,04/20/202611:54,20.47,0.0,0.0,51.68000000000001,0.0,0.0,0.0,0.7,13.0,198.7,23789.0,45004.0,20.4,14.8,52.0,30.059999999999995,9.01,187.0,0.0,0.0,
2026-04-20T23:55:01,04/20/202611:55,20.48,0.0,0.0,51.68000000000001,0.0,0.0,0.0,0.7,13.0,198.7,23789.0,45004.0,20.4,14.8,52.0,30.059999999999995,9.01,187.0,0.0,0.0,
2026-04-20T23:56:01,04/20/202611:56,20.48,0.0,0.0,51.68000000000001,0.0,0.0,0.0,0.7,13.0,198.7,23789.0,45004.0,20.3,14.8,52.0,30.059999999999995,9.01,187.0,0.0,0.0,
2026-04-20T23:57:00,04/20/202611:57,20.48,0.0,0.0,51.68000000000001,0.0,0.0,0.0,0.7,13.0,198.7,23789.0,45004.0,20.3,14.8,52.0,30.059999999999995,9.01,187.0,0.0,0.0,
2026-04-20T23:58:01,04/20/202611:58,20.48,0.0,0.0,51.68000000000001,0.0,0.0,0.0,0.7,13.0,198.7,23789.0,45004.0,20.3,14.8,52.0,30.059999999999995,9.01,187.0,0.0,0.0,
2026-04-20T23:58:20,04/20/202611:58,20.48,0.0,0.0,51.68000000000001,0.0,0.0,0.0,0.7,13.0,198.7,23789.0,45004.0,20.3,14.8,52.0,30.059999999999995,9.01,187.0,0.0,0.0,
2026-04-20T23:59:01,04/20/202611:59,20.48,0.0,0.0,51.68000000000001,0.0,0.0,0.0,0.7,13.0,198.7,23789.0,45004.0,20.3,14.8,52.0,30.059999999999995,9.01,187.0,0.0,0.0,
