timestamp,HMI_Timestamp,PV_Voltage_V,PV_Current_A,PV_Power_W,Battery_Voltage_V,Battery_Current_A,Battery_Power_W,Avg_Power_to_Battery_W,Daily_Energy_kWh,Daily_Charge_Ah,History_Max_Input_Voltage_V,Lifetime_Energy_Gen_kWh,Lifetime_Charge_Ah,Battery_Temp_C,Air_Temp_C,Humidity_pct,Air_Pressure_inHg,Wind_Speed_ms,Wind_Direction_deg,Solar_Irradiance_Wm2,UV_Index,Est_Efficiency
2026-04-25T00:00:00,04/25/202600:00,20.439999999999998,0.0,0.0,51.7,0.0,0.0,0.0,0.9,16.0,198.7,23819.0,45062.0,18.3,15.8,89.0,29.74,4.47,63.0,0.0,0.0,
2026-04-25T00:00:23,04/25/202600:00,20.439999999999998,0.0,0.0,51.7,0.0,0.0,0.0,0.0,0.0,198.7,23828.0,45078.0,18.3,15.8,89.0,29.74,4.47,63.0,0.0,0.0,
2026-04-25T00:01:01,04/25/202600:01,20.439999999999998,0.0,0.0,51.7,0.0,0.0,0.0,0.0,0.0,198.7,23828.0,45078.0,18.3,15.8,89.0,29.74,4.47,63.0,0.0,0.0,
2026-04-25T00:01:23,04/25/202600:01,20.439999999999998,0.0,0.0,51.7,0.0,0.0,0.0,0.0,0.0,198.7,23828.0,45078.0,18.3,15.790000000000001,89.1,29.74,4.52,63.0,0.0,0.0,
2026-04-25T00:02:00,04/25/202600:02,20.439999999999998,0.0,0.0,51.7,0.0,0.0,0.0,0.0,0.0,198.7,23828.0,45078.0,18.3,15.780000000000001,89.2,29.74,4.569999999999999,63.0,0.0,0.0,
2026-04-25T00:02:23,04/25/202600:02,20.439999999999998,0.0,0.0,51.7,0.0,0.0,0.0,0.0,0.0,198.7,23828.0,45078.0,18.3,15.77,89.3,29.74,4.619999999999999,63.0,0.0,0.0,
2026-04-25T00:03:01,04/25/202600:03,20.439999999999998,0.0,0.0,51.7,0.0,0.0,0.0,0.0,0.0,198.7,23828.0,45078.0,18.3,15.76,89.4,29.74,4.67,63.0,0.0,0.0,
2026-04-25T00:04:00,04/25/202600:04,20.45,0.0,0.0,51.7,0.0,0.0,0.0,0.0,0.0,198.7,23828.0,45078.0,18.3,15.75,89.5,29.74,4.72,63.0,0.0,0.0,
2026-04-25T00:04:41,04/25/202600:04,20.45,0.0,0.0,51.7,0.0,0.0,0.0,0.0,0.0,198.7,23828.0,45078.0,18.3,15.74,89.6,29.74,4.77,63.0,0.0,0.0,
2026-04-25T00:05:01,04/25/202600:05,20.45,0.0,0.0,51.7,0.0,0.0,0.0,0.0,0.0,198.7,23828.0,45078.0,18.3,15.73,89.7,29.74,4.819999999999999,63.0,0.0,0.0,
2026-04-25T00:05:57,04/25/202600:05,20.46,0.0,0.0,51.69,0.0,0.0,0.0,0.0,0.0,198.7,23828.0,45078.0,18.3,15.719999999999999,89.8,29.74,4.869999999999999,63.0,0.0,0.0,
2026-04-25T00:06:00,04/25/202600:06,20.46,0.0,0.0,51.68000000000001,0.0,0.0,0.0,0.0,0.0,198.7,23828.0,45078.0,18.3,15.709999999999999,89.9,29.74,4.92,63.0,0.0,0.0,
2026-04-25T00:07:01,04/25/202600:07,20.46,0.0,0.0,51.68000000000001,0.0,0.0,0.0,0.0,0.0,198.7,23828.0,45078.0,18.3,15.7,90.0,29.74,4.97,63.0,0.0,0.0,
2026-04-25T00:07:56,04/25/202600:07,20.46,0.0,0.0,51.68000000000001,0.0,0.0,0.0,0.0,0.0,198.7,23828.0,45078.0,18.3,15.7,90.0,29.74,4.97,63.0,0.0,0.0,
2026-04-25T00:08:00,04/25/202600:08,20.46,0.0,0.0,51.68000000000001,0.0,0.0,0.0,0.0,0.0,198.7,23828.0,45078.0,18.3,15.7,90.0,29.74,4.97,63.0,0.0,0.0,
2026-04-25T00:09:01,04/25/202600:09,20.45,0.0,0.0,51.68000000000001,0.0,0.0,0.0,0.0,0.0,198.7,23828.0,45078.0,18.3,15.7,90.0,29.74,4.97,63.0,0.0,0.0,
2026-04-25T00:11:05,04/25/202600:11,20.45,0.0,0.0,51.67,0.0,0.0,0.0,0.0,0.0,198.7,23828.0,45078.0,18.3,15.7,90.0,29.74,4.97,63.0,0.0,0.0,
2026-04-25T00:12:52,04/25/202600:12,20.45,0.0,0.0,51.67,0.0,0.0,0.0,0.0,0.0,198.7,23828.0,45078.0,18.3,15.7,90.0,29.74,4.97,63.0,0.0,0.0,
2026-04-25T00:13:01,04/25/202600:13,20.46,0.0,0.0,51.67,0.0,0.0,0.0,0.0,0.0,198.7,23828.0,45078.0,18.3,15.7,90.0,29.74,4.97,63.0,0.0,0.0,
2026-04-25T00:14:01,04/25/202600:14,20.47,0.0,0.0,51.660000000000004,0.0,0.0,0.0,0.0,0.0,198.7,23828.0,45078.0,18.3,15.7,90.0,29.74,4.97,63.0,0.0,0.0,
2026-04-25T00:14:52,04/25/202600:14,20.46,0.0,0.0,51.660000000000004,0.0,0.0,0.0,0.0,0.0,198.7,23828.0,45078.0,18.3,15.7,90.0,29.74,4.97,63.0,0.0,0.0,
2026-04-25T00:15:01,04/25/202600:15,20.45,0.0,0.0,51.660000000000004,0.0,0.0,0.0,0.0,0.0,198.7,23828.0,45078.0,18.3,15.7,90.0,29.74,4.97,63.0,0.0,0.0,
2026-04-25T00:16:01,04/25/202600:16,20.439999999999998,0.0,0.0,51.65,0.0,0.0,0.0,0.0,0.0,198.7,23828.0,45078.0,18.3,15.7,90.1,29.74,4.964,62.7,0.0,0.0,
2026-04-25T00:17:01,04/25/202600:17,20.439999999999998,0.0,0.0,51.65,0.0,0.0,0.0,0.0,0.0,198.7,23828.0,45078.0,18.3,15.7,90.2,29.74,4.958,62.4,0.0,0.0,
2026-04-25T00:17:52,04/25/202600:17,20.45,0.0,0.0,51.65,0.0,0.0,0.0,0.0,0.0,198.7,23828.0,45078.0,18.3,15.7,90.3,29.74,4.952,62.1,0.0,0.0,
2026-04-25T00:18:01,04/25/202600:18,20.46,0.0,0.0,51.65,0.0,0.0,0.0,0.0,0.0,198.7,23828.0,45078.0,18.3,15.7,90.4,29.74,4.946,61.8,0.0,0.0,
2026-04-25T00:19:01,04/25/202600:19,20.46,0.0,0.0,51.660000000000004,0.0,0.0,0.0,0.0,0.0,198.7,23828.0,45078.0,18.4,15.7,90.5,29.74,4.9399999999999995,61.5,0.0,0.0,
2026-04-25T00:19:52,04/25/202600:19,20.45,0.0,0.0,51.660000000000004,0.0,0.0,0.0,0.0,0.0,198.7,23828.0,45078.0,18.3,15.7,90.6,29.74,4.934,61.2,0.0,0.0,
2026-04-25T00:20:01,04/25/202600:20,20.439999999999998,0.0,0.0,51.660000000000004,0.0,0.0,0.0,0.0,0.0,198.7,23828.0,45078.0,18.3,15.7,90.7,29.74,4.928,60.9,0.0,0.0,
2026-04-25T00:27:08,04/25/202600:27,20.439999999999998,0.0,0.0,51.67,0.0,0.0,0.0,0.0,0.0,198.7,23828.0,45078.0,18.3,15.7,90.8,29.74,4.922,60.6,0.0,0.0,
2026-04-25T00:28:00,04/25/202600:28,20.45,0.0,0.0,51.68000000000001,0.0,0.0,0.0,0.0,0.0,198.7,23828.0,45078.0,18.3,15.7,90.9,29.74,4.916,60.3,0.0,0.0,
2026-04-25T00:29:01,04/25/202600:29,20.46,0.0,0.0,51.69,0.0,0.0,0.0,0.0,0.0,198.7,23828.0,45078.0,18.3,15.679999999999998,91.0,29.74,4.898000000000001,60.2,0.0,0.0,
2026-04-25T00:30:00,04/25/202600:30,20.47,0.0,0.0,51.7,0.0,0.0,0.0,0.0,0.0,198.7,23828.0,45078.0,18.3,15.66,91.0,29.74,4.886,60.4,0.0,0.0,
2026-04-25T00:30:52,04/25/202600:30,20.47,0.0,0.0,51.7,0.0,0.0,0.0,0.0,0.0,198.7,23828.0,45078.0,18.3,15.64,91.0,29.74,4.911,61.6,0.0,0.0,
2026-04-25T00:31:00,04/25/202600:31,20.46,0.0,0.0,51.7,0.0,0.0,0.0,0.0,0.0,198.7,23828.0,45078.0,18.3,15.62,91.0,29.74,4.936,62.8,0.0,0.0,
2026-04-25T00:32:53,04/25/202600:32,20.45,0.0,0.0,51.7,0.0,0.0,0.0,0.0,0.0,198.7,23828.0,45078.0,18.3,15.6,91.1,29.737000000000002,4.961,64.0,0.0,0.0,
2026-04-25T00:33:01,04/25/202600:33,20.439999999999998,0.0,0.0,51.7,0.0,0.0,0.0,0.0,0.0,198.7,23828.0,45078.0,18.3,15.580000000000002,91.2,29.733999999999998,4.986,65.2,0.0,0.0,
2026-04-25T00:34:00,04/25/202600:34,20.439999999999998,0.0,0.0,51.7,0.0,0.0,0.0,0.0,0.0,198.7,23828.0,45078.0,18.3,15.559999999999999,91.3,29.731,5.011,66.4,0.0,0.0,
2026-04-25T00:35:01,04/25/202600:35,20.439999999999998,0.0,0.0,51.69,0.0,0.0,0.0,0.0,0.0,198.7,23828.0,45078.0,18.3,15.540000000000001,91.4,29.727999999999998,5.036,67.6,0.0,0.0,
2026-04-25T00:36:00,04/25/202600:36,20.43,0.0,0.0,51.69,0.0,0.0,0.0,0.0,0.0,198.7,23828.0,45078.0,18.3,15.52,91.5,29.725,5.061,68.8,0.0,0.0,
2026-04-25T01:09:58,04/25/202601:09,20.419999999999998,0.0,0.0,51.69,0.0,0.0,0.0,0.0,0.0,198.7,23828.0,45078.0,18.2,15.49,91.6,29.722,5.049,69.0,0.0,0.0,
2026-04-25T01:10:00,04/25/202601:10,20.41,0.0,0.0,51.69,0.0,0.0,0.0,0.0,0.0,198.7,23828.0,45078.0,18.2,15.48,91.7,29.719,5.049,69.0,0.0,0.0,
2026-04-25T01:11:00,04/25/202601:11,20.4,0.0,0.0,51.68000000000001,0.0,0.0,0.0,0.0,0.0,198.7,23828.0,45078.0,18.3,15.469999999999999,91.8,29.716,5.049,69.0,0.0,0.0,
2026-04-25T01:11:31,04/25/202601:11,20.41,0.0,0.0,51.68000000000001,0.0,0.0,0.0,0.0,0.0,198.7,23828.0,45078.0,18.3,15.459999999999999,91.9,29.713,5.0120000000000005,68.0,0.0,0.0,
2026-04-25T01:12:00,04/25/202601:12,20.419999999999998,0.0,0.0,51.68000000000001,0.0,0.0,0.0,0.0,0.0,198.7,23828.0,45078.0,18.3,15.45,92.0,29.71,4.975,67.0,0.0,0.0,
2026-04-25T01:13:00,04/25/202601:13,20.43,0.0,0.0,51.67,0.0,0.0,0.0,0.0,0.0,198.7,23828.0,45078.0,18.2,15.440000000000001,92.0,29.71,4.938000000000001,66.0,0.0,0.0,
2026-04-25T01:13:31,04/25/202601:13,20.43,0.0,0.0,51.660000000000004,0.0,0.0,0.0,0.0,0.0,198.7,23828.0,45078.0,18.3,15.430000000000001,92.0,29.71,4.901,65.0,0.0,0.0,
2026-04-25T01:14:00,04/25/202601:14,20.43,0.0,0.0,51.65,0.0,0.0,0.0,0.0,0.0,198.7,23828.0,45078.0,18.3,15.419999999999998,92.0,29.71,4.864,64.0,0.0,0.0,
2026-04-25T01:15:00,04/25/202601:15,20.43,0.0,0.0,51.65,0.0,0.0,0.0,0.0,0.0,198.7,23828.0,45078.0,18.2,15.41,92.0,29.71,4.827,63.0,0.0,0.0,
2026-04-25T01:16:01,04/25/202601:16,20.43,0.0,0.0,51.65,0.0,0.0,0.0,0.0,0.0,198.7,23828.0,45078.0,18.3,15.4,92.0,29.71,4.79,62.0,0.0,0.0,
2026-04-25T01:16:32,04/25/202601:16,20.439999999999998,0.0,0.0,51.65,0.0,0.0,0.0,0.0,0.0,198.7,23828.0,45078.0,18.2,15.4,92.0,29.71,4.87,62.5,0.0,0.0,
2026-04-25T01:17:00,04/25/202601:17,20.45,0.0,0.0,51.65,0.0,0.0,0.0,0.0,0.0,198.7,23828.0,45078.0,18.2,15.4,92.0,29.71,4.95,63.0,0.0,0.0,
2026-04-25T01:17:31,04/25/202601:17,20.45,0.0,0.0,51.65,0.0,0.0,0.0,0.0,0.0,198.7,23828.0,45078.0,18.3,15.4,92.0,29.71,5.029999999999999,63.5,0.0,0.0,
2026-04-25T01:18:00,04/25/202601:18,20.439999999999998,0.0,0.0,51.64,0.0,0.0,0.0,0.0,0.0,198.7,23828.0,45078.0,18.3,15.4,92.0,29.71,5.11,64.0,0.0,0.0,
2026-04-25T01:19:00,04/25/202601:19,20.43,0.0,0.0,51.63000000000001,0.0,0.0,0.0,0.0,0.0,198.7,23828.0,45078.0,18.3,15.4,92.0,29.71,5.1899999999999995,64.5,0.0,0.0,
2026-04-25T01:21:10,04/25/202601:21,20.419999999999998,0.0,0.0,51.63000000000001,0.0,0.0,0.0,0.0,0.0,198.7,23828.0,45078.0,18.2,15.4,92.0,29.71,5.2700000000000005,65.0,0.0,0.0,
2026-04-25T01:22:00,04/25/202601:22,20.419999999999998,0.0,0.0,51.63000000000001,0.0,0.0,0.0,0.0,0.0,198.7,23828.0,45078.0,18.2,15.4,92.0,29.71,5.35,65.5,0.0,0.0,
2026-04-25T01:23:01,04/25/202601:23,20.419999999999998,0.0,0.0,51.63000000000001,0.0,0.0,0.0,0.0,0.0,198.7,23828.0,45078.0,18.2,15.4,92.0,29.71,5.43,66.0,0.0,0.0,
2026-04-25T01:24:00,04/25/202601:24,20.419999999999998,0.0,0.0,51.63000000000001,0.0,0.0,0.0,0.0,0.0,198.7,23828.0,45078.0,18.2,15.4,92.0,29.71,5.51,66.5,0.0,0.0,
2026-04-25T01:25:01,04/25/202601:25,20.419999999999998,0.0,0.0,51.620000000000005,0.0,0.0,0.0,0.0,0.0,198.7,23828.0,45078.0,18.3,15.4,92.0,29.71,5.59,67.0,0.0,0.0,
2026-04-25T01:26:00,04/25/202601:26,20.41,0.0,0.0,51.6,0.0,0.0,0.0,0.0,0.0,198.7,23828.0,45078.0,18.2,15.4,92.0,29.71,5.59,67.0,0.0,0.0,
2026-04-25T01:27:01,04/25/202601:27,20.4,0.0,0.0,51.589999999999996,0.0,0.0,0.0,0.0,0.0,198.7,23828.0,45078.0,18.3,15.4,92.0,29.71,5.59,67.0,0.0,0.0,
2026-04-25T01:28:00,04/25/202601:28,20.4,0.0,0.0,51.589999999999996,0.0,0.0,0.0,0.0,0.0,198.7,23828.0,45078.0,18.3,15.4,92.0,29.71,5.59,67.0,0.0,0.0,
2026-04-25T01:29:15,04/25/202601:29,20.4,0.0,0.0,51.589999999999996,0.0,0.0,0.0,0.0,0.0,198.7,23828.0,45078.0,18.3,15.4,92.0,29.71,5.59,67.0,0.0,0.0,
2026-04-25T01:30:00,04/25/202601:30,20.4,0.0,0.0,51.6,0.0,0.0,0.0,0.0,0.0,198.7,23828.0,45078.0,18.2,15.4,92.0,29.71,5.59,67.0,0.0,0.0,
2026-04-25T01:31:00,04/25/202601:31,20.4,0.0,0.0,51.61,0.0,0.0,0.0,0.0,0.0,198.7,23828.0,45078.0,18.2,15.4,92.0,29.71,5.59,67.0,0.0,0.0,
2026-04-25T01:32:21,04/25/202601:32,20.4,0.0,0.0,51.61,0.0,0.0,0.0,0.0,0.0,198.7,23828.0,45078.0,18.2,15.4,92.0,29.71,5.665,67.5,0.0,0.0,
2026-04-25T01:33:00,04/25/202601:33,20.4,0.0,0.0,51.620000000000005,0.0,0.0,0.0,0.0,0.0,198.7,23828.0,45078.0,18.2,15.4,92.0,29.71,5.74,68.0,0.0,0.0,
2026-04-25T01:34:01,04/25/202601:34,20.4,0.0,0.0,51.620000000000005,0.0,0.0,0.0,0.0,0.0,198.7,23828.0,45078.0,18.2,15.330000000000002,92.0,29.71,5.7589999999999995,67.5,0.0,0.0,
2026-04-25T01:34:47,04/25/202601:34,20.389999999999997,0.0,0.0,51.620000000000005,0.0,0.0,0.0,0.0,0.0,198.7,23828.0,45078.0,18.3,15.26,92.0,29.71,5.7780000000000005,67.0,0.0,0.0,
2026-04-25T01:35:00,04/25/202601:35,20.38,0.0,0.0,51.63000000000001,0.0,0.0,0.0,0.0,0.0,198.7,23828.0,45078.0,18.3,15.190000000000001,92.0,29.71,5.797,66.5,0.0,0.0,
2026-04-25T01:36:15,04/25/202601:36,20.38,0.0,0.0,51.63000000000001,0.0,0.0,0.0,0.0,0.0,198.7,23828.0,45078.0,18.2,15.12,92.0,29.71,5.816,66.0,0.0,0.0,
2026-04-25T01:37:00,04/25/202601:37,20.38,0.0,0.0,51.63000000000001,0.0,0.0,0.0,0.0,0.0,198.7,23828.0,45078.0,18.2,15.05,92.0,29.71,5.835,65.5,0.0,0.0,
2026-04-25T01:37:15,04/25/202601:37,20.369999999999997,0.0,0.0,51.63000000000001,0.0,0.0,0.0,0.0,0.0,198.7,23828.0,45078.0,18.2,14.98,92.0,29.71,5.854,65.0,0.0,0.0,
2026-04-25T01:38:01,04/25/202601:38,20.36,0.0,0.0,51.620000000000005,0.0,0.0,0.0,0.0,0.0,198.7,23828.0,45078.0,18.2,14.91,92.0,29.71,5.873,64.5,0.0,0.0,
2026-04-25T01:38:16,04/25/202601:38,20.36,0.0,0.0,51.61,0.0,0.0,0.0,0.0,0.0,198.7,23828.0,45078.0,18.2,14.84,92.0,29.71,5.892,64.0,0.0,0.0,
2026-04-25T01:39:00,04/25/202601:39,20.36,0.0,0.0,51.61,0.0,0.0,0.0,0.0,0.0,198.7,23828.0,45078.0,18.2,14.77,92.0,29.71,5.836,63.0,0.0,0.0,
2026-04-25T01:40:01,04/25/202601:40,20.36,0.0,0.0,51.6,0.0,0.0,0.0,0.0,0.0,198.7,23828.0,45078.0,18.2,14.7,92.0,29.71,5.78,62.0,0.0,0.0,
2026-04-25T01:41:00,04/25/202601:41,20.36,0.0,0.0,51.6,0.0,0.0,0.0,0.0,0.0,198.7,23828.0,45078.0,18.2,14.7,92.0,29.71,5.78,62.0,0.0,0.0,
2026-04-25T01:43:33,04/25/202601:43,20.369999999999997,0.0,0.0,51.6,0.0,0.0,0.0,0.0,0.0,198.7,23828.0,45078.0,18.2,14.7,92.0,29.71,5.78,62.0,0.0,0.0,
2026-04-25T01:44:00,04/25/202601:44,20.38,0.0,0.0,51.6,0.0,0.0,0.0,0.0,0.0,198.7,23828.0,45078.0,18.2,14.7,92.0,29.71,5.78,62.0,0.0,0.0,
2026-04-25T01:45:00,04/25/202601:45,20.38,0.0,0.0,51.61,0.0,0.0,0.0,0.0,0.0,198.7,23828.0,45078.0,18.2,14.7,92.0,29.71,5.78,62.0,0.0,0.0,
2026-04-25T01:46:00,04/25/202601:46,20.38,0.0,0.0,51.620000000000005,0.0,0.0,0.0,0.0,0.0,198.7,23828.0,45078.0,18.2,14.7,91.9,29.707,5.798,62.8,0.0,0.0,
2026-04-25T01:47:01,04/25/202601:47,20.389999999999997,0.0,0.0,51.620000000000005,0.0,0.0,0.0,0.0,0.0,198.7,23828.0,45078.0,18.2,14.7,91.8,29.704,5.816000000000001,63.6,0.0,0.0,
2026-04-25T01:48:00,04/25/202601:48,20.4,0.0,0.0,51.620000000000005,0.0,0.0,0.0,0.0,0.0,198.7,23828.0,45078.0,18.2,14.7,91.7,29.701,5.8340000000000005,64.4,0.0,0.0,
2026-04-25T01:49:01,04/25/202601:49,20.4,0.0,0.0,51.620000000000005,0.0,0.0,0.0,0.0,0.0,198.7,23828.0,45078.0,18.2,14.7,91.6,29.698,5.852,65.2,0.0,0.0,
2026-04-25T01:50:00,04/25/202601:50,20.4,0.0,0.0,51.620000000000005,0.0,0.0,0.0,0.0,0.0,198.7,23828.0,45078.0,18.2,14.7,91.5,29.695,5.87,66.0,0.0,0.0,
2026-04-25T01:51:01,04/25/202601:51,20.4,0.0,0.0,51.620000000000005,0.0,0.0,0.0,0.0,0.0,198.7,23828.0,45078.0,18.2,14.7,91.4,29.692,5.888,66.8,0.0,0.0,
2026-04-25T01:52:00,04/25/202601:52,20.4,0.0,0.0,51.620000000000005,0.0,0.0,0.0,0.0,0.0,198.7,23828.0,45078.0,18.2,14.7,91.3,29.689,5.906000000000001,67.6,0.0,0.0,
2026-04-25T01:53:01,04/25/202601:53,20.4,0.0,0.0,51.61,0.0,0.0,0.0,0.0,0.0,198.7,23828.0,45078.0,18.2,14.7,91.2,29.686,5.924,68.4,0.0,0.0,
2026-04-25T01:54:44,04/25/202601:54,20.4,0.0,0.0,51.61,0.0,0.0,0.0,0.0,0.0,198.7,23828.0,45078.0,18.2,14.7,91.1,29.683,5.942,69.2,0.0,0.0,
2026-04-25T01:55:01,04/25/202601:55,20.4,0.0,0.0,51.6,0.0,0.0,0.0,0.0,0.0,198.7,23828.0,45078.0,18.2,14.7,91.0,29.68,5.96,70.0,0.0,0.0,
2026-04-25T01:56:00,04/25/202601:56,20.4,0.0,0.0,51.589999999999996,0.0,0.0,0.0,0.0,0.0,198.7,23828.0,45078.0,18.2,14.7,91.0,29.68,5.96,70.0,0.0,0.0,
2026-04-25T01:57:00,04/25/202601:57,20.4,0.0,0.0,51.6,0.0,0.0,0.0,0.0,0.0,198.7,23828.0,45078.0,18.2,14.7,91.0,29.68,5.96,70.0,0.0,0.0,
2026-04-25T01:58:00,04/25/202601:58,20.4,0.0,0.0,51.6,0.0,0.0,0.0,0.0,0.0,198.7,23828.0,45078.0,18.2,14.7,91.0,29.68,5.96,70.0,0.0,0.0,
2026-04-25T01:59:00,04/25/202601:59,20.4,0.0,0.0,51.6,0.0,0.0,0.0,0.0,0.0,198.7,23828.0,45078.0,18.2,14.7,91.0,29.68,5.96,70.0,0.0,0.0,
2026-04-25T02:00:00,04/25/202602:00,20.4,0.0,0.0,51.6,0.0,0.0,0.0,0.0,0.0,198.7,23828.0,45078.0,18.2,14.7,91.0,29.68,5.96,70.0,0.0,0.0,
2026-04-25T02:01:00,04/25/202602:01,20.4,0.0,0.0,51.6,0.0,0.0,0.0,0.0,0.0,198.7,23828.0,45078.0,18.2,14.7,91.0,29.68,5.96,70.0,0.0,0.0,
2026-04-25T02:02:00,04/25/202602:02,20.4,0.0,0.0,51.6,0.0,0.0,0.0,0.0,0.0,198.7,23828.0,45078.0,18.2,14.7,91.0,29.68,6.01,70.6,0.0,0.0,
2026-04-25T02:03:00,04/25/202602:03,20.4,0.0,0.0,51.6,0.0,0.0,0.0,0.0,0.0,198.7,23828.0,45078.0,18.2,14.7,91.0,29.68,6.0600000000000005,71.2,0.0,0.0,
2026-04-25T02:04:01,04/25/202602:04,20.4,0.0,0.0,51.589999999999996,0.0,0.0,0.0,0.0,0.0,198.7,23828.0,45078.0,18.2,14.7,91.0,29.68,6.11,71.8,0.0,0.0,
2026-04-25T02:05:55,04/25/202602:05,20.4,0.0,0.0,51.589999999999996,0.0,0.0,0.0,0.0,0.0,198.7,23828.0,45078.0,18.3,14.7,91.0,29.68,6.16,72.4,0.0,0.0,
2026-04-25T02:06:01,04/25/202602:06,20.4,0.0,0.0,51.589999999999996,0.0,0.0,0.0,0.0,0.0,198.7,23828.0,45078.0,18.3,14.7,91.0,29.68,6.21,73.0,0.0,0.0,
2026-04-25T02:07:00,04/25/202602:07,20.4,0.0,0.0,51.58,0.0,0.0,0.0,0.0,0.0,198.7,23828.0,45078.0,18.2,14.7,91.0,29.68,6.26,73.6,0.0,0.0,
2026-04-25T02:08:01,04/25/202602:08,20.4,0.0,0.0,51.58,0.0,0.0,0.0,0.0,0.0,198.7,23828.0,45078.0,18.2,14.7,91.0,29.68,6.3100000000000005,74.2,0.0,0.0,
2026-04-25T02:09:00,04/25/202602:09,20.4,0.0,0.0,51.58,0.0,0.0,0.0,0.0,0.0,198.7,23828.0,45078.0,18.2,14.7,91.0,29.68,6.36,74.8,0.0,0.0,
2026-04-25T02:10:00,04/25/202602:10,20.4,0.0,0.0,51.58,0.0,0.0,0.0,0.0,0.0,198.7,23828.0,45078.0,18.2,14.7,91.0,29.68,6.409999999999999,75.4,0.0,0.0,
2026-04-25T02:11:00,04/25/202602:11,20.4,0.0,0.0,51.58,0.0,0.0,0.0,0.0,0.0,198.7,23828.0,45078.0,18.2,14.7,91.0,29.68,6.459999999999999,76.0,0.0,0.0,
2026-04-25T02:12:00,04/25/202602:12,20.4,0.0,0.0,51.57000000000001,0.0,0.0,0.0,0.0,0.0,198.7,23828.0,45078.0,18.2,14.7,91.0,29.68,6.459999999999999,76.0,0.0,0.0,
2026-04-25T02:13:00,04/25/202602:13,20.4,0.0,0.0,51.58,0.0,0.0,0.0,0.0,0.0,198.7,23828.0,45078.0,18.2,14.7,91.0,29.68,6.459999999999999,76.0,0.0,0.0,
2026-04-25T02:14:06,04/25/202602:14,20.4,0.0,0.0,51.58,0.0,0.0,0.0,0.0,0.0,198.7,23828.0,45078.0,18.2,14.7,91.0,29.68,6.459999999999999,76.0,0.0,0.0,
2026-04-25T02:15:01,04/25/202602:15,20.4,0.0,0.0,51.57000000000001,0.0,0.0,0.0,0.0,0.0,198.7,23828.0,45078.0,18.2,14.7,91.0,29.68,6.459999999999999,76.0,0.0,0.0,
2026-04-25T02:17:06,04/25/202602:17,20.4,0.0,0.0,51.57000000000001,0.0,0.0,0.0,0.0,0.0,198.7,23828.0,45078.0,18.2,14.719999999999999,91.0,29.68,6.56,76.5,0.0,0.0,
2026-04-25T02:18:00,04/25/202602:18,20.4,0.0,0.0,51.57000000000001,0.0,0.0,0.0,0.0,0.0,198.7,23828.0,45078.0,18.2,14.74,91.0,29.68,6.659999999999999,77.0,0.0,0.0,
2026-04-25T02:19:01,04/25/202602:19,20.4,0.0,0.0,51.57000000000001,0.0,0.0,0.0,0.0,0.0,198.7,23828.0,45078.0,18.2,14.76,91.0,29.68,6.76,77.5,0.0,0.0,
2026-04-25T02:20:00,04/25/202602:20,20.4,0.0,0.0,51.56,0.0,0.0,0.0,0.0,0.0,198.7,23828.0,45078.0,18.2,14.780000000000001,91.0,29.68,6.859999999999999,78.0,0.0,0.0,
2026-04-25T02:21:01,04/25/202602:21,20.4,0.0,0.0,51.56,0.0,0.0,0.0,0.0,0.0,198.7,23828.0,45078.0,18.2,14.75,91.0,29.68,6.891,78.8,0.0,0.0,
2026-04-25T02:22:00,04/25/202602:22,20.4,0.0,0.0,51.56,0.0,0.0,0.0,0.0,0.0,198.7,23828.0,45078.0,18.2,14.719999999999999,91.0,29.68,6.922,79.6,0.0,0.0,
2026-04-25T02:23:01,04/25/202602:23,20.4,0.0,0.0,51.56,0.0,0.0,0.0,0.0,0.0,198.7,23828.0,45078.0,18.2,14.690000000000001,91.0,29.68,6.953,80.4,0.0,0.0,
2026-04-25T02:24:00,04/25/202602:24,20.4,0.0,0.0,51.56,0.0,0.0,0.0,0.0,0.0,198.7,23828.0,45078.0,18.2,14.66,91.0,29.68,6.984,81.2,0.0,0.0,
2026-04-25T02:25:01,04/25/202602:25,20.4,0.0,0.0,51.57000000000001,0.0,0.0,0.0,0.0,0.0,198.7,23828.0,45078.0,18.2,14.63,91.0,29.68,7.014999999999999,82.0,0.0,0.0,
2026-04-25T02:26:00,04/25/202602:26,20.4,0.0,0.0,51.57000000000001,0.0,0.0,0.0,0.0,0.0,198.7,23828.0,45078.0,18.2,14.6,91.0,29.68,7.045999999999999,82.8,0.0,0.0,
2026-04-25T02:27:01,04/25/202602:27,20.4,0.0,0.0,51.56,0.0,0.0,0.0,0.0,0.0,198.7,23828.0,45078.0,18.2,14.55,91.0,29.68,6.976999999999999,83.1,0.0,0.0,
2026-04-25T02:28:17,04/25/202602:28,20.4,0.0,0.0,51.56,0.0,0.0,0.0,0.0,0.0,198.7,23828.0,45078.0,18.2,14.5,91.0,29.68,6.9079999999999995,83.4,0.0,0.0,
2026-04-25T02:29:01,04/25/202602:29,20.4,0.0,0.0,51.56,0.0,0.0,0.0,0.0,0.0,198.7,23828.0,45078.0,18.2,14.45,91.0,29.68,6.839,83.7,0.0,0.0,
2026-04-25T02:30:01,04/25/202602:30,20.4,0.0,0.0,51.57000000000001,0.0,0.0,0.0,0.0,0.0,198.7,23828.0,45078.0,18.2,14.4,91.0,29.68,6.769999999999999,84.0,0.0,0.0,
2026-04-25T02:31:28,04/25/202602:31,20.4,0.0,0.0,51.57000000000001,0.0,0.0,0.0,0.0,0.0,198.7,23828.0,45078.0,18.2,14.4,91.0,29.68,6.808,84.4,0.0,0.0,
2026-04-25T02:32:01,04/25/202602:32,20.4,0.0,0.0,51.57000000000001,0.0,0.0,0.0,0.0,0.0,198.7,23828.0,45078.0,18.2,14.4,91.0,29.68,6.845999999999999,84.8,0.0,0.0,
2026-04-25T02:33:01,04/25/202602:33,20.4,0.0,0.0,51.57000000000001,0.0,0.0,0.0,0.0,0.0,198.7,23828.0,45078.0,18.2,14.4,91.0,29.68,6.884,85.2,0.0,0.0,
2026-04-25T02:34:01,04/25/202602:34,20.4,0.0,0.0,51.57000000000001,0.0,0.0,0.0,0.0,0.0,198.7,23828.0,45078.0,18.2,14.4,91.0,29.68,6.922,85.6,0.0,0.0,
2026-04-25T02:35:01,04/25/202602:35,20.4,0.0,0.0,51.57000000000001,0.0,0.0,0.0,0.0,0.0,198.7,23828.0,45078.0,18.2,14.4,91.0,29.68,6.959999999999999,86.0,0.0,0.0,
2026-04-25T02:36:01,04/25/202602:36,20.4,0.0,0.0,51.58,0.0,0.0,0.0,0.0,0.0,198.7,23828.0,45078.0,18.2,14.4,91.0,29.68,6.998,86.4,0.0,0.0,
2026-04-25T02:37:01,04/25/202602:37,20.4,0.0,0.0,51.58,0.0,0.0,0.0,0.0,0.0,198.7,23828.0,45078.0,18.1,14.4,91.0,29.68,7.036,86.8,0.0,0.0,
2026-04-25T02:38:00,04/25/202602:38,20.4,0.0,0.0,51.57000000000001,0.0,0.0,0.0,0.0,0.0,198.7,23828.0,45078.0,18.2,14.4,91.0,29.68,7.074000000000001,87.2,0.0,0.0,
2026-04-25T02:39:28,04/25/202602:39,20.4,0.0,0.0,51.57000000000001,0.0,0.0,0.0,0.0,0.0,198.7,23828.0,45078.0,18.2,14.4,91.0,29.68,7.112,87.6,0.0,0.0,
2026-04-25T02:40:01,04/25/202602:40,20.4,0.0,0.0,51.56,0.0,0.0,0.0,0.0,0.0,198.7,23828.0,45078.0,18.2,14.4,91.0,29.68,7.15,88.0,0.0,0.0,
2026-04-25T02:41:01,04/25/202602:41,20.4,0.0,0.0,51.55,0.0,0.0,0.0,0.0,0.0,198.7,23828.0,45078.0,18.2,14.4,91.0,29.68,7.15,88.0,0.0,0.0,
2026-04-25T02:42:01,04/25/202602:42,20.4,0.0,0.0,51.55,0.0,0.0,0.0,0.0,0.0,198.7,23828.0,45078.0,18.1,14.4,91.0,29.68,7.15,88.0,0.0,0.0,
2026-04-25T02:43:01,04/25/202602:43,20.4,0.0,0.0,51.56,0.0,0.0,0.0,0.0,0.0,198.7,23828.0,45078.0,18.2,14.4,91.0,29.68,7.15,88.0,0.0,0.0,
2026-04-25T02:44:01,04/25/202602:44,20.4,0.0,0.0,51.56,0.0,0.0,0.0,0.0,0.0,198.7,23828.0,45078.0,18.2,14.4,91.0,29.68,7.15,88.0,0.0,0.0,
2026-04-25T02:45:01,04/25/202602:45,20.4,0.0,0.0,51.56,0.0,0.0,0.0,0.0,0.0,198.7,23828.0,45078.0,18.1,14.4,91.0,29.68,7.15,88.0,0.0,0.0,
2026-04-25T02:46:01,04/25/202602:46,20.4,0.0,0.0,51.56,0.0,0.0,0.0,0.0,0.0,198.7,23828.0,45078.0,18.1,14.4,91.0,29.68,7.15,88.0,0.0,0.0,
2026-04-25T02:47:01,04/25/202602:47,20.4,0.0,0.0,51.57000000000001,0.0,0.0,0.0,0.0,0.0,198.7,23828.0,45078.0,18.1,14.4,91.1,29.68,7.15,88.4,0.0,0.0,
2026-04-25T02:48:01,04/25/202602:48,20.4,0.0,0.0,51.58,0.0,0.0,0.0,0.0,0.0,198.7,23828.0,45078.0,18.1,14.4,91.2,29.68,7.15,88.8,0.0,0.0,
2026-04-25T02:49:00,04/25/202602:49,20.4,0.0,0.0,51.57000000000001,0.0,0.0,0.0,0.0,0.0,198.7,23828.0,45078.0,18.2,14.4,91.3,29.68,7.15,89.2,0.0,0.0,
2026-04-25T02:51:14,04/25/202602:51,20.389999999999997,0.0,0.0,51.58,0.0,0.0,0.0,0.0,0.0,198.7,23828.0,45078.0,18.1,14.4,91.4,29.68,7.15,89.6,0.0,0.0,
2026-04-25T02:51:15,04/25/202602:51,20.389999999999997,0.0,0.0,51.589999999999996,0.0,0.0,0.0,0.0,0.0,198.7,23828.0,45078.0,18.1,14.4,91.5,29.68,7.15,90.0,0.0,0.0,
2026-04-25T02:52:00,04/25/202602:52,20.389999999999997,0.0,0.0,51.589999999999996,0.0,0.0,0.0,0.0,0.0,198.7,23828.0,45078.0,18.1,14.4,91.6,29.68,7.15,90.4,0.0,0.0,
2026-04-25T02:53:00,04/25/202602:53,20.389999999999997,0.0,0.0,51.589999999999996,0.0,0.0,0.0,0.0,0.0,198.7,23828.0,45078.0,18.2,14.4,91.7,29.68,7.15,90.8,0.0,0.0,
2026-04-25T02:54:00,04/25/202602:54,20.389999999999997,0.0,0.0,51.589999999999996,0.0,0.0,0.0,0.0,0.0,198.7,23828.0,45078.0,18.2,14.4,91.8,29.68,7.15,91.2,0.0,0.0,
2026-04-25T02:55:00,04/25/202602:55,20.389999999999997,0.0,0.0,51.58,0.0,0.0,0.0,0.0,0.0,198.7,23828.0,45078.0,18.1,14.4,91.9,29.68,7.15,91.6,0.0,0.0,
2026-04-25T02:56:00,04/25/202602:56,20.389999999999997,0.0,0.0,51.58,0.0,0.0,0.0,0.0,0.0,198.7,23828.0,45078.0,18.2,14.4,92.0,29.68,7.15,92.0,0.0,0.0,
2026-04-25T02:57:00,04/25/202602:57,20.389999999999997,0.0,0.0,51.57000000000001,0.0,0.0,0.0,0.0,0.0,198.7,23828.0,45078.0,18.2,14.4,92.0,29.68,7.15,92.0,0.0,0.0,
2026-04-25T02:58:00,04/25/202602:58,20.389999999999997,0.0,0.0,51.56,0.0,0.0,0.0,0.0,0.0,198.7,23828.0,45078.0,18.1,14.4,92.0,29.68,7.15,92.0,0.0,0.0,
2026-04-25T02:59:00,04/25/202602:59,20.389999999999997,0.0,0.0,51.57000000000001,0.0,0.0,0.0,0.0,0.0,198.7,23828.0,45078.0,18.1,14.4,91.9,29.68,7.15,92.0,0.0,0.0,
2026-04-25T03:00:00,04/25/202603:00,20.4,0.0,0.0,51.56,0.0,0.0,0.0,0.0,0.0,198.7,23828.0,45078.0,18.1,14.4,91.8,29.68,7.15,92.0,0.0,0.0,
2026-04-25T03:00:15,04/25/202603:00,20.389999999999997,0.0,0.0,51.56,0.0,0.0,0.0,0.0,0.0,198.7,23828.0,45078.0,18.2,14.4,91.7,29.68,7.15,92.0,0.0,0.0,
2026-04-25T03:01:51,04/25/202603:01,20.389999999999997,0.0,0.0,51.56,0.0,0.0,0.0,0.0,0.0,198.7,23828.0,45078.0,18.1,14.4,91.7,29.68,7.1370000000000005,92.7,0.0,0.0,
2026-04-25T03:02:01,04/25/202603:02,20.389999999999997,0.0,0.0,51.56,0.0,0.0,0.0,0.0,0.0,198.7,23828.0,45078.0,18.1,14.4,91.7,29.68,7.1240000000000006,93.4,0.0,0.0,
2026-04-25T03:03:00,04/25/202603:03,20.389999999999997,0.0,0.0,51.56,0.0,0.0,0.0,0.0,0.0,198.7,23828.0,45078.0,18.1,14.4,91.7,29.68,7.111,94.1,0.0,0.0,
2026-04-25T03:04:01,04/25/202603:04,20.389999999999997,0.0,0.0,51.56,0.0,0.0,0.0,0.0,0.0,198.7,23828.0,45078.0,18.1,14.4,91.7,29.68,7.098000000000001,94.8,0.0,0.0,
2026-04-25T03:05:00,04/25/202603:05,20.389999999999997,0.0,0.0,51.56,0.0,0.0,0.0,0.0,0.0,198.7,23828.0,45078.0,18.1,14.4,91.7,29.68,7.084999999999999,95.5,0.0,0.0,
2026-04-25T03:06:00,04/25/202603:06,20.389999999999997,0.0,0.0,51.57000000000001,0.0,0.0,0.0,0.0,0.0,198.7,23828.0,45078.0,18.1,14.4,91.7,29.68,7.072,96.2,0.0,0.0,
2026-04-25T03:07:00,04/25/202603:07,20.389999999999997,0.0,0.0,51.58,0.0,0.0,0.0,0.0,0.0,198.7,23828.0,45078.0,18.1,14.4,91.7,29.68,7.059,96.9,0.0,0.0,
2026-04-25T03:08:00,04/25/202603:08,20.389999999999997,0.0,0.0,51.58,0.0,0.0,0.0,0.0,0.0,198.7,23828.0,45078.0,18.1,14.4,91.8,29.68,7.045999999999999,97.6,0.0,0.0,
2026-04-25T03:09:00,04/25/202603:09,20.389999999999997,0.0,0.0,51.58,0.0,0.0,0.0,0.0,0.0,198.7,23828.0,45078.0,18.1,14.4,91.9,29.68,7.0329999999999995,98.3,0.0,0.0,
2026-04-25T03:09:15,04/25/202603:09,20.389999999999997,0.0,0.0,51.57000000000001,0.0,0.0,0.0,0.0,0.0,198.7,23828.0,45078.0,18.1,14.4,92.0,29.68,7.019999999999999,99.0,0.0,0.0,
2026-04-25T03:10:00,04/25/202603:10,20.38,0.0,0.0,51.56,0.0,0.0,0.0,0.0,0.0,198.7,23828.0,45078.0,18.1,14.4,92.0,29.68,7.019999999999999,99.0,0.0,0.0,
2026-04-25T03:10:36,04/25/202603:10,20.38,0.0,0.0,51.56,0.0,0.0,0.0,0.0,0.0,198.7,23828.0,45078.0,18.1,14.4,92.0,29.68,7.019999999999999,99.0,0.0,0.0,
2026-04-25T03:11:00,04/25/202603:11,20.38,0.0,0.0,51.56,0.0,0.0,0.0,0.0,0.0,198.7,23828.0,45078.0,18.1,14.4,92.0,29.68,7.019999999999999,99.0,0.0,0.0,
2026-04-25T03:11:37,04/25/202603:11,20.369999999999997,0.0,0.0,51.57000000000001,0.0,0.0,0.0,0.0,0.0,198.7,23828.0,45078.0,18.1,14.4,92.0,29.68,7.019999999999999,99.0,0.0,0.0,
2026-04-25T03:13:02,04/25/202603:13,20.369999999999997,0.0,0.0,51.56,0.0,0.0,0.0,0.0,0.0,198.7,23828.0,45078.0,18.1,14.4,92.0,29.68,7.019999999999999,99.0,0.0,0.0,
2026-04-25T03:14:00,04/25/202603:14,20.369999999999997,0.0,0.0,51.56,0.0,0.0,0.0,0.0,0.0,198.7,23828.0,45078.0,18.1,14.4,92.0,29.68,7.019999999999999,99.0,0.0,0.0,
2026-04-25T03:15:01,04/25/202603:15,20.369999999999997,0.0,0.0,51.55,0.0,0.0,0.0,0.0,0.0,198.7,23828.0,45078.0,18.1,14.4,92.0,29.68,7.019999999999999,99.0,0.0,0.0,
2026-04-25T03:16:00,04/25/202603:16,20.369999999999997,0.0,0.0,51.54,0.0,0.0,0.0,0.0,0.0,198.7,23828.0,45078.0,18.1,14.39,92.1,29.68,7.044999999999999,99.2,0.0,0.0,
2026-04-25T03:17:01,04/25/202603:17,20.369999999999997,0.0,0.0,51.54,0.0,0.0,0.0,0.0,0.0,198.7,23828.0,45078.0,18.1,14.38,92.2,29.68,7.0699999999999985,99.4,0.0,0.0,
2026-04-25T03:17:36,04/25/202603:17,20.369999999999997,0.0,0.0,51.54,0.0,0.0,0.0,0.0,0.0,198.7,23828.0,45078.0,18.1,14.370000000000001,92.3,29.68,7.094999999999999,99.6,0.0,0.0,
2026-04-25T03:18:00,04/25/202603:18,20.369999999999997,0.0,0.0,51.54,0.0,0.0,0.0,0.0,0.0,198.7,23828.0,45078.0,18.1,14.36,92.4,29.68,7.119999999999999,99.8,0.0,0.0,
2026-04-25T03:18:37,04/25/202603:18,20.369999999999997,0.0,0.0,51.529999999999994,0.0,0.0,0.0,0.0,0.0,198.7,23828.0,45078.0,18.1,14.35,92.5,29.68,7.144999999999999,100.0,0.0,0.0,
2026-04-25T03:19:01,04/25/202603:19,20.369999999999997,0.0,0.0,51.52,0.0,0.0,0.0,0.0,0.0,198.7,23828.0,45078.0,18.1,14.34,92.6,29.68,7.169999999999999,100.2,0.0,0.0,
2026-04-25T03:20:00,04/25/202603:20,20.38,0.0,0.0,51.510000000000005,0.0,0.0,0.0,0.0,0.0,198.7,23828.0,45078.0,18.1,14.330000000000002,92.7,29.68,7.1949999999999985,100.4,0.0,0.0,
2026-04-25T03:20:37,04/25/202603:20,20.369999999999997,0.0,0.0,51.510000000000005,0.0,0.0,0.0,0.0,0.0,198.7,23828.0,45078.0,18.1,14.320000000000002,92.8,29.68,7.219999999999999,100.6,0.0,0.0,
2026-04-25T03:21:00,04/25/202603:21,20.36,0.0,0.0,51.5,0.0,0.0,0.0,0.0,0.0,198.7,23828.0,45078.0,18.1,14.309999999999999,92.9,29.68,7.244999999999999,100.8,0.0,0.0,
2026-04-25T03:21:37,04/25/202603:21,20.36,0.0,0.0,51.5,0.0,0.0,0.0,0.0,0.0,198.7,23828.0,45078.0,18.1,14.3,93.0,29.68,7.269999999999999,101.0,0.0,0.0,
2026-04-25T03:22:01,04/25/202603:22,20.36,0.0,0.0,51.5,0.0,0.0,0.0,0.0,0.0,198.7,23828.0,45078.0,18.1,14.3,93.0,29.68,7.269999999999999,101.0,0.0,0.0,
2026-04-25T03:22:37,04/25/202603:22,20.369999999999997,0.0,0.0,51.5,0.0,0.0,0.0,0.0,0.0,198.7,23828.0,45078.0,18.1,14.3,93.0,29.68,7.269999999999999,101.0,0.0,0.0,
2026-04-25T03:24:13,04/25/202603:24,20.39,0.0,0.0,51.5,0.0,0.0,0.0,0.0,0.0,198.7,23828.0,45078.0,18.1,14.3,93.0,29.68,7.269999999999999,101.0,0.0,0.0,
2026-04-25T03:25:00,04/25/202603:25,20.41,0.0,0.0,51.5,0.0,0.0,0.0,0.0,0.0,198.7,23828.0,45078.0,18.1,14.3,93.0,29.68,7.269999999999999,101.0,0.0,0.0,
2026-04-25T03:26:01,04/25/202603:26,20.419999999999998,0.0,0.0,51.5,0.0,0.0,0.0,0.0,0.0,198.7,23828.0,45078.0,18.1,14.3,93.0,29.68,7.269999999999999,101.0,0.0,0.0,
2026-04-25T03:27:00,04/25/202603:27,20.43,0.0,0.0,51.5,0.0,0.0,0.0,0.0,0.0,198.7,23828.0,45078.0,18.1,14.3,93.0,29.68,7.269999999999999,101.0,0.0,0.0,
2026-04-25T03:27:37,04/25/202603:27,20.43,0.0,0.0,51.5,0.0,0.0,0.0,0.0,0.0,198.7,23828.0,45078.0,18.1,14.3,93.0,29.68,7.269999999999999,101.0,0.0,0.0,
2026-04-25T03:28:01,04/25/202603:28,20.44,0.0,0.0,51.5,0.0,0.0,0.0,0.0,0.0,198.7,23828.0,45078.0,18.1,14.3,93.0,29.68,7.269999999999999,101.0,0.0,0.0,
2026-04-25T03:29:00,04/25/202603:29,20.45,0.0,0.0,51.5,0.0,0.0,0.0,0.0,0.0,198.7,23828.0,45078.0,18.1,14.330000000000002,93.0,29.68,7.269999999999999,101.0,0.0,0.0,
2026-04-25T03:30:01,04/25/202603:30,20.45,0.0,0.0,51.5,0.0,0.0,0.0,0.0,0.0,198.7,23828.0,45078.0,18.1,14.36,93.0,29.68,7.331999999999999,100.6,0.0,0.0,
2026-04-25T03:31:00,04/25/202603:31,20.45,0.0,0.0,51.5,0.0,0.0,0.0,0.0,0.0,198.7,23828.0,45078.0,18.1,14.38,93.0,29.68,7.369,101.0,0.0,0.0,
2026-04-25T03:32:01,04/25/202603:32,20.439999999999998,0.0,0.0,51.5,0.0,0.0,0.0,0.0,0.0,198.7,23828.0,45078.0,18.1,14.4,93.0,29.68,7.406000000000001,101.4,0.0,0.0,
2026-04-25T03:33:00,04/25/202603:33,20.43,0.0,0.0,51.489999999999995,0.0,0.0,0.0,0.0,0.0,198.7,23828.0,45078.0,18.2,14.419999999999998,93.0,29.68,7.443,101.8,0.0,0.0,
2026-04-25T03:34:01,04/25/202603:34,20.419999999999998,0.0,0.0,51.48,0.0,0.0,0.0,0.0,0.0,198.7,23828.0,45078.0,18.1,14.440000000000001,93.0,29.68,7.4799999999999995,102.2,0.0,0.0,
2026-04-25T03:35:24,04/25/202603:35,20.419999999999998,0.0,0.0,51.48,0.0,0.0,0.0,0.0,0.0,198.7,23828.0,45078.0,18.1,14.459999999999999,93.0,29.68,7.517,102.6,0.0,0.0,
2026-04-25T03:36:00,04/25/202603:36,20.419999999999998,0.0,0.0,51.48,0.0,0.0,0.0,0.0,0.0,198.7,23828.0,45078.0,18.1,14.48,93.0,29.68,7.553999999999999,103.0,0.0,0.0,
2026-04-25T03:37:01,04/25/202603:37,20.43,0.0,0.0,51.48,0.0,0.0,0.0,0.0,0.0,198.7,23828.0,45078.0,18.1,14.5,93.0,29.68,7.590999999999999,103.4,0.0,0.0,
2026-04-25T03:38:00,04/25/202603:38,20.439999999999998,0.0,0.0,51.48,0.0,0.0,0.0,0.0,0.0,198.7,23828.0,45078.0,18.1,14.52,93.0,29.68,7.628,103.8,0.0,0.0,
2026-04-25T03:39:22,04/25/202603:39,20.46,0.0,0.0,51.48,0.0,0.0,0.0,0.0,0.0,198.7,23828.0,45078.0,18.1,14.51,93.0,29.68,7.664999999999999,104.2,0.0,0.0,
2026-04-25T03:40:00,04/25/202603:40,20.48,0.0,0.0,51.48,0.0,0.0,0.0,0.0,0.0,198.7,23828.0,45078.0,18.1,14.5,93.0,29.68,7.639999999999999,105.0,0.0,0.0,
2026-04-25T03:40:21,04/25/202603:40,20.490000000000002,0.0,0.0,51.489999999999995,0.0,0.0,0.0,0.0,0.0,198.7,23828.0,45078.0,18.1,14.5,93.0,29.68,7.639999999999999,105.0,0.0,0.0,
2026-04-25T03:41:01,04/25/202603:41,20.5,0.0,0.0,51.5,0.0,0.0,0.0,0.0,0.0,198.7,23828.0,45078.0,18.1,14.5,93.0,29.68,7.639999999999999,105.0,0.0,0.0,
2026-04-25T03:41:22,04/25/202603:41,20.52,0.0,0.0,51.510000000000005,0.0,0.0,0.0,0.0,0.0,198.7,23828.0,45078.0,18.1,14.5,93.0,29.68,7.639999999999999,105.0,0.0,0.0,
2026-04-25T03:42:00,04/25/202603:42,20.54,0.0,0.0,51.52,0.0,0.0,0.0,0.0,0.0,198.7,23828.0,45078.0,18.1,14.5,93.0,29.68,7.639999999999999,105.0,0.0,0.0,
2026-04-25T03:43:01,04/25/202603:43,20.55,0.0,0.0,51.52,0.0,0.0,0.0,0.0,0.0,198.7,23828.0,45078.0,18.1,14.5,93.0,29.68,7.639999999999999,105.0,0.0,0.0,
2026-04-25T03:43:22,04/25/202603:43,20.57,0.0,0.0,51.52,0.0,0.0,0.0,0.0,0.0,198.7,23828.0,45078.0,18.1,14.5,93.0,29.68,7.639999999999999,105.0,0.0,0.0,
2026-04-25T03:44:00,04/25/202603:44,20.59,0.0,0.0,51.52,0.0,0.0,0.0,0.0,0.0,198.7,23828.0,45078.0,18.1,14.5,93.0,29.68,7.639999999999999,105.0,0.0,0.0,
2026-04-25T03:45:01,04/25/202603:45,20.61,0.0,0.0,51.510000000000005,0.0,0.0,0.0,0.0,0.0,198.7,23828.0,45078.0,18.1,14.5,93.0,29.68,7.639999999999999,105.0,0.0,0.0,
2026-04-25T03:46:36,04/25/202603:46,20.619999999999997,0.0,0.0,51.510000000000005,0.0,0.0,0.0,0.0,0.0,198.7,23828.0,45078.0,18.1,14.5,93.1,29.68,7.5969999999999995,105.7,0.0,0.0,
2026-04-25T03:47:00,04/25/202603:47,20.630000000000003,0.0,0.0,51.510000000000005,0.0,0.0,0.0,0.0,0.0,198.7,23828.0,45078.0,18.1,14.5,93.2,29.68,7.553999999999999,106.4,0.0,0.0,
2026-04-25T03:48:00,04/25/202603:48,20.65,0.0,0.0,51.5,0.0,0.0,0.0,0.0,0.0,198.7,23828.0,45078.0,18.1,14.5,93.3,29.68,7.511,107.1,0.0,0.0,
2026-04-25T03:49:00,04/25/202603:49,20.669999999999998,0.0,0.0,51.48,0.0,0.0,0.0,0.0,0.0,198.7,23828.0,45078.0,18.1,14.5,93.4,29.68,7.467999999999999,107.8,0.0,0.0,
2026-04-25T03:50:01,04/25/202603:50,20.68,0.0,0.0,51.48,0.0,0.0,0.0,0.0,0.0,198.7,23828.0,45078.0,18.1,14.5,93.5,29.68,7.425,108.5,0.0,0.0,
2026-04-25T03:51:00,04/25/202603:51,20.69,0.0,0.0,51.48,0.0,0.0,0.0,0.0,0.0,198.7,23828.0,45078.0,18.1,14.5,93.6,29.68,7.382,109.2,0.0,0.0,
2026-04-25T03:51:20,04/25/202603:51,20.71,0.0,0.0,51.470000000000006,0.0,0.0,0.0,0.0,0.0,198.7,23828.0,45078.0,18.1,14.5,93.7,29.68,7.339,109.9,0.0,0.0,
2026-04-25T03:52:01,04/25/202603:52,20.72,0.0,0.0,51.46,0.0,0.0,0.0,0.0,0.0,198.7,23828.0,45078.0,18.1,14.5,93.8,29.68,7.295999999999999,110.6,0.0,0.0,
2026-04-25T03:52:20,04/25/202603:52,20.72,0.0,0.0,51.45,0.0,0.0,0.0,0.0,0.0,198.7,23828.0,45078.0,18.1,14.5,93.9,29.68,7.253,111.3,0.0,0.0,
2026-04-25T03:53:00,04/25/202603:53,20.72,0.0,0.0,51.45,0.0,0.0,0.0,0.0,0.0,198.7,23828.0,45078.0,18.1,14.5,94.0,29.68,7.209999999999999,112.0,0.0,0.0,
2026-04-25T03:53:20,04/25/202603:53,20.73,0.0,0.0,51.45,0.0,0.0,0.0,0.0,0.0,198.7,23828.0,45078.0,18.1,14.5,94.0,29.68,7.209999999999999,112.0,0.0,0.0,
2026-04-25T03:54:01,04/25/202603:54,20.740000000000002,0.0,0.0,51.45,0.0,0.0,0.0,0.0,0.0,198.7,23828.0,45078.0,18.1,14.5,94.0,29.68,7.209999999999999,112.0,0.0,0.0,
2026-04-25T03:55:00,04/25/202603:55,20.75,0.0,0.0,51.45,0.0,0.0,0.0,0.0,0.0,198.7,23828.0,45078.0,18.1,14.5,94.0,29.68,7.209999999999999,112.0,0.0,0.0,
2026-04-25T03:56:01,04/25/202603:56,20.759999999999998,0.0,0.0,51.46,0.0,0.0,0.0,0.0,0.0,198.7,23828.0,45078.0,18.1,14.5,94.0,29.68,7.209999999999999,112.0,0.0,0.0,
2026-04-25T03:57:47,04/25/202603:57,20.759999999999998,0.0,0.0,51.46,0.0,0.0,0.0,0.0,0.0,198.7,23828.0,45078.0,18.1,14.5,94.0,29.68,7.209999999999999,112.0,0.0,0.0,
2026-04-25T03:58:01,04/25/202603:58,20.759999999999998,0.0,0.0,51.46,0.0,0.0,0.0,0.0,0.0,198.7,23828.0,45078.0,18.1,14.5,94.0,29.68,7.209999999999999,112.0,0.0,0.0,
2026-04-25T03:58:20,04/25/202603:58,20.759999999999998,0.0,0.0,51.470000000000006,0.0,0.0,0.0,0.0,0.0,198.7,23828.0,45078.0,18.1,14.5,94.0,29.68,7.209999999999999,112.0,0.0,0.0,
2026-04-25T03:59:01,04/25/202603:59,20.759999999999998,0.0,0.0,51.48,0.0,0.0,0.0,0.0,0.0,198.7,23828.0,45078.0,18.1,14.5,94.0,29.68,7.209999999999999,112.0,0.0,0.0,
2026-04-25T04:00:00,04/25/202604:00,20.77,0.0,0.0,51.48,0.0,0.0,0.0,0.0,0.0,198.7,23828.0,45078.0,18.1,14.5,94.0,29.68,7.209999999999999,112.0,0.0,0.0,
2026-04-25T04:00:20,04/25/202604:00,20.77,0.0,0.0,51.489999999999995,0.0,0.0,0.0,0.0,0.0,198.7,23828.0,45078.0,18.1,14.5,94.0,29.68,7.209999999999999,112.0,0.0,0.0,
2026-04-25T04:01:01,04/25/202604:01,20.759999999999998,0.0,0.0,51.489999999999995,0.0,0.0,0.0,0.0,0.0,198.7,23828.0,45078.0,18.1,14.5,94.0,29.68,7.209999999999999,112.0,0.0,0.0,
2026-04-25T04:01:20,04/25/202604:01,20.759999999999998,0.0,0.0,51.489999999999995,0.0,0.0,0.0,0.0,0.0,198.7,23828.0,45078.0,18.1,14.51,94.0,29.68,7.247,112.6,0.0,0.0,
2026-04-25T04:02:00,04/25/202604:02,20.759999999999998,0.0,0.0,51.489999999999995,0.0,0.0,0.0,0.0,0.0,198.7,23828.0,45078.0,18.1,14.52,94.0,29.68,7.284000000000001,113.2,0.0,0.0,
2026-04-25T04:03:01,04/25/202604:03,20.759999999999998,0.0,0.0,51.489999999999995,0.0,0.0,0.0,0.0,0.0,198.7,23828.0,45078.0,18.0,14.530000000000001,94.0,29.68,7.321,113.8,0.0,0.0,
2026-04-25T04:04:00,04/25/202604:04,20.77,0.0,0.0,51.489999999999995,0.0,0.0,0.0,0.0,0.0,198.7,23828.0,45078.0,18.1,14.540000000000001,94.0,29.68,7.358,114.4,0.0,0.0,
2026-04-25T04:05:01,04/25/202604:05,20.78,0.0,0.0,51.489999999999995,0.0,0.0,0.0,0.0,0.0,198.7,23828.0,45078.0,18.1,14.55,94.0,29.68,7.3950000000000005,115.0,0.0,0.0,
2026-04-25T04:06:00,04/25/202604:06,20.78,0.0,0.0,51.489999999999995,0.0,0.0,0.0,0.0,0.0,198.7,23828.0,45078.0,18.1,14.559999999999999,94.0,29.68,7.4319999999999995,115.6,0.0,0.0,
2026-04-25T04:07:01,04/25/202604:07,20.78,0.0,0.0,51.489999999999995,0.0,0.0,0.0,0.0,0.0,198.7,23828.0,45078.0,18.1,14.569999999999999,94.0,29.68,7.468999999999999,116.2,0.0,0.0,
2026-04-25T04:08:58,04/25/202604:08,20.78,0.0,0.0,51.5,0.0,0.0,0.0,0.0,0.0,198.7,23828.0,45078.0,18.0,14.580000000000002,94.0,29.68,7.506,116.8,0.0,0.0,
2026-04-25T04:09:01,04/25/202604:09,20.79,0.0,0.0,51.5,0.0,0.0,0.0,0.0,0.0,198.7,23828.0,45078.0,18.0,14.59,94.0,29.68,7.543000000000001,117.4,0.0,0.0,
2026-04-25T04:10:01,04/25/202604:10,20.8,0.0,0.0,51.5,0.0,0.0,0.0,0.0,0.0,198.7,23828.0,45078.0,18.0,14.6,94.0,29.68,7.58,118.0,0.0,0.0,
2026-04-25T04:11:01,04/25/202604:11,20.8,0.0,0.0,51.5,0.0,0.0,0.0,0.0,0.0,198.7,23828.0,45078.0,18.1,14.6,94.0,29.68,7.58,118.0,0.0,0.0,
2026-04-25T04:12:01,04/25/202604:12,20.8,0.0,0.0,51.5,0.0,0.0,0.0,0.0,0.0,198.7,23828.0,45078.0,18.0,14.6,94.0,29.68,7.58,118.0,0.0,0.0,
2026-04-25T04:13:00,04/25/202604:13,20.8,0.0,0.0,51.489999999999995,0.0,0.0,0.0,0.0,0.0,198.7,23828.0,45078.0,18.0,14.6,94.0,29.68,7.58,118.0,0.0,0.0,
2026-04-25T04:14:01,04/25/202604:14,20.8,0.0,0.0,51.489999999999995,0.0,0.0,0.0,0.0,0.0,198.7,23828.0,45078.0,18.0,14.6,94.0,29.68,7.58,118.0,0.0,0.0,
2026-04-25T04:15:00,04/25/202604:15,20.8,0.0,0.0,51.48,0.0,0.0,0.0,0.0,0.0,198.7,23828.0,45078.0,18.0,14.6,94.0,29.68,7.58,118.0,0.0,0.0,
2026-04-25T04:15:36,04/25/202604:15,20.81,0.0,0.0,51.470000000000006,0.0,0.0,0.0,0.0,0.0,198.7,23828.0,45078.0,18.1,14.59,94.1,29.68,7.561,118.7,0.0,0.0,
2026-04-25T04:16:01,04/25/202604:16,20.82,0.0,0.0,51.46,0.0,0.0,0.0,0.0,0.0,198.7,23828.0,45078.0,18.1,14.580000000000002,94.2,29.68,7.542,119.4,0.0,0.0,
2026-04-25T04:16:36,04/25/202604:16,20.82,0.0,0.0,51.46,0.0,0.0,0.0,0.0,0.0,198.7,23828.0,45078.0,18.0,14.569999999999999,94.3,29.68,7.523000000000001,120.1,0.0,0.0,
2026-04-25T04:17:00,04/25/202604:17,20.82,0.0,0.0,51.46,0.0,0.0,0.0,0.0,0.0,198.7,23828.0,45078.0,18.0,14.559999999999999,94.4,29.68,7.504,120.8,0.0,0.0,
2026-04-25T04:18:01,04/25/202604:18,20.82,0.0,0.0,51.46,0.0,0.0,0.0,0.0,0.0,198.7,23828.0,45078.0,18.0,14.55,94.5,29.68,7.484999999999999,121.5,0.0,0.0,
2026-04-25T04:20:09,04/25/202604:20,20.82,0.0,0.0,51.46,0.0,0.0,0.0,0.0,0.0,198.7,23828.0,45078.0,18.1,14.540000000000001,94.6,29.68,7.465999999999999,122.2,0.0,0.0,
2026-04-25T04:21:01,04/25/202604:21,20.82,0.0,0.0,51.46,0.0,0.0,0.0,0.0,0.0,198.7,23828.0,45078.0,18.1,14.530000000000001,94.7,29.68,7.447,122.9,0.0,0.0,
2026-04-25T04:22:01,04/25/202604:22,20.82,0.0,0.0,51.46,0.0,0.0,0.0,0.0,0.0,198.7,23828.0,45078.0,18.1,14.52,94.8,29.68,7.428,123.6,0.0,0.0,
2026-04-25T04:23:01,04/25/202604:23,20.82,0.0,0.0,51.46,0.0,0.0,0.0,0.0,0.0,198.7,23828.0,45078.0,18.1,14.51,94.9,29.68,7.409000000000001,124.3,0.0,0.0,
2026-04-25T04:24:01,04/25/202604:24,20.82,0.0,0.0,51.470000000000006,0.0,0.0,0.0,0.0,0.0,198.7,23828.0,45078.0,18.0,14.5,95.0,29.68,7.389999999999999,125.0,0.0,0.0,
2026-04-25T04:25:01,04/25/202604:25,20.81,0.0,0.0,51.48,0.0,0.0,0.0,0.0,0.0,198.7,23828.0,45078.0,18.1,14.5,95.0,29.68,7.389999999999999,125.0,0.0,0.0,
2026-04-25T04:26:01,04/25/202604:26,20.8,0.0,0.0,51.489999999999995,0.0,0.0,0.0,0.0,0.0,198.7,23828.0,45078.0,18.1,14.5,95.0,29.68,7.389999999999999,125.0,0.0,0.0,
2026-04-25T04:27:01,04/25/202604:27,20.8,0.0,0.0,51.48,0.0,0.0,0.0,0.0,0.0,198.7,23828.0,45078.0,18.0,14.5,95.0,29.68,7.389999999999999,125.0,0.0,0.0,
2026-04-25T04:28:00,04/25/202604:28,20.8,0.0,0.0,51.48,0.0,0.0,0.0,0.0,0.0,198.7,23828.0,45078.0,18.0,14.5,95.0,29.68,7.389999999999999,125.0,0.0,0.0,
2026-04-25T04:29:01,04/25/202604:29,20.8,0.0,0.0,51.470000000000006,0.0,0.0,0.0,0.0,0.0,198.7,23828.0,45078.0,18.1,14.5,95.0,29.68,7.389999999999999,125.0,0.0,0.0,
2026-04-25T04:30:00,04/25/202604:30,20.8,0.0,0.0,51.46,0.0,0.0,0.0,0.0,0.0,198.7,23828.0,45078.0,18.1,14.5,95.0,29.68,7.389999999999999,125.0,0.0,0.0,
2026-04-25T04:31:20,04/25/202604:31,20.8,0.0,0.0,51.45,0.0,0.0,0.0,0.0,0.0,198.7,23828.0,45078.0,18.0,14.55,95.2,29.68,7.446,125.5,0.0,0.0,
2026-04-25T04:32:01,04/25/202604:32,20.8,0.0,0.0,51.46,0.0,0.0,0.0,0.0,0.0,198.7,23828.0,45078.0,18.0,14.669999999999998,95.4,29.68,7.502,126.0,0.0,0.0,
2026-04-25T04:33:01,04/25/202604:33,20.8,0.0,0.0,51.45,0.0,0.0,0.0,0.0,0.0,198.7,23828.0,45078.0,18.0,14.790000000000001,95.6,29.68,7.558,126.5,0.0,0.0,
2026-04-25T04:33:48,04/25/202604:33,20.79,0.0,0.0,51.44,0.0,0.0,0.0,0.0,0.0,198.7,23828.0,45078.0,18.0,14.91,95.8,29.68,7.614,127.0,0.0,0.0,
2026-04-25T04:34:01,04/25/202604:34,20.78,0.0,0.0,51.42999999999999,0.0,0.0,0.0,0.0,0.0,198.7,23828.0,45078.0,18.0,15.030000000000001,96.0,29.68,7.67,127.5,0.0,0.0,
2026-04-25T04:34:48,04/25/202604:34,20.78,0.0,0.0,51.42999999999999,0.0,0.0,0.0,0.0,0.0,198.7,23828.0,45078.0,18.0,15.15,96.2,29.68,7.726000000000001,128.0,0.0,0.0,
2026-04-25T04:35:01,04/25/202604:35,20.78,0.0,0.0,51.44,0.0,0.0,0.0,0.0,0.0,198.7,23828.0,45078.0,18.0,15.27,96.4,29.68,7.781999999999999,128.5,0.0,0.0,
2026-04-25T04:36:01,04/25/202604:36,20.78,0.0,0.0,51.42999999999999,0.0,0.0,0.0,0.0,0.0,198.7,23828.0,45078.0,18.0,15.39,96.6,29.68,7.837999999999999,129.0,0.0,0.0,
2026-04-25T04:37:01,04/25/202604:37,20.78,0.0,0.0,51.44,0.0,0.0,0.0,0.0,0.0,198.7,23828.0,45078.0,18.0,15.51,96.8,29.68,7.894,129.5,0.0,0.0,
2026-04-25T04:38:01,04/25/202604:38,20.78,0.0,0.0,51.44,0.0,0.0,0.0,0.0,0.0,198.7,23828.0,45078.0,18.0,15.629999999999999,97.0,29.68,7.95,130.0,0.0,0.0,
2026-04-25T04:39:00,04/25/202604:39,20.78,0.0,0.0,51.44,0.0,0.0,0.0,0.0,0.0,198.7,23828.0,45078.0,18.0,15.7,97.0,29.68,7.95,130.0,0.0,0.0,
2026-04-25T04:39:48,04/25/202604:39,20.77,0.0,0.0,51.42999999999999,0.0,0.0,0.0,0.0,0.0,198.7,23828.0,45078.0,18.0,15.7,97.0,29.68,7.95,130.0,0.0,0.0,
2026-04-25T04:40:01,04/25/202604:40,20.759999999999998,0.0,0.0,51.42999999999999,0.0,0.0,0.0,0.0,0.0,198.7,23828.0,45078.0,18.0,15.7,97.0,29.68,7.95,130.0,0.0,0.0,
2026-04-25T04:41:01,04/25/202604:41,20.759999999999998,0.0,0.0,51.42999999999999,0.0,0.0,0.0,0.0,0.0,198.7,23828.0,45078.0,18.0,15.7,97.0,29.68,7.95,130.0,0.0,0.0,
2026-04-25T04:42:31,04/25/202604:42,20.77,0.0,0.0,51.42999999999999,0.0,0.0,0.0,0.0,0.0,198.7,23828.0,45078.0,18.0,15.7,97.0,29.68,7.95,130.0,0.0,0.0,
2026-04-25T04:43:00,04/25/202604:43,20.77,0.0,0.0,51.42,0.0,0.0,0.0,0.0,0.0,198.7,23828.0,45078.0,18.0,15.7,97.0,29.68,7.95,130.0,0.0,0.0,
2026-04-25T04:44:00,04/25/202604:44,20.77,0.0,0.0,51.410000000000004,0.0,0.0,0.0,0.0,0.0,198.7,23828.0,45078.0,18.0,15.7,97.0,29.68,7.95,130.0,0.0,0.0,
2026-04-25T04:45:00,04/25/202604:45,20.77,0.0,0.0,51.410000000000004,0.0,0.0,0.0,0.0,0.0,198.7,23828.0,45078.0,18.0,15.7,97.0,29.68,7.95,130.0,0.0,0.0,
2026-04-25T04:46:00,04/25/202604:46,20.77,0.0,0.0,51.410000000000004,0.0,0.0,0.0,0.0,0.0,198.7,23828.0,45078.0,18.0,15.7,97.0,29.68,7.95,130.0,0.0,0.0,
2026-04-25T04:46:25,04/25/202604:46,20.759999999999998,0.0,0.0,51.410000000000004,0.0,0.0,0.0,0.0,0.0,198.7,23828.0,45078.0,18.0,15.709999999999999,97.1,29.68,8.056000000000001,130.2,0.0,0.0,
2026-04-25T04:47:00,04/25/202604:47,20.75,0.0,0.0,51.410000000000004,0.0,0.0,0.0,0.0,0.0,198.7,23828.0,45078.0,18.0,15.719999999999999,97.2,29.68,8.162,130.4,0.0,0.0,
2026-04-25T04:48:00,04/25/202604:48,20.75,0.0,0.0,51.4,0.0,0.0,0.0,0.0,0.0,198.7,23828.0,45078.0,18.0,15.73,97.3,29.68,8.268,130.6,0.0,0.0,
2026-04-25T04:49:00,04/25/202604:49,20.75,0.0,0.0,51.4,0.0,0.0,0.0,0.0,0.0,198.7,23828.0,45078.0,18.0,15.74,97.4,29.68,8.373999999999999,130.8,0.0,0.0,
2026-04-25T04:50:01,04/25/202604:50,20.75,0.0,0.0,51.4,0.0,0.0,0.0,0.0,0.0,198.7,23828.0,45078.0,18.0,15.75,97.5,29.68,8.48,131.0,0.0,0.0,
2026-04-25T04:51:00,04/25/202604:51,20.740000000000002,0.0,0.0,51.4,0.0,0.0,0.0,0.0,0.0,198.7,23828.0,45078.0,18.0,15.76,97.6,29.68,8.586,131.2,0.0,0.0,
2026-04-25T04:51:25,04/25/202604:51,20.740000000000002,0.0,0.0,51.39,0.0,0.0,0.0,0.0,0.0,198.7,23828.0,45078.0,18.0,15.77,97.7,29.68,8.692,131.4,0.0,0.0,
2026-04-25T04:52:01,04/25/202604:52,20.740000000000002,0.0,0.0,51.379999999999995,0.0,0.0,0.0,0.0,0.0,198.7,23828.0,45078.0,18.0,15.780000000000001,97.8,29.68,8.798,131.6,0.0,0.0,
2026-04-25T04:52:25,04/25/202604:52,20.73,0.0,0.0,51.379999999999995,0.0,0.0,0.0,0.0,0.0,198.7,23828.0,45078.0,18.0,15.790000000000001,97.9,29.68,8.904,131.8,0.0,0.0,
2026-04-25T04:53:43,04/25/202604:53,20.73,0.0,0.0,51.379999999999995,0.0,0.0,0.0,0.0,0.0,198.7,23828.0,45078.0,18.0,15.8,98.0,29.68,9.01,132.0,0.0,0.0,
2026-04-25T04:54:01,04/25/202604:54,20.740000000000002,0.0,0.0,51.39,0.0,0.0,0.0,0.0,0.0,198.7,23828.0,45078.0,18.0,15.8,98.0,29.68,9.01,132.0,0.0,0.0,
2026-04-25T04:54:25,04/25/202604:54,20.740000000000002,0.0,0.0,51.39,0.0,0.0,0.0,0.0,0.0,198.7,23828.0,45078.0,18.0,15.8,98.0,29.68,9.01,132.0,0.0,0.0,
2026-04-25T04:55:00,04/25/202604:55,20.740000000000002,0.0,0.0,51.4,0.0,0.0,0.0,0.0,0.0,198.7,23828.0,45078.0,18.0,15.8,98.0,29.68,9.01,132.0,0.0,0.0,
2026-04-25T04:55:24,04/25/202604:55,20.75,0.0,0.0,51.39,0.0,0.0,0.0,0.0,0.0,198.7,23828.0,45078.0,18.0,15.8,98.0,29.68,9.029,131.9,0.0,0.0,
2026-04-25T04:56:00,04/25/202604:56,20.759999999999998,0.0,0.0,51.379999999999995,0.0,0.0,0.0,0.0,0.0,198.7,23828.0,45078.0,18.0,15.8,98.0,29.68,9.047999999999998,131.8,0.0,0.0,
2026-04-25T04:57:00,04/25/202604:57,20.77,0.0,0.0,51.379999999999995,0.0,0.0,0.0,0.0,0.0,198.7,23828.0,45078.0,18.0,15.8,98.0,29.68,9.067,131.7,0.0,0.0,
2026-04-25T04:57:25,04/25/202604:57,20.759999999999998,0.0,0.0,51.39,0.0,0.0,0.0,0.0,0.0,198.7,23828.0,45078.0,18.0,15.8,98.0,29.68,9.117,131.8,0.0,0.0,
2026-04-25T04:58:00,04/25/202604:58,20.75,0.0,0.0,51.4,0.0,0.0,0.0,0.0,0.0,198.7,23828.0,45078.0,18.0,15.8,98.0,29.68,9.167,131.9,0.0,0.0,
2026-04-25T04:59:00,04/25/202604:59,20.75,0.0,0.0,51.4,0.0,0.0,0.0,0.0,0.0,198.7,23828.0,45078.0,18.0,15.8,98.0,29.68,9.217,132.0,0.0,0.0,
2026-04-25T05:00:00,04/25/202605:00,20.740000000000002,0.0,0.0,51.379999999999995,0.0,0.0,0.0,0.0,0.0,198.7,23828.0,45078.0,18.0,15.8,98.0,29.68,9.267,132.1,0.0,0.0,
2026-04-25T05:01:00,04/25/202605:01,20.73,0.0,0.0,51.36999999999999,0.0,0.0,0.0,0.0,0.0,198.7,23828.0,45078.0,18.0,15.809999999999999,98.1,29.68,9.286,132.2,0.0,0.0,
2026-04-25T05:01:12,04/25/202605:01,20.72,0.0,0.0,51.36,0.0,0.0,0.0,0.0,0.0,198.7,23828.0,45078.0,18.0,15.820000000000002,98.2,29.68,9.305,132.3,0.0,0.0,
2026-04-25T05:02:00,04/25/202605:02,20.71,0.0,0.0,51.35,0.0,0.0,0.0,0.0,0.0,198.7,23828.0,45078.0,18.0,15.830000000000002,98.3,29.68,9.324,132.4,0.0,0.0,
2026-04-25T05:03:00,04/25/202605:03,20.69,0.0,0.0,51.35,0.0,0.0,0.0,0.0,0.0,198.7,23828.0,45078.0,18.0,15.84,98.4,29.68,9.324,132.6,0.0,0.0,
2026-04-25T05:04:53,04/25/202605:04,20.68,0.0,0.0,51.36,0.0,0.0,0.0,0.0,0.0,198.7,23828.0,45078.0,18.0,15.85,98.5,29.68,9.324,132.8,0.0,0.0,
2026-04-25T05:05:01,04/25/202605:05,20.669999999999998,0.0,0.0,51.36,0.0,0.0,0.0,0.0,0.0,198.7,23828.0,45078.0,18.0,15.86,98.6,29.68,9.324,133.0,0.0,0.0,
2026-04-25T05:05:12,04/25/202605:05,20.66,0.0,0.0,51.36,0.0,0.0,0.0,0.0,0.0,198.7,23828.0,45078.0,18.0,15.870000000000001,98.7,29.68,9.293,133.0,0.0,0.0,
2026-04-25T05:06:00,04/25/202605:06,20.65,0.0,0.0,51.36,0.0,0.0,0.0,0.0,0.0,198.7,23828.0,45078.0,18.0,15.88,98.8,29.68,9.261999999999999,133.0,0.0,0.0,
2026-04-25T05:07:01,04/25/202605:07,20.64,0.0,0.0,51.35,0.0,0.0,0.0,0.0,0.0,198.7,23828.0,45078.0,18.0,15.89,98.9,29.68,9.230999999999998,133.0,0.0,0.0,
2026-04-25T05:08:00,04/25/202605:08,20.630000000000003,0.0,0.0,51.36,0.0,0.0,0.0,0.0,0.0,198.7,23828.0,45078.0,18.0,15.9,99.0,29.68,9.2,133.0,0.0,0.0,
2026-04-25T05:08:11,04/25/202605:08,20.630000000000003,0.0,0.0,51.36,0.0,0.0,0.0,0.0,0.0,198.7,23828.0,45078.0,18.0,15.9,99.1,29.68,9.2,133.0,0.0,0.0,
2026-04-25T05:09:00,04/25/202605:09,20.64,0.0,0.0,51.36999999999999,0.0,0.0,0.0,0.0,0.0,198.7,23828.0,45078.0,18.0,15.9,99.2,29.68,9.2,133.0,0.0,0.0,
2026-04-25T05:10:00,04/25/202605:10,20.65,0.0,0.0,51.379999999999995,0.0,0.0,0.0,0.0,0.0,198.7,23828.0,45078.0,18.1,15.9,99.3,29.68,9.2,133.0,0.0,0.0,
2026-04-25T05:11:00,04/25/202605:11,20.66,0.0,0.0,51.39,0.0,0.0,0.0,0.0,0.0,198.7,23828.0,45078.0,18.0,15.9,99.4,29.68,9.2,133.0,0.0,0.0,
2026-04-25T05:12:04,04/25/202605:12,20.66,0.0,0.0,51.39,0.0,0.0,0.0,0.0,0.0,198.7,23828.0,45078.0,18.0,15.9,99.5,29.68,9.2,133.0,0.0,0.0,
2026-04-25T05:13:00,04/25/202605:13,20.66,0.0,0.0,51.39,0.0,0.0,0.0,0.0,0.0,198.7,23828.0,45078.0,18.0,15.9,99.6,29.68,9.2,133.0,0.0,0.0,
2026-04-25T05:14:00,04/25/202605:14,20.669999999999998,0.0,0.0,51.39,0.0,0.0,0.0,0.0,0.0,198.7,23828.0,45078.0,18.0,15.9,99.7,29.68,9.2,133.0,0.0,0.0,
2026-04-25T05:16:05,04/25/202605:16,20.68,0.0,0.0,51.39,0.0,0.0,0.0,0.0,0.0,198.7,23828.0,45078.0,18.0,15.9,99.8,29.68,9.2,133.0,0.0,0.0,
2026-04-25T05:17:00,04/25/202605:17,20.69,0.0,0.0,51.4,0.0,0.0,0.0,0.0,0.0,198.7,23828.0,45078.0,18.0,15.920000000000002,99.9,29.68,9.15,132.9,0.0,0.0,
2026-04-25T05:18:01,04/25/202605:18,20.7,0.0,0.0,51.39,0.0,0.0,0.0,0.0,0.0,198.7,23828.0,45078.0,18.0,15.940000000000001,100.0,29.68,9.1,132.8,0.0,0.0,
2026-04-25T05:18:05,04/25/202605:18,20.69,0.0,0.0,51.39,0.0,0.0,0.0,0.0,0.0,198.7,23828.0,45078.0,18.0,15.959999999999999,100.0,29.68,9.05,132.7,0.0,0.0,
2026-04-25T05:19:00,04/25/202605:19,20.68,0.0,0.0,51.39,0.0,0.0,0.0,0.0,0.0,198.7,23828.0,45078.0,18.0,15.98,100.0,29.68,9.0,132.6,0.0,0.0,
2026-04-25T05:20:00,04/25/202605:20,20.669999999999998,0.0,0.0,51.39,0.0,0.0,0.0,0.0,0.0,198.7,23828.0,45078.0,18.0,16.0,100.0,29.68,8.95,132.5,0.0,0.0,
2026-04-25T05:20:05,04/25/202605:20,20.65,0.0,0.0,51.379999999999995,0.0,0.0,0.0,0.0,0.0,198.7,23828.0,45078.0,18.0,16.020000000000003,100.0,29.68,8.9,132.4,0.0,0.0,
2026-04-25T05:21:00,04/25/202605:21,20.630000000000003,0.0,0.0,51.36999999999999,0.0,0.0,0.0,0.0,0.0,198.7,23828.0,45078.0,18.0,16.04,100.0,29.68,8.85,132.3,0.0,0.0,
2026-04-25T05:21:04,04/25/202605:21,20.619999999999997,0.0,0.0,51.36999999999999,0.0,0.0,0.0,0.0,0.0,198.7,23828.0,45078.0,18.0,16.060000000000002,100.0,29.68,8.8,132.2,0.0,0.0,
2026-04-25T05:22:00,04/25/202605:22,20.61,0.0,0.0,51.36999999999999,0.0,0.0,0.0,0.0,0.0,198.7,23828.0,45078.0,18.0,16.080000000000002,100.0,29.68,8.75,132.1,0.0,0.0,
2026-04-25T05:22:05,04/25/202605:22,20.59,0.0,0.0,51.36999999999999,0.0,0.0,0.0,0.0,0.0,198.7,23828.0,45078.0,18.0,16.1,100.0,29.68,8.7,132.0,0.0,0.0,
2026-04-25T05:23:00,04/25/202605:23,20.57,0.0,0.0,51.36999999999999,0.0,0.0,0.0,0.0,0.0,198.7,23828.0,45078.0,18.0,16.1,100.0,29.68,8.7,132.0,0.0,0.0,
2026-04-25T05:23:50,04/25/202605:23,20.54,0.0,0.0,51.379999999999995,0.0,0.0,0.0,0.0,0.0,198.7,23828.0,45078.0,18.0,16.1,100.0,29.68,8.7,132.0,0.0,0.0,
2026-04-25T05:24:00,04/25/202605:24,20.52,0.0,0.0,51.379999999999995,0.0,0.0,0.0,0.0,0.0,198.7,23828.0,45078.0,18.0,16.1,100.0,29.68,8.7,132.0,0.0,0.0,
2026-04-25T05:25:01,04/25/202605:25,20.5,0.0,0.0,51.36999999999999,0.0,0.0,0.0,0.0,0.0,198.7,23828.0,45078.0,18.0,16.1,100.0,29.68,8.7,132.0,0.0,0.0,
2026-04-25T05:25:50,04/25/202605:25,20.47,0.0,0.0,51.36999999999999,0.0,0.0,0.0,0.0,0.0,198.7,23828.0,45078.0,18.0,16.1,100.0,29.68,8.7,132.0,0.0,0.0,
2026-04-25T05:26:00,04/25/202605:26,20.45,0.0,0.0,51.379999999999995,0.0,0.0,0.0,0.0,0.0,198.7,23828.0,45078.0,18.0,16.1,100.0,29.68,8.7,132.0,0.0,0.0,
2026-04-25T05:27:16,04/25/202605:27,20.44,0.0,0.0,51.39,0.0,0.0,0.0,0.0,0.0,198.7,23828.0,45078.0,18.0,16.1,100.0,29.68,8.7,132.0,0.0,0.0,
2026-04-25T05:27:50,04/25/202605:27,20.43,0.0,0.0,51.379999999999995,0.0,0.0,0.0,0.0,0.0,198.7,23828.0,45078.0,18.0,16.1,100.0,29.68,8.7,132.0,0.0,0.0,
2026-04-25T05:28:00,04/25/202605:28,20.419999999999998,0.0,0.0,51.36999999999999,0.0,0.0,0.0,0.0,0.0,198.7,23828.0,45078.0,18.0,16.1,100.0,29.68,8.7,132.0,0.0,0.0,
2026-04-25T05:29:01,04/25/202605:29,20.419999999999998,0.0,0.0,51.36999999999999,0.0,0.0,0.0,0.0,0.0,198.7,23828.0,45078.0,18.0,16.1,100.0,29.68,8.7,132.0,0.0,0.0,
2026-04-25T05:29:26,04/25/202605:29,20.41,0.0,0.0,51.36,0.0,0.0,0.0,0.0,0.0,198.7,23828.0,45078.0,18.0,16.12,100.0,29.68,8.638,132.0,0.0,0.0,
2026-04-25T05:30:00,04/25/202605:30,20.41,0.0,0.0,51.35,0.0,0.0,0.0,0.0,0.0,198.7,23828.0,45078.0,18.0,16.14,100.0,29.68,8.575999999999999,132.0,0.0,0.0,
2026-04-25T05:31:01,04/25/202605:31,20.41,0.0,0.0,51.339999999999996,0.0,0.0,0.0,0.0,0.0,198.7,23828.0,45078.0,18.0,16.14,99.9,29.68,8.514,132.0,0.0,0.0,
2026-04-25T05:32:02,04/25/202605:32,20.419999999999998,0.0,0.0,51.35,0.0,0.0,0.0,0.0,0.0,198.7,23828.0,45078.0,18.0,16.14,99.8,29.68,8.452,132.0,0.0,0.0,
2026-04-25T05:33:01,04/25/202605:33,20.44,0.0,0.0,51.35,0.0,0.0,0.0,0.0,0.0,198.7,23828.0,45078.0,18.0,16.14,99.7,29.68,8.389999999999999,132.0,0.0,0.0,
2026-04-25T05:34:01,04/25/202605:34,20.46,0.0,0.0,51.35,0.0,0.0,0.0,0.0,0.0,198.7,23828.0,45078.0,18.0,16.14,99.6,29.68,8.328,132.0,0.0,0.0,
2026-04-25T05:35:01,04/25/202605:35,20.47,0.0,0.0,51.339999999999996,0.0,0.0,0.0,0.0,0.0,198.7,23828.0,45078.0,18.0,16.14,99.5,29.68,8.266,132.0,0.0,0.0,
2026-04-25T05:35:03,04/25/202605:35,20.46,0.0,0.0,51.35,0.0,0.0,0.0,0.0,0.0,198.7,23828.0,45078.0,17.9,16.14,99.5,29.68,8.203999999999999,132.0,0.0,0.0,
2026-04-25T05:36:00,04/25/202605:36,20.45,0.0,0.0,51.36,0.0,0.0,0.0,0.0,0.0,198.7,23828.0,45078.0,17.9,16.14,99.5,29.68,8.142,132.0,0.0,0.0,
2026-04-25T05:36:04,04/25/202605:36,20.45,0.0,0.0,51.35,0.0,0.0,0.0,0.0,0.0,198.7,23828.0,45078.0,18.0,16.14,99.5,29.68,8.08,132.0,0.0,0.0,
2026-04-25T05:37:00,04/25/202605:37,20.46,0.0,0.0,51.35,0.0,0.0,0.0,0.0,0.0,198.7,23828.0,45078.0,18.0,16.12,99.5,29.68,8.08,132.0,0.0,0.0,
2026-04-25T05:38:28,04/25/202605:38,20.46,0.0,0.0,51.36,0.0,0.0,0.0,0.0,0.0,198.7,23828.0,45078.0,18.0,16.1,99.5,29.68,8.08,132.0,0.0,0.0,
2026-04-25T05:38:45,04/25/202605:38,20.47,0.0,0.0,51.36999999999999,0.0,0.0,0.0,0.0,0.0,198.7,23828.0,45078.0,18.0,16.1,99.6,29.68,8.08,132.0,0.0,0.0,
2026-04-25T05:39:00,04/25/202605:39,20.47,0.0,0.0,51.36999999999999,0.0,0.0,0.0,0.0,0.0,198.7,23828.0,45078.0,18.0,16.1,99.7,29.68,8.08,132.0,0.0,0.0,
2026-04-25T05:40:01,04/25/202605:40,20.47,0.0,0.0,51.36,0.0,0.0,0.0,0.0,0.0,198.7,23828.0,45078.0,18.0,16.1,99.8,29.68,8.08,132.0,0.0,0.0,
2026-04-25T05:41:00,04/25/202605:41,20.47,0.0,0.0,51.35,0.0,0.0,0.0,0.0,0.0,198.7,23828.0,45078.0,18.0,16.1,99.9,29.68,8.08,132.0,0.0,0.0,
2026-04-25T05:42:01,04/25/202605:42,20.47,0.0,0.0,51.35,0.0,0.0,0.0,0.0,0.0,198.7,23828.0,45078.0,18.0,16.1,100.0,29.68,8.08,132.0,0.0,0.0,
2026-04-25T05:42:45,04/25/202605:42,20.47,0.0,0.0,51.35,0.0,0.0,0.0,0.0,0.0,198.7,23828.0,45078.0,18.0,16.1,100.0,29.68,8.08,132.0,0.0,0.0,
2026-04-25T05:43:00,04/25/202605:43,20.47,0.0,0.0,51.35,0.0,0.0,0.0,0.0,0.0,198.7,23828.0,45078.0,18.0,16.1,100.0,29.68,8.08,132.0,0.0,0.0,
2026-04-25T05:43:45,04/25/202605:43,20.47,0.0,0.0,51.35,0.0,0.0,0.0,0.0,0.0,198.7,23828.0,45078.0,17.9,16.1,100.0,29.68,8.08,132.0,0.0,0.0,
2026-04-25T05:44:01,04/25/202605:44,20.47,0.0,0.0,51.35,0.0,0.0,0.0,0.0,0.0,198.7,23828.0,45078.0,17.9,16.1,100.0,29.68,8.08,132.0,0.0,0.0,
2026-04-25T05:44:45,04/25/202605:44,20.490000000000002,0.0,0.0,51.339999999999996,0.0,0.0,0.0,0.0,0.0,198.7,23828.0,45078.0,17.9,16.1,100.0,29.68,8.08,132.0,0.0,0.0,
2026-04-25T05:45:00,04/25/202605:45,20.5,0.0,0.0,51.33,0.0,0.0,0.0,0.0,0.0,198.7,23828.0,45078.0,17.9,16.1,100.0,29.68,8.08,132.0,0.0,0.0,
2026-04-25T05:45:45,04/25/202605:45,20.5,0.0,0.0,51.31999999999999,0.0,0.0,0.0,0.0,0.0,198.7,23828.0,45078.0,18.0,16.07,100.0,29.68,8.092,132.3,0.0,0.0,
2026-04-25T05:46:01,04/25/202605:46,20.5,0.0,0.0,51.31999999999999,0.0,0.0,0.0,0.0,0.0,198.7,23828.0,45078.0,18.0,16.04,100.0,29.68,8.104,132.6,0.0,0.0,
2026-04-25T05:47:00,04/25/202605:47,20.5,0.0,0.0,51.31999999999999,0.0,0.0,0.0,0.0,0.0,198.7,23828.0,45078.0,18.0,16.01,100.0,29.68,8.116,132.9,0.0,0.0,
2026-04-25T05:48:01,04/25/202605:48,20.5,0.0,0.0,51.31999999999999,0.0,0.0,0.0,0.0,0.0,198.7,23828.0,45078.0,18.0,15.98,100.0,29.68,8.128,133.2,0.0,0.0,
2026-04-25T05:49:39,04/25/202605:49,20.5,0.0,0.0,51.31,0.0,0.0,0.0,0.0,0.0,198.7,23828.0,45078.0,18.0,15.95,100.0,29.68,8.139999999999999,133.5,0.0,0.0,
2026-04-25T05:49:46,04/25/202605:49,20.490000000000002,0.0,0.0,51.3,0.0,0.0,0.0,0.0,0.0,198.7,23828.0,45078.0,18.0,15.920000000000002,100.0,29.68,8.152,133.8,0.0,0.0,
2026-04-25T05:50:00,04/25/202605:50,20.47,0.0,0.0,51.3,0.0,0.0,0.0,0.0,0.0,198.7,23828.0,45078.0,18.0,15.89,100.0,29.68,8.164,134.1,0.0,0.0,
2026-04-25T05:50:45,04/25/202605:50,20.46,0.0,0.0,51.3,0.0,0.0,0.0,0.0,0.0,198.7,23828.0,45078.0,17.9,15.860000000000003,100.0,29.68,8.175999999999998,134.4,0.0,0.0,
2026-04-25T05:51:00,04/25/202605:51,20.44,0.0,0.0,51.3,0.0,0.0,0.0,0.0,0.0,198.7,23828.0,45078.0,17.9,15.830000000000002,100.0,29.68,8.187999999999999,134.7,0.0,0.0,
2026-04-25T05:52:00,04/25/202605:52,20.419999999999998,0.0,0.0,51.3,0.0,0.0,0.0,0.0,0.0,198.7,23828.0,45078.0,18.0,15.8,100.0,29.68,8.2,135.0,0.0,0.0,
2026-04-25T05:52:45,04/25/202605:52,20.419999999999998,0.0,0.0,51.3,0.0,0.0,0.0,0.0,0.0,198.7,23828.0,45078.0,17.9,15.8,100.0,29.68,8.2,135.0,0.0,0.0,
2026-04-25T05:53:01,04/25/202605:53,20.419999999999998,0.0,0.0,51.3,0.0,0.0,0.0,0.0,0.0,198.7,23828.0,45078.0,17.9,15.8,100.0,29.68,8.2,135.0,0.0,0.0,
2026-04-25T05:54:00,04/25/202605:54,20.419999999999998,0.0,0.0,51.3,0.0,0.0,0.0,0.0,0.0,198.7,23828.0,45078.0,18.0,15.8,100.0,29.68,8.2,135.0,0.0,0.0,
2026-04-25T05:54:46,04/25/202605:54,20.43,0.0,0.0,51.3,0.0,0.0,0.0,0.0,0.0,198.7,23828.0,45078.0,18.0,15.8,100.0,29.68,8.2,135.0,0.0,0.0,
2026-04-25T05:55:01,04/25/202605:55,20.45,0.0,0.0,51.3,0.0,0.0,0.0,0.0,0.0,198.7,23828.0,45078.0,18.0,15.8,100.0,29.68,8.2,135.0,0.0,0.0,
2026-04-25T05:55:45,04/25/202605:55,20.47,0.0,0.0,51.3,0.0,0.0,0.0,0.0,0.0,198.7,23828.0,45078.0,17.9,15.8,100.0,29.68,8.2,135.0,0.0,0.0,
2026-04-25T05:56:00,04/25/202605:56,20.490000000000002,0.0,0.0,51.3,0.0,0.0,0.0,0.0,0.0,198.7,23828.0,45078.0,17.9,15.8,100.0,29.68,8.2,135.0,0.0,0.0,
2026-04-25T05:57:01,04/25/202605:57,20.5,0.0,0.0,51.3,0.0,0.0,0.0,0.0,0.0,198.7,23828.0,45078.0,17.9,15.8,100.0,29.68,8.2,135.0,0.0,0.0,
2026-04-25T05:58:00,04/25/202605:58,20.509999999999998,0.0,0.0,51.3,0.0,0.0,0.0,0.0,0.0,198.7,23828.0,45078.0,17.9,15.8,100.0,29.68,8.2,135.0,0.0,0.0,
2026-04-25T05:59:01,04/25/202605:59,20.52,0.0,0.0,51.3,0.0,0.0,0.0,0.0,0.0,198.7,23828.0,45078.0,17.9,15.8,100.0,29.68,8.2,135.0,0.0,0.0,
2026-04-25T06:00:51,04/25/202606:00,20.52,0.0,0.0,51.3,0.0,0.0,0.0,0.0,0.0,198.7,23828.0,45078.0,17.9,15.809999999999999,100.0,29.683,8.206999999999999,134.6,0.0,0.0,
2026-04-25T06:01:01,04/25/202606:01,20.52,0.0,0.0,51.3,0.0,0.0,0.0,0.0,0.0,198.7,23828.0,45078.0,17.9,15.820000000000002,100.0,29.686,8.213999999999999,134.2,0.0,0.0,
2026-04-25T06:02:00,04/25/202606:02,20.52,0.0,0.0,51.29,0.0,0.0,0.0,0.0,0.0,198.7,23828.0,45078.0,17.9,15.830000000000002,100.0,29.689,8.221,133.8,0.0,0.0,
2026-04-25T06:02:46,04/25/202606:02,20.52,0.0,0.0,51.29,0.0,0.0,0.0,0.0,0.0,198.7,23828.0,45078.0,17.9,15.84,100.0,29.692,8.228,133.4,0.0,0.0,
2026-04-25T06:03:01,04/25/202606:03,20.52,0.0,0.0,51.29,0.0,0.0,0.0,0.0,0.0,198.7,23828.0,45078.0,17.9,15.85,100.0,29.695,8.235,133.0,0.0,0.0,
2026-04-25T06:03:45,04/25/202606:03,20.52,0.0,0.0,51.29,0.0,0.0,0.0,0.0,0.0,198.7,23828.0,45078.0,18.0,15.86,100.0,29.698,8.241999999999999,132.6,0.0,0.0,
2026-04-25T06:04:00,04/25/202606:04,20.52,0.0,0.0,51.29,0.0,0.0,0.0,0.0,0.0,198.7,23828.0,45078.0,18.0,15.870000000000001,100.0,29.701,8.248999999999999,132.2,0.0,0.0,
2026-04-25T06:05:00,04/25/202606:05,20.52,0.0,0.0,51.279999999999994,0.0,0.0,0.0,0.0,0.0,198.7,23828.0,45078.0,17.9,15.88,100.0,29.704,8.256,131.8,0.0,0.0,
2026-04-25T06:06:00,04/25/202606:06,20.52,0.0,0.0,51.279999999999994,0.0,0.0,0.0,0.0,0.0,198.7,23828.0,45078.0,17.9,15.89,100.0,29.707,8.263,131.4,0.0,0.0,
2026-04-25T06:07:00,04/25/202606:07,20.52,0.0,0.0,51.279999999999994,0.0,0.0,0.0,0.0,0.0,198.7,23828.0,45078.0,17.9,15.9,100.0,29.71,8.27,131.0,0.0,0.0,
2026-04-25T06:07:45,04/25/202606:07,20.53,0.0,0.0,51.27,0.0,0.0,0.0,0.0,0.0,198.7,23828.0,45078.0,17.9,15.9,100.0,29.71,8.27,131.0,0.0,0.0,
2026-04-25T06:08:00,04/25/202606:08,20.54,0.0,0.0,51.260000000000005,0.0,0.0,0.0,0.0,0.0,198.7,23828.0,45078.0,17.9,15.9,100.0,29.71,8.27,131.0,0.0,0.0,
2026-04-25T06:08:46,04/25/202606:08,20.56,0.0,0.0,51.27,0.0,0.0,0.0,0.0,0.0,198.7,23828.0,45078.0,17.9,15.9,100.0,29.71,8.27,131.0,0.0,0.0,
2026-04-25T06:09:00,04/25/202606:09,20.57,0.0,0.0,51.27,0.0,0.0,0.0,0.0,0.0,198.7,23828.0,45078.0,17.9,15.9,100.0,29.71,8.27,131.0,0.0,0.0,
2026-04-25T06:09:46,04/25/202606:09,20.59,0.0,0.0,51.27,0.0,0.0,0.0,0.0,0.0,198.7,23828.0,45078.0,18.0,15.9,100.0,29.71,8.27,131.0,0.0,0.0,
2026-04-25T06:10:00,04/25/202606:10,20.619999999999997,0.0,0.0,51.27,0.0,0.0,0.0,0.0,0.0,198.7,23828.0,45078.0,18.0,15.9,100.0,29.71,8.27,131.0,0.0,0.0,
2026-04-25T06:12:03,04/25/202606:12,20.66,0.0,0.0,51.260000000000005,0.0,0.0,0.0,0.0,0.0,198.7,23828.0,45078.0,17.9,15.9,100.0,29.71,8.27,131.0,0.0,0.0,
2026-04-25T06:12:46,04/25/202606:12,20.71,0.0,0.0,51.260000000000005,0.0,0.0,0.0,0.0,0.0,198.7,23828.0,45078.0,17.9,15.9,100.0,29.71,8.27,131.0,0.0,0.0,
2026-04-25T06:13:00,04/25/202606:13,20.759999999999998,0.0,0.0,51.25,0.0,0.0,0.0,0.0,0.0,198.7,23828.0,45078.0,17.9,15.9,100.0,29.71,8.27,131.0,0.0,0.0,
2026-04-25T06:13:46,04/25/202606:13,20.82,0.0,0.0,51.239999999999995,0.0,0.0,0.0,0.0,0.0,198.7,23828.0,45078.0,17.9,15.9,100.0,29.71,8.27,131.0,0.0,0.0,
2026-04-25T06:14:01,04/25/202606:14,20.869999999999997,0.0,0.0,51.239999999999995,0.0,0.0,0.0,0.0,0.0,198.7,23828.0,45078.0,17.9,15.9,100.0,29.71,8.27,131.0,0.0,0.0,
2026-04-25T06:14:45,04/25/202606:14,20.94,0.0,0.0,51.25,0.0,0.0,0.0,0.0,0.0,198.7,23828.0,45078.0,17.9,15.9,100.0,29.71,8.27,131.0,0.0,0.0,
2026-04-25T06:15:00,04/25/202606:15,21.0,0.0,0.0,51.25,0.0,0.0,0.0,0.0,0.0,198.7,23828.0,45078.0,17.9,15.9,100.0,29.71,8.27,131.0,0.0,0.0,
2026-04-25T06:15:46,04/25/202606:15,21.07,0.0,0.0,51.25,0.0,0.0,0.0,0.0,0.0,198.7,23828.0,45078.0,17.9,15.9,100.0,29.71,8.306999999999999,130.6,0.0,0.0,
2026-04-25T06:16:01,04/25/202606:16,21.130000000000003,0.0,0.0,51.25,0.0,0.0,0.0,0.0,0.0,198.7,23828.0,45078.0,17.9,15.9,100.0,29.71,8.344,130.2,0.0,0.0,
2026-04-25T06:16:46,04/25/202606:16,21.22,0.0,0.0,51.25,0.0,0.0,0.0,0.0,0.0,198.7,23828.0,45078.0,18.0,15.9,100.0,29.71,8.381,129.8,0.0,0.0,
2026-04-25T06:17:00,04/25/202606:17,21.3,0.0,0.0,51.260000000000005,0.0,0.0,0.0,0.0,0.0,198.7,23828.0,45078.0,18.0,15.9,100.0,29.71,8.418000000000001,129.4,0.0,0.0,
2026-04-25T06:17:46,04/25/202606:17,21.41,0.0,0.0,51.27,0.0,0.0,0.0,0.0,0.0,198.7,23828.0,45078.0,17.9,15.9,100.0,29.71,8.455,129.0,0.0,0.0,
2026-04-25T06:18:01,04/25/202606:18,21.52,0.0,0.0,51.279999999999994,0.0,0.0,0.0,0.0,0.0,198.7,23828.0,45078.0,17.9,15.9,100.0,29.71,8.492,128.6,0.0,0.0,
2026-04-25T06:18:46,04/25/202606:18,21.69,0.0,0.0,51.279999999999994,0.0,0.0,0.0,0.0,0.0,198.7,23828.0,45078.0,17.9,15.9,100.0,29.71,8.529,128.2,0.0,0.0,
2026-04-25T06:19:00,04/25/202606:19,21.86,0.0,0.0,51.279999999999994,0.0,0.0,0.0,0.0,0.0,198.7,23828.0,45078.0,17.9,15.9,100.0,29.71,8.565999999999999,127.8,0.0,0.0,
2026-04-25T06:20:20,04/25/202606:20,22.14,0.0,0.0,51.27,0.0,0.0,0.0,0.0,0.0,198.7,23828.0,45078.0,17.9,15.9,100.0,29.71,8.603,127.4,0.0,0.0,
2026-04-25T06:21:00,04/25/202606:21,22.419999999999998,0.0,0.0,51.260000000000005,0.0,0.0,0.0,0.0,0.0,198.7,23828.0,45078.0,17.9,15.9,100.0,29.71,8.64,127.0,0.0,0.0,
2026-04-25T06:21:20,04/25/202606:21,22.82,0.0,0.0,51.260000000000005,0.0,0.0,0.0,0.0,0.0,198.7,23828.0,45078.0,17.9,15.9,100.0,29.71,8.64,127.0,0.0,0.0,
2026-04-25T06:23:14,04/25/202606:23,23.64,0.0,0.0,51.260000000000005,0.0,0.0,0.0,0.0,0.0,198.7,23828.0,45078.0,18.0,15.9,100.0,29.71,8.64,127.0,0.0,0.0,
2026-04-25T06:23:57,04/25/202606:23,24.720000000000002,0.0,0.0,51.260000000000005,0.0,0.0,0.0,0.0,0.0,198.7,23828.0,45078.0,17.9,15.9,100.0,29.71,8.64,127.0,0.0,0.0,
2026-04-25T06:24:00,04/25/202606:24,25.8,0.0,0.0,51.260000000000005,0.0,0.0,0.0,0.0,0.0,198.7,23828.0,45078.0,17.9,15.9,100.0,29.71,8.64,127.0,0.0,0.0,
2026-04-25T06:24:57,04/25/202606:24,27.130000000000003,0.0,0.0,51.260000000000005,0.0,0.0,0.0,0.0,0.0,198.7,23828.0,45078.0,17.9,15.9,100.0,29.71,8.64,127.0,0.0,0.0,
2026-04-25T06:25:01,04/25/202606:25,28.46,0.0,0.0,51.260000000000005,0.0,0.0,0.0,0.0,0.0,198.7,23828.0,45078.0,17.9,15.9,100.0,29.71,8.64,127.0,0.0,0.0,
2026-04-25T06:25:57,04/25/202606:25,30.119999999999997,0.0,0.0,51.260000000000005,0.0,0.0,0.0,0.0,0.0,198.7,23828.0,45078.0,17.9,15.9,100.0,29.71,8.64,127.0,0.0,0.0,
2026-04-25T06:26:00,04/25/202606:26,31.78,0.0,0.0,51.260000000000005,0.0,0.0,0.0,0.0,0.0,198.7,23828.0,45078.0,17.9,15.9,100.0,29.71,8.64,127.0,0.0,0.0,
2026-04-25T06:26:57,04/25/202606:26,33.72,0.0,0.0,51.27,0.0,0.0,0.0,0.0,0.0,198.7,23828.0,45078.0,17.9,15.9,100.0,29.71,8.64,127.0,0.0,0.0,
2026-04-25T06:27:01,04/25/202606:27,35.660000000000004,0.0,0.0,51.279999999999994,0.0,0.0,0.0,0.0,0.0,198.7,23828.0,45078.0,17.9,15.9,100.0,29.71,8.64,127.0,0.0,0.0,
2026-04-25T06:27:57,04/25/202606:27,38.42,0.0,0.0,51.27,0.0,0.0,0.0,0.0,0.0,198.7,23828.0,45078.0,17.9,15.940000000000001,100.0,29.71,8.64,127.0,0.0,0.0,
2026-04-25T06:28:00,04/25/202606:28,40.760000000000005,0.0,0.0,51.260000000000005,0.0,0.0,0.0,0.0,0.0,198.7,23828.0,45078.0,17.9,15.98,100.0,29.71,8.64,127.0,0.0,0.0,
2026-04-25T06:29:00,04/25/202606:29,42.81,0.0,0.0,51.25,0.0,0.0,0.0,0.0,0.0,198.7,23828.0,45078.0,17.9,16.020000000000003,100.0,29.71,8.752,126.5,0.0,0.0,
2026-04-25T06:30:01,04/25/202606:30,44.86,0.0,0.0,51.25,0.0,0.0,0.0,0.0,0.0,198.7,23828.0,45078.0,17.9,16.06,100.0,29.71,8.864,126.0,0.0,0.0,
2026-04-25T06:30:57,04/25/202606:30,46.61,0.0,0.0,51.25,0.0,0.0,0.0,0.0,0.0,198.7,23828.0,45078.0,17.9,16.09,100.0,29.71,9.013000000000002,125.4,0.0,0.0,
2026-04-25T06:31:00,04/25/202606:31,48.36,0.0,0.0,51.25,0.0,0.0,0.0,0.0,0.0,198.7,23828.0,45078.0,17.9,16.119999999999997,100.0,29.71,9.162,124.8,0.0,0.0,
2026-04-25T06:31:57,04/25/202606:31,49.72,0.0,0.0,51.260000000000005,0.0,0.0,0.0,0.0,0.0,198.7,23828.0,45078.0,17.9,16.15,100.0,29.71,9.311,124.2,0.0,0.0,
2026-04-25T06:32:01,04/25/202606:32,51.08,0.0,0.0,51.27,0.0,0.0,0.0,0.0,0.0,198.7,23828.0,45078.0,17.9,16.18,100.0,29.71,9.46,123.6,0.0,0.0,
2026-04-25T06:33:00,04/25/202606:33,52.029999999999994,0.0,0.0,51.27,0.0,0.0,0.0,0.0,0.0,198.7,23828.0,45078.0,17.9,16.21,100.0,29.707,9.609,123.0,0.0,0.0,
2026-04-25T06:34:25,04/25/202606:34,52.970000000000006,0.0,0.0,51.260000000000005,0.0,0.0,0.0,0.0,0.0,198.7,23828.0,45078.0,17.9,16.240000000000002,99.8,29.704,9.758000000000001,122.4,0.0,0.0,
2026-04-25T06:34:57,04/25/202606:34,52.970000000000006,0.0,0.0,51.27,0.0,0.0,0.0,0.0,0.0,198.7,23828.0,45078.0,17.9,16.23,99.6,29.701,9.907,121.8,0.0,0.0,
2026-04-25T06:35:00,04/25/202606:35,52.970000000000006,0.0,0.0,51.279999999999994,0.0,0.0,0.0,0.0,0.0,198.7,23828.0,45078.0,17.9,16.22,99.4,29.698,10.056000000000001,121.2,0.0,0.0,
2026-04-25T06:35:57,04/25/202606:35,52.98,0.0,0.0,51.29,0.0,0.0,0.0,0.0,0.0,198.7,23828.0,45078.0,17.9,16.21,99.2,29.695,10.093,121.1,0.0,0.0,
2026-04-25T06:36:01,04/25/202606:36,52.989999999999995,0.0,0.0,51.29,0.0,0.0,0.0,0.0,0.0,198.7,23828.0,45078.0,17.9,16.2,99.0,29.692,10.13,121.0,0.0,0.0,
2026-04-25T06:36:13,04/25/202606:36,53.0,0.0,0.0,51.279999999999994,0.0,0.0,0.0,0.0,0.0,198.7,23828.0,45078.0,17.9,16.2,98.8,29.689,10.13,121.0,0.0,0.0,
2026-04-25T06:37:00,04/25/202606:37,53.010000000000005,0.0,0.0,51.27,0.0,0.0,0.0,0.0,0.0,198.7,23828.0,45078.0,17.9,16.2,98.6,29.686,10.13,121.0,0.0,0.0,
2026-04-25T06:37:13,04/25/202606:37,53.02,0.0,0.0,51.260000000000005,0.0,0.0,0.0,0.0,0.0,198.7,23828.0,45078.0,17.9,16.2,98.4,29.683,10.13,121.0,0.0,0.0,
2026-04-25T06:38:01,04/25/202606:38,53.029999999999994,0.0,0.0,51.25,0.0,0.0,0.0,0.0,0.0,198.7,23828.0,45078.0,17.9,16.2,98.2,29.68,10.13,121.0,0.0,0.0,
2026-04-25T06:39:00,04/25/202606:39,53.04,0.0,0.0,51.25,0.0,0.0,0.0,0.0,0.0,198.7,23828.0,45078.0,17.9,16.2,98.0,29.68,10.13,121.0,0.0,0.0,
2026-04-25T06:40:01,04/25/202606:40,53.06,0.0,0.0,51.25,0.0,0.0,0.0,0.0,0.0,198.7,23828.0,45078.0,17.9,16.2,98.0,29.68,10.13,121.0,0.0,0.0,
2026-04-25T06:41:01,04/25/202606:41,53.07000000000001,0.0,0.0,51.239999999999995,0.0,0.0,0.0,0.0,0.0,198.7,23828.0,45078.0,17.9,16.2,98.0,29.68,10.13,121.0,0.0,0.0,
2026-04-25T06:42:01,04/25/202606:42,53.08,0.0,0.0,51.23,0.0,0.0,0.0,0.0,0.0,198.7,23828.0,45078.0,17.9,16.2,98.0,29.68,10.13,121.0,0.0,0.0,
2026-04-25T06:43:01,04/25/202606:43,53.08,0.0,0.0,51.23,0.0,0.0,0.0,0.0,0.0,198.7,23828.0,45078.0,17.9,16.2,98.0,29.68,10.13,121.0,0.0,0.0,
2026-04-25T06:43:54,04/25/202606:43,52.870000000000005,0.0,0.0,51.23,0.0,0.0,0.0,0.0,0.0,198.7,23828.0,45078.0,17.9,16.2,98.0,29.68,10.13,121.0,0.0,0.0,
2026-04-25T06:44:01,04/25/202606:44,52.67,0.0,0.0,51.239999999999995,0.0,0.0,0.0,0.0,0.0,198.7,23828.0,45078.0,17.9,16.2,98.0,29.68,10.13,121.0,0.0,0.0,
2026-04-25T06:45:36,04/25/202606:45,58.81,0.0,0.0,51.239999999999995,0.0,0.0,0.0,0.0,0.0,198.7,23828.0,45078.0,17.9,16.2,98.0,29.68,10.13,121.0,0.0,0.0,
2026-04-25T06:45:54,04/25/202606:45,58.82000000000001,0.0,0.0,51.239999999999995,0.0,0.0,0.0,0.0,0.0,198.7,23828.0,45078.0,17.9,16.19,98.0,29.68,10.080000000000002,120.7,0.0,0.0,
2026-04-25T06:46:00,04/25/202606:46,58.830000000000005,0.0,0.0,51.239999999999995,0.0,0.0,0.0,0.0,0.0,198.7,23828.0,45078.0,17.9,16.18,98.0,29.68,10.030000000000001,120.4,0.0,0.0,
2026-04-25T06:47:01,04/25/202606:47,58.839999999999996,0.0,0.0,51.23,0.0,0.0,0.0,0.0,0.0,198.7,23828.0,45078.0,17.9,16.169999999999998,98.0,29.68,9.98,120.1,0.0,0.0,
2026-04-25T06:48:00,04/25/202606:48,58.85,0.0,0.0,51.239999999999995,0.0,0.0,0.0,0.0,0.0,198.7,23828.0,45078.0,17.9,16.16,98.0,29.68,9.930000000000001,119.8,0.0,0.0,
2026-04-25T06:48:54,04/25/202606:48,58.870000000000005,0.0,0.0,51.239999999999995,0.0,0.0,0.0,0.0,0.0,198.7,23828.0,45078.0,17.9,16.15,98.0,29.68,9.88,119.5,0.0,0.0,
2026-04-25T06:49:01,04/25/202606:49,58.89,0.0,0.0,51.239999999999995,0.0,0.0,0.0,0.0,0.0,198.7,23828.0,45078.0,17.9,16.14,98.0,29.68,9.830000000000002,119.2,0.0,0.0,
2026-04-25T06:49:54,04/25/202606:49,58.67999999999999,0.0,0.0,51.23,0.01,0.5123,0.5,0.0,0.0,198.7,23828.0,45078.0,17.9,16.130000000000003,98.0,29.68,9.780000000000001,118.9,0.0,0.0,
2026-04-25T06:50:00,04/25/202606:50,58.67999999999999,0.0,0.0,51.220000000000006,0.02,1.0244000000000002,1.0,0.0,0.0,198.7,23828.0,45078.0,17.9,16.12,98.0,29.68,9.73,118.6,0.0,0.0,
2026-04-25T06:50:54,04/25/202606:50,66.0,0.0,0.0,51.21,0.02,1.0242,1.0,0.0,0.0,198.7,23828.0,45078.0,17.9,16.110000000000003,98.0,29.68,9.680000000000001,118.3,0.0,0.0,
2026-04-25T06:51:01,04/25/202606:51,66.97999999999999,0.0,0.0,51.21,0.02,1.0242,1.0,0.0,0.0,198.7,23828.0,45078.0,17.9,16.1,98.0,29.68,9.63,118.0,0.0,0.0,
2026-04-25T06:51:54,04/25/202606:51,72.22999999999999,0.0,0.0,51.21,0.02,1.0242,1.0,0.0,0.0,198.7,23828.0,45078.0,17.9,16.1,98.0,29.68,9.63,118.0,0.0,0.0,
2026-04-25T06:52:00,04/25/202606:52,77.47999999999999,0.0,0.0,51.21,0.02,1.0242,1.0,0.0,0.0,198.7,23828.0,45078.0,17.9,16.1,98.0,29.68,9.63,118.0,0.0,0.0,
2026-04-25T06:52:54,04/25/202606:52,84.83,0.0,0.0,51.21,0.02,1.0242,1.0,0.0,0.0,198.7,23828.0,45078.0,17.9,16.1,98.0,29.68,9.63,118.0,0.0,0.0,
2026-04-25T06:53:01,04/25/202606:53,92.17999999999999,0.0,0.0,51.2,0.02,1.024,1.0,0.0,0.0,198.7,23828.0,45078.0,17.9,16.1,98.0,29.68,9.63,118.0,0.0,0.0,
2026-04-25T06:53:54,04/25/202606:53,97.96000000000001,0.0,0.0,51.2,0.02,1.024,1.0,0.0,0.0,198.7,23828.0,45078.0,17.9,16.1,98.0,29.68,9.63,118.0,0.0,0.0,
2026-04-25T06:54:00,04/25/202606:54,103.74000000000001,0.0,0.0,51.2,0.02,1.024,1.0,0.0,0.0,198.7,23828.0,45078.0,17.9,16.1,98.0,29.68,9.63,118.0,0.0,0.0,
2026-04-25T06:54:54,04/25/202606:54,111.53,0.0,0.0,51.21,0.01,0.5121,0.5,0.0,0.0,198.7,23828.0,45078.0,17.9,16.1,98.0,29.68,9.63,118.0,0.0,0.0,
2026-04-25T06:55:01,04/25/202606:55,119.32000000000001,0.0,0.0,51.220000000000006,0.0,0.0,0.0,0.0,0.0,198.7,23828.0,45078.0,17.9,16.1,98.0,29.68,9.63,118.0,0.0,0.0,
2026-04-25T06:56:48,04/25/202606:56,119.62,0.0,0.0,51.220000000000006,0.0,0.0,0.0,0.0,0.0,198.7,23828.0,45078.0,17.9,16.1,98.0,29.68,9.63,118.0,0.0,0.0,
2026-04-25T06:56:54,04/25/202606:56,120.30999999999999,0.0,0.0,51.23,0.0,0.0,0.0,0.0,0.0,198.7,23828.0,45078.0,17.9,16.1,98.0,29.68,9.63,118.0,0.0,0.0,
2026-04-25T06:57:01,04/25/202606:57,122.85,0.0,0.0,51.239999999999995,0.0,0.0,0.0,0.0,0.0,198.7,23828.0,45078.0,17.9,16.1,98.0,29.68,9.63,118.0,0.0,0.0,
2026-04-25T06:57:54,04/25/202606:57,125.45,0.0,0.0,51.25,0.0,0.0,0.0,0.0,0.0,198.7,23828.0,45078.0,17.9,16.1,98.0,29.68,9.63,118.0,0.0,0.0,
2026-04-25T06:58:01,04/25/202606:58,125.95,0.0,0.0,51.260000000000005,0.0,0.0,0.0,0.0,0.0,198.7,23828.0,45078.0,17.9,16.1,98.0,29.68,9.63,118.0,0.0,0.0,
2026-04-25T06:58:54,04/25/202606:58,126.47,0.0,0.0,51.260000000000005,0.0,0.0,0.0,0.0,0.0,198.7,23828.0,45078.0,17.9,16.1,98.0,29.68,9.63,118.0,0.0,0.0,
2026-04-25T06:59:00,04/25/202606:59,128.55,0.0,0.0,51.260000000000005,0.0,0.0,0.0,0.0,0.0,198.7,23828.0,45078.0,17.9,16.1,98.0,29.68,9.63,118.0,0.0,0.0,
2026-04-25T06:59:54,04/25/202606:59,130.7,0.0,0.0,51.27,0.0,0.0,0.0,0.0,0.0,198.7,23828.0,45078.0,17.9,16.1,98.0,29.68,9.63,118.0,0.0,0.0,
2026-04-25T07:00:01,04/25/202607:00,131.07,0.0,0.0,51.27,0.0,0.0,0.0,0.0,0.0,198.7,23828.0,45078.0,17.9,16.1,98.0,29.68,9.63,118.0,0.0,0.0,
2026-04-25T07:00:54,04/25/202607:00,131.47,0.0,0.0,51.27,0.0,0.0,0.0,0.0,0.0,198.7,23828.0,45078.0,17.9,16.080000000000002,98.0,29.68,9.593,118.4,0.0,0.0,
2026-04-25T07:01:00,04/25/202607:01,132.04000000000002,0.0,0.0,51.279999999999994,0.0,0.0,0.0,0.0,0.0,198.7,23828.0,45078.0,17.9,16.060000000000002,98.0,29.68,9.556000000000001,118.8,0.0,0.0,
2026-04-25T07:01:54,04/25/202607:01,132.20999999999998,0.0,0.0,51.279999999999994,0.0,0.0,0.0,0.0,0.0,198.7,23828.0,45078.0,17.9,16.04,98.0,29.68,9.519,119.2,0.0,0.0,
2026-04-25T07:02:01,04/25/202607:02,132.38,0.0,0.0,51.279999999999994,0.0,0.0,0.0,0.0,0.0,198.7,23828.0,45078.0,17.9,16.020000000000003,98.0,29.68,9.482000000000001,119.6,0.0,0.0,
2026-04-25T07:02:54,04/25/202607:02,132.53,0.0,0.0,51.279999999999994,0.0,0.0,0.0,0.0,0.0,198.7,23828.0,45078.0,17.9,16.0,98.0,29.68,9.445,120.0,0.0,0.0,
2026-04-25T07:03:00,04/25/202607:03,132.68,0.0,0.0,51.279999999999994,0.0,0.0,0.0,0.0,0.0,198.7,23828.0,45078.0,17.9,15.98,98.0,29.68,9.408,120.4,0.0,0.0,
2026-04-25T07:03:55,04/25/202607:03,132.84,0.0,0.0,51.29,0.0,0.0,0.0,0.0,0.0,198.7,23828.0,45078.0,17.9,15.959999999999999,98.0,29.68,9.371,120.8,0.0,0.0,
2026-04-25T07:04:01,04/25/202607:04,133.0,0.0,0.0,51.3,0.0,0.0,0.0,0.0,0.0,198.7,23828.0,45078.0,17.9,15.940000000000001,98.0,29.68,9.334,121.2,0.0,0.0,
2026-04-25T07:04:54,04/25/202607:04,133.15,0.0,0.0,51.31,0.0,0.0,0.0,0.0,0.0,198.7,23828.0,45078.0,17.9,15.920000000000002,98.0,29.68,9.297,121.6,0.0,0.0,
2026-04-25T07:05:00,04/25/202607:05,133.3,0.0,0.0,51.31999999999999,0.0,0.0,0.0,0.0,0.0,198.7,23828.0,45078.0,17.9,15.9,98.0,29.68,9.26,122.0,0.0,0.0,
2026-04-25T07:05:55,04/25/202607:05,133.43,0.0,0.0,51.31999999999999,0.0,0.0,0.0,0.0,0.0,198.7,23828.0,45078.0,17.9,15.9,98.0,29.68,9.26,122.0,0.0,0.0,
2026-04-25T07:06:01,04/25/202607:06,133.56,0.0,0.0,51.31999999999999,0.0,0.0,0.0,0.0,0.0,198.7,23828.0,45078.0,17.9,15.9,98.0,29.68,9.26,122.0,0.0,0.0,
2026-04-25T07:07:59,04/25/202607:07,133.83999999999997,0.0,0.0,51.33,0.0,0.0,0.0,0.0,0.0,198.7,23828.0,45078.0,17.9,15.9,98.0,29.68,9.26,122.0,0.0,0.0,
2026-04-25T07:08:01,04/25/202607:08,134.11999999999998,0.0,0.0,51.339999999999996,0.0,0.0,0.0,0.0,0.0,198.7,23828.0,45078.0,17.9,15.9,98.0,29.68,9.26,122.0,0.0,0.0,
2026-04-25T07:08:55,04/25/202607:08,126.66,0.03,3.7998,51.35,0.03,1.5405,1.5,0.0,0.0,198.7,23828.0,45078.0,17.9,15.9,98.0,29.68,9.26,122.0,0.0,0.0,0.4054160745302384
2026-04-25T07:09:01,04/25/202607:09,119.2,0.06,7.152,51.36,0.06,3.0816,3.0,0.0,0.0,198.7,23828.0,45078.0,17.9,15.9,98.0,29.68,9.26,122.0,0.0,0.0,0.4308724832214765
2026-04-25T07:09:54,04/25/202607:09,111.72,0.09,10.0548,51.36999999999999,0.1,5.137,5.0,0.0,0.0,198.7,23828.0,45078.0,17.9,15.9,98.0,29.68,9.26,122.0,0.0,0.0,0.5109002665393643
2026-04-25T07:10:01,04/25/202607:10,104.23999999999998,0.12,12.508799999999997,51.379999999999995,0.13999999999999999,7.193199999999998,7.0,0.0,0.0,198.7,23828.0,45078.0,17.9,15.9,98.0,29.68,9.26,122.0,0.0,0.0,0.5750511639805577
2026-04-25T07:10:55,04/25/202607:10,96.78,0.13999999999999999,13.549199999999999,51.379999999999995,0.18,9.248399999999998,9.0,0.0,0.0,198.7,23828.0,45078.0,17.8,15.9,98.0,29.68,9.26,122.0,0.0,0.0,0.6825790452572845
2026-04-25T07:11:01,04/25/202607:11,89.32,0.16,14.2912,51.379999999999995,0.22000000000000003,11.303600000000001,11.0,0.0,0.0,198.7,23828.0,45078.0,17.8,15.9,98.0,29.68,9.26,122.0,0.0,0.0,0.7909482758620691
2026-04-25T07:11:55,04/25/202607:11,81.86,0.16999999999999998,13.916199999999998,51.4,0.26,13.364,13.0,0.0,0.0,198.7,23828.0,45078.0,17.9,15.9,98.0,29.68,9.26,122.0,0.0,0.0,0.9603196274845146
2026-04-25T07:12:01,04/25/202607:12,74.4,0.18,13.392000000000001,51.42,0.3,15.426,15.0,0.0,0.0,198.7,23828.0,45078.0,17.9,15.9,98.0,29.68,9.26,122.0,0.0,0.0,1.1518817204301075
2026-04-25T07:12:55,04/25/202607:12,66.72,0.22000000000000003,14.678400000000002,51.42999999999999,0.33,16.971899999999998,16.5,0.0,0.0,198.7,23828.0,45078.0,17.8,15.9,98.0,29.68,9.26,122.0,0.0,0.0,1.1562499999999998
2026-04-25T07:13:01,04/25/202607:13,59.04,0.26,15.3504,51.44,0.36,18.5184,18.0,0.0,0.0,198.7,23828.0,45078.0,17.8,15.9,98.0,29.68,9.26,122.0,0.0,0.0,1.2063789868667918
2026-04-25T07:13:54,04/25/202607:13,66.92,0.22999999999999998,15.391599999999999,51.45,0.33,16.9785,16.5,0.0,0.0,198.7,23828.0,45078.0,17.9,15.9,98.0,29.68,9.26,122.0,0.0,0.0,1.1031016918319085
2026-04-25T07:14:00,04/25/202607:14,74.8,0.2,14.96,51.46,0.3,15.437999999999999,15.0,0.0,0.0,198.7,23828.0,45078.0,17.9,15.9,98.0,29.68,9.26,122.0,0.0,0.0,1.0319518716577538
2026-04-25T07:14:38,04/25/202607:14,74.59,0.2,14.918000000000001,51.48,0.29,14.929199999999998,14.5,0.0,0.0,198.7,23828.0,45078.0,17.9,15.9,98.0,29.68,9.26,122.0,0.0,0.0,1.000750770880815
2026-04-25T07:15:01,04/25/202607:15,74.38,0.2,14.876,51.5,0.27999999999999997,14.419999999999998,14.0,0.0,0.0,198.7,23828.0,45078.0,17.9,15.9,98.0,29.68,9.26,122.0,0.0,0.0,0.9693465985479967
2026-04-25T07:15:37,04/25/202607:15,74.1,0.22000000000000003,16.302,51.52,0.27,13.910400000000001,13.5,0.0,0.0,198.7,23828.0,45078.0,17.9,15.89,98.0,29.68,9.223,122.2,1.2,0.01,0.853294074346706
2026-04-25T07:16:00,04/25/202607:16,73.82000000000001,0.24,17.716800000000003,51.54,0.26,13.4004,13.0,0.0,0.0,198.7,23828.0,45078.0,17.9,15.88,98.0,29.68,9.186,122.4,2.4,0.02,0.7563668382552152
2026-04-25T07:16:38,04/25/202607:16,73.93,0.27,19.961100000000002,51.55,0.26,13.403,13.0,0.0,0.0,198.7,23828.0,45078.0,17.9,15.870000000000001,98.0,29.68,9.149,122.6,3.6,0.030000000000000006,0.6714559818847659
2026-04-25T07:17:01,04/25/202607:17,74.03999999999999,0.3,22.211999999999996,51.56,0.26,13.405600000000002,13.0,0.0,0.0,198.7,23828.0,45078.0,17.9,15.86,98.0,29.68,9.112,122.8,4.8,0.04,0.6035296236268686
2026-04-25T07:17:27,04/25/202607:17,74.22,0.3,22.266,51.57000000000001,0.27,13.923900000000003,13.5,0.0,0.0,198.7,23828.0,45078.0,17.8,15.85,98.0,29.68,9.075,123.0,6.0,0.05,0.6253435731608733
2026-04-25T07:19:10,04/25/202607:19,74.0,0.29,21.459999999999997,51.589999999999996,0.27999999999999997,14.445199999999998,14.0,0.0,0.0,198.7,23828.0,45078.0,17.9,15.84,98.0,29.68,9.038,123.2,7.2,0.06000000000000001,0.6731220876048463
2026-04-25T07:19:44,04/25/202607:19,73.92,0.29,21.436799999999998,51.61,0.27999999999999997,14.4508,14.0,0.0,0.0,198.7,23828.0,45078.0,17.8,15.830000000000002,98.0,29.68,9.001000000000001,123.4,8.4,0.07,0.6741118077324975
2026-04-25T07:20:01,04/25/202607:20,73.84,0.29,21.4136,51.63000000000001,0.27999999999999997,14.4564,14.0,0.0,0.0,198.7,23828.0,45078.0,17.8,15.820000000000002,98.0,29.68,8.964,123.6,9.6,0.08,0.6751036724324728
2026-04-25T07:20:44,04/25/202607:20,73.85,0.3,22.154999999999998,51.64,0.27999999999999997,14.4592,14.0,0.0,0.0,198.7,23828.0,45078.0,17.9,15.809999999999999,98.0,29.68,8.927000000000001,123.8,10.8,0.09,0.6526382306477093
2026-04-25T07:21:01,04/25/202607:21,73.86,0.31,22.8966,51.65,0.27999999999999997,14.461999999999998,14.0,0.0,0.0,198.7,23828.0,45078.0,17.9,15.8,98.0,29.68,8.89,124.0,12.0,0.1,0.631622162242429
2026-04-25T07:21:44,04/25/202607:21,81.77000000000001,0.27,22.077900000000003,51.67,0.25,12.9175,12.5,0.0,0.0,198.7,23828.0,45078.0,17.8,15.8,98.0,29.68,8.89,124.0,12.0,0.1,0.5850873497932321
2026-04-25T07:22:01,04/25/202607:22,89.68,0.23000000000000004,20.626400000000004,51.69,0.22000000000000003,11.3718,11.0,0.0,0.0,198.7,23828.0,45078.0,17.8,15.8,98.0,29.68,8.89,124.0,12.0,0.1,0.5513225768917502
2026-04-25T07:22:44,04/25/202607:22,97.14000000000001,0.19,18.4566,51.7,0.18,9.306000000000001,9.0,0.0,0.0,198.7,23828.0,45078.0,17.8,15.8,98.0,29.68,8.89,124.0,12.0,0.1,0.504209876141868
2026-04-25T07:23:01,04/25/202607:23,104.6,0.15,15.689999999999998,51.71,0.13999999999999999,7.239399999999999,7.0,0.0,0.0,198.7,23828.0,45078.0,17.8,15.8,98.0,29.68,8.89,124.0,12.0,0.1,0.461402166985341
2026-04-25T07:23:44,04/25/202607:23,112.1,0.11000000000000001,12.331000000000001,51.720000000000006,0.1,5.172000000000001,5.0,0.0,0.0,198.7,23828.0,45078.0,17.8,15.8,98.0,29.68,8.89,124.0,12.0,0.1,0.419430703105993
2026-04-25T07:24:49,04/25/202607:24,119.97,0.08,9.5976,51.720000000000006,0.06,3.1032,3.0,0.0,0.0,198.7,23828.0,45078.0,17.8,15.8,98.0,29.68,8.89,124.0,12.0,0.1,0.3233308327081771
2026-04-25T07:25:01,04/25/202607:25,119.84,0.08,9.587200000000001,51.720000000000006,0.06,3.1032,3.0,0.0,0.0,198.7,23828.0,45078.0,17.8,15.8,98.0,29.68,8.89,124.0,12.0,0.1,0.32368157543391185
2026-04-25T07:25:50,04/25/202607:25,119.66000000000001,0.08,9.5728,51.720000000000006,0.06,3.1032,3.0,0.0,0.0,198.7,23828.0,45078.0,17.8,15.8,98.0,29.68,8.89,124.0,12.0,0.1,0.32416847735249876
2026-04-25T07:26:01,04/25/202607:26,127.47,0.04,5.0988,51.720000000000006,0.03,1.5516,1.5,0.0,0.0,198.7,23828.0,45078.0,17.8,15.8,98.0,29.68,8.89,124.0,12.0,0.1,0.30430689574017417
2026-04-25T07:26:50,04/25/202607:26,135.33,0.0,0.0,51.720000000000006,0.0,0.0,0.0,0.0,0.0,198.7,23828.0,45078.0,17.8,15.8,98.0,29.68,8.89,124.0,12.0,0.1,
2026-04-25T07:27:00,04/25/202607:27,135.28000000000003,0.0,0.0,51.71,0.0,0.0,0.0,0.0,0.0,198.7,23828.0,45078.0,17.8,15.8,98.0,29.68,8.89,124.0,12.0,0.1,
2026-04-25T07:27:50,04/25/202607:27,135.25,0.0,0.0,51.7,0.0,0.0,0.0,0.0,0.0,198.7,23828.0,45078.0,17.8,15.8,98.0,29.68,8.89,124.0,12.0,0.1,
2026-04-25T07:28:01,04/25/202607:28,135.27,0.0,0.0,51.7,0.0,0.0,0.0,0.0,0.0,198.7,23828.0,45078.0,17.8,15.8,98.0,29.68,8.89,124.0,12.0,0.1,
2026-04-25T07:28:50,04/25/202607:28,127.45,0.02,2.549,51.7,0.03,1.551,1.5,0.0,0.0,198.7,23828.0,45078.0,17.9,15.8,98.0,29.68,8.89,124.0,12.0,0.1,0.6084739113377795
2026-04-25T07:29:00,04/25/202607:29,119.6,0.04,4.784,51.7,0.06,3.102,3.0,0.0,0.0,198.7,23828.0,45078.0,17.9,15.8,98.0,29.68,8.89,124.0,12.0,0.1,0.6484113712374582
2026-04-25T07:31:22,04/25/202607:31,112.16000000000001,0.09,10.0944,51.71,0.1,5.171,5.0,0.0,0.0,198.7,23828.0,45078.0,17.8,15.809999999999999,98.1,29.68,8.908000000000001,124.4,13.8,0.11000000000000001,0.5122642257093042
2026-04-25T07:32:01,04/25/202607:32,104.72,0.13999999999999999,14.660799999999998,51.720000000000006,0.13999999999999999,7.2408,7.0,0.0,0.0,198.7,23828.0,45078.0,17.8,15.820000000000002,98.2,29.68,8.926,124.8,15.6,0.12000000000000002,0.4938884644766998
2026-04-25T07:32:21,04/25/202607:32,97.21000000000001,0.18,17.4978,51.73,0.16999999999999998,8.794099999999998,8.5,0.0,0.0,198.7,23828.0,45078.0,17.8,15.830000000000002,98.3,29.68,9.025,125.3,17.4,0.13,0.5025831818857226
2026-04-25T07:33:01,04/25/202607:33,89.7,0.22000000000000003,19.734,51.739999999999995,0.2,10.347999999999999,10.0,0.0,0.0,198.7,23828.0,45078.0,17.8,15.84,98.4,29.68,9.124,125.8,19.2,0.14,0.5243741765480895
2026-04-25T07:33:22,04/25/202607:33,82.14,0.25,20.535,51.75,0.22999999999999998,11.9025,11.5,0.0,0.0,198.7,23828.0,45078.0,17.9,15.85,98.5,29.68,9.223,126.3,21.0,0.15,0.5796201607012418
2026-04-25T07:34:01,04/25/202607:34,74.58,0.27999999999999997,20.882399999999997,51.760000000000005,0.26,13.457600000000001,13.0,0.0,0.0,198.7,23828.0,45078.0,17.9,15.86,98.6,29.68,9.322,126.8,22.8,0.16,0.6444469984292994
2026-04-25T07:34:21,04/25/202607:34,66.7,0.31,20.677,51.77,0.29,15.0133,14.5,0.0,0.0,198.7,23828.0,45078.0,17.8,15.870000000000001,98.7,29.68,9.421000000000001,127.3,24.6,0.17,0.7260869565217392
2026-04-25T07:35:01,04/25/202607:35,58.82000000000001,0.33999999999999997,19.9988,51.779999999999994,0.32,16.569599999999998,16.0,0.0,0.0,198.7,23828.0,45078.0,17.8,15.88,98.8,29.68,9.52,127.8,26.4,0.18,0.8285297117827068
2026-04-25T07:35:22,04/25/202607:35,58.78000000000001,0.33999999999999997,19.985200000000003,51.79,0.31,16.0549,15.5,0.0,0.0,198.7,23828.0,45078.0,17.8,15.89,98.9,29.68,9.619000000000002,128.3,28.2,0.19,0.8033394712086943
2026-04-25T07:36:01,04/25/202607:36,58.739999999999995,0.33999999999999997,19.971599999999995,51.8,0.3,15.54,15.0,0.0,0.0,198.7,23828.0,45078.0,17.8,15.9,99.0,29.68,9.718,128.8,30.0,0.2,0.7781049089707386
2026-04-25T07:36:21,04/25/202607:36,58.339999999999996,0.32,18.6688,51.81,0.3,15.543,15.0,0.0,0.0,198.7,23828.0,45078.0,17.8,15.9,99.0,29.68,9.799000000000001,128.9,30.0,0.2,0.8325655639355501
2026-04-25T07:37:01,04/25/202607:37,57.94,0.3,17.381999999999998,51.81999999999999,0.3,15.545999999999998,15.0,0.0,0.0,198.7,23828.0,45078.0,17.8,15.9,99.0,29.68,9.88,129.0,30.0,0.2,0.8943734898170521
2026-04-25T07:37:22,04/25/202607:37,57.68000000000001,0.3,17.304000000000002,51.83,0.32999999999999996,17.103899999999996,16.6,0.0,0.0,198.7,23828.0,45078.0,17.8,15.9,99.0,29.68,9.88,129.0,30.0,0.2,0.9884361997226071
2026-04-25T07:38:01,04/25/202607:38,57.42,0.3,17.226,51.839999999999996,0.36,18.662399999999998,18.2,0.0,0.0,198.7,23828.0,45078.0,17.8,15.9,99.0,29.68,9.88,129.0,30.0,0.2,1.083385579937304
2026-04-25T07:38:25,04/25/202607:38,57.17,0.31,17.7227,51.86,0.39,20.2254,19.8,0.0,0.0,198.7,23828.0,45078.0,17.8,15.9,99.0,29.68,9.88,129.0,30.0,0.2,1.1412143747848804
2026-04-25T07:39:01,04/25/202607:39,56.92,0.32,18.2144,51.879999999999995,0.42000000000000004,21.7896,21.4,0.0,0.0,198.7,23828.0,45078.0,17.8,15.9,99.0,29.68,9.88,129.0,30.0,0.2,1.1962842586085733
2026-04-25T07:39:26,04/25/202607:39,60.160000000000004,0.35,21.056,51.910000000000004,0.47000000000000003,24.397700000000004,24.0,0.0,0.0,198.7,23828.0,45078.0,17.9,15.9,98.8,29.68,9.88,129.0,30.0,0.2,1.1587053571428574
2026-04-25T07:40:01,04/25/202607:40,63.4,0.38,24.092,51.94,0.52,27.0088,26.6,0.0,0.0,198.7,23828.0,45078.0,17.9,15.9,98.6,29.68,9.88,129.0,30.0,0.2,1.1210692346006974
2026-04-25T07:41:32,04/25/202607:41,66.66,0.44000000000000006,29.3304,52.0,0.6100000000000001,31.720000000000006,31.3,0.0,0.0,198.7,23828.0,45078.0,17.8,15.9,98.4,29.68,9.88,129.0,30.0,0.2,1.0814717835419907
2026-04-25T07:42:01,04/25/202607:42,69.92,0.5,34.96,52.06,0.7,36.442,36.0,0.0,0.0,198.7,23828.0,45078.0,17.8,15.9,98.2,29.68,9.88,129.0,30.0,0.2,1.0423913043478261
2026-04-25T07:42:13,04/25/202607:42,73.13,0.55,40.2215,52.129999999999995,0.77,40.1401,39.7,0.0,0.0,198.7,23828.0,45078.0,17.8,15.9,98.0,29.68,9.88,129.0,30.0,0.2,0.9979762067550936
2026-04-25T07:43:01,04/25/202607:43,76.34,0.6,45.804,52.2,0.8400000000000001,43.848000000000006,43.4,0.0,0.0,198.7,23828.0,45078.0,17.8,15.9,97.8,29.68,9.88,129.0,30.0,0.2,0.9572963059994761
2026-04-25T07:43:13,04/25/202607:43,81.81,0.63,51.5403,52.279999999999994,0.89,46.529199999999996,46.1,0.0,0.0,198.7,23828.0,45078.0,17.8,15.9,97.6,29.68,9.88,129.0,30.0,0.2,0.902773169733199
2026-04-25T07:44:00,04/25/202607:44,87.28,0.6599999999999999,57.60479999999999,52.36,0.9400000000000001,49.2184,48.8,0.0,0.0,198.7,23828.0,45078.0,17.8,15.9,97.4,29.68,9.88,129.0,30.0,0.2,0.8544149098686222
2026-04-25T07:44:13,04/25/202607:44,92.27,0.71,65.51169999999999,52.46,1.0,52.46,52.5,0.0,0.0,198.7,23828.0,45078.0,17.8,15.9,97.2,29.68,9.88,129.0,30.0,0.2,0.8007729916946135
2026-04-25T07:45:01,04/25/202607:45,97.25999999999999,0.76,73.9176,52.56,1.06,55.71360000000001,56.2,0.0,0.0,198.7,23828.0,45078.0,17.8,15.9,97.0,29.68,9.88,129.0,30.0,0.2,0.7537257703172182
2026-04-25T07:45:13,04/25/202607:45,99.72,0.79,78.7788,52.67,1.12,58.99040000000001,59.5,0.0,0.0,198.7,23828.0,45078.0,17.8,15.9,97.0,29.68,9.88,129.0,30.0,0.2,0.7488105937130295
2026-04-25T07:46:00,04/25/202607:46,102.17999999999999,0.82,83.78759999999998,52.779999999999994,1.1800000000000002,62.2804,62.8,0.0,0.0,198.7,23828.0,45078.0,17.8,15.9,97.0,29.68,9.88,129.0,30.0,0.2,0.7433128529758581
2026-04-25T07:46:13,04/25/202607:46,104.0,0.8099999999999999,84.24,52.879999999999995,1.21,63.98479999999999,64.5,0.0,0.0,198.7,23828.0,45078.0,17.8,15.91,97.0,29.68,9.830000000000002,129.1,30.7,0.21000000000000002,0.7595536562203229
2026-04-25T07:47:01,04/25/202607:47,105.82000000000001,0.8,84.656,52.98,1.24,65.6952,66.2,0.0,0.0,198.7,23828.0,45078.0,17.8,15.919999999999998,97.0,29.68,9.780000000000001,129.2,31.4,0.22000000000000003,0.7760253260253259
2026-04-25T07:47:13,04/25/202607:47,107.71,0.79,85.0909,53.07000000000001,1.27,67.39890000000001,68.0,0.0,0.0,198.7,23828.0,45078.0,17.8,15.930000000000001,97.0,29.68,9.73,129.3,32.1,0.22999999999999998,0.7920811743676469
2026-04-25T07:48:01,04/25/202607:48,109.6,0.78,85.488,53.160000000000004,1.3,69.108,69.8,0.0,0.0,198.7,23828.0,45078.0,17.8,15.940000000000001,97.0,29.68,9.680000000000001,129.4,32.8,0.24,0.8083941605839416
2026-04-25T07:48:14,04/25/202607:48,109.64000000000001,0.8,87.71200000000002,53.260000000000005,1.3,69.23800000000001,69.8,0.0,0.0,198.7,23828.0,45078.0,17.8,15.95,97.0,29.68,9.63,129.5,33.5,0.25,0.78937887632251
2026-04-25T07:48:18,04/25/202607:48,109.67,0.8099999999999999,88.83269999999999,53.36,1.3,69.368,69.8,0.0,0.0,198.7,23828.0,45078.0,17.8,15.959999999999999,97.0,29.68,9.580000000000002,129.6,34.2,0.26,0.7808836160557994
2026-04-25T07:49:01,04/25/202607:49,110.17,0.8,88.13600000000001,53.42999999999999,1.29,68.92469999999999,68.8,0.0,0.0,198.7,23828.0,45078.0,17.8,15.969999999999999,97.0,29.68,9.530000000000001,129.7,34.9,0.27,0.7820266406462737
2026-04-25T07:49:07,04/25/202607:49,110.34,0.8,88.272,53.510000000000005,1.3199999999999998,70.6332,70.0,0.0,0.0,198.7,23828.0,45078.0,17.8,15.98,97.0,29.68,9.48,129.8,35.6,0.27999999999999997,0.8001767264817835
2026-04-25T07:50:01,04/25/202607:50,109.85,0.8,87.88,53.57000000000001,1.33,71.24810000000001,70.6,0.0,0.0,198.7,23828.0,45078.0,17.8,15.99,97.0,29.68,9.430000000000001,129.9,36.3,0.29,0.8107430587164316
2026-04-25T07:50:07,04/25/202607:50,110.05,0.79,86.9395,53.64,1.3199999999999998,70.80479999999999,70.1,0.0,0.0,198.7,23828.0,45078.0,17.8,16.0,97.0,29.68,9.38,130.0,37.0,0.3,0.8144146216621903
2026-04-25T07:51:27,04/25/202607:51,110.62,0.8400000000000001,92.92080000000001,53.720000000000006,1.3599999999999999,73.0592,72.4,0.0,0.0,198.7,23828.0,45078.0,17.8,16.0,97.0,29.68,9.38,130.0,37.0,0.3,0.7862523783695361
2026-04-25T07:52:43,04/25/202607:52,111.5,0.85,94.77499999999999,53.8,1.35,72.63,72.0,0.0,0.0,198.7,23828.0,45078.0,17.8,16.0,97.0,29.68,9.38,130.0,37.0,0.3,0.7663413347401741
2026-04-25T07:53:01,04/25/202607:53,112.34,0.86,96.61240000000001,53.870000000000005,1.34,72.18580000000001,71.5,0.0,0.0,198.7,23828.0,45078.0,17.8,16.0,97.0,29.68,9.38,130.0,37.0,0.3,0.7471691004467337
2026-04-25T07:53:14,04/25/202607:53,112.28,0.8800000000000001,98.80640000000001,53.95,1.34,72.293,71.6,0.0,0.0,198.7,23828.0,45078.0,17.8,16.0,97.0,29.68,9.38,130.0,37.0,0.3,0.7316631311332059
2026-04-25T07:54:01,04/25/202607:54,111.79,0.8800000000000001,98.37520000000002,54.010000000000005,1.3699999999999999,73.9937,73.4,0.0,0.0,198.7,23828.0,45078.0,17.8,16.0,97.0,29.68,9.38,130.0,37.0,0.3,0.7521580642275695
2026-04-25T07:54:13,04/25/202607:54,111.97,0.8800000000000001,98.5336,54.07000000000001,1.3699999999999999,74.0759,73.5,0.0,0.0,198.7,23828.0,45078.0,17.8,16.0,97.0,29.68,9.38,130.0,37.0,0.3,0.7517831480834963
2026-04-25T07:55:00,04/25/202607:55,112.15,0.8800000000000001,98.69200000000002,54.129999999999995,1.3699999999999999,74.15809999999999,73.6,0.0,0.0,198.7,23828.0,45078.0,17.8,16.0,97.0,29.68,9.38,130.0,37.0,0.3,0.751409435415231
2026-04-25T07:55:13,04/25/202607:55,112.17999999999999,0.8700000000000001,97.59660000000001,54.17999999999999,1.3199999999999998,71.51759999999999,71.0,0.0,0.0,198.7,23828.0,45078.0,17.8,16.0,97.0,29.68,9.38,130.0,37.0,0.3,0.7327878225266042
2026-04-25T07:56:01,04/25/202607:56,112.21,0.86,96.50059999999999,54.23,1.27,68.8721,68.4,0.0,0.0,198.7,23828.0,45078.0,17.8,16.0,97.0,29.68,9.38,130.0,37.0,0.3,0.7136960806461308
2026-04-25T07:56:13,04/25/202607:56,111.54,0.85,94.809,54.27,1.26,68.3802,68.0,0.0,0.0,198.7,23828.0,45078.0,17.8,16.0,97.0,29.68,9.38,130.0,37.0,0.3,0.7212416542733285
2026-04-25T07:57:01,04/25/202607:57,111.12,0.8,88.89600000000002,54.279999999999994,1.2,65.136,64.8,0.0,0.0,198.7,23828.0,45078.0,17.8,16.0,97.0,29.68,9.38,130.0,37.0,0.3,0.7327213822894166
2026-04-25T07:57:14,04/25/202607:57,110.77000000000001,0.8,88.61600000000001,54.31,1.21,65.7151,65.4,0.0,0.0,198.7,23828.0,45078.0,17.8,16.0,97.0,29.68,9.38,130.0,37.0,0.3,0.7415714995034757
2026-04-25T07:58:01,04/25/202607:58,110.42,0.8,88.33600000000001,54.339999999999996,1.22,66.2948,66.0,0.0,0.0,198.7,23828.0,45078.0,17.8,16.0,97.0,29.68,9.38,130.0,37.0,0.3,0.7504845136750588
2026-04-25T07:58:13,04/25/202607:58,111.08,0.8,88.864,54.36,1.23,66.8628,66.5,0.0,0.0,198.7,23828.0,45078.0,17.8,16.0,97.0,29.68,9.38,130.0,37.0,0.3,0.7524171768095066
2026-04-25T07:59:01,04/25/202607:59,111.74000000000001,0.8,89.39200000000001,54.379999999999995,1.24,67.43119999999999,67.0,0.0,0.0,198.7,23828.0,45078.0,17.8,16.0,97.0,29.68,9.38,130.0,37.0,0.3,0.7543314838016822
2026-04-25T07:59:13,04/25/202607:59,112.27000000000001,0.8,89.81600000000002,54.4,1.25,68.0,67.6,0.0,0.0,198.7,23828.0,45078.0,17.8,16.0,97.0,29.68,9.38,130.0,37.0,0.3,0.7571034114189007
2026-04-25T07:59:57,04/25/202607:59,112.89000000000001,0.78,88.05420000000001,54.410000000000004,1.25,68.0125,67.6,0.0,0.0,198.7,23828.0,45078.0,17.8,16.0,97.0,29.68,9.38,130.0,37.0,0.3,0.7723935939455472
2026-04-25T08:00:01,04/25/202608:00,113.99000000000001,0.76,86.6324,54.42,1.26,68.56920000000001,68.1,0.0,0.0,198.7,23828.0,45078.0,17.8,16.0,97.0,29.68,9.38,130.0,37.0,0.3,0.791496022273422
2026-04-25T08:00:57,04/25/202608:00,113.95,0.76,86.602,54.44,1.27,69.1388,68.6,0.0,0.0,198.7,23828.0,45078.0,17.8,16.0,97.0,29.68,9.38,130.0,37.0,0.3,0.7983510773423247
2026-04-25T08:01:01,04/25/202608:01,113.92,0.77,87.7184,54.46,1.26,68.6196,68.0,0.0,0.0,198.7,23828.0,45078.0,17.8,16.0,97.0,29.68,9.38,130.0,37.0,0.3,0.7822714504596527
2026-04-25T08:01:57,04/25/202608:01,114.05999999999999,0.76,86.6856,54.470000000000006,1.24,67.54280000000001,66.9,0.0,0.0,198.7,23828.0,45078.0,17.8,16.009999999999998,97.0,29.68,9.405000000000001,130.2,37.6,0.31,0.7791697813708393
2026-04-25T08:02:01,04/25/202608:02,113.82000000000001,0.74,84.22680000000001,54.46,1.2,65.352,64.7,0.0,0.0,198.7,23828.0,45078.0,17.8,16.02,97.0,29.68,9.430000000000001,130.4,38.2,0.32,0.7759050563478607
2026-04-25T08:02:09,04/25/202608:02,113.57000000000001,0.72,81.77040000000001,54.45,1.15,62.6175,61.9,0.0,0.0,198.7,23828.0,45078.0,17.8,16.03,97.0,29.68,9.455000000000002,130.6,38.8,0.32999999999999996,0.7657722109712071
2026-04-25T08:03:54,04/25/202608:03,113.21,0.7,79.24699999999999,54.44,1.1,59.884,59.2,0.0,0.0,198.7,23828.0,45078.0,17.8,16.04,97.0,29.68,9.48,130.8,39.4,0.33999999999999997,0.7556626749277576
2026-04-25T08:04:00,04/25/202608:04,112.85,0.6799999999999999,76.73799999999999,54.42999999999999,1.05,57.15149999999999,56.5,0.0,0.0,198.7,23828.0,45078.0,17.8,16.05,97.0,29.68,9.505,131.0,40.0,0.35,0.7447613959185801
2026-04-25T08:04:10,04/25/202608:04,111.69000000000001,0.67,74.83230000000002,54.42,1.02,55.5084,54.8,0.0,0.0,198.7,23828.0,45078.0,17.8,16.060000000000002,97.0,29.68,9.530000000000001,131.2,40.6,0.36,0.7417705990594968
2026-04-25T08:05:00,04/25/202608:05,110.44000000000001,0.6799999999999999,75.0992,54.42,1.0,54.42,53.7,0.0,0.0,198.7,23828.0,45078.0,17.8,16.07,97.0,29.68,9.555000000000001,131.4,41.2,0.37,0.7246415407887169
2026-04-25T08:05:10,04/25/202608:05,109.71,0.7,76.797,54.42999999999999,1.02,55.51859999999999,54.8,0.0,0.0,198.7,23828.0,45078.0,17.8,16.080000000000002,97.0,29.68,9.580000000000002,131.6,41.8,0.38,0.7229266768233134
2026-04-25T08:06:00,04/25/202608:06,110.12,0.7,77.084,54.42999999999999,1.04,56.60719999999999,55.9,0.0,0.0,198.7,23828.0,45078.0,17.8,16.09,97.0,29.68,9.605,131.8,42.4,0.39,0.7343573244771936
2026-04-25T08:06:09,04/25/202608:06,111.32000000000001,0.72,80.1504,54.42999999999999,1.09,59.3287,58.7,0.0,0.0,198.7,23828.0,45078.0,17.8,16.1,97.0,29.68,9.63,132.0,43.0,0.4,0.7402171417734658
2026-04-25T08:07:00,04/25/202608:07,112.35,0.76,85.386,54.44,1.15,62.605999999999995,62.0,0.0,0.0,198.7,23828.0,45078.0,17.8,16.1,97.0,29.68,9.63,132.0,43.0,0.4,0.7332115335066638
2026-04-25T08:07:10,04/25/202608:07,112.59,0.8,90.072,54.45,1.21,65.8845,65.3,0.0,0.0,198.7,23828.0,45078.0,17.8,16.1,97.0,29.68,9.63,132.0,43.0,0.4,0.73146482813749
2026-04-25T08:08:00,04/25/202608:08,112.84,0.8400000000000001,94.78560000000002,54.46,1.28,69.7088,69.2,0.0,0.0,198.7,23828.0,45078.0,17.8,16.1,97.0,29.68,9.63,132.0,43.0,0.4,0.7354366064043482
2026-04-25T08:08:10,04/25/202608:08,112.97999999999999,0.8699999999999999,98.29259999999998,54.46,1.33,72.43180000000001,71.9,0.0,0.0,198.7,23828.0,45078.0,17.8,16.1,97.0,29.68,9.63,132.0,43.0,0.4,0.7368998276574231
2026-04-25T08:09:00,04/25/202608:09,113.12,0.9,101.808,54.46,1.3800000000000001,75.15480000000001,74.6,0.0,0.0,198.7,23828.0,45078.0,17.8,16.1,97.0,29.68,9.63,132.0,43.0,0.4,0.7382013201320132
2026-04-25T08:09:07,04/25/202608:09,113.47,0.9199999999999999,104.3924,54.470000000000006,1.41,76.8027,76.3,0.0,0.0,198.7,23828.0,45078.0,17.8,16.1,97.0,29.68,9.63,132.0,43.0,0.4,0.7357116035266935
2026-04-25T08:10:00,04/25/202608:10,113.82000000000001,0.9400000000000001,106.99080000000001,54.48,1.44,78.45119999999999,78.0,0.0,0.0,198.7,23828.0,45078.0,17.8,16.1,97.0,29.68,9.63,132.0,43.0,0.4,0.733251830998553
2026-04-25T08:10:07,04/25/202608:10,114.15,0.9400000000000001,107.30100000000002,54.48,1.46,79.54079999999999,79.1,0.0,0.0,198.7,23828.0,45078.0,17.8,16.1,97.0,29.68,9.63,132.0,43.0,0.4,0.7412866608885283
2026-04-25T08:11:00,04/25/202608:11,114.47999999999999,0.9400000000000001,107.6112,54.48,1.48,80.6304,80.2,0.0,0.0,198.7,23828.0,45078.0,17.8,16.1,97.0,29.68,9.63,132.0,43.0,0.4,0.74927516838396
2026-04-25T08:11:07,04/25/202608:11,113.38,0.9400000000000001,106.5772,54.48,1.48,80.6304,80.2,0.0,0.0,198.7,23828.0,45078.0,17.8,16.1,97.0,29.68,9.63,132.0,43.0,0.4,0.7565445517427741
2026-04-25T08:12:00,04/25/202608:12,112.28,0.9400000000000001,105.54320000000001,54.48,1.48,80.6304,80.2,0.0,0.0,198.7,23828.0,45078.0,17.8,16.1,97.0,29.68,9.63,132.0,43.0,0.4,0.7639563704719962
2026-04-25T08:12:07,04/25/202608:12,112.82000000000001,0.95,107.179,54.48,1.52,82.8096,82.4,0.0,0.0,198.7,23828.0,45078.0,17.8,16.1,97.0,29.68,9.63,132.0,43.0,0.4,0.7726289664953022
2026-04-25T08:13:00,04/25/202608:13,113.35999999999999,0.96,108.82559999999998,54.48,1.56,84.9888,84.6,0.0,0.0,198.7,23828.0,45078.0,17.8,16.1,97.0,29.68,9.63,132.0,43.0,0.4,0.7809633027522938
2026-04-25T08:13:06,04/25/202608:13,114.47999999999999,0.9400000000000001,107.6112,54.46,1.58,86.0468,85.7,0.0,0.0,198.7,23828.0,45078.0,17.8,16.1,97.0,29.68,9.63,132.0,43.0,0.4,0.7996082192188174
2026-04-25T08:15:05,04/25/202608:15,114.80999999999999,0.93,106.77329999999999,54.42999999999999,1.59,86.54369999999999,86.2,0.0,0.0,198.7,23828.0,45078.0,17.8,16.1,97.0,29.68,9.63,132.0,43.0,0.4,0.8105369038888935
2026-04-25T08:15:07,04/25/202608:15,115.19000000000001,0.93,107.12670000000001,54.379999999999995,1.6199999999999999,88.09559999999999,87.8,0.0,0.0,198.7,23828.0,45078.0,17.8,16.1,97.0,29.68,9.63,132.0,43.0,0.4,0.8223496103212362
2026-04-25T08:16:01,04/25/202608:16,115.57000000000001,0.93,107.48010000000001,54.33,1.65,89.6445,89.4,0.0,0.0,198.7,23828.0,45078.0,17.8,16.1,97.0,29.68,9.63,132.0,43.0,0.4,0.834056723058501
2026-04-25T08:16:07,04/25/202608:16,115.46,0.95,109.68699999999998,54.29,1.6600000000000001,90.12140000000001,89.9,0.0,0.0,198.7,23828.0,45078.0,17.8,16.110000000000003,96.9,29.683,9.636000000000001,131.8,44.1,0.41000000000000003,0.821623346431209
2026-04-25T08:17:01,04/25/202608:17,115.35,0.9700000000000001,111.8895,54.25,1.67,90.5975,90.4,0.0,0.0,198.7,23828.0,45078.0,17.8,16.12,96.8,29.686,9.642,131.6,45.2,0.42000000000000004,0.8097051108459685
2026-04-25T08:17:07,04/25/202608:17,115.67999999999999,0.9700000000000001,112.20960000000001,54.21,1.67,90.5307,90.3,0.0,0.0,198.7,23828.0,45078.0,17.8,16.130000000000003,96.7,29.689,9.648,131.4,46.3,0.43,0.8067999529452025
2026-04-25T08:18:01,04/25/202608:18,116.00999999999999,0.9700000000000001,112.5297,54.17,1.67,90.4639,90.2,0.0,0.0,198.7,23828.0,45078.0,17.8,16.14,96.6,29.692,9.654,131.2,47.4,0.44000000000000006,0.8039113229662924
2026-04-25T08:18:07,04/25/202608:18,116.0,0.95,110.19999999999999,54.129999999999995,1.6,86.608,86.3,0.0,0.0,198.7,23828.0,45078.0,17.8,16.15,96.5,29.695,9.66,131.0,48.5,0.45,0.7859165154264974
2026-04-25T08:19:01,04/25/202608:19,115.99000000000001,0.93,107.87070000000001,54.089999999999996,1.53,82.7577,82.4,0.0,0.0,198.7,23828.0,45078.0,17.8,16.16,96.4,29.698,9.666,130.8,49.6,0.45999999999999996,0.7671935011082712
2026-04-25T08:19:06,04/25/202608:19,115.47,0.9199999999999999,106.23239999999998,54.08,1.48,80.0384,79.6,0.0,1.0,198.7,23828.0,45078.0,17.8,16.169999999999998,96.3,29.701,9.672,130.6,50.7,0.47000000000000003,0.7534273912666946
2026-04-25T08:19:58,04/25/202608:19,115.75999999999999,0.9,104.184,54.08,1.44,77.87519999999999,77.4,0.0,1.0,198.7,23828.0,45078.0,17.8,16.18,96.2,29.704,9.678,130.4,51.8,0.48,0.7474775397373876
2026-04-25T08:20:01,04/25/202608:20,116.05999999999999,0.8800000000000001,102.1328,54.089999999999996,1.41,76.26689999999999,75.7,0.0,1.0,198.7,23828.0,45078.0,17.8,16.19,96.1,29.707,9.684000000000001,130.2,52.9,0.49000000000000005,0.746742476462018
2026-04-25T08:20:58,04/25/202608:20,116.39000000000001,0.8699999999999999,101.2593,54.1,1.41,76.28099999999999,75.7,0.0,1.0,198.7,23828.0,45078.0,17.8,16.2,96.0,29.71,9.69,130.0,54.0,0.5,0.7533233984434022
2026-04-25T08:21:01,04/25/202608:21,116.71,0.85,99.20349999999999,54.1,1.4,75.74,75.2,0.0,1.0,198.7,23828.0,45078.0,17.8,16.2,96.0,29.71,9.69,130.0,54.0,0.5,0.7634811271779726
2026-04-25T08:21:59,04/25/202608:21,117.04,0.86,100.65440000000001,54.1,1.42,76.822,76.3,0.0,1.0,198.7,23828.0,45078.0,17.8,16.2,96.0,29.71,9.69,130.0,54.0,0.5,0.7632254526379373
2026-04-25T08:22:01,04/25/202608:22,117.57000000000001,0.8699999999999999,102.2859,54.1,1.44,77.904,77.4,0.0,1.0,198.7,23828.0,45078.0,17.8,16.2,96.0,29.71,9.69,130.0,54.0,0.5,0.7616299020686136
2026-04-25T08:22:07,04/25/202608:22,118.09,0.8800000000000001,103.91920000000002,54.1,1.46,78.986,78.5,0.0,1.0,198.7,23828.0,45078.0,17.8,16.2,96.0,29.71,9.69,130.0,54.0,0.5,0.760071286153088
2026-04-25T08:23:00,04/25/202608:23,118.1,0.9,106.28999999999999,54.1,1.51,81.691,81.2,0.0,1.0,198.7,23828.0,45078.0,17.8,16.2,96.0,29.71,9.69,130.0,54.0,0.5,0.7685671276695833
2026-04-25T08:23:06,04/25/202608:23,117.79,0.9099999999999999,107.18889999999999,54.11,1.56,84.4116,83.9,0.0,1.0,198.7,23828.0,45078.0,17.8,16.229999999999997,96.0,29.71,9.69,130.0,60.2,0.5,0.7875031836318874
2026-04-25T08:24:01,04/25/202608:24,117.52000000000001,0.9400000000000001,110.46880000000002,54.120000000000005,1.6199999999999999,87.6744,87.2,0.0,1.0,198.7,23828.0,45078.0,17.8,16.259999999999998,96.0,29.71,9.69,130.0,66.4,0.5,0.7936575757136856
2026-04-25T08:24:07,04/25/202608:24,117.99000000000001,0.9800000000000001,115.63020000000002,54.120000000000005,1.69,91.4628,91.0,0.0,1.0,198.7,23828.0,45078.0,17.8,16.29,96.0,29.71,9.777,129.6,72.6,0.5,0.790994048267667
2026-04-25T08:25:00,04/25/202608:25,118.46,1.02,120.8292,54.120000000000005,1.7600000000000002,95.25120000000003,94.8,0.0,1.0,198.7,23828.0,45078.0,17.8,16.32,96.0,29.71,9.864,129.2,78.8,0.5,0.7883127588364404
2026-04-25T08:26:16,04/25/202608:26,119.35999999999999,1.05,125.32799999999999,54.120000000000005,1.8,97.41600000000001,96.9,0.0,1.0,198.7,23828.0,45078.0,17.8,16.35,96.0,29.71,9.950999999999999,128.8,85.0,0.5,0.7772883952508619
2026-04-25T08:27:01,04/25/202608:27,120.25999999999999,1.08,129.8808,54.120000000000005,1.8399999999999999,99.5808,99.0,0.0,1.0,198.7,23828.0,45078.0,17.8,16.380000000000003,96.0,29.71,10.038,128.4,91.2,0.5,0.766709167174825
2026-04-25T08:28:01,04/25/202608:28,121.15,1.08,130.842,54.120000000000005,1.85,100.12200000000001,99.5,0.0,1.0,198.7,23828.0,45078.0,17.8,16.41,96.0,29.71,10.125,128.0,97.4,0.5,0.7652130049983951
2026-04-25T08:28:07,04/25/202608:28,120.95,1.08,130.626,54.120000000000005,1.86,100.66320000000002,100.0,0.0,1.0,198.7,23828.0,45078.0,17.8,16.44,96.0,29.71,10.212,127.6,103.6,0.5,0.7706214689265538
2026-04-25T08:29:01,04/25/202608:29,120.75999999999999,1.08,130.42079999999999,54.120000000000005,1.8699999999999999,101.2044,100.5,0.0,1.0,198.7,23828.0,45078.0,17.8,16.47,96.0,29.71,10.299000000000001,127.2,109.8,0.5,0.7759835854403594
2026-04-25T08:29:07,04/25/202608:29,120.72999999999999,1.05,126.7665,54.13000000000001,1.83,99.05790000000002,98.3,0.0,1.0,198.7,23828.0,45078.0,17.8,16.5,96.0,29.71,10.386,126.8,116.0,0.5,0.7814201701553646
2026-04-25T08:30:01,04/25/202608:30,121.02000000000001,1.03,124.65060000000001,54.13000000000001,1.7899999999999998,96.8927,96.1,0.0,1.0,198.7,23828.0,45078.0,17.8,16.5,96.0,29.71,10.473,126.4,116.0,0.5,0.7773143490685163
2026-04-25T08:30:06,04/25/202608:30,120.60999999999999,1.0100000000000002,121.8161,54.120000000000005,1.72,93.08640000000001,92.3,0.0,1.0,198.7,23828.0,45078.0,17.8,16.5,96.0,29.71,10.56,126.0,116.0,0.5,0.7641551486215697
2026-04-25T08:31:01,04/25/202608:31,119.44000000000001,0.9800000000000001,117.05120000000002,54.120000000000005,1.64,88.7568,88.0,0.0,1.0,198.7,23828.0,45078.0,17.8,16.5,96.0,29.71,10.56,126.0,116.0,0.5,0.7582733026231254
2026-04-25T08:31:07,04/25/202608:31,118.6,0.95,112.66999999999999,54.120000000000005,1.5699999999999998,84.9684,84.2,0.0,1.0,198.7,23828.0,45078.0,17.8,16.52,95.9,29.71,10.567,125.9,120.5,0.51,0.754135084760806
2026-04-25T08:32:01,04/25/202608:32,117.3,0.9200000000000002,107.91600000000001,54.120000000000005,1.5,81.18,80.4,0.0,1.0,198.7,23828.0,45078.0,17.8,16.54,95.8,29.71,10.574000000000002,125.8,125.0,0.52,0.7522517513621706
2026-04-25T08:32:07,04/25/202608:32,116.69000000000001,0.9,105.02100000000002,54.13000000000001,1.48,80.11240000000001,79.3,0.0,1.0,198.7,23828.0,45078.0,17.8,16.56,95.7,29.71,10.581,125.7,129.5,0.53,0.7628226735605259
2026-04-25T08:33:01,04/25/202608:33,116.08,0.8800000000000001,102.15040000000002,54.14,1.46,79.0444,78.2,0.0,1.0,198.7,23828.0,45078.0,17.8,16.580000000000002,95.6,29.71,10.588000000000001,125.6,134.0,0.54,0.7738041162834407
2026-04-25T08:33:07,04/25/202608:33,116.24000000000001,0.8800000000000001,102.29120000000002,54.13000000000001,1.47,79.57110000000002,78.8,0.0,1.0,198.7,23828.0,45078.0,17.8,16.6,95.5,29.71,10.595,125.5,138.5,0.55,0.7778880294688106
2026-04-25T08:34:01,04/25/202608:34,116.4,0.8800000000000001,102.43200000000002,54.120000000000005,1.48,80.0976,79.4,0.0,1.0,198.7,23828.0,45078.0,17.8,16.619999999999997,95.4,29.71,10.602,125.4,143.0,0.5599999999999999,0.7819587628865978
2026-04-25T08:34:07,04/25/202608:34,116.30999999999999,0.9100000000000001,105.8421,54.11,1.54,83.3294,82.7,0.0,1.0,198.7,23828.0,45078.0,17.8,16.64,95.3,29.71,10.609,125.3,147.5,0.5700000000000001,0.7872991937990649
2026-04-25T08:35:01,04/25/202608:35,116.22,0.9400000000000001,109.24680000000001,54.1,1.6,86.56,86.0,0.0,1.0,198.7,23828.0,45078.0,17.8,16.66,95.2,29.71,10.616000000000001,125.2,152.0,0.58,0.7923344207793729
2026-04-25T08:35:07,04/25/202608:35,116.39000000000001,0.9600000000000002,111.73440000000004,54.1,1.65,89.265,88.7,0.0,1.0,198.7,23828.0,45078.0,17.8,16.68,95.1,29.71,10.623000000000001,125.1,156.5,0.59,0.7989034710885813
2026-04-25T08:36:00,04/25/202608:36,116.55999999999999,0.9800000000000001,114.22879999999999,54.1,1.7,91.97,91.4,0.0,1.0,198.7,23828.0,45078.0,17.8,16.7,95.0,29.71,10.63,125.0,161.0,0.6,0.8051384589525584
2026-04-25T08:36:07,04/25/202608:36,117.5,1.0,117.5,54.1,1.75,94.675,94.1,0.0,1.0,198.7,23828.0,45078.0,17.8,16.7,95.0,29.71,10.63,125.0,161.0,0.6,0.8057446808510638
2026-04-25T08:37:27,04/25/202608:37,117.4,1.03,120.92200000000001,54.1,1.83,99.003,98.5,0.0,1.0,198.7,23828.0,45078.0,17.8,16.7,95.0,29.71,10.63,125.0,161.0,0.6,0.8187343907642942
2026-04-25T08:38:00,04/25/202608:38,116.60999999999999,1.05,122.44049999999999,54.089999999999996,1.86,100.6074,100.2,0.0,1.0,198.7,23828.0,45078.0,17.8,16.7,95.0,29.71,10.63,125.0,161.0,0.6,0.8216840016171121
2026-04-25T08:38:07,04/25/202608:38,115.72,1.08,124.97760000000001,54.08,1.9,102.752,102.4,0.0,1.0,198.7,23828.0,45078.0,17.8,16.7,95.0,29.71,10.63,125.0,161.0,0.6,0.822163331669035
2026-04-25T08:39:01,04/25/202608:39,115.15,1.09,125.51350000000002,54.089999999999996,1.9100000000000001,103.3119,102.9,0.0,1.0,198.7,23828.0,45078.0,17.8,16.7,95.0,29.71,10.63,125.0,161.0,0.6,0.8231138483111377
2026-04-25T08:39:07,04/25/202608:39,115.21,1.07,123.2747,54.089999999999996,1.8800000000000001,101.6892,101.2,0.0,1.0,198.7,23828.0,45078.0,17.8,16.7,95.0,29.71,10.63,125.0,161.0,0.6,0.8248991885601831
2026-04-25T08:40:00,04/25/202608:40,115.35999999999999,1.05,121.12799999999999,54.08,1.85,100.048,99.5,0.0,1.0,198.7,23828.0,45078.0,17.8,16.7,95.0,29.71,10.63,125.0,161.0,0.6,0.8259692226405126
2026-04-25T08:40:08,04/25/202608:40,115.4,1.04,120.016,54.08,1.8399999999999999,99.50719999999998,98.9,0.0,1.0,198.7,23828.0,45078.0,17.8,16.7,95.0,29.71,10.63,125.0,161.0,0.6,0.8291161178509531
2026-04-25T08:41:01,04/25/202608:41,115.88,1.04,120.5152,54.08,1.8699999999999999,101.1296,100.5,0.0,1.0,198.7,23828.0,45078.0,17.8,16.7,95.0,29.71,10.63,125.0,161.0,0.6,0.8391439420089748
2026-04-25T08:41:07,04/25/202608:41,116.99000000000001,1.05,122.83950000000002,54.089999999999996,1.92,103.85279999999999,103.2,0.0,1.0,198.7,23828.0,45078.0,17.8,16.7,95.0,29.71,10.63,125.0,161.0,0.6,0.8454348967555222
2026-04-25T08:41:32,04/25/202608:41,116.92999999999999,1.08,126.2844,54.089999999999996,1.9899999999999998,107.63909999999998,107.0,0.0,1.0,198.7,23828.0,45078.0,17.8,16.7,95.0,29.71,10.63,125.0,161.0,0.6,0.8523546851392569
2026-04-25T08:42:01,04/25/202608:42,117.91,1.1,129.701,54.089999999999996,2.0300000000000002,109.8027,109.1,0.0,1.0,198.7,23828.0,45078.0,17.8,16.7,95.0,29.71,10.63,125.0,161.0,0.6,0.8465832954256328
2026-04-25T08:42:32,04/25/202608:42,119.14000000000001,1.1199999999999999,133.4368,54.1,2.08,112.528,111.8,0.0,1.0,198.7,23828.0,45078.0,17.8,16.7,95.0,29.71,10.63,125.0,161.0,0.6,0.8433055948583899
2026-04-25T08:43:01,04/25/202608:43,120.47,1.1300000000000001,136.1311,54.11,2.12,114.7132,114.0,0.0,1.0,198.7,23828.0,45078.0,17.8,16.7,95.0,29.71,10.63,125.0,161.0,0.6,0.8426671054593696
2026-04-25T08:43:31,04/25/202608:43,121.89000000000001,1.15,140.17350000000002,54.120000000000005,2.19,118.5228,117.8,0.0,1.0,198.7,23828.0,45078.0,17.8,16.7,95.0,29.71,10.63,125.0,161.0,0.6,0.8455435585185501
2026-04-25T08:44:01,04/25/202608:44,122.67999999999999,1.2,147.21599999999998,54.14,2.3,124.52199999999999,123.8,0.0,1.0,198.7,23828.0,45078.0,17.8,16.7,95.0,29.71,10.63,125.0,161.0,0.6,0.8458455602651886
2026-04-25T08:44:32,04/25/202608:44,122.72,1.26,154.6272,54.17,2.43,131.6331,130.9,0.0,1.0,198.7,23828.0,45078.0,17.8,16.7,95.0,29.71,10.63,125.0,161.0,0.6,0.8512933041534738
2026-04-25T08:45:01,04/25/202608:45,122.87,1.31,160.95970000000003,54.19,2.54,137.6426,136.9,0.0,1.0,198.7,23828.0,45078.0,17.8,16.7,95.0,29.71,10.63,125.0,161.0,0.6,0.8551370311947647
2026-04-25T08:45:32,04/25/202608:45,123.0,1.3599999999999999,167.27999999999997,54.21,2.65,143.6565,143.0,0.0,1.0,198.7,23828.0,45078.0,17.8,16.729999999999997,94.8,29.71,10.698,124.9,163.8,0.61,0.8587786944045912
2026-04-25T08:46:01,04/25/202608:46,122.5,1.4,171.5,54.220000000000006,2.7399999999999998,148.5628,148.0,0.0,1.0,198.7,23828.0,45078.0,17.8,16.759999999999998,94.6,29.71,10.766000000000002,124.8,166.6,0.6199999999999999,0.8662553935860059
2026-04-25T08:46:32,04/25/202608:46,122.66,1.4,171.724,54.25,2.7800000000000002,150.81500000000003,150.3,0.1,1.0,198.7,23828.0,45078.0,17.8,16.79,94.4,29.71,10.834,124.7,169.4,0.63,0.8782406652535466
2026-04-25T08:47:01,04/25/202608:47,122.82000000000001,1.4,171.948,54.279999999999994,2.82,153.06959999999998,152.6,0.1,1.0,198.7,23828.0,45078.0,17.8,16.82,94.2,29.71,10.902000000000001,124.6,172.2,0.6399999999999999,0.8902086677367574
2026-04-25T08:48:38,04/25/202608:48,122.67,1.3900000000000001,170.5113,54.29,2.82,153.09779999999998,152.7,0.1,1.0,198.7,23828.0,45078.0,17.8,16.85,94.0,29.71,10.97,124.5,175.0,0.65,0.8978748036053914
2026-04-25T08:49:00,04/25/202608:49,122.52000000000001,1.3800000000000001,169.07760000000002,54.3,2.82,153.12599999999998,152.8,0.1,1.0,198.7,23828.0,45078.0,17.8,16.880000000000003,93.8,29.71,11.038,124.4,177.8,0.6599999999999999,0.9056551547928287
2026-04-25T08:49:32,04/25/202608:49,122.15,1.35,164.90250000000003,54.3,2.73,148.239,148.0,0.1,2.0,198.7,23828.0,45078.0,17.8,16.91,93.6,29.71,11.106,124.3,180.6,0.6699999999999999,0.8989493791786054
2026-04-25T08:50:01,04/25/202608:50,121.78,1.3199999999999998,160.7496,54.3,2.6399999999999997,143.35199999999998,143.2,0.1,2.0,198.7,23828.0,45078.0,17.8,16.94,93.4,29.71,11.174000000000001,124.2,183.4,0.6799999999999999,0.8917720479553292
2026-04-25T08:50:32,04/25/202608:50,121.53,1.27,154.3431,54.3,2.5300000000000002,137.37900000000002,137.2,0.1,2.0,198.7,23828.0,45078.0,17.8,16.97,93.2,29.71,11.242,124.1,186.2,0.69,0.8900883810160611
2026-04-25T08:51:00,04/25/202608:51,121.28,1.22,147.9616,54.3,2.42,131.40599999999998,131.2,0.1,2.0,198.7,23828.0,45078.0,17.8,17.0,93.0,29.71,11.31,124.0,189.0,0.7,0.8881088066092823
2026-04-25T08:51:32,04/25/202608:51,120.77000000000001,1.16,140.0932,54.29,2.3,124.86699999999999,124.6,0.1,2.0,198.7,23828.0,45078.0,17.8,17.0,93.0,29.71,11.31,124.0,189.0,0.7,0.8913137825390526
2026-04-25T08:52:01,04/25/202608:52,120.25999999999999,1.1,132.286,54.279999999999994,2.18,118.3304,118.0,0.1,2.0,198.7,23828.0,45078.0,17.8,17.0,93.0,29.71,11.31,124.0,189.0,0.7,0.8945043315241219
2026-04-25T08:52:32,04/25/202608:52,119.52000000000001,1.05,125.49600000000001,54.260000000000005,2.0300000000000002,110.14780000000002,109.2,0.1,2.0,198.7,23828.0,45078.0,17.7,17.0,93.0,29.71,11.31,124.0,189.0,0.7,0.8776996876394467
2026-04-25T08:53:00,04/25/202608:53,118.78,1.0,118.78,54.239999999999995,1.8800000000000001,101.9712,100.4,0.1,2.0,198.7,23828.0,45078.0,17.7,17.0,93.0,29.71,11.31,124.0,189.0,0.7,0.8584879609361845
2026-04-25T08:53:32,04/25/202608:53,117.85,0.96,113.136,54.220000000000006,1.75,94.885,93.2,0.1,2.0,198.7,23828.0,45078.0,17.8,17.0,93.0,29.71,11.31,124.0,189.0,0.7,0.8386808796492717
2026-04-25T08:53:56,04/25/202608:53,116.60999999999999,0.9200000000000002,107.2812,54.2,1.6199999999999999,87.804,86.0,0.1,2.0,198.7,23828.0,45078.0,17.8,17.0,93.0,29.71,11.31,124.0,189.0,0.7,0.8184472209483116
2026-04-25T08:54:01,04/25/202608:54,115.5,0.89,102.795,54.19,1.55,83.9945,82.1,0.1,2.0,198.7,23828.0,45078.0,17.8,17.0,93.0,29.71,11.31,124.0,189.0,0.7,0.8171068631742789
2026-04-25T08:54:17,04/25/202608:54,114.87,0.8400000000000001,96.49080000000001,54.17999999999999,1.46,79.10279999999999,77.2,0.1,2.0,198.7,23828.0,45078.0,17.7,17.0,93.0,29.71,11.31,124.0,189.0,0.7,0.8197962914599111
2026-04-25T08:55:00,04/25/202608:55,114.87,0.8,91.89600000000002,54.160000000000004,1.3699999999999999,74.1992,72.4,0.1,2.0,198.7,23828.0,45078.0,17.7,17.0,93.0,29.71,11.31,124.0,189.0,0.7,0.8074257856707582
2026-04-25T08:55:17,04/25/202608:55,114.50999999999999,0.76,87.02759999999999,54.14,1.27,68.7578,67.0,0.1,2.0,198.7,23828.0,45078.0,17.8,17.0,93.0,29.71,11.31,124.0,189.0,0.7,0.790068897683034
2026-04-25T08:56:01,04/25/202608:56,114.42999999999999,0.73,83.53389999999999,54.13000000000001,1.1800000000000002,63.87340000000002,62.1,0.1,2.0,198.7,23828.0,45078.0,17.8,17.0,93.0,29.71,11.31,124.0,189.0,0.7,0.7646404633328509
2026-04-25T08:56:17,04/25/202608:56,114.37,0.71,81.2027,54.120000000000005,1.1099999999999999,60.0732,58.3,0.1,2.0,198.7,23828.0,45078.0,17.7,17.0,93.0,29.707,11.31,124.0,189.0,0.7,0.7397931349573352
2026-04-25T08:57:01,04/25/202608:57,113.95,0.7,79.765,54.11,1.09,58.9799,57.8,0.1,2.0,198.7,23828.0,45078.0,17.7,17.0,93.0,29.704,11.31,124.0,189.0,0.7,0.7394207985958754
2026-04-25T08:57:17,04/25/202608:57,113.54,0.7,79.478,54.1,1.09,58.96900000000001,58.4,0.1,2.0,198.7,23828.0,45078.0,17.7,17.0,93.0,29.701,11.31,124.0,189.0,0.7,0.7419537482070512
2026-04-25T08:58:01,04/25/202608:58,113.38,0.7,79.36599999999999,54.1,1.1,59.510000000000005,59.0,0.1,2.0,198.7,23828.0,45078.0,17.7,17.0,93.0,29.698,11.31,124.0,189.0,0.7,0.7498173021192956
2026-04-25T08:58:17,04/25/202608:58,113.21,0.71,80.3791,54.1,1.1300000000000001,61.13300000000001,60.7,0.1,2.0,198.7,23828.0,45078.0,17.8,17.0,93.0,29.695,11.31,124.0,189.0,0.7,0.7605584038636911
2026-04-25T08:59:49,04/25/202608:59,114.25,0.75,85.6875,54.11,1.23,66.5553,66.7,0.1,2.0,198.7,23828.0,45078.0,17.8,17.0,93.0,29.692,11.31,124.0,189.0,0.7,0.7767212253829322
2026-04-25T09:00:01,04/25/202609:00,114.80999999999999,0.8099999999999999,92.99609999999998,54.120000000000005,1.35,73.06200000000001,73.7,0.1,2.0,198.7,23828.0,45078.0,17.8,17.0,93.0,29.689,11.31,124.0,189.0,0.7,0.7856458496646637
2026-04-25T09:00:17,04/25/202609:00,114.42,0.8800000000000001,100.68960000000001,54.13000000000001,1.5100000000000002,81.73630000000003,82.3,0.1,2.0,198.7,23828.0,45078.0,17.8,17.0,93.0,29.686,11.31,124.0,189.0,0.7,0.8117650680904485
2026-04-25T09:01:01,04/25/202609:01,114.39000000000001,0.95,108.6705,54.14,1.6800000000000002,90.9552,91.5,0.1,2.0,198.7,23828.0,45078.0,17.8,17.0,93.0,29.683,11.31,124.0,189.0,0.7,0.8369815175231549
2026-04-25T09:01:17,04/25/202609:01,114.4,1.03,117.83200000000001,54.15,1.86,100.71900000000001,101.3,0.1,2.0,198.7,23828.0,45078.0,17.8,17.009999999999998,93.0,29.68,11.353,124.6,191.3,0.71,0.8547678050105235
2026-04-25T09:02:01,04/25/202609:02,114.39000000000001,1.1,125.82900000000002,54.160000000000004,2.0200000000000005,109.40320000000003,110.0,0.1,2.0,198.7,23828.0,45078.0,17.8,17.02,93.0,29.68,11.396,125.2,193.6,0.72,0.8694593456198492
2026-04-25T09:02:16,04/25/202609:02,116.13,1.22,141.6786,54.2,2.3,124.66,125.3,0.1,2.0,198.7,23828.0,45078.0,17.7,17.03,93.0,29.68,11.439,125.8,195.9,0.73,0.8798788243249157
2026-04-25T09:03:01,04/25/202609:03,117.85999999999999,1.3299999999999998,156.75379999999996,54.239999999999995,2.56,138.8544,139.5,0.1,2.0,198.7,23828.0,45078.0,17.7,17.04,93.0,29.68,11.482000000000001,126.4,198.2,0.74,0.885812018592213
2026-04-25T09:03:17,04/25/202609:03,119.6,1.43,171.028,54.29,2.8,152.012,152.7,0.1,2.0,198.7,23828.0,45078.0,17.8,17.05,93.0,29.68,11.525,127.0,200.5,0.75,0.8888135276095143
2026-04-25T09:04:01,04/25/202609:04,121.66,1.52,184.9232,54.339999999999996,3.0200000000000005,164.10680000000002,164.8,0.1,2.0,198.7,23828.0,45078.0,17.8,17.060000000000002,93.0,29.68,11.568000000000001,127.6,202.8,0.76,0.8874321880650995
2026-04-25T09:04:17,04/25/202609:04,122.46,1.59,194.7114,54.39,3.1900000000000004,173.50410000000002,173.7,0.1,2.0,198.7,23828.0,45078.0,17.8,17.07,93.0,29.68,11.611,128.2,205.1,0.77,0.8910834188445054
2026-04-25T09:05:01,04/25/202609:05,123.25999999999999,1.6600000000000001,204.6116,54.44,3.3600000000000003,182.91840000000002,182.6,0.1,2.0,198.7,23828.0,45078.0,17.8,17.080000000000002,93.0,29.68,11.654,128.8,207.4,0.78,0.8939786405071853
2026-04-25T09:05:17,04/25/202609:05,124.95,1.73,216.1635,54.5,3.5,190.75,190.5,0.1,2.0,198.7,23828.0,45078.0,17.7,17.09,93.0,29.68,11.697,129.4,209.7,0.79,0.8824338984148573
2026-04-25T09:06:01,04/25/202609:06,126.64000000000001,1.8,227.95200000000003,54.56,3.6399999999999997,198.5984,198.4,0.1,2.0,198.7,23828.0,45078.0,17.7,17.1,93.0,29.68,11.74,130.0,212.0,0.8,0.8712290306731241
2026-04-25T09:06:17,04/25/202609:06,128.32,1.86,238.6752,54.629999999999995,3.78,206.50139999999996,206.3,0.1,2.0,198.7,23828.0,45078.0,17.8,17.1,93.0,29.68,11.74,130.0,212.0,0.8,0.8651983951411791
2026-04-25T09:07:01,04/25/202609:07,130.0,1.92,249.6,54.7,3.9200000000000004,214.42400000000004,214.2,0.1,2.0,198.7,23828.0,45078.0,17.8,17.1,93.0,29.68,11.74,130.0,212.0,0.8,0.8590705128205129
2026-04-25T09:07:17,04/25/202609:07,129.93,1.92,249.4656,54.75,3.9200000000000004,214.62000000000003,214.4,0.1,2.0,198.7,23828.0,45078.0,17.7,17.1,93.0,29.68,11.74,130.0,212.0,0.8,0.8603190179327331
2026-04-25T09:08:01,04/25/202609:08,129.85999999999999,1.92,249.33119999999997,54.8,3.9200000000000004,214.816,214.6,0.1,2.0,198.7,23828.0,45078.0,17.7,17.1,93.0,29.68,11.74,130.0,212.0,0.8,0.8615688690384518
2026-04-25T09:08:17,04/25/202609:08,130.75,1.8399999999999999,240.57999999999998,54.83,3.78,207.2574,207.0,0.1,2.0,198.7,23828.0,45078.0,17.7,17.1,93.0,29.68,11.74,130.0,212.0,0.8,0.8614905644691995
2026-04-25T09:09:01,04/25/202609:09,131.64000000000001,1.7600000000000002,231.68640000000005,54.86,3.6399999999999997,199.69039999999998,199.4,0.1,2.0,198.7,23828.0,45078.0,17.7,17.1,93.0,29.68,11.74,130.0,212.0,0.8,0.8618995331620671
2026-04-25T09:09:18,04/25/202609:09,131.64000000000001,1.7399999999999998,229.0536,54.9,3.6100000000000003,198.18900000000002,197.9,0.1,2.0,198.7,23828.0,45078.0,17.8,17.1,93.0,29.68,11.74,130.0,212.0,0.8,0.8652516266934902
2026-04-25T09:11:01,04/25/202609:11,131.70999999999998,1.73,227.85829999999996,54.94,3.59,197.23459999999997,196.9,0.1,2.0,198.7,23828.0,45078.0,17.7,17.1,93.0,29.68,11.74,130.0,212.0,0.8,0.865601999137183
2026-04-25T09:11:17,04/25/202609:11,131.79,1.72,226.6788,54.98,3.5799999999999996,196.82839999999996,196.5,0.1,2.0,198.7,23828.0,45078.0,17.8,17.1,93.0,29.68,11.74,130.0,212.0,0.8,0.8683141078918715
2026-04-25T09:12:00,04/25/202609:12,131.86999999999998,1.7100000000000002,225.49769999999998,55.02,3.5699999999999994,196.42139999999998,196.1,0.1,2.0,198.7,23828.0,45078.0,17.8,17.1,93.0,29.68,11.74,130.0,212.0,0.8,0.8710572214262052
2026-04-25T09:12:17,04/25/202609:12,131.94,1.6800000000000002,221.65920000000003,55.05,3.5200000000000005,193.776,193.4,0.1,3.0,198.7,23828.0,45078.0,17.7,17.1,93.0,29.68,11.74,130.0,212.0,0.8,0.8742068905779683
2026-04-25T09:13:01,04/25/202609:13,132.01,1.65,217.81649999999996,55.08,3.47,191.1276,190.7,0.1,3.0,198.7,23828.0,45078.0,17.7,17.1,93.0,29.68,11.74,130.0,212.0,0.8,0.877470715028476
2026-04-25T09:13:17,04/25/202609:13,132.12,1.61,212.71320000000003,55.08,3.37,185.6196,185.2,0.1,3.0,198.7,23828.0,45078.0,17.7,17.1,93.0,29.68,11.74,130.0,212.0,0.8,0.8726284969621065
2026-04-25T09:14:00,04/25/202609:14,131.93,1.54,203.1722,55.07000000000001,3.22,177.32540000000003,176.9,0.1,3.0,198.7,23828.0,45078.0,17.7,17.1,93.0,29.68,11.74,130.0,212.0,0.8,0.8727837765206068
2026-04-25T09:14:22,04/25/202609:14,130.72,1.55,202.616,55.06,3.21,176.7426,176.3,0.1,3.0,198.7,23828.0,45078.0,17.8,17.1,93.0,29.68,11.74,130.0,212.0,0.8,0.8723032731867177
2026-04-25T09:15:01,04/25/202609:15,129.51,1.56,202.0356,55.05,3.2,176.16,175.7,0.1,3.0,198.7,23828.0,45078.0,17.8,17.1,93.0,29.68,11.74,130.0,212.0,0.8,0.8719255418352013
2026-04-25T09:15:22,04/25/202609:15,129.02,1.5,193.53000000000003,55.010000000000005,3.06,168.33060000000003,167.9,0.1,3.0,198.7,23828.0,45078.0,17.7,17.1,93.0,29.68,11.74,130.0,212.0,0.8,0.8697907301193614
2026-04-25T09:16:00,04/25/202609:16,128.45999999999998,1.4300000000000002,183.6978,54.970000000000006,2.91,159.9627,159.6,0.1,3.0,198.7,23828.0,45078.0,17.7,17.1,93.0,29.68,11.74,130.0,212.0,0.8,0.8707926823293475
2026-04-25T09:16:23,04/25/202609:16,127.97,1.34,171.4798,54.910000000000004,2.71,148.80610000000001,148.4,0.1,3.0,198.7,23828.0,45078.0,17.7,17.09,93.0,29.68,11.734,130.5,209.9,0.8200000000000001,0.8677762628601153
2026-04-25T09:17:00,04/25/202609:17,127.47999999999999,1.25,159.35,54.85,2.5100000000000002,137.67350000000002,137.2,0.1,3.0,198.7,23828.0,45078.0,17.7,17.080000000000002,93.0,29.68,11.728,131.0,207.8,0.8400000000000001,0.8639692500784438
2026-04-25T09:17:22,04/25/202609:17,126.05999999999999,1.1700000000000002,147.49020000000002,54.779999999999994,2.33,127.63739999999999,127.2,0.1,3.0,198.7,23828.0,45078.0,17.7,17.07,93.0,29.68,11.722,131.5,205.7,0.86,0.8653958025685773
2026-04-25T09:18:00,04/25/202609:18,124.64000000000001,1.09,135.85760000000002,54.71,2.15,117.6265,117.2,0.1,3.0,198.7,23828.0,45078.0,17.7,17.060000000000002,93.0,29.68,11.716,132.0,203.6,0.8800000000000001,0.865807286452874
2026-04-25T09:18:22,04/25/202609:18,123.96,1.04,128.9184,54.660000000000004,2.04,111.50640000000001,111.1,0.1,3.0,198.7,23828.0,45078.0,17.8,17.05,93.0,29.68,11.709999999999999,132.5,201.5,0.9,0.8649378211333683
2026-04-25T09:19:00,04/25/202609:19,123.58,1.02,126.0516,54.620000000000005,1.98,108.14760000000001,107.8,0.1,3.0,198.7,23828.0,45078.0,17.8,17.04,93.0,29.68,11.703999999999999,133.0,199.4,0.9199999999999999,0.8579629294669803
2026-04-25T09:19:22,04/25/202609:19,123.32000000000001,1.01,124.5532,54.58,1.9400000000000002,105.88520000000001,105.5,0.1,3.0,198.7,23828.0,45078.0,17.7,17.03,93.0,29.68,11.698,133.5,197.3,0.9400000000000001,0.8501202698927045
2026-04-25T09:20:01,04/25/202609:20,123.05999999999999,1.0,123.05999999999999,54.54,1.9,103.62599999999999,103.2,0.1,3.0,198.7,23828.0,45078.0,17.7,17.02,93.0,29.68,11.692,134.0,195.2,0.96,0.842077035592394
2026-04-25T09:22:12,04/25/202609:22,122.21,1.01,123.43209999999999,54.510000000000005,1.9,103.569,103.1,0.1,3.0,198.7,23828.0,45078.0,17.7,17.009999999999998,93.0,29.68,11.686,134.5,193.1,0.9800000000000001,0.8390767069506231
2026-04-25T09:22:22,04/25/202609:22,121.45,1.02,123.879,54.489999999999995,1.92,104.62079999999999,104.1,0.1,3.0,198.7,23828.0,45078.0,17.7,17.0,93.0,29.68,11.68,135.0,191.0,1.0,0.844540236844017
2026-04-25T09:23:00,04/25/202609:23,120.67,1.04,125.49680000000001,54.48,1.97,107.3256,106.8,0.1,3.0,198.7,23828.0,45078.0,17.7,17.0,93.0,29.68,11.68,135.0,191.0,1.0,0.8552058697911021
2026-04-25T09:23:22,04/25/202609:23,119.85,1.05,125.8425,54.46,2.0,108.92,108.4,0.1,3.0,198.7,23828.0,45078.0,17.8,17.0,93.0,29.68,11.68,135.0,191.0,1.0,0.8655263523849256
2026-04-25T09:24:01,04/25/202609:24,119.94000000000001,1.0699999999999998,128.3358,54.45,2.04,111.078,110.5,0.1,3.0,198.7,23828.0,45078.0,17.8,17.0,93.0,29.68,11.68,135.0,191.0,1.0,0.8655262210544524
2026-04-25T09:24:22,04/25/202609:24,120.19000000000001,1.09,131.00710000000004,54.45,2.06,112.16700000000002,111.5,0.1,3.0,198.7,23828.0,45078.0,17.7,17.0,93.0,29.68,11.68,135.0,191.0,1.0,0.8561902370176883
2026-04-25T09:25:00,04/25/202609:25,119.66,1.1,131.626,54.45,2.08,113.25600000000001,112.5,0.1,3.0,198.7,23828.0,45078.0,17.7,17.0,93.0,29.68,11.68,135.0,191.0,1.0,0.8604379074043123
2026-04-25T09:25:22,04/25/202609:25,119.58,1.1,131.538,54.44,2.09,113.77959999999999,113.0,0.1,3.0,198.7,23828.0,45078.0,17.7,17.0,93.0,29.68,11.68,135.0,191.0,1.0,0.8649941461782905
2026-04-25T09:26:01,04/25/202609:26,119.42999999999999,1.1,131.373,54.44,2.1,114.324,113.6,0.1,3.0,198.7,23828.0,45078.0,17.7,17.0,93.0,29.68,11.68,135.0,191.0,1.0,0.870224475348816
2026-04-25T09:26:22,04/25/202609:26,119.29,1.1099999999999999,132.4119,54.44,2.1100000000000003,114.86840000000001,114.2,0.1,3.0,198.7,23828.0,45078.0,17.7,17.0,93.0,29.68,11.68,135.0,191.0,1.0,0.8675081318219888
2026-04-25T09:27:24,04/25/202609:27,119.97999999999999,1.1,131.978,54.44,2.09,113.77959999999999,113.2,0.1,3.0,198.7,23828.0,45078.0,17.7,17.0,93.0,29.68,11.68,135.0,191.0,1.0,0.8621103517252874
2026-04-25T09:28:01,04/25/202609:28,120.58,1.09,131.4322,54.42999999999999,2.05,111.58149999999998,111.1,0.1,3.0,198.7,23828.0,45078.0,17.7,17.0,93.0,29.68,11.68,135.0,191.0,1.0,0.8489662350626406
2026-04-25T09:28:25,04/25/202609:28,121.41,1.12,135.97920000000002,54.44,2.12,115.4128,114.9,0.1,3.0,198.7,23828.0,45078.0,17.8,17.0,93.0,29.68,11.68,135.0,191.0,1.0,0.8487533387459257
2026-04-25T09:29:00,04/25/202609:29,122.28,1.1600000000000001,141.84480000000002,54.46,2.21,120.3566,119.8,0.1,3.0,198.7,23828.0,45078.0,17.8,17.0,93.0,29.68,11.68,135.0,191.0,1.0,0.8485090747070035
2026-04-25T09:29:26,04/25/202609:29,123.27000000000001,1.19,146.6913,54.48,2.27,123.66959999999999,123.2,0.1,3.0,198.7,23828.0,45078.0,17.7,17.02,93.0,29.68,11.668,134.9,190.2,1.0,0.8430602223853765
2026-04-25T09:30:01,04/25/202609:30,124.1,1.22,151.402,54.489999999999995,2.35,128.0515,127.7,0.1,3.0,198.7,23828.0,45078.0,17.7,17.04,93.0,29.68,11.656,134.8,189.4,1.0,0.8457715221727587
2026-04-25T09:30:25,04/25/202609:30,124.88,1.26,157.34879999999998,54.5,2.41,131.345,131.1,0.1,3.0,198.7,23828.0,45078.0,17.7,17.06,93.1,29.68,11.6,135.3,185.8,1.01,0.8347378562785354
2026-04-25T09:31:00,04/25/202609:31,125.21,1.31,164.0251,54.52,2.48,135.2096,135.0,0.1,3.0,198.7,23828.0,45078.0,17.7,17.080000000000002,93.2,29.68,11.544,135.8,182.2,1.02,0.8243226189162511
2026-04-25T09:31:26,04/25/202609:31,124.59,1.3699999999999999,170.6883,54.55,2.59,141.28449999999998,141.1,0.2,3.0,198.7,23828.0,45078.0,17.7,17.1,93.3,29.68,11.488,136.3,178.6,1.03,0.8277339454432435
2026-04-25T09:32:01,04/25/202609:32,123.96,1.42,176.02319999999997,54.58,2.7,147.366,147.2,0.2,3.0,198.7,23828.0,45078.0,17.7,17.119999999999997,93.4,29.68,11.431999999999999,136.8,175.0,1.04,0.837196460466575
2026-04-25T09:33:24,04/25/202609:33,123.97,1.46,180.9962,54.629999999999995,2.82,154.05659999999997,153.8,0.2,3.0,198.7,23828.0,45078.0,17.7,17.14,93.6,29.68,11.376,137.3,171.4,1.05,0.851159306106979
2026-04-25T09:33:25,04/25/202609:33,124.42,1.53,190.36260000000001,54.7,2.98,163.006,162.7,0.2,3.0,198.7,23828.0,45078.0,17.7,17.16,93.8,29.68,11.319999999999999,137.8,167.8,1.06,0.8562921498235472
2026-04-25T09:34:00,04/25/202609:34,124.64000000000001,1.56,194.43840000000003,54.75,3.0300000000000002,165.8925,165.7,0.2,3.0,198.7,23828.0,45078.0,17.7,17.18,94.0,29.68,11.264,138.3,164.2,1.07,0.8531879505282907
2026-04-25T09:34:25,04/25/202609:34,124.92,1.58,197.3736,54.8,3.06,167.688,167.6,0.2,3.0,198.7,23828.0,45078.0,17.7,17.2,94.2,29.68,11.208,138.8,160.6,1.08,0.8495969065771714
2026-04-25T09:35:01,04/25/202609:35,125.08,1.61,201.3788,54.85,3.12,171.132,171.0,0.2,3.0,198.7,23828.0,45078.0,17.7,17.2,94.4,29.68,11.163999999999998,139.4,157.8,1.09,0.8498014686749549
2026-04-25T09:35:25,04/25/202609:35,126.35999999999999,1.6300000000000001,205.96679999999998,54.92,3.2,175.74400000000003,175.6,0.2,3.0,198.7,23828.0,45078.0,17.7,17.2,94.6,29.68,11.12,140.0,155.0,1.1,0.8532637298826804
2026-04-25T09:36:00,04/25/202609:36,127.69000000000001,1.64,209.41160000000002,54.989999999999995,3.3,181.46699999999998,181.3,0.2,3.0,198.7,23828.0,45078.0,17.7,17.2,94.7,29.68,11.12,140.0,155.0,1.1,0.8665565804377597
2026-04-25T09:36:24,04/25/202609:36,129.22,1.64,211.92079999999999,55.06,3.38,186.1028,185.9,0.2,4.0,198.7,23828.0,45078.0,17.8,17.2,94.8,29.68,11.12,140.0,155.0,1.1,0.8781714678313786
2026-04-25T09:37:01,04/25/202609:37,131.7,1.6300000000000001,214.671,55.120000000000005,3.4200000000000004,188.51040000000003,188.3,0.2,4.0,198.7,23828.0,45078.0,17.8,17.2,94.9,29.68,11.12,140.0,155.0,1.1,0.8781363109129786
2026-04-25T09:37:25,04/25/202609:37,134.06,1.6199999999999999,217.1772,55.19,3.45,190.4055,190.1,0.2,4.0,198.7,23828.0,45078.0,17.7,17.2,95.0,29.68,11.12,140.0,155.0,1.1,0.8767287726335913
2026-04-25T09:38:00,04/25/202609:38,135.76,1.6199999999999999,219.93119999999996,55.239999999999995,3.46,191.13039999999998,190.8,0.2,4.0,198.7,23828.0,45078.0,17.7,17.2,95.0,29.68,11.12,140.0,155.0,1.1,0.869046319940054
2026-04-25T09:38:25,04/25/202609:38,136.56,1.59,217.1304,55.260000000000005,3.41,188.43660000000003,188.1,0.2,4.0,198.7,23828.0,45078.0,17.7,17.2,95.0,29.68,11.12,140.0,155.0,1.1,0.8678499187584973
2026-04-25T09:39:36,04/25/202609:39,137.22,1.56,214.0632,55.279999999999994,3.3600000000000003,185.7408,185.4,0.2,4.0,198.7,23828.0,45078.0,17.8,17.2,95.0,29.68,11.12,140.0,155.0,1.1,0.8676914107609343
2026-04-25T09:39:37,04/25/202609:39,137.7,1.54,212.058,55.3,3.3200000000000003,183.596,183.2,0.2,4.0,198.7,23828.0,45078.0,17.7,17.2,95.0,29.68,11.12,140.0,155.0,1.1,0.865782003036905
2026-04-25T09:40:00,04/25/202609:40,138.18,1.52,210.0336,55.31999999999999,3.28,181.44959999999998,181.0,0.2,4.0,198.7,23828.0,45078.0,17.7,17.2,95.0,29.68,11.12,140.0,155.0,1.1,0.8639074890874602
2026-04-25T09:40:37,04/25/202609:40,137.04000000000002,1.49,204.18960000000004,55.3,3.17,175.301,174.8,0.2,4.0,198.7,23828.0,45078.0,17.7,17.2,95.0,29.68,11.12,140.0,155.0,1.1,0.8585207082045312
2026-04-25T09:41:00,04/25/202609:41,135.9,1.46,198.41400000000002,55.279999999999994,3.06,169.15679999999998,168.6,0.2,4.0,198.7,23828.0,45078.0,17.7,17.2,95.0,29.68,11.12,140.0,155.0,1.1,0.8525446793069036
2026-04-25T09:41:36,04/25/202609:41,134.56,1.45,195.112,55.260000000000005,3.0,165.78000000000003,165.2,0.2,4.0,198.7,23828.0,45078.0,17.7,17.2,95.0,29.68,11.12,140.0,155.0,1.1,0.849665832957481
2026-04-25T09:41:50,04/25/202609:41,133.2,1.44,191.80799999999996,55.239999999999995,2.93,161.8532,161.2,0.2,4.0,198.7,23828.0,45078.0,17.7,17.2,95.0,29.68,11.12,140.0,155.0,1.1,0.8438292459125794
2026-04-25T09:42:01,04/25/202609:42,131.95999999999998,1.4300000000000002,188.7028,55.21,2.87,158.45270000000002,157.8,0.2,4.0,198.7,23828.0,45078.0,17.7,17.2,95.0,29.68,11.12,140.0,155.0,1.1,0.8396944825407997
2026-04-25T09:42:51,04/25/202609:42,130.73,1.3900000000000001,181.7147,55.17,2.7600000000000002,152.2692,151.7,0.2,4.0,198.7,23828.0,45078.0,17.7,17.2,95.0,29.68,11.12,140.0,155.0,1.1,0.837957523524514
2026-04-25T09:43:00,04/25/202609:43,129.95999999999998,1.35,175.446,55.14,2.67,147.2238,146.7,0.2,4.0,198.7,23828.0,45078.0,17.7,17.2,95.0,29.68,11.12,140.0,155.0,1.1,0.8391402482815226
2026-04-25T09:44:35,04/25/202609:44,129.28,1.34,173.23520000000002,55.120000000000005,2.6399999999999997,145.5168,145.0,0.2,4.0,198.7,23828.0,45078.0,17.7,17.2,95.0,29.68,11.12,140.0,155.0,1.1,0.8399955667208511
2026-04-25T09:44:51,04/25/202609:44,128.8,1.34,172.592,55.11,2.65,146.04149999999998,145.5,0.2,4.0,198.7,23828.0,45078.0,17.7,17.2,95.0,29.68,11.12,140.0,155.0,1.1,0.8461661027162324
2026-04-25T09:45:00,04/25/202609:45,128.32,1.34,171.9488,55.1,2.66,146.566,146.0,0.2,4.0,198.7,23828.0,45078.0,17.7,17.2,95.0,29.68,11.12,140.0,155.0,1.1,0.852381639185618
2026-04-25T09:45:51,04/25/202609:45,129.29000000000002,1.35,174.54150000000004,55.120000000000005,2.7,148.824,148.3,0.2,4.0,198.7,23828.0,45078.0,17.8,17.21,95.0,29.68,11.088999999999999,140.0,155.2,1.11,0.8526568180060328
2026-04-25T09:46:01,04/25/202609:46,130.26,1.3599999999999999,177.15359999999998,55.14,2.7399999999999998,151.0836,150.6,0.2,4.0,198.7,23828.0,45078.0,17.8,17.22,95.0,29.68,11.058,140.0,155.4,1.12,0.8528395697293196
2026-04-25T09:46:51,04/25/202609:46,131.4,1.35,177.39000000000001,55.160000000000004,2.7399999999999998,151.1384,150.6,0.2,4.0,198.7,23828.0,45078.0,17.7,17.23,95.0,29.68,11.027,140.0,155.6,1.1300000000000001,0.8520119510682675
2026-04-25T09:47:00,04/25/202609:47,132.56,1.34,177.6304,55.17999999999999,2.75,151.74499999999998,151.2,0.2,4.0,198.7,23828.0,45078.0,17.7,17.240000000000002,95.0,29.68,10.995999999999999,140.0,155.8,1.1400000000000001,0.8542738179951178
2026-04-25T09:47:51,04/25/202609:47,133.66,1.33,177.7678,55.2,2.77,152.904,152.4,0.2,4.0,198.7,23828.0,45078.0,17.8,17.25,95.0,29.68,10.965,140.0,156.0,1.15,0.8601332749800583
2026-04-25T09:48:01,04/25/202609:48,134.75,1.35,181.91250000000002,55.23,2.84,156.8532,156.3,0.2,4.0,198.7,23828.0,45078.0,17.8,17.259999999999998,95.0,29.68,10.934000000000001,140.0,156.2,1.16,0.86224531024531
2026-04-25T09:48:51,04/25/202609:48,136.08999999999997,1.3699999999999999,186.44329999999994,55.260000000000005,2.9,160.25400000000002,159.6,0.2,4.0,198.7,23828.0,45078.0,17.7,17.27,95.0,29.68,10.903,140.0,156.4,1.17,0.859532093671374
2026-04-25T09:49:00,04/25/202609:49,137.48,1.3599999999999999,186.97279999999998,55.279999999999994,2.9,160.31199999999998,159.6,0.2,4.0,198.7,23828.0,45078.0,17.7,17.28,95.0,29.68,10.872,140.0,156.6,1.1800000000000002,0.8574081363706378
2026-04-25T09:49:51,04/25/202609:49,138.92000000000002,1.34,186.15280000000004,55.29,2.86,158.1294,157.5,0.2,4.0,198.7,23828.0,45078.0,17.7,17.29,95.0,29.68,10.841,140.0,156.8,1.19,0.8494602283715311
2026-04-25T09:50:01,04/25/202609:50,140.35999999999999,1.3199999999999998,185.27519999999996,55.3,2.82,155.94599999999997,155.4,0.2,4.0,198.7,23828.0,45078.0,17.7,17.3,95.0,29.68,10.81,140.0,157.0,1.2,0.841699266820384
2026-04-25T09:50:50,04/25/202609:50,140.89000000000001,1.3,183.15700000000004,55.3,2.79,154.287,153.7,0.2,4.0,198.7,23828.0,45078.0,17.8,17.3,95.0,29.68,10.81,140.0,157.0,1.2,0.8423756667776824
2026-04-25T09:51:01,04/25/202609:51,141.42000000000002,1.28,181.01760000000002,55.3,2.7600000000000002,152.62800000000001,152.0,0.2,4.0,198.7,23828.0,45078.0,17.8,17.3,95.0,29.68,10.81,140.0,157.0,1.2,0.8431666313109886
2026-04-25T09:51:42,04/25/202609:51,141.60999999999999,1.27,179.8447,55.3,2.7399999999999998,151.522,150.9,0.2,4.0,198.7,23828.0,45078.0,17.7,17.3,95.0,29.68,10.81,140.0,157.0,1.2,0.8425157927923369
2026-04-25T09:52:01,04/25/202609:52,141.8,1.26,178.668,55.3,2.7199999999999998,150.41599999999997,149.8,0.2,4.0,198.7,23828.0,45078.0,17.7,17.3,95.0,29.68,10.81,140.0,157.0,1.2,0.8418743143707881
2026-04-25T09:52:42,04/25/202609:52,142.27,1.25,177.8375,55.3,2.68,148.204,147.6,0.2,4.0,198.7,23828.0,45078.0,17.7,17.3,95.0,29.68,10.81,140.0,157.0,1.2,0.8333675405918325
2026-04-25T09:53:01,04/25/202609:53,142.74,1.24,176.9976,55.3,2.6399999999999997,145.99199999999996,145.4,0.2,4.0,198.7,23828.0,45078.0,17.7,17.3,95.0,29.68,10.81,140.0,157.0,1.2,0.8248247433863508
2026-04-25T09:53:42,04/25/202609:53,142.93,1.23,175.8039,55.3,2.62,144.886,144.3,0.2,4.0,198.7,23828.0,45078.0,17.7,17.3,95.0,29.68,10.81,140.0,157.0,1.2,0.8241341631215234
2026-04-25T09:54:01,04/25/202609:54,143.12,1.22,174.6064,55.3,2.6,143.78,143.2,0.2,4.0,198.7,23828.0,45078.0,17.7,17.3,95.0,29.68,10.81,140.0,157.0,1.2,0.8234520613219217
2026-04-25T09:55:46,04/25/202609:55,142.95999999999998,1.21,172.98159999999996,55.3,2.6,143.78,143.2,0.2,4.0,198.7,23828.0,45078.0,17.7,17.3,95.0,29.68,10.81,140.0,157.0,1.2,0.8311866695648557
2026-04-25T09:56:01,04/25/202609:56,142.8,1.2,171.36,55.3,2.6,143.78,143.2,0.2,4.0,198.7,23828.0,45078.0,17.7,17.3,95.0,29.68,10.81,140.0,157.0,1.2,0.8390522875816993
2026-04-25T09:56:43,04/25/202609:56,142.78,1.19,169.9082,55.3,2.58,142.674,142.1,0.2,4.0,198.7,23828.0,45078.0,17.7,17.3,95.0,29.68,10.81,140.0,157.0,1.2,0.8397122681542151
2026-04-25T09:57:01,04/25/202609:57,142.76,1.1800000000000002,168.45680000000002,55.3,2.56,141.56799999999998,141.0,0.2,4.0,198.7,23828.0,45078.0,17.7,17.3,95.0,29.68,10.81,140.0,157.0,1.2,0.8403816289992447
2026-04-25T09:57:42,04/25/202609:57,142.81,1.17,167.08769999999998,55.3,2.54,140.462,139.9,0.2,4.0,198.7,23828.0,45078.0,17.7,17.3,95.0,29.68,10.81,140.0,157.0,1.2,0.8406483541278024
2026-04-25T09:58:01,04/25/202609:58,142.85999999999999,1.16,165.71759999999998,55.3,2.52,139.356,138.8,0.2,4.0,198.7,23828.0,45078.0,17.7,17.3,95.0,29.68,10.81,140.0,157.0,1.2,0.8409245608191286
2026-04-25T09:59:41,04/25/202609:59,142.72,1.15,164.128,55.3,2.5,138.25,137.7,0.2,5.0,198.7,23828.0,45078.0,17.7,17.3,95.0,29.68,10.81,140.0,157.0,1.2,0.8423303762916748
2026-04-25T09:59:42,04/25/202609:59,142.82999999999998,1.1400000000000001,162.8262,55.3,2.48,137.144,136.6,0.2,5.0,198.7,23828.0,45078.0,17.7,17.3,95.0,29.68,10.81,140.0,157.0,1.2,0.8422723124411182
2026-04-25T10:00:01,04/25/202610:00,142.97,1.1300000000000001,161.55610000000001,55.3,2.45,135.485,135.0,0.2,5.0,198.7,23828.0,45078.0,17.7,17.3,95.0,29.68,10.81,140.0,157.0,1.2,0.8386250967930026
2026-04-25T10:00:42,04/25/202610:00,142.88,1.12,160.0256,55.3,2.43,134.379,133.9,0.2,5.0,198.7,23828.0,45078.0,17.7,17.3,95.0,29.68,10.81,140.6,156.1,1.21,0.8397343924972004
2026-04-25T10:01:01,04/25/202610:01,143.01,1.11,158.74110000000002,55.3,2.4,132.72,132.2,0.2,5.0,198.7,23828.0,45078.0,17.7,17.3,95.0,29.68,10.81,141.2,155.2,1.22,0.8360783691180166
2026-04-25T10:01:41,04/25/202610:01,143.23,1.1,157.553,55.3,2.38,131.61399999999998,131.1,0.2,5.0,198.7,23828.0,45078.0,17.7,17.3,95.0,29.68,10.81,141.8,154.3,1.23,0.8353633380513222
2026-04-25T10:02:01,04/25/202610:02,143.26999999999998,1.1,157.59699999999998,55.3,2.3899999999999997,132.16699999999997,131.7,0.2,5.0,198.7,23828.0,45078.0,17.7,17.3,95.0,29.68,10.81,142.4,153.4,1.24,0.8386390603882053
2026-04-25T10:02:42,04/25/202610:02,143.33999999999997,1.09,156.24059999999997,55.3,2.37,131.061,130.6,0.2,5.0,198.7,23828.0,45078.0,17.7,17.3,95.0,29.68,10.81,143.0,152.5,1.25,0.8388408646664185
2026-04-25T10:03:01,04/25/202610:03,143.51,1.08,154.9908,55.3,2.35,129.95499999999998,129.5,0.2,5.0,198.7,23828.0,45078.0,17.7,17.3,95.0,29.68,10.81,143.6,151.6,1.26,0.8384691220382111
2026-04-25T10:03:42,04/25/202610:03,143.64000000000001,1.08,155.13120000000004,55.3,2.35,129.95499999999998,129.5,0.2,5.0,198.7,23828.0,45078.0,17.7,17.3,95.0,29.68,10.81,144.2,150.7,1.27,0.8377102736264527
2026-04-25T10:04:01,04/25/202610:04,143.74,1.08,155.2392,55.3,2.3600000000000003,130.508,130.0,0.2,5.0,198.7,23828.0,45078.0,17.7,17.3,95.0,29.68,10.81,144.8,149.8,1.28,0.840689722698906
2026-04-25T10:04:42,04/25/202610:04,143.45999999999998,1.07,153.5022,55.3,2.3600000000000003,130.508,130.0,0.2,5.0,198.7,23828.0,45078.0,17.7,17.3,95.0,29.68,10.81,145.4,148.9,1.29,0.8502027983963749
2026-04-25T10:05:01,04/25/202610:05,143.18,1.06,151.7708,55.3,2.3600000000000003,130.508,130.0,0.2,5.0,198.7,23828.0,45078.0,17.7,17.3,95.0,29.68,10.81,146.0,148.0,1.3,0.8599019047142138
2026-04-25T10:05:42,04/25/202610:05,143.16,1.07,153.18120000000002,55.3,2.37,131.061,130.6,0.2,5.0,198.7,23828.0,45078.0,17.7,17.3,95.0,29.68,10.81,146.0,148.0,1.3,0.8555945507673265
2026-04-25T10:06:57,04/25/202610:06,142.97,1.08,154.4076,55.3,2.37,131.061,130.6,0.2,5.0,198.7,23828.0,45078.0,17.8,17.3,95.0,29.68,10.81,146.0,148.0,1.3,0.8487988933187227
2026-04-25T10:07:00,04/25/202610:07,142.69,1.09,155.5321,55.3,2.3600000000000003,130.508,130.0,0.2,5.0,198.7,23828.0,45078.0,17.8,17.3,95.0,29.68,10.81,146.0,148.0,1.3,0.8391065252767756
2026-04-25T10:07:42,04/25/202610:07,142.64000000000001,1.09,155.47760000000002,55.3,2.33,128.849,128.3,0.2,5.0,198.7,23828.0,45078.0,17.7,17.3,95.0,29.68,10.81,146.0,148.0,1.3,0.828730312276495
2026-04-25T10:08:00,04/25/202610:08,142.56,1.1,156.816,55.3,2.33,128.849,128.3,0.2,5.0,198.7,23828.0,45078.0,17.7,17.3,95.0,29.68,10.81,146.0,148.0,1.3,0.8216572288541985
2026-04-25T10:08:42,04/25/202610:08,142.59,1.1099999999999999,158.27489999999997,55.3,2.33,128.849,128.3,0.2,5.0,198.7,23828.0,45078.0,17.7,17.3,95.0,29.68,10.81,146.0,148.0,1.3,0.8140835975887523
2026-04-25T10:09:00,04/25/202610:09,142.66,1.1099999999999999,158.35259999999997,55.3,2.31,127.743,127.2,0.2,5.0,198.7,23828.0,45078.0,17.7,17.3,95.0,29.68,10.81,146.0,148.0,1.3,0.8066997321168078
2026-04-25T10:09:42,04/25/202610:09,142.60999999999999,1.1,156.871,55.3,2.2800000000000002,126.084,125.6,0.2,5.0,198.7,23828.0,45078.0,17.7,17.3,95.0,29.68,10.81,146.0,148.0,1.3,0.8037432030139413
2026-04-25T10:10:00,04/25/202610:10,142.69,1.1,156.959,55.3,2.2600000000000002,124.97800000000001,124.5,0.2,5.0,198.7,23828.0,45078.0,17.7,17.3,95.0,29.68,10.81,146.0,148.0,1.3,0.7962461534540868
2026-04-25T10:10:42,04/25/202610:10,142.82,1.1099999999999999,158.53019999999998,55.31,2.2600000000000002,125.00060000000002,124.5,0.2,5.0,198.7,23828.0,45078.0,17.7,17.3,95.0,29.68,10.81,146.0,148.0,1.3,0.7884970813132137
2026-04-25T10:11:00,04/25/202610:11,142.92000000000002,1.1,157.21200000000002,55.31999999999999,2.2399999999999998,123.91679999999997,123.4,0.2,5.0,198.7,23828.0,45078.0,17.7,17.3,95.0,29.68,10.81,146.0,148.0,1.3,0.7882146401038086
2026-04-25T10:11:22,04/25/202610:11,143.14000000000001,1.09,156.02260000000004,55.31999999999999,2.2399999999999998,123.91679999999997,123.4,0.3,5.0,198.7,23828.0,45078.0,17.7,17.3,95.0,29.68,10.81,146.0,148.0,1.3,0.7942234009688336
2026-04-25T10:12:00,04/25/202610:12,143.35999999999999,1.08,154.8288,55.31999999999999,2.2399999999999998,123.91679999999997,123.4,0.3,5.0,198.7,23828.0,45078.0,17.7,17.3,95.0,29.68,10.81,146.0,148.0,1.3,0.800347222222222
2026-04-25T10:12:22,04/25/202610:12,143.3,1.08,154.764,55.31999999999999,2.25,124.46999999999998,124.0,0.3,5.0,198.7,23828.0,45078.0,17.7,17.3,95.0,29.68,10.81,146.0,148.0,1.3,0.8042568039078855
2026-04-25T10:13:00,04/25/202610:13,143.24,1.08,154.69920000000002,55.31999999999999,2.2600000000000002,125.0232,124.6,0.3,5.0,198.7,23828.0,45078.0,17.7,17.3,95.0,29.68,10.81,146.0,148.0,1.3,0.8081696608644388
2026-04-25T10:13:23,04/25/202610:13,143.25,1.08,154.71,55.31999999999999,2.2800000000000002,126.1296,125.7,0.3,5.0,198.7,23828.0,45078.0,17.7,17.3,95.0,29.68,10.81,146.0,148.0,1.3,0.8152646887725421
2026-04-25T10:14:00,04/25/202610:14,143.26,1.08,154.7208,55.31999999999999,2.3,127.23599999999998,126.8,0.3,5.0,198.7,23828.0,45078.0,17.7,17.3,95.0,29.68,10.81,146.0,148.0,1.3,0.8223587261699783
2026-04-25T10:14:22,04/25/202610:14,143.38,1.09,156.2842,55.31999999999999,2.32,128.34239999999997,127.9,0.3,5.0,198.7,23828.0,45078.0,17.7,17.3,95.0,29.68,10.81,146.0,148.0,1.3,0.8212116132021021
2026-04-25T10:15:00,04/25/202610:15,143.5,1.1,157.85000000000002,55.31999999999999,2.34,129.44879999999998,129.0,0.3,5.0,198.7,23828.0,45078.0,17.7,17.3,95.0,29.68,10.81,146.0,148.0,1.3,0.8200747545137786
2026-04-25T10:15:23,04/25/202610:15,143.55,1.1,157.90500000000003,55.31,2.3,127.213,126.8,0.3,5.0,198.7,23828.0,45078.0,17.7,17.3,95.0,29.68,10.81,146.0,148.0,1.3,0.8056299673854531
2026-04-25T10:16:00,04/25/202610:16,143.6,1.1,157.96,55.3,2.26,124.97799999999998,124.6,0.3,5.0,198.7,23828.0,45078.0,17.7,17.3,95.0,29.68,10.81,146.0,148.0,1.3,0.7912003038743984
2026-04-25T10:16:22,04/25/202610:16,143.7,1.09,156.633,55.3,2.2299999999999995,123.31899999999997,123.0,0.3,5.0,198.7,23828.0,45078.0,17.7,17.29,95.0,29.68,10.760000000000002,146.4,147.6,1.32,0.7873117414593347
2026-04-25T10:18:08,04/25/202610:18,143.76,1.08,155.2608,55.3,2.1799999999999997,120.55399999999997,120.3,0.3,5.0,198.7,23828.0,45078.0,17.7,17.28,95.0,29.68,10.71,146.8,147.2,1.34,0.7764612832086398
2026-04-25T10:18:21,04/25/202610:18,143.85,1.07,153.9195,55.3,2.1599999999999997,119.44799999999998,119.2,0.3,5.0,198.7,23828.0,45078.0,17.7,17.27,95.0,29.68,10.66,147.2,146.8,1.3599999999999999,0.7760420219660276
2026-04-25T10:19:01,04/25/202610:19,143.94,1.06,152.5764,55.3,2.1399999999999997,118.34199999999997,118.1,0.3,5.0,198.7,23828.0,45078.0,17.7,17.259999999999998,95.0,29.68,10.610000000000001,147.6,146.4,1.3800000000000001,0.7756245395749275
2026-04-25T10:19:22,04/25/202610:19,143.87,1.05,151.0635,55.3,2.12,117.236,117.0,0.3,5.0,198.7,23828.0,45078.0,17.7,17.25,95.0,29.68,10.56,148.0,146.0,1.4,0.7760709900141332
2026-04-25T10:20:01,04/25/202610:20,143.8,1.04,149.55200000000002,55.3,2.1,116.13,115.9,0.3,5.0,198.7,23828.0,45078.0,17.7,17.240000000000002,95.0,29.68,10.510000000000002,148.4,145.6,1.42,0.7765192040226809
2026-04-25T10:20:22,04/25/202610:20,143.7,1.02,146.57399999999998,55.3,2.07,114.47099999999999,114.2,0.3,5.0,198.7,23828.0,45078.0,17.7,17.23,95.0,29.68,10.46,148.8,145.2,1.44,0.7809775267100577
2026-04-25T10:21:01,04/25/202610:21,143.6,1.0,143.6,55.3,2.04,112.812,112.5,0.3,5.0,198.7,23828.0,45078.0,17.7,17.22,95.0,29.68,10.41,149.2,144.8,1.46,0.7855988857938718
2026-04-25T10:21:22,04/25/202610:21,143.57999999999998,0.99,142.14419999999998,55.3,2.07,114.47099999999999,114.1,0.3,5.0,198.7,23828.0,45078.0,17.7,17.21,95.0,29.68,10.360000000000001,149.6,144.4,1.48,0.8053160100799048
2026-04-25T10:21:43,04/25/202610:21,143.59,0.9800000000000001,140.71820000000002,55.3,2.08,115.024,114.6,0.3,5.0,198.7,23828.0,45078.0,17.7,17.2,95.0,29.68,10.31,150.0,144.0,1.5,0.8174067036104781
2026-04-25T10:22:01,04/25/202610:22,143.6,0.9800000000000001,140.728,55.3,2.07,114.47099999999999,114.0,0.3,5.0,198.7,23828.0,45078.0,17.7,17.2,95.0,29.68,10.31,150.0,144.0,1.5,0.8134202148826103
2026-04-25T10:22:43,04/25/202610:22,143.39000000000001,0.9800000000000001,140.52220000000003,55.31,2.07,114.4917,114.0,0.3,5.0,198.7,23828.0,45078.0,17.7,17.2,95.0,29.68,10.31,150.0,144.0,1.5,0.8147588067935171
2026-04-25T10:23:01,04/25/202610:23,143.2,0.9800000000000001,140.336,55.31999999999999,2.05,113.40599999999998,112.9,0.3,5.0,198.7,23828.0,45078.0,17.7,17.2,95.0,29.68,10.31,150.0,144.0,1.5,0.8081034089613497
2026-04-25T10:23:43,04/25/202610:23,143.17000000000002,0.9800000000000001,140.30660000000003,55.31999999999999,2.0300000000000002,112.2996,111.8,0.3,5.0,198.7,23828.0,45078.0,17.7,17.2,95.0,29.68,10.31,150.0,144.0,1.5,0.8003871521368202
2026-04-25T10:24:01,04/25/202610:24,143.12,0.9800000000000001,140.25760000000002,55.31999999999999,2.0,110.63999999999999,110.2,0.3,5.0,198.7,23828.0,45078.0,17.7,17.2,95.0,29.68,10.31,150.0,144.0,1.5,0.7888342592486964
2026-04-25T10:24:43,04/25/202610:24,143.1,0.9800000000000001,140.238,55.31999999999999,1.97,108.98039999999999,108.6,0.3,5.0,198.7,23828.0,45078.0,17.7,17.2,95.0,29.68,10.31,150.0,144.0,1.5,0.7771103409917425
2026-04-25T10:25:01,04/25/202610:25,143.12,0.99,141.68880000000001,55.31999999999999,1.9600000000000002,108.4272,108.1,0.3,5.0,198.7,23828.0,45078.0,17.7,17.2,95.0,29.68,10.31,150.0,144.0,1.5,0.7652489116994426
2026-04-25T10:25:43,04/25/202610:25,143.15,1.0,143.15,55.31999999999999,1.9600000000000002,108.4272,108.1,0.3,6.0,198.7,23828.0,45078.0,17.7,17.2,95.0,29.68,10.31,150.0,144.0,1.5,0.7574376528117359
2026-04-25T10:26:01,04/25/202610:26,143.12,1.0,143.12,55.31999999999999,1.94,107.32079999999998,107.0,0.3,6.0,198.7,23828.0,45078.0,17.7,17.2,95.0,29.68,10.31,150.0,144.0,1.5,0.7498658468418109
2026-04-25T10:26:43,04/25/202610:26,142.91,1.0,142.91,55.31999999999999,1.94,107.32079999999998,107.0,0.3,6.0,198.7,23828.0,45078.0,17.7,17.2,95.0,29.68,10.31,150.0,144.0,1.5,0.7509677419354838
2026-04-25T10:26:44,04/25/202610:26,142.73,0.99,141.3027,55.31999999999999,1.9300000000000002,106.7676,106.5,0.3,6.0,198.7,23828.0,45078.0,17.7,17.2,95.0,29.68,10.31,150.0,144.0,1.5,0.7555949037067233
2026-04-25T10:27:01,04/25/202610:27,142.81,0.9800000000000001,139.95380000000003,55.31,1.9300000000000002,106.74830000000001,106.5,0.3,6.0,198.7,23828.0,45078.0,17.7,17.2,95.0,29.68,10.31,150.0,144.0,1.5,0.7627395611980524
2026-04-25T10:27:44,04/25/202610:27,142.81,0.97,138.5257,55.3,1.92,106.17599999999999,105.9,0.3,6.0,198.7,23828.0,45078.0,17.7,17.2,95.0,29.68,10.31,150.0,144.0,1.5,0.7664714922934877
2026-04-25T10:28:01,04/25/202610:28,142.65,0.96,136.944,55.3,1.9100000000000001,105.623,105.3,0.3,6.0,198.7,23828.0,45078.0,17.7,17.2,95.0,29.68,10.31,150.0,144.0,1.5,0.7712860731393856
2026-04-25T10:29:20,04/25/202610:29,142.51,0.96,136.8096,55.3,1.9300000000000002,106.729,106.4,0.3,6.0,198.7,23828.0,45078.0,17.7,17.2,95.0,29.68,10.31,150.0,144.0,1.5,0.78012800271326
2026-04-25T10:29:44,04/25/202610:29,142.42000000000002,0.96,136.72320000000002,55.3,1.9300000000000002,106.729,106.4,0.3,6.0,198.7,23828.0,45078.0,17.7,17.2,95.0,29.68,10.31,150.0,144.0,1.5,0.7806209919018863
2026-04-25T10:30:00,04/25/202610:30,142.32999999999998,0.96,136.6368,55.3,1.9300000000000002,106.729,106.4,0.3,6.0,198.7,23828.0,45078.0,17.7,17.2,95.0,29.68,10.31,150.0,144.0,1.5,0.7811146045574838
2026-04-25T10:30:44,04/25/202610:30,142.44,0.96,136.7424,55.3,1.9100000000000001,105.623,105.3,0.3,6.0,198.7,23828.0,45078.0,17.7,17.2,95.0,29.68,10.31,150.0,144.0,1.5,0.772423184030703
2026-04-25T10:31:00,04/25/202610:31,142.55,0.96,136.848,55.3,1.89,104.517,104.2,0.3,6.0,198.7,23828.0,45078.0,17.7,17.2,95.0,29.68,10.31,150.0,144.0,1.5,0.7637451771308312
2026-04-25T10:31:37,04/25/202610:31,142.59,0.96,136.8864,55.3,1.89,104.517,104.2,0.3,6.0,198.7,23828.0,45078.0,17.7,17.18,94.9,29.68,10.199000000000002,150.1,139.8,1.53,0.7635309278350515
2026-04-25T10:32:00,04/25/202610:32,142.6,0.97,138.322,55.3,1.9,105.07,104.7,0.3,6.0,198.7,23828.0,45078.0,17.7,17.16,94.8,29.68,10.088,150.2,135.6,1.56,0.7596044013244458
2026-04-25T10:32:37,04/25/202610:32,142.51,0.9800000000000001,139.65980000000002,55.3,1.92,106.17599999999999,105.8,0.3,6.0,198.7,23828.0,45078.0,17.7,17.14,94.7,29.68,9.977,150.3,142.2,1.59,0.7602474011848791
2026-04-25T10:33:00,04/25/202610:33,142.5,0.99,141.075,55.3,1.95,107.835,107.5,0.3,6.0,198.7,23828.0,45078.0,17.7,17.119999999999997,94.6,29.68,9.866,150.4,148.8,1.6199999999999999,0.7643806485911749
2026-04-25T10:33:37,04/25/202610:33,142.73,0.99,141.3027,55.3,1.9600000000000002,108.388,108.1,0.3,6.0,198.7,23828.0,45078.0,17.7,17.119999999999997,94.5,29.68,9.803999999999998,150.0,155.4,1.65,0.7670624835901934
2026-04-25T10:34:00,04/25/202610:34,142.94,0.9800000000000001,140.08120000000002,55.3,1.94,107.282,107.0,0.3,6.0,198.7,23828.0,45078.0,17.7,17.119999999999997,94.4,29.68,9.742,149.6,162.0,1.6800000000000002,0.7658558036338922
2026-04-25T10:34:37,04/25/202610:34,143.07999999999998,0.97,138.78759999999997,55.3,1.94,107.282,107.0,0.3,6.0,198.7,23828.0,45078.0,17.7,17.119999999999997,94.3,29.68,9.587,148.8,168.6,1.7100000000000002,0.7729941291585128
2026-04-25T10:35:01,04/25/202610:35,143.22,0.96,137.4912,55.3,1.94,107.282,107.0,0.3,6.0,198.7,23828.0,45078.0,17.7,17.119999999999997,94.2,29.68,9.431999999999999,148.0,175.2,1.7399999999999998,0.7802826653633106
2026-04-25T10:35:37,04/25/202610:35,143.02,0.95,135.869,55.3,1.95,107.835,107.5,0.3,6.0,198.7,23828.0,45078.0,17.7,17.119999999999997,94.1,29.683,9.277,147.2,181.8,1.77,0.7936689016626308
2026-04-25T10:36:00,04/25/202610:36,142.82,0.9400000000000001,134.2508,55.3,1.9600000000000002,108.388,108.0,0.3,6.0,198.7,23828.0,45078.0,17.7,17.119999999999997,94.0,29.686,9.122,146.4,188.4,1.8,0.8073545930452557
2026-04-25T10:36:37,04/25/202610:36,142.91000000000003,0.93,132.90630000000004,55.3,1.9300000000000002,106.729,106.4,0.3,6.0,198.7,23828.0,45078.0,17.8,17.14,94.0,29.689,9.078,145.5,199.2,1.8,0.8030394345490015
2026-04-25T10:37:01,04/25/202610:37,143.0,0.9199999999999999,131.56,55.3,1.9,105.07,104.8,0.3,6.0,198.7,23828.0,45078.0,17.8,17.16,94.0,29.692,9.034,144.6,210.0,1.8,0.7986470051687442
2026-04-25T10:37:37,04/25/202610:37,143.21,0.9199999999999999,131.7532,55.3,1.8699999999999999,103.41099999999999,103.1,0.3,6.0,198.7,23828.0,45078.0,17.7,17.18,93.9,29.695,8.989999999999998,143.7,210.0,1.8,0.7848841622063069
2026-04-25T10:38:00,04/25/202610:38,143.42000000000002,0.9199999999999999,131.9464,55.3,1.8399999999999999,101.75199999999998,101.4,0.3,6.0,198.7,23828.0,45078.0,17.7,17.2,93.8,29.698,8.946,142.8,210.0,1.8,0.7711616232045738
2026-04-25T10:38:36,04/25/202610:38,143.29000000000002,0.93,133.25970000000004,55.3,1.8399999999999999,101.75199999999998,101.4,0.3,6.0,198.7,23828.0,45078.0,17.7,17.2,93.7,29.701,8.853,142.4,210.0,1.8,0.7635616769360876
2026-04-25T10:39:01,04/25/202610:39,143.16,0.9400000000000001,134.5704,55.3,1.8399999999999999,101.75199999999998,101.4,0.3,6.0,198.7,23828.0,45078.0,17.7,17.2,93.6,29.704,8.76,142.0,210.0,1.8,0.7561246752629105
2026-04-25T10:40:31,04/25/202610:40,143.07999999999998,0.9400000000000001,134.49519999999998,55.3,1.8199999999999998,100.64599999999999,100.3,0.3,6.0,198.7,23828.0,45078.0,17.7,17.2,93.5,29.707,8.76,142.0,210.0,1.8,0.7483241037598368
2026-04-25T10:40:37,04/25/202610:40,143.0,0.95,135.85,55.3,1.8199999999999998,100.64599999999999,100.3,0.3,6.0,198.7,23828.0,45078.0,17.7,17.2,93.4,29.71,8.76,142.0,210.0,1.8,0.7408612440191387
2026-04-25T10:41:01,04/25/202610:41,143.05,0.96,137.328,55.3,1.8199999999999998,100.64599999999999,100.4,0.3,6.0,198.7,23828.0,45078.0,17.7,17.2,93.3,29.71,8.76,142.0,210.0,1.8,0.7328876849586391
2026-04-25T10:41:37,04/25/202610:41,143.37,0.95,136.2015,55.3,1.81,100.093,99.9,0.3,6.0,198.7,23828.0,45078.0,17.7,17.2,93.2,29.71,8.76,142.0,210.0,1.8,0.7348891164928433
2026-04-25T10:41:45,04/25/202610:41,143.6,0.95,136.42,55.3,1.8199999999999998,100.64599999999999,100.4,0.3,6.0,198.7,23828.0,45078.0,17.7,17.2,93.1,29.71,8.76,142.0,210.0,1.8,0.7377657235009529
2026-04-25T10:42:01,04/25/202610:42,143.82999999999998,0.95,136.63849999999996,55.3,1.83,101.199,100.9,0.3,6.0,198.7,23828.0,45078.0,17.7,17.2,93.0,29.71,8.76,142.0,210.0,1.8,0.7406331304866492
2026-04-25T10:42:45,04/25/202610:42,143.9,0.9400000000000001,135.26600000000002,55.3,1.8199999999999998,100.64599999999999,100.4,0.3,6.0,198.7,23828.0,45078.0,17.8,17.2,93.0,29.71,8.76,142.0,210.0,1.8,0.7440598524388979
2026-04-25T10:43:01,04/25/202610:43,143.97,0.93,133.8921,55.3,1.81,100.093,99.9,0.3,6.0,198.7,23828.0,45078.0,17.8,17.2,93.0,29.71,8.76,142.0,210.0,1.8,0.7475646434703765
2026-04-25T10:43:45,04/25/202610:43,144.18,0.9199999999999999,132.6456,55.3,1.81,100.093,99.9,0.3,6.0,198.7,23828.0,45078.0,17.7,17.2,93.0,29.71,8.76,142.0,210.0,1.8,0.7545896735360992
2026-04-25T10:44:01,04/25/202610:44,144.39,0.9099999999999999,131.39489999999998,55.3,1.81,100.093,99.9,0.3,6.0,198.7,23828.0,45078.0,17.7,17.2,93.0,29.71,8.76,142.0,210.0,1.8,0.7617723366736457
2026-04-25T10:44:46,04/25/202610:44,144.44,0.9199999999999999,132.88479999999998,55.3,1.8199999999999998,100.64599999999999,100.4,0.3,6.0,198.7,23828.0,45078.0,17.8,17.2,93.0,29.71,8.76,142.0,210.0,1.8,0.7573928696133794
2026-04-25T10:45:01,04/25/202610:45,144.48999999999998,0.9199999999999999,132.93079999999998,55.3,1.81,100.093,99.8,0.3,6.0,198.7,23828.0,45078.0,17.8,17.2,93.0,29.71,8.76,142.0,210.0,1.8,0.7529707185994519
2026-04-25T10:45:45,04/25/202610:45,144.63,0.9,130.167,55.3,1.7600000000000002,97.328,97.0,0.3,6.0,198.7,23828.0,45078.0,17.8,17.2,93.0,29.71,8.692,141.6,205.3,1.83,0.7477163950924581
2026-04-25T10:46:01,04/25/202610:46,144.5,0.9,130.05,55.3,1.72,95.116,94.8,0.3,6.0,198.7,23828.0,45078.0,17.8,17.2,93.0,29.71,8.623999999999999,141.2,200.6,1.86,0.7313802383698577
2026-04-25T10:46:45,04/25/202610:46,144.47,0.9,130.023,55.3,1.72,95.116,94.8,0.3,6.0,198.7,23828.0,45078.0,17.7,17.2,93.0,29.71,8.556000000000001,140.8,195.9,1.8900000000000001,0.7315321135491413
2026-04-25T10:47:01,04/25/202610:47,144.44,0.9,129.996,55.3,1.72,95.116,94.8,0.3,6.0,198.7,23828.0,45078.0,17.7,17.2,93.0,29.71,8.488,140.4,191.2,1.92,0.7316840518169789
2026-04-25T10:47:45,04/25/202610:47,144.3,0.9,129.87,55.3,1.73,95.669,95.3,0.3,6.0,198.7,23828.0,45078.0,17.7,17.2,93.0,29.71,8.42,140.0,186.5,1.95,0.7366520366520366
2026-04-25T10:48:01,04/25/202610:48,144.16,0.9,129.744,55.3,1.7399999999999998,96.22199999999998,95.8,0.3,6.0,198.7,23828.0,45078.0,17.7,17.2,93.0,29.71,8.352,139.6,181.8,1.98,0.7416296707362189
2026-04-25T10:48:46,04/25/202610:48,144.0,0.9,129.6,55.3,1.73,95.669,95.2,0.3,6.0,198.7,23828.0,45078.0,17.7,17.2,93.0,29.71,8.284,139.2,177.1,2.0100000000000002,0.7381867283950617
2026-04-25T10:49:01,04/25/202610:49,143.84,0.9,129.45600000000002,55.3,1.72,95.116,94.6,0.3,6.0,198.7,23828.0,45078.0,17.7,17.2,93.0,29.71,8.216,138.8,172.4,2.04,0.7347361265603757
2026-04-25T10:49:45,04/25/202610:49,143.84,0.89,128.01760000000002,55.3,1.72,95.116,94.6,0.3,6.0,198.7,23828.0,45078.0,17.7,17.2,93.0,29.71,8.148,138.4,167.7,2.07,0.7429915886565597
2026-04-25T10:50:01,04/25/202610:50,143.84,0.8800000000000001,126.57920000000001,55.3,1.72,95.116,94.6,0.3,6.0,198.7,23828.0,45078.0,17.7,17.2,93.0,29.71,8.08,138.0,163.0,2.1,0.7514346748912932
2026-04-25T10:51:43,04/25/202610:51,143.8,0.89,127.98200000000001,55.3,1.77,97.881,97.4,0.3,6.0,198.7,23828.0,45078.0,17.7,17.2,93.0,29.71,8.08,138.0,163.0,2.1,0.7648028629025956
2026-04-25T10:51:45,04/25/202610:51,143.72,0.9099999999999999,130.78519999999997,55.3,1.81,100.093,99.6,0.3,6.0,198.7,23828.0,45078.0,17.8,17.2,93.0,29.71,8.08,138.0,163.0,2.1,0.7653235993063437
2026-04-25T10:52:01,04/25/202610:52,143.56,0.9199999999999999,132.0752,55.3,1.81,100.093,99.6,0.3,6.0,198.7,23828.0,45078.0,17.8,17.2,93.0,29.71,8.08,138.0,163.0,2.1,0.75784855900275
2026-04-25T10:52:45,04/25/202610:52,143.44,0.9199999999999999,131.9648,55.3,1.8,99.53999999999999,99.1,0.3,6.0,198.7,23828.0,45078.0,17.7,17.2,93.0,29.71,8.08,138.0,163.0,2.1,0.754292053638546
2026-04-25T10:53:00,04/25/202610:53,143.57,0.9199999999999999,132.0844,55.3,1.7899999999999998,98.98699999999998,98.6,0.3,6.0,198.7,23828.0,45078.0,17.7,17.2,93.0,29.71,8.08,138.0,163.0,2.1,0.7494223390498802
2026-04-25T10:53:46,04/25/202610:53,143.60999999999999,0.9199999999999999,132.1212,55.3,1.77,97.881,97.5,0.3,6.0,198.7,23828.0,45078.0,17.7,17.2,93.0,29.71,8.08,138.0,163.0,2.1,0.7408424991598623
2026-04-25T10:54:01,04/25/202610:54,143.63,0.9199999999999999,132.13959999999997,55.3,1.75,96.77499999999999,96.4,0.3,6.0,198.7,23828.0,45078.0,17.7,17.2,93.0,29.71,8.08,138.0,163.0,2.1,0.7323694032674536
2026-04-25T10:54:45,04/25/202610:54,143.73,0.9199999999999999,132.2316,55.3,1.75,96.77499999999999,96.4,0.3,6.0,198.7,23828.0,45078.0,17.7,17.2,93.0,29.71,8.08,138.0,163.0,2.1,0.7318598580067095
2026-04-25T10:55:00,04/25/202610:55,143.76999999999998,0.9199999999999999,132.26839999999999,55.3,1.75,96.77499999999999,96.4,0.3,6.0,198.7,23828.0,45078.0,17.7,17.2,93.0,29.71,8.08,138.0,163.0,2.1,0.7316562383759084
2026-04-25T10:55:45,04/25/202610:55,143.69,0.9099999999999999,130.75789999999998,55.3,1.72,95.116,94.7,0.3,6.0,198.7,23828.0,45078.0,17.8,17.2,93.0,29.71,8.08,138.0,163.0,2.1,0.7274206759209196
2026-04-25T10:56:00,04/25/202610:56,143.56,0.9,129.204,55.3,1.6800000000000002,92.90400000000001,92.4,0.3,6.0,198.7,23828.0,45078.0,17.8,17.2,93.0,29.71,8.08,138.0,163.0,2.1,0.7190489458530696
2026-04-25T10:56:13,04/25/202610:56,143.47,0.8800000000000001,126.25360000000002,55.3,1.6600000000000001,91.798,91.3,0.3,6.0,198.7,23828.0,45078.0,17.7,17.2,93.0,29.71,8.08,138.0,163.0,2.1,0.7270921383627872
2026-04-25T10:57:01,04/25/202610:57,143.38,0.86,123.3068,55.3,1.64,90.692,90.2,0.3,6.0,198.7,23828.0,45078.0,17.7,17.2,93.0,29.71,8.08,138.0,163.0,2.1,0.7354987721682826
2026-04-25T10:57:13,04/25/202610:57,143.35999999999999,0.86,123.28959999999998,55.3,1.65,91.24499999999999,90.7,0.3,6.0,198.7,23828.0,45078.0,17.7,17.2,93.0,29.71,8.08,138.0,163.0,2.1,0.7400867550872093
2026-04-25T10:58:00,04/25/202610:58,143.34,0.86,123.2724,55.3,1.6600000000000001,91.798,91.2,0.3,6.0,198.7,23828.0,45078.0,17.7,17.2,93.0,29.71,8.08,138.0,163.0,2.1,0.744676018313913
2026-04-25T10:58:12,04/25/202610:58,143.4,0.85,121.89,55.3,1.64,90.692,90.1,0.3,7.0,198.7,23828.0,45078.0,17.7,17.2,93.0,29.71,8.08,138.0,163.0,2.1,0.74404791205185
2026-04-25T10:59:01,04/25/202610:59,143.46,0.8400000000000001,120.50640000000001,55.3,1.6199999999999999,89.58599999999998,89.0,0.3,7.0,198.7,23828.0,45078.0,17.7,17.2,93.0,29.71,8.08,138.0,163.0,2.1,0.7434127979924715
2026-04-25T10:59:13,04/25/202610:59,143.46,0.8400000000000001,120.50640000000001,55.3,1.6,88.48,87.9,0.3,7.0,198.7,23828.0,45078.0,17.7,17.2,93.0,29.71,8.08,138.0,163.0,2.1,0.7342348622147868
2026-04-25T11:00:00,04/25/202611:00,143.46,0.8400000000000001,120.50640000000001,55.3,1.58,87.374,86.8,0.3,7.0,198.7,23828.0,45078.0,17.7,17.2,93.0,29.71,8.08,138.0,163.0,2.1,0.725056926437102
2026-04-25T11:00:13,04/25/202611:00,143.58,0.85,122.043,55.3,1.6,88.48,88.0,0.3,7.0,198.7,23828.0,45078.0,17.7,17.2,93.0,29.71,8.08,138.0,163.0,2.1,0.7249903722458477
2026-04-25T11:00:18,04/25/202611:00,143.7,0.86,123.582,55.3,1.61,89.033,88.6,0.3,7.0,198.7,23828.0,45078.0,17.7,17.2,93.0,29.71,8.08,138.0,163.0,2.1,0.7204366331666424
2026-04-25T11:01:01,04/25/202611:01,143.82,0.8700000000000001,125.1234,55.3,1.61,89.033,88.6,0.3,7.0,198.7,23828.0,45078.0,17.7,17.2,93.0,29.71,8.08,138.0,163.0,2.1,0.711561546441353
2026-04-25T11:01:18,04/25/202611:01,144.13,0.8800000000000001,126.83440000000002,55.3,1.6199999999999999,89.58599999999998,89.2,0.3,7.0,198.7,23828.0,45078.0,17.7,17.22,93.0,29.71,8.092,137.5,169.7,2.1100000000000003,0.7063225749481211
2026-04-25T11:02:55,04/25/202611:02,144.18,0.8700000000000001,125.43660000000003,55.3,1.61,89.033,88.7,0.3,7.0,198.7,23828.0,45078.0,17.7,17.24,93.0,29.71,8.104,137.0,176.4,2.12,0.709784863429015
2026-04-25T11:03:01,04/25/202611:03,144.23,0.86,124.03779999999999,55.3,1.6,88.48,88.2,0.3,7.0,198.7,23828.0,45078.0,17.7,17.259999999999998,93.0,29.71,8.116,136.5,183.1,2.13,0.7133309362146056
2026-04-25T11:03:18,04/25/202611:03,144.24,0.8700000000000001,125.48880000000003,55.3,1.6300000000000001,90.139,89.9,0.3,7.0,198.7,23828.0,45078.0,17.8,17.279999999999998,93.0,29.71,8.128,136.0,189.8,2.14,0.7183031473725143
2026-04-25T11:04:00,04/25/202611:04,144.25,0.8800000000000001,126.94000000000001,55.3,1.6600000000000001,91.798,91.6,0.3,7.0,198.7,23828.0,45078.0,17.8,17.3,93.0,29.71,8.139999999999999,135.5,196.5,2.15,0.7231605482905309
2026-04-25T11:04:18,04/25/202611:04,144.3,0.8700000000000001,125.54100000000003,55.3,1.65,91.24499999999999,91.0,0.3,7.0,198.7,23828.0,45078.0,17.7,17.32,93.0,29.71,8.152,135.0,203.2,2.16,0.7268143475040024
2026-04-25T11:05:01,04/25/202611:05,144.35,0.86,124.14099999999999,55.3,1.64,90.692,90.4,0.3,7.0,198.7,23828.0,45078.0,17.7,17.339999999999996,93.0,29.71,8.164,134.5,209.9,2.1700000000000004,0.7305563834671865
2026-04-25T11:05:18,04/25/202611:05,144.32,0.86,124.11519999999999,55.3,1.6300000000000001,90.139,89.8,0.3,7.0,198.7,23828.0,45078.0,17.8,17.36,93.0,29.71,8.175999999999998,134.0,216.6,2.18,0.7262527071623782
2026-04-25T11:06:00,04/25/202611:06,144.29000000000002,0.86,124.08940000000001,55.3,1.6300000000000001,90.139,89.8,0.3,7.0,198.7,23828.0,45078.0,17.8,17.38,93.0,29.71,8.187999999999999,133.5,223.3,2.1900000000000004,0.7264037057153954
2026-04-25T11:06:19,04/25/202611:06,144.37,0.8700000000000001,125.60190000000001,55.3,1.67,92.35099999999998,92.0,0.3,7.0,198.7,23828.0,45078.0,17.7,17.4,93.0,29.71,8.2,133.0,230.0,2.2,0.735267539742631
2026-04-25T11:07:01,04/25/202611:07,144.26,0.8800000000000001,126.9488,55.3,1.7,94.00999999999999,93.6,0.3,7.0,198.7,23828.0,45078.0,17.7,17.4,93.0,29.71,8.2,133.0,230.0,2.2,0.7405347667721159
2026-04-25T11:07:18,04/25/202611:07,144.26,0.89,128.3914,55.3,1.7,94.00999999999999,93.6,0.3,7.0,198.7,23828.0,45078.0,17.7,17.4,93.0,29.71,8.2,133.0,230.0,2.2,0.7322141514151258
2026-04-25T11:08:00,04/25/202611:08,144.26,0.9,129.834,55.3,1.7,94.00999999999999,93.6,0.3,7.0,198.7,23828.0,45078.0,17.7,17.4,93.0,29.71,8.2,133.0,230.0,2.2,0.7240784386216245
2026-04-25T11:08:18,04/25/202611:08,144.25,0.9099999999999999,131.26749999999998,55.3,1.73,95.669,95.2,0.3,7.0,198.7,23828.0,45078.0,17.7,17.4,93.0,29.71,8.2,133.0,230.0,2.2,0.7288094920677244
2026-04-25T11:09:24,04/25/202611:09,144.23,0.89,128.3647,55.3,1.7,94.00999999999999,93.5,0.3,7.0,198.7,23828.0,45078.0,17.7,17.4,93.0,29.71,8.2,133.0,230.0,2.2,0.7323664527708941
2026-04-25T11:10:01,04/25/202611:10,144.15,0.8800000000000001,126.85200000000002,55.3,1.69,93.457,93.0,0.3,7.0,198.7,23828.0,45078.0,17.7,17.4,93.0,29.71,8.2,133.0,230.0,2.2,0.736740453441806
2026-04-25T11:10:24,04/25/202611:10,144.14000000000001,0.8800000000000001,126.84320000000002,55.3,1.6800000000000002,92.90400000000001,92.5,0.4,7.0,198.7,23828.0,45078.0,17.7,17.4,93.0,29.71,8.2,133.0,230.0,2.2,0.7324318528703154
2026-04-25T11:11:00,04/25/202611:11,144.20999999999998,0.8699999999999999,125.46269999999997,55.3,1.6600000000000001,91.798,91.4,0.4,7.0,198.7,23828.0,45078.0,17.7,17.4,93.0,29.71,8.2,133.0,230.0,2.2,0.7316756294898804
2026-04-25T11:11:24,04/25/202611:11,144.38,0.8699999999999999,125.61059999999998,55.31,1.6600000000000001,91.81460000000001,91.4,0.4,7.0,198.7,23828.0,45078.0,17.8,17.4,93.0,29.71,8.2,133.0,230.0,2.2,0.7309462736425113
2026-04-25T11:12:01,04/25/202611:12,144.44,0.86,124.2184,55.31999999999999,1.6199999999999999,89.61839999999998,89.2,0.4,7.0,198.7,23828.0,45078.0,17.8,17.4,93.0,29.71,8.2,133.0,230.0,2.2,0.721458334675056
2026-04-25T11:12:24,04/25/202611:12,144.44,0.8400000000000001,121.32960000000001,55.31999999999999,1.58,87.40559999999999,87.0,0.4,7.0,198.7,23828.0,45078.0,17.7,17.4,93.0,29.71,8.2,133.0,230.0,2.2,0.7203979902678322
2026-04-25T11:14:06,04/25/202611:14,144.24,0.8400000000000001,121.16160000000002,55.31999999999999,1.58,87.40559999999999,87.0,0.4,7.0,198.7,23828.0,45078.0,17.8,17.4,93.0,29.71,8.2,133.0,230.0,2.2,0.7213968782188415
2026-04-25T11:14:24,04/25/202611:14,143.95999999999998,0.8400000000000001,120.9264,55.31999999999999,1.5699999999999998,86.85239999999997,86.4,0.4,7.0,198.7,23828.0,45078.0,17.8,17.4,93.0,29.71,8.2,133.0,230.0,2.2,0.7182253006787598
2026-04-25T11:15:01,04/25/202611:15,143.74,0.8300000000000001,119.30420000000002,55.31999999999999,1.53,84.63959999999999,84.2,0.4,7.0,198.7,23828.0,45078.0,17.8,17.4,93.0,29.71,8.2,133.0,230.0,2.2,0.7094435904184427
2026-04-25T11:15:24,04/25/202611:15,143.49,0.8400000000000001,120.53160000000003,55.31999999999999,1.54,85.19279999999999,84.7,0.4,7.0,198.7,23828.0,45078.0,17.8,17.4,93.0,29.71,8.2,133.0,230.0,2.2,0.7068088368527421
2026-04-25T11:16:01,04/25/202611:16,143.24,0.85,121.754,55.31999999999999,1.55,85.746,85.2,0.4,7.0,198.7,23828.0,45078.0,17.8,17.4,93.0,29.71,8.2,133.0,230.0,2.2,0.7042561230021189
2026-04-25T11:16:13,04/25/202611:16,143.04000000000002,0.85,121.58400000000002,55.31999999999999,1.58,87.40559999999999,86.9,0.4,7.0,198.7,23828.0,45078.0,17.8,17.41,93.0,29.71,8.2,132.2,231.0,2.24,0.7188906435057243
2026-04-25T11:17:01,04/25/202611:17,142.84,0.85,121.414,55.31999999999999,1.61,89.06519999999999,88.6,0.4,7.0,198.7,23828.0,45078.0,17.8,17.419999999999998,93.0,29.71,8.2,131.4,232.0,2.2800000000000002,0.7335661455845289
2026-04-25T11:17:13,04/25/202611:17,142.51,0.8400000000000001,119.7084,55.31,1.59,87.94290000000001,87.5,0.4,7.0,198.7,23828.0,45078.0,17.8,17.43,93.0,29.71,8.2,130.6,233.0,2.3200000000000003,0.7346426817165713
2026-04-25T11:18:01,04/25/202611:18,142.18,0.8300000000000001,118.00940000000001,55.3,1.5699999999999998,86.82099999999998,86.4,0.4,7.0,198.7,23828.0,45078.0,17.8,17.439999999999998,93.0,29.71,8.2,129.8,234.0,2.3600000000000003,0.735712578828466
2026-04-25T11:18:13,04/25/202611:18,141.92000000000002,0.8300000000000001,117.79360000000003,55.3,1.54,85.16199999999999,84.7,0.4,7.0,198.7,23828.0,45078.0,17.8,17.45,93.0,29.71,8.2,129.0,235.0,2.4,0.7229764605207751
2026-04-25T11:19:01,04/25/202611:19,141.9,0.8200000000000001,116.35800000000002,55.3,1.5,82.94999999999999,82.4,0.4,7.0,198.7,23828.0,45078.0,17.8,17.46,93.0,29.71,8.2,128.2,236.0,2.4400000000000004,0.7128860929201256
2026-04-25T11:19:13,04/25/202611:19,142.03,0.8099999999999999,115.04429999999999,55.31,1.5,82.965,82.4,0.4,7.0,198.7,23828.0,45078.0,17.8,17.47,93.0,29.71,8.2,127.4,237.0,2.48,0.7211569803979859
2026-04-25T11:20:01,04/25/202611:20,142.16,0.8,113.72800000000001,55.31999999999999,1.5,82.97999999999999,82.4,0.4,7.0,198.7,23828.0,45078.0,17.8,17.48,93.0,29.71,8.2,126.6,238.0,2.5200000000000005,0.7296356218345524
2026-04-25T11:20:13,04/25/202611:20,142.25,0.8,113.80000000000001,55.31999999999999,1.51,83.5332,83.0,0.4,7.0,198.7,23828.0,45078.0,17.8,17.490000000000002,93.0,29.71,8.2,125.8,239.0,2.56,0.7340351493848857
2026-04-25T11:20:14,04/25/202611:20,142.35,0.8099999999999999,115.30349999999999,55.31999999999999,1.52,84.0864,83.6,0.4,7.0,198.7,23828.0,45078.0,17.8,17.5,93.0,29.71,8.2,125.0,240.0,2.6,0.7292614708139823
2026-04-25T11:21:01,04/25/202611:21,142.32999999999998,0.8200000000000001,116.7106,55.31999999999999,1.51,83.5332,83.0,0.4,7.0,198.7,23828.0,45078.0,17.8,17.5,93.0,29.71,8.2,125.0,240.0,2.6,0.7157293339251104
2026-04-25T11:21:15,04/25/202611:21,142.31,0.8300000000000001,118.11730000000001,55.31999999999999,1.52,84.0864,83.5,0.4,7.0,198.7,23828.0,45078.0,17.8,17.5,93.0,29.71,8.2,125.0,240.0,2.6,0.7118889442952048
2026-04-25T11:22:01,04/25/202611:22,142.32,0.8400000000000001,119.5488,55.31999999999999,1.56,86.2992,85.7,0.4,7.0,198.7,23828.0,45078.0,17.8,17.5,93.0,29.71,8.2,125.0,240.0,2.6,0.7218742471693568
2026-04-25T11:22:14,04/25/202611:22,142.4,0.8400000000000001,119.61600000000001,55.31999999999999,1.58,87.40559999999999,86.8,0.4,7.0,198.7,23828.0,45078.0,17.8,17.5,93.0,29.71,8.2,125.0,240.0,2.6,0.7307182985553771
2026-04-25T11:23:01,04/25/202611:23,142.47,0.8400000000000001,119.6748,55.31999999999999,1.61,89.06519999999999,88.5,0.4,7.0,198.7,23828.0,45078.0,17.8,17.5,93.0,29.71,8.2,125.0,240.0,2.6,0.744226854776444
2026-04-25T11:23:15,04/25/202611:23,142.77,0.8400000000000001,119.92680000000001,55.31999999999999,1.65,91.27799999999998,90.8,0.4,7.0,198.7,23828.0,45078.0,17.8,17.5,93.0,29.71,8.2,125.0,240.0,2.6,0.7611142797106232
2026-04-25T11:24:01,04/25/202611:24,143.0,0.8400000000000001,120.12,55.31,1.6600000000000001,91.81460000000001,91.4,0.4,7.0,198.7,23828.0,45078.0,17.8,17.5,93.0,29.71,8.2,125.0,240.0,2.6,0.7643573093573094
2026-04-25T11:25:17,04/25/202611:25,143.21999999999997,0.79,113.14379999999998,55.260000000000005,1.5,82.89000000000001,82.6,0.4,7.0,198.7,23828.0,45078.0,17.8,17.5,93.0,29.71,8.2,125.0,240.0,2.6,0.7326075313008757
2026-04-25T11:26:00,04/25/202611:26,143.51999999999998,0.74,106.20479999999999,55.21999999999999,1.34,73.9948,73.8,0.4,7.0,198.7,23828.0,45078.0,17.8,17.5,93.0,29.71,8.2,125.0,240.0,2.6,0.6967180391093435
2026-04-25T11:26:15,04/25/202611:26,143.58999999999997,0.7100000000000001,101.9489,55.17999999999999,1.29,71.1822,71.0,0.4,7.0,198.7,23828.0,45078.0,17.8,17.5,93.0,29.71,8.2,125.0,240.0,2.6,0.6982144976551978
2026-04-25T11:27:01,04/25/202611:27,143.66,0.6799999999999999,97.68879999999999,55.14,1.24,68.3736,68.2,0.4,7.0,198.7,23828.0,45078.0,17.8,17.5,93.0,29.71,8.2,125.0,240.0,2.6,0.6999123748065286
2026-04-25T11:27:15,04/25/202611:27,143.75,0.6599999999999999,94.87499999999999,55.1,1.19,65.569,65.4,0.4,7.0,198.7,23828.0,45078.0,17.8,17.5,93.0,29.71,8.2,125.0,240.0,2.6,0.6911093544137024
2026-04-25T11:28:01,04/25/202611:28,143.84,0.64,92.05760000000001,55.06,1.1400000000000001,62.76840000000001,62.6,0.4,7.0,198.7,23828.0,45078.0,17.8,17.5,93.0,29.71,8.2,125.0,240.0,2.6,0.6818383273081201
2026-04-25T11:28:14,04/25/202611:28,143.95999999999998,0.63,90.69479999999999,55.019999999999996,1.1099999999999999,61.07219999999999,60.9,0.4,7.0,198.7,23828.0,45078.0,17.8,17.53,93.0,29.71,8.163,125.2,236.0,2.6,0.6733814948596832
2026-04-25T11:29:01,04/25/202611:29,144.07999999999998,0.62,89.32959999999999,54.98,1.08,59.3784,59.2,0.4,7.0,198.7,23828.0,45078.0,17.8,17.56,93.0,29.71,8.126,125.4,232.0,2.6,0.6647113610718061
2026-04-25T11:29:14,04/25/202611:29,143.93,0.61,87.7973,54.94,1.06,58.2364,58.0,0.4,7.0,198.7,23828.0,45078.0,17.8,17.59,93.0,29.71,8.089,125.6,228.0,2.6,0.6633051358071376
2026-04-25T11:30:01,04/25/202611:30,143.78,0.6,86.268,54.9,1.04,57.096000000000004,56.8,0.4,7.0,198.7,23828.0,45078.0,17.8,17.619999999999997,93.0,29.71,8.052,125.8,224.0,2.6,0.6618444846292948
2026-04-25T11:30:15,04/25/202611:30,143.64,0.65,93.366,54.9,1.2,65.88,65.5,0.4,7.0,198.7,23828.0,45078.0,17.8,17.65,93.0,29.71,7.964999999999999,125.4,220.0,2.6,0.7056101792943897
2026-04-25T11:31:01,04/25/202611:31,143.5,0.7,100.44999999999999,54.9,1.36,74.664,74.2,0.4,7.0,198.7,23828.0,45078.0,17.8,17.68,93.0,29.71,7.878,125.0,216.0,2.6,0.7432951717272276
2026-04-25T11:31:14,04/25/202611:31,143.66,0.72,103.4352,54.9,1.3800000000000001,75.762,75.3,0.4,7.0,198.7,23828.0,45078.0,17.8,17.78,92.9,29.71,7.828999999999999,124.1,231.0,2.65,0.7324585827648615
2026-04-25T11:32:01,04/25/202611:32,143.82,0.74,106.4268,54.9,1.4,76.86,76.4,0.4,7.0,198.7,23828.0,45078.0,17.8,17.880000000000003,92.8,29.71,7.779999999999999,123.2,246.0,2.7,0.7221865169299462
2026-04-25T11:32:15,04/25/202611:32,143.98999999999998,0.73,105.11269999999999,54.9,1.37,75.21300000000001,74.7,0.4,7.0,198.7,23828.0,45078.0,17.8,17.98,92.7,29.71,7.731,122.3,261.0,2.75,0.7155462660553864
2026-04-25T11:33:01,04/25/202611:33,144.16,0.72,103.7952,54.9,1.34,73.566,73.0,0.4,7.0,198.7,23828.0,45078.0,17.8,18.080000000000002,92.6,29.71,7.6819999999999995,121.4,276.0,2.8,0.7087610987791344
2026-04-25T11:33:14,04/25/202611:33,144.22,0.72,103.8384,54.9,1.32,72.468,71.9,0.4,7.0,198.7,23828.0,45078.0,17.8,18.15,92.4,29.71,7.67,120.3,295.0,2.85,0.6978921092774928
2026-04-25T11:33:41,04/25/202611:33,144.26,0.72,103.86719999999998,54.9,1.32,72.468,71.9,0.4,7.0,198.7,23828.0,45078.0,17.8,18.22,92.2,29.71,7.6579999999999995,119.2,314.0,2.9,0.6976985997504507
2026-04-25T11:34:01,04/25/202611:34,144.34,0.72,103.9248,54.9,1.3,71.37,70.8,0.4,7.0,198.7,23828.0,45078.0,17.8,18.29,92.0,29.71,7.645999999999999,118.1,333.0,2.95,0.686746570597201
2026-04-25T11:34:41,04/25/202611:34,144.32999999999998,0.72,103.91759999999998,54.9,1.29,70.821,70.2,0.4,7.0,198.7,23828.0,45078.0,17.8,18.36,91.8,29.71,7.634,117.0,352.0,3.0,0.6815111203491999
2026-04-25T11:35:00,04/25/202611:35,144.32,0.71,102.46719999999999,54.9,1.27,69.723,69.1,0.4,7.0,198.7,23828.0,45078.0,17.8,18.43,91.6,29.71,7.672,116.5,371.0,3.05,0.6804421317260548
2026-04-25T11:36:27,04/25/202611:36,144.28,0.7,100.996,54.9,1.24,68.076,67.5,0.4,7.0,198.7,23828.0,45078.0,17.8,18.5,91.4,29.71,7.709999999999999,116.0,390.0,3.1,0.674046496890966
2026-04-25T11:36:41,04/25/202611:36,144.12,0.69,99.44279999999999,54.9,1.26,69.17399999999999,68.6,0.4,7.0,198.7,23828.0,45078.0,17.8,18.5,91.3,29.71,7.709999999999999,116.0,390.0,3.1,0.6956159721970822
2026-04-25T11:37:00,04/25/202611:37,143.95999999999998,0.6799999999999999,97.89279999999998,54.9,1.28,70.272,69.7,0.4,7.0,198.7,23828.0,45078.0,17.8,18.5,91.2,29.71,7.709999999999999,116.0,390.0,3.1,0.7178464606181457
2026-04-25T11:37:17,04/25/202611:37,143.73,0.71,102.04829999999998,54.910000000000004,1.33,73.03030000000001,72.5,0.4,8.0,198.7,23828.0,45078.0,17.8,18.5,91.1,29.71,7.709999999999999,116.0,390.0,3.1,0.7156444546356973
2026-04-25T11:38:01,04/25/202611:38,143.5,0.74,106.19,54.92,1.3800000000000001,75.78960000000001,75.3,0.4,8.0,198.7,23828.0,45078.0,17.8,18.5,91.0,29.71,7.709999999999999,116.0,390.0,3.1,0.7137169224974104
2026-04-25T11:38:18,04/25/202611:38,143.24,0.75,107.43,54.92,1.4,76.88799999999999,76.4,0.4,8.0,198.7,23828.0,45078.0,17.8,18.5,91.0,29.71,7.709999999999999,116.0,390.0,3.1,0.7157032486270128
2026-04-25T11:39:00,04/25/202611:39,143.0,0.76,108.68,54.92,1.4,76.88799999999999,76.4,0.4,8.0,198.7,23828.0,45078.0,17.8,18.5,91.0,29.71,7.709999999999999,116.0,390.0,3.1,0.7074714758925283
2026-04-25T11:39:17,04/25/202611:39,142.84,0.75,107.13,54.92,1.3800000000000001,75.78960000000001,75.3,0.4,8.0,198.7,23828.0,45078.0,17.8,18.5,91.0,29.71,7.709999999999999,116.0,390.0,3.1,0.7074544945393448
2026-04-25T11:40:01,04/25/202611:40,142.77,0.74,105.64980000000001,54.92,1.35,74.14200000000001,73.7,0.4,8.0,198.7,23828.0,45078.0,17.8,18.5,91.0,29.71,7.709999999999999,116.0,390.0,3.1,0.7017713237507311
2026-04-25T11:40:17,04/25/202611:40,142.72,0.73,104.1856,54.92,1.32,72.4944,72.1,0.4,8.0,198.7,23828.0,45078.0,17.8,18.5,91.0,29.71,7.709999999999999,116.0,390.0,3.1,0.6958197677990049
2026-04-25T11:41:00,04/25/202611:41,142.7,0.72,102.74399999999999,54.92,1.3,71.396,71.0,0.4,8.0,198.7,23828.0,45078.0,17.8,18.5,91.0,29.71,7.709999999999999,116.0,390.0,3.1,0.694892159152846
2026-04-25T11:41:17,04/25/202611:41,142.67000000000002,0.73,104.1491,54.92,1.3,71.396,71.0,0.4,8.0,198.7,23828.0,45078.0,17.8,18.5,91.0,29.71,7.709999999999999,116.0,390.0,3.1,0.685517205621556
2026-04-25T11:42:01,04/25/202611:42,142.64000000000001,0.74,105.5536,54.92,1.3,71.396,71.0,0.4,8.0,198.7,23828.0,45078.0,17.8,18.5,91.0,29.71,7.709999999999999,116.0,390.0,3.1,0.6763956890148701
2026-04-25T11:42:17,04/25/202611:42,142.67000000000002,0.73,104.1491,54.910000000000004,1.31,71.9321,71.5,0.4,8.0,198.7,23828.0,45078.0,17.8,18.5,91.0,29.71,7.709999999999999,116.0,390.0,3.1,0.6906646336838245
2026-04-25T11:43:00,04/25/202611:43,142.7,0.72,102.74399999999999,54.9,1.32,72.468,72.0,0.4,8.0,198.7,23828.0,45078.0,17.8,18.5,91.0,29.71,7.709999999999999,116.0,390.0,3.1,0.7053258584442889
2026-04-25T11:43:17,04/25/202611:43,142.73,0.72,102.76559999999999,54.9,1.34,73.566,73.1,0.4,8.0,198.7,23828.0,45078.0,17.8,18.5,91.0,29.71,7.709999999999999,116.0,390.0,3.1,0.7158621172843832
2026-04-25T11:44:01,04/25/202611:44,142.76,0.72,102.78719999999998,54.9,1.36,74.664,74.2,0.4,8.0,198.7,23828.0,45078.0,17.8,18.5,91.0,29.71,7.709999999999999,116.0,390.0,3.1,0.7263939478845616
2026-04-25T11:44:17,04/25/202611:44,142.69,0.74,105.5906,54.9,1.3800000000000001,75.762,75.3,0.4,8.0,198.7,23828.0,45078.0,17.8,18.5,91.0,29.71,7.709999999999999,116.0,390.0,3.1,0.7175070508170235
2026-04-25T11:45:00,04/25/202611:45,142.62,0.76,108.3912,54.9,1.4,76.86,76.4,0.4,8.0,198.7,23828.0,45078.0,17.8,18.5,91.0,29.71,7.709999999999999,116.0,390.0,3.1,0.7090981555698249
2026-04-25T11:45:17,04/25/202611:45,142.68,0.78,111.2904,54.9,1.4300000000000002,78.507,78.0,0.4,8.0,198.7,23828.0,45078.0,17.8,18.5,91.0,29.71,7.709999999999999,116.0,390.0,3.1,0.7054247266610597
2026-04-25T11:46:01,04/25/202611:46,142.74,0.8,114.19200000000001,54.9,1.46,80.154,79.6,0.4,8.0,198.7,23828.0,45078.0,17.8,18.5,91.0,29.71,7.709999999999999,116.0,390.0,3.1,0.7019230769230769
2026-04-25T11:46:08,04/25/202611:46,142.98,0.79,112.9542,54.9,1.44,79.056,78.5,0.4,8.0,198.7,23828.0,45078.0,17.8,18.56,90.9,29.71,7.691,116.4,397.0,3.14,0.6998942934392878
2026-04-25T11:47:39,04/25/202611:47,143.15,0.78,111.65700000000001,54.9,1.4300000000000002,78.507,77.9,0.4,8.0,198.7,23828.0,45078.0,17.8,18.619999999999997,90.8,29.71,7.672,116.8,404.0,3.18,0.7031086273140063
2026-04-25T11:48:01,04/25/202611:48,143.3,0.77,110.34100000000001,54.9,1.41,77.40899999999999,76.8,0.4,8.0,198.7,23828.0,45078.0,17.8,18.68,90.7,29.71,7.6530000000000005,117.2,411.0,3.22,0.7015433972865932
2026-04-25T11:48:07,04/25/202611:48,143.35,0.77,110.3795,54.9,1.3900000000000001,76.311,75.7,0.4,8.0,198.7,23828.0,45078.0,17.8,18.740000000000002,90.6,29.71,7.634,117.6,418.0,3.2600000000000002,0.6913512019895
2026-04-25T11:49:01,04/25/202611:49,143.44,0.77,110.4488,54.9,1.38,75.76199999999999,75.1,0.4,8.0,198.7,23828.0,45078.0,17.8,18.8,90.5,29.71,7.614999999999999,118.0,425.0,3.3,0.6859467916355813
2026-04-25T11:49:08,04/25/202611:49,143.45,0.76,109.02199999999999,54.9,1.35,74.11500000000001,73.5,0.4,8.0,198.7,23828.0,45078.0,17.8,18.860000000000003,90.4,29.71,7.595999999999999,118.4,432.0,3.34,0.6798169176863387
2026-04-25T11:50:00,04/25/202611:50,143.48,0.75,107.60999999999999,54.9,1.3399999999999999,73.56599999999999,73.0,0.4,8.0,198.7,23828.0,45078.0,17.8,18.92,90.3,29.71,7.577,118.8,439.0,3.38,0.683635349874547
2026-04-25T11:50:07,04/25/202611:50,143.37,0.75,107.5275,54.9,1.38,75.76199999999999,75.2,0.4,8.0,198.7,23828.0,45078.0,17.8,18.98,90.2,29.71,7.558,119.2,446.0,3.4200000000000004,0.7045825486503451
2026-04-25T11:51:01,04/25/202611:51,143.10999999999999,0.75,107.33249999999998,54.9,1.41,77.40899999999999,76.9,0.4,8.0,198.7,23828.0,45078.0,17.8,19.04,90.1,29.71,7.539,119.6,453.0,3.46,0.7212074627908602
2026-04-25T11:51:08,04/25/202611:51,143.02,0.75,107.26500000000001,54.910000000000004,1.4,76.874,76.4,0.4,8.0,198.7,23828.0,45078.0,17.8,19.1,90.0,29.71,7.519999999999999,120.0,460.0,3.5,0.7166736586957534
2026-04-25T11:52:00,04/25/202611:52,142.8,0.76,108.528,54.92,1.4,76.88799999999999,76.4,0.4,8.0,198.7,23828.0,45078.0,17.8,19.1,90.0,29.71,7.519999999999999,120.0,460.0,3.5,0.7084623323013415
2026-04-25T11:52:08,04/25/202611:52,142.42000000000002,0.76,108.23920000000001,54.92,1.3599999999999999,74.6912,74.2,0.4,8.0,198.7,23828.0,45078.0,17.8,19.1,90.0,29.71,7.519999999999999,120.0,460.0,3.5,0.6900568370793575
2026-04-25T11:53:01,04/25/202611:53,142.04000000000002,0.76,107.95040000000002,54.92,1.3199999999999998,72.4944,72.0,0.4,8.0,198.7,23828.0,45078.0,17.8,19.1,90.0,29.71,7.519999999999999,120.0,460.0,3.5,0.6715528613140849
2026-04-25T11:53:08,04/25/202611:53,141.81,0.74,104.9394,54.92,1.28,70.2976,69.8,0.4,8.0,198.7,23828.0,45078.0,17.8,19.1,90.0,29.71,7.519999999999999,120.0,460.0,3.5,0.6698875732089187
2026-04-25T11:54:00,04/25/202611:54,141.57999999999998,0.72,101.93759999999999,54.92,1.24,68.1008,67.6,0.4,8.0,198.7,23828.0,45078.0,17.8,19.1,90.0,29.71,7.519999999999999,120.0,460.0,3.5,0.668063599692361
2026-04-25T11:54:08,04/25/202611:54,141.57999999999998,0.72,101.93759999999999,54.92,1.26,69.1992,68.6,0.4,8.0,198.7,23828.0,45078.0,17.8,19.1,90.0,29.71,7.519999999999999,120.0,460.0,3.5,0.6788388190422378
2026-04-25T11:55:01,04/25/202611:55,141.57999999999998,0.72,101.93759999999999,54.92,1.28,70.2976,69.6,0.4,8.0,198.7,23828.0,45078.0,17.8,19.1,90.0,29.71,7.519999999999999,120.0,460.0,3.5,0.6896140383921144
2026-04-25T11:55:08,04/25/202611:55,141.95999999999998,0.71,100.79159999999997,54.92,1.25,68.65,67.9,0.4,8.0,198.7,23828.0,45078.0,17.8,19.1,90.0,29.71,7.519999999999999,120.0,460.0,3.5,0.6811083463304484
2026-04-25T11:56:00,04/25/202611:56,142.34,0.7,99.63799999999999,54.92,1.22,67.0024,66.2,0.4,8.0,198.7,23828.0,45078.0,17.8,19.1,90.0,29.71,7.519999999999999,120.0,460.0,3.5,0.672458299042534
2026-04-25T11:56:07,04/25/202611:56,142.45999999999998,0.69,98.29739999999998,54.9,1.23,67.527,66.2,0.4,8.0,198.7,23828.0,45078.0,17.8,19.1,90.0,29.71,7.519999999999999,120.0,460.0,3.5,0.6869662880198257
2026-04-25T11:57:01,04/25/202611:57,142.57999999999998,0.6799999999999999,96.95439999999998,54.879999999999995,1.2399999999999998,68.05119999999998,66.2,0.4,8.0,198.7,23828.0,45078.0,17.8,19.1,90.0,29.71,7.519999999999999,120.0,460.0,3.5,0.7018887229460447
2026-04-25T11:57:08,04/25/202611:57,142.73,0.6799999999999999,97.05639999999998,54.879999999999995,1.27,69.6976,67.9,0.4,8.0,198.7,23828.0,45078.0,17.8,19.1,90.0,29.71,7.519999999999999,120.0,460.0,3.5,0.7181144159478408
2026-04-25T11:57:15,04/25/202611:57,142.87,0.6799999999999999,97.15159999999999,54.879999999999995,1.2899999999999998,70.79519999999998,69.0,0.4,8.0,198.7,23828.0,45078.0,17.8,19.1,90.0,29.71,7.519999999999999,120.0,460.0,3.5,0.7287085338790096
2026-04-25T11:58:50,04/25/202611:58,143.07,0.69,98.71829999999999,54.879999999999995,1.3,71.344,69.6,0.4,8.0,198.7,23828.0,45078.0,17.8,19.1,90.0,29.71,7.519999999999999,120.0,460.0,3.5,0.7227028828494818
2026-04-25T11:59:01,04/25/202611:59,143.27,0.7,100.289,54.879999999999995,1.31,71.8928,70.2,0.4,8.0,198.7,23828.0,45078.0,17.8,19.1,90.0,29.71,7.519999999999999,120.0,460.0,3.5,0.7168562853353807
2026-04-25T11:59:14,04/25/202611:59,143.55,0.69,99.0495,54.86999999999999,1.28,70.2336,68.6,0.4,8.0,198.7,23828.0,45078.0,17.8,19.1,90.0,29.71,7.519999999999999,120.0,460.0,3.5,0.7090757651477292
2026-04-25T12:00:01,04/25/202600:00,143.82999999999998,0.6799999999999999,97.80439999999999,54.86,1.25,68.575,67.0,0.4,8.0,198.7,23828.0,45078.0,17.8,19.1,90.0,29.71,7.519999999999999,120.0,460.0,3.5,0.7011443247952036
2026-04-25T12:00:15,04/25/202600:00,143.81,0.6699999999999999,96.35269999999998,54.86,1.22,66.9292,65.4,0.4,8.0,198.7,23828.0,45078.0,17.8,19.1,90.0,29.71,7.519999999999999,120.0,460.0,3.5,0.6946271355135871
2026-04-25T12:01:01,04/25/202600:01,143.79000000000002,0.6599999999999999,94.9014,54.86,1.19,65.2834,63.8,0.4,8.0,198.7,23828.0,45078.0,17.8,19.1,90.0,29.71,7.519999999999999,120.0,460.0,3.5,0.6879076599502221
2026-04-25T12:01:14,04/25/202600:01,143.69,0.6699999999999999,96.27229999999999,54.86999999999999,1.2,65.84399999999998,64.9,0.4,8.0,198.7,23828.0,45078.0,17.8,19.160000000000004,89.9,29.71,7.494999999999999,121.3,465.0,3.53,0.6839350467372234
2026-04-25T12:02:01,04/25/202600:02,143.59,0.6799999999999999,97.6412,54.879999999999995,1.2100000000000002,66.40480000000001,66.0,0.4,8.0,198.7,23828.0,45078.0,17.8,19.220000000000002,89.8,29.71,7.469999999999999,122.6,470.0,3.56,0.6800899620242276
2026-04-25T12:03:01,04/25/202600:03,143.69,0.6900000000000001,99.1461,54.86999999999999,1.23,67.49009999999998,67.1,0.4,8.0,198.7,23828.0,45078.0,17.8,19.28,89.7,29.71,7.4449999999999985,123.9,475.0,3.59,0.6807136135460697
2026-04-25T12:03:14,04/25/202600:03,143.88,0.7,100.716,54.879999999999995,1.2600000000000002,69.14880000000001,68.8,0.4,8.0,198.7,23828.0,45078.0,17.8,19.34,89.6,29.71,7.419999999999999,125.2,480.0,3.62,0.6865721434528775
2026-04-25T12:04:01,04/25/202600:04,143.95999999999998,0.71,102.21159999999998,54.89,1.3,71.357,71.0,0.4,8.0,198.7,23828.0,45078.0,17.8,19.4,89.5,29.71,7.394999999999999,126.5,485.0,3.65,0.698130153524649
2026-04-25T12:04:15,04/25/202600:04,144.07,0.72,103.73039999999999,54.879999999999995,1.32,72.4416,72.1,0.4,8.0,198.7,23828.0,45078.0,17.8,19.46,89.4,29.71,7.369999999999999,127.8,490.0,3.6799999999999997,0.6983642210962264
2026-04-25T12:05:00,04/25/202600:05,143.95,0.74,106.523,54.879999999999995,1.34,73.5392,73.2,0.4,8.0,198.7,23828.0,45078.0,17.8,19.52,89.3,29.71,7.344999999999999,129.1,495.0,3.71,0.690359828393868
2026-04-25T12:05:14,04/25/202600:05,143.82999999999998,0.75,107.87249999999999,54.9,1.3599999999999999,74.66399999999999,74.3,0.4,8.0,198.7,23828.0,45078.0,17.8,19.580000000000002,89.2,29.71,7.3199999999999985,130.4,500.0,3.7399999999999998,0.6921504553987345
2026-04-25T12:06:01,04/25/202600:06,143.77,0.76,109.26520000000001,54.910000000000004,1.3800000000000001,75.77580000000002,75.4,0.4,8.0,198.7,23828.0,45078.0,17.8,19.64,89.1,29.71,7.294999999999999,131.7,505.0,3.7699999999999996,0.6935035125547752
2026-04-25T12:06:15,04/25/202600:06,143.77,0.77,110.70290000000001,54.910000000000004,1.3900000000000001,76.32490000000001,75.9,0.4,8.0,198.7,23828.0,45078.0,17.8,19.7,89.0,29.71,7.269999999999999,133.0,510.0,3.8,0.6894570964265616
2026-04-25T12:07:00,04/25/202600:07,143.94,0.76,109.3944,54.910000000000004,1.3599999999999999,74.6776,74.2,0.4,8.0,198.7,23828.0,45078.0,17.8,19.7,89.0,29.71,7.269999999999999,133.0,510.0,3.8,0.6826455467555925
2026-04-25T12:07:14,04/25/202600:07,144.03,0.75,108.02250000000001,54.910000000000004,1.33,73.03030000000001,72.5,0.4,8.0,198.7,23828.0,45078.0,17.8,19.7,89.0,29.71,7.269999999999999,133.0,510.0,3.8,0.6760656344742993
2026-04-25T12:07:32,04/25/202600:07,144.1,0.74,106.634,54.92,1.31,71.9452,71.4,0.4,8.0,198.7,23828.0,45078.0,17.8,19.7,89.0,29.71,7.269999999999999,133.0,510.0,3.8,0.6746928746928746
2026-04-25T12:08:01,04/25/202600:08,144.08999999999997,0.73,105.18569999999998,54.910000000000004,1.29,70.8339,70.3,0.4,8.0,198.7,23828.0,45078.0,17.8,19.7,89.0,29.71,7.269999999999999,133.0,510.0,3.8,0.6734175843294289
2026-04-25T12:08:32,04/25/202600:08,144.01999999999998,0.72,103.69439999999999,54.9,1.27,69.723,69.2,0.4,8.0,198.7,23828.0,45078.0,17.8,19.7,89.0,29.71,7.269999999999999,133.0,510.0,3.8,0.6723892514928483
2026-04-25T12:10:28,04/25/202600:10,143.73999999999998,0.72,103.49279999999999,54.910000000000004,1.26,69.1866,68.6,0.4,8.0,198.7,23828.0,45078.0,17.8,19.7,89.0,29.71,7.269999999999999,133.0,510.0,3.8,0.668516070683178
2026-04-25T12:11:00,04/25/202600:11,143.45999999999998,0.72,103.29119999999998,54.92,1.25,68.65,68.0,0.4,8.0,198.7,23828.0,45078.0,17.8,19.7,89.0,29.71,7.269999999999999,133.0,510.0,3.8,0.6646258345338231
2026-04-25T12:11:28,04/25/202600:11,143.22,0.73,104.5506,54.910000000000004,1.26,69.1866,68.5,0.4,8.0,198.7,23828.0,45078.0,17.8,19.7,89.0,29.71,7.269999999999999,133.0,510.0,3.8,0.6617522998433294
2026-04-25T12:12:01,04/25/202600:12,142.98,0.74,105.80519999999999,54.9,1.27,69.723,69.0,0.4,8.0,198.7,23828.0,45078.0,17.8,19.7,89.0,29.71,7.269999999999999,133.0,510.0,3.8,0.6589751732429031
2026-04-25T12:12:28,04/25/202600:12,142.8,0.74,105.67200000000001,54.9,1.27,69.723,69.0,0.4,8.0,198.7,23828.0,45078.0,17.8,19.7,89.0,29.71,7.269999999999999,133.0,510.0,3.8,0.6598058142175789
2026-04-25T12:13:00,04/25/202600:13,142.62,0.74,105.53880000000001,54.9,1.27,69.723,69.0,0.4,8.0,198.7,23828.0,45078.0,17.8,19.7,89.0,29.71,7.269999999999999,133.0,510.0,3.8,0.6606385518880259
2026-04-25T12:13:29,04/25/202600:13,142.51,0.74,105.45739999999999,54.9,1.27,69.723,69.0,0.4,8.0,198.7,23828.0,45078.0,17.8,19.7,89.0,29.71,7.269999999999999,133.0,510.0,3.8,0.6611484827048647
2026-04-25T12:14:01,04/25/202600:14,142.42000000000002,0.74,105.39080000000001,54.9,1.26,69.17399999999999,68.4,0.4,8.0,198.7,23828.0,45078.0,17.8,19.7,89.0,29.71,7.269999999999999,133.0,510.0,3.8,0.6563571013788678
2026-04-25T12:14:28,04/25/202600:14,142.39000000000001,0.75,106.79250000000002,54.9,1.2799999999999998,70.27199999999999,69.5,0.4,8.0,198.7,23828.0,45078.0,17.8,19.7,89.0,29.71,7.269999999999999,133.0,510.0,3.8,0.6580237376220238
2026-04-25T12:15:00,04/25/202600:15,142.42000000000002,0.76,108.23920000000001,54.9,1.3,71.37,70.6,0.4,8.0,198.7,23828.0,45078.0,17.8,19.7,89.0,29.71,7.269999999999999,133.0,510.0,3.8,0.6593729443676597
2026-04-25T12:15:29,04/25/202600:15,142.68,0.75,107.01,54.89,1.3199999999999998,72.45479999999999,71.7,0.4,8.0,198.7,23828.0,45078.0,17.8,19.71,88.9,29.71,7.3069999999999995,133.9,495.0,3.8699999999999997,0.6770843846369498
2026-04-25T12:16:00,04/25/202600:16,142.94,0.74,105.7756,54.879999999999995,1.3399999999999999,73.53919999999998,72.8,0.4,8.0,198.7,23828.0,45078.0,17.8,19.72,88.8,29.71,7.343999999999999,134.8,480.0,3.94,0.6952378431320643
2026-04-25T12:16:28,04/25/202600:16,143.07999999999998,0.73,104.44839999999999,54.879999999999995,1.29,70.7952,70.6,0.4,8.0,198.7,23828.0,45078.0,17.8,19.73,88.7,29.71,7.381,135.7,465.0,4.01,0.677800713079377
2026-04-25T12:17:00,04/25/202600:17,143.22,0.72,103.1184,54.879999999999995,1.24,68.0512,68.4,0.4,8.0,198.7,23828.0,45078.0,17.8,19.740000000000002,88.6,29.71,7.417999999999999,136.6,450.0,4.08,0.6599326599326599
2026-04-25T12:17:29,04/25/202600:17,143.4,0.72,103.248,54.879999999999995,1.24,68.0512,68.4,0.4,8.0,198.7,23828.0,45078.0,17.8,19.75,88.5,29.71,7.455,137.5,435.0,4.15,0.6591042925770958
2026-04-25T12:18:00,04/25/202600:18,143.57999999999998,0.72,103.37759999999999,54.879999999999995,1.24,68.0512,68.4,0.4,8.0,198.7,23828.0,45078.0,17.8,19.759999999999998,88.4,29.71,7.492,138.4,420.0,4.220000000000001,0.6582780021977682
2026-04-25T12:18:28,04/25/202600:18,143.63,0.72,103.41359999999999,54.879999999999995,1.24,68.0512,68.4,0.4,8.0,198.7,23828.0,45078.0,17.8,19.77,88.3,29.71,7.528999999999999,139.3,405.0,4.29,0.6580488446393898
2026-04-25T12:19:00,04/25/202600:19,143.68,0.72,103.4496,54.879999999999995,1.24,68.0512,68.4,0.4,8.0,198.7,23828.0,45078.0,17.8,19.78,88.2,29.71,7.566,140.2,390.0,4.36,0.6578198465726305
2026-04-25T12:19:29,04/25/202600:19,143.60999999999999,0.71,101.96309999999998,54.879999999999995,1.23,67.5024,67.9,0.4,8.0,198.7,23828.0,45078.0,17.8,19.79,88.1,29.71,7.603,141.1,375.0,4.43,0.6620277335624358
2026-04-25T12:21:13,04/25/202600:21,143.44,0.7,100.40799999999999,54.879999999999995,1.21,66.4048,66.8,0.4,8.0,198.7,23828.0,45078.0,17.8,19.8,88.0,29.71,7.639999999999999,142.0,360.0,4.5,0.6613496932515338
2026-04-25T12:21:28,04/25/202600:21,143.24,0.7,100.268,54.89,1.19,65.31909999999999,65.7,0.4,8.0,198.7,23828.0,45078.0,17.8,19.8,88.0,29.71,7.639999999999999,142.0,360.0,4.5,0.6514451270594805
2026-04-25T12:22:00,04/25/202600:22,143.04000000000002,0.7,100.12800000000001,54.9,1.17,64.23299999999999,64.6,0.4,8.0,198.7,23828.0,45078.0,17.8,19.8,88.0,29.71,7.639999999999999,142.0,360.0,4.5,0.6415088686481302
2026-04-25T12:22:19,04/25/202600:22,142.82999999999998,0.7,99.98099999999998,54.9,1.22,66.978,66.8,0.4,8.0,198.7,23828.0,45078.0,17.8,19.8,88.0,29.71,7.639999999999999,142.0,360.0,4.5,0.6699072823836529
2026-04-25T12:23:00,04/25/202600:23,142.62,0.7,99.834,54.9,1.27,69.723,69.0,0.4,8.0,198.7,23828.0,45078.0,17.8,19.8,88.0,29.71,7.639999999999999,142.0,360.0,4.5,0.6983893262816274
2026-04-25T12:23:18,04/25/202600:23,142.35,0.71,101.06849999999999,54.9,1.27,69.723,69.0,0.4,9.0,198.7,23828.0,45078.0,17.8,19.8,88.0,29.71,7.639999999999999,142.0,360.0,4.5,0.6898588581011889
2026-04-25T12:24:00,04/25/202600:24,142.07999999999998,0.72,102.29759999999999,54.9,1.27,69.723,69.0,0.4,9.0,198.7,23828.0,45078.0,17.8,19.8,88.0,29.71,7.639999999999999,142.0,360.0,4.5,0.6815702421171171
2026-04-25T12:24:18,04/25/202600:24,141.84,0.72,102.1248,54.9,1.2799999999999998,70.27199999999999,69.6,0.4,9.0,198.7,23828.0,45078.0,17.8,19.8,88.0,29.71,7.639999999999999,142.0,360.0,4.5,0.6880992667794698
2026-04-25T12:25:00,04/25/202600:25,141.6,0.72,101.952,54.9,1.29,70.821,70.2,0.4,9.0,198.7,23828.0,45078.0,17.8,19.8,88.0,29.71,7.639999999999999,142.0,360.0,4.5,0.6946504237288136
2026-04-25T12:26:00,04/25/202600:26,141.42000000000002,0.72,101.8224,54.9,1.28,70.272,69.6,0.4,9.0,198.7,23828.0,45078.0,17.8,19.8,88.0,29.71,7.639999999999999,142.0,360.0,4.5,0.6901428369396125
2026-04-25T12:26:18,04/25/202600:26,141.35999999999999,0.72,101.77919999999999,54.9,1.26,69.17399999999999,68.5,0.4,9.0,198.7,23828.0,45078.0,17.8,19.8,88.0,29.71,7.639999999999999,142.0,360.0,4.5,0.6796477079796265
2026-04-25T12:27:00,04/25/202600:27,141.28,0.72,101.7216,54.9,1.25,68.625,68.0,0.4,9.0,198.7,23828.0,45078.0,17.8,19.8,88.0,29.71,7.639999999999999,142.0,360.0,4.5,0.6746354756511892
2026-04-25T12:27:18,04/25/202600:27,141.25,0.71,100.2875,54.9,1.24,68.076,67.5,0.4,9.0,198.7,23828.0,45078.0,17.8,19.8,88.0,29.71,7.639999999999999,142.0,360.0,4.5,0.6788084257758943
2026-04-25T12:27:36,04/25/202600:27,141.32,0.71,100.3372,54.9,1.22,66.978,65.9,0.4,9.0,198.7,23828.0,45078.0,17.8,19.8,88.0,29.71,7.639999999999999,142.0,360.0,4.5,0.6675290919021061
2026-04-25T12:28:00,04/25/202600:28,141.39000000000001,0.71,100.38690000000001,54.9,1.2,65.88,64.3,0.4,9.0,198.7,23828.0,45078.0,17.8,19.8,88.0,29.71,7.639999999999999,142.0,360.0,4.5,0.6562609264754663
2026-04-25T12:28:35,04/25/202600:28,141.28,0.7,98.896,54.9,1.21,66.429,64.9,0.4,9.0,198.7,23828.0,45078.0,17.8,19.7,88.0,29.71,7.639999999999999,142.0,342.0,4.5,0.6717056301569325
2026-04-25T12:29:00,04/25/202600:29,141.17000000000002,0.69,97.4073,54.9,1.2200000000000002,66.97800000000001,65.5,0.4,9.0,198.7,23828.0,45078.0,17.8,19.6,88.0,29.71,7.639999999999999,142.0,324.0,4.5,0.6876076023049608
2026-04-25T12:29:36,04/25/202600:29,141.05,0.7,98.735,54.9,1.21,66.429,65.0,0.4,9.0,198.7,23828.0,45078.0,17.8,19.5,88.0,29.71,7.590999999999999,140.0,306.0,4.5,0.672800931787107
2026-04-25T12:30:00,04/25/202600:30,140.93,0.71,100.0603,54.9,1.2,65.88,64.5,0.4,9.0,198.7,23828.0,45078.0,17.8,19.4,88.0,29.71,7.542,138.0,288.0,4.5,0.6584029830012502
2026-04-25T12:30:35,04/25/202600:30,140.82,0.72,101.39039999999999,54.9,1.2,65.88,64.5,0.4,9.0,198.7,23828.0,45078.0,17.8,19.31,87.9,29.707,7.486,136.3,269.0,4.6,0.6497656582871751
2026-04-25T12:31:01,04/25/202600:31,140.69,0.73,102.7037,54.9,1.22,66.978,65.6,0.4,9.0,198.7,23828.0,45078.0,17.8,19.22,87.8,29.704,7.43,134.6,250.0,4.7,0.6521478778271863
2026-04-25T12:32:24,04/25/202600:32,140.69,0.73,102.7037,54.9,1.22,66.978,65.6,0.5,9.0,198.7,23828.0,45078.0,17.8,19.130000000000003,87.7,29.701,7.374,132.9,231.0,4.8,0.6521478778271863
2026-04-25T12:32:36,04/25/202600:32,140.68,0.73,102.6964,54.9,1.21,66.429,65.0,0.5,9.0,198.7,23828.0,45078.0,17.8,19.04,87.6,29.698,7.3180000000000005,131.2,212.0,4.9,0.6468483802742843
2026-04-25T12:33:00,04/25/202600:33,140.66,0.72,101.2752,54.9,1.19,65.33099999999999,64.4,0.5,9.0,198.7,23828.0,45078.0,17.8,18.95,87.5,29.695,7.2620000000000005,129.5,193.0,5.0,0.6450838902317645
2026-04-25T12:33:36,04/25/202600:33,140.49,0.72,101.1528,54.9,1.1800000000000002,64.78200000000001,64.4,0.5,9.0,198.7,23828.0,45078.0,17.8,18.86,87.4,29.692,7.206,127.8,174.0,5.1,0.6404370417823334
2026-04-25T12:34:00,04/25/202600:34,140.4,0.72,101.088,54.9,1.16,63.684,63.3,0.5,9.0,198.7,23828.0,45078.0,17.8,18.869999999999997,87.3,29.689,7.15,126.1,173.0,5.2,0.629985754985755
2026-04-25T12:34:35,04/25/202600:34,140.15,0.72,100.908,54.9,1.17,64.23299999999999,63.8,0.5,9.0,198.7,23828.0,45078.0,17.8,18.88,87.2,29.686,7.093999999999999,124.4,172.0,5.3,0.6365501248662147
2026-04-25T12:35:00,04/25/202600:35,140.02,0.71,99.41420000000001,54.9,1.19,65.33099999999999,64.8,0.5,9.0,198.7,23828.0,45078.0,17.8,18.889999999999997,87.1,29.683,7.087000000000001,124.7,171.0,5.4,0.6571596411780207
2026-04-25T12:35:35,04/25/202600:35,139.85,0.7,97.895,54.9,1.2,65.88,65.3,0.5,9.0,198.7,23828.0,45078.0,17.8,18.9,87.3,29.68,7.08,125.0,170.0,5.5,0.6729659328872771
2026-04-25T12:36:00,04/25/202600:36,139.67000000000002,0.69,96.37230000000001,54.9,1.2,65.88,65.3,0.5,9.0,198.7,23828.0,45078.0,17.8,18.9,87.6,29.68,7.08,125.0,170.0,5.5,0.6835989179463392
2026-04-25T12:36:36,04/25/202600:36,139.57,0.69,96.3033,54.9,1.1800000000000002,64.78200000000001,64.2,0.5,9.0,198.7,23828.0,45078.0,17.8,18.9,87.9,29.68,7.08,125.0,170.0,5.5,0.6726872287865526
2026-04-25T12:37:00,04/25/202600:37,139.34,0.7,97.538,54.9,1.1800000000000002,64.78200000000001,64.2,0.5,9.0,198.7,23828.0,45078.0,17.8,18.9,88.2,29.68,7.08,125.0,170.0,5.5,0.6641719124853904
2026-04-25T12:37:35,04/25/202600:37,139.12,0.72,100.1664,54.9,1.21,66.429,65.9,0.5,9.0,198.7,23828.0,45078.0,17.8,18.9,88.5,29.68,7.08,125.0,170.0,5.5,0.6631864577343302
2026-04-25T12:38:00,04/25/202600:38,138.9,0.74,102.786,54.9,1.24,68.076,67.6,0.5,9.0,198.7,23828.0,45078.0,17.8,18.9,88.8,29.68,7.08,125.0,170.0,5.5,0.6623080964333663
2026-04-25T12:38:36,04/25/202600:38,138.88000000000002,0.74,102.77120000000002,54.9,1.25,68.625,68.1,0.5,9.0,198.7,23828.0,45078.0,17.8,18.9,89.1,29.68,7.08,125.0,170.0,5.5,0.6677454384107608
2026-04-25T12:39:00,04/25/202600:39,138.86,0.74,102.75640000000001,54.9,1.26,69.17399999999999,68.6,0.5,9.0,198.7,23828.0,45078.0,17.8,18.9,89.4,29.68,7.08,125.0,170.0,5.5,0.6731843466684312
2026-04-25T12:39:35,04/25/202600:39,139.05,0.74,102.897,54.9,1.23,67.527,67.0,0.5,9.0,198.7,23828.0,45078.0,17.8,18.9,89.7,29.68,7.08,125.0,170.0,5.5,0.6562581999475203
2026-04-25T12:41:01,04/25/202600:41,139.18,0.74,102.9932,54.9,1.21,66.429,65.9,0.5,9.0,198.7,23828.0,45078.0,17.8,18.9,90.0,29.68,7.08,125.0,170.0,5.5,0.6449843290625012
2026-04-25T12:42:01,04/25/202600:42,139.27,0.74,103.05980000000001,54.9,1.21,66.429,65.9,0.5,9.0,198.7,23828.0,45078.0,17.8,18.9,90.0,29.68,7.08,125.0,170.0,5.5,0.6445675229332872
2026-04-25T12:43:36,04/25/202600:43,139.37,0.74,103.13380000000001,54.9,1.22,66.978,66.4,0.5,9.0,198.7,23828.0,45078.0,17.8,18.9,90.0,29.68,7.08,125.0,170.0,5.51,0.6494282184889919
2026-04-25T12:44:01,04/25/202600:44,139.44,0.74,103.1856,54.910000000000004,1.23,67.5393,67.0,0.5,9.0,198.7,23828.0,45078.0,17.8,18.9,90.0,29.68,7.08,125.0,170.0,5.5200000000000005,0.6545419128250454
2026-04-25T12:45:01,04/25/202600:45,139.47,0.73,101.81309999999999,54.910000000000004,1.24,68.08840000000001,67.5,0.5,9.0,198.7,23828.0,45078.0,17.8,18.9,90.0,29.68,7.08,125.0,170.0,5.529999999999999,0.6687587353690243
2026-04-25T12:46:00,04/25/202600:46,139.41,0.72,100.37519999999999,54.910000000000004,1.23,67.5393,66.9,0.5,9.0,198.7,23828.0,45078.0,17.8,18.93,90.0,29.68,7.037000000000001,125.5,177.0,5.62,0.6728683977715612
2026-04-25T12:47:01,04/25/202600:47,139.35999999999999,0.71,98.94559999999998,54.910000000000004,1.21,66.4411,65.8,0.5,9.0,198.7,23828.0,45078.0,17.8,18.96,90.0,29.68,6.994,126.0,184.0,5.71,0.6714912032470369
2026-04-25T12:48:00,04/25/202600:48,139.3,0.7,97.51,54.910000000000004,1.2,65.892,65.3,0.5,9.0,198.7,23828.0,45078.0,17.8,18.99,90.0,29.68,6.9510000000000005,126.5,191.0,5.8,0.6757460773254025
2026-04-25T12:49:01,04/25/202600:49,139.27,0.69,96.0963,54.910000000000004,1.2,65.892,65.3,0.5,9.0,198.7,23828.0,45078.0,17.8,19.02,90.0,29.68,6.9079999999999995,127.0,198.0,5.89,0.685687170057536
2026-04-25T12:50:00,04/25/202600:50,139.19,0.6799999999999999,94.6492,54.910000000000004,1.21,66.4411,65.8,0.5,9.0,198.7,23828.0,45078.0,17.8,19.05,90.0,29.68,6.865,127.5,205.0,5.9799999999999995,0.7019721244342267
2026-04-25T12:50:01,04/25/202600:50,139.16,0.6799999999999999,94.62879999999998,54.910000000000004,1.22,66.9902,66.4,0.5,9.0,198.7,23828.0,45078.0,17.8,19.08,90.0,29.68,6.822,128.0,212.0,6.07,0.7079261281977581
2026-04-25T12:51:01,04/25/202600:51,139.23,0.6799999999999999,94.67639999999999,54.910000000000004,1.2,65.892,65.3,0.5,9.0,198.7,23828.0,45078.0,17.8,19.11,90.0,29.68,6.779000000000001,128.5,219.0,6.16,0.695970695970696
2026-04-25T12:51:10,04/25/202600:51,139.29000000000002,0.6799999999999999,94.7172,54.910000000000004,1.16,63.6956,63.1,0.5,9.0,198.7,23828.0,45078.0,17.8,19.139999999999997,90.0,29.68,6.736,129.0,226.0,6.24,0.6724818723526456
2026-04-25T12:52:00,04/25/202600:52,139.3,0.6699999999999999,93.331,54.9,1.1400000000000001,62.586000000000006,61.9,0.5,9.0,198.7,23828.0,45078.0,17.8,19.169999999999998,90.0,29.68,6.6930000000000005,129.5,233.0,6.32,0.6705810502405418
2026-04-25T12:53:01,04/25/202600:53,139.35,0.6699999999999999,93.36449999999999,54.9,1.1199999999999999,61.48799999999999,60.8,0.5,9.0,198.7,23828.0,45078.0,17.8,19.2,90.0,29.68,6.65,130.0,240.0,6.4,0.658580081294282
2026-04-25T12:53:10,04/25/202600:53,139.41,0.6699999999999999,93.40469999999999,54.9,1.1199999999999999,61.48799999999999,60.8,0.5,9.0,198.7,23828.0,45078.0,17.8,19.2,90.0,29.68,6.65,130.0,240.0,6.4,0.6582966381777362
2026-04-25T12:54:48,04/25/202600:54,139.5,0.6699999999999999,93.46499999999999,54.9,1.1300000000000001,62.037000000000006,61.3,0.5,9.0,198.7,23828.0,45078.0,17.8,19.2,90.0,29.68,6.65,130.0,240.0,6.4,0.6637457871930671
2026-04-25T12:55:01,04/25/202600:55,139.55,0.6799999999999999,94.894,54.9,1.1400000000000001,62.586000000000006,61.8,0.5,9.0,198.7,23828.0,45078.0,17.8,19.2,90.0,29.68,6.65,130.0,240.0,6.4,0.6595359032183279
2026-04-25T12:55:10,04/25/202600:55,139.59,0.69,96.3171,54.9,1.1400000000000001,62.586000000000006,61.8,0.5,9.0,198.7,23828.0,45078.0,17.8,19.2,90.0,29.68,6.65,130.0,240.0,6.4,0.6497911585793178
2026-04-25T12:56:00,04/25/202600:56,139.63,0.7,97.74099999999999,54.9,1.1400000000000001,62.586000000000006,61.8,0.5,9.0,198.7,23828.0,45078.0,17.8,19.2,90.0,29.68,6.65,130.0,240.0,6.4,0.6403249404037202
2026-04-25T12:56:10,04/25/202600:56,139.7,0.7,97.78999999999999,54.9,1.1300000000000001,62.037000000000006,61.2,0.5,9.0,198.7,23828.0,45078.0,17.8,19.2,90.0,29.68,6.65,130.0,240.0,6.4,0.6343900194293897
2026-04-25T12:57:01,04/25/202600:57,139.75,0.7,97.82499999999999,54.9,1.1400000000000001,62.586000000000006,61.7,0.5,9.0,198.7,23828.0,45078.0,17.8,19.2,90.0,29.68,6.65,130.0,240.0,6.4,0.639775108612318
2026-04-25T12:57:10,04/25/202600:57,139.84,0.69,96.4896,54.9,1.1400000000000001,62.586000000000006,61.7,0.5,9.0,198.7,23828.0,45078.0,17.8,19.2,90.0,29.68,6.65,130.0,240.0,6.4,0.6486294896030247
2026-04-25T12:58:00,04/25/202600:58,139.93,0.6799999999999999,95.1524,54.9,1.1400000000000001,62.586000000000006,61.7,0.5,9.0,198.7,23828.0,45078.0,17.8,19.2,90.0,29.68,6.65,130.0,240.0,6.4,0.6577448388059577
2026-04-25T12:58:09,04/25/202600:58,139.97,0.69,96.57929999999999,54.9,1.17,64.23299999999999,63.4,0.5,9.0,198.7,23828.0,45078.0,17.8,19.2,90.0,29.68,6.65,130.0,240.0,6.4,0.6650804054284924
2026-04-25T12:59:01,04/25/202600:59,140.04000000000002,0.7,98.028,54.9,1.1800000000000002,64.78200000000001,64.0,0.5,9.0,198.7,23828.0,45078.0,17.8,19.2,90.0,29.68,6.65,130.0,240.0,6.4,0.6608520014689682
2026-04-25T12:59:10,04/25/202600:59,140.13,0.7,98.091,54.9,1.16,63.684,62.9,0.5,9.0,198.7,23828.0,45078.0,17.8,19.2,90.0,29.68,6.65,130.0,240.0,6.4,0.6492338746674007
2026-04-25T13:00:00,04/25/202601:00,140.22,0.7,98.154,54.9,1.1400000000000001,62.586000000000006,61.8,0.5,9.0,198.7,23828.0,45078.0,17.8,19.2,90.0,29.68,6.65,130.0,240.0,6.4,0.637630662020906
2026-04-25T13:00:10,04/25/202601:00,140.28,0.7,98.196,54.9,1.1400000000000001,62.586000000000006,61.8,0.5,9.0,198.7,23828.0,45078.0,17.8,19.2,90.0,29.68,6.65,130.0,240.0,6.4,0.6373579371868509
2026-04-25T13:01:00,04/25/202601:01,140.34,0.7,98.238,54.9,1.1400000000000001,62.586000000000006,61.8,0.5,9.0,198.7,23828.0,45078.0,17.8,19.2,90.0,29.68,6.65,130.0,240.0,6.4,0.6370854455506016
2026-04-25T13:01:10,04/25/202601:01,140.35999999999999,0.7,98.25199999999998,54.9,1.1300000000000001,62.037000000000006,61.3,0.5,9.0,198.7,23828.0,45078.0,17.8,19.229999999999997,90.0,29.68,6.644,129.5,244.0,6.45,0.6314069942596591
2026-04-25T13:02:00,04/25/202601:02,140.38,0.7,98.26599999999999,54.9,1.1199999999999999,61.48799999999999,60.8,0.5,9.0,198.7,23828.0,45078.0,17.8,19.259999999999998,90.0,29.68,6.638,129.0,248.0,6.5,0.6257301609915942
2026-04-25T13:02:11,04/25/202601:02,140.35,0.71,99.64849999999998,54.9,1.1400000000000001,62.586000000000006,61.9,0.5,9.0,198.7,23828.0,45078.0,17.8,19.29,90.0,29.68,6.632000000000001,128.5,252.0,6.55,0.6280676578172277
2026-04-25T13:03:00,04/25/202601:03,140.32,0.72,101.03039999999999,54.9,1.16,63.684,63.0,0.5,9.0,198.7,23828.0,45078.0,17.8,19.32,90.0,29.68,6.626,128.0,256.0,6.6,0.6303449258836945
2026-04-25T13:03:10,04/25/202601:03,140.41,0.71,99.69109999999999,54.9,1.1400000000000001,62.586000000000006,61.9,0.5,9.0,198.7,23828.0,45078.0,17.8,19.35,90.0,29.68,6.62,127.5,260.0,6.65,0.6277992719510569
2026-04-25T13:04:01,04/25/202601:04,140.5,0.7,98.35,54.9,1.1199999999999999,61.48799999999999,60.8,0.5,9.0,198.7,23828.0,45078.0,17.8,19.380000000000003,90.0,29.68,6.614,127.0,264.0,6.7,0.6251957295373665
2026-04-25T13:04:11,04/25/202601:04,140.44,0.7,98.30799999999999,54.9,1.1300000000000001,62.037000000000006,61.4,0.5,9.0,198.7,23828.0,45078.0,17.8,19.41,90.0,29.68,6.608,126.5,268.0,6.75,0.6310473206656632
2026-04-25T13:06:00,04/25/202601:05,140.49,0.7,98.343,54.9,1.15,63.13499999999999,62.5,0.5,9.0,198.7,23828.0,45078.0,17.8,19.44,90.0,29.68,6.601999999999999,126.0,272.0,6.8,0.6419877367987553
2026-04-25T13:06:01,04/25/202601:06,140.55,0.7,98.385,54.9,1.15,63.13499999999999,62.5,0.5,9.0,198.7,23828.0,45078.0,17.8,19.47,90.0,29.68,6.595999999999999,125.5,276.0,6.85,0.6417136758652232
2026-04-25T13:06:10,04/25/202601:06,140.65,0.7,98.455,54.9,1.1300000000000001,62.037000000000006,61.4,0.5,9.0,198.7,23828.0,45078.0,17.8,19.5,90.0,29.68,6.590000000000001,125.0,280.0,6.9,0.6301051241684019
2026-04-25T13:07:00,04/25/202601:07,140.77,0.7,98.539,54.9,1.1199999999999999,61.48799999999999,60.8,0.5,9.0,198.7,23828.0,45078.0,17.8,19.5,90.0,29.68,6.590000000000001,125.0,280.0,6.9,0.6239965901825673
2026-04-25T13:07:10,04/25/202601:07,140.95999999999998,0.7,98.67199999999998,54.9,1.1300000000000001,62.037000000000006,61.3,0.5,9.0,198.7,23828.0,45078.0,17.8,19.5,90.0,29.68,6.590000000000001,125.0,280.0,6.9,0.6287193935462949
2026-04-25T13:08:01,04/25/202601:08,141.16,0.7,98.812,54.9,1.1300000000000001,62.037000000000006,61.3,0.5,9.0,198.7,23828.0,45078.0,17.8,19.5,90.0,29.68,6.590000000000001,125.0,280.0,6.9,0.6278286038133021
2026-04-25T13:08:10,04/25/202601:08,141.20999999999998,0.7,98.84699999999998,54.9,1.1199999999999999,61.48799999999999,60.8,0.5,9.0,198.7,23828.0,45078.0,17.8,19.5,90.0,29.68,6.590000000000001,125.0,280.0,6.9,0.6220522625876355
2026-04-25T13:09:00,04/25/202601:09,141.19,0.7,98.833,54.9,1.1199999999999999,61.48799999999999,60.8,0.5,9.0,198.7,23828.0,45078.0,17.8,19.5,90.0,29.68,6.590000000000001,125.0,280.0,6.9,0.6221403782137545
2026-04-25T13:09:11,04/25/202601:09,141.18,0.69,97.4142,54.9,1.1099999999999999,60.93899999999999,60.2,0.5,9.0,198.7,23828.0,45078.0,17.8,19.5,90.0,29.68,6.590000000000001,125.0,280.0,6.9,0.6255658825920656
2026-04-25T13:10:01,04/25/202601:10,141.26,0.6799999999999999,96.05679999999998,54.9,1.1,60.39,59.6,0.5,9.0,198.7,23828.0,45078.0,17.8,19.5,90.0,29.68,6.590000000000001,125.0,280.0,6.9,0.6286905247728428
2026-04-25T13:10:10,04/25/202601:10,141.22,0.6699999999999999,94.61739999999999,54.9,1.09,59.841,59.1,0.5,9.0,198.7,23828.0,45078.0,17.8,19.5,90.0,29.68,6.590000000000001,125.0,280.0,6.9,0.6324523819086131
2026-04-25T13:11:01,04/25/202601:11,141.18,0.6599999999999999,93.1788,54.9,1.08,59.292,58.6,0.5,9.0,198.7,23828.0,45078.0,17.8,19.5,90.0,29.68,6.590000000000001,125.0,280.0,6.9,0.636325000965885
2026-04-25T13:11:11,04/25/202601:11,141.07,0.65,91.6955,54.9,1.08,59.292,58.6,0.5,9.0,198.7,23828.0,45078.0,17.8,19.5,90.0,29.68,6.590000000000001,125.0,280.0,6.9,0.6466184272946873
2026-04-25T13:12:00,04/25/202601:12,140.95999999999998,0.6399999999999999,90.21439999999997,54.9,1.08,59.292,58.6,0.5,9.0,198.7,23828.0,45078.0,17.8,19.5,90.0,29.68,6.590000000000001,125.0,280.0,6.9,0.6572343217934168
2026-04-25T13:12:10,04/25/202601:12,140.76,0.63,88.6788,54.9,1.05,57.645,57.0,0.5,9.0,198.7,23828.0,45078.0,17.8,19.5,90.0,29.68,6.590000000000001,125.0,280.0,6.9,0.6500426257459506
2026-04-25T13:13:01,04/25/202601:13,140.56,0.6199999999999999,87.14719999999998,54.9,1.02,55.998,55.4,0.5,9.0,198.7,23828.0,45078.0,17.8,19.5,90.0,29.68,6.590000000000001,125.0,280.0,6.9,0.6425679769401657
2026-04-25T13:13:11,04/25/202601:13,140.45999999999998,0.6199999999999999,87.08519999999997,54.9,1.02,55.998,55.4,0.5,9.0,198.7,23828.0,45078.0,17.8,19.5,90.0,29.68,6.590000000000001,125.0,280.0,6.9,0.6430254509377026
2026-04-25T13:14:00,04/25/202601:14,140.35999999999999,0.6199999999999999,87.02319999999997,54.9,1.02,55.998,55.4,0.5,9.0,198.7,23828.0,45078.0,17.8,19.5,90.0,29.68,6.590000000000001,125.0,280.0,6.9,0.643483576793315
2026-04-25T13:14:10,04/25/202601:14,140.28,0.6199999999999999,86.97359999999999,54.9,1.02,55.998,55.4,0.5,10.0,198.7,23828.0,45078.0,17.8,19.5,90.0,29.68,6.590000000000001,125.0,280.0,6.9,0.6438505477524215
2026-04-25T13:15:01,04/25/202601:15,140.2,0.6199999999999999,86.92399999999998,54.9,1.02,55.998,55.4,0.5,10.0,198.7,23828.0,45078.0,17.8,19.5,90.0,29.68,6.590000000000001,125.0,280.0,6.9,0.6442179375086283
2026-04-25T13:15:11,04/25/202601:15,140.08999999999997,0.63,88.25669999999998,54.9,1.03,56.547,55.9,0.5,10.0,198.7,23828.0,45078.0,17.8,19.5,90.0,29.68,6.590000000000001,125.0,280.0,6.9,0.6407105636172665
2026-04-25T13:17:11,04/25/202601:17,140.03,0.6399999999999999,89.61919999999999,54.9,1.03,56.547,55.9,0.5,10.0,198.7,23828.0,45078.0,17.8,19.52,89.9,29.68,6.6209999999999996,125.1,278.0,6.9,0.6309697029208027
2026-04-25T13:18:01,04/25/202601:18,140.0,0.65,91.0,54.9,1.04,57.096000000000004,56.5,0.5,10.0,198.7,23828.0,45078.0,17.8,19.54,89.8,29.68,6.651999999999999,125.2,276.0,6.9,0.6274285714285714
2026-04-25T13:18:11,04/25/202601:18,140.01,0.6599999999999999,92.40659999999998,54.9,1.05,57.645,57.1,0.5,10.0,198.7,23828.0,45078.0,17.8,19.56,89.7,29.68,6.683,125.3,274.0,6.9,0.6238190778580752
2026-04-25T13:19:01,04/25/202601:19,140.04,0.6699999999999999,93.82679999999999,54.9,1.07,58.743,58.2,0.5,10.0,198.7,23828.0,45078.0,17.8,19.580000000000002,89.6,29.68,6.714,125.4,272.0,6.9,0.6260791159881826
2026-04-25T13:19:10,04/25/202601:19,140.12,0.6699999999999999,93.8804,54.9,1.08,59.292,58.7,0.5,10.0,198.7,23828.0,45078.0,17.8,19.6,89.5,29.68,6.745,125.5,270.0,6.9,0.6315695288899494
2026-04-25T13:20:01,04/25/202601:20,140.25,0.6599999999999999,92.56499999999998,54.9,1.07,58.743,58.1,0.5,10.0,198.7,23828.0,45078.0,17.8,19.619999999999997,89.4,29.68,6.776000000000001,125.6,268.0,6.9,0.6346135148274187
2026-04-25T13:20:11,04/25/202601:20,140.35,0.6699999999999999,94.03449999999998,54.9,1.07,58.743,58.1,0.5,10.0,198.7,23828.0,45078.0,17.8,19.64,89.3,29.68,6.807,125.7,266.0,6.9,0.6246962550978632
2026-04-25T13:21:01,04/25/202601:21,140.42000000000002,0.69,96.88980000000001,54.9,1.08,59.292,58.7,0.5,10.0,198.7,23828.0,45078.0,17.8,19.66,89.2,29.68,6.837999999999999,125.8,264.0,6.9,0.611952960992798
2026-04-25T13:21:10,04/25/202601:21,140.56,0.7,98.392,54.9,1.09,59.841,59.3,0.5,10.0,198.7,23828.0,45078.0,17.8,19.68,89.1,29.68,6.869,125.9,262.0,6.9,0.608189690218717
2026-04-25T13:22:01,04/25/202601:22,140.74,0.7,98.518,54.9,1.08,59.292,58.8,0.5,10.0,198.7,23828.0,45078.0,17.8,19.7,89.0,29.68,6.9,126.0,260.0,6.9,0.601839257800605
2026-04-25T13:22:11,04/25/202601:22,140.95,0.69,97.25549999999998,54.9,1.07,58.743,58.2,0.5,10.0,198.7,23828.0,45078.0,17.8,19.7,89.0,29.68,6.9,126.0,260.0,6.9,0.6040069713280998
2026-04-25T13:23:01,04/25/202601:23,141.16,0.6799999999999999,95.98879999999998,54.9,1.06,58.194,57.6,0.5,10.0,198.7,23828.0,45078.0,17.8,19.7,89.0,29.68,6.9,126.0,260.0,6.9,0.6062582301268483
2026-04-25T13:23:10,04/25/202601:23,141.41,0.6799999999999999,96.15879999999999,54.9,1.07,58.743,58.1,0.5,10.0,198.7,23828.0,45078.0,17.8,19.7,89.0,29.68,6.9,126.0,260.0,6.9,0.610895726652163
2026-04-25T13:24:01,04/25/202601:24,141.66,0.6799999999999999,96.32879999999999,54.9,1.08,59.292,58.6,0.5,10.0,198.7,23828.0,45078.0,17.8,19.7,89.0,29.68,6.9,126.0,260.0,6.9,0.6155168547724046
2026-04-25T13:24:11,04/25/202601:24,141.91,0.69,97.91789999999999,54.9,1.1099999999999999,60.93899999999999,60.3,0.5,10.0,198.7,23828.0,45078.0,17.8,19.7,89.0,29.68,6.9,126.0,260.0,6.9,0.6223479057455277
2026-04-25T13:25:01,04/25/202601:25,142.16,0.7,99.51199999999999,54.9,1.1400000000000001,62.586000000000006,62.0,0.5,10.0,198.7,23828.0,45078.0,17.8,19.7,89.0,29.68,6.9,126.0,260.0,6.9,0.6289291743709303
2026-04-25T13:25:10,04/25/202601:25,142.35,0.69,98.22149999999999,54.9,1.15,63.13499999999999,62.6,0.5,10.0,198.7,23828.0,45078.0,17.8,19.7,89.0,29.68,6.9,126.0,260.0,6.9,0.6427818756585879
2026-04-25T13:26:01,04/25/202601:26,142.54000000000002,0.6799999999999999,96.9272,54.9,1.16,63.684,63.2,0.5,10.0,198.7,23828.0,45078.0,17.8,19.7,89.0,29.68,6.9,126.0,260.0,6.9,0.6570291930438514
2026-04-25T13:26:11,04/25/202601:26,142.6,0.6699999999999999,95.54199999999999,54.9,1.16,63.684,63.2,0.5,10.0,198.7,23828.0,45078.0,17.8,19.7,89.0,29.68,6.9,126.0,260.0,6.9,0.6665550229218564
2026-04-25T13:27:01,04/25/202601:27,142.66,0.6599999999999999,94.15559999999999,54.9,1.16,63.684,63.2,0.5,10.0,198.7,23828.0,45078.0,17.8,19.7,89.0,29.68,6.9,126.0,260.0,6.9,0.6763697538967411
2026-04-25T13:28:22,04/25/202601:28,142.65,0.6699999999999999,95.57549999999999,54.9,1.1800000000000002,64.78200000000001,64.3,0.5,10.0,198.7,23828.0,45078.0,17.8,19.7,89.0,29.68,6.9,126.0,260.0,6.9,0.6778096897217385
2026-04-25T13:29:00,04/25/202601:29,142.64000000000001,0.6799999999999999,96.9952,54.9,1.2,65.88,65.4,0.5,10.0,198.7,23828.0,45078.0,17.8,19.7,89.0,29.68,6.9,126.0,260.0,6.9,0.6792088680676982
2026-04-25T13:29:11,04/25/202601:29,142.6,0.6699999999999999,95.54199999999999,54.9,1.1800000000000002,64.78200000000001,64.3,0.5,10.0,198.7,23828.0,45078.0,17.8,19.7,89.0,29.68,6.9,126.0,260.0,6.9,0.6780473509032678
2026-04-25T13:30:01,04/25/202601:30,142.56,0.6599999999999999,94.08959999999999,54.9,1.16,63.684,63.2,0.5,10.0,198.7,23828.0,45078.0,17.8,19.7,89.0,29.68,6.9,126.0,260.0,6.9,0.6768441995714723
2026-04-25T13:30:11,04/25/202601:30,142.43,0.6599999999999999,94.0038,54.9,1.15,63.13499999999999,62.6,0.5,10.0,198.7,23828.0,45078.0,17.8,19.7,89.0,29.68,6.9,126.0,260.0,6.9,0.6716217855022881
2026-04-25T13:31:01,04/25/202601:31,142.3,0.6599999999999999,93.91799999999999,54.9,1.1400000000000001,62.586000000000006,62.0,0.5,10.0,198.7,23828.0,45078.0,17.8,19.7,89.0,29.68,6.9,126.0,260.0,6.9,0.6663898294256693
2026-04-25T13:31:11,04/25/202601:31,142.26,0.6599999999999999,93.89159999999998,54.9,1.1400000000000001,62.586000000000006,61.9,0.5,10.0,198.7,23828.0,45078.0,17.8,19.779999999999998,88.9,29.68,7.13,126.3,289.0,6.85,0.6665772017944099
2026-04-25T13:32:01,04/25/202601:32,142.21999999999997,0.6599999999999999,93.86519999999997,54.9,1.1400000000000001,62.586000000000006,61.8,0.5,10.0,198.7,23828.0,45078.0,17.8,19.86,88.8,29.68,7.359999999999999,126.6,318.0,6.8,0.6667646795617548
2026-04-25T13:32:11,04/25/202601:32,142.28,0.6599999999999999,93.9048,54.9,1.1300000000000001,62.037000000000006,61.2,0.5,10.0,198.7,23828.0,45078.0,17.8,19.94,88.7,29.68,7.590000000000001,126.9,347.0,6.75,0.6606371559281315
2026-04-25T13:33:01,04/25/202601:33,142.33999999999997,0.6599999999999999,93.94439999999997,54.9,1.1199999999999999,61.48799999999999,60.6,0.5,10.0,198.7,23828.0,45078.0,17.8,20.02,88.6,29.68,7.82,127.2,376.0,6.7,0.6545147981146296
2026-04-25T13:33:11,04/25/202601:33,142.32,0.6599999999999999,93.93119999999999,54.9,1.1300000000000001,62.037000000000006,61.2,0.5,10.0,198.7,23828.0,45078.0,17.8,20.1,88.5,29.68,8.05,127.5,405.0,6.65,0.6604514793806532
2026-04-25T13:34:01,04/25/202601:34,142.3,0.6599999999999999,93.91799999999999,54.9,1.1400000000000001,62.586000000000006,61.8,0.5,10.0,198.7,23828.0,45078.0,17.8,20.18,88.4,29.68,8.28,127.8,434.0,6.6,0.6663898294256693
2026-04-25T13:34:10,04/25/202601:34,142.22,0.6599999999999999,93.86519999999999,54.9,1.1199999999999999,61.48799999999999,60.7,0.5,10.0,198.7,23828.0,45078.0,17.8,20.259999999999998,88.3,29.68,8.51,128.1,463.0,6.55,0.6550670536045308
2026-04-25T13:34:26,04/25/202601:34,142.13,0.6599999999999999,93.80579999999999,54.9,1.1,60.39,59.6,0.5,10.0,198.7,23828.0,45078.0,17.8,20.34,88.2,29.68,8.739999999999998,128.4,492.0,6.5,0.6437768240343348
2026-04-25T13:35:01,04/25/202601:35,142.07999999999998,0.65,92.35199999999999,54.9,1.06,58.194,57.4,0.5,10.0,198.7,23828.0,45078.0,17.8,20.419999999999998,88.1,29.68,8.969999999999999,128.7,521.0,6.45,0.6301325363825365
2026-04-25T13:35:27,04/25/202601:35,142.0,0.6399999999999999,90.87999999999998,54.9,1.03,56.547,55.8,0.5,10.0,198.7,23828.0,45078.0,17.8,20.5,88.0,29.68,9.2,129.0,550.0,6.4,0.6222161091549296
2026-04-25T13:36:01,04/25/202601:36,141.92000000000002,0.63,89.40960000000001,54.9,1.0,54.9,54.2,0.5,10.0,198.7,23828.0,45078.0,17.8,20.5,88.0,29.68,9.2,129.0,550.0,6.4,0.6140280238363665
2026-04-25T13:36:27,04/25/202601:36,141.85,0.6199999999999999,87.94699999999997,54.9,0.9800000000000001,53.80200000000001,53.1,0.5,10.0,198.7,23828.0,45078.0,17.8,20.5,88.0,29.68,9.2,129.0,550.0,6.4,0.6117548068723211
2026-04-25T13:37:01,04/25/202601:37,141.74,0.6199999999999999,87.87879999999998,54.9,0.9800000000000001,53.80200000000001,53.1,0.5,10.0,198.7,23828.0,45078.0,17.8,20.5,88.0,29.68,9.2,129.0,550.0,6.4,0.6122295707269559
2026-04-25T13:37:27,04/25/202601:37,141.59,0.63,89.2017,54.9,1.0,54.9,54.3,0.5,10.0,198.7,23828.0,45078.0,17.8,20.5,88.0,29.68,9.2,129.0,550.0,6.4,0.6154591224158283
2026-04-25T13:38:01,04/25/202601:38,141.51,0.63,89.15129999999999,54.9,0.99,54.351,53.8,0.5,10.0,198.7,23828.0,45078.0,17.8,20.5,88.0,29.68,9.2,129.0,550.0,6.4,0.6096489899754687
2026-04-25T13:39:34,04/25/202601:39,141.5,0.6199999999999999,87.72999999999999,54.9,0.97,53.253,52.7,0.5,10.0,198.7,23828.0,45078.0,17.8,20.5,88.0,29.68,9.2,129.0,550.0,6.4,0.607010144762339
2026-04-25T13:40:00,04/25/202601:40,141.5,0.6199999999999999,87.72999999999999,54.9,1.0,54.9,54.4,0.5,10.0,198.7,23828.0,45078.0,17.8,20.5,88.0,29.68,9.2,129.0,550.0,6.4,0.625783654394164
2026-04-25T13:40:27,04/25/202601:40,141.5,0.63,89.145,54.9,1.02,55.998,55.5,0.5,10.0,198.7,23828.0,45078.0,17.8,20.5,88.0,29.68,9.2,129.0,550.0,6.4,0.6281675921251892
2026-04-25T13:41:01,04/25/202601:41,141.5,0.6399999999999999,90.55999999999999,54.9,1.04,57.096000000000004,56.6,0.5,10.0,198.7,23828.0,45078.0,17.8,20.5,88.0,29.68,9.2,129.0,550.0,6.4,0.6304770318021202
2026-04-25T13:41:27,04/25/202601:41,141.38,0.65,91.897,54.9,1.06,58.194,57.7,0.5,10.0,198.7,23828.0,45078.0,17.8,20.5,88.0,29.68,9.2,129.0,550.0,6.4,0.6332524456728729
2026-04-25T13:42:00,04/25/202601:42,141.26,0.6599999999999999,93.23159999999999,54.9,1.08,59.292,58.8,0.5,10.0,198.7,23828.0,45078.0,17.8,20.5,88.0,29.68,9.2,129.0,550.0,6.4,0.6359646300181485
2026-04-25T13:42:27,04/25/202601:42,141.1,0.6799999999999999,95.948,54.9,1.1099999999999999,60.93899999999999,60.5,0.5,10.0,198.7,23828.0,45078.0,17.8,20.5,88.0,29.68,9.2,129.0,550.0,6.4,0.6351252761912702
2026-04-25T13:43:01,04/25/202601:43,140.94,0.7,98.65799999999999,54.9,1.1400000000000001,62.586000000000006,62.2,0.5,10.0,198.7,23828.0,45078.0,17.8,20.5,88.0,29.68,9.2,129.0,550.0,6.4,0.6343732895457035
2026-04-25T13:43:27,04/25/202601:43,140.8,0.7,98.56,54.9,1.15,63.13499999999999,62.7,0.5,10.0,198.7,23828.0,45078.0,17.8,20.5,88.0,29.68,9.2,129.0,550.0,6.4,0.6405742694805193
2026-04-25T13:44:00,04/25/202601:44,140.66,0.7,98.46199999999999,54.9,1.1600000000000001,63.684000000000005,63.2,0.5,10.0,198.7,23828.0,45078.0,17.8,20.5,88.0,29.68,9.2,129.0,550.0,6.4,0.646787593183157
2026-04-25T13:44:27,04/25/202601:44,140.63,0.7,98.44099999999999,54.9,1.1600000000000001,63.684000000000005,63.2,0.5,10.0,198.7,23828.0,45078.0,17.8,20.5,88.0,29.68,9.2,129.0,550.0,6.4,0.6469255696305403
2026-04-25T13:45:01,04/25/202601:45,140.6,0.7,98.41999999999999,54.9,1.1600000000000001,63.684000000000005,63.2,0.5,10.0,198.7,23828.0,45078.0,17.8,20.5,88.0,29.68,9.2,129.0,550.0,6.4,0.6470636049583419
2026-04-25T13:45:27,04/25/202601:45,140.64,0.7,98.44799999999998,54.9,1.1800000000000002,64.78200000000001,64.3,0.5,10.0,198.7,23828.0,45078.0,17.8,20.45,87.9,29.68,9.125,129.1,511.0,6.36,0.6580326669917116
2026-04-25T13:46:00,04/25/202601:46,140.68,0.7,98.476,54.9,1.2,65.88,65.4,0.5,10.0,198.7,23828.0,45078.0,17.8,20.4,87.8,29.68,9.05,129.2,472.0,6.32,0.6689954912872171
2026-04-25T13:46:28,04/25/202601:46,140.85999999999999,0.7,98.60199999999999,54.9,1.21,66.429,65.9,0.5,10.0,198.7,23828.0,45078.0,17.8,20.35,87.7,29.68,8.975,129.3,433.0,6.28,0.6737084440477882
2026-04-25T13:47:01,04/25/202601:47,141.04000000000002,0.7,98.72800000000001,54.9,1.22,66.978,66.4,0.5,10.0,198.7,23828.0,45078.0,17.8,20.3,87.6,29.68,8.9,129.4,394.0,6.24,0.6784093671501498
2026-04-25T13:47:27,04/25/202601:47,141.20999999999998,0.7,98.84699999999998,54.9,1.21,66.429,65.8,0.5,10.0,198.7,23828.0,45078.0,17.8,20.25,87.5,29.68,8.825,129.5,355.0,6.2,0.6720386051169992
2026-04-25T13:48:00,04/25/202601:48,141.38,0.7,98.966,54.9,1.2,65.88,65.2,0.5,10.0,198.7,23828.0,45078.0,17.8,20.2,87.4,29.68,8.75,129.6,316.0,6.16,0.6656831639148798
2026-04-25T13:48:28,04/25/202601:48,141.68,0.7,99.176,54.9,1.1800000000000002,64.78200000000001,64.1,0.5,10.0,198.7,23828.0,45078.0,17.8,20.15,87.3,29.68,8.675,129.7,277.0,6.12,0.6532023876744375
2026-04-25T13:49:01,04/25/202601:49,141.98,0.7,99.38599999999998,54.9,1.16,63.684,63.0,0.5,10.0,198.7,23828.0,45078.0,17.8,20.1,87.2,29.68,8.6,129.8,238.0,6.08,0.6407743545368564
2026-04-25T13:49:27,04/25/202601:49,142.25,0.7,99.57499999999999,54.9,1.15,63.13499999999999,62.4,0.5,10.0,198.7,23828.0,45078.0,17.8,20.05,87.1,29.68,8.525,129.9,199.0,6.04,0.6340446899322119
2026-04-25T13:50:45,04/25/202601:50,142.5,0.71,101.175,54.9,1.16,63.684,62.9,0.5,10.0,198.7,23828.0,45078.0,17.8,20.0,87.0,29.68,8.45,130.0,160.0,6.0,0.6294440326167532
2026-04-25T13:51:01,04/25/202601:51,142.69,0.71,101.3099,54.9,1.16,63.684,62.9,0.5,10.0,198.7,23828.0,45078.0,17.8,20.0,87.0,29.68,8.45,130.0,160.0,6.0,0.6286058914281822
2026-04-25T13:51:27,04/25/202601:51,142.81,0.71,101.3951,54.9,1.17,64.23299999999999,63.5,0.5,10.0,198.7,23828.0,45078.0,17.8,20.0,87.0,29.68,8.45,130.0,160.0,6.0,0.6334921510013797
2026-04-25T13:52:00,04/25/202601:52,142.94,0.71,101.4874,54.9,1.1800000000000002,64.78200000000001,64.1,0.5,10.0,198.7,23828.0,45078.0,17.8,20.0,87.0,29.68,8.45,130.0,160.0,6.0,0.6383255458313053
2026-04-25T13:52:27,04/25/202601:52,142.98,0.7,100.08599999999998,54.9,1.1800000000000002,64.78200000000001,64.1,0.5,10.0,198.7,23828.0,45078.0,17.8,20.0,87.0,29.68,8.45,130.0,160.0,6.0,0.6472633535159764
2026-04-25T13:53:01,04/25/202601:53,143.06,0.6799999999999999,97.2808,54.9,1.1800000000000002,64.78200000000001,64.1,0.5,10.0,198.7,23828.0,45078.0,17.8,20.0,87.0,29.68,8.45,130.0,160.0,6.0,0.6659279117770415
2026-04-25T13:53:28,04/25/202601:53,142.82,0.6699999999999999,95.68939999999999,54.910000000000004,1.19,65.3429,64.7,0.5,10.0,198.7,23828.0,45078.0,17.8,20.0,87.0,29.68,8.45,130.0,160.0,6.0,0.682864559710898
2026-04-25T13:54:00,04/25/202601:54,142.47,0.6699999999999999,95.4549,54.92,1.21,66.4532,65.8,0.5,10.0,198.7,23828.0,45078.0,17.8,20.0,87.0,29.68,8.45,130.0,160.0,6.0,0.6961737951639989
2026-04-25T13:54:27,04/25/202601:54,142.28,0.6599999999999999,93.9048,54.92,1.19,65.3548,64.7,0.5,10.0,198.7,23828.0,45078.0,17.8,20.0,87.0,29.68,8.45,130.0,160.0,6.0,0.6959686831770048
2026-04-25T13:55:01,04/25/202601:55,141.94,0.6599999999999999,93.68039999999999,54.92,1.1800000000000002,64.80560000000001,64.2,0.5,10.0,198.7,23828.0,45078.0,17.8,20.0,87.0,29.68,8.45,130.0,160.0,6.0,0.6917733058355858
2026-04-25T13:55:28,04/25/202601:55,141.54000000000002,0.6599999999999999,93.4164,54.92,1.16,63.7072,63.1,0.5,10.0,198.7,23828.0,45078.0,17.8,20.0,87.0,29.68,8.45,130.0,160.0,6.0,0.681970189388587
2026-04-25T13:56:00,04/25/202601:56,141.14000000000001,0.6599999999999999,93.1524,54.92,1.1400000000000001,62.60880000000001,62.0,0.5,10.0,198.7,23828.0,45078.0,17.8,20.0,87.0,29.68,8.45,130.0,160.0,6.0,0.6721115075940073
2026-04-25T13:56:27,04/25/202601:56,140.74,0.65,91.48100000000001,54.92999999999999,1.1199999999999999,61.521599999999985,60.9,0.5,10.0,198.7,23828.0,45078.0,17.8,20.0,87.0,29.68,8.45,130.0,160.0,6.0,0.6725068593478425
2026-04-25T13:57:00,04/25/202601:57,140.34,0.6399999999999999,89.81759999999998,54.94,1.1,60.434000000000005,59.8,0.5,10.0,198.7,23828.0,45078.0,17.8,20.0,87.0,29.68,8.45,130.0,160.0,6.0,0.6728525366965942
2026-04-25T13:57:28,04/25/202601:57,140.05,0.65,91.03250000000001,54.94,1.1,60.434000000000005,59.8,0.5,10.0,198.7,23828.0,45078.0,17.8,20.0,87.0,29.68,8.45,130.0,160.0,6.0,0.6638727926839315
2026-04-25T13:58:00,04/25/202601:58,139.76,0.6599999999999999,92.24159999999998,54.94,1.1,60.434000000000005,59.8,0.5,10.0,198.7,23828.0,45078.0,17.8,20.0,87.0,29.68,8.45,130.0,160.0,6.0,0.6551707689372259
2026-04-25T13:58:27,04/25/202601:58,139.68,0.6599999999999999,92.18879999999999,54.94,1.09,59.8846,59.2,0.5,10.0,198.7,23828.0,45078.0,17.8,20.0,87.0,29.68,8.45,130.0,160.0,6.0,0.6495865007462946
2026-04-25T13:59:00,04/25/202601:59,139.6,0.6599999999999999,92.13599999999998,54.94,1.08,59.3352,58.6,0.5,10.0,198.7,23828.0,45078.0,17.8,20.0,87.0,29.68,8.45,130.0,160.0,6.0,0.6439958322479814
2026-04-25T13:59:27,04/25/202601:59,139.41000000000003,0.6699999999999999,93.4047,54.94,1.1300000000000001,62.0822,61.3,0.5,10.0,198.7,23828.0,45078.0,17.8,20.0,87.0,29.68,8.45,130.0,160.0,6.0,0.6646582024245032
2026-04-25T14:00:00,04/25/202602:00,139.22,0.6799999999999999,94.66959999999999,54.94,1.1800000000000002,64.8292,64.0,0.5,10.0,198.7,23828.0,45078.0,17.8,20.0,87.0,29.68,8.45,130.0,160.0,6.0,0.684794273980243
2026-04-25T14:00:28,04/25/202602:00,139.2,0.6699999999999999,93.26399999999998,54.94,1.1800000000000002,64.8292,64.0,0.5,10.0,198.7,23828.0,45078.0,17.8,20.0,87.0,29.68,8.45,130.0,160.0,6.0,0.6951149425287357
2026-04-25T14:01:57,04/25/202602:01,139.16000000000003,0.6699999999999999,93.2372,54.94,1.19,65.37859999999999,64.6,0.5,10.0,198.7,23828.0,45078.0,17.8,20.009999999999998,86.9,29.68,8.376,129.0,166.0,5.96,0.7012072434607645
2026-04-25T14:02:01,04/25/202602:02,139.19,0.6799999999999999,94.6492,54.92999999999999,1.19,65.3667,64.6,0.5,10.0,198.7,23828.0,45078.0,17.8,20.02,86.8,29.68,8.302,128.0,172.0,5.92,0.69062073424815
2026-04-25T14:02:27,04/25/202602:02,139.17000000000002,0.6799999999999999,94.6356,54.92,1.1800000000000002,64.80560000000001,64.0,0.5,10.0,198.7,23828.0,45078.0,17.8,20.03,86.7,29.68,8.228,127.0,178.0,5.88,0.6847909243455953
2026-04-25T14:03:01,04/25/202602:03,139.13,0.6699999999999999,93.21709999999999,54.92,1.16,63.7072,62.9,0.5,10.0,198.7,23828.0,45078.0,17.8,20.04,86.6,29.68,8.154,126.0,184.0,5.84,0.6834282551162824
2026-04-25T14:03:28,04/25/202602:03,138.79000000000002,0.6699999999999999,92.9893,54.92,1.15,63.157999999999994,62.4,0.5,10.0,198.7,23828.0,45078.0,17.8,20.05,86.5,29.68,8.08,125.0,190.0,5.8,0.6791964236745517
2026-04-25T14:04:01,04/25/202602:04,138.56,0.6699999999999999,92.83519999999999,54.910000000000004,1.1400000000000001,62.597400000000015,61.9,0.5,10.0,198.7,23828.0,45078.0,17.8,20.060000000000002,86.4,29.68,8.006,124.0,196.0,5.76,0.6742851849298545
2026-04-25T14:04:28,04/25/202602:04,138.45,0.6699999999999999,92.76149999999998,54.9,1.1300000000000001,62.037000000000006,61.4,0.5,10.0,198.7,23828.0,45078.0,17.8,20.07,86.3,29.68,7.9319999999999995,123.0,202.0,5.72,0.6687796122313677
2026-04-25T14:05:01,04/25/202602:05,138.29000000000002,0.6699999999999999,92.6543,54.9,1.1,60.39,59.8,0.5,10.0,198.7,23828.0,45078.0,17.8,20.080000000000002,86.2,29.68,7.858,122.0,208.0,5.68,0.6517776293167181
2026-04-25T14:05:28,04/25/202602:05,138.15,0.6599999999999999,91.17899999999999,54.9,1.06,58.194,57.6,0.5,10.0,198.7,23828.0,45078.0,17.8,20.09,86.1,29.68,7.784000000000001,121.0,214.0,5.64,0.638239068206495
2026-04-25T14:06:01,04/25/202602:06,137.92000000000002,0.6599999999999999,91.0272,54.9,1.06,58.194,57.6,0.5,10.0,198.7,23828.0,45078.0,17.8,20.1,86.0,29.68,7.709999999999999,120.0,220.0,5.6,0.6393034170006329
2026-04-25T14:06:28,04/25/202602:06,137.81,0.6399999999999999,88.19839999999999,54.9,1.04,57.096000000000004,56.5,0.5,10.0,198.7,23828.0,45078.0,17.8,20.1,86.0,29.68,7.709999999999999,120.0,220.0,5.6,0.6473586822436689
2026-04-25T14:06:42,04/25/202602:06,137.67000000000002,0.63,86.73210000000002,54.9,1.03,56.547,55.9,0.5,10.0,198.7,23828.0,45078.0,17.8,20.1,86.0,29.68,7.709999999999999,120.0,220.0,5.6,0.6519731448909918
2026-04-25T14:07:01,04/25/202602:07,137.57999999999998,0.63,86.6754,54.9,1.03,56.547,55.9,0.5,10.0,198.7,23828.0,45078.0,17.8,20.1,86.0,29.68,7.709999999999999,120.0,220.0,5.6,0.652399642805225
2026-04-25T14:07:42,04/25/202602:07,137.31,0.63,86.5053,54.9,1.05,57.645,57.0,0.6,11.0,198.7,23828.0,45078.0,17.8,20.1,86.0,29.68,7.709999999999999,120.0,220.0,5.6,0.6663753550360498
2026-04-25T14:08:00,04/25/202602:08,137.34,0.6199999999999999,85.15079999999999,54.9,1.06,58.194,57.5,0.6,11.0,198.7,23828.0,45078.0,17.8,20.1,86.0,29.68,7.709999999999999,120.0,220.0,5.6,0.6834228216293917
2026-04-25T14:08:42,04/25/202602:08,136.97,0.6399999999999999,87.66079999999998,54.910000000000004,1.08,59.302800000000005,58.6,0.6,11.0,198.7,23828.0,45078.0,17.8,20.1,86.0,29.68,7.709999999999999,120.0,220.0,5.6,0.6765030663648977
2026-04-25T14:09:01,04/25/202602:09,136.48,0.6599999999999999,90.07679999999998,54.92,1.1,60.412000000000006,59.7,0.6,11.0,198.7,23828.0,45078.0,17.8,20.1,86.0,29.68,7.709999999999999,120.0,220.0,5.6,0.6706721375537321
2026-04-25T14:09:42,04/25/202602:09,136.48,0.6599999999999999,90.07679999999998,54.92,1.1,60.412000000000006,59.7,0.6,11.0,198.7,23828.0,45078.0,17.8,20.1,86.0,29.68,7.709999999999999,120.0,220.0,5.6,0.6706721375537321
2026-04-25T14:09:57,04/25/202602:09,136.53,0.6599999999999999,90.10979999999999,54.92,1.1,60.412000000000006,59.7,0.6,11.0,198.7,23828.0,45078.0,17.8,20.1,86.0,29.68,7.709999999999999,120.0,220.0,5.6,0.6704265240850608
2026-04-25T14:10:00,04/25/202602:10,136.57999999999998,0.6599999999999999,90.14279999999998,54.92,1.1,60.412000000000006,59.7,0.6,11.0,198.7,23828.0,45078.0,17.8,20.1,86.0,29.68,7.709999999999999,120.0,220.0,5.6,0.6701810904476011
2026-04-25T14:10:57,04/25/202602:10,136.45,0.6799999999999999,92.78599999999999,54.92,1.1300000000000001,62.05960000000001,61.3,0.6,11.0,198.7,23828.0,45078.0,17.8,20.1,86.0,29.68,7.709999999999999,120.0,220.0,5.6,0.6688465932360488
2026-04-25T14:11:01,04/25/202602:11,136.35,0.69,94.08149999999999,54.92,1.15,63.157999999999994,62.4,0.6,11.0,198.7,23828.0,45078.0,17.8,20.1,86.0,29.68,7.709999999999999,120.0,220.0,5.6,0.6713115756020046
2026-04-25T14:13:13,04/25/202602:13,136.2,0.7,95.33999999999999,54.92,1.1800000000000002,64.80560000000001,64.1,0.6,11.0,198.7,23828.0,45078.0,17.8,20.1,86.0,29.68,7.709999999999999,120.0,220.0,5.6,0.67973148730858
2026-04-25T14:13:56,04/25/202602:13,136.27,0.7,95.389,54.92999999999999,1.17,64.26809999999999,63.6,0.6,11.0,198.7,23828.0,45078.0,17.8,20.1,86.0,29.68,7.709999999999999,120.0,220.0,5.6,0.6737474970908595
2026-04-25T14:14:00,04/25/202602:14,136.34,0.7,95.438,54.94,1.16,63.730399999999996,63.1,0.6,11.0,198.7,23828.0,45078.0,17.8,20.1,86.0,29.68,7.709999999999999,120.0,220.0,5.6,0.6677675559001655
2026-04-25T14:14:57,04/25/202602:14,136.84,0.6699999999999999,91.68279999999999,54.92999999999999,1.1400000000000001,62.6202,62.0,0.6,11.0,198.7,23828.0,45078.0,17.8,20.1,86.0,29.68,7.709999999999999,120.0,220.0,5.6,0.683009244918349
2026-04-25T14:15:01,04/25/202602:15,137.34,0.6399999999999999,87.89759999999998,54.92,1.12,61.51040000000001,60.9,0.6,11.0,198.7,23828.0,45078.0,17.8,20.1,86.0,29.68,7.709999999999999,120.0,220.0,5.6,0.6997961264016312
2026-04-25T14:15:57,04/25/202602:15,137.23,0.6399999999999999,87.82719999999998,54.92,1.1300000000000001,62.05960000000001,61.4,0.6,11.0,198.7,23828.0,45078.0,17.8,20.1,86.0,29.68,7.697,119.8,215.0,5.59,0.7066102528601621
2026-04-25T14:16:01,04/25/202602:16,137.05,0.65,89.08250000000001,54.92,1.15,63.157999999999994,62.5,0.6,11.0,198.7,23828.0,45078.0,17.8,20.1,86.0,29.68,7.684,119.6,210.0,5.58,0.7089832458675945
2026-04-25T14:16:57,04/25/202602:16,136.83999999999997,0.6599999999999999,90.31439999999998,54.92,1.1400000000000001,62.60880000000001,62.0,0.6,11.0,198.7,23828.0,45078.0,17.8,20.1,86.0,29.68,7.670999999999999,119.4,205.0,5.569999999999999,0.6932316441231966
2026-04-25T14:17:01,04/25/202602:17,136.70999999999998,0.6599999999999999,90.22859999999997,54.92,1.1099999999999999,60.9612,60.4,0.6,11.0,198.7,23828.0,45078.0,17.8,20.1,86.0,29.68,7.6579999999999995,119.2,200.0,5.56,0.6756305650314869
2026-04-25T14:17:57,04/25/202602:17,136.54000000000002,0.65,88.75100000000002,54.92,1.08,59.31360000000001,58.8,0.6,11.0,198.7,23828.0,45078.0,17.8,20.1,86.0,29.68,7.6450000000000005,119.0,195.0,5.55,0.6683147232143862
2026-04-25T14:18:01,04/25/202602:18,136.42000000000002,0.6399999999999999,87.30879999999999,54.92,1.04,57.116800000000005,56.6,0.6,11.0,198.7,23828.0,45078.0,17.8,20.1,86.0,29.68,7.632,118.8,190.0,5.54,0.6541929335874507
2026-04-25T14:18:57,04/25/202602:18,135.94,0.65,88.361,54.910000000000004,1.05,57.6555,57.1,0.6,11.0,198.7,23828.0,45078.0,17.9,20.1,86.0,29.68,7.619,118.6,185.0,5.529999999999999,0.6524994058464707
2026-04-25T14:19:01,04/25/202602:19,135.45999999999998,0.6599999999999999,89.40359999999997,54.9,1.06,58.194,57.6,0.6,11.0,198.7,23828.0,45078.0,17.9,20.1,86.0,29.68,7.606,118.4,180.0,5.5200000000000005,0.6509133860381464
2026-04-25T14:19:57,04/25/202602:19,135.10999999999999,0.6699999999999999,90.52369999999998,54.9,1.06,58.194,57.6,0.6,11.0,198.7,23828.0,45078.0,17.8,20.1,86.0,29.68,7.593000000000001,118.2,175.0,5.51,0.6428592733173746
2026-04-25T14:20:01,04/25/202602:20,134.76,0.6799999999999999,91.63679999999998,54.9,1.06,58.194,57.6,0.6,11.0,198.7,23828.0,45078.0,17.8,20.1,86.0,29.68,7.58,118.0,170.0,5.5,0.635050547378346
2026-04-25T14:20:57,04/25/202602:20,134.57999999999998,0.6799999999999999,91.51439999999998,54.9,1.05,57.645,57.1,0.6,11.0,198.7,23828.0,45078.0,17.8,20.1,86.0,29.68,7.58,118.0,170.0,5.5,0.6299008680601087
2026-04-25T14:21:01,04/25/202602:21,134.4,0.6799999999999999,91.392,54.9,1.04,57.096000000000004,56.6,0.6,11.0,198.7,23828.0,45078.0,17.8,20.1,86.0,29.68,7.58,118.0,170.0,5.5,0.6247373949579833
2026-04-25T14:21:58,04/25/202602:21,134.2,0.6799999999999999,91.25599999999999,54.9,1.07,58.743,58.2,0.6,11.0,198.7,23828.0,45078.0,17.8,20.1,86.0,29.68,7.58,118.0,170.0,5.5,0.643716577540107
2026-04-25T14:22:01,04/25/202602:22,134.0,0.6799999999999999,91.11999999999999,54.9,1.1,60.39,59.8,0.6,11.0,198.7,23828.0,45078.0,17.8,20.1,86.0,29.68,7.58,118.0,170.0,5.5,0.6627524143985953
2026-04-25T14:22:57,04/25/202602:22,133.92000000000002,0.6799999999999999,91.0656,54.9,1.1099999999999999,60.93899999999999,60.3,0.6,11.0,198.7,23828.0,45078.0,17.8,20.1,86.0,29.68,7.58,118.0,170.0,5.5,0.6691769449715369
2026-04-25T14:23:01,04/25/202602:23,133.84,0.6799999999999999,91.01119999999999,54.9,1.1199999999999999,61.48799999999999,60.8,0.6,11.0,198.7,23828.0,45078.0,17.8,20.1,86.0,29.68,7.58,118.0,170.0,5.5,0.6756091557962097
2026-04-25T14:24:20,04/25/202602:24,134.04000000000002,0.6799999999999999,91.14720000000001,54.9,1.1300000000000001,62.037000000000006,61.4,0.6,11.0,198.7,23828.0,45078.0,17.8,20.110000000000003,86.0,29.68,7.58,118.0,168.0,5.5,0.6806243088103638
2026-04-25T14:24:57,04/25/202602:24,134.35,0.6799999999999999,91.35799999999999,54.9,1.1400000000000001,62.586000000000006,62.0,0.6,11.0,198.7,23828.0,45078.0,17.8,20.12,86.0,29.68,7.505,118.4,166.0,5.5,0.685063158125178
2026-04-25T14:25:00,04/25/202602:25,134.5,0.6799999999999999,91.46,54.9,1.16,63.684,63.1,0.6,11.0,198.7,23828.0,45078.0,17.8,20.130000000000003,86.0,29.68,7.43,118.8,164.0,5.5,0.6963043953640936
2026-04-25T14:25:57,04/25/202602:25,134.68,0.6799999999999999,91.58239999999999,54.9,1.15,63.13499999999999,62.5,0.6,11.0,198.7,23828.0,45078.0,17.8,20.14,86.0,29.68,7.3549999999999995,119.2,162.0,5.5,0.6893791820262408
2026-04-25T14:26:01,04/25/202602:26,134.81,0.6799999999999999,91.6708,54.9,1.1400000000000001,62.586000000000006,61.9,0.6,11.0,198.7,23828.0,45078.0,17.8,20.15,86.0,29.68,7.279999999999999,119.6,160.0,5.5,0.6827255789193506
2026-04-25T14:26:58,04/25/202602:26,135.10999999999999,0.6699999999999999,90.52369999999998,54.9,1.1300000000000001,62.037000000000006,61.3,0.6,11.0,198.7,23828.0,45078.0,17.8,20.16,86.0,29.68,7.181,119.6,158.0,5.5,0.6853122441968238
2026-04-25T14:27:01,04/25/202602:27,135.45999999999998,0.6599999999999999,89.40359999999997,54.9,1.1099999999999999,60.93899999999999,60.2,0.6,11.0,198.7,23828.0,45078.0,17.8,20.169999999999998,86.0,29.68,7.081999999999999,119.6,156.0,5.5,0.6816168476437192
2026-04-25T14:27:57,04/25/202602:27,135.79000000000002,0.65,88.26350000000002,54.9,1.09,59.841,59.1,0.6,11.0,198.7,23828.0,45078.0,17.8,20.18,86.0,29.68,6.983,119.6,154.0,5.5,0.6779812719867214
2026-04-25T14:28:01,04/25/202602:28,136.04000000000002,0.65,88.42600000000002,54.9,1.09,59.841,59.1,0.6,11.0,198.7,23828.0,45078.0,17.8,20.19,86.0,29.68,6.884,119.6,152.0,5.5,0.6767353493316445
2026-04-25T14:28:57,04/25/202602:28,136.26,0.6599999999999999,89.93159999999999,54.9,1.1199999999999999,61.48799999999999,60.8,0.6,11.0,198.7,23828.0,45078.0,17.8,20.2,86.0,29.68,6.784999999999999,119.6,150.0,5.5,0.6837196269164565
2026-04-25T14:29:01,04/25/202602:29,136.52,0.6599999999999999,90.1032,54.9,1.1199999999999999,61.48799999999999,60.8,0.6,11.0,198.7,23828.0,45078.0,17.8,20.2,86.0,29.68,6.686,119.6,150.0,5.5,0.6824174946061848
2026-04-25T14:29:57,04/25/202602:29,136.87,0.65,88.9655,54.9,1.1,60.39,59.7,0.6,11.0,198.7,23828.0,45078.0,17.8,20.2,86.0,29.68,6.662000000000001,119.2,150.0,5.5,0.6788024571322591
2026-04-25T14:30:01,04/25/202602:30,137.22,0.6399999999999999,87.82079999999999,54.9,1.08,59.292,58.6,0.6,11.0,198.7,23828.0,45078.0,17.8,20.2,86.0,29.68,6.638,118.8,150.0,5.5,0.6751475732400526
2026-04-25T14:30:58,04/25/202602:30,137.45,0.6399999999999999,87.96799999999998,54.9,1.1,60.39,59.7,0.6,11.0,198.7,23828.0,45078.0,17.8,20.22,85.9,29.68,6.638,117.9,152.0,5.4799999999999995,0.686499636231357
2026-04-25T14:31:01,04/25/202602:31,137.68,0.6399999999999999,88.11519999999999,54.9,1.1199999999999999,61.48799999999999,60.8,0.6,11.0,198.7,23828.0,45078.0,17.8,20.24,85.8,29.68,6.638,117.0,154.0,5.46,0.6978137710633353
2026-04-25T14:31:57,04/25/202602:31,137.47,0.6599999999999999,90.73019999999998,54.9,1.17,64.23299999999999,63.6,0.6,11.0,198.7,23828.0,45078.0,17.8,20.259999999999998,85.7,29.68,6.662000000000001,116.5,156.0,5.4399999999999995,0.7079561160451536
2026-04-25T14:32:00,04/25/202602:32,137.26,0.6799999999999999,93.33679999999998,54.9,1.22,66.978,66.4,0.6,11.0,198.7,23828.0,45078.0,17.8,20.279999999999998,85.6,29.68,6.686,116.0,158.0,5.42,0.7175947750512125
2026-04-25T14:32:57,04/25/202602:32,137.25,0.6799999999999999,93.33,54.9,1.23,67.527,67.0,0.6,11.0,198.7,23828.0,45078.0,17.8,20.3,85.5,29.68,6.709999999999999,115.5,160.0,5.4,0.7235294117647059
2026-04-25T14:33:01,04/25/202602:33,137.24,0.6799999999999999,93.3232,54.9,1.24,68.076,67.6,0.6,11.0,198.7,23828.0,45078.0,17.8,20.32,85.4,29.68,6.734,115.0,162.0,5.38,0.7294649133334475
2026-04-25T14:33:57,04/25/202602:33,137.22,0.6799999999999999,93.30959999999999,54.9,1.2200000000000002,66.97800000000001,66.5,0.6,11.0,198.7,23828.0,45078.0,17.8,20.339999999999996,85.3,29.68,6.758,114.5,164.0,5.36,0.7178039558630624
2026-04-25T14:34:00,04/25/202602:34,137.2,0.6799999999999999,93.29599999999998,54.9,1.2,65.88,65.4,0.6,11.0,198.7,23828.0,45078.0,17.8,20.36,85.2,29.68,6.781999999999999,114.0,166.0,5.34,0.7061395986966216
2026-04-25T14:35:32,04/25/202602:35,136.98,0.69,94.51619999999998,54.9,1.1800000000000002,64.78200000000001,64.3,0.6,11.0,198.7,23828.0,45078.0,17.8,20.38,85.1,29.68,6.806,113.5,168.0,5.319999999999999,0.6854063112990156
2026-04-25T14:35:57,04/25/202602:35,136.8,0.7,95.76,54.9,1.1800000000000002,64.78200000000001,64.3,0.6,11.0,198.7,23828.0,45078.0,17.8,20.4,85.0,29.68,6.83,113.0,170.0,5.3,0.6765037593984963
2026-04-25T14:36:00,04/25/202602:36,136.70999999999998,0.7,95.69699999999997,54.9,1.1700000000000002,64.233,63.8,0.6,11.0,198.7,23828.0,45078.0,17.8,20.4,85.0,29.68,6.83,113.0,170.0,5.3,0.6712122637073265
2026-04-25T14:36:37,04/25/202602:36,136.70999999999998,0.69,94.32989999999998,54.9,1.1300000000000001,62.037000000000006,61.6,0.6,11.0,198.7,23828.0,45078.0,17.8,20.4,85.0,29.68,6.83,113.0,170.0,5.3,0.657659978437378
2026-04-25T14:37:00,04/25/202602:37,136.98,0.6699999999999999,91.77659999999999,54.9,1.06,58.194,57.7,0.6,11.0,198.7,23828.0,45078.0,17.8,20.4,85.0,29.68,6.83,113.0,170.0,5.3,0.6340831976778396
2026-04-25T14:37:38,04/25/202602:37,137.26,0.65,89.219,54.9,1.0,54.9,54.4,0.6,11.0,198.7,23828.0,45078.0,17.8,20.4,85.0,29.68,6.83,113.0,170.0,5.3,0.6153397818850245
2026-04-25T14:38:00,04/25/202602:38,137.35999999999999,0.65,89.28399999999999,54.9,0.9800000000000001,53.80200000000001,53.3,0.6,11.0,198.7,23828.0,45078.0,17.8,20.4,85.0,29.68,6.83,113.0,170.0,5.3,0.6025939698042204
2026-04-25T14:38:08,04/25/202602:38,137.48999999999998,0.65,89.3685,54.9,0.9800000000000001,53.80200000000001,53.3,0.6,11.0,198.7,23828.0,45078.0,17.8,20.4,85.0,29.68,6.83,113.0,170.0,5.3,0.6020242031588312
2026-04-25T14:39:00,04/25/202602:39,137.66,0.6399999999999999,88.10239999999999,54.9,0.9800000000000001,53.80200000000001,53.3,0.6,11.0,198.7,23828.0,45078.0,17.8,20.4,85.0,29.68,6.83,113.0,170.0,5.3,0.6106757591166644
2026-04-25T14:39:08,04/25/202602:39,137.99,0.63,86.9337,54.9,0.9700000000000001,53.253,52.7,0.6,11.0,198.7,23828.0,45078.0,17.8,20.4,85.0,29.68,6.83,113.0,170.0,5.3,0.6125702690671166
2026-04-25T14:40:00,04/25/202602:40,138.32,0.6199999999999999,85.75839999999998,54.9,0.9800000000000001,53.80200000000001,53.2,0.6,11.0,198.7,23828.0,45078.0,17.8,20.4,85.0,29.68,6.83,113.0,170.0,5.3,0.6273671150581169
2026-04-25T14:40:08,04/25/202602:40,138.6,0.61,84.54599999999999,54.9,0.9800000000000001,53.80200000000001,53.2,0.6,11.0,198.7,23828.0,45078.0,17.8,20.4,85.0,29.68,6.83,113.0,170.0,5.3,0.6363636363636365
2026-04-25T14:41:00,04/25/202602:41,138.88,0.6,83.32799999999999,54.9,0.9800000000000001,53.80200000000001,53.2,0.6,11.0,198.7,23828.0,45078.0,17.8,20.4,85.0,29.68,6.83,113.0,170.0,5.3,0.6456653225806454
2026-04-25T14:41:08,04/25/202602:41,139.1,0.6,83.46,54.9,1.0100000000000002,55.44900000000001,54.9,0.6,11.0,198.7,23828.0,45078.0,17.8,20.4,85.0,29.68,6.83,113.0,170.0,5.3,0.6643781452192669
2026-04-25T14:42:00,04/25/202602:42,139.32,0.6,83.592,54.9,1.04,57.096000000000004,56.6,0.6,11.0,198.7,23828.0,45078.0,17.8,20.4,85.0,29.68,6.83,113.0,170.0,5.3,0.6830318690783808
2026-04-25T14:42:08,04/25/202602:42,139.32,0.61,84.98519999999999,54.9,1.09,59.841,59.3,0.6,11.0,198.7,23828.0,45078.0,17.8,20.4,85.0,29.68,6.83,113.0,170.0,5.3,0.7041343669250647
2026-04-25T14:43:00,04/25/202602:43,139.32,0.6199999999999999,86.37839999999998,54.9,1.1400000000000001,62.586000000000006,62.0,0.6,11.0,198.7,23828.0,45078.0,17.8,20.4,85.0,29.68,6.83,113.0,170.0,5.3,0.7245561390347589
2026-04-25T14:43:07,04/25/202602:43,139.52,0.63,87.89760000000001,54.89,1.12,61.476800000000004,60.9,0.6,11.0,198.7,23828.0,45078.0,17.8,20.4,85.0,29.68,6.83,113.0,170.0,5.3,0.699413863404689
2026-04-25T14:44:00,04/25/202602:44,139.72,0.6399999999999999,89.42079999999999,54.879999999999995,1.1,60.368,59.8,0.6,11.0,198.7,23828.0,45078.0,17.8,20.4,85.0,29.68,6.83,113.0,170.0,5.3,0.6751002004008018
2026-04-25T14:44:08,04/25/202602:44,139.82999999999998,0.6399999999999999,89.49119999999998,54.879999999999995,1.09,59.8192,59.3,0.6,11.0,198.7,23828.0,45078.0,17.8,20.4,85.0,29.68,6.83,113.0,170.0,5.3,0.6684366731030539
2026-04-25T14:45:01,04/25/202602:45,139.94,0.6399999999999999,89.56159999999998,54.879999999999995,1.08,59.2704,58.8,0.6,11.0,198.7,23828.0,45078.0,17.8,20.4,85.0,29.68,6.83,113.0,170.0,5.3,0.6617836215520939
2026-04-25T14:45:08,04/25/202602:45,139.78,0.65,90.857,54.879999999999995,1.09,59.8192,59.3,0.6,11.0,198.7,23828.0,45078.0,17.8,20.4,85.0,29.68,6.83,113.0,170.0,5.3,0.6583884565856236
2026-04-25T14:46:43,04/25/202602:46,139.43,0.6599999999999999,92.0238,54.879999999999995,1.1099999999999999,60.91679999999999,60.4,0.6,11.0,198.7,23828.0,45078.0,17.8,20.4,85.0,29.68,6.83,113.0,170.0,5.3,0.6619678822217729
2026-04-25T14:46:55,04/25/202602:46,139.25,0.6599999999999999,91.90499999999999,54.879999999999995,1.1,60.368,59.8,0.6,11.0,198.7,23828.0,45078.0,17.8,20.389999999999997,85.0,29.677,6.781000000000001,113.0,162.0,5.3,0.6568521843207661
2026-04-25T14:47:00,04/25/202602:47,139.07,0.6599999999999999,91.78619999999998,54.879999999999995,1.09,59.8192,59.2,0.6,11.0,198.7,23828.0,45078.0,17.8,20.38,85.0,29.674,6.731999999999999,113.0,154.0,5.3,0.6517232437991769
2026-04-25T14:47:55,04/25/202602:47,139.09,0.6599999999999999,91.79939999999999,54.879999999999995,1.08,59.2704,58.7,0.6,11.0,198.7,23828.0,45078.0,17.8,20.369999999999997,85.0,29.671,6.683,113.0,146.0,5.3,0.645651278766528
2026-04-25T14:48:00,04/25/202602:48,139.11,0.6599999999999999,91.8126,54.879999999999995,1.0699999999999998,58.72159999999999,58.2,0.6,11.0,198.7,23828.0,45078.0,17.8,20.36,85.0,29.668,6.634,113.0,138.0,5.3,0.6395810596802616
2026-04-25T14:48:55,04/25/202602:48,138.92000000000002,0.6599999999999999,91.6872,54.89,1.1199999999999999,61.4768,60.9,0.6,11.0,198.7,23828.0,45078.0,17.8,20.35,85.0,29.665,6.584999999999999,113.0,130.0,5.3,0.6705058066992993
2026-04-25T14:49:01,04/25/202602:49,138.73,0.6599999999999999,91.56179999999998,54.9,1.17,64.23299999999999,63.6,0.6,11.0,198.7,23828.0,45078.0,17.8,20.34,85.0,29.662,6.536,113.0,122.0,5.3,0.7015261823162062
2026-04-25T14:49:55,04/25/202602:49,138.47,0.6699999999999999,92.77489999999999,54.9,1.2,65.88,65.2,0.6,11.0,198.7,23828.0,45078.0,17.8,20.330000000000002,85.0,29.659,6.487,113.0,114.0,5.3,0.7101058583733316
2026-04-25T14:50:00,04/25/202602:50,138.21,0.6799999999999999,93.9828,54.9,1.23,67.527,66.8,0.6,11.0,198.7,23828.0,45078.0,17.8,20.32,85.0,29.656,6.438,113.0,106.0,5.3,0.7185038113356912
2026-04-25T14:50:55,04/25/202602:50,138.34,0.6799999999999999,94.07119999999999,54.9,1.22,66.978,66.3,0.6,11.0,198.7,23828.0,45078.0,17.8,20.31,85.0,29.653,6.389,113.0,98.0,5.3,0.7119926183571593
2026-04-25T14:51:01,04/25/202602:51,138.66,0.6799999999999999,94.2888,54.9,1.2,65.88,65.2,0.6,11.0,198.7,23828.0,45078.0,17.8,20.3,85.0,29.65,6.34,113.0,90.0,5.3,0.6987044060376206
2026-04-25T14:51:55,04/25/202602:51,138.85,0.69,95.80649999999999,54.910000000000004,1.21,66.4411,65.8,0.6,11.0,198.7,23828.0,45078.0,17.8,20.3,85.0,29.65,6.34,113.0,90.0,5.3,0.6934926127141688
2026-04-25T14:52:00,04/25/202602:52,139.04000000000002,0.7,97.328,54.92,1.22,67.0024,66.4,0.6,11.0,198.7,23828.0,45078.0,17.8,20.3,85.0,29.65,6.34,113.0,90.0,5.3,0.6884185434818345
2026-04-25T14:52:55,04/25/202602:52,139.27,0.69,96.0963,54.92,1.1800000000000002,64.80560000000001,64.2,0.6,11.0,198.7,23828.0,45078.0,17.8,20.3,85.0,29.65,6.34,113.0,90.0,5.3,0.6743818440460247
2026-04-25T14:53:01,04/25/202602:53,139.5,0.6799999999999999,94.85999999999999,54.92,1.1400000000000001,62.60880000000001,62.0,0.6,11.0,198.7,23828.0,45078.0,17.8,20.3,85.0,29.65,6.34,113.0,90.0,5.3,0.6600126502213791
2026-04-25T14:54:00,04/25/202602:54,139.70999999999998,0.6699999999999999,93.60569999999997,54.92,1.09,59.86280000000001,59.3,0.6,11.0,198.7,23828.0,45078.0,17.8,20.3,85.0,29.65,6.34,113.0,90.0,5.3,0.6395208838777984
2026-04-25T14:54:55,04/25/202602:54,139.9,0.6699999999999999,93.73299999999999,54.92999999999999,1.07,58.775099999999995,58.2,0.6,11.0,198.7,23828.0,45078.0,17.8,20.3,85.0,29.65,6.34,113.0,90.0,5.3,0.6270481047229898
2026-04-25T14:55:01,04/25/202602:55,140.09,0.6699999999999999,93.8603,54.94,1.07,58.7858,58.2,0.6,11.0,198.7,23828.0,45078.0,17.8,20.3,85.0,29.65,6.34,113.0,90.0,5.3,0.6263116567920622
2026-04-25T14:55:55,04/25/202602:55,140.29000000000002,0.6699999999999999,93.99430000000001,54.94,1.06,58.2364,57.7,0.6,11.0,198.7,23828.0,45078.0,17.8,20.3,85.0,29.65,6.34,113.0,90.0,5.3,0.6195737401097726
2026-04-25T14:56:00,04/25/202602:56,140.38,0.6699999999999999,94.0546,54.94,1.06,58.2364,57.7,0.6,11.0,198.7,23828.0,45078.0,17.8,20.3,85.0,29.65,6.34,113.0,90.0,5.3,0.6191765208719191
2026-04-25T14:57:56,04/25/202602:57,140.34,0.6599999999999999,92.6244,54.94,1.06,58.2364,57.7,0.6,11.0,198.7,23828.0,45078.0,17.8,20.3,85.1,29.65,6.34,113.0,90.0,5.3,0.6287371362189661
2026-04-25T14:58:01,04/25/202602:58,140.23,0.65,91.1495,54.92999999999999,1.06,58.22579999999999,57.7,0.6,11.0,198.7,23828.0,45078.0,17.8,20.3,85.2,29.65,6.34,113.0,90.0,5.3,0.6387945079237954
2026-04-25T14:58:46,04/25/202602:58,140.19,0.65,91.1235,54.92,1.05,57.666000000000004,57.2,0.6,11.0,198.7,23828.0,45078.0,17.8,20.3,85.3,29.65,6.34,113.0,90.0,5.3,0.6328334622792144
2026-04-25T14:59:00,04/25/202602:59,140.12,0.6599999999999999,92.47919999999999,54.92,1.06,58.2152,57.8,0.6,11.0,198.7,23828.0,45078.0,17.8,20.3,85.4,29.65,6.34,113.0,90.0,5.3,0.6294950648362011
2026-04-25T14:59:47,04/25/202602:59,140.16,0.6699999999999999,93.90719999999999,54.92,1.09,59.86280000000001,59.4,0.6,11.0,198.7,23828.0,45078.0,17.8,20.3,85.5,29.65,6.34,113.0,90.0,5.3,0.637467627615348
2026-04-25T15:00:01,04/25/202603:00,140.2,0.6799999999999999,95.33599999999998,54.92,1.1199999999999999,61.5104,61.0,0.6,11.0,198.7,23828.0,45078.0,17.8,20.3,85.6,29.65,6.34,113.0,90.0,5.3,0.6451959385751448
2026-04-25T15:00:46,04/25/202603:00,140.35,0.6799999999999999,95.43799999999999,54.9,1.1099999999999999,60.93899999999999,60.5,0.6,11.0,198.7,23828.0,45078.0,17.9,20.28,85.7,29.65,6.1850000000000005,113.5,87.0,5.29,0.6385192480982418
2026-04-25T15:01:00,04/25/202603:01,140.5,0.6799999999999999,95.53999999999999,54.879999999999995,1.1,60.368,60.0,0.6,11.0,198.7,23828.0,45078.0,17.9,20.26,85.8,29.65,6.029999999999999,114.0,84.0,5.279999999999999,0.6318610006280093
2026-04-25T15:01:46,04/25/202603:01,140.54000000000002,0.6799999999999999,95.5672,54.879999999999995,1.12,61.4656,61.1,0.6,11.0,198.7,23828.0,45078.0,17.8,20.240000000000002,85.9,29.65,5.875,114.5,81.0,5.2700000000000005,0.6431662746214183
2026-04-25T15:02:00,04/25/202603:02,140.57999999999998,0.6799999999999999,95.59439999999998,54.879999999999995,1.1400000000000001,62.5632,62.2,0.6,11.0,198.7,23828.0,45078.0,17.8,20.220000000000002,86.0,29.65,5.720000000000001,115.0,78.0,5.26,0.6544651151113456
2026-04-25T15:02:46,04/25/202603:02,140.47,0.7,98.329,54.879999999999995,1.1800000000000002,64.75840000000001,64.4,0.6,12.0,198.7,23828.0,45078.0,17.8,20.2,86.0,29.65,5.5649999999999995,115.5,75.0,5.25,0.6585890225670963
2026-04-25T15:03:00,04/25/202603:03,140.35999999999999,0.72,101.05919999999999,54.879999999999995,1.22,66.9536,66.6,0.6,12.0,198.7,23828.0,45078.0,17.8,20.18,86.0,29.65,5.41,116.0,72.0,5.24,0.6625186029574744
2026-04-25T15:03:47,04/25/202603:03,140.24,0.71,99.5704,54.879999999999995,1.23,67.5024,67.1,0.6,12.0,198.7,23828.0,45078.0,17.8,20.160000000000004,86.0,29.65,5.255,116.5,69.0,5.2299999999999995,0.6779364148381446
2026-04-25T15:03:58,04/25/202603:03,140.09,0.71,99.4639,54.879999999999995,1.25,68.6,68.1,0.6,12.0,198.7,23828.0,45078.0,17.8,20.14,86.0,29.65,5.1,117.0,66.0,5.220000000000001,0.6896974681266268
2026-04-25T15:04:00,04/25/202603:04,139.82999999999998,0.71,99.27929999999998,54.879999999999995,1.25,68.6,68.1,0.6,12.0,198.7,23828.0,45078.0,17.8,20.12,86.0,29.65,4.945,117.5,63.0,5.21,0.6909798920822368
2026-04-25T15:04:58,04/25/202603:04,139.69,0.7,97.78299999999999,54.879999999999995,1.23,67.5024,67.0,0.6,12.0,198.7,23828.0,45078.0,17.8,20.1,86.0,29.65,4.79,118.0,60.0,5.2,0.6903285847233159
2026-04-25T15:05:00,04/25/202603:05,139.45999999999998,0.69,96.22739999999997,54.89,1.22,66.9658,66.4,0.6,12.0,198.7,23828.0,45078.0,17.8,20.1,86.0,29.65,4.79,118.0,60.0,5.2,0.69591197517547
2026-04-25T15:05:58,04/25/202603:05,139.26,0.69,96.08939999999998,54.9,1.21,66.429,65.8,0.6,12.0,198.7,23828.0,45078.0,17.8,20.1,86.0,29.65,4.79,118.0,60.0,5.2,0.6913249536369257
2026-04-25T15:06:00,04/25/202603:06,139.16,0.69,96.0204,54.9,1.1800000000000002,64.78200000000001,64.1,0.6,12.0,198.7,23828.0,45078.0,17.8,20.1,86.0,29.65,4.79,118.0,60.0,5.2,0.6746691328092782
2026-04-25T15:06:58,04/25/202603:06,139.04000000000002,0.6799999999999999,94.5472,54.9,1.1400000000000001,62.586000000000006,61.9,0.6,12.0,198.7,23828.0,45078.0,17.8,20.1,86.0,29.65,4.79,118.0,60.0,5.2,0.6619550869830095
2026-04-25T15:07:00,04/25/202603:07,139.2,0.6599999999999999,91.87199999999999,54.9,1.08,59.292,58.6,0.6,12.0,198.7,23828.0,45078.0,17.8,20.1,86.0,29.65,4.79,118.0,60.0,5.2,0.6453761755485895
2026-04-25T15:09:06,04/25/202603:09,139.31,0.6399999999999999,89.15839999999999,54.9,1.03,56.547,55.8,0.6,12.0,198.7,23828.0,45078.0,17.8,20.1,86.0,29.65,4.79,118.0,60.0,5.2,0.6342307623286197
2026-04-25T15:09:58,04/25/202603:09,139.23,0.6399999999999999,89.10719999999998,54.9,1.02,55.998,55.2,0.6,12.0,198.7,23828.0,45078.0,17.8,20.1,86.0,29.65,4.79,118.0,60.0,5.2,0.628434065934066
2026-04-25T15:10:00,04/25/202603:10,139.18,0.63,87.6834,54.9,1.0,54.9,54.1,0.6,12.0,198.7,23828.0,45078.0,17.8,20.1,86.0,29.65,4.79,118.0,60.0,5.2,0.6261162318067045
2026-04-25T15:10:58,04/25/202603:10,139.23,0.63,87.7149,54.910000000000004,1.0,54.910000000000004,54.1,0.6,12.0,198.7,23828.0,45078.0,17.8,20.1,86.0,29.65,4.79,118.0,60.0,5.2,0.6260053879101498
2026-04-25T15:11:00,04/25/202603:11,139.16,0.6399999999999999,89.06239999999998,54.92,1.02,56.0184,55.2,0.6,12.0,198.7,23828.0,45078.0,17.8,20.1,86.0,29.65,4.79,118.0,60.0,5.2,0.6289792325380857
2026-04-25T15:11:59,04/25/202603:11,139.20999999999998,0.6399999999999999,89.09439999999998,54.92,1.02,56.0184,55.2,0.6,12.0,198.7,23828.0,45078.0,17.8,20.1,86.0,29.65,4.79,118.0,60.0,5.2,0.6287533223187991
2026-04-25T15:12:00,04/25/202603:12,139.23,0.63,87.7149,54.92,1.02,56.0184,55.2,0.6,12.0,198.7,23828.0,45078.0,17.8,20.1,86.0,29.65,4.79,118.0,60.0,5.2,0.6386417814989244
2026-04-25T15:12:59,04/25/202603:12,139.23,0.63,87.7149,54.910000000000004,1.03,56.557300000000005,55.8,0.6,12.0,198.7,23828.0,45078.0,17.8,20.1,86.0,29.65,4.79,118.0,60.0,5.2,0.6447855495474544
2026-04-25T15:13:01,04/25/202603:13,139.25,0.6399999999999999,89.11999999999999,54.9,1.05,57.645,56.9,0.6,12.0,198.7,23828.0,45078.0,17.8,20.1,86.0,29.65,4.79,118.0,60.0,5.2,0.6468245062836626
2026-04-25T15:13:58,04/25/202603:13,139.04000000000002,0.65,90.37600000000002,54.9,1.0699999999999998,58.74299999999999,58.0,0.6,12.0,198.7,23828.0,45078.0,17.8,20.1,86.0,29.65,4.79,118.0,60.0,5.2,0.6499845091617241
2026-04-25T15:14:00,04/25/202603:14,138.88,0.6599999999999999,91.66079999999998,54.9,1.08,59.292,58.6,0.6,12.0,198.7,23828.0,45078.0,17.8,20.1,86.0,29.65,4.79,118.0,60.0,5.2,0.6468632174277337
2026-04-25T15:14:59,04/25/202603:14,138.64000000000001,0.6699999999999999,92.8888,54.9,1.09,59.841,59.2,0.6,12.0,198.7,23828.0,45078.0,17.8,20.1,86.0,29.65,4.79,118.0,60.0,5.2,0.6442219083463238
2026-04-25T15:15:00,04/25/202603:15,138.4,0.6799999999999999,94.112,54.9,1.1,60.39,59.8,0.6,12.0,198.7,23828.0,45078.0,17.8,20.1,86.0,29.65,4.79,118.0,60.0,5.2,0.6416822509350562
2026-04-25T15:15:58,04/25/202603:15,138.20999999999998,0.6799999999999999,93.98279999999998,54.89,1.09,59.8301,59.3,0.6,12.0,198.7,23828.0,45078.0,17.8,20.07,86.1,29.65,4.659000000000001,116.7,58.0,5.15,0.6366069110518097
2026-04-25T15:16:00,04/25/202603:16,138.02,0.6799999999999999,93.8536,54.879999999999995,1.08,59.2704,58.8,0.6,12.0,198.7,23828.0,45078.0,17.8,20.04,86.2,29.65,4.5280000000000005,115.4,56.0,5.1,0.6315197285985833
2026-04-25T15:16:59,04/25/202603:16,137.89000000000001,0.6799999999999999,93.76520000000001,54.86999999999999,1.07,58.710899999999995,58.3,0.6,12.0,198.7,23828.0,45078.0,17.8,20.01,86.3,29.65,4.397,114.1,54.0,5.05,0.6261480805245442
2026-04-25T15:17:00,04/25/202603:17,137.76,0.6799999999999999,93.67679999999999,54.86,1.06,58.1516,57.8,0.6,12.0,198.7,23828.0,45078.0,17.8,19.98,86.4,29.65,4.266,112.8,52.0,5.0,0.6207684293229488
2026-04-25T15:17:58,04/25/202603:17,137.51,0.6699999999999999,92.13169999999998,54.86999999999999,1.06,58.16219999999999,57.8,0.6,12.0,198.7,23828.0,45078.0,17.8,19.95,86.5,29.65,4.135,111.5,50.0,4.95,0.6312941148377812
2026-04-25T15:18:00,04/25/202603:18,137.26,0.6599999999999999,90.59159999999999,54.879999999999995,1.06,58.172799999999995,57.8,0.6,12.0,198.7,23828.0,45078.0,17.8,19.92,86.6,29.65,4.004,110.2,48.0,4.9,0.6421434216858959
2026-04-25T15:20:18,04/25/202603:20,137.07,0.65,89.0955,54.879999999999995,1.06,58.172799999999995,57.8,0.6,12.0,198.7,23828.0,45078.0,17.8,19.89,86.7,29.65,3.8729999999999998,108.9,46.0,4.85,0.6529263543052117
2026-04-25T15:20:59,04/25/202603:20,136.55,0.65,88.75750000000001,54.879999999999995,1.07,58.721599999999995,58.3,0.6,12.0,198.7,23828.0,45078.0,17.8,19.860000000000003,86.8,29.65,3.742,107.6,44.0,4.8,0.6615959214714249
2026-04-25T15:21:00,04/25/202603:21,136.24,0.65,88.55600000000001,54.879999999999995,1.08,59.2704,58.8,0.6,12.0,198.7,23828.0,45078.0,17.8,19.830000000000002,86.9,29.65,3.6109999999999998,106.3,42.0,4.75,0.669298522968517
2026-04-25T15:21:59,04/25/202603:21,136.32,0.6399999999999999,87.24479999999998,54.879999999999995,1.05,57.623999999999995,57.1,0.6,12.0,198.7,23828.0,45078.0,17.8,19.8,87.0,29.65,3.4799999999999995,105.0,40.0,4.7,0.6604863556338029
2026-04-25T15:22:01,04/25/202603:22,136.25,0.63,85.8375,54.879999999999995,1.02,55.977599999999995,55.4,0.6,12.0,198.7,23828.0,45078.0,17.8,19.8,87.0,29.65,3.4799999999999995,105.0,40.0,4.7,0.6521345565749235
2026-04-25T15:22:58,04/25/202603:22,136.26000000000002,0.6199999999999999,84.4812,54.879999999999995,1.0,54.879999999999995,54.3,0.6,12.0,198.7,23828.0,45078.0,17.8,19.8,87.0,29.65,3.4799999999999995,105.0,40.0,4.7,0.6496119846782479
2026-04-25T15:23:00,04/25/202603:23,136.09,0.6199999999999999,84.37579999999998,54.89,1.0,54.89,54.3,0.6,12.0,198.7,23828.0,45078.0,17.8,19.8,87.0,29.65,3.4799999999999995,105.0,40.0,4.7,0.6505419800464115
2026-04-25T15:23:59,04/25/202603:23,135.77,0.6199999999999999,84.17739999999999,54.9,1.02,55.998,55.4,0.6,12.0,198.7,23828.0,45078.0,17.8,19.8,87.0,29.65,3.4799999999999995,105.0,40.0,4.7,0.6652379379738504
2026-04-25T15:24:01,04/25/202603:24,135.59,0.6199999999999999,84.06579999999998,54.9,1.02,55.998,55.4,0.6,12.0,198.7,23828.0,45078.0,17.8,19.8,87.0,29.65,3.4799999999999995,105.0,40.0,4.7,0.6661210623107139
2026-04-25T15:24:03,04/25/202603:24,135.35999999999999,0.63,85.2768,54.9,1.02,55.998,55.4,0.6,12.0,198.7,23828.0,45078.0,17.8,19.8,87.0,29.65,3.4799999999999995,105.0,40.0,4.7,0.656661600810537
2026-04-25T15:25:00,04/25/202603:25,135.3,0.6399999999999999,86.592,54.9,1.02,55.998,55.4,0.6,12.0,198.7,23828.0,45078.0,17.8,19.8,87.0,29.65,3.4799999999999995,105.0,40.0,4.7,0.6466879157427937
2026-04-25T15:25:02,04/25/202603:25,135.15,0.6399999999999999,86.496,54.9,1.02,55.998,55.4,0.6,12.0,198.7,23828.0,45078.0,17.8,19.8,87.0,29.65,3.4799999999999995,105.0,40.0,4.7,0.6474056603773585
2026-04-25T15:26:01,04/25/202603:26,135.0,0.6399999999999999,86.39999999999999,54.9,1.02,55.998,55.4,0.6,12.0,198.7,23828.0,45078.0,17.8,19.8,87.0,29.65,3.4799999999999995,105.0,40.0,4.7,0.6481250000000001
2026-04-25T15:26:03,04/25/202603:26,134.94,0.65,87.711,54.9,1.05,57.645,57.1,0.6,12.0,198.7,23828.0,45078.0,17.8,19.8,87.0,29.65,3.4799999999999995,105.0,40.0,4.7,0.6572151725553238
2026-04-25T15:27:00,04/25/202603:27,134.88,0.6599999999999999,89.02079999999998,54.9,1.08,59.292,58.8,0.6,12.0,198.7,23828.0,45078.0,17.8,19.8,87.0,29.65,3.4799999999999995,105.0,40.0,4.7,0.6660465868650923
2026-04-25T15:27:02,04/25/202603:27,134.64,0.6599999999999999,88.86239999999998,54.9,1.1,60.39,59.9,0.6,12.0,198.7,23828.0,45078.0,17.8,19.8,87.0,29.65,3.4799999999999995,105.0,40.0,4.7,0.6795900178253121
2026-04-25T15:28:01,04/25/202603:28,134.4,0.6599999999999999,88.704,54.9,1.12,61.48800000000001,61.0,0.6,12.0,198.7,23828.0,45078.0,17.8,19.8,87.0,29.65,3.4799999999999995,105.0,40.0,4.7,0.6931818181818183
2026-04-25T15:28:03,04/25/202603:28,134.18,0.6699999999999999,89.9006,54.9,1.12,61.48800000000001,61.0,0.6,12.0,198.7,23828.0,45078.0,17.8,19.8,87.0,29.65,3.4799999999999995,105.0,40.0,4.7,0.6839553907315413
2026-04-25T15:29:00,04/25/202603:29,133.95999999999998,0.6799999999999999,91.09279999999998,54.9,1.12,61.48800000000001,61.0,0.6,12.0,198.7,23828.0,45078.0,17.8,19.8,87.0,29.65,3.4799999999999995,105.0,40.0,4.7,0.6750039520137707
2026-04-25T15:29:02,04/25/202603:29,133.79000000000002,0.6699999999999999,89.6393,54.9,1.11,60.93900000000001,60.4,0.6,12.0,198.7,23828.0,45078.0,17.8,19.759999999999998,87.0,29.65,3.4799999999999995,105.0,41.0,4.7,0.6798245858680289
2026-04-25T15:30:01,04/25/202603:30,133.62,0.6599999999999999,88.18919999999999,54.9,1.1,60.39,59.8,0.6,12.0,198.7,23828.0,45078.0,17.8,19.72,87.0,29.65,3.4799999999999995,105.0,42.0,4.7,0.6847777278850473
2026-04-25T15:30:03,04/25/202603:30,133.7,0.6599999999999999,88.24199999999998,54.9,1.1,60.39,59.8,0.6,12.0,198.7,23828.0,45078.0,17.8,19.68,87.0,29.65,3.4799999999999995,105.0,43.0,4.7,0.6843679880329097
2026-04-25T15:31:29,04/25/202603:31,133.84,0.6599999999999999,88.33439999999999,54.9,1.07,58.743,58.2,0.6,12.0,198.7,23828.0,45078.0,17.8,19.630000000000003,87.1,29.65,3.3619999999999997,106.4,43.0,4.64,0.6650070640656416
2026-04-25T15:32:00,04/25/202603:32,133.5,0.6599999999999999,88.10999999999999,54.9,1.05,57.645,57.1,0.6,12.0,198.7,23828.0,45078.0,17.8,19.580000000000002,87.2,29.65,3.2439999999999998,107.8,43.0,4.58,0.6542390194075589
2026-04-25T15:32:02,04/25/202603:32,133.37,0.6599999999999999,88.0242,54.9,1.03,56.547,56.0,0.6,12.0,198.7,23828.0,45078.0,17.8,19.53,87.3,29.65,3.126,109.2,43.0,4.5200000000000005,0.6424028846612636
2026-04-25T15:33:01,04/25/202603:33,133.34,0.6699999999999999,89.33779999999999,54.9,1.01,55.449,54.9,0.6,12.0,198.7,23828.0,45078.0,17.8,19.48,87.4,29.65,3.008,110.6,43.0,4.46,0.620666727857637
2026-04-25T15:33:03,04/25/202603:33,132.93,0.6799999999999999,90.3924,54.9,1.02,55.998,55.4,0.6,12.0,198.7,23828.0,45078.0,17.8,19.43,87.5,29.653,2.8899999999999997,112.0,43.0,4.4,0.6194989844278944
2026-04-25T15:34:00,04/25/202603:34,132.65,0.6799999999999999,90.202,54.9,1.03,56.547,55.9,0.6,12.0,198.7,23828.0,45078.0,17.8,19.380000000000003,87.6,29.656,2.772,113.4,43.0,4.34,0.6268929735482583
2026-04-25T15:34:03,04/25/202603:34,132.72,0.6799999999999999,90.24959999999999,54.9,1.04,57.096000000000004,56.5,0.6,12.0,198.7,23828.0,45078.0,17.8,19.330000000000002,88.1,29.659,2.654,114.8,43.0,4.279999999999999,0.6326454632485907
2026-04-25T15:36:00,04/25/202603:36,133.1,0.6799999999999999,90.50799999999998,54.9,1.03,56.547,56.0,0.6,12.0,198.7,23828.0,45078.0,17.8,19.32,88.6,29.662,2.536,116.2,42.0,4.22,0.6247735006850225
2026-04-25T15:37:01,04/25/202603:37,133.39000000000001,0.69,92.0391,54.9,1.04,57.096000000000004,56.6,0.6,12.0,198.7,23828.0,45078.0,17.8,19.31,89.1,29.665,2.418,117.6,41.0,4.159999999999999,0.6203450490063462
2026-04-25T15:38:00,04/25/202603:38,133.85999999999999,0.6799999999999999,91.02479999999998,54.9,1.02,55.998,55.5,0.6,12.0,198.7,23828.0,45078.0,17.8,19.3,89.6,29.668,2.3,119.0,40.0,4.1,0.6151949798296729
2026-04-25T15:39:01,04/25/202603:39,134.14000000000001,0.6799999999999999,91.2152,54.9,1.05,57.645,57.1,0.6,12.0,198.7,23828.0,45078.0,17.8,19.3,90.0,29.671,2.3,119.0,40.0,4.1,0.6319670405809559
2026-04-25T15:40:00,04/25/202603:40,134.49,0.6799999999999999,91.4532,54.910000000000004,1.09,59.85190000000001,59.3,0.6,12.0,198.7,23828.0,45078.0,17.8,19.3,90.4,29.674,2.3,119.0,40.0,4.1,0.6544538627407244
2026-04-25T15:41:01,04/25/202603:41,134.2,0.69,92.59799999999998,54.910000000000004,1.1099999999999999,60.9501,60.4,0.6,12.0,198.7,23828.0,45078.0,17.8,19.3,90.8,29.677,2.3,119.0,40.0,4.1,0.6582226397978359
2026-04-25T15:42:41,04/25/202603:42,133.95999999999998,0.69,92.43239999999997,54.910000000000004,1.1199999999999999,61.499199999999995,60.9,0.6,12.0,198.7,23828.0,45078.0,17.8,19.3,91.2,29.68,2.3,119.0,40.0,4.1,0.6653424556757156
2026-04-25T15:43:01,04/25/202603:43,133.77,0.6799999999999999,90.9636,54.910000000000004,1.1,60.40100000000001,59.8,0.6,12.0,198.7,23828.0,45078.0,17.8,19.3,91.6,29.68,2.3,119.0,40.0,4.1,0.664012857890409
2026-04-25T15:44:00,04/25/202603:44,133.82,0.6799999999999999,90.99759999999999,54.910000000000004,1.09,59.85190000000001,59.3,0.6,12.0,198.7,23828.0,45078.0,17.8,19.3,92.0,29.68,2.3,119.0,40.0,4.1,0.6577305335525334
2026-04-25T15:44:03,04/25/202603:44,133.73,0.6699999999999999,89.59909999999998,54.9,1.07,58.743,58.1,0.6,12.0,198.7,23828.0,45078.0,17.8,19.3,92.0,29.68,2.3,119.0,40.0,4.1,0.6556204247587311
2026-04-25T15:45:00,04/25/202603:45,133.32999999999998,0.6699999999999999,89.33109999999998,54.89,1.08,59.281200000000005,58.6,0.6,12.0,198.7,23828.0,45078.0,17.8,19.3,92.0,29.68,2.3,119.0,40.0,4.1,0.6636121126908772
2026-04-25T15:45:03,04/25/202603:45,133.26,0.6599999999999999,87.95159999999998,54.89,1.08,59.281200000000005,58.6,0.6,12.0,198.7,23828.0,45078.0,17.8,19.3,92.0,29.68,2.3,119.0,40.0,4.1,0.6740207113912654
2026-04-25T15:46:00,04/25/202603:46,133.18,0.6599999999999999,87.8988,54.89,1.09,59.8301,59.2,0.6,12.0,198.7,23828.0,45078.0,17.8,19.3,92.0,29.68,2.3,119.0,40.0,4.1,0.6806702708114332
2026-04-25T15:46:03,04/25/202603:46,133.27,0.6599999999999999,87.95819999999999,54.9,1.09,59.841,59.2,0.6,12.0,198.7,23828.0,45078.0,17.8,19.29,92.1,29.68,2.306,120.2,39.0,4.029999999999999,0.6803345225345676
2026-04-25T15:47:00,04/25/202603:47,133.29,0.6599999999999999,87.97139999999999,54.9,1.08,59.292,58.6,0.6,12.0,198.7,23828.0,45078.0,17.8,19.28,92.2,29.68,2.312,121.4,38.0,3.9599999999999995,0.6739917745994722
2026-04-25T15:47:03,04/25/202603:47,133.69,0.6399999999999999,85.56159999999998,54.9,1.08,59.292,58.6,0.6,12.0,198.7,23828.0,45078.0,17.8,19.27,92.3,29.68,2.318,122.6,37.0,3.8899999999999997,0.6929744184306981
2026-04-25T15:48:01,04/25/202603:48,134.04,0.63,84.4452,54.9,1.09,59.841,59.2,0.6,12.0,198.7,23828.0,45078.0,17.8,19.259999999999998,92.4,29.68,2.324,123.8,36.0,3.8199999999999994,0.7086370806155945
2026-04-25T15:48:04,04/25/202603:48,134.85999999999999,0.63,84.9618,54.9,1.08,59.292,58.7,0.6,12.0,198.7,23828.0,45078.0,17.8,19.25,92.5,29.68,2.3299999999999996,125.0,35.0,3.75,0.6978665706235038
2026-04-25T15:49:00,04/25/202603:49,135.44,0.6199999999999999,83.97279999999998,54.9,1.06,58.194,57.6,0.6,12.0,198.7,23828.0,45078.0,17.8,19.240000000000002,92.6,29.68,2.336,126.2,34.0,3.6799999999999997,0.6930101175618774
2026-04-25T15:49:03,04/25/202603:49,135.79000000000002,0.6199999999999999,84.18979999999999,54.910000000000004,1.05,57.6555,57.1,0.6,12.0,198.7,23828.0,45078.0,17.8,19.23,92.7,29.68,2.3419999999999996,127.4,33.0,3.6100000000000003,0.6848276156969135
2026-04-25T15:50:01,04/25/202603:50,136.14000000000001,0.6199999999999999,84.40679999999999,54.92,1.04,57.116800000000005,56.6,0.6,12.0,198.7,23828.0,45078.0,17.8,19.22,92.8,29.68,2.348,128.6,32.0,3.54,0.6766848168630964
2026-04-25T15:50:04,04/25/202603:50,136.31,0.6199999999999999,84.51219999999998,54.92,1.04,57.116800000000005,56.6,0.7,12.0,198.7,23828.0,45078.0,17.8,19.21,92.9,29.68,2.354,129.8,31.0,3.4699999999999998,0.6758408845113489
2026-04-25T15:51:00,04/25/202603:51,136.48,0.6199999999999999,84.61759999999998,54.92,1.04,57.116800000000005,56.6,0.7,12.0,198.7,23828.0,45078.0,17.8,19.2,93.0,29.68,2.36,131.0,30.0,3.4,0.6749990545702078
2026-04-25T15:51:03,04/25/202603:51,136.81,0.6199999999999999,84.82219999999998,54.910000000000004,1.04,57.10640000000001,56.6,0.7,12.0,198.7,23828.0,45078.0,17.8,19.2,93.0,29.68,2.36,131.0,30.0,3.4,0.6732482769840916
2026-04-25T15:52:01,04/25/202603:52,137.14000000000001,0.6199999999999999,85.0268,54.9,1.04,57.096000000000004,56.6,0.7,12.0,198.7,23828.0,45078.0,17.8,19.2,93.0,29.68,2.36,131.0,30.0,3.4,0.6715059251906459
2026-04-25T15:52:04,04/25/202603:52,137.47,0.63,86.6061,54.9,1.03,56.547,56.0,0.7,12.0,198.7,23828.0,45078.0,17.8,19.2,93.0,29.68,2.36,131.0,30.0,3.4,0.6529216764177119
2026-04-25T15:53:52,04/25/202603:53,137.95,0.6199999999999999,85.52899999999998,54.9,0.99,54.351,53.8,0.7,12.0,198.7,23828.0,45078.0,17.8,19.2,93.0,29.68,2.36,131.0,30.0,3.4,0.6354686714447733
2026-04-25T15:54:01,04/25/202603:54,138.29000000000002,0.61,84.35690000000001,54.9,0.97,53.253,52.7,0.7,12.0,198.7,23828.0,45078.0,17.8,19.2,93.0,29.68,2.36,131.0,30.0,3.4,0.63128208836503
2026-04-25T15:54:03,04/25/202603:54,138.64000000000001,0.6199999999999999,85.95679999999999,54.9,0.9800000000000001,53.80200000000001,53.2,0.7,12.0,198.7,23828.0,45078.0,17.8,19.2,93.0,29.68,2.36,131.0,30.0,3.4,0.6259190663216874
2026-04-25T15:55:01,04/25/202603:55,139.01000000000002,0.63,87.57630000000002,54.9,0.99,54.351,53.7,0.7,12.0,198.7,23828.0,45078.0,17.8,19.2,93.0,29.68,2.36,131.0,30.0,3.4,0.6206131110814226
2026-04-25T15:55:04,04/25/202603:55,139.33,0.63,87.7779,54.9,1.01,55.449,54.8,0.7,12.0,198.7,23828.0,45078.0,17.8,19.2,93.0,29.68,2.36,131.0,30.0,3.4,0.6316965887769017
2026-04-25T15:56:01,04/25/202603:56,139.59,0.63,87.9417,54.9,1.01,55.449,54.8,0.7,12.0,198.7,23828.0,45078.0,17.8,19.2,93.0,29.68,2.36,131.0,30.0,3.4,0.6305199922221199
2026-04-25T15:56:03,04/25/202603:56,139.72,0.63,88.0236,54.9,1.0,54.9,54.2,0.7,12.0,198.7,23828.0,45078.0,17.8,19.2,93.0,29.68,2.36,131.0,30.0,3.4,0.6236963723365098
2026-04-25T15:57:01,04/25/202603:57,139.65,0.6199999999999999,86.58299999999998,54.9,0.9800000000000001,53.80200000000001,53.1,0.7,12.0,198.7,23828.0,45078.0,17.8,19.2,93.0,29.68,2.36,131.0,30.0,3.4,0.6213921901528016
2026-04-25T15:57:04,04/25/202603:57,139.39000000000001,0.6199999999999999,86.42179999999999,54.9,0.9800000000000001,53.80200000000001,53.1,0.7,12.0,198.7,23828.0,45078.0,17.8,19.2,93.0,29.68,2.36,131.0,30.0,3.4,0.6225512544288595
2026-04-25T15:58:01,04/25/202603:58,139.18,0.6199999999999999,86.29159999999999,54.9,1.0,54.9,54.2,0.7,12.0,198.7,23828.0,45078.0,17.8,19.2,93.0,29.68,2.36,131.0,30.0,3.4,0.6362148807068128
2026-04-25T15:58:04,04/25/202603:58,139.03,0.63,87.5889,54.89,1.02,55.9878,55.3,0.7,12.0,198.7,23828.0,45078.0,17.8,19.2,93.0,29.68,2.36,131.0,30.0,3.4,0.6392111329175273
2026-04-25T15:59:00,04/25/202603:58,139.07999999999998,0.6399999999999999,89.01119999999997,54.89,1.06,58.183400000000006,57.5,0.7,13.0,198.7,23828.0,45078.0,17.8,19.2,93.0,29.68,2.36,131.0,30.0,3.4,0.6536638085993676
2026-04-25T15:59:01,04/25/202603:59,139.12,0.63,87.6456,54.89,1.07,58.7323,58.1,0.7,13.0,198.7,23828.0,45078.0,17.8,19.2,93.0,29.68,2.36,131.0,30.0,3.4,0.6701112206431356
2026-04-25T15:59:59,04/25/202603:59,139.14000000000001,0.6199999999999999,86.26679999999999,54.89,1.04,57.0856,56.5,0.7,13.0,198.7,23828.0,45078.0,17.8,19.2,93.0,29.68,2.36,131.0,30.0,3.4,0.6617331348792352
2026-04-25T16:00:01,04/25/202604:00,139.20999999999998,0.6199999999999999,86.31019999999997,54.89,1.0,54.89,54.3,0.7,13.0,198.7,23828.0,45078.0,17.8,19.2,93.0,29.68,2.36,131.0,30.0,3.4,0.6359619141190731
2026-04-25T16:01:00,04/25/202604:00,139.14000000000001,0.63,87.65820000000001,54.89,1.01,55.438900000000004,54.8,0.7,13.0,198.7,23828.0,45078.0,17.8,19.2,93.0,29.68,2.36,131.0,30.0,3.4,0.6324439698738965
2026-04-25T16:01:01,04/25/202604:01,139.2,0.6399999999999999,89.08799999999998,54.89,1.03,56.5367,55.9,0.7,13.0,198.7,23828.0,45078.0,17.8,19.2,93.0,29.68,2.36,131.0,30.0,3.4,0.6346163344109197
2026-04-25T16:01:59,04/25/202604:01,139.27,0.65,90.52550000000001,54.89,1.04,57.0856,56.5,0.7,13.0,198.7,23828.0,45078.0,17.8,19.22,93.1,29.68,2.335,130.1,31.0,3.3600000000000003,0.6306024269404753
2026-04-25T16:02:01,04/25/202604:02,139.53,0.65,90.6945,54.89,1.03,56.5367,56.0,0.7,13.0,198.7,23828.0,45078.0,17.8,19.24,93.2,29.68,2.3099999999999996,129.2,32.0,3.3200000000000003,0.6233751771055577
2026-04-25T16:03:00,04/25/202604:02,139.60999999999999,0.65,90.7465,54.9,1.04,57.096000000000004,56.6,0.7,13.0,198.7,23828.0,45078.0,17.8,19.259999999999998,93.3,29.68,2.2849999999999997,128.3,33.0,3.28,0.6291812907384858
2026-04-25T16:03:01,04/25/202604:03,139.48,0.6599999999999999,92.05679999999998,54.92,1.08,59.31360000000001,58.8,0.7,13.0,198.7,23828.0,45078.0,17.8,19.279999999999998,93.4,29.68,2.26,127.4,34.0,3.2399999999999998,0.6443152488463646
2026-04-25T16:05:04,04/25/202604:05,139.12,0.6699999999999999,93.21039999999999,54.92,1.08,59.31360000000001,58.8,0.7,13.0,198.7,23828.0,45078.0,17.8,19.3,93.5,29.68,2.235,126.5,35.0,3.2,0.6363410091577765
2026-04-25T16:05:59,04/25/202604:05,138.95,0.6699999999999999,93.09649999999998,54.92,1.0699999999999998,58.764399999999995,58.3,0.7,13.0,198.7,23828.0,45078.0,17.8,19.32,93.6,29.68,2.21,125.6,36.0,3.16,0.6312202929218608
2026-04-25T16:06:00,04/25/202604:06,138.8,0.6699999999999999,92.996,54.92,1.1,60.412000000000006,60.0,0.7,13.0,198.7,23828.0,45078.0,17.8,19.339999999999996,93.7,29.68,2.1849999999999996,124.7,37.0,3.12,0.6496193384661707
2026-04-25T16:06:59,04/25/202604:06,138.74,0.6699999999999999,92.9558,54.92,1.1300000000000001,62.05960000000001,61.6,0.7,13.0,198.7,23828.0,45078.0,17.8,19.36,93.8,29.68,2.1599999999999997,123.8,38.0,3.08,0.6676248281441288
2026-04-25T16:07:00,04/25/202604:07,138.82,0.6599999999999999,91.62119999999999,54.92,1.1099999999999999,60.9612,60.5,0.7,13.0,198.7,23828.0,45078.0,17.8,19.38,93.9,29.68,2.135,122.9,39.0,3.04,0.6653612919280691
2026-04-25T16:07:59,04/25/202604:07,138.91,0.6599999999999999,91.68059999999998,54.92,1.09,59.86280000000001,60.0,0.7,13.0,198.7,23828.0,45078.0,17.8,19.4,94.0,29.68,2.11,122.0,40.0,3.0,0.6529494789519268
2026-04-25T16:08:00,04/25/202604:08,138.99,0.6599999999999999,91.73339999999999,54.92,1.08,59.31360000000001,60.0,0.7,13.0,198.7,23828.0,45078.0,17.8,19.4,94.0,29.68,2.11,122.0,40.0,3.0,0.6465867393991721
2026-04-25T16:08:59,04/25/202604:08,139.03,0.65,90.3695,54.92,1.06,58.2152,58.9,0.7,13.0,198.7,23828.0,45078.0,17.8,19.4,94.0,29.68,2.11,122.0,40.0,3.0,0.6441907944605204
2026-04-25T16:09:00,04/25/202604:09,139.25,0.6399999999999999,89.11999999999999,54.910000000000004,1.02,56.0082,56.7,0.7,13.0,198.7,23828.0,45078.0,17.8,19.4,94.0,29.68,2.11,122.0,40.0,3.0,0.6284582585278278
2026-04-25T16:09:59,04/25/202604:09,139.3,0.6399999999999999,89.15199999999999,54.9,1.01,55.449,56.1,0.7,13.0,198.7,23828.0,45078.0,17.8,19.4,94.0,29.68,2.11,122.0,40.0,3.0,0.621960247666906
2026-04-25T16:10:00,04/25/202604:10,139.38,0.6399999999999999,89.20319999999998,54.9,1.02,55.998,56.6,0.7,13.0,198.7,23828.0,45078.0,17.8,19.4,94.0,29.68,2.11,122.0,40.0,3.0,0.6277577486009471
2026-04-25T16:11:00,04/25/202604:10,139.22,0.65,90.49300000000001,54.9,1.03,56.547,57.1,0.7,13.0,198.7,23828.0,45078.0,17.8,19.4,94.0,29.68,2.11,122.0,40.0,3.0,0.624877062314212
2026-04-25T16:11:01,04/25/202604:11,139.06,0.6599999999999999,91.77959999999999,54.9,1.04,57.096000000000004,57.6,0.7,13.0,198.7,23828.0,45078.0,17.8,19.4,94.0,29.68,2.11,122.0,40.0,3.0,0.6220990285422906
2026-04-25T16:11:59,04/25/202604:11,138.94,0.6599999999999999,91.70039999999999,54.9,1.04,57.096000000000004,57.6,0.7,13.0,198.7,23828.0,45078.0,17.8,19.4,94.0,29.68,2.11,122.0,40.0,3.0,0.6226363243780836
2026-04-25T16:12:00,04/25/202604:12,138.82,0.6599999999999999,91.62119999999999,54.9,1.04,57.096000000000004,57.6,0.7,13.0,198.7,23828.0,45078.0,17.8,19.4,94.0,29.68,2.11,122.0,40.0,3.0,0.6231745491218191
2026-04-25T16:13:00,04/25/202604:12,138.8,0.6399999999999999,88.832,54.9,1.03,56.547,56.5,0.7,13.0,198.7,23828.0,45078.0,17.8,19.4,94.0,29.68,2.11,122.0,40.0,3.0,0.6365611491354467
2026-04-25T16:13:01,04/25/202604:13,138.78,0.6199999999999999,86.04359999999998,54.9,1.02,55.998,55.4,0.7,13.0,198.7,23828.0,45078.0,17.8,19.4,94.0,29.68,2.11,122.0,40.0,3.0,0.6508095895569224
2026-04-25T16:13:59,04/25/202604:13,138.69,0.61,84.6009,54.89,1.02,55.9878,55.4,0.7,13.0,198.7,23828.0,45078.0,17.8,19.4,94.0,29.68,2.11,122.0,40.0,3.0,0.6617872859508587
2026-04-25T16:14:00,04/25/202604:14,138.6,0.6,83.16,54.879999999999995,1.02,55.977599999999995,55.4,0.7,13.0,198.7,23828.0,45078.0,17.8,19.4,94.0,29.68,2.11,122.0,40.0,3.0,0.6731313131313131
2026-04-25T16:16:54,04/25/202604:16,138.74,0.6,83.244,54.879999999999995,1.01,55.428799999999995,54.9,0.7,13.0,198.7,23828.0,45078.0,17.8,19.4,94.0,29.68,2.197,123.0,42.0,3.0100000000000002,0.6658594012781701
2026-04-25T16:17:00,04/25/202604:17,138.88000000000002,0.6,83.32800000000002,54.879999999999995,1.0,54.879999999999995,54.4,0.7,13.0,198.7,23828.0,45078.0,17.8,19.4,94.0,29.68,2.284,124.0,44.0,3.02,0.6586021505376343
2026-04-25T16:17:54,04/25/202604:17,139.04000000000002,0.6,83.424,54.879999999999995,1.0,54.879999999999995,54.4,0.7,13.0,198.7,23828.0,45078.0,17.8,19.4,94.0,29.68,2.371,125.0,46.0,3.0300000000000002,0.657844265439202
2026-04-25T16:18:01,04/25/202604:18,139.2,0.6,83.52,54.879999999999995,1.0,54.879999999999995,54.4,0.7,13.0,198.7,23828.0,45078.0,17.8,19.4,94.0,29.68,2.4579999999999997,126.0,48.0,3.04,0.657088122605364
2026-04-25T16:18:53,04/25/202604:18,139.22,0.6,83.532,54.879999999999995,1.0100000000000002,55.42880000000001,55.0,0.7,13.0,198.7,23828.0,45078.0,17.8,19.4,94.0,29.68,2.545,127.0,50.0,3.05,0.663563664224489
2026-04-25T16:19:01,04/25/202604:19,139.24,0.6,83.544,54.879999999999995,1.02,55.977599999999995,55.6,0.7,13.0,198.7,23828.0,45078.0,17.8,19.4,94.0,29.68,2.632,128.0,52.0,3.06,0.6700373455903476
2026-04-25T16:19:54,04/25/202604:19,139.43,0.61,85.0523,54.879999999999995,1.03,56.526399999999995,56.1,0.7,13.0,198.7,23828.0,45078.0,17.8,19.4,94.0,29.68,2.719,129.0,54.0,3.07,0.6646075414774203
2026-04-25T16:20:01,04/25/202604:20,139.62,0.6199999999999999,86.56439999999999,54.879999999999995,1.04,57.075199999999995,56.6,0.7,13.0,198.7,23828.0,45078.0,17.8,19.4,94.0,29.68,2.806,130.0,56.0,3.08,0.6593380188622575
2026-04-25T16:20:54,04/25/202604:20,139.82999999999998,0.63,88.09289999999999,54.89,1.06,58.183400000000006,57.7,0.7,13.0,198.7,23828.0,45078.0,17.8,19.4,94.0,29.68,2.893,131.0,58.0,3.0900000000000003,0.660477745652601
2026-04-25T16:21:01,04/25/202604:21,140.04000000000002,0.6399999999999999,89.6256,54.9,1.08,59.292,58.8,0.7,13.0,198.7,23828.0,45078.0,17.8,19.4,94.0,29.68,2.98,132.0,60.0,3.1,0.6615520565552699
2026-04-25T16:21:54,04/25/202604:21,140.02,0.63,88.21260000000001,54.9,1.07,58.743,58.2,0.7,13.0,198.7,23828.0,45078.0,17.8,19.4,94.0,29.68,2.98,132.0,60.0,3.1,0.6659252759809823
2026-04-25T16:22:01,04/25/202604:22,140.0,0.6199999999999999,86.79999999999998,54.9,1.06,58.194,57.6,0.7,13.0,198.7,23828.0,45078.0,17.8,19.4,94.0,29.68,2.98,132.0,60.0,3.1,0.6704377880184333
2026-04-25T16:22:54,04/25/202604:22,140.12,0.61,85.4732,54.9,1.06,58.194,57.6,0.7,13.0,198.7,23828.0,45078.0,17.8,19.4,94.0,29.68,2.98,132.0,60.0,3.1,0.680844990008564
2026-04-25T16:23:01,04/25/202604:23,140.24,0.6,84.144,54.9,1.06,58.194,57.6,0.7,13.0,198.7,23828.0,45078.0,17.8,19.4,94.0,29.68,2.98,132.0,60.0,3.1,0.6916001140901312
2026-04-25T16:23:54,04/25/202604:23,140.45,0.6,84.27,54.9,1.04,57.096000000000004,56.5,0.7,13.0,198.7,23828.0,45078.0,17.8,19.4,94.0,29.68,2.98,132.0,60.0,3.1,0.6775364898540407
2026-04-25T16:24:01,04/25/202604:24,140.66,0.6,84.396,54.9,1.02,55.998,55.4,0.7,13.0,198.7,23828.0,45078.0,17.8,19.4,94.0,29.68,2.98,132.0,60.0,3.1,0.6635148585241006
2026-04-25T16:24:55,04/25/202604:24,140.62,0.61,85.7782,54.910000000000004,1.04,57.10640000000001,56.5,0.7,13.0,198.7,23828.0,45078.0,17.8,19.4,94.0,29.68,2.98,132.0,60.0,3.1,0.6657449095457821
2026-04-25T16:25:01,04/25/202604:25,140.57999999999998,0.6199999999999999,87.15959999999997,54.92,1.06,58.2152,57.6,0.7,13.0,198.7,23828.0,45078.0,17.8,19.4,94.0,29.68,2.98,132.0,60.0,3.1,0.6679149514224483
2026-04-25T16:25:54,04/25/202604:25,140.76,0.6199999999999999,87.27119999999998,54.92,1.06,58.2152,57.6,0.7,13.0,198.7,23828.0,45078.0,17.8,19.4,94.0,29.68,2.98,132.0,60.0,3.1,0.6670608402313709
2026-04-25T16:26:01,04/25/202604:26,140.94,0.6199999999999999,87.38279999999999,54.92,1.06,58.2152,57.6,0.7,13.0,198.7,23828.0,45078.0,17.8,19.4,94.0,29.68,2.98,132.0,60.0,3.1,0.6662089106780741
2026-04-25T16:27:27,04/25/202604:27,141.19,0.63,88.94969999999999,54.92,1.08,59.31360000000001,58.7,0.7,13.0,198.7,23828.0,45078.0,17.8,19.4,94.0,29.68,2.98,132.0,60.0,3.1,0.6668218105288721
2026-04-25T16:27:54,04/25/202604:27,141.39000000000001,0.6399999999999999,90.4896,54.92,1.1099999999999999,60.9612,60.4,0.7,13.0,198.7,23828.0,45078.0,17.8,19.4,94.0,29.68,2.98,132.0,60.0,3.1,0.6736818374708254
2026-04-25T16:28:00,04/25/202604:28,141.48,0.65,91.962,54.92,1.1300000000000001,62.05960000000001,61.5,0.7,13.0,198.7,23828.0,45078.0,17.8,19.4,94.0,29.68,2.98,132.0,60.0,3.1,0.6748396076640353
2026-04-25T16:28:55,04/25/202604:28,141.5,0.65,91.97500000000001,54.92,1.1199999999999999,61.5104,60.9,0.7,13.0,198.7,23828.0,45078.0,17.8,19.4,94.0,29.68,2.98,132.0,60.0,3.1,0.6687730361511279
2026-04-25T16:29:01,04/25/202604:29,141.44,0.65,91.936,54.92,1.1300000000000001,62.05960000000001,61.4,0.7,13.0,198.7,23828.0,45078.0,17.8,19.4,94.0,29.68,2.98,132.0,60.0,3.1,0.6750304559693701
2026-04-25T16:29:55,04/25/202604:29,141.3,0.6599999999999999,93.258,54.92,1.16,63.7072,63.0,0.7,13.0,198.7,23828.0,45078.0,17.8,19.4,94.0,29.68,2.98,132.0,60.0,3.1,0.6831285251667417
2026-04-25T16:30:01,04/25/202604:30,141.13,0.6599999999999999,93.14579999999998,54.910000000000004,1.16,63.6956,63.0,0.7,13.0,198.7,23828.0,45078.0,17.8,19.4,94.0,29.68,2.98,132.0,60.0,3.1,0.6838268606850767
2026-04-25T16:30:54,04/25/202604:30,140.85999999999999,0.6599999999999999,92.96759999999998,54.9,1.15,63.13499999999999,62.5,0.7,13.0,198.7,23828.0,45078.0,17.8,19.36,94.0,29.677,2.918,132.7,61.0,3.15,0.6791075600531798
2026-04-25T16:31:01,04/25/202604:31,140.45999999999998,0.6699999999999999,94.10819999999998,54.9,1.15,63.13499999999999,62.5,0.7,13.0,198.7,23828.0,45078.0,17.8,19.32,94.0,29.674,2.856,133.4,62.0,3.2,0.6708767142501929
2026-04-25T16:31:55,04/25/202604:31,140.07,0.69,96.64829999999999,54.9,1.15,63.13499999999999,62.5,0.7,13.0,198.7,23828.0,45078.0,17.8,19.279999999999998,94.0,29.671,2.7939999999999996,134.1,63.0,3.25,0.6532448061683443
2026-04-25T16:32:01,04/25/202604:32,139.78,0.7,97.84599999999999,54.9,1.1400000000000001,62.586000000000006,62.0,0.7,13.0,198.7,23828.0,45078.0,17.8,19.24,94.0,29.668,2.732,134.8,64.0,3.3,0.6396377981726388
2026-04-25T16:32:54,04/25/202604:32,139.75,0.69,96.4275,54.9,1.12,61.48800000000001,60.9,0.7,13.0,198.7,23828.0,45078.0,17.8,19.2,94.0,29.665,2.67,135.5,65.0,3.35,0.6376604184490939
2026-04-25T16:33:01,04/25/202604:33,139.72,0.6799999999999999,95.00959999999999,54.9,1.1,60.39,59.8,0.7,13.0,198.7,23828.0,45078.0,17.8,19.16,94.0,29.662,2.6079999999999997,136.2,66.0,3.4,0.6356199794547078
2026-04-25T16:33:55,04/25/202604:33,139.82999999999998,0.69,96.48269999999998,54.9,1.11,60.93900000000001,60.4,0.7,13.0,198.7,23828.0,45078.0,17.8,19.119999999999997,94.0,29.659,2.5460000000000003,136.9,67.0,3.45,0.6316054588024591
2026-04-25T16:34:01,04/25/202604:34,139.94,0.7,97.958,54.9,1.12,61.48800000000001,61.0,0.7,13.0,198.7,23828.0,45078.0,17.8,19.080000000000002,94.0,29.656,2.484,137.6,68.0,3.5,0.6276975846791483
2026-04-25T16:34:54,04/25/202604:34,140.2,0.7,98.13999999999999,54.9,1.12,61.48800000000001,61.0,0.7,13.0,198.7,23828.0,45078.0,17.8,19.04,94.0,29.653,2.4219999999999997,138.3,69.0,3.55,0.6265335235378033
2026-04-25T16:35:01,04/25/202604:35,140.45999999999998,0.7,98.32199999999997,54.9,1.12,61.48800000000001,61.0,0.7,13.0,198.7,23828.0,45078.0,17.8,19.0,94.0,29.65,2.36,139.0,70.0,3.6,0.6253737718923539
2026-04-25T16:35:55,04/25/202604:35,140.84,0.69,97.1796,54.910000000000004,1.11,60.950100000000006,60.4,0.7,13.0,198.7,23828.0,45078.0,17.8,19.0,94.0,29.65,2.36,139.0,70.0,3.6,0.6271902745020561
2026-04-25T16:36:01,04/25/202604:36,141.22,0.6799999999999999,96.02959999999999,54.92,1.1,60.412000000000006,59.8,0.7,13.0,198.7,23828.0,45078.0,17.8,19.0,94.0,29.65,2.36,139.0,70.0,3.6,0.629097694877413
2026-04-25T16:36:54,04/25/202604:36,141.66,0.6699999999999999,94.91219999999998,54.92,1.12,61.51040000000001,60.9,0.7,13.0,198.7,23828.0,45078.0,17.8,19.0,94.0,29.65,2.36,139.0,70.0,3.6,0.6480768541873438
2026-04-25T16:37:01,04/25/202604:37,142.1,0.6599999999999999,93.78599999999999,54.92,1.1400000000000001,62.60880000000001,62.0,0.7,13.0,198.7,23828.0,45078.0,17.8,19.0,94.0,29.65,2.36,139.0,70.0,3.6,0.6675708527925278
2026-04-25T16:38:39,04/25/202604:38,142.43,0.6599999999999999,94.0038,54.92,1.1300000000000001,62.05960000000001,61.4,0.7,13.0,198.7,23828.0,45078.0,17.8,19.0,94.0,29.65,2.36,139.0,70.0,3.6,0.6601818224369654
2026-04-25T16:38:54,04/25/202604:38,142.95,0.6699999999999999,95.77649999999998,54.92,1.1300000000000001,62.05960000000001,61.4,0.7,13.0,198.7,23828.0,45078.0,17.8,19.0,94.0,29.65,2.36,139.0,70.0,3.6,0.6479627048388699
2026-04-25T16:39:01,04/25/202604:39,143.4,0.6699999999999999,96.07799999999999,54.92,1.1300000000000001,62.05960000000001,61.4,0.7,13.0,198.7,23828.0,45078.0,17.8,19.0,94.0,29.65,2.36,139.0,70.0,3.6,0.645929349070547
2026-04-25T16:39:54,04/25/202604:39,144.4,0.6599999999999999,95.30399999999999,54.92,1.1099999999999999,60.9612,60.3,0.7,13.0,198.7,23828.0,45078.0,17.8,19.0,94.0,29.65,2.36,139.0,70.0,3.6,0.6396499622261396
2026-04-25T16:40:01,04/25/202604:40,145.32999999999998,0.65,94.46449999999999,54.92,1.08,59.31360000000001,58.7,0.7,13.0,198.7,23828.0,45078.0,17.8,19.0,94.0,29.65,2.36,139.0,70.0,3.6,0.6278930180120577
2026-04-25T16:40:54,04/25/202604:40,145.96999999999997,0.6399999999999999,93.42079999999997,54.92999999999999,1.07,58.775099999999995,58.2,0.7,13.0,198.7,23828.0,45078.0,17.8,19.0,94.0,29.65,2.36,139.0,70.0,3.6,0.6291436168390767
2026-04-25T16:41:00,04/25/202604:41,146.58999999999997,0.6399999999999999,93.81759999999997,54.92999999999999,1.08,59.3244,58.8,0.7,13.0,198.7,23828.0,45078.0,17.8,19.0,94.0,29.65,2.36,139.0,70.0,3.6,0.632337642403984
2026-04-25T16:41:55,04/25/202604:41,146.95999999999998,0.63,92.58479999999999,54.92,1.07,58.7644,58.3,0.7,13.0,198.7,23828.0,45078.0,17.8,19.0,94.0,29.65,2.36,139.0,70.0,3.6,0.6347089371041468
2026-04-25T16:42:01,04/25/202604:42,147.26,0.61,89.8286,54.92,1.03,56.567600000000006,56.1,0.7,13.0,198.7,23828.0,45078.0,17.8,19.0,94.0,29.65,2.36,139.0,70.0,3.6,0.6297281712060525
2026-04-25T16:42:54,04/25/202604:42,146.96999999999997,0.6,88.18199999999997,54.92,1.0,54.92,54.4,0.7,13.0,198.7,23828.0,45078.0,17.8,19.0,94.0,29.65,2.36,139.0,70.0,3.6,0.6228028395817743
2026-04-25T16:43:00,04/25/202604:43,146.57999999999998,0.6,87.948,54.92,1.0,54.92,54.4,0.7,13.0,198.7,23828.0,45078.0,17.8,19.0,94.0,29.65,2.36,139.0,70.0,3.6,0.6244599081275299
2026-04-25T16:43:54,04/25/202604:43,146.17000000000002,0.59,86.2403,54.92,1.0,54.92,54.4,0.7,13.0,198.7,23828.0,45078.0,17.8,19.0,94.0,29.65,2.36,139.0,70.0,3.6,0.6368252429548599
2026-04-25T16:44:01,04/25/202604:44,145.76,0.58,84.54079999999999,54.92,1.0,54.92,54.4,0.7,13.0,198.7,23828.0,45078.0,17.8,19.0,94.0,29.65,2.36,139.0,70.0,3.6,0.6496271622695788
2026-04-25T16:44:54,04/25/202604:44,144.95999999999998,0.59,85.52639999999998,54.92,1.03,56.567600000000006,56.0,0.7,13.0,198.7,23828.0,45078.0,17.8,19.0,94.0,29.65,2.36,139.0,70.0,3.6,0.661405133385715
2026-04-25T16:45:00,04/25/202604:45,144.16,0.6,86.496,54.92,1.06,58.2152,57.6,0.7,13.0,198.7,23828.0,45078.0,17.8,19.0,94.0,29.65,2.36,139.0,70.0,3.6,0.6730392156862746
2026-04-25T16:45:55,04/25/202604:45,143.45,0.61,87.5045,54.910000000000004,1.06,58.204600000000006,57.6,0.7,13.0,198.7,23828.0,45078.0,17.8,18.990000000000002,94.0,29.65,2.509,133.1,66.6,3.66,0.6651612202801
2026-04-25T16:46:01,04/25/202604:46,142.74,0.6199999999999999,88.49879999999999,54.9,1.06,58.194,57.6,0.7,13.0,198.7,23828.0,45078.0,17.8,18.98,94.0,29.65,2.658,127.2,63.2,3.72,0.6575682382133996
2026-04-25T16:46:54,04/25/202604:46,142.29000000000002,0.63,89.64270000000002,54.9,1.06,58.194,57.6,0.7,13.0,198.7,23828.0,45078.0,17.8,18.97,94.0,29.65,2.807,121.3,59.8,3.7800000000000002,0.6491772336174612
2026-04-25T16:47:00,04/25/202604:47,141.84,0.6399999999999999,90.77759999999999,54.9,1.06,58.194,57.6,0.7,13.0,198.7,23828.0,45078.0,17.8,18.96,94.0,29.65,2.956,115.4,56.4,3.84,0.6410612309644671
2026-04-25T16:47:55,04/25/202604:47,141.77,0.6399999999999999,90.7328,54.9,1.06,58.194,57.6,0.7,13.0,198.7,23828.0,45078.0,17.8,18.95,94.0,29.65,3.105,109.5,53.0,3.9,0.6413777597517105
2026-04-25T16:48:01,04/25/202604:48,141.7,0.6399999999999999,90.68799999999997,54.9,1.06,58.194,57.6,0.7,13.0,198.7,23828.0,45078.0,17.8,18.939999999999998,94.0,29.65,3.254,103.6,49.6,3.96,0.6416946012702895
2026-04-25T16:49:51,04/25/202604:49,141.4,0.63,89.08200000000001,54.9,1.04,57.096000000000004,56.5,0.7,13.0,198.7,23828.0,45078.0,17.8,18.93,94.0,29.65,3.403,97.7,46.2,4.0200000000000005,0.6409375631440695
2026-04-25T16:49:54,04/25/202604:49,141.04,0.63,88.8552,54.9,1.03,56.547,55.9,0.7,13.0,198.7,23828.0,45078.0,17.8,18.919999999999998,94.0,29.65,3.5520000000000005,91.8,42.8,4.08,0.6363949436836561
2026-04-25T16:50:01,04/25/202604:50,140.52,0.6199999999999999,87.12239999999998,54.9,1.01,55.449,54.8,0.7,13.0,198.7,23828.0,45078.0,17.8,18.91,94.0,29.65,3.7009999999999996,85.9,39.4,4.14,0.6364494091071872
2026-04-25T16:50:11,04/25/202604:50,140.01,0.61,85.4061,54.9,1.0,54.9,54.3,0.7,13.0,198.7,23828.0,45078.0,17.8,18.9,94.0,29.65,3.85,80.0,36.0,4.2,0.6428112277694451
2026-04-25T16:51:00,04/25/202604:51,139.7,0.6,83.82,54.9,1.0,54.9,54.3,0.7,13.0,198.7,23828.0,45078.0,17.8,18.9,94.0,29.65,3.85,80.0,36.0,4.2,0.654974946313529
2026-04-25T16:51:12,04/25/202604:51,139.45,0.59,82.2755,54.9,1.0,54.9,54.3,0.7,13.0,198.7,23828.0,45078.0,17.8,18.9,94.0,29.65,3.85,80.0,36.0,4.2,0.6672703295634789
2026-04-25T16:52:01,04/25/202604:52,139.19,0.59,82.12209999999999,54.9,1.02,55.998,55.4,0.7,13.0,198.7,23828.0,45078.0,17.8,18.9,94.0,29.65,3.85,80.0,36.0,4.2,0.6818870925122471
2026-04-25T16:52:11,04/25/202604:52,138.85,0.61,84.6985,54.9,1.05,57.645,57.0,0.7,13.0,198.7,23828.0,45078.0,17.8,18.9,94.0,29.65,3.85,80.0,36.0,4.2,0.6805905653583004
2026-04-25T16:53:01,04/25/202604:53,138.72,0.63,87.3936,54.9,1.07,58.743,58.1,0.7,13.0,198.7,23828.0,45078.0,17.8,18.9,94.0,29.65,3.85,80.0,36.0,4.2,0.6721659251936069
2026-04-25T16:53:12,04/25/202604:53,138.79000000000002,0.64,88.82560000000001,54.9,1.08,59.292,58.7,0.7,13.0,198.7,23828.0,45078.0,17.8,18.9,94.0,29.65,3.85,80.0,36.0,4.2,0.6675102673103249
2026-04-25T16:54:01,04/25/202604:54,138.92000000000002,0.6599999999999999,91.6872,54.9,1.1,60.39,59.8,0.7,13.0,198.7,23828.0,45078.0,17.8,18.9,94.0,29.65,3.85,80.0,36.0,4.2,0.6586524618485459
2026-04-25T16:54:11,04/25/202604:54,138.92000000000002,0.67,93.07640000000002,54.9,1.1,60.39,59.8,0.7,13.0,198.7,23828.0,45078.0,17.8,18.9,94.0,29.65,3.85,80.0,36.0,4.2,0.6488218280896123
2026-04-25T16:55:01,04/25/202604:55,138.92000000000002,0.6799999999999999,94.46560000000001,54.9,1.1,60.39,59.8,0.7,13.0,198.7,23828.0,45078.0,17.8,18.9,94.0,29.65,3.85,80.0,36.0,4.2,0.6392803306177063
2026-04-25T16:55:12,04/25/202604:55,138.88,0.6799999999999999,94.43839999999999,54.9,1.09,59.841,59.2,0.7,13.0,198.7,23828.0,45078.0,17.8,18.9,94.0,29.65,3.85,80.0,36.0,4.2,0.6336511419083763
2026-04-25T16:56:01,04/25/202604:56,138.84,0.6799999999999999,94.4112,54.9,1.08,59.292,58.6,0.7,13.0,198.7,23828.0,45078.0,17.8,18.9,94.0,29.65,3.85,80.0,36.0,4.2,0.6280187096446185
2026-04-25T16:56:11,04/25/202604:56,138.68,0.69,95.6892,54.89,1.09,59.8301,59.1,0.7,13.0,198.7,23828.0,45078.0,17.8,18.9,94.0,29.65,3.85,80.0,36.0,4.2,0.6252544696789188
2026-04-25T16:56:49,04/25/202604:56,138.66000000000003,0.69,95.67540000000001,54.89,1.08,59.281200000000005,58.5,0.7,14.0,198.7,23828.0,45078.0,17.8,18.9,94.0,29.65,3.85,80.0,36.0,4.2,0.6196075480217486
2026-04-25T16:57:01,04/25/202604:57,138.72,0.6699999999999999,92.94239999999999,54.89,1.06,58.183400000000006,57.4,0.7,14.0,198.7,23828.0,45078.0,17.8,18.9,94.0,29.65,3.85,80.0,36.0,4.2,0.6260156828315173
2026-04-25T16:57:49,04/25/202604:57,138.9,0.65,90.28500000000001,54.89,1.05,57.6345,56.9,0.7,14.0,198.7,23828.0,45078.0,17.8,18.9,94.0,29.65,3.85,80.0,36.0,4.2,0.6383618541285927
2026-04-25T16:58:01,04/25/202604:58,138.88,0.6399999999999999,88.88319999999999,54.89,1.05,57.6345,56.9,0.7,14.0,198.7,23828.0,45078.0,17.8,18.9,94.0,29.65,3.85,80.0,36.0,4.2,0.6484296244959679
2026-04-25T16:58:48,04/25/202604:58,139.03,0.63,87.5889,54.89,1.05,57.6345,56.9,0.7,14.0,198.7,23828.0,45078.0,17.8,18.9,94.0,29.65,3.85,80.0,36.0,4.2,0.6580114603562781
2026-04-25T16:59:01,04/25/202604:59,139.37,0.6199999999999999,86.40939999999999,54.89,1.06,58.183400000000006,57.5,0.7,14.0,198.7,23828.0,45078.0,17.8,18.9,94.0,29.65,3.85,80.0,36.0,4.2,0.6733457239605878
2026-04-25T17:01:02,04/25/202605:01,139.98,0.61,85.3878,54.89,1.04,57.0856,56.4,0.7,14.0,198.7,23828.0,45078.0,17.8,18.97,94.0,29.65,3.6079999999999997,84.9,68.4,4.23,0.6685451551626813
2026-04-25T17:01:49,04/25/202605:01,140.51,0.6199999999999999,87.11619999999998,54.89,1.06,58.183400000000006,57.5,0.7,14.0,198.7,23828.0,45078.0,17.8,19.04,94.0,29.65,3.3660000000000005,89.8,100.8,4.26,0.6678826670584808
2026-04-25T17:02:01,04/25/202605:02,141.04000000000002,0.63,88.85520000000001,54.89,1.08,59.281200000000005,58.6,0.7,14.0,198.7,23828.0,45078.0,17.8,19.11,94.0,29.65,3.124,94.7,133.2,4.29,0.6671663560489425
2026-04-25T17:02:49,04/25/202605:02,141.5,0.6199999999999999,87.72999999999999,54.9,1.07,58.743,58.1,0.7,14.0,198.7,23828.0,45078.0,17.8,19.18,94.0,29.65,2.882,99.6,165.6,4.32,0.6695885102017555
2026-04-25T17:03:01,04/25/202605:03,141.82,0.6199999999999999,87.92839999999998,54.9,1.08,59.292,58.7,0.7,14.0,198.7,23828.0,45078.0,17.8,19.25,94.0,29.65,2.6399999999999997,104.5,198.0,4.35,0.6743213796680028
2026-04-25T17:03:48,04/25/202605:03,142.04000000000002,0.63,89.48520000000002,54.9,1.09,59.841,59.3,0.7,14.0,198.7,23828.0,45078.0,17.8,19.32,94.0,29.65,2.398,109.4,230.4,4.38,0.6687251076155609
2026-04-25T17:04:01,04/25/202605:04,142.14000000000001,0.6399999999999999,90.9696,54.9,1.09,59.841,59.3,0.7,14.0,198.7,23828.0,45078.0,17.8,19.39,94.0,29.65,2.1559999999999997,114.3,262.8,4.41,0.6578131595609962
2026-04-25T17:04:49,04/25/202605:04,142.17000000000002,0.65,92.41050000000001,54.9,1.1,60.39,59.8,0.7,14.0,198.7,23828.0,45078.0,17.8,19.46,94.0,29.65,1.9140000000000001,119.2,295.2,4.4399999999999995,0.6534971675296638
2026-04-25T17:05:01,04/25/202605:05,142.03,0.6599999999999999,93.73979999999999,54.9,1.1099999999999999,60.93899999999999,60.3,0.7,14.0,198.7,23828.0,45078.0,17.8,19.53,94.0,29.65,1.672,124.1,327.6,4.470000000000001,0.6500867294361626
2026-04-25T17:05:49,04/25/202605:05,141.87,0.6599999999999999,93.63419999999999,54.9,1.1099999999999999,60.93899999999999,60.3,0.7,14.0,198.7,23828.0,45078.0,17.8,19.6,94.0,29.65,1.43,129.0,360.0,4.5,0.650819892731502
2026-04-25T17:06:01,04/25/202605:06,141.44,0.6599999999999999,93.3504,54.9,1.1400000000000001,62.586000000000006,62.0,0.7,14.0,198.7,23828.0,45078.0,17.8,19.6,94.0,29.65,1.43,129.0,360.0,4.5,0.670441690662279
2026-04-25T17:06:49,04/25/202605:06,141.04000000000002,0.65,91.67600000000002,54.9,1.1,60.39,59.8,0.7,14.0,198.7,23828.0,45078.0,17.8,19.6,94.0,29.65,1.43,129.0,360.0,4.5,0.6587329290108642
2026-04-25T17:07:01,04/25/202605:07,140.64000000000001,0.6399999999999999,90.00959999999999,54.9,1.06,58.194,57.6,0.7,14.0,198.7,23828.0,45078.0,17.8,19.6,94.0,29.65,1.43,129.0,360.0,4.5,0.6465310366894199
2026-04-25T17:07:50,04/25/202605:07,140.17000000000002,0.6399999999999999,89.7088,54.9,1.05,57.645,57.0,0.7,14.0,198.7,23828.0,45078.0,17.8,19.6,94.0,29.65,1.43,129.0,360.0,4.5,0.6425791003781124
2026-04-25T17:08:01,04/25/202605:08,139.7,0.6399999999999999,89.40799999999997,54.9,1.04,57.096000000000004,56.4,0.7,14.0,198.7,23828.0,45078.0,17.8,19.6,94.0,29.65,1.43,129.0,360.0,4.5,0.638600572655691
2026-04-25T17:08:49,04/25/202605:08,139.25,0.6399999999999999,89.11999999999999,54.9,1.04,57.096000000000004,56.4,0.7,14.0,198.7,23828.0,45078.0,17.8,19.6,94.0,29.65,1.43,129.0,360.0,4.5,0.6406642728904849
2026-04-25T17:09:01,04/25/202605:09,138.8,0.6399999999999999,88.832,54.9,1.04,57.096000000000004,56.4,0.7,14.0,198.7,23828.0,45078.0,17.8,19.6,94.0,29.65,1.43,129.0,360.0,4.5,0.6427413544668589
2026-04-25T17:09:49,04/25/202605:09,138.53,0.6399999999999999,88.65919999999998,54.9,1.03,56.547,55.9,0.7,14.0,198.7,23828.0,45078.0,17.8,19.6,94.0,29.65,1.43,129.0,360.0,4.5,0.6378018299285354
2026-04-25T17:10:01,04/25/202605:10,138.26,0.6399999999999999,88.48639999999997,54.9,1.02,55.998,55.4,0.7,14.0,198.7,23828.0,45078.0,17.8,19.6,94.0,29.65,1.43,129.0,360.0,4.5,0.6328430131636049
2026-04-25T17:10:49,04/25/202605:10,138.09,0.6399999999999999,88.37759999999999,54.9,1.02,55.998,55.4,0.7,14.0,198.7,23828.0,45078.0,17.8,19.6,94.0,29.65,1.43,129.0,360.0,4.5,0.6336220942863351
2026-04-25T17:12:14,04/25/202605:12,137.88,0.65,89.622,54.9,1.02,55.998,55.4,0.7,14.0,198.7,23828.0,45078.0,17.8,19.6,94.0,29.65,1.43,129.0,360.0,4.5,0.6248242618999799
2026-04-25T17:12:49,04/25/202605:12,137.43,0.6599999999999999,90.70379999999999,54.9,1.06,58.194,57.6,0.7,14.0,198.7,23828.0,45078.0,17.8,19.6,94.0,29.65,1.43,129.0,360.0,4.5,0.6415828223293844
2026-04-25T17:13:00,04/25/202605:13,136.98,0.6699999999999999,91.77659999999999,54.9,1.1,60.39,59.8,0.7,14.0,198.7,23828.0,45078.0,17.8,19.6,94.0,29.65,1.43,129.0,360.0,4.5,0.6580108655147392
2026-04-25T17:13:49,04/25/202605:13,136.34,0.6799999999999999,92.71119999999999,54.9,1.1,60.39,59.8,0.7,14.0,198.7,23828.0,45078.0,17.8,19.6,94.0,29.65,1.43,129.0,360.0,4.5,0.6513776113349844
2026-04-25T17:14:01,04/25/202605:14,135.7,0.69,93.63299999999998,54.9,1.1,60.39,59.8,0.7,14.0,198.7,23828.0,45078.0,17.8,19.6,94.0,29.65,1.43,129.0,360.0,4.5,0.644964916215437
2026-04-25T17:14:49,04/25/202605:14,135.37,0.69,93.4053,54.9,1.09,59.841,59.2,0.7,14.0,198.7,23828.0,45078.0,17.8,19.6,94.0,29.65,1.43,129.0,360.0,4.5,0.6406595771332034
2026-04-25T17:15:00,04/25/202605:15,135.04000000000002,0.69,93.17760000000001,54.9,1.08,59.292,58.6,0.7,14.0,198.7,23828.0,45078.0,17.8,19.6,94.0,29.65,1.43,129.0,360.0,4.5,0.636333195961261
2026-04-25T17:15:50,04/25/202605:15,135.0,0.6799999999999999,91.8,54.9,1.06,58.194,57.5,0.7,14.0,198.7,23828.0,45078.0,17.8,19.6,94.0,29.65,1.43,129.0,360.0,4.5,0.6339215686274511
2026-04-25T17:16:01,04/25/202605:16,134.96,0.6699999999999999,90.4232,54.9,1.04,57.096000000000004,56.4,0.7,14.0,198.7,23828.0,45078.0,17.8,19.6,94.0,29.65,1.43,129.0,360.0,4.5,0.6314308717231861
2026-04-25T17:16:49,04/25/202605:16,134.9,0.6799999999999999,91.732,54.9,1.05,57.645,56.9,0.7,14.0,198.7,23828.0,45078.0,17.8,19.610000000000003,93.9,29.65,1.355,126.9,345.0,4.4799999999999995,0.628406662887542
2026-04-25T17:17:00,04/25/202605:17,134.88000000000002,0.6799999999999999,91.7184,54.9,1.06,58.194,57.4,0.7,14.0,198.7,23828.0,45078.0,17.8,19.62,93.8,29.65,1.2799999999999998,124.8,330.0,4.46,0.6344855557881516
2026-04-25T17:17:49,04/25/202605:17,135.35,0.6699999999999999,90.68449999999999,54.9,1.05,57.645,56.9,0.7,14.0,198.7,23828.0,45078.0,17.8,19.630000000000003,93.7,29.65,1.2049999999999998,122.7,315.0,4.4399999999999995,0.635665411398861
2026-04-25T17:18:01,04/25/202605:18,135.82,0.6599999999999999,89.64119999999998,54.9,1.04,57.096000000000004,56.4,0.7,14.0,198.7,23828.0,45078.0,17.8,19.64,93.6,29.65,1.1300000000000001,120.6,300.0,4.42,0.6369392645346115
2026-04-25T17:18:48,04/25/202605:18,136.66000000000003,0.65,88.82900000000002,54.9,1.05,57.645,57.0,0.7,14.0,198.7,23828.0,45078.0,17.8,19.65,93.5,29.65,1.0550000000000002,118.5,285.0,4.4,0.6489434756667304
2026-04-25T17:19:00,04/25/202605:19,137.5,0.6399999999999999,87.99999999999999,54.9,1.06,58.194,57.6,0.7,14.0,198.7,23828.0,45078.0,17.8,19.66,93.4,29.65,0.9800000000000001,116.4,270.0,4.38,0.6612954545454547
2026-04-25T17:19:49,04/25/202605:19,138.38,0.63,87.1794,54.9,1.06,58.194,57.6,0.7,14.0,198.7,23828.0,45078.0,17.8,19.669999999999998,93.3,29.65,0.905,114.3,255.0,4.36,0.6675200792847852
2026-04-25T17:20:00,04/25/202605:20,139.26,0.6199999999999999,86.34119999999997,54.9,1.06,58.194,57.6,0.7,14.0,198.7,23828.0,45078.0,17.8,19.68,93.2,29.65,0.8300000000000001,112.2,240.0,4.34,0.6740003613570349
2026-04-25T17:20:48,04/25/202605:20,139.89000000000001,0.6199999999999999,86.73179999999999,54.9,1.09,59.841,59.2,0.7,14.0,198.7,23828.0,45078.0,17.8,19.69,93.1,29.65,0.7550000000000001,110.1,225.0,4.319999999999999,0.6899545495423824
2026-04-25T17:21:00,04/25/202605:21,140.52,0.6199999999999999,87.12239999999998,54.9,1.1199999999999999,61.48799999999999,60.8,0.7,14.0,198.7,23828.0,45078.0,17.8,19.7,93.0,29.65,0.68,108.0,210.0,4.3,0.7057656813861878
2026-04-25T17:21:48,04/25/202605:21,141.13,0.6,84.678,54.9,1.09,59.841,59.2,0.7,14.0,198.7,23828.0,45078.0,17.8,19.7,93.0,29.65,0.68,108.0,210.0,4.3,0.706688868419188
2026-04-25T17:22:00,04/25/202605:22,141.74,0.58,82.2092,54.9,1.06,58.194,57.6,0.7,14.0,198.7,23828.0,45078.0,17.8,19.7,93.0,29.65,0.68,108.0,210.0,4.3,0.7078769772726168
2026-04-25T17:23:24,04/25/202605:23,141.94,0.58,82.3252,54.9,1.04,57.096000000000004,56.5,0.7,14.0,198.7,23828.0,45078.0,17.8,19.7,93.0,29.65,0.68,108.0,210.0,4.3,0.6935421960711909
2026-04-25T17:23:49,04/25/202605:23,141.74,0.58,82.2092,54.9,1.03,56.547,55.9,0.7,14.0,198.7,23828.0,45078.0,17.8,19.7,93.0,29.65,0.68,108.0,210.0,4.3,0.6878427231988634
2026-04-25T17:24:00,04/25/202605:24,141.56,0.58,82.1048,54.9,1.02,55.998,55.3,0.7,14.0,198.7,23828.0,45078.0,17.8,19.7,93.0,29.65,0.68,108.0,210.0,4.3,0.682030770429987
2026-04-25T17:24:48,04/25/202605:24,140.9,0.6,84.54,54.9,1.04,57.096000000000004,56.4,0.7,14.0,198.7,23828.0,45078.0,17.8,19.7,93.0,29.65,0.68,108.0,210.0,4.3,0.6753726046841732
2026-04-25T17:25:00,04/25/202605:25,139.97,0.62,86.7814,54.9,1.0699999999999998,58.74299999999999,58.1,0.7,14.0,198.7,23828.0,45078.0,17.8,19.7,93.0,29.65,0.68,108.0,210.0,4.3,0.6769077244663025
2026-04-25T17:25:49,04/25/202605:25,139.15,0.63,87.6645,54.9,1.08,59.292,58.7,0.7,14.0,198.7,23828.0,45078.0,17.8,19.7,93.0,29.65,0.68,108.0,210.0,4.3,0.6763513166675222
2026-04-25T17:26:00,04/25/202605:26,138.18,0.64,88.43520000000001,54.9,1.07,58.743,58.2,0.7,14.0,198.7,23828.0,45078.0,17.8,19.7,93.0,29.65,0.68,108.0,210.0,4.3,0.6642490772904907
2026-04-25T17:26:49,04/25/202605:26,137.35,0.64,87.904,54.9,1.04,57.096000000000004,56.6,0.7,14.0,198.7,23828.0,45078.0,17.8,19.7,93.0,29.65,0.68,108.0,210.0,4.3,0.6495267564615945
2026-04-25T17:27:00,04/25/202605:27,136.48,0.65,88.712,54.9,1.04,57.096000000000004,56.6,0.7,14.0,198.7,23828.0,45078.0,17.8,19.7,93.0,29.65,0.68,108.0,210.0,4.3,0.6436107854630715
2026-04-25T17:27:49,04/25/202605:27,135.85,0.6599999999999999,89.66099999999999,54.9,1.06,58.194,57.7,0.7,14.0,198.7,23828.0,45078.0,17.8,19.7,93.0,29.65,0.68,108.0,210.0,4.3,0.6490447351691372
2026-04-25T17:28:00,04/25/202605:28,135.45999999999998,0.6599999999999999,89.40359999999997,54.9,1.08,59.292,58.8,0.7,14.0,198.7,23828.0,45078.0,17.8,19.7,93.0,29.65,0.68,108.0,210.0,4.3,0.6631947706803756
2026-04-25T17:28:26,04/25/202605:28,135.56,0.67,90.82520000000001,54.9,1.1,60.39,59.9,0.7,14.0,198.7,23828.0,45078.0,17.8,19.7,93.0,29.65,0.68,108.0,210.0,4.3,0.6649035730171802
2026-04-25T17:29:00,04/25/202605:29,135.66,0.6799999999999999,92.24879999999999,54.9,1.12,61.48800000000001,61.0,0.7,14.0,198.7,23828.0,45078.0,17.8,19.7,93.0,29.65,0.68,108.0,210.0,4.3,0.6665452558732473
2026-04-25T17:29:27,04/25/202605:29,136.32,0.6599999999999999,89.97119999999998,54.9,1.1099999999999999,60.93899999999999,60.4,0.7,14.0,198.7,23828.0,45078.0,17.8,19.7,93.0,29.65,0.68,108.0,220.3,4.3,0.6773167413572344
2026-04-25T17:30:00,04/25/202605:30,136.98,0.6399999999999999,87.66719999999998,54.9,1.1,60.39,59.8,0.7,14.0,198.7,23828.0,45078.0,17.8,19.7,93.0,29.65,0.68,108.0,230.6,4.3,0.6888551248357426
2026-04-25T17:30:26,04/25/202605:30,137.59,0.6199999999999999,85.30579999999999,54.9,1.04,57.096000000000004,56.5,0.7,14.0,198.7,23828.0,45078.0,17.8,19.71,92.9,29.65,1.283,108.8,234.6,4.26,0.6693097069601365
2026-04-25T17:31:01,04/25/202605:31,138.2,0.6,82.91999999999999,54.9,0.9800000000000001,53.80200000000001,53.2,0.7,14.0,198.7,23828.0,45078.0,17.8,19.72,92.8,29.65,1.886,109.6,238.6,4.22,0.6488422575976847
2026-04-25T17:31:26,04/25/202605:31,138.62,0.6,83.172,54.9,0.99,54.351,53.7,0.7,14.0,198.7,23828.0,45078.0,17.8,19.73,92.7,29.65,2.489,110.4,242.6,4.18,0.6534771317270235
2026-04-25T17:32:00,04/25/202605:32,139.04000000000002,0.6,83.424,54.9,1.0,54.9,54.2,0.7,14.0,198.7,23828.0,45078.0,17.8,19.740000000000002,92.6,29.65,3.092,111.2,246.6,4.14,0.6580840046029919
2026-04-25T17:32:26,04/25/202605:32,139.29000000000002,0.61,84.96690000000001,54.9,1.0,54.9,54.2,0.7,14.0,198.7,23828.0,45078.0,17.8,19.75,92.5,29.65,3.6950000000000003,112.0,250.6,4.1,0.6461339651087658
2026-04-25T17:33:01,04/25/202605:33,139.54000000000002,0.6199999999999999,86.5148,54.9,1.0,54.9,54.2,0.7,14.0,198.7,23828.0,45078.0,17.8,19.759999999999998,92.4,29.65,4.298,112.8,254.6,4.0600000000000005,0.6345735064983101
2026-04-25T17:34:36,04/25/202605:34,139.56,0.6199999999999999,86.52719999999998,54.9,0.99,54.351,53.7,0.7,14.0,198.7,23828.0,45078.0,17.8,19.77,92.3,29.65,4.901,113.6,258.6,4.02,0.6281377416581145
2026-04-25T17:35:00,04/25/202605:35,139.57999999999998,0.6199999999999999,86.53959999999998,54.9,0.9800000000000001,53.80200000000001,53.2,0.7,14.0,198.7,23828.0,45078.0,17.8,19.78,92.2,29.65,5.504,114.4,262.6,3.9799999999999995,0.6217038211408421
2026-04-25T17:35:26,04/25/202605:35,139.4,0.6199999999999999,86.42799999999998,54.9,0.9700000000000001,53.253,52.7,0.7,14.0,198.7,23828.0,45078.0,17.8,19.79,92.3,29.65,6.107,115.2,256.3,3.94,0.6161544869718149
2026-04-25T17:36:00,04/25/202605:36,139.22,0.6199999999999999,86.31639999999999,54.9,0.9600000000000002,52.70400000000001,52.2,0.7,14.0,198.7,23828.0,45078.0,17.8,19.8,92.4,29.65,6.709999999999999,116.0,250.0,3.9,0.6105908031382219
2026-04-25T17:36:26,04/25/202605:36,138.75,0.63,87.4125,54.9,1.02,55.998,55.5,0.8,14.0,198.7,23828.0,45078.0,17.8,19.8,92.6,29.65,6.709999999999999,116.0,250.0,3.9,0.6406177606177607
2026-04-25T17:37:00,04/25/202605:37,138.28,0.6399999999999999,88.49919999999999,54.9,1.08,59.292,58.8,0.8,14.0,198.7,23828.0,45078.0,17.8,19.8,92.8,29.65,6.709999999999999,116.0,250.0,3.9,0.6699721579404109
2026-04-25T17:37:26,04/25/202605:37,137.65,0.6399999999999999,88.09599999999999,54.9,1.08,59.292,58.8,0.8,14.0,198.7,23828.0,45078.0,17.8,19.8,93.0,29.65,6.709999999999999,116.0,250.0,3.9,0.6730385034507811
2026-04-25T17:38:00,04/25/202605:38,137.02,0.6399999999999999,87.69279999999999,54.9,1.08,59.292,58.8,0.8,14.0,198.7,23828.0,45078.0,17.8,19.8,93.2,29.65,6.709999999999999,116.0,250.0,3.9,0.6761330462706175
2026-04-25T17:38:27,04/25/202605:38,136.04000000000002,0.6399999999999999,87.0656,54.910000000000004,1.06,58.204600000000006,57.7,0.8,14.0,198.7,23828.0,45078.0,17.8,19.8,93.4,29.65,6.709999999999999,116.0,250.0,3.9,0.6685143156424581
2026-04-25T17:39:00,04/25/202605:39,135.06,0.6399999999999999,86.43839999999999,54.92,1.04,57.116800000000005,56.6,0.8,14.0,198.7,23828.0,45078.0,17.8,19.8,93.6,29.65,6.709999999999999,116.0,250.0,3.9,0.660780393899008
2026-04-25T17:39:26,04/25/202605:39,134.03,0.6399999999999999,85.77919999999999,54.92,1.02,56.0184,55.5,0.8,14.0,198.7,23828.0,45078.0,17.8,19.8,93.8,29.65,6.709999999999999,116.0,250.0,3.9,0.6530534208759233
2026-04-25T17:40:01,04/25/202605:40,133.0,0.6399999999999999,85.11999999999999,54.92,1.0,54.92,54.4,0.8,14.0,198.7,23828.0,45078.0,17.8,19.8,94.0,29.65,6.709999999999999,116.0,250.0,3.9,0.6452067669172933
2026-04-25T17:40:26,04/25/202605:40,132.04000000000002,0.63,83.18520000000001,54.9,0.9700000000000001,53.253,52.7,0.8,14.0,198.7,23828.0,45078.0,17.8,19.8,94.0,29.65,6.709999999999999,116.0,250.0,3.9,0.6401739732548578
2026-04-25T17:41:00,04/25/202605:41,131.07999999999998,0.6199999999999999,81.26959999999997,54.879999999999995,0.9400000000000001,51.587199999999996,51.0,0.8,14.0,198.7,23828.0,45078.0,17.8,19.8,94.0,29.65,6.709999999999999,116.0,250.0,3.9,0.634766259462333
2026-04-25T17:41:26,04/25/202605:41,130.38,0.61,79.53179999999999,54.85,0.8800000000000001,48.26800000000001,47.7,0.8,14.0,198.7,23828.0,45078.0,17.8,19.8,94.0,29.65,6.709999999999999,116.0,250.0,3.9,0.6069018933307182
2026-04-25T17:42:01,04/25/202605:42,129.68,0.6,77.808,54.82000000000001,0.82,44.952400000000004,44.4,0.8,14.0,198.7,23828.0,45078.0,17.8,19.8,94.0,29.65,6.709999999999999,116.0,250.0,3.9,0.5777349372815135
2026-04-25T17:42:26,04/25/202605:42,129.15,0.59,76.1985,54.77,0.78,42.720600000000005,42.2,0.8,14.0,198.7,23828.0,45078.0,17.8,19.8,94.0,29.65,6.709999999999999,116.0,250.0,3.9,0.5606488316699149
2026-04-25T17:43:00,04/25/202605:43,128.62,0.58,74.5996,54.720000000000006,0.74,40.4928,40.0,0.8,14.0,198.7,23828.0,45078.0,17.8,19.8,94.0,29.65,6.709999999999999,116.0,250.0,3.9,0.5428018380795608
2026-04-25T17:43:26,04/25/202605:43,128.37,0.5700000000000001,73.17090000000002,54.660000000000004,0.73,39.9018,39.4,0.8,14.0,198.7,23828.0,45078.0,17.8,19.8,94.0,29.65,6.709999999999999,116.0,250.0,3.9,0.5453233457563047
2026-04-25T17:44:01,04/25/202605:44,128.12,0.5599999999999999,71.74719999999999,54.6,0.72,39.312,38.8,0.8,14.0,198.7,23828.0,45078.0,17.8,19.8,94.0,29.65,6.709999999999999,116.0,250.0,3.9,0.5479238214174212
2026-04-25T17:45:47,04/25/202605:45,125.04,0.5700000000000001,71.27280000000002,54.55,0.73,39.8215,39.3,0.8,14.0,198.7,23828.0,45078.0,17.8,19.8,94.0,29.65,6.709999999999999,116.0,250.0,3.9,0.5587194553883107
2026-04-25T17:46:01,04/25/202605:46,121.96000000000001,0.58,70.7368,54.5,0.74,40.33,39.8,0.8,14.0,198.7,23828.0,45078.0,17.8,19.8,94.0,29.65,6.709999999999999,116.0,250.0,3.9,0.5701417084176835
2026-04-25T17:46:06,04/25/202605:46,119.63,0.6,71.77799999999999,54.470000000000006,0.76,41.397200000000005,40.9,0.8,14.0,198.7,23828.0,45078.0,17.8,19.79,93.9,29.65,6.648000000000001,115.8,239.4,3.85,0.5767393908997187
2026-04-25T17:47:01,04/25/202605:47,117.3,0.62,72.726,54.44,0.78,42.4632,42.0,0.8,14.0,198.7,23828.0,45078.0,17.8,19.78,93.8,29.65,6.586,115.6,228.8,3.8,0.583879217886313
2026-04-25T17:47:10,04/25/202605:47,115.42,0.65,75.02300000000001,54.42999999999999,0.85,46.265499999999996,45.8,0.8,14.0,198.7,23828.0,45078.0,17.8,19.77,93.7,29.65,6.523999999999999,115.4,218.2,3.75,0.6166842168401688
2026-04-25T17:48:00,04/25/202605:48,113.54,0.6799999999999999,77.2072,54.42,0.9199999999999999,50.066399999999994,49.6,0.8,14.0,198.7,23828.0,45078.0,17.8,19.759999999999998,93.6,29.65,6.462000000000001,115.2,207.6,3.7,0.6484680185267695
2026-04-25T17:48:10,04/25/202605:48,112.09,0.71,79.5839,54.44,1.0,54.44,54.0,0.8,14.0,198.7,23828.0,45078.0,17.8,19.75,93.5,29.65,6.4,115.0,197.0,3.65,0.6840579564459646
2026-04-25T17:48:29,04/25/202605:48,110.65,0.74,81.881,54.46,1.08,58.81680000000001,58.4,0.8,14.0,198.7,23828.0,45078.0,17.8,19.740000000000002,93.4,29.65,6.337999999999999,114.8,186.4,3.6,0.7183204894908466
2026-04-25T17:49:01,04/25/202605:49,109.21,0.76,82.9996,54.48,1.1400000000000001,62.107200000000006,61.7,0.8,14.0,198.7,23828.0,45078.0,17.8,19.73,93.3,29.65,6.276,114.6,175.8,3.55,0.7482831242560206
2026-04-25T17:49:30,04/25/202605:49,107.79,0.78,84.07620000000001,54.510000000000005,1.2,65.412,65.0,0.8,14.0,198.7,23828.0,45078.0,17.8,19.72,93.2,29.65,6.214,114.4,165.2,3.5,0.7780085208418077
2026-04-25T17:50:00,04/25/202605:50,109.39000000000001,0.78,85.32420000000002,54.54,1.2399999999999998,67.62959999999998,67.2,0.8,14.0,198.7,23828.0,45078.0,17.8,19.71,93.1,29.65,6.151999999999999,114.2,154.6,3.45,0.7926192100248226
2026-04-25T17:50:29,04/25/202605:50,110.99000000000001,0.78,86.57220000000001,54.58,1.26,68.7708,68.3,0.8,14.0,198.7,23828.0,45078.0,17.8,19.7,93.0,29.65,6.09,114.0,144.0,3.4,0.7943750996278249
2026-04-25T17:51:01,04/25/202605:51,111.89000000000001,0.79,88.39310000000002,54.620000000000005,1.2799999999999998,69.91359999999999,69.4,0.8,14.0,198.7,23828.0,45078.0,17.8,19.7,93.0,29.65,6.09,114.0,144.0,3.4,0.7909395642872574
2026-04-25T17:51:30,04/25/202605:51,112.79,0.79,89.1041,54.660000000000004,1.3,71.058,70.5,0.8,14.0,198.7,23828.0,45078.0,17.8,19.7,93.0,29.65,6.09,114.0,144.0,3.4,0.7974717212788188
2026-04-25T17:52:00,04/25/202605:52,113.21,0.78,88.3038,54.69,1.3,71.097,70.5,0.8,14.0,198.7,23828.0,45078.0,17.8,19.7,93.0,29.65,6.09,114.0,144.0,3.4,0.80514088861408
2026-04-25T17:52:29,04/25/202605:52,113.58,0.78,88.5924,54.720000000000006,1.31,71.68320000000001,71.1,0.8,14.0,198.7,23828.0,45078.0,17.8,19.7,93.0,29.65,6.09,114.0,144.0,3.4,0.8091348693567396
2026-04-25T17:53:01,04/25/202605:53,113.55999999999999,0.78,88.57679999999999,54.739999999999995,1.3,71.16199999999999,70.6,0.8,14.0,198.7,23828.0,45078.0,17.8,19.7,93.0,29.65,6.09,114.0,144.0,3.4,0.8033932135728543
2026-04-25T17:53:10,04/25/202605:53,115.55,0.77,88.9735,54.77,1.2799999999999998,70.1056,69.5,0.8,14.0,198.7,23828.0,45078.0,17.8,19.7,93.0,29.65,6.09,114.0,144.0,3.4,0.7879379815338274
2026-04-25T17:54:00,04/25/202605:54,117.54,0.76,89.33040000000001,54.8,1.26,69.048,68.4,0.8,14.0,198.7,23828.0,45078.0,17.8,19.7,93.0,29.65,6.09,114.0,144.0,3.4,0.7729507536068347
2026-04-25T17:54:10,04/25/202605:54,119.64000000000001,0.74,88.5336,54.81999999999999,1.24,67.9768,67.3,0.8,14.0,198.7,23828.0,45078.0,17.8,19.7,93.0,29.65,6.09,114.0,144.0,3.4,0.7678079282893725
2026-04-25T17:55:01,04/25/202605:55,121.74000000000001,0.72,87.6528,54.839999999999996,1.22,66.9048,66.2,0.8,14.0,198.7,23828.0,45078.0,17.8,19.7,93.0,29.65,6.09,114.0,144.0,3.4,0.7632933574283992
2026-04-25T17:55:10,04/25/202605:55,124.00999999999999,0.71,88.04709999999999,54.85,1.23,67.4655,66.8,0.8,15.0,198.7,23828.0,45078.0,17.8,19.7,93.0,29.65,6.09,114.0,144.0,3.4,0.7662432947819976
2026-04-25T17:56:58,04/25/202605:56,126.46,0.69,87.25739999999999,54.86,1.22,66.9292,66.3,0.8,15.0,198.7,23828.0,45078.0,17.8,19.7,93.0,29.65,6.09,114.0,144.0,3.4,0.7670317932920303
2026-04-25T17:57:01,04/25/202605:57,128.91,0.6799999999999999,87.65879999999999,54.86999999999999,1.21,66.39269999999999,65.8,0.8,15.0,198.7,23828.0,45078.0,17.8,19.7,93.0,29.65,6.09,114.0,144.0,3.4,0.7573991430409726
2026-04-25T17:57:10,04/25/202605:57,131.39000000000001,0.67,88.03130000000002,54.879999999999995,1.21,66.4048,65.8,0.8,15.0,198.7,23828.0,45078.0,17.8,19.7,93.0,29.65,6.09,114.0,144.0,3.4,0.7543316979301679
2026-04-25T17:58:01,04/25/202605:58,133.92000000000002,0.65,87.04800000000002,54.89,1.2,65.868,65.2,0.8,15.0,198.7,23828.0,45078.0,17.8,19.7,93.0,29.65,6.09,114.0,144.0,3.4,0.7566859663633855
2026-04-25T17:58:10,04/25/202605:58,136.48,0.63,85.9824,54.9,1.19,65.33099999999999,64.6,0.8,15.0,198.7,23828.0,45078.0,17.8,19.7,93.0,29.65,6.09,114.0,144.0,3.4,0.7598182883939038
2026-04-25T17:59:01,04/25/202605:59,137.02,0.6199999999999999,84.9524,54.9,1.19,65.33099999999999,64.6,0.8,15.0,198.7,23828.0,45078.0,17.8,19.7,93.0,29.65,6.09,114.0,144.0,3.4,0.769030657168014
2026-04-25T17:59:10,04/25/202605:59,137.62,0.6199999999999999,85.32439999999998,54.910000000000004,1.21,66.4411,65.7,0.8,15.0,198.7,23828.0,45078.0,17.8,19.7,93.0,29.65,6.09,114.0,144.0,3.4,0.7786881595417022
2026-04-25T18:00:01,04/25/202606:00,138.09,0.63,86.9967,54.92,1.23,67.55160000000001,66.8,0.8,15.0,198.7,23828.0,45078.0,17.8,19.7,93.0,29.65,6.09,114.0,144.0,3.4,0.77648462527889
2026-04-25T18:00:11,04/25/202606:00,138.59,0.6399999999999999,88.6976,54.92,1.25,68.65,68.0,0.8,15.0,198.7,23828.0,45078.0,17.8,19.7,93.0,29.65,6.09,114.0,144.0,3.4,0.773978100873079
2026-04-25T18:01:01,04/25/202606:01,138.92000000000002,0.6399999999999999,88.9088,54.92,1.26,69.1992,68.6,0.8,15.0,198.7,23828.0,45078.0,17.8,19.7,93.0,29.65,6.09,114.0,144.0,3.4,0.7783166570688167
2026-04-25T18:01:10,04/25/202606:01,139.03,0.6399999999999999,88.97919999999999,54.92,1.27,69.7484,69.1,0.8,15.0,198.7,23828.0,45078.0,17.8,19.72,92.9,29.647,6.077,115.0,154.2,3.3600000000000003,0.7838730849456953
2026-04-25T18:02:01,04/25/202606:02,139.14000000000001,0.6399999999999999,89.0496,54.92,1.2799999999999998,70.29759999999999,69.6,0.8,15.0,198.7,23828.0,45078.0,17.8,19.74,92.8,29.644,6.064,116.0,164.4,3.3200000000000003,0.7894207273249962
2026-04-25T18:02:10,04/25/202606:02,139.44,0.6399999999999999,89.24159999999999,54.92,1.25,68.65,68.0,0.8,15.0,198.7,23828.0,45078.0,17.8,19.759999999999998,92.7,29.641,6.051,117.0,174.6,3.28,0.7692600760183593
2026-04-25T18:03:01,04/25/202606:03,139.74,0.6399999999999999,89.4336,54.92,1.22,67.0024,66.4,0.8,15.0,198.7,23828.0,45078.0,17.8,19.779999999999998,92.6,29.637999999999998,6.037999999999999,118.0,184.8,3.2399999999999998,0.7491859882639187
2026-04-25T18:03:11,04/25/202606:03,139.81,0.65,90.87650000000001,54.92,1.21,66.4532,65.9,0.8,15.0,198.7,23828.0,45078.0,17.8,19.8,92.5,29.635,6.025,119.0,195.0,3.2,0.7312473521757549
2026-04-25T18:04:01,04/25/202606:04,139.88,0.6599999999999999,92.32079999999999,54.92,1.2,65.904,65.4,0.8,15.0,198.7,23828.0,45078.0,17.8,19.82,92.4,29.631999999999998,6.012,120.0,205.2,3.16,0.7138586320742455
2026-04-25T18:04:10,04/25/202606:04,140.06,0.65,91.039,54.910000000000004,1.1800000000000002,64.79380000000002,64.3,0.8,15.0,198.7,23828.0,45078.0,17.8,19.839999999999996,92.3,29.629,5.9990000000000006,121.0,215.4,3.12,0.7117147596085196
2026-04-25T18:05:00,04/25/202606:05,140.24,0.6399999999999999,89.75359999999999,54.9,1.16,63.684,63.2,0.8,15.0,198.7,23828.0,45078.0,17.8,19.86,92.2,29.625999999999998,5.986,122.0,225.6,3.08,0.7095425698802054
2026-04-25T18:05:11,04/25/202606:05,140.49,0.63,88.5087,54.89,1.1099999999999999,60.927899999999994,60.4,0.8,15.0,198.7,23828.0,45078.0,17.8,19.88,92.1,29.623,5.973,123.0,235.8,3.04,0.6883831758911835
2026-04-25T18:06:01,04/25/202606:06,140.74,0.6199999999999999,87.2588,54.879999999999995,1.06,58.172799999999995,57.6,0.8,15.0,198.7,23828.0,45078.0,17.8,19.9,92.0,29.619999999999997,5.96,124.0,246.0,3.0,0.6666697227099158
2026-04-25T18:06:06,04/25/202606:06,141.14000000000001,0.63,88.91820000000001,54.879999999999995,1.06,58.172799999999995,57.6,0.8,15.0,198.7,23828.0,45078.0,17.8,19.9,92.0,29.619999999999997,5.96,124.0,246.0,3.0,0.6542282682285515
2026-04-25T18:08:09,04/25/202606:08,141.59,0.6399999999999999,90.61759999999998,54.879999999999995,1.0699999999999998,58.72159999999999,58.2,0.8,15.0,198.7,23828.0,45078.0,17.8,19.9,92.0,29.619999999999997,5.96,124.0,246.0,3.0,0.6480153965675542
2026-04-25T18:09:00,04/25/202606:09,141.82,0.65,92.18299999999999,54.879999999999995,1.1099999999999999,60.91679999999999,60.4,0.8,15.0,198.7,23828.0,45078.0,17.8,19.9,92.0,29.619999999999997,5.96,124.0,246.0,3.0,0.6608246639835977
2026-04-25T18:09:07,04/25/202606:09,142.26,0.6399999999999999,91.04639999999998,54.879999999999995,1.1,60.368,59.8,0.8,15.0,198.7,23828.0,45078.0,17.8,19.9,92.0,29.619999999999997,5.96,124.0,246.0,3.0,0.6630465345142699
2026-04-25T18:10:00,04/25/202606:10,142.9,0.6199999999999999,88.59799999999998,54.879999999999995,1.0699999999999998,58.72159999999999,58.1,0.8,15.0,198.7,23828.0,45078.0,17.8,19.9,92.0,29.619999999999997,5.96,124.0,246.0,3.0,0.6627869703605047
2026-04-25T18:10:07,04/25/202606:10,143.4,0.6199999999999999,88.90799999999999,54.879999999999995,1.0699999999999998,58.72159999999999,58.1,0.8,15.0,198.7,23828.0,45078.0,17.8,19.9,92.0,29.619999999999997,5.96,124.0,246.0,3.0,0.6604759976605029
2026-04-25T18:11:00,04/25/202606:11,143.73,0.63,90.5499,54.879999999999995,1.06,58.172799999999995,57.6,0.8,15.0,198.7,23828.0,45078.0,17.8,19.9,92.0,29.619999999999997,5.96,124.0,246.0,3.0,0.6424391412911554
2026-04-25T18:11:07,04/25/202606:11,143.98,0.6399999999999999,92.14719999999998,54.879999999999995,1.05,57.623999999999995,57.1,0.8,15.0,198.7,23828.0,45078.0,17.8,19.9,92.0,29.619999999999997,5.96,124.0,246.0,3.0,0.6253472704542298
2026-04-25T18:12:00,04/25/202606:12,144.13,0.65,93.6845,54.89,1.07,58.7323,58.2,0.8,15.0,198.7,23828.0,45078.0,17.8,19.9,92.0,29.619999999999997,5.96,124.0,246.0,3.0,0.6269158718891599
2026-04-25T18:12:06,04/25/202606:12,144.3,0.6399999999999999,92.35199999999999,54.9,1.06,58.194,57.6,0.8,15.0,198.7,23828.0,45078.0,17.8,19.9,92.0,29.619999999999997,5.96,124.0,246.0,3.0,0.6301325363825365
2026-04-25T18:12:54,04/25/202606:12,144.3,0.63,90.909,54.9,1.04,57.096000000000004,56.5,0.8,15.0,198.7,23828.0,45078.0,17.8,19.9,92.0,29.619999999999997,5.96,124.0,246.0,3.0,0.6280566280566281
2026-04-25T18:13:00,04/25/202606:13,144.25,0.6199999999999999,89.43499999999999,54.9,1.0100000000000002,55.44900000000001,54.8,0.8,15.0,198.7,23828.0,45078.0,17.8,19.9,92.0,29.619999999999997,5.96,124.0,246.0,3.0,0.6199921730865994
2026-04-25T18:13:54,04/25/202606:13,144.19,0.6,86.514,54.9,0.9700000000000001,53.253,52.6,0.8,15.0,198.7,23828.0,45078.0,17.8,19.9,92.0,29.619999999999997,5.96,124.0,246.0,3.0,0.6155419932034122
2026-04-25T18:14:00,04/25/202606:14,143.92000000000002,0.6,86.352,54.9,0.9800000000000001,53.80200000000001,53.2,0.8,15.0,198.7,23828.0,45078.0,17.8,19.9,92.0,29.619999999999997,5.96,124.0,246.0,3.0,0.6230544747081712
2026-04-25T18:14:55,04/25/202606:14,143.44,0.6,86.064,54.9,1.0,54.9,54.3,0.8,15.0,198.7,23828.0,45078.0,17.8,19.9,92.0,29.619999999999997,5.96,124.0,246.0,3.0,0.6378973786949247
2026-04-25T18:15:00,04/25/202606:15,143.1,0.58,82.99799999999999,54.9,0.99,54.351,53.7,0.8,15.0,198.7,23828.0,45078.0,17.8,19.9,92.0,29.619999999999997,5.96,124.0,246.0,3.0,0.6548471047495121
2026-04-25T18:15:54,04/25/202606:15,142.72,0.5700000000000001,81.35040000000001,54.9,0.99,54.351,53.7,0.8,15.0,198.7,23828.0,45078.0,17.8,19.91,92.0,29.619999999999997,6.029,125.1,242.8,2.96,0.6681098064668397
2026-04-25T18:16:00,04/25/202606:16,142.42000000000002,0.5599999999999999,79.7552,54.9,0.99,54.351,53.7,0.8,15.0,198.7,23828.0,45078.0,17.8,19.919999999999998,92.0,29.619999999999997,6.098000000000001,126.2,239.6,2.92,0.6814728067887736
2026-04-25T18:16:55,04/25/202606:16,141.89000000000001,0.55,78.03950000000002,54.9,0.99,54.351,53.7,0.8,15.0,198.7,23828.0,45078.0,17.8,19.93,92.0,29.619999999999997,6.167,127.3,236.4,2.88,0.6964550003523855
2026-04-25T18:17:00,04/25/202606:17,141.34,0.5599999999999999,79.15039999999999,54.9,1.02,55.998,55.4,0.8,15.0,198.7,23828.0,45078.0,17.8,19.939999999999998,92.0,29.619999999999997,6.236,128.4,233.2,2.84,0.7074885281691565
2026-04-25T18:17:54,04/25/202606:17,140.84,0.5599999999999999,78.87039999999999,54.9,1.0,54.9,54.3,0.8,15.0,198.7,23828.0,45078.0,17.8,19.95,92.0,29.619999999999997,6.305000000000001,129.5,230.0,2.8,0.6960786302592609
2026-04-25T18:19:22,04/25/202606:19,140.44,0.5599999999999999,78.64639999999999,54.910000000000004,1.02,56.0082,55.4,0.8,15.0,198.7,23828.0,45078.0,17.8,19.96,92.0,29.619999999999997,6.3740000000000006,130.6,226.8,2.7600000000000002,0.7121521137649023
2026-04-25T18:19:54,04/25/202606:19,140.1,0.5700000000000001,79.857,54.910000000000004,1.04,57.10640000000001,56.5,0.8,15.0,198.7,23828.0,45078.0,17.8,19.97,92.0,29.619999999999997,6.4430000000000005,131.7,223.6,2.7199999999999998,0.7151082560076137
2026-04-25T18:20:00,04/25/202606:20,139.76,0.58,81.06079999999999,54.910000000000004,1.06,58.204600000000006,57.6,0.8,15.0,198.7,23828.0,45078.0,17.8,19.98,92.0,29.619999999999997,6.5120000000000005,132.8,220.4,2.68,0.718036338156051
2026-04-25T18:20:03,04/25/202606:20,139.62,0.6,83.772,54.910000000000004,1.08,59.302800000000005,58.7,0.8,15.0,198.7,23828.0,45078.0,17.8,19.990000000000002,92.0,29.619999999999997,6.581,133.9,217.2,2.64,0.7079071766222604
2026-04-25T18:21:01,04/25/202606:21,139.48,0.6199999999999999,86.47759999999998,54.910000000000004,1.1,60.40100000000001,59.8,0.8,15.0,198.7,23828.0,45078.0,17.8,20.0,92.0,29.619999999999997,6.65,135.0,214.0,2.6,0.6984583290933146
2026-04-25T18:21:04,04/25/202606:21,139.47,0.61,85.0767,54.910000000000004,1.08,59.302800000000005,58.7,0.8,15.0,198.7,23828.0,45078.0,17.8,20.0,92.0,29.619999999999997,6.65,135.0,214.0,2.6,0.6970510139673965
2026-04-25T18:22:00,04/25/202606:22,139.45999999999998,0.6,83.67599999999999,54.910000000000004,1.06,58.204600000000006,57.6,0.8,15.0,198.7,23828.0,45078.0,17.8,20.0,92.0,29.619999999999997,6.65,135.0,214.0,2.6,0.6955949137148049
2026-04-25T18:22:04,04/25/202606:22,139.70999999999998,0.6,83.82599999999998,54.9,1.05,57.645,57.0,0.8,15.0,198.7,23828.0,45078.0,17.8,20.0,92.0,29.619999999999997,6.65,135.0,214.0,2.6,0.68767446854198
2026-04-25T18:23:01,04/25/202606:23,139.95999999999998,0.6,83.97599999999998,54.89,1.04,57.0856,56.4,0.8,15.0,198.7,23828.0,45078.0,17.8,20.0,92.0,29.619999999999997,6.65,135.0,214.0,2.6,0.6797847003905879
2026-04-25T18:23:04,04/25/202606:23,140.17000000000002,0.6,84.102,54.9,1.08,59.292,58.6,0.8,15.0,198.7,23828.0,45078.0,17.8,20.0,92.0,29.619999999999997,6.65,135.0,214.0,2.6,0.7050010701291289
2026-04-25T18:24:00,04/25/202606:24,140.28,0.6,84.16799999999999,54.9,1.08,59.292,58.6,0.8,15.0,198.7,23828.0,45078.0,17.8,20.0,92.0,29.619999999999997,6.65,135.0,214.0,2.6,0.7044482463644142
2026-04-25T18:24:04,04/25/202606:24,140.38,0.6,84.228,54.9,1.05,57.645,56.9,0.8,15.0,198.7,23828.0,45078.0,17.8,20.0,92.0,29.619999999999997,6.65,135.0,214.0,2.6,0.6843923635845562
2026-04-25T18:25:01,04/25/202606:25,140.48,0.6,84.288,54.9,1.02,55.998,55.2,0.8,15.0,198.7,23828.0,45078.0,17.8,20.0,92.0,29.619999999999997,6.65,135.0,214.0,2.6,0.664365034168565
2026-04-25T18:25:04,04/25/202606:25,140.60999999999999,0.6,84.36599999999999,54.9,1.0,54.9,54.1,0.8,15.0,198.7,23828.0,45078.0,17.8,20.0,92.0,29.619999999999997,6.65,135.0,214.0,2.6,0.6507360785150417
2026-04-25T18:26:00,04/25/202606:26,140.74,0.6,84.444,54.9,0.9800000000000001,53.80200000000001,53.0,0.8,15.0,198.7,23828.0,45078.0,17.8,20.0,92.0,29.619999999999997,6.65,135.0,214.0,2.6,0.6371323006963195
2026-04-25T18:26:03,04/25/202606:26,140.82,0.61,85.9002,54.9,0.9800000000000001,53.80200000000001,53.0,0.8,15.0,198.7,23828.0,45078.0,17.8,20.0,92.0,29.619999999999997,6.65,135.0,214.0,2.6,0.6263314870046869
2026-04-25T18:27:00,04/25/202606:26,141.02,0.6199999999999999,87.43239999999999,54.9,1.01,55.449,54.6,0.8,15.0,198.7,23828.0,45078.0,17.8,20.0,92.0,29.619999999999997,6.65,135.0,214.0,2.4,0.6341928163930077
2026-04-25T18:27:01,04/25/202606:27,141.19,0.6199999999999999,87.53779999999998,54.910000000000004,1.03,56.557300000000005,55.7,0.8,15.0,198.7,23828.0,45078.0,17.8,20.0,92.0,29.619999999999997,6.65,135.0,214.0,2.2,0.6460900319633349
2026-04-25T18:28:00,04/25/202606:28,141.68,0.6199999999999999,87.84159999999999,54.92,1.04,57.116800000000005,56.3,0.8,15.0,198.7,23828.0,45078.0,17.8,20.0,92.0,29.619999999999997,6.65,135.0,214.0,2.0,0.650224950365203
2026-04-25T18:29:00,04/25/202606:28,142.01,0.6199999999999999,88.04619999999998,54.910000000000004,1.04,57.10640000000001,56.3,0.8,15.0,198.7,23828.0,45078.0,17.8,20.0,92.0,29.619999999999997,6.65,135.0,214.0,1.8,0.6485958508146862
2026-04-25T18:29:01,04/25/202606:29,142.34,0.6199999999999999,88.25079999999998,54.9,1.04,57.096000000000004,56.3,0.8,15.0,198.7,23828.0,45078.0,17.8,20.0,92.0,29.619999999999997,6.65,135.0,214.0,1.6,0.6469743050487929
2026-04-25T18:30:32,04/25/202606:30,142.49,0.63,89.76870000000001,54.9,1.1,60.39,59.6,0.8,15.0,198.7,23828.0,45078.0,17.8,20.0,92.0,29.619999999999997,6.65,135.0,214.0,1.4,0.6727289133071994
2026-04-25T18:31:00,04/25/202606:31,142.64000000000001,0.6399999999999999,91.2896,54.9,1.16,63.684,62.9,0.8,15.0,198.7,23828.0,45078.0,17.8,20.0,92.0,29.619999999999997,6.65,135.0,214.0,1.2,0.6976041082445317
2026-04-25T18:31:01,04/25/202606:31,142.73,0.63,89.9199,54.9,1.16,63.684,62.9,0.8,15.0,198.7,23828.0,45078.0,17.8,20.009999999999998,91.9,29.619999999999997,6.613000000000001,134.0,208.2,1.0,0.7082303249892404
2026-04-25T18:32:00,04/25/202606:32,142.51,0.63,89.7813,54.9,1.18,64.782,64.0,0.8,15.0,198.7,23828.0,45078.0,17.8,20.03,91.8,29.619999999999997,6.5760000000000005,133.0,197.2,0.8,0.7215533747005222
2026-04-25T18:32:59,04/25/202606:32,142.48,0.6399999999999999,91.18719999999998,54.9,1.21,66.429,65.6,0.8,15.0,198.7,23828.0,45078.0,17.8,20.05,91.7,29.619999999999997,6.539,132.0,186.2,0.6,0.7284904021617071
2026-04-25T18:33:00,04/25/202606:33,142.32999999999998,0.65,92.5145,54.9,1.21,66.429,65.6,0.8,15.0,198.7,23828.0,45078.0,17.8,20.07,91.6,29.619999999999997,6.502000000000001,131.0,175.2,0.6,0.7180387939187911
2026-04-25T18:33:33,04/25/202606:33,142.16,0.65,92.404,54.9,1.19,65.33099999999999,64.5,0.8,15.0,198.7,23828.0,45078.0,17.8,20.09,91.5,29.619999999999997,6.465000000000001,130.0,164.2,0.6,0.7070148478420847
2026-04-25T18:34:00,04/25/202606:34,141.67000000000002,0.65,92.08550000000001,54.9,1.18,64.782,63.9,0.8,15.0,198.7,23828.0,45078.0,17.8,20.11,91.4,29.619999999999997,6.428,129.0,153.2,0.6,0.7034983792236562
2026-04-25T18:34:33,04/25/202606:34,141.07,0.65,91.6955,54.9,1.17,64.23299999999999,63.4,0.8,15.0,198.7,23828.0,45078.0,17.8,20.130000000000003,91.3,29.619999999999997,6.534000000000001,127.1,142.2,0.6,0.7005032962359111
2026-04-25T18:35:00,04/25/202606:35,140.47,0.65,91.30550000000001,54.9,1.16,63.684,62.9,0.8,15.0,198.7,23828.0,45078.0,17.8,20.15,91.2,29.619999999999997,6.640000000000001,125.2,131.2,0.6,0.6974826270049448
2026-04-25T18:35:33,04/25/202606:35,140.07,0.65,91.0455,54.9,1.15,63.13499999999999,62.4,0.8,15.0,198.7,23828.0,45078.0,17.8,20.169999999999998,91.1,29.619999999999997,6.746,123.3,120.2,0.6,0.6934444865479347
2026-04-25T18:36:00,04/25/202606:36,139.67000000000002,0.65,90.78550000000001,54.9,1.1400000000000001,62.586000000000006,61.9,0.8,15.0,198.7,23828.0,45078.0,17.8,20.19,91.0,29.619999999999997,6.851999999999999,121.4,109.2,0.6,0.6893832164828083
2026-04-25T18:36:33,04/25/202606:36,139.52,0.65,90.68800000000002,54.9,1.16,63.684,63.0,0.8,15.0,198.7,23828.0,45078.0,17.8,20.2,91.1,29.619999999999997,6.995,120.5,104.0,0.6,0.7022318278052222
2026-04-25T18:37:00,04/25/202606:37,139.68,0.6399999999999999,89.39519999999999,54.9,1.16,63.684,63.0,0.8,15.0,198.7,23828.0,45078.0,17.8,20.2,91.2,29.619999999999997,7.138,119.6,104.0,0.6,0.7123872422680413
2026-04-25T18:37:33,04/25/202606:37,139.20999999999998,0.6399999999999999,89.09439999999998,54.9,1.15,63.13499999999999,62.5,0.8,15.0,198.7,23828.0,45078.0,17.8,20.2,91.3,29.619999999999997,7.281000000000001,118.7,104.0,0.6,0.7086303965232383
2026-04-25T18:38:00,04/25/202606:38,138.74,0.6399999999999999,88.7936,54.9,1.1400000000000001,62.586000000000006,62.0,0.8,15.0,198.7,23828.0,45078.0,17.8,20.2,91.4,29.619999999999997,7.4239999999999995,117.8,104.0,0.6,0.7048480971601557
2026-04-25T18:38:34,04/25/202606:38,138.05,0.65,89.73250000000002,54.9,1.15,63.13499999999999,62.6,0.8,15.0,198.7,23828.0,45078.0,17.8,20.2,91.5,29.619999999999997,7.567,116.9,104.0,0.6,0.7035912294876436
2026-04-25T18:39:00,04/25/202606:39,137.35999999999999,0.6599999999999999,90.65759999999997,54.9,1.1600000000000001,63.684000000000005,63.2,0.8,15.0,198.7,23828.0,45078.0,17.8,20.2,91.6,29.619999999999997,7.709999999999999,116.0,104.0,0.6,0.7024673055540851
2026-04-25T18:39:33,04/25/202606:39,136.95999999999998,0.6599999999999999,90.39359999999998,54.9,1.15,63.13499999999999,62.6,0.8,15.0,198.7,23828.0,45078.0,17.8,20.2,91.7,29.619999999999997,7.709999999999999,116.0,104.0,0.6,0.6984454651656755
2026-04-25T18:40:00,04/25/202606:40,136.56,0.6599999999999999,90.1296,54.9,1.1400000000000001,62.586000000000006,62.0,0.8,15.0,198.7,23828.0,45078.0,17.8,20.2,91.8,29.619999999999997,7.709999999999999,116.0,104.0,0.6,0.6944000639079726
2026-04-25T18:41:43,04/25/202606:41,134.59,0.6599999999999999,88.82939999999999,54.9,1.12,61.48800000000001,60.9,0.8,15.0,198.7,23828.0,45078.0,17.8,20.2,91.9,29.619999999999997,7.709999999999999,116.0,104.0,0.6,0.6922032570297673
2026-04-25T18:42:01,04/25/202606:42,132.62,0.6599999999999999,87.52919999999999,54.9,1.1,60.39,59.8,0.8,15.0,198.7,23828.0,45078.0,17.8,20.2,92.0,29.619999999999997,7.709999999999999,116.0,104.0,0.6,0.6899411853415776
2026-04-25T18:42:33,04/25/202606:42,129.88,0.6699999999999999,87.01959999999998,54.89,1.08,59.281200000000005,58.7,0.8,15.0,198.7,23828.0,45078.0,17.8,20.2,92.0,29.619999999999997,7.709999999999999,116.0,104.0,0.6,0.681239628773288
2026-04-25T18:43:01,04/25/202606:43,127.14000000000001,0.6799999999999999,86.4552,54.879999999999995,1.06,58.172799999999995,57.6,0.8,15.0,198.7,23828.0,45078.0,17.8,20.2,92.0,29.619999999999997,7.709999999999999,116.0,104.0,0.6,0.6728664094236089
2026-04-25T18:43:33,04/25/202606:43,124.83,0.6699999999999999,83.63609999999998,54.85,1.04,57.044000000000004,56.5,0.8,15.0,198.7,23828.0,45078.0,17.8,20.2,92.0,29.619999999999997,7.709999999999999,116.0,104.0,0.6,0.6820499760270985
2026-04-25T18:44:00,04/25/202606:44,122.52000000000001,0.6599999999999999,80.86319999999999,54.82000000000001,1.02,55.91640000000001,55.4,0.8,15.0,198.7,23828.0,45078.0,17.8,20.2,92.0,29.619999999999997,7.709999999999999,116.0,104.0,0.6,0.6914937820912358
2026-04-25T18:44:33,04/25/202606:44,120.47,0.6399999999999999,77.10079999999999,54.79,0.9800000000000001,53.6942,53.2,0.8,15.0,198.7,23828.0,45078.0,17.8,20.2,92.0,29.619999999999997,7.709999999999999,116.0,104.0,0.6,0.6964156013945382
2026-04-25T18:45:01,04/25/202606:45,118.42,0.6199999999999999,73.42039999999999,54.760000000000005,0.9400000000000001,51.47440000000001,51.0,0.8,15.0,198.7,23828.0,45078.0,17.8,20.2,92.0,29.619999999999997,7.709999999999999,116.0,104.0,0.6,0.701091249843368
2026-04-25T18:45:34,04/25/202606:45,115.96,0.61,70.73559999999999,54.720000000000006,0.9099999999999999,49.7952,49.4,0.8,15.0,198.7,23828.0,45078.0,17.8,20.21,92.0,29.619999999999997,7.647,115.8,110.9,0.59,0.7039623612438434
2026-04-25T18:46:00,04/25/202606:46,113.5,0.6,68.1,54.67999999999999,0.8800000000000001,48.1184,47.8,0.8,15.0,198.7,23828.0,45078.0,17.8,20.22,92.0,29.619999999999997,7.5840000000000005,115.6,117.8,0.58,0.7065844346549193
2026-04-25T18:46:33,04/25/202606:46,112.54,0.59,66.3986,54.629999999999995,0.85,46.4355,46.1,0.8,15.0,198.7,23828.0,45078.0,17.8,20.23,92.0,29.619999999999997,7.520999999999999,115.4,124.7,0.5700000000000001,0.6993445644938296
2026-04-25T18:47:01,04/25/202606:47,111.58,0.58,64.7164,54.58,0.82,44.755599999999994,44.4,0.8,15.0,198.7,23828.0,45078.0,17.8,20.240000000000002,92.0,29.619999999999997,7.458,115.2,131.6,0.5599999999999999,0.6915650437910638
2026-04-25T18:47:02,04/25/202606:47,111.17,0.5700000000000001,63.36690000000001,54.54,0.8,43.632000000000005,43.3,0.8,15.0,198.7,23828.0,45078.0,17.8,20.25,92.0,29.619999999999997,7.3950000000000005,115.0,138.5,0.55,0.6885613782589964
2026-04-25T18:48:00,04/25/202606:48,110.75999999999999,0.5599999999999999,62.02559999999999,54.5,0.78,42.51,42.2,0.8,15.0,198.7,23828.0,45078.0,17.8,20.259999999999998,92.0,29.619999999999997,7.331999999999999,114.8,145.4,0.54,0.6853621730382294
2026-04-25T18:48:01,04/25/202606:48,106.42999999999999,0.55,58.536500000000004,54.470000000000006,0.76,41.397200000000005,41.1,0.8,15.0,198.7,23828.0,45078.0,17.8,20.27,92.0,29.619999999999997,7.269,114.6,152.3,0.53,0.7072031980046638
2026-04-25T18:49:01,04/25/202606:49,103.25999999999999,0.54,55.7604,54.42999999999999,0.74,40.27819999999999,39.9,0.8,15.0,198.7,23828.0,45078.0,17.8,20.28,92.0,29.619999999999997,7.206,114.4,159.2,0.52,0.7223441725669112
2026-04-25T18:50:00,04/25/202606:50,100.07000000000001,0.54,54.037800000000004,54.39,0.74,40.2486,39.8,0.8,15.0,198.7,23828.0,45078.0,17.8,20.29,92.0,29.619999999999997,7.143000000000001,114.2,166.1,0.51,0.7448230682966368
2026-04-25T18:50:01,04/25/202606:50,96.86,0.54,52.3044,54.339999999999996,0.74,40.2116,39.7,0.8,15.0,198.7,23828.0,45078.0,17.8,20.3,92.0,29.619999999999997,7.08,114.0,173.0,0.5,0.7687995656197183
2026-04-25T18:51:01,04/25/202606:51,95.94,0.49000000000000005,47.010600000000004,54.3,0.6900000000000001,37.467,36.9,0.8,15.0,198.7,23828.0,45078.0,17.8,20.3,92.0,29.619999999999997,7.08,114.0,173.0,0.5,0.7969904659800129
2026-04-25T18:52:54,04/25/202606:52,94.92,0.5,47.46,54.260000000000005,0.6900000000000001,37.439400000000006,36.8,0.8,16.0,198.7,23828.0,45078.0,17.8,20.3,92.0,29.619999999999997,7.08,114.0,173.0,0.5,0.7888621997471557
2026-04-25T18:53:01,04/25/202606:53,93.91,0.5,46.955,54.23,0.6799999999999999,36.8764,36.2,0.8,16.0,198.7,23828.0,45078.0,17.8,20.3,92.0,29.619999999999997,7.08,114.0,173.0,0.5,0.785356192098818
2026-04-25T18:54:01,04/25/202606:54,92.9,0.5,46.45,54.2,0.67,36.31400000000001,35.6,0.8,16.0,198.7,23828.0,45078.0,17.8,20.3,92.0,29.619999999999997,7.08,114.0,173.0,0.5,0.7817868675995695
2026-04-25T18:54:38,04/25/202606:54,91.24,0.5,45.62,54.17999999999999,0.67,36.300599999999996,35.6,0.8,16.0,198.7,23828.0,45078.0,17.8,20.3,92.0,29.619999999999997,7.08,114.0,173.0,0.5,0.7957167908811924
2026-04-25T18:55:01,04/25/202606:55,89.58,0.5,44.79,54.160000000000004,0.67,36.287200000000006,35.6,0.8,16.0,198.7,23828.0,45078.0,17.8,20.3,92.0,29.619999999999997,7.08,114.0,173.0,0.5,0.8101629828086628
2026-04-25T18:55:39,04/25/202606:55,91.83,0.53,48.6699,54.14,0.71,38.4394,37.7,0.8,16.0,198.7,23828.0,45078.0,17.8,20.3,92.0,29.619999999999997,7.08,114.0,173.0,0.5,0.7897982120365976
2026-04-25T18:56:01,04/25/202606:56,92.92,0.5599999999999999,52.035199999999996,54.13000000000001,0.75,40.59750000000001,39.9,0.8,16.0,198.7,23828.0,45078.0,17.8,20.3,92.0,29.619999999999997,7.08,114.0,173.0,0.5,0.7801930231843063
2026-04-25T18:56:38,04/25/202606:56,94.02000000000001,0.5900000000000001,55.471800000000016,54.13000000000001,0.8,43.30400000000001,42.7,0.8,16.0,198.7,23828.0,45078.0,17.8,20.3,92.0,29.619999999999997,7.08,114.0,173.0,0.5,0.7806489062911245
2026-04-25T18:57:00,04/25/202606:57,95.14,0.62,58.9868,54.14,0.85,46.019,45.5,0.8,16.0,198.7,23828.0,45078.0,17.8,20.3,92.0,29.619999999999997,7.08,114.0,173.0,0.5,0.7801575945804824
2026-04-25T18:57:39,04/25/202606:57,95.01,0.6900000000000001,65.55690000000001,54.14,0.9400000000000001,50.891600000000004,50.4,0.8,16.0,198.7,23828.0,45078.0,17.8,20.3,92.0,29.619999999999997,7.08,114.0,173.0,0.5,0.7762966217133512
2026-04-25T18:58:01,04/25/202606:58,94.97999999999999,0.7,66.48599999999999,54.14,0.9800000000000001,53.05720000000001,52.6,0.8,16.0,198.7,23828.0,45078.0,17.8,20.3,92.0,29.619999999999997,7.08,114.0,173.0,0.5,0.7980206359233525
2026-04-25T18:58:38,04/25/202606:58,96.26,0.72,69.3072,54.15,1.03,55.7745,55.3,0.8,16.0,198.7,23828.0,45078.0,17.8,20.3,92.0,29.619999999999997,7.08,114.0,173.0,0.5,0.8047432301405916
2026-04-25T18:59:01,04/25/202606:59,97.53999999999999,0.74,72.1796,54.160000000000004,1.08,58.49280000000001,58.0,0.8,16.0,198.7,23828.0,45078.0,17.8,20.3,92.0,29.619999999999997,7.08,114.0,173.0,0.5,0.810378555713803
2026-04-25T18:59:38,04/25/202606:59,99.06,0.77,76.2762,54.15,1.1199999999999999,60.64799999999999,60.2,0.8,16.0,198.7,23828.0,45078.0,17.8,20.3,92.0,29.619999999999997,7.08,114.0,173.0,0.5,0.7951104014096139
2026-04-25T19:00:01,04/25/202607:00,100.58,0.8,80.464,54.14,1.16,62.8024,62.4,0.8,16.0,198.7,23828.0,45078.0,17.8,20.3,92.0,29.619999999999997,7.08,114.0,173.0,0.5,0.7805030821236827
2026-04-25T19:00:38,04/25/202607:00,103.35999999999999,0.79,81.6544,54.15,1.1800000000000002,63.897000000000006,63.5,0.8,16.0,198.7,23828.0,45078.0,17.8,20.3,92.0,29.619999999999997,6.776000000000001,111.3,169.0,0.5,0.7825297840655251
2026-04-25T19:01:01,04/25/202607:01,106.14000000000001,0.78,82.78920000000001,54.160000000000004,1.2,64.992,64.6,0.8,16.0,198.7,23828.0,45078.0,17.8,20.3,92.0,29.619999999999997,6.4719999999999995,108.6,165.0,0.5,0.7850299314403327
2026-04-25T19:01:14,04/25/202607:01,107.75999999999999,0.78,84.05279999999999,54.15,1.2,64.97999999999999,64.6,0.8,16.0,198.7,23828.0,45078.0,17.8,20.3,92.0,29.619999999999997,6.168,105.9,161.0,0.5,0.7730854891211238
2026-04-25T19:02:01,04/25/202607:02,109.38,0.78,85.3164,54.14,1.2,64.968,64.6,0.8,16.0,198.7,23828.0,45078.0,17.8,20.3,92.0,29.619999999999997,5.864,103.2,157.0,0.5,0.7614948591361098
2026-04-25T19:02:14,04/25/202607:02,109.64000000000001,0.8,87.71200000000002,54.15,1.22,66.063,65.7,0.8,16.0,198.7,23828.0,45078.0,17.8,20.3,92.0,29.619999999999997,5.5600000000000005,100.5,153.0,0.5,0.7531808646479385
2026-04-25T19:04:06,04/25/202607:04,111.29,0.8,89.03200000000001,54.15,1.23,66.6045,66.2,0.8,16.0,198.7,23828.0,45078.0,17.8,20.3,92.0,29.619999999999997,5.256,97.8,149.0,0.5,0.7480961901338844
2026-04-25T19:04:14,04/25/202607:04,110.74000000000001,0.77,85.2698,54.14,1.1800000000000002,63.88520000000001,63.5,0.8,16.0,198.7,23828.0,45078.0,17.8,20.3,92.0,29.619999999999997,4.952,95.1,145.0,0.5,0.7492124996188569
2026-04-25T19:05:00,04/25/202607:05,110.19000000000001,0.74,81.54060000000001,54.13000000000001,1.1300000000000001,61.16690000000002,60.8,0.8,16.0,198.7,23828.0,45078.0,17.8,20.3,92.0,29.619999999999997,4.648000000000001,92.4,141.0,0.5,0.7501404208455666
2026-04-25T19:05:14,04/25/202607:05,110.05,0.6900000000000001,75.9345,54.13000000000001,1.06,57.377800000000015,57.0,0.8,16.0,198.7,23828.0,45078.0,17.8,20.3,92.0,29.619999999999997,4.343999999999999,89.7,137.0,0.5,0.7556222797279236
2026-04-25T19:06:01,04/25/202607:06,109.91,0.64,70.3424,54.13000000000001,0.99,53.58870000000001,53.2,0.8,16.0,198.7,23828.0,45078.0,17.8,20.3,92.0,29.619999999999997,4.04,87.0,133.0,0.5,0.7618264375398055
2026-04-25T19:06:14,04/25/202607:06,108.47999999999999,0.6,65.088,54.13000000000001,0.89,48.175700000000006,47.8,0.8,16.0,198.7,23828.0,45078.0,17.8,20.3,92.0,29.619999999999997,4.04,87.0,133.0,0.5,0.7401625491642086
2026-04-25T19:07:00,04/25/202607:07,107.05,0.5599999999999999,59.94799999999999,54.13000000000001,0.7899999999999999,42.7627,42.4,0.8,16.0,198.7,23828.0,45078.0,17.8,20.3,92.0,29.619999999999997,4.04,87.0,133.0,0.5,0.7133298859011145
2026-04-25T19:07:14,04/25/202607:07,107.12,0.52,55.702400000000004,54.13000000000001,0.7,37.891000000000005,37.5,0.8,16.0,198.7,23828.0,45078.0,17.8,20.3,92.0,29.619999999999997,4.04,87.0,133.0,0.5,0.6802399896593325
2026-04-25T19:08:01,04/25/202607:08,107.19000000000001,0.48,51.45120000000001,54.13000000000001,0.61,33.01930000000001,32.6,0.8,16.0,198.7,23828.0,45078.0,17.8,20.3,92.0,29.619999999999997,4.04,87.0,133.0,0.5,0.6417595702335418
2026-04-25T19:08:15,04/25/202607:08,110.41,0.39,43.0599,54.120000000000005,0.48,25.977600000000002,25.6,0.8,16.0,198.7,23828.0,45078.0,17.8,20.3,92.0,29.619999999999997,4.04,87.0,133.0,0.5,0.6032898357868923
2026-04-25T19:09:00,04/25/202607:09,112.24000000000001,0.32,35.9168,54.120000000000005,0.36,19.4832,19.2,0.8,16.0,198.7,23828.0,45078.0,17.8,20.3,92.0,29.619999999999997,4.04,87.0,133.0,0.5,0.5424536707056308
2026-04-25T19:09:14,04/25/202607:09,107.50999999999999,0.31,33.3281,54.120000000000005,0.32999999999999996,17.8596,17.6,0.8,16.0,198.7,23828.0,45078.0,17.8,20.3,92.0,29.619999999999997,4.04,87.0,133.0,0.5,0.5358721319247122
2026-04-25T19:10:00,04/25/202607:10,102.78,0.3,30.834,54.120000000000005,0.3,16.236,16.0,0.8,16.0,198.7,23828.0,45078.0,17.8,20.3,92.0,29.619999999999997,4.04,87.0,133.0,0.5,0.5265615878575599
2026-04-25T19:11:00,04/25/202607:11,98.06,0.3,29.418,54.120000000000005,0.29,15.6948,15.4,0.8,16.0,198.7,23828.0,45078.0,17.8,20.3,92.0,29.619999999999997,4.04,87.0,133.0,0.5,0.5335100958596778
2026-04-25T19:11:14,04/25/202607:11,93.35,0.3,28.005,54.11,0.27999999999999997,15.150799999999998,14.8,0.8,16.0,198.7,23828.0,45078.0,17.8,20.3,92.0,29.619999999999997,4.04,87.0,133.0,0.5,0.5410033922513836
2026-04-25T19:12:00,04/25/202607:12,88.65,0.31,27.4815,54.089999999999996,0.29,15.686099999999998,15.3,0.8,16.0,198.7,23828.0,45078.0,17.8,20.3,92.0,29.619999999999997,4.04,87.0,133.0,0.5,0.5707876207630587
2026-04-25T19:12:10,04/25/202607:12,86.78,0.32,27.7696,54.089999999999996,0.3,16.226999999999997,15.8,0.8,16.0,198.7,23828.0,45078.0,17.8,20.3,92.0,29.619999999999997,4.04,87.0,133.0,0.5,0.5843440308826917
2026-04-25T19:13:00,04/25/202607:13,84.56,0.32,27.0592,54.1,0.31,16.771,16.3,0.8,16.0,198.7,23828.0,45078.0,17.8,20.3,92.0,29.619999999999997,4.04,87.0,133.0,0.5,0.6197892029328288
2026-04-25T19:13:11,04/25/202607:13,82.34,0.31,25.5254,54.1,0.31,16.771,16.3,0.8,16.0,198.7,23828.0,45078.0,17.8,20.3,92.0,29.619999999999997,4.04,87.0,133.0,0.5,0.6570318192858878
2026-04-25T19:15:19,04/25/202607:15,74.72999999999999,0.34,25.408199999999997,54.089999999999996,0.34,18.3906,17.9,0.8,16.0,198.7,23828.0,45078.0,17.8,20.3,92.0,29.619999999999997,4.04,87.0,133.0,0.5,0.7238057005218788
2026-04-25T19:16:00,04/25/202607:16,67.11999999999999,0.37,24.834399999999995,54.08,0.37,20.0096,19.5,0.8,16.0,198.7,23828.0,45078.0,17.8,20.3,92.0,29.619999999999997,4.04,87.0,133.0,0.5,0.8057210965435043
2026-04-25T19:16:10,04/25/202607:16,67.08,0.36,24.148799999999998,54.07000000000001,0.37,20.005900000000004,19.5,0.8,16.0,198.7,23828.0,45078.0,17.8,20.3,92.0,29.619999999999997,4.015,82.3,131.0,0.49000000000000005,0.8284428211753796
2026-04-25T19:17:01,04/25/202607:17,67.03999999999999,0.35,23.463999999999995,54.06,0.37,20.002200000000002,19.5,0.8,16.0,198.7,23828.0,45078.0,17.8,20.3,92.0,29.619999999999997,3.9899999999999998,77.6,129.0,0.48,0.8524633481077398
2026-04-25T19:18:00,04/25/202607:18,67.0,0.33999999999999997,22.779999999999998,54.05,0.37,19.9985,19.5,0.8,16.0,198.7,23828.0,45078.0,17.8,20.3,92.0,29.619999999999997,3.965,72.9,127.0,0.47000000000000003,0.8778972783143109
2026-04-25T19:18:10,04/25/202607:18,66.96000000000001,0.32999999999999996,22.096799999999998,54.05,0.37,19.9985,19.5,0.8,16.0,198.7,23828.0,45078.0,17.8,20.3,92.0,29.619999999999997,3.94,68.2,125.0,0.45999999999999996,0.9050405488577532
2026-04-25T19:19:43,04/25/202607:19,69.44,0.32999999999999996,22.915199999999995,54.06,0.37,20.002200000000002,19.5,0.8,16.0,198.7,23828.0,45078.0,17.8,20.3,92.0,29.619999999999997,3.915,63.5,123.0,0.45,0.8728791369920404
2026-04-25T19:20:00,04/25/202607:20,69.09,0.32999999999999996,22.799699999999998,54.05,0.37,19.9985,19.5,0.8,16.0,198.7,23828.0,45078.0,17.8,20.3,92.0,29.619999999999997,3.8899999999999997,58.8,121.0,0.44000000000000006,0.8771387342815915
2026-04-25T19:20:43,04/25/202607:20,68.74,0.33999999999999997,23.371599999999997,54.04,0.38,20.5352,20.1,0.8,16.0,198.7,23828.0,45078.0,17.8,20.3,92.0,29.619999999999997,3.8649999999999998,54.1,119.0,0.43,0.8786390319875406
2026-04-25T19:21:01,04/25/202607:21,68.39,0.36,24.6204,54.04,0.4,21.616,21.2,0.8,16.0,198.7,23828.0,45078.0,17.8,20.3,92.0,29.619999999999997,3.84,49.4,117.0,0.42000000000000004,0.8779711133856477
2026-04-25T19:22:01,04/25/202607:22,71.03999999999999,0.38,26.995199999999997,54.05,0.42000000000000004,22.701,22.3,0.8,16.0,198.7,23828.0,45078.0,17.8,20.3,92.0,29.619999999999997,3.815,44.7,115.0,0.41000000000000003,0.8409272759601708
2026-04-25T19:22:43,04/25/202607:22,74.22,0.39,28.945800000000002,54.06,0.45,24.327,23.9,0.8,16.0,198.7,23828.0,45078.0,17.8,20.3,92.0,29.619999999999997,3.79,40.0,113.0,0.4,0.8404328089049189
2026-04-25T19:23:01,04/25/202607:23,77.28,0.4,30.912000000000003,54.07000000000001,0.47000000000000003,25.412900000000004,25.0,0.8,16.0,198.7,23828.0,45078.0,17.8,20.3,92.0,29.619999999999997,3.79,40.0,113.0,0.4,0.8221046842650104
2026-04-25T19:23:43,04/25/202607:23,80.35,0.42000000000000004,33.747,54.08,0.5,27.04,26.6,0.8,16.0,198.7,23828.0,45078.0,17.8,20.3,92.0,29.619999999999997,3.79,40.0,113.0,0.4,0.8012564079770054
2026-04-25T19:24:01,04/25/202607:24,83.41999999999999,0.44000000000000006,36.7048,54.089999999999996,0.53,28.6677,28.2,0.8,16.0,198.7,23828.0,45078.0,17.8,20.3,92.0,29.619999999999997,3.79,40.0,113.0,0.4,0.7810340881846516
2026-04-25T19:24:43,04/25/202607:24,86.47999999999999,0.45999999999999996,39.78079999999999,54.1,0.55,29.755000000000003,29.3,0.8,16.0,198.7,23828.0,45078.0,17.8,20.3,92.0,29.619999999999997,3.79,40.0,113.0,0.4,0.7479738969553154
2026-04-25T19:25:01,04/25/202607:25,87.02000000000001,0.47000000000000003,40.89940000000001,54.1,0.5700000000000001,30.837000000000003,30.4,0.8,16.0,198.7,23828.0,45078.0,17.8,20.3,92.0,29.619999999999997,3.79,40.0,113.0,0.4,0.7539719409086686
2026-04-25T19:26:29,04/25/202607:26,87.99,0.48,42.2352,54.1,0.58,31.378,31.0,0.8,16.0,198.7,23828.0,45078.0,17.8,20.3,92.0,29.619999999999997,3.79,40.0,113.0,0.4,0.7429348031973331
2026-04-25T19:26:43,04/25/202607:26,88.96000000000001,0.47000000000000003,41.81120000000001,54.1,0.5700000000000001,30.837000000000003,30.4,0.8,16.0,198.7,23828.0,45078.0,17.8,20.3,92.0,29.619999999999997,3.79,40.0,113.0,0.4,0.7375296571253634
2026-04-25T19:27:00,04/25/202607:27,89.92999999999999,0.45999999999999996,41.367799999999995,54.1,0.5599999999999999,30.296,29.8,0.8,16.0,198.7,23828.0,45078.0,17.8,20.3,92.0,29.619999999999997,3.79,40.0,113.0,0.4,0.7323570506529233
2026-04-25T19:27:43,04/25/202607:27,90.89,0.45,40.9005,54.1,0.5399999999999999,29.213999999999995,28.7,0.8,16.0,198.7,23828.0,45078.0,17.8,20.3,92.0,29.619999999999997,3.79,40.0,113.0,0.4,0.7142699966993067
2026-04-25T19:28:01,04/25/202607:28,91.32000000000001,0.45,41.094,54.1,0.51,27.591,27.1,0.8,16.0,198.7,23828.0,45078.0,17.8,20.3,92.0,29.619999999999997,3.79,40.0,113.0,0.4,0.6714118849467076
2026-04-25T19:28:43,04/25/202607:28,91.07000000000001,0.45,40.981500000000004,54.1,0.47000000000000003,25.427000000000003,25.5,0.8,16.0,198.7,23828.0,45078.0,17.8,20.3,92.0,29.619999999999997,3.79,40.0,106.8,0.4,0.6204506911655259
2026-04-25T19:29:00,04/25/202607:29,90.81,0.44000000000000006,39.95640000000001,54.1,0.42000000000000004,22.722,23.4,0.8,16.0,198.7,23828.0,45078.0,17.8,20.3,92.0,29.619999999999997,3.79,40.0,100.6,0.4,0.5686698501366488
2026-04-25T19:29:44,04/25/202607:29,90.55,0.43,38.936499999999995,54.1,0.38,20.558,21.3,0.8,16.0,198.7,23828.0,45078.0,17.8,20.3,92.0,29.619999999999997,3.691,47.9,94.4,0.4,0.5279878776983037
2026-04-25T19:30:01,04/25/202607:30,90.28999999999999,0.42000000000000004,37.9218,54.1,0.35,18.935,19.7,0.8,16.0,198.7,23828.0,45078.0,17.8,20.3,92.0,29.619999999999997,3.592,55.8,88.2,0.4,0.4993170155425112
2026-04-25T19:30:43,04/25/202607:30,87.36,0.41000000000000003,35.817600000000006,54.1,0.32999999999999996,17.852999999999998,18.6,0.8,16.0,198.7,23828.0,45078.0,17.8,20.28,92.0,29.619999999999997,3.4859999999999998,61.7,80.5,0.39,0.49844210667381383
2026-04-25T19:31:00,04/25/202607:31,84.0,0.4,33.6,54.1,0.32,17.312,18.0,0.8,16.0,198.7,23828.0,45078.0,17.8,20.26,92.0,29.619999999999997,3.38,67.6,72.8,0.38,0.5152380952380953
2026-04-25T19:31:43,04/25/202607:31,80.64,0.41000000000000003,33.062400000000004,54.1,0.32,17.312,18.0,0.8,16.0,198.7,23828.0,45078.0,17.8,20.240000000000002,92.0,29.619999999999997,3.274,73.5,65.1,0.37,0.5236159504452187
2026-04-25T19:32:01,04/25/202607:32,77.28,0.42000000000000004,32.457600000000006,54.1,0.32,17.312,18.0,0.8,16.0,198.7,23828.0,45078.0,17.8,20.220000000000002,92.0,29.619999999999997,3.168,79.4,57.4,0.36,0.533372769397614
2026-04-25T19:33:00,04/25/202607:33,73.92999999999999,0.43,31.789899999999996,54.089999999999996,0.33,17.8497,18.5,0.8,16.0,198.7,23828.0,45078.0,17.8,20.2,92.0,29.619999999999997,3.0620000000000003,85.3,49.7,0.35,0.5614896555195203
2026-04-25T19:33:42,04/25/202607:33,73.17999999999999,0.42000000000000004,30.7356,54.089999999999996,0.33,17.8497,18.5,0.8,16.0,198.7,23828.0,45078.0,17.8,20.18,92.0,29.619999999999997,2.956,91.2,42.0,0.33999999999999997,0.5807500097606684
2026-04-25T19:34:01,04/25/202607:34,73.11,0.41,29.975099999999998,54.089999999999996,0.33999999999999997,18.390599999999996,18.5,0.8,16.0,198.7,23828.0,45078.0,17.8,20.160000000000004,92.0,29.619999999999997,2.85,97.1,40.5,0.32999999999999996,0.613529229260286
2026-04-25T19:34:22,04/25/202607:34,73.03,0.4,29.212000000000003,54.08,0.35,18.927999999999997,18.5,0.8,16.0,198.7,23828.0,45078.0,17.8,20.14,92.0,29.619999999999997,2.7439999999999998,103.0,39.0,0.32,0.647952896070108
2026-04-25T19:35:00,04/25/202607:35,72.95,0.39,28.4505,54.07000000000001,0.35,18.924500000000002,18.5,0.8,16.0,198.7,23828.0,45078.0,17.8,20.12,92.0,29.619999999999997,2.737,101.0,37.5,0.31,0.6651728440624946
2026-04-25T19:35:22,04/25/202607:35,77.58,0.35,27.153,54.06,0.32,17.299200000000003,16.9,0.8,16.0,198.7,23828.0,45078.0,17.8,20.1,92.0,29.619999999999997,2.73,99.0,36.0,0.3,0.6371008728317314
2026-04-25T19:36:01,04/25/202607:36,84.88,0.31,26.3128,54.05,0.27999999999999997,15.133999999999997,14.8,0.8,16.0,198.7,23828.0,45078.0,17.8,20.1,92.0,29.619999999999997,2.73,99.0,36.0,0.3,0.5751573378735824
2026-04-25T19:37:40,04/25/202607:37,92.03999999999999,0.27,24.8508,54.02,0.24,12.9648,12.7,0.8,16.0,198.7,23828.0,45078.0,17.8,20.1,92.0,29.619999999999997,2.73,99.0,36.0,0.3,0.5217055386546913
2026-04-25T19:38:00,04/25/202607:38,99.2,0.22000000000000003,21.824000000000005,53.989999999999995,0.2,10.798,10.6,0.8,16.0,198.7,23828.0,45078.0,17.8,20.1,92.0,29.619999999999997,2.73,99.0,36.0,0.3,0.4947763929618767
2026-04-25T19:38:29,04/25/202607:38,106.39000000000001,0.16999999999999998,18.0863,53.96,0.16,8.6336,8.5,0.8,16.0,198.7,23828.0,45078.0,17.8,20.1,92.0,29.619999999999997,2.73,99.0,36.0,0.3,0.477355788635597
2026-04-25T19:39:41,04/25/202607:39,113.55,0.12,13.626,53.92999999999999,0.12,6.471599999999999,6.4,0.8,16.0,198.7,23828.0,45078.0,17.8,20.1,92.0,29.619999999999997,2.73,99.0,36.0,0.3,0.47494495816820775
2026-04-25T19:40:00,04/25/202607:40,118.10999999999999,0.09,10.629899999999997,53.89,0.09,4.8501,4.8,0.8,16.0,198.7,23828.0,45078.0,17.8,20.1,92.0,29.619999999999997,2.73,99.0,36.0,0.3,0.4562695792058252
2026-04-25T19:40:41,04/25/202607:40,122.60999999999999,0.06,7.3565999999999985,53.85,0.06,3.231,3.2,0.8,16.0,198.7,23828.0,45078.0,17.8,20.1,92.0,29.619999999999997,2.73,99.0,36.0,0.3,0.4391974553462198
2026-04-25T19:41:00,04/25/202607:41,127.12,0.03,3.8136,53.82000000000001,0.03,1.6146000000000003,1.6,0.8,16.0,198.7,23828.0,45078.0,17.8,20.1,92.0,29.619999999999997,2.73,99.0,36.0,0.3,0.42337948395217123
2026-04-25T19:41:41,04/25/202607:41,131.66,0.0,0.0,53.79,0.0,0.0,0.0,0.8,16.0,198.7,23828.0,45078.0,17.8,20.1,92.0,29.619999999999997,2.73,99.0,36.0,0.3,
2026-04-25T19:42:00,04/25/202607:42,131.49,0.0,0.0,53.760000000000005,0.0,0.0,0.0,0.8,16.0,198.7,23828.0,45078.0,17.8,20.1,92.0,29.619999999999997,2.73,99.0,36.0,0.3,
2026-04-25T19:42:41,04/25/202607:42,131.25,0.0,0.0,53.720000000000006,0.0,0.0,0.0,0.8,16.0,198.7,23828.0,45078.0,17.9,20.1,92.0,29.619999999999997,2.73,99.0,36.0,0.3,
2026-04-25T19:43:00,04/25/202607:43,131.15,0.0,0.0,53.7,0.0,0.0,0.0,0.8,16.0,198.7,23828.0,45078.0,17.9,20.1,92.0,29.619999999999997,2.73,99.0,36.0,0.3,
2026-04-25T19:43:42,04/25/202607:43,130.95999999999998,0.0,0.0,53.67,0.0,0.0,0.0,0.8,16.0,198.7,23828.0,45078.0,17.8,20.1,92.0,29.619999999999997,2.73,99.0,36.0,0.3,
2026-04-25T19:44:00,04/25/202607:44,130.74,0.0,0.0,53.64,0.0,0.0,0.0,0.8,16.0,198.7,23828.0,45078.0,17.8,20.1,92.0,29.619999999999997,2.73,99.0,36.0,0.3,
2026-04-25T19:44:41,04/25/202607:44,130.44,0.0,0.0,53.620000000000005,0.0,0.0,0.0,0.8,16.0,198.7,23828.0,45078.0,17.8,20.1,92.0,29.619999999999997,2.73,99.0,36.0,0.3,
2026-04-25T19:45:00,04/25/202607:45,130.14000000000001,0.0,0.0,53.6,0.0,0.0,0.0,0.8,16.0,198.7,23828.0,45078.0,17.8,20.1,92.0,29.619999999999997,2.73,99.0,36.0,0.3,
2026-04-25T19:45:41,04/25/202607:45,129.84,0.0,0.0,53.57000000000001,0.0,0.0,0.0,0.8,16.0,198.7,23828.0,45078.0,17.8,20.1,92.0,29.619999999999997,2.73,99.0,36.0,0.3,
2026-04-25T19:46:00,04/25/202607:46,129.54000000000002,0.0,0.0,53.54,0.0,0.0,0.0,0.8,16.0,198.7,23828.0,45078.0,17.8,20.1,92.0,29.619999999999997,2.73,99.0,36.0,0.3,
2026-04-25T19:46:41,04/25/202607:46,129.13,0.0,0.0,53.5,0.0,0.0,0.0,0.8,16.0,198.7,23828.0,45078.0,17.8,20.09,92.1,29.619999999999997,2.836,97.8,34.0,0.29,
2026-04-25T19:47:00,04/25/202607:47,128.72,0.0,0.0,53.46,0.0,0.0,0.0,0.8,16.0,198.7,23828.0,45078.0,17.8,20.080000000000002,92.2,29.619999999999997,2.942,96.6,32.0,0.27999999999999997,
2026-04-25T19:48:53,04/25/202607:48,128.26,0.0,0.0,53.42999999999999,0.0,0.0,0.0,0.8,16.0,198.7,23828.0,45078.0,17.8,20.07,92.3,29.619999999999997,3.048,95.4,30.0,0.27,
2026-04-25T19:49:01,04/25/202607:49,127.8,0.0,0.0,53.4,0.0,0.0,0.0,0.8,16.0,198.7,23828.0,45078.0,17.8,20.060000000000002,92.4,29.619999999999997,3.154,94.2,28.0,0.26,
2026-04-25T19:49:41,04/25/202607:49,127.42,0.0,0.0,53.370000000000005,0.0,0.0,0.0,0.8,16.0,198.7,23828.0,45078.0,17.8,20.05,92.5,29.619999999999997,3.2600000000000002,93.0,26.0,0.25,
2026-04-25T19:50:00,04/25/202607:50,127.04,0.0,0.0,53.339999999999996,0.0,0.0,0.0,0.8,16.0,198.7,23828.0,45078.0,17.8,20.04,92.6,29.619999999999997,3.3659999999999997,91.8,24.0,0.24,
2026-04-25T19:51:01,04/25/202607:51,126.77000000000001,0.0,0.0,53.31,0.0,0.0,0.0,0.8,16.0,198.7,23828.0,45078.0,17.8,20.03,92.7,29.619999999999997,3.472,90.6,22.0,0.22999999999999998,
2026-04-25T19:51:41,04/25/202607:51,126.45,0.0,0.0,53.279999999999994,0.0,0.0,0.0,0.8,16.0,198.7,23828.0,45078.0,17.9,20.02,92.8,29.619999999999997,3.5780000000000003,89.4,20.0,0.22000000000000003,
2026-04-25T19:52:00,04/25/202607:52,126.19000000000001,0.0,0.0,53.260000000000005,0.0,0.0,0.0,0.8,16.0,198.7,23828.0,45078.0,17.9,20.009999999999998,92.9,29.619999999999997,3.684,88.2,18.0,0.21000000000000002,
2026-04-25T19:52:10,04/25/202607:52,125.89000000000001,0.0,0.0,53.239999999999995,0.0,0.0,0.0,0.8,16.0,198.7,23828.0,45078.0,17.9,20.0,93.0,29.619999999999997,3.79,87.0,16.0,0.2,
2026-04-25T19:53:01,04/25/202607:53,125.67,0.0,0.0,53.23,0.0,0.0,0.0,0.8,16.0,198.7,23828.0,45078.0,17.9,20.0,93.0,29.619999999999997,3.79,87.0,16.0,0.2,
2026-04-25T19:53:10,04/25/202607:53,123.75999999999999,0.0,0.0,53.21,0.0,0.0,0.0,0.8,16.0,198.7,23828.0,45078.0,17.8,20.0,93.0,29.619999999999997,3.79,87.0,16.0,0.2,
2026-04-25T19:54:00,04/25/202607:54,121.97,0.0,0.0,53.19,0.0,0.0,0.0,0.8,16.0,198.7,23828.0,45078.0,17.8,20.0,93.0,29.619999999999997,3.79,87.0,16.0,0.2,
2026-04-25T19:54:10,04/25/202607:54,121.69000000000001,0.0,0.0,53.160000000000004,0.0,0.0,0.0,0.8,16.0,198.7,23828.0,45078.0,17.8,20.0,93.0,29.619999999999997,3.79,87.0,16.0,0.2,
2026-04-25T19:54:22,04/25/202607:54,121.41,0.0,0.0,53.14,0.0,0.0,0.0,0.8,16.0,198.7,23828.0,45078.0,17.9,20.0,93.0,29.619999999999997,3.79,87.0,16.0,0.2,
2026-04-25T19:55:01,04/25/202607:55,121.13,0.0,0.0,53.120000000000005,0.0,0.0,0.0,0.8,16.0,198.7,23828.0,45078.0,17.9,20.0,93.0,29.619999999999997,3.79,87.0,16.0,0.2,
2026-04-25T19:55:22,04/25/202607:55,120.55999999999999,0.0,0.0,53.1,0.0,0.0,0.0,0.8,16.0,198.7,23828.0,45078.0,17.8,20.0,93.0,29.619999999999997,3.79,87.0,16.0,0.2,
2026-04-25T19:56:00,04/25/202607:56,120.04,0.0,0.0,53.08,0.0,0.0,0.0,0.8,16.0,198.7,23828.0,45078.0,17.8,20.0,93.0,29.619999999999997,3.79,87.0,16.0,0.2,
2026-04-25T19:56:22,04/25/202607:56,119.66,0.0,0.0,53.06,0.0,0.0,0.0,0.8,16.0,198.7,23828.0,45078.0,17.8,20.0,93.0,29.619999999999997,3.79,87.0,16.0,0.2,
2026-04-25T19:57:01,04/25/202607:57,119.32000000000001,0.0,0.0,53.04,0.0,0.0,0.0,0.8,16.0,198.7,23828.0,45078.0,17.8,20.0,93.0,29.619999999999997,3.79,87.0,16.0,0.2,
2026-04-25T19:57:21,04/25/202607:57,118.80999999999999,0.0,0.0,53.010000000000005,0.0,0.0,0.0,0.8,16.0,198.7,23828.0,45078.0,17.8,20.0,93.0,29.619999999999997,3.79,87.0,16.0,0.2,
2026-04-25T19:58:00,04/25/202607:58,119.99000000000001,0.0,0.0,52.989999999999995,0.0,0.0,0.0,0.8,16.0,198.7,23828.0,45078.0,17.8,20.0,93.0,29.619999999999997,3.79,87.0,16.0,0.2,
2026-04-25T19:58:22,04/25/202607:58,121.25,0.0,0.0,52.970000000000006,0.0,0.0,0.0,0.8,16.0,198.7,23828.0,45078.0,17.8,20.0,93.0,29.619999999999997,3.79,87.0,16.0,0.2,
2026-04-25T20:00:05,04/25/202608:00,119.29,0.0,0.0,52.95,0.0,0.0,0.0,0.8,16.0,198.7,23828.0,45078.0,17.9,20.0,93.0,29.619999999999997,3.79,87.0,16.0,0.2,
2026-04-25T20:00:42,04/25/202608:00,118.9,0.0,0.0,52.92999999999999,0.0,0.0,0.0,0.8,16.0,198.7,23828.0,45078.0,17.8,20.0,93.0,29.619999999999997,3.79,87.0,16.0,0.2,
2026-04-25T20:01:00,04/25/202608:01,118.50999999999999,0.0,0.0,52.910000000000004,0.0,0.0,0.0,0.8,16.0,198.7,23828.0,45078.0,17.8,20.0,93.0,29.619999999999997,3.79,87.0,16.0,0.2,
2026-04-25T20:01:42,04/25/202608:01,117.09,0.0,0.0,52.89,0.0,0.0,0.0,0.8,16.0,198.7,23828.0,45078.0,17.9,19.97,93.0,29.619999999999997,3.66,79.3,15.7,0.19,
2026-04-25T20:02:01,04/25/202608:02,115.67,0.0,0.0,52.86999999999999,0.0,0.0,0.0,0.8,16.0,198.7,23828.0,45078.0,17.9,19.94,93.0,29.619999999999997,3.53,71.6,15.4,0.18,
2026-04-25T20:02:42,04/25/202608:02,115.25999999999999,0.0,0.0,52.85,0.0,0.0,0.0,0.8,16.0,198.7,23828.0,45078.0,17.8,19.91,93.0,29.619999999999997,3.4,63.9,15.1,0.17,
2026-04-25T20:03:00,04/25/202608:03,114.85,0.0,0.0,52.83,0.0,0.0,0.0,0.8,16.0,198.7,23828.0,45078.0,17.8,19.880000000000003,93.0,29.619999999999997,3.2700000000000005,56.2,14.8,0.16,
2026-04-25T20:03:43,04/25/202608:03,113.19000000000001,0.0,0.0,52.81,0.0,0.0,0.0,0.8,16.0,198.7,23828.0,45078.0,17.8,19.85,93.0,29.619999999999997,3.14,48.5,14.5,0.15,
2026-04-25T20:04:01,04/25/202608:04,111.53,0.0,0.0,52.79,0.0,0.0,0.0,0.8,16.0,198.7,23828.0,45078.0,17.8,19.82,93.0,29.619999999999997,3.0100000000000002,40.8,14.2,0.14,
2026-04-25T20:04:42,04/25/202608:04,111.14000000000001,0.0,0.0,52.77,0.0,0.0,0.0,0.8,16.0,198.7,23828.0,45078.0,17.8,19.79,93.0,29.619999999999997,2.88,33.1,13.9,0.13,
2026-04-25T20:05:00,04/25/202608:05,112.46,0.0,0.0,52.760000000000005,0.0,0.0,0.0,0.8,16.0,198.7,23828.0,45078.0,17.8,19.759999999999998,93.0,29.619999999999997,2.75,25.4,13.6,0.12000000000000002,
2026-04-25T20:05:42,04/25/202608:05,110.77000000000001,0.0,0.0,52.75,0.0,0.0,0.0,0.8,16.0,198.7,23828.0,45078.0,17.9,19.729999999999997,93.0,29.619999999999997,2.62,17.7,13.3,0.11000000000000001,
2026-04-25T20:06:01,04/25/202608:06,109.08,0.0,0.0,52.739999999999995,0.0,0.0,0.0,0.8,16.0,198.7,23828.0,45078.0,17.9,19.7,93.0,29.619999999999997,2.49,10.0,13.0,0.1,
2026-04-25T20:06:42,04/25/202608:06,109.94000000000001,0.0,0.0,52.720000000000006,0.0,0.0,0.0,0.8,16.0,198.7,23828.0,45078.0,17.8,19.7,93.0,29.619999999999997,2.49,10.0,13.0,0.1,
2026-04-25T20:07:00,04/25/202608:07,110.8,0.0,0.0,52.7,0.0,0.0,0.0,0.8,16.0,198.7,23828.0,45078.0,17.8,19.7,93.0,29.619999999999997,2.49,10.0,13.0,0.1,
2026-04-25T20:07:43,04/25/202608:07,108.71,0.0,0.0,52.68000000000001,0.0,0.0,0.0,0.8,16.0,198.7,23828.0,45078.0,17.9,19.7,93.0,29.619999999999997,2.49,10.0,13.0,0.1,
2026-04-25T20:08:01,04/25/202608:08,106.62,0.0,0.0,52.660000000000004,0.0,0.0,0.0,0.8,16.0,198.7,23828.0,45078.0,17.9,19.7,93.0,29.619999999999997,2.49,10.0,13.0,0.1,
2026-04-25T20:08:42,04/25/202608:08,107.05,0.0,0.0,52.64,0.0,0.0,0.0,0.8,16.0,198.7,23828.0,45078.0,17.8,19.7,93.0,29.619999999999997,2.49,10.0,13.0,0.1,
2026-04-25T20:09:00,04/25/202608:09,107.47999999999999,0.0,0.0,52.620000000000005,0.0,0.0,0.0,0.8,16.0,198.7,23828.0,45078.0,17.8,19.7,93.0,29.619999999999997,2.49,10.0,13.0,0.1,
2026-04-25T20:09:42,04/25/202608:09,103.46,0.0,0.0,52.6,0.0,0.0,0.0,0.8,16.0,198.7,23828.0,45078.0,17.8,19.7,93.0,29.619999999999997,2.49,10.0,13.0,0.1,
2026-04-25T20:11:19,04/25/202608:11,97.1,0.0,0.0,52.57000000000001,0.0,0.0,0.0,0.8,16.0,198.7,23828.0,45078.0,17.8,19.7,93.0,29.619999999999997,2.49,10.0,13.0,0.1,
2026-04-25T20:12:00,04/25/202608:12,92.19,0.0,0.0,52.54,0.0,0.0,0.0,0.8,16.0,198.7,23828.0,45078.0,17.9,19.7,93.0,29.619999999999997,2.49,10.0,13.0,0.1,
2026-04-25T20:13:00,04/25/202608:13,87.28,0.0,0.0,52.510000000000005,0.0,0.0,0.0,0.8,16.0,198.7,23828.0,45078.0,17.9,19.7,93.0,29.619999999999997,2.49,10.0,13.0,0.1,
2026-04-25T20:14:00,04/25/202608:14,81.14,0.0,0.0,52.489999999999995,0.0,0.0,0.0,0.8,16.0,198.7,23828.0,45078.0,17.8,19.7,93.0,29.619999999999997,2.49,10.0,13.0,0.1,
2026-04-25T20:14:14,04/25/202608:14,74.99,0.0,0.0,52.46,0.0,0.0,0.0,0.8,16.0,198.7,23828.0,45078.0,17.9,19.7,93.0,29.619999999999997,2.49,10.0,13.0,0.1,
2026-04-25T20:15:00,04/25/202608:15,70.64,0.0,0.0,52.42999999999999,0.0,0.0,0.0,0.8,16.0,198.7,23828.0,45078.0,17.9,19.7,93.0,29.619999999999997,2.49,10.0,13.0,0.1,
2026-04-25T20:15:14,04/25/202608:15,66.28999999999999,0.0,0.0,52.410000000000004,0.0,0.0,0.0,0.8,16.0,198.7,23828.0,45078.0,17.8,19.65,93.0,29.619999999999997,2.6450000000000005,9.6,11.7,0.09,
2026-04-25T20:16:00,04/25/202608:16,60.839999999999996,0.0,0.0,52.4,0.0,0.0,0.0,0.8,16.0,198.7,23828.0,45078.0,17.8,19.6,93.0,29.619999999999997,2.8,9.2,10.4,0.08,
2026-04-25T20:17:00,04/25/202608:17,55.39,0.0,0.0,52.379999999999995,0.0,0.0,0.0,0.8,16.0,198.7,23828.0,45078.0,17.9,19.55,93.0,29.619999999999997,2.955,8.8,9.1,0.07,
2026-04-25T20:18:00,04/25/202608:18,53.04,0.0,0.0,52.35,0.0,0.0,0.0,0.8,16.0,198.7,23828.0,45078.0,17.9,19.5,93.0,29.619999999999997,3.1100000000000003,8.4,7.8,0.06000000000000001,
2026-04-25T20:19:00,04/25/202608:19,53.029999999999994,0.0,0.0,52.339999999999996,0.0,0.0,0.0,0.8,16.0,198.7,23828.0,45078.0,17.8,19.45,93.0,29.619999999999997,3.2649999999999997,8.0,6.5,0.05,
2026-04-25T20:20:00,04/25/202608:20,53.02,0.0,0.0,52.33,0.0,0.0,0.0,0.8,16.0,198.7,23828.0,45078.0,17.9,19.4,93.0,29.619999999999997,3.4200000000000004,7.6,5.2,0.04,
2026-04-25T20:21:00,04/25/202608:21,53.010000000000005,0.0,0.0,52.31,0.0,0.0,0.0,0.8,16.0,198.7,23828.0,45078.0,17.9,19.4,93.0,29.619999999999997,3.6,16.2,3.9,0.030000000000000006,
2026-04-25T20:22:28,04/25/202608:22,53.0,0.0,0.0,52.29,0.0,0.0,0.0,0.8,16.0,198.7,23828.0,45078.0,17.9,19.4,93.0,29.619999999999997,3.78,24.8,2.6,0.02,
2026-04-25T20:23:00,04/25/202608:23,53.0,0.0,0.0,52.279999999999994,0.0,0.0,0.0,0.8,16.0,198.7,23828.0,45078.0,17.9,19.4,93.0,29.619999999999997,3.96,33.4,1.3,0.01,
2026-04-25T20:23:14,04/25/202608:23,52.85,0.0,0.0,52.27,0.0,0.0,0.0,0.8,16.0,198.7,23828.0,45078.0,17.9,19.4,93.0,29.619999999999997,4.14,42.0,0.0,0.0,
2026-04-25T20:24:01,04/25/202608:24,52.7,0.0,0.0,52.25,0.0,0.0,0.0,0.8,16.0,198.7,23828.0,45078.0,17.9,19.45,93.0,29.619999999999997,4.165,51.0,0.0,0.0,
2026-04-25T20:24:15,04/25/202608:24,51.86,0.0,0.0,52.23,0.0,0.0,0.0,0.8,16.0,198.7,23828.0,45078.0,17.9,19.5,93.0,29.619999999999997,4.1899999999999995,60.0,0.0,0.0,
2026-04-25T20:25:01,04/25/202608:25,51.019999999999996,0.0,0.0,52.220000000000006,0.0,0.0,0.0,0.8,16.0,198.7,23828.0,45078.0,17.9,19.55,93.0,29.619999999999997,4.215,69.0,0.0,0.0,
2026-04-25T20:25:14,04/25/202608:25,49.72,0.0,0.0,52.220000000000006,0.0,0.0,0.0,0.8,16.0,198.7,23828.0,45078.0,17.9,19.6,93.0,29.619999999999997,4.24,78.0,0.0,0.0,
2026-04-25T20:26:01,04/25/202608:26,48.42,0.0,0.0,52.21,0.0,0.0,0.0,0.8,16.0,198.7,23828.0,45078.0,17.9,19.65,93.0,29.619999999999997,4.265,87.0,0.0,0.0,
2026-04-25T20:26:15,04/25/202608:26,46.79,0.0,0.0,52.2,0.0,0.0,0.0,0.8,16.0,198.7,23828.0,45078.0,17.9,19.7,93.0,29.619999999999997,4.29,96.0,0.0,0.0,
2026-04-25T20:27:00,04/25/202608:27,45.160000000000004,0.0,0.0,52.2,0.0,0.0,0.0,0.8,16.0,198.7,23828.0,45078.0,17.9,19.7,93.0,29.619999999999997,4.29,96.0,0.0,0.0,
2026-04-25T20:27:14,04/25/202608:27,43.18,0.0,0.0,52.19,0.0,0.0,0.0,0.8,16.0,198.7,23828.0,45078.0,17.9,19.7,93.0,29.619999999999997,4.29,96.0,0.0,0.0,
2026-04-25T20:27:24,04/25/202608:27,41.14,0.0,0.0,52.19,0.0,0.0,0.0,0.8,16.0,198.7,23828.0,45078.0,17.9,19.7,93.0,29.619999999999997,4.29,96.0,0.0,0.0,
2026-04-25T20:28:01,04/25/202608:28,39.25,0.0,0.0,52.19,0.0,0.0,0.0,0.8,16.0,198.7,23828.0,45078.0,17.9,19.7,93.0,29.619999999999997,4.29,96.0,0.0,0.0,
2026-04-25T20:28:24,04/25/202608:28,37.010000000000005,0.0,0.0,52.19,0.0,0.0,0.0,0.8,16.0,198.7,23828.0,45078.0,17.9,19.7,93.0,29.619999999999997,4.29,96.0,0.0,0.0,
2026-04-25T20:29:00,04/25/202608:29,35.46,0.0,0.0,52.19,0.0,0.0,0.0,0.8,16.0,198.7,23828.0,45078.0,17.9,19.7,93.0,29.619999999999997,4.29,96.0,0.0,0.0,
2026-04-25T20:29:24,04/25/202608:29,33.67,0.0,0.0,52.18000000000001,0.0,0.0,0.0,0.8,16.0,198.7,23828.0,45078.0,17.9,19.7,93.0,29.619999999999997,4.29,96.0,0.0,0.0,
2026-04-25T20:30:01,04/25/202608:30,32.34,0.0,0.0,52.17,0.0,0.0,0.0,0.8,16.0,198.7,23828.0,45078.0,17.9,19.7,93.0,29.619999999999997,4.29,96.0,0.0,0.0,
2026-04-25T20:30:24,04/25/202608:30,30.869999999999997,0.0,0.0,52.160000000000004,0.0,0.0,0.0,0.8,16.0,198.7,23828.0,45078.0,17.9,19.69,93.1,29.619999999999997,4.3149999999999995,93.4,0.0,0.0,
2026-04-25T20:31:00,04/25/202608:31,29.73,0.0,0.0,52.15,0.0,0.0,0.0,0.8,16.0,198.7,23828.0,45078.0,17.9,19.68,93.2,29.619999999999997,4.34,90.8,0.0,0.0,
2026-04-25T20:31:24,04/25/202608:31,28.490000000000002,0.0,0.0,52.14,0.0,0.0,0.0,0.8,16.0,198.7,23828.0,45078.0,17.9,19.669999999999998,93.3,29.619999999999997,4.365,88.2,0.0,0.0,
2026-04-25T20:32:01,04/25/202608:32,27.6,0.0,0.0,52.14,0.0,0.0,0.0,0.8,16.0,198.7,23828.0,45078.0,17.9,19.66,93.4,29.619999999999997,4.39,85.6,0.0,0.0,
2026-04-25T20:33:40,04/25/202608:33,26.630000000000003,0.0,0.0,52.13000000000001,0.0,0.0,0.0,0.8,16.0,198.7,23828.0,45078.0,17.9,19.65,93.5,29.619999999999997,4.415,83.0,0.0,0.0,
2026-04-25T20:34:01,04/25/202608:34,25.660000000000004,0.0,0.0,52.120000000000005,0.0,0.0,0.0,0.8,16.0,198.7,23828.0,45078.0,17.9,19.64,93.6,29.619999999999997,4.4399999999999995,80.4,0.0,0.0,
2026-04-25T20:34:17,04/25/202608:34,25.009999999999998,0.0,0.0,52.089999999999996,0.0,0.0,0.0,0.8,16.0,198.7,23828.0,45078.0,17.9,19.630000000000003,93.7,29.619999999999997,4.465,77.8,0.0,0.0,
2026-04-25T20:35:00,04/25/202608:35,24.36,0.0,0.0,52.06,0.0,0.0,0.0,0.8,16.0,198.7,23828.0,45078.0,17.9,19.62,93.8,29.619999999999997,4.49,75.2,0.0,0.0,
2026-04-25T20:35:17,04/25/202608:35,23.919999999999998,0.0,0.0,52.05,0.0,0.0,0.0,0.8,16.0,198.7,23828.0,45078.0,17.9,19.610000000000003,93.9,29.619999999999997,4.515,72.6,0.0,0.0,
2026-04-25T20:36:01,04/25/202608:36,23.48,0.0,0.0,52.04,0.0,0.0,0.0,0.8,16.0,198.7,23828.0,45078.0,17.9,19.6,94.0,29.619999999999997,4.54,70.0,0.0,0.0,
2026-04-25T20:36:18,04/25/202608:36,23.16,0.0,0.0,52.029999999999994,0.0,0.0,0.0,0.8,16.0,198.7,23828.0,45078.0,17.9,19.6,94.0,29.619999999999997,4.54,70.0,0.0,0.0,
2026-04-25T20:37:00,04/25/202608:37,22.84,0.0,0.0,52.02,0.0,0.0,0.0,0.8,16.0,198.7,23828.0,45078.0,17.9,19.6,94.0,29.619999999999997,4.54,70.0,0.0,0.0,
2026-04-25T20:37:17,04/25/202608:37,22.59,0.0,0.0,52.010000000000005,0.0,0.0,0.0,0.8,16.0,198.7,23828.0,45078.0,17.8,19.6,94.0,29.619999999999997,4.54,70.0,0.0,0.0,
2026-04-25T20:38:00,04/25/202608:38,22.34,0.0,0.0,52.0,0.0,0.0,0.0,0.8,16.0,198.7,23828.0,45078.0,17.8,19.6,94.0,29.619999999999997,4.54,70.0,0.0,0.0,
2026-04-25T20:38:14,04/25/202608:38,22.21,0.0,0.0,51.989999999999995,0.0,0.0,0.0,0.8,16.0,198.7,23828.0,45078.0,17.9,19.6,94.0,29.619999999999997,4.54,70.0,0.0,0.0,
2026-04-25T20:39:00,04/25/202608:39,22.080000000000002,0.0,0.0,51.98,0.0,0.0,0.0,0.8,16.0,198.7,23828.0,45078.0,17.9,19.6,94.0,29.619999999999997,4.54,70.0,0.0,0.0,
2026-04-25T20:39:13,04/25/202608:39,21.96,0.0,0.0,51.989999999999995,0.0,0.0,0.0,0.8,16.0,198.7,23828.0,45078.0,17.9,19.6,94.0,29.619999999999997,4.54,70.0,0.0,0.0,
2026-04-25T20:40:00,04/25/202608:40,21.84,0.0,0.0,52.0,0.0,0.0,0.0,0.8,16.0,198.7,23828.0,45078.0,17.9,19.6,94.0,29.619999999999997,4.54,70.0,0.0,0.0,
2026-04-25T20:40:13,04/25/202608:40,21.73,0.0,0.0,52.0,0.0,0.0,0.0,0.8,16.0,198.7,23828.0,45078.0,17.9,19.6,94.0,29.619999999999997,4.54,70.0,0.0,0.0,
2026-04-25T20:41:00,04/25/202608:41,21.619999999999997,0.0,0.0,52.0,0.0,0.0,0.0,0.8,16.0,198.7,23828.0,45078.0,17.9,19.6,94.0,29.619999999999997,4.54,70.0,0.0,0.0,
2026-04-25T20:41:13,04/25/202608:41,21.52,0.0,0.0,52.0,0.0,0.0,0.0,0.8,16.0,198.7,23828.0,45078.0,17.9,19.6,94.0,29.619999999999997,4.54,70.0,0.0,0.0,
2026-04-25T20:42:00,04/25/202608:42,21.419999999999998,0.0,0.0,52.0,0.0,0.0,0.0,0.8,16.0,198.7,23828.0,45078.0,17.9,19.6,94.0,29.619999999999997,4.54,70.0,0.0,0.0,
2026-04-25T20:42:13,04/25/202608:42,21.34,0.0,0.0,52.0,0.0,0.0,0.0,0.8,16.0,198.7,23828.0,45078.0,17.9,19.6,94.0,29.619999999999997,4.54,70.0,0.0,0.0,
2026-04-25T20:43:00,04/25/202608:43,21.259999999999998,0.0,0.0,52.0,0.0,0.0,0.0,0.8,16.0,198.7,23828.0,45078.0,17.9,19.6,94.0,29.619999999999997,4.54,70.0,0.0,0.0,
2026-04-25T20:43:13,04/25/202608:43,21.19,0.0,0.0,52.0,0.0,0.0,0.0,0.8,16.0,198.7,23828.0,45078.0,17.9,19.6,94.0,29.619999999999997,4.54,70.0,0.0,0.0,
2026-04-25T20:44:51,04/25/202608:44,21.119999999999997,0.0,0.0,51.989999999999995,0.0,0.0,0.0,0.8,16.0,198.7,23828.0,45078.0,17.9,19.6,94.0,29.619999999999997,4.54,70.0,0.0,0.0,
2026-04-25T20:45:01,04/25/202608:45,21.07,0.0,0.0,51.98,0.0,0.0,0.0,0.8,16.0,198.7,23828.0,45078.0,17.9,19.6,94.0,29.619999999999997,4.54,70.0,0.0,0.0,
2026-04-25T20:45:13,04/25/202608:45,21.0,0.0,0.0,51.970000000000006,0.0,0.0,0.0,0.8,16.0,198.7,23828.0,45078.0,17.9,19.6,94.0,29.619999999999997,4.54,70.0,0.0,0.0,
2026-04-25T20:46:01,04/25/202608:46,20.95,0.0,0.0,51.96,0.0,0.0,0.0,0.8,16.0,198.7,23828.0,45078.0,17.9,19.6,94.0,29.619999999999997,4.54,70.0,0.0,0.0,
2026-04-25T20:46:14,04/25/202608:46,20.91,0.0,0.0,51.95,0.0,0.0,0.0,0.8,16.0,198.7,23828.0,45078.0,17.9,19.59,94.0,29.623,4.589,69.9,0.0,0.0,
2026-04-25T20:47:01,04/25/202608:47,20.880000000000003,0.0,0.0,51.94,0.0,0.0,0.0,0.8,16.0,198.7,23828.0,45078.0,17.9,19.580000000000002,94.0,29.625999999999998,4.638,69.8,0.0,0.0,
2026-04-25T20:47:13,04/25/202608:47,20.84,0.0,0.0,51.92999999999999,0.0,0.0,0.0,0.8,16.0,198.7,23828.0,45078.0,17.9,19.57,94.0,29.629,4.687,69.7,0.0,0.0,
2026-04-25T20:48:01,04/25/202608:48,20.81,0.0,0.0,51.92,0.0,0.0,0.0,0.8,16.0,198.7,23828.0,45078.0,17.8,19.560000000000002,94.0,29.631999999999998,4.736,69.6,0.0,0.0,
2026-04-25T20:49:00,04/25/202608:49,20.779999999999998,0.0,0.0,51.92,0.0,0.0,0.0,0.8,16.0,198.7,23828.0,45078.0,17.9,19.55,94.0,29.635,4.785,69.5,0.0,0.0,
2026-04-25T20:50:01,04/25/202608:50,20.759999999999998,0.0,0.0,51.910000000000004,0.0,0.0,0.0,0.8,16.0,198.7,23828.0,45078.0,17.9,19.54,94.0,29.637999999999998,4.8340000000000005,69.4,0.0,0.0,
2026-04-25T20:51:01,04/25/202608:51,20.740000000000002,0.0,0.0,51.910000000000004,0.0,0.0,0.0,0.8,16.0,198.7,23828.0,45078.0,17.9,19.53,94.0,29.641,4.883,69.3,0.0,0.0,
2026-04-25T20:52:01,04/25/202608:52,20.72,0.0,0.0,51.910000000000004,0.0,0.0,0.0,0.8,16.0,198.7,23828.0,45078.0,17.8,19.52,94.0,29.644,4.932,69.2,0.0,0.0,
2026-04-25T20:52:25,04/25/202608:52,20.71,0.0,0.0,51.910000000000004,0.0,0.0,0.0,0.8,16.0,198.7,23828.0,45078.0,17.9,19.509999999999998,94.0,29.647,4.981,69.1,0.0,0.0,
2026-04-25T20:53:01,04/25/202608:53,20.7,0.0,0.0,51.910000000000004,0.0,0.0,0.0,0.8,16.0,198.7,23828.0,45078.0,17.9,19.5,94.0,29.65,5.03,69.0,0.0,0.0,
2026-04-25T20:54:01,04/25/202608:54,20.68,0.0,0.0,51.910000000000004,0.0,0.0,0.0,0.8,16.0,198.7,23828.0,45078.0,17.9,19.5,94.0,29.65,5.03,69.0,0.0,0.0,
2026-04-25T20:56:05,04/25/202608:56,20.66,0.0,0.0,51.910000000000004,0.0,0.0,0.0,0.8,16.0,198.7,23828.0,45078.0,17.9,19.5,94.0,29.65,5.03,69.0,0.0,0.0,
2026-04-25T20:57:00,04/25/202608:57,20.65,0.0,0.0,51.910000000000004,0.0,0.0,0.0,0.8,16.0,198.7,23828.0,45078.0,17.8,19.5,94.0,29.65,5.03,69.0,0.0,0.0,
2026-04-25T20:58:01,04/25/202608:58,20.64,0.0,0.0,51.910000000000004,0.0,0.0,0.0,0.8,16.0,198.7,23828.0,45078.0,17.8,19.5,94.0,29.65,5.03,69.0,0.0,0.0,
2026-04-25T20:59:00,04/25/202608:59,20.630000000000003,0.0,0.0,51.9,0.0,0.0,0.0,0.8,16.0,198.7,23828.0,45078.0,17.9,19.5,94.0,29.65,5.03,69.0,0.0,0.0,
2026-04-25T21:00:01,04/25/202609:00,20.62,0.0,0.0,51.9,0.0,0.0,0.0,0.8,16.0,198.7,23828.0,45078.0,17.9,19.5,94.0,29.65,5.03,69.0,0.0,0.0,
2026-04-25T21:01:00,04/25/202609:01,20.610000000000003,0.0,0.0,51.9,0.0,0.0,0.0,0.8,16.0,198.7,23828.0,45078.0,17.8,19.5,94.0,29.65,5.03,69.0,0.0,0.0,
2026-04-25T21:01:25,04/25/202609:01,20.59,0.0,0.0,51.9,0.0,0.0,0.0,0.8,16.0,198.7,23828.0,45078.0,17.9,19.5,94.1,29.65,4.981,69.1,0.0,0.0,
2026-04-25T21:02:01,04/25/202609:02,20.580000000000002,0.0,0.0,51.9,0.0,0.0,0.0,0.8,16.0,198.7,23828.0,45078.0,17.9,19.5,94.2,29.65,4.932,69.2,0.0,0.0,
2026-04-25T21:02:26,04/25/202609:02,20.580000000000002,0.0,0.0,51.9,0.0,0.0,0.0,0.8,16.0,198.7,23828.0,45078.0,17.9,19.5,94.3,29.65,4.883,69.3,0.0,0.0,
2026-04-25T21:03:00,04/25/202609:03,20.580000000000002,0.0,0.0,51.9,0.0,0.0,0.0,0.8,16.0,198.7,23828.0,45078.0,17.9,19.5,94.4,29.65,4.8340000000000005,69.4,0.0,0.0,
2026-04-25T21:04:01,04/25/202609:04,20.580000000000002,0.0,0.0,51.9,0.0,0.0,0.0,0.8,16.0,198.7,23828.0,45078.0,17.9,19.5,94.5,29.65,4.785,69.5,0.0,0.0,
2026-04-25T21:04:26,04/25/202609:04,20.57,0.0,0.0,51.9,0.0,0.0,0.0,0.8,16.0,198.7,23828.0,45078.0,17.9,19.5,94.6,29.65,4.736,69.6,0.0,0.0,
2026-04-25T21:05:00,04/25/202609:05,20.560000000000002,0.0,0.0,51.9,0.0,0.0,0.0,0.8,16.0,198.7,23828.0,45078.0,17.9,19.5,94.7,29.65,4.687,69.7,0.0,0.0,
2026-04-25T21:07:17,04/25/202609:07,20.55,0.0,0.0,51.9,0.0,0.0,0.0,0.8,16.0,198.7,23828.0,45078.0,17.8,19.5,94.8,29.65,4.638,69.8,0.0,0.0,
2026-04-25T21:08:00,04/25/202609:08,20.54,0.0,0.0,51.9,0.0,0.0,0.0,0.8,16.0,198.7,23828.0,45078.0,17.9,19.5,94.9,29.65,4.589,69.9,0.0,0.0,
2026-04-25T21:09:01,04/25/202609:09,20.53,0.0,0.0,51.9,0.0,0.0,0.0,0.8,16.0,198.7,23828.0,45078.0,17.9,19.5,95.0,29.65,4.54,70.0,0.0,0.0,
2026-04-25T21:10:00,04/25/202609:10,20.53,0.0,0.0,51.9,0.0,0.0,0.0,0.8,16.0,198.7,23828.0,45078.0,17.8,19.5,95.0,29.65,4.54,70.0,0.0,0.0,
2026-04-25T21:11:01,04/25/202609:11,20.53,0.0,0.0,51.9,0.0,0.0,0.0,0.8,16.0,198.7,23828.0,45078.0,17.9,19.5,95.0,29.65,4.54,70.0,0.0,0.0,
2026-04-25T21:12:00,04/25/202609:12,20.52,0.0,0.0,51.9,0.0,0.0,0.0,0.8,16.0,198.7,23828.0,45078.0,17.8,19.5,95.0,29.65,4.54,70.0,0.0,0.0,
2026-04-25T21:13:01,04/25/202609:13,20.509999999999998,0.0,0.0,51.89,0.0,0.0,0.0,0.8,16.0,198.7,23828.0,45078.0,17.9,19.5,95.0,29.65,4.54,70.0,0.0,0.0,
2026-04-25T21:14:00,04/25/202609:14,20.5,0.0,0.0,51.879999999999995,0.0,0.0,0.0,0.8,16.0,198.7,23828.0,45078.0,17.9,19.5,95.0,29.65,4.54,70.0,0.0,0.0,
2026-04-25T21:15:01,04/25/202609:15,20.5,0.0,0.0,51.86999999999999,0.0,0.0,0.0,0.8,16.0,198.7,23828.0,45078.0,17.9,19.5,95.0,29.65,4.54,70.0,0.0,0.0,
2026-04-25T21:16:00,04/25/202609:16,20.5,0.0,0.0,51.86,0.0,0.0,0.0,0.8,16.0,198.7,23828.0,45078.0,17.8,19.5,95.0,29.65,4.54,70.0,0.0,0.0,
2026-04-25T21:17:01,04/25/202609:17,20.5,0.0,0.0,51.85,0.0,0.0,0.0,0.8,16.0,198.7,23828.0,45078.0,17.9,19.5,95.0,29.65,4.478,70.7,0.0,0.0,
2026-04-25T21:18:26,04/25/202609:18,20.5,0.0,0.0,51.839999999999996,0.0,0.0,0.0,0.8,16.0,198.7,23828.0,45078.0,17.8,19.5,95.0,29.65,4.4159999999999995,71.4,0.0,0.0,
2026-04-25T21:19:00,04/25/202609:19,20.5,0.0,0.0,51.83,0.0,0.0,0.0,0.8,16.0,198.7,23828.0,45078.0,17.8,19.5,95.0,29.65,4.354,72.1,0.0,0.0,
2026-04-25T21:20:01,04/25/202609:20,20.5,0.0,0.0,51.83,0.0,0.0,0.0,0.8,16.0,198.7,23828.0,45078.0,17.9,19.5,95.0,29.65,4.292,72.8,0.0,0.0,
2026-04-25T21:21:00,04/25/202609:21,20.5,0.0,0.0,51.81999999999999,0.0,0.0,0.0,0.8,16.0,198.7,23828.0,45078.0,17.8,19.5,95.0,29.65,4.2299999999999995,73.5,0.0,0.0,
2026-04-25T21:22:01,04/25/202609:22,20.5,0.0,0.0,51.81999999999999,0.0,0.0,0.0,0.8,16.0,198.7,23828.0,45078.0,17.8,19.5,95.0,29.65,4.168,74.2,0.0,0.0,
2026-04-25T21:23:00,04/25/202609:23,20.5,0.0,0.0,51.81999999999999,0.0,0.0,0.0,0.8,16.0,198.7,23828.0,45078.0,17.9,19.5,95.0,29.65,4.106,74.9,0.0,0.0,
2026-04-25T21:24:01,04/25/202609:24,20.5,0.0,0.0,51.83,0.0,0.0,0.0,0.8,16.0,198.7,23828.0,45078.0,17.8,19.5,95.0,29.65,4.044,75.6,0.0,0.0,
2026-04-25T21:25:01,04/25/202609:25,20.5,0.0,0.0,51.83,0.0,0.0,0.0,0.8,16.0,198.7,23828.0,45078.0,17.9,19.5,95.0,29.65,3.982,76.3,0.0,0.0,
2026-04-25T21:25:26,04/25/202609:25,20.509999999999998,0.0,0.0,51.83,0.0,0.0,0.0,0.8,16.0,198.7,23828.0,45078.0,17.8,19.5,95.0,29.65,3.9200000000000004,77.0,0.0,0.0,
2026-04-25T21:26:01,04/25/202609:26,20.52,0.0,0.0,51.83,0.0,0.0,0.0,0.8,16.0,198.7,23828.0,45078.0,17.8,19.5,95.0,29.65,3.9200000000000004,77.0,0.0,0.0,
2026-04-25T21:27:00,04/25/202609:27,20.53,0.0,0.0,51.83,0.0,0.0,0.0,0.8,16.0,198.7,23828.0,45078.0,17.9,19.5,95.0,29.65,3.9200000000000004,77.0,0.0,0.0,
2026-04-25T21:27:26,04/25/202609:27,20.53,0.0,0.0,51.83,0.0,0.0,0.0,0.8,16.0,198.7,23828.0,45078.0,17.8,19.5,95.0,29.65,3.9200000000000004,77.0,0.0,0.0,
2026-04-25T21:28:01,04/25/202609:28,20.53,0.0,0.0,51.81999999999999,0.0,0.0,0.0,0.8,16.0,198.7,23828.0,45078.0,17.8,19.5,95.0,29.65,3.9200000000000004,77.0,0.0,0.0,
2026-04-25T21:29:37,04/25/202609:29,20.53,0.0,0.0,51.81999999999999,0.0,0.0,0.0,0.8,16.0,198.7,23828.0,45078.0,17.9,19.53,95.0,29.65,4.181,77.5,0.0,0.0,
2026-04-25T21:30:00,04/25/202609:30,20.53,0.0,0.0,51.81,0.0,0.0,0.0,0.8,16.0,198.7,23828.0,45078.0,17.9,19.56,95.0,29.65,4.442,78.0,0.0,0.0,
2026-04-25T21:31:01,04/25/202609:31,20.53,0.0,0.0,51.81,0.0,0.0,0.0,0.8,16.0,198.7,23828.0,45078.0,17.8,19.580000000000002,95.1,29.65,4.721,79.1,0.0,0.0,
2026-04-25T21:32:01,04/25/202609:32,20.53,0.0,0.0,51.8,0.0,0.0,0.0,0.8,16.0,198.7,23828.0,45078.0,17.8,19.6,95.2,29.65,5.0,80.2,0.0,0.0,
2026-04-25T21:33:00,04/25/202609:33,20.53,0.0,0.0,51.81,0.0,0.0,0.0,0.8,16.0,198.7,23828.0,45078.0,17.8,19.619999999999997,95.3,29.65,5.279,81.3,0.0,0.0,
2026-04-25T21:34:00,04/25/202609:34,20.52,0.0,0.0,51.81,0.0,0.0,0.0,0.8,16.0,198.7,23828.0,45078.0,17.9,19.64,95.2,29.65,5.558,82.4,0.0,0.0,
2026-04-25T21:35:00,04/25/202609:35,20.509999999999998,0.0,0.0,51.81,0.0,0.0,0.0,0.8,16.0,198.7,23828.0,45078.0,17.9,19.66,95.1,29.65,5.837,83.5,0.0,0.0,
2026-04-25T21:36:00,04/25/202609:36,20.5,0.0,0.0,51.81,0.0,0.0,0.0,0.8,16.0,198.7,23828.0,45078.0,17.9,19.68,95.0,29.65,6.116,84.6,0.0,0.0,
2026-04-25T21:37:00,04/25/202609:37,20.5,0.0,0.0,51.81,0.0,0.0,0.0,0.8,16.0,198.7,23828.0,45078.0,17.8,19.7,94.9,29.65,6.3950000000000005,85.7,0.0,0.0,
2026-04-25T21:38:01,04/25/202609:38,20.5,0.0,0.0,51.81999999999999,0.0,0.0,0.0,0.8,16.0,198.7,23828.0,45078.0,17.8,19.72,94.8,29.65,6.6739999999999995,86.8,0.0,0.0,
2026-04-25T21:39:01,04/25/202609:39,20.5,0.0,0.0,51.81999999999999,0.0,0.0,0.0,0.8,16.0,198.7,23828.0,45078.0,17.8,19.71,94.7,29.65,6.692,87.4,0.0,0.0,
2026-04-25T21:40:49,04/25/202609:40,20.5,0.0,0.0,51.81999999999999,0.0,0.0,0.0,0.8,16.0,198.7,23828.0,45078.0,17.9,19.7,94.6,29.65,6.709999999999999,88.0,0.0,0.0,
2026-04-25T21:41:01,04/25/202609:41,20.5,0.0,0.0,51.81999999999999,0.0,0.0,0.0,0.8,16.0,198.7,23828.0,45078.0,17.9,19.7,94.4,29.65,6.709999999999999,88.0,0.0,0.0,
2026-04-25T21:42:01,04/25/202609:42,20.5,0.0,0.0,51.81999999999999,0.0,0.0,0.0,0.8,16.0,198.7,23828.0,45078.0,17.8,19.7,94.2,29.65,6.709999999999999,88.0,0.0,0.0,
2026-04-25T21:43:01,04/25/202609:43,20.5,0.0,0.0,51.81,0.0,0.0,0.0,0.8,16.0,198.7,23828.0,45078.0,17.8,19.7,94.0,29.65,6.709999999999999,88.0,0.0,0.0,
2026-04-25T21:44:01,04/25/202609:44,20.5,0.0,0.0,51.81999999999999,0.0,0.0,0.0,0.8,16.0,198.7,23828.0,45078.0,17.8,19.7,94.0,29.65,6.709999999999999,88.0,0.0,0.0,
2026-04-25T21:45:01,04/25/202609:45,20.5,0.0,0.0,51.81999999999999,0.0,0.0,0.0,0.8,16.0,198.7,23828.0,45078.0,17.8,19.7,94.0,29.65,6.709999999999999,88.0,0.0,0.0,
2026-04-25T21:46:01,04/25/202609:46,20.5,0.0,0.0,51.81999999999999,0.0,0.0,0.0,0.8,16.0,198.7,23828.0,45078.0,17.8,19.7,94.0,29.65,6.648000000000001,86.5,0.0,0.0,
2026-04-25T21:47:00,04/25/202609:47,20.5,0.0,0.0,51.81999999999999,0.0,0.0,0.0,0.8,16.0,198.7,23828.0,45078.0,17.8,19.7,94.0,29.65,6.586,85.0,0.0,0.0,
2026-04-25T21:48:01,04/25/202609:48,20.5,0.0,0.0,51.81,0.0,0.0,0.0,0.8,16.0,198.7,23828.0,45078.0,17.9,19.7,94.0,29.65,6.523999999999999,83.5,0.0,0.0,
2026-04-25T21:49:00,04/25/202609:49,20.5,0.0,0.0,51.81,0.0,0.0,0.0,0.8,16.0,198.7,23828.0,45078.0,17.8,19.7,94.0,29.65,6.462000000000001,82.0,0.0,0.0,
2026-04-25T21:50:01,04/25/202609:50,20.5,0.0,0.0,51.81999999999999,0.0,0.0,0.0,0.8,16.0,198.7,23828.0,45078.0,17.9,19.7,94.0,29.65,6.4,80.5,0.0,0.0,
2026-04-25T21:52:03,04/25/202609:52,20.5,0.0,0.0,51.81999999999999,0.0,0.0,0.0,0.8,16.0,198.7,23828.0,45078.0,17.8,19.7,94.0,29.65,6.337999999999999,79.0,0.0,0.0,
2026-04-25T21:53:00,04/25/202609:53,20.5,0.0,0.0,51.81999999999999,0.0,0.0,0.0,0.8,16.0,198.7,23828.0,45078.0,17.8,19.7,94.0,29.65,6.276,77.5,0.0,0.0,
2026-04-25T21:54:01,04/25/202609:54,20.5,0.0,0.0,51.81999999999999,0.0,0.0,0.0,0.8,16.0,198.7,23828.0,45078.0,17.8,19.7,94.0,29.65,6.214,76.0,0.0,0.0,
2026-04-25T21:55:00,04/25/202609:55,20.5,0.0,0.0,51.81,0.0,0.0,0.0,0.8,16.0,198.7,23828.0,45078.0,17.8,19.7,94.0,29.65,6.151999999999999,74.5,0.0,0.0,
2026-04-25T21:56:01,04/25/202609:56,20.5,0.0,0.0,51.81,0.0,0.0,0.0,0.8,16.0,198.7,23828.0,45078.0,17.8,19.7,94.0,29.65,6.09,73.0,0.0,0.0,
2026-04-25T21:57:00,04/25/202609:57,20.5,0.0,0.0,51.81,0.0,0.0,0.0,0.8,16.0,198.7,23828.0,45078.0,17.8,19.7,94.0,29.65,6.09,73.0,0.0,0.0,
2026-04-25T21:58:01,04/25/202609:58,20.5,0.0,0.0,51.81,0.0,0.0,0.0,0.8,16.0,198.7,23828.0,45078.0,17.8,19.7,94.0,29.65,6.09,73.0,0.0,0.0,
2026-04-25T21:59:00,04/25/202609:59,20.5,0.0,0.0,51.81,0.0,0.0,0.0,0.8,16.0,198.7,23828.0,45078.0,17.8,19.7,94.0,29.65,6.09,73.0,0.0,0.0,
2026-04-25T22:00:01,04/25/202610:00,20.5,0.0,0.0,51.81,0.0,0.0,0.0,0.8,16.0,198.7,23828.0,45078.0,17.9,19.7,94.0,29.65,6.09,73.0,0.0,0.0,
2026-04-25T22:01:00,04/25/202610:01,20.5,0.0,0.0,51.8,0.0,0.0,0.0,0.8,16.0,198.7,23828.0,45078.0,17.8,19.7,94.0,29.65,6.09,73.0,0.0,0.0,
2026-04-25T22:03:12,04/25/202610:03,20.5,0.0,0.0,51.8,0.0,0.0,0.0,0.8,16.0,198.7,23828.0,45078.0,17.8,19.7,94.0,29.65,5.922,73.2,0.0,0.0,
2026-04-25T22:04:00,04/25/202610:04,20.5,0.0,0.0,51.8,0.0,0.0,0.0,0.8,16.0,198.7,23828.0,45078.0,17.8,19.7,94.0,29.65,5.754,73.4,0.0,0.0,
2026-04-25T22:05:00,04/25/202610:05,20.5,0.0,0.0,51.79,0.0,0.0,0.0,0.8,16.0,198.7,23828.0,45078.0,17.8,19.7,94.0,29.65,5.586,73.6,0.0,0.0,
2026-04-25T22:06:00,04/25/202610:06,20.5,0.0,0.0,51.79,0.0,0.0,0.0,0.8,16.0,198.7,23828.0,45078.0,17.8,19.7,94.0,29.65,5.418,73.8,0.0,0.0,
2026-04-25T22:07:01,04/25/202610:07,20.5,0.0,0.0,51.79,0.0,0.0,0.0,0.8,16.0,198.7,23828.0,45078.0,17.8,19.7,94.0,29.65,5.25,74.0,0.0,0.0,
2026-04-25T22:08:00,04/25/202610:08,20.5,0.0,0.0,51.79,0.0,0.0,0.0,0.8,16.0,198.7,23828.0,45078.0,17.8,19.7,94.0,29.65,5.082,74.2,0.0,0.0,
2026-04-25T22:09:00,04/25/202610:09,20.5,0.0,0.0,51.79,0.0,0.0,0.0,0.8,16.0,198.7,23828.0,45078.0,17.8,19.7,94.0,29.65,4.914,74.4,0.0,0.0,
2026-04-25T22:10:00,04/25/202610:10,20.5,0.0,0.0,51.79,0.0,0.0,0.0,0.8,16.0,198.7,23828.0,45078.0,17.8,19.7,94.0,29.65,4.746,74.6,0.0,0.0,
2026-04-25T22:11:00,04/25/202610:11,20.5,0.0,0.0,51.79,0.0,0.0,0.0,0.8,16.0,198.7,23828.0,45078.0,17.8,19.7,94.0,29.65,4.578,74.8,0.0,0.0,
2026-04-25T22:12:00,04/25/202610:12,20.5,0.0,0.0,51.79,0.0,0.0,0.0,0.8,16.0,198.7,23828.0,45078.0,17.9,19.7,94.0,29.65,4.41,75.0,0.0,0.0,
2026-04-25T22:16:50,04/25/202610:16,20.5,0.0,0.0,51.79,0.0,0.0,0.0,0.8,16.0,198.7,23828.0,45078.0,17.8,19.7,94.0,29.65,4.373,75.9,0.0,0.0,
2026-04-25T22:17:01,04/25/202610:17,20.5,0.0,0.0,51.79,0.0,0.0,0.0,0.8,16.0,198.7,23828.0,45078.0,17.9,19.7,94.0,29.65,4.336,76.8,0.0,0.0,
2026-04-25T22:18:01,04/25/202610:18,20.5,0.0,0.0,51.8,0.0,0.0,0.0,0.8,16.0,198.7,23828.0,45078.0,17.8,19.7,94.0,29.65,4.299,77.7,0.0,0.0,
2026-04-25T22:19:01,04/25/202610:19,20.5,0.0,0.0,51.8,0.0,0.0,0.0,0.8,16.0,198.7,23828.0,45078.0,17.8,19.7,94.0,29.65,4.2620000000000005,78.6,0.0,0.0,
2026-04-25T22:20:01,04/25/202610:20,20.5,0.0,0.0,51.8,0.0,0.0,0.0,0.8,16.0,198.7,23828.0,45078.0,17.8,19.7,94.0,29.65,4.225,79.5,0.0,0.0,
2026-04-25T22:21:01,04/25/202610:21,20.5,0.0,0.0,51.8,0.0,0.0,0.0,0.8,16.0,198.7,23828.0,45078.0,17.9,19.7,94.0,29.65,4.188000000000001,80.4,0.0,0.0,
2026-04-25T22:22:01,04/25/202610:22,20.5,0.0,0.0,51.79,0.0,0.0,0.0,0.8,16.0,198.7,23828.0,45078.0,17.8,19.7,94.0,29.65,4.151,81.3,0.0,0.0,
2026-04-25T22:23:00,04/25/202610:23,20.5,0.0,0.0,51.79,0.0,0.0,0.0,0.8,16.0,198.7,23828.0,45078.0,17.8,19.7,94.0,29.65,4.114,82.2,0.0,0.0,
2026-04-25T22:24:01,04/25/202610:24,20.5,0.0,0.0,51.779999999999994,0.0,0.0,0.0,0.8,16.0,198.7,23828.0,45078.0,17.8,19.7,94.0,29.65,4.077,83.1,0.0,0.0,
2026-04-25T22:25:00,04/25/202610:25,20.5,0.0,0.0,51.779999999999994,0.0,0.0,0.0,0.8,16.0,198.7,23828.0,45078.0,17.8,19.7,94.0,29.65,4.04,84.0,0.0,0.0,
2026-04-25T22:26:01,04/25/202610:26,20.5,0.0,0.0,51.779999999999994,0.0,0.0,0.0,0.8,16.0,198.7,23828.0,45078.0,17.8,19.7,94.0,29.65,4.04,84.0,0.0,0.0,
2026-04-25T22:28:02,04/25/202610:28,20.5,0.0,0.0,51.779999999999994,0.0,0.0,0.0,0.8,16.0,198.7,23828.0,45078.0,17.8,19.7,94.0,29.65,4.04,84.0,0.0,0.0,
2026-04-25T22:28:51,04/25/202610:28,20.509999999999998,0.0,0.0,51.779999999999994,0.0,0.0,0.0,0.8,16.0,198.7,23828.0,45078.0,17.8,19.7,94.0,29.65,4.04,84.0,0.0,0.0,
2026-04-25T22:29:01,04/25/202610:29,20.52,0.0,0.0,51.779999999999994,0.0,0.0,0.0,0.8,16.0,198.7,23828.0,45078.0,17.8,19.7,94.0,29.65,4.04,84.0,0.0,0.0,
2026-04-25T22:29:51,04/25/202610:29,20.54,0.0,0.0,51.779999999999994,0.0,0.0,0.0,0.8,16.0,198.7,23828.0,45078.0,17.8,19.65,94.0,29.65,4.307,84.2,0.0,0.0,
2026-04-25T22:30:01,04/25/202610:30,20.56,0.0,0.0,51.779999999999994,0.0,0.0,0.0,0.8,16.0,198.7,23828.0,45078.0,17.8,19.6,94.0,29.65,4.574,84.4,0.0,0.0,
2026-04-25T22:31:01,04/25/202610:31,20.580000000000002,0.0,0.0,51.79,0.0,0.0,0.0,0.8,16.0,198.7,23828.0,45078.0,17.8,19.55,94.0,29.65,4.909000000000001,82.5,0.0,0.0,
2026-04-25T22:32:01,04/25/202610:32,20.6,0.0,0.0,51.79,0.0,0.0,0.0,0.8,16.0,198.7,23828.0,45078.0,17.8,19.509999999999998,94.1,29.65,5.338,81.1,0.0,0.0,
2026-04-25T22:32:51,04/25/202610:32,20.61,0.0,0.0,51.8,0.0,0.0,0.0,0.8,16.0,198.7,23828.0,45078.0,17.8,19.47,94.2,29.65,5.767,79.7,0.0,0.0,
2026-04-25T22:33:00,04/25/202610:33,20.619999999999997,0.0,0.0,51.8,0.0,0.0,0.0,0.8,16.0,198.7,23828.0,45078.0,17.8,19.43,94.3,29.65,6.196,78.3,0.0,0.0,
2026-04-25T22:34:01,04/25/202610:34,20.630000000000003,0.0,0.0,51.8,0.0,0.0,0.0,0.8,16.0,198.7,23828.0,45078.0,17.8,19.39,94.4,29.65,6.625,76.9,0.0,0.0,
2026-04-25T22:35:01,04/25/202610:35,20.64,0.0,0.0,51.779999999999994,0.0,0.0,0.0,0.8,16.0,198.7,23828.0,45078.0,17.8,19.35,94.5,29.65,7.054,75.5,0.0,0.0,
2026-04-25T22:36:01,04/25/202610:36,20.64,0.0,0.0,51.779999999999994,0.0,0.0,0.0,0.8,16.0,198.7,23828.0,45078.0,17.8,19.31,94.6,29.65,7.483,74.1,0.0,0.0,
2026-04-25T22:36:52,04/25/202610:36,20.65,0.0,0.0,51.779999999999994,0.0,0.0,0.0,0.8,16.0,198.7,23828.0,45078.0,17.8,19.27,94.6,29.65,7.912000000000001,72.7,0.0,0.0,
2026-04-25T22:37:01,04/25/202610:37,20.65,0.0,0.0,51.779999999999994,0.0,0.0,0.0,0.8,16.0,198.7,23828.0,45078.0,17.8,19.28,94.6,29.65,8.074,71.1,0.0,0.0,
2026-04-25T22:39:14,04/25/202610:39,20.630000000000003,0.0,0.0,51.779999999999994,0.0,0.0,0.0,0.8,16.0,198.7,23828.0,45078.0,17.8,19.29,94.6,29.65,8.236,69.5,0.0,0.0,
2026-04-25T22:39:51,04/25/202610:39,20.62,0.0,0.0,51.769999999999996,0.0,0.0,0.0,0.8,16.0,198.7,23828.0,45078.0,17.8,19.3,94.6,29.65,8.33,70.0,0.0,0.0,
2026-04-25T22:40:00,04/25/202610:40,20.610000000000003,0.0,0.0,51.760000000000005,0.0,0.0,0.0,0.8,16.0,198.7,23828.0,45078.0,17.8,19.3,94.5,29.65,8.33,70.0,0.0,0.0,
2026-04-25T22:41:01,04/25/202610:41,20.610000000000003,0.0,0.0,51.760000000000005,0.0,0.0,0.0,0.8,16.0,198.7,23828.0,45078.0,17.8,19.3,94.4,29.65,8.33,70.0,0.0,0.0,
2026-04-25T22:42:00,04/25/202610:42,20.610000000000003,0.0,0.0,51.760000000000005,0.0,0.0,0.0,0.8,16.0,198.7,23828.0,45078.0,17.8,19.3,94.3,29.65,8.33,70.0,0.0,0.0,
2026-04-25T22:43:01,04/25/202610:43,20.610000000000003,0.0,0.0,51.75,0.0,0.0,0.0,0.8,16.0,198.7,23828.0,45078.0,17.8,19.3,94.2,29.65,8.33,70.0,0.0,0.0,
2026-04-25T22:44:00,04/25/202610:44,20.610000000000003,0.0,0.0,51.760000000000005,0.0,0.0,0.0,0.8,16.0,198.7,23828.0,45078.0,17.8,19.3,94.1,29.65,8.33,70.0,0.0,0.0,
2026-04-25T22:44:51,04/25/202610:44,20.6,0.0,0.0,51.760000000000005,0.0,0.0,0.0,0.8,16.0,198.7,23828.0,45078.0,17.8,19.3,94.0,29.65,8.33,70.0,0.0,0.0,
2026-04-25T22:45:01,04/25/202610:45,20.580000000000002,0.0,0.0,51.760000000000005,0.0,0.0,0.0,0.8,16.0,198.7,23828.0,45078.0,17.8,19.3,94.0,29.65,8.33,70.0,0.0,0.0,
2026-04-25T22:46:00,04/25/202610:46,20.560000000000002,0.0,0.0,51.760000000000005,0.0,0.0,0.0,0.8,16.0,198.7,23828.0,45078.0,17.8,19.3,94.0,29.65,8.33,70.0,0.0,0.0,
2026-04-25T22:47:01,04/25/202610:47,20.560000000000002,0.0,0.0,51.75,0.0,0.0,0.0,0.8,16.0,198.7,23828.0,45078.0,17.8,19.3,94.1,29.65,8.305,69.6,0.0,0.0,
2026-04-25T22:48:00,04/25/202610:48,20.55,0.0,0.0,51.760000000000005,0.0,0.0,0.0,0.8,16.0,198.7,23828.0,45078.0,17.8,19.3,94.2,29.65,8.28,69.2,0.0,0.0,
2026-04-25T22:48:51,04/25/202610:48,20.55,0.0,0.0,51.77,0.0,0.0,0.0,0.8,16.0,198.7,23828.0,45078.0,17.8,19.3,94.3,29.65,8.254999999999999,68.8,0.0,0.0,
2026-04-25T22:50:25,04/25/202610:50,20.54,0.0,0.0,51.77,0.0,0.0,0.0,0.8,16.0,198.7,23828.0,45078.0,17.8,19.3,94.4,29.65,8.23,68.4,0.0,0.0,
2026-04-25T22:51:00,04/25/202610:51,20.53,0.0,0.0,51.77,0.0,0.0,0.0,0.8,16.0,198.7,23828.0,45078.0,17.8,19.3,94.5,29.65,8.205,68.0,0.0,0.0,
2026-04-25T22:51:51,04/25/202610:51,20.53,0.0,0.0,51.77,0.0,0.0,0.0,0.8,16.0,198.7,23828.0,45078.0,17.8,19.3,94.6,29.65,8.18,67.6,0.0,0.0,
2026-04-25T22:52:00,04/25/202610:52,20.53,0.0,0.0,51.77,0.0,0.0,0.0,0.8,16.0,198.7,23828.0,45078.0,17.8,19.3,94.7,29.65,8.155,67.2,0.0,0.0,
2026-04-25T22:53:00,04/25/202610:53,20.54,0.0,0.0,51.77,0.0,0.0,0.0,0.8,16.0,198.7,23828.0,45078.0,17.8,19.3,94.8,29.65,8.129999999999999,66.8,0.0,0.0,
2026-04-25T22:53:51,04/25/202610:53,20.54,0.0,0.0,51.760000000000005,0.0,0.0,0.0,0.8,16.0,198.7,23828.0,45078.0,17.8,19.3,94.9,29.65,8.105,66.4,0.0,0.0,
2026-04-25T22:54:00,04/25/202610:54,20.54,0.0,0.0,51.75,0.0,0.0,0.0,0.8,16.0,198.7,23828.0,45078.0,17.8,19.3,95.0,29.65,8.08,66.0,0.0,0.0,
2026-04-25T22:55:00,04/25/202610:55,20.54,0.0,0.0,51.760000000000005,0.0,0.0,0.0,0.8,16.0,198.7,23828.0,45078.0,17.8,19.3,95.0,29.65,8.08,66.0,0.0,0.0,
2026-04-25T22:55:52,04/25/202610:55,20.55,0.0,0.0,51.760000000000005,0.0,0.0,0.0,0.8,16.0,198.7,23828.0,45078.0,17.8,19.3,95.0,29.65,8.08,66.0,0.0,0.0,
2026-04-25T22:56:01,04/25/202610:56,20.55,0.0,0.0,51.760000000000005,0.0,0.0,0.0,0.8,16.0,198.7,23828.0,45078.0,17.8,19.3,95.0,29.65,8.08,66.0,0.0,0.0,
2026-04-25T22:56:51,04/25/202610:56,20.55,0.0,0.0,51.760000000000005,0.0,0.0,0.0,0.8,16.0,198.7,23828.0,45078.0,17.8,19.3,95.0,29.65,8.08,66.0,0.0,0.0,
2026-04-25T22:57:00,04/25/202610:57,20.55,0.0,0.0,51.760000000000005,0.0,0.0,0.0,0.8,16.0,198.7,23828.0,45078.0,17.8,19.3,95.0,29.65,8.08,66.0,0.0,0.0,
2026-04-25T22:58:41,04/25/202610:58,20.55,0.0,0.0,51.77,0.0,0.0,0.0,0.8,16.0,198.7,23828.0,45078.0,17.8,19.3,95.0,29.65,8.08,66.0,0.0,0.0,
2026-04-25T22:59:00,04/25/202610:59,20.55,0.0,0.0,51.779999999999994,0.0,0.0,0.0,0.8,16.0,198.7,23828.0,45078.0,17.8,19.3,95.0,29.65,8.08,66.0,0.0,0.0,
2026-04-25T22:59:41,04/25/202610:59,20.54,0.0,0.0,51.77,0.0,0.0,0.0,0.8,16.0,198.7,23828.0,45078.0,17.8,19.3,95.0,29.65,8.08,66.0,0.0,0.0,
2026-04-25T23:00:01,04/25/202611:00,20.54,0.0,0.0,51.77,0.0,0.0,0.0,0.8,16.0,198.7,23828.0,45078.0,17.8,19.3,95.0,29.65,8.08,66.0,0.0,0.0,
2026-04-25T23:01:37,04/25/202611:01,20.55,0.0,0.0,51.77,0.0,0.0,0.0,0.8,16.0,198.7,23828.0,45078.0,17.8,19.3,95.0,29.65,8.074,65.4,0.0,0.0,
2026-04-25T23:01:41,04/25/202611:01,20.55,0.0,0.0,51.760000000000005,0.0,0.0,0.0,0.8,16.0,198.7,23828.0,45078.0,17.8,19.3,95.0,29.65,8.068000000000001,64.8,0.0,0.0,
2026-04-25T23:02:42,04/25/202611:02,20.54,0.0,0.0,51.760000000000005,0.0,0.0,0.0,0.8,16.0,198.7,23828.0,45078.0,17.8,19.3,95.0,29.65,8.062000000000001,64.2,0.0,0.0,
2026-04-25T23:02:43,04/25/202611:02,20.54,0.0,0.0,51.75,0.0,0.0,0.0,0.8,16.0,198.7,23828.0,45078.0,17.8,19.3,95.0,29.65,8.056000000000001,63.6,0.0,0.0,
2026-04-25T23:03:01,04/25/202611:03,20.55,0.0,0.0,51.739999999999995,0.0,0.0,0.0,0.8,16.0,198.7,23828.0,45078.0,17.8,19.3,95.0,29.65,8.05,63.0,0.0,0.0,
2026-04-25T23:04:49,04/25/202611:04,20.560000000000002,0.0,0.0,51.73,0.0,0.0,0.0,0.8,16.0,198.7,23828.0,45078.0,17.8,19.3,95.0,29.65,8.044,62.4,0.0,0.0,
2026-04-25T23:05:01,04/25/202611:05,20.560000000000002,0.0,0.0,51.720000000000006,0.0,0.0,0.0,0.8,16.0,198.7,23828.0,45078.0,17.8,19.3,95.0,29.65,8.038,61.8,0.0,0.0,
2026-04-25T23:05:49,04/25/202611:05,20.57,0.0,0.0,51.71,0.0,0.0,0.0,0.8,16.0,198.7,23828.0,45078.0,17.8,19.3,95.0,29.65,8.032,61.2,0.0,0.0,
2026-04-25T23:06:00,04/25/202611:06,20.59,0.0,0.0,51.71,0.0,0.0,0.0,0.8,16.0,198.7,23828.0,45078.0,17.8,19.3,95.0,29.65,8.026,60.6,0.0,0.0,
2026-04-25T23:07:01,04/25/202611:07,20.61,0.0,0.0,51.71,0.0,0.0,0.0,0.8,16.0,198.7,23828.0,45078.0,17.8,19.3,95.0,29.65,8.02,60.0,0.0,0.0,
2026-04-25T23:08:00,04/25/202611:08,20.619999999999997,0.0,0.0,51.71,0.0,0.0,0.0,0.8,16.0,198.7,23828.0,45078.0,17.8,19.3,95.0,29.65,8.02,60.0,0.0,0.0,
2026-04-25T23:09:01,04/25/202611:09,20.64,0.0,0.0,51.71,0.0,0.0,0.0,0.8,16.0,198.7,23828.0,45078.0,17.8,19.3,95.0,29.65,8.02,60.0,0.0,0.0,
2026-04-25T23:10:00,04/25/202611:10,20.66,0.0,0.0,51.7,0.0,0.0,0.0,0.8,16.0,198.7,23828.0,45078.0,17.8,19.3,95.0,29.65,8.02,60.0,0.0,0.0,
2026-04-25T23:11:01,04/25/202611:11,20.669999999999998,0.0,0.0,51.7,0.0,0.0,0.0,0.8,16.0,198.7,23828.0,45078.0,17.8,19.3,95.0,29.65,8.02,60.0,0.0,0.0,
2026-04-25T23:12:50,04/25/202611:12,20.669999999999998,0.0,0.0,51.7,0.0,0.0,0.0,0.8,16.0,198.7,23828.0,45078.0,17.8,19.3,95.0,29.65,8.02,60.0,0.0,0.0,
2026-04-25T23:13:01,04/25/202611:13,20.669999999999998,0.0,0.0,51.7,0.0,0.0,0.0,0.8,16.0,198.7,23828.0,45078.0,17.8,19.3,95.0,29.65,8.02,60.0,0.0,0.0,
2026-04-25T23:14:00,04/25/202611:14,20.669999999999998,0.0,0.0,51.7,0.0,0.0,0.0,0.8,16.0,198.7,23828.0,45078.0,17.8,19.3,95.0,29.65,8.02,60.0,0.0,0.0,
2026-04-25T23:15:01,04/25/202611:15,20.66,0.0,0.0,51.7,0.0,0.0,0.0,0.8,16.0,198.7,23828.0,45078.0,17.8,19.3,95.0,29.65,8.02,60.0,0.0,0.0,
2026-04-25T23:15:49,04/25/202611:15,20.64,0.0,0.0,51.7,0.0,0.0,0.0,0.8,16.0,198.7,23828.0,45078.0,17.8,19.28,95.0,29.65,7.889,60.9,0.0,0.0,
2026-04-25T23:16:00,04/25/202611:16,20.619999999999997,0.0,0.0,51.7,0.0,0.0,0.0,0.8,16.0,198.7,23828.0,45078.0,17.8,19.26,95.0,29.65,7.758,61.8,0.0,0.0,
2026-04-25T23:17:01,04/25/202611:17,20.6,0.0,0.0,51.7,0.0,0.0,0.0,0.8,16.0,198.7,23828.0,45078.0,17.8,19.240000000000002,95.0,29.65,7.627,62.7,0.0,0.0,
2026-04-25T23:18:00,04/25/202611:18,20.580000000000002,0.0,0.0,51.7,0.0,0.0,0.0,0.8,16.0,198.7,23828.0,45078.0,17.8,19.220000000000002,95.0,29.65,7.4959999999999996,63.6,0.0,0.0,
2026-04-25T23:19:01,04/25/202611:19,20.56,0.0,0.0,51.71,0.0,0.0,0.0,0.8,16.0,198.7,23828.0,45078.0,17.8,19.2,95.0,29.65,7.364999999999999,64.5,0.0,0.0,
2026-04-25T23:20:00,04/25/202611:20,20.54,0.0,0.0,51.71,0.0,0.0,0.0,0.8,16.0,198.7,23828.0,45078.0,17.8,19.18,95.0,29.65,7.234,65.4,0.0,0.0,
2026-04-25T23:21:01,04/25/202611:21,20.53,0.0,0.0,51.71,0.0,0.0,0.0,0.8,16.0,198.7,23828.0,45078.0,17.8,19.160000000000004,95.0,29.65,7.103,66.3,0.0,0.0,
2026-04-25T23:22:00,04/25/202611:22,20.52,0.0,0.0,51.71,0.0,0.0,0.0,0.8,16.0,198.7,23828.0,45078.0,17.8,19.14,95.0,29.65,6.9719999999999995,67.2,0.0,0.0,
2026-04-25T23:24:48,04/25/202611:24,20.509999999999998,0.0,0.0,51.71,0.0,0.0,0.0,0.8,16.0,198.7,23828.0,45078.0,17.8,19.12,95.0,29.65,6.840999999999999,68.1,0.0,0.0,
2026-04-25T23:25:00,04/25/202611:25,20.5,0.0,0.0,51.71,0.0,0.0,0.0,0.8,16.0,198.7,23828.0,45078.0,17.8,19.1,95.0,29.65,6.709999999999999,69.0,0.0,0.0,
2026-04-25T23:26:01,04/25/202611:26,20.5,0.0,0.0,51.71,0.0,0.0,0.0,0.8,16.0,198.7,23828.0,45078.0,17.8,19.1,95.0,29.65,6.709999999999999,69.0,0.0,0.0,
2026-04-25T23:27:00,04/25/202611:27,20.5,0.0,0.0,51.71,0.0,0.0,0.0,0.8,16.0,198.7,23828.0,45078.0,17.8,19.1,95.0,29.65,6.709999999999999,69.0,0.0,0.0,
2026-04-25T23:27:49,04/25/202611:27,20.490000000000002,0.0,0.0,51.71,0.0,0.0,0.0,0.8,16.0,198.7,23828.0,45078.0,17.8,19.04,95.0,29.65,6.709999999999999,69.0,0.0,0.0,
2026-04-25T23:28:01,04/25/202611:28,20.48,0.0,0.0,51.71,0.0,0.0,0.0,0.8,16.0,198.7,23828.0,45078.0,17.8,18.98,95.0,29.65,6.709999999999999,69.0,0.0,0.0,
2026-04-25T23:28:49,04/25/202611:28,20.48,0.0,0.0,51.7,0.0,0.0,0.0,0.8,16.0,198.7,23828.0,45078.0,17.8,18.92,95.0,29.65,6.709999999999999,69.0,0.0,0.0,
2026-04-25T23:29:00,04/25/202611:29,20.48,0.0,0.0,51.7,0.0,0.0,0.0,0.8,16.0,198.7,23828.0,45078.0,17.8,18.860000000000003,95.0,29.65,6.709999999999999,69.0,0.0,0.0,
2026-04-25T23:29:49,04/25/202611:29,20.47,0.0,0.0,51.7,0.0,0.0,0.0,0.8,16.0,198.7,23828.0,45078.0,17.8,18.8,95.0,29.65,6.734999999999999,72.6,0.0,0.0,
2026-04-25T23:29:51,04/25/202611:29,20.47,0.0,0.0,51.7,0.0,0.0,0.0,0.8,16.0,198.7,23828.0,45078.0,17.8,18.740000000000002,95.0,29.65,6.76,76.2,0.0,0.0,
2026-04-25T23:30:01,04/25/202611:30,20.47,0.0,0.0,51.7,0.0,0.0,0.0,0.8,16.0,198.7,23828.0,45078.0,17.8,18.68,95.0,29.65,6.784999999999999,79.8,0.0,0.0,
2026-04-25T23:31:00,04/25/202611:31,20.47,0.0,0.0,51.71,0.0,0.0,0.0,0.8,16.0,198.7,23828.0,45078.0,17.8,18.64,95.0,29.653,6.767,82.7,0.0,0.0,
2026-04-25T23:32:01,04/25/202611:32,20.47,0.0,0.0,51.71,0.0,0.0,0.0,0.8,16.0,198.7,23828.0,45078.0,17.8,18.6,95.1,29.656,6.749,85.6,0.0,0.0,
2026-04-25T23:33:00,04/25/202611:33,20.47,0.0,0.0,51.71,0.0,0.0,0.0,0.8,16.0,198.7,23828.0,45078.0,17.8,18.56,95.2,29.659,6.731,88.5,0.0,0.0,
2026-04-25T23:35:12,04/25/202611:35,20.48,0.0,0.0,51.71,0.0,0.0,0.0,0.8,16.0,198.7,23828.0,45078.0,17.8,18.580000000000002,95.3,29.662,6.712999999999999,91.4,0.0,0.0,
2026-04-25T23:36:00,04/25/202611:36,20.490000000000002,0.0,0.0,51.7,0.0,0.0,0.0,0.8,16.0,198.7,23828.0,45078.0,17.8,18.6,95.4,29.665,6.695,94.3,0.0,0.0,
2026-04-25T23:37:01,04/25/202611:37,20.490000000000002,0.0,0.0,51.7,0.0,0.0,0.0,0.8,16.0,198.7,23828.0,45078.0,17.8,18.619999999999997,95.5,29.668,6.677,97.2,0.0,0.0,
2026-04-25T23:38:00,04/25/202611:38,20.490000000000002,0.0,0.0,51.7,0.0,0.0,0.0,0.8,16.0,198.7,23828.0,45078.0,17.8,18.64,95.6,29.671,6.659000000000001,100.1,0.0,0.0,
2026-04-25T23:39:01,04/25/202611:39,20.5,0.0,0.0,51.7,0.0,0.0,0.0,0.8,16.0,198.7,23828.0,45078.0,17.8,18.66,95.7,29.674,6.616,99.4,0.0,0.0,
2026-04-25T23:40:00,04/25/202611:40,20.5,0.0,0.0,51.7,0.0,0.0,0.0,0.8,16.0,198.7,23828.0,45078.0,17.8,18.68,95.8,29.677,6.573,98.7,0.0,0.0,
2026-04-25T23:41:01,04/25/202611:41,20.5,0.0,0.0,51.7,0.0,0.0,0.0,0.8,16.0,198.7,23828.0,45078.0,17.8,18.7,95.9,29.68,6.529999999999999,98.0,0.0,0.0,
2026-04-25T23:42:00,04/25/202611:42,20.5,0.0,0.0,51.69,0.0,0.0,0.0,0.8,16.0,198.7,23828.0,45078.0,17.8,18.7,96.0,29.68,6.529999999999999,98.0,0.0,0.0,
2026-04-25T23:42:24,04/25/202611:42,20.490000000000002,0.0,0.0,51.69,0.0,0.0,0.0,0.8,16.0,198.7,23828.0,45078.0,17.8,18.7,96.0,29.68,6.529999999999999,98.0,0.0,0.0,
2026-04-25T23:43:01,04/25/202611:43,20.48,0.0,0.0,51.69,0.0,0.0,0.0,0.8,16.0,198.7,23828.0,45078.0,17.8,18.7,96.0,29.68,6.529999999999999,98.0,0.0,0.0,
2026-04-25T23:43:23,04/25/202611:43,20.48,0.0,0.0,51.69,0.0,0.0,0.0,0.8,16.0,198.7,23828.0,45078.0,17.8,18.7,96.0,29.68,6.529999999999999,98.0,0.0,0.0,
2026-04-25T23:44:00,04/25/202611:44,20.48,0.0,0.0,51.7,0.0,0.0,0.0,0.8,16.0,198.7,23828.0,45078.0,17.8,18.7,96.0,29.68,6.529999999999999,98.0,0.0,0.0,
2026-04-25T23:46:23,04/25/202611:46,20.48,0.0,0.0,51.7,0.0,0.0,0.0,0.8,16.0,198.7,23828.0,45078.0,17.8,18.7,96.0,29.68,6.529999999999999,98.0,0.0,0.0,
2026-04-25T23:46:33,04/25/202611:46,20.490000000000002,0.0,0.0,51.7,0.0,0.0,0.0,0.8,16.0,198.7,23828.0,45078.0,17.8,18.729999999999997,96.1,29.68,6.511,98.0,0.0,0.0,
2026-04-25T23:47:00,04/25/202611:47,20.5,0.0,0.0,51.7,0.0,0.0,0.0,0.8,16.0,198.7,23828.0,45078.0,17.8,18.759999999999998,96.2,29.68,6.492,98.0,0.0,0.0,
2026-04-25T23:48:01,04/25/202611:48,20.509999999999998,0.0,0.0,51.7,0.0,0.0,0.0,0.8,16.0,198.7,23828.0,45078.0,17.8,18.79,96.3,29.68,6.473000000000001,98.0,0.0,0.0,
2026-04-25T23:49:00,04/25/202611:49,20.52,0.0,0.0,51.7,0.0,0.0,0.0,0.8,16.0,198.7,23828.0,45078.0,17.8,18.82,96.4,29.68,6.454000000000001,98.0,0.0,0.0,
2026-04-25T23:50:01,04/25/202611:50,20.53,0.0,0.0,51.7,0.0,0.0,0.0,0.8,16.0,198.7,23828.0,45078.0,17.8,18.85,96.5,29.68,6.435,98.0,0.0,0.0,
2026-04-25T23:51:00,04/25/202611:51,20.55,0.0,0.0,51.7,0.0,0.0,0.0,0.8,16.0,198.7,23828.0,45078.0,17.8,18.880000000000003,96.6,29.68,6.4159999999999995,98.0,0.0,0.0,
2026-04-25T23:52:01,04/25/202611:52,20.57,0.0,0.0,51.71,0.0,0.0,0.0,0.8,16.0,198.7,23828.0,45078.0,17.8,18.91,96.7,29.68,6.397,98.0,0.0,0.0,
2026-04-25T23:52:33,04/25/202611:52,20.57,0.0,0.0,51.71,0.0,0.0,0.0,0.8,16.0,198.7,23828.0,45078.0,17.8,18.94,96.8,29.68,6.378,98.0,0.0,0.0,
2026-04-25T23:53:37,04/25/202611:53,20.580000000000002,0.0,0.0,51.71,0.0,0.0,0.0,0.8,16.0,198.7,23828.0,45078.0,17.8,18.97,96.9,29.68,6.359,98.0,0.0,0.0,
2026-04-25T23:54:01,04/25/202611:54,20.59,0.0,0.0,51.71,0.0,0.0,0.0,0.8,16.0,198.7,23828.0,45078.0,17.8,19.0,97.0,29.68,6.34,98.0,0.0,0.0,
2026-04-25T23:54:37,04/25/202611:54,20.6,0.0,0.0,51.71,0.0,0.0,0.0,0.8,16.0,198.7,23828.0,45078.0,17.8,19.0,97.0,29.68,6.34,98.0,0.0,0.0,
2026-04-25T23:55:00,04/25/202611:55,20.610000000000003,0.0,0.0,51.71,0.0,0.0,0.0,0.8,16.0,198.7,23828.0,45078.0,17.8,19.0,97.0,29.68,6.34,98.0,0.0,0.0,
2026-04-25T23:55:37,04/25/202611:55,20.610000000000003,0.0,0.0,51.71,0.0,0.0,0.0,0.8,16.0,198.7,23828.0,45078.0,17.8,19.0,97.0,29.68,6.34,98.0,0.0,0.0,
2026-04-25T23:56:01,04/25/202611:56,20.610000000000003,0.0,0.0,51.71,0.0,0.0,0.0,0.8,16.0,198.7,23828.0,45078.0,17.8,19.0,97.0,29.68,6.34,98.0,0.0,0.0,
